id,player,team,position,group,overall,key,waa,war,snaps
107,Tyree Adams,Texas A&M,LT,OL,78,tyree adams,0.027544906616466653,0.08391777801125964,516.5
108,Adepoju Adebawore,Oklahoma,REDG,EDGE,84,adepoju adebawore,0.1693477535909836,0.25364589930020387,432.0
109,Omillio Agard,Virginia,CB,CB,75,omillio agard,-0.05409510034387015,-0.03186535010590787,121.0
110,Malik Agbo,West Virginia,RT,OL,79,malik agbo,0.04196911722710692,0.12088022278070873,723.0
111,Joenel Aguero,Ole Miss,FS,SAF,81,joenel aguero,0.2254970112117964,0.34987338237791593,677.0
113,Tausili Akana,BYU,REDG,EDGE,76,tausili akana,-0.0943623729073356,-0.03426091717020634,308.0
115,Roger Alderman,Utah,RG,OL,73,roger alderman,-0.01492439740045972,-0.004992294211832106,91.0
116,Bear Alexander,Oregon,DT,DT,90,bear alexander,0.40747957719209116,0.483874771741072,391.5
117,Jeremiah Alexander,Clemson,MIKE,LB,76,jeremiah alexander,0.14852885547357803,0.2392377457337995,311.5
122,Olaus Alinen,Kentucky,RG,OL,75,olaus alinen,0.01582157767754468,0.07219444907233767,516.5
127,Jordan Allen,Houston,SS,SAF,83,jordan allen,0.22791603556720313,0.3522924067333226,677.0
129,Cameron Ambrose,Arkansas State,RT,OL,68,cameron ambrose,-0.028818205284070836,-0.01888610209544322,91.0
134,Jamal Anderson,SMU,WILL,LB,74,jamal anderson,-0.020716725638713563,0.03155372637319576,179.5
137,Nic Anderson,Kentucky,WR,WR,83,nic anderson,0.21605899865822847,0.3410579306035595,558.5
141,Steve Angeli,Syracuse,QB,QB,81,steve angeli,0.23726112588385395,0.8728823416754028,697.0
146,Jackson Arnold,UNLV,QB,QB,78,jackson arnold,0.16608389895441344,0.8017051147459623,697.0
149,Isaiah Augustave,South Carolina,HB,RB,78,isaiah augustave,-0.0038344104348650666,0.03193671886477527,51.0
154,Nathan Acevedo,San Diego State,WR,WR,76,nathan acevedo,-0.012849831202462622,-0.004456885906222853,37.5
155,Alonza Barnett III,UCF,QB,QB,86,alonza barnett,1.2026425872940163,1.8382638030855651,697.0
157,DJ Bell,UCF,CB,CB,75,dj bell,-0.020686338526002837,0.02156855862053702,230.0
160,Brandon Best,East Carolina,C,OL,83,brandon best,0.22101189985914296,0.308272520730657,799.5
161,Brendan Bett,Florida,DT,DT,82,brendan bett,0.11764790435028878,0.19404309889926963,391.5
164,Ekow Taylor,UTEP,REDG,EDGE,69,ekow taylor,-0.2603491614498297,-0.20024770571270048,308.0
167,Isaiah Hastings,Syracuse,DT,DT,76,isaiah hastings,-0.014527883820648704,0.04352465865271479,297.5
170,Chris Marshall,Arkansas,WR,WR,81,chris marshall,0.09775135210344275,0.16109011260573222,283.0
173,Aydin Breland,Oregon,DT,DT,80,aydin breland,0.11651556290594903,0.17456810537931253,297.5
175,Quinton Jackson,Rice,HB,RB,84,quinton jackson,-0.08928535119961345,0.197935775235734,409.5
177,CJ Brown,Arkansas,WR,WR,79,cj brown,0.04090719176972921,0.07929092825786575,171.5
178,Keyjuan Brown,Louisville,HB,RB,87,keyjuan brown,0.12632699335317704,0.29431102212305665,239.5
180,Zabien Brown,Alabama,CB,CB,92,zabien brown,0.5951443308581049,0.716305655502205,659.5
181,EJ Caminong,California,QB,QB,66,ej caminong,-0.06588769443461648,-0.033513873544229134,35.5
182,Joe Brunner,Indiana,RG,OL,83,joe brunner,0.10494073416755184,0.17561146839432523,647.5
183,Deven Bryant,USC,WILL,LB,81,deven bryant,0.1279782112405097,0.2753255578590396,506.0
186,AJ Miller,Ohio,TE,TE,61,aj miller,-0.06826660090772874,-0.04362786684961291,74.0
187,Ryder Burton,UAB,QB,QB,73,ryder burton,-0.3319663033024004,0.3036549124891485,697.0
190,Jayden Moore,Duke,WR,WR,76,jayden moore,-0.05377987391874341,0.009558886583546054,283.0
192,Roger Carreon,Boise State,RG,OL,86,roger carreon,0.2867535700885879,0.3740141909601019,799.5
203,Jahleel Culbreath,UCF,SAM,LB,69,jahleel culbreath,-0.034442082301552206,-0.012310860279796729,76.0
278,Harper Holloman,West Virginia,REDG,EDGE,83,harper holloman,0.2758505193627406,0.37839374984930363,525.5
281,Oumar Diomande,Colorado State,WILL,LB,84,oumar diomande,0.2797653777815594,0.47035596742944047,654.5
287,BJ Allen Jr.,North Texas,CB,CB,73,bj allen,0.0009177451691424678,0.04317264231568233,230.0
288,Julian Armella,UCLA,RG,OL,72,julian armella,-0.0006112724269128759,0.009320830761714739,91.0
294,Major Everhart,TCU,WR,WR,78,major everhart,-0.03365183289462442,-0.00959205637873708,107.5
295,Nick Evers,Missouri,QB,QB,72,nick evers,-0.11217003807039098,-0.018240360557436136,103.0
299,Baron Tipton,North Texas,WR,WR,77,baron tipton,-0.05510616737899026,0.035761453694965646,406.0
307,Chasen Johnson,USC,CB,CB,80,chasen johnson,0.01432350902339537,0.05657840616993523,230.0
315,Whit Hafer,Missouri,RT,OL,65,whit hafer,-0.033370082632675505,-0.023437979444047886,91.0
320,Knijeah Harris,Florida,LG,OL,81,knijeah harris,0.20830622536283183,0.28721733091643364,723.0
326,Brandon Henderson,Illinois,RG,OL,80,brandon henderson,0.09035542963189036,0.17510573870847654,776.5
329,Joseph Himon II,Northwestern,HB,RB,81,joseph himon,-0.07022771147750362,0.09775631729237601,239.5
331,Gavin Hoffman,Missouri,TE,TE,73,gavin hoffman,-0.009592805514211222,0.0150459285439046,74.0
338,Jackson Ford,San Diego State,TE,TE,69,jackson ford,-0.12248893354305133,-0.032424371884668506,270.5
339,Ishmael Ibraheem,Southern Miss,CB,CB,71,ishmael ibraheem,-0.16396262646087506,-0.09516063088966126,374.5
342,Ashton Gray,East Carolina,HB,RB,77,ashton gray,-0.44704473533893985,-0.15982360890359248,409.5
345,Joe Jackson,Kansas State,HB,RB,85,joe jackson,0.340199032132943,0.6274201585682904,409.5
346,Zycarl Lewis Jr.,Tulane,WR,WR,77,zycarl lewis,-0.016044127779071198,0.047294632723218266,283.0
347,R.J. Jackson Jr.,UCF,DT,DT,79,r j jackson,0.0948563781954044,0.17125157274438527,391.5
350,Marcellus Barnes Jr.,SMU,CB,CB,73,marcellus barnes,-0.017640364660488968,-0.011026554672334904,36.0
351,Carlon Jones,Arkansas,DT,DT,75,carlon jones,0.0034839592353273145,0.04465735910719184,211.0
357,Michael Kilbane,Northwestern,LEDG,EDGE,82,michael kilbane,0.3167597905716444,0.41930302105820744,525.5
358,Cam'ron Lacy,Middle Tennessee,WR,WR,81,camron lacy,0.09232289997730203,0.21732183192263302,558.5
360,Mike Wright III,Bowling Green,FS,SAF,70,mike wright,-0.16662554975562324,-0.098558421960871,370.5
369,Benedict Umeh,Stanford,DT,DT,73,benedict umeh,-0.12979136299061517,-0.05339616844163431,391.5
370,Champ Lewis,Southern Miss,CB,CB,69,champ lewis,-0.022838702949305217,-0.01622489296115115,36.0
376,Zach Lutmer,Iowa,SS,SAF,88,zach lutmer,0.5048438946726849,0.6292202658388043,677.0
384,Jake Johnson,Auburn,TE,TE,82,jake johnson,0.12879988042527832,0.21886444208366118,270.5
386,Colby McCalister,Baylor,SS,SAF,80,colby mccalister,0.09476701564761404,0.20306815420363683,589.5
388,Jahlil McClain,Fresno State,WR,WR,77,jahlil mcclain,-0.02439935617160622,0.03893940433068325,283.0
392,Matthew McCoy,Miami,RT,OL,83,matthew mccoy,0.19251590836827892,0.27142701392188073,723.0
395,Tucker McDonald,UConn,QB,QB,67,tucker mcdonald,-0.05146360330924366,-0.019089782418856314,35.5
397,Jelani McLaughlin,San Diego State,SS,SAF,63,jelani mclaughlin,-0.024575779229278175,-0.017594535352893327,38.0
398,Xavier Leonard,Buffalo,FS,SAF,63,xavier leonard,-0.03217437732740091,-0.025193133451016064,38.0
399,Adrian Maddox,Kansas State,SS,SAF,80,adrian maddox,0.29362687973835394,0.41800325090447343,677.0
400,Jack Moran,Colorado State,DT,DT,61,jack moran,-0.1540486175870861,-0.13102273519428984,118.0
401,Tevis Metcalf,Tennessee,CB,CB,70,tevis metcalf,-0.021297989665263,-0.014684179677108935,36.0
405,Andrew Hines III,Bowling Green,MIKE,LB,71,andrew hines,-0.11627630001230567,-0.025567409752084196,311.5
407,Austin Mitchell,Ohio,DT,DT,75,austin mitchell,-0.07985898545410218,-0.0034637909051213234,391.5
410,Brandon Miyazono,SMU,MIKE,LB,74,brandon miyazono,0.0021600626935639106,0.09286895295378537,311.5
411,Luke Moga,New Mexico,QB,QB,70,luke moga,-0.16379580481953468,-0.06986612730657983,103.0
414,Micah Sahakian,Duke,LG,OL,74,micah sahakian,-0.02864380475100778,0.02772906664378521,516.5
416,Chance Morrow,Buffalo,WR,WR,74,chance morrow,-0.04820029253751323,0.015138467964776234,283.0
418,Jacarius Clayton,Marshall,LEDG,EDGE,68,jacarius clayton,-0.18532890252964518,-0.1252274467925159,308.0
493,Tyree Patterson,Middle Tennessee,WR,WR,70,tyree patterson,-0.14770500703366013,-0.10932127054552357,171.5
496,Jacarrius Peak,South Carolina,LT,OL,88,jacarrius peak,0.2985371214057568,0.3857977422772708,799.5
497,Benjamin Perry,Louisville,SAM,LB,72,benjamin perry,-0.07540221198379508,-0.023131759971885754,179.5
499,Mose Phillips III,Oklahoma State,FS,SAF,76,mose phillips,0.02494031781086062,0.09300744560561287,370.5
500,Troy Pikes,South Carolina,DT,DT,80,troy pikes,0.03611115903568202,0.09416370150904552,297.5
501,Corey Platt Jr.,Texas Tech,WILL,LB,77,corey platt,-0.005852890852213939,0.046417561159695385,179.5
506,Stanton Ramil,Auburn,LT,OL,81,stanton ramil,0.06418250529258532,0.1489328143691715,776.5
507,Jacob Schuster,Oregon State,DT,DT,82,jacob schuster,0.14071523621530554,0.2329163330847652,472.5
508,Traylon Ray,Ole Miss,WR,WR,76,traylon ray,-0.004182623474452503,0.004210321821787266,37.5
509,Michael Richard,Michigan State,SS,SAF,78,michael richard,0.01063862030809282,0.11893975886411563,589.5
514,Legend Journey,California,REDG,EDGE,66,legend journey,-0.019115699133183305,-0.011895719060865827,37.0
515,Fabian Rogosch,Troy,TE,TE,58,fabian rogosch,-0.11579399883360532,-0.0911552647754895,74.0
520,Dylan Frazier,Sam Houston,DT,DT,75,dylan frazier,-0.012237472412734502,0.06415772213624636,391.5
521,Patrick Screws Jr.,Troy,LG,OL,70,patrick screws,-0.022463327927834873,-0.012531224739207262,91.0
526,Eric Singleton Jr.,Florida,WR,WR,90,eric singleton,0.47842068130799575,0.6034196132533267,558.5
528,Chase Smith,Miami,MIKE,LB,74,chase smith,0.013469298688972378,0.10417818894919384,311.5
529,Lance Robinson,Louisville,RG,OL,87,lance robinson,0.28154205716658187,0.36880267803809597,799.5
530,Robert Stafford III,UCLA,CB,CB,76,robert stafford,-0.016668447949473506,0.00556130228848877,121.0
531,Gage Stanaland,Georgia State,RG,OL,71,gage stanaland,-0.11412374628239652,-0.04345301205562313,647.5
532,Jason Steele,Boise State,C,OL,75,jason steele,0.038880774277434416,0.11779187983103623,723.0
538,Charlie Symonds,Stanford,LT,OL,70,charlie symonds,-0.025951651117875934,-0.01601954792924832,91.0
539,Tasi Tadio,Hawai'i,MIKE,LB,64,tasi tadio,-0.018037572740276772,-0.009010363757718617,31.0
543,Kevis Thomas,Kentucky,CB,CB,71,kevis thomas,-0.019416322069690913,-0.012802512081536847,36.0
544,TJ Thompson,Troy,MIKE,LB,71,tj thompson,-0.045496744277811856,-0.023365522256056377,76.0
548,Darrion Dupree,Wisconsin,HB,RB,80,darrion dupree,-0.01611997215287052,0.06945018028940637,122.0
550,Zion Turner,Marshall,QB,QB,73,zion turner,-0.0929287354425932,0.0010009420703616552,103.0
552,Cam Vaughn,Miami,WR,WR,86,cam vaughn,0.2245993497309201,0.2879381102332096,283.0
553,Kash Dillon,Utah,LEDG,EDGE,73,kash dillon,-0.12298587966768591,-0.0800562684268793,220.0
554,Eli Wallace,Sam Houston,WILL,LB,60,eli wallace,-0.03730323221445816,-0.028276023231900003,31.0
555,Terrell Washington Jr.,New Mexico State,HB,RB,75,terrell washington,-0.06419690677339233,-0.028425777473752002,51.0
556,Landyn Watson,Kansas,MIKE,LB,72,landyn watson,-0.027293600811577893,0.06341528944864358,311.5
559,Gannon Weathersby,James Madison,WILL,LB,80,gannon weathersby,0.3333416089652479,0.523932198613129,654.5
630,Taeo Todd,Georgia Southern,HB,RB,71,taeo todd,-0.09677183879669803,-0.061000709497057694,51.0
632,Rashid Williams,Washington,WR,WR,77,rashid williams,0.012737326542215991,0.07607608704450546,283.0
634,Tito Williams Jr.,Northwestern,FS,SAF,71,tito williams,-0.17928609452722177,-0.11121896673246952,370.5
635,Eugene Wilson III,LSU,WR,WR,85,eugene wilson,0.08814542137098144,0.12652915785911797,171.5
637,Clive Wilson Jr.,Boston College,LEDG,EDGE,71,clive wilson,-0.0250330671396275,-0.0024950212382040256,115.5
639,Daniel Wingate,Maryland,MIKE,LB,89,daniel wingate,0.3947473418973793,0.5853379315452604,654.5
643,Alex Woods,SMU,RG,OL,72,alex woods,-0.011362376468960612,-0.0014302732803329991,91.0
644,Caleb Woodson,Alabama,WILL,LB,83,caleb woodson,0.3315026330516008,0.5220932226994819,654.5
646,Sire Gaines,Boise State,HB,RB,85,sire gaines,0.03370574514896799,0.20168977391884765,239.5
648,Jaden Yates,Houston,WILL,LB,73,jaden yates,-0.031387544304216704,0.059321345956004766,311.5
651,Preston Zinter,Rice,TE,TE,69,preston zinter,-0.08445986788222172,-0.03251875284078837,156.0
653,Jide Abasiri,USC,DT,DT,87,jide abasiri,0.3261274446770982,0.4183285415465579,472.5
654,Sayed Abuhamdeh,Kent State,MIKE,LB,64,sayed abuhamdeh,-0.019542579077774794,-0.010515370095216638,31.0
655,Cole Adams,Vanderbilt,WR,WR,83,cole adams,0.13053543230974293,0.22140305338369884,406.0
658,Ore Adeyi,Northwestern,CB,CB,79,ore adeyi,0.02114162504605492,0.06339652219259478,230.0
660,Darren Agu,New Mexico,REDG,EDGE,77,darren agu,0.016685695239106766,0.11922892572566984,525.5
661,Popo Aguirre,NC State,MIKE,LB,77,popo aguirre,0.19173458108242095,0.33908192770095086,506.0
663,Jonathan Akins,East Carolina,CB,CB,68,jonathan akins,-0.058894244402882795,-0.03666449416492052,121.0
665,Jordan Allen,Kansas State,REDG,EDGE,78,jordan allen,0.10248805653734926,0.16258951227447851,308.0
666,Kevin Allen,SMU,DT,DT,74,kevin allen,-0.012818467027929183,0.010207415364867092,118.0
668,Blesyng Alualu-Tuiolemotu,UNLV,MIKE,LB,77,blesyng alualu tuiolemotu,0.08529934182737638,0.2758899314752574,654.5
669,Kejuan Bullard Jr.,San José State,CB,CB,68,kejuan bullard,-0.07843464604050039,-0.036179748893960535,230.0
674,Sultan Badmus,Arkansas State,LEDG,EDGE,68,sultan badmus,-0.14792633929070156,-0.06362819358148131,432.0
676,Austin Anderson,Liberty,RT,OL,70,austin anderson,-0.018683175066935908,-0.008751071878308293,91.0
677,Markee Anderson,South Carolina,RG,OL,72,markee anderson,-0.005243064580889291,0.004689038607738322,91.0
678,James McNeil Jr.,Buffalo,HB,RB,66,james mcneil,-0.053246245965690116,-0.03430858927764523,27.0
682,Wyatt Sullivan,South Florida,TE,TE,77,wyatt sullivan,0.04314176764454041,0.13320632930292325,270.5
684,Frankie Arthur Jr.,UTSA,HB,RB,75,frankie arthur,-0.034679976068754906,-0.015742319380710024,27.0
685,Daylen Austin,Arizona,FS,SAF,78,daylen austin,0.06435708216804732,0.1726582207240701,589.5
689,Aliou Bah,LSU,RG,OL,76,aliou bah,-0.029611960143002637,0.04929914541059917,723.0
693,Blake Baker,Louisiana Tech,QB,QB,75,blake baker,-0.16065140473988532,0.4749698110516635,697.0
700,Ashlynd Barker,Florida State,SS,SAF,81,ashlynd barker,0.2668886203503909,0.3912649915165104,677.0
705,D'Andre Barnes,Utah State,FS,SAF,70,dandre barnes,-0.08213756317406616,-0.04447558963041106,205.0
707,Jovantae Barnes,Kentucky,HB,RB,81,jovantae barnes,0.020779100814284416,0.18876312958416405,239.5
708,Khalil Barnes,Georgia,SS,SAF,87,khalil barnes,0.2290714186290423,0.29713854642379456,370.5
718,Beau Barton,Rice,MIKE,LB,66,beau barton,-0.32028377762288607,-0.22957488736266463,311.5
720,Tyderick Brown,Florida International,CB,CB,67,tyderick brown,-0.08867716415193357,-0.06644741391397128,121.0
723,Joshua Bates,SMU,C,OL,84,joshua bates,0.2941011390794761,0.3730122446330779,723.0
725,CJ Baxter,Kentucky,HB,RB,85,cj baxter,0.4074533311683369,0.6946744576036843,409.5
730,Anthony Beavers,Wyoming,WILL,LB,71,anthony beavers,-0.01978818285453884,0.12755916376399107,506.0
733,Donte Lee Jr.,Texas Tech,WR,WR,81,donte lee,0.05371954321818398,0.07777931973407132,107.5
734,Ashton Beers,Minnesota,C,OL,86,ashton beers,0.2537037477543944,0.33845405683098057,776.5
736,Leon Bell,Colorado,RT,OL,75,leon bell,-0.026351940434754403,0.030020930960038585,516.5
738,Nicholas Bell,Navy,CB,CB,74,nicholas bell,0.02093851577564334,0.11941079782149276,536.0
739,TJ Pride,New Mexico State,WR,WR,77,tj pride,-0.07841753763578174,0.012450083438174163,406.0
741,Ty Benefield,LSU,FS,SAF,89,ty benefield,0.5641776852645674,0.6885540564306869,677.0
742,Champ Westbrooks,Arizona State,LT,OL,69,champ westbrooks,-0.023554792296304024,-0.013622689107676413,91.0
743,Devin Henderson,App State,SS,SAF,65,devin henderson,-0.024987496884168806,-0.01800625300778396,38.0
745,King Large,Missouri State,RT,OL,69,king large,-0.17761662268420692,-0.09286631360762072,776.5
747,Francis Brewu,Notre Dame,DT,DT,87,francis brewu,0.29784184447046097,0.3900429413399206,472.5
750,Zeke Berry,Michigan,CB,CB,82,zeke berry,0.09059793375940121,0.15939992933061503,374.5
752,Charles Lester III,Florida State,CB,CB,75,charles lester,-0.00038797222915117085,0.006225837759002894,36.0
754,Rob Billings IV,Jacksonville State,SS,SAF,72,rob billings,-0.02698635553623793,0.04108077225851432,370.5
755,Alex Birchmeier,Liberty,RG,OL,77,alex birchmeier,0.09679497120572678,0.17570607675932856,723.0
756,David Bird,California,TE,TE,57,david bird,-0.02135189322714758,-0.016690511108044585,14.0
758,DeSean Bishop,Tennessee,HB,RB,90,desean bishop,0.7178839386963496,1.005105065131697,409.5
761,Larry Edwards,Southern Miss,RG,OL,65,larry edwards,-0.03108832097527556,-0.021156217786647946,91.0
763,Dylan Black,USC,TE,TE,59,dylan black,-0.012222814798607953,-0.00756143267950496,14.0
838,Jaray Bledsoe,Mississippi State,DT,DT,80,jaray bledsoe,0.14722696757101703,0.2236221621199979,391.5
912,Drew Bobo,Georgia,C,OL,89,drew bobo,0.39952857590021396,0.4842788849768001,776.5
915,Keylen Adams,Virginia Tech,WR,WR,69,keylen adams,-0.02355511290736938,-0.015162167611129611,37.5
917,KJ Bolden,Georgia,FS,SAF,95,kj bolden,0.6700572814594837,0.7944336526256033,677.0
918,Thomas Gotkowski,Miami (OH),QB,QB,71,thomas gotkowski,-0.7977808571786249,-0.16215964138707598,697.0
921,Jayden Bonsu,Pittsburgh,WILL,LB,72,jayden bonsu,-0.08015089342472118,-0.027880441412811853,179.5
923,Canon Boone,Mississippi State,C,OL,78,canon boone,0.10370359500456505,0.1884539040811512,776.5
924,Justus Boone,Wisconsin,REDG,EDGE,74,justus boone,0.001624505173457618,0.04455411641426424,220.0
927,Bo Bordelon,LSU,LG,OL,76,bo bordelon,-0.06613539122125478,0.004535343005518611,647.5
929,Joseph Borjon,San Diego State,LT,OL,82,joseph borjon,0.06182120799456067,0.14657151707114685,776.5
932,Tristan Bounds,Arizona,RT,OL,84,tristan bounds,0.18010426246343858,0.26736488333495256,799.5
934,Peyton Bowen,Oklahoma,SS,SAF,87,peyton bowen,0.43964711373028237,0.5640234848964019,677.0
935,Chase Tyler,Wake Forest,WR,WR,72,chase tyler,-0.016133045759213142,-0.007740100462973374,37.5
940,Austin Boyd,UNLV,RT,OL,82,austin boyd,0.08880657889954036,0.1760671997710544,799.5
945,Chandavian Bradley,Coastal Carolina,LEDG,EDGE,77,chandavian bradley,-0.020630548525460826,0.03947090721166843,308.0
946,Keontez Bradley,Buffalo,CB,CB,76,keontez bradley,0.04139086537624922,0.13986314742209863,536.0
951,Zion Branch,Georgia,FS,SAF,80,zion branch,0.0524857038007317,0.09014767734438679,205.0
952,Cameron Brandt,Michigan,LEDG,EDGE,79,cameron brandt,0.11927019924550264,0.17937165498263188,308.0
953,Kobe Branham,Arkansas,RG,OL,82,kobe branham,0.21220247003620932,0.2969527791127955,776.5
954,Christian Brathwaite,Houston,WILL,LB,70,christian brathwaite,-0.04968848508688151,-0.027557263065126035,76.0
960,Semaj Bridgeman,Kent State,WILL,LB,72,semaj bridgeman,-0.0809074594380144,0.06643988718051548,506.0
965,Josh Johnson,Air Force,QB,QB,71,josh johnson,-0.10152488724406628,-0.00759520973111143,103.0
968,Chris Brooks Jr.,Wisconsin,WR,WR,78,chris brooks,-0.05118410046627544,0.07381483147905553,558.5
971,Dylan Brooks,Missouri State,LEDG,EDGE,75,dylan brooks,-0.12237387161281375,-0.03807572590359348,432.0
974,Kavion Broussard,Arkansas,RT,OL,74,kavion broussard,-0.0039580120903682904,0.0059740910982593225,91.0
975,Jackson Brousseau,California,QB,QB,75,jackson brousseau,-0.03778318194506037,0.05614649556789448,103.0
981,Donovan Brown,San Diego State,WR,WR,80,donovan brown,0.08190277756355582,0.17277039863751173,406.0
984,Jackson Brown,UNLV,LG,OL,74,jackson brown,-0.021952114181014212,0.03442075721377878,516.5
985,Jamarious Brown,Ole Miss,DT,DT,89,jamarious brown,0.34310624263532186,0.4195014371843027,391.5
986,Jaylan Brown,UTEP,WR,WR,72,jaylan brown,-0.0385434042607383,-0.0001596677726017538,171.5
987,Jyaire Brown,Southern Miss,CB,CB,73,jyaire brown,-0.2842350858492699,-0.1630737612051697,659.5
988,Kaleb Brown,UAB,WR,WR,79,kaleb brown,0.01692505119339931,0.10779267226735521,406.0
989,Kyson Brown,Arizona State,HB,RB,81,kyson brown,-0.045707968083924015,0.2415131583514234,409.5
992,Marshaun Brown,Nevada,WR,WR,74,marshaun brown,-0.0577975578248486,0.06720137412048237,558.5
994,Prophet Brown,USC,CB,CB,80,prophet brown,0.002385094349175344,0.024614844587137617,121.0
998,Tyler Brown,James Madison,LG,OL,79,tyler brown,-0.0021145908999402746,0.0826357181766459,776.5
1000,Dylan Brown-Turner,UTEP,WILL,LB,63,dylan brown turner,-0.06654399669411941,-0.044412774672363924,76.0
1003,Aaron Bryant,Vanderbilt,DT,DT,79,aaron bryant,0.06115081544182477,0.10232421531368929,211.0
1007,Malik Bryant,Missouri,REDG,EDGE,80,malik bryant,0.003468613846709966,0.08776675955593023,432.0
1009,Ty Bryant,Kentucky,SS,SAF,87,ty bryant,0.45288998507138434,0.5772663562375039,677.0
1016,Brody Bujnoch,Air Force,SAM,LB,72,brody bujnoch,-0.0034468624519501012,0.018684359569805378,76.0
1019,Vic Burley,Clemson,DT,DT,85,vic burley,0.23384297163705495,0.3260440685065146,472.5
1020,Josh Burnham,Indiana,LEDG,EDGE,84,josh burnham,0.14881278741679868,0.20891424315392793,308.0
1024,Stonka Burnside,Memphis,WR,WR,71,stonka burnside,-0.024211727255941003,-0.015818781959701236,37.5
1030,Jordon Johnson-Rubell,Texas,FS,SAF,76,jordon johnson rubell,-0.027766807978669546,-0.009486972039188173,99.5
1032,Gabe Williams,Virginia Tech,SAM,LB,72,gabe williams,-0.2221338409693366,-0.13142495070911517,311.5
1040,Josh Ford,Alabama,TE,TE,77,josh ford,0.016630583069982066,0.06857169811141542,156.0
1041,Fisher Camac,Virginia,LEDG,EDGE,87,fisher camac,0.41711375041281173,0.5196569808993748,525.5
1044,Keyshawn Campbell,Troy,MIKE,LB,62,keyshawn campbell,-0.033235857772673856,-0.0242086487901157,31.0
1045,Nick Campbell,App State,DT,DT,74,nick campbell,-0.019345318382098055,0.0728557784873616,472.5
1047,Mario Sanders II,Southern Miss,WR,WR,78,mario sanders,-0.0049324981554786955,0.08593512291847721,406.0
1050,Jaden Carrillo,Fresno State,FS,SAF,66,jaden carrillo,-0.06694641399169075,-0.048666578052209385,99.5
1057,Kyron Chambers,UNLV,CB,CB,76,kyron chambers,0.02548949093090072,0.06774438807744058,230.0
1060,Sebastian Cheeks,Wisconsin,REDG,EDGE,75,sebastian cheeks,-0.05480441652998349,0.02949372917923677,432.0
1061,Tyler Cherry,Indiana,QB,QB,70,tyler cherry,-0.031937702019375486,0.00043611887101186386,35.5
1064,Juice Clarke,Illinois,CB,CB,82,juice clarke,0.2414187148364544,0.33989099688230384,536.0
1065,Caleb Clark-Glover,Marshall,CB,CB,67,caleb clark glover,-0.17268103708539798,-0.10387904151418415,374.5
1066,Hudson Clement,Illinois,WR,WR,83,hudson clement,0.16749002264498106,0.23082878314727054,283.0
1067,Calvin Clements,Kansas,LT,OL,73,calvin clements,-0.029467066851222218,0.04120366737555118,647.5
1069,Ty Clemons,Troy,DT,DT,75,ty clemons,-0.08498260355140752,-0.008587409002426659,391.5
1073,Anthony Colandrea,Nebraska,QB,QB,87,anthony colandrea,1.1276693923916332,1.7632906081831818,697.0
1075,Matthew Coleman,Sacramento State,WR,WR,76,matthew coleman,0.05648995219772664,0.18148888414305764,558.5
1081,Ed Conoran,Central Michigan,FS,SAF,69,ed conoran,-0.16310800713753268,-0.09504087934278042,370.5
1090,Kaleb Cost,North Carolina,CB,CB,86,kaleb cost,0.31365127771055246,0.43481260235465263,659.5
1091,Keyon Cox,UAB,LT,OL,74,keyon cox,-0.02793009748787321,0.04274063673890019,647.5
1094,Cohen Fuller,UNLV,DT,DT,79,cohen fuller,0.029742622436087298,0.10613781698506816,391.5
1097,Bam Crouch,Kansas,WILL,LB,79,bam crouch,0.24977783038929477,0.3971251770078246,506.0
1099,Joe Cruz,Syracuse,LG,OL,76,joe cruz,-0.03908183202182631,0.0398292735317755,723.0
1100,Jalen McNair,Virginia,FS,SAF,74,jalen mcnair,-0.0024760348537965216,0.004505209022588325,38.0
1104,Josh Dallas,Georgia Southern,WR,WR,83,josh dallas,0.2359603463794922,0.3609592783248232,558.5
1107,Landon Danley,Virginia,MIKE,LB,70,landon danley,-0.22669004820788868,-0.13598115794766724,311.5
1108,Eli Anders,Georgia Southern,REDG,EDGE,71,eli anders,-0.0588624501595285,0.0012390055776007646,308.0
1109,Russell Davis II,Washington,REDG,EDGE,77,russell davis,-0.11625380649755615,-0.05615235076042689,308.0
1112,Franklin Baret Jr.,Jacksonville State,WR,WR,68,franklin baret,-0.024717984359664383,-0.016325039063424612,37.5
1113,Vernon Woodward III,Jacksonville State,CB,CB,69,vernon woodward,-0.055334512976476145,-0.03310476273851387,121.0
1125,Kemori Dixon,Boston College,WILL,LB,67,kemori dixon,-0.0574973332268931,-0.03536611120513762,76.0
1128,Tyler Dikos,Miami (OH),MIKE,LB,56,tyler dikos,-0.04307324241886347,-0.034046033436305315,31.0
1130,Shaikh Thompson,Coastal Carolina,DT,DT,62,shaikh thompson,-0.05528609361813711,-0.04728557515962315,41.0
1132,Jamie Tremble,Syracuse,TE,TE,70,jamie tremble,-0.001288030374862189,0.011197814587020828,37.5
1140,Ransom McDermott,Temple,RT,OL,65,ransom mcdermott,-0.0325352586748414,-0.022603155486213788,91.0
1146,Luke Duncan,Nevada,QB,QB,69,luke duncan,-0.044947079224198494,-0.012573258333811142,35.5
1147,Avery Dunn,UConn,REDG,EDGE,75,avery dunn,-0.0026528048019058815,0.05744865093522338,308.0
1151,Landen Thomas,UNLV,REDG,EDGE,76,landen thomas,-0.031506211334537904,0.07103701915202518,525.5
1153,Timir Hickman-Collins,North Carolina,MIKE,LB,68,timir hickman collins,-0.02039589675679544,-0.011368687774237283,31.0
1160,Raleek Brown,Texas,HB,RB,88,raleek brown,0.18859608133416111,0.3565801101040407,239.5
1164,Coy Eakin,Texas Tech,WR,WR,87,coy eakin,0.3945617406863156,0.5195606726316466,558.5
1166,Gael Ochoa,Rice,QB,QB,70,gael ochoa,-0.06245003825114951,0.03147963926180534,103.0
1172,Christian Ellis,Virginia,SS,SAF,82,christian ellis,0.09352570381100361,0.1311876773546587,205.0
1175,Andre Jordan Jr.,Auburn,CB,CB,82,andre jordan,0.10686433981267433,0.20533662185852372,536.0
1184,Ondre Evans,NC State,CB,CB,76,ondre evans,-0.07098058108325239,-0.002178585512038589,374.5
1186,Elhadj Fall,Virginia Tech,DT,DT,80,elhadj fall,0.10880676992875933,0.18520196447774018,391.5
1187,Cam Fancher,Michigan State,QB,QB,72,cam fancher,-0.07143040063112105,0.0224992768818338,103.0
1190,Pat Farrell,Illinois,LEDG,EDGE,71,pat farrell,-0.07661079414876709,0.025932436337795992,525.5
1192,Antonio Ferguson,UAB,TE,TE,75,antonio ferguson,-0.01196781538208451,0.07809674627629831,270.5
1193,Jacob Hammonds,Georgia Southern,WILL,LB,65,jacob hammonds,-0.02632250037831134,-0.01729529139575318,31.0
1194,Miles Burris,Akron,WR,WR,75,miles burris,-0.0020486199350655348,0.06129014056722393,283.0
1196,Ethan Fields,Alabama,RG,OL,78,ethan fields,0.07049693965475926,0.15524724873134546,776.5
1197,Rodney Fields Jr.,Kansas State,HB,RB,81,rodney fields,-0.056841225722523744,0.02872892671975314,122.0
1206,Sione Fotu,Houston,MIKE,LB,81,sione fotu,0.22511388959023365,0.4157044792381147,654.5
1209,Trent Fraley,Michigan State,C,OL,75,trent fraley,0.0039051846578166175,0.013837287846444231,91.0
1211,Josiah Freeman,Fresno State,WR,WR,82,josiah freeman,0.25138404619151405,0.37638297813684507,558.5
1213,Jack Fries,Ohio,MIKE,LB,79,jack fries,0.05967609430716529,0.15038498456738678,311.5
1214,Rayne Fry,Navy,TE,TE,60,rayne fry,-0.19393790529307647,-0.10387334363469364,270.5
1223,Aidan Armenta,UL Monroe,QB,QB,73,aidan armenta,-0.667016465167183,-0.0313952493756342,697.0
1224,Isaiah Garcia,Utah,RT,OL,72,isaiah garcia,-0.010757522349302464,-0.0008254191606748519,91.0
1227,Jaire Rawlison,West Virginia,CB,CB,73,jaire rawlison,-0.1985394290166505,-0.10006714697080107,536.0
1230,Chase Farrell,Northwestern,WR,WR,71,chase farrell,-0.026988044471799366,-0.0185950991755596,37.5
1233,Ian Geffrard,Texas,DT,DT,87,ian geffrard,0.2354162456437494,0.32761734251320906,472.5
1234,Darius Washington,Houston,LEDG,EDGE,70,darius washington,0.00046991569749219747,0.043399526938298814,220.0
1236,Terrance Gibbs,Georgia Southern,HB,RB,74,terrance gibbs,-0.1016712301900361,-0.016101077747759214,122.0
1238,Jerrick Gibson,Purdue,HB,RB,83,jerrick gibson,0.015338208376496996,0.18332223714637663,239.5
1240,Micah Gifford,Baylor,FS,SAF,71,micah gifford,-0.027637157647063815,-0.020655913770678967,38.0
1245,Jaron Glover,South Florida,WR,WR,74,jaron glover,-0.007699525418678397,0.0006934198775613732,37.5
1246,Aiden Gobaira,UCLA,REDG,EDGE,79,aiden gobaira,0.16432825192766207,0.2486263976368823,432.0
1251,Willie Goodwyn,Tulsa,CB,CB,69,willie goodwyn,-0.018843837611582058,-0.012230027623427992,36.0
1328,AJ Green,Louisville,LEDG,EDGE,79,aj green,-0.017960955898267364,0.0421404998388619,308.0
1330,Dennis Rahouski,Northwestern,LG,OL,66,dennis rahouski,-0.017931283709561877,-0.007999180520934266,91.0
1334,Jake Griffin,Arizona,LT,OL,75,jake griffin,-0.027912235417111436,0.05099887013649037,723.0
1335,Keshon Griffin,Rutgers,DT,DT,75,keshon griffin,-0.028369580022944943,-0.005343697630148666,118.0
1342,Sione Hala,San Diego State,WILL,LB,73,sione hala,0.027308590467951487,0.11801748072817296,311.5
1345,Kyran Duhon,Tulsa,LEDG,EDGE,83,kyran duhon,0.2110660155822733,0.3136092460688364,525.5
1346,Tyler Hallum,Kennesaw State,CB,CB,74,tyler hallum,-0.06731222887084026,0.0014897667003735465,374.5
1348,Jaren Hamilton,Arizona State,WR,WR,75,jaren hamilton,-0.010375403505668743,-0.001982458209428973,37.5
1353,Hayden Hansen,Oklahoma,TE,TE,85,hayden hansen,0.1359582179105937,0.22602277956897654,270.5
1361,Brandon Tennison,UTSA,QB,QB,71,brandon tennison,-0.12534868992097828,-0.03141901240802344,103.0
1363,Michael Harris,South Florida,MIKE,LB,69,michael harris,-0.17730607280870678,-0.08659718254848531,311.5
1364,Simeon Harris,Fresno State,CB,CB,89,simeon harris,0.40830529046148,0.5294666151055801,659.5
1378,Avery Helm,UNLV,CB,CB,77,avery helm,-0.030909549488800148,0.06756273255704927,536.0
1379,Nick Hemer,Ohio,TE,TE,58,nick hemer,-0.04224346823799373,-0.02975762327611071,37.5
1385,Wade Helton,Arizona State,RG,OL,73,wade helton,0.010142596271965213,0.08081333049873861,647.5
1388,Aakil Washington,SMU,REDG,EDGE,80,aakil washington,0.13601351788798072,0.22031166359720097,432.0
1544,Preston Watson,Duke,DT,DT,79,preston watson,0.10224810270913984,0.1944491995785995,472.5
1547,Isaiah Horton,Texas A&M,WR,WR,87,isaiah horton,0.26899973059688226,0.3598673516708381,406.0
1558,Qua'Vez Humphreys,Western Kentucky,WR,WR,76,quavez humphreys,-0.04103892987433833,0.049828691199617574,406.0
1560,Brady Hunt,South Carolina,TE,TE,79,brady hunt,0.0337992396593511,0.12386380131773395,270.5
1562,Demetrius Hunter,Colorado,C,OL,72,demetrius hunter,-0.002409665784193748,0.007522437404433865,91.0
1564,Josh Hunter,San Diego State,SS,SAF,71,josh hunter,-0.027651299468497013,-0.00937146352901564,99.5
1565,Nyziah Hunter,Nebraska,WR,WR,86,nyziah hunter,0.292764543005737,0.3836321640796929,406.0
1567,Shadre Hurst,Houston,LG,OL,93,shadre hurst,0.42888196292160463,0.5161425837931186,799.5
1568,Trey Johnson,Bowling Green,WR,WR,67,trey johnson,-0.14052759110905297,-0.10214385462091642,171.5
1570,DeAngelo Irvin Jr.,UNLV,WR,WR,75,deangelo irvin,-0.012024795910726884,0.012034980605160455,107.5
1573,Amari Jackson,Maryland,CB,CB,82,amari jackson,0.10436732228310303,0.2255286469272032,659.5
1574,Braylen Jackson,Baylor,DT,DT,73,braylen jackson,-0.0006380661365960042,0.007362452321917956,41.0
1576,Devon Jackson,Oregon,WILL,LB,81,devon jackson,0.230330497446632,0.3776778440651619,506.0
1577,Ja'Keem Jackson,LSU,CB,CB,82,jakeem jackson,0.04596960779763387,0.11477160336884767,374.5
1585,Caden Jenkins,North Texas,CB,CB,84,caden jenkins,0.34222327657807433,0.4633846012221745,659.5
1586,Cameren Jenkins,North Texas,SS,SAF,67,cameren jenkins,-0.024538951378882113,-0.017557707502497265,38.0
1588,Tyreek Major,Western Kentucky,LG,OL,64,tyreek major,-0.04451580203996673,-0.03458369885133911,91.0
1589,Kevin Jennings,SMU,QB,QB,89,kevin jennings,1.4152832933230521,2.050904509114601,697.0
1590,Braden Hales,Colorado State,C,OL,62,braden hales,-0.026987688812909867,-0.017055585624282256,91.0
1591,Jaylen Jenkins,Texas State,HB,RB,76,jaylen jenkins,-0.3158355795585653,-0.028614453123217868,409.5
1592,Buom Jock,Wake Forest,MIKE,LB,72,buom jock,-0.23500604978968498,-0.08765870317115507,506.0
1593,Rex Johnsen,Wyoming,LT,OL,78,rex johnsen,0.007271971526451362,0.09453259239796538,799.5
1599,Jahiem Johnson,Arkansas,CB,CB,83,jahiem johnson,0.2665822708635573,0.38774359550765747,659.5
1600,Jamaal Johnson,Northwestern,REDG,EDGE,71,jamaal johnson,-0.0740075786393657,-0.013906122902236438,308.0
1605,Nate Johnson,Auburn,LEDG,EDGE,79,nate johnson,0.09230208572813751,0.15240354146526677,308.0
1608,Cayden Jones,Alabama,SAM,LB,71,cayden jones,-0.05486210017467001,-0.0025916481627606867,179.5
1609,Darrien Jones,UNLV,HB,RB,72,darrien jones,-0.04699635615470189,-0.01122522685506156,51.0
1611,Dom Silvia,Charlotte,LG,OL,65,dom silvia,-0.02857481727936428,-0.018642714090736666,91.0
1614,Jaylen Jones,Virginia,SS,SAF,82,jaylen jones,0.04142332470013365,0.05970316063961502,99.5
1617,Larry Simmons,Utah,WR,WR,82,larry simmons,0.06155990920349108,0.09994364569162763,171.5
1619,Colton Joseph,Wisconsin,QB,QB,84,colton joseph,0.8867728275755757,1.5223940433671246,697.0
1624,Davon Watkins,Maryland,LT,OL,65,davon watkins,-0.01366094570234068,-0.0037288425137130673,91.0
1632,Austin Kawecki,Wisconsin,C,OL,76,austin kawecki,-0.04131646693124493,0.04343384214534124,776.5
1637,Koby Keenum,Memphis,C,OL,71,koby keenum,-0.011766700686650757,-0.0018345974980231439,91.0
1638,Rabbit Evans,Utah,SS,SAF,79,rabbit evans,0.1791565111860859,0.2874576497421087,589.5
1652,Kamaehu Kopa-Kaawalauole,San José State,TE,TE,68,kamaehu kopa kaawalauole,-0.05819359300374443,-0.0062524779623110704,156.0
1653,Brady Kopetz,Colorado,TE,TE,67,brady kopetz,-0.04252849060870825,-0.017889756550592436,74.0
1654,Kade Kostus,Bowling Green,DT,DT,72,kade kostus,-0.08577642217676182,-0.00938122762778095,391.5
1662,Earl Kulp,Temple,CB,CB,66,earl kulp,-0.06377019414541721,-0.04154044390745493,121.0
1664,Jai Eugene Jr.,Syracuse,FS,SAF,72,jai eugene,-0.1309257425346576,-0.06285861473990537,370.5
1667,Andrew Laurich,UConn,DT,DT,72,andrew laurich,-0.08765753250091986,-0.029604990027556368,297.5
1670,PJ Martin,South Alabama,HB,RB,75,pj martin,-0.29789552304951206,-0.12991149427963244,239.5
1671,Jarvis Lee,SMU,CB,CB,78,jarvis lee,0.03785342479724117,0.1363257068430906,536.0
1682,Kiefer Sibley,New Mexico,HB,RB,80,kiefer sibley,-0.06752539703984681,0.10045863173003282,239.5
1683,Kahanu Kia,Notre Dame,WILL,LB,70,kahanu kia,-0.014130887907250181,-0.005103678924692025,31.0
1684,Parker Livingstone,Oklahoma,WR,WR,83,parker livingstone,0.11623588909962428,0.17957464960191374,283.0
1686,Horace Lockett,UCF,DT,DT,82,horace lockett,0.20744835039575096,0.2996494472652106,472.5
1695,Broc Lowry,Western Michigan,QB,QB,80,broc lowry,0.5378548375922491,1.173476053383798,697.0
1697,Brandon Young Jr.,UTSA,TE,TE,64,brandon young,-0.02921328561229801,-0.01672744065041499,37.5
1699,Jaden Smith,UTEP,WR,WR,79,jaden smith,0.1052284606649254,0.23022739261025638,558.5
1700,Josh Lukusa,Missouri State,LEDG,EDGE,76,josh lukusa,0.09960060074147675,0.20214383122803983,525.5
1703,Grant Lyons,Miami (OH),REDG,EDGE,72,grant lyons,-0.0571870094487562,-0.014257398207949582,220.0
1708,George Maile,Utah State,LG,OL,76,george maile,-0.062381832354532346,0.016529273199069466,723.0
1709,Evan Malcore,Miami (OH),RT,OL,80,evan malcore,0.13921000702871053,0.22647062790022457,799.5
1713,Braden Marceau-Olayinka,Stanford,DT,DT,77,braden marceau olayinka,0.04092146466001077,0.13312256152947044,472.5
1715,Jason Marshall,Eastern Michigan,SS,SAF,73,jason marshall,-0.07365236680903454,-0.005585239014282293,370.5
1717,Christian Martin,Illinois,LT,OL,75,christian martin,-0.017193433671133747,0.05347730055563965,647.5
1722,Daniel Evert,Temple,TE,TE,63,daniel evert,-0.028693729708556024,-0.016207884746673007,37.5
1724,Logan Mauldin,Charlotte,TE,TE,65,logan mauldin,-0.023277145934598308,-0.010791300972715294,37.5
1727,Dalesean Staley,San Diego State,SS,SAF,81,dalesean staley,0.11654709173857129,0.2248482302945941,589.5
1731,Dashawn Spears,LSU,FS,SAF,81,dashawn spears,0.16647241354474268,0.23453954133949492,370.5
1732,Jerome Carter III,Clemson,FS,SAF,83,jerome carter,0.20185057232943976,0.31015171088546256,589.5
1735,Kaden Shields-Dutton,Florida Atlantic,HB,RB,75,kaden shields dutton,-0.1904603762177835,-0.02247634744790386,239.5
1738,Alton McCaskill,Sam Houston,HB,RB,80,alton mccaskill,-0.11181946749551831,0.1754016589398291,409.5
1739,Cormani McClain,Florida,CB,CB,83,cormani mcclain,0.012457342550826098,0.13361866719492627,659.5
1742,Cameron Monteiro,Akron,WR,WR,69,cameron monteiro,-0.05561886305803159,-0.031559086542144246,107.5
1743,Reagan McCranie,Duke,C,OL,67,reagan mccranie,-0.02459850999027565,-0.014666406801648036,91.0
1744,Deante McCray,Florida State,DT,DT,81,deante mccray,0.10418673230032184,0.1805819268493027,391.5
1745,Latreveon McCutchin,Houston,LEDG,EDGE,76,latreveon mccutchin,-0.07322035634432925,-0.01311890060719999,308.0
1754,Marcus McKenzie,Utah State,CB,CB,74,marcus mckenzie,-0.1281763391070491,-0.08592144196050924,230.0
1756,DJ McKinney,Notre Dame,CB,CB,89,dj mckinney,0.4138440509058964,0.5123163329517458,536.0
1762,Braylon McReynolds,UAB,HB,RB,82,braylon mcreynolds,0.06933641114105517,0.3565575375764026,409.5
1763,KK Meier,Cincinnati,CB,CB,74,kk meier,-0.007318271432097139,0.03493662571444272,230.0
1764,Theo Melin Ohrstrom,SMU,TE,TE,82,theo melin ohrstrom,0.03898803707132599,0.1290525987297088,270.5
1766,Paul Mencke Jr.,Washington,FS,SAF,70,paul mencke,-0.04251126280312025,-0.024231426863638883,99.5
1767,Jaheim Merriweather,Troy,HB,RB,73,jaheim merriweather,-0.07020634800041528,-0.034435218700774956,51.0
1768,Miquon Merriweather,Troy,DT,DT,73,miquon merriweather,-0.027292035009613195,-0.004266152616816923,118.0
1770,Carter Miller,South Carolina,C,OL,78,carter miller,-0.0059998608384578545,0.07291124471514396,723.0
1773,Dre'lon Miller,Baylor,WR,WR,81,drelon miller,0.09178781441794838,0.1826554354919043,406.0
1775,Shawn Miller,New Mexico,WR,WR,76,shawn miller,-0.006539896570555683,0.08432772450340022,406.0
1776,Ben Minich,Miami (OH),FS,SAF,73,ben minich,-0.13599909524263085,-0.027697956686608027,589.5
1778,Kaleb Stewart,Ball State,WILL,LB,67,kaleb stewart,-0.10762221861105145,-0.05535176659914213,179.5
1780,Aisea Moa,Michigan,WILL,LB,73,aisea moa,-0.014285598870260412,0.037984853141648914,179.5
1782,Jordan Montgomery,Temple,MIKE,LB,64,jordan montgomery,-0.029320214912670832,-0.020293005930112677,31.0
1785,Bo Burkes,Jacksonville State,C,OL,68,bo burkes,-0.026289802778295124,-0.01635769958966751,91.0
1788,Alec Falk,Air Force,LG,OL,82,alec falk,0.12036883816547055,0.20511914724205674,776.5
1789,Alex Moore,Maryland,SS,SAF,69,alex moore,-0.10888196225728095,-0.07121998871362585,205.0
1791,Braelin Moore,LSU,C,OL,87,braelin moore,0.35475197113316226,0.4395022802097484,776.5
1797,Micah Alejado,Hawai'i,QB,QB,82,micah alejado,0.24590556639247205,0.8815267821840209,697.0
1799,Jaylen Heyward,Arkansas State,FS,SAF,71,jaylen heyward,-0.12921663780333925,-0.09155466425968416,205.0
1800,Tyler Lawrence,New Mexico,RT,OL,74,tyler lawrence,-0.04222674769556726,0.03668435785803455,723.0
1802,Ja'Maric Morris,Virginia,CB,CB,72,jamaric morris,-0.0001417720193583569,0.0064720379687957085,36.0
1805,MJ Morris,Texas,QB,QB,74,mj morris,-0.0033976509524960693,0.028976169937891278,35.5
1806,AJ Watkins,Jacksonville State,WR,WR,66,aj watkins,-0.03700808331661959,-0.02861513802037982,37.5
1807,Carson Bruhn,Kansas,TE,TE,74,carson bruhn,-0.033336489333025396,0.05672807232535744,270.5
1958,Mark Nabou Jr.,Texas A&M,C,OL,82,mark nabou,0.20519921660926163,0.2841103221628634,723.0
1959,Jordan Napier,San Diego State,WR,WR,85,jordan napier,0.3856098259238498,0.5106087578691808,558.5
2098,Tyler Needham,Rutgers,RT,OL,79,tyler needham,0.07790963740046992,0.16265994647705612,776.5
2099,Brian Nelson II,NC State,CB,CB,87,brian nelson,0.4713485317430383,0.5925098563871385,659.5
2239,John Nestor,Minnesota,CB,CB,87,john nestor,0.5569522655599888,0.678113590204089,659.5
2243,Sione Noa,Fresno State,REDG,EDGE,77,sione noa,0.013676046788776259,0.07377750252590552,308.0
2244,Will Nolan,Iowa,LT,OL,72,will nolan,-0.010356262359053089,-0.0004241591704254753,91.0
2245,Jack Small,Delaware,LT,OL,64,jack small,-0.03606754341689125,-0.02613544022826364,91.0
2254,Diego Rodriguez,Colorado State,RG,OL,59,diego rodriguez,-0.062065079980861595,-0.052132976792233984,91.0
2260,C.J. Turner,Tulsa,MIKE,LB,66,c j turner,-0.14016367410537045,-0.08789322209346112,179.5
2262,Jason Onye,Notre Dame,DT,DT,85,jason onye,0.20480106035267806,0.28119625490165895,391.5
2264,Sitani Mikaele,Hawai'i,HB,RB,68,sitani mikaele,-0.10771221632045391,-0.07194108702081357,51.0
2265,Caleb Otlewski,Colorado State,SAM,LB,69,caleb otlewski,-0.056001596997185946,-0.0037311449852766277,179.5
2267,Marlin Dean,UAB,REDG,EDGE,77,marlin dean,0.08312252538456126,0.18566575587112433,525.5
2279,John Pastore,Kansas State,LT,OL,84,john pastore,0.2075396692637017,0.2948002901352157,799.5
2281,Jacob Fields,TCU,FS,SAF,79,jacob fields,-0.01697637361693688,0.09132476493908594,589.5
2286,Curtis Peagler,Missouri,RG,OL,82,curtis peagler,0.06839287694366775,0.13906361117044114,647.5
2294,Gabe Peterson,New Mexico State,LEDG,EDGE,76,gabe peterson,0.13508263473235319,0.21938078044157347,432.0
2295,Dylan Mann,Delaware,DT,DT,71,dylan mann,-0.18140595714974883,-0.12335341467638535,297.5
2299,Drew Devillier,Florida Atlantic,QB,QB,65,drew devillier,-0.07377098805286074,-0.04139716716247339,35.5
2302,Israel Polk,Oklahoma State,WR,WR,80,israel polk,0.041260494631807296,0.06532027114769463,107.5
2306,Ashton Porter,Houston,LEDG,EDGE,78,ashton porter,0.1918098651764928,0.2761080108857131,432.0
2309,Shamar Porter,UConn,WR,WR,77,shamar porter,-0.05079561221177553,0.07420331973355544,558.5
2311,Zach Cody,Rice,CB,CB,67,zach cody,-0.07810705538022292,-0.055877305142260636,121.0
2312,Junior Poyser,Wisconsin,DT,DT,80,junior poyser,0.1161094021685537,0.19250459671753456,391.5
2313,Malachi Preciado,Tulsa,C,OL,75,malachi preciado,-0.05111569605043078,0.02779540950317103,723.0
2327,Corey Smith,Purdue,WR,WR,74,corey smith,-0.02971265916789162,-0.005652882652004279,107.5
2328,Jaden Reddell,Georgia,TE,TE,74,jaden reddell,0.005320185948769001,0.011479869463297956,18.5
2329,Trey Reddick,Maryland,WILL,LB,71,trey reddick,-0.09583917024208231,-0.005130279981860844,311.5
2334,Logan Reichert,Missouri,LG,OL,74,logan reichert,-0.009682787811614118,0.00024931537701349416,91.0
2335,Will Cianfrini,San Diego State,WR,WR,66,will cianfrini,-0.03225845985840266,-0.02386551456216289,37.5
2340,Bredell Richardson,Tulane,WR,WR,72,bredell richardson,-0.01687926378579315,-0.008486318489553382,37.5
2342,John Alan Richter,Toledo,QB,QB,73,john alan richter,-0.6141236040644846,0.021497611727064284,697.0
2343,Dexter Ricks Jr.,Texas State,CB,CB,80,dexter ricks,0.05587204027834557,0.17703336492244573,659.5
2350,Devin Roche,Old Dominion,HB,RB,84,devin roche,-0.10603328512364095,0.18118784131170645,409.5
2353,Ryan Rodriguez,Miami,C,OL,75,ryan rodriguez,0.0037752514554172585,0.013707354644044873,91.0
2354,Bravion Rogers,Texas A&M,CB,CB,83,bravion rogers,0.01152648509231471,0.03375623533027698,121.0
2356,Joel Rogers,UTSA,SS,SAF,66,joel rogers,-0.023085823574905736,-0.016104579698520888,38.0
2358,Etueni Ropati,Texas State,LT,OL,61,etueni ropati,-0.06237201745257066,-0.05243991426394305,91.0
2371,Oakie Salave'a,Hawai'i,TE,TE,74,oakie salavea,0.011299946870500021,0.06324106191193338,156.0
2373,DJ Samuels,Maryland,HB,RB,65,dj samuels,-0.08515308971670502,-0.06621543302866013,27.0
2376,Luke Sandy,Charlotte,LG,OL,66,luke sandy,-0.0279564580106725,-0.01802435482204489,91.0
2377,Daymion Sanford,Texas A&M,MIKE,LB,76,daymion sanford,0.04035555994080736,0.18770290655933727,506.0
2520,Brauntae Johnson,Notre Dame,FS,SAF,90,brauntae johnson,0.4431774172170485,0.5675537883831681,677.0
2523,Kaden Anderson,Boise State,TE,TE,64,kaden anderson,-0.010899293757861738,-0.004739610243332783,18.5
2528,Jimmy Scott,Pittsburgh,REDG,EDGE,84,jimmy scott,0.34125819130121265,0.4438014217877757,525.5
2532,T.J. Searcy,Texas A&M,LEDG,EDGE,80,t j searcy,0.10061587310566628,0.16071732884279555,308.0
2537,Nick Session,New Mexico State,SS,SAF,77,nick session,0.03585244231412576,0.14415358087014857,589.5
2542,Bradley Shaw,Arkansas,MIKE,LB,81,bradley shaw,0.0733295654302411,0.26392015507812217,654.5
2543,Tevin Shaw,New Mexico,LT,OL,67,tevin shaw,-0.016569233850853786,-0.006637130662226173,91.0
2545,Hunter Hopperton,Kent State,TE,TE,69,hunter hopperton,-0.035389635241346196,-0.010750901183230379,74.0
2546,Landon Sides,East Carolina,WR,WR,82,landon sides,0.09051780739707198,0.15385656789936145,283.0
2554,Syeed Gibbs,Kansas,CB,CB,75,syeed gibbs,-0.00979685604885424,0.012432894189108035,121.0
2555,Jaheim Singletary,Iowa State,CB,CB,84,jaheim singletary,0.2620256541931702,0.3831869788372703,659.5
2557,Jaleel Skinner,Louisville,TE,TE,81,jaleel skinner,0.04417578169451625,0.0961168967359496,156.0
2562,Brady Small,Army,C,OL,90,brady small,0.44774615753527275,0.5350067784067868,799.5
2569,Carter Smith,Indiana,LT,OL,97,carter smith,0.5203561647085881,0.6076167855801021,799.5
2570,Davray Venu,Temple,RG,OL,61,davray venu,-0.06290256714358662,-0.05297046395495901,91.0
2571,Anthony Carrie,Florida International,HB,RB,82,anthony carrie,-0.0750464336944276,0.21217469274091982,409.5
2576,Tristian Smith,Arkansas State,LG,OL,87,tristian smith,0.24719851321554348,0.3344591340870575,799.5
2577,Jaylen Sneed,Notre Dame,WILL,LB,80,jaylen sneed,0.07280655759008683,0.12507700960199616,179.5
2578,Jake Sock,Houston,QB,QB,62,jake sock,-0.03894950088942131,-0.018886851323547466,22.0
2579,Jamarrion Solomon,Charlotte,DT,DT,73,jamarrion solomon,-0.04001128986788502,0.018041252605478477,297.5
2583,Christopher Spencer,UAB,REDG,EDGE,68,christopher spencer,-0.04676439221179736,-0.024226346310373886,115.5
2584,Dylan Spencer,UTSA,REDG,EDGE,76,dylan spencer,0.16669364273797224,0.2692368732245353,525.5
2586,Andrew Sprague,Michigan,RT,OL,87,andrew sprague,0.2563518134974191,0.34361243436893313,799.5
2587,Melvin Spriggs,Southern Miss,MIKE,LB,70,melvin spriggs,-0.30731642421373373,-0.15996907759520382,506.0
2658,Jalyn Stanford,Sam Houston,SS,SAF,66,jalyn stanford,-0.22623563220043147,-0.15816850440567923,370.5
2728,Bryce Steele,Troy,WILL,LB,73,bryce steele,-0.07443172036506228,0.11615886928281878,654.5
2798,Desman Stephens II,USC,MIKE,LB,84,desman stephens,0.29828057293312155,0.48887116258100266,654.5
2875,Evans Chuba,Purdue,QB,QB,69,evans chuba,-0.13170401415767144,-0.037774336644716605,103.0
2881,Jacob Strand,Auburn,LT,OL,77,jacob strand,0.04774963659947179,0.11842037082624518,647.5
2883,Ian Strong,California,WR,WR,90,ian strong,0.47972340263401114,0.6047223345793421,558.5
2884,Cole Sullivan,Oklahoma,MIKE,LB,77,cole sullivan,-0.009626713755377289,0.08108217650484419,311.5
2887,Henry Tabansi,UCF,LT,OL,78,henry tabansi,0.04028328370798347,0.1275439045794975,799.5
2896,Drew Terrill,Houston,RT,OL,83,drew terrill,0.20391956235710726,0.2828306679107091,723.0
2903,Joel Boamah,Missouri State,CB,CB,72,joel boamah,-0.1639143321054758,-0.09511233653426197,374.5
2910,Sean Thompkins Jr.,LSU,LT,OL,73,sean thompkins,-0.019753029689203627,-0.009820926500576015,91.0
2914,Perry Thompson,Minnesota,WR,WR,76,perry thompson,0.004867466040472241,0.04325120252860879,171.5
2916,Bryce Thornton,Florida,SS,SAF,87,bryce thornton,0.5078545201093199,0.6322308912754394,677.0
2927,Boubacar Traore,Notre Dame,REDG,EDGE,88,boubacar traore,0.33649839519771824,0.43904162568428134,525.5
2930,Adam Trick,Texas Tech,REDG,EDGE,88,adam trick,0.4030846287360005,0.4873827744452207,432.0
2935,Taran Tyo,Cincinnati,RG,OL,84,taran tyo,0.1967552535180403,0.2815055625946265,776.5
2938,Michael Uini,Georgia,RG,OL,74,michael uini,-0.002030774784967858,0.007901328403659754,91.0
2939,Lukas Ungar,Virginia,TE,TE,69,lukas ungar,-0.02276781515978349,0.00187091889833233,74.0
3012,Caden Veltkamp,Florida Atlantic,QB,QB,81,caden veltkamp,-0.19740521776393577,0.438215998027613,697.0
3020,Caleb Walker,UCLA,C,OL,71,caleb walker,-0.006450644902292839,0.0034814582863347742,91.0
3022,Dre Walker,App State,CB,CB,71,dre walker,-0.008292110447715242,-0.001678300459561176,36.0
3024,John Walker,Ohio State,DT,DT,88,john walker,0.35729355113059463,0.44949464800005423,472.5
3026,Jackson Bellamy,Buffalo,RG,OL,71,jackson bellamy,-0.11071807797178641,-0.0318069724181846,723.0
3027,Emmanuel Waller,South Alabama,LEDG,EDGE,76,emmanuel waller,0.08476470137873528,0.16906284708795555,432.0
3028,Jamonta Waller,Arkansas,REDG,EDGE,76,jamonta waller,0.04043449096002962,0.10053594669715889,308.0
3035,Peyton Warford,Stanford,TE,TE,66,peyton warford,-0.008218652843040472,-0.0020589693285115174,18.5
3039,Ja'Marion Wayne,Coastal Carolina,CB,CB,73,jamarion wayne,-0.07177021903018135,0.04939110561391881,659.5
3043,Noah Toster,South Alabama,WR,WR,61,noah toster,-0.04992630071153769,-0.04153335541529792,37.5
3051,Brandon White,Kansas State,WR,WR,78,brandon white,-0.027968010782588447,0.06289961029136745,406.0
3053,Brevin Doll,Iowa,HB,RB,77,brevin doll,-0.10863389174089369,-0.023063739298616805,122.0
3055,Jon Morris,Duke,FS,SAF,65,jon morris,-0.020496627049287564,-0.013515383172902719,38.0
3056,Ashton Whitner,Liberty,SS,SAF,72,ashton whitner,-0.0029879113877212013,0.10531322716830162,589.5
3057,Dash Bauman,Wyoming,MIKE,LB,69,dash bauman,-0.0075661749123339525,0.08314271534788752,311.5
3059,John White,Southern Miss,QB,QB,65,john white,-0.07291029647920014,-0.040536475588812786,35.5
3060,Michael Williams II,South Florida,LEDG,EDGE,76,michael williams,0.11112538686787458,0.19542353257709486,432.0
3063,Bryant Williams,Arkansas,LT,OL,80,bryant williams,0.14819991544660396,0.22711102100020578,723.0
3066,Elija Lofton,Miami,TE,TE,83,elija lofton,0.10248122130835742,0.19254578296674024,270.5
3067,James Williams,Oklahoma State,REDG,EDGE,84,james williams,0.3424408509980379,0.44498408148460095,525.5
3069,Fitzgerald West Jr.,Louisiana,DT,DT,79,fitzgerald west,0.08692579081033512,0.1791268876797948,472.5
3070,Jayden Williams,UCF,SS,SAF,76,jayden williams,-0.04189433521684178,0.02617279257791047,370.5
3071,Jayven Williams,BYU,CB,CB,79,jayven williams,-0.0031198488202467773,0.06568214675096704,374.5
3073,Matthew Williams,Georgia Southern,LG,OL,75,matthew williams,0.10150227748990079,0.1887628983614148,799.5
3074,Riley Williams,Mississippi State,TE,TE,71,riley williams,0.003505383720091333,0.015991228681974348,37.5
3078,Solomon Williams,California,WILL,LB,74,solomon williams,-0.01117969255003407,0.179410897097847,654.5
3218,Gavin McLaughlin,Coastal Carolina,RG,OL,69,gavin mclaughlin,-0.10575813121504338,-0.026847025661441575,723.0
3220,Kamari Wilson,West Virginia,SS,SAF,83,kamari wilson,0.41194938399389347,0.5363257551600129,677.0
3231,John Norwood,San José State,WILL,LB,65,john norwood,-0.01669719498015731,-0.007669985997599154,31.0
3232,Braxton Woodson,Navy,QB,QB,78,braxton woodson,0.19761306643942772,0.8332342822309766,697.0
3245,Preston Zachman,Indiana,SS,SAF,85,preston zachman,0.3687929262964273,0.47709406485245015,589.5
3247,Joseph Adedire,NC State,LEDG,EDGE,77,joseph adedire,0.04622528331513641,0.1487685138016995,525.5
3250,Justin Agu,Tulane,CB,CB,76,justin agu,0.05058255373213377,0.11938454930334759,374.5
3254,Brooks Johnson,Florida Atlantic,TE,TE,72,brooks johnson,-0.050878257934235754,0.03918630372414708,270.5
3257,Therrian Alexander III,BYU,CB,CB,84,therrian alexander,0.11735881758325617,0.21583109962910557,536.0
3258,Daelen Alexander,Coastal Carolina,HB,RB,74,daelen alexander,-0.10366268133879054,-0.01809252889651365,122.0
3264,Jesse Anderson III,Kentucky,FS,SAF,71,jesse anderson,-0.05507403488002306,-0.03679419894054169,99.5
3266,Max Anderson,Kentucky,RT,OL,72,max anderson,-0.004906913854530784,0.0050251893340968285,91.0
3268,Gabriel Arena,Buffalo,LT,OL,71,gabriel arena,-0.07671111111954818,0.008039197957037992,776.5
3272,Tucker Ashcraft,USC,TE,TE,75,tucker ashcraft,-0.0392364365521736,0.01270467848925975,156.0
3273,Pofele Ashlock,Hawai'i,WR,WR,85,pofele ashlock,0.265307275481718,0.39030620742704897,558.5
3275,Lucas Austin,Virginia Tech,RT,OL,72,lucas austin,-0.00620449600620082,0.0037276071824267933,91.0
3278,Tyler Bailey,Sam Houston,SS,SAF,68,tyler bailey,-0.20186081307680903,-0.09355967452078622,589.5
3282,Ardell Banks,Kent State,WR,WR,76,ardell banks,-0.01541188957940383,0.04792687092288564,283.0
3283,Santana Banner,Missouri,SS,SAF,78,santana banner,0.18370672574185565,0.30808309690797514,677.0
3289,Jeremiah Beasley,Missouri,MIKE,LB,74,jeremiah beasley,-0.06602738262225138,0.024681507637970085,311.5
3358,Kaden Beatty,Washington State,DT,DT,75,kaden beatty,-0.06032578947864544,-0.0022732470052819467,297.5
3363,Davin Brewton,Pittsburgh,WILL,LB,64,davin brewton,-0.020755876200180115,-0.011728667217621959,31.0
3366,Alvon Isaac,South Florida,HB,RB,77,alvon isaac,-0.44505918875571315,-0.1578380623203657,409.5
3368,Mumu Bin-Wahad,UNLV,CB,CB,73,mumu bin wahad,-0.02094306589870406,0.001286684339258217,121.0
3373,Malik Blocton,LSU,DT,DT,81,malik blocton,0.12128732461847191,0.17933986709183541,297.5
3374,Michael Merdinger,Minnesota,QB,QB,68,michael merdinger,-0.03934291702064067,-0.006969096130253319,35.5
3375,Cutter Boley,Arizona State,QB,QB,78,cutter boley,0.04564093467789203,0.6812621504694408,697.0
3378,Jacob Booth,Central Michigan,LT,OL,71,jacob booth,-0.0172632402689158,-0.0073311370802881855,91.0
3383,Chris Jones,Florida State,MIKE,LB,83,chris jones,0.19798169463055537,0.3885722842784365,654.5
3386,Austin Brawley,New Mexico,FS,SAF,83,austin brawley,0.13151990099716954,0.25589627216328903,677.0
3387,Dalton Brooks,Texas A&M,SS,SAF,89,dalton brooks,0.49687898778834144,0.6212553589544609,677.0
3389,Cameran Brown,Georgia State,QB,QB,78,cameran brown,0.3748253788529428,1.0104465946444916,697.0
3390,Damari Brown,Miami,CB,CB,82,damari brown,0.08040095881890766,0.12265585596544751,230.0
3391,Jayvant Brown,Temple,MIKE,LB,67,jayvant brown,-0.10393062387410398,-0.05166017186219467,179.5
3394,SaVeon Brown,Buffalo,SS,SAF,81,saveon brown,0.2102505510868183,0.31855168964284114,589.5
3401,Brandon Buckhaulter,UL Monroe,WR,WR,75,brandon buckhaulter,-0.08335027043340294,-0.02001150993111347,283.0
3402,Isaiah Bullerdick,Charlotte,C,OL,70,isaiah bullerdick,-0.15660874725385096,-0.07769764170024915,723.0
3403,J'Dan Burnett,Rutgers,REDG,EDGE,83,jdan burnett,0.1492812550483728,0.25182448553493586,525.5
3404,Sully Burns,Texas State,RT,OL,72,sully burns,-0.057327669493358935,0.013343064733414466,647.5
3408,Bryce Butler,Texas Tech,DT,DT,76,bryce butler,-0.001900891264768045,0.006099627193745915,41.0
3412,Cole Cabana,Western Michigan,HB,RB,76,cole cabana,-0.07657378456621024,0.008996367876066644,122.0
3423,Louie Canepa,Oklahoma State,RG,OL,76,louie canepa,-0.00854072942588196,0.04783214196891103,516.5
3431,Zechariah Sample,Texas State,WR,WR,71,zechariah sample,-0.10688008085045685,-0.0684963443623203,171.5
3432,Dylan Carpenter,LSU,LEDG,EDGE,76,dylan carpenter,0.04661388887503504,0.1067153446121643,308.0
3435,Jeremy Hecklinski,Iowa,QB,QB,71,jeremy hecklinski,-0.44042283920361447,0.1951983765879344,697.0
3439,Arion Carter,Tennessee,WILL,LB,88,arion carter,0.44178245629732826,0.5891298029158581,506.0
3443,Lewis Carter,UCF,WILL,LB,80,lewis carter,0.04373135695557232,0.23432194660345337,654.5
3444,Mason Carter,Vanderbilt,REDG,EDGE,70,mason carter,-0.0376134026590638,-0.030393422586746325,37.0
3447,Carsten Casady,West Virginia,LT,OL,77,carsten casady,0.009722318355696553,0.019654421544324164,91.0
3453,Andrew Chamblee,SMU,LG,OL,81,andrew chamblee,0.16337662435697684,0.23404735858375023,647.5
3455,Tychaun Chapman,Memphis,WR,WR,79,tychaun chapman,0.04446746147687926,0.10780622197916871,283.0
3456,Zach Chapman,TCU,REDG,EDGE,77,zach chapman,0.052982908760730606,0.13728105446995087,432.0
3459,Jaydon Chatman,Texas,LT,OL,78,jaydon chatman,0.013338377935926505,0.02327048112455412,91.0
3462,DJ Chester,Mississippi State,LG,OL,75,dj chester,-0.017178474560422416,0.03919439683437057,516.5
3464,Anthony Speca,Purdue,WILL,LB,74,anthony speca,-0.08849525190884698,0.05885209470968292,506.0
3473,Aquantis Clemmons,Rice,DT,DT,58,aquantis clemmons,-0.05286150148743192,-0.044860983028917965,41.0
3475,Mo Clipper Jr.,Georgia Southern,LG,OL,72,mo clipper,-0.08088977160401513,-0.010219037377241726,647.5
3478,Andre Cojoe,Texas,RT,OL,74,andre cojoe,-0.010485400159489913,-0.0005532969708622994,91.0
3480,Judd Anderson,Miami,QB,QB,70,judd anderson,-0.04756273537887997,-0.015188914488492624,35.5
3481,Lawayne McCoy,Louisville,WR,WR,84,lawayne mccoy,0.23042913826569544,0.32129675933965135,406.0
3483,Audavion Collins,Penn State,CB,CB,77,audavion collins,-0.11686547072711491,-0.018393188681265497,536.0
3487,Rickie Collins,Kennesaw State,QB,QB,74,rickie collins,-0.3639268707889552,0.2716943450025937,697.0
3492,Johntay Cook II,Ole Miss,WR,WR,84,johntay cook,0.16383159081277257,0.25469921188672845,406.0
3499,Anthony Garcia,Utah State,WR,WR,75,anthony garcia,-0.06892688060322866,-0.005588120100939193,283.0
3501,Jonathan Daniels,Florida State,LT,OL,74,jonathan daniels,-0.012658868897195578,0.04371400249759741,516.5
3506,Josiah Cox,San Diego State,SS,SAF,76,josiah cox,-0.015070954694096528,0.05299617310065573,370.5
3507,Kyle Cox,Boise State,LT,OL,71,kyle cox,-0.014370413111190347,-0.004438309922562735,91.0
3509,Maliki Crawford,San José State,CB,CB,67,maliki crawford,-0.026563569748846157,-0.004333819510883884,121.0
3511,Dee Crayton,UNLV,MIKE,LB,69,dee crayton,-0.07560725222266323,-0.023336800210753916,179.5
3519,Myles Brown,Virginia,WILL,LB,67,myles brown,-0.05648177736939381,-0.03435055534763833,76.0
3520,Goose Crowder,Troy,QB,QB,77,goose crowder,-0.30819292943103105,0.32742828636051774,697.0
3524,Tackett Curtis,UCF,MIKE,LB,74,tackett curtis,-0.09796193057764874,0.04938541604088116,506.0
3525,Ben Cutter,West Virginia,MIKE,LB,77,ben cutter,-0.21253200246251236,-0.021941412814631307,654.5
3535,KD Daniels,Wake Forest,HB,RB,78,kd daniels,-0.18387766275266368,-0.01589363398278405,239.5
3536,Phillip Daniels,Ohio State,RT,OL,82,phillip daniels,0.1325659403660812,0.20323667459285458,647.5
3546,Michael Diatta,Vanderbilt,DT,DT,74,michael diatta,-0.006391652777918939,0.0016088656805950214,41.0
3548,Drayden Dickmann,Wake Forest,WR,WR,80,drayden dickmann,0.041124946589302075,0.07950868307743862,171.5
3554,CJ Campbell Jr.,Duke,HB,RB,83,cj campbell,0.14110183939235021,0.3090858681622298,239.5
3556,Manasse Itete,Arkansas State,LT,OL,74,manasse itete,-0.04575934948792869,0.02491138473884471,647.5
3558,Darrius Clemons,Washington State,WR,WR,81,darrius clemons,0.03096751887254966,0.12183513994650558,406.0
3569,Scotty Edwards,Stanford,SS,SAF,78,scotty edwards,0.10977510797004697,0.21807624652606977,589.5
3638,Kyle Efford,Georgia Tech,MIKE,LB,83,kyle efford,0.3363295248543074,0.5269201145021885,654.5
3711,Siale Esera,BYU,MIKE,LB,81,siale esera,0.11691480275302317,0.20762369301324463,311.5
3720,Jarvis Heimuli,Hawai'i,WR,WR,66,jarvis heimuli,-0.034493008957322366,-0.026100063661082595,37.5
3724,Lloyd Benson III,Army,WR,WR,61,lloyd benson,-0.15956191724691435,-0.135502140731027,107.5
3725,Jacob Finley,Cincinnati,CB,CB,83,jacob finley,0.30811697450275716,0.42927829914685733,659.5
3726,Jahlil Florence,Missouri,CB,CB,82,jahlil florence,0.19069468167453113,0.28916696372038053,536.0
3728,Christian Ford,Missouri State,FS,SAF,77,christian ford,-0.22609929088093456,-0.10172291971481504,677.0
3731,Ahmere Foster,Memphis,FS,SAF,85,ahmere foster,0.21788850078121635,0.34226487194733585,677.0
3738,Davoun Fuse,Rutgers,SS,SAF,69,davoun fuse,-0.00872834044559147,-0.0017470965692066233,38.0
3747,Brandon Barnes Jr.,Arkansas State,FS,SAF,75,brandon barnes,-0.22922018713983291,-0.1209190485838101,589.5
3749,Will Gerig,Western Michigan,LEDG,EDGE,71,will gerig,-0.0603005099072661,-0.01737089866645948,220.0
3750,Jordan Malau'ulu,Fresno State,WR,WR,76,jordan malauulu,-0.027166874104415352,0.011216862383721198,171.5
3754,Brock Riker,Penn State,C,OL,80,brock riker,0.11990215995175359,0.19881326550535539,723.0
3757,Prince Williams,San Diego State,CB,CB,66,prince williams,-0.21225767604360438,-0.14345568047239055,374.5
3763,Terrance Green,Alabama,DT,DT,82,terrance green,0.07468647215009619,0.11585987202196071,211.0
3764,Andre Greene Jr.,Georgia Southern,WR,WR,73,andre greene,-0.013413548873792272,-0.005020603577552502,37.5
3765,Ayden Greene,Virginia Tech,WR,WR,83,ayden greene,0.2254954238728306,0.3163630449467865,406.0
3768,Brandon Greil,Arkansas State,SS,SAF,72,brandon greil,-0.09540622108872461,-0.027339093293972362,370.5
3773,Aiden Hall,Wake Forest,MIKE,LB,77,aiden hall,0.14130756807333833,0.3318981577212194,654.5
3777,Five Hamilton,Arkansas State,SS,SAF,81,five hamilton,0.03324246927865087,0.1576188404447704,677.0
3778,Jai'Lun Hampton,NC State,LT,OL,74,jailun hampton,-0.07048598733380884,0.00018474689296454905,647.5
3779,Jackson Hancock,Missouri,FS,SAF,68,jackson hancock,-0.02554272546285943,-0.018561481586474585,38.0
3922,Caleb Hardy,Virginia,WILL,LB,67,caleb hardy,-0.18455387035829693,-0.1322834183463876,179.5
3925,Markie Grant,Utah State,CB,CB,67,markie grant,-0.028223061667860285,-0.02160925167970622,36.0
3930,Jackson Harris,LSU,WR,WR,89,jackson harris,0.6282675027015894,0.7532664346469202,558.5
3935,Geirean Hatchett,Washington,RG,OL,80,geirean hatchett,0.12863873841941267,0.20754984397301446,723.0
3936,Leon Haughton Jr.,Old Dominion,TE,TE,79,leon haughton,-0.16483874982429703,-0.07477418816591419,270.5
3943,Deron McLaughlin,UConn,C,OL,67,deron mclaughlin,-0.02905832293772128,-0.01912621974909367,91.0
3947,Chase Hendricks,California,WR,WR,87,chase hendricks,0.3558692296651189,0.4467368507390748,406.0
3949,Landon Wright,Boston College,WR,WR,77,landon wright,-0.006587472958348186,0.08428014811560772,406.0
3950,Kylish Hicks,UConn,CB,CB,69,kylish hicks,-0.0776402652129979,-0.008838269641784089,374.5
3960,Daveon Hook,Rice,SS,SAF,76,daveon hook,-0.008559206077336175,0.11581716508878334,677.0
3962,Josh Horton,Georgia,DT,DT,80,josh horton,0.0334475685517412,0.05647345094453748,118.0
3965,Harlem Howard,Oregon State,FS,SAF,75,harlem howard,-0.20196971819389187,-0.07759334702777237,677.0
3966,Jamel Howard Jr.,Sacramento State,DT,DT,72,jamel howard,-0.07051028225671681,-0.02933688238485228,211.0
3967,Preston Howard,Maryland,TE,TE,80,preston howard,0.03129954368667442,0.08324065872810778,156.0
3968,Nicholas Gallegos,Eastern Michigan,C,OL,80,nicholas gallegos,0.05502914649806309,0.1422897673695771,799.5
3971,Ethan Hubbard,South Alabama,RT,OL,69,ethan hubbard,-0.08476424287373825,-0.014093508646964854,647.5
3972,Tad Hudson,NC State,QB,QB,71,tad hudson,-0.039146115885956526,-0.006772294995569172,35.5
3974,Kevyn Humes,Rutgers,CB,CB,74,kevyn humes,-0.07852359205925798,-0.00972159648804417,374.5
3985,Kaleb Jackson,North Carolina,HB,RB,81,kaleb jackson,-0.01908659885676146,0.06648355358551543,122.0
3991,Yasin Willis,Kansas,HB,RB,82,yasin willis,-0.030660754132966997,0.13732327463691263,239.5
3994,Jaheim Jenkins,Jacksonville State,CB,CB,76,jaheim jenkins,0.11616031550806385,0.21463259755391328,536.0
3995,Keyone Jenkins,UCF,QB,QB,75,keyone jenkins,-0.020502138543234395,0.07342753896972046,103.0
3998,Chris Johnson Jr.,Clemson,HB,RB,83,chris johnson,0.004460196657693063,0.09003034909996994,122.0
3999,Avery Johnson,Kansas State,QB,QB,88,avery johnson,1.3014713134805342,1.937092529272083,697.0
4002,Evan Johnson,BYU,CB,CB,90,evan johnson,0.3597454171341719,0.48090674177827203,659.5
4003,Isaiah Johnson,North Carolina,DT,DT,81,isaiah johnson,0.09930581412350989,0.19150691099296954,472.5
4005,CJ Miles Jr.,Western Michigan,SS,SAF,68,cj miles,-0.01274016435869252,-0.005758920482307674,38.0
4008,Krosse Johnson,Coastal Carolina,WR,WR,69,krosse johnson,-0.037583050587923265,-0.029190105291683494,37.5
4011,RJ Johnson,Colorado,CB,CB,74,rj johnson,-0.0011065729185340536,0.005507237069620012,36.0
4013,Tao Johnson,UCLA,FS,SAF,88,tao johnson,0.43828340945674593,0.5626597806228655,677.0
4014,Victory Johnson,Arizona,LEDG,EDGE,71,victory johnson,-0.10743741905379145,-0.04733596331666219,308.0
4024,Noah Nixon,Army,LEDG,EDGE,71,noah nixon,-0.14042524670030407,-0.0561271009910838,432.0
4030,Moussa Kane,UConn,CB,CB,71,moussa kane,-0.1718723047971486,-0.05071098015304843,659.5
4033,Trech Kekahuna,North Carolina,WR,WR,78,trech kekahuna,0.028940858346336133,0.0922796188486256,283.0
4036,Terron Kellman,Liberty,HB,RB,79,terron kellman,-0.05390738555829598,-0.01813625625865565,51.0
4054,Mausa Palu,Temple,LG,OL,64,mausa palu,-0.041129971787518885,-0.031197868598891267,91.0
4055,Jo'Laison Landry,Texas State,REDG,EDGE,74,jolaison landry,0.029465854763437806,0.08956731050056707,308.0
4056,Sam Leavitt,LSU,QB,QB,90,sam leavitt,1.4928001868750571,2.1284214026666057,697.0
4059,Reese Poffenbarger,Akron,QB,QB,73,reese poffenbarger,-0.7593241235175938,-0.12370290772604492,697.0
4063,Snoop Leota-Amaama,Nevada,LG,OL,72,snoop leota amaama,-0.10777147806363507,-0.05139860666884208,516.5
4069,Langston Lewis,Central Michigan,WR,WR,82,langston lewis,0.2635967464854266,0.3885956784307575,558.5
4070,Jack Leyrer,Auburn,LG,OL,77,jack leyrer,0.01740896822511455,0.09632007377871636,723.0
4071,Armondo Blount,Miami,LEDG,EDGE,80,armondo blount,0.15114728215376871,0.211248737890898,308.0
4072,Kenny Odom,South Florida,WR,WR,84,kenny odom,0.35812821892594965,0.48312715087128066,558.5
4077,Grayson Loftis,Charlotte,QB,QB,71,grayson loftis,-0.023483583445705402,0.00889023744468195,35.5
4079,Elvin Harris,New Mexico,RT,OL,68,elvin harris,-0.01914657277874277,-0.009214469590115156,91.0
4084,Andrew Lowry,Miami (OH),RT,OL,71,andrew lowry,-0.012962980639354395,-0.003030877450726782,91.0
4087,Bray Lynch,Indiana,C,OL,84,bray lynch,0.16175164228030997,0.24066274783391178,723.0
4090,Wardell Mack,Texas,CB,CB,76,wardell mack,-0.00857632059288574,-0.001962510604731675,36.0
4092,Mone Malafu,UCLA,MIKE,LB,68,mone malafu,-0.0015373197970853013,0.0074898891854728545,31.0
4095,Jordan Marshall,Michigan,HB,RB,87,jordan marshall,0.41486837639620755,0.702089502831555,409.5
4096,Davin Martin,Texas Tech,CB,CB,77,davin martin,0.025565898734044152,0.09436789430525798,374.5
4106,David Mbadinga,Georgia Southern,HB,RB,76,david mbadinga,-0.4544987755070448,-0.1672776490716974,409.5
4107,JP Mikhael,Georgia Southern,TE,TE,72,jp mikhael,-0.006532800371042331,0.04540831467039102,156.0
4108,Gunnar Wilson,Oklahoma State,MIKE,LB,64,gunnar wilson,-0.025928529828527638,-0.016901320845969483,31.0
4114,Devondre McGee,TCU,CB,CB,71,devondre mcgee,-0.10033936830533247,-0.05808447115879261,230.0
4119,Devin McRae,Wake Forest,C,OL,70,devin mcrae,-0.013170486245456591,-0.003238383056828978,91.0
4120,Fox Crader,Oregon,LT,OL,82,fox crader,0.18742773515850955,0.26633884071211134,723.0
4122,Eric Mensah,Virginia Tech,LEDG,EDGE,72,eric mensah,0.0003177613768073625,0.007537741449124839,37.0
4123,Ryder Bentley,Louisiana,LT,OL,56,ryder bentley,-0.06127835115878611,-0.05134624797015849,91.0
4126,Easton Messer,Florida Atlantic,WR,WR,90,easton messer,0.5988365320924841,0.7238354640378151,558.5
4129,Kal-El Pascal,Bowling Green,SS,SAF,77,kal el pascal,0.009831156653002692,0.13420752781912218,677.0
4131,Omarion Miller,Arizona State,WR,WR,87,omarion miller,0.4659209431081324,0.5909198750534633,558.5
4136,Dante Moore,Oregon,QB,QB,95,dante moore,1.7511047993512436,2.3867260151427923,697.0
4139,Braydon Nelson,Oklahoma State,LT,OL,80,braydon nelson,0.1762445742321825,0.2609948833087687,776.5
4141,Jordan Lyle,Miami,HB,RB,80,jordan lyle,-0.023329193745662138,0.012441935553978198,51.0
4142,Jalen Moss,Arizona State,WR,WR,77,jalen moss,0.00468584752363582,0.028745624039523163,107.5
4148,Camden Hardy,Wake Forest,REDG,EDGE,71,camden hardy,-0.30771646300290234,-0.2476150072657731,308.0
4149,Mason Myers,Arkansas State,C,OL,77,mason myers,-0.017709618198098957,0.06120148735550285,723.0
4150,Blayne Myrick,Miami (OH),WILL,LB,82,blayne myrick,0.08313828561198582,0.2737288752598669,654.5
4154,Brady Nassar,San Diego State,LEDG,EDGE,77,brady nassar,0.12939010816887023,0.2319333386554333,525.5
4155,Matthew Nehf,Central Michigan,RG,OL,75,matthew nehf,-0.026972210424104987,0.05777809865248118,776.5
4159,Will Norman,Troy,DT,DT,75,will norman,0.014972591159976487,0.07302513363333998,297.5
4161,Aidan Vaughan,Liberty,MIKE,LB,77,aidan vaughan,0.04147289889313166,0.18882024551166157,506.0
4163,Garrett Oakley,Kansas State,TE,TE,87,garrett oakley,0.1916890058202173,0.28175356747860014,270.5
4166,Che Ojarikre,Duke,SS,SAF,72,che ojarikre,-0.03687555769157895,0.0007864158520761485,205.0
4168,Obinna Onwuka,Coastal Carolina,REDG,EDGE,67,obinna onwuka,-0.08797314148740192,-0.06543509558597843,115.5
4171,Zach Ortwerth,Iowa,TE,TE,75,zach ortwerth,-0.008166410920105687,0.016472323138010135,74.0
4176,Isaiah Patterson,West Virginia,MIKE,LB,62,isaiah patterson,-0.024600542842693387,-0.015573333860135232,31.0
4177,Michael Patterson,Texas State,CB,CB,70,michael patterson,-0.11182804885441376,-0.0695731517078739,230.0
4178,Larry Crawford,Houston,LG,OL,68,larry crawford,-0.05911572871713565,-0.04918362552850803,91.0
4182,Sam Pendleton,Tennessee,C,OL,75,sam pendleton,0.02096316055290544,0.030895263741533053,91.0
4187,Emmanuel Poku,South Carolina,RG,OL,84,emmanuel poku,0.15820436161498364,0.2429546706915698,776.5
4195,Johno Price,Arizona,CB,CB,72,johno price,-0.0066919133345523674,-7.810334639830226e-05,36.0
4204,Max Reese,North Texas,TE,TE,80,max reese,0.10054371981369101,0.19060828147207384,270.5
4207,Tracy Revels,UConn,FS,SAF,75,tracy revels,-0.09263182589748885,0.01566931265853396,589.5
4208,Keith Reynolds,Miami (OH),WR,WR,80,keith reynolds,0.11984387893404669,0.24484281087937765,558.5
4212,Ben Roberts,Michigan State,DT,DT,83,ben roberts,0.20750489525545857,0.2997059921249182,472.5
4216,Devin Robinson,Tulsa,CB,CB,77,devin robinson,0.21182459315722493,0.2806265887284387,374.5
4225,Matt Rose,Stanford,MIKE,LB,88,matt rose,0.5153960499638166,0.7059866396116976,654.5
4234,Misael Sandoval,Ball State,LG,OL,72,misael sandoval,-0.1149245590933836,-0.058551687698590614,516.5
4238,James Schott,Miami (OH),REDG,EDGE,71,james schott,-0.08569136079284316,-0.06315331489141968,115.5
4240,Griffin Scroggs,UNLV,C,OL,78,griffin scroggs,0.005948496334418964,0.07661923056119235,647.5
4249,Jarian Shelby,Ohio,LT,OL,71,jarian shelby,-0.08289611618668119,-0.003985010633079374,723.0
4259,Ja'Vin Simpkins,UAB,HB,RB,78,javin simpkins,-0.11140049670169117,-0.025830344259414276,122.0
4261,Jarvarius Sims,Western Michigan,CB,CB,78,jarvarius sims,0.14772370461303674,0.24619598665888617,536.0
4264,Joseph Sipp Jr.,Florida Atlantic,MIKE,LB,75,joseph sipp,-0.11702666897802655,0.030320677640503346,506.0
4270,Nigel Smith II,Oklahoma,DT,DT,75,nigel smith,-0.003435861807752999,0.019590020585043277,118.0
4271,Sam Smith Jr.,Toledo,WILL,LB,59,sam smith,-0.034056868198982584,-0.025029659216424433,31.0
4272,Antwan Smith,Kentucky,WILL,LB,72,antwan smith,-0.10115117690735437,-0.0104422866471329,311.5
4273,Amorion Smith,Toledo,SS,SAF,74,amorion smith,0.1401745487127193,0.26455091987883883,677.0
4277,Adrian Laing,Temple,CB,CB,73,adrian laing,-0.27257754071003065,-0.1514162160659305,659.5
4284,Trey Fite,UTSA,LEDG,EDGE,70,trey fite,-0.01320108925652714,-0.005981109184209664,37.0
4286,Jalewis Solomon,South Carolina,CB,CB,72,jalewis solomon,-0.09758556778509098,-0.05533067063855111,230.0
4290,Jaylen Hampton,Charlotte,WR,WR,64,jaylen hampton,-0.049807445818184,-0.041414500521944224,37.5
4291,Braylon Staley,Tennessee,WR,WR,88,braylon staley,0.5332157525961295,0.6582146845414605,558.5
4292,Kendall Stanley,Pittsburgh,LT,OL,77,kendall stanley,0.04102117529763872,0.09739404669243171,516.5
4297,Tyler Stolsky,West Virginia,MIKE,LB,76,tyler stolsky,-0.20552619462145671,-0.05817884800292681,506.0
4298,Owen Stoudmire,Nebraska,DT,DT,77,owen stoudmire,0.017448610645969642,0.09384380519495049,391.5
4302,Chandler Strong,North Texas,C,OL,80,chandler strong,0.11066467929803414,0.1954149883746203,776.5
4303,Avery Stuart,Ball State,FS,SAF,68,avery stuart,-0.05346661268226779,-0.03518677674278642,99.5
4304,Ibrahim Diawara,Coastal Carolina,REDG,EDGE,78,ibrahim diawara,0.13374456112283084,0.2180427068320511,432.0
4308,Luke Talich,Notre Dame,SS,SAF,79,luke talich,0.045434685523434985,0.08309665906709009,205.0
4310,Samu Taumanupepe,Colorado,DT,DT,77,samu taumanupepe,0.021515809469797136,0.09791100401877799,391.5
4315,Decorion Temple,Oregon State,TE,TE,73,decorion temple,-0.007076409895466965,0.017562324162648853,74.0
4317,Amar Thomas,James Madison,REDG,EDGE,81,amar thomas,0.08933991140924351,0.19188314189580657,525.5
4326,BJ Tolo,UNLV,RG,OL,80,bj tolo,0.04116132161961588,0.12591163069620206,776.5
4329,Delano Townsend,Ole Miss,LG,OL,77,delano townsend,0.01818130487568602,0.08885203910245941,647.5
4336,Kanye Udoh,Liberty,HB,RB,82,kanye udoh,0.13193288357917266,0.4191540100145201,409.5
4485,Kevon Gray,Virginia,CB,CB,68,kevon gray,-0.027288356110852206,-0.020674546122698142,36.0
4488,Caleb Wheatland,Michigan State,MIKE,LB,74,caleb wheatland,0.0726938456251355,0.16340273588535698,311.5
4490,Jordan Boyd,Georgia Tech,LEDG,EDGE,74,jordan boyd,-0.012322222103058956,-0.00510224203074148,37.0
4494,Noreel White,Troy,WR,WR,72,noreel white,-0.1593123202169606,-0.09597355971467114,283.0
4496,Taj White,Colorado,LG,OL,75,taj white,-0.0005344369725818559,0.009397666216045757,91.0
4500,Keona Davis,Miami,DT,DT,81,keona davis,0.11409587182460855,0.17214841429797206,297.5
4501,Marcellus Wilkerson,UTSA,SS,SAF,72,marcellus wilkerson,-0.036970783068098735,0.03109634472665352,370.5
4502,Derek Wilkins,California,REDG,EDGE,73,derek wilkins,0.05185227357352171,0.11195372931065098,308.0
4503,Johnny Williams IV,North Texas,LT,OL,79,johnny williams,0.09899444881526036,0.17790555436886216,723.0
4505,Amaris Williams,Georgia,REDG,EDGE,80,amaris williams,0.10080386580637006,0.16090532154349932,308.0
4507,DeJuan Williams,Maryland,HB,RB,82,dejuan williams,-0.007681487184280349,0.27953963925106706,409.5
4509,Elias Williams,Missouri,DT,DT,75,elias williams,0.013397675793973671,0.0545710756658382,211.0
4510,Emory Williams,East Carolina,QB,QB,72,emory williams,-0.0845137087427744,0.009415968770180437,103.0
4511,Jayden Williams,Wyoming,DT,DT,75,jayden williams,-0.00035855589154002327,0.09184254097791963,472.5
4515,Peyton Williams,South Carolina,FS,SAF,82,peyton williams,0.24724272069574213,0.37161909186186165,677.0
4517,Shaun Nicholas,Tulane,CB,CB,67,shaun nicholas,-0.016252728408764492,-0.009638918420610425,36.0
4519,Ade Willie,North Carolina,CB,CB,75,ade willie,-0.06071569081013316,0.008086304761080654,374.5
4521,Jayden Wilson,UTEP,SAM,LB,74,jayden wilson,-0.22800184631073137,-0.03741125666285031,654.5
4524,Jaquari Brown,Georgia Southern,CB,CB,75,jaquari brown,-0.148120362224543,-0.049648080178693585,536.0
4526,Malachi Wood,Kentucky,RT,OL,76,malachi wood,-0.013135208328368436,0.05753552589840496,647.5
4527,Nigel Maynard,Pittsburgh,CB,CB,68,nigel maynard,-0.02201391514057824,-0.015400105152424171,36.0
4530,Jimmy Wyrick,SMU,FS,SAF,83,jimmy wyrick,0.18442941073021227,0.3088057818963318,677.0
4532,Tyshon Reed,Duke,LEDG,EDGE,76,tyshon reed,-0.16447179112581536,-0.06192856063925228,525.5
4536,Devyn Zahursky,Cincinnati,TE,TE,65,devyn zahursky,-0.01366714867441902,-0.0075074651598900635,18.5
4540,Ty Adams,North Carolina,CB,CB,73,ty adams,-0.05919058435554637,-0.03696083411758409,121.0
4541,Adedamola Ajani,Indiana,RT,OL,79,adedamola ajani,0.06955649923495508,0.12592937062974807,516.5
4548,Kene Anene,North Dakota State,RG,OL,68,kene anene,-0.016734913618124396,-0.006802810429496782,91.0
4556,Johnsley Barbas,Houston,FS,SAF,68,johnsley barbas,-0.15206584974369272,-0.11440387620003763,205.0
4557,Zakye Barker,North Texas,MIKE,LB,74,zakye barker,-0.07624679751860815,0.07110054909992175,506.0
4560,Jabari Bates,San José State,HB,RB,78,jabari bates,-0.26890675759451577,0.01831436884083166,409.5
4563,Kenji Lewis,Northern Illinois,WR,WR,72,kenji lewis,-0.03660178738724048,-0.01254201087135314,107.5
4567,Daylon Metoyer,Boise State,RT,OL,80,daylon metoyer,0.09343134310357823,0.17818165218016438,776.5
4574,Christian Bodnar,Oklahoma State,FS,SAF,79,christian bodnar,0.0899086843315439,0.21428505549766338,677.0
4584,Cruce Brookins,Pittsburgh,FS,SAF,85,cruce brookins,0.42989955320616186,0.5542759243722813,677.0
4588,Ryan Brubaker,Virginia,C,OL,74,ryan brubaker,0.0026327418212337694,0.012564845009861384,91.0
4595,Marcus Calvin,Kansas,DT,DT,75,marcus calvin,-0.04738373053631954,-0.02435784814352327,118.0
4596,Stellan Bowman,Charlotte,MIKE,LB,60,stellan bowman,-0.04289037347249013,-0.03386316448993197,31.0
4597,Tra'Jon Townsend,Troy,LT,OL,70,trajon townsend,-0.01892181106234131,-0.008989707873713698,91.0
4599,Kasen Carpenter,Kansas,C,OL,70,kasen carpenter,-0.011228760810270919,-0.001296657621643306,91.0
4602,Jai-Ayviauynn Celestine,Florida International,CB,CB,81,jai ayviauynn celestine,0.12927206745027092,0.2504333920943711,659.5
4603,DeAndre Boykins,Florida International,SS,SAF,73,deandre boykins,-0.02593390726449354,0.011728066279161554,205.0
4608,Chidera Otutu,Cincinnati,DT,DT,74,chidera otutu,-0.06379372217741822,-0.0057411797040547155,297.5
4610,Asher Hale,Baylor,LG,OL,72,asher hale,-0.008213351696167178,0.0017187514924604337,91.0
4611,DJ Coleman,Florida,FS,SAF,80,dj coleman,0.17398725251521854,0.2822883910712414,589.5
4619,Jayden Scott,NC State,HB,RB,81,jayden scott,0.0538033284825489,0.3410244549178963,409.5
4620,Colin Cubberly,Wisconsin,LG,OL,73,colin cubberly,-0.004971690296053507,0.004960412892574106,91.0
4621,Montavious Cunningham,Virginia Tech,RG,OL,77,montavious cunningham,0.0675375302314763,0.13820826445824969,647.5
4622,Travis Wood,Air Force,FB,RB,66,travis wood,-0.09182675595665112,-0.05605562665701078,51.0
4624,Bruno Dall,UCF,LEDG,EDGE,81,bruno dall,0.24353546842929533,0.3460786989158584,525.5
4633,Ethan Davis,Tennessee,TE,TE,82,ethan davis,0.11405055351870752,0.20411511517709036,270.5
4636,Raesjon Davis,Oregon State,WILL,LB,75,raesjon davis,0.04277968883059853,0.19012703544912843,506.0
4638,Seth Davis,Tulsa,HB,RB,78,seth davis,-0.044470111872457294,-0.008698982572816961,51.0
4644,Khamani Debrow,Ohio,WR,WR,58,khamani debrow,-0.052964113920856516,-0.04457116862461674,37.5
4646,Justin Cryer,Texas,MIKE,LB,79,justin cryer,0.02976687267712845,0.08203732468903777,179.5
4648,Gabe VanSickle,Ohio State,RG,OL,75,gabe vansickle,0.008386931558867567,0.018319034747495182,91.0
4652,Jayden Parrish,Memphis,SAM,LB,65,jayden parrish,-0.15170646960466247,-0.09943601759275317,179.5
4655,Drew Dickey,Arkansas State,QB,QB,70,drew dickey,-0.04812071714236743,-0.015746896251980082,35.5
4658,Kalvin Dinkins,Mississippi State,DT,DT,84,kalvin dinkins,0.18487221847151605,0.27707331534097573,472.5
4660,Antoine Belgrave-Shorter,Arizona State,SS,SAF,72,antoine belgrave shorter,-0.026385553988334847,-0.008105718048853476,99.5
4663,Markus Dixon,Oregon,TE,TE,67,markus dixon,-0.024098363436787857,0.0005403706213279627,74.0
4667,Kendel Dolby,Mississippi State,FS,SAF,84,kendel dolby,0.08711992527104397,0.19542106382706678,589.5
4677,Davion Dozier,NC State,WR,WR,79,davion dozier,0.01540761414289065,0.07874637464518011,283.0
4681,Jonah Bowman,Air Force,WILL,LB,62,jonah bowman,-0.02169000348318901,-0.012662794500630853,31.0
4691,Cam East,Tulsa,RT,OL,76,cam east,-0.09219091588880404,-0.004930295017290025,799.5
4695,Bert Emanuel Jr.,San Diego State,WR,WR,77,bert emanuel,-0.031993794804858505,-0.007934018288971164,107.5
4697,Victor Evans III,Nebraska,CB,CB,73,victor evans,-0.03750035827607074,-0.015270608038108466,121.0
4698,Ikenna Ezeogu,Penn State,LEDG,EDGE,75,ikenna ezeogu,0.01714874122622043,0.07725019696334968,308.0
4699,Soane Faasolo,Washington,RT,OL,73,soane faasolo,-0.007512202868497067,0.002419900320130546,91.0
4701,Derrell Farrar,Liberty,WILL,LB,78,derrell farrar,0.0025589591885779935,0.19314954883645907,654.5
4703,Ali Fisher,Kent State,WR,WR,66,ali fisher,-0.11604320249679922,-0.09198342598091189,107.5
4705,Gabe Fisher,Vanderbilt,FB,RB,74,gabe fisher,-0.09297250532115023,-0.05720137602150989,51.0
4707,Zane Flores,Iowa State,QB,QB,68,zane flores,-0.043221993144125795,-0.010848172253738447,35.5
4708,Emory Floyd,Colorado,CB,CB,78,emory floyd,-0.009526178604795552,0.032728718541744306,230.0
4713,Travis Franklin Jr.,Wyoming,SS,SAF,70,travis franklin,-0.0009641975052905992,0.006017046371094247,38.0
4715,CJ Nelson,Ball State,WR,WR,72,cj nelson,-0.1729996434341699,-0.10966088293188045,283.0
4723,Gus Goodell,Kent State,TE,TE,61,gus goodell,-0.014633718300676708,-0.009972336181573716,14.0
4724,Aidan Gousby,Minnesota,FS,SAF,81,aidan gousby,0.12882282511280074,0.23712396366882355,589.5
4726,Kyle Mosley,UAB,DT,DT,64,kyle mosley,-0.04042182358353204,-0.03242130512501808,41.0
4727,Job Grant,Navy,SAM,LB,70,job grant,-0.2681516288220632,-0.1208042822035333,506.0
4734,Joshua Guerin,Navy,WR,WR,73,joshua guerin,-0.34094544726657533,-0.2500778261926195,406.0
4736,Drew Collins,South Carolina,LEDG,EDGE,75,drew collins,-0.05765616133832941,-0.03511811543690593,115.5
4737,Miles Hall,BYU,MIKE,LB,72,miles hall,-0.005480711587203317,0.0035464973953548383,31.0
4740,Austin Harnetiaux,Rice,WILL,LB,70,austin harnetiaux,-0.235023101014115,-0.08767575439558509,506.0
4742,Rodney Harris II,Oklahoma State,WR,WR,78,rodney harris,0.005531136297570534,0.013924081593810304,37.5
4743,Stephen Nnadozie,Army,FS,SAF,80,stephen nnadozie,0.07952040331518309,0.20389677448130258,677.0
4744,Jaden Harris,Kansas,FS,SAF,76,jaden harris,0.0041838804968795966,0.11248501905290241,589.5
4745,Mikal Harrison-Pilot,Texas Tech,FS,SAF,70,mikal harrison pilot,-0.016019499639800497,-0.00903825576341565,38.0
4746,Tank Hawkins,Washington State,WR,WR,79,tank hawkins,-0.16337475782158203,-0.10003599731929257,283.0
4749,Tyrell Henry,Wisconsin,WR,WR,73,tyrell henry,-0.008915886860746769,-0.0005229415645069985,37.5
4752,Demetrius Hill,Florida International,FS,SAF,82,demetrius hill,0.26307497928991386,0.38745135045603335,677.0
4829,Mo Horn,Oklahoma State,CB,CB,86,mo horn,0.37328078771696294,0.49444211236106306,659.5
4831,Grayson Howard,South Florida,MIKE,LB,78,grayson howard,0.13283557227250473,0.3234261619203858,654.5
4834,Colin Hurley,Michigan,QB,QB,68,colin hurley,-0.018846559858557647,-0.001519726142575684,19.0
4838,Barry Jackson Jr.,Rice,WR,WR,74,barry jackson,-0.2560433532523325,-0.13104442130700153,558.5
4842,Ja'Marley Riddle,Georgia,SS,SAF,87,jamarley riddle,0.29684818384862377,0.4051493224046466,589.5
4849,Zae Jennings,Buffalo,SS,SAF,72,zae jennings,-0.10763810971873593,-0.03957098192398367,370.5
4851,Franklyn Johnson Jr.,Boise State,CB,CB,68,franklyn johnson,-0.026792110641247372,-0.020178300653093305,36.0
4853,Greg Johnson,Minnesota,LG,OL,92,greg johnson,0.36560601442154894,0.452866635293063,799.5
4854,Hayes Johnson,Kentucky,C,OL,70,hayes johnson,-0.011481474692846202,-0.0015493715042185887,91.0
4855,Jamel Johnson,TCU,SS,SAF,90,jamel johnson,0.5653419222755502,0.6897182934416698,677.0
4858,Kameron Courtney,Virginia,WR,WR,79,kameron courtney,0.012684283742895616,0.051068020231032164,171.5
4862,Ace Kaufusi,BYU,SAM,LB,73,ace kaufusi,-0.04199978336635284,-0.019868561344597364,76.0
4865,Carson Kent,Pittsburgh,TE,TE,75,carson kent,-0.006810532838467217,0.08325402881991562,270.5
4875,Brandon Lawhorn Moore,Miami (OH),LG,OL,66,brandon lawhorn moore,-0.03561011478353835,-0.02567801159491074,91.0
4877,Na'Tori Brown,Louisiana,SAM,LB,63,natori brown,-0.030070844803892556,-0.0210436358213344,31.0
4880,Jayden Limar,Washington,HB,RB,83,jayden limar,0.30409090606329536,0.5913120324986428,409.5
4882,Chauncey Logan Jr.,Memphis,CB,CB,79,chauncey logan,0.24553396774869773,0.34400624979454714,536.0
4886,Jean Louis III,Akron,WR,WR,65,jean louis,-0.02598171860709529,-0.017588773310855524,37.5
4887,Colin Lyons,Akron,C,OL,76,colin lyons,0.022251529784391058,0.10951215065590508,799.5
4888,Chauncey Magwood,Purdue,WR,WR,76,chauncey magwood,-0.04847867385132723,0.01486008665096223,283.0
4891,Jonas Mann,Akron,RT,OL,67,jonas mann,-0.03373546840138892,-0.02380336521276131,91.0
4893,Marcus Mascoll,Georgia State,RT,OL,66,marcus mascoll,-0.028385028074720008,-0.018452924886092396,91.0
5109,Caleb McMickle,Western Kentucky,QB,QB,62,caleb mcmickle,-0.04191876080779971,-0.02185611124192586,22.0
5179,Isaiah McMorris,Missouri State,WR,WR,69,isaiah mcmorris,-0.02902838936912421,-0.02063544407288444,37.5
5318,Oliver Miles III,Texas Tech,SS,SAF,68,oliver miles,-0.030459134764301073,-0.023477890887916228,38.0
5388,Braden Miller,Duke,RT,OL,72,braden miller,-0.012696708267412156,-0.0027646050787845425,91.0
5459,Monroe Mills,Virginia,RT,OL,85,monroe mills,0.24367946394144835,0.32259056949505016,723.0
5528,Michael Molnar,Ohio,MIKE,LB,81,michael molnar,0.17254100916535658,0.31988835578388647,506.0
5529,Rino Monteforte,Kansas,TE,TE,57,rino monteforte,-0.015800964370892595,-0.011139582251789602,14.0
5541,Beni Ngoyi,Iowa State,CB,CB,74,beni ngoyi,0.08516526786989459,0.18363754991574402,536.0
5542,Terhyon Nichols,Kentucky,CB,CB,81,terhyon nichols,0.18455308508244342,0.30571440972654357,659.5
5544,Caleb Nitta,Oklahoma,C,OL,76,caleb nitta,-0.011577205509401719,-0.001645102320774106,91.0
5549,Kevin O'Connor,Duke,REDG,EDGE,75,kevin oconnor,-0.06702636518616586,-0.006924909449036609,308.0
5559,Jack Pedersen,Washington State,TE,TE,74,jack pedersen,-0.001686424356521242,0.05025469068491211,156.0
5560,Antwan Peek Jr.,Cincinnati,SS,SAF,85,antwan peek,0.4337595959160785,0.558135967082198,677.0
5565,Jojo Phillips,BYU,WR,WR,80,jojo phillips,0.06493542467149288,0.1558030457454488,406.0
5572,Trent Ramsey,App State,RG,OL,71,trent ramsey,-0.01911583311806467,-0.009183729929437058,91.0
5573,Cyler Corn,Louisiana Tech,LT,OL,66,cyler corn,-0.033295014089093876,-0.023362910900466258,91.0
5574,Armondous Cooley,Tulane,DT,DT,75,armondous cooley,-0.03872892771599531,0.01932361475736819,297.5
5577,Mudia Reuben,South Florida,WR,WR,80,mudia reuben,0.027475986509445265,0.09081474701173473,283.0
5580,Robert Williams,Florida International,LEDG,EDGE,70,robert williams,-0.11100961203133845,-0.06808000079053184,220.0
5582,Kimari Robinson,Duke,CB,CB,78,kimari robinson,-0.07277765315915802,0.04838367148494216,659.5
5593,William Sanders,Alabama,LG,OL,74,william sanders,0.005043419125786526,0.014975522314414139,91.0
5595,Faletau Satuala,BYU,SS,SAF,90,faletau satuala,0.6957398673496108,0.8201162385157303,677.0
5601,Beau Sparks,Texas State,WR,WR,89,beau sparks,0.6000291803490274,0.7250281122943584,558.5
5602,Jamaal Shaw,Houston,CB,CB,69,jamaal shaw,-0.025825294797388557,-0.003595544559426279,121.0
5608,Terry Simmons Jr.,South Florida,DT,DT,79,terry simmons,0.07779166915302163,0.16999276602248128,472.5
5609,Sincere Edwards,UCF,LEDG,EDGE,81,sincere edwards,0.1365436339950965,0.22084177970431676,432.0
5610,Jace J. Gilbert,Iowa State,LEDG,EDGE,72,jace j gilbert,-0.05586631209729125,-0.033328266195867776,115.5
5612,Luke Skartvedt,Northern Illinois,LG,OL,66,luke skartvedt,-0.029608246884141473,-0.01967614369551386,91.0
5613,Hunter Smith,Temple,HB,RB,81,hunter smith,-0.100395373417209,0.18682575301813842,409.5
5614,Venson Sneed Jr.,Western Kentucky,LEDG,EDGE,70,venson sneed,-0.05464441275591201,0.047898817730651064,525.5
5615,Owen Snively,Boston College,LG,OL,75,owen snively,0.006518297519609126,0.08542940307321092,723.0
5618,Lamar Sperling,UTEP,HB,RB,77,lamar sperling,-0.27374821744283495,0.013472908992512484,409.5
5620,Tre Spivey,Arizona,WR,WR,80,tre spivey,0.060339802448396825,0.1853387343937278,558.5
5624,Ryan Staub,Tennessee,QB,QB,73,ryan staub,-0.12904605804703015,-0.0351163805340753,103.0
5629,AJ Swann,Mississippi State,QB,QB,74,aj swann,-0.08934885628646583,0.004580821226489008,103.0
5632,Joey Tanona,Purdue,LT,OL,78,joey tanona,-0.0031443137230715706,0.08411630714844245,799.5
5639,Colton Thomasson,UNLV,LG,OL,72,colton thomasson,-0.00808945453928003,0.0018426486493475832,91.0
5643,Tyler Thompson,Louisville,REDG,EDGE,80,tyler thompson,0.11558278123866013,0.1998809269478804,432.0
5651,Zion Tracy,Penn State,CB,CB,75,zion tracy,-0.04783034294231197,-0.005575445795772112,230.0
5654,Ikinasio Tupou,San José State,RT,OL,64,ikinasio tupou,-0.033601700449512675,-0.02366959726088506,91.0
5656,Gary Rutherford,Wyoming,WILL,LB,68,gary rutherford,-0.003155113065793501,0.04911533894611582,179.5
5657,Devin Turner,Baylor,SS,SAF,80,devin turner,0.10629788536608135,0.1743650131608336,370.5
5658,Cade Uluave,BYU,WILL,LB,86,cade uluave,0.42714606244734526,0.5744934090658751,506.0
5660,Kelby Valsin,Florida Atlantic,WR,WR,80,kelby valsin,0.05647294817590551,0.11981170867819498,283.0
5661,Alex VanSumeren,USC,DT,DT,83,alex vansumeren,0.13646590289301216,0.21286109744199305,391.5
5667,Tamarus Walker,UConn,LG,OL,70,tamarus walker,-0.04706135891256924,0.009311512482223746,516.5
5679,Demond Williams Jr.,Washington,QB,QB,88,demond williams,1.4596536833255584,2.0952748991171073,697.0
5683,Justice Williams,Washington,WR,WR,72,justice williams,-0.027151539708988443,-0.018758594412748672,37.5
5686,Davion Pritchard,Kent State,CB,CB,71,davion pritchard,-0.3121922617128638,-0.21371997966701436,536.0
5698,Mychal Yharbrough,Miami (OH),CB,CB,80,mychal yharbrough,0.3056366962614634,0.42679802090556357,659.5
5699,Cooper Young,UAB,LG,OL,71,cooper young,-0.020478015147110843,-0.01054591195848323,91.0
5700,Jason Zandamela,Florida,C,OL,75,jason zandamela,0.007422364580309559,0.017354467768937173,91.0
5701,Quaron Adams,California,WR,WR,71,quaron adams,-0.04117193089318103,-0.032778985596941264,37.5
5702,Antwan Roberts,Arizona,HB,RB,81,antwan roberts,-0.04983924556691613,0.03573090687536076,122.0
5710,Jomarion Briggs,Fresno State,CB,CB,75,jomarion briggs,-0.12205154351903028,-0.023579261473180853,536.0
5712,Isaiah Brown-Murray,Virginia Tech,CB,CB,85,isaiah brown murray,0.14218677453333464,0.21098877010454847,374.5
5719,DeAndre Carter,Iowa State,LG,OL,73,deandre carter,-0.08602751007993448,-0.029654638685141496,516.5
5725,Demetrius Freeney Jr.,Boise State,CB,CB,74,demetrius freeney,-0.020231622779520106,0.022023274367019754,230.0
5734,Shamar Easter,North Carolina,TE,TE,74,shamar easter,0.00960954031231416,0.03424827437042998,74.0
5736,Albert Smith III,Arizona State,LEDG,EDGE,68,albert smith,-0.042082343204795244,-0.03486236313247777,37.0
5738,Brooks Edmonson,Arkansas,RG,OL,71,brooks edmonson,-0.01922258563400519,-0.009290482445377578,91.0
5743,Kade Eldridge,Washington,TE,TE,74,kade eldridge,-0.024009467748017824,0.0006292663100979957,74.0
5748,Da'Marion Alberic,Massachusetts,HB,RB,71,damarion alberic,-0.09165230903213517,-0.05588117973249483,51.0
5753,Karmello English,Coastal Carolina,WR,WR,74,karmello english,-0.05959765746665141,-0.02121392097851486,171.5
5756,Brett Eskildsen,Penn State,WR,WR,82,brett eskildsen,0.1304503700124832,0.2213179910864391,406.0
5757,Enow Etta,Michigan,DT,DT,78,enow etta,0.04983987045129317,0.10789241292465666,297.5
5758,Cornell Evans,Buffalo,DT,DT,75,cornell evans,-0.055465436353651996,0.036735660515807664,472.5
5759,Luke Evans,Kennesaw State,CB,CB,75,luke evans,-0.05576226304157826,0.04271001900427115,536.0
5761,Troy Everett,Ole Miss,LG,OL,78,troy everett,-0.016884386866904362,0.06202671868669745,723.0
5767,Amare Ferrell,Indiana,FS,SAF,90,amare ferrell,0.6147881908618184,0.7391645620279379,677.0
5768,Vincent Fiacable,Florida Atlantic,C,OL,85,vincent fiacable,0.1181648045996864,0.2054254254712004,799.5
5770,Mark Fletcher Jr.,Miami,HB,RB,93,mark fletcher,0.6943558863925297,0.9815770128278771,409.5
5771,Kirk Francis,Texas Tech,QB,QB,73,kirk francis,-0.17298099640708936,-0.07905131889413451,103.0
5772,Nate Frazier,Georgia,HB,RB,90,nate frazier,0.6185810037483029,0.9058021301836503,409.5
5775,Tyler Gibson,UCF,LG,OL,72,tyler gibson,-0.008320580537821694,0.0016115226508059194,91.0
5780,Caden Yates,Oklahoma State,TE,TE,64,caden yates,-0.02363804133199908,-0.011152196370116064,37.5
5785,Shadarian Harrison,Pittsburgh,CB,CB,75,shadarian harrison,-0.08181905541150146,-0.01301705984028764,374.5
5788,Cameron Lindsey,Pittsburgh,SAM,LB,76,cameron lindsey,-0.003800575589599149,0.14354677102893074,506.0
5796,Elias Johnson,Washington,CB,CB,71,elias johnson,-0.016136695916141242,-0.009522885927987177,36.0
5799,Kyler Jordan,Baylor,REDG,EDGE,75,kyler jordan,-0.0029866782778669027,0.004233301794450574,37.0
5805,RJ Lester,UTSA,CB,CB,70,rj lester,-0.04174532354779313,-0.01951557330983086,121.0
5807,Rayshon Luke,Fresno State,HB,RB,84,rayshon luke,0.010861626091171675,0.1788456548610513,239.5
5808,Isaiah Marshall,Kansas,QB,QB,74,isaiah marshall,-0.11524946669111079,-0.021319789178155944,103.0
5810,Bobby Arnold III,Utah State,FS,SAF,73,bobby arnold,-0.05512459555771476,0.01294253223703749,370.5
5813,Cade McConnell,Vanderbilt,LG,OL,80,cade mcconnell,0.11410974361971714,0.19886005269630333,776.5
5815,Tommy McIntosh,Central Michigan,WR,WR,79,tommy mcintosh,0.03095338312914928,0.12182100420310518,406.0
5820,Adam Mohammed,California,HB,RB,81,adam mohammed,0.00374845625257144,0.29096958268791884,409.5
5822,Kamari Moulton,Iowa,HB,RB,88,kamari moulton,0.35064352605030574,0.6378646524856532,409.5
5825,John Wayne Oliver,Ole Miss,C,OL,71,john wayne oliver,-0.012648521464190387,-0.0027164182755627744,91.0
5831,Payton Pierce,Ohio State,MIKE,LB,83,payton pierce,0.2972127253971232,0.4878033150450043,654.5
5835,Marcus Ramon-Edwards,Texas Tech,SS,SAF,70,marcus ramon edwards,-0.019832198230440086,-0.001552362290958712,99.5
5837,Riley Robell,UCLA,C,OL,79,riley robell,0.07665565022494497,0.15556675577854678,723.0
5841,Jeffery Rush,Southern Miss,DT,DT,75,jeffery rush,-0.11226561438436494,-0.02006451751490528,472.5
5842,Markell Samuel,Georgia Tech,LT,OL,80,markell samuel,0.034184032928063254,0.11309513848166505,723.0
5844,Jairus Satele,Fresno State,DT,DT,74,jairus satele,-0.03658354124062588,0.02146900123273762,297.5
5846,Kebba Secka,Georgia Southern,LEDG,EDGE,70,kebba secka,-0.008200211199405123,0.01433783470201835,115.5
5847,Jatavius Shivers,Purdue,RT,OL,77,jatavius shivers,0.07674812672581884,0.16149843580240503,776.5
5849,Andrew Richard,Louisiana Tech,C,OL,67,andrew richard,-0.009149287535944312,0.0007828156526832998,91.0
5855,Jaron Tibbs,Kansas State,WR,WR,84,jaron tibbs,0.31631092445564396,0.4413098564009749,558.5
5858,Vaboue Toure,Penn State,SS,SAF,74,vaboue toure,-0.01232834568198097,0.025333627861674122,205.0
5859,Poasa Utu,Nevada,REDG,EDGE,71,poasa utu,-0.1888403413059318,-0.12873888556880256,308.0
5860,Sesi Vailahi,Utah State,HB,RB,77,sesi vailahi,0.022823187858417023,0.19080721662829664,239.5
5861,Nathan VanTimmeren,Central Michigan,REDG,EDGE,68,nathan vantimmeren,-0.11332416827033898,-0.05322271253320972,308.0
5862,Rusty VanWetzinga,Central Michigan,FB,RB,71,rusty vanwetzinga,-0.14674430689942264,-0.11097317759978231,51.0
5864,Leland Smith,UCLA,WR,WR,78,leland smith,-0.021993881920307153,0.0020658945955801876,107.5
5872,Hank Zilinskas,Rutgers,C,OL,74,hank zilinskas,-0.003530897219523139,0.006401205969104474,91.0
5873,Jason Abbey,Virginia Tech,REDG,EDGE,71,jason abbey,-0.017733181408440435,-0.010513201336122959,37.0
5878,Khalil Conley,App State,CB,CB,67,khalil conley,-0.02899960526704918,-0.02238579527889512,36.0
5879,Kyle Altuner,Virginia Tech,C,OL,74,kyle altuner,-0.0033053549276395393,0.006626748260988073,91.0
5950,Liam Andrews,Penn State,DT,DT,75,liam andrews,-0.031166831966702575,0.010006567905161953,211.0
5952,Josh Atkins,Missouri,RT,OL,83,josh atkins,0.12908439912350494,0.20799550467710676,723.0
5953,Sone Aupiu,New Mexico State,MIKE,LB,80,sone aupiu,0.25139549033263797,0.44198607998051903,654.5
5955,Cameron Ball,West Virginia,TE,TE,72,cameron ball,-0.021218295927387814,0.030722819114045535,156.0
5959,Jacory Barney Jr.,Nebraska,WR,WR,87,jacory barney,0.3337880287008004,0.4587869606461314,558.5
5961,Rocco Becht,Penn State,QB,QB,88,rocco becht,0.9912899934596643,1.626911209251213,697.0
5965,Henry Belin IV,Missouri State,QB,QB,72,henry belin,-0.13900207785225274,-0.04507240033929791,103.0
5972,Vaughn Blue,Central Michigan,HB,RB,78,vaughn blue,-0.13056965979874377,0.15665146663660365,409.5
5974,Jacob Bostick,San Diego State,WR,WR,78,jacob bostick,0.007627230603213565,0.07096599110550303,283.0
5976,Drayk Bowen,Notre Dame,MIKE,LB,91,drayk bowen,0.6002771933986869,0.790867783046568,654.5
5982,Ben Black,Rutgers,WR,WR,80,ben black,0.0065180414495780575,0.09738566252353396,406.0
5984,Dakyus Brinkley,Kansas,REDG,EDGE,72,dakyus brinkley,-0.077085417711184,-0.05454737180976053,115.5
5989,Mario Buford,Nebraska,FS,SAF,76,mario buford,-0.061311292092645235,0.006755835702107011,370.5
5990,Latrell Bullard,Georgia Southern,DT,DT,84,latrell bullard,0.27837503408361125,0.3705761309530709,472.5
5992,Nate Burrell,California,LEDG,EDGE,80,nate burrell,0.20909195358364346,0.3116351840702066,525.5
5996,Cam Calhoun,Ohio State,CB,CB,85,cam calhoun,0.15878118445281203,0.22758318002402583,374.5
6002,Sailasa Vadrawale III,Oregon State,CB,CB,76,sailasa vadrawale,0.03885461566827703,0.08110951281481689,230.0
6003,Aaron Chiles,Florida,WILL,LB,78,aaron chiles,0.1260634150307591,0.273410761649289,506.0
6006,Quentin Clark,Indiana,LEDG,EDGE,75,quentin clark,-0.06051560548593522,-0.01758599424512861,220.0
6009,Colin Coates,Mississippi State,DT,DT,78,colin coates,0.011005693806123911,0.05217909367798844,211.0
6010,David Coffey,Iowa State,CB,CB,72,david coffey,-0.05960946451404809,-0.037379714276085815,121.0
6013,Tristan Cook,Ball State,RT,OL,72,tristan cook,0.00030763245181087074,0.010239735640438483,91.0
6015,Manny Covey,Memphis,HB,RB,77,manny covey,-0.1303818883063842,-0.0448117358641073,122.0
6022,Arkese Parks,South Florida,WR,WR,71,arkese parks,-0.031187674050273128,-0.02279472875403336,37.5
6023,Ashton Daniels,Florida State,QB,QB,77,ashton daniels,0.21145022582749745,0.8470714416190464,697.0
6039,Deven Dyer,New Mexico,DT,DT,66,deven dyer,-0.16503740602019648,-0.10698486354683298,297.5
6040,Marques Easley,Purdue,LG,OL,71,marques easley,-0.008016603785185825,0.001915499403441788,91.0
6042,Cam Edwards,Michigan State,HB,RB,90,cam edwards,0.6216660428220158,0.9088871692573632,409.5
6049,Kade Martin,UAB,C,OL,68,kade martin,-0.018995373533371003,-0.009063270344743388,91.0
6055,Palaie Faoa,Boston College,MIKE,LB,66,palaie faoa,-0.02032841483921481,-0.011301205856656654,31.0
6062,Tre'Quon Fegans,Jacksonville State,CB,CB,84,trequon fegans,0.40243211151448105,0.5235934361585812,659.5
6064,Noah Fernandez,Florida International,RT,OL,52,noah fernandez,-0.08372445566796942,-0.07379235247934181,91.0
6068,Sammy Brown,Clemson,MIKE,LB,90,sammy brown,0.7166030922182988,0.9071936818661798,654.5
6071,Zuriah Fisher,USC,REDG,EDGE,83,zuriah fisher,0.19844302476573922,0.2827411704749595,432.0
6072,Kam Davis,Liberty,HB,RB,81,kam davis,0.014403036051456274,0.09997318849373317,122.0
6073,C.J. Fite,Arizona State,DT,DT,88,c j fite,0.3080556198985673,0.40025671676802693,472.5
6075,George Fitzpatrick,Kansas State,RT,OL,75,george fitzpatrick,0.036929379391949575,0.09330225078674256,516.5
6078,Mehki Flowers,Akron,FS,SAF,72,mehki flowers,-0.14432684405498342,-0.01995047288886392,677.0
6079,Edward Fonua,Fresno State,LG,OL,75,edward fonua,-0.01855833937344916,0.06035276618015265,723.0
6080,Mylachi Williams,Virginia Tech,LEDG,EDGE,77,mylachi williams,-0.050687805708534615,0.009413650028594645,308.0
6082,Justin Scott,Miami,DT,DT,87,justin scott,0.3139350964061253,0.3903302909551062,391.5
6085,Wilkin Formby,Texas A&M,RT,OL,86,wilkin formby,0.23462615182855243,0.3193764609051386,776.5
6090,Gavin Freeman,Baylor,WR,WR,82,gavin freeman,0.2053176372351827,0.33031656918051366,558.5
6098,K'Von Sherman,UConn,WILL,LB,84,kvon sherman,0.29761764254637524,0.48820823219425635,654.5
6102,Holden Geriner,Pittsburgh,QB,QB,72,holden geriner,-0.10217038363995043,-0.008240706126995574,103.0
6103,Jayden Studio,James Madison,WILL,LB,69,jayden studio,-0.17262769076902781,-0.12035723875711848,179.5
6104,Corey Gordon,Kansas,SS,SAF,76,corey gordon,-0.03336028983483104,0.09101608133128847,677.0
6105,Damaine Wilson,Cincinnati,WILL,LB,71,damaine wilson,-0.04155564374036007,-0.01942442171860459,76.0
6106,Reed Jesiolowski,Kennesaw State,TE,TE,71,reed jesiolowski,-0.08192127455763888,0.008143287100743954,270.5
6107,Gunnar Gottula,Nebraska,RT,OL,81,gunnar gottula,0.0902286507903105,0.1608993850170839,647.5
6112,Marquis Groves-Killebrew,California,CB,CB,78,marquis groves killebrew,-0.04011328973825157,0.02868870583296225,374.5
6113,Mateo Guevara,Kennesaw State,C,OL,82,mateo guevara,0.14254435312112862,0.22980497399264263,799.5
6122,Ira Singleton IV,SMU,REDG,EDGE,72,ira singleton,-0.02670696086955778,-0.019486980797240303,37.0
6124,Jordon Harris,Missouri,TE,TE,76,jordon harris,-0.027263174475308523,0.02467794056612483,156.0
6127,Robby Harrison,Colorado State,DT,DT,76,robby harrison,-0.03500419514364981,0.057196901725809844,472.5
6131,River Helms,Georgia Southern,TE,TE,82,river helms,0.10776618708060375,0.1978307487389866,270.5
6133,Pape Abdoulaye Sy,Boston College,LT,OL,73,pape abdoulaye sy,-0.018602911013808673,-0.008670807825181061,91.0
6135,Martel Hight,Vanderbilt,CB,CB,86,martel hight,0.39344007439211076,0.5146013990362109,659.5
6138,Luke Hodge,Troy,WILL,LB,72,luke hodge,-0.0662845338817138,0.024424356378507664,311.5
6139,Chico Holt,Stanford,TE,TE,70,chico holt,-0.07155592402614769,-0.01961480898471434,156.0
6142,TJ Horton,Ball State,HB,RB,76,tj horton,-0.5991910027605641,-0.3119698763252168,409.5
6143,Zac Clarke,Cincinnati,LT,OL,63,zac clarke,-0.044780315223369824,-0.034848212034742206,91.0
6150,KJ Jackson,Arkansas,QB,QB,74,kj jackson,-0.5845527747367425,0.05106844105480643,697.0
6160,Melvin Jordan IV,Georgia Tech,MIKE,LB,76,melvin jordan,0.0916771519334245,0.182386042193646,311.5
6162,Noah Wily,Hawai'i,REDG,EDGE,66,noah wily,-0.09667493694682958,-0.0741368910454061,115.5
6164,Alonzo Jackson Jr.,Louisiana Tech,SAM,LB,72,alonzo jackson,-0.15071818078817564,-0.06000929052795417,311.5
6165,Rylan Kennedy,Florida State,REDG,EDGE,78,rylan kennedy,0.03658312318215607,0.09668457891928534,308.0
6166,Tucker Kilcrease,Troy,QB,QB,75,tucker kilcrease,-0.07577924562831309,0.01815043188464176,103.0
6169,Tommy Kinsler IV,Ole Miss,RT,OL,77,tommy kinsler,0.013111703840958963,0.06948457523575195,516.5
6170,Joshua Clarke,Virginia Tech,CB,CB,68,joshua clarke,-0.02484891010070053,-0.018235100112546462,36.0
6171,Jacob Knuth,Kansas State,QB,QB,71,jacob knuth,-0.03511772969789492,-0.0027439088075075714,35.5
6172,Nick Krahe,West Virginia,LG,OL,78,nick krahe,0.056497734862823154,0.11287060625761614,516.5
6173,Jaylin Lackey,Vanderbilt,CB,CB,76,jaylin lackey,-0.020681703578710645,0.021573193567829215,230.0
6181,Damarjhe Lewis,Washington State,DT,DT,75,damarjhe lewis,-0.06037173105268867,0.01602346349629219,391.5
6184,Sterling Lockett,Kansas State,WR,WR,73,sterling lockett,-0.02327602443552689,-0.014883079139287122,37.5
6188,Nathan Jennings,Florida International,DT,DT,62,nathan jennings,-0.033894473049504985,-0.025893954590991027,41.0
6192,Nikai Martinez,Michigan State,FS,SAF,81,nikai martinez,0.14481485457864923,0.2691912257447687,677.0
6195,Ryan McCulloch,UCLA,REDG,EDGE,79,ryan mcculloch,0.08131393621031814,0.1414153919474474,308.0
6198,Elijah Groves,Sam Houston,WILL,LB,73,elijah groves,-0.13358538328929268,-0.042876493029071205,311.5
6200,Abdul Muhammad,SMU,FS,SAF,71,abdul muhammad,-0.05566201147829255,-0.018000037934637447,205.0
6203,Xavier Daisy,Kentucky,WR,WR,72,xavier daisy,-0.011522347178605976,-0.0031294018823662065,37.5
6225,Samson Okunlola,Miami,LG,OL,85,samson okunlola,0.33922165812824745,0.42648227899976143,799.5
6226,Jayden O'Rourke,Nevada,TE,TE,64,jayden orourke,-0.023619500809720185,-0.011133655847837168,37.5
6229,Jayvon Parker,Maryland,DT,DT,82,jayvon parker,0.1348048901570869,0.22700598702654656,472.5
6307,Austin Ramsey,Kansas State,DT,DT,76,austin ramsey,0.0014564959778062322,0.07785169052678709,391.5
6311,Davion Rhodes,North Texas,REDG,EDGE,73,davion rhodes,-0.03707739445484737,0.005852216785959254,220.0
6313,Malachi Riley,San José State,WR,WR,76,malachi riley,-0.03888175354900393,0.02445700695328553,283.0
6325,Terrence Salami,Rutgers,C,OL,74,terrence salami,0.000714005062672014,0.010646108251299628,91.0
6328,Jordan Sample,Texas State,SAM,LB,64,jordan sample,-0.07867731825117191,-0.056546096229416434,76.0
6334,Junior Sherrill,Vanderbilt,WR,WR,87,junior sherrill,0.5181467218338534,0.6431456537791843,558.5
6335,Colin Simmons,Texas,REDG,EDGE,95,colin simmons,0.4631191499450516,0.5656623804316147,525.5
6346,KK Smith,Michigan State,WR,WR,77,kk smith,-0.027406598900285566,0.035932161602003895,283.0
6352,DaShawn Stone,Duke,SS,SAF,76,dashawn stone,0.038100507061797045,0.16247687822791654,677.0
6353,Josiah Martin,North Texas,WR,WR,72,josiah martin,-0.02292181891113385,-0.014528873614894078,37.5
6356,Drew Surges,Iowa State,SS,SAF,74,drew surges,-0.040534750544875355,0.06776638801114745,589.5
6361,Kevin Terry,Temple,LT,OL,73,kevin terry,-0.03281346534883841,0.023559406045954582,516.5
6362,Shamar Riser-Pressley,UConn,REDG,EDGE,66,shamar riser pressley,-0.022917719652725002,-0.015697739580407526,37.0
6364,Will Thomas,UNLV,LT,OL,80,will thomas,0.07976817657677715,0.15867928213037896,723.0
6367,Nicholas Thompson,Toledo,FS,SAF,72,nicholas thompson,-0.12882200834715135,-0.02052086979112853,589.5
6578,Tommy Ulatowski,App State,QB,QB,71,tommy ulatowski,-0.08154083340380008,0.012388844109154766,103.0
6649,Noah Vaughn,Virginia,HB,RB,79,noah vaughn,-0.030850608354640745,0.004920520944999591,51.0
6655,DJ Warner,Washington State,MIKE,LB,70,dj warner,-0.14991487967910963,-0.05920598941888814,311.5
6656,Travis Anderson,Boise State,FS,SAF,69,travis anderson,-0.017961204839326415,-0.010979960962941569,38.0
6659,Brady Wayburn,UCF,RG,OL,76,brady wayburn,0.01441203543791231,0.09332314099151412,723.0
6660,Kevo Wesley,Vanderbilt,RG,OL,75,kevo wesley,-0.045427309775776435,0.010945561619016555,516.5
6663,Jelani Whitmore,San Diego State,CB,CB,75,jelani whitmore,-0.09498801745159585,0.026173307192504325,659.5
6669,Lance Williams,Louisiana,REDG,EDGE,67,lance williams,-0.3711946736021732,-0.2868965278929529,432.0
6670,Myles Williams,Nevada,LEDG,EDGE,73,myles williams,0.0024106892113152844,0.08670883492053555,432.0
6671,Gernorris Wilson,Oregon,RT,OL,74,gernorris wilson,-0.004050032895724885,0.005882070292902729,91.0
6676,Brennan Wooten,Western Michigan,TE,TE,69,brennan wooten,-0.06524940620022092,-0.013308291158787573,156.0
6688,Kaj Sanders,Rutgers,SS,SAF,79,kaj sanders,0.0696752258501019,0.1940515970162214,677.0
6692,Zaire Angoy,Rutgers,DT,DT,78,zaire angoy,0.038734306663945735,0.09678684913730923,297.5
6696,Jaiden Ausberry,Notre Dame,WILL,LB,81,jaiden ausberry,0.1190515572084007,0.20976044746862219,311.5
6700,Tiger Bachmeier,BYU,WR,WR,79,tiger bachmeier,0.018610645032130373,0.08194940553441983,283.0
6701,Jordyn Bailey,Iowa State,WR,WR,75,jordyn bailey,-0.0534055556567993,-0.02934577914091196,107.5
6703,Gatlin Bair,Oregon,WR,WR,81,gatlin bair,0.022232039485328627,0.04629181600121597,107.5
6708,Cam Barfield,Hawai'i,HB,RB,78,cam barfield,-0.2300067290516566,0.05721439738369083,409.5
6714,TJ Engleman Jr.,East Carolina,HB,RB,72,tj engleman,-0.08872773380111346,-0.05295660450147312,51.0
6717,Jamir Benjamin,Rice,CB,CB,69,jamir benjamin,-0.2542867901986547,-0.1854847946274409,374.5
6788,Rasheem Biles,Texas,MIKE,LB,92,rasheem biles,0.7681045643414369,0.9586951539893179,654.5
6791,Doug Blue-Eli,Rutgers,DT,DT,78,doug blue eli,0.028522753521046072,0.10491794807002694,391.5
6792,Jarvis Boatwright Jr.,Florida State,FS,SAF,68,jarvis boatwright,-0.025962953647335713,-0.01898170977095087,38.0
6796,Amier Boyd,Texas Tech,CB,CB,79,amier boyd,0.1657497413600583,0.2642220234059077,536.0
6800,Devin Brooks,Oregon,C,OL,74,devin brooks,-0.0012846973008884205,0.008647405887739192,91.0
6804,Guerby Lambert,Notre Dame,RT,OL,82,guerby lambert,0.14088020238078364,0.21155093660755703,647.5
6805,Jayce Brown,LSU,WR,WR,88,jayce brown,0.3683033827644887,0.45917100383844456,406.0
6806,Kyrik Mason,UAB,RT,OL,72,kyrik mason,-0.09702609223036615,-0.04065322083557316,516.5
6808,Keith Brown,Washington State,WILL,LB,76,keith brown,0.05625929011038845,0.24684987975826952,654.5
6809,Kerry Brown,Minnesota,SS,SAF,87,kerry brown,0.369430961438019,0.49380733260413856,677.0
6815,Kamari Burns,Kansas State,DT,DT,77,kamari burns,-0.02056570861652859,0.07163538825293107,472.5
6816,Justin Content,UTEP,CB,CB,73,justin content,0.013672880319771746,0.1348342049638719,659.5
6827,Talan Chandler,Arkansas State,LG,OL,68,talan chandler,-0.02842496659149155,-0.01849286340286394,91.0
6831,Mister Clark,Purdue,CB,CB,78,mister clark,0.07035985878827364,0.16883214083412304,536.0
6834,Jeremiah Cobb,Auburn,HB,RB,88,jeremiah cobb,0.3001554651911451,0.5873765916264925,409.5
6838,Malachi Coleman,Wisconsin,WR,WR,77,malachi coleman,-0.05658012889291056,0.006758631609378906,283.0
6839,Reed Harris,Arizona State,WR,WR,87,reed harris,0.26177348801157757,0.3526411090855335,406.0
6842,Charlie Collins,Arkansas,REDG,EDGE,78,charlie collins,0.18097720023223446,0.26527534594145474,432.0
6847,Percy Courtney Jr.,Florida International,MIKE,LB,66,percy courtney,-0.05559902479130679,-0.03346780276955131,76.0
6849,Keenan Jackson,NC State,WR,WR,81,keenan jackson,0.17150190276696586,0.26236952384092177,406.0
6851,Terrell Crosby Jr.,Toledo,WR,WR,77,terrell crosby,-0.052489878368311864,0.03837774270564404,406.0
6857,Jaelyn Davis-Robinson,SMU,CB,CB,76,jaelyn davis robinson,-0.06500465341510114,0.003797342156112671,374.5
6860,Chris Dawn Jr.,Texas State,WR,WR,86,chris dawn,0.3006603950926382,0.3915280161665941,406.0
6863,Landon Dean,Oklahoma State,REDG,EDGE,76,landon dean,0.02260971370553596,0.06553932494634257,220.0
6865,Nick Deloach Jr.,Missouri,CB,CB,72,nick deloach,-0.06296048919979089,-0.040730738961828626,121.0
6868,Andrew Dennis,Michigan State,LG,OL,67,andrew dennis,-0.017715564760854764,-0.0077834615722271495,91.0
6869,Dru DeShields,Kent State,QB,QB,75,dru deshields,-0.019972600836833127,0.6156486149547157,697.0
6870,Micah Gilbert,Notre Dame,WR,WR,81,micah gilbert,0.07692658491035319,0.14026534541264266,283.0
6874,Deuce Adams,Wisconsin,QB,QB,65,deuce adams,-0.03062685195802747,-0.013300018242045507,19.0
6877,Connor Drake,Old Dominion,RG,OL,68,connor drake,-0.19219531602188866,-0.1358224446270957,516.5
6878,TJ Dottery,LSU,WILL,LB,85,tj dottery,0.1997190760874145,0.3470664227059444,506.0
6879,KJ Duff,Rutgers,WR,WR,92,kj duff,0.5058252095722958,0.6308241415176268,558.5
6881,Brock Glenn,Western Kentucky,QB,QB,72,brock glenn,-0.11034743708118754,-0.0164177595682327,103.0
6888,Billy Edwards Jr.,North Carolina,QB,QB,77,billy edwards,0.1082658854948112,0.74388710128636,697.0
6891,Kalan Ellis,San Diego State,RG,OL,84,kalan ellis,0.1453240710639711,0.23258469193548514,799.5
6906,Peter Pesansky,North Carolina,DT,DT,68,peter pesansky,-0.0649186590156942,-0.04189277662289793,118.0
6913,Rico Steele,Kent State,RG,OL,61,rico steele,-0.0422356281416752,-0.032303524953047585,91.0
6917,Andrew Gentry,BYU,LT,OL,84,andrew gentry,0.20581622795150542,0.2905665370280916,776.5
6919,Rickey Gibson III,Texas A&M,CB,CB,86,rickey gibson,0.21338965049261874,0.28219164606383257,374.5
6920,Jacquon Gibson,Virginia,WR,WR,80,jacquon gibson,0.09573516511672826,0.15907392561901773,283.0
6921,Jayden Gibson,South Carolina,WR,WR,79,jayden gibson,0.003601114852777376,0.011994060149017147,37.5
6923,Javae Gilmore,Marshall,SAM,LB,75,javae gilmore,0.13841854562793898,0.32900913527582004,654.5
6924,Dominick Giudice,Missouri,C,OL,86,dominick giudice,0.29374381577313646,0.3784941248497226,776.5
6927,Jaylon Glover,UNLV,HB,RB,83,jaylon glover,-0.00907149195238638,0.15891253681749323,239.5
7000,Grant Godfrey,Kentucky,MIKE,LB,77,grant godfrey,0.12464121955463721,0.31523180920251825,654.5
7003,Salahadin Allah,Iowa State,HB,RB,78,salahadin allah,-0.17502394469373542,0.11219718174161199,409.5
7005,Chukwunedu Okeke,James Madison,DT,DT,72,chukwunedu okeke,-0.05057004900343534,-0.009396649131570817,211.0
7009,Trevor Goosby,Texas,LT,OL,94,trevor goosby,0.46511536802160774,0.5523759888931217,799.5
7012,Omar Graham Jr.,Florida State,MIKE,LB,76,omar graham,0.015958129773860824,0.06822858178577015,179.5
7014,Brian Grant,Memphis,RT,OL,72,brian grant,0.00119359017951366,0.011125693368141273,91.0
7018,Kyion Grayes,California,WR,WR,79,kyion grayes,-0.030409963351002985,0.007973773137133563,171.5
7019,Lamont Green Jr.,Florida International,REDG,EDGE,70,lamont green,-0.20569542996211726,-0.14559397422498802,308.0
7020,AJ Green,Western Michigan,HB,RB,79,aj green,-0.03184191916793459,0.13614210960194503,239.5
7022,Cayden Green,Missouri,LT,OL,96,cayden green,0.5263168863534883,0.6135775072250023,799.5
7023,Jarvis Green,Clemson,HB,RB,78,jarvis green,-0.033240624104221454,-0.014302967416176569,27.0
7025,Jamari Howard,Florida State,CB,CB,77,jamari howard,-0.023353018399618477,0.045448977171595344,374.5
7026,Stephiylan Green,LSU,DT,DT,81,stephiylan green,0.09190624051108005,0.1330796403829446,211.0
7027,Earnest Greene III,Georgia,LT,OL,92,earnest greene,0.41460786182304143,0.5018684826945554,799.5
7028,Sam Greene,Kentucky,REDG,EDGE,79,sam greene,0.04652593718016865,0.1308240828893889,432.0
7032,Tre Griffiths,Hawai'i,WR,WR,67,tre griffiths,-0.023831087658004943,-0.015438142361765174,37.5
7033,AJ Thomas,Arkansas State,REDG,EDGE,69,aj thomas,-0.1496718047230656,-0.04712857423650254,525.5
7034,Jadon Porter,Baylor,WR,WR,72,jadon porter,-0.015339628807007332,-0.006946683510767563,37.5
7038,Julius Tate,South Florida,RG,OL,78,julius tate,0.06329640479516684,0.14220751034876866,723.0
7042,Derion Gullette,Mississippi State,SAM,LB,76,derion gullette,0.033310897901802666,0.12401978816202415,311.5
7050,Joseph Harbert,San José State,C,OL,74,joseph harbert,-0.028007699127119517,0.05674260994946666,776.5
7051,Daveion Harley,Florida International,RG,OL,68,daveion harley,-0.020826545498639777,-0.010894442310012164,91.0
7055,Jay Harris,Kansas State,HB,RB,81,jay harris,-0.13525858349658906,0.032725445273290577,239.5
7059,Deylin Hasert,Georgia State,RG,OL,70,deylin hasert,-0.025479556786419416,-0.015547453597791805,91.0
7061,Jacari Bennett,Buffalo,REDG,EDGE,68,jacari bennett,-0.21737384905500104,-0.1572723933178718,308.0
7067,Ja'Cari Henderson,App State,CB,CB,79,jacari henderson,-0.10803162630063763,0.013129698343462533,659.5
7070,DJ Hicks,Texas A&M,DT,DT,84,dj hicks,0.28344050834150386,0.3756416052109635,472.5
7075,Tayon Holloway,Louisville,CB,CB,87,tayon holloway,0.28894306204569375,0.41010438668979393,659.5
7078,Malachi Hood,West Virginia,WILL,LB,69,malachi hood,-0.08043462945331954,0.010274260806901934,311.5
7079,Wyatt Hook,Akron,TE,TE,70,wyatt hook,-0.07222850867900628,-0.020287393637572926,156.0
7082,Dayton Howard,Iowa,WR,WR,72,dayton howard,-0.05092289706305982,-0.02686312054717248,107.5
7083,Micah Hudson,Texas Tech,WR,WR,82,micah hudson,-0.024807162098443403,0.013576574389693145,171.5
7085,Lane Wadle,Charlotte,TE,TE,68,lane wadle,-0.06695763569228211,-0.015016520650848755,156.0
7086,Mack Indestad,UCLA,LT,OL,73,mack indestad,-0.01206650385533951,-0.002134400666711897,91.0
7087,Dave Iuli,Oregon,RG,OL,85,dave iuli,0.23355152914856503,0.31830183822515123,776.5
7090,Tayven Jackson,North Texas,QB,QB,74,tayven jackson,-0.3232138717960831,0.31240734399546577,697.0
7097,Shamar Meikle,South Florida,REDG,EDGE,72,shamar meikle,-0.1592163857339619,-0.1162867744931553,220.0
7105,Malcolm Jones,Iowa State,CB,CB,74,malcolm jones,0.014574268286876734,0.05682916543341659,230.0
7108,Cornell Allen,Charlotte,SS,SAF,63,cornell allen,-0.0866323650078034,-0.06835252906832204,99.5
7110,Jean Claude Joseph III,Tulane,WILL,LB,67,jean claude joseph,-0.06384755667337175,-0.04171633465161627,76.0
7111,Julian Dugger,Washington State,QB,QB,71,julian dugger,-0.4223032578875112,0.21331795790403768,697.0
7113,Kyler Kasper,BYU,WR,WR,83,kyler kasper,0.14985470591321573,0.2748536378585467,558.5
7115,Zachariah Keith,Southern Miss,LEDG,EDGE,70,zachariah keith,-0.06900066283287452,0.015297482876345735,432.0
7118,Cameron Keys,Missouri,CB,CB,76,cameron keys,-0.07449331282631622,-0.03223841567977636,230.0
7120,Alexander Kilgore,SMU,WILL,LB,82,alexander kilgore,0.09974627626982384,0.2903368659177049,654.5
7122,Jordan King,California,WR,WR,76,jordan king,-0.005565175409444043,0.018494601106443298,107.5
7128,Kewan Lacy,Ole Miss,HB,RB,96,kewan lacy,0.798555715394638,1.0857768418299856,409.5
7133,Brett Le Blanc,Missouri,TE,TE,56,brett le blanc,-0.03130119943928694,-0.02514151592475799,18.5
7136,Kevon Merrell,East Carolina,CB,CB,71,kevon merrell,-0.062281099229441854,0.006520896341771972,374.5
7279,Tellek Lockette,Maryland,LG,OL,80,tellek lockette,0.04397096979491995,0.12288207534852176,723.0
7281,Da'Wain Lofton,Delaware,WR,WR,77,dawain lofton,-0.10252591278201413,-0.01165829170805823,406.0
7287,Jahsiah Galvan,Stanford,WILL,LB,76,jahsiah galvan,-0.04647456010585653,0.04423433015436494,311.5
7288,AJ Maddox,Ole Miss,QB,QB,65,aj maddox,-0.0408252762329378,-0.02076262666706395,22.0
7290,Jaden Mangham,Purdue,FS,SAF,85,jaden mangham,0.30812849061300135,0.4325048617791208,677.0
7292,Nicco Marchiol,Northwestern,QB,QB,73,nicco marchiol,-0.03546807309792303,0.05846160441503182,103.0
7301,Tre'von McAlpine,Kansas,DT,DT,81,trevon mcalpine,0.1816107218263815,0.27381181869584115,472.5
7311,Rashad McKenzie,Arizona State,DT,DT,74,rashad mckenzie,-0.029827523139939523,-0.006801640747143248,118.0
7321,Jerry Mixon,Oregon,MIKE,LB,84,jerry mixon,0.38610680166496963,0.5766973913128507,654.5
7322,Elo Modozie,Purdue,REDG,EDGE,81,elo modozie,0.18006720202773602,0.28261043251429907,525.5
7325,Will Monney,Utah,TE,TE,68,will monney,-0.03456079892762068,-0.009922064869504858,74.0
7326,Marcus Moore,Miami (OH),DT,DT,77,marcus moore,0.009195987875511203,0.10139708474497086,472.5
7330,Kamar Mothudi,California,MIKE,LB,69,kamar mothudi,0.0034566553663656734,0.01248386434892383,31.0
7331,Shay Smith,UTEP,WILL,LB,70,shay smith,-0.14500426731221766,0.0023430793063122513,506.0
7332,David Wells Jr.,Tulsa,WR,WR,81,david wells,0.20215284131733857,0.32715177326266953,558.5
7334,Brock Uihlein,Miami (OH),WILL,LB,64,brock uihlein,-0.025158133447930633,-0.016130924465372478,31.0
7335,Luke Needham,Rice,LT,OL,63,luke needham,-0.044462234142294596,-0.03453013095366698,91.0
7337,Ethan Newman,Nevada,RG,OL,74,ethan newman,-0.05703400575849309,0.021877099795108716,723.0
7338,Devonte Lyons,Florida International,HB,RB,74,devonte lyons,-0.1775495958649447,-0.09197944342266783,122.0
7339,Maverick Noonan,Fresno State,SAM,LB,65,maverick noonan,-0.06711962583674892,-0.014849173824839594,179.5
7340,Chibby Nwajuaku,Rice,REDG,EDGE,74,chibby nwajuaku,-0.08547981612105263,0.017063414365510444,525.5
7342,Jacob Oden,Michigan,FS,SAF,71,jacob oden,-0.0067405536315312126,0.00024069024485363403,38.0
7343,Kaden Moreau,Louisiana,LG,OL,79,kaden moreau,0.19196360500422138,0.27922422587573537,799.5
7347,Kylen Evans,Texas State,WR,WR,76,kylen evans,0.027209811279186837,0.0905485717814763,283.0
7351,Tobi Osunsanmi,Indiana,REDG,EDGE,85,tobi osunsanmi,0.23197969425864537,0.3162778399678656,432.0
7352,Trey Owens,Arkansas State,QB,QB,74,trey owens,-0.02749301570421968,0.06643666180873516,103.0
7356,Ari Patu,Duke,QB,QB,69,ari patu,-0.019522327072232434,0.000540322493641415,22.0
7360,James Peoples,Penn State,HB,RB,85,james peoples,0.1318736400741374,0.29985766884401704,239.5
7364,Jayshon Platt,Illinois,WR,WR,81,jayshon platt,0.051323670967509574,0.08970740745564612,171.5
7372,Zsacari Minnis,Western Kentucky,MIKE,LB,65,zsacari minnis,-0.10399859915171748,-0.05172814713980815,179.5
7375,Corri Milliner,North Texas,WR,WR,80,corri milliner,0.19398117143351007,0.31898010337884103,558.5
7377,Mac Resetich,Illinois,FS,SAF,73,mac resetich,0.043188627409623856,0.15148976596564667,589.5
7378,Donovan Rieman,Louisiana Tech,LEDG,EDGE,72,donovan rieman,-0.03772081605755855,0.04657732965166171,432.0
7379,Nick Rinaldi,Vanderbilt,MIKE,LB,77,nick rinaldi,0.1740416238365871,0.321388970455117,506.0
7385,Nicholas Rodriguez,Missouri,WILL,LB,80,nicholas rodriguez,0.19691335052087863,0.3442606971394085,506.0
7388,Jackson Ruess,Ball State,RG,OL,62,jackson ruess,-0.04007037107483573,-0.03013826788620811,91.0
7389,Cole Rusk,Arizona,TE,TE,78,cole rusk,0.07220732543738129,0.16227188709576412,270.5
7397,Jakobe Sanders,Oklahoma State,C,OL,68,jakobe sanders,-0.02230679226181434,-0.012374689073186727,91.0
7398,Gemari Sands,Florida State,HB,RB,78,gemari sands,-0.01839882159619774,0.017372307703442592,51.0
7401,Julian Sayin,Ohio State,QB,QB,94,julian sayin,1.2689582656378735,1.9045794814294223,697.0
7405,Lavain Scruggs,Maryland,FS,SAF,73,lavain scruggs,-0.041652883310195496,0.06664825524582732,589.5
7414,Isaiah Shirley,NC State,DT,DT,77,isaiah shirley,0.02637500209864972,0.11857609896810939,472.5
7415,Michael Short,TCU,MIKE,LB,72,michael short,-0.174805128638051,-0.027457782019521097,506.0
7420,Josh Ringer,Miami (OH),HB,RB,73,josh ringer,-0.172945385938483,-0.08737523349620611,122.0
7424,Keshaun Singleton,Auburn,WR,WR,88,keshaun singleton,0.41301955635683024,0.5380184883021613,558.5
7426,Eamon Smalls,Kansas,DT,DT,76,eamon smalls,-0.013826341804088472,0.044226200669275025,297.5
7428,CJ Smith,UAB,WR,WR,77,cj smith,-0.09000825250462938,-0.026669492002339916,283.0
7429,Daytione Smith,Marshall,FS,SAF,84,daytione smith,0.292770000490288,0.41714637165640756,677.0
7430,Evan Smith,Duke,CB,CB,76,evan smith,-0.064137053902225,0.00466494166898882,374.5
7431,Jerod Smith II,Louisville,LEDG,EDGE,75,jerod smith,0.014457675201181158,0.057387286441987775,220.0
7433,Tigana Cisse,Ohio,RT,OL,72,tigana cisse,-0.19609746453314808,-0.1113471554565619,776.5
7434,Brock Spalding,East Carolina,WR,WR,83,brock spalding,0.24153592601329202,0.366534857958623,558.5
7436,Boaz Stanley,Purdue,C,OL,74,boaz stanley,0.04442338707907879,0.12333449263268059,723.0
7437,Jake Steele,Boise State,RG,OL,72,jake steele,-0.027891513666286616,0.028481357728506372,516.5
7444,Joe Strickland,Liberty,DT,DT,73,joe strickland,-0.07205630608279512,-0.014003763609431619,297.5
7449,Riley Sunram,Minnesota,DT,DT,74,riley sunram,-0.08380419183064741,0.008396905038812245,472.5
7451,Carter Sweazie,UCLA,RG,OL,82,carter sweazie,0.206825310415022,0.29408593128653604,799.5
7452,Kahlee Tafai,California,LG,OL,74,kahlee tafai,-0.012179025945270996,-0.0022469227566433827,91.0
7454,Matt Ragan,UConn,TE,TE,72,matt ragan,-0.004728784972467551,0.08533577668591527,270.5
7455,Rhino Tapa'atoutai,Arizona,LT,OL,72,rhino tapaatoutai,-0.01665742322596873,-0.006725320037341117,91.0
7456,Noble Thomas Jr.,Oregon State,CB,CB,76,noble thomas,-0.030502756544435062,0.03829923902677876,374.5
7458,Tim Thomas,Sacramento State,WILL,LB,71,tim thomas,-0.012634023426659926,-0.0036068144441017695,31.0
7461,Johnny Thompson Jr.,Ball State,HB,RB,74,johnny thompson,-0.04420133584792194,-0.008430206548281608,51.0
7463,Josiah Thompson,South Carolina,RT,OL,77,josiah thompson,0.010420422149503176,0.020352525338130787,91.0
7468,RJ Todd,Oregon,TE,TE,56,rj todd,-0.05288688519896245,-0.04040104023707944,37.5
7473,Matayo Uiagalelei,Oregon,REDG,EDGE,94,matayo uiagalelei,0.6440188239101484,0.7465620543967114,525.5
7474,Desmond Umeozulu,Alabama,REDG,EDGE,76,desmond umeozulu,0.00036804424859370914,0.022906090150017183,115.5
7476,Rex Van Wyhe,Kansas State,MIKE,LB,74,rex van wyhe,-0.05156068147648329,0.09578666514204663,506.0
7477,Connor Vaughn,North Texas,TE,TE,66,connor vaughn,-0.033250966864057124,-0.02076512190217411,37.5
7481,Moses Walker,Rutgers,MIKE,LB,75,moses walker,-0.007630478998161649,0.13971686762036825,506.0
7485,Tariq Watson,Rice,CB,CB,74,tariq watson,-0.10103240505522776,0.020128919588872415,659.5
7490,Hunter Welcing,Ohio State,TE,TE,81,hunter welcing,0.056730540487585544,0.1467951021459684,270.5
7494,Max Whisner,Sam Houston,TE,TE,73,max whisner,-0.045264689464189226,0.0447998721941936,270.5
7495,Daiquan White,Georgia Tech,CB,CB,77,daiquan white,-0.05090201087451886,-0.008647113727978998,230.0
7496,Tyree Alualu,Temple,WILL,LB,67,tyree alualu,-0.043329846678499005,-0.021198624656743527,76.0
7500,BJ Williams,Pittsburgh,RG,OL,80,bj williams,0.09759307036771103,0.18234337944429718,776.5
7508,Austin Wondolowski,Akron,FS,SAF,66,austin wondolowski,-0.06104347678247373,-0.04276364084299236,99.5
7510,Rod Green,Charlotte,RG,OL,75,rod green,-0.061774793170041475,0.022975515906544702,776.5
7511,Tae Woody,Texas State,DT,DT,73,tae woody,-0.046224589692430235,0.011827952780933258,297.5
7513,Taven Curry,Akron,HB,RB,76,taven curry,-0.13737279769879793,-0.05180264525652104,122.0
7516,Jaydon Wright,UL Monroe,HB,RB,74,jaydon wright,-0.16679024821523936,-0.08122009577296248,122.0
7520,Sullivan Absher,Notre Dame,RG,OL,76,sullivan absher,0.004257124523952547,0.01418922771258016,91.0
7523,Jayden Bryant,Kansas State,LEDG,EDGE,73,jayden bryant,-0.054299139330164364,-0.011369528089357747,220.0
7527,Aaron Alexander,North Texas,WILL,LB,78,aaron alexander,0.11860673202400514,0.30919732167188624,654.5
7528,Austin Alexander,Kansas,CB,CB,76,austin alexander,-0.05437944601174594,0.04409283603410348,536.0
7536,Bryce Anderson,Texas A&M,FS,SAF,82,bryce anderson,0.09293178893927526,0.13059376248293036,205.0
7537,Jordan Anderson,Illinois,HB,RB,72,jordan anderson,-0.09863115475061465,-0.013061002308337767,122.0
7547,Braden Awls,Iowa State,FS,SAF,82,braden awls,0.1809182981175142,0.3052946692836337,677.0
7550,Drew Azzopardi,Washington,RT,OL,85,drew azzopardi,0.14852623040884239,0.23578685128035637,799.5
7551,Caleb Bacon,Penn State,SAM,LB,87,caleb bacon,0.5793806216565641,0.7699712113044452,654.5
7553,Matthew Bailey,Illinois,SS,SAF,89,matthew bailey,0.6303062100929284,0.7546825812590479,677.0
7560,Travis Bates,Kansas State,DT,DT,76,travis bates,0.004107806543801003,0.062160349017164496,297.5
7563,Jeremiah Beaman,Alabama,DT,DT,75,jeremiah beaman,0.03611932861741069,0.05914521101020696,118.0
7565,Cedrick Beavers,Ole Miss,CB,CB,78,cedrick beavers,-0.05663640648248568,-0.014381509335945819,230.0
7566,Lee Beebe Jr.,Indiana,HB,RB,85,lee beebe,0.15325390805253522,0.23882406049481208,122.0
7570,Nate Bledsoe,Rice,C,OL,68,nate bledsoe,-0.009514886472327275,0.00041721671630033826,91.0
7571,Dylan Sikorski,Texas,RG,OL,73,dylan sikorski,-0.004887864321716424,0.005044238866911188,91.0
7572,Arlis Boardingham,Auburn,TE,TE,78,arlis boardingham,-0.00034951861577373067,0.05159159642565962,156.0
7573,Brody Bolyn,Bowling Green,C,OL,70,brody bolyn,-0.10440365327202321,-0.025492547718421396,723.0
7574,Treyson Bourguet,BYU,QB,QB,71,treyson bourguet,-0.0971210730900342,-0.003191395577079359,103.0
7576,Arhmad Branch,South Florida,WR,WR,77,arhmad branch,-0.016147831440477486,0.007911945075409854,107.5
7577,Makai Byerson,Boston College,DT,DT,72,makai byerson,-0.02779192274934219,-0.004766040356545915,118.0
7580,Baylin Brooks,Western Michigan,WR,WR,75,baylin brooks,0.029101842384645766,0.15410077432997674,558.5
7582,Johnnie Brown III,Louisville,LT,OL,77,johnnie brown,0.05863251647268569,0.11500538786747869,516.5
7586,Jacurri Brown,Rice,QB,QB,74,jacurri brown,-0.8914866278456621,-0.2558654120541133,697.0
7587,Selah Brown,Bowling Green,DT,DT,74,selah brown,-0.007453003351433967,0.0847480935180257,472.5
7588,Ryan Browne,Purdue,QB,QB,75,ryan browne,-0.5332527879043554,0.10236842788719346,697.0
7589,Rae'mon Mosby,East Carolina,CB,CB,70,raemon mosby,-0.08630911915388934,-0.04405422200734947,230.0
7590,Gabriel Brownlow-Dindy,South Carolina,DT,DT,87,gabriel brownlow dindy,0.42828051511066895,0.5204816119801285,472.5
7591,Anthony Brown-Stephens,Tulane,WR,WR,82,anthony brown stephens,0.22639260445859338,0.35139153640392434,558.5
7594,Jaheim Buchanon,TCU,C,OL,76,jaheim buchanon,0.03550484324257441,0.09187771463736741,516.5
7604,Chrystyile Caldwell,South Alabama,MIKE,LB,66,chrystyile caldwell,-0.5377157135004134,-0.3903683668818834,506.0
7607,Amare Campbell,Tennessee,MIKE,LB,88,amare campbell,0.5208964511990233,0.7114870408469043,654.5
7608,NuNu Campbell,Tulsa,CB,CB,71,nunu campbell,-0.024050814656982788,-0.001821064419020513,121.0
7614,Kalen Carroll,TCU,CB,CB,81,kalen carroll,0.1539156027977991,0.27507692744189927,659.5
7615,Kedren Young,Notre Dame,HB,RB,83,kedren young,0.044701062553947284,0.2126850913238269,239.5
7617,Terrance Carter Jr.,Texas Tech,TE,TE,92,terrance carter,0.32604022938606864,0.41610479104445147,270.5
7619,Miguel Cedeno,Florida International,RT,OL,74,miguel cedeno,-0.10965330939352766,-0.024903000316941475,776.5
7621,Dantae Chin,Rutgers,LG,OL,74,dantae chin,-0.10955294720303718,-0.03888221297626378,647.5
7627,Landyn Cleveland,UNLV,FS,SAF,73,landyn cleveland,-0.07756023397892498,-0.009493106184172729,370.5
7631,Cam Coleman,Texas,WR,WR,92,cam coleman,0.47209691570872236,0.5970958476540533,558.5
7633,Mikah Coleman,Miami (OH),LEDG,EDGE,76,mikah coleman,0.06273558203693327,0.14703372774615353,432.0
7634,Simeon Coleman,Cincinnati,WILL,LB,72,simeon coleman,-0.06521075198502604,-0.012940299973116718,179.5
7637,Judge Collier,South Carolina,CB,CB,86,judge collier,0.5606791442987545,0.6818404689428547,659.5
7639,Kelby Collins,South Carolina,DT,DT,80,kelby collins,0.2036570947724872,0.28005228932146803,391.5
7642,Cam Cook,West Virginia,HB,RB,91,cam cook,0.5539210125856365,0.841142139020984,409.5
7643,Tamarcus Cooley,LSU,SS,SAF,82,tamarcus cooley,0.2271443150675154,0.33544545362353817,589.5
7653,David Clerk,Army,WR,WR,65,david clerk,-0.3160568602314506,-0.2527180997291611,283.0
7658,Raider Damuni,BYU,FS,SAF,82,raider damuni,0.2611711252832805,0.3694722638393033,589.5
7660,Bishop Davenport,South Alabama,QB,QB,75,bishop davenport,0.0020460721779353083,0.6376672879694841,697.0
7662,Jordan Davis,UCLA,LT,OL,80,jordan davis,0.0025132254723457814,0.08726353454893196,776.5
7665,J.P. Deeter,Texas State,DT,DT,71,j p deeter,-0.1221359402150489,-0.08096254034318436,211.0
7666,Nick Del Grande,Duke,LT,OL,86,nick del grande,0.23203120368170949,0.3192918245532235,799.5
7667,Nolan DeLong,Iowa,SAM,LB,65,nolan delong,-0.031166727688164454,-0.022139518705606296,31.0
7670,Andrew Depaepe,Massachusetts,LEDG,EDGE,76,andrew depaepe,0.11941349254384838,0.22195672303041145,525.5
7673,Evan Dickens,Boston College,HB,RB,86,evan dickens,0.3270564485072265,0.6142775749425738,409.5
7676,Ansel Din-Mbuh,TCU,DT,DT,82,ansel din mbuh,0.12211895911628076,0.21432005598574042,472.5
7677,Tiyyan Robinson,Middle Tennessee,REDG,EDGE,62,tiyyan robinson,-0.028511613296432585,-0.02129163322411511,37.0
7685,Denver Harris,UNLV,CB,CB,81,denver harris,0.07520665432055776,0.19636797896465794,659.5
7690,Tygee Hill,Oregon State,DT,DT,77,tygee hill,0.03324854435054445,0.09130108682390795,297.5
7692,Eli Holstein,Virginia,QB,QB,79,eli holstein,0.042107782933194796,0.13603746044614964,103.0
7696,Justin Eaglin,Colorado,CB,CB,83,justin eaglin,0.20133069471733558,0.299802976763185,536.0
7697,Lugard Edokpayi,Michigan,LEDG,EDGE,75,lugard edokpayi,-0.011751693327306318,-0.004531713254988841,37.0
7911,Alex Elliott,North Dakota State,SAM,LB,66,alex elliott,-0.005138184512821971,0.003889024469736184,31.0
7913,Chris Marable Jr.,Boston College,DT,DT,79,chris marable,0.07729628091792239,0.15369147546690326,391.5
7914,Dalin Wilkins,Eastern Michigan,WR,WR,64,dalin wilkins,-0.045972537945730384,-0.037579592649490616,37.5
7922,James Falk,Rice,TE,TE,69,james falk,-0.17387736962345884,-0.08381280796507601,270.5
7925,Kaden Feagin,Illinois,TE,TE,74,kaden feagin,-0.03009346916154618,-0.005454735103430364,74.0
7929,Zaire Flournoy,Florida International,RG,OL,73,zaire flournoy,-0.06109161403206664,0.009579120194706754,647.5
7930,Aaron Flowers,Oregon,FS,SAF,82,aaron flowers,0.2211645692894002,0.329465707845423,589.5
7936,Tyler Fortenberry,Iowa State,TE,TE,75,tyler fortenberry,-0.012023171271508981,0.07804139038687384,270.5
7939,Shea Freibaum,Texas A&M,TE,TE,56,shea freibaum,-0.019997532572709413,-0.01533615045360642,14.0
7947,Johnny Garrett,Virginia Tech,LT,OL,74,johnny garrett,-0.0036090111240931577,0.006323092064534456,91.0
7963,Marcus Goree Jr.,Troy,FS,SAF,72,marcus goree,-0.30598448901837116,-0.19768335046234833,589.5
7966,Skyler Grant,Memphis,LG,OL,74,skyler grant,-0.036379235887863716,0.019993635506929272,516.5
7968,Bryson Graves,Delaware,WR,WR,76,bryson graves,-0.001690001825495016,0.06164875867679445,283.0
7973,Joseph Griffin Jr.,Massachusetts,WR,WR,79,joseph griffin,0.12922961949642628,0.25422855144175727,558.5
7978,Makhete Gueye,Missouri State,LT,OL,67,makhete gueye,-0.013415054481092072,-0.003482951292464459,91.0
8050,Chris Gant Jr.,New Mexico,FS,SAF,64,chris gant,-0.022629719410491533,-0.015648475534106688,38.0
8056,Jalen Hale,SMU,WR,WR,79,jalen hale,0.01888617778133523,0.0822249382836247,283.0
8057,Benjamin Hall,North Carolina,HB,RB,81,benjamin hall,0.03216125903266136,0.20014528780254098,239.5
8059,Jordan Hall,Georgia,DT,DT,83,jordan hall,0.14993691618260982,0.20798945865597332,297.5
8068,Ronan Hanafin,Clemson,SS,SAF,76,ronan hanafin,0.006396954141338898,0.024676790080820275,99.5
8071,Carson Hansen,Penn State,HB,RB,87,carson hansen,0.543208572704842,0.8304296991401894,409.5
8073,Joseph Hanson,Oklahoma State,RT,OL,76,joseph hanson,0.045111534456150265,0.11578226868292366,647.5
8074,T.Y. Harding,Massachusetts,WR,WR,78,t y harding,0.009909657410603737,0.10077727848455964,406.0
8075,Cade Law,East Carolina,WILL,LB,71,cade law,-0.2292483903431265,-0.0819010437245966,506.0
8076,Jamarrion Harkless,Kentucky,DT,DT,79,jamarrion harkless,0.05379577535142697,0.11184831782479046,297.5
8079,AJ Harris,Indiana,CB,CB,88,aj harris,0.43874885318532253,0.5372211352311719,536.0
8080,Audric Harris,Hawai'i,WR,WR,79,audric harris,0.02642918994233165,0.11729681101628756,406.0
8085,Daniel Harris,California,CB,CB,84,daniel harris,0.22732280091318613,0.3484841255572863,659.5
8086,E'Marion Harris,Oklahoma,RT,OL,79,emarion harris,-0.015969755715900376,0.05470097851087302,647.5
8087,Gabe Harris Jr.,Georgia,LEDG,EDGE,83,gabe harris,0.3400046502692085,0.4425478807557716,525.5
8090,Quinton Harris,Colorado State,RT,OL,78,quinton harris,0.029784535946290422,0.11704515681780445,799.5
8091,Marlion Jackson,Virginia Tech,WR,WR,75,marlion jackson,-0.002733804645142989,0.005659140651096781,37.5
8092,Alex Harrison,Utah,C,OL,76,alex harrison,0.004852444480099817,0.06122531587489281,516.5
8093,Christian Harrison,Arkansas,SS,SAF,76,christian harrison,0.006717698857376048,0.04437967240103115,205.0
8096,Malik Hartford,UCLA,FS,SAF,78,malik hartford,0.003372990641360412,0.07144011843611267,370.5
8098,Malcolm Hartzog,Arizona,SS,SAF,82,malcolm hartzog,-0.02405615694078534,0.10032021422533415,677.0
8102,Luke Hasz,Ole Miss,TE,TE,87,luke hasz,0.23200191837044362,0.3220664800288265,270.5
8104,Cedrick Hawkins Jr.,South Florida,FS,SAF,70,cedrick hawkins,-0.045603367109453154,-0.027323531169971778,99.5
8106,Dallan Hayden,Memphis,HB,RB,80,dallan hayden,0.10253839472497042,0.3897595211603178,409.5
8107,Jay Haynes,Clemson,HB,RB,84,jay haynes,0.04587712117314777,0.21386114994302738,239.5
8109,Ashton McShane,Liberty,CB,CB,74,ashton mcshane,-0.11165234888256186,-0.01318006683671244,536.0
8110,Joseph Head Jr.,Memphis,REDG,EDGE,70,joseph head,-0.1729152338394592,-0.11281377810232993,308.0
8111,Lance Heard,Kentucky,LT,OL,87,lance heard,0.2636782701365386,0.3484285792131248,776.5
8113,Reece Vander Zee,Iowa,WR,WR,79,reece vander zee,0.07901150624990012,0.2040104381952311,558.5
8116,Bryant Wesco Jr.,Clemson,WR,WR,88,bryant wesco,0.3175286852478842,0.4083963063218401,406.0
8150,Jah Jah Boyd,Colorado,FS,SAF,70,jah jah boyd,-0.017096572216209152,-0.010115328339824307,38.0
8151,Jaylen Henderson,Liberty,QB,QB,75,jaylen henderson,-0.36924208561566807,0.2663791301758808,697.0
8153,Zach Henning,Arizona,C,OL,74,zach henning,0.001343620061493479,0.05771649145628647,516.5
8154,Rashad Henry,UCF,WILL,LB,55,rashad henry,-0.043702181963434276,-0.03467497298087612,31.0
8155,Amir Herring,Kansas,LG,OL,77,amir herring,0.04363203194763476,0.13089265281914877,799.5
8156,Caleb Herring,South Carolina,REDG,EDGE,77,caleb herring,-0.06728286702063073,-0.007181411283501465,308.0
8158,Hunter Herring,Auburn,QB,QB,67,hunter herring,-0.041038624814218126,-0.020975975248344273,22.0
8162,Aaron Hester,Liberty,LEDG,EDGE,76,aaron hester,0.011061452860658806,0.09535959856987908,432.0
8165,Tracy Hill Jr.,Georgia Southern,SS,SAF,74,tracy hill,-0.027705963567134013,0.08059517498888881,589.5
8166,C.J. Hicks,South Florida,REDG,EDGE,84,c j hicks,0.0845118279973333,0.18705505848389636,525.5
8170,Destyn Hill,Tulane,WR,WR,78,destyn hill,-0.1243356628487543,-0.0334680417747984,406.0
8171,Edric Hill,Alabama,DT,DT,82,edric hill,0.1761494917168601,0.252544686265841,391.5
8172,Jyaire Hill,Michigan,CB,CB,91,jyaire hill,0.49549114484335305,0.6166524694874532,659.5
8177,Carson Hinzman,Ohio State,C,OL,88,carson hinzman,0.29350194919702777,0.3724130547506296,723.0
8178,Daevin Hobbs,Tennessee,DT,DT,81,daevin hobbs,0.18824284110876902,0.26463803565774985,391.5
8180,A.J. Hoffler,Georgia Tech,LEDG,EDGE,76,a j hoffler,0.008310315270555346,0.06841177100768461,308.0
8182,Malcolm Ziglar,South Florida,SS,SAF,74,malcolm ziglar,-0.0007661911887218146,0.03689578235493328,205.0
8184,Ca'lub Holloway,Sam Houston,SAM,LB,73,calub holloway,0.01775811746410165,0.2083487071119827,654.5
8187,Vincent Holmes,Oklahoma State,FS,SAF,75,vincent holmes,-0.026135182637047477,-0.007855346697566103,99.5
8189,Alex Honig,Northwestern,TE,TE,73,alex honig,-0.033039466689631314,0.05702509496875153,270.5
8190,Jaydon Hood,Georgia State,MIKE,LB,70,jaydon hood,-0.21495494507791665,-0.02436435543003561,654.5
8191,Elijah Hopkins,Liberty,CB,CB,76,elijah hopkins,0.04875188315385515,0.16991320779795532,659.5
8195,Phillip Houston,Colorado,RT,OL,74,phillip houston,-0.0055899170416821445,0.004342186146945468,91.0
8196,Jaxon Howard,Minnesota,REDG,EDGE,78,jaxon howard,0.03749838415603854,0.0975998398931678,308.0
8199,Ryan Howerton,Maryland,RG,OL,72,ryan howerton,-0.00833604102385275,0.0015960621647748627,91.0
8200,Logan Howland,Virginia Tech,LT,OL,78,logan howland,0.08648113808699685,0.17123144716358302,776.5
8202,Bray Hubbard,Alabama,SS,SAF,94,bray hubbard,0.7945827268384175,0.9189590980045369,677.0
8208,Brian Huff,Missouri,WILL,LB,68,brian huff,-0.0173093476821438,-0.00828213869958564,31.0
8209,Jeremiah Hughes,Hawai'i,CB,CB,76,jeremiah hughes,-0.010516446161506474,0.05828554940970734,374.5
8211,Bo Hughley,Colorado,LT,OL,82,bo hughley,0.17945377329869272,0.2667143941702067,799.5
8212,Xavier Smith,UTEP,FS,SAF,83,xavier smith,0.012059327805956135,0.13643569897207564,677.0
8213,Julio Humphrey,Texas A&M,CB,CB,86,julio humphrey,0.16632997765296323,0.26480225969881266,536.0
8218,Jahlil Hurley,Kansas,CB,CB,76,jahlil hurley,-0.08448356549934907,-0.015681569928135252,374.5
8223,Devin Hyatt,Miami (OH),WR,WR,73,devin hyatt,-0.05727175156416209,-0.01888801507602554,171.5
8226,Stacy Gage,LSU,HB,RB,77,stacy gage,-0.03790817487945272,-0.01897051819140784,27.0
8229,Kwinten Ives,Nebraska,HB,RB,77,kwinten ives,0.02798132486607905,0.11355147730835594,122.0
8230,Kola Babalola,Nevada,TE,TE,73,kola babalola,-0.1624688666299458,-0.07240430497156297,270.5
8236,Kody Jackson,Louisiana,SS,SAF,77,kody jackson,0.05588868564613751,0.18026505681225705,677.0
8240,Alec Johnson,Western Kentucky,C,OL,76,alec johnson,-0.10460015053844254,-0.01733952966692852,799.5
8245,Justin Johnson,Fresno State,WILL,LB,64,justin johnson,-0.0726816456938191,-0.05055042367206362,76.0
8248,Rakeem Johnson,Michigan State,RG,OL,71,rakeem johnson,-0.013378916061370618,-0.0034468128727430042,91.0
8249,Toriyan Johnson,Colorado State,LT,OL,72,toriyan johnson,-0.12844668053101338,-0.043696371454427216,776.5
8251,Cameron Jones,Kentucky,RT,OL,71,cameron jones,-0.01912904895374598,-0.009196945765118368,91.0
8257,Karson Jones,East Carolina,LG,OL,68,karson jones,-0.028183504048882223,-0.018251400860254608,91.0
8261,Dontay Joyner,Maryland,CB,CB,79,dontay joyner,0.02726187319152389,0.1257341552373733,536.0
8266,Mikey Keene,Arizona State,QB,QB,78,mikey keene,-0.051740761784327974,0.042188915728626875,103.0
8268,Rhyland Kelly,Minnesota,CB,CB,74,rhyland kelly,-0.023619721270738477,0.07485256077511093,536.0
8274,Tyler Knaak,Nebraska,RG,OL,75,tyler knaak,-0.0043314574328242265,0.0056006457558033865,91.0
8276,August Johanningsmeier,Western Michigan,DT,DT,63,august johanningsmeier,-0.06055905991146584,-0.05255854145295188,41.0
8347,James Kreutz,Illinois,WILL,LB,70,james kreutz,-0.11261883528958655,-0.021909945029365083,311.5
8350,Matthew Lado,Arizona,RT,OL,73,matthew lado,0.011539664206184633,0.021471767394812248,91.0
8357,Trey Lathan,Kansas,MIKE,LB,83,trey lathan,0.350134947773711,0.540725537421592,654.5
8358,Trevor Lauck,Iowa,LT,OL,90,trevor lauck,0.4101239963216848,0.49487430539827093,776.5
8367,Braydon Lee,Arkansas,CB,CB,76,braydon lee,-0.08095520364684448,-0.01215320807563068,374.5
8374,TJ Lindsey,Purdue,DT,DT,76,tj lindsey,0.027966557214637165,0.0691399570865017,211.0
8375,Kellen Lindstrom,Missouri State,REDG,EDGE,73,kellen lindstrom,-0.09907871187599886,-0.038977256138869584,308.0
8379,Langston Long,Toledo,MIKE,LB,72,langston long,-0.15284044464891883,0.03775014499896223,654.5
8406,Trevion Mack,Syracuse,LT,OL,74,trevion mack,-0.026736225990279115,0.029636645404513873,516.5
8411,Sonny Makasini,BYU,LG,OL,83,sonny makasini,0.0878167849857649,0.14418965638055786,516.5
8414,Cole Earlewine,Ball State,SS,SAF,63,cole earlewine,-0.026433348016696983,-0.019452104140312138,38.0
8415,Jabari Mann,Arizona,SAM,LB,70,jabari mann,-0.025438496349222253,-0.003307274327466773,76.0
8422,Tyler Martinez,Colorado,MIKE,LB,82,tyler martinez,0.13612780961872623,0.2268366998789477,311.5
8423,Kaedin Massey,James Madison,LT,OL,73,kaedin massey,-0.014087650803837578,-0.0041555476152099645,91.0
8427,Eric Nelson,Florida International,WR,WR,73,eric nelson,-0.032815309767930206,0.0055684267202063395,171.5
8429,Kelvon McBride,Marshall,WILL,LB,71,kelvon mcbride,-0.28480202789050385,-0.13745468127197397,506.0
8452,Gus McGee,Charlotte,TE,TE,68,gus mcgee,-0.14399203156826754,-0.05392746990988469,270.5
8457,Corey Thompson Jr.,Ball State,WR,WR,71,corey thompson,-0.010554375466837781,-0.002161430170598012,37.5
8464,Karter Menz,Minnesota,REDG,EDGE,72,karter menz,-0.04415245817647316,-0.02161441227504969,115.5
8465,Drake Metcalf,Virginia,RG,OL,81,drake metcalf,0.052908990901257294,0.1235797251280307,647.5
8483,Antonio Meeks,Wake Forest,WR,WR,77,antonio meeks,0.005480152917826419,0.02953992943371376,107.5
8487,Jon Mitchell,Georgia Tech,CB,CB,75,jon mitchell,-0.005686571464439045,0.0009272385237150195,36.0
8488,Miguel Mitchell,Arkansas,SS,SAF,80,miguel mitchell,0.1307577951364402,0.19882492293119244,370.5
8493,J'Marion Gooch,Louisiana,LT,OL,70,jmarion gooch,-0.06555634415314168,-0.009183472758348687,516.5
8497,Tanner Morley,Kansas State,LG,OL,79,tanner morley,-0.01045390844283172,0.07429640063375445,776.5
8499,Nick Morrow,Kansas,RT,OL,72,nick morrow,-0.06278013120723838,-0.0064072598124453855,516.5
8501,Zyian Moultrie-Goddard,Syracuse,MIKE,LB,68,zyian moultrie goddard,-0.07364605437219325,-0.021375602360283925,179.5
8504,Joseph Mutombo,Rice,LEDG,EDGE,71,joseph mutombo,-0.02857325268124899,0.05572489302797127,432.0
8507,Cornell Hatcher Jr.,Oregon State,HB,RB,78,cornell hatcher,-0.2719458732950419,0.015275253140305499,409.5
8508,Braden Cunningham,Florida Atlantic,C,OL,69,braden cunningham,-0.006221115636445946,0.003710987552181667,91.0
8509,Barrett Nelson,Wisconsin,RT,OL,73,barrett nelson,-0.017337025385558195,-0.007404922196930583,91.0
8510,Ny Carr,Wake Forest,WR,WR,76,ny carr,-0.014920631902908016,-0.0065276866066682464,37.5
8511,James Nesta,Oklahoma,MIKE,LB,70,james nesta,-0.04376767645038373,-0.021636454428628247,76.0
8513,Asa Newsom,Kansas State,WILL,LB,73,asa newsom,0.0031086939287753267,0.0938175841889968,311.5
8515,Rocco Nicholl,Kent State,MIKE,LB,75,rocco nicholl,-0.10574055575987626,0.0848500338880048,654.5
8554,Williams Nwaneri,Nebraska,REDG,EDGE,83,williams nwaneri,0.3345304855045748,0.43707371599113787,525.5
8556,Chiddi Obiazor,Indiana,LEDG,EDGE,85,chiddi obiazor,0.326168298837668,0.4287115293242311,525.5
8557,Ify Obidegwu,Oregon,CB,CB,84,ify obidegwu,0.24530798216083063,0.34378026420668006,536.0
8560,Danny Okoye,Oklahoma,REDG,EDGE,76,danny okoye,0.019588254407296092,0.07968971014442536,308.0
8561,Arthur Ban,Arizona,TE,TE,72,arthur ban,-0.051069907052346986,0.0008712079890863672,156.0
8564,Yilanan Ouattara,Vanderbilt,DT,DT,82,yilanan ouattara,0.13566714194594245,0.2278682388154021,472.5
8566,Grant Page,Southern Miss,WR,WR,72,grant page,-0.05079310184256849,-0.02673332532668115,107.5
8567,Simione Pale,Stanford,RG,OL,76,simione pale,0.0713756515537301,0.15028675710733191,723.0
8572,Davaughn Patterson,Wake Forest,SS,SAF,84,davaughn patterson,0.5165892050338687,0.6409655761999883,677.0
8575,Gi'Bran Payne,Cincinnati,HB,RB,81,gibran payne,0.09483018917386549,0.18040034161614238,122.0
8576,Graham Uter,SMU,C,OL,67,graham uter,-0.050170233501284384,-0.040238130312656765,91.0
8582,Brady Ploucha,Central Michigan,RG,OL,71,brady ploucha,-0.06738378938425493,-0.011010917989461947,516.5
8592,Leo Pulalasi,Washington State,HB,RB,76,leo pulalasi,-0.16960797411613596,-0.0016239453462563416,239.5
8594,Mykeal Rabess,California,RT,OL,68,mykeal rabess,-0.0438371295557094,-0.033905026367081786,91.0
8601,Asani Redwood,South Florida,DT,DT,78,asani redwood,0.016003522412302792,0.09239871696128366,391.5
8602,Justyn Reid,Louisville,TE,TE,77,justyn reid,0.019880787280345966,0.04451952133846178,74.0
8603,Gabriel Reliford,LSU,REDG,EDGE,75,gabriel reliford,0.02075816354246187,0.04329620944388535,115.5
8605,Savion Riley,Georgia Tech,FS,SAF,76,savion riley,0.051758105053552696,0.1600592436095755,589.5
8606,Darion Rivers,Troy,LT,OL,74,darion rivers,-0.111582046197668,-0.02683173712108182,776.5
8617,Miles Coleman,Oklahoma State,WR,WR,82,miles coleman,0.06631088174240457,0.10469461823054112,171.5
8618,Kalieb Osborne,UConn,QB,QB,71,kalieb osborne,-0.09770839081960069,-0.003778713306645833,103.0
8619,Dylan Rogers,Nebraska,LEDG,EDGE,74,dylan rogers,-0.0637452584136027,-0.020815647172796096,220.0
8621,Broderick Roman,Southern Miss,C,OL,80,broderick roman,0.13406442548124317,0.22132504635275718,799.5
8626,Tyson Ruffins,California,LG,OL,87,tyson ruffins,0.16608489137169552,0.25334551224320956,799.5
8629,Mason Wade,Clemson,RT,OL,71,mason wade,-0.015734442875490924,-0.005802339686863309,91.0
8635,Jordan Sanford,California,FS,SAF,75,jordan sanford,-0.005704190380762326,0.001277053495622521,38.0
8656,Patrick Schaller,Northwestern,RT,OL,63,patrick schaller,-0.04570259833884435,-0.035770495150216734,91.0
8659,Chad Schuster,Western Michigan,RT,OL,82,chad schuster,0.08831314126441485,0.17306345034100104,776.5
8662,Xavier Scott,Illinois,CB,CB,88,xavier scott,0.4595533286136738,0.5807146532577739,659.5
8663,Jordan Seaton,LSU,LT,OL,93,jordan seaton,0.32937147548243434,0.4166320963539484,799.5
8665,Gavin Dabo,Western Michigan,RG,OL,71,gavin dabo,-0.06147936639442297,-0.005106494999629976,516.5
8667,Vincent Shavers Jr.,Nebraska,MIKE,LB,85,vincent shavers,0.31025123713703223,0.4575985837555621,506.0
8669,Max Shikenjanski,Minnesota,QB,QB,68,max shikenjanski,-0.09915696967349209,-0.00522729216053725,103.0
8705,Kaden Sieracki,Baylor,RT,OL,78,kaden sieracki,-0.008975652577510373,0.07828496829400364,799.5
8710,Jake Simpson,Texas State,TE,TE,66,jake simpson,-0.017104170302838426,-0.004618325340955409,37.5
8717,Tommy Ricard,Virginia Tech,RG,OL,66,tommy ricard,-0.02063002665719502,-0.010697923468567407,91.0
8718,Hoke Smith II,Navy,RG,OL,85,hoke smith,0.1780490820911381,0.26279939116772427,776.5
8720,Troy Smith III,Louisiana Tech,RT,OL,66,troy smith,-0.042568566996154356,-0.032636463807526744,91.0
8726,Jeremiah Smith,Ohio State,WR,WR,99,jeremiah smith,0.8209584972741676,0.9459574292194985,558.5
8728,Sutton Smith,Arkansas,HB,RB,85,sutton smith,0.0719790963700158,0.23996312513989543,239.5
8729,Jivan Baly,Old Dominion,CB,CB,72,jivan baly,-0.29853604076080315,-0.20006375871495374,536.0
8734,DD Snyder,Massachusetts,SS,SAF,70,dd snyder,-0.279755938535703,-0.1714547999796802,589.5
8735,Kenny Soares Jr.,Michigan State,REDG,EDGE,75,kenny soares,-0.06348644244781922,0.020811703261401044,432.0
8736,Chase Sowell,Penn State,WR,WR,85,chase sowell,0.3161329286320235,0.44113186057735454,558.5
8737,Ethan Spencer,Hawai'i,C,OL,78,ethan spencer,0.014054315032573091,0.10131493590408712,799.5
8738,Kaleb Spencer,Virginia Tech,MIKE,LB,78,kaleb spencer,0.029596811866097764,0.22018740151397884,654.5
8742,Zeion Simpson-Smith,Middle Tennessee,DT,DT,74,zeion simpson smith,-0.07188014706069146,-0.01382760458732796,297.5
8743,Blake Steen,Mississippi State,RG,OL,80,blake steen,0.04175382335354569,0.1290144442250597,799.5
8744,Max Stege,Boise State,LEDG,EDGE,81,max stege,0.19623680966294282,0.28053495537216305,432.0
8747,Danny Stevens,App State,LG,OL,65,danny stevens,-0.044136881373953996,-0.03420477818532638,91.0
8757,Cayden Sweatt,App State,LG,OL,74,cayden sweatt,-0.10831788783435552,-0.029406782280753704,723.0
8763,Iesa Jarmon,Akron,CB,CB,68,iesa jarmon,-0.017614620998801837,-0.011000811010647774,36.0
8771,Jai'Den Thomas,UNLV,HB,RB,89,jaiden thomas,0.22549810256761288,0.5127192290029603,409.5
8874,Jaivian Thomas,UCLA,HB,RB,80,jaivian thomas,-0.03919649904828364,0.046373653393993255,122.0
8880,Zachary Tobe,Georgia Tech,CB,CB,79,zachary tobe,0.1393980223804486,0.23787030442629803,536.0
8884,Teitum Tuioti,Oregon,LEDG,EDGE,92,teitum tuioti,0.42263034832486834,0.5069284940340887,432.0
8885,Malik Tullis,Sacramento State,DT,DT,72,malik tullis,-0.03063340412767156,-0.007607521734875285,118.0
8888,Maurice Turner,Tulane,HB,RB,79,maurice turner,-0.053297148995254236,0.032273003447022656,122.0
8889,Aitor Urionabarrenechea,Massachusetts,LG,OL,75,aitor urionabarrenechea,-0.04789963147325328,0.03936098939826074,799.5
8890,Fatafehi Vailea II,Oklahoma State,DT,DT,77,fatafehi vailea,0.016846876380676112,0.07489941885403961,297.5
8894,JaCorey Stewart,Florida International,MIKE,LB,64,jacorey stewart,-0.021700986952764047,-0.012673777970205892,31.0
8895,Juice Vereen,Colorado State,TE,TE,81,juice vereen,0.1231715826360081,0.21323614429439092,270.5
8899,Dylan Wade,UCF,TE,TE,88,dylan wade,0.2559941122029665,0.34605867386134925,270.5
8901,DJ Butler,Houston,HB,RB,77,dj butler,-0.058074086355593704,0.02749606608668318,122.0
8902,Yakiri Walker,Baylor,C,OL,70,yakiri walker,-0.007028952679468346,0.002903150509159268,91.0
8943,JeRico Washington Jr.,Boise State,CB,CB,84,jerico washington,0.32126711105490074,0.4424284356990009,659.5
8944,Christian Washington,San Diego State,HB,RB,80,christian washington,0.01164363117038955,0.17962765994026916,239.5
8951,Jacob Welch,Northern Illinois,RG,OL,64,jacob welch,-0.028649304362874106,-0.018717201174246495,91.0
8955,Jaylon White-McClain,Cincinnati,LEDG,EDGE,70,jaylon white mcclain,-0.021475159575825246,0.0010628863255982281,115.5
8957,KJ Parker,Iowa,WR,WR,71,kj parker,-0.023554701783798208,-0.015161756487558438,37.5
9031,Caelan Williams,Georgia Southern,LT,OL,74,caelan williams,-0.10219761746087239,-0.017447308384286223,776.5
9033,Ethan Williams,Georgia Southern,RG,OL,67,ethan williams,-0.034273307125144634,-0.024341203936517022,91.0
9034,Devin Cook,Wake Forest,CB,CB,68,devin cook,-0.02747392060669012,-0.020860110618536057,36.0
9035,Lance Williams,App State,RG,OL,71,lance williams,-0.028703816105985994,0.027669055288806997,516.5
9036,Marcus Williams,Mississippi State,FS,SAF,80,marcus williams,0.018091070101191358,0.055753043644846456,205.0
9038,PJ Williams,SMU,RT,OL,92,pj williams,0.4525460262145331,0.5398066470860472,799.5
9039,Noah Bishop,Western Michigan,REDG,EDGE,68,noah bishop,-0.10468540971033864,-0.08214736380891517,115.5
9041,Elijah Wilson,Tulsa,WILL,LB,65,elijah wilson,-0.04834112545193726,-0.026209903430181782,76.0
9042,Kyle Koch,North Texas,WR,WR,67,kyle koch,-0.036952332499920394,-0.028559387203680623,37.5
9065,Robert Woodyard Jr.,Missouri,MIKE,LB,83,robert woodyard,0.340853041049347,0.5314436306972281,654.5
9068,Makhilyn Young,Vanderbilt,HB,RB,81,makhilyn young,-0.04800088892540763,0.119983139844472,239.5
9070,Chase Canada,North Texas,CB,CB,75,chase canada,-0.014851843677282886,0.08362043836856653,536.0
9071,Jae Beasley II,UNLV,TE,TE,68,jae beasley,-0.005048903562472688,0.007436941399410329,37.5
9073,Caleb Holmes,Jacksonville State,LG,OL,71,caleb holmes,-0.008329880857372648,0.001602222331254965,91.0
9119,Sean FitzSimmons,Pittsburgh,DT,DT,82,sean fitzsimmons,0.14657357720626593,0.22296877175524682,391.5
9120,Kendal Brown,Charlotte,REDG,EDGE,64,kendal brown,-0.05133834931360942,-0.04411836924129194,37.0
9126,Langston Hardy,Wake Forest,REDG,EDGE,84,langston hardy,0.3466131803656386,0.44915641085220165,525.5
9146,Zyere Horton,Florida Atlantic,WILL,LB,70,zyere horton,-0.12189062776218434,-0.031181737501962882,311.5
9147,Nico Iamaleava,UCLA,QB,QB,87,nico iamaleava,1.088363634725309,1.723984850516858,697.0
9154,Brandon Inniss,Ohio State,WR,WR,87,brandon inniss,0.2692359057029323,0.3601035267768882,406.0
9159,Bishop Turner,Nevada,FS,SAF,72,bishop turner,-0.08349711598015458,0.024804022575868237,589.5
9169,Aidan Mizell,UCLA,WR,WR,78,aidan mizell,0.03497009063612299,0.09830885113841245,283.0
9173,Jackson Pruitt,Temple,RG,OL,78,jackson pruitt,-0.006294526347612753,0.07261657920598906,723.0
9175,Keanu Tanuvasa,BYU,DT,DT,87,keanu tanuvasa,0.3848057824789394,0.477006879348399,472.5
9180,Emar'rion Winston,Arizona State,LEDG,EDGE,82,emarrion winston,0.1696888927663864,0.2722321232529495,525.5
9182,La'Vell Wright,Pittsburgh,HB,RB,82,lavell wright,-0.06602396092838758,0.10196006784149206,239.5
9187,Dean Ford,Sam Houston,MIKE,LB,73,dean ford,0.05170915459017303,0.19905650120870294,506.0
9189,DJ Allen,Rutgers,REDG,EDGE,76,dj allen,0.04672678344172689,0.10682823917885616,308.0
9196,Kadin Bailey,Eastern Michigan,MIKE,LB,66,kadin bailey,-0.22195259295389075,-0.13124370269366928,311.5
9232,Brandon Baker,Texas,RG,OL,87,brandon baker,0.2814604278866824,0.36621073696326856,776.5
9233,Jaylen'Dai Sumlin,Stanford,FS,SAF,76,jaylendai sumlin,-0.04947987073935682,0.018587257055395434,370.5
9235,Jordan Bass,Virginia Tech,WILL,LB,74,jordan bass,-0.023078273077700006,0.12426907354082989,506.0
9237,Kaleb Beasley,Louisville,SS,SAF,73,kaleb beasley,-0.06013215373259822,-0.02247018018894312,205.0
9239,Kendrick Bell,Michigan,WR,WR,75,kendrick bell,-0.012770973723972031,-0.004378028427732261,37.5
9240,Jace Bellah,Colorado State,SS,SAF,69,jace bellah,-0.04120089682499666,-0.02292106088551529,99.5
9242,Cole Best,Auburn,C,OL,82,cole best,0.1906896439600222,0.27795026483153623,799.5
9245,Lynel Billups-Williams,Miami (OH),WR,WR,72,lynel billups williams,-0.06141668036714178,-0.03735690385125443,107.5
9282,Logan Blake,Rutgers,TE,TE,69,logan blake,-0.04897789897195874,-0.02433916491384292,74.0
9286,J'Quan Mason,UAB,REDG,EDGE,68,jquan mason,-0.03980296836181201,-0.03258298828949454,37.0
9289,Caleb Brown,Hawai'i,CB,CB,78,caleb brown,-0.051962030059249896,0.04651025198659952,536.0
9292,Jaylen Brown,LSU,REDG,EDGE,75,jaylen brown,0.008330868185237244,0.015550848257554721,37.0
9294,Max Brown,West Virginia,QB,QB,72,max brown,-0.05801309541451424,-0.025639274524126895,35.5
9301,Jimmy Calloway,Tulsa,WR,WR,79,jimmy calloway,-0.038917561783855394,0.05195005929010051,406.0
9305,Michael Capria,Kansas State,C,OL,69,michael capria,-0.012627143086366484,-0.0026950398977388704,91.0
9306,Clay Martineau,New Mexico,MIKE,LB,69,clay martineau,-0.11789713247370498,-0.02718824221348351,311.5
9312,CJ Clinkscales,Charlotte,CB,CB,75,cj clinkscales,-0.08589940122414506,0.012572880821704352,536.0
9316,Caleb Cook,South Florida,RG,OL,87,caleb cook,0.16200224326304669,0.24926286413456072,799.5
9320,Kavon Pointer,Army,WR,WR,61,kavon pointer,-0.24251226769887851,-0.20412853121074195,171.5
9321,Eryx Daugherty,Louisville,LG,OL,78,eryx daugherty,0.11920026329873704,0.18987099752551043,647.5
9322,Jaylin Davies,Vanderbilt,CB,CB,80,jaylin davies,0.10280045526441373,0.17160245083562753,374.5
9323,Myles Davis,Texas A&M,FS,SAF,75,myles davis,-0.010937101150520833,-0.003955857274135987,38.0
9325,Cale Hellums,Army,QB,QB,84,cale hellums,0.02996879138070173,0.6655900071722506,697.0
9326,Justin Denson Jr.,Purdue,FS,SAF,71,justin denson,-0.08916537343788493,-0.05150339989422984,205.0
9336,Jack Dotzler,Iowa,RT,OL,77,jack dotzler,0.07013047561909172,0.12650334701388471,516.5
9340,Jonathan Jefferson,SMU,DT,DT,77,jonathan jefferson,0.002877976660743712,0.04405137653260824,211.0
9343,Kooper Ebel,Penn State,WILL,LB,75,kooper ebel,0.008137790371510096,0.09884668063173156,311.5
9348,Nathan Elu,Oregon State,C,OL,70,nathan elu,-0.10731654868390264,-0.036645814457129236,647.5
9353,Dorian Fleming,Maryland,TE,TE,87,dorian fleming,0.23631979443581574,0.3263843560941986,270.5
9356,Gabe Fortson,Arkansas State,C,OL,67,gabe fortson,-0.020595507921819023,-0.01066340473319141,91.0
9359,Blake Frazier,Michigan,LT,OL,82,blake frazier,0.10015282614389642,0.15652569753868942,516.5
9361,A.J. Fuimaono,UCLA,DT,DT,75,a j fuimaono,-0.045816724914225296,-0.004643325042360766,211.0
9363,Stephen Gales,Toledo,LT,OL,80,stephen gales,0.12717635251777445,0.2144369733892885,799.5
9364,Benjamin Galloway,Florida Atlantic,RT,OL,72,benjamin galloway,-0.1028803261851525,-0.0239692206315507,723.0
9365,Ryland Gandy,Indiana,CB,CB,78,ryland gandy,-0.07594709192319808,-0.007145096351984271,374.5
9367,Denzel Chavis,Temple,CB,CB,70,denzel chavis,-0.12477574233903317,-0.026303460293183763,536.0
9371,Mylan Graham,Notre Dame,WR,WR,81,mylan graham,0.014170483279430112,0.05255421976756666,171.5
9372,Donovan Green,Oklahoma State,TE,TE,80,donovan green,0.12871699996909058,0.21878156162747342,270.5
9379,Jaden Hamm,Arkansas State,TE,TE,68,jaden hamm,-0.02277898245415236,0.0018597516039634597,74.0
9418,Yannick Smith,SMU,WR,WR,82,yannick smith,0.19457615574125953,0.28544377681521543,406.0
9419,Zaimir Hawk,Iowa State,DT,DT,77,zaimir hawk,0.02638083386754709,0.10277602841652796,391.5
9420,Kalib Hicks,Western Kentucky,HB,RB,78,kalib hicks,-0.17335097720391734,-0.005366948434037731,239.5
9424,Grant Ellinger,Virginia,RG,OL,70,grant ellinger,-0.020084931894379883,-0.010152828705752268,91.0
9426,JaKobe Campbell,James Madison,RG,OL,57,jakobe campbell,-0.05747621400278036,-0.047544110814152746,91.0
9431,Kameron Howard,Boston College,FS,SAF,74,kameron howard,-0.01624583118111147,0.02141614236254363,205.0
9440,Bryan Jackson II,Wisconsin,HB,RB,80,bryan jackson,-0.14937886154901522,0.018605167220864416,239.5
9445,Ja'Kobi Jackson,Ohio State,HB,RB,81,jakobi jackson,0.029240110548836,0.1148102629911129,122.0
9448,Kari Jackson,Toledo,WILL,LB,65,kari jackson,-0.15563419360354463,-0.10336374159163529,179.5
9449,Kenyatta Jackson Jr.,Ohio State,LEDG,EDGE,91,kenyatta jackson,0.505937463826141,0.608480694312704,525.5
9451,Kylin Jackson,TCU,FS,SAF,77,kylin jackson,0.044246303400215584,0.11231343119496782,370.5
9452,Miguel Jackson,Northwestern,DT,DT,70,miguel jackson,-0.12041787750622444,-0.06236533503286095,297.5
9454,Javen Jacobs,Utah State,HB,RB,82,javen jacobs,0.0698484833459846,0.35706960978133206,409.5
9455,Vandrevius Jacobs,Miami,WR,WR,84,vandrevius jacobs,0.09043572567827457,0.1288194621664111,171.5
9457,Dazmin James,App State,WR,WR,73,dazmin james,-0.12325268943190837,-0.0599139289296189,283.0
9458,Will James,Houston,CB,CB,88,will james,0.4931972108853269,0.614358535529427,659.5
9460,Jamaal Jarrett,USC,DT,DT,79,jamaal jarrett,0.06548156601569113,0.10665496588755566,211.0
9464,Jayson Jenkins,Mississippi State,LEDG,EDGE,75,jayson jenkins,0.016843618564334927,0.05977322980514155,220.0
9470,Larry Johnson III,Colorado,RT,OL,77,larry johnson,0.06657909332271685,0.151329402399303,776.5
9472,Brock Taylor,Massachusetts,RG,OL,67,brock taylor,-0.17887389215661945,-0.12250102076182648,516.5
9476,Jacobe Johnson,Oklahoma,CB,CB,80,jacobe johnson,0.024339500046117145,0.09314149561733097,374.5
9478,JK Johnson,Florida Atlantic,CB,CB,74,jk johnson,-0.25485104402161457,-0.15637876197576517,536.0
9480,Nate Johnson,Utah,QB,QB,74,nate johnson,-0.07388905328616573,-0.04151523239577837,35.5
9485,Zay Johnson,Cincinnati,CB,CB,66,zay johnson,-0.028964823515617088,-0.022351013527463024,36.0
9507,Gabe Jones,Colorado State,DT,DT,73,gabe jones,-0.10396542808324094,-0.04591288560987744,297.5
9508,Jaden Jones,Missouri,LEDG,EDGE,70,jaden jones,-0.016249778591212995,-0.009029798518895519,37.0
9509,Cai Bates,Wisconsin,CB,CB,76,cai bates,-0.03586002567339197,0.032941969897821846,374.5
9511,Eric Fletcher Jr.,Wisconsin,CB,CB,75,eric fletcher,-0.053854095713207484,-0.011599198566667619,230.0
9512,Kelley Jones,Mississippi State,CB,CB,91,kelley jones,0.6572497063374826,0.7784110309815827,659.5
9513,Kody Jones,Kennesaw State,CB,CB,75,kody jones,-0.06517657503587504,0.05598474960822513,659.5
9516,Quindarrius Jones,Florida State,CB,CB,77,quindarrius jones,0.02606710675641629,0.06832200390295615,230.0
9518,Ashton Hampton,Clemson,CB,CB,86,ashton hampton,0.43369604439976067,0.5548573690438607,659.5
9673,Edwin Joseph,Ole Miss,SS,SAF,78,edwin joseph,0.055281106289857204,0.16358224484588002,589.5
9675,Quinten Joyner,Texas Tech,HB,RB,86,quinten joyner,0.07403189468714652,0.15960204712942339,122.0
9677,Judah Pruitt,Boston College,RG,OL,72,judah pruitt,-0.013892359565571968,-0.003960256376944355,91.0
9684,Gerald Kilgore,South Carolina,FS,SAF,76,gerald kilgore,0.008853980706577126,0.11715511926259994,589.5
9687,Marc Pretto,Colorado State,MIKE,LB,67,marc pretto,-0.019637011794720157,-0.010609802812162002,31.0
9690,Angelo McCullom,Texas A&M,DT,DT,77,angelo mccullom,-0.016128586216688508,0.025044813655176017,211.0
9692,Emerson Mandell,Wisconsin,RG,OL,77,emerson mandell,0.08573198146155694,0.17299260233307096,799.5
9699,Geimere Latimer II,West Virginia,CB,CB,78,geimere latimer,-0.058573247995716914,0.06258807664838326,659.5
9700,Aidan Laughery,Illinois,HB,RB,85,aidan laughery,0.16570307164102477,0.4529241980763722,409.5
9707,Jimothy Lewis Jr.,California,RT,OL,75,jimothy lewis,-0.0019491958337928025,0.00798290735483481,91.0
9709,Jay Lindsey,Alabama,TE,TE,75,jay lindsey,-0.015185906116667518,0.009452827941448302,74.0
9710,Tony Livingston,Baylor,TE,TE,74,tony livingston,-0.019674790608502253,0.07038977104988058,270.5
9715,Keldric Luster,Ball State,QB,QB,71,keldric luster,-0.22308366071672697,0.41253755507482187,697.0
9716,Barry Manning,Eastern Michigan,SS,SAF,77,barry manning,0.09842690624913801,0.20672804480516083,589.5
9717,Jon Rodriguez,Florida International,C,OL,68,jon rodriguez,-0.019018881525414512,-0.0090867783367869,91.0
9720,Jiquavious Marshall,Liberty,CB,CB,69,jiquavious marshall,-0.05053157373410426,-0.02830182349614199,121.0
9722,Jordan Perry,Troy,SAM,LB,69,jordan perry,-0.007293928121722877,0.0017332808608352787,31.0
9726,Mikey Matthews,UCLA,WR,WR,83,mikey matthews,0.0787015145157996,0.1695691355897555,406.0
9727,Elijah Mc-Cantos,Colorado State,FS,SAF,78,elijah mc cantos,-0.019623709203912727,0.1047526619622068,677.0
9731,Devin McCuin,Ohio State,WR,WR,85,devin mccuin,0.18984446448682415,0.2531832249891136,283.0
9732,Jayden Jennings,UCF,WILL,LB,70,jayden jennings,-0.04212103289611932,0.010149419115790002,179.5
9735,DJ McKinney,Tulsa,HB,RB,79,dj mckinney,-0.08159983021603316,0.003970322226243715,122.0
9741,Jamal Meriweather,Miami,RG,OL,77,jamal meriweather,0.0473504290745074,0.1037233004693004,516.5
9743,Udoka Ezeani,North Texas,LEDG,EDGE,82,udoka ezeani,-0.03493440405457034,0.06760882643199273,525.5
9744,Ian Moore,Ohio State,LT,OL,77,ian moore,0.06538742672091215,0.12176029811570513,516.5
9745,Jaden Ligon,UAB,RT,OL,64,jaden ligon,-0.035635184758121115,-0.025703081569493504,91.0
9753,Tei Nacua,BYU,WR,WR,76,tei nacua,-0.06515293698928401,-0.02676920050114746,171.5
9757,Tony Nelson,Minnesota,RG,OL,72,tony nelson,-0.022548972297553635,-0.012616869108926022,91.0
9775,Tai Newhouse,Tulsa,DT,DT,81,tai newhouse,0.09532835957678763,0.1875294564462473,472.5
9777,Isaiah Nixon,UCF,REDG,EDGE,74,isaiah nixon,-0.09099199838699487,-0.04806238714618826,220.0
9778,Jaivian Norman,Eastern Michigan,CB,CB,71,jaivian norman,-0.15903131369829193,-0.0902293181270781,374.5
9780,Ezra Odinjor,Toledo,REDG,EDGE,72,ezra odinjor,-0.06440219902788949,0.019895946681330778,432.0
9782,Matthew Ogunniyi,Massachusetts,TE,TE,72,matthew ogunniyi,-0.15717310791603786,-0.1052319928746045,156.0
9783,Jaedn Skeete,Boston College,WR,WR,77,jaedn skeete,0.03763269368290392,0.16263162562823488,558.5
9792,Gyriece Goodman,Oregon State,SAM,LB,70,gyriece goodman,-0.12432245171754311,-0.07205199970563378,179.5
9794,Dre Pinckney,Coastal Carolina,SS,SAF,70,dre pinckney,-0.09900334084195457,-0.030936213047202316,370.5
9798,Caleb Presley,Colorado State,CB,CB,76,caleb presley,-0.11687238976770933,0.004288934876390833,659.5
9800,Andrew Rappleyea,Penn State,TE,TE,81,andrew rappleyea,0.07438041835905677,0.12632153340049013,156.0
9802,Carson Rasmussen,Boise State,LG,OL,71,carson rasmussen,-0.011443965674267097,-0.0015118624856394853,91.0
9803,James Reed III,Arkansas State,CB,CB,71,james reed,-0.054194688867938066,0.01460730670327575,374.5
9804,Elijah Reed,Utah,CB,CB,79,elijah reed,0.24472490013468287,0.3431971821805323,536.0
9805,Desirrio Riles,Florida State,TE,TE,80,desirrio riles,0.1545921458781794,0.24465670753656224,270.5
9808,Willie Rodriguez,Kentucky,TE,TE,79,willie rodriguez,0.07391732557116241,0.16398188722954524,270.5
9809,Eli Coppess,Miami (OH),SAM,LB,68,eli coppess,-0.14853994370972554,-0.09626949169781622,179.5
9811,Austin Romaine,Texas Tech,WILL,LB,91,austin romaine,0.7530350944298363,0.9436256840777174,654.5
9817,Jordan Ross,Arizona,WR,WR,75,jordan ross,-0.006973625441256624,0.0014193198549831462,37.5
9819,Bodie Schoonover,BYU,LEDG,EDGE,83,bodie schoonover,0.3146813647393361,0.4172245952258992,525.5
9824,TJ Shanahan Jr.,Florida,RG,OL,83,tj shanahan,0.16017386962126537,0.24743449049277938,799.5
9828,Austin Simmons,Missouri,QB,QB,81,austin simmons,0.6848708043844287,1.3204920201759776,697.0
9829,Jo Simmons,Auburn,RT,OL,77,jo simmons,0.0029247670496041524,0.012856870238231765,91.0
9831,Gregory Smith Jr.,Miami (OH),LG,OL,72,gregory smith,-0.06629954717372648,-0.00992667577893349,516.5
9834,Kamen Smith,NC State,LG,OL,73,kamen smith,-0.006803997303244205,0.003128105885383408,91.0
9838,Amare Snowden,Syracuse,SS,SAF,71,amare snowden,-0.017530021032446105,0.000749814907035268,99.5
9839,Isaac Sohn,Sam Houston,LT,OL,70,isaac sohn,-0.14215022415632517,-0.07147948992955175,647.5
9841,Aycen Stevens,Virginia Tech,LEDG,EDGE,76,aycen stevens,0.006463587167388912,0.04939319840819553,220.0
9842,Bailey Stockton,Florida,WR,WR,80,bailey stockton,0.025247729245941094,0.049307505761828435,107.5
9864,Se'Von McDowell,Coastal Carolina,WILL,LB,72,sevon mcdowell,-0.03842469735326514,0.05228419290695632,311.5
9866,Isaiah Thacker,Ball State,WR,WR,72,isaiah thacker,-0.07806904050636436,-0.03968530401822782,171.5
9869,Jonathan Thompson,Cincinnati,WILL,LB,79,jonathan thompson,0.1879969289456613,0.3785875185935424,654.5
9871,Jalen Todd,Kansas,CB,CB,77,jalen todd,-0.010350406273702597,0.11081091837039755,659.5
9873,Chris Tooley III,Florida Atlantic,CB,CB,69,chris tooley,-0.05388605537632409,-0.03165630513836181,121.0
9876,Jordan Faison,Notre Dame,WR,WR,88,jordan faison,0.40598240619792303,0.530981338143254,558.5
9954,Jaylen Watson,Iowa,CB,CB,80,jaylen watson,0.14818766165338063,0.24665994369923003,536.0
9957,DJ Wesolak,Coastal Carolina,LEDG,EDGE,80,dj wesolak,0.08947836948999904,0.1920215999765621,525.5
9961,PJ Wilkins,Wisconsin,LT,OL,76,pj wilkins,-0.02642957099308202,0.05248153456051979,723.0
9962,Lukia Rawls Jr.,Air Force,DT,DT,73,lukia rawls,-0.07131533383097317,0.005079860718007687,391.5
9963,Andrew Tillett,Air Force,DT,DT,73,andrew tillett,-0.041815769815006565,0.050385327054453095,472.5
9964,David Santiago,Kansas,LEDG,EDGE,75,david santiago,-0.022214414569964654,0.06208373113925561,432.0
9966,Luke Fisher,Air Force,WILL,LB,73,luke fisher,-0.04037242057225214,0.011898031439657177,179.5
9967,Houston Hendrix,Air Force,SS,SAF,70,houston hendrix,-0.08034755629365951,-0.012280428498907254,370.5
9968,Owen Allen,Air Force,FB,RB,88,owen allen,0.371903074381708,0.6591242008170555,409.5
9974,TJ Tarascio,Air Force,LG,OL,74,tj tarascio,0.010329857044642322,0.06670272843943531,516.5
9976,Jayden Oquendo,Air Force,DT,DT,70,jayden oquendo,-0.10187228378751562,-0.043819741314152116,297.5
9977,Hiroshi Carr,Southern Miss,CB,CB,69,hiroshi carr,-0.0011933858694676267,0.005420424118686438,36.0
9978,Brody Whitson,Air Force,LEDG,EDGE,67,brody whitson,-0.08922236143805115,-0.046292750197244534,220.0
9979,Ayden Williams,Mississippi State,WR,WR,82,ayden williams,0.14288706381346275,0.23375468488741866,406.0
9980,Brenton Williams,Liberty,REDG,EDGE,80,brenton williams,0.13695649238422614,0.23949972287078922,525.5
9982,Keanu Williams,Penn State,DT,DT,81,keanu williams,0.1489889139611939,0.24119001083065358,472.5
9983,Makai Williams,Tulane,MIKE,LB,73,makai williams,-0.07585411087792614,0.014854779382295338,311.5
9990,Braeden Wisloski,James Madison,WR,WR,83,braeden wisloski,0.18846693501128073,0.3134658669566117,558.5
10000,Noah Rosahac,Delaware,LT,OL,71,noah rosahac,-0.07114388829244364,0.007767217261158161,723.0
10002,Christian Alliegro,Ohio State,WILL,LB,78,christian alliegro,0.08652879619078359,0.2338761428093135,506.0
10007,Tank Boston,Charlotte,WR,WR,73,tank boston,-0.2075795034871883,-0.11671188241323241,406.0
10009,Zhaiylen Scott,Miami (OH),LEDG,EDGE,71,zhaiylen scott,-0.01952633587767508,-0.012306355805357607,37.0
10010,Cole Ballard,Kansas,QB,QB,70,cole ballard,-0.03441184523024294,-0.0020380243398555858,35.5
10011,Blake Barnett,Kansas State,QB,QB,68,blake barnett,-0.023431026944999975,-0.003368377379126125,22.0
10013,Ronnie Royal III,NC State,SS,SAF,72,ronnie royal,-0.1709344507706089,-0.10286732297585666,370.5
10016,Kyngstonn Viliamu-Asa,Notre Dame,MIKE,LB,90,kyngstonn viliamu asa,0.6443881352662463,0.7917354818847762,506.0
10017,AJ Bianco,Nevada,QB,QB,71,aj bianco,-0.3689113213499686,0.2667098944415802,697.0
10022,Jalen Buckley,Western Michigan,HB,RB,86,jalen buckley,0.43405938872162925,0.7212805151569767,409.5
10023,Jarriett Buie,Iowa,WR,WR,74,jarriett buie,-0.05265229771739503,-0.014268561229258486,171.5
10029,Nate Palmer,Wisconsin,HB,RB,77,nate palmer,-0.05120080613524937,-0.015429676835609035,51.0
10033,Ty Chan,UConn,RG,OL,78,ty chan,0.015267124610756324,0.1000174336873425,776.5
10034,Bodey McCaslin,Iowa,LT,OL,70,bodey mccaslin,-0.02739213037350439,-0.017460027184876777,91.0
10036,Aidan Chiles,Northwestern,QB,QB,80,aidan chiles,0.4774161224943061,1.113037338285855,697.0
10037,Tanner Heckel,Illinois,CB,CB,74,tanner heckel,-0.012269555330940363,-0.005655745342786299,36.0
10038,Kevin Heywood,Wisconsin,RT,OL,75,kevin heywood,0.017023890452459778,0.08769462467923317,647.5
10043,Ernest Cooper,Stanford,WILL,LB,70,ernest cooper,-0.0045716616886217545,0.017559560333133724,76.0
10045,Ashton Craig,Notre Dame,C,OL,85,ashton craig,0.23845653496589087,0.3173676405194927,723.0
10046,Matt Craycraft,Duke,C,OL,83,matt craycraft,0.19932472341155733,0.28407503248814353,776.5
10047,Caden Creel,Jacksonville State,QB,QB,78,caden creel,-0.13491506872411202,0.5007061470674369,697.0
10052,Bill Davis,Virginia Tech,HB,RB,83,bill davis,0.11904586826361165,0.2870298970334913,239.5
10063,Nathan Efobi,Michigan,RG,OL,84,nathan efobi,0.10790083990896418,0.186811945462566,723.0
10064,Ben Marsh,Ball State,REDG,EDGE,73,ben marsh,0.007187567603549307,0.09148571331276957,432.0
10073,Kam Franklin,Ole Miss,LEDG,EDGE,85,kam franklin,0.3955830916875446,0.4981263221741077,525.5
10075,Chance Gamble,Georgia Southern,CB,CB,79,chance gamble,0.06846431048477525,0.18962563512887542,659.5
10084,Gavin Grover,Cincinnati,TE,TE,74,gavin grover,-0.07454329088576507,0.015521270772617779,270.5
10085,Quinn Grovesteen-Matchey,Wyoming,RG,OL,69,quinn grovesteen matchey,-0.0008349766339775593,0.009097126554650054,91.0
10090,Will Hammond,Texas Tech,QB,QB,75,will hammond,0.04761943605107846,0.6832406518426273,697.0
10093,Trell Harris,Oklahoma,WR,WR,87,trell harris,0.3067978008612417,0.39766542193519755,406.0
10098,Brandyn Hillman,Virginia,FS,SAF,85,brandyn hillman,0.3655427875380394,0.4738439260940622,589.5
10104,Baron Hopson,Kennesaw State,MIKE,LB,84,baron hopson,0.19116000922795523,0.3817505988758363,654.5
10108,Jahzon Jacks,Fresno State,LEDG,EDGE,83,jahzon jacks,0.22290436022319712,0.3254475907097602,525.5
10109,Antione Jackson,UCF,CB,CB,78,antione jackson,0.08878986505292688,0.1575918606241407,374.5
10111,Kamran James,Florida,LEDG,EDGE,84,kamran james,0.3469896243660282,0.4495328548525913,525.5
10121,Hero Kanu,Texas,DT,DT,85,hero kanu,0.20536505505579222,0.2817602496047731,391.5
10125,Deric Dandy,Virginia Tech,LEDG,EDGE,67,deric dandy,-0.030852591035628492,-0.023632610963311016,37.0
10127,Keon Keeley,Notre Dame,LEDG,EDGE,82,keon keeley,0.19895336764241103,0.2832515133516313,432.0
10129,Khalifa Keith,Alabama,HB,RB,79,khalifa keith,-0.06359756607057017,-0.02782643677092984,51.0
10131,Misun Kelley,Clemson,CB,CB,71,misun kelley,-0.022564646348670392,-0.015950836360516325,36.0
10132,Felix Hixon,Middle Tennessee,DT,DT,76,felix hixon,-0.1464588673977288,-0.05425777052826913,472.5
10136,Lincoln Kienholz,Louisville,QB,QB,81,lincoln kienholz,0.6948968484326984,1.3305180642242471,697.0
10140,Justin Kirkland,BYU,DT,DT,83,justin kirkland,0.2192910393185022,0.29568623386748305,391.5
10141,K.J. Kirkland,Florida State,FS,SAF,75,k j kirkland,0.005324713177661813,0.07339184097241407,370.5
10142,Payton Kirkland,UAB,LT,OL,80,payton kirkland,0.10252236183533643,0.18727267091192262,776.5
10143,Antonio Kite,Ole Miss,CB,CB,87,antonio kite,0.27687930419247064,0.3980406288365708,659.5
10170,Patrick Kutas,Ole Miss,RG,OL,82,patrick kutas,0.18785975737238347,0.2726100664489697,776.5
10171,Mario Landino,Indiana,DT,DT,88,mario landino,0.31560161427581573,0.3919968088247966,391.5
10173,Deshaun Lee,Iowa,CB,CB,85,deshaun lee,0.36642516322804775,0.48758648787214787,659.5
10174,Luke Harpring,Florida,TE,TE,76,luke harpring,-0.031681646162757225,0.058382915495625604,270.5
10175,Jonathan Echols,Auburn,TE,TE,78,jonathan echols,0.01125841638201585,0.03589715044013168,74.0
10177,Ben York,Virginia,LT,OL,69,ben york,-0.01783495893511151,-0.007902855746483898,91.0
10178,Marc Woods,Jacksonville State,SS,SAF,74,marc woods,-0.015856046761956896,0.09244509179406592,589.5
10181,Justin Terrell,Sam Houston,DT,DT,76,justin terrell,0.01255635650510765,0.10475745337456731,472.5
10182,Jacob Manu,Washington,MIKE,LB,87,jacob manu,0.5804236984287485,0.7710142880766296,654.5
10183,Talan Carter,Vanderbilt,DT,DT,80,talan carter,0.07730319015099377,0.13535573262435727,297.5
10187,Mike Matthews,Tennessee,WR,WR,86,mike matthews,0.28321583545808776,0.3740834565320436,406.0
10189,Avion McBride,Georgia State,TE,TE,67,avion mcbride,-0.032277693464024614,-0.007638959405908792,74.0
10190,Owen McCown,UTSA,QB,QB,83,owen mccown,0.14155710419028242,0.7771783199818313,697.0
10196,Kyle McNeal,Florida International,WR,WR,76,kyle mcneal,-0.023921542415995464,0.06694607865796044,406.0
10199,Zavier Mincey,Alabama,FS,SAF,77,zavier mincey,-0.0012304204830164544,0.005750823393368392,38.0
10201,Tariq Montgomery,Marshall,LT,OL,73,tariq montgomery,-0.10084990077528856,-0.02193879522168675,723.0
10238,Barry Walker,UAB,RG,OL,67,barry walker,-0.01408817148368565,-0.004156068295058038,91.0
10240,Jacob Ponton,Texas Tech,RT,OL,83,jacob ponton,0.19991599934217125,0.27882710489577306,723.0
10241,Aaron Morris,Stanford,CB,CB,70,aaron morris,-0.08168383386812231,-0.03942893672158245,230.0
10245,Ahmad Moten Sr.,Miami,DT,DT,91,ahmad moten,0.4999300828331883,0.592131179702648,472.5
10247,Kiawan Murphy,Western Kentucky,DT,DT,73,kiawan murphy,-0.044520244152916305,-0.003346844281051775,211.0
10249,Marleo Neolien,East Carolina,LT,OL,68,marleo neolien,-0.027443921124522992,-0.01751181793589538,91.0
10250,Caleb Moore,Georgia Southern,DT,DT,70,caleb moore,-0.0583196390634418,-0.0002670965900783049,297.5
10251,Kayo Patu,Washington State,FS,SAF,69,kayo patu,-0.2237109817448934,-0.15564385395014113,370.5
10257,Jaziun Patterson,Michigan State,HB,RB,80,jaziun patterson,-0.05684027430568283,0.1111437544641968,239.5
10260,Joshua Phifer,UCLA,TE,TE,67,joshua phifer,-0.016462467774431753,-0.003976622812548735,37.5
10268,Marcel Reed,Texas A&M,QB,QB,88,marcel reed,1.3658616965211652,2.001482912312714,697.0
10269,Luke Reynolds,Virginia Tech,TE,TE,84,luke reynolds,0.08326805000176307,0.1352091650431964,156.0
10278,Chance Rucker,Arizona State,CB,CB,76,chance rucker,-0.042578781095685005,-0.00032388394914514363,230.0
10283,Vic Shaw,New Mexico State,REDG,EDGE,77,vic shaw,-0.00801017481472474,0.09453305567183834,525.5
10291,Lucky Sutton,San Diego State,HB,RB,87,lucky sutton,0.2615396530526256,0.548760779487973,409.5
10293,Vicari Swain,South Carolina,CB,CB,84,vicari swain,0.19792519533079098,0.2963974773766404,536.0
10295,Kelvin Hill,Georgia Tech,CB,CB,77,kelvin hill,-0.02827652157876497,-0.006046771340802692,121.0
10302,Jay'shon Thomas,Northern Illinois,REDG,EDGE,77,jayshon thomas,0.025339394966169555,0.12788262545273263,525.5
10307,Josiah Timoteo,Oregon State,RT,OL,75,josiah timoteo,-0.038528414089620294,0.046221894986965884,776.5
10309,Mohamed Toure,Miami,WILL,LB,84,mohamed toure,0.4318881246471508,0.6224787142950319,654.5
10311,Hayden Treter,USC,LG,OL,73,hayden treter,-0.007112447388884221,0.002819655799743393,91.0
10314,Riley Van Poppel,Nebraska,DT,DT,82,riley van poppel,0.2156299696726678,0.30783106654212744,472.5
10316,Ethan Vasko,Liberty,QB,QB,74,ethan vasko,-0.04517442194299613,0.048755255569958716,103.0
10317,Jett Vincent,Wyoming,FS,SAF,73,jett vincent,-0.002810652269539166,0.06525647552521309,370.5
10323,Bryson Washington,Auburn,HB,RB,87,bryson washington,0.35793209692471384,0.5259161256945936,239.5
10324,Aleric Watson,Arkansas State,RT,OL,72,aleric watson,-0.03865681657755023,0.017716054817242755,516.5
10330,Tre Fulton,UNLV,FS,SAF,75,tre fulton,-0.08550034886887542,0.022800789687147393,589.5
10333,Jaron Willis,Kansas,MIKE,LB,70,jaron willis,-0.008132295706550377,0.013998926315205105,76.0
10335,Maarten Woudsma,Memphis,RG,OL,75,maarten woudsma,-0.03484004132800374,0.03583069289876966,647.5
10337,Rahim Wright II,Washington,FS,SAF,68,rahim wright,-0.026515494425022577,-0.019534250548637732,38.0
10395,Jaden Alexis,South Florida,WR,WR,74,jaden alexis,-0.012156538944681558,-0.003763593648441789,37.5
10399,Sammy Anderson Jr.,Southern Miss,CB,CB,73,sammy anderson,-0.08647535221501419,0.011996929830835218,536.0
10400,Terence Marshall,Western Michigan,WR,WR,65,terence marshall,-0.12062398492274758,-0.09656420840686022,107.5
10401,Hunter Andrews,Utah,TE,TE,65,hunter andrews,-0.03475815473495212,-0.022272309773069102,37.5
10405,Jared Badie,Ball State,LEDG,EDGE,75,jared badie,-0.19412323822570052,-0.09158000773913745,525.5
10423,Hank Purvis,South Carolina,LG,OL,78,hank purvis,0.004972930217640779,0.07564366444441419,647.5
10427,Patrick Barnett,Fresno State,RG,OL,71,patrick barnett,-0.12271882842090294,-0.06634595702610994,516.5
10436,Naquil Betrand,Syracuse,LT,OL,70,naquil betrand,-0.02211952909348244,-0.012187425904854828,91.0
10437,Que Billingsley,UAB,CB,CB,72,que billingsley,0.011620306984411535,0.08042230255562534,374.5
10439,CJ Blocker,Colorado State,CB,CB,72,cj blocker,-0.21263239398828687,-0.11416011194243744,536.0
10440,TK King,New Mexico State,WR,WR,80,tk king,0.1262945546998553,0.2512934866451863,558.5
10449,Landan Brown,Sam Houston,HB,RB,79,landan brown,0.0415275139509822,0.2095115427208618,239.5
10451,Justus Savage,Jacksonville State,HB,RB,75,justus savage,-0.15238888570257297,-0.0668187332602961,122.0
10452,Braydon Brus,Northwestern,WILL,LB,73,braydon brus,-0.09698859612449277,0.050358750494037124,506.0
10454,Grant Buckey,UCLA,LEDG,EDGE,74,grant buckey,0.004476122715139434,0.027014168616562906,115.5
10458,Keyshawn Burgos,Purdue,REDG,EDGE,77,keyshawn burgos,0.027653297874939767,0.11195144358416002,432.0
10463,Dalton Carnes,North Texas,WR,WR,76,dalton carnes,-0.0032170307773147864,0.03516670571082177,171.5
10468,Jordan Castell,Kentucky,SS,SAF,82,jordan castell,0.265868522429568,0.3741696609855908,589.5
10499,Ashton Cozart,Kentucky,WR,WR,76,ashton cozart,-0.01630010152612119,0.022083634962015358,171.5
10500,Caden Crawford,Iowa State,LEDG,EDGE,72,caden crawford,-0.007495346076673741,0.035434265164132873,220.0
10501,Ethan Crawford,Arkansas State,QB,QB,74,ethan crawford,-0.5312957213749366,0.10432549441661229,697.0
10508,Chris D'Appolonia,Syracuse,WILL,LB,74,chris dappolonia,-0.11386414566840915,0.033483200950120764,506.0
10509,Devon Dampier,Utah,QB,QB,89,devon dampier,1.1587248754259076,1.7943460912174565,697.0
10512,OJ Frederique Jr.,Miami,CB,CB,86,oj frederique,0.3454629044536295,0.4439351864994789,536.0
10514,Evan Boyd,Iowa State,WR,WR,76,evan boyd,-0.056173211267993815,-0.017789474779857265,171.5
10518,Denaris DeRosa Jr.,Hawai'i,RG,OL,72,denaris derosa,-0.09601074864923169,-0.025340014422458288,647.5
10519,James Rexroat,Missouri State,TE,TE,68,james rexroat,-0.03962996406242541,-0.014991230004309589,74.0
10520,Mitchell Dietzel,James Madison,TE,TE,54,mitchell dietzel,-0.02372179543760298,-0.019060413318499985,14.0
10521,CJ Doggette Jr.,Florida Atlantic,DT,DT,81,cj doggette,0.2096456007836514,0.30184669765311106,472.5
10524,Eddie Freauff,Oregon State,WR,WR,75,eddie freauff,-0.04532192178840182,-0.006938185300265268,171.5
10543,Noah Dunham,Washington State,RG,OL,72,noah dunham,-0.09711969948178277,-0.04074682808698978,516.5
10546,E.J. Lightsey,Georgia Tech,WILL,LB,81,e j lightsey,0.18330747981863166,0.33065482643716154,506.0
10547,Earl Little Jr.,Ohio State,SS,SAF,84,earl little,0.14863689938138772,0.21670402717613999,370.5
10550,Coen Echols,Texas A&M,LG,OL,87,coen echols,0.33095395131585703,0.418214572187371,799.5
10553,Zafir Stewart,Illinois,RT,OL,66,zafir stewart,-0.039383602239288176,-0.029451499050660558,91.0
10556,Brandon Enarusai,Temple,REDG,EDGE,66,brandon enarusai,-0.02480326304380174,-0.017583282971484263,37.0
10558,Ike Esonwune,UAB,WILL,LB,65,ike esonwune,-0.017228371164972413,-0.008201162182414255,31.0
10559,Malik Esquerra,Texas Tech,SS,SAF,74,malik esquerra,-0.08816250231443376,0.020138636241589052,589.5
10561,CC Ezirim,Western Kentucky,TE,TE,73,cc ezirim,-0.04493931176337189,0.04512524989501094,270.5
10563,Kolbe Fields,Louisiana Tech,WILL,LB,84,kolbe fields,0.42601542008018517,0.6166060097280662,654.5
10567,Quindario Lee,Houston,REDG,EDGE,69,quindario lee,-0.017523557143907374,-0.010303577071589897,37.0
10571,Noah Flores,Arkansas State,CB,CB,72,noah flores,-0.08842672543575741,0.010045556610092004,536.0
10577,Brayden Fowler-Nicolosi,Michigan,QB,QB,75,brayden fowler nicolosi,-0.054771317813247955,0.0391583596997069,103.0
10579,Kylan Fox,Purdue,TE,TE,77,kylan fox,-0.038881785601964564,0.01305932943946879,156.0
10582,Jr Sia,BYU,RT,OL,81,sia,0.0148372877280778,0.024769390916705412,91.0
10586,JoJo Stone,Florida International,WR,WR,78,jojo stone,0.07064926998657747,0.19564820193190846,558.5
10588,Nathan Geiger,Wyoming,LT,OL,73,nathan geiger,-0.0014331956655110373,0.06923753856126236,647.5
10593,Luke Miller,Rice,RT,OL,71,luke miller,-0.07022037106261425,0.01452993801397193,776.5
10596,Josh Alexander-Felton,Sam Houston,LEDG,EDGE,75,josh alexander felton,-0.018979671451737918,0.08356355903482517,525.5
10597,Cooper Alexander,Penn State,TE,TE,66,cooper alexander,-0.008788079265274612,-0.0026283957507456557,18.5
10598,Jason Haggerty,Marshall,CB,CB,64,jason haggerty,-0.036815999994592986,-0.03020219000643892,36.0
10602,Jason Hammond,Virginia,DT,DT,79,jason hammond,0.07605921430136603,0.1524544088503469,391.5
10604,Ki'Shawn Harvey,App State,DT,DT,70,kishawn harvey,-0.18877180903626653,-0.11237661448728567,391.5
10606,Jamari Hawkins,Arkansas,WR,WR,85,jamari hawkins,0.31481515301119023,0.4398140849565212,558.5
10609,Rex Haynes,Utah State,WR,WR,67,rex haynes,-0.0409616186914239,-0.032568673395184135,37.5
10610,Koron Hayward,TCU,LEDG,EDGE,76,koron hayward,0.013122564944685451,0.03566061084610893,115.5
10612,Cason Henry,Louisville,RT,OL,80,cason henry,0.052782192880489784,0.1316932984340916,723.0
10613,Tre'Mon Henry,South Alabama,REDG,EDGE,71,tremon henry,-0.06860903230242126,-0.025679421061614638,220.0
10614,Bryce Llewellyn,Eastern Michigan,FS,SAF,80,bryce llewellyn,0.09580260905601423,0.22017898022213372,677.0
10626,London Humphreys,Georgia,WR,WR,83,london humphreys,0.24718331475272626,0.33805093582668216,406.0
10629,Evan Jackson,Oklahoma State,SS,SAF,78,evan jackson,0.019031518671080147,0.12733265722710296,589.5
10630,Jayden Jackson,Coastal Carolina,FS,SAF,63,jayden jackson,-0.03222488159350466,-0.025243637717119818,38.0
10631,Jayden Jackson,Oklahoma,DT,DT,86,jayden jackson,0.2516283485709914,0.3280235431199723,391.5
10636,Daniel James,Cincinnati,CB,CB,75,daniel james,-0.12263262653972724,-0.053830630968513433,374.5
10642,Demetrius John,Illinois,LEDG,EDGE,69,demetrius john,-0.043172671054079535,-0.00024305981327291983,220.0
10647,Kendall Johnson,Duke,MIKE,LB,68,kendall johnson,-0.3049971739996596,-0.21428828373943812,311.5
10649,Anthony Jones Jr.,Nebraska,REDG,EDGE,77,anthony jones,0.04000885387193321,0.10011030960906246,308.0
10651,DJ Jordan,Arizona,WR,WR,79,dj jordan,0.0025536305938514805,0.09342125166780738,406.0
10656,Roderick Kearney,Florida,LG,OL,77,roderick kearney,0.12807060826649277,0.18444347966128577,516.5
10662,Jam Jackson,Virginia,CB,CB,81,jam jackson,0.20902743700818613,0.30749971905403556,536.0
10664,Brock Knutson,Nebraska,LG,OL,69,brock knutson,-0.040785735794365605,-0.03085363260573799,91.0
10665,Edwin Kolenge,Vanderbilt,REDG,EDGE,77,edwin kolenge,0.0939022170464046,0.15400367278353386,308.0
10666,Caleb Komolafe,Northwestern,HB,RB,86,caleb komolafe,0.23496391650988174,0.5221850429452292,409.5
10667,Lloyd Avant,Oklahoma,HB,RB,82,lloyd avant,0.04677493481088951,0.1323450872531664,122.0
10671,Deijon Laffitte,Fresno State,DT,DT,80,deijon laffitte,0.065586389768396,0.15778748663785566,472.5
10678,Rhett Larson,Western Kentucky,RG,OL,76,rhett larson,-0.013927114498679342,0.07082319457790684,776.5
10679,Jah-Marien Latham,Alabama,LEDG,EDGE,85,jah marien latham,0.3390389517930077,0.423337097502228,432.0
10685,Jahiem Lawson,Clemson,LEDG,EDGE,80,jahiem lawson,0.14202157802478885,0.2263197237340091,432.0
10686,Nathan Leacock,North Carolina,WR,WR,78,nathan leacock,0.04930296290175817,0.14017058397571408,406.0
10689,Kayin Lee,Tennessee,CB,CB,87,kayin lee,0.2806138747773116,0.40177519942141177,659.5
10691,Liona Lefau,Colorado,WILL,LB,82,liona lefau,0.21001752738030127,0.3573648739988312,506.0
10694,Jonny Lester,Washington State,LG,OL,76,jonny lester,-0.08127553950810759,0.003474769568478576,776.5
10716,Kip Lewis,Oklahoma,MIKE,LB,89,kip lewis,0.4934633331593761,0.6840539228072572,654.5
10718,Shelton Lewis,Arkansas,CB,CB,76,shelton lewis,-0.038238465395055314,0.004016431751484548,230.0
10720,Evan Link,Michigan,LG,OL,82,evan link,0.018984796883914603,0.028916900072542218,91.0
10722,Landen Livingston,West Virginia,C,OL,85,landen livingston,0.1304050406825662,0.21766566155408024,799.5
10723,Jaylen Lloyd,Florida,WR,WR,77,jaylen lloyd,-0.004068993137835464,0.004323952158404306,37.5
10724,Ty Lockwood,Arkansas,TE,TE,71,ty lockwood,-0.008950773951818794,0.015687960106297028,74.0
10725,Tyler Martin,Massachusetts,WILL,LB,81,tyler martin,0.20503700352046006,0.3956275931683411,654.5
10727,Dylan Lonergan,Rutgers,QB,QB,77,dylan lonergan,-0.010630339207721317,0.08329933830523353,103.0
10730,Deryc Plazz,Auburn,LG,OL,72,deryc plazz,-0.004377446847236883,0.00555465634139073,91.0
10731,Bryan Longwell,Vanderbilt,WILL,LB,83,bryan longwell,0.25356878483155143,0.4441593744794325,654.5
10732,Blazen Lono-Wong,Arizona State,DT,DT,77,blazen lono wong,-0.017210355255636405,0.04084218721772709,297.5
10733,Rodney Lora,Purdue,DT,DT,78,rodney lora,-0.04157757610102921,0.016474966372334286,297.5
10739,Lawson Luckie,Georgia,TE,TE,81,lawson luckie,0.1522814783445062,0.24234604000288903,270.5
10744,Daniel Lyons,Florida State,DT,DT,86,daniel lyons,0.2799712322423404,0.37217232911180004,472.5
10787,Korey Johnson,Air Force,CB,CB,77,korey johnson,-0.0696808541226833,0.05148047052141687,659.5
10792,Nick Beckwith,Air Force,SS,SAF,70,nick beckwith,-0.06226538709535614,-0.024603413551701047,205.0
10798,Isaac Hubert,Air Force,SAM,LB,81,isaac hubert,0.10417734560312004,0.25152469222164997,506.0
10945,Makua Pule,Arizona State,C,OL,68,makua pule,-0.007921590361838517,0.0020105128267890963,91.0
11002,Lane Parks,Army,LG,OL,70,lane parks,-0.018444099783534652,-0.008511996594907041,91.0
11031,Kody Harris-Miller,Army,DT,DT,82,kody harris miller,0.16389863360362722,0.25609973047308693,472.5
11037,Owen Walter,Army,TE,TE,54,owen walter,-0.02678449723260074,-0.020624813718071785,18.5
11075,Aden Self,Army,HB,RB,76,aden self,-0.1470822431076773,0.020901785662202316,239.5
11082,Robert Houston,Army,CB,CB,66,robert houston,-0.0269607212042296,-0.02034691121607553,36.0
11097,Ethan Washington,Army,QB,QB,68,ethan washington,-0.07670365032307384,-0.04432982943268649,35.5
11165,Derek Fields,Ball State,FS,SAF,75,derek fields,-0.06872285284766065,0.039578285708362165,589.5
11168,Willizhuan Yates,Ball State,CB,CB,79,willizhuan yates,-0.006356930708258451,0.11480439393584173,659.5
11232,Ronnie Mageo,Utah State,REDG,EDGE,71,ronnie mageo,-0.018175020894817748,0.02475459034598887,220.0
11426,Jayzen Flint,Boston College,LEDG,EDGE,70,jayzen flint,-0.008071109770019654,-0.0008511296977021767,37.0
12374,Victor Snow,NC State,WR,WR,88,victor snow,0.4779041374645338,0.6029030694098648,558.5
12775,Viliami Po'uha,BYU,LEDG,EDGE,74,viliami pouha,0.02842523252256968,0.0713548437633763,220.0
12829,Tyler Keinath,New Mexico State,RG,OL,74,tyler keinath,-0.03391797187853652,0.0533426489929775,799.5
12922,Kyland Reed,Baylor,WILL,LB,74,kyland reed,0.05107119625069307,0.19841854286922297,506.0
14503,Clinton Richard,Wake Forest,LG,OL,78,clinton richard,0.08209038486301094,0.16935100573452497,799.5
14505,Jonah Rodriguez,North Carolina,RG,OL,71,jonah rodriguez,-0.012025281864991258,-0.002093178676363644,91.0
14507,Jack Sadowsky V,Northwestern,MIKE,LB,72,jack sadowsky,-0.07459207367706508,0.0161168165831564,311.5
14509,Makai Saina,Purdue,C,OL,68,makai saina,-0.014119619765860627,-0.004187516577233013,91.0
14510,William Satterwhite II,LSU,C,OL,71,william satterwhite,0.010732118750951822,0.020664221939579435,91.0
14513,Jake Maikkula,Oklahoma,C,OL,83,jake maikkula,0.15496492034858192,0.2397152294251681,776.5
14515,Jayden Mandal,Fresno State,QB,QB,69,jayden mandal,-0.09336693589750725,0.0005627416154476055,103.0
14520,Trelain Maddox,Georgia Tech,HB,RB,77,trelain maddox,-0.14519282931670335,-0.059622676874426454,122.0
14521,Ibn McDaniels,Penn State,FS,SAF,67,ibn mcdaniels,-0.014955292767154559,-0.007974048890769712,38.0
14522,Eze Osondu,UTSA,MIKE,LB,66,eze osondu,-0.05448797641902364,-0.032356754397268164,76.0
14527,Alex Taylor,Georgia Southern,WR,WR,75,alex taylor,-0.028178511669865864,0.010205224818270686,171.5
14528,Kason Stokes,Middle Tennessee,WR,WR,68,kason stokes,-0.03264947889852361,-0.02425653360228384,37.5
14529,Jalon Thompson,North Carolina,CB,CB,70,jalon thompson,-0.01617717546978868,-0.009563365481634613,36.0
14531,Maraad Watson,Texas,DT,DT,80,maraad watson,0.06520872551081548,0.10638212538268002,211.0
14532,Ty White,NC State,FS,SAF,68,ty white,-0.05161820488491534,-0.033338368945433974,99.5
14533,Ashton Woods,West Virginia,WILL,LB,65,ashton woods,-0.05537851858127149,-0.03324729655951601,76.0
14535,Aaron Hampton,California,MIKE,LB,73,aaron hampton,-0.06680304320977194,0.08054430340875796,506.0
14539,Gavin Harris,Georgia Tech,TE,TE,79,gavin harris,0.055951018601382005,0.14601558025976483,270.5
14540,Dasan Smith,Central Michigan,RG,OL,70,dasan smith,-0.009454512031284498,0.00047759115734311497,91.0
14543,Noah Matthews,Delaware,LEDG,EDGE,78,noah matthews,0.1573355697985596,0.25987880028512267,525.5
14545,Walter Matthews,USC,TE,TE,69,walter matthews,-0.0059771260483730574,0.0001825574661558976,18.5
14547,Jonathan Kabeya,BYU,CB,CB,75,jonathan kabeya,-0.06664854704035694,-0.02439364989381708,230.0
14556,Drew Logan,Cincinnati,LEDG,EDGE,70,drew logan,-0.11497087137860497,-0.07204126013779834,220.0
14560,Parker Fulghum,UL Monroe,WR,WR,76,parker fulghum,-0.09602001196124414,-0.005152390887288238,406.0
14562,Clev Lubin,Louisville,REDG,EDGE,92,clev lubin,0.49905654325539156,0.6015997737419546,525.5
14567,Yahya Attia,Colorado,LG,OL,76,yahya attia,0.02691106808355887,0.10582217363716069,723.0
14568,Taje McCoy,Georgia Tech,REDG,EDGE,73,taje mccoy,-0.006214337941897457,0.0010056421304200191,37.0
14570,Isaiah Hardge,Tennessee,CB,CB,77,isaiah hardge,-0.08874442669950625,-0.04648952955296638,230.0
14572,Caleb Goodie,Missouri,WR,WR,81,caleb goodie,0.08230008784746312,0.14563884834975258,283.0
14574,Gabe Kirschke,Wake Forest,LEDG,EDGE,80,gabe kirschke,0.18131949957759855,0.2656176452868188,432.0
14575,Kenyon Agurs,Colorado State,REDG,EDGE,77,kenyon agurs,0.07994869318756438,0.16424683889678465,432.0
14578,Desmond Aladuge,UConn,DT,DT,72,desmond aladuge,-0.0068092713004172314,0.03436412857144729,211.0
14580,Que'Sean Brown,Virginia Tech,WR,WR,85,quesean brown,0.33882852584532197,0.46382745779065293,558.5
14582,Markus Allen,Middle Tennessee,WR,WR,73,markus allen,-0.061738021463372296,0.001600739038917168,283.0
14585,Caleb Dobbs,Eastern Michigan,CB,CB,74,caleb dobbs,-0.20282022182791737,-0.08165889718381719,659.5
14587,Amarie Archer,Akron,LG,OL,69,amarie archer,-0.06704385790862859,-0.010670986513835594,516.5
14588,Jimarion McCrimon,NC State,LT,OL,77,jimarion mccrimon,0.014906659115672844,0.09965696819225903,776.5
14595,Omari Hayes,Iowa State,WR,WR,84,omari hayes,0.3222937511512299,0.44729268309656084,558.5
14597,Andre Otto,Florida State,RG,OL,73,andre otto,-0.01167225506666797,-0.0017401518780403562,91.0
14602,Malachi Toliver,Georgia,C,OL,75,malachi toliver,0.0075502420660986565,0.017482345254726268,91.0
14772,Donovan McIntosh,Kansas State,CB,CB,76,donovan mcintosh,-0.0713446315868746,-0.029089734440334743,230.0
14773,Terrance McWilliams Jr.,Louisville,WR,WR,71,terrance mcwilliams,-0.025054432267514578,-0.01666148697127481,37.5
14774,Jacob Merritt,Buffalo,RG,OL,70,jacob merritt,-0.13019286505834737,-0.05952213083157397,647.5
14776,Makana Meyer,Hawai'i,CB,CB,64,makana meyer,-0.06725298301972302,-0.04502323278176074,121.0
14779,Amar Reynolds,Florida Atlantic,CB,CB,68,amar reynolds,-0.020324157022414056,-0.013710347034259992,36.0
14781,Carter Milliron,Florida,TE,TE,60,carter milliron,-0.06121806694549753,-0.048732221983614515,37.5
14789,Jack Tanner,Kansas,LT,OL,71,jack tanner,-0.01818419827095944,-0.00825209508233183,91.0
14791,Tavo Motu'apuaka,Utah State,RG,OL,81,tavo motuapuaka,0.04075470935912749,0.12801533023064152,799.5
14792,Zach Mowchan,Eastern Michigan,WILL,LB,72,zach mowchan,-0.13243612979279,0.05815445985509106,654.5
14794,Ashton Murphy,Nebraska,LEDG,EDGE,72,ashton murphy,0.001802604082490018,0.009022584154807495,37.0
14795,Loghan Thomas,Notre Dame,REDG,EDGE,78,loghan thomas,-0.08340481752121078,-0.04047520628040416,220.0
14797,Amare Grayson,West Virginia,RG,OL,84,amare grayson,0.2304336746793762,0.31518398375596235,776.5
14798,Curt Neal Jr.,Purdue,DT,DT,78,curt neal,-0.007191525427027173,0.06920366912195369,391.5
14800,Elijah Newby,USC,MIKE,LB,76,elijah newby,-0.05389331839112572,0.036815571869095745,311.5
14801,Jordan Norman,Tennessee,REDG,EDGE,76,jordan norman,0.07228463480794986,0.13238609054507913,308.0
14806,DK Gilley,Rutgers,SS,SAF,70,dk gilley,-0.04763795959452044,-0.029358123655039068,99.5
14816,Chris Peal,Syracuse,CB,CB,90,chris peal,0.6277190734531272,0.7488803980972274,659.5
14818,Donavyn Pellot,UCLA,WILL,LB,69,donavyn pellot,-0.03403993406915996,-0.011908712047404487,76.0
14820,Cornell Perry,Syracuse,SS,SAF,76,cornell perry,-0.00748146769127053,0.10081967086475228,589.5
14827,Coleton Price,Kentucky,C,OL,88,coleton price,0.3671910826809284,0.45445170355244247,799.5
14832,Anthonie Knapp,Notre Dame,LG,OL,90,anthonie knapp,0.3623751043706468,0.44963572524216083,799.5
14835,DJ Reed,Mississippi State,REDG,EDGE,78,dj reed,0.12280518785821426,0.18290664359534353,308.0
14836,Blake Ruffin,Louisville,FS,SAF,74,blake ruffin,-0.08580651966880773,-0.01773939187405547,370.5
18024,D-Icey Hopkins,Liberty,FS,SAF,79,d icey hopkins,0.023007652518079,0.14738402368419853,677.0
18026,Chad Alexander,Georgia Tech,HB,RB,79,chad alexander,-0.06424064269450633,0.1037433860753733,239.5
18028,Nehemiah Chandler,Florida State,CB,CB,82,nehemiah chandler,0.16113030942878817,0.2822916340728883,659.5
18033,Kona Moore,Hawai'i,FS,SAF,72,kona moore,-0.03946403940544964,0.06883709915057318,589.5
18035,Hingano Hautau,Houston,RG,OL,68,hingano hautau,-0.013567717901588743,-0.00363561471296113,91.0
18040,Collin Dixon,Illinois,WR,WR,84,collin dixon,0.24591392477565183,0.33678154584960773,406.0
18042,Rolijah Hardy,Indiana,WILL,LB,91,rolijah hardy,0.6989443834219267,0.8895349730698078,654.5
18044,John Klosterman,Penn State,MIKE,LB,66,john klosterman,-0.014559313184565503,-0.005532104202007346,31.0
18046,Jalen Likely,Jacksonville State,HB,RB,74,jalen likely,-0.08314171041656304,-0.04737058111692271,51.0
18052,DJ Barksdale,UCLA,CB,CB,84,dj barksdale,0.2238957783403384,0.3450571029844386,659.5
18053,Wayne Knight,UCLA,HB,RB,90,wayne knight,0.47234604514860473,0.7595671715839521,409.5
18105,Dashawn Martin,Virginia,WR,WR,82,dashawn martin,0.2603955556318313,0.38539448757716227,558.5
18109,Armahn Hale,Bowling Green,SS,SAF,74,armahn hale,-0.10093878899936717,0.007362349556655641,589.5
18111,Darius Copeland,Liberty,WR,WR,74,darius copeland,-0.04827763475791075,-0.0098938982697742,171.5
18113,Mike Jarvis,Liberty,DT,DT,78,mike jarvis,0.08429628189174905,0.1764973787612087,472.5
18114,Jay Wilkerson,Louisiana Tech,WR,WR,77,jay wilkerson,-0.09375682167345571,-0.0028892005994998124,406.0
18116,Kells Bush,James Madison,DT,DT,73,kells bush,-0.09054936129776892,-0.03249681882440543,297.5
18117,Christian Davis,SMU,DT,DT,79,christian davis,0.05194265763578251,0.12833785218476337,391.5
18118,Kris Hughes,Louisville,WR,WR,78,kris hughes,0.02754446138112435,0.09088322188341381,283.0
18121,Joe Crocker,Buffalo,RG,OL,69,joe crocker,-0.010645663419338485,-0.0007135602307108716,91.0
18124,Javen Nicholas,Duke,WR,WR,86,javen nicholas,0.41005163640700815,0.5350505683523391,558.5
18125,Cam Chmura,Marshall,DT,DT,68,cam chmura,-0.16049270836871343,-0.10244016589534993,297.5
18126,Mikailin Warren,Marshall,DT,DT,74,mikailin warren,-0.0571257118800416,0.035075384989418056,472.5
18133,Michael Hershey,Maryland,C,OL,84,michael hershey,0.18388257666315339,0.27114319753466737,799.5
18135,Donovan Mathena,Memphis,MIKE,LB,69,donovan mathena,-0.08323565417121111,0.0074732360890103575,311.5
18140,Michael Masunas,Texas,TE,TE,75,michael masunas,0.0008446685215171383,0.052785783562950495,156.0
18248,Ryan Coleman-Williams,Alabama,WR,WR,91,ryan coleman williams,0.4904100052739667,0.6154089372192977,558.5
18249,Aeryn Hampton,Oregon State,WR,WR,77,aeryn hampton,-0.13011161091887916,-0.005112678973548191,558.5
18251,Rico Scott,Alabama,WR,WR,74,rico scott,-0.07670926049229068,-0.03832552400415414,171.5
18252,Casey Poe,Alabama,RG,OL,75,casey poe,-0.009252179108115845,0.0006799240805117675,91.0
18253,Noah Carter,Georgia Tech,REDG,EDGE,78,noah carter,-0.17059456226310976,-0.08629641655388949,432.0
18254,Sterling Dixon,NC State,SAM,LB,69,sterling dixon,-0.050903883964640004,-0.028772661942884525,76.0
18255,Peyton Woodyard,Oregon,FS,SAF,78,peyton woodyard,0.0272405556734239,0.064902529217079,205.0
18256,Hunter Osborne,Arkansas,DT,DT,77,hunter osborne,0.06281491623377886,0.13921011078275972,391.5
18257,Dre Kirkpatrick Jr.,Alabama,FS,SAF,78,dre kirkpatrick,-0.0066913747971670025,0.01158846114231437,99.5
18258,Joseph Ionata,Georgia Tech,C,OL,75,joseph ionata,0.067361075371558,0.123733946766351,516.5
18259,QB Reese,Alabama,MIKE,LB,75,qb reese,-0.1304469148765643,0.016900431741965614,506.0
18262,Ryan Puglisi,Georgia,QB,QB,77,ryan puglisi,-0.12289376372137609,0.5127274520701728,697.0
18263,Xzavier McLeod,Georgia,DT,DT,84,xzavier mcleod,0.22070449785796953,0.2970996924069504,391.5
18264,Troy Bowles,Michigan,MIKE,LB,76,troy bowles,0.003406903471733659,0.09411579373195512,311.5
18265,Kris Jones,Boston College,REDG,EDGE,79,kris jones,-0.1101004790810816,-0.007557248594518538,525.5
18266,Dwight Phillips Jr.,Georgia,HB,RB,82,dwight phillips,-0.013124053088405935,0.022647076211234404,51.0
18267,Sacovie White-Helton,Georgia,WR,WR,80,sacovie white helton,-0.07022550152166708,-0.006886741019377622,283.0
18268,Justin Williams,Georgia,MIKE,LB,85,justin williams,0.248661801401702,0.33937069166192346,311.5
18269,Chris Cole,Georgia,WILL,LB,88,chris cole,0.581197721597895,0.7285450682164248,506.0
18270,Demello Jones,Georgia,CB,CB,79,demello jones,-0.011272860503745498,0.05752913506746831,374.5
18271,Eugene Brooks,UCLA,LG,OL,78,eugene brooks,0.07970611152618574,0.15037684575295915,647.5
18272,Taylor Tatum,Michigan,SS,SAF,76,taylor tatum,-0.09283197229994697,-0.02476484450519472,370.5
18275,Michael Hawkins Jr.,West Virginia,QB,QB,79,michael hawkins,-0.12691826118156838,0.5087029546099805,697.0
18279,Selman Bridges,Nevada,CB,CB,79,selman bridges,-0.08075823560194112,0.04040308904215904,659.5
18281,Wyatt Simmons,Arkansas,WILL,LB,72,wyatt simmons,-0.0013144919845448574,0.007712716998013298,31.0
18282,Ahkhari Johnson,Louisiana Tech,FS,SAF,67,ahkhari johnson,-0.06016076118746197,-0.041880925247980594,99.5
18283,Demarcus Riddick,Auburn,WILL,LB,72,demarcus riddick,-0.04269955048269396,0.009570901529215367,179.5
18284,Jay Crawford,Ole Miss,CB,CB,85,jay crawford,0.16566448605436282,0.26413676810021225,536.0
18286,Kensley Louidor-Faustin,Missouri,FS,SAF,72,kensley louidor faustin,-0.05284588775456856,-0.034566051815087186,99.5
18287,Favour Edwin,Georgia Tech,RT,OL,67,favour edwin,-0.013795947900879933,-0.0038638447122523196,91.0
18288,Malcolm Simmons,Texas Tech,WR,WR,85,malcolm simmons,0.18151050063589558,0.24484926113818503,283.0
18289,Ashton Bethel-Roman,Texas A&M,WR,WR,81,ashton bethel roman,0.11006555597643125,0.1734043164787207,283.0
18292,Caden Durham,LSU,HB,RB,86,caden durham,0.40788652333270503,0.6951076497680524,409.5
18293,Trey'Dez Green,LSU,TE,TE,92,treydez green,0.26312546677520454,0.3531900284335874,270.5
18294,Michael Turner Jr.,LSU,CB,CB,75,michael turner,-0.09795049493143647,-0.05569559778489662,230.0
18295,Ju'Juan Johnson,Syracuse,HB,RB,79,jujuan johnson,0.1625003887210364,0.330484417490916,239.5
18296,Austin Ausberry,Baylor,SS,SAF,75,austin ausberry,-0.01917816145904366,0.018483812084611435,205.0
18297,Xavier Atkins,Auburn,WILL,LB,91,xavier atkins,0.68653669097854,0.8771272806264211,654.5
18299,PJ Woodland,LSU,CB,CB,85,pj woodland,0.24075934853443703,0.33923163058028644,536.0
18300,Teddy Foster,South Florida,CB,CB,69,teddy foster,-0.07079863487042717,-0.04856888463246489,121.0
18302,LJ McCray,Florida,LEDG,EDGE,80,lj mccray,0.04813531187257576,0.07067335777399923,115.5
18303,Fletcher Westphal,Florida,LT,OL,72,fletcher westphal,-0.006766151544768311,0.003165951643859302,91.0
18304,Greg Smith,North Carolina,SS,SAF,77,greg smith,-0.03493023647557038,0.08944613469054911,677.0
18305,TJ Abrams,Florida,WR,WR,80,tj abrams,0.004592240100896888,0.012985185397136658,37.5
18306,Amir Jackson,Florida,TE,TE,74,amir jackson,0.0007942154511521443,0.052735330492585504,156.0
18309,Courtney Crutchfield,Arkansas,WR,WR,76,courtney crutchfield,-0.009029661287929796,-0.0006367159916900256,37.5
18310,James Madison II,UTSA,WR,WR,74,james madison,-0.024705718551690042,0.013678017936446504,171.5
18311,Quay'sheed Scott,South Carolina,CB,CB,78,quaysheed scott,0.0366703835021335,0.10547237907334732,374.5
18312,Jacob Smith,Louisville,WILL,LB,72,jacob smith,0.0031899206158404786,0.025321142637595957,76.0
18314,Cam Dooley,Florida,FS,SAF,79,cam dooley,0.05718481473895029,0.12525194253370256,370.5
18315,Edwin Spillman,Tennessee,MIKE,LB,83,edwin spillman,0.22195656547361667,0.31266545573383814,311.5
18317,Boo Carter,Colorado,CB,CB,87,boo carter,0.44101051768839883,0.562171842332499,659.5
18318,Jordan Ross,LSU,LEDG,EDGE,83,jordan ross,0.1708755266887857,0.255173672398006,432.0
18319,Xavier Filsaime,Texas,FS,SAF,80,xavier filsaime,0.008226188052884803,0.11652732660890762,589.5
18320,Zina Umeozulu,Texas,LEDG,EDGE,77,zina umeozulu,-0.0010534280039009383,0.006166552068416538,37.0
18321,Tristen Brown,Vanderbilt,WR,WR,75,tristen brown,-0.040444918837859986,-0.002061182349723434,171.5
18323,Brycen Coleman,Vanderbilt,TE,TE,72,brycen coleman,-0.01721320096887954,0.00742553308923628,74.0
18324,Red Morgan,Alabama,FS,SAF,80,red morgan,0.031166103858339365,0.06882807740199445,205.0
18325,Air Noland,Memphis,QB,QB,75,air noland,-0.20157327086871324,0.4340479449228356,697.0
18326,Bryson Rodgers,South Florida,WR,WR,80,bryson rodgers,0.09206640461344055,0.18293402568739645,406.0
18327,Aaron Scott Jr.,Oregon,CB,CB,78,aaron scott,0.02326582871907397,0.04549557895703625,121.0
18328,Bryce West,Wisconsin,CB,CB,77,bryce west,-0.18799530774009707,-0.08952302569424765,536.0
18330,Garrett Stover,Ohio State,MIKE,LB,74,garrett stover,-0.03434727579244819,-0.012216053770692709,76.0
18332,Dominic Kirks,Northwestern,LEDG,EDGE,75,dominic kirks,0.06470773853365752,0.14900588424287778,432.0
18333,Zack Marshall,Michigan,TE,TE,74,zack marshall,-0.03408127245466576,0.055983289203717077,270.5
18334,Devon Baxter,Virginia,LEDG,EDGE,73,devon baxter,-0.06405143802980348,-0.04151339212838001,115.5
18335,Hogan Hansen,Michigan,TE,TE,72,hogan hansen,-0.02309855413364664,0.001540179924469181,74.0
18337,Luke Hamilton,Michigan,LG,OL,75,luke hamilton,-0.002786447499988816,0.007145655688638797,91.0
18338,Jeremiah McClellan,Oregon,WR,WR,86,jeremiah mcclellan,0.11128214691702151,0.14966588340515805,171.5
18340,Anthony Ivey,San José State,WR,WR,79,anthony ivey,-0.05761188765373802,0.06738704429159295,558.5
18341,Lorenzo Cowan,Kentucky,LEDG,EDGE,74,lorenzo cowan,-0.04592934701379697,-0.002999735772990355,220.0
18342,Joey Olsen,New Mexico,TE,TE,69,joey olsen,-0.018777787942616288,0.005860946115499532,74.0
18344,Xavier Lucas,Miami,CB,CB,85,xavier lucas,0.16301233666735962,0.23181433223857345,374.5
18345,Kyan Berry-Johnson,Sam Houston,WR,WR,75,kyan berry johnson,-0.12786179245747104,-0.06452303195518157,283.0
18346,Chima Chineke,Iowa,LEDG,EDGE,71,chima chineke,-0.04306318418868681,-0.020525138287263333,115.5
18347,Dealyn Evans,Mississippi State,DT,DT,79,dealyn evans,0.12444085866086384,0.18249340113422735,297.5
18348,Siale Taupaki,Penn State,DT,DT,81,siale taupaki,0.0725948886845072,0.14899008323348806,391.5
18349,Kwazi Gilmer,Nebraska,WR,WR,85,kwazi gilmer,0.18814637095701595,0.2514851314593054,283.0
18351,Kanye Clark,Florida,CB,CB,77,kanye clark,-0.019465354286429135,0.002764395951533142,121.0
18354,Paki Finau,BYU,LG,OL,83,paki finau,0.12858776334605862,0.19925849757283204,647.5
18356,Rahshawn Clark,Washington,CB,CB,78,rahshawn clark,0.0007886189566305354,0.06959061452784435,374.5
18357,Armon Parker,Maryland,DT,DT,76,armon parker,-0.01711717550293004,0.005908706889866234,118.0
18358,Omar Khan,Washington,DT,DT,73,omar khan,-0.048952684576327066,-0.00777928470446254,211.0
18359,Jacob Lane,Washington,LEDG,EDGE,82,jacob lane,0.27906780390200603,0.38161103438856914,525.5
18361,Jahmari Powell-Wonson,Florida Atlantic,WR,WR,71,jahmari powell wonson,-0.023739449018865297,-0.015346503722625526,37.5
18362,Shamar McIntosh,Charlotte,FS,SAF,70,shamar mcintosh,-0.2208341197191375,-0.11253298116311468,589.5
18363,La'khi Roland,Arkansas,CB,CB,78,lakhi roland,0.07104926805593566,0.16952155010178507,536.0
18364,Terez Davis,Ole Miss,LT,OL,73,terez davis,-0.003926880258744127,0.006005222929883486,91.0
18365,Anthony Robsock,Maryland,LT,OL,69,anthony robsock,-0.020139363359149745,-0.01020726017052213,91.0
18366,Khristian Martin,Fresno State,QB,QB,71,khristian martin,-0.38363214412018926,0.25198907167135964,697.0
18367,Logan Bennett,Maryland,RT,OL,64,logan bennett,-0.03767780469941107,-0.02774570151078346,91.0
18368,Dylan Raiola,Oregon,QB,QB,82,dylan raiola,0.10030685911294047,0.19423653662589532,103.0
18372,Andrew Brinson IV,Michigan State,CB,CB,76,andrew brinson,-0.03177890961800475,0.010475987528535109,230.0
18373,Kekai Burnett,Michigan State,LEDG,EDGE,72,kekai burnett,-0.008996856127190749,0.013541189774232725,115.5
18375,Alessio Milivojevic,Michigan State,QB,QB,75,alessio milivojevic,-0.3458592024231957,0.2897620133683532,697.0
18376,Austin Clay,Bowling Green,WR,WR,70,austin clay,-0.2496551516370312,-0.15878753056307532,406.0
18378,Jacob Simpson,Minnesota,TE,TE,66,jacob simpson,-0.019052405421068057,-0.006566560459185038,37.5
18379,Famah Toure,Rutgers,WR,WR,70,famah toure,-0.030710624002335457,-0.02231767870609569,37.5
18381,AJ Surace,Rutgers,QB,QB,77,aj surace,-0.06811892595537034,0.5675022898361786,697.0
18382,Tycoolhill Luman,Florida Atlantic,REDG,EDGE,68,tycoolhill luman,-0.020772189464442353,-0.013552209392124877,37.0
18386,Hudauri Hines,Purdue,CB,CB,79,hudauri hines,0.27663707851562025,0.3977984031597204,659.5
18387,Demeco Kennedy,Louisville,DT,DT,75,demeco kennedy,-0.03444435983467604,0.04195083471430482,391.5
18388,Tra'Mar Harris,Purdue,WR,WR,69,tramar harris,-0.028854702694587515,-0.020461757398347748,37.5
18389,Shamar Rigby,Wisconsin,WR,WR,78,shamar rigby,-0.01695585705171117,0.07391176402224474,406.0
18392,Braxton Strong,Northwestern,LEDG,EDGE,62,braxton strong,-0.03313594796259707,-0.025915967890279595,37.0
18393,Carson Grove,Northwestern,WR,WR,69,carson grove,-0.03710891225814908,-0.028715966961909308,37.5
18394,Dashun Reeder,UConn,HB,RB,75,dashun reeder,-0.04770712495828218,-0.011935995658641844,51.0
18395,Hayden Eligon II,Northwestern,WR,WR,82,hayden eligon,0.22179765690901337,0.3126652779829693,406.0
18397,Matthew Smith,Northwestern,SAM,LB,64,matthew smith,-0.028291942865952213,-0.019264733883394055,31.0
18403,Jack Fabris,Kansas State,SS,SAF,70,jack fabris,-0.04069087877663733,-0.02241104283715595,99.5
18406,Ryan Howard,Kansas State,LT,OL,64,ryan howard,-0.03627333460058395,-0.02634123141195634,91.0
18407,Gus Hawkins,Kansas State,RT,OL,76,gus hawkins,0.023545543631149204,0.102456649184751,723.0
18409,Malcolm Alcorn-Crowder,SMU,DT,DT,82,malcolm alcorn crowder,0.22287894771222824,0.3150800445816879,472.5
18411,Nate Ritchie,Utah,FS,SAF,78,nate ritchie,0.08592862164462746,0.15399574943937971,370.5
18413,Ta'Shawn James,UCLA,SS,SAF,75,tashawn james,-0.02529872663651061,0.01236324690714449,205.0
18417,Ben Roberts,Texas Tech,MIKE,LB,91,ben roberts,0.5600928236774014,0.7074401702959313,506.0
18419,Cedric Franklin II,Ball State,CB,CB,65,cedric franklin,-0.12836422624547394,-0.08610932909893408,230.0
18420,Tana Alo-Tupuola,Arizona State,C,OL,74,tana alo tupuola,0.044338282624647625,0.12324938817824944,723.0
18421,Jyzaiah Rockwell,Western Kentucky,WR,WR,70,jyzaiah rockwell,-0.018828685607580366,-0.010435740311340595,37.5
18423,Javarius Green,Boston College,WR,WR,75,javarius green,-0.04343089478635528,-0.005047158298218725,171.5
18424,Luke Rogers,Southern Miss,LG,OL,68,luke rogers,-0.20010803952729173,-0.12943730530051833,647.5
18426,Zion Ferguson,Pittsburgh,CB,CB,69,zion ferguson,-0.014041962190145767,-0.007428152201991702,36.0
18431,Anto Saka,Texas A&M,REDG,EDGE,88,anto saka,0.2188566848885242,0.3213999153750873,525.5
18432,Jaden Hart,UConn,HB,RB,75,jaden hart,-0.01952994146821784,-0.0005922847801729556,27.0
18436,BJ Canady,California,LEDG,EDGE,73,bj canady,0.002839425116836331,0.0871375708260566,432.0
18438,Dayday Aupiu,California,CB,CB,69,dayday aupiu,-0.01748306198428188,-0.010869251996127814,36.0
18440,Brooklyn Cheek,Wyoming,SS,SAF,71,brooklyn cheek,-0.0047274874863732315,0.032934486057281866,205.0
18451,Malik Aliane,New Mexico,LT,OL,72,malik aliane,-0.04302465656047545,0.027646077666297945,647.5
18456,John Stone,Temple,C,OL,67,john stone,-0.027993807084244364,-0.01806170389561675,91.0
18457,Prince Strachan,West Virginia,WR,WR,80,prince strachan,0.039426665673544074,0.1302942867475,406.0
18460,Martreece Dillard Jr.,Bowling Green,DT,DT,67,martreece dillard,-0.08509630276144192,-0.06207042036864566,118.0
18461,Evan Tengesdahl,Cincinnati,LG,OL,93,evan tengesdahl,0.472988917210535,0.560249538082049,799.5
18462,Devonte Tezino,Baylor,DT,DT,76,devonte tezino,-0.019560769976991896,0.0384917724963716,297.5
18463,Jordan Thomas,South Carolina,DT,DT,79,jordan thomas,0.06033985060602191,0.10151325047788644,211.0
18464,Nick Thomas,Toledo,RT,OL,69,nick thomas,-0.027021928297135095,-0.017089825108507484,91.0
18471,Tayvion Beasley,South Florida,CB,CB,71,tayvion beasley,-0.1336642705293947,-0.09140937338285485,230.0
18478,DJ Walker,Ohio,SS,SAF,84,dj walker,0.2465646627185927,0.3709410338847122,677.0
18479,Jadyn Walker,USC,WILL,LB,74,jadyn walker,0.0036582840479007553,0.025789506069656236,76.0
18484,Tavin Ward,South Florida,FS,SAF,77,tavin ward,0.005071522336009757,0.11337266089203256,589.5
18485,Robby Washington,Coastal Carolina,WR,WR,79,robby washington,0.0862928861214793,0.21129181806681027,558.5
18486,Viron Ellison Jr.,Delaware,HB,RB,80,viron ellison,-0.03453998518429625,0.13344404358558337,239.5
18487,Tanner Vaughan,Nevada,DT,DT,69,tanner vaughan,-0.10307447689109989,-0.06190107701923535,211.0
18489,Xadavien Sims,Arkansas,DT,DT,76,xadavien sims,0.04737572484783583,0.10542826732119932,297.5
18507,Cooper Stevens,Sam Houston,TE,TE,60,cooper stevens,-0.0653199474722647,-0.04068121341414889,74.0
18508,Sam Yoon,UCLA,C,OL,74,sam yoon,-0.005406071718927329,0.004526031469700284,91.0
18511,Rayquan Adkins,Eastern Michigan,CB,CB,70,rayquan adkins,-0.06354520844492097,-0.0212903112983811,230.0
18513,Nykahi Davenport,Auburn,HB,RB,79,nykahi davenport,-0.04505075033482673,-0.009279621035186394,51.0
18516,Malachi James,Eastern Michigan,HB,RB,72,malachi james,-0.1578384380882879,-0.07226828564601101,122.0
18519,Cannon Lewis,Marshall,MIKE,LB,63,cannon lewis,-0.05789954815373292,-0.03576832613197744,76.0
18520,Deuce Alexander,Ole Miss,WR,WR,85,deuce alexander,0.3938085384483088,0.5188074703936398,558.5
18521,Xe'ree Alexander,Washington,WILL,LB,82,xeree alexander,0.21606592075091158,0.3634132673694415,506.0
18523,Duncan Brune,Ohio,HB,RB,79,duncan brune,-0.16140189373845532,0.1258192326968921,409.5
18524,James Walley Jr.,UTSA,SAM,LB,65,james walley,-0.014099609448174566,-0.005072400465616411,31.0
18527,Devin Alves,Hawai'i,WR,WR,74,devin alves,-0.02985442627109464,-0.005794649755207297,107.5
18529,Hudson Powell,Auburn,TE,TE,59,hudson powell,-0.019824508851272703,-0.013664825336743746,18.5
18530,Dorian Pringle,Bowling Green,MIKE,LB,74,dorian pringle,-0.15481184794488148,0.03577874170299959,654.5
18531,Jarra Anderson,Sam Houston,DT,DT,72,jarra anderson,-0.09562881623967988,-0.03757627376631638,297.5
18532,Khamari Anderson,Arizona State,TE,TE,76,khamari anderson,-0.038070383116817985,0.013870731924615362,156.0
18536,Raphael Dunn,Wisconsin,SS,SAF,68,raphael dunn,-0.006456391394408877,0.0005248524819759692,38.0
18543,Zion Taylor,Sam Houston,LEDG,EDGE,66,zion taylor,-0.0898484630498338,-0.06731041714841031,115.5
18555,Kajuan Banks,Tulane,CB,CB,73,kajuan banks,-0.03098297251346427,-0.008753222275501994,121.0
18556,Maverick Baranowski,Minnesota,MIKE,LB,88,maverick baranowski,0.4991014788884068,0.6896920685362878,654.5
18560,Boski Barrett,Arkansas State,WR,WR,70,boski barrett,-0.08045049466194726,-0.056390718146059914,107.5
18565,Xavier Bausley,Marshall,RT,OL,77,xavier bausley,0.04607383530205568,0.13082414437864187,776.5
18566,Jonathan Bax,Florida Atlantic,REDG,EDGE,72,jonathan bax,-0.007021443902692165,0.00019853616962531138,37.0
18570,Ian Bell,Wyoming,CB,CB,72,ian bell,0.0001515086551329904,0.09862379070098241,536.0
18573,Cade Bennett,TCU,LG,OL,76,cade bennett,-0.045578407306974864,0.025092326919798534,647.5
18580,Austin Ellis,Louisiana Tech,RG,OL,70,austin ellis,-0.20650320343401132,-0.1275920978804095,723.0
18583,Anthony Birsa,Northwestern,RG,OL,72,anthony birsa,-0.1085986027775827,-0.05222573138278969,516.5
18586,Tyler Bivens,Kent State,CB,CB,66,tyler bivens,-0.04435101449502613,-0.03773720450687207,36.0
18588,Deuce Blades II,Wake Forest,CB,CB,87,deuce blades,0.2734152411349071,0.39457656577900735,659.5
18593,Connor Moberly,Iowa State,QB,QB,70,connor moberly,-0.12343088291710179,-0.029501205404146934,103.0
18598,Adameon Botley,UL Monroe,RG,OL,64,adameon botley,-0.0338675627304853,-0.023935459541857686,91.0
18607,Myles Bradley,Bowling Green,REDG,EDGE,81,myles bradley,-0.03821135108485472,0.06433187940170836,525.5
18609,Jaylon Braxton,Ole Miss,CB,CB,85,jaylon braxton,0.14105943772567678,0.2098614332968906,374.5
18612,Jaiden Patterson,North Carolina,CB,CB,79,jaiden patterson,0.06026753293556373,0.15873981498141312,536.0
18614,Gavin Broscious,Iowa State,C,OL,73,gavin broscious,-0.0030086891974472818,0.006923413991180331,91.0
18616,Harvey Broussard III,Houston,WR,WR,77,harvey broussard,-0.03748549867987276,0.025853261822416703,283.0
18617,Matthew Broussard,Louisiana,RG,OL,71,matthew broussard,-0.10702014273217722,-0.03634940850540383,647.5
18618,Samuel Brown V,Temple,HB,RB,77,samuel brown,-0.056264877589752335,0.11171915118012729,239.5
18620,Alante Brown,Memphis,WR,WR,80,alante brown,0.04849512916658277,0.17349406111191376,558.5
18628,Tray Brown,Coastal Carolina,MIKE,LB,78,tray brown,0.300417800392272,0.4910083900401531,654.5
18629,Xavier Brown,Virginia,HB,RB,79,xavier brown,-0.005044238953578328,0.013893417734466557,27.0
18630,Leroy Bryant,Stanford,CB,CB,75,leroy bryant,-0.13956852927321572,-0.04109624722736632,536.0
18634,Messiah Burch,Buffalo,HB,RB,72,messiah burch,-0.589647978807636,-0.42166395003775636,239.5
18638,Cameron Dickey,Texas Tech,HB,RB,88,cameron dickey,0.39874888492407456,0.6859700113594219,409.5
18639,Quincy Burroughs,Western Kentucky,WR,WR,71,quincy burroughs,-0.07407105932495872,-0.050011282809071377,107.5
18641,TJ Bush Jr.,Minnesota,LEDG,EDGE,87,tj bush,0.32404506523240384,0.40834321094162407,432.0
18643,Terry Bussey,Texas A&M,WR,WR,81,terry bussey,-0.029259926692667176,-0.005200150176779834,107.5
18645,Tawfiq Byard,Texas A&M,SS,SAF,83,tawfiq byard,0.18856308389067206,0.2566302116854243,370.5
18646,Anthony Bynum,Georgia Southern,LEDG,EDGE,79,anthony bynum,0.16213999980856067,0.26468323029512375,525.5
18648,Bryce Cain,Auburn,WR,WR,81,bryce cain,0.024741704734060916,0.08808046523635038,283.0
18651,Luke Murphy,UConn,MIKE,LB,77,luke murphy,-0.017668816796133704,0.1296785298223962,506.0
18656,Miles Capers,Vanderbilt,REDG,EDGE,80,miles capers,0.05394216810672061,0.15648539859328367,525.5
18657,Tyler Cappi,Troy,C,OL,70,tyler cappi,-0.0075424039319249995,0.0023896992567026135,91.0
18661,Ivan Carreon,Oklahoma,WR,WR,76,ivan carreon,-0.05492929965339452,-0.03086952313750718,107.5
18666,Hudson Cedarland,Washington State,TE,TE,67,hudson cedarland,-0.0404101175063264,-0.027924272544443386,37.5
18669,Josiah Charles,New Mexico State,CB,CB,75,josiah charles,-0.14827027178958904,-0.02710894714548887,659.5
18673,CJ Christian,Washington,SS,SAF,77,cj christian,0.04555972340131973,0.11362685119607199,370.5
18674,Hayden Christman,Louisiana Tech,LT,OL,83,hayden christman,0.07342385620502255,0.16068447707653657,799.5
18679,Durell Robinson,Colorado State,HB,RB,79,durell robinson,-0.001008111969557236,0.1669759168003224,239.5
18683,Christopher Clark-Jolivet,Rice,DT,DT,67,christopher clark jolivet,-0.1910752471806512,-0.1330227047072877,297.5
18685,Roman Caywood,Boise State,LEDG,EDGE,75,roman caywood,-0.09852412373660985,-0.03842266799948059,308.0
18687,Bobby Washington,Missouri,MIKE,LB,73,bobby washington,-0.05458069810609282,-0.0023102460941834993,179.5
18697,Joshua Porter,South Florida,WR,WR,68,joshua porter,-0.03108453298805157,-0.0226915876918118,37.5
18699,Connor Cox,Virginia,TE,TE,72,connor cox,-0.049114321795930574,0.002826793245502779,156.0
18712,Mel Brown,Colorado State,HB,RB,80,mel brown,-0.098987586574241,0.18823353986110639,409.5
18719,Elinneus Davis,Washington,DT,DT,85,elinneus davis,0.23138630292255857,0.3235873997920182,472.5
18722,Colton Deckard,Louisiana Tech,SAM,LB,65,colton deckard,-0.028426561598754032,-0.019399352616195877,31.0
18723,Justin DeLeon,Texas State,RG,OL,74,justin deleon,0.007417063159686621,0.0921673722362728,776.5
18726,Jayden Denegal,San Diego State,QB,QB,75,jayden denegal,-0.3506635673550741,0.2849576484364748,697.0
18728,Ty Dieffenbach,UCLA,QB,QB,72,ty dieffenbach,-0.10428474054471949,-0.01035506303176465,103.0
18741,JD Drew,Tulsa,CB,CB,78,jd drew,-0.01926195479871924,0.07921032724713017,536.0
18742,Kanen Hamlett,East Carolina,TE,TE,70,kanen hamlett,-0.05546711469303967,-0.0035259996516063185,156.0
18745,Trey Dubuc,Texas,TE,TE,61,trey dubuc,-0.011375325037308003,-0.006713942918205011,14.0
18747,Ayden Duncanson,East Carolina,FS,SAF,72,ayden duncanson,-0.09066889587785099,-0.022601768083098727,370.5
18749,Tristan Dunn,California,FS,SAF,76,tristan dunn,0.005949724979422422,0.024229560918903797,99.5
18751,Cameron Martinez,Boston College,SS,SAF,74,cameron martinez,-0.13822499542247654,-0.0701578676277243,370.5
18754,Trever Jackson,Coastal Carolina,QB,QB,71,trever jackson,-0.06379670880756995,0.030132968705384906,103.0
18758,Maalik Murphy,Oregon State,QB,QB,78,maalik murphy,0.213222461924815,0.8488436777163639,697.0
18759,Shawn Murphy,South Carolina,MIKE,LB,71,shawn murphy,-0.03828244901627672,0.05242644124394475,311.5
18762,Brendan Durkin,Old Dominion,TE,TE,57,brendan durkin,-0.05252845634697482,-0.0400426113850918,37.5
18763,Will Echoles,Ole Miss,DT,DT,92,will echoles,0.5451147350042741,0.6373158318737338,472.5
18768,Zach Smith,Western Kentucky,SAM,LB,63,zach smith,-0.03312984122748232,-0.02410263224492416,31.0
18771,Anthony Evans III,Mississippi State,WR,WR,85,anthony evans,0.3526282631713331,0.47762719511666407,558.5
18774,Kendall Evans,Navy,WR,WR,65,kendall evans,-0.20335896386921504,-0.16497522738107848,171.5
18775,Xavion Griffin,Western Kentucky,CB,CB,65,xavion griffin,-0.06841633348378544,-0.04618658324582316,121.0
18777,Justin Evans,Nebraska,C,OL,91,justin evans,0.4193531639723373,0.5066137848438512,799.5
18784,Peyton Farmer,Rice,RT,OL,65,peyton farmer,-0.04775843431940042,-0.03782633113077281,91.0
18787,Aaron Fenimore,Liberty,C,OL,82,aaron fenimore,0.2560191021328788,0.3432797230043928,799.5
18790,Zyrus Fiaseu,Arizona State,WILL,LB,74,zyrus fiaseu,-0.01954686673771962,0.07116202352250185,311.5
18793,Perry Fisher,Kennesaw State,FS,SAF,69,perry fisher,-0.03483295634791484,-0.01655312040843347,99.5
18794,Robert Fitzgerald,Northwestern,FS,SAF,85,robert fitzgerald,0.36516273493052326,0.4895391060966428,677.0
18795,Cameren Fleming,App State,SS,SAF,68,cameren fleming,-0.029192058023981105,-0.010912222084499733,99.5
18799,Roman Gagliano,Middle Tennessee,QB,QB,73,roman gagliano,-0.4335525999420179,0.202068615849531,697.0
18807,Alika Cavaco-Amoy,Hawai'i,WILL,LB,61,alika cavaco amoy,-0.024969240687231567,-0.015942031704673412,31.0
18808,JC French IV,Cincinnati,QB,QB,77,jc french,-0.014552732377045356,0.6210684834145035,697.0
18814,Josh Fussell,Northwestern,CB,CB,86,josh fussell,0.43036226440988246,0.5515235890539827,659.5
18815,Eli Hall,UAB,LEDG,EDGE,72,eli hall,0.0025974671784533584,0.08689561288767363,432.0
18818,Kamaurri McKinley,East Carolina,SS,SAF,68,kamaurri mckinley,-0.09166303905071084,-0.054001065507055745,205.0
18820,Jaylen Garth,UTSA,RT,OL,77,jaylen garth,0.042132299120858724,0.12104340467446054,723.0
18823,Aaron Gates,Kentucky,FS,SAF,72,aaron gates,-0.010851179682751337,0.026810793860903754,205.0
18825,Jasaiah Gathings,Buffalo,WR,WR,78,jasaiah gathings,0.10470240604330729,0.2297013379886383,558.5
18835,Elijah Green,Tulsa,CB,CB,88,elijah green,0.4993170063737536,0.6204783310178537,659.5
18838,Tice Williams,Texas State,SS,SAF,63,tice williams,-0.059424795587231016,-0.04114495964774965,99.5
18840,Mason Goldman,Nebraska,LEDG,EDGE,73,mason goldman,0.0014105813529558698,0.008630561425273346,37.0
18844,Marquis Gracial,Missouri,DT,DT,84,marquis gracial,0.18278711402051848,0.27498821088997816,472.5
18850,Trajen Greco,Missouri,FS,SAF,75,trajen greco,-0.07923747693256963,-0.011170349137817377,370.5
18855,Cameron Griffin,West Virginia,C,OL,74,cameron griffin,0.002237328912046804,0.012169432100674418,91.0
18860,Chris Burge,UAB,LEDG,EDGE,71,chris burge,-0.019344262255832495,0.04075719348129677,308.0
18861,Zavier Hamilton,South Florida,WILL,LB,71,zavier hamilton,-0.08689305704561373,0.06045428957291616,506.0
18866,Ryan Nolan,Texas State,FS,SAF,81,ryan nolan,0.22125947469503895,0.3456358458611585,677.0
18871,Jonathan Harder,Toledo,LG,OL,74,jonathan harder,-0.05911914374687829,0.01979196180672352,723.0
18874,Conner Harrell,Charlotte,QB,QB,72,conner harrell,-0.3157178752465319,0.31990334054501696,697.0
18879,Kaleb Harris,Auburn,SS,SAF,80,kaleb harris,0.27901361840877564,0.4033899895748952,677.0
18883,Leon Hart Jr.,Florida Atlantic,WILL,LB,78,leon hart,0.05734107366950451,0.24793166331738556,654.5
18886,Landen Hatchett,Washington,C,OL,78,landen hatchett,0.015452847102932219,0.025384950291559828,91.0
18887,Emmett Mosley V,Texas,WR,WR,84,emmett mosley,0.14549298453483428,0.20883174503712376,283.0
18889,Jojo Hayden,Purdue,MIKE,LB,73,jojo hayden,-0.017351713252101324,0.07335717700812015,311.5
18893,Alex Heininger,Buffalo,LG,OL,75,alex heininger,-0.01865691712699781,0.06860370374451621,799.5
18894,Hauss Hejny,Colorado State,QB,QB,73,hauss hejny,-0.736980850891554,-0.10135963510000509,697.0
18895,Jacob Cosby-Mosley,Western Kentucky,SS,SAF,69,jacob cosby mosley,-0.12727112755275935,-0.08960915400910426,205.0
18896,Demari Henderson,UCF,SS,SAF,80,demari henderson,0.025152271296615764,0.14952864246273528,677.0
18902,Carlos Hernandez,Wake Forest,WR,WR,85,carlos hernandez,0.34729604242969275,0.4722949743750237,558.5
18905,Takari Hickle,Oregon State,LEDG,EDGE,81,takari hickle,0.26050079318855907,0.3630440236751221,525.5
18909,Daniel Hill,Alabama,HB,RB,83,daniel hill,-0.027522911478422667,0.25969821495692474,409.5
18917,Eric Stuart,Temple,MIKE,LB,70,eric stuart,-0.18696863163533672,-0.03962128501680684,506.0
18922,Josh Hoover,Indiana,QB,QB,88,josh hoover,0.5369590130548999,1.1725802288464486,697.0
18924,Eddrick Houston,Ohio State,DT,DT,85,eddrick houston,0.1749356902267387,0.23298823270010216,297.5
18926,DJ Bailey,Sam Houston,QB,QB,64,dj bailey,-0.15612229295899444,-0.06219261544603961,103.0
18927,Landon Hron,Northern Illinois,C,OL,75,landon hron,0.01864692579475887,0.10590754666627289,799.5
18938,Geajorm Akpaloo,Western Kentucky,WILL,LB,65,geajorm akpaloo,-0.19913389564825099,-0.10842500538802953,311.5
18939,Jabari Ishmael,Memphis,LEDG,EDGE,73,jabari ishmael,-0.011367561551525098,0.07293058415769517,432.0
18941,Ayden Jackson,South Florida,FS,SAF,83,ayden jackson,0.13769117351107077,0.2620675446771903,677.0
18948,Rico Jackson,NC State,RG,OL,73,rico jackson,-0.013035458965264405,-0.003103355776636792,91.0
18953,Braylon James,TCU,WR,WR,78,braylon james,-0.02216749048555741,0.041171270016732056,283.0
18955,Jayvin James,Alabama,LT,OL,77,jayvin james,0.04462732231183219,0.11529805653860559,647.5
18962,RJ Johnson III,Massachusetts,QB,QB,69,rj johnson,-0.044678566957083984,-0.012304746066696636,35.5
18965,Braylon Johnson,Wake Forest,FS,SAF,76,braylon johnson,-0.035761836824299266,0.03230529097045299,370.5
18966,Luke Ferrelli,Ole Miss,MIKE,LB,83,luke ferrelli,0.20040866027355136,0.29111755053377286,311.5
18969,Jaleel Johnson,Oklahoma State,LEDG,EDGE,77,jaleel johnson,0.07809973735221537,0.13820119308934464,308.0
18970,Jaydon Johnson,Louisiana,WR,WR,77,jaydon johnson,-0.11510391398903472,-0.02423629291507881,406.0
18971,JoJo Johnson,Bowling Green,CB,CB,80,jojo johnson,0.14356403046804783,0.264725355112148,659.5
18972,Kenny Johnson,Texas Tech,WR,WR,87,kenny johnson,0.3602094572283111,0.451077078302267,406.0
18977,Bradyn Joiner,Florida State,C,OL,76,bradyn joiner,0.02835531310746913,0.09902604733424253,647.5
18981,AJ Jones,Middle Tennessee,WR,WR,75,aj jones,-0.11648672014994152,-0.02561909907598562,406.0
18983,Caden Jones,Florida,RT,OL,82,caden jones,0.10022389630693665,0.18497420538352283,776.5
18989,Kyren Condoll,Rice,CB,CB,67,kyren condoll,-0.13959578823048688,-0.09734089108394701,230.0
18990,Peyton Jones,Liberty,HB,RB,76,peyton jones,-0.01782774940492006,0.0014606046291997278,27.5
18991,Wesley Miller,Florida International,FS,SAF,77,wesley miller,0.0512574370839131,0.11932456487866536,370.5
18992,Noah Josey,Virginia,LG,OL,90,noah josey,0.3370291903054549,0.42428981117696896,799.5
18993,Kamuela Ka'aihue,UNLV,WILL,LB,74,kamuela kaaihue,-0.009603173704137102,0.08110571655608437,311.5
18994,Daniel Kaelin,Nebraska,QB,QB,68,daniel kaelin,-0.047844491769139796,-0.015470670878752448,35.5
18999,Corey Kelly,Kennesaw State,REDG,EDGE,73,corey kelly,-0.12255103434306727,-0.03825288863384701,432.0
19001,Leo Kemp,Bowling Green,FB,RB,67,leo kemp,-0.08176601286240034,-0.04599488356276001,51.0
19005,Noah Kim,Eastern Michigan,QB,QB,76,noah kim,-0.3165345067725504,0.31908670901899844,697.0
19016,Alijah Lacey,Eastern Michigan,LEDG,EDGE,67,alijah lacey,-0.20034042582150885,-0.15741081458070225,220.0
19022,A'Mon Lane-Ganus,South Florida,CB,CB,71,amon lane ganus,-0.20613396884263874,-0.1373319732714249,374.5
19024,Luke Lapeze,UTSA,C,OL,73,luke lapeze,-0.01996620091857578,0.03640667047621721,516.5
19029,Caleb LaVallee,Florida State,WILL,LB,67,caleb lavallee,-0.025176230002220155,-0.016149021019662,31.0
19032,Zeiqui Lawton,Western Kentucky,DT,DT,75,zeiqui lawton,-0.06865187340720183,0.023549223462257823,472.5
19033,Ricky Lee,Middle Tennessee,CB,CB,69,ricky lee,-0.08331758578424724,-0.04106268863770738,230.0
19036,Carson Van Dinter,Wisconsin,FS,SAF,67,carson van dinter,-0.02314898041961917,-0.016167736543234324,38.0
19041,Gavriel Lightfoot,San Diego State,DT,DT,76,gavriel lightfoot,0.014273270209553707,0.07232581268291721,297.5
19042,Drake Lindsey,Minnesota,QB,QB,81,drake lindsey,-0.03438409373312837,0.6012371220584204,697.0
19046,Brayden Loftin,UCLA,TE,TE,77,brayden loftin,-0.021394978225372112,0.06866958343301072,270.5
19049,Jackson Long,Georgia Southern,TE,TE,71,jackson long,-0.019746816445669817,0.004891917612446003,74.0
19050,Bradley Smith,Duke,RG,OL,73,bradley smith,-0.005919419249324794,0.004012683939302819,91.0
19052,Gio Lopez,Wake Forest,QB,QB,79,gio lopez,0.290768797555185,0.9263900133467339,697.0
19053,Christian Lorenzo,North Texas,LEDG,EDGE,68,christian lorenzo,-0.010330746693705916,-0.0031107666213884386,37.0
19054,TJ Lott,Troy,WR,WR,75,tj lott,-0.13752108355832046,-0.012522151612989488,558.5
19055,Braylan Lovelace,Pittsburgh,MIKE,LB,82,braylan lovelace,0.32663938318117675,0.5172299728290578,654.5
19061,Brandon Mack II,Houston,REDG,EDGE,84,brandon mack,0.03567737292244011,0.1382206034090032,525.5
19063,King Mack,NC State,FS,SAF,84,king mack,0.08541749965713356,0.20979387082325304,677.0
19064,Ethan Mackenny,Georgia Tech,LT,OL,84,ethan mackenny,0.197218426544873,0.2844790474163871,799.5
19066,CJ Madden,Purdue,LEDG,EDGE,75,cj madden,-0.048373938521597215,-0.005444327280790595,220.0
19067,Garrison Madden,Western Kentucky,MIKE,LB,71,garrison madden,-0.36095767317529487,-0.1703670835274138,654.5
19068,Micah Ka'apana,Michigan,HB,RB,76,micah kaapana,-0.08356014467466218,0.0020100077676147164,122.0
19069,Nico Hamilton,Wyoming,HB,RB,71,nico hamilton,-0.0149456245531726,0.0706245278891043,122.0
19070,Maddux Madsen,Boise State,QB,QB,87,maddux madsen,0.7661648376221087,1.4017860534136575,697.0
19082,Princeton Malbrue,Louisiana,SAM,LB,60,princeton malbrue,-0.035218736672676006,-0.026191527690117854,31.0
19083,Aidan Lynch,Virginia Tech,RT,OL,77,aidan lynch,0.029226540773116247,0.10813764632671806,723.0
19085,Arch Manning,Texas,QB,QB,91,arch manning,1.5178521690270164,2.1534733848185654,697.0
19087,Devon Manuel,App State,LT,OL,76,devon manuel,0.09317756522714403,0.18043818609865805,799.5
19091,Mac Markway,Nebraska,REDG,EDGE,74,mac markway,-0.005919901020427961,0.001300079051889515,37.0
19092,Braeden Marshall,UCF,CB,CB,81,braeden marshall,0.07464602034948446,0.17311830239533388,536.0
19093,Deandre Marshall,UTSA,RT,OL,70,deandre marshall,-0.00983667119765166,9.543199097595146e-05,91.0
19094,Cole Weaver,Syracuse,WR,WR,81,cole weaver,0.2376500936492899,0.3626490255946209,558.5
19096,Cole Martin,UCLA,SS,SAF,80,cole martin,0.06986080833129817,0.17816194688732098,589.5
19100,LJ Martin,BYU,HB,RB,92,lj martin,0.4252142762474728,0.7124354026828202,409.5
19104,Bo Mascoe,Texas,CB,CB,89,bo mascoe,0.41421144138299515,0.5353727660270954,659.5
19105,Ricardo Jones,Vanderbilt,SS,SAF,85,ricardo jones,0.1809212587887485,0.30529762995486803,677.0
19110,John Mateer,Oklahoma,QB,QB,89,john mateer,0.8720739218791469,1.507695137670696,697.0
19111,Jermaine Mathews Jr.,Ohio State,CB,CB,88,jermaine mathews,0.32732838222054067,0.4484897068646408,659.5
19116,Jordan Matthews,Vanderbilt,CB,CB,84,jordan matthews,0.29478207952383295,0.3932543615696824,536.0
19117,Graham Knowles,Georgia Tech,QB,QB,70,graham knowles,-0.051404367995515114,-0.019030547105127762,35.5
19120,Jaydan Mayes,Army,CB,CB,84,jaydan mayes,0.26220342773793237,0.3833647523820325,659.5
19126,Jaylen Mbakwe,Georgia Tech,CB,CB,80,jaylen mbakwe,-0.07093072249314125,0.05023060215095892,659.5
19130,Ja'Den McBurrows,App State,CB,CB,76,jaden mcburrows,-0.0652979328557832,0.03317434919006622,536.0
19135,Kobe McCloud,Clemson,WILL,LB,80,kobe mccloud,0.18489909617525724,0.3322464427937871,506.0
19136,Jerry McClure,San José State,WR,WR,77,jerry mcclure,0.018375419722996496,0.10924304079695239,406.0
19138,Jace Stuckey,Eastern Michigan,QB,QB,64,jace stuckey,-0.03464505450947683,-0.014582404943602977,22.0
19142,Tony Freeman,Washington State,WR,WR,86,tony freeman,0.3706769974279909,0.49567592937332183,558.5
19144,Daeh McCullough,Western Michigan,SS,SAF,73,daeh mccullough,-0.02604388728318038,0.04202324051157187,370.5
19147,Hyajah Miller,Toledo,CB,CB,64,hyajah miller,-0.034960877131481966,-0.0283470671433279,36.0
19149,Jelani McDonald,Texas,SS,SAF,90,jelani mcdonald,0.4899388799522479,0.6143152511183674,677.0
19152,Will McDonald,Wisconsin,LEDG,EDGE,74,will mcdonald,-0.031145274834221068,-0.008607228932797592,115.5
19155,Damarius McGhee,Florida Atlantic,CB,CB,79,damarius mcghee,-0.14093027011880807,-0.019768945474707894,659.5
19157,Jackson McGohan,Wisconsin,WR,WR,69,jackson mcgohan,-0.02491284617082276,-0.016519900874582993,37.5
19159,Deuce McGuire,Northwestern,RT,OL,75,deuce mcguire,-0.03148738618771821,0.0474237193658836,723.0
19162,Kade McIntyre,Oklahoma,TE,TE,75,kade mcintyre,-0.002465965566400302,0.010019879395482715,37.5
19164,Kobie McKinzie,Northwestern,MIKE,LB,77,kobie mckinzie,0.1043603097211908,0.2949508993690719,654.5
19169,TJ McMillen,Illinois,C,OL,70,tj mcmillen,-0.010341777114594653,-0.0004096739259670402,91.0
19170,Mychal McMullin,James Madison,DT,DT,78,mychal mcmullin,0.09452652050064897,0.18672761737010862,472.5
19174,Miles McVay,Mississippi State,RT,OL,74,miles mcvay,-0.0008608232971715202,0.009071279891456093,91.0
19175,Censere Lee,Pittsburgh,WR,WR,75,censere lee,-0.057423934059470626,0.00591482644281884,283.0
19180,Bennett Meredith,Purdue,QB,QB,66,bennett meredith,-0.05827698874737629,-0.025903167856988943,35.5
19182,Luke Mergott,Duke,WILL,LB,82,luke mergott,0.19718504349480082,0.3877756331426819,654.5
19183,Jake Merklinger,UConn,QB,QB,74,jake merklinger,-0.13810412806903494,0.4975170877225139,697.0
19188,Daniel Michel,James Madison,RT,OL,74,daniel michel,-0.024053142490379768,0.04661759173639363,647.5
19190,Joshua Mickens,UConn,REDG,EDGE,76,joshua mickens,0.12179177471667628,0.22433500520323935,525.5
19197,Ty Goodwill,Cincinnati,FS,SAF,82,ty goodwill,0.17508245797016764,0.2431495857649199,370.5
19200,Peyton Miller,Massachusetts,C,OL,65,peyton miller,-0.03533734461900545,-0.02540524143037784,91.0
19203,William Nettles,SMU,CB,CB,74,william nettles,-0.011137441214729373,0.011092309023232902,121.0
19205,Nikola Milovac,Kennesaw State,RT,OL,73,nikola milovac,-0.006610028311667642,0.07230107724193416,723.0
19208,Tiaquelin Mims,UAB,WR,WR,80,tiaquelin mims,0.0903065905496779,0.2153055224950089,558.5
19214,Jabari Mitchell,Bowling Green,MIKE,LB,62,jabari mitchell,-0.02673568699051727,-0.017708478007959116,31.0
19216,Naeten Mitchell,Colorado,FS,SAF,78,naeten mitchell,-0.05987933582214256,0.048421802733880255,589.5
19218,Sydir Mitchell,Wake Forest,DT,DT,77,sydir mitchell,0.018197394924174395,0.0762499373975379,297.5
19220,Jordan Floyd,Georgia Tech,RT,OL,68,jordan floyd,-0.020853124399432432,-0.01092102121080482,91.0
19222,Solatoa Moea'i,Utah,LG,OL,77,solatoa moeai,0.040844353584298866,0.11151508781107226,647.5
19231,Luke Montgomery,Ohio State,LG,OL,92,luke montgomery,0.39243514552219544,0.4796957663937094,799.5
19233,Roq Montgomery,Western Kentucky,C,OL,75,roq montgomery,-0.01670887111841334,0.06220223443518848,723.0
19234,DeAndre Moore Jr.,Colorado,WR,WR,86,deandre moore,0.3140625703696512,0.4049301914436071,406.0
19238,Fredrick Moore,Michigan State,WR,WR,78,fredrick moore,-0.04201972838940625,0.04884789268454966,406.0
19239,Gabe Moore,Nebraska,DT,DT,74,gabe moore,0.034423098760677596,0.07559649863254213,211.0
19241,Hayden Moore,Washington,SAM,LB,66,hayden moore,-0.02859300087989577,-0.019565791897337616,31.0
19246,Rod Moore,Michigan,FS,SAF,90,rod moore,0.34925997848062956,0.4736363496467491,677.0
19247,Cam Pickett,Kansas,WR,WR,82,cam pickett,0.16881187974262674,0.25967950081658264,406.0
19251,Adam Kissayi,Minnesota,LEDG,EDGE,72,adam kissayi,-0.10640499395985618,-0.06347538271904957,220.0
19252,Semaj Morgan,UCLA,WR,WR,77,semaj morgan,-0.008848923442212216,-0.0004559781459724468,37.5
19255,Tyler Morris,Indiana,WR,WR,78,tyler morris,-0.006341071475742273,0.01771870504014507,107.5
19256,De'Nylon Morrissette,Purdue,WR,WR,74,denylon morrissette,-0.0087492930907131,-0.00035634779447333073,37.5
19259,Cole Mosier,Ball State,C,OL,69,cole mosier,-0.007691222063495166,0.002240881125132447,91.0
19260,Jordan Mosley,Colorado State,WR,WR,82,jordan mosley,0.1740371157925434,0.2990360477378744,558.5
19265,Sam M'Pemba,Texas A&M,REDG,EDGE,75,sam mpemba,0.005202332971569308,0.012422313043886784,37.0
19267,Paul Mubenga,Nebraska,LG,OL,76,paul mubenga,0.007159157673932912,0.017091260862560527,91.0
19274,Joseph Mupoyi,North Carolina,LEDG,EDGE,74,joseph mupoyi,0.04751217083593306,0.09044178207673968,220.0
19280,Joshua Ofor,Arkansas State,MIKE,LB,66,joshua ofor,-0.18034946760973508,-0.08964057734951363,311.5
19284,AJ Newberry,Oregon State,HB,RB,76,aj newberry,-0.06107525869908491,0.024494893743191977,122.0
19293,Brett Norfleet,Missouri,TE,TE,86,brett norfleet,0.15559047093410974,0.24565503259249255,270.5
19296,Hunter Nowell,San José State,SS,SAF,69,hunter nowell,-0.06087375591711436,-0.023211782373459264,205.0
19307,Justin Okoronkwo,South Carolina,WILL,LB,77,justin okoronkwo,0.1497908744082603,0.3403814640561414,654.5
19308,Samuel Okunlola,Virginia Tech,REDG,EDGE,81,samuel okunlola,0.18141878522454805,0.2839620157111111,525.5
19313,Miles O'Neill,North Carolina,QB,QB,71,miles oneill,-0.041385868746247965,-0.009012047855860612,35.5
19315,Addison Ostrenga,Iowa,TE,TE,75,addison ostrenga,0.00038296989299505674,0.05232408493442841,156.0
19317,Jamih Otis,Hawai'i,WILL,LB,77,jamih otis,0.0354439007693932,0.22603449041727428,654.5
19320,Joe Otting,Notre Dame,C,OL,77,joe otting,0.015504494469611505,0.02543659765823912,91.0
19321,Jordan Owens,Buffalo,WILL,LB,69,jordan owens,-0.18287287088888932,-0.09216398062866783,311.5
19323,Martin Owusu,Fresno State,DT,DT,77,martin owusu,-0.03768315463927983,0.03871203990970103,391.5
19327,Booker Pickett Jr.,Miami,REDG,EDGE,75,booker pickett,-0.016303484007299567,-0.00908350393498209,37.0
19328,Max Parrott,Purdue,LT,OL,65,max parrott,-0.030404762776631365,-0.020472659588003754,91.0
19329,Aiden Pastoriza,Cincinnati,RG,OL,67,aiden pastoriza,-0.02380509715987127,-0.013872993971243657,91.0
19330,Cam Thompson,Northern Illinois,WR,WR,77,cam thompson,-0.022344199679687766,0.06852342139426815,406.0
19331,Kaleb Patterson,Kansas State,CB,CB,83,kaleb patterson,0.28826802467705315,0.38674030672290255,536.0
19332,Marcus Patterson,Kennesaw State,LEDG,EDGE,73,marcus patterson,0.0523749931816501,0.11247644891877936,308.0
19338,Gerard Johnson,Virginia Tech,REDG,EDGE,70,gerard johnson,-0.0119585047895712,-0.0047385247172537235,37.0
19340,Suntarine Perkins,Ole Miss,WILL,LB,92,suntarine perkins,0.8351065380852144,1.0256971277330955,654.5
19342,Zylan Perry,Cincinnati,HB,RB,82,zylan perry,0.0887332118678237,0.2567172406377033,239.5
19343,Jamari Person,Liberty,WR,WR,79,jamari person,0.12076166620639818,0.2116292872803541,406.0
19347,Trey Petty,Western Michigan,QB,QB,69,trey petty,-0.2078831819295896,-0.11395350441663474,103.0
19348,Jacob Bradford,Louisiana Tech,DT,DT,65,jacob bradford,-0.27384782152667553,-0.21579527905331203,297.5
19349,Kristian Phillips,Boston College,LG,OL,82,kristian phillips,0.1517686769071078,0.23902929777862184,799.5
19350,Randy Pittman Jr.,SMU,TE,TE,81,randy pittman,0.04293057807715226,0.0948716931185856,156.0
19353,Justin Powe,Troy,SS,SAF,77,justin powe,0.12014899099740134,0.24452536216352086,677.0
19354,Ethan Powell,San José State,SAM,LB,81,ethan powell,0.08943250707437804,0.2800230967222591,654.5
19358,Kam Pringle,Syracuse,RT,OL,77,kam pringle,0.010925849797893987,0.09567615887448015,776.5
19360,Eian Pugh,Ohio,WR,WR,75,eian pugh,-0.14165749537064834,-0.016658563425317376,558.5
19364,Kaleb Purdy,App State,FS,SAF,72,kaleb purdy,-0.18070772427625603,-0.07240658572023322,589.5
19368,Zach Pyron,South Alabama,QB,QB,67,zach pyron,-0.0325312532038873,-0.012468603638013448,22.0
19378,Lyrik Rawls,Arizona State,SS,SAF,79,lyrik rawls,0.10264073906813494,0.1707078668628872,370.5
19379,Tai Ray,Western Kentucky,RG,OL,73,tai ray,-0.07528210179477544,-0.018909230399982453,516.5
19384,Oscar Hammond,Oklahoma State,TE,TE,77,oscar hammond,-0.025142230460968334,0.026798884580465025,156.0
19390,DeVon Rice,Hawai'i,HB,RB,77,devon rice,-0.21472848286133164,-0.04674445409145201,239.5
19391,Zach Rice,Syracuse,RG,OL,76,zach rice,0.12667084110596355,0.19734157533273694,647.5
19395,Lawrence Johnson,Florida International,CB,CB,73,lawrence johnson,-0.05471984079137453,0.04375244125447489,536.0
19398,DJ Riles,Georgia State,WR,WR,72,dj riles,-0.12991797464330765,-0.06657921414101818,283.0
19399,Dylan Rizk,Stanford,QB,QB,73,dylan rizk,-0.07701103694763364,0.0169186405653212,103.0
19401,Jamal Roberts,Missouri,HB,RB,87,jamal roberts,0.1306490625982466,0.2986330913681262,239.5
19402,Cole Watson,Louisiana Tech,WILL,LB,68,cole watson,-0.01907596885045293,0.00305525317130255,76.0
19403,David Kabongo,Utah State,FS,SAF,69,david kabongo,-0.06726221354782484,-0.04898237760834347,99.5
19406,Mauricio Hinds,Florida Atlantic,LG,OL,65,mauricio hinds,-0.03519369465446645,-0.025261591465838843,91.0
19408,Sam Robinson,South Florida,WILL,LB,67,sam robinson,-0.020015359644671743,-0.010988150662113588,31.0
19409,Chris Rodgers,Tulane,WILL,LB,80,chris rodgers,0.18963949247500933,0.38023008212289044,654.5
19416,Logologo Va'a,Nevada,DT,DT,76,logologo vaa,-0.02124005263940578,0.07096104423005388,472.5
19417,Bodie Kahoun,Boston College,WILL,LB,69,bodie kahoun,-0.0790945565224946,-0.026824104510585284,179.5
19420,Henry Rutledge,Charlotte,HB,RB,74,henry rutledge,-0.5014006383777876,-0.21417951194244012,409.5
19424,Lucas Samsula,Utah,DT,DT,77,lucas samsula,-0.008217404406333994,0.06817779014264687,391.5
19426,Nick Sawyer,Bowling Green,CB,CB,71,nick sawyer,-0.23367148848601232,-0.13519920644016292,536.0
19427,Wil Saxton,Arkansas State,RG,OL,79,wil saxton,0.08795404335007774,0.17270435242666393,776.5
19428,Quentavius Scandrett,Ball State,SS,SAF,79,quentavius scandrett,0.13845044088939104,0.26282681205551056,677.0
19440,Jamari Sharpe,Indiana,CB,CB,91,jamari sharpe,0.5389091447426598,0.66007046938676,659.5
19441,Rodney Hill,South Florida,MIKE,LB,67,rodney hill,-0.051631106764275334,-0.02949988474251986,76.0
19442,Derrick Shepard Jr.,Tulane,DT,DT,80,derrick shepard,0.0599289442468525,0.15213004111631218,472.5
19443,Talyn Shettron,Louisiana Tech,WR,WR,81,talyn shettron,0.1797722526021272,0.3047711845474582,558.5
19445,Adon Shuler,Notre Dame,SS,SAF,88,adon shuler,0.3825865740134557,0.49088771256947855,589.5
19455,Cole Skinner,Auburn,RG,OL,72,cole skinner,-0.020088190739898242,-0.010156087551270631,91.0
19456,Enyce Sledge,Florida Atlantic,DT,DT,75,enyce sledge,-0.042138481784975895,0.03425671276400497,391.5
19457,Sam Sledge,Nebraska,RG,OL,75,sam sledge,-0.00509647512268774,0.004835628065939873,91.0
19459,Kelton Smith Jr.,Georgia State,RT,OL,70,kelton smith,-0.004729131296197339,0.005202971892430274,91.0
19460,Anthony Smith,Minnesota,LEDG,EDGE,92,anthony smith,0.5923474447646268,0.6948906752511899,525.5
19463,Caleb Ash,Troy,RT,OL,63,caleb ash,-0.040332865870724446,-0.03040076268209683,91.0
19465,Dylan Smith,Memphis,SS,SAF,73,dylan smith,-0.03870441457395368,-0.0010424410302985862,205.0
19466,JeyQuan Smith,South Florida,WR,WR,75,jeyquan smith,-0.01136928248629491,-0.002976337190055141,37.5
19469,Stantavious Smith,Buffalo,DT,DT,68,stantavious smith,-0.06128178920336306,-0.03825590681056679,118.0
19470,Sterling Smith,Ball State,SS,SAF,71,sterling smith,-0.09420630933408976,-0.0261391815393375,370.5
19471,Kenny Worthy,Cincinnati,CB,CB,68,kenny worthy,-0.025570887990977734,-0.01895707800282367,36.0
19473,Will Snellings,Georgia,TE,TE,55,will snellings,-0.02497829994631607,-0.020316917827213076,14.0
19475,Jamari Somerville,Akron,SS,SAF,61,jamari somerville,-0.03615169603415354,-0.02917045215776869,38.0
19481,Deuce Spurlock II,Liberty,MIKE,LB,70,deuce spurlock,-0.18008277495254615,-0.0893738846923247,311.5
19486,Grant Stec,Wisconsin,TE,TE,76,grant stec,0.03309366785862652,0.12315822951700935,270.5
19487,Tracy Stephens,Marshall,TE,TE,67,tracy stephens,-0.13092140879067254,-0.07898029374923919,156.0
19491,Zamari Stevenson,Wake Forest,CB,CB,80,zamari stevenson,0.08389312886121801,0.18236541090706743,536.0
19492,Croix Stewart,Fresno State,FS,SAF,76,croix stewart,-0.025876680568112077,0.09849969059800744,677.0
19495,Raion Strader,Pittsburgh,CB,CB,84,raion strader,0.3587354733920667,0.4798967980361668,659.5
19498,MJ Stroud,Georgia Southern,REDG,EDGE,76,mj stroud,0.05903737123601569,0.14333551694523597,432.0
19502,Tah'j Butler,Ole Miss,MIKE,LB,71,tahj butler,-0.019647826216267067,0.002483395805488413,76.0
19503,Zac Swanson,Arizona State,DT,DT,80,zac swanson,0.1290626133080185,0.20545780785699932,391.5
19506,Bastian Swinney,California,C,OL,75,bastian swinney,-0.001266664103559044,0.06940407012321435,647.5
19509,Tevarua Tafiti,Stanford,SAM,LB,78,tevarua tafiti,0.23342982391392858,0.38077717053245846,506.0
19510,Harrison Taggart,Utah State,MIKE,LB,83,harrison taggart,0.4030515718173982,0.5936421614652793,654.5
19512,Dillon Tatum,Miami (OH),SS,SAF,78,dillon tatum,0.027299069977154648,0.15167544114327416,677.0
19514,Bryson Taylor,Utah State,CB,CB,77,bryson taylor,-0.032532013661884844,0.08862931098221531,659.5
19516,Isaac Terrell,Iowa State,REDG,EDGE,86,isaac terrell,0.3552463919526722,0.45778962243923527,525.5
19519,Duane Thomas Jr.,UCF,WR,WR,85,duane thomas,0.30384349094730806,0.4288424228926391,558.5
19521,Amare Thomas,Houston,WR,WR,90,amare thomas,0.6834911779798902,0.8084901099252212,558.5
19525,Tawfiq Thomas,Georgia Tech,DT,DT,76,tawfiq thomas,-0.05342181809618825,0.03877927877327141,472.5
19528,Jalen Thompson,Arizona State,REDG,EDGE,81,jalen thompson,0.20909525683265748,0.29339340254187773,432.0
19537,Koltin Sieracki,Baylor,RG,OL,70,koltin sieracki,-0.015959786810398502,-0.006027683621770887,91.0
19540,Zashon Rich,Kansas State,CB,CB,79,zashon rich,0.20875109964848518,0.27755309521969895,374.5
19542,Antonio Tripp Jr.,Florida International,LG,OL,75,antonio tripp,-0.0014973731258120654,0.08576324774570196,799.5
19543,Max Tucker,Boston College,CB,CB,80,max tucker,0.2327336876890099,0.35389501233311005,659.5
19545,Matthew Fobbs-White,Virginia,REDG,EDGE,83,matthew fobbs white,0.08074483678896906,0.16504298249818933,432.0
19548,Semaj Turner,Duke,REDG,EDGE,71,semaj turner,-0.0151306962362396,0.007407349665183874,115.5
19551,Malaki Ta'ase,Iowa State,LEDG,EDGE,76,malaki taase,0.07982043171269175,0.16411857742191202,432.0
19555,Ca'Lil Valentine,Illinois,HB,RB,85,calil valentine,0.1398554030049797,0.30783943177485934,239.5
19557,Devin Vass,West Virginia,RG,OL,78,devin vass,0.030537936514981313,0.10120867074175471,647.5
19559,Ian VerSteeg,Ohio,WR,WR,63,ian versteeg,-0.048332677281076424,-0.039939731984836656,37.5
19564,Tyler Voltin,Oregon State,RG,OL,83,tyler voltin,0.12895709042410175,0.2162177112956158,799.5
19567,Rico Walker,California,TE,TE,69,rico walker,-0.006627503771992046,0.005858341189890971,37.5
19578,Wayshawn Parker,Utah,HB,RB,86,wayshawn parker,0.23827979160489207,0.5255009180402395,409.5
19581,Bryce Weaver,East Carolina,LT,OL,72,bryce weaver,-0.09904095942302114,-0.02012985386941933,723.0
19588,Sam West,Mississippi State,TE,TE,77,sam west,-0.04229711155352035,0.047767450104862476,270.5
19589,T.J. West,UTSA,WR,WR,74,t j west,-0.029798625174550845,-0.005738848658663504,107.5
19593,Jake Wheelock,Cincinnati,LG,OL,68,jake wheelock,-0.020408392291455666,-0.010476289102828053,91.0
19594,Dayln White,Bowling Green,DT,DT,69,dayln white,-0.19835125392372568,-0.14029871145036218,297.5
19598,Jamaal Whyce Jr.,Baylor,DT,DT,76,jamaal whyce,-0.025867854425225396,-0.0028419720324291183,118.0
19605,Seth Wilfred,Utah State,RT,OL,74,seth wilfred,-0.035840176603591165,0.034830557623182226,647.5
19607,Frederick Williams III,California,LT,OL,75,frederick williams,0.021963061937338,0.07833593333213099,516.5
19613,TreyShun Hurry,Louisville,WR,WR,78,treyshun hurry,0.0008841446988262312,0.03926788118696278,171.5
19620,Jontez Williams,USC,CB,CB,91,jontez williams,0.6316295327166486,0.7527908573607488,659.5
19626,Ty Williams,Tulsa,SS,SAF,72,ty williams,-0.12344043870831216,-0.015139300152289342,589.5
19627,Tyhler Williams,Georgia State,C,OL,72,tyhler williams,-0.07149558002915088,0.007415525524450926,723.0
19631,Ken Willis,James Madison,SS,SAF,75,ken willis,-0.14945698947731023,-0.0411558509212874,589.5
19633,Isaac Wilson,Colorado,QB,QB,71,isaac wilson,-0.09185477733110103,0.0020749001818538087,103.0
19634,Kameron Wilson,Miami (OH),LEDG,EDGE,75,kameron wilson,-0.004372681668978917,0.05572877406815035,308.0
19636,Trey Wilson,SMU,LEDG,EDGE,73,trey wilson,-0.018304968505379555,0.02462464273542706,220.0
19637,Tristan Wilson,Missouri,C,OL,71,tristan wilson,0.009071866955151876,0.019003970143779487,91.0
19639,Guylijah Theodule,UAB,CB,CB,65,guylijah theodule,-0.02719126750319352,-0.020577457515039456,36.0
19640,Caleb Womack,San José State,CB,CB,69,caleb womack,-0.07334961032819051,-0.004547614756976693,374.5
19642,Shakai Woods,Arkansas State,DT,DT,77,shakai woods,-0.04876378828129538,0.04343730858816428,472.5
19644,Robert Wright Jr.,Michigan State,RT,OL,77,robert wright,0.0900886450190104,0.16075937924578382,647.5
19650,Cade Yacamelli,Miami (OH),HB,RB,78,cade yacamelli,0.0039044375385932518,0.2911255639739407,409.5
19654,Kevin Levy,Rutgers,CB,CB,76,kevin levy,-0.11961372530866253,0.0015475993354376366,659.5
19661,Tommy Ziesmer,Louisville,DT,DT,73,tommy ziesmer,-0.054956731036517055,-0.013783331164652525,211.0
19662,Will Clark,Buffalo,LEDG,EDGE,72,will clark,-0.14767998723416584,-0.04513675674760277,525.5
19665,Ayo Adeyi,Oklahoma State,HB,RB,82,ayo adeyi,0.01961693849788799,0.18760096726776762,239.5
19668,Teague Andersen,NC State,RT,OL,82,teague andersen,0.13891909805194722,0.22617971892346123,799.5
19669,Ormanie Arnold,New Mexico,CB,CB,77,ormanie arnold,-0.06762252693615312,0.0308497551096963,536.0
19671,Tytus Khajavi,Fresno State,MIKE,LB,70,tytus khajavi,-0.16205637293876918,-0.014709026320239283,506.0
19673,Charlie Becker,Indiana,WR,WR,89,charlie becker,0.44373889791904114,0.5687378298643722,558.5
19674,Jayden Bellamy,UCF,CB,CB,86,jayden bellamy,0.3044986293406076,0.4256599539847078,659.5
19677,Jackson Bowers,Oregon State,TE,TE,69,jackson bowers,-0.006227395671555619,0.0062584492903273985,37.5
19680,Byrum Brown,Auburn,QB,QB,89,byrum brown,1.4742763982003055,2.1098976139918544,697.0
19681,DeSean Brown,Oklahoma State,LEDG,EDGE,74,desean brown,0.016738649807291155,0.03927669570871463,115.5
19682,Za'Quan Bryan,South Florida,CB,CB,80,zaquan bryan,0.03963268588056689,0.16079401052466705,659.5
19683,George Burhenn,Purdue,TE,TE,81,george burhenn,0.08417076362786306,0.17423532528624588,270.5
19684,Chamberlain Campbell,UConn,REDG,EDGE,70,chamberlain campbell,-0.019340990663105163,-0.012121010590787688,37.0
19687,Avion Carter,North Texas,DT,DT,75,avion carter,-0.011218133184215766,0.0651770613647651,391.5
19692,Jay'Vion Cole,Arizona,CB,CB,88,jayvion cole,0.4948960537142546,0.6160573783583547,659.5
19695,Cooper Cousins,Penn State,RG,OL,75,cooper cousins,0.027813501921808932,0.08418637331660192,516.5
19700,Kodi DeCambra,Hawai'i,FS,SAF,76,kodi decambra,-0.08455233742871328,0.03982403373740623,677.0
19701,Antavious Murphy,Georgia Southern,WR,WR,73,antavious murphy,-0.01153038847330597,-0.0031374431770662004,37.5
19704,Lacota Dippre,Florida,TE,TE,74,lacota dippre,-0.009986100041750243,0.014652634016365578,74.0
19710,Malachi Nelson,Syracuse,QB,QB,71,malachi nelson,-0.01219803693292924,0.007864612632944612,22.0
19714,Anthony Britton,Virginia,DT,DT,78,anthony britton,0.019879433419058904,0.0779319758924224,297.5
19719,Ethan Tierney,Fresno State,FS,SAF,76,ethan tierney,-0.03689824209218631,0.0714028964638365,589.5
19721,Malachi Wrice,Washington State,LEDG,EDGE,68,malachi wrice,-0.03980042096390646,-0.03258044089158898,37.0
19722,Jake Guarnera,Michigan,C,OL,87,jake guarnera,0.3021068765621699,0.38685718563875604,776.5
19731,Naeer Jackson,Louisville,LG,OL,72,naeer jackson,-0.01607533701823495,-0.0061432338296073365,91.0
19732,Stephen Johnson,South Alabama,DT,DT,66,stephen johnson,-0.31127565865595364,-0.21907456178649398,472.5
19734,Sid Kaba,Minnesota,DT,DT,67,sid kaba,-0.1616159169519072,-0.12044251708004265,211.0
19741,Teddy Williams,Army,RT,OL,86,teddy williams,0.29390427218732873,0.37865458126391494,776.5
19743,James Livingston,Kansas,RG,OL,71,james livingston,-0.030523586858107313,-0.020591483669479698,91.0
19744,Dante Lovett,UCLA,CB,CB,79,dante lovett,0.0346379612902187,0.07689285843675855,230.0
19746,Austin Mack,Alabama,QB,QB,82,austin mack,0.5437866894217428,1.1794079052132918,697.0
19748,Kaleb Mathis,Colorado,WR,WR,66,kaleb mathis,-0.041954346590221646,-0.03356140129398188,37.5
19751,Nasir Smith,Kennesaw State,DT,DT,64,nasir smith,-0.029344452388793414,-0.021343933930279453,41.0
19753,Domanick Moon,Western Michigan,MIKE,LB,73,domanick moon,-0.17611280186904382,0.014477787778837247,654.5
19755,Zeke Moore,Boston College,TE,TE,72,zeke moore,-0.0008074142085345631,0.023831319849581256,74.0
19756,Dustyn Morell,Kent State,LG,OL,77,dustyn morell,0.045655499662755866,0.13291612053426988,799.5
19758,Dylan Day,Miami,SS,SAF,75,dylan day,-0.04205696862613245,-0.023777132686651076,99.5
19760,Koa Naotala,Old Dominion,MIKE,LB,79,koa naotala,0.28479207648022165,0.4753826661281027,654.5
19763,Da'Kaari Nelson,NC State,WILL,LB,74,dakaari nelson,0.016196760831621776,0.10690565109184325,311.5
19768,Ryan Niblett,Texas,WR,WR,80,ryan niblett,0.017934906993145004,0.04199468350903235,107.5
19769,Blake Nichelson,Florida State,WILL,LB,76,blake nichelson,0.0239016531142318,0.11461054337445326,311.5
19770,Addison Nichols,SMU,RG,OL,91,addison nichols,0.37305248072315156,0.4578027897997377,776.5
19771,Mason Curtis,Michigan,SS,SAF,74,mason curtis,0.0006182402938514334,0.00759948417023628,38.0
19774,Chas Nimrod,Auburn,WR,WR,82,chas nimrod,0.19803834266260484,0.28890596373656074,406.0
19776,Alani Noa,USC,RG,OL,77,alani noa,0.009119885955355369,0.06549275735014835,516.5
19781,Kainoa Davis,San Diego State,DT,DT,72,kainoa davis,-0.02050737314400211,-0.01250685468548815,41.0
19785,Joshua Donald,Louisville,DT,DT,76,joshua donald,0.027165323982092336,0.11936642085155198,472.5
19791,Preston Rex,BYU,HB,RB,75,preston rex,-0.23801692304673563,-0.15244677060445874,122.0
19796,Antwone Santiago,Virginia Tech,WILL,LB,71,antwone santiago,-0.004335580038079056,0.017795641983676422,76.0
19798,Jordan Anderson,San José State,WR,WR,73,jordan anderson,-0.038640362157186886,-0.0002566256690503363,171.5
19799,Brian Simms III,Cincinnati,MIKE,LB,72,brian simms,-0.019199817898661584,0.0715090723615599,311.5
19803,Ed Smith IV,Tulane,DT,DT,78,ed smith,-0.03093172395202607,0.0454634705969548,391.5
19807,Deuce Walker,Georgia State,CB,CB,80,deuce walker,0.16675339831266048,0.2879147229567607,659.5
19810,Reese Tripp,Middle Tennessee,LT,OL,79,reese tripp,0.031927655552695555,0.11918827642420958,799.5
19811,Braden Turner,Northwestern,CB,CB,83,braden turner,0.3589866840763794,0.4574589661222288,536.0
19812,Connor Walendzak,Toledo,HB,RB,77,connor walendzak,0.014795046117149291,0.10036519855942619,122.0
19813,Jaylin Jones,Baylor,LEDG,EDGE,77,jaylin jones,-0.1129600336224569,-0.07003042238165029,220.0
19815,Jelani Watkins,Arkansas,WR,WR,78,jelani watkins,-0.03474082674941913,-0.010681050233531792,107.5
19821,Macyo Williams,Charlotte,DT,DT,75,macyo williams,-0.08473194558825471,0.0074691512812049415,472.5
19822,Tre Williams,Stanford,SAM,LB,68,tre williams,-0.021322689113439555,-0.0122954801308814,31.0
19825,Micah Woods,South Alabama,WR,WR,76,micah woods,-0.07671759142207114,0.014150029651884763,406.0
19829,David Amador II,UTSA,WR,WR,82,david amador,0.27355232338379765,0.39855125532912866,558.5
19834,Luke Baklenko,Arizona State,RT,OL,79,luke baklenko,0.08068768787986932,0.1654379969564555,776.5
19835,Amare Taase,UNLV,RG,OL,59,amare taase,-0.03632563961807139,-0.02639353642944378,91.0
19839,Henry Boyer,Kentucky,TE,TE,75,henry boyer,-0.014237013872881676,0.037704101168551676,156.0
19843,Mekhi Buchanan,Texas State,LEDG,EDGE,72,mekhi buchanan,-0.027170151260102866,-0.004632105358679392,115.5
19844,Cam Buffington,Iowa,MIKE,LB,75,cam buffington,-0.03111348952991698,0.11623385708861293,506.0
19845,Reggie Bush II,Baylor,CB,CB,75,reggie bush,-0.011788334490474625,0.010441415747487652,121.0
19846,Bryce Carter,Texas State,DT,DT,74,bryce carter,-0.027184917071465167,0.0492102774775157,391.5
19848,Jayden Cofield,Texas Tech,DT,DT,80,jayden cofield,0.032234053803873085,0.09028659627723658,297.5
19849,Ryan Cory,Wisconsin,C,OL,69,ryan cory,-0.012194425430433784,-0.0022623222418061716,91.0
19852,Weston Davis,LSU,RT,OL,76,weston davis,-0.06208599858595451,-0.005713127191161521,516.5
19853,Jadon Mayfield,Louisiana Tech,MIKE,LB,74,jadon mayfield,0.04763623542593034,0.19498358204446026,506.0
19856,Horatio Fields,Ole Miss,WR,WR,79,horatio fields,0.029578168624618904,0.053637945140506245,107.5
19859,Rolan Fullwood,Fresno State,RT,OL,80,rolan fullwood,0.053948194080978534,0.1386985031575647,776.5
19861,Wendell Gregory,Kansas State,LEDG,EDGE,85,wendell gregory,0.3472494198121068,0.4497926502986699,525.5
19865,Thomas Heiberger,Wisconsin,SAM,LB,75,thomas heiberger,0.02729889462093792,0.17464624123946781,506.0
19870,Ian Jeffries,Purdue,DT,DT,79,ian jeffries,0.06560617155296754,0.1578072684224272,472.5
19871,Julian Johnson,Minnesota,TE,TE,69,julian johnson,-0.09128775501333758,-0.03934663997190422,156.0
19878,Davhon Keys,LSU,WILL,LB,78,davhon keys,0.0626357343624479,0.15334462462266937,311.5
19880,Martin Koivisto,Central Michigan,RT,OL,74,martin koivisto,-0.0318871037326587,0.047024001820943115,723.0
19881,Preston Ries,Iowa,SAM,LB,68,preston ries,-0.01356774009984686,-0.004540531117288704,31.0
19882,Dominic Lolesio,Arizona,REDG,EDGE,75,dominic lolesio,-0.008875642451453638,0.07542250325776663,432.0
19887,Jayden Maiava,USC,QB,QB,92,jayden maiava,1.350511890352964,1.9861331061445129,697.0
19891,Tovani Mizell,Kentucky,HB,RB,76,tovani mizell,-0.051825904980634926,-0.01605477568099459,51.0
19893,Marcus Neal Jr.,Penn State,SS,SAF,87,marcus neal,0.37762900308287256,0.48593014163889536,589.5
19895,Cary Grant,App State,FS,SAF,70,cary grant,-0.06340088070101303,-0.02573890715735794,205.0
19897,Jaheim Oatis,Ole Miss,DT,DT,88,jaheim oatis,0.24344557173900125,0.3014981142123648,297.5
19898,Kilian O'Connor,USC,C,OL,81,kilian oconnor,0.1434311914038038,0.22818150048039,776.5
19899,Caden Brungard,Army,WILL,LB,65,caden brungard,-0.17426823686661025,-0.12199778485470093,179.5
19902,Dominic Nichols,Michigan,LEDG,EDGE,77,dominic nichols,0.022507728513705017,0.04504577441512849,115.5
19903,Myles Oliver,Clemson,CB,CB,75,myles oliver,-0.07995982228810843,-0.03770492514156857,230.0
19905,Troy Omeire,New Mexico,WR,WR,83,troy omeire,0.16931197026090697,0.2943109022062379,558.5
19906,Sammy Omosigho,UCLA,MIKE,LB,77,sammy omosigho,0.19591241825662672,0.38650300790450776,654.5
19908,Chimdy Onoh,Penn State,LG,OL,73,chimdy onoh,0.011882415735126427,0.02181451892375404,91.0
19909,Elyjah Thurmon,Clemson,RG,OL,73,elyjah thurmon,-0.005249332379220479,0.004682770809407134,91.0
19910,Alex Orji,UNLV,QB,QB,76,alex orji,-0.10601744924790145,-0.012087771734946608,103.0
19915,Zack Owens,Missouri,LG,OL,80,zack owens,0.0179466915220515,0.0743195629168445,516.5
19916,Heath Ozaeta,Oklahoma,RG,OL,75,heath ozaeta,0.007229413077084324,0.017161516265711937,91.0
19921,Rodrick Pleasant,UCLA,CB,CB,83,rodrick pleasant,-0.11672948151968933,-0.018257199473839917,536.0
19926,Micah Riley,Texas A&M,TE,TE,77,micah riley,0.019380056232935556,0.04401879029105138,74.0
19930,LaNorris Sellers,South Carolina,QB,QB,86,lanorris sellers,1.1622276139572727,1.7978488297488215,697.0
19931,Eddy Smith,UTSA,REDG,EDGE,71,eddy smith,-0.020521612789032424,0.0020164331123910485,115.5
19932,Zion Steptoe,Minnesota,WR,WR,77,zion steptoe,-0.024595638601093837,0.03874312190119563,283.0
19941,Skyler Locklear,Missouri State,QB,QB,74,skyler locklear,-0.3154608267712722,0.32016038902027666,697.0
19943,Michael Van Buren Jr.,South Florida,QB,QB,75,michael van buren,0.08000292682770704,0.7156241426192559,697.0
19952,Jaden McGill,Western Kentucky,HB,RB,76,jaden mcgill,-0.1618306474201443,-0.07626049497786741,122.0
19954,Dallas Young,South Alabama,CB,CB,70,dallas young,-0.011703090851131377,0.010526659386830898,121.0
19956,Nasir Addison,Kentucky,CB,CB,74,nasir addison,-0.04021322295217751,-0.017983472714215236,121.0
19957,Sedrick Alexander,Vanderbilt,HB,RB,85,sedrick alexander,0.2314766725952196,0.518697799030567,409.5
19963,Fisher Anderson,Stanford,C,OL,74,fisher anderson,-0.023779067236137305,0.046891666990636086,647.5
19970,Ryan Baer,Pittsburgh,RT,OL,88,ryan baer,0.2813079160933285,0.36856853696484254,799.5
19973,Ryan Mack,Miami,CB,CB,72,ryan mack,-0.019302059276640172,-0.012688249288486107,36.0
19984,Trovon Baugh,Texas A&M,RG,OL,80,trovon baugh,0.10591812330632097,0.17658885753309436,647.5
19985,Justin Beadles,California,SAM,LB,70,justin beadles,-0.011919026651097335,-0.0028918176685391785,31.0
19987,Braydon Bennett,Eastern Michigan,HB,RB,79,braydon bennett,0.16436173541757523,0.4515828618529226,409.5
19989,Winston Berglund,Purdue,MIKE,LB,66,winston berglund,-0.05576053252657704,-0.03362931050482156,76.0
19992,Stacy Bey,Sam Houston,SAM,LB,67,stacy bey,-0.028616776668821665,-0.01958956768626351,31.0
19993,Brendan Black,Nebraska,RG,OL,78,brendan black,0.002528753173422665,0.058901624568215655,516.5
19994,John Bock II,Tulane,C,OL,73,john bock,-0.0030123062258555,0.08173800285073067,776.5
19998,McKale Boley,Virginia,LT,OL,85,mckale boley,0.27539595744711864,0.36014626652370485,776.5
20000,Kamal Bonner,Miami,MIKE,LB,73,kamal bonner,-0.10347601024121113,-0.05120555822930181,179.5
20004,Johnny Bowens III,UTSA,LEDG,EDGE,74,johnny bowens,0.02507829614362339,0.08517975188075266,308.0
20007,Andrew Cunningham,North Texas,C,OL,68,andrew cunningham,-0.027429493802257704,-0.01749739061363009,91.0
20011,Louis Brown IV,Baylor,WR,WR,80,louis brown,0.04716558105668242,0.11050434155897189,283.0
20014,Hank Brown,Iowa,QB,QB,69,hank brown,-0.12847941658715265,-0.0345497390741978,103.0
20018,Jake DeHaan,Toledo,QB,QB,63,jake dehaan,-0.06316157509065484,-0.030787754200267494,35.5
20020,Coleman Bryson,North Carolina,FS,SAF,75,coleman bryson,0.1070709442191129,0.21537208277513573,589.5
20021,Brandon Booker,SMU,MIKE,LB,77,brandon booker,-0.012937948944817087,0.13440939767371282,506.0
20024,Jailen Butler,Kansas,TE,TE,72,jailen butler,-0.014467044623160424,-0.0019811996612774073,37.5
20049,Exodus Ayers,Oregon State,CB,CB,76,exodus ayers,0.0832370877166223,0.1817093697624717,536.0
20050,Jeremiah Cooper,Penn State,FS,SAF,91,jeremiah cooper,0.3905920588273446,0.5149684299934641,677.0
20052,Idrys Cotton,Northwestern,RG,OL,73,idrys cotton,-0.04407491708223611,0.026595817144537286,647.5
20053,Frank Covey IV,Northwestern,WR,WR,73,frank covey,-0.04243535934278518,-0.018375582826897836,107.5
20060,Kenny Jones,Rutgers,LT,OL,66,kenny jones,-0.0431074483874879,-0.03317534519886029,91.0
20061,Darold DeNgohe,UCLA,DT,DT,77,darold dengohe,0.011651176614589106,0.08804637116356998,391.5
20063,Alexander Doost,Arizona,RG,OL,82,alexander doost,0.041116076613966636,0.1258663856905528,776.5
20065,Dante Dowdell,Georgia,HB,RB,83,dante dowdell,-0.025082222752238845,0.06048792969003804,122.0
20067,Ben Grice,Rice,WR,WR,73,ben grice,-0.19406564805641807,-0.10319802698246217,406.0
20071,Kai Holec,Oklahoma State,RT,OL,68,kai holec,-0.021373294637510504,-0.011441191448882893,91.0
20072,Anthony Eager,South Alabama,WR,WR,77,anthony eager,-0.02249916956383318,0.10249976238149779,558.5
20074,Mario Easterly,Old Dominion,FS,SAF,85,mario easterly,0.3638905314172828,0.4882669025834023,677.0
20080,Frank Cusano,Wake Forest,WILL,LB,71,frank cusano,-0.11285772225297079,-0.022148831992749324,311.5
20084,Ishmael Findlayter,Oregon State,LEDG,EDGE,70,ishmael findlayter,-0.05664104879655702,-0.0137114375557504,220.0
20088,Brendan Flakes,Northwestern,DT,DT,70,brendan flakes,-0.13893334100866314,-0.06253814645968227,391.5
20093,Kana'i Lopes,Utah,MIKE,LB,69,kanai lopes,-0.1091792553860883,-0.05690880337417898,179.5
20094,Nate Gabriel,West Virginia,DT,DT,77,nate gabriel,-0.0059936733669565785,0.08620742350250307,472.5
20099,Zach Greenberg,James Madison,C,OL,81,zach greenberg,0.21844889444831303,0.30570951531982704,799.5
20100,Wyatt Gedeon,Coastal Carolina,MIKE,LB,74,wyatt gedeon,-0.01954430889796489,0.127803037720565,506.0
20104,CJ Allen Jr.,Georgia Southern,MIKE,LB,62,cj allen,-0.02672201346191386,-0.017694804479355702,31.0
20106,Myles Graham,Florida,WILL,LB,85,myles graham,0.4884708651504262,0.6790614547983073,654.5
20110,Mitch Griffis,East Carolina,QB,QB,76,mitch griffis,-0.3958697019924787,0.2397515137990702,697.0
20111,Jarvis Griffiths,Utah State,C,OL,61,jarvis griffiths,-0.04395696196246949,-0.03402485877384188,91.0
20115,Jordan Hall,Michigan State,MIKE,LB,86,jordan hall,0.5774534129376124,0.7680440025854934,654.5
20124,Laurence Seymore,Texas,LG,OL,83,laurence seymore,0.12009035848685612,0.1907610927136295,647.5
20132,Brandon High Jr.,UTSA,HB,RB,79,brandon high,-0.08765316099912977,0.08033086777074984,239.5
20136,Terrente Hinton,Marshall,FS,SAF,71,terrente hinton,-0.08133370913349028,0.026967429422532545,589.5
20148,Everett Hunter,South Alabama,TE,TE,69,everett hunter,-0.055747243339176876,0.03431731831920595,270.5
20149,Gavin Hunter,Arizona,SS,SAF,70,gavin hunter,-0.01129047533659562,-0.004309231460210774,38.0
20155,James Jenkins,South Florida,LT,OL,69,james jenkins,-0.039929568940084155,-0.029997465751456544,91.0
20156,David Jester,UL Monroe,FS,SAF,65,david jester,-0.023415634075553606,-0.01643439019916876,38.0
20157,Khobie Martin,Indiana,HB,RB,85,khobie martin,0.0811949716135369,0.24917900038341653,239.5
20159,DJ Johnson Jr.,East Carolina,MIKE,LB,76,dj johnson,0.00019070049815081845,0.19078129014603187,654.5
20162,Aiden Sullivan,Oregon State,MIKE,LB,85,aiden sullivan,0.4970361154757464,0.6876267051236273,654.5
20163,Tyler Johnson,Kansas State,LT,OL,76,tyler johnson,0.06084319150629265,0.13151392573306606,647.5
20172,Antonio Floyd,Eastern Michigan,WR,WR,63,antonio floyd,-0.04139228035361361,-0.03299933505737383,37.5
20174,Chase Kennedy,Arizona,WILL,LB,76,chase kennedy,0.12530543306882166,0.21601432332904313,311.5
20177,Eric King,Temple,LG,OL,83,eric king,0.18951940095599956,0.2767800218275136,799.5
20178,Elijah Kinsler,Memphis,LEDG,EDGE,62,elijah kinsler,-0.023819144197218003,-0.016599164124900527,37.0
20179,Edd Guerrier,Rutgers,HB,RB,73,edd guerrier,-0.0484638354750302,-0.029526178786985317,27.0
20180,Yamir Knight,SMU,WR,WR,85,yamir knight,0.3624148074241275,0.4874137393694585,558.5
20181,Amariyun Knighten,Miami (OH),CB,CB,75,amariyun knighten,-0.04823380560441644,0.02056818996679738,374.5
20182,Oran Singleton Jr.,Tulsa,WR,WR,76,oran singleton,-0.020093413851088416,0.018290322637048134,171.5
20185,DJ Lagway,Baylor,QB,QB,83,dj lagway,0.853324744347223,1.488945960138772,697.0
20189,Dedrick Latulas,Louisiana Tech,WR,WR,74,dedrick latulas,-0.12827545725442732,-0.06493669675213785,283.0
20204,Samari Howard,Army,HB,RB,75,samari howard,-0.06821390166827215,-0.03244277236863183,51.0
20208,Quinton Martin Jr.,Penn State,HB,RB,81,quinton martin,0.009024879804557793,0.04479600910419813,51.0
20210,Derrick Maxey III,Georgia State,SS,SAF,70,derrick maxey,-0.1651568582202569,-0.09708973042550466,370.5
20211,Micah Mays Jr.,Florida,WR,WR,82,micah mays,0.0869632838185623,0.12534702030669886,171.5
20213,Jaylen McClain,Ohio State,SS,SAF,88,jaylen mcclain,0.36971313722640003,0.4780142757824228,589.5
20216,Chrishon McCray,Michigan State,WR,WR,85,chrishon mccray,0.2959750288903402,0.42097396083567123,558.5
20217,Derek McDonald,North Carolina,MIKE,LB,77,derek mcdonald,0.13697807249650104,0.32756866214438213,654.5
20220,Nik McMillan,Kansas,WR,WR,88,nik mcmillan,0.5205071268881222,0.6455060588334531,558.5
20223,Brody Meadows,Virginia Tech,RG,OL,78,brody meadows,0.04290087534553131,0.13016149621704534,799.5
20228,Dylan Stephenson,Stanford,WILL,LB,63,dylan stephenson,-0.020676475638460666,-0.011649266655902508,31.0
20229,Tobias Merriweather,Utah,WR,WR,76,tobias merriweather,-0.013200131235717897,0.010859645280169444,107.5
20231,Ryan Mickow,Tulane,RT,OL,65,ryan mickow,-0.05186361670135875,-0.04193151351273114,91.0
20232,Jekail Middlebrook,Virginia,HB,RB,85,jekail middlebrook,0.2535121660733813,0.5407332925087287,409.5
20233,Kam Mikell,Georgia Southern,WR,WR,75,kam mikell,-0.030048029123226953,-0.005988252607339612,107.5
20234,Sterling Miles,UTEP,REDG,EDGE,74,sterling miles,-0.15795272590903245,-0.05540949542246936,525.5
20237,Mekhi Miller,Missouri State,WR,WR,76,mekhi miller,-0.06723546567965029,0.023632155394305618,406.0
20243,Jason Moore,Ohio State,DT,DT,78,jason moore,0.0004025888622791345,0.023428471255075408,118.0
20244,Devin Morgan,Kennesaw State,DT,DT,71,devin morgan,-0.06288393292314232,-0.02171053305127779,211.0
20246,Zach Morris,UTSA,CB,CB,73,zach morris,-0.03281798198282483,0.03598401358838898,374.5
20247,Sevion Morrison,Tulsa,HB,RB,76,sevion morrison,-0.004497070187931123,0.014440586500113763,27.0
20250,Elijah Elliss,Utah,MIKE,LB,64,elijah elliss,-0.029927217898655406,-0.02090000891609725,31.0
20262,Jaylan Hornsby,Purdue,WR,WR,68,jaylan hornsby,-0.027120047535588016,-0.018727102239348245,37.5
20265,Trevin Ostler,BYU,RG,OL,70,trevin ostler,-0.04331822149761734,-0.03338611830898973,91.0
20266,Devontae Armstrong,Miami (OH),RG,OL,64,devontae armstrong,-0.028739949594172646,-0.01880784640554503,91.0
20267,Joshua Padilla,Ohio State,C,OL,74,joshua padilla,0.002423807296999556,0.012355910485627168,91.0
20270,Elijah Paige,USC,LT,OL,87,elijah paige,0.254111188192289,0.341371809063803,799.5
20273,Iverson Hooks,Oregon,WR,WR,88,iverson hooks,0.36211583956130383,0.4529834606352597,406.0
20275,Kyle Parker,Ohio State,WR,WR,83,kyle parker,0.06317826008607406,0.10156199657421061,171.5
20282,Olsen Patt-Henry,Clemson,TE,TE,78,olsen patt henry,0.04748173372191926,0.1375462953803021,270.5
20283,Andrew Paul,Jacksonville State,HB,RB,75,andrew paul,-0.12212319710644924,0.045860831663430385,239.5
20285,Garrett Sexton,Penn State,LT,OL,71,garrett sexton,-0.006221562728855537,0.0037105404597720763,91.0
20288,Toby Payne,Marshall,TE,TE,84,toby payne,0.1186936160292492,0.20875817768763202,270.5
20291,Trent Pearman,Clemson,QB,QB,69,trent pearman,-0.025657333098149788,-0.008330499382167825,19.0
20299,Dietrick Pennington,Clemson,LG,OL,71,dietrick pennington,-0.003987139773335701,0.005944963415291911,91.0
20303,A'Marion Peterson,UTSA,HB,RB,78,amarion peterson,-0.06511778454527761,0.020452367896999276,122.0
20305,Jaquaize Pettaway,East Carolina,WR,WR,77,jaquaize pettaway,-0.028859369318846643,0.009524367169289906,171.5
20306,Kylon Griffin,Clemson,SS,SAF,79,kylon griffin,0.07738523983661609,0.14545236763136835,370.5
20308,Darius Curry,Colorado State,QB,QB,70,darius curry,-0.022698036191849246,0.009675784698538106,35.5
20309,Christian Pierce,USC,FS,SAF,83,christian pierce,0.2442310266325375,0.36860739779865703,677.0
20310,Trey Pierce,Michigan,DT,DT,87,trey pierce,0.27249803199342254,0.3646991288628822,472.5
20312,Yhonzae Pierre,Alabama,REDG,EDGE,91,yhonzae pierre,0.4366420585272587,0.5391852890138218,525.5
20315,Ka'Morreun Pimpton,TCU,TE,TE,76,kamorreun pimpton,0.00065461009611397,0.09071917175449681,270.5
20319,Micah Pollard,Liberty,WILL,LB,70,micah pollard,-0.10095792064900164,-0.048687468637092314,179.5
20320,Myles Pollard,East Carolina,SS,SAF,68,myles pollard,-0.05658828828411753,-0.03830845234463615,99.5
20321,Brice Pollock,Texas Tech,CB,CB,93,brice pollock,0.6059873254018234,0.7271486500459236,659.5
20323,Jake Pope,UNLV,SS,SAF,79,jake pope,0.08823854894501218,0.21261492011113167,677.0
20325,Jaxon Potter,Old Dominion,QB,QB,72,jaxon potter,-0.8216413809206788,-0.18602016512913,697.0
20328,Gabe Powers,Kansas State,WILL,LB,73,gabe powers,-0.020187433534192226,0.03208301847771709,179.5
20329,Reggie Powers III,Oklahoma,SS,SAF,75,reggie powers,-0.03732100853799339,0.030746119256758866,370.5
20334,Beau Pribula,Virginia,QB,QB,79,beau pribula,0.5411886527196043,1.1768098685111532,697.0
20335,Simeon Price,Oregon,HB,RB,80,simeon price,0.036357841949329894,0.12192799439160679,122.0
20337,Elijah Pritchett,Nebraska,LT,OL,85,elijah pritchett,0.22169651289002798,0.30644682196661416,776.5
20339,Evan Pryor,Florida,HB,RB,83,evan pryor,0.08529662370692294,0.2532806524768026,239.5
20341,Christian Bentancur,Clemson,TE,TE,76,christian bentancur,0.042124548260317515,0.09406566330175087,156.0
20346,Marcus Ratcliffe,Texas A&M,FS,SAF,89,marcus ratcliffe,0.5201600932375823,0.628461231793605,589.5
20352,Cyrus Reyes,Kentucky,SS,SAF,64,cyrus reyes,-0.034322921152164475,-0.02734167727577963,38.0
20353,Quincy Rhodes Jr.,Arkansas,LEDG,EDGE,90,quincy rhodes,0.545298691568994,0.6478419220555571,525.5
20356,Bryson Goodwin,Temple,CB,CB,67,bryson goodwin,-0.09540857578789567,-0.05315367864135582,230.0
20363,Fred Gaskin III,Auburn,SS,SAF,75,fred gaskin,-0.00765779251176946,0.0604093352829828,370.5
20366,DonTerry Russell,Texas State,REDG,EDGE,77,donterry russell,-0.1848655810050022,-0.08232235051843911,525.5
20369,KJ Flowe,James Madison,FS,SAF,76,kj flowe,-0.1316223289627388,-0.007245957796619283,677.0
20372,Ayo Tifase,Charlotte,DT,DT,67,ayo tifase,-0.10075004863038532,-0.07772416623758904,118.0
20378,Dylan Shaw,North Texas,LG,OL,70,dylan shaw,-0.09794861401608945,-0.027277879789316048,647.5
20381,Melvin Siani,Texas,RT,OL,86,melvin siani,0.20928682773584362,0.28819793328944543,723.0
20385,John Slaughter,Purdue,SS,SAF,72,john slaughter,-0.08956354619717202,-0.021496418402419767,370.5
20387,Jabari Smith Jr.,Ball State,WR,WR,77,jabari smith,-0.05831480080786014,0.03255282026609577,406.0
20388,Antonio Smith,Missouri State,FS,SAF,67,antonio smith,-0.05088521409752531,-0.032605378158043936,99.5
20399,Dylan Stewart,South Carolina,LEDG,EDGE,93,dylan stewart,0.35657026413239395,0.459113494618957,525.5
20400,Malachi Durant,Oregon State,WR,WR,71,malachi durant,-0.025035924639312254,-0.016642979343072486,37.5
20404,Cole Surber,Virginia,LG,OL,69,cole surber,-0.01787852840055098,-0.007946425211923368,91.0
20408,Viliami Teu,San José State,HB,RB,69,viliami teu,-0.08969680328351086,-0.05392567398387052,51.0
20411,De'Marion Thomas,Houston,DT,DT,77,demarion thomas,-0.0450063284846339,0.04719476838482576,472.5
20413,Jayvon Thomas,SMU,CB,CB,79,jayvon thomas,0.13011927439320656,0.2512805990373067,659.5
20415,Trent Thomas,Tennessee,TE,TE,70,trent thomas,-0.01266181523867414,-0.00017597027679112313,37.5
20419,Dakota Twitty,Virginia,TE,TE,78,dakota twitty,-0.08262341673853563,0.007441144919847202,270.5
20423,Mukendi Wa-Kalonji,Colorado State,LEDG,EDGE,79,mukendi wa kalonji,0.13523093870300512,0.2377741691895682,525.5
20428,Nazir Ward,Syracuse,CB,CB,77,nazir ward,-0.016186993296557727,0.026067903849982133,230.0
20429,Chase Bond,NC State,REDG,EDGE,73,chase bond,-0.04248510223412894,0.04181304347509132,432.0
20431,Luke Watson,Temple,RT,OL,73,luke watson,-0.013997063264312914,-0.004064960075685301,91.0
20434,Kentrell Webb,Houston,FS,SAF,78,kentrell webb,-0.05050071991968499,0.05780041863633783,589.5
20435,Davi Belfort,James Madison,QB,QB,72,davi belfort,-0.06508452022138549,-0.03271069933099814,35.5
20440,Evan Wibberley,Louisville,C,OL,73,evan wibberley,-0.0032021186664452205,0.006729984522182392,91.0
20445,Christian Williams,Liberty,RT,OL,76,christian williams,-0.013993633250191654,0.05667710097658174,647.5
20447,Ory Williams,Tennessee,RT,OL,81,ory williams,0.041267600522023065,0.11193833474879646,647.5
20453,Sheridan Wilson,Texas Tech,C,OL,92,sheridan wilson,0.20708168770770807,0.2943423085792221,799.5
20454,Austin Leibfried,Indiana,RT,OL,73,austin leibfried,-0.011652919396434168,-0.0017208162078065558,91.0
20455,Jackson Worley,Troy,TE,TE,67,jackson worley,-0.14320176908304644,-0.0531372074246636,270.5
20457,CJ Young,Miami (OH),WILL,LB,78,cj young,-0.04530923084344432,0.10203811577508556,506.0
20462,Linus Zunk,Washington State,LEDG,EDGE,78,linus zunk,0.11176061210213961,0.2143038425887027,525.5
20466,Bricen Brantley,Wyoming,WR,WR,64,bricen brantley,-0.0030132444618019196,0.00537970083443785,37.5
20468,Malcolm McCain,Miami (OH),MIKE,LB,78,malcolm mccain,0.025249445264025356,0.11595833552424682,311.5
20470,Preston Cushman,UCF,RT,OL,77,preston cushman,-0.010018354790950867,0.07473195428563531,776.5
20474,Kendrick Gilbert,Ball State,DT,DT,71,kendrick gilbert,-0.11961900190389704,-0.043223807354916176,391.5
20475,LaKelsey Johnson Jr.,Liberty,TE,TE,75,lakelsey johnson,-0.0026329255658222393,0.049308189475611115,156.0
20480,Tevita Pome'e,Oregon State,DT,DT,79,tevita pomee,0.029044439987538702,0.10543963453651957,391.5
20481,Grayson Mains,Temple,C,OL,77,grayson mains,-0.0884248673356022,-0.017754133108828805,647.5
20483,Justin Tauanuu,USC,RT,OL,80,justin tauanuu,0.1256012246138351,0.20451233016743692,723.0
20485,William Watson III,Massachusetts,QB,QB,70,william watson,-0.9548763449856257,-0.3192551291940768,697.0
20490,Christian Abney,Illinois,TE,TE,74,christian abney,-0.072385454178721,0.01767910747966184,270.5
20491,Dickson Agu,Tulane,MIKE,LB,76,dickson agu,0.12901254980707352,0.27635989642560344,506.0
20492,Josh Aisosa,West Virginia,LG,OL,66,josh aisosa,-0.029988540933324127,-0.020056437744696513,91.0
20493,Ka'eo Akana,Hawai'i,LEDG,EDGE,74,kaeo akana,-0.1738749766737998,-0.08957683096457954,432.0
20494,Daniel Akinkunmi,Oklahoma,LG,OL,67,daniel akinkunmi,-0.019257773948895437,-0.009325670760267824,91.0
20495,Jeremiah Alston,Central Michigan,SAM,LB,62,jeremiah alston,-0.16041070407299582,-0.1081402520610865,179.5
20496,Joseph Anderson,Iowa,LEDG,EDGE,72,joseph anderson,-0.1842772715521172,-0.1413476603113106,220.0
20513,Deshaun Batiste,Florida Atlantic,LEDG,EDGE,74,deshaun batiste,0.02768566747700667,0.07061527871781328,220.0
20516,Donovan Saunders,Purdue,CB,CB,74,donovan saunders,-0.040328459758766685,0.0019264373877731751,230.0
20517,Justin Benton,North Texas,DT,DT,75,justin benton,-0.058477266710714994,-0.00042472423735150035,297.5
20523,Matt Wagner,Boise State,TE,TE,79,matt wagner,0.029513920311962344,0.11957848197034518,270.5
20527,Owen DiFranco,Ohio,SAM,LB,56,owen difranco,-0.048080666502196404,-0.03905345751963825,31.0
20528,Dominic Steward,Tulane,LT,OL,68,dominic steward,-0.02742013084703719,-0.01748802765840958,91.0
20530,Dylan Braithwaite,Rutgers,WR,WR,70,dylan braithwaite,-0.032552879155235734,-0.024159933858995966,37.5
20531,Logan Brantley,Boise State,SAM,LB,64,logan brantley,-0.07879049844578637,-0.05665927642403089,76.0
20532,Jaden Bray,West Virginia,WR,WR,80,jaden bray,0.06957126647627615,0.1945701984216071,558.5
20533,Malachi Breland,Arkansas,LG,OL,85,malachi breland,0.2027363386630245,0.2899969595345385,799.5
20539,Lavon Brown,Colorado State,WR,WR,74,lavon brown,-0.037215765184388204,0.0011679713037483462,171.5
20546,Christian Richter,UConn,RT,OL,74,christian richter,-0.08838647329507958,-0.009475367741477767,723.0
20549,Jakorion Caffey,Kent State,HB,RB,74,jakorion caffey,-0.5663680890963665,-0.2791469626610191,409.5
20551,Landry Cannon,Arkansas State,RG,OL,68,landry cannon,-0.029230154623432758,-0.019298051434805147,91.0
20552,T.J. Capers,Louisville,WILL,LB,82,t j capers,0.1276552874176162,0.21836417767783767,311.5
20556,Cam Chadwick,Virginia Tech,CB,CB,85,cam chadwick,0.2546508577714776,0.35312313981732696,536.0
20557,Xavier Chaplin,Florida State,LT,OL,87,xavier chaplin,0.15346231627567788,0.2407229371471919,799.5
20560,Christian Clark,South Carolina,HB,RB,79,christian clark,-0.1844559620015949,0.10276516443375253,409.5
20561,David Clement,Syracuse,TE,TE,75,david clement,-0.0054131392292981195,0.04652797581213523,156.0
20562,Andre Cobb,Fresno State,CB,CB,67,andre cobb,-0.015121785305378005,-0.00850797531722394,36.0
20565,Thomas Collins,UCF,DT,DT,76,thomas collins,0.00545267611024764,0.06350521858361113,297.5
20566,Bryson Donelson,Fresno State,HB,RB,84,bryson donelson,0.39883273165866173,0.6860538580940091,409.5
20567,Jayvontay Conner,Vanderbilt,TE,TE,77,jayvontay conner,0.0501622266930673,0.10210334173450064,156.0
20569,Camron Cooper,UTSA,REDG,EDGE,71,camron cooper,-0.07613665939054132,-0.03320704814973471,220.0
20571,Lyndon Cooper,Vanderbilt,C,OL,85,lyndon cooper,0.1620510839567118,0.24931170482822584,799.5
20576,Bryce Cowan,Vanderbilt,WILL,LB,76,bryce cowan,0.0289418036612413,0.11965069392146277,311.5
20578,Mario Craver,Texas A&M,WR,WR,91,mario craver,0.49383621681977474,0.6188351487651057,558.5
20581,John Curry,Texas Tech,SAM,LB,82,john curry,0.08731969989843666,0.17802859015865813,311.5
20583,Jack Tchienchou,Tulane,SS,SAF,81,jack tchienchou,0.1366804873128611,0.2610568584789806,677.0
20588,Julien Davis,East Carolina,REDG,EDGE,62,julien davis,-0.15279911411254793,-0.13026106821112446,115.5
20592,Marquise Lightfoot,Miami,LEDG,EDGE,82,marquise lightfoot,0.03717971751139412,0.12147786322061438,432.0
20594,Greg Delaine Jr.,Georgia Southern,FS,SAF,70,greg delaine,-0.037956777208442295,-0.019676941268960926,99.5
20597,Sharif Denson,Ole Miss,CB,CB,78,sharif denson,0.030088946977186608,0.05231869721514888,121.0
20598,Jaden Allen-Hendrix,Coastal Carolina,HB,RB,68,jaden allen hendrix,-0.0655848824094465,-0.04664722572140162,27.0
20599,Kolt Dieterich,Washington,LT,OL,71,kolt dieterich,-0.017065963933949643,-0.007133860745322029,91.0
20603,Mathew Hilty,Buffalo,SAM,LB,63,mathew hilty,-0.03825569447489247,-0.029228485492334318,31.0
20609,Jawaun Campbell,Jacksonville State,DT,DT,78,jawaun campbell,0.019340881930698665,0.11154197880015833,472.5
20615,Daughtry Richardson,Coastal Carolina,RT,OL,67,daughtry richardson,-0.20741662583356535,-0.13674589160679196,647.5
20616,Tye Hylton,Louisiana Tech,RT,OL,64,tye hylton,-0.041224681682159495,-0.03129257849353188,91.0
20618,Noah Rogers,Alabama,WR,WR,84,noah rogers,0.2731621460941605,0.3640297671681164,406.0
20622,Cyrus Durham,Akron,REDG,EDGE,74,cyrus durham,-0.0302540056989277,0.07228922478763537,525.5
20623,Alvin Ebosele,Houston,LT,OL,74,alvin ebosele,0.006677415897685106,0.0630502872924781,516.5
20626,Chase Edwards,Louisiana,DT,DT,65,chase edwards,-0.2698536632410344,-0.21180112076767085,297.5
20627,Dylan Edwards,Kansas,HB,RB,86,dylan edwards,0.0707737602410558,0.3579948866764032,409.5
20630,Bryce Eliuk,Eastern Michigan,MIKE,LB,69,bryce eliuk,-0.22839816018471093,-0.08105081356618102,506.0
20632,Malik Elzy,LSU,WR,WR,79,malik elzy,0.0007346664749374434,0.009127611771177213,37.5
20634,Koen Entringer,Louisville,SS,SAF,83,koen entringer,0.34623953970588095,0.4706159108720005,677.0
20637,Drew Evans,Indiana,LG,OL,91,drew evans,0.24506800221193448,0.3298183112885207,776.5
20640,Donovan Faupel,Arkansas,WR,WR,83,donovan faupel,0.1753135964735665,0.26618121754752244,406.0
20649,Tyson Flowers,Virginia Tech,FS,SAF,73,tyson flowers,0.048825589557635586,0.1571267281136584,589.5
20652,Cooper Fordham,Louisiana,C,OL,76,cooper fordham,0.07412909679849043,0.1588794058750766,776.5
20655,Kam Franklin,Louisiana Tech,SS,SAF,68,kam franklin,-0.06816738716345462,-0.00010025936870236474,370.5
20664,Ty Furnish,Georgia Southern,C,OL,70,ty furnish,-0.04168773416541261,0.014685137229380375,516.5
20666,Tayvion Galloway,Middle Tennessee,TE,TE,70,tayvion galloway,-0.08381691312126235,0.0062476485371204815,270.5
20676,Maverick Gracio,Ball State,REDG,EDGE,73,maverick gracio,-0.04723868030254351,0.012862775434585753,308.0
20681,Jay Green,Stanford,SS,SAF,81,jay green,0.3190770844831679,0.44345345564928745,677.0
20682,LJ Green,Tulane,CB,CB,75,lj green,-0.04079551595794275,0.0014593811885971104,230.0
20685,Izaiah Guy,Liberty,CB,CB,73,izaiah guy,0.025230182507594196,0.09403217807880801,374.5
20687,Nathan Hale,Arizona,LG,OL,74,nathan hale,7.16105220771833e-05,0.07074234474885058,647.5
20697,Mohammed Hazime,Kent State,REDG,EDGE,66,mohammed hazime,-0.06681939849402946,-0.044281352592605974,115.5
20698,Tyler Mercer,Oklahoma State,C,OL,69,tyler mercer,-0.021536646885315834,-0.01160454369668822,91.0
20699,Kennedy Urlacher,USC,SS,SAF,76,kennedy urlacher,-0.019608347111727212,0.08869279144429561,589.5
20703,Jacobie Henderson,Virginia,CB,CB,79,jacobie henderson,0.055068049477539696,0.12387004504875351,374.5
20710,Ashton Hollins,Georgia Southern,WR,WR,77,ashton hollins,-0.05948060069220322,0.031387020381752694,406.0
20711,Tucker Holloway,Florida Atlantic,WR,WR,78,tucker holloway,0.0006541407556356668,0.024713917271523007,107.5
20712,Lance Holtzclaw,Utah,LEDG,EDGE,80,lance holtzclaw,0.06979607753532228,0.17233930802188535,525.5
20715,Jawarn Howell,South Carolina,HB,RB,79,jawarn howell,-0.03805611330497291,0.1299279154649067,239.5
20716,Shazz Preston,Indiana,WR,WR,87,shazz preston,0.218749062238374,0.28208782274066346,283.0
20722,Makai Jackson,Liberty,WR,WR,81,makai jackson,0.15476664221023767,0.27976557415556863,558.5
20726,Kaleb James,Texas State,DT,DT,75,kaleb james,-0.00904285042816751,0.08315824644129215,472.5
20729,Bryce Young,Notre Dame,LEDG,EDGE,77,bryce young,0.02237406561415143,0.04491211151557491,115.5
20730,James Jennette,Utah State,REDG,EDGE,77,james jennette,-0.19591884474070545,-0.11162069903148518,432.0
20735,Chantz Johnson,North Texas,WILL,LB,65,chantz johnson,-0.20093164650148823,-0.11022275624126676,311.5
20736,Kiontre Harris,Fresno State,CB,CB,73,kiontre harris,-0.16051115297616267,-0.09170915740494885,374.5
20738,Marquis Johnson,Mississippi State,WR,WR,77,marquis johnson,-0.037453025916202434,0.02588573458608703,283.0
20746,Saboor Karriem,Temple,FS,SAF,70,saboor karriem,-0.0236052508937671,-0.005325414954285726,99.5
20750,Jared Kelley,Kent State,WR,WR,59,jared kelley,-0.05153814412318064,-0.043145198826940866,37.5
20753,Dalton Hughes,Tulane,WILL,LB,68,dalton hughes,-0.14061194989153433,-0.08834149787962503,179.5
20757,Tyreek Robinson,Pittsburgh,WR,WR,72,tyreek robinson,-0.026998482818727527,-0.01860553752248776,37.5
20759,Aquavious Dunbar,Tulsa,MIKE,LB,60,aquavious dunbar,-0.023343336688197283,-0.014316127705639125,31.0
20760,Jaylon Edmond,Hawai'i,CB,CB,68,jaylon edmond,-0.1373067506325299,-0.09505185348599003,230.0
20763,Kenric Lanier II,Missouri,WR,WR,77,kenric lanier,-0.002604174994341297,0.03577956149379525,171.5
20764,Will Larkins,Oregon State,RG,OL,69,will larkins,-0.021270326317826327,-0.011338223129198712,91.0
20765,Tylan McNichols,Wake Forest,WILL,LB,67,tylan mcnichols,-0.10779921922474901,-0.05552876721283968,179.5
20771,Adam Lepkowski,UAB,C,OL,81,adam lepkowski,0.1873674457615663,0.2746280666330803,799.5
20773,Chapman Lewis,Utah State,FS,SAF,80,chapman lewis,0.038455693574290635,0.14675683213031343,589.5
20774,Brady Kluse,Memphis,WR,WR,80,brady kluse,0.0915062985697198,0.1823739196436757,406.0
20776,Jimmy Liston,Utah State,C,OL,80,jimmy liston,0.13409571759311012,0.21884602666969627,776.5
20778,Brayshawn Littlejohn,Florida International,WILL,LB,69,brayshawn littlejohn,-0.17303916383345166,-0.025691817214921774,506.0
20783,Landry Lyddy,Southern Miss,QB,QB,72,landry lyddy,-0.09089983946419532,0.0030298380487595337,103.0
20784,Javante Mackey,Texas State,WILL,LB,77,javante mackey,0.061132977967774955,0.20848032458630486,506.0
20791,Mekhi Mason,Kansas State,MIKE,LB,75,mekhi mason,-0.09978897378314101,0.09080161586474005,654.5
20798,Luther McCoy,Hawai'i,DT,DT,73,luther mccoy,-0.08956343064453855,0.002637666224921109,472.5
20799,Dyson McCutcheon,Middle Tennessee,CB,CB,80,dyson mccutcheon,0.07774112300099942,0.1989024476450996,659.5
20804,Willis McGahee IV,Nebraska,REDG,EDGE,73,willis mcgahee,-0.010233105962840357,-0.003013125890522881,37.0
20805,Noah McKinney,TCU,RG,OL,83,noah mckinney,0.13347845255615925,0.21822876163274546,776.5
20807,Logan Studt,Fresno State,WILL,LB,67,logan studt,-0.16604450438949248,-0.075335614129271,311.5
20809,Kenneth Merrieweather,Iowa,LEDG,EDGE,75,kenneth merrieweather,-0.01656064935099279,0.06773749635822747,432.0
20812,Jaden Mickey,Boise State,CB,CB,79,jaden mickey,-0.0006862695250655829,0.09778601252078384,536.0
20813,Gabe Milbourn,Oregon State,TE,TE,75,gabe milbourn,0.050527469620500434,0.10246858466193379,156.0
20814,K.J. Miles,Memphis,DT,DT,73,k j miles,-0.048266419753352684,-0.007093019881488154,211.0
20819,Jayden Mines,James Madison,WR,WR,64,jayden mines,-0.03937132577546793,-0.03097838047922816,37.5
20820,Bruce Mitchell,BYU,C,OL,91,bruce mitchell,0.4928764729725539,0.5801370938440679,799.5
20821,J'mari Monette,Memphis,DT,DT,71,jmari monette,-3.4860805775932985e-05,0.007965657652738026,41.0
20823,Jayden Montgomery,Iowa,WILL,LB,78,jayden montgomery,-0.018190885173918973,0.1723997044739621,654.5
20826,Montay Weedon,Cincinnati,SAM,LB,66,montay weedon,-0.02669677526730007,-0.017669566284741912,31.0
20828,Terry Moore,Ohio State,FS,SAF,90,terry moore,0.5347190712332482,0.6590954423993678,677.0
20830,Nick Morris Jr.,Duke,MIKE,LB,80,nick morris,0.1267498757604297,0.2740972223789596,506.0
20834,Zach Mundell,Army,HB,RB,74,zach mundell,-0.1033350178184633,-0.0840466637843435,27.5
20840,Cam Nichols,Navy,C,OL,86,cam nichols,0.3030389558562627,0.3902995767277768,799.5
20847,AJ Noland,Colorado State,SS,SAF,70,aj noland,-0.05662421448440844,-0.018962240940753345,205.0
20848,Caleb Odom,Ole Miss,TE,TE,81,caleb odom,0.037255801439855595,0.08919691648128894,156.0
20850,Obinna Okeke,New Mexico State,REDG,EDGE,71,obinna okeke,-0.0885627347161482,-0.02846127897901894,308.0
20852,Jacobi Oliphant Jr.,Kansas State,WILL,LB,73,jacobi oliphant,-0.02013239570713222,0.001998826314623258,76.0
20855,Brennan Parachek,Michigan State,TE,TE,71,brennan parachek,-0.007153346352693175,0.017485387705422645,74.0
20858,Jamison Patton,Penn State,FS,SAF,75,jamison patton,0.023106647469519365,0.09117377526427162,370.5
20862,Rashard Perry,Syracuse,DT,DT,78,rashard perry,0.09435849885290144,0.18655959572236108,472.5
20863,Gavench Marcelin,Florida Atlantic,REDG,EDGE,68,gavench marcelin,-0.03277293672145707,-0.025552956649139598,37.0
20868,Jaden Platt,Arkansas,TE,TE,80,jaden platt,0.07639375960913415,0.16645832126751697,270.5
20871,Kemari Copeland,Virginia Tech,DT,DT,87,kemari copeland,0.3264343942389838,0.41863549110844345,472.5
20878,Marcellius Pulliam,Coastal Carolina,MIKE,LB,70,marcellius pulliam,-0.036547073207762286,0.01572337880414704,179.5
20880,Brody Barnhardt,NC State,FS,SAF,68,brody barnhardt,-0.11597465677319155,-0.07831268322953644,205.0
20889,Ja'Bril Rawls,Florida State,CB,CB,79,jabril rawls,0.1038696154710837,0.2023418975169331,536.0
20891,Tobias Raymond,USC,LG,OL,80,tobias raymond,0.03807046267783466,0.10874119690460807,647.5
20892,Jaylen Raynor,Iowa State,QB,QB,80,jaylen raynor,0.47325963865022824,1.108880854441777,697.0
20897,Ian Reed,Clemson,LT,OL,72,ian reed,-0.007599782670716101,0.002332320517911512,91.0
20902,RJ Regan,Fresno State,SS,SAF,71,rj regan,-0.062194212309055925,-0.024532238765400834,205.0
20904,Jordan Renaud,Ole Miss,LEDG,EDGE,79,jordan renaud,0.17188105713100096,0.2319825128681302,308.0
20907,Justyn Rhett,Nebraska,SS,SAF,75,justyn rhett,-0.042512527718294585,-0.00485055417463949,205.0
20910,Jadais Richard,Tennessee,CB,CB,82,jadais richard,0.11362451068142086,0.18242650625263468,374.5
20912,Jayven Richardson,Colorado,LT,OL,69,jayven richardson,-0.019157883870293272,-0.00922578068166566,91.0
20915,Dezz Ricks,Texas A&M,CB,CB,87,dezz ricks,0.13556635618087842,0.2567276808249786,659.5
20919,Jake Ripp,Boise State,MIKE,LB,74,jake ripp,-0.07661328207698627,0.07073406454154363,506.0
20921,Dominic Rivera,UConn,RT,OL,66,dominic rivera,-0.04067471380896974,-0.03074261062034213,91.0
20922,Warren Roberson,Texas,CB,CB,79,warren roberson,0.011650504870765285,0.03388025510872756,121.0
20925,Connor Robertson,Texas,C,OL,80,connor robertson,0.11665240716066425,0.17302527855545724,516.5
20926,Roderick Robinson II,UAB,HB,RB,81,roderick robinson,-0.03389313966250763,0.13409088910737202,239.5
20927,Anthony Robinson III,Ole Miss,SS,SAF,69,anthony robinson,-0.014415357597857406,-0.007434113721472558,38.0
20931,Duce Robinson,Florida State,WR,WR,92,duce robinson,0.5583518554896539,0.6833507874349848,558.5
20933,Kam Robinson,Virginia,MIKE,LB,88,kam robinson,0.6029837357390517,0.7935743253869328,654.5
20936,Ta'Mere Robinson,USC,WILL,LB,71,tamere robinson,-0.006899219538977676,0.0021279894435804795,31.0
20941,Tony Rojas,Penn State,MIKE,LB,85,tony rojas,0.31538093679438056,0.46272828341291045,506.0
20943,Tate Romney,Oklahoma State,WILL,LB,72,tate romney,-0.05935182960830877,-0.007081377596399452,179.5
20952,Jayden Rowe,Baylor,CB,CB,76,jayden rowe,-0.06549101356008993,0.003310982011123884,374.5
20958,Tony-Louis Nkuba,UNLV,CB,CB,72,tony louis nkuba,-0.00902882260644072,-0.0024150126182866547,36.0
20959,Dominic Rulli,Penn State,C,OL,70,dominic rulli,-0.01667313697111873,-0.006741033782491117,91.0
20961,Qua Russaw,Ohio State,REDG,EDGE,83,qua russaw,0.12063149631250858,0.18073295204963785,308.0
20964,Abu Sama III,Wisconsin,HB,RB,85,abu sama,0.23920898717389416,0.5264301136092416,409.5
20966,Howard Sampson,Texas Tech,LT,OL,90,howard sampson,0.3446718269826529,0.42942213605923907,776.5
20976,Maurice Davis,Louisville,REDG,EDGE,69,maurice davis,-0.03320988374833528,-0.025989903676017802,37.0
20977,Jeremy Scott,TCU,WR,WR,78,jeremy scott,0.018311123475703774,0.05669485996384032,171.5
20985,Jalen Slappy,Marshall,RG,OL,85,jalen slappy,0.18340736771382682,0.2706679885853408,799.5
20991,James Smith,UL Monroe,DT,DT,66,james smith,-0.37789023663389104,-0.3014950420849102,391.5
20992,Wesley Brown,Temple,WILL,LB,64,wesley brown,-0.023202022706552226,-0.014174813723994071,31.0
20994,Brad Spence,Texas,SAM,LB,79,brad spence,0.12258625645786175,0.21329514671808322,311.5
20995,William Spencer,SMU,DT,DT,78,william spencer,-0.029427463058312172,0.02862507941505132,297.5
20998,George Steih,Wake Forest,LG,OL,73,george steih,-0.062451049811225415,0.016460055742376394,723.0
21003,Darrell Sweeting,UAB,CB,CB,71,darrell sweeting,-0.06706936445569672,-0.024814467309156863,230.0
21004,Dwight Nunoo,Akron,MIKE,LB,73,dwight nunoo,-0.031218190938677157,0.15937239870920392,654.5
21005,Kalolo Ta'aga,Washington State,RT,OL,65,kalolo taaga,-0.0348640195232234,-0.024931916334595787,91.0
21009,Darius Taylor,Minnesota,HB,RB,87,darius taylor,0.7070626709843477,0.9942837974196952,409.5
21011,Dorian Thomas,California,TE,TE,89,dorian thomas,0.3277888818656637,0.4178534435240465,270.5
21012,Houston Thomas,Texas A&M,TE,TE,77,houston thomas,0.11461095945355732,0.20467552111194015,270.5
21014,Aidan Thompson,Jacksonville State,MIKE,LB,61,aidan thompson,-0.020042025308556272,-0.011014816325998118,31.0
21015,Matagi Thompson,Hawai'i,SS,SAF,72,matagi thompson,-0.051938326942809594,0.01612880085194266,370.5
21018,Terrell Timmons Jr.,Memphis,WR,WR,75,terrell timmons,-0.056994301245326374,-0.018610564757189824,171.5
21020,Ashton Tripp,Washington State,LT,OL,82,ashton tripp,0.13926016489387016,0.2265207857653842,799.5
21021,Jared Hollins,South Alabama,QB,QB,68,jared hollins,-0.06590571003971858,-0.03353188914933123,35.5
21024,Nitro Tuggle,South Carolina,WR,WR,81,nitro tuggle,0.07928745748937792,0.1701550785633338,406.0
21031,Sioape Vatikani,California,RG,OL,81,sioape vatikani,0.06306737114860875,0.14781768022519493,776.5
21034,Will Haverland,Oregon State,LEDG,EDGE,66,will haverland,-0.03647966754765426,-0.029259687475336787,37.0
21043,Colton Walls,Troy,TE,TE,60,colton walls,-0.16560169818021125,-0.1136605831387779,156.0
21049,A'Mauri Washington,Oregon,DT,DT,93,amauri washington,0.49742909154167825,0.5896301884111379,472.5
21054,Char'Quez Lee,Florida Atlantic,WILL,LB,63,charquez lee,-0.03373727640569881,-0.02471006742314066,31.0
21055,Donovan Westmoreland,Kennesaw State,REDG,EDGE,80,donovan westmoreland,0.06280624913596365,0.16534947962252672,525.5
21057,Enai White,Oklahoma State,DT,DT,77,enai white,-0.15268337438958743,-0.07628817984060657,391.5
21061,Ashton Williams,Tulsa,SS,SAF,70,ashton williams,-0.15104865344147927,-0.08298152564672703,370.5
21064,Marcelles Williams,USC,CB,CB,82,marcelles williams,0.09447412070707076,0.1929464027529202,536.0
21069,Adrian Wilson,Arizona State,FS,SAF,85,adrian wilson,0.4034058650620581,0.5277822362281777,677.0
21072,Daemian Wimberly,Baylor,REDG,EDGE,70,daemian wimberly,-0.00817725427003623,-0.000957274197718754,37.0
21073,Armani Winfield,South Florida,WR,WR,75,armani winfield,-0.0032351449827062386,0.005157800313533531,37.5
21074,Lunch Winfield,Louisiana,QB,QB,74,lunch winfield,-0.6240661655886712,0.011555050202877656,697.0
21078,Aaron Witt,Wisconsin,MIKE,LB,69,aaron witt,-0.0035137880283859385,0.005513420954172217,31.0
21083,Quincy Wright,Utah State,DT,DT,77,quincy wright,0.02437375573031721,0.10076895027929808,391.5
21088,Salem Abdul-Wahab,UCLA,TE,TE,54,salem abdul wahab,-0.03208865399700067,-0.025928970482471714,18.5
21090,Jefferson Adam,Eastern Michigan,REDG,EDGE,76,jefferson adam,0.014545878125365572,0.09884402383458583,432.0
21091,Wyatt Young,Oklahoma State,WR,WR,90,wyatt young,0.6303170380068577,0.7553159699521886,558.5
21097,Garret Rutledge,Iowa State,LT,OL,72,garret rutledge,-0.012975896470078062,-0.0030437932814504493,91.0
21100,Ajay Allen,Western Kentucky,HB,RB,80,ajay allen,-0.13353569422137515,0.15368543221397224,409.5
21101,Brian Allen,Vanderbilt,LEDG,EDGE,79,brian allen,0.0997497889581845,0.18404793466740477,432.0
21104,DJ Allen,UTSA,WR,WR,73,dj allen,-0.012695999955820714,-0.004303054659580943,37.5
21108,Cooper Flanagan,Notre Dame,TE,TE,80,cooper flanagan,0.05526138385829796,0.10720249889973131,156.0
21110,Lucian Anderson III,South Carolina,QB,QB,69,lucian anderson,-0.050096717682802765,-0.017722896792415413,35.5
21114,Richie Anderson,Texas A&M,TE,TE,75,richie anderson,-0.00010833933580574437,0.012377505626077272,37.5
21115,Roosevelt Andrews III,Miami (OH),DT,DT,69,roosevelt andrews,-0.12858925514563133,-0.07053671267226783,297.5
21120,CJ Bailey,NC State,QB,QB,84,cj bailey,0.9681847999061945,1.6038060156977434,697.0
21122,Jace Arnold,Sam Houston,CB,CB,72,jace arnold,-0.21031201781758826,-0.08915069317348812,659.5
21125,Kwabena Asamoah,Rutgers,RG,OL,82,kwabena asamoah,0.14197267797648974,0.22923329884800375,799.5
21127,Beau Atkinson,Ohio State,REDG,EDGE,84,beau atkinson,0.2441502247712417,0.328448370480462,432.0
21129,Amarion Atwood,Texas State,CB,CB,66,amarion atwood,-0.022668651012524084,-0.016054841024370017,36.0
21132,Tree Babalade,Nebraska,RT,OL,82,tree babalade,0.1784220486061547,0.25733315415975655,723.0
21133,Bami Badusi,Texas State,LT,OL,71,bami badusi,-0.12033454141790116,-0.06396167002310817,516.5
21134,Ke'Marion Baldwin,Bowling Green,HB,RB,76,kemarion baldwin,-0.17930910669673641,-0.09373895425445951,122.0
21136,Maruio White Jr.,Tulsa,REDG,EDGE,67,maruio white,-0.11396935767402423,-0.09143131177260076,115.5
21138,Kahlil Ali,Delaware,SS,SAF,73,kahlil ali,-0.14348331424607666,-0.035182175690053843,589.5
21140,Tano Letuli,San Diego State,MIKE,LB,85,tano letuli,0.680364680776726,0.870955270424607,654.5
21141,Javon Williams,East Carolina,DT,DT,66,javon williams,-0.09018161957590728,-0.067155737183111,118.0
21142,Jacob Norcross,Nevada,C,OL,73,jacob norcross,-0.011503619502403901,0.0591671147243695,647.5
21149,Myles Cook,UAB,LEDG,EDGE,62,myles cook,-0.03272437305999781,-0.02550439298768034,37.0
21152,Esean Carter,UConn,DT,DT,79,esean carter,0.08060452881252331,0.172805625681983,472.5
21154,Koy Beasley,Kansas State,FS,SAF,77,koy beasley,-0.03675794882747745,0.07154318972854536,589.5
21156,Rocky Beers,Oklahoma,TE,TE,85,rocky beers,0.08995521710866276,0.14189633215009612,156.0
21160,Tyler Bell,Troy,C,OL,64,tyler bell,-0.03165811532170953,-0.021726012133081916,91.0
21161,John Holthaus,Colorado State,RT,OL,70,john holthaus,-0.17907722663131306,-0.10016612107771126,723.0
21162,Mazeo Bennett Jr.,South Carolina,WR,WR,80,mazeo bennett,0.0447580663930154,0.08314180288115194,171.5
21166,Blaze Berlowitz,Vanderbilt,QB,QB,71,blaze berlowitz,-0.39841591857759606,0.23720529721395284,697.0
21168,Matt Reyes,Navy,DT,DT,70,matt reyes,-0.11662703821895498,-0.04023184366997413,391.5
21169,Trudell Berry,Oklahoma State,CB,CB,73,trudell berry,-0.0556812026728449,-0.01342630552630504,230.0
21170,Jywon Boyd,Troy,WR,WR,67,jywon boyd,-0.031675024093212927,-0.02328207879697316,37.5
21177,Isiah Canion,Georgia,WR,WR,85,isiah canion,0.29552510854661007,0.42052404049194103,558.5
21178,Daniel Blood,Washington State,WR,WR,77,daniel blood,-0.033506904512631656,0.004876831975504894,171.5
21183,Grant Laskey,Charlotte,TE,TE,65,grant laskey,-0.06352452366264073,-0.03888578960452491,74.0
21186,Deshawn Purdie,Liberty,QB,QB,73,deshawn purdie,-0.010317703474102331,0.022056117416285017,35.5
21188,Israel Boyce,South Florida,SS,SAF,75,israel boyce,-0.06347191979725084,0.004595207997501415,370.5
21191,Stevie Bracey,Buffalo,MIKE,LB,75,stevie bracey,0.024072685216821287,0.21466327486470235,654.5
21194,Jeremiah Melvin,East Carolina,WR,WR,72,jeremiah melvin,-0.017358641935426956,-0.008965696639187186,37.5
21195,Benjamin Brahmer,Penn State,TE,TE,88,benjamin brahmer,0.218234939226706,0.30829950088508884,270.5
21197,Charles Brantley,Michigan State,CB,CB,85,charles brantley,0.17744038242395227,0.2986017070680524,659.5
21199,Alex Bray,Kansas,LEDG,EDGE,75,alex bray,0.047348733810364266,0.14989196429692733,525.5
21203,Oliver Bridges,Buffalo,CB,CB,70,oliver bridges,-0.00994722444507759,-0.0033334144569235257,36.0
21205,Robert Briggs,Southern Miss,HB,RB,77,robert briggs,-0.1195607111711891,-0.033990558728912205,122.0
21208,Grant Brix,Nebraska,LG,OL,75,grant brix,-0.008228693282806118,0.0017034099058214954,91.0
21210,Davion Gause,NC State,HB,RB,80,davion gause,0.007755209965152629,0.17573923873503225,239.5
21213,Rahji Dennis,Louisiana,WR,WR,66,rahji dennis,-0.048705374320893,-0.040312429024653235,37.5
21214,Demanuel Brown,New Mexico State,LEDG,EDGE,67,demanuel brown,-0.016189282353538656,-0.00896930228122118,37.0
21215,Daniel Brown,Illinois,WILL,LB,68,daniel brown,-0.021497591746063974,0.0006336302756915015,76.0
21222,Taye Brown,Arizona,MIKE,LB,87,taye brown,0.35680220733607726,0.5473927969839583,654.5
21227,Trevor Buhr,Penn State,LG,OL,84,trevor buhr,0.21806802171142947,0.3028183307880156,776.5
21229,Torrance Burgess Jr.,Texas State,HB,RB,76,torrance burgess,-0.18827443390733317,-0.02029040513745354,239.5
21230,Marvin Burks Jr.,Wisconsin,FS,SAF,83,marvin burks,0.3536927669167104,0.4780691380828299,677.0
21232,Keyan Burnett,UNLV,TE,TE,79,keyan burnett,0.03100881456781908,0.12107337622620191,270.5
21234,Blake Burris,Florida Atlantic,DT,DT,74,blake burris,-0.043327295915086474,0.014725246558277024,297.5
21237,Matt Byrnes,UNLV,TE,TE,71,matt byrnes,-0.02833613070646065,0.023604984334972705,156.0
21238,Rickey Williams,UConn,MIKE,LB,66,rickey williams,-0.11994177485591961,-0.029232884595698137,311.5
21240,Kaven Call,Middle Tennessee,LEDG,EDGE,70,kaven call,-0.05531624836997101,0.004785207367158251,308.0
21241,J'Marion Burnette,App State,HB,RB,77,jmarion burnette,-0.07765060476516744,0.00791954767710944,122.0
21245,William Depaepe,Massachusetts,REDG,EDGE,74,william depaepe,-0.34650422299174116,-0.2622060772825209,432.0
21248,Malachi Carney,Georgia Tech,RT,OL,82,malachi carney,0.10745644552699872,0.1922067546035849,776.5
21249,Brett Carroll,Minnesota,C,OL,74,brett carroll,0.09323436424007465,0.16390509846684803,647.5
21259,Isaiah Chisom,Oklahoma State,MIKE,LB,80,isaiah chisom,0.21723143410671972,0.36457878072524963,506.0
21261,Jordan Church,Texas Tech,RG,OL,76,jordan church,0.007010348706487186,0.0169424518951148,91.0
21263,Armani Cargo,Tulane,CB,CB,68,armani cargo,-0.027158034268979475,-0.020544224280825408,36.0
21265,Stanquan Clark,Louisville,MIKE,LB,85,stanquan clark,0.5619924259125857,0.7525830155604668,654.5
21266,Peter Clarke,Temple,TE,TE,88,peter clarke,0.22186416726455388,0.3119287289229367,270.5
21267,Kenyon Clay,Arkansas State,HB,RB,81,kenyon clay,0.06665614279874954,0.23464017156862918,239.5
21285,TJ Crandall,Oregon State,CB,CB,73,tj crandall,-0.02180619184600023,0.0004235583919620447,121.0
21286,Marlin Odom,Troy,CB,CB,70,marlin odom,-0.19892494108450218,-0.13012294551328837,374.5
21287,Ethan Crisp,Liberty,REDG,EDGE,70,ethan crisp,-0.17206589659033167,-0.1119644408532024,308.0
21291,Michael Crounse,Boston College,C,OL,77,michael crounse,0.010132633198576496,0.09488294227516267,776.5
21294,Jackson Grier,App State,WR,WR,67,jackson grier,-0.03090405709834568,-0.022511111802105913,37.5
21296,Kaleb Annett,UCF,QB,QB,66,kaleb annett,-0.022652185211663182,-0.00532535149568122,19.0
21298,John Henry Daley,Michigan,REDG,EDGE,92,john henry daley,0.5698519386584527,0.6723951691450158,525.5
21303,Carter Davis,Boston College,FS,SAF,81,carter davis,0.18522936870230003,0.29353050725832286,589.5
21308,Sione Laulea,Missouri,CB,CB,81,sione laulea,0.09327792084226627,0.16207991641348007,374.5
21309,Taylor Davis,Kansas,FS,SAF,76,taylor davis,-0.018656089626963426,0.04941103816778883,370.5
21323,Jonas Duclona,Georgia Tech,CB,CB,78,jonas duclona,0.06731554396631209,0.1361175395375259,374.5
21328,Thomas Shrader,South Florida,LG,OL,83,thomas shrader,0.15191772208587906,0.23666803116246524,776.5
21329,Lucas Simmons,Wisconsin,LT,OL,75,lucas simmons,0.04554718527034804,0.10192005666514103,516.5
21333,Tomiwa Durojaiye,South Carolina,DT,DT,79,tomiwa durojaiye,0.054382497675009425,0.07740838006780569,118.0
21344,Cameron Epps,Oklahoma State,SS,SAF,75,cameron epps,-0.012536211037039491,0.025125762506615603,205.0
21345,Hunter Erb,Tulsa,RG,OL,73,hunter erb,-0.01203283944210374,0.05863789478466966,647.5
21348,Javon Hammonds,Miami (OH),LEDG,EDGE,66,javon hammonds,-0.02692829862907238,-0.019708318556754905,37.0
21350,Jeremy Evans,Arkansas,MIKE,LB,68,jeremy evans,-0.023513337280092216,-0.01448612829753406,31.0
21352,Judah Ezinwa,UTEP,TE,TE,73,judah ezinwa,-0.028919586091251843,0.061144975567130985,270.5
21360,Christian Yousefzadeh,Army,LEDG,EDGE,70,christian yousefzadeh,-0.19269542512571136,-0.1325939693885821,308.0
21363,Ricky Fletcher,California,CB,CB,81,ricky fletcher,0.17514308222073838,0.2736153642665878,536.0
21364,Rico Flores Jr.,Virginia,WR,WR,82,rico flores,0.1334494957661313,0.2243171168400872,406.0
21366,Jeremiah Marcelin,Pittsburgh,MIKE,LB,66,jeremiah marcelin,-0.016972838219131186,-0.007945629236573031,31.0
21370,Dakari Frazier,Western Michigan,DT,DT,70,dakari frazier,-0.17673140675065355,-0.08453030988119388,472.5
21375,Tavion Gadson,Kentucky,DT,DT,86,tavion gadson,0.4130947927105179,0.5052958895799776,472.5
21376,Rodney Gallagher III,Arizona,WR,WR,78,rodney gallagher,0.00023337177572093032,0.03861710826385748,171.5
21378,Tyler Gant,Northwestern,DT,DT,70,tyler gant,-0.0779132375299032,-0.03673983765803867,211.0
21380,My'Keil Gardner,Arizona State,DT,DT,74,mykeil gardner,-0.016967520338394257,0.024205879533470268,211.0
21387,Kevin Adams III,Tulane,FS,SAF,77,kevin adams,-0.041983132679615176,0.06631800587640764,589.5
21388,Kingston Lopa,California,FS,SAF,78,kingston lopa,0.07349395605770215,0.1415610838524544,370.5
21391,Hardley Gilmore IV,Kentucky,WR,WR,77,hardley gilmore,0.03465750555254289,0.09799626605483236,283.0
21392,Jamare Glasker,Maryland,CB,CB,76,jamare glasker,0.008329203542065882,0.05058410068860574,230.0
21393,Carmycah Glass,Houston,MIKE,LB,79,carmycah glass,0.09472064382216339,0.24206799044069327,506.0
21396,Benji Gosnell,Virginia Tech,TE,TE,84,benji gosnell,0.11537937207990231,0.20544393373828515,270.5
21398,Jaeden Gould,Temple,SS,SAF,76,jaeden gould,0.05511814575462843,0.17949451692074794,677.0
21400,Dennis Murray Jr.,Georgia State,HB,RB,75,dennis murray,-0.21036952867700862,-0.042385499907128976,239.5
21403,Christian Gray,Notre Dame,CB,CB,88,christian gray,0.14839406180065853,0.21719605737187236,374.5
21404,Jaden Greathouse,Notre Dame,WR,WR,83,jaden greathouse,0.13490163577635528,0.2257692568503112,406.0
21406,Nick James,Pittsburgh,DT,DT,85,nick james,0.2280498078683185,0.3202509047377782,472.5
21407,Ethan Green,South Florida,RT,OL,75,ethan green,-0.016894395965159365,0.039478475429633626,516.5
21411,Josiah Griffin,Boston College,REDG,EDGE,72,josiah griffin,-0.12095516844142852,-0.0780255572006219,220.0
21413,Ethan Grunkemeyer,Virginia Tech,QB,QB,78,ethan grunkemeyer,-0.05094352081248503,0.5846776949790639,697.0
21415,Dalton Gustwiller,Western Michigan,DT,DT,68,dalton gustwiller,-0.18380961823106728,-0.10741442368208642,391.5
21421,Christian Hamilton,Marshall,WR,WR,78,christian hamilton,0.003477824959026049,0.041861561447162604,171.5
21426,Nyck Harbor,South Carolina,WR,WR,86,nyck harbor,0.16822719978394596,0.2932261317292769,558.5
21429,CJ Carr,Notre Dame,QB,QB,92,cj carr,1.0499015491981976,1.6855227649897464,697.0
21440,Kaden Helms,Minnesota,TE,TE,74,kaden helms,0.039256856800243184,0.12932141845862602,270.5
21441,Turner Helton,Georgia Southern,QB,QB,69,turner helton,-0.04487908183527506,-0.012505260944887705,35.5
21443,Kavion Henderson,Troy,LEDG,EDGE,73,kavion henderson,-0.05391341498882285,0.030384730720397414,432.0
21444,Ryan Henderson,Texas A&M,LEDG,EDGE,80,ryan henderson,0.18715991383324418,0.27145805954246444,432.0
21446,Darrion Henry-Young,Virginia,DT,DT,76,darrion henry young,0.01365822858323919,0.03668411097603547,118.0
21452,Walker Himebauch,Colorado State,TE,TE,53,walker himebauch,-0.026488349608126183,-0.02032866609359723,18.5
21458,Joseph Marsh,Ohio,REDG,EDGE,70,joseph marsh,-0.18265717185149716,-0.12255571611436791,308.0
21462,Chris Hood,Ball State,LT,OL,76,chris hood,0.0717240969723039,0.15898471784381793,799.5
21463,Wynden Ho'ohuli,Hawai'i,MIKE,LB,73,wynden hoohuli,-0.0018207664380099507,0.14552658018051995,506.0
21467,John Howse IV,Arkansas,SS,SAF,80,john howse,0.17359239827384285,0.2818935368298656,589.5
21468,Elijah Hughes,Notre Dame,DT,DT,78,elijah hughes,0.02483184211377468,0.0660052419856392,211.0
21470,Makhi Hughes,Houston,HB,RB,85,makhi hughes,0.3477345788915319,0.6349557053268794,409.5
21472,Will Hutchens,Louisiana Tech,RG,OL,68,will hutchens,-0.02712251392850199,-0.017190410739874377,91.0
21473,K.D. Hutchinson,Western Kentucky,WR,WR,85,k d hutchinson,0.2935696647458278,0.41856859669115876,558.5
21476,Orion Irving,Vanderbilt,RT,OL,77,orion irving,-0.07775396735711103,-0.007083233130337631,647.5
21478,Tyler Jacklich,San José State,HB,RB,73,tyler jacklich,-0.2707017122912278,-0.10271768352134815,239.5
21481,Khristian Lando,Jacksonville State,HB,RB,76,khristian lando,-0.5865898022200298,-0.29936867578468235,409.5
21482,Robby Martin,Marshall,LG,OL,67,robby martin,-0.003797902433431975,0.006134200755195638,91.0
21483,Filip Maciorowski,Cincinnati,MIKE,LB,75,filip maciorowski,0.1069132696481825,0.25426061626671237,506.0
21486,Alex January,Texas,DT,DT,83,alex january,0.12084775109870927,0.17890029357207277,297.5
21492,Chase Jenkins,Kansas,QB,QB,74,chase jenkins,-0.6344793327805939,0.0011418830109549902,697.0
21494,Tristan Jernigan,California,MIKE,LB,73,tristan jernigan,-0.011199249358416336,0.010931972663339142,76.0
21496,TaShawn Jeter,Marshall,FS,SAF,68,tashawn jeter,-0.0657406580356523,-0.047460822096170925,99.5
21500,Carson Osmus,Florida Atlantic,RT,OL,63,carson osmus,-0.04821950746232845,-0.03828740427370084,91.0
21502,Jericho Johnson,California,DT,DT,81,jericho johnson,0.15248181152503967,0.24468290839449933,472.5
21503,Kamrean Johnson,Wake Forest,TE,TE,76,kamrean johnson,-0.008701212643865502,0.08136334901451733,270.5
21507,Micah Johnson,Louisiana,MIKE,LB,65,micah johnson,-0.04459594064531632,-0.02246471862356084,76.0
21508,Priest Ashe,Louisiana,REDG,EDGE,62,priest ashe,-0.255471401972192,-0.21254179073138538,220.0
21517,Samaj Jones,Cincinnati,QB,QB,73,samaj jones,-0.17884109540010162,-0.08491141788714679,103.0
21518,Maurki James,Old Dominion,HB,RB,77,maurki james,-0.2519234718729075,-0.08393944310302785,239.5
21521,Lafayette Kaiuway,TCU,TE,TE,76,lafayette kaiuway,-0.0038999016333831765,0.048041213408050176,156.0
21528,Brandon Kelly,Colorado State,REDG,EDGE,70,brandon kelly,-0.035651202755696644,0.007278408485109979,220.0
21536,Jordan Knox,Kentucky,LG,OL,70,jordan knox,-0.01736563323159488,-0.007433530042967269,91.0
21538,JJ Kohl,Florida International,QB,QB,75,jj kohl,-0.6765795839239204,-0.040958368132371546,697.0
21540,Tyson Ford,UCLA,DT,DT,77,tyson ford,0.019550796880311274,0.07760333935367476,297.5
21542,Lesterlaisene Lagafuaina,Hawai'i,REDG,EDGE,81,lesterlaisene lagafuaina,0.07533179869499276,0.17787502918155582,525.5
21545,Sterling Lane II,Boise State,REDG,EDGE,75,sterling lane,-0.0999472519979178,-0.057017640757111195,220.0
21550,Goldie Lawrence,Coastal Carolina,WR,WR,72,goldie lawrence,-0.04746473373531938,-0.023404957219432036,107.5
21554,Trey Leckner,Washington State,TE,TE,76,trey leckner,0.005401931206479221,0.09546649286486207,270.5
21555,Dylan Lee,San José State,WILL,LB,66,dylan lee,-0.036190040933375474,-0.014058818911619992,76.0
21559,Ashton Lepo,Oklahoma State,RT,OL,74,ashton lepo,-0.010168841230814085,-0.00023673804218647156,91.0
21561,Jordan Lester,TCU,FS,SAF,67,jordan lester,-0.02330473569680625,-0.016323491820421403,38.0
21563,Jaylen Lewis,Western Kentucky,SS,SAF,83,jaylen lewis,0.18953415549925245,0.313910526665372,677.0
21564,Kollin Lewis,Oklahoma State,CB,CB,74,kollin lewis,-0.04385527281102833,0.02494672276018549,374.5
21565,Peyton Lewis,Virginia,HB,RB,85,peyton lewis,0.22144342755463195,0.38942745632451153,239.5
21572,Jayden Bradford,South Florida,QB,QB,66,jayden bradford,-0.03586442484976177,-0.0034906039593744177,35.5
21573,Tyclean Luman,Florida Atlantic,REDG,EDGE,66,tyclean luman,-0.021036082261688363,-0.013816102189370887,37.0
21575,Jesus Machado Jr.,Rice,MIKE,LB,85,jesus machado,0.23888557671008412,0.42947616635796515,654.5
21576,Desmond Magiya,Oklahoma State,LG,OL,69,desmond magiya,-0.01579109749646553,-0.005858994307837914,91.0
21579,Ryan Turner,Purdue,CB,CB,75,ryan turner,-0.051276607499695925,0.017525388071517888,374.5
21580,Tunmise Adeleye,Syracuse,LEDG,EDGE,81,tunmise adeleye,0.2935279910710697,0.39607122155763275,525.5
21582,Bradley Mann,Vanderbilt,DT,DT,75,bradley mann,-0.0247029276189565,-0.0016770452261602247,118.0
21583,Ryan Manning,Maryland,WR,WR,74,ryan manning,-0.06184545727400033,-0.023461720785863775,171.5
21585,Will Smith,Southern Miss,REDG,EDGE,66,will smith,-0.1227377542951364,-0.07980814305432979,220.0
21586,Dylan Riley,Boise State,HB,RB,88,dylan riley,0.22870135919347545,0.5159224856288228,409.5
21588,Tobi Olawole,Army,WR,WR,72,tobi olawole,-0.29151338682727357,-0.2006457657533177,406.0
21589,Jacoby Mathews,Auburn,SS,SAF,75,jacoby mathews,0.023545564510285152,0.06120753805394025,205.0
21598,Amarion Fortenberry,South Florida,CB,CB,79,amarion fortenberry,-0.015389178876406196,0.08308310316944323,536.0
21603,Luke McGary,Houston,TE,TE,74,luke mcgary,-0.0005175928331925088,0.05142352220824084,156.0
21604,Dominick McKinley,LSU,DT,DT,85,dominick mckinley,0.3182620035489036,0.4104631004183633,472.5
21610,Chase Regan,James Madison,SS,SAF,68,chase regan,-0.10249001853018179,-0.034422890735429534,370.5
21619,Jaden Milliner-Jones,SMU,SS,SAF,74,jaden milliner jones,-0.04930985809285541,0.05899128046316741,589.5
21620,Judea Milon,Cincinnati,RT,OL,71,judea milon,-0.027575633538528703,-0.017643530349901092,91.0
21622,Jaseim Mitchell,Colorado State,MIKE,LB,74,jaseim mitchell,-0.06743766658465095,0.07990968003387897,506.0
21623,Jon'Trell Mixon,Akron,DT,DT,67,jontrell mixon,-0.1453932695773578,-0.08734072710399429,297.5
21624,Lipe Moala,Hawai'i,LG,OL,76,lipe moala,-0.027428426132914397,0.057321882943671784,776.5
21625,Lee Molette III,Arizona,SS,SAF,75,lee molette,-0.0014492288097809906,0.036212744733874105,205.0
21627,London Montgomery,Florida,HB,RB,81,london montgomery,-0.02247961038398251,0.06309054205829438,122.0
21630,Dillon Moore,Western Michigan,WILL,LB,68,dillon moore,-0.20132529533516594,-0.11061640507494447,311.5
21637,Delvin Morris,Kansas State,C,OL,71,delvin morris,0.0002378273012226045,0.010169930489850217,91.0
21641,Mason Muragin,Illinois,LEDG,EDGE,70,mason muragin,-0.10618386951889162,-0.04608241378176236,308.0
21642,Tywon Christopher,Kennesaw State,WILL,LB,77,tywon christopher,-0.021828280793154863,0.12551906582537503,506.0
21647,Carter Nelson,Nebraska,TE,TE,75,carter nelson,0.00731931634824572,0.05926043138967907,156.0
21652,Jaxon Hammond,Army,CB,CB,77,jaxon hammond,-0.1817239297885303,-0.0832516477426809,536.0
21654,Cameron Miller,Kennesaw State,FS,SAF,70,cameron miller,-0.025340136590170873,0.012321836953484221,205.0
21656,Myles Norwood,Louisville,CB,CB,77,myles norwood,-0.0038549618958858833,0.06494703367532793,374.5
21657,Cincere Rhaney,Sacramento State,HB,RB,76,cincere rhaney,-0.09725953216265065,-0.011689379720373753,122.0
21658,AJ Odom,Bowling Green,WILL,LB,72,aj odom,0.09893279616609328,0.24628014278462318,506.0
21661,Katron Evans,NC State,DT,DT,76,katron evans,-0.03769306575755825,0.020359476715805243,297.5
21669,Taji Atkins,Texas State,HB,RB,74,taji atkins,-0.19611599084111894,-0.11054583839884206,122.0
21670,Daniel Owens,Maryland,TE,TE,64,daniel owens,-0.008540652502366474,-0.0038792703832634815,14.0
21678,Jason Patterson,Kentucky,HB,RB,80,jason patterson,-0.05776904620467748,0.027801106237599408,122.0
21682,Dawson Pendergrass,Baylor,HB,RB,83,dawson pendergrass,0.006446764724670756,0.2936678911600182,409.5
21686,George Pettaway,James Madison,HB,RB,83,george pettaway,0.20878713505956328,0.49600826149491073,409.5
21687,Owen Pewee,UTSA,WILL,LB,73,owen pewee,-0.2271894128051016,-0.036598823157220524,654.5
21688,Dylan Phelps,Colorado State,FS,SAF,74,dylan phelps,-0.010621373518349847,0.09767976503767298,589.5
21692,Kade Pieper,Iowa,C,OL,95,kade pieper,0.5611782733214224,0.6484388941929364,799.5
21695,Eddy Pierre-Louis,Oklahoma,LG,OL,80,eddy pierre louis,0.13588579394518133,0.21479689949878314,723.0
21699,Rayshawn Pleasant,Auburn,CB,CB,85,rayshawn pleasant,0.16785247715364227,0.28901380179774244,659.5
21700,Cataurus Hicks,Pittsburgh,WR,WR,81,cataurus hicks,0.16500455342287257,0.29000348536820353,558.5
21712,Blake Purchase,Ole Miss,SAM,LB,76,blake purchase,0.031082116151527676,0.08335256816343699,179.5
21713,Kyle Rakers,Kansas State,C,OL,67,kyle rakers,-0.03790972287244602,-0.0279776196838184,91.0
21717,Nolan Ray,Boston College,HB,RB,81,nolan ray,0.010658783722214847,0.17864281249209446,239.5
21726,Cole Rhett,Baylor,LT,OL,75,cole rhett,-0.02959847459984458,0.055151834476741594,776.5
21732,Jamian Risher Jr.,South Carolina,WILL,LB,70,jamian risher,-0.02613180321696579,0.026138648794943528,179.5
21734,Eli Finley,Louisiana Tech,TE,TE,84,eli finley,0.138402588097148,0.22846714975553087,270.5
21742,Ellis Robinson IV,Georgia,CB,CB,90,ellis robinson,0.391909437789457,0.5130707624335572,659.5
21746,Jaden Robinson,Florida,MIKE,LB,76,jaden robinson,0.037519754032041934,0.1282286442922634,311.5
21747,Jasiyah Robinson,East Carolina,REDG,EDGE,80,jasiyah robinson,0.2033855215202257,0.30592875200678876,525.5
21749,Noah Dixon,Clemson,FS,SAF,71,noah dixon,-0.014548413970705134,-0.007567170094320288,38.0
21750,Laquan Robinson,Southern Miss,SS,SAF,76,laquan robinson,0.06277966828598536,0.18715603945210485,677.0
21751,Ty Robinson,Illinois,WR,WR,79,ty robinson,-0.0029242423774581755,0.005468702918781594,37.5
21755,Jakevian Rodgers,UTSA,CB,CB,68,jakevian rodgers,-0.025604250417954784,-0.018990440429800717,36.0
21758,Derrick Rogers Jr.,Florida Atlantic,CB,CB,73,derrick rogers,-0.11663635018354498,-0.04783435461233117,374.5
21760,Kawika Rogers,Oregon,LG,OL,81,kawika rogers,0.0947580689773316,0.165428803204105,647.5
21762,Curtis Simpson,Charlotte,REDG,EDGE,69,curtis simpson,-0.2931055888031405,-0.2088074430939203,432.0
21764,Victor Rosa,Ohio,HB,RB,78,victor rosa,0.05079407197741532,0.21877810074729495,239.5
21766,Payton Roth,Northwestern,WILL,LB,66,payton roth,-0.031745743472149576,-0.02271853448959142,31.0
21767,Zach Rowell,Stanford,REDG,EDGE,77,zach rowell,0.13763908202568426,0.24018231251224734,525.5
21771,Keon Sabb,Alabama,FS,SAF,90,keon sabb,0.5605396838537675,0.6688408224097903,589.5
21773,Collin Sadler,Clemson,LG,OL,74,collin sadler,0.004508787166103135,0.07517952139287654,647.5
21780,Shelton Sampson Jr.,Louisiana,WR,WR,82,shelton sampson,0.18630329139613955,0.3113022233414705,558.5
21782,KJ Sampson,Boston College,DT,DT,80,kj sampson,0.11629287468697606,0.20849397155643573,472.5
21789,Alex Sanford Jr.,Pittsburgh,WILL,LB,72,alex sanford,-0.0589816942779595,0.03172719598226197,311.5
21790,Quan Sanks,Indiana,FS,SAF,81,quan sanks,0.08182810986428113,0.14989523765903337,370.5
21794,Stanley Saole-McKenzie,California,DT,DT,80,stanley saole mckenzie,0.09202456241910029,0.16841975696808115,391.5
21795,Josh Sapp,West Virginia,TE,TE,75,josh sapp,0.04070843526733827,0.1307729969257211,270.5
21797,Isaiah Sategna III,Oklahoma,WR,WR,90,isaiah sategna,0.4741579935037279,0.5991569254490589,558.5
21798,Kaden Saunders,Southern Miss,WR,WR,81,kaden saunders,0.054982043014404236,0.17998097495973522,558.5
21799,Gavin Sawchuk,Northwestern,HB,RB,80,gavin sawchuk,-0.07339929324185093,0.01217085920042595,122.0
21802,Corey Smith,Toledo,HB,RB,81,corey smith,-0.1771938814005274,0.11002724503482003,409.5
21805,Josh Smith,Tulsa,WR,WR,77,josh smith,-0.04160882037218618,0.021729940130103282,283.0
21810,David Eziomume,Clemson,HB,RB,79,david eziomume,-0.016470331070224806,0.01930079822941553,51.0
21812,Cameron Seldon,South Florida,WR,WR,79,cameron seldon,0.023611237548861533,0.06199497403699808,171.5
21814,Kadin Semonza,Tulane,QB,QB,76,kadin semonza,-0.20344935497405658,0.43217186081749226,697.0
21815,Dylan Senda,Toledo,C,OL,73,dylan senda,0.0020032651662547536,0.07267399939302815,647.5
21816,Harris Sewell,Clemson,RG,OL,76,harris sewell,0.025805141159869302,0.10471624671347111,723.0
21817,Jacob Sexton,Oklahoma State,LG,OL,79,jacob sexton,0.030725204557164786,0.10963631011076658,723.0
21822,Braylan Shelby,USC,LEDG,EDGE,83,braylan shelby,0.24397889933479538,0.34652212982135844,525.5
21824,Ajani Sheppard,Temple,QB,QB,73,ajani sheppard,-0.6249093894047819,0.010711826386766932,697.0
21825,Ramar Williams,Arizona State,DT,DT,65,ramar williams,-0.02824501003004493,-0.020244491571530968,41.0
21826,Tyler Brown,Clemson,WR,WR,81,tyler brown,0.039316635941663444,0.07770037242979999,171.5
21828,Dayne Shor,Akron,LT,OL,71,dayne shor,-0.12341507798492304,-0.05274434375814965,647.5
21833,Austin Siereveld,Ohio State,RG,OL,90,austin siereveld,0.3939802731129597,0.4787305821895459,776.5
21837,Emanuel Ross,UConn,WR,WR,75,emanuel ross,-0.04451634268265875,0.04635127839129715,406.0
21843,Anthony Simpson,Toledo,WR,WR,78,anthony simpson,0.05003291054938408,0.17503184249471507,558.5
21845,Calvin Simpson-Hunt,Baylor,CB,CB,75,calvin simpson hunt,-0.05758502258721787,-0.015330125440678013,230.0
21848,Malachi Singleton,App State,QB,QB,72,malachi singleton,-0.7650874507945808,-0.12946623500303198,697.0
21850,Tylen Singleton,LSU,MIKE,LB,72,tylen singleton,-0.09972557316302195,-0.04745512115111264,179.5
21855,Kam Thomas,UTEP,WR,WR,74,kam thomas,-0.15456027054862778,-0.06369264947467188,406.0
21860,Blake Smith,Texas State,TE,TE,72,blake smith,0.005230946299130481,0.09529550795751332,270.5
21863,Carson Smith,Army,FB,RB,74,carson smith,-0.05127798962414749,-0.0323403329361026,27.0
21864,Clayton Smith,Arizona State,REDG,EDGE,80,clayton smith,0.056219947738274996,0.11632140347540426,308.0
21867,Darris Smith,Missouri,REDG,EDGE,83,darris smith,0.06633194083642205,0.1688751713229851,525.5
21871,Isaac Smith,Mississippi State,SS,SAF,86,isaac smith,0.4189195518363091,0.5432959230024286,677.0
21873,Jalen Smith,Mississippi State,MIKE,LB,80,jalen smith,0.1891656137661426,0.37975620341402366,654.5
21874,James Smith,Ohio State,DT,DT,87,james smith,0.3211835503368342,0.39757874488581507,391.5
21875,Brad Jackson,Texas State,QB,QB,86,brad jackson,0.8639126523695465,1.4995338681610955,697.0
21880,Michael Smith,Ole Miss,TE,TE,76,michael smith,0.017534701036584062,0.04217343509469988,74.0
21882,Trevor Szymanski,Maryland,C,OL,64,trevor szymanski,-0.0558657623138428,-0.04593365912521519,91.0
21884,Tre Smith,Arizona,LEDG,EDGE,85,tre smith,0.3326137846161181,0.43515701510268123,525.5
21885,Wesley Smith,Texas Tech,WILL,LB,60,wesley smith,-0.032742190079178606,-0.02371498109662045,31.0
21886,Jaxon Smolik,Temple,QB,QB,73,jaxon smolik,-0.06295715759782049,0.030972519915134368,103.0
21888,Hollywood Smothers,Texas,HB,RB,89,hollywood smothers,0.48833453375767494,0.7755556601930224,409.5
21889,OJ Alexander,Miami (OH),DT,DT,66,oj alexander,-0.028729006402113944,-0.020728487943599983,41.0
21890,Cole Snodgrass,Texas State,TE,TE,65,cole snodgrass,-0.0128764195262891,-0.006716736011760144,18.5
21893,Adrian Posse,UAB,QB,QB,64,adrian posse,-0.06480302924074219,-0.03242920835035484,35.5
21908,Pearce Spurlin III,Colorado State,TE,TE,75,pearce spurlin,-0.00341800752848765,0.02122072652962817,74.0
21911,Ashton Stamps,Arizona State,CB,CB,87,ashton stamps,0.34849281892899814,0.4696541435730983,659.5
21912,Dijon Stanley,New Mexico State,HB,RB,77,dijon stanley,-0.31876885845673253,-0.031547732021385104,409.5
21918,Joel Starlings,Maryland,DT,DT,74,joel starlings,-0.009610808519887304,-0.0016102900613733436,41.0
21919,Cam Richardson,Stanford,CB,CB,73,cam richardson,-0.0478939562139871,0.02090803935722672,374.5
21920,Courage Ugo,UAB,CB,CB,66,courage ugo,-0.018760857766604164,-0.0121470477784501,36.0
21921,Eli Stein,Cincinnati,TE,TE,66,eli stein,-0.019166399303516532,-0.006680554341633515,37.5
21923,Troy Stellato,UNLV,WR,WR,78,troy stellato,-0.012602617249220242,0.07826500382473567,406.0
21928,Harry Stewart III,Boise State,HB,RB,75,harry stewart,-0.03366729282577033,0.0021038364738700083,51.0
21934,Kye Stokes,Utah State,CB,CB,73,kye stokes,-0.01732517585263998,0.004904574385322295,121.0
21935,David Stone,Oklahoma,DT,DT,94,david stone,0.5463462371951736,0.6385473340646332,472.5
21938,Caden Story,Clemson,DT,DT,76,caden story,0.07585404560730483,0.13390658808066833,297.5
21941,Carter Stoutmire,Arkansas,FS,SAF,83,carter stoutmire,0.31006517374338965,0.43444154490950915,677.0
21942,Grayson Stovall,Arizona,C,OL,72,grayson stovall,0.01392515489068392,0.023857258079311532,91.0
21947,Connor Stroh,Kansas,RG,OL,77,connor stroh,0.008986688651164913,0.0937369977277511,776.5
21948,Branden Strozier,Clemson,CB,CB,71,branden strozier,-0.013478560741579208,-0.006864750753425143,36.0
21957,Takye Heath,Virginia Tech,WR,WR,78,takye heath,-0.02463240159595513,0.03870635890633433,283.0
21961,Jayden Sweeney,Florida Atlantic,SS,SAF,72,jayden sweeney,-0.17314670474113902,-0.06484556618511621,589.5
21966,AJ Szymanski,Maryland,TE,TE,70,aj szymanski,-0.012663575618700096,-0.0001777306568170791,37.5
21973,Jake Taylor,Duke,TE,TE,78,jake taylor,-0.031165535285386032,-0.006526801227270212,74.0
21976,Walter Taylor III,Vanderbilt,TE,TE,66,walter taylor,-0.019928541785055237,-0.00744269682317222,37.5
21977,Ben Taylor-Whitfield,TCU,LT,OL,86,ben taylor whitfield,0.2600956850399699,0.3473563059114839,799.5
21978,Micah Tease,Tulsa,WR,WR,75,micah tease,-0.008211584804868315,0.00018136049137145517,37.5
21979,Khamari Terrell,Washington State,CB,CB,77,khamari terrell,-0.03858919029217428,0.059883091753675136,536.0
21980,Austin Terry,Boise State,TE,TE,72,austin terry,-0.030564654368136324,0.02137646067329703,156.0
21981,Bishop Thomas,Oklahoma,DT,DT,79,bishop thomas,0.01664450158370501,0.0746970440570685,297.5
21983,Trent Thomas,Baylor,LEDG,EDGE,70,trent thomas,-0.01722519954853777,-0.010005219476220293,37.0
21989,LeVar Thornton Jr.,Baylor,CB,CB,83,levar thornton,0.26927772759758156,0.39043905224168174,659.5
21990,Dionte Thornton,Sacramento State,CB,CB,70,dionte thornton,-0.053721599737131746,-0.01146670259059189,230.0
22001,Tyrique Tucker,Indiana,DT,DT,92,tyrique tucker,0.48155053495813044,0.57375163182759,472.5
22002,Eddie Tuerk,Illinois,RG,OL,69,eddie tuerk,-0.01855954965711723,-0.008627446468489616,91.0
22006,Kaiden Turner,Indiana,SAM,LB,76,kaiden turner,0.014998115378029468,0.10570700563825094,311.5
22008,Matteus Ioane,Hawai'i,SAM,LB,58,matteus ioane,-0.02676862809789288,-0.017741419115334726,31.0
22010,Patrick Valent,Rice,RG,OL,75,patrick valent,0.015128469798975846,0.10238909067048987,799.5
22012,Kyson Van Vugt,Fresno State,RT,OL,70,kyson van vugt,-0.019320547372644725,-0.009388444184017112,91.0
22020,Tae Meadows,Auburn,HB,RB,79,tae meadows,-0.02660563058524323,-0.007667973897198343,27.0
22021,Luka Vincic,Michigan State,RG,OL,74,luka vincic,-0.011067589691655846,-0.0011354865030282334,91.0
22023,Tyrone Davis,Buffalo,RT,OL,69,tyrone davis,-0.008084460191355895,0.0018476429972717192,91.0
22024,Trent Walker,Houston,WR,WR,87,trent walker,0.3757902327282734,0.4666578538022293,406.0
22026,DJ Waller Jr.,Louisville,CB,CB,78,dj waller,0.1673155975584776,0.265787879604327,536.0
22028,Jordan Washington,North Carolina,TE,TE,76,jordan washington,-0.0002492770541425897,0.05169183798729077,156.0
22032,Antonio Watts,Louisville,SAM,LB,84,antonio watts,0.5150441603786212,0.6623915069971512,506.0
22035,Jayden Wayne,California,SAM,LB,73,jayden wayne,-0.025820373867059283,0.02645007814485004,179.5
22036,Conner Weigman,Houston,QB,QB,86,conner weigman,0.744515565114342,1.3801367809058909,697.0
22037,Derek Weisskopf,Iowa,WILL,LB,71,derek weisskopf,-0.011616909576462903,0.010514312445292577,76.0
22038,Micah Welch,Colorado,HB,RB,81,micah welch,-0.09374840066598562,0.07423562810389402,239.5
22039,Angelo Stockstill,Kent State,CB,CB,69,angelo stockstill,-0.11199049089373739,-0.04318849532252358,374.5
22040,Ethan Wesloski,Oklahoma State,WILL,LB,87,ethan wesloski,0.5057391446964906,0.6963297343443717,654.5
22041,Hosea Wheeler,Baylor,DT,DT,84,hosea wheeler,0.2483802690241941,0.34058136589365373,472.5
22043,Trey White,Texas Tech,LEDG,EDGE,90,trey white,0.32042363987850303,0.42296687036506614,525.5
22046,Oliver Lundberg Coleman,Colorado State,HB,RB,79,oliver lundberg coleman,-0.07020679733295764,0.01536335510931925,122.0
22047,Dexter Williams II,Tulsa,QB,QB,70,dexter williams,-0.07964102470902336,0.014288652803931491,103.0
22048,Chance Williams,Charlotte,HB,RB,73,chance williams,-0.22308955493021665,-0.13751940248793976,122.0
22052,Dylan Williams,Oregon,MIKE,LB,70,dylan williams,-0.043635111954075885,-0.021503889932320403,76.0
22055,Jordan Williams,Sacramento State,TE,TE,79,jordan williams,0.1372176224434199,0.22728218410180273,270.5
22058,Ky McNulty,Troy,WR,WR,64,ky mcnulty,-0.029894598102830187,-0.02150165280659042,37.5
22065,Justin Williams-Thomas,Massachusetts,HB,RB,74,justin williams thomas,-0.20464116072456906,-0.036657131954689434,239.5
22068,Grant Wilson,Indiana,QB,QB,72,grant wilson,-0.0951171342984812,-0.0011874567855263574,103.0
22079,Jalen Woods,UCLA,WILL,LB,75,jalen woods,0.000509468645272706,0.14785681526380262,506.0
22080,Mason Ferguson,UTEP,WR,WR,67,mason ferguson,-0.026204326602324943,-0.017811381306085172,37.5
22086,Mateen Ibirogba,Texas Tech,DT,DT,87,mateen ibirogba,0.35009843830710974,0.42649363285609065,391.5
22087,Grant Zimmerly,Toledo,RG,OL,67,grant zimmerly,-0.02019489918557708,-0.010262795996949467,91.0
22088,Daidren Zipperer,Utah,WR,WR,70,daidren zipperer,-0.02335057704374355,-0.014957631747503782,37.5
22093,Max Alford,Michigan,MIKE,LB,71,max alford,-0.001689110499776303,0.007338098482781852,31.0
22097,Dominic Overby,Iowa State,WR,WR,74,dominic overby,-0.016287288614202786,-0.007894343317963015,37.5
22099,Will Anciaux,Kansas State,TE,TE,67,will anciaux,-0.00919175185674541,-0.003032068342216455,18.5
22107,Kendall Bannister,Ohio,CB,CB,75,kendall bannister,-0.10708066587439068,-0.008608383828541259,536.0
22109,Carter Shaw,Stanford,WR,WR,76,carter shaw,-0.03488296610326635,0.028455794399023116,283.0
22111,Austin Barrett,Iowa State,RT,OL,74,austin barrett,-0.09251114341741927,-0.013600037863817468,723.0
22117,Da'Mare Williams,West Virginia,FS,SAF,64,damare williams,-0.10222476917218185,-0.08394493323270047,99.5
22119,Kylan Billiot,James Madison,WR,WR,77,kylan billiot,-0.08419626543896745,0.006671355634988447,406.0
22128,Chris Bracy,Michigan,SS,SAF,78,chris bracy,0.04808615994240005,0.15638729849842287,589.5
22129,Tyson Davis,Virginia,WR,WR,77,tyson davis,0.0038685252700891653,0.027928301785976505,107.5
22133,AJ Brown,Rice,SS,SAF,74,aj brown,-0.03603362161099002,0.07226751694503279,589.5
22136,Jordan Brown,Georgia State,LT,OL,71,jordan brown,-0.07551985479087071,-0.01914698339607772,516.5
22147,Ethan Calloway,Wake Forest,RT,OL,68,ethan calloway,-0.004788426099882878,0.005143677088744735,91.0
22148,Callen Campbell,Northwestern,REDG,EDGE,65,callen campbell,-0.08860472728613049,-0.06606668138470702,115.5
22154,Dontae Carter,Vanderbilt,FS,SAF,76,dontae carter,-0.03938224266622074,0.028684885128531512,370.5
22157,Owen Chambliss,Nebraska,WILL,LB,89,owen chambliss,0.418657742298636,0.6092483319465171,654.5
22159,Zeon Chriss-Gremillion,Tulane,QB,QB,76,zeon chriss gremillion,-0.047594516806914455,0.04633516070604039,103.0
22160,Braden Pegan,Utah,WR,WR,85,braden pegan,0.455544373429685,0.580543305375016,558.5
22163,Jake Clifton,BYU,WILL,LB,75,jake clifton,0.0043349404575156935,0.05660539246942501,179.5
22166,Cameron Bates,Boise State,WR,WR,76,cameron bates,-0.02813853050255865,0.03520022999973081,283.0
22169,Tavian Combs,New Mexico,SS,SAF,80,tavian combs,0.05540375430074814,0.16370489285677095,589.5
22171,Isaac Brown,Louisville,HB,RB,92,isaac brown,0.5917393956154979,0.8789605220508454,409.5
22173,Trey Cooley,Washington,HB,RB,76,trey cooley,-0.012711112900048473,0.006577241134071316,27.5
22178,Tyler Carter,South Alabama,LEDG,EDGE,73,tyler carter,-0.03566985281673895,0.024431602920390316,308.0
22179,Nick Cull,Ole Miss,FS,SAF,72,nick cull,-0.015870748206795102,-0.008889504330410256,38.0
22180,Wayne Peart II,Toledo,DT,DT,65,wayne peart,-0.251221436166737,-0.19316889369337348,297.5
22182,Samuel Riddy Jr.,UAB,LT,OL,61,samuel riddy,-0.04792929800654303,-0.037997194817915414,91.0
22186,Thomas Davis,Tulsa,REDG,EDGE,74,thomas davis,-0.02325304642288495,0.03684840931424432,308.0
22189,Markis Deal,TCU,DT,DT,82,markis deal,0.14922436446114937,0.2256195590101302,391.5
22190,Decker DeGraaf,Washington,TE,TE,84,decker degraaf,0.16086373929797299,0.2509283009563558,270.5
22191,Carlos Del Rio-Wilson,Marshall,QB,QB,80,carlos del rio wilson,0.4940305543827052,1.129651770174254,697.0
22192,Wilky Denaud,Florida Atlantic,LEDG,EDGE,75,wilky denaud,0.0054312276796821355,0.0655326834168114,308.0
22195,Johnny Dickson III,Oklahoma State,RG,OL,81,johnny dickson,0.103382244068763,0.19064286494027702,799.5
22198,Jordan Toney,Eastern Michigan,CB,CB,69,jordan toney,-0.03017051968708634,-0.007940769449124063,121.0
22200,Davis Dotson,Tulsa,RT,OL,72,davis dotson,-0.006557024926472378,0.003375078262155235,91.0
22202,Ja'Mez Drummer,Old Dominion,MIKE,LB,69,jamez drummer,-0.04256260439764382,-0.02043138237588834,76.0
22204,Trae'von Dunbar,South Alabama,HB,RB,73,traevon dunbar,-0.15420408308361164,-0.06863393064133476,122.0
22206,Chris Thompson,Tulsa,WILL,LB,74,chris thompson,0.0207822161548042,0.1681295627733341,506.0
22208,Luke Kromenhoek,South Florida,QB,QB,74,luke kromenhoek,-0.01853902350184139,0.07539065401111346,103.0
22210,Larry Turner-Gooden,Nevada,SS,SAF,74,larry turner gooden,-0.05916311462254965,0.06521325654356985,677.0
22215,Kailep Edwards,Louisiana,SAM,LB,71,kailep edwards,-0.1673195795301052,0.023271010117775853,654.5
22216,Walker Eget,Duke,QB,QB,78,walker eget,-0.275951295517397,0.35966992027415184,697.0
22219,Carter Evans,Eastern Michigan,LEDG,EDGE,76,carter evans,0.05396255158040833,0.1565057820669714,525.5
22220,Asaad Brown Jr.,NC State,CB,CB,72,asaad brown,-0.060015155108726105,-0.017760257962186245,230.0
22231,Randon Fontenette,Colorado,SS,SAF,84,randon fontenette,0.4791476428290518,0.6035240139951713,677.0
22232,Dillan Fontus,Syracuse,DT,DT,76,dillan fontus,-0.0495955404523468,0.026799654096634064,391.5
22238,Jshawn Frausto-Ramos,Washington State,SS,SAF,73,jshawn frausto ramos,-0.2050634631968086,-0.08068709203068909,677.0
22243,RJ Garcia II,Florida Atlantic,WR,WR,79,rj garcia,0.023699834463827025,0.062083570951963575,171.5
22247,Jardin Gilbert,Mississippi State,SS,SAF,76,jardin gilbert,-0.015221013761076395,0.0030588221784049784,99.5
22248,Darrell Gill Jr.,Ole Miss,WR,WR,82,darrell gill,0.1405571787789587,0.20389593928124816,283.0
22250,Isaiah Glasker,BYU,SAM,LB,87,isaiah glasker,0.7089795205616186,0.8995701102094997,654.5
22253,Brody Benke,Middle Tennessee,TE,TE,64,brody benke,-0.009420316976824368,-0.004758934857721374,14.0
22254,Chris Graves Jr.,Missouri,CB,CB,85,chris graves,0.19011775422408073,0.3112790788681809,659.5
22261,Johnathan Hall,Utah,MIKE,LB,76,johnathan hall,-0.019051235304182797,0.17153935434369827,654.5
22267,Joshisa Trader,NC State,WR,WR,79,joshisa trader,0.009731696603648097,0.04811543309178465,171.5
22268,Mojo Dortch,Troy,WR,WR,74,mojo dortch,-0.20311190938616872,-0.1122442883122128,406.0
22270,Griffin Hart,James Madison,LT,OL,65,griffin hart,-0.03586973089403027,-0.02593762770540265,91.0
22271,JC Hart,Utah,CB,CB,71,jc hart,-0.003123579821687951,0.0034902301664661134,36.0
22275,Dave Herard,Western Kentucky,FS,SAF,77,dave herard,0.08822421385861494,0.19652535241463773,589.5
22277,Brandon Hills,Akron,WR,WR,68,brandon hills,-0.03651324167765962,-0.02812029638141985,37.5
22281,Matt Hoffman,UConn,LEDG,EDGE,71,matt hoffman,-0.024360365653874092,-0.0018223197524506174,115.5
22287,Brayden Roggow,Akron,QB,QB,68,brayden roggow,-0.0893540455325483,0.004575631980406546,103.0
22290,Cameron Flowers,Western Kentucky,WR,WR,73,cameron flowers,-0.04625840232487873,0.017080358177410732,283.0
22293,Kenton Jerido,South Alabama,RG,OL,81,kenton jerido,-0.04350759476152591,0.043753026109988116,799.5
22303,Dilin Jones,LSU,HB,RB,81,dilin jones,-0.06897114778300562,0.016599004659271274,122.0
22304,Johnathan Montague Jr.,Boston College,WR,WR,73,johnathan montague,-0.021447801196349443,-0.013054855900109675,37.5
22305,Tavorus Jones,UTEP,HB,RB,77,tavorus jones,-0.09670839201669285,0.07127563675318677,239.5
22306,DK Kalu,Florida,DT,DT,76,dk kalu,0.013520692936137805,0.05469409280800233,211.0
22314,Marvell Eggleston,Eastern Michigan,MIKE,LB,56,marvell eggleston,-0.037423912135300566,-0.02839670315274241,31.0
22318,Nate Kurisky,Duke,TE,TE,80,nate kurisky,0.08309675455777558,0.13503786959920894,156.0
22321,Jonah Lea'ea,Michigan,DT,DT,76,jonah leaea,-0.0156556693821746,0.025517730489689923,211.0
22324,Cameron Lenhardt,Nebraska,LEDG,EDGE,78,cameron lenhardt,0.12940115289218093,0.2136992986014012,432.0
22326,Zach Courtney,Coastal Carolina,TE,TE,70,zach courtney,-0.11949491330265195,-0.029430351644269118,270.5
22328,Justius Lowe,San Diego State,WR,WR,78,justius lowe,-0.03496464637987702,0.0034190901082595294,171.5
22332,Tashi Braceful,Toledo,WR,WR,70,tashi braceful,-0.08335525585688582,-0.05929547934099847,107.5
22336,Justin Marshall,Liberty,HB,RB,78,justin marshall,-0.015878118990243592,0.003059537697801294,27.0
22338,Joey Mattord,Eastern Michigan,HB,RB,76,joey mattord,-0.20452946286718948,-0.036545434097309835,239.5
22342,Charles McCartherens,Marshall,CB,CB,77,charles mccartherens,0.03432413512486991,0.15548545976897007,659.5
22346,Christian Medlock,Toledo,LG,OL,62,christian medlock,-0.0478851553628535,-0.037953052174225885,91.0
22347,Justin Medlock,Boston College,MIKE,LB,76,justin medlock,-0.03584685136435835,0.1547437382835227,654.5
22352,Josh Joyner,Missouri State,HB,RB,76,josh joyner,-0.1772740687660347,-0.0917039163237578,122.0
22356,Wendell Moe Jr.,Tennessee,LG,OL,90,wendell moe,0.3340978051768242,0.42135842604833823,799.5
22358,Kam Moore,Arkansas State,MIKE,LB,70,kam moore,-0.35224468649127694,-0.16165409684339588,654.5
22359,Peyton Morgan,Texas Tech,FS,SAF,72,peyton morgan,-0.06847045922946202,-0.030808485685806925,205.0
22360,Ty Morris,Rutgers,MIKE,LB,77,ty morris,0.07778217936045594,0.268372769008337,654.5
22362,Jeremiah Moses,Louisiana,CB,CB,68,jeremiah moses,-0.13870669050763715,-0.06990469493642334,374.5
22365,Dillan Johnson,Wisconsin,DT,DT,74,dillan johnson,-0.03688280105282495,0.004290598819039577,211.0
22368,Braxton Myers,Western Kentucky,CB,CB,69,braxton myers,-0.0691383460732128,0.029333935972636626,536.0
22370,Daniel Ndukwe,Indiana,REDG,EDGE,74,daniel ndukwe,-0.04751942759600847,-0.02498138169458499,115.5
22374,Jake Newell,Toledo,TE,TE,79,jake newell,0.07587732744164463,0.16594188910002744,270.5
22378,Ugonna Nwoha,Kennesaw State,LEDG,EDGE,71,ugonna nwoha,0.005668884648940699,0.048598495889747316,220.0
22380,Bronson Olevao Jr.,Utah State,MIKE,LB,78,bronson olevao,0.11913212137026757,0.26647946798879746,506.0
22381,Rueben Owens II,Texas A&M,HB,RB,87,rueben owens,0.34521406260612436,0.6324351890414718,409.5
22383,Elijah Palmer,Hawai'i,CB,CB,85,elijah palmer,0.15508950813925387,0.276250832783354,659.5
22388,Isaac Paul,Kennesaw State,SS,SAF,78,isaac paul,0.008503732052635523,0.13288010321875504,677.0
22389,Jaylen Moses,SMU,SS,SAF,67,jaylen moses,-0.031486626206235276,-0.024505382329850427,38.0
22391,Jeremy Payne,TCU,HB,RB,84,jeremy payne,0.11313070605823504,0.4003518324935824,409.5
22394,Joshua Tavui,Hawai'i,LG,OL,53,joshua tavui,-0.052488525179273104,-0.042556421990645486,91.0
22397,Alex Perry,Illinois,WR,WR,84,alex perry,0.3392657070568594,0.46426463900219034,558.5
22401,Brandon Phelps,Arizona,WR,WR,68,brandon phelps,-0.023452013499958135,-0.015059068203718367,37.5
22404,Jaiven Plummer,Georgia Tech,WR,WR,73,jaiven plummer,-0.10566066851812038,-0.014793047444164476,406.0
22405,Jaylen Poe,Georgia State,HB,RB,75,jaylen poe,-0.06581348289184744,0.019756669550429453,122.0
22410,Kedrick Reescano,Arizona,HB,RB,83,kedrick reescano,0.12347724322821754,0.41069836966356493,409.5
22411,Braylon Rigsby,Oklahoma State,LEDG,EDGE,77,braylon rigsby,0.07240213245299673,0.156700278162217,432.0
22418,Isaiah Robinson,Baylor,LT,OL,70,isaiah robinson,0.0019546935545738052,0.011886796743201419,91.0
22420,Jalen Smith,Minnesota,WR,WR,79,jalen smith,0.04798806748827203,0.13885568856222796,406.0
22423,Nathan Roy,Minnesota,LT,OL,78,nathan roy,0.09513938926065472,0.17405049481425655,723.0
22424,Danny Royster,James Madison,MIKE,LB,68,danny royster,-0.024908805120993673,-0.002777583099238193,76.0
22425,Terrell Anderson,USC,WR,WR,86,terrell anderson,0.34518972004181214,0.47018865198714316,558.5
22426,Elijah Rushing,Oregon,LEDG,EDGE,78,elijah rushing,0.09605038671056913,0.1561518424476984,308.0
22427,Kylan Salter,Colorado,MIKE,LB,67,kylan salter,-0.011342375559135929,-0.002315166576577774,31.0
22429,Brycen Sanders,Ole Miss,C,OL,83,brycen sanders,0.28827338196955765,0.3755340028410717,799.5
22433,Kadin Schmitz,Charlotte,MIKE,LB,77,kadin schmitz,0.3535884594912884,0.5441790491391695,654.5
22438,Taye Seymore,North Texas,FS,SAF,74,taye seymore,-0.1513831411161082,-0.043082002560085396,589.5
22440,Kam Shanks,Wake Forest,WR,WR,81,kam shanks,0.11905460339114236,0.20992222446509828,406.0
22441,Kord Shaw,Oregon State,MIKE,LB,71,kord shaw,-0.07843948159990653,0.012269408660314932,311.5
22445,Devin Smith,Kentucky,MIKE,LB,67,devin smith,-0.04190450026405317,-0.01977327824229769,76.0
22448,Joseph Williams,Colorado,WR,WR,84,joseph williams,0.17145837220609642,0.2347971327083859,283.0
22452,Kyle Krebs,Central Michigan,CB,CB,64,kyle krebs,-0.011530510587719778,-0.004916700599565714,36.0
22458,Carson Tabaracci,USC,TE,TE,72,carson tabaracci,-0.017633362286505003,0.007005371771610813,74.0
22461,Ken Talley,UCF,REDG,EDGE,75,ken talley,-0.0019707600901789,0.05813069564695036,308.0
22463,J'Mond Tapp,Memphis,REDG,EDGE,88,jmond tapp,0.44578243013566654,0.5483256606222296,525.5
22469,Cam Pruitt,Miami,WILL,LB,76,cam pruitt,-0.2903146870578055,-0.1429673404392756,506.0
22470,Quentin Taylor,Mississippi State,CB,CB,76,quentin taylor,-0.029266135684731777,0.06920614636111763,536.0
22471,Rodney Bimage Jr.,Arizona State,CB,CB,78,rodney bimage,0.11187514627472538,0.21034742832057476,536.0
22473,Jake Taylor,Iowa State,LT,OL,78,jake taylor,0.10943255795562296,0.19669317882713694,799.5
22477,Zion Taylor,Western Kentucky,WR,WR,73,zion taylor,-0.030812086370646433,0.007571650117490117,171.5
22478,Jeremiah Telander,Tennessee,MIKE,LB,82,jeremiah telander,0.02463117646904604,0.07690162848095536,179.5
22485,James Thomas Jr.,Bowling Green,RT,OL,71,james thomas,-0.11354079528611721,-0.028790486209531035,776.5
22491,Salesi Manu,Arizona State,REDG,EDGE,68,salesi manu,-0.04219052277203224,-0.03497054269971476,37.0
22497,Darien Mayo,Clemson,REDG,EDGE,74,darien mayo,0.004062580500144225,0.04699219174095084,220.0
22499,Devan Thompkins,Alabama,LEDG,EDGE,84,devan thompkins,0.2340068898595068,0.29410834559663607,308.0
22504,K'Vion Thunderbird,Fresno State,MIKE,LB,75,kvion thunderbird,-0.0908052814313412,0.09978530821653987,654.5
22505,Jelani Thurman,North Carolina,TE,TE,81,jelani thurman,0.07452296554530352,0.16458752720368636,270.5
22506,Zakari Tillman,Mississippi State,MIKE,LB,73,zakari tillman,-0.045269691526000966,0.007000760485908357,179.5
22513,Terrell Kim,Arizona State,LG,OL,69,terrell kim,-0.0072776798076037656,0.0026544233810238474,91.0
22515,Javon Tracy,Minnesota,WR,WR,86,javon tracy,0.3650237801129711,0.49002271205830206,558.5
22517,C.J. Kubah-Taylor,Clemson,MIKE,LB,71,c j kubah taylor,-0.052605787961792605,-0.0003353359498832854,179.5
22518,Ernest Willor Jr.,James Madison,LEDG,EDGE,77,ernest willor,0.14720550423911954,0.2315036499483398,432.0
22520,Tegra Tshabola,Kentucky,LG,OL,79,tegra tshabola,0.018752383315485815,0.09766348886908763,723.0
22526,A.J. Turner,Minnesota,HB,RB,79,a j turner,-0.03988042075401555,0.12810360801586407,239.5
22528,Cole Turner,Clemson,WR,WR,75,cole turner,-0.005685623188053295,0.0027073221081864744,37.5
22529,Keith Sarkodieh,Massachusetts,FS,SAF,68,keith sarkodieh,-0.03564529460844572,-0.017365458668964343,99.5
22535,T.J. Moore,Clemson,WR,WR,89,t j moore,0.5380153676080351,0.6630142995533661,558.5
22537,Javon Rogers,Kennesaw State,WR,WR,76,javon rogers,0.015197988066313995,0.07853674856860345,283.0
22546,Braylon Jenkins,Wyoming,RT,OL,76,braylon jenkins,0.00507007885953031,0.08982038793611649,776.5
22550,Peyton Waters,North Carolina,FS,SAF,73,peyton waters,-0.005961063734272701,0.0317009098093824,205.0
22551,Treyaun Webb,App State,HB,RB,76,treyaun webb,-0.03935186016282693,-0.0035807308631865932,51.0
22555,Trip White,Oklahoma State,MIKE,LB,70,trip white,-0.014955068796545956,-0.005927859813987801,31.0
22556,Aaron Williams,UCLA,CB,CB,74,aaron williams,-0.004806941065108129,0.0018068689230459364,36.0
22560,CJ Wilson Jr.,UL Monroe,REDG,EDGE,68,cj wilson,-0.18939843922938704,-0.10510029352016677,432.0
22565,Anthony Woods,UCLA,HB,RB,80,anthony woods,-0.1384714609957095,0.02951256777417011,239.5
22568,Rustin Young,Michigan State,LT,OL,77,rustin young,0.05266345017874506,0.10903632157353804,516.5
22573,Mason Carrier,Minnesota,WILL,LB,68,mason carrier,-0.0048144359168308115,0.004212773065727345,31.0
22574,Kelze Howard,Georgia State,LEDG,EDGE,73,kelze howard,-0.02248150376334737,0.0618166419458729,432.0
22576,Drew Hutchinson,UL Monroe,C,OL,63,drew hutchinson,-0.0295463561584572,-0.01961425296982959,91.0
22577,Justin Hylkema,Washington,RT,OL,64,justin hylkema,-0.029268928276257215,-0.0193368250876296,91.0
22578,Jaylin Lucas,Tulane,HB,RB,77,jaylin lucas,-0.02823593029301943,-0.009298273604974545,27.0
22585,Curlee Thomas IV,North Texas,REDG,EDGE,74,curlee thomas,-0.0768397331641551,-0.016738277427025845,308.0
22586,Shamurad Umarov,Tennessee,LG,OL,82,shamurad umarov,0.16061631607641846,0.23952742163002028,723.0
22587,Neto Umeozulu,North Texas,RT,OL,84,neto umeozulu,0.19581301552156044,0.2830736363930745,799.5
22591,Merhauti Xepera,Fresno State,LEDG,EDGE,78,merhauti xepera,0.16838982834611665,0.2526879740553369,432.0
22604,Daniel Calhoun,Georgia,LG,OL,77,daniel calhoun,0.006863409869677713,0.016795513058305327,91.0
22605,Isaiah Carlson,San José State,HB,RB,72,isaiah carlson,-0.16053768340168295,-0.07496753095940605,122.0
22609,Ta'Derius Collins,Texas State,LEDG,EDGE,73,taderius collins,-0.08618024452021487,-0.043250633279408264,220.0
22617,Brody Foley,Louisville,TE,TE,85,brody foley,0.24587042157665334,0.3359349832350362,270.5
22629,JayR Johnson,South Carolina,MIKE,LB,74,jayr johnson,-0.0774881823185007,0.0698591643000292,506.0
22633,Leighton Jones,Iowa,LG,OL,79,leighton jones,0.11924032509780173,0.19815143065140356,723.0
22636,JaDarious Lee,Kennesaw State,LT,OL,75,jadarious lee,-0.02041852842377071,0.06433178065281546,776.5
22640,Keyari James,Maryland,MIKE,LB,65,keyari james,-0.019732436017318448,-0.010705227034760293,31.0
22642,Jonathan Young,Memphis,LT,OL,70,jonathan young,-0.03142859542433609,-0.021496492235708473,91.0
22652,Donavon Platt,Virginia,CB,CB,82,donavon platt,0.33152246467986707,0.45268378932396725,659.5
22654,Braylen Russell,Arkansas,HB,RB,86,braylen russell,-0.06316264068604996,0.22405848574929746,409.5
22655,DJ Scott,North Dakota State,HB,RB,83,dj scott,0.0945204598261327,0.3817415862614801,409.5
22656,Kevin Sjogren,Wyoming,REDG,EDGE,70,kevin sjogren,-0.0028174540060852543,0.04011215723472136,220.0
22657,Eric Smith,Miami (OH),LT,OL,79,eric smith,0.06938228259416199,0.15413259167074816,776.5
22660,Evan Stewart,Oregon,WR,WR,87,evan stewart,0.19610844376133962,0.2594472042636291,283.0
22662,Jay Crable,Florida Atlantic,REDG,EDGE,80,jay crable,0.1155228468303609,0.21806607731692398,525.5
22665,Adam Tomczyk,Hawai'i,LEDG,EDGE,73,adam tomczyk,-0.017288350663313835,0.04281310507381542,308.0
22670,Colton Vasek,Texas,REDG,EDGE,79,colton vasek,0.08377047644702483,0.12670008768783145,220.0
22674,Makari Vickers,Colorado,CB,CB,75,makari vickers,-0.004711768995145715,0.017517981242816557,121.0
22678,Christopher Vizzina,Clemson,QB,QB,75,christopher vizzina,0.03297262057911526,0.6685938363706642,697.0
22679,Magnus Von Saldern,Massachusetts,C,OL,60,magnus von saldern,-0.045886614593149334,-0.035954511404521716,91.0
22680,Luke Vonderhaar,Air Force,RT,OL,83,luke vonderhaar,0.19546472152503847,0.28272534239655245,799.5
22683,Jeremiah Warren,Pittsburgh,DT,DT,76,jeremiah warren,-0.043920722438979064,0.014131820034384433,297.5
22684,Miller Malone,Houston,WILL,LB,71,miller malone,0.0163234496550831,0.06859390166699242,179.5
22685,Hunter Summers,Arkansas State,WR,WR,80,hunter summers,0.11082422965236322,0.20169185072631912,406.0
22686,Mason Williams,Ohio State,TE,TE,77,mason williams,0.03275375657591542,0.05739249063403124,74.0
22687,Zacharyus Williams,USC,WR,WR,80,zacharyus williams,0.04894735310464322,0.11228611360693268,283.0
22696,Jibreel Al-Amin,Kansas,WILL,LB,68,jibreel al amin,-0.01856771428343597,-0.009540505300877815,31.0
22702,Julian Allen,UConn,WR,WR,65,julian allen,-0.03327516627818376,-0.024882220981943995,37.5
22703,Michael Allen,East Carolina,HB,RB,77,michael allen,-0.06471139908141192,0.1032726296884677,239.5
22706,Damari Alston,Tulsa,HB,RB,81,damari alston,-0.0011556037091684716,0.16682842506071113,239.5
22707,Taariq Al-Uqdah,Washington,MIKE,LB,79,taariq al uqdah,0.08684153072358326,0.17755042098380472,311.5
22709,Ashton Levells-Mitchell,East Carolina,CB,CB,74,ashton levells mitchell,-0.026662094401434116,0.09449923024266606,659.5
22712,Josh Anderson,Eastern Michigan,RT,OL,74,josh anderson,-0.004722731776699268,0.08002757729988691,776.5
22713,Champ Anthony,Auburn,FS,SAF,74,champ anthony,-0.028585860533946898,-0.010306024594465524,99.5
22715,Arkel Anugwom,Northwestern,LT,OL,72,arkel anugwom,-0.007920145002549409,0.0020119581860782053,91.0
22716,Nnanna Anyanwu,Virginia,REDG,EDGE,75,nnanna anyanwu,-0.01407662195315316,0.02885298928765346,220.0
22717,Jake Appleget,Fresno State,TE,TE,72,jake appleget,0.0019176785385093369,0.05385879357994269,156.0
22718,Andre Porter,UNLV,REDG,EDGE,66,andre porter,-0.03668102560179308,-0.014142979700369608,115.5
22719,Matthew Aribisala,Rice,DT,DT,78,matthew aribisala,0.0001831814090901587,0.09238427827854981,472.5
22720,Malik Armstrong,Northern Illinois,FS,SAF,64,malik armstrong,-0.13339332636968004,-0.09573135282602496,205.0
22724,George Ballance,Virginia Tech,MIKE,LB,66,george ballance,-0.03516211300057583,-0.026134904018017678,31.0
22730,T.J. Banks,Louisville,FS,SAF,76,t j banks,-0.04672626522096993,0.06157487333505288,589.5
22741,Ja'shon Benjamin,Rutgers,HB,RB,80,jashon benjamin,-0.027091594298935893,0.058478558143341,122.0
22745,Sterling Berkhalter,Texas,WR,WR,77,sterling berkhalter,-0.0003925349771270942,0.008000410319112675,37.5
22749,Kedrick Bingley-Jones,Alabama,DT,DT,84,kedrick bingley jones,0.2357197402618438,0.32792083713130343,472.5
22750,Kobe Black,Texas,CB,CB,81,kobe black,0.037692978857689616,0.07994787600422948,230.0
22753,Landan Callahan,Duke,CB,CB,77,landan callahan,-0.0407235255759551,0.057748756469894316,536.0
22756,Trez Moore,Texas State,CB,CB,74,trez moore,-0.0018185820029156736,0.06698341356829815,374.5
22758,Justin Bodford,Middle Tennessee,DT,DT,74,justin bodford,-0.11078121865279328,-0.03438602410381241,391.5
22759,Ryan Boe,Northwestern,QB,QB,69,ryan boe,-0.03390384123038737,-0.0015300203400000255,35.5
22764,Vance Bolyard,Tulane,TE,TE,69,vance bolyard,-0.018938535223593643,0.005700198834522175,74.0
22766,Janiran Bonner,Nebraska,WR,WR,77,janiran bonner,-0.016409643788495794,0.007650132727391548,107.5
22768,Dwight Bootle,Arizona,CB,CB,78,dwight bootle,-0.050440234544895275,0.04803204750095414,536.0
22775,Roy Brackins III,Louisiana Tech,C,OL,68,roy brackins,-0.0101414641247541,-0.00020936093612648754,91.0
22777,John Bragg,Louisiana,RT,OL,69,john bragg,-0.02305218463423009,-0.013120081445602474,91.0
22779,Alex Branch,Akron,CB,CB,72,alex branch,-0.04023439689266666,0.028567598678547156,374.5
22786,Trey Porter,Northern Illinois,FS,SAF,71,trey porter,-0.13017017872929207,-0.005793807563172555,677.0
22794,TJ Bullard,Florida,WILL,LB,67,tj bullard,-0.07558792106459845,-0.05345669904284297,76.0
22797,Gabe Burkle,Penn State,TE,TE,77,gabe burkle,0.006430629238018928,0.03106936329613475,74.0
22798,DJ Burks,Tennessee,SS,SAF,72,dj burks,-0.0063658083410493916,0.0006154355353354554,38.0
22802,Aaron Butler,Oregon State,WR,WR,75,aaron butler,-0.09827241311255416,-0.034933652610264695,283.0
22804,Jameian Buxton,UTSA,DT,DT,70,jameian buxton,-0.10222099467664691,-0.06104759480478239,211.0
22815,Drake Carlson,Purdue,DT,DT,75,drake carlson,-0.02205329647363503,0.0009725859191612468,118.0
22818,Ryan Carretta,Pittsburgh,C,OL,79,ryan carretta,0.08653367256799921,0.16544477812160102,723.0
22820,Arrington Maiden,James Madison,QB,QB,74,arrington maiden,-0.9007887541700195,-0.26516753837847057,697.0
22826,Donald Chaney,UL Monroe,HB,RB,75,donald chaney,-0.20577212726855612,-0.037788098498676495,239.5
22832,Markus Clark,Liberty,DT,DT,73,markus clark,-0.03431355483400954,0.00685984503785499,211.0
22834,Isaac Clary,Marshall,LG,OL,60,isaac clary,-0.06620850338035589,-0.056276400191728276,91.0
22837,Johnathan Cline,Miami,LG,OL,74,johnathan cline,-0.009675922360852502,0.0002561808277751108,91.0
22838,Jameson Riggs,Georgia Tech,RG,OL,75,jameson riggs,0.04798605336167991,0.11865678758845331,647.5
22845,Braylon Conley,Georgia,CB,CB,68,braylon conley,-0.08788938713266113,-0.06565963689469885,121.0
22848,Cael Brezina,Penn State,MIKE,LB,74,cael brezina,-0.03174090254177351,0.020529549470135813,179.5
22849,Terrence Cooks II,Texas State,MIKE,LB,75,terrence cooks,0.0949180028104328,0.18562689307065428,311.5
22851,Trey Cornist,UConn,HB,RB,76,trey cornist,-0.14850032418419948,-0.0629301717419226,122.0
22853,Conner Cravaack,Akron,TE,TE,77,conner cravaack,0.03457401590674925,0.12463857756513208,270.5
22854,Dion Crawford,Michigan State,WILL,LB,82,dion crawford,0.2642540501621063,0.41160139678063623,506.0
22855,Khalil Wilkins,Marshall,QB,QB,72,khalil wilkins,-0.021699653640036322,0.010674167250351028,35.5
22857,Jameel Croft Jr.,Charlotte,CB,CB,76,jameel croft,-0.18040808579966192,-0.05924676115556176,659.5
22861,Davis Dalton,Southern Miss,WR,WR,73,davis dalton,-0.02390251835804722,0.014481218130089325,171.5
22865,Juelz Goff,Boise State,HB,RB,81,juelz goff,-0.06145694998228203,0.024113202459994855,122.0
22866,Jake Davies,Wyoming,RT,OL,70,jake davies,-0.0018647352348473874,0.008067367953780226,91.0
22871,Jayden Davis,UConn,SS,SAF,75,jayden davis,-0.053432123576326845,0.07094424758979266,677.0
22874,Rodney Tisdale Jr.,Western Kentucky,QB,QB,73,rodney tisdale,-0.360225411633047,0.2753958041585019,697.0
22875,Keylen Davis,Pittsburgh,LG,OL,78,keylen davis,0.11051207555275532,0.18118280977952872,647.5
22882,Cole Dellinger,Eastern Michigan,LG,OL,68,cole dellinger,-0.05951017691195655,-0.003137305517163562,516.5
22889,Miquel Dingle Jr.,Texas Tech,SS,SAF,73,miquel dingle,-0.12261662301570538,-0.05454949522095311,370.5
22892,Anthony Donkoh,Penn State,RT,OL,84,anthony donkoh,0.19914333867439757,0.2864039595459116,799.5
22893,Bryson Donnell,UTSA,HB,RB,77,bryson donnell,-0.04274663771342202,-0.006975508413781688,51.0
22896,Max Drag,South Carolina,TE,TE,65,max drag,-0.009540728982064223,-0.0033810454675352675,18.5
22899,Breezy Dubar,Missouri State,HB,RB,80,breezy dubar,-0.06555117536629113,0.2216699510690563,409.5
22903,Ashanti Cole,Louisiana Tech,LG,OL,78,ashanti cole,0.0886832023339414,0.17343351141052757,776.5
22908,Ezekiel Durham-Campbell,West Virginia,LEDG,EDGE,80,ezekiel durham campbell,0.1890691364860347,0.27336728219525497,432.0
22911,DeJuan Echoles Jr.,Western Michigan,REDG,EDGE,77,dejuan echoles,0.06013845778053452,0.16268168826709759,525.5
22912,Jo'Ziah Edmond,Michigan,CB,CB,76,joziah edmond,-0.010981564658759423,0.011248185579202853,121.0
22919,Christian Epling,Virginia Tech,TE,TE,58,christian epling,-0.016320190025748478,-0.011658807906645485,14.0
22923,Keyshawn Robinson,West Virginia,CB,CB,73,keyshawn robinson,-0.16568605329623692,-0.0968840577250231,374.5
22924,Kobe Smith,Duke,REDG,EDGE,69,kobe smith,-0.03232321245435901,-0.02510323238204154,37.0
22925,Wesley Fair,Kansas State,SS,SAF,73,wesley fair,-0.041629113994985,-0.003967140451329903,205.0
22926,Isaiah Farris,Boston College,CB,CB,73,isaiah farris,-0.06354670540623115,-0.02129180825969129,230.0
22929,Tyreese Fearbry,Wisconsin,SAM,LB,75,tyreese fearbry,0.06383575872502258,0.15454464898524406,311.5
22933,Noah Fifita,Arizona,QB,QB,90,noah fifita,0.991331103171887,1.6269523189634358,697.0
22934,Paul Fitzgerald,Utah,LEDG,EDGE,79,paul fitzgerald,0.0798743898896785,0.13997584562680776,308.0
22935,Jon Jon Kamara,Wisconsin,WILL,LB,64,jon jon kamara,-0.02644520405711772,-0.017417995074559562,31.0
22939,Gavin Forsha,Ball State,MIKE,LB,73,gavin forsha,-0.08983591863809483,0.05751142798043507,506.0
22942,Zeke Wimbush,Liberty,TE,TE,72,zeke wimbush,-0.01906957765531269,0.005569156402803132,74.0
22954,Marquis Gallegos,USC,FS,SAF,71,marquis gallegos,-0.07607915123181913,-0.038417177688164036,205.0
22962,Mikai Gbayor,Florida State,WILL,LB,78,mikai gbayor,0.11127330580949936,0.2586206524280293,506.0
22964,Joey Gerlach,Minnesota,MIKE,LB,71,joey gerlach,-0.0618450527842585,-0.009574600772349182,179.5
22965,D.J. Geth,Liberty,LT,OL,76,d j geth,-0.011540260203334596,0.04483261119145839,516.5
22966,Layth Ghannam,Virginia Tech,LG,OL,76,layth ghannam,0.007696430457172283,0.06406930185196529,516.5
22968,Tyler Gillison,Ohio,REDG,EDGE,75,tyler gillison,0.030140412769214423,0.1326836432557775,525.5
22972,Vernon Glover,TCU,CB,CB,75,vernon glover,-0.10015436666826456,-0.0016820846224151528,536.0
22974,La'Garrius Sims,Middle Tennessee,REDG,EDGE,64,lagarrius sims,-0.03500617040741918,-0.027786190335101706,37.0
22976,Diesel Gordon,Sacramento State,SS,SAF,69,diesel gordon,-0.15408477450615585,-0.08601764671140359,370.5
22994,Ethan Hampton,Southern Miss,QB,QB,73,ethan hampton,-0.6659965830586619,-0.030375367267113047,697.0
22995,Austin Clemons,Middle Tennessee,HB,RB,72,austin clemons,-0.07605683110297444,-0.0402857018033341,51.0
22996,Jamel Hardy,UTSA,WR,WR,76,jamel hardy,0.015331154318090378,0.07866991482037984,283.0
22997,Jahmad Harmon,Massachusetts,FS,SAF,69,jahmad harmon,-0.10730553073318859,-0.0696435571895335,205.0
22999,Micah Harper,Iowa State,FS,SAF,73,micah harper,-0.1158545955384378,-0.047787467743685544,370.5
23000,Jacob Harris,Wisconsin,TE,TE,75,jacob harris,-0.006544281958580783,0.045396833082852577,156.0
23003,Leonard Moore,Notre Dame,CB,CB,97,leonard moore,0.6575313783255619,0.7786927029696621,659.5
23004,Karson Hobbs,Florida State,CB,CB,76,karson hobbs,-0.018959368040664334,0.003270382197297943,121.0
23008,Jeremiah Hasley,Duke,TE,TE,87,jeremiah hasley,0.24502376775481444,0.3350883294131973,270.5
23014,Elijah Newell,UTSA,SS,SAF,72,elijah newell,-0.1590325133740442,-0.05073137481802137,589.5
23016,Will Heldt,Clemson,REDG,EDGE,90,will heldt,0.5228271282415213,0.6253703587280843,525.5
23025,Mordecai Hines,Fresno State,DT,DT,70,mordecai hines,-0.057212193405518995,-0.034186311012722716,118.0
23026,Nick Norris,Oregon State,DT,DT,75,nick norris,-0.03853533115019167,0.002638068721672859,211.0
23027,Jackson Holman,Wyoming,WR,WR,76,jackson holman,-0.001068856457668672,0.1239300754876623,558.5
23028,A.J. Holmes Jr.,Texas Tech,DT,DT,92,a j holmes,0.563382134688836,0.6555832315582957,472.5
23033,Khmori House,Arkansas,WILL,LB,77,khmori house,-0.11533873416918795,0.03200861244934195,506.0
23038,Christian Moss,Washington,WR,WR,82,christian moss,0.1721540116729716,0.26302163274692747,406.0
23040,Aidan Butts,Middle Tennessee,LEDG,EDGE,66,aidan butts,-0.07503529693634794,-0.03210568569554132,220.0
23043,Fame Ijeboi,Purdue,HB,RB,83,fame ijeboi,-0.09170256135793077,0.19551856507741663,409.5
23045,Sedrick Irvin,Stanford,HB,RB,76,sedrick irvin,-0.1383380780659764,0.029645950703903214,239.5
23050,CJ Jackson,Vanderbilt,LEDG,EDGE,71,cj jackson,-0.13239778548470513,-0.08946817424389851,220.0
23051,Dorion Jackson,Tulane,CB,CB,67,dorion jackson,-0.007452676106159318,-0.0008388661180052526,36.0
23054,Phoenix Jackson,Arkansas,MIKE,LB,73,phoenix jackson,-0.026905485104501147,-0.0047742630827456705,76.0
23056,Charles Jagusah,Notre Dame,RG,OL,86,charles jagusah,0.26823180651538725,0.35298211559197346,776.5
23058,Andy Jean,North Texas,WR,WR,74,andy jean,-0.010423617693110414,-0.0020306723968706443,37.5
23064,Thomas Jewett,Sam Houston,TE,TE,73,thomas jewett,0.022087180435639675,0.07402829547707303,156.0
23065,Trashun Griffin,Middle Tennessee,LEDG,EDGE,65,trashun griffin,-0.02230250520581221,-0.015082525133494734,37.0
23066,Bai Jobe,Miami (OH),REDG,EDGE,81,bai jobe,0.040846340615391975,0.14338957110195505,525.5
23070,C.J. Johnson,New Mexico,MIKE,LB,65,c j johnson,-0.156951146991499,-0.10468069497958969,179.5
23071,Dijon Johnson,Florida,CB,CB,82,dijon johnson,0.25347634634112104,0.35194862838697044,536.0
23073,Jamari Johnson,Oregon,TE,TE,90,jamari johnson,0.2810191315674276,0.3710836932258104,270.5
23077,Lavon Johnson,Maryland,DT,DT,80,lavon johnson,0.03614967776622172,0.09420222023958522,297.5
23078,Max Johnson,Georgia Southern,QB,QB,76,max johnson,-0.6892163514915837,-0.05359513570003484,697.0
23080,TJ Johnson,Memphis,TE,TE,69,tj johnson,-0.019785362181842077,0.004853371876273743,74.0
23081,Joseph Jonah-Ajonye,Georgia,LEDG,EDGE,80,joseph jonah ajonye,0.09227432585470151,0.13520393709550813,220.0
23084,Isaiah Jones,Indiana,MIKE,LB,88,isaiah jones,0.511664608921845,0.6590119555403748,506.0
23086,Dominic Toy,Colorado State,TE,TE,75,dominic toy,-0.061458154117856496,-0.009517039076423149,156.0
23091,Shymeik Jones,Georgia Tech,DT,DT,73,shymeik jones,-0.07673016638415767,-0.035556766512293135,211.0
23092,Brenden Jordan,Texas Tech,FS,SAF,85,brenden jordan,0.432763437801404,0.5571398089675236,677.0
23094,Morven Joseph,Jacksonville State,MIKE,LB,67,morven joseph,-0.08818036746265827,-0.035909915450748946,179.5
23095,Ray Ray Joseph,East Carolina,WR,WR,83,ray ray joseph,0.11843038132111257,0.2092980023950685,406.0
23098,Aaron Karas,Memphis,RT,OL,79,aaron karas,0.1510523612422335,0.23580267031881966,776.5
23099,Sam Mattingly,Stanford,MIKE,LB,65,sam mattingly,-0.019535117991757365,-0.010507909009199208,31.0
23101,Zion Kearney,Wisconsin,WR,WR,77,zion kearney,-0.009032912380545892,0.029350824107590656,171.5
23104,Emmett Laws,Virginia Tech,DT,DT,72,emmett laws,-0.03674413585016523,0.004429264021699306,211.0
23114,Caden Kitler,Arkansas,C,OL,78,caden kitler,0.09042048933177514,0.16109122355854855,647.5
23118,Matthew Klopfenstein,Baylor,TE,TE,73,matthew klopfenstein,-0.011112423990210767,0.04082869105122259,156.0
23128,David Latu,Boise State,DT,DT,78,david latu,0.038689967469477456,0.13089106433893713,472.5
23129,Cayden Lee,Missouri,WR,WR,88,cayden lee,0.5197583723238821,0.6447573042692131,558.5
23130,Kerrington Lee,Wake Forest,REDG,EDGE,69,kerrington lee,-0.017131503164679214,-0.009911523092361738,37.0
23132,Sua Lefotu,Nebraska,DT,DT,73,sua lefotu,-0.044975246309233996,-0.02194936391643772,118.0
23137,Tai Leonard,UTSA,DT,DT,76,tai leonard,0.013363011265658429,0.10556410813511809,472.5
23139,Jaylen Thompson,UAB,FS,SAF,64,jaylen thompson,-0.020567267284423044,-0.013586023408038198,38.0
23143,Caleb Benning,Nebraska,FS,SAF,69,caleb benning,-0.03836801881482972,-0.02008818287534835,99.5
23145,Jason Llewellyn,Texas Tech,TE,TE,69,jason llewellyn,-0.06295649079335694,-0.038317756735241126,74.0
23149,Jalen Macon,Northern Illinois,QB,QB,70,jalen macon,-0.6515898662329669,-0.015968650441417983,697.0
23152,Isaac Lucas,San Diego State,RG,OL,70,isaac lucas,-0.011413551324222934,-0.0014814481355953214,91.0
23155,Jamari Lyons,Florida,DT,DT,83,jamari lyons,0.18971374574284475,0.2819148426123044,472.5
23156,Taeshaun Lyons,UNLV,WR,WR,77,taeshaun lyons,-0.010616350423471206,0.05272241007881826,283.0
23158,Michael Madrie,Boise State,DT,DT,75,michael madrie,-0.011311751939827076,0.04674079053353642,297.5
23160,Khalil Majeed,Michigan State,FS,SAF,73,khalil majeed,-0.04173880684192029,-0.00407683329826519,205.0
23161,Jonathan Maldonado,Ole Miss,REDG,EDGE,84,jonathan maldonado,0.14007527190515204,0.2243734176143723,432.0
23163,Preston Taumua,Nebraska,LT,OL,71,preston taumua,-0.004780393890765086,0.005151709297862527,91.0
23167,Josh Manning,Kansas State,WR,WR,78,josh manning,0.040835660623739334,0.0792193971118759,171.5
23168,Dravon Wilson,Sam Houston,CB,CB,66,dravon wilson,-0.21366285349343406,-0.14486085792222023,374.5
23169,Nick Marsh,Indiana,WR,WR,88,nick marsh,0.34593119226389707,0.436798813337853,406.0
23170,Justyn Martin,Ohio State,QB,QB,71,justyn martin,-0.028480382396692802,0.003893438493694548,35.5
23174,Jonah Miller,UTSA,LT,OL,75,jonah miller,-0.014742631487625564,0.055928102739147834,647.5
23176,Sidney Mbanasor,Old Dominion,WR,WR,76,sidney mbanasor,-0.22704031288185192,-0.10204138093652095,558.5
23179,Mathias Malaki-Donaldson,Middle Tennessee,REDG,EDGE,72,mathias malaki donaldson,-0.16646132847628015,-0.08216318276705988,432.0
23182,Seneca Moore Jr.,Liberty,WILL,LB,57,seneca moore,-0.039346767369350666,-0.03031955838679251,31.0
23185,Tyler Norris,Texas State,LG,OL,60,tyler norris,-0.03717396793530259,-0.027241864746674976,91.0
23190,Sean Martin,Northwestern,SS,SAF,64,sean martin,-0.03452891205616129,-0.027547668179776448,38.0
23191,Christian McKinney,Miami (OH),WILL,LB,62,christian mckinney,-0.03317945257216762,-0.024152243589609462,31.0
23195,Joseph McVay,Vanderbilt,WR,WR,70,joseph mcvay,-0.03617939357335322,-0.027786448277113455,37.5
23200,TJ Metcalf,Tennessee,FS,SAF,82,tj metcalf,0.2794509743514829,0.40382734551760247,677.0
23201,Demetrius Ballard,Boston College,LEDG,EDGE,71,demetrius ballard,-0.009386229035257815,-0.0021662489629403377,37.0
23205,Jaden Ball,Minnesota,RG,OL,73,jaden ball,-0.09315145982596057,-0.03677858843116758,516.5
23210,CJ Mims,Texas A&M,DT,DT,81,cj mims,0.12824491951124,0.2046401140602209,391.5
23211,Kenny Minchey,Kentucky,QB,QB,80,kenny minchey,0.6633212816901667,1.2989424974817156,697.0
23216,Garrison Monroe,Minnesota,FS,SAF,71,garrison monroe,-0.10683021856370649,-0.03876309076895424,370.5
23217,Braedyn Moore,UConn,SS,SAF,70,braedyn moore,-0.030204914092643365,0.007457059451011731,205.0
23218,Brayden Platt,Oregon,WILL,LB,71,brayden platt,0.006142288685848887,0.05841274069775821,179.5
23222,Terrence Moore,UConn,C,OL,79,terrence moore,-0.022859800599063146,0.06440082027245088,799.5
23223,Railyn Adams,Sam Houston,FS,SAF,66,railyn adams,-0.17671030634549903,-0.13904833280184395,205.0
23225,RJ Moss Jr.,Florida International,DT,DT,71,rj moss,-0.12418393214684853,-0.04778873759786767,391.5
23226,Smiley Bradford,Purdue,FS,SAF,73,smiley bradford,-0.20874486760922414,-0.10044372905320134,589.5
23227,Ben Murawski,Michigan State,LT,OL,83,ben murawski,0.19013054662133877,0.27739116749285275,799.5
23231,Will Upshaw,Tulsa,LEDG,EDGE,64,will upshaw,-0.032591242311304794,-0.025371262238987318,37.0
23232,Keenan Nelson Jr.,Georgia State,SS,SAF,75,keenan nelson,-0.009390234076886307,0.1149861370892332,677.0
23236,Ja'Kavion Nonar,Florida Atlantic,LT,OL,74,jakavion nonar,-0.0905491222850626,-0.0057988132084764235,776.5
23238,Ashton Mosley,South Florida,REDG,EDGE,68,ashton mosley,-0.036681300561416066,-0.02946132048909859,37.0
23239,Austin Novosad,Bowling Green,QB,QB,73,austin novosad,-0.49553448300149927,0.14008673279004957,697.0
23243,Cheta Ofili,TCU,REDG,EDGE,71,cheta ofili,-0.025354579092545546,-0.01813459902022807,37.0
23252,Jaiden Grimes,Kennesaw State,DT,DT,77,jaiden grimes,0.048173788262858556,0.14037488513231822,472.5
23253,Ezomo Oratokhai,Northwestern,C,OL,89,ezomo oratokhai,0.28667882323393956,0.37393944410545354,799.5
23254,Paul Oyewale,TCU,LEDG,EDGE,80,paul oyewale,0.23890365199899838,0.34144688248556143,525.5
23255,Nate Pabst,Florida State,RT,OL,82,nate pabst,0.101113794667445,0.18586410374403117,776.5
23260,Timothy Passmore Jr.,Massachusetts,DT,DT,67,timothy passmore,-0.14007591195801364,-0.0989025120861491,211.0
23264,Val Erickson,Liberty,RG,OL,67,val erickson,-0.0233998408406383,-0.013467737652010689,91.0
23266,Koi Perich,Oregon,SS,SAF,93,koi perich,0.6078174720531035,0.732193843219223,677.0
23267,Kam Perry,Colorado,WR,WR,83,kam perry,0.10548456213444972,0.14386829862258627,171.5
23276,Roman Pitre,Arizona State,LEDG,EDGE,78,roman pitre,0.06659102045686704,0.10952063169767366,220.0
23277,Justin Stearns,San José State,REDG,EDGE,71,justin stearns,-0.11849932247753164,-0.03420117676831138,432.0
23287,Tyler Powell,Arizona,TE,TE,69,tyler powell,-0.0057396926193558125,0.00041999089517314294,18.5
23288,Darrell Prater,Illinois,DT,DT,75,darrell prater,-0.05875785610139464,0.03344324076806502,472.5
23289,Elijah Prather,Troy,LG,OL,72,elijah prather,-0.12738617501888105,-0.04847506946527924,723.0
23290,Brady Pretzlaff,Michigan State,WILL,LB,67,brady pretzlaff,-0.010210264447239275,-0.0011830554646811188,31.0
23292,KP Price,Boston College,SS,SAF,87,kp price,0.46582005395978865,0.5901964251259082,677.0
23293,Syair Torrence,Boston College,CB,CB,78,syair torrence,0.03947120138352935,0.13794348342937876,536.0
23297,Marquaze Parker,Cincinnati,LEDG,EDGE,71,marquaze parker,-0.02139329632841292,0.03870815940871634,308.0
23300,Ryan Ramey,Old Dominion,SS,SAF,66,ryan ramey,-0.020536445937582352,-0.013555202061197506,38.0
23303,Jack Hines,Wake Forest,RG,OL,65,jack hines,-0.0460257801625935,-0.036093676973965885,91.0
23304,Kendrick Raphael,SMU,HB,RB,87,kendrick raphael,0.46281599170656074,0.7500371181419082,409.5
23317,Jake Renfro,Illinois,C,OL,85,jake renfro,0.19692259039351523,0.28418321126502927,799.5
23319,Jason Reynolds II,Northwestern,SAM,LB,69,jason reynolds,-0.13076933445316025,-0.07849888244125092,179.5
23320,Jalen Thomeson,San Diego State,FS,SAF,82,jalen thomeson,0.28051628785825256,0.40489265902437205,677.0
23321,JD Rhym,Houston,CB,CB,78,jd rhym,-0.08738376764509545,-0.01858177207388163,374.5
23326,Davion Hurth,UTSA,LG,OL,65,davion hurth,-0.030035096608731725,-0.02010299342010411,91.0
23327,Kevin Riley,Alabama,HB,RB,82,kevin riley,-0.046531808860266075,0.03903834358201081,122.0
23328,Tripp Riordan,SMU,TE,TE,67,tripp riordan,-0.0044761579742056724,0.0016835255403232822,18.5
23332,Kanye Roberts,App State,HB,RB,80,kanye roberts,-0.021728261395842247,0.14625576737403737,239.5
23336,Javan Robinson,Wisconsin,CB,CB,85,javan robinson,0.25134747908294464,0.3725088037270448,659.5
23341,Dejon Roney,San José State,REDG,EDGE,74,dejon roney,0.05696830140652277,0.15951153189308584,525.5
23343,Everett Roussaw Jr.,Arizona,SAM,LB,77,everett roussaw,0.1251209659007873,0.2724683125193172,506.0
23347,Hammond Russell IV,Wisconsin,DT,DT,83,hammond russell,0.19018600435119176,0.2823871012206514,472.5
23348,Tyshawn Russell,Syracuse,WR,WR,74,tyshawn russell,-0.007064496977358792,0.0013284483188809777,37.5
23350,Harrison Saint Germain,Virginia Tech,TE,TE,74,harrison saint germain,0.003591252523825408,0.028229986581941226,74.0
23351,Re'Shaun Sanford II,Houston,HB,RB,82,reshaun sanford,0.05182346215052964,0.21980749092040927,239.5
23356,Hall Schmidt,UCLA,RT,OL,74,hall schmidt,-0.004132948699542158,0.05223992269525083,516.5
23357,Isaac Schoenfeld,Wyoming,TE,TE,66,isaac schoenfeld,-0.0008963853843853152,0.00526329813014364,18.5
23359,Joshua Scott,Nevada,CB,CB,71,joshua scott,-0.05246337501562961,-0.010208477869089752,230.0
23364,Nick Sharpe,Michigan State,LG,OL,77,nick sharpe,0.014913283544782815,0.09382438909838463,723.0
23366,Fluff Bothwell,Mississippi State,HB,RB,88,fluff bothwell,0.4903344427609112,0.7775555691962586,409.5
23370,Cam Sidney,California,SS,SAF,77,cam sidney,-0.010430798342429761,0.027231175201225335,205.0
23371,Daniel Sill,Texas Tech,RT,OL,73,daniel sill,0.005313322812263183,0.015245426000890794,91.0
23378,Nate Smith,Jacksonville State,RT,OL,64,nate smith,-0.021034734884839187,-0.011102631696211574,91.0
23380,Smith Snowden,Michigan,CB,CB,87,smith snowden,0.1638887092564239,0.2623609913022733,536.0
23382,Cole Spence,Vanderbilt,TE,TE,80,cole spence,0.09022948809319856,0.18029404975158136,270.5
23384,Jake St. Andre,Louisiana,WILL,LB,67,jake st andre,-0.16020179858517375,-0.06949290832495228,311.5
23385,Ty Stamey,Texas State,TE,TE,70,ty stamey,-0.030875724866066146,-0.006236990807950324,74.0
23387,Justin Stevenson,North Texas,WR,WR,75,justin stevenson,-0.011793057376161962,0.012266719139725381,107.5
23388,I'Marion Stewart,Michigan,WR,WR,76,imarion stewart,-0.06394803356368552,-0.03988825704779817,107.5
23397,Joe Hjelle,Indiana,DT,DT,76,joe hjelle,-0.04704604471016121,0.011006497763202285,297.5
23405,Nigel Tate,UAB,DT,DT,77,nigel tate,0.03041830066735061,0.12261939753681027,472.5
23406,Devon Tauaefa,Hawai'i,TE,TE,74,devon tauaefa,0.021001091419097537,0.11106565307748037,270.5
23413,Makilan Thomas,Virginia,RG,OL,77,makilan thomas,0.02724949096738534,0.08362236236217832,516.5
23416,Mario Thompson,Old Dominion,WILL,LB,75,mario thompson,0.08197863487218296,0.17268752513240446,311.5
23418,Hayden Harlan,New Mexico State,C,OL,63,hayden harlan,-0.026580490588757447,-0.016648387400129833,91.0
23419,Frankie Tinilau,James Madison,LT,OL,77,frankie tinilau,0.04082738312588122,0.11973848867948303,723.0
23422,David Anderson,Duke,DT,DT,73,david anderson,-0.09586905071971281,-0.037816508246349315,297.5
23423,Rushaun Tongue,Wake Forest,SS,SAF,77,rushaun tongue,0.08029559931128046,0.18859673786730324,589.5
23424,Xavier Townsend,Purdue,WR,WR,81,xavier townsend,0.12123730277367771,0.2121049238476336,406.0
23427,Tyler Turner,Baylor,FS,SAF,75,tyler turner,0.00031840406909919495,0.01859824000858057,99.5
23428,Evan Lawrence,San Diego State,LG,OL,75,evan lawrence,-0.04823668014891557,0.03067442540468624,723.0
23433,Rylan Vann,NC State,C,OL,71,rylan vann,0.0020096693624074313,0.011941772551035044,91.0
23435,Jayden Virgin-Morgan,Boise State,REDG,EDGE,89,jayden virgin morgan,0.49897283444557056,0.6015160649321336,525.5
23437,Jasiah Wagoner,California,CB,CB,74,jasiah wagoner,-0.035230154629013896,-0.013000404391051624,121.0
23438,Zachary Franks,Massachusetts,RT,OL,68,zachary franks,-0.20398999964109038,-0.133319265414317,647.5
23439,Amorion Walker,UNLV,WR,WR,75,amorion walker,-0.09091982740324855,-0.05253609091511201,171.5
23441,Dallas Walker IV,Auburn,DT,DT,84,dallas walker,0.2600893638730846,0.3522904607425443,472.5
23442,Jordan Shipp,North Carolina,WR,WR,83,jordan shipp,0.30043375532097644,0.4254326872663074,558.5
23449,Cam Wallace,Penn State,HB,RB,81,cam wallace,-0.05158001284573222,0.03399013959654467,122.0
23452,Jackson Pons,Miami (OH),FS,SAF,67,jackson pons,-0.20763676249071789,-0.13956963469596562,370.5
23453,Billy Walton III,Oklahoma State,REDG,EDGE,73,billy walton,-0.012625136285518722,-0.005405156213201245,37.0
23454,Tyler Walton,Wake Forest,LEDG,EDGE,71,tyler walton,-0.07163883640254466,-0.028709225161738038,220.0
23455,DeMarco Ward,Pittsburgh,WILL,LB,71,demarco ward,-0.013822200242253387,-0.004794991259695231,31.0
23458,Bennett Warren,Minnesota,RT,OL,72,bennett warren,-8.132975823117988e-05,0.009850773430396432,91.0
23459,Montana Warren,Arizona State,SS,SAF,74,montana warren,-0.013652475027775644,0.02400949851587945,205.0
23460,Braden Carter,South Florida,RT,OL,67,braden carter,-0.03648128045585899,-0.026549177267231373,91.0
23462,Asaad Waseem,Purdue,WR,WR,84,asaad waseem,0.2865922103200499,0.41159114226538085,558.5
23463,Elliot Washington II,Clemson,CB,CB,82,elliot washington,0.05456049179683854,0.15303277384268796,536.0
23467,Jordan Washington,Washington,HB,RB,81,jordan washington,-0.17508115718232176,-0.007097128412442118,239.5
23469,Shone Washington,LSU,DT,DT,78,shone washington,0.002400969587037547,0.025426851979833822,118.0
23470,Ty Washington,Notre Dame,TE,TE,80,ty washington,0.03176936957904064,0.056408103637156454,74.0
23473,Jordan Bell,Memphis,WR,WR,73,jordan bell,-0.027571691685413277,-0.019178746389173506,37.5
23478,Kaleb Webb,Maryland,WR,WR,76,kaleb webb,0.030520017270744097,0.09385877777303357,283.0
23483,Whit Weeks,LSU,MIKE,LB,90,whit weeks,0.6123872516703086,0.8029778413181896,654.5
23485,Taylor Wein,Oklahoma,LEDG,EDGE,87,taylor wein,0.4269324709134835,0.5294757014000465,525.5
23493,Travon West,Wake Forest,CB,CB,74,travon west,-0.036290837604649205,-0.014061087366686929,121.0
23498,Marqavious Saboor,Cincinnati,SS,SAF,67,marqavious saboor,-0.03137893721886996,-0.024397693342485115,38.0
23499,Whittman Whaley,Wake Forest,MIKE,LB,65,whittman whaley,-0.02274604954629972,-0.013718840563741565,31.0
23502,Jason Brown Jr.,Arizona State,HB,RB,78,jason brown,-0.0698965664659516,0.015673585976325264,122.0
23503,Hunter Whitenack,Western Michigan,LG,OL,83,hunter whitenack,0.11169557282207707,0.19895619369359108,799.5
23504,Will Whitson,Mississippi State,LEDG,EDGE,82,will whitson,0.373132902332766,0.4756761328193291,525.5
23505,Creed Whittemore,Utah,WR,WR,82,creed whittemore,0.0692950523502066,0.13263381285249606,283.0
23509,Corian Gipson,Clemson,CB,CB,78,corian gipson,-0.08761658314487085,-0.01881458757365703,374.5
23510,Quency Wiggins,Colorado,LEDG,EDGE,76,quency wiggins,0.10817594240160625,0.1924740881108265,432.0
23518,Carl Williams IV,Oregon,FS,SAF,78,carl williams,0.005566879082530766,0.07363400687728303,370.5
23519,Derek Williams Jr.,Texas,SS,SAF,79,derek williams,0.06321400944692476,0.13128113724167703,370.5
23521,Ashley Williams,Louisiana,MIKE,LB,68,ashley williams,-0.24357891056364414,-0.09623156394511426,506.0
23527,Gentry Williams,Georgia,CB,CB,80,gentry williams,-0.11751097320173422,-0.0190386911558848,536.0
23528,Hykeem Williams,Colorado,WR,WR,79,hykeem williams,-0.013490220933821725,0.010569555582065616,107.5
23529,Izaiah Williams,Kansas State,WR,WR,78,izaiah williams,-0.031159413572625607,0.03217934692966386,283.0
23536,J'ven Williams,Charlotte,LT,OL,75,jven williams,-0.015672181608046724,0.0715884392634673,799.5
23540,Terrence Smith Jr.,Colorado State,WR,WR,66,terrence smith,-0.04052084427057042,-0.03212789897433065,37.5
23543,Trevion Williams,Mississippi State,LEDG,EDGE,80,trevion williams,0.17469282138900583,0.2589909670982261,432.0
23548,Zereoue Williams,Utah,LT,OL,79,zereoue williams,0.022221222893620524,0.1069715319702067,776.5
23549,Martell Hughes,Arizona State,WILL,LB,75,martell hughes,-0.14877310595547064,-0.0014257593369407298,506.0
23551,Damon Wilson II,Miami,REDG,EDGE,89,damon wilson,0.35734268784211143,0.4598859183286744,525.5
23556,Elijah Moore,Syracuse,WR,WR,71,elijah moore,-0.023907557992799623,-0.015514612696559852,37.5
23559,Raylen Wilson,Georgia,MIKE,LB,89,raylen wilson,0.7808646240138989,0.97145521366178,654.5
23562,Ryan Wingo,Texas,WR,WR,87,ryan wingo,0.27304811914216454,0.3639157402161204,406.0
23564,Mekhi Anderson,UTSA,WR,WR,73,mekhi anderson,-0.012606317202795415,-0.004213371906555644,37.5
23567,Quintrevion Wisner,Florida State,HB,RB,89,quintrevion wisner,0.7698799256984438,1.0571010521337911,409.5
23570,Brandon Davis-Swain,Texas A&M,DT,DT,72,brandon davis swain,-0.008968530700091527,-0.0009680122415775665,41.0
23572,Da'Shawn Womack,Auburn,REDG,EDGE,81,dashawn womack,0.33500398492868305,0.43754721541524616,525.5
23576,Isaiah Crosby,California,FS,SAF,78,isaiah crosby,-0.08525058314426771,0.023050555411755103,589.5
23584,Abram Wright,Rutgers,WILL,LB,74,abram wright,-0.06322596698625094,0.027482923273970526,311.5
23585,Isaiah Wright,Maryland,LG,OL,77,isaiah wright,-0.03760266754070045,0.03306806668607295,647.5
23587,Traveon Wright,Purdue,CB,CB,73,traveon wright,-0.03382275801153653,-0.011593007773574256,121.0
23588,Keon Wylie,Virginia Tech,WILL,LB,72,keon wylie,-0.10136408655630648,-0.04909363454439716,179.5
23593,David Afogho,West Virginia,REDG,EDGE,75,david afogho,0.03669021280868805,0.07961982404949465,220.0
23600,Jacob Cruz,Jacksonville State,LEDG,EDGE,71,jacob cruz,-0.23812617886544968,-0.13558294837888663,525.5
23601,Chris Culliver,Marshall,WR,WR,79,chris culliver,0.0003953212027691538,0.06373408170505862,283.0
23602,Elijah Davis,Utah,CB,CB,83,elijah davis,0.3809257946387941,0.5020871192828943,659.5
23606,Caleb Dorris,Duke,LT,OL,74,caleb dorris,-0.11124370445145958,-0.040572970224686186,647.5
23609,Ric'Darious Farmer,UCF,WR,WR,74,ricdarious farmer,-0.05706803028009072,-0.033008253764203375,107.5
23615,Katin Houser,Illinois,QB,QB,83,katin houser,0.2346931307026048,0.8703143464941536,697.0
23616,Walker Howard,Ole Miss,QB,QB,72,walker howard,-0.030655161648058853,0.0017186592423284984,35.5
23618,Caden Jensen,Louisiana,TE,TE,75,caden jensen,0.024033960282038067,0.11409852194042089,270.5
23622,Duke Watson,UCF,HB,RB,83,duke watson,-0.06904426115250037,0.21817686528284705,409.5
23623,Wes King,West Virginia,C,OL,76,wes king,-0.001998723459372625,0.007933379729254987,91.0
23626,Derrick McFall,SMU,HB,RB,80,derrick mcfall,-0.07206824171617977,0.09591578705369984,239.5
23636,Ben Rios,UTSA,C,OL,79,ben rios,0.02977168204593257,0.1170323029174466,799.5
23644,Ty Thompson,Tulane,TE,TE,66,ty thompson,-0.008396888397251593,-0.0022372048827226385,18.5
23649,Princewill Umanmielen,LSU,REDG,EDGE,89,princewill umanmielen,0.3256091698628097,0.4281524003493728,525.5
23650,Jahiem White,North Texas,HB,RB,88,jahiem white,0.16207190946549271,0.44929303590084013,409.5
23651,Carson Willich,Iowa State,SAM,LB,72,carson willich,-0.28173678875883085,-0.1343894421403009,506.0
23653,Ryan Yaites,TCU,SS,SAF,75,ryan yaites,-0.012618436290497907,0.005661399648983466,99.5
23654,Richard Young,Colorado,HB,RB,82,richard young,0.25542907677864873,0.5426502032139962,409.5
23656,Elijah Brown,Kentucky,TE,TE,73,elijah brown,-0.005209958607037924,0.007275886354845094,37.5
23665,Austin McGee,Georgia State,WR,WR,70,austin mcgee,-0.14137283512245744,-0.1029890986343209,171.5
23669,Iapani Laloulu,Oregon,C,OL,93,iapani laloulu,0.37794122514855,0.465201846020064,799.5
23670,Tyler Little,Arkansas State,TE,TE,73,tyler little,-0.04777097718658713,0.04229358447179571,270.5
23674,Adrian Norton,Marshall,WR,WR,80,adrian norton,0.12046850171549968,0.24546743366083068,558.5
23677,Brady Prieskorn,Ole Miss,TE,TE,73,brady prieskorn,-0.002542962956914353,0.009942882004968664,37.5
23686,Cole Marszalek,Kentucky,TE,TE,55,cole marszalek,-0.027920272368441846,-0.021760588853912893,18.5
23689,Jalen Klemm,Arizona State,LT,OL,72,jalen klemm,-0.106707170804758,-0.050334299409965005,516.5
23693,Harrison Moore,Florida,C,OL,80,harrison moore,0.18279272454083334,0.25346345876760673,647.5
23694,Sean Na'a,UCLA,LG,OL,73,sean naa,-0.005174658701866181,0.004757444486761432,91.0
23695,Ashton Funk,Texas A&M,C,OL,76,ashton funk,0.008175639730058464,0.018107742918686075,91.0
23696,Aaron Philo,Florida,QB,QB,75,aaron philo,-0.27663420193732047,0.3589870138542284,697.0
23697,Amaree Williams,Mississippi State,SAM,LB,77,amaree williams,0.10861047821775534,0.25595782483628526,506.0
23698,Chance Robinson,NC State,WR,WR,74,chance robinson,-0.019363575045223767,-0.010970629748983995,37.5
23701,Champ Thompson,Clemson,DT,DT,67,champ thompson,-0.0137627057975252,-0.005762187339011241,41.0
23703,Jay Coyne,Michigan State,FB,RB,74,jay coyne,-0.047107545572500145,-0.027819191538380358,27.5
23706,Korey Smith,Middle Tennessee,MIKE,LB,74,korey smith,-0.25235292242162155,-0.06176233277374046,654.5
23707,Jordan Thompson,Coastal Carolina,WILL,LB,68,jordan thompson,-0.012788329411184268,-0.0037611204286261118,31.0
23708,Mike Gerald,Minnesota,CB,CB,71,mike gerald,-0.0409753449245883,-0.018745594686626024,121.0
23710,Tanner Johnson,Mississippi State,SS,SAF,72,tanner johnson,-0.009862664526514254,-0.002881420650129407,38.0
23713,Ricky Johnson,Utah,WR,WR,70,ricky johnson,-0.024227998281405833,-0.015835052985166062,37.5
23714,Jalen Marshall,Missouri,DT,DT,79,jalen marshall,0.07361652690177066,0.13166906937513415,297.5
23715,Caleb Flagg,UCF,FS,SAF,75,caleb flagg,-0.03467471791027392,0.0029872556333811764,205.0
23717,Luke Hutchison,Navy,WR,WR,82,luke hutchison,0.23398006217286565,0.3589789941181966,558.5
23719,Matthew Seliga,Navy,SS,SAF,70,matthew seliga,-0.09764904304378028,-0.029581915249028017,370.5
23720,Aiden Arias,NC State,TE,TE,55,aiden arias,-0.05916084767106594,-0.04667500270918293,37.5
23721,Jackson Vick,NC State,CB,CB,76,jackson vick,-0.008112000641183302,0.0903602814046661,536.0
23722,Grant Seagren,Northwestern,LT,OL,78,grant seagren,0.051645611239387254,0.13639592031597345,776.5
23732,Nic Trujillo,UL Monroe,WR,WR,77,nic trujillo,0.05825164711720445,0.18325057906253542,558.5
23735,Hyrum Hatch,Utah State,TE,TE,55,hyrum hatch,-0.0629355173457622,-0.05044967238387919,37.5
23737,Logan Saldate,Notre Dame,WR,WR,71,logan saldate,-0.02130786561051084,-0.012914920314271069,37.5
23738,Jack Larsen,Notre Dame,TE,TE,67,jack larsen,-0.0026910540062868088,0.0034686295082421463,18.5
23744,Jerry Lydiatt,New Mexico State,TE,TE,74,jerry lydiatt,-0.046694279119576985,0.04337028253880585,270.5
23750,Drew Mestemaker,Oklahoma State,QB,QB,89,drew mestemaker,1.1861672217919739,1.8217884375835227,697.0
23752,Keon Johnson,North Texas,LG,OL,70,keon johnson,-0.027687166849912168,-0.017755063661284553,91.0
23753,George Dimopoulos,Northern Illinois,WR,WR,70,george dimopoulos,-0.015090101429544922,-0.006697156133305153,37.5
23755,Ricky Ahumaraeze,Northwestern,WR,WR,76,ricky ahumaraeze,0.019845075108397184,0.05822881159653374,171.5
23758,Damon Walters,Northwestern,SS,SAF,77,damon walters,0.04886184481587435,0.15716298337189719,589.5
23759,Nick Poulos,Ohio,QB,QB,72,nick poulos,-0.07175022706175443,0.022179450451200414,103.0
23760,Max Rodarte,Ohio,WR,WR,74,max rodarte,-0.051882753293844605,0.011456007208444856,283.0
23764,Tony Mathis,Ohio,CB,CB,69,tony mathis,-0.10641981450904082,-0.06416491736250096,230.0
23765,Jacob Jordan,Oklahoma,WR,WR,70,jacob jordan,-0.019402174159818958,-0.011009228863579188,37.5
23772,Braylon Isom,Miami (OH),WR,WR,76,braylon isom,-0.047894442640934176,0.04297317843302173,406.0
23773,Tyree Blake,Oregon State,WILL,LB,70,tyree blake,-0.03013244892313775,-0.00800122690138227,76.0
23775,Jaeden Moore,Pittsburgh,LEDG,EDGE,73,jaeden moore,-0.1306772791409785,-0.08774766790017188,220.0
23776,Solomon Davis,San Diego State,FS,SAF,73,solomon davis,-0.01956081091540996,0.018101162628245134,205.0
23777,Jake Reichle,Oregon State,HB,RB,77,jake reichle,-0.38776645027086276,-0.21978242150098312,239.5
23778,Jojo Johnson,Texas Tech,DT,DT,78,jojo johnson,-0.00853870726935825,0.014487175123438027,118.0
23779,Zakaih Saez,UConn,REDG,EDGE,75,zakaih saez,-0.01867795677863997,0.02425165446216665,220.0
23780,Clive Pond,Oregon State,WILL,LB,68,clive pond,-0.012673937820261808,-0.003646728837703652,31.0
23781,Tyseer Denmark,Virginia Tech,WR,WR,78,tyseer denmark,-0.02718445048978493,0.01119928599835162,171.5
23783,Kaleb Artis,Temple,DT,DT,81,kaleb artis,0.05189732905822223,0.1440984259276819,472.5
23785,Dejuan Lane,Tennessee,SS,SAF,78,dejuan lane,0.06798047502103201,0.13604760281578426,370.5
23786,Malachi Thomas,LSU,TE,TE,77,malachi thomas,-0.061477982742781816,-0.00953686770134847,156.0
23787,Isaiah Neal,Pittsburgh,LEDG,EDGE,81,isaiah neal,0.22207773005779843,0.3063758757670187,432.0
23794,Jordan Walker,Georgia Tech,REDG,EDGE,78,jordan walker,0.09134085419404042,0.1938840846806035,525.5
23795,Timmy Hinspeter,Massachusetts,MIKE,LB,74,timmy hinspeter,-0.18003937641581,-0.03269202979728009,506.0
23802,Krishna Clay,San Diego State,DT,DT,74,krishna clay,-0.013400720741072753,0.027772679130791775,211.0
23806,Tyler Chen,San José State,RG,OL,77,tyler chen,0.004650483132404135,0.09191110400391815,799.5
23808,Daniel Moleni,San José State,LG,OL,71,daniel moleni,-0.07677190937820652,-0.006101175151433123,647.5
23810,Dylan Hampsten,Fresno State,REDG,EDGE,75,dylan hampsten,-0.028342583723741734,0.014587027517064881,220.0
23816,Maurice Brown II,South Carolina,TE,TE,74,maurice brown,-0.011281169329622694,0.04065994571181066,156.0
23826,David Omopariola,Syracuse,REDG,EDGE,73,david omopariola,-0.054638765065758856,0.005462690671370408,308.0
23827,Cooper Powers,TCU,C,OL,78,cooper powers,0.032589473690863444,0.11150057924446524,723.0
23828,Max Carroll,TCU,WILL,LB,75,max carroll,0.22230848082571053,0.4128990704735916,654.5
23832,Joseph Auzenne,Temple,DT,DT,75,joseph auzenne,-0.152321852722166,-0.07592665817318514,391.5
23833,Zyil Powell,Temple,SS,SAF,70,zyil powell,-0.0077975832741409784,-0.0008163393977561315,38.0
23838,Will Mitchell II,Texas State,SS,SAF,72,will mitchell,-0.11751809373620063,-0.009216955180177821,589.5
23841,Harvey Dyson,NC State,SAM,LB,81,harvey dyson,0.4205389838282851,0.6111295734761661,654.5
23844,Maximus McCree,Washington State,LT,OL,71,maximus mccree,-0.014922083696706515,-0.0049899805080789025,91.0
23848,Dylan Hohler,Toledo,SS,SAF,69,dylan hohler,-0.062287352646072325,-0.02462537910241723,205.0
23850,Carlos Slayden,Akron,RG,OL,68,carlos slayden,-0.020352367306836556,-0.010420264118208941,91.0
23852,Kam Curry,Troy,DT,DT,77,kam curry,0.024266102647855496,0.11646719951731516,472.5
23853,Jamauri McClure,Tulane,HB,RB,84,jamauri mcclure,0.039005725624351194,0.3262268520596986,409.5
23854,Joshua Goines,New Mexico State,TE,TE,71,joshua goines,-0.07446844041900563,-0.022527325377572276,156.0
23855,Darion Reed,Tulane,RT,OL,68,darion reed,-0.14574226672080892,-0.08936939532601593,516.5
23857,Grayson Tempest,Tulsa,WR,WR,73,grayson tempest,-0.003404511464935575,0.004988433831304196,37.5
23858,Will Morris,Tulsa,C,OL,66,will morris,-0.03326137960966766,-0.023329276421040043,91.0
23869,Micah Banuelos,Purdue,LG,OL,72,micah banuelos,-0.05136976622443384,-0.041437663035806226,91.0
23873,Keith Olson,Utah,RG,OL,79,keith olson,0.09951300868803745,0.18677362955955146,799.5
23876,Quimari Shemwell,California,CB,CB,72,quimari shemwell,-0.01610939410609347,-0.009495584117939406,36.0
23877,Keegan Wechsler,Vanderbilt,C,OL,70,keegan wechsler,-0.020806076772846977,-0.010873973584219364,91.0
23879,Jalen Gilbert,Vanderbilt,SS,SAF,69,jalen gilbert,-0.021886327412244666,-0.01490508353585982,38.0
23883,Ethan Day,Utah,REDG,EDGE,79,ethan day,0.1374364722891977,0.22173461799841795,432.0
23884,Jaden Williams,Kentucky,DT,DT,75,jaden williams,-0.0018800828663040397,0.021145799526492235,118.0
23885,Dante Drake,Wyoming,DT,DT,73,dante drake,-0.0040912445306649165,0.07230395001831595,391.5
23889,Caleb Robinson,Wyoming,DT,DT,72,caleb robinson,-0.0057713490246744355,0.052281193448689055,297.5
23892,Jeremy Schleicher,Western Michigan,C,OL,73,jeremy schleicher,0.030905373232353296,0.1098164787859551,723.0
23894,Joshua Franklin,Western Michigan,CB,CB,81,joshua franklin,0.145474822908452,0.26663614755255216,659.5
23897,Ethan O'Connor,Miami,CB,CB,87,ethan oconnor,0.2607471052581128,0.38190842990221296,659.5
23898,Harry Lodge,UCLA,TE,TE,73,harry lodge,-0.015199282737324807,0.036741832304108546,156.0
23902,Ahmad Hardy,Missouri,HB,RB,96,ahmad hardy,0.7555623889606189,1.0427835153959664,409.5
23903,James Jones,New Mexico State,HB,RB,77,james jones,-0.144532220392925,0.023451808376954646,239.5
23910,Jaxon King,Massachusetts,LT,OL,63,jaxon king,-0.049205634730010474,-0.039273531541382856,91.0
23912,Lucas Conti,UNLV,DT,DT,82,lucas conti,0.10760620665976887,0.19980730352922854,472.5
23920,Herschel Turner,Nevada,HB,RB,77,herschel turner,-0.2770307747684282,0.010190351666919237,409.5
23921,Derrick Jameson,UL Monroe,HB,RB,76,derrick jameson,-0.6142543913381247,-0.3270332649027773,409.5
23926,Juan Camacho Jr.,UTEP,RT,OL,71,juan camacho,-0.05814899188777332,0.01252174233900008,647.5
23929,Terrell Jones,South Florida,LEDG,EDGE,73,terrell jones,0.006087506759975402,0.06618896249710467,308.0
23930,Ethan Minter,Virginia,SS,SAF,86,ethan minter,0.3533060572345536,0.47768242840067315,677.0
23933,Keelon Russell,Alabama,QB,QB,82,keelon russell,0.09843633427985815,0.192366011792813,103.0
23934,Michael Carroll,Alabama,RT,OL,87,michael carroll,0.3857264005146439,0.4729870213861579,799.5
23935,Dijon Lee Jr.,Alabama,CB,CB,88,dijon lee,0.5609529544988073,0.6594252365446567,536.0
23936,Ivan Taylor,Alabama,SS,SAF,82,ivan taylor,0.11142583430195842,0.17949296209671067,370.5
23937,Jackson Lloyd,Alabama,LT,OL,77,jackson lloyd,0.06925810490965242,0.14816921046325424,723.0
23938,Derek Meadows,Alabama,WR,WR,76,derek meadows,-0.1418304978254444,-0.07849173732315493,283.0
23939,Justin Hill,Alabama,REDG,EDGE,80,justin hill,-0.05166390410792097,-0.008734292867114348,220.0
23940,AK Dear,Alabama,HB,RB,82,ak dear,0.19179187011210616,0.3597758988819858,239.5
23941,Duke Johnson II,Alabama,MIKE,LB,71,duke johnson,-0.04351839547635981,-0.021387173454604332,76.0
23942,Marshall Pritchett,Alabama,TE,TE,74,marshall pritchett,-0.0015231006968690428,0.010962744265013976,37.5
23943,Mal Waldrep Jr.,Alabama,C,OL,73,mal waldrep,0.0033943993311869266,0.01332650251981454,91.0
23944,Micah DeBose,Vanderbilt,RG,OL,77,micah debose,-0.011490166669518194,0.06742093888408363,723.0
23945,Luke Metz,Alabama,MIKE,LB,73,luke metz,0.02197610307474282,0.11268499333496429,311.5
23950,Chuck McDonald III,Alabama,CB,CB,77,chuck mcdonald,-0.009318988625832757,0.059483006945381056,374.5
23951,Kaleb Edwards,Alabama,TE,TE,78,kaleb edwards,0.10956192803185152,0.19962648969023436,270.5
23952,London Simmons,Alabama,DT,DT,82,london simmons,0.11070140514600803,0.16875394761937154,297.5
23953,Tavion Wallace,Kentucky,MIKE,LB,73,tavion wallace,-0.06799658303778618,0.07935076358074372,506.0
23955,Kevin Oatis,Kansas,DT,DT,75,kevin oatis,-0.050384218922694776,-0.009210819050830247,211.0
23956,Grayson Wilson,Boston College,QB,QB,71,grayson wilson,-0.06808391567020129,0.025845761842753563,103.0
23957,Ja'Kayden Ferguson,Kentucky,WR,WR,75,jakayden ferguson,-0.03342269302688819,-0.009362916511000846,107.5
23959,Keiundre Johnson,Arkansas,LEDG,EDGE,71,keiundre johnson,-0.0107494226416075,-0.0035294425692900234,37.0
23961,Kash Courtney,Arkansas,C,OL,67,kash courtney,-0.011238429176526218,-0.001306325987898606,91.0
23962,Keshawn Davila,North Texas,CB,CB,70,keshawn davila,-0.07436404844637387,-0.052134298208411596,121.0
23963,Blake Cherry,Wisconsin,LG,OL,72,blake cherry,0.0008353165756237388,0.010767419764251352,91.0
23965,JJ Shelton,Baylor,SAM,LB,68,jj shelton,-0.2583485727675683,-0.16763968250734682,311.5
23966,Taijh Overton,UL Monroe,SS,SAF,67,taijh overton,-0.09881354915310692,-0.06115157560945182,205.0
23967,Cam Settles,Arkansas,HB,RB,75,cam settles,-0.09047646160594115,-0.004906309163664264,122.0
23973,LJ Prudhomme,Mississippi State,RG,OL,69,lj prudhomme,-0.014410383420042439,-0.004478280231414826,91.0
23975,Markeylin Batton,Arkansas,HB,RB,70,markeylin batton,-0.044788060691934535,-0.02585040400388965,27.0
23977,Malik Autry,Auburn,DT,DT,82,malik autry,0.1495752141717777,0.2076277566451412,297.5
23978,Deuce Knight,Ole Miss,QB,QB,79,deuce knight,-0.003768093376677492,0.09016158413627735,103.0
23979,Jared Smith,Auburn,LEDG,EDGE,80,jared smith,0.15942640538402597,0.24372455109324623,432.0
23980,AnQuon Fegans,Auburn,FS,SAF,72,anquon fegans,-0.007666642246246459,-0.0006853983698616126,38.0
23981,J.J. Faulk,Auburn,REDG,EDGE,73,j j faulk,-0.02445368278835966,-0.0019156368869361875,115.5
23982,Jourdin Crawford,Auburn,DT,DT,79,jourdin crawford,0.03475720228303054,0.07593060215489507,211.0
23983,Eric Winters,Auburn,FS,SAF,76,eric winters,0.062746123689751,0.1710472622457738,589.5
23984,Donovan Starr,Clemson,CB,CB,74,donovan starr,-0.04686033501849019,-0.024630584780527914,121.0
23985,Blake Woodby,Auburn,CB,CB,77,blake woodby,-0.18096947026529853,-0.11216747469408472,374.5
23988,Darrion Smith,Auburn,LEDG,EDGE,75,darrion smith,0.014347198615822463,0.057276809856629085,220.0
23990,Bryce Deas,Auburn,MIKE,LB,72,bryce deas,-0.07104098532062772,0.01966790493959375,311.5
23992,Elijah Melendez,Auburn,MIKE,LB,76,elijah melendez,0.044464275790768164,0.19181162240929805,506.0
23993,Sam Turner,Auburn,WR,WR,73,sam turner,-0.01751419241975287,-0.0091212471235131,37.5
23996,Tai Buster,Auburn,LT,OL,68,tai buster,-0.018082538308529485,-0.00815043511990187,91.0
23999,Kail Ellis,Auburn,C,OL,67,kail ellis,-0.014995004294899679,-0.005062901106272066,91.0
24000,Jacobe Ward,Auburn,RG,OL,77,jacobe ward,0.06105038846651992,0.1174232598613129,516.5
24002,Ben Hanks III,Florida,CB,CB,80,ben hanks,-0.008775989690168367,0.060026005881045445,374.5
24003,Vernell Brown III,Florida,WR,WR,87,vernell brown,0.26187819703404774,0.3527458181080037,406.0
24006,Connor Lingren,TCU,DT,DT,72,connor lingren,-0.005133523756426015,0.002866994702087945,41.0
24438,Jayden Woods,Florida,REDG,EDGE,83,jayden woods,0.17013713993899962,0.2544352856482199,432.0
24439,Drake Stubbs,Florida,SS,SAF,74,drake stubbs,-0.00843986934579731,0.009839966593684064,99.5
24441,Lagonza Hayward,Florida,SS,SAF,73,lagonza hayward,-0.004862359894014205,0.002118883982370642,38.0
24442,Jalen Wiggins,Florida,LEDG,EDGE,78,jalen wiggins,0.007914868213076678,0.015134848285394152,37.0
24444,Duke Clark,Florida,HB,RB,79,duke clark,0.002904234691852533,0.038675363991492864,51.0
24445,Tramell Jones Jr.,Florida,QB,QB,75,tramell jones,0.013658390396141131,0.10758806790909597,103.0
24446,Naeshaun Montgomery,Missouri,WR,WR,76,naeshaun montgomery,-0.012368049472223646,-0.003975104175983876,37.5
24449,Jeramiah McCloud,Florida,DT,DT,76,jeramiah mccloud,-0.010222292754765456,0.01280358963803082,118.0
24452,Cameron Kossmann,Boston College,TE,TE,73,cameron kossmann,-0.004893882782903668,0.047047232258529685,156.0
24453,Joseph Mbatchou,Florida,DT,DT,78,joseph mbatchou,0.04240278559628868,0.10045532806965218,297.5
24454,Myles Johnson,Florida,MIKE,LB,69,myles johnson,-0.06252712773313818,-0.010256675721228854,179.5
24456,Muizz Tounkara,Houston,WR,WR,71,muizz tounkara,-0.021942481958696455,-0.013549536662456684,37.5
24459,Elijah Griffin,Georgia,DT,DT,87,elijah griffin,0.3557050553673057,0.4479061522367653,472.5
24460,Isaiah Gibson,Georgia,REDG,EDGE,79,isaiah gibson,0.02194928368713615,0.044487329588559624,115.5
24461,Juan Gaston,Georgia,RT,OL,82,juan gaston,0.09080932394940851,0.16148005817618188,647.5
24462,Zayden Walker,Georgia,WILL,LB,78,zayden walker,0.08092852107994002,0.13319897309184933,179.5
24463,Darren Ikinnagbon,Georgia,SAM,LB,74,darren ikinnagbon,0.010566444341821692,0.03269766636357717,76.0
24464,Talyn Taylor,Georgia,WR,WR,79,talyn taylor,-0.0022059657365239697,0.0061869795597158,37.5
24466,Elyiss Williams,Georgia,TE,TE,77,elyiss williams,0.008372806077364818,0.020858651039247837,37.5
24468,CJ Wiley,Georgia,WR,WR,78,cj wiley,-0.0025641025300381227,0.005828842766201647,37.5
24469,Ryan Montgomery,Georgia,QB,QB,70,ryan montgomery,-0.029717680014302188,0.002656140876085163,35.5
24470,Jontae Gilbert,Georgia,CB,CB,73,jontae gilbert,0.004324167027895233,0.046579064174435095,230.0
24471,Cortez Smith,Georgia,C,OL,76,cortez smith,0.008588415037974221,0.018520518226601834,91.0
24472,Landon Roldan,Georgia,WR,WR,79,landon roldan,-0.013854531759782868,0.010205244756104473,107.5
24474,AJ Kruah,Georgia,MIKE,LB,68,aj kruah,-0.01273749043767728,-0.0037102814551191244,31.0
24476,Dominick Kelly,Ohio State,CB,CB,81,dominick kelly,0.06703384914721061,0.10928874629375047,230.0
24483,Rasean Dinkins,Georgia,SS,SAF,74,rasean dinkins,-0.005821441136817034,0.001159802739567813,38.0
24484,Dontrell Glover,Georgia,LG,OL,83,dontrell glover,0.21178192462396228,0.2906930301775641,723.0
24487,Mikkel Skinner,Kentucky,TE,TE,74,mikkel skinner,-0.0062807708989930135,0.018357963159122807,74.0
24489,Martels Carter Jr.,Kentucky,FS,SAF,76,martels carter,-0.017639848721197462,0.05042727907355479,370.5
24490,Cedric Works,Kentucky,REDG,EDGE,76,cedric works,-0.14444435964685604,-0.08434290390972676,308.0
24491,Demarcus Gardner,Kentucky,CB,CB,74,demarcus gardner,-0.052997010979998614,-0.010742113833458754,230.0
24492,Darrin Strey,LSU,RT,OL,73,darrin strey,-0.005839534197535095,0.004092568991092518,91.0
24493,Kalen Edwards,Kentucky,DT,DT,77,kalen edwards,0.002521718575295169,0.043695118447159696,211.0
24494,Cameron Miller,Ole Miss,WR,WR,74,cameron miller,-0.017165388169172534,-0.008772442872932764,37.5
24495,Jay Clark,Kentucky,RG,OL,70,jay clark,-0.0033646877437743324,0.006567415444853281,91.0
24497,Stone Saunders,San Diego State,QB,QB,69,stone saunders,-0.0886507395908602,0.005278937922094653,103.0
24498,Jermiel Atkins,Kentucky,LT,OL,70,jermiel atkins,-0.013615833007369894,-0.00368372981874228,91.0
24499,DJ Miller,Kentucky,WR,WR,77,dj miller,0.015558513013318351,0.10642613408727426,406.0
24500,Preston Bowman,Ohio,WR,WR,75,preston bowman,-0.11160775639851625,-0.02074013532456034,406.0
24501,Dyllon Williams,Kentucky,SS,SAF,70,dyllon williams,-0.012131929363857768,-0.005150685487472922,38.0
24502,Grant Grayton,Kentucky,CB,CB,75,grant grayton,0.07773768237879988,0.1762099644246493,536.0
24503,Montavin Quisenberry,Louisville,WR,WR,77,montavin quisenberry,-0.009364794607666564,-0.0009718493114267937,37.5
24504,Brennen Ward,Kentucky,QB,QB,69,brennen ward,-0.12284371367688712,-0.028914036163932268,103.0
24507,DJ Pickett,LSU,CB,CB,88,dj pickett,0.3492848448854693,0.47044616952956947,659.5
24508,Harlem Berry,LSU,HB,RB,86,harlem berry,0.14179079757501492,0.30977482634489456,239.5
24510,Charles Ross II,LSU,WILL,LB,70,charles ross,-0.07125776828252701,-0.049126546260771536,76.0
24512,JT Lindsey,Ole Miss,HB,RB,81,jt lindsey,0.053286734092197405,0.22127076286207703,239.5
24514,Aidan Anding,LSU,CB,CB,74,aidan anding,-0.051910994681609444,-0.029681244443647167,121.0
24516,TaRon Francis,West Virginia,WR,WR,75,taron francis,-0.05037750882988345,-0.026317732313996107,107.5
24517,Tyler Miller,Mississippi State,LT,OL,73,tyler miller,-0.0021531025933899943,0.007779000595237619,91.0
24518,Phillip Wright III,LSU,WR,WR,77,phillip wright,-0.007455446124422782,0.0009374991718169881,37.5
24519,Zach Weeks,LSU,MIKE,LB,70,zach weeks,-0.0075542682012328865,0.0014729407813252693,31.0
24520,Damien Shanklin,LSU,LEDG,EDGE,75,damien shanklin,-0.007990856565264487,0.03493875467554213,220.0
24522,Jhase Thomas,LSU,SS,SAF,73,jhase thomas,-0.005920755290720947,0.0010604885856638996,38.0
24523,CJ Jimcoily,LSU,SS,SAF,73,cj jimcoily,0.00047509936263109354,0.0074563432390159405,38.0
24529,Walter Mathis Jr.,Auburn,REDG,EDGE,70,walter mathis,-0.004706733192389088,0.0025132468799283886,37.0
24530,KaMario Taylor,Mississippi State,QB,QB,83,kamario taylor,-0.14157629977822944,0.49404491601331946,697.0
24531,Tyshun Willis,Mississippi State,WILL,LB,72,tyshun willis,-0.010222313973544167,-0.0011951049909860127,31.0
24532,Tyler Lockhart,Mississippi State,WILL,LB,72,tyler lockhart,-0.006588163156930367,0.002439045825627788,31.0
24533,Kyle Johnson,Mississippi State,CB,CB,72,kyle johnson,-0.17652254980584803,-0.13426765265930815,230.0
24534,Tony Mitchell,Ole Miss,SS,SAF,75,tony mitchell,0.0002953657330169031,0.06836249352776916,370.5
24537,AJ Rice,Mississippi State,MIKE,LB,69,aj rice,-0.004702329302325892,0.004324879680232264,31.0
24542,Saquon Miles,Mississippi State,RT,OL,76,saquon miles,0.0006484801694160349,0.07131921439618943,647.5
24543,Diesel Moye,Mississippi State,DT,DT,78,diesel moye,0.012402025867785393,0.03542790826058167,118.0
24549,Mason Clinton,Florida,DT,DT,75,mason clinton,-0.0013648198412495203,0.006635698617264439,41.0
24550,Jett Jefferson,Mississippi State,CB,CB,71,jett jefferson,-0.013340330698541259,-0.006726520710387194,36.0
24551,Kolin Wilson,Mississippi State,HB,RB,76,kolin wilson,-0.09232678832556368,-0.006756635883286789,122.0
24552,Jakheem Shumpert-Perkins,Mississippi State,LT,OL,74,jakheem shumpert perkins,-0.010324014504090926,-0.00039191131546331345,91.0
24556,Montrell Chapman,Old Dominion,WILL,LB,73,montrell chapman,0.004089035564326859,0.05635948757623618,179.5
24557,Donovan Olugbode,Missouri,WR,WR,84,donovan olugbode,0.09124730645775722,0.1821149275317131,406.0
24558,Javion Hilson,Virginia Tech,LEDG,EDGE,74,javion hilson,-0.028668733064532523,-0.006130687163109051,115.5
24559,Matt Zollers,Missouri,QB,QB,71,matt zollers,-0.02858251290707444,0.00379130798331291,35.5
24560,Jack Lange,Missouri,RT,OL,72,jack lange,-0.007960966523226877,0.0019711366654007363,91.0
24561,Daeden Hopkins,Missouri,REDG,EDGE,74,daeden hopkins,-0.04896533367055737,-0.0264272877691339,115.5
24562,Shaun Terry II,Missouri,WR,WR,77,shaun terry,-0.014063950700668371,0.00999582581521897,107.5
24563,DaMarion Fowlkes,Missouri,WR,WR,75,damarion fowlkes,-0.018963999500526248,-0.01057105420428648,37.5
24564,Henry Fenuku,North Texas,RG,OL,70,henry fenuku,-0.04284526000218353,0.013527611392609454,516.5
24565,Marquise Davis,Louisville,HB,RB,80,marquise davis,0.043998494956298824,0.1295686473985757,122.0
24566,Keiton Jones,Kansas State,RG,OL,71,keiton jones,-0.012742793558835962,-0.0028106903702083503,91.0
24567,Brendon Haygood,North Texas,HB,RB,78,brendon haygood,-0.16623086408835328,0.0017531646815263481,239.5
24570,Dante McClellan,Missouri,WILL,LB,71,dante mcclellan,-0.025661491890231827,-0.0035302698684763463,76.0
24571,Jason Dowell,Missouri,DT,DT,75,jason dowell,-0.03830442306730732,-0.015278540674511043,118.0
24572,CJ Bass III,Missouri,SS,SAF,71,cj bass,-0.00688409510144445,9.714877494039736e-05,38.0
24574,Michael Fasusi,Oklahoma,LT,OL,86,michael fasusi,0.28343329746858564,0.3706939183400997,799.5
24575,Ryan Fodje,Oklahoma,RG,OL,78,ryan fodje,0.05061969923980474,0.10699257063459772,516.5
24576,Trystan Haynes,Oklahoma,CB,CB,74,trystan haynes,-0.012334488122542564,-0.005720678134388499,36.0
24577,Elijah Thomas,Oklahoma,WR,WR,78,elijah thomas,-0.029089996050847177,0.00929374043728937,171.5
24579,Tory Blaylock,Oklahoma,HB,RB,83,tory blaylock,0.12438372396727863,0.411604850402626,409.5
24580,Courtland Guillory,Oklahoma,CB,CB,85,courtland guillory,0.1888342421883582,0.2873065242342076,536.0
24581,Trent Wilson,Oklahoma,DT,DT,76,trent wilson,-0.0029719927262256006,0.038201407145638924,211.0
24584,Omarion Robinson,Oklahoma,SS,SAF,74,omarion robinson,-0.04120839482187804,-0.003546421278222945,205.0
24585,Marcus James,Oklahoma,MIKE,LB,66,marcus james,-0.006899775224794957,0.0021274337577631983,31.0
24587,Marcus Wimberly,Utah,FS,SAF,70,marcus wimberly,-0.024966124112662486,-0.006686288173181114,99.5
24588,Maliek Hawkins,West Virginia,CB,CB,71,maliek hawkins,-0.03956602168581709,-0.017336271447854813,121.0
24592,Caleb Cunningham,Ole Miss,WR,WR,79,caleb cunningham,-0.01809319433550043,0.020290542152636124,171.5
24594,Devin Harper,LSU,LG,OL,75,devin harper,0.009235929322161242,0.019168032510788854,91.0
24595,Shekai Mills-Knight,Ole Miss,HB,RB,77,shekai mills knight,0.012831888909938147,0.048603018209578484,51.0
24596,Winston Watkins Jr.,LSU,WR,WR,86,winston watkins,0.13013931167378776,0.1934780721760772,283.0
24597,Andrew Maddox,Ole Miss,DT,DT,74,andrew maddox,-0.018759519442518073,0.004266362950278203,118.0
24599,Ladarian Clardy,Ole Miss,SS,SAF,72,ladarian clardy,-0.0436761335375395,-0.02539629759805812,99.5
24600,Jarcoby Hopson,Ole Miss,SAM,LB,67,jarcoby hopson,-0.019834600496917033,-0.010807391514358876,31.0
24602,Talib Graham,Ole Miss,WILL,LB,68,talib graham,-0.007913353916345666,0.0011138550662124899,31.0
24604,Keon Young,Ole Miss,FS,SAF,69,keon young,-0.023086340396230313,-0.016105096519845465,38.0
24606,Dante Core,Ole Miss,CB,CB,67,dante core,-0.026847133275495153,-0.02023332328734109,36.0
24607,Samari Reed,Ole Miss,WR,WR,72,samari reed,-0.02491867652645548,-0.01652573123021571,37.5
24610,MJ Preston,Ole Miss,CB,CB,71,mj preston,-0.013237123764761908,-0.006623313776607843,36.0
24612,Hayden Bradley,Ole Miss,TE,TE,68,hayden bradley,-0.007302264119826616,-0.0011425806052976608,18.5
24616,Shedrick Sarratt Jr.,South Carolina,LT,OL,78,shedrick sarratt,0.011458028086010175,0.06783089948080316,516.5
24617,Kendall Daniels Jr.,South Carolina,FS,SAF,72,kendall daniels,-0.005666294606760403,0.0013149492696244436,38.0
24618,Brian Rowe Jr.,UCLA,WR,WR,78,brian rowe,-0.010473091407850963,0.027910645080285585,171.5
24620,Adedamola Ajidahun,South Carolina,RG,OL,72,adedamola ajidahun,-0.0019436466784942652,0.007988456510133348,91.0
24621,Zavion Hardy,Baylor,LEDG,EDGE,78,zavion hardy,0.09327735382299257,0.15337880956012184,308.0
24625,Anthony Addison,South Carolina,REDG,EDGE,78,anthony addison,-0.09130490207695115,-0.007006756367730885,432.0
24631,Jayden Sellers,South Carolina,WR,WR,80,jayden sellers,0.04556912237060271,0.10890788287289217,283.0
24635,Donovan Murph,South Carolina,WR,WR,79,donovan murph,-0.017302621132483962,0.00675715538340338,107.5
24636,Mike Tyler,South Carolina,TE,TE,71,mike tyler,-0.014135560201593823,-0.0016497152397108054,37.5
24637,Christian Ingram,South Carolina,DT,DT,75,christian ingram,-0.004591388872903148,0.003409129585610812,41.0
24640,David Sanders Jr.,Tennessee,LT,OL,88,david sanders,0.3187927784696605,0.4035430875462467,776.5
24641,Isaiah Campbell,Tennessee,DT,DT,76,isaiah campbell,-0.004545065833514671,0.018480816559281608,118.0
24642,DaSaahn Brame,Tennessee,TE,TE,76,dasaahn brame,0.015278371368018594,0.06721948640945194,156.0
24643,Mariyon Dye,Tennessee,LEDG,EDGE,77,mariyon dye,0.08840951494652205,0.1727076606557423,432.0
24644,Travis Smith Jr.,Tennessee,WR,WR,77,travis smith,-0.03729555203156575,0.0010881844565707995,171.5
24645,Nic Moore,Tennessee,C,OL,71,nic moore,-0.0003674645153947851,0.009564638673232827,91.0
24646,Ethan Utley,Tennessee,DT,DT,76,ethan utley,0.0008258241660949424,0.04199922403795947,211.0
24647,Christian Gass,Tennessee,REDG,EDGE,70,christian gass,-0.16348145551822857,-0.12055184427742195,220.0
24648,Radarious Jackson,Tennessee,WR,WR,80,radarious jackson,-0.0393178534271707,0.024020907075118763,283.0
24649,George MacIntyre,Tennessee,QB,QB,80,george macintyre,0.26972220397304286,0.9053434197645918,697.0
24651,Jadon Perlotte,Tennessee,WILL,LB,75,jadon perlotte,0.019431840398932348,0.04156306242068782,76.0
24652,Jaedon Harmon,Tennessee,WILL,LB,71,jaedon harmon,0.00022117845641226748,0.009248387438970423,31.0
24653,Jack Van Dorselaer,Oklahoma,TE,TE,79,jack van dorselaer,0.030682554652714848,0.05532128871083067,74.0
24654,Tre Poteat,Tennessee,CB,CB,74,tre poteat,-0.0447741527832608,-0.022544402545298527,121.0
24655,Ty Redmond,Tennessee,CB,CB,84,ty redmond,0.3633416030823214,0.4618138851281708,536.0
24656,Daune Morris,Tennessee,HB,RB,78,daune morris,-0.06871476906649143,0.01685538337578546,122.0
24657,Timothy Merritt,Tennessee,CB,CB,71,timothy merritt,-0.005663968992184134,0.0009498409959699312,36.0
24658,Antoni Ogumoro,Tennessee,LG,OL,72,antoni ogumoro,0.006382415201588714,0.016314518390216328,91.0
24659,Dylan Lewis,Tennessee,SS,SAF,64,dylan lewis,-0.027822882338998857,-0.020841638462614012,38.0
24660,Justin Baker,Tennessee,HB,RB,75,justin baker,-0.010228280875844625,0.02554284842379571,51.0
24661,Brenden Anes,Western Michigan,SAM,LB,70,brenden anes,-0.026817164530334416,0.12053018208819548,506.0
24662,Sidney Walton,Tennessee,FS,SAF,73,sidney walton,-0.012289996733514025,0.00598983920596735,99.5
24663,Charles House III,Tennessee,DT,DT,75,charles house,-0.006015580465654095,0.0019849379928598655,41.0
24664,Joakim Dodson,Tennessee,WR,WR,74,joakim dodson,-0.03366351419549388,-0.009603737679606537,107.5
24665,Lamont Rogers,Texas A&M,LT,OL,77,lamont rogers,0.01643088314111503,0.02636298632974264,91.0
24666,Jerome Myles,Texas A&M,WR,WR,77,jerome myles,-0.010242591671995621,-0.0018496463757558513,37.5
24667,Kiotti Armstrong,Texas A&M,TE,TE,74,kiotti armstrong,0.003002222551940728,0.009161906066469683,18.5
24668,Chace Sims,Texas A&M,LEDG,EDGE,75,chace sims,0.0003845151783058443,0.007604495250623321,37.0
24669,DJ Sanders,Texas A&M,DT,DT,81,dj sanders,0.12323637597775766,0.18128891845112116,297.5
24672,Kelshaun Johnson,Texas A&M,WR,WR,81,kelshaun johnson,-0.01273300620904815,0.0256507302790884,171.5
24673,Adonyss Currie,Texas A&M,CB,CB,75,adonyss currie,-0.013545409522949515,-0.00693159953479545,36.0
24674,Noah Mikhail,Texas A&M,MIKE,LB,74,noah mikhail,-0.018936838664019393,0.07177205159620208,311.5
24675,Nelson McGuire,Texas A&M,RG,OL,75,nelson mcguire,0.009148635102510051,0.019080738291137666,91.0
24676,Marco Jones,Texas A&M,REDG,EDGE,77,marco jones,0.01661377377254656,0.03915181967397003,115.5
24677,Cobey Sellers,Vanderbilt,CB,CB,74,cobey sellers,-0.02269900318229087,-0.00046925294432859256,121.0
24679,Jonte Newman,Texas,LT,OL,70,jonte newman,0.00014367510545328644,0.010075778294080899,91.0
24680,TK Norman,Texas A&M,WR,WR,75,tk norman,-0.01479558933239032,-0.006402644036150551,37.5
24681,Brady Hart,Texas A&M,QB,QB,73,brady hart,-0.11984983763603285,-0.02592016012307801,103.0
24683,Jamarion Morrow,Texas A&M,HB,RB,81,jamarion morrow,0.05278729648196999,0.22077132525184961,239.5
24684,Landon Rink,Texas A&M,DT,DT,74,landon rink,-0.02392838956940086,-0.000902507176604585,118.0
24685,Tiger Riden Jr.,Texas A&M,HB,RB,79,tiger riden,-0.0038651737498384313,0.031905955549801905,51.0
24687,Tyler Thomas,Texas A&M,LG,OL,71,tyler thomas,-0.012047940405522949,-0.0021158372168953365,91.0
24689,Eli Morcos,Texas A&M,QB,QB,70,eli morcos,-0.018397429406836377,0.0016652201590374725,22.0
24690,Jonah Williams,Texas,SS,SAF,79,jonah williams,0.038050761452236306,0.0757127349958914,205.0
24691,Justus Terry,Texas,LEDG,EDGE,82,justus terry,0.14600440936080555,0.2061058650979348,308.0
24692,Kaliq Lockett,Texas,WR,WR,83,kaliq lockett,-0.009572192228049219,0.02881154426008733,171.5
24693,Kade Phillips,Texas,CB,CB,84,kade phillips,0.1667937520395025,0.2355957476107163,374.5
24694,Lance Jackson,Texas,LEDG,EDGE,83,lance jackson,0.18540465743647708,0.26970280314569733,432.0
24695,Jaime Ffrench Jr.,Michigan,WR,WR,81,jaime ffrench,0.07673151619373933,0.16759913726769524,406.0
24696,Elijah Barnes,Kentucky,WILL,LB,71,elijah barnes,-0.04584700884636295,0.006423443165546376,179.5
24697,Graceson Littleton,Texas,CB,CB,86,graceson littleton,0.2072873017749224,0.3057595838207718,536.0
24698,Michael Terry III,Texas,WR,WR,76,michael terry,-0.002376000974270922,0.006016944321968848,37.5
24699,Myron Charles,Texas,DT,DT,77,myron charles,0.011450314739721652,0.03447619713251793,118.0
24700,Smith Orogbo,Texas,REDG,EDGE,78,smith orogbo,0.008257221720071388,0.03079526762149486,115.5
24701,Daylan McCutcheon,Texas,WR,WR,77,daylan mccutcheon,-0.011580679433955925,-0.0031877341377161555,37.5
24702,James Simon,Texas,HB,RB,83,james simon,0.07633614874577363,0.1619063011880505,122.0
24704,Karle Lacey Jr.,Texas,QB,QB,74,karle lacey,0.005165464762032699,0.09909514227498754,103.0
24707,Jonathan Cunningham,Texas,MIKE,LB,69,jonathan cunningham,-0.05153082322011368,-0.0293996011983582,76.0
24708,Jackson Christian,Texas,C,OL,71,jackson christian,-0.0012881795024141133,0.008643923686213499,91.0
24710,Emaree Winston,Texas,TE,TE,72,emaree winston,-0.0008600267720266629,0.02377870728608916,74.0
24711,Caleb Chester,Arizona State,CB,CB,74,caleb chester,-0.031169280699022243,-0.00893953046105997,121.0
24712,Nick Townsend,Texas,TE,TE,77,nick townsend,-0.03609421783692285,0.05397034382145999,270.5
24715,Carson Lawrence,Vanderbilt,FS,SAF,74,carson lawrence,-0.029561798007941776,0.00810017553571332,205.0
24716,Vanzale Hinton,Vanderbilt,CB,CB,72,vanzale hinton,-0.009303720825976539,-0.0026899108378224744,36.0
24717,George Okorie,Ball State,LEDG,EDGE,71,george okorie,-0.05426954715814879,-0.03173150125672531,115.5
24718,Cayden Daniels,Vanderbilt,CB,CB,70,cayden daniels,-0.019830212091712353,-0.013216402103558289,36.0
24721,Cameran Dickson,Vanderbilt,WR,WR,74,cameran dickson,-0.04821727913322098,-0.024157502617333636,107.5
24722,Austin Howard,Vanderbilt,MIKE,LB,64,austin howard,-0.011546977152575182,-0.002519768170017027,31.0
24724,Jake Stanish,Vanderbilt,LEDG,EDGE,71,jake stanish,-0.0326062621097981,-0.010068216208374623,115.5
24726,Kayleb Barnett,Vanderbilt,WR,WR,74,kayleb barnett,-0.02563641634805088,-0.01724347105181111,37.5
24727,Jack Elliott,Vanderbilt,QB,QB,68,jack elliott,-0.15649463034407168,-0.06256495283111684,103.0
24728,Grant Beerman,Illinois,MIKE,LB,72,grant beerman,0.015187450426235432,0.16253479704476534,506.0
24729,Brayden Trimble,Illinois,WR,WR,74,brayden trimble,-0.009478569663744128,-0.0010856243675043582,37.5
24731,Isaiah White,Illinois,DT,DT,71,isaiah white,-0.08932884199662268,-0.031276299523259186,297.5
24732,Andre Lovett Jr.,Illinois,FS,SAF,68,andre lovett,-0.038643391375240865,-0.020363555435759496,99.5
24734,Tywan Cox,Illinois,FS,SAF,70,tywan cox,-0.1923773790646778,-0.12431025126992555,370.5
24736,Carson Boyd,Illinois,QB,QB,72,carson boyd,-0.11729396701992893,-0.023364289506974095,103.0
24740,Ismael Kante,Illinois,MIKE,LB,67,ismael kante,-0.023629785613317567,-0.01460257663075941,31.0
24742,Xanai Scott,Illinois,FS,SAF,68,xanai scott,-0.020185301437401146,-0.013204057561016298,38.0
24743,RJ Jones III,Illinois,CB,CB,68,rj jones,-0.021363621201289124,-0.014749811213135058,36.0
24749,Jack Paris,Illinois,MIKE,LB,63,jack paris,-0.023523207989482223,-0.014495999006924068,31.0
24750,Byron Baldwin Jr.,Indiana,FS,SAF,76,byron baldwin,0.010483838777019736,0.04814581232067483,205.0
24752,Jaylen Bell,Indiana,CB,CB,77,jaylen bell,-0.013965652729281623,0.008264097508680651,121.0
24753,Lebron Bond,Indiana,WR,WR,78,lebron bond,-0.043625993502065245,-0.0052422570139286995,171.5
24754,Baylor Wilkin,Indiana,LT,OL,71,baylor wilkin,-0.008573502935558726,0.001358600253068886,91.0
24760,Kyler Garcia,Indiana,DT,DT,74,kyler garcia,-0.02749122272230142,-0.004465340329505141,118.0
24761,Andrew Barker,Indiana,TE,TE,72,andrew barker,-0.0025532825398953407,0.04938783250153801,156.0
24763,Matt Marek,Indiana,C,OL,69,matt marek,-0.004801871002820611,0.005130232185807003,91.0
24764,Tyrone Burrus Jr.,Indiana,LEDG,EDGE,70,tyrone burrus,-0.02350286579928248,-0.016282885726965006,37.0
24766,Davion Chandler,Indiana,WR,WR,73,davion chandler,-0.017323620264355757,-0.00893067496811599,37.5
24768,Sean Cuono,Indiana,HB,RB,76,sean cuono,-0.03928619994050958,-0.0035150706408692417,51.0
24769,Jhrevious Hall,Indiana,DT,DT,75,jhrevious hall,-0.023989743547553847,0.017183656324310678,211.0
24772,Garrett Reese,Indiana,FS,SAF,71,garrett reese,-0.027982317595039326,-0.00970248165555795,99.5
24774,Joey VanWetzinga,Central Michigan,DT,DT,70,joey vanwetzinga,-0.14077149451164353,-0.06437629996266268,391.5
24777,Lucas Allgeyer,Iowa,RG,OL,72,lucas allgeyer,-0.006798426422468043,0.0031336767661595704,91.0
24778,Nathan McNeil,Iowa,HB,RB,76,nathan mcneil,-0.011816649480974965,0.02395447981866537,51.0
24779,Jimmy Sullivan,Iowa,QB,QB,66,jimmy sullivan,-0.04372498594271549,-0.011351165052328136,35.5
24780,CJ Bell Jr.,UConn,CB,CB,68,cj bell,-0.06030804569819213,-0.03807829546022985,121.0
24781,Iose Epenesa,Iowa,REDG,EDGE,76,iose epenesa,0.030636667421083355,0.13317989790764642,525.5
24782,Thomas Meyer,Iowa,TE,TE,74,thomas meyer,0.0009932051156175802,0.013479050077500597,37.5
24785,Mason Woods,Iowa,TE,TE,73,mason woods,-3.146187626113916e-05,0.006128221638267816,18.5
24789,Malik Washington,Maryland,QB,QB,82,malik washington,0.7877745078358354,1.4233957236273842,697.0
24790,Jaylen Gilchrist,Maryland,RT,OL,75,jaylen gilchrist,0.016039972071034914,0.07241284346582791,516.5
24791,Zahir Mathis,Maryland,REDG,EDGE,80,zahir mathis,-0.06590393864875785,-0.005802482911628591,308.0
24792,Messiah Delhomme,Maryland,SS,SAF,76,messiah delhomme,-0.005315774983876652,0.11906059618224285,677.0
24793,Zymear Smith,Maryland,HB,RB,78,zymear smith,-0.022270184445299226,0.06329996799697767,122.0
24794,Bryce Jenkins,Maryland,DT,DT,78,bryce jenkins,-0.003592485822278675,0.03758091404958585,211.0
24796,Carlton Smith,Maryland,WILL,LB,70,carlton smith,-0.10103721949873676,-0.048766767486827435,179.5
24797,Iverson Howard,Maryland,HB,RB,78,iverson howard,-0.02983181529148346,0.13815221347839618,239.5
24800,Jayden Shipps,Maryland,FS,SAF,70,jayden shipps,-0.12625255988881115,-0.05818543209405891,370.5
24801,Travares Daniels II,Maryland,MIKE,LB,65,travares daniels,-0.026816797952445882,-0.017789588969887724,31.0
24803,Sidney Stewart,Maryland,LEDG,EDGE,81,sidney stewart,0.18638854981706987,0.27068669552629016,432.0
24804,JT Taggart,Maryland,TE,TE,71,jt taggart,-0.0015516755909335128,0.023087058467182307,74.0
24805,Amory Hills,Maryland,RG,OL,69,amory hills,-0.010623089662476076,-0.0006909864738484641,91.0
24807,Nahsir Taylor,Maryland,REDG,EDGE,71,nahsir taylor,-0.04683013381883061,-0.003900522578023992,220.0
24808,Jackson Hamilton,Maryland,QB,QB,69,jackson hamilton,-0.20159882203571128,-0.10766914452275643,103.0
24810,Derrick Simmons,Michigan State,DT,DT,75,derrick simmons,-0.05382262765540317,0.022572566893577693,391.5
24811,Aydan West,Minnesota,CB,CB,73,aydan west,-0.08451499894187733,-0.015713003370663524,374.5
24813,Braylon Collier,Michigan State,WR,WR,75,braylon collier,-0.0451506151904133,-0.006766878702276755,171.5
24814,DiMari Malone,Michigan State,WILL,LB,65,dimari malone,-0.014609763188116921,-0.0055825542055587644,31.0
24815,Leo Hannan,Michigan State,QB,QB,69,leo hannan,-0.014412176793827034,0.0056504727720468155,22.0
24816,George Mullins,Delaware,CB,CB,70,george mullins,-0.31036130955992164,-0.2118890275140722,536.0
24817,Justin Bell,Virginia Tech,LT,OL,70,justin bell,-0.011604132385657983,-0.00167202919703037,91.0
24818,Charles Taplin,Michigan State,WR,WR,71,charles taplin,-0.07087654412975017,-0.046816767613862824,107.5
24819,Cal Thrush,Michigan State,REDG,EDGE,71,cal thrush,-0.00946632539742517,-0.0022463453251076945,37.0
24820,Zion Gist,Michigan State,HB,RB,75,zion gist,-0.0026859079327754684,0.016251748755269416,27.0
24821,DeJae White,Michigan State,MIKE,LB,70,dejae white,-0.029916839455016754,-0.007785617433261274,76.0
24822,Deuce Edwards,Michigan State,FS,SAF,69,deuce edwards,-0.014494748036496545,-0.0075135041601117,38.0
24823,Evan Young,Michigan State,SS,SAF,70,evan young,-0.014161519532121868,-0.007180275655737021,38.0
24824,Bryson Williams,Michigan State,HB,RB,77,bryson williams,-0.0025302980038762407,0.03324083129576409,51.0
24825,Antonio Johnson,Michigan State,C,OL,65,antonio johnson,-0.013211986224251298,-0.003279883035623686,91.0
24826,Jayden Savoury,Michigan State,TE,TE,71,jayden savoury,-0.016543384084302483,-0.004057539122419465,37.5
24827,Drew Nichols,Michigan State,RG,OL,65,drew nichols,-0.022947747225848775,-0.013015644037221163,91.0
24828,Bryce Underwood,Michigan,QB,QB,83,bryce underwood,0.8128833640509092,1.448504579842458,697.0
24829,Andrew Babalola,Michigan,LT,OL,82,andrew babalola,0.12375989067467852,0.1944306249014519,647.5
24830,Shamari Earls,Michigan,CB,CB,77,shamari earls,0.002465913581940916,0.044720810728480775,230.0
24831,Andrew Marsh,Michigan,WR,WR,88,andrew marsh,0.4192514916972606,0.5442504236425916,558.5
24832,Nathaniel Owusu-Boateng,Michigan,WILL,LB,77,nathaniel owusu boateng,0.06095713170357738,0.2515477213514585,654.5
24833,Avery Gach,Michigan,RT,OL,74,avery gach,-0.00030038966250172175,0.009631713526125891,91.0
24834,Jordan Young,Michigan,FS,SAF,74,jordan young,-0.02431258518569797,-0.006032749246216595,99.5
24836,Chase Taylor,Michigan,MIKE,LB,72,chase taylor,-0.00885156331535321,0.013279658706402268,76.0
24837,Jamar Browder,Michigan,WR,WR,73,jamar browder,-0.01947093931260765,-0.011077994016367883,37.5
24838,Kaden Strayhorn,Alabama,C,OL,73,kaden strayhorn,0.003394356871728242,0.013326460060355854,91.0
24840,Eli Owens,Michigan,FB,RB,75,eli owens,0.004554938946231603,0.04032606824587194,51.0
24842,Ty Haywood,Alabama,RT,OL,76,ty haywood,0.03418710827089979,0.09055997966569278,516.5
24843,Nate Marshall,Michigan,REDG,EDGE,79,nate marshall,0.039812837265521296,0.0827424485063279,220.0
24844,Elijah Dotson,Missouri,SS,SAF,73,elijah dotson,-0.04926754646473632,-0.011605572921081227,205.0
24845,Jayden Sanders,Notre Dame,CB,CB,80,jayden sanders,0.03873976526319934,0.060969515501161614,121.0
24846,Kainoa Winston,Michigan,SS,SAF,75,kainoa winston,-0.03908197642077317,-0.0014200028771180775,205.0
24848,Jacob Washington,Michigan,WR,WR,68,jacob washington,-0.02568633902195422,-0.017293393725714448,37.5
24849,Benny Patterson III,Michigan,REDG,EDGE,68,benny patterson,-0.012743485335406172,-0.005523505263088695,37.0
24850,Jasper Parker,Arkansas,HB,RB,75,jasper parker,-0.04250629378971066,-0.006735164490070325,51.0
24851,Emmanuel Karmo,Minnesota,WILL,LB,71,emmanuel karmo,-0.047846725300848804,0.04286216495937267,311.5
24853,Naiim Parrish,Minnesota,CB,CB,72,naiim parrish,-0.10194119649886602,-0.05968629935232616,230.0
24860,Jay'Quan Stubbs,Minnesota,LEDG,EDGE,70,jayquan stubbs,-0.005365734690077855,0.001854245382239622,37.0
24861,Ethan Stendel,Minnesota,SAM,LB,68,ethan stendel,-0.013724271406510384,-0.0046970624239522285,31.0
24863,Xavier Ford,Minnesota,HB,RB,78,xavier ford,0.006296669436307261,0.0420677987359476,51.0
24866,Zack Harden,Minnesota,SS,SAF,71,zack harden,-0.021290153365508577,-0.003010317426027203,99.5
24869,Nate Cleveland,Minnesota,SAM,LB,64,nate cleveland,-0.015867857895878443,-0.006840648913320287,31.0
24871,Grant Washington,Minnesota,HB,RB,79,grant washington,-0.03893734986014408,0.04663280258213281,122.0
24873,Dawson Merritt,Nebraska,WILL,LB,71,dawson merritt,-0.020196846861184285,0.0019343751605711953,76.0
24874,Cortez Mills Jr.,Nebraska,WR,WR,81,cortez mills,0.03189266588533305,0.0702764023734696,171.5
24876,Christian Jones,Nebraska,MIKE,LB,73,christian jones,-0.006007349543557493,0.04626310246835183,179.5
24879,Isaiah Mozee,Nebraska,HB,RB,78,isaiah mozee,0.1698342995677032,0.4570554260030506,409.5
24880,TJ Lateef,Nebraska,QB,QB,73,tj lateef,-0.06984359270091245,0.024086084812042406,103.0
24883,Kade Pietrzak,Nebraska,LEDG,EDGE,74,kade pietrzak,-0.010727425081529608,0.011810620819893865,115.5
24886,Houston Kaahaaina-Torres,Michigan,C,OL,70,houston kaahaaina torres,-0.01003479164623266,-0.00010268845760504726,91.0
24890,Brian Tapu,San José State,RT,OL,71,brian tapu,-0.07574919178301898,0.0031619137705828325,723.0
24891,Caden VerMaas,Rice,SS,SAF,68,caden vermaas,-0.029631230302623567,-0.01135139436314219,99.5
24892,Conor Booth,Nebraska,HB,RB,73,conor booth,-0.008463142303739629,0.02730798699590071,51.0
24895,Trey Boyd,Northwestern,LG,OL,72,trey boyd,-0.0037957380968933647,0.006136365091734248,91.0
24896,Marquet Dorsey Jr.,Northwestern,CB,CB,71,marquet dorsey,-0.03402261206284076,-0.011792861824878483,121.0
24897,Marcus Romain,Northwestern,HB,RB,74,marcus romain,-0.1157379520138615,-0.07996682271422118,51.0
24898,Dube Enongene,Northwestern,WR,WR,71,dube enongene,-0.01843437886838087,-0.0100414335721411,37.5
24899,Braden Blueitt,Northwestern,WR,WR,72,braden blueitt,-0.018747685005878766,-0.010354739709638999,37.5
24900,Mason Mayne,Northwestern,DT,DT,74,mason mayne,-0.06979023595461512,0.02241086091484454,472.5
24904,Jon Jon Stevens,Northwestern,FS,SAF,68,jon jon stevens,-0.04960036224681436,-0.031320526307332994,99.5
24905,Josh Veldman,Northwestern,MIKE,LB,65,josh veldman,-0.02756256851120502,-0.018535359528646864,31.0
24907,Alijah Jones,Northwestern,SS,SAF,70,alijah jones,-0.05431729433033988,-0.016655320786684788,205.0
24909,Jonah Hayes,Northwestern,REDG,EDGE,68,jonah hayes,-0.16029473596121524,-0.11736512472040862,220.0
24910,Hayden Wright,Houston,RT,OL,66,hayden wright,-0.019322466050672893,-0.009390362862045278,91.0
24913,Tavien St. Clair,Ohio State,QB,QB,82,tavien st clair,0.08832088574782093,0.1822505632607758,103.0
24914,Devin Sanchez,Ohio State,CB,CB,87,devin sanchez,0.1570081843229971,0.2554804663688465,536.0
24915,Quincy Porter,Notre Dame,WR,WR,81,quincy porter,0.00443821367271939,0.028497990188606732,107.5
24916,Carter Lowe,Ohio State,RT,OL,74,carter lowe,-0.0019620120215148654,0.007970091167112748,91.0
24917,Faheem Delane,LSU,FS,SAF,74,faheem delane,-0.0026046899734791062,0.015675145966002266,99.5
24918,Riley Pettijohn,Ohio State,WILL,LB,78,riley pettijohn,0.011307327481976853,0.10201621774219832,311.5
24919,Zion Grady,Ohio State,LEDG,EDGE,81,zion grady,0.07114189522290397,0.11407150646371057,220.0
24920,Anthony Rogers,Ohio State,HB,RB,80,anthony rogers,0.0012663365268226483,0.03703746582646299,51.0
24922,Bo Jackson,Ohio State,HB,RB,90,bo jackson,0.666403614131093,0.9536247405664404,409.5
24923,Bodpegn Miller,Washington,WR,WR,76,bodpegn miller,-0.048877082692618486,-0.010493346204481937,171.5
24924,Tarvos Alford,Ohio State,MIKE,LB,74,tarvos alford,0.00024873245042047136,0.009275941432978628,31.0
24925,Nate Roberts,Ohio State,TE,TE,79,nate roberts,0.03759528252600654,0.08953639756743989,156.0
24926,Maxwell Roy,UCLA,DT,DT,80,maxwell roy,0.06675476328545657,0.15895586015491622,472.5
24928,Phillip Bell,Ohio State,WR,WR,76,phillip bell,-0.02180589727302158,0.0022538792428657617,107.5
24929,Isaiah West,Ohio State,HB,RB,82,isaiah west,0.10116778578073252,0.26915181455061216,239.5
24930,Jarquez Carter,Miami,DT,DT,75,jarquez carter,-0.004051024365447742,0.03712237550641678,211.0
24933,Trajen Odom,Arkansas,LEDG,EDGE,72,trajen odom,0.01004493614040695,0.032582982041830424,115.5
24935,Jayvon McFadden,Colorado,RG,OL,73,jayvon mcfadden,-0.0012399230744413873,0.008692180114186225,91.0
24936,Cody Haddad,Iowa,FS,SAF,70,cody haddad,-0.012816744057135078,-0.005835500180750231,38.0
24939,Jaron-Keawe Sagapolutele,California,QB,QB,85,jaron keawe sagapolutele,0.6434924508006702,1.279113666592219,697.0
24941,Dorian Brew,Oregon,CB,CB,79,dorian brew,0.0464628261169972,0.08871772326353705,230.0
24942,Ziyare Addison,Oregon,LT,OL,79,ziyare addison,0.07008975600547251,0.1264626274002655,516.5
24944,Akili Smith Jr.,Oregon,QB,QB,74,akili smith,-0.02072810349540189,0.01164571739498546,35.5
24945,Nasir Wyatt,Oregon,REDG,EDGE,78,nasir wyatt,-0.07060364147588732,-0.027674030235080704,220.0
24946,Matthew Johnson,Oregon,REDG,EDGE,76,matthew johnson,0.018646776766662758,0.041184822668086235,115.5
24947,Vander Ploog,NC State,TE,TE,76,vander ploog,0.009921695984889511,0.09998625764327235,270.5
24948,Demetri Manning,Oregon,LG,OL,76,demetri manning,0.012162024315913456,0.022094127504541067,91.0
24949,Jordon Davison,Oregon,HB,RB,87,jordon davison,0.5229419830570267,0.8101631094923741,409.5
24950,Cooper Perry,California,WR,WR,81,cooper perry,0.05723631541565435,0.12057507591794381,283.0
24951,Dakorien Moore,Oregon,WR,WR,88,dakorien moore,0.21941776547684505,0.344416697422176,558.5
24952,Na'eem Offord,Oregon,CB,CB,81,naeem offord,0.11886163426529969,0.18766362983651352,374.5
24953,Brandon Finney Jr.,Oregon,CB,CB,91,brandon finney,0.5459045629113881,0.6670658875554883,659.5
24955,Zac Stascausky,Oregon,RT,OL,72,zac stascausky,-0.005351236183334352,0.004580867005293261,91.0
24956,Tobi Haastrup,West Virginia,REDG,EDGE,76,tobi haastrup,-0.04306458144690207,0.01703687429022719,308.0
24957,Gavin Nix,Oregon,MIKE,LB,70,gavin nix,-0.008954001118279521,7.320786427863399e-05,31.0
24958,Dierre Hill Jr.,Oregon,HB,RB,85,dierre hill,0.20313491035331382,0.3711189391231935,239.5
24959,Andrew Olesh,Oregon,TE,TE,78,andrew olesh,0.028639003688498234,0.08058011872993158,156.0
24960,Daryus Dixson,Penn State,CB,CB,78,daryus dixson,0.17138001602947284,0.292541340673573,659.5
24961,LaVar Arrington II,Penn State,REDG,EDGE,76,lavar arrington,-0.14746573178727065,-0.04492250130070759,525.5
24962,Yvan Kemajou,Penn State,LEDG,EDGE,73,yvan kemajou,-0.005911807167314329,0.016626238734109147,115.5
24963,Matt Outten,Syracuse,WR,WR,77,matt outten,-0.031944464962761106,0.0064392715253754436,171.5
24964,Owen Aliciene,Penn State,LT,OL,72,owen aliciene,-0.0036163416481319174,0.006315761540495696,91.0
24965,Dayshaun Burnett,Penn State,MIKE,LB,69,dayshaun burnett,-0.007137588346970225,0.0018896206355879309,31.0
24966,Alex Tatsch,Penn State,MIKE,LB,69,alex tatsch,-0.01326374427028996,-0.004236535287731804,31.0
24968,Koby Howard,Penn State,WR,WR,76,koby howard,-0.06973511415233435,-0.006396353650044889,283.0
24969,Lyrick Samuel,Penn State,WR,WR,70,lyrick samuel,-0.025800637503349412,-0.017407692207109644,37.5
24970,Brian Kortovich,Penn State,TE,TE,75,brian kortovich,-0.0021798525423021575,0.01030599241958086,37.5
24973,Randy Adirika,Virginia Tech,DT,DT,71,randy adirika,-0.032965300375015556,-0.009939417982219279,118.0
24974,Malachi Goodman,Penn State,LT,OL,79,malachi goodman,0.13453870061874743,0.20520943484552084,647.5
24976,Cam Smith,Penn State,WILL,LB,70,cam smith,-0.04277423894488402,-0.02064301692312854,76.0
24978,Jahmir Joseph,Penn State,CB,CB,75,jahmir joseph,-0.05041957247045617,0.018382423100757647,374.5
24979,Xxavier Thomas,Penn State,CB,CB,74,xxavier thomas,-0.04246782607943683,-0.020238075841474554,121.0
24980,Cortez Harris,Virginia Tech,LEDG,EDGE,73,cortez harris,-0.026708653300734422,-0.019488673228416947,37.0
24983,Jabree Coleman,South Carolina,HB,RB,74,jabree coleman,-0.008762336667796371,0.010175320020248513,27.0
24989,Vi'Naz Cobb,Purdue,SS,SAF,71,vinaz cobb,-0.006044212057130217,0.012235623882351157,99.5
24999,Michael Clayton,Rutgers,CB,CB,71,michael clayton,-0.01709450192732223,-0.010480691939168165,36.0
25000,Robbie Johnson Jr.,Rutgers,LEDG,EDGE,71,robbie johnson,-0.008563639242625331,-0.0013436591703078556,37.0
25001,DJ McClary,Rutgers,WILL,LB,69,dj mcclary,-0.08517634305119678,-0.03290589103928747,179.5
25003,Braxton Kyle,Rutgers,DT,DT,75,braxton kyle,-0.030304351468790156,0.010869048403074368,211.0
25004,Chris Vigna,Rutgers,RG,OL,70,chris vigna,-0.00948878787883294,0.00044331530979467224,91.0
25005,Jourdin Houston,Rutgers,WR,WR,73,jourdin houston,-0.07958181247070416,-0.05552203595481681,107.5
25006,Terrell Mitchell,Rutgers,HB,RB,76,terrell mitchell,-0.019578605388126617,0.016192523911513716,51.0
25007,Michael Thomas III,Rutgers,WR,WR,73,michael thomas,-0.01178457480078285,-0.0033916295045430802,37.5
25009,Isaiah Deloatch,Rutgers,WILL,LB,66,isaiah deloatch,-0.04247554551451802,-0.02034432349276254,76.0
25010,Jayden Elijah,Rutgers,LT,OL,67,jayden elijah,-0.022441355470162797,-0.012509252281535184,91.0
25011,Vernon Allen III,Rutgers,WR,WR,77,vernon allen,-0.02031267974771147,0.04302608075457799,283.0
25012,Renick Dorilas,UConn,CB,CB,70,renick dorilas,-0.3655563694041006,-0.2670840873582511,536.0
25015,Steven Murray,Rutgers,CB,CB,69,steven murray,-0.028026416924813412,-0.021412606936659348,36.0
25016,Jyon Simon,Rutgers,REDG,EDGE,69,jyon simon,-0.006418232530523829,0.0008017475417936473,37.0
25017,Sah'nye Degraffenreidt,Rutgers,WR,WR,71,sahnye degraffenreidt,-0.025997616759514838,-0.017604671463275066,37.5
25018,Ben Rothhaar,Rutgers,TE,TE,71,ben rothhaar,-0.0604271525807003,0.029637409077682534,270.5
25020,Sean Ashenfelder,Rutgers,QB,QB,70,sean ashenfelder,-0.02686911035578401,0.005504710534603337,35.5
25021,Tariq Hayer,Rutgers,FS,SAF,70,tariq hayer,-0.0094817939855891,-0.0025005501092042535,38.0
25022,Kamar Archie,Rutgers,MIKE,LB,64,kamar archie,-0.016615755244738226,-0.007588546262180069,31.0
25023,Joshua Blackston,Rutgers,C,OL,63,joshua blackston,-0.01987643869416096,-0.009944335505533348,91.0
25025,Cole Cogshell,UCLA,REDG,EDGE,73,cole cogshell,-0.007954391506690292,-0.0007344114343728154,37.0
25026,Karson Cox,UCLA,HB,RB,80,karson cox,0.014575548908920133,0.05034667820856047,51.0
25028,Robert McDaniel,San José State,QB,QB,69,robert mcdaniel,-0.08170507621984639,0.012224601293108461,103.0
25029,Garrison Blank,Sacramento State,RT,OL,73,garrison blank,0.02748369794184742,0.09815443216862083,647.5
25030,Noah Fox-Flores,UCLA,TE,TE,73,noah fox flores,0.013509606366398688,0.03814834042451451,74.0
25032,Jewelous Walls,UCLA,REDG,EDGE,72,jewelous walls,-0.02410975009386922,-0.016889770021551745,37.0
25041,Colton Gumino,UCLA,QB,QB,69,colton gumino,-0.044243505174271405,-0.011869684283884054,35.5
25046,Alex Payne,Virginia,RT,OL,74,alex payne,-0.0007682978276593866,0.009163805360968226,91.0
25048,Trestin Castro,USC,CB,CB,78,trestin castro,-0.0011982439074820648,0.0054155660806720005,36.0
25050,Steve Miller,UConn,FS,SAF,71,steve miller,-0.06519256318414374,0.0028745646106085186,370.5
25051,Corey Simms,USC,WR,WR,73,corey simms,-0.01781465097104891,-0.009421705674809142,37.5
25052,Floyd Boucard,USC,DT,DT,78,floyd boucard,0.012992056825964268,0.03601793921876054,118.0
25053,Cash Jacobsen,USC,DT,DT,74,cash jacobsen,-0.005987693169928367,0.002012825288585593,41.0
25054,Taniela Tupou,USC,TE,TE,64,taniela tupou,-0.00848734825202737,-0.003825966132924376,14.0
25055,Riley Wormley,USC,HB,RB,79,riley wormley,-0.02701718256650453,0.05855296987577236,122.0
25056,Elijah Vaikona,USC,LT,OL,76,elijah vaikona,-0.0061081174563881934,0.0038239857322394195,91.0
25057,Waymond Jordan,USC,HB,RB,88,waymond jordan,0.4180286655146468,0.7052497919499943,409.5
25058,Willi Wascher,USC,C,OL,68,willi wascher,-0.011651149177939552,-0.0017190459893119377,91.0
25059,James Johnson,Middle Tennessee,CB,CB,68,james johnson,-0.01805174662584632,-0.011437936637692254,36.0
25060,Matai Tagoa'i,Arizona,SS,SAF,74,matai tagoai,-0.012113810688285214,0.0061660252511961606,99.5
25061,Romero Ison,USC,WR,WR,78,romero ison,-0.017281678066868745,0.0067780984490185955,107.5
25063,Kendarius Reddick,USC,SS,SAF,72,kendarius reddick,-0.13606204100390037,-0.0679949132091481,370.5
25064,Harry Dalton III,Maryland,HB,RB,75,harry dalton,-0.011614705190996933,0.024156424108643403,51.0
25066,AJ Tuitele,California,MIKE,LB,71,aj tuitele,-0.010375089084572723,-0.0013478801020145664,31.0
25067,Jadyn Ramos,USC,LEDG,EDGE,77,jadyn ramos,-0.052584632778631506,-0.00965502153782489,220.0
25069,Zaydrius Rainey-Sale,Washington,WILL,LB,74,zaydrius rainey sale,-0.013802456101564681,0.03846799591034464,179.5
25070,Rylon Dillard-Allen,Washington,FS,SAF,83,rylon dillard allen,0.1302127236711485,0.23851386222717133,589.5
25071,Chris Lawson,Washington,WR,WR,76,chris lawson,-0.02884088636768592,-0.004781109851798579,107.5
25072,Champ Taulealea,Washington,RG,OL,78,champ taulealea,0.07714484575275966,0.13351771714755264,516.5
25074,Raiden Vines-Bright,Arizona State,WR,WR,79,raiden vines bright,0.012825289774485462,0.07616405027677493,283.0
25075,Dash Beierly,Washington,QB,QB,74,dash beierly,-0.14674642639209923,-0.0528167488791444,103.0
25076,Jack Shaffer,Washington,LG,OL,71,jack shaffer,-0.0037891645294598113,0.006142938659167802,91.0
25077,John Mills,Washington,LG,OL,82,john mills,0.13733550353031143,0.22208581260689764,776.5
25078,Treston McMillan,Washington,QB,QB,73,treston mcmillan,-0.010843646292825334,0.009219003273048516,22.0
25079,Ramonz Adams Jr.,Washington,CB,CB,73,ramonz adams,-0.03093930135663939,-0.008709551118677114,121.0
25080,Jake Flores,Washington,C,OL,65,jake flores,-0.006585555041905333,0.0033465481467222797,91.0
25081,Julian McMahan,Washington,HB,RB,76,julian mcmahan,-0.0034981996306948054,0.01543945705735008,27.0
25084,Dylan Robinson,Washington,CB,CB,79,dylan robinson,0.20047695979418312,0.3216382844382833,659.5
25085,Baron Naone,Washington,TE,TE,74,baron naone,0.0242295884867668,0.07617070352820016,156.0
25087,Donovan Robinson Jr.,Washington,MIKE,LB,67,donovan robinson,-0.03186738477644934,-0.009736162754693863,76.0
25088,Deji Ajose,Washington,WR,WR,72,deji ajose,-0.022187459635822297,-0.013794514339582528,37.5
25090,Dezmen Roebuck,Washington,WR,WR,87,dezmen roebuck,0.43025476662165907,0.55525369856699,558.5
25091,Devin Hyde,Washington,LEDG,EDGE,74,devin hyde,-0.002602202182772501,0.04032740905803412,220.0
25092,Quaid Carr,Washington,HB,RB,79,quaid carr,-0.010212424582301958,0.07535772785997492,122.0
25093,Dominic Macon,Oklahoma State,DT,DT,74,dominic macon,-0.03194659534432066,-0.008920712951524384,118.0
25095,Lowen Colman-Brusa,Washington,C,OL,65,lowen colman brusa,-0.013743773464641333,-0.0038116702760137198,91.0
25096,Nicolas Clayton,Wisconsin,WILL,LB,70,nicolas clayton,-0.027809152357744345,-0.005677930335988867,76.0
25098,Carter Smith,Wisconsin,QB,QB,74,carter smith,-0.17164643747738648,-0.07771675996443164,103.0
25100,Michael Roeske,Wisconsin,LT,OL,74,michael roeske,-0.0005372067679745088,0.009394896420653106,91.0
25101,Eugene Hilton Jr.,Wisconsin,WR,WR,75,eugene hilton,-0.025779163934803073,-0.0017193874189157326,107.5
25102,Grant Dean,Wisconsin,SS,SAF,71,grant dean,-0.03713176781009496,-0.018851931870613587,99.5
25103,Cooper Catalano,Wisconsin,MIKE,LB,73,cooper catalano,-0.002776252873169246,0.04949419913874008,179.5
25104,Jai'mier Scott,Wisconsin,CB,CB,72,jaimier scott,-0.026349150604039213,-0.0041194003660769375,121.0
25106,Emmett Bork,Wisconsin,TE,TE,72,emmett bork,-0.007031218611510863,0.01760751544660496,74.0
25107,Luke Emmerich,Wisconsin,FS,SAF,69,luke emmerich,-0.010145414359982449,-0.0031641704835976008,38.0
25108,Cairo Skanes,Wisconsin,FS,SAF,71,cairo skanes,-0.0872452826035906,-0.049583309059935514,205.0
25109,Xavier Ukponu,Wisconsin,DT,DT,72,xavier ukponu,-0.028548742973440157,-0.005522860580643883,118.0
25110,Mason Posa,Wisconsin,WILL,LB,80,mason posa,0.3200150077181339,0.510605597366015,654.5
25111,Jaylen Williams,Wisconsin,LEDG,EDGE,74,jaylen williams,0.009827117900565842,0.0699285736376951,308.0
25112,Logan Powell,Wisconsin,RG,OL,72,logan powell,0.00710545110679057,0.017037554295418183,91.0
25113,Torin Pettaway,Wisconsin,REDG,EDGE,72,torin pettaway,-0.003491526071847721,0.0037284540004697557,37.0
25115,Jahmare Washington,Wisconsin,CB,CB,69,jahmare washington,-0.013601708977539541,-0.006987898989385476,36.0
25116,Drayden Pavey,Ohio,DT,DT,74,drayden pavey,-0.04840755318304578,0.009644989290317716,297.5
25117,Nizyi Davis,Wisconsin,TE,TE,68,nizyi davis,-0.019975898695859244,-0.007490053733976226,37.5
25119,Sterling Sanders,UAB,DT,DT,74,sterling sanders,-0.044433238535418494,0.031961956013562366,391.5
25120,Omarion Davis,Penn State,SS,SAF,71,omarion davis,-0.026290992489558684,-0.00801115655007731,99.5
25121,Shaker Reisig,Texas State,QB,QB,68,shaker reisig,-0.12909849832197035,-0.03516882080901551,103.0
25122,TJ Green,Boston College,CB,CB,74,tj green,-0.1797915431039101,-0.11098954753269628,374.5
25123,Dawson Pough,Boston College,WR,WR,76,dawson pough,-0.05667926970566366,0.006659490796625804,283.0
25124,Jayden Fry,Sam Houston,REDG,EDGE,70,jayden fry,-0.16755640023095658,-0.10745494449382732,308.0
25125,Nedrick Boldin Jr.,Boston College,WR,WR,74,nedrick boldin,-0.061607090316475675,-0.03754731380058834,107.5
25126,Ashton Cunningham,Boston College,CB,CB,71,ashton cunningham,-0.0973850677821228,-0.07515531754416054,121.0
25127,Robert Smith IV,Boston College,RG,OL,74,robert smith,-0.018276462038023827,0.03809640935676917,516.5
25128,Griffin Collins,Boston College,MIKE,LB,70,griffin collins,-0.08878011983350964,0.001928770426711819,311.5
25130,Kaelan Chudzinski,Boston College,TE,TE,86,kaelan chudzinski,0.2610687266970356,0.35113328835541846,270.5
25132,Marcus Upton,Boston College,SS,SAF,72,marcus upton,-0.012889195869562482,0.005390640069918893,99.5
25137,DJ Williams,Boston College,C,OL,66,dj williams,-0.013652112354772816,-0.0037200091661452033,91.0
25140,Israel Oladipupo,Boston College,REDG,EDGE,70,israel oladipupo,-0.020657587863064666,-0.01343760779074719,37.0
25142,Mekhi Dodd,Boston College,HB,RB,74,mekhi dodd,-0.018521100410113508,0.0004165562779313753,27.0
25143,Bo MacCormack III,Boston College,HB,RB,76,bo maccormack,-0.04977587132739615,0.035794281114880734,122.0
25145,Marcelous Townsend,Boston College,FS,SAF,66,marcelous townsend,-0.02574451743707557,-0.018763273560690727,38.0
25146,Jae'on Young,California,CB,CB,77,jaeon young,-0.04780054912437083,-0.005545651977830975,230.0
25147,Justin Hasenhuetl,California,C,OL,71,justin hasenhuetl,0.0018250735565759069,0.01175717674520352,91.0
25148,Aiden Manutai,California,SS,SAF,78,aiden manutai,0.13385781198082009,0.2582341831469396,677.0
25150,Ike Okafor,Washington State,REDG,EDGE,71,ike okafor,-0.09446884268887881,-0.0515392314480722,220.0
25151,Odera Okaka,California,SAM,LB,67,odera okaka,-0.007486625013242299,0.0015405839693158573,31.0
25152,Kaden Cook,Jacksonville State,FS,SAF,69,kaden cook,-0.08453420154045983,-0.04687222799680473,205.0
25156,Anthony League,California,HB,RB,73,anthony league,-0.06678499687117145,0.01878515557110543,122.0
25160,John Tofi Jr.,California,TE,TE,63,john tofi,-0.010028228553006358,-0.0038685450384774033,18.5
25163,Simon Mapa,New Mexico,TE,TE,68,simon mapa,-0.008900470857867122,0.0035853741040158954,37.5
25164,Amare Adams,Clemson,DT,DT,83,amare adams,0.17988657012202572,0.2562817646710066,391.5
25165,Brayden Jacobs,Clemson,LT,OL,81,brayden jacobs,0.183232052869434,0.27049267374094804,799.5
25166,Gideon Davidson,Clemson,HB,RB,84,gideon davidson,0.07333832117779641,0.36055944761314385,409.5
25168,Easton Ware,Clemson,RT,OL,76,easton ware,0.07718355265038725,0.1619338617269734,776.5
25169,Ari Watford,Clemson,REDG,EDGE,75,ari watford,-0.005559761926655461,0.0545416938104738,308.0
25170,Logan Anderson,Clemson,MIKE,LB,70,logan anderson,-0.004908801271475179,0.004118407711082977,31.0
25171,Logan Brooking,Clemson,TE,TE,73,logan brooking,0.0012320112206872218,0.025870745278803044,74.0
25172,Juju Preston,Clemson,WR,WR,77,juju preston,-0.03968058823909955,-0.015620811723212207,107.5
25173,Jakarrion Kenan,Clemson,SS,SAF,70,jakarrion kenan,-0.01594690548177186,-0.008965661605387013,38.0
25175,Chris Denson,Clemson,QB,QB,74,chris denson,-0.19420686313902785,-0.10027718562607302,103.0
25178,Tucker Kattus,Clemson,C,OL,65,tucker kattus,-0.017814417576989896,-0.007882314388362281,91.0
25179,Bryce Davis,Duke,LEDG,EDGE,75,bryce davis,0.022584852549830725,0.106882998259051,432.0
25180,Bariate Kara,Duke,DT,DT,75,bariate kara,-0.04834941469734361,0.028045779851637254,391.5
25181,Nate Sheppard,Duke,HB,RB,90,nate sheppard,0.4655894857456465,0.752810612180994,409.5
25182,Jamien Little,Duke,WR,WR,75,jamien little,-0.09088761800680566,-0.05250388151866912,171.5
25183,Jamin Brown,Duke,RG,OL,72,jamin brown,-0.0024671367219326916,0.0074649664666949205,91.0
25184,Kaleb Lanier,Duke,CB,CB,67,kaleb lanier,-0.08931308231826206,-0.06708333208029979,121.0
25185,Dan Mahan,Duke,QB,QB,70,dan mahan,-0.07973535487129087,0.014194322641663981,103.0
25186,Elliott Schaper,Duke,SAM,LB,66,elliott schaper,-0.028775323862048344,-0.006644101840292864,76.0
25187,Ma'khi Jones,Florida State,CB,CB,76,makhi jones,-0.00843634820018918,-0.0018225382120351137,36.0
25189,Julius Columbus,Duke,DT,DT,72,julius columbus,-0.038483490581752156,-0.01545760818895588,118.0
25190,Maliki Wright,Kennesaw State,SS,SAF,68,maliki wright,-0.01793936764360026,-0.010958123767215413,38.0
25192,Kavon Simmons,Duke,WR,WR,71,kavon simmons,-0.02541678619386036,-0.01702384089762059,37.5
25193,Bradley Gompers,Duke,WILL,LB,64,bradley gompers,-0.012534727953348156,-0.0035075189707900007,31.0
25196,Jaivon Solomon,Duke,WR,WR,73,jaivon solomon,-0.0533941805250104,-0.029334404009123065,107.5
25198,Andrew Pellicciotta,Duke,SS,SAF,68,andrew pellicciotta,-0.0410757251551977,-0.022795889215716323,99.5
25199,Will Felder Jr.,Duke,SAM,LB,63,will felder,-0.036278132422980884,-0.02725092344042273,31.0
25201,Cole Allen,Duke,RT,OL,66,cole allen,-0.019504564036104555,-0.009572460847476944,91.0
25206,Kevin Wynn,Florida State,DT,DT,81,kevin wynn,0.10865237631294794,0.16670491878631144,297.5
25207,L A Jessie Harrold,UCF,LEDG,EDGE,74,l a jessie harrold,-0.03464132308568553,-0.012103277184262054,115.5
25208,Mario Nash,Mississippi State,C,OL,67,mario nash,-0.00949471854359487,0.00043738464503274323,91.0
25209,Jayvan Boggs,Florida State,WR,WR,79,jayvan boggs,0.00936864477473976,0.04775238126287631,171.5
25210,Chase Loftin,Florida State,TE,TE,73,chase loftin,0.0016930661317382635,0.026331800189854083,74.0
25212,Tae'Shaun Gelsey,Florida State,WR,WR,74,taeshaun gelsey,-0.017163854882515706,-0.008770909586275936,37.5
25213,Darryll Desir,Florida State,LEDG,EDGE,80,darryll desir,0.1683205340002382,0.25261867970945845,432.0
25214,Mandrell Desir,Florida State,LEDG,EDGE,84,mandrell desir,0.32673446458698285,0.4292776950735459,525.5
25215,Ethan Pritchard,Florida State,MIKE,LB,64,ethan pritchard,-0.021841260106683125,-0.01281405112412497,31.0
25216,Shamar Arnoux,Auburn,CB,CB,70,shamar arnoux,-0.03901928155839323,-0.016789531320430956,121.0
25217,Tyeland Coleman,Arkansas State,DT,DT,72,tyeland coleman,-0.08403607609393864,-0.025983533620575146,297.5
25218,Kevin Sperry,Florida State,QB,QB,74,kevin sperry,-0.004691859917890116,0.08923781759506473,103.0
25219,Max Redmon,Florida State,SS,SAF,68,max redmon,-0.013758128833620499,-0.006776884957235651,38.0
25220,Jordan Scott,Maryland,WR,WR,71,jordan scott,-0.023722886785657437,-0.015329941489417668,37.5
25221,Ousmane Kromah,Florida State,HB,RB,84,ousmane kromah,0.25011943996420677,0.4181034687340864,239.5
25222,Zae Thomas,Florida State,CB,CB,75,zae thomas,0.00782271190364252,0.014436521891796584,36.0
25224,Teriq Mallory,Florida State,WR,WR,72,teriq mallory,-0.026441290664114533,-0.018048345367874766,37.5
25225,Sean Poret,Florida State,LG,OL,70,sean poret,-0.009414321785959101,0.0005177814026685115,91.0
25226,Chavez Thompson,Florida State,C,OL,72,chavez thompson,-0.0037421932134323044,0.006189909975195309,91.0
25227,Antonio Cromartie Jr.,Florida State,CB,CB,69,antonio cromartie,-0.024471337953803008,-0.017857527965648944,36.0
25229,Josh Petty,Georgia Tech,LG,OL,75,josh petty,0.011021273026152294,0.02095337621477991,91.0
25230,Tae Harris,Georgia Tech,SS,SAF,77,tae harris,-0.02365194297507253,0.10072442819104697,677.0
25231,Christian Garrett,Georgia Tech,DT,DT,75,christian garrett,-0.037672558061313435,0.03872263648766743,391.5
25232,J.P. Powell,Georgia Tech,HB,RB,76,j p powell,-0.021744435393540568,0.01402669390609977,51.0
25235,Andre Fuller Jr.,Georgia Tech,REDG,EDGE,71,andre fuller,-0.020059885419206495,-0.012839905346889018,37.0
25237,Kevin Peay Jr.,Georgia Tech,LG,OL,70,kevin peay,-0.006799936871046268,0.0031321663175813454,91.0
25238,Elgin Sessions,Georgia Tech,CB,CB,69,elgin sessions,-0.013827000254547257,-0.007213190266393193,36.0
25242,Dalen Penson,Georgia Tech,CB,CB,75,dalen penson,-0.01441161778820071,-0.007797807800046646,36.0
25243,Peyton Joseph,Oklahoma,RT,OL,72,peyton joseph,-0.0006003398744363641,0.00933176331419125,91.0
25244,Fenix Felton,Georgia Tech,FS,SAF,71,fenix felton,-0.08831469372563906,-0.020247565930886807,370.5
25246,Shane Marshall,Georgia Tech,HB,RB,74,shane marshall,-0.009718266520603043,0.00921939016744184,27.0
25247,Grady Adamson,Georgia Tech,QB,QB,70,grady adamson,-0.06952653740322268,0.024403140109732165,103.0
25249,Jordan Allen,Georgia Tech,WR,WR,81,jordan allen,0.15690832920932699,0.2819072611546579,558.5
25251,Kevin Roche Jr.,Georgia Tech,TE,TE,69,kevin roche,-0.02952766304255161,-0.0048889289844357905,74.0
25257,Jamarice Wilder,Southern Miss,HB,RB,79,jamarice wilder,-0.17581082440439308,0.11141030203095431,409.5
25258,Cameron White,Louisville,MIKE,LB,70,cameron white,0.002453289649024671,0.011480498631582826,31.0
25259,Caleb Matelau,Louisville,MIKE,LB,68,caleb matelau,-0.016194492207980988,-0.0071672832254228306,31.0
25263,Eric Hazzard,Louisville,REDG,EDGE,69,eric hazzard,-0.0158498559503437,-0.008629875878026222,37.0
25269,Hayden Lowe,Miami,LEDG,EDGE,79,hayden lowe,0.013169927641324474,0.056099538882131095,220.0
25270,Girard Pringle Jr.,Miami,HB,RB,84,girard pringle,0.037426277970017685,0.12299643041229458,122.0
25271,Seuseu Alofaituli,Miami,C,OL,74,seuseu alofaituli,-0.0066690298717487695,0.003263073316878844,91.0
25272,Brock Schott,Indiana,TE,TE,76,brock schott,-0.022330776859271127,0.06773378479911171,270.5
25273,Joshua Moore,Miami,WR,WR,78,joshua moore,-0.0024765051346219355,0.005916440161617834,37.5
25274,Herbert Scroggins III,Miami,REDG,EDGE,76,herbert scroggins,-0.0032706831553486913,0.003949296916968785,37.0
25275,Bryce Fitzgerald,Miami,SS,SAF,87,bryce fitzgerald,0.33984347418537525,0.46421984535149474,677.0
25276,Luke Nickel,Miami,QB,QB,73,luke nickel,-0.05691599589937627,0.03701368161357857,103.0
25277,Kellen Wiley Jr.,Miami,MIKE,LB,67,kellen wiley,-0.008051606182101505,0.0009756028004566502,31.0
25279,Ja'Boree Antoine,Miami,CB,CB,75,jaboree antoine,-0.008482123400099996,-0.0018683134119459317,36.0
25280,Chris Ewald Jr.,Miami,CB,CB,75,chris ewald,-0.025666825386255976,-0.0034370751482937015,121.0
25281,Luka Gilbert,Miami,TE,TE,75,luka gilbert,0.00044384171002841144,0.052384956751461764,156.0
25282,Malachi Toney,Miami,WR,WR,96,malachi toney,0.6623510998267198,0.7873500317720507,558.5
25283,Ezekiel Marcelin Jr.,Miami,SAM,LB,67,ezekiel marcelin,-0.05143346309761663,-0.029302241075861147,76.0
25284,Daylyn Upshaw,Miami,WR,WR,75,daylyn upshaw,-0.006480504838200575,0.0019124404580391954,37.5
25285,Max Buchanan,Miami,RG,OL,78,max buchanan,0.08599463268064243,0.15666536690741584,647.5
25286,Donta Simpson,Missouri,DT,DT,79,donta simpson,0.07005171159970165,0.1464469061486825,391.5
25287,Jaden Wilkerson,Miami,RT,OL,70,jaden wilkerson,-0.015231542440773797,-0.0052994392521461845,91.0
25290,Spike Sowells,NC State,RG,OL,77,spike sowells,0.10116714254108077,0.1800782480946826,723.0
25291,Je'rel Bolder,NC State,WR,WR,73,jerel bolder,-0.013601194815251095,-0.005208249519011324,37.5
25293,Will Wilson,NC State,QB,QB,74,will wilson,-0.12197764615035254,-0.028047968637397704,103.0
25297,Caden Gordon,NC State,CB,CB,72,caden gordon,-0.03182794834124268,-0.009598198103280409,121.0
25298,AJ Prim,NC State,DT,DT,72,aj prim,-0.08425455928057828,-0.043081159408713744,211.0
25300,Teddy Hoffmann,NC State,WR,WR,79,teddy hoffmann,0.024840783541453512,0.04890056005734085,107.5
25301,Josiah Victor,NC State,DT,DT,76,josiah victor,-0.001853209926166776,0.07454198462281408,391.5
25302,Tristan Teasdell,NC State,SS,SAF,73,tristan teasdell,-0.0958737975328268,0.01242734102319602,589.5
25303,TK Whitset,NC State,RT,OL,74,tk whitset,-0.004806821893902949,0.05156604950089004,516.5
25305,Ke'Von Carter,NC State,MIKE,LB,65,kevon carter,-0.021924556999529915,-0.012897348016971757,31.0
25306,Terris Dudley,UConn,WILL,LB,64,terris dudley,-0.08567097075845795,-0.03340051874654862,179.5
25307,Preston Douglas,NC State,TE,TE,72,preston douglas,-0.01451578877390863,0.03742532626752472,156.0
25309,LaCorian Hodge,NC State,SAM,LB,63,lacorian hodge,-0.020495455742981075,-0.011468246760422919,31.0
25311,Adrian Farrow,NC State,REDG,EDGE,71,adrian farrow,-0.0905528598885019,-0.030451404151372638,308.0
25312,Bryce Baker,Virginia Tech,QB,QB,72,bryce baker,-0.03153617489451812,0.0008376459958692318,35.5
25314,Austin Alexander,Western Michigan,LEDG,EDGE,73,austin alexander,-0.05828020084251375,0.026017944866706513,432.0
25315,Byron Nelson,North Carolina,RG,OL,69,byron nelson,-0.005285610726646496,0.004646492461981117,91.0
25316,Javion Butts,North Carolina,SS,SAF,69,javion butts,-0.0454909229145257,-0.02721108697504433,99.5
25317,Devin Ancrum,Charlotte,DT,DT,74,devin ancrum,-0.05879021396388357,0.017604980585097293,391.5
25318,Trey Blue,North Carolina,LG,OL,67,trey blue,-0.009416685897983994,0.0005154172906436201,91.0
25319,Demon June,North Carolina,HB,RB,84,demon june,0.5388394114178578,0.8260605378532053,409.5
25320,Jariel Cobb,Charlotte,HB,RB,74,jariel cobb,-0.22843330269838613,-0.06044927392850652,239.5
25323,Au'tori Newkirk,North Carolina,QB,QB,71,autori newkirk,-0.08688344475443208,0.007046232758522774,103.0
25324,Tyler Houser,North Carolina,WILL,LB,70,tyler houser,-0.03829509157253481,0.013975360439374515,179.5
25325,Kenedy Uzoma,Temple,WR,WR,70,kenedy uzoma,-0.02222482226680132,-0.013831876970561551,37.5
25327,Jake Bauer,North Carolina,WILL,LB,67,jake bauer,-0.008388817556280083,0.0006383914262780735,31.0
25328,Nicco Maggio,North Carolina,LEDG,EDGE,70,nicco maggio,-0.003161948842124089,0.004058031230193387,37.0
25330,Kamarion Thomas,Massachusetts,DT,DT,68,kamarion thomas,-0.1512834096882983,-0.0932308672149348,297.5
25333,Shanard Clower,North Carolina,WR,WR,74,shanard clower,-0.058644769037208735,-0.0345849925213214,107.5
25340,Josh Guerrier,Pittsburgh,SS,SAF,71,josh guerrier,-0.2241347485773358,-0.15606762078258354,370.5
25341,Synkwan Smith,Pittsburgh,HB,RB,79,synkwan smith,-0.052620720913229974,0.03294943152904691,122.0
25342,Shep Turk,Pittsburgh,LT,OL,70,shep turk,-0.009625947774080679,0.0003061554145469339,91.0
25343,Bryce Yates,Pittsburgh,WR,WR,78,bryce yates,-0.012794536470406603,0.07807308460354931,406.0
25344,Mason Heintschel,Pittsburgh,QB,QB,83,mason heintschel,0.8405230052578899,1.4761442210494387,697.0
25345,Cole Woodson,Pittsburgh,FS,SAF,72,cole woodson,-0.13555463327379716,-0.02725349471777433,589.5
25346,Tony Kinsler,Pittsburgh,WR,WR,74,tony kinsler,-0.04845281912218781,-0.024393042606300472,107.5
25347,Torian Chester,Pittsburgh,RG,OL,68,torian chester,-0.0077608775352205365,0.0021712256534070764,91.0
25349,Denim Cook,Pittsburgh,WILL,LB,68,denim cook,-0.006782014112693081,0.002245194869865075,31.0
25350,Ja'Kyrian Turner,Pittsburgh,HB,RB,86,jakyrian turner,0.17475344633341852,0.4619745727687659,409.5
25352,Max Hunt,Pittsburgh,TE,TE,74,max hunt,-0.008218368454477992,0.04372274658695536,156.0
25353,Cam Sapp,Pittsburgh,WR,WR,73,cam sapp,-0.02848205226214732,-0.02008910696590755,37.5
25354,Shawn Lee Jr.,Pittsburgh,CB,CB,79,shawn lee,0.029882026346207843,0.12835430839205725,536.0
25356,Emmanuel Taylor,Pittsburgh,WR,WR,73,emmanuel taylor,-0.030792777714535632,-0.02239983241829586,37.5
25357,Justin Thompson,Pittsburgh,MIKE,LB,64,justin thompson,-0.014125221525874218,-0.005098012543316061,31.0
25358,Trevor Sommers,Pittsburgh,REDG,EDGE,69,trevor sommers,-0.014652098910768963,-0.007432118838451486,37.0
25360,Dramodd Odoms,SMU,LT,OL,79,dramodd odoms,0.08012114024076955,0.13649401163556255,516.5
25361,Jalen Cooper,SMU,WR,WR,79,jalen cooper,-0.019097566212044437,0.019286170276092113,171.5
25362,Ty Hawkins,SMU,QB,QB,75,ty hawkins,-0.12575189827159425,-0.0318222207586394,103.0
25363,Daylon Singleton,SMU,WR,WR,78,daylon singleton,-0.023258119604840304,0.0008016569110470388,107.5
25364,Dramekco Green,SMU,HB,RB,80,dramekco green,0.019378284076542174,0.10494843651881906,122.0
25365,Mark Iheanachor,UNLV,WILL,LB,68,mark iheanachor,-0.013773307926436449,0.00835791409531903,76.0
25366,Carterrious Brown,SMU,WR,WR,75,carterrious brown,-0.01535705168257266,-0.006964106386332891,37.5
25367,Abel Hoopii,SMU,RG,OL,71,abel hoopii,-0.012579890692410658,-0.002647787503783045,91.0
25368,Zay Gentry,SMU,CB,CB,72,zay gentry,-0.015017363921860089,-0.008403553933706023,36.0
25369,Elijah Pratt,UAB,FS,SAF,69,elijah pratt,-0.19151038877775825,-0.12344326098300601,370.5
25370,Isaiah Robertson,SMU,WR,WR,72,isaiah robertson,-0.031475401059481864,-0.023082455763242093,37.5
25371,Javion Holiday,SMU,CB,CB,69,javion holiday,-0.01445679041617445,-0.007842980428020386,36.0
25372,Drew Hill,SMU,LG,OL,68,drew hill,-0.00991258929834924,1.9513890278372373e-05,91.0
25374,Sael Reyes,SMU,SS,SAF,69,sael reyes,-0.026638707370791465,-0.00835887143131009,99.5
25375,Tyren Polley Jr.,SMU,FS,SAF,74,tyren polley,-0.016322180448909547,0.0517449473458427,370.5
25376,Tyron Winslow,SMU,LEDG,EDGE,71,tyron winslow,-0.0048222234416829485,0.0023977566306345277,37.0
25377,La'Modrick Spencer,SMU,CB,CB,74,lamodrick spencer,-0.030343468441905795,0.011911428704634061,230.0
25379,Jalen Shivers,SMU,REDG,EDGE,69,jalen shivers,-0.019140778321431604,-0.01192079824911413,37.0
25381,Kyle Ferm,Liberty,SAM,LB,69,kyle ferm,-0.025100210528876038,-0.0029689885071205605,76.0
25382,Link Rhodes,SMU,WR,WR,72,link rhodes,-0.01835086395435583,-0.00995791865811606,37.5
25383,JonAnthony Hall,Stanford,WR,WR,76,jonanthony hall,-0.048923001180637735,-0.01053926469250119,171.5
25384,Nusi Taumoepeau,BYU,REDG,EDGE,79,nusi taumoepeau,-0.07033537754616248,0.013962768163057783,432.0
25385,Landon McComber,Stanford,MIKE,LB,67,landon mccomber,-0.012193278798366536,-0.0031660698158083793,31.0
25386,Bear Bachmeier,BYU,QB,QB,84,bear bachmeier,0.9787111439070474,1.6143323596985961,697.0
25388,Lonnie McAllister,Stanford,CB,CB,69,lonnie mcallister,-0.021400652475854955,-0.01478684248770089,36.0
25389,Josh Williams,Stanford,LG,OL,69,josh williams,-0.011319064175185939,-0.001386960986558325,91.0
25390,Gabe Kaminski,Stanford,SAM,LB,62,gabe kaminski,-0.027561237444538176,-0.01853402846198002,31.0
25391,Kole Briehler,Stanford,DT,DT,71,kole briehler,-0.04275719347620921,-0.019731311083412934,118.0
25392,Emeka Ugorji,Florida,LT,OL,76,emeka ugorji,-0.0020970720951374814,0.007835031093490132,91.0
25393,Adam Shovlin,Stanford,REDG,EDGE,71,adam shovlin,-0.05636266382105447,0.003738791916074798,308.0
25394,Reiman Zebert,Stanford,TE,TE,68,reiman zebert,-0.0232825581889486,-0.010796713227065585,37.5
25396,Omari Gaines,Stanford,FS,SAF,72,omari gaines,-0.03794064498963858,-0.01966080905015721,99.5
25397,Chris Garland,Stanford,CB,CB,69,chris garland,-0.038862967082026315,-0.016633216844064037,121.0
25398,Liam Thorpe,Stanford,WR,WR,72,liam thorpe,-0.01946429011836763,-0.011071344822127861,37.5
25399,Donte Utu,Stanford,SS,SAF,67,donte utu,-0.01984881839059339,-0.012867574514208543,38.0
25401,Demetres Samuel Jr.,Syracuse,CB,CB,87,demetres samuel,0.34202087925074304,0.44049316129659244,536.0
25402,Quante Gillians,Temple,REDG,EDGE,72,quante gillians,-0.10264885403560522,-0.00010562354904216022,525.5
25403,Daunte Bacheyie,Syracuse,TE,TE,75,daunte bacheyie,0.02832758213435538,0.11839214379273821,270.5
25405,Darien Williams,Syracuse,WR,WR,77,darien williams,-0.0442384466305045,0.019100313871784968,283.0
25406,Kaylib Singleton,Mississippi State,CB,CB,73,kaylib singleton,-0.07873271303905227,-0.009930717467838461,374.5
25409,Kahlil Stewart,Syracuse,C,OL,68,kahlil stewart,-0.00984921143877058,8.289174985703224e-05,91.0
25413,Eric Thomas,Memphis,DT,DT,74,eric thomas,-0.06485643212316836,0.011538762425812508,391.5
25414,Antoine Deslauriers,Syracuse,MIKE,LB,80,antoine deslauriers,0.2129770841438871,0.40356767379176817,654.5
25415,Ziyyon Bredell,Syracuse,CB,CB,67,ziyyon bredell,-0.021429214566645656,-0.01481540457849159,36.0
25416,Javon Lawrence,Syracuse,CB,CB,71,javon lawrence,-0.048697469455015074,-0.026467719217052797,121.0
25417,Jayden Mann,Syracuse,LG,OL,71,jayden mann,-0.012606551048523524,-0.0026744478598959114,91.0
25419,Nathan Nyandoro,Syracuse,LEDG,EDGE,70,nathan nyandoro,-0.06883211962212574,-0.025902508381319123,220.0
25420,Malachi Coleman,Syracuse,HB,RB,75,malachi coleman,-0.02955600847865449,0.0062151208209858455,51.0
25422,Tylik Hill,Syracuse,HB,RB,76,tylik hill,-0.05398023374251015,0.03158991869976674,122.0
25423,Gabe Daniels,Tulane,WR,WR,73,gabe daniels,-0.07521859091889452,-0.03683485443075797,171.5
25424,Byron Washington,Syracuse,RG,OL,77,byron washington,0.014258992225792888,0.10151961309730692,799.5
25426,Kardiear Shepherd,Syracuse,RT,OL,71,kardiear shepherd,-0.018773419206188153,-0.008841316017560538,91.0
25427,Matthew Hawn,Syracuse,C,OL,61,matthew hawn,-0.03053925423913437,-0.020607151050506756,91.0
25428,Darius Johnson,Syracuse,WR,WR,74,darius johnson,-0.05494491718673203,-0.030885140670844687,107.5
25431,Nissi Ogbebor,Syracuse,DT,DT,71,nissi ogbebor,-0.04105796746705842,-0.01803208507426214,118.0
25433,Luke Carney,Houston,QB,QB,71,luke carney,-0.031022119652935724,0.0013517012374516272,35.5
25435,DeAngelo Thompson,Memphis,LEDG,EDGE,67,deangelo thompson,-0.14145234509262258,-0.09852273385181597,220.0
25436,Corey Costner,Virginia,SS,SAF,83,corey costner,0.2512959461168113,0.31936307391156354,370.5
25437,Josiah Abdullah,Virginia,WR,WR,75,josiah abdullah,-0.0167507840007232,-0.00835783870448343,37.5
25440,Sichan John,Virginia,DT,DT,71,sichan john,-0.015163984514526399,-0.007163466056012439,41.0
25441,Dillon Newton-Short,Virginia,WR,WR,72,dillon newton short,-0.015528603592119453,-0.007135658295879682,37.5
25442,Josiah Persinger,Virginia,CB,CB,76,josiah persinger,-0.07909799847822079,-0.03684310133168092,230.0
25444,Bjorn Jurgensen,Hawai'i,QB,QB,67,bjorn jurgensen,-0.0993082958638355,-0.005378618350880649,103.0
25445,Justin Rowe,Virginia,FS,SAF,69,justin rowe,-0.0069815950683357044,-3.5119195085794537e-07,38.0
25447,Jon Adair,Virginia,RT,OL,67,jon adair,-0.023956334612238506,-0.014024231423610893,91.0
25448,Xay Davis,Virginia,HB,RB,77,xay davis,-0.014004351874287871,0.005284002159831917,27.5
25450,Grayson Reid,Virginia,LG,OL,63,grayson reid,-0.03110504659513787,-0.021172943406510256,91.0
25451,Isaiah Robinson,Virginia,WR,WR,72,isaiah robinson,-0.017236104041897477,-0.008843158745657706,37.5
25452,Montino Williams,Virginia,CB,CB,68,montino williams,-0.0153495276041379,-0.008735717615983836,36.0
25453,Willem Thurber,Virginia,TE,TE,67,willem thurber,-0.011920464729262822,-0.005760781214733867,18.5
25454,Cole Geer,Virginia,QB,QB,68,cole geer,-0.04459178694807503,-0.012217966057687676,35.5
25455,Jeffrey Overton Jr.,Virginia Tech,HB,RB,80,jeffrey overton,0.032890951886478684,0.11846110432875558,122.0
25456,Jahmari DeLoatch,Virginia Tech,CB,CB,77,jahmari deloatch,-0.03310455707535772,-0.010874806837395445,121.0
25457,Brett Clatterbaugh,Virginia Tech,WILL,LB,66,brett clatterbaugh,-0.010642659544480031,-0.001615450561921875,31.0
25459,A.J. Brand,Virginia Tech,WR,WR,68,a j brand,-0.10834442194128549,-0.09995147664504571,37.5
25460,Christian Evans,Virginia Tech,DT,DT,74,christian evans,-0.0624316655047446,-0.004379123031381103,297.5
25463,Kelden Ryan,Virginia Tech,QB,QB,73,kelden ryan,-0.11269522821436141,-0.01876555070140657,103.0
25464,Knahlij Harrell,Virginia Tech,CB,CB,71,knahlij harrell,-0.022304750636466676,-0.01569094064831261,36.0
25465,Jojo Crim,Virginia Tech,CB,CB,70,jojo crim,-0.016613782271652083,-0.009999972283498018,36.0
25467,Shamarius Peterkin,Virginia Tech,WR,WR,77,shamarius peterkin,-0.009266477790381346,0.014793298725505995,107.5
25468,Sheldon Robinson,Virginia Tech,SS,SAF,71,sheldon robinson,-0.11883952357711097,-0.05077239578235873,370.5
25473,Brennan Johnson,Virginia Tech,MIKE,LB,63,brennan johnson,-0.023225963872906975,-0.014198754890348818,31.0
25474,Luke Stuewe,Virginia Tech,FS,SAF,70,luke stuewe,-0.033807769440909206,0.003854204102745892,205.0
25475,Trishstin Glass,Coastal Carolina,WR,WR,69,trishstin glass,-0.02192562743905965,-0.013532682142819878,37.5
25476,Freddie Gillens,Wake Forest,CB,CB,69,freddie gillens,-0.024097521545750986,-0.017483711557596922,36.0
25477,Bailey Benson,NC State,WILL,LB,65,bailey benson,-0.023785842740857894,-0.014758633758299737,31.0
25478,Jack Foley,Wake Forest,WR,WR,74,jack foley,-0.0321050586145378,-0.02371211331829803,37.5
25479,Kadear Dembele,Wake Forest,DT,DT,72,kadear dembele,-0.03910023193189263,-0.016074349539096356,118.0
25481,Steele Pizzella,Wake Forest,QB,QB,73,steele pizzella,-0.16134702628213982,-0.06741734876918497,103.0
25482,Nathan Pahanich,UConn,RT,OL,69,nathan pahanich,-0.012594090148654896,-0.0026619869600272832,91.0
25483,Josiah Pratt,Wake Forest,DT,DT,71,josiah pratt,-0.008999039350062198,-0.0009985208915482388,41.0
25485,Koredell Bartley,Wake Forest,CB,CB,68,koredell bartley,-0.02692200557965966,-0.020308195591505596,36.0
25486,Jamar Searcy,Wake Forest,HB,RB,77,jamar searcy,-0.04220620266505628,0.04336394977722061,122.0
25488,Aidan Martin,Wake Forest,LT,OL,73,aidan martin,-0.05629649332712136,0.02845381574946481,776.5
25489,Cole Funderburk,Marshall,REDG,EDGE,72,cole funderburk,-0.16980775915556084,-0.08550961344634059,432.0
25493,Bryce Kania,Wake Forest,WR,WR,70,bryce kania,-0.028178930824935416,-0.01978598552869565,37.5
25501,David Oke,Arkansas,DT,DT,81,david oke,0.14406160036572596,0.23626269723518561,472.5
25502,Mi'Quise Humphrey-Grace,Kentucky,LEDG,EDGE,82,miquise humphrey grace,0.28059820820091674,0.3831414386874798,525.5
25506,Langden Kitchen,Missouri,LEDG,EDGE,79,langden kitchen,0.11937713303056358,0.17947858876769282,308.0
25507,Cole Gonzales,Charlotte,QB,QB,71,cole gonzales,-0.0941538551073843,-0.0002241775944294487,103.0
25511,JV Gibson,Cincinnati,WR,WR,84,jv gibson,0.310004031367839,0.43500296331316995,558.5
25514,Davin Stoffel,Illinois,TE,TE,74,davin stoffel,0.00028448346796709767,0.05222559850940045,156.0
25518,Bryce Hawthorne,Iowa,DT,DT,78,bryce hawthorne,0.06409185156908961,0.15629294843854927,472.5
25519,Rahtrel Perry,Maryland,LT,OL,82,rahtrel perry,0.15802140597024855,0.2427717150468347,776.5
25520,Eyan Thomas,Maryland,DT,DT,81,eyan thomas,0.05210421266005545,0.1284994072090363,391.5
25521,Conner Moore,Michigan State,RT,OL,83,conner moore,0.1978871299196986,0.28263743899628474,776.5
25523,NiJhay Burt,Michigan State,CB,CB,78,nijhay burt,0.03180312826433485,0.10060512383554868,374.5
25527,Brady Norton,Michigan,RG,OL,77,brady norton,0.013284395054370573,0.023216498242998186,91.0
25529,Jaylen Bowden,East Carolina,CB,CB,74,jaylen bowden,-0.129367263477338,-0.030894981431488586,536.0
25530,Steven Curtis,North Texas,LEDG,EDGE,71,steven curtis,-0.01652849163384269,0.006009554267580785,115.5
25531,Jamir Conn,Nebraska,CB,CB,75,jamir conn,-0.052173223210379926,0.016628772360833887,374.5
25532,Andrew Marshall,Nebraska,CB,CB,84,andrew marshall,0.35853169982681404,0.4796930244709142,659.5
25533,Jaylen George,Tulsa,DT,DT,75,jaylen george,-0.021769545237645863,0.03628299723571763,297.5
25536,Griffin Wilde,Northwestern,WR,WR,86,griffin wilde,0.44927528067110356,0.5742742126164345,558.5
25538,Logan George,Washington,LEDG,EDGE,77,logan george,0.09001083637535336,0.17430898208457363,432.0
25540,Scooter Jackson,UCLA,CB,CB,80,scooter jackson,0.002882898572541673,0.07168489414375549,374.5
25542,Alex McLaughlin,Washington,SS,SAF,84,alex mclaughlin,0.3167318961831029,0.44110826734922237,677.0
25543,Ryan Kean,Washington,TE,TE,53,ryan kean,-0.019977923403972545,-0.013818239889443588,18.5
25544,Micheal Garner,Wisconsin,LEDG,EDGE,76,micheal garner,0.04746522187744926,0.15000845236401233,525.5
25545,Mark Hamper,California,WR,WR,75,mark hamper,-0.004609173732057292,0.003783771564182478,37.5
25546,Matthew Jung,Wisconsin,SS,SAF,76,matthew jung,0.09572529937637242,0.20402643793239525,589.5
25547,Antarron Turner,Colorado State,MIKE,LB,71,antarron turner,-0.04176537351199158,0.04894351674822989,311.5
25548,Matthew Traynor,Wisconsin,SS,SAF,72,matthew traynor,-0.02176247452837868,0.04630465326637357,370.5
25549,Charles Perkins,Wisconsin,DT,DT,78,charles perkins,0.05638278475595807,0.11443532722932155,297.5
25551,AJ Ia,Arizona State,TE,TE,76,aj ia,0.0211957071164117,0.11126026877479453,270.5
25552,Cory Butler Jr.,Arizona State,WR,WR,76,cory butler,-0.013103541543002452,-0.004710596246762682,37.5
25553,Manamo'ui Muti,Arizona State,RG,OL,70,manamoui muti,-0.014558385632342609,-0.004626282443714996,91.0
25554,Isaiah Iosefa,Arizona State,WILL,LB,67,isaiah iosefa,-0.051167150947213844,-0.029035928925458365,76.0
25556,Joseph Smith,Arizona State,CB,CB,77,joseph smith,0.01607697888406078,0.08487897445527459,374.5
25558,Maki Stewart,Arizona State,LG,OL,80,maki stewart,0.1113360017967541,0.19859662266826814,799.5
25560,Demarius Robinson,Arizona State,HB,RB,78,demarius robinson,-0.06003134553144254,0.1079526832384371,239.5
25565,Grayson Rigdon,Arizona State,HB,RB,75,grayson rigdon,-0.01304500870514345,0.0058926479829014364,27.0
25567,Rob Lapuaho,Arizona State,RG,OL,70,rob lapuaho,-0.008117860656394317,0.0018142425322332963,91.0
25570,Lee Fuimaono,Arizona State,MIKE,LB,65,lee fuimaono,-0.014578617447766102,-0.005551408465207946,31.0
25573,Isaiah Mizell,Arizona,WR,WR,75,isaiah mizell,-0.01580615801176776,-0.0074132127155279925,37.5
25575,Giovanni Richardson,Arizona,WR,WR,79,giovanni richardson,0.025718427825791246,0.08905718832808071,283.0
25577,Sawyer Anderson,Arizona,QB,QB,70,sawyer anderson,-0.03108357649647148,0.0012902443939158696,35.5
25578,Carter Jones,Arizona,MIKE,LB,67,carter jones,-0.010793715500387924,-0.0017665065178297688,31.0
25579,Elijah Brown,Colorado State,CB,CB,71,elijah brown,-0.05694068081095659,0.011861314760257232,374.5
25580,Leroy Palu,Arizona,DT,DT,80,leroy palu,0.14455527986247038,0.23675637673193003,472.5
25581,Myron Robinson,Arizona,MIKE,LB,73,myron robinson,-0.05545960661230063,-0.0031891546003913057,179.5
25583,Swayde Griffin,Arizona,CB,CB,73,swayde griffin,-0.011615684431696218,0.03063921271484364,230.0
25584,Mays Pese,Arizona,DT,DT,78,mays pese,0.04808545963552392,0.1244806541845048,391.5
25586,Louis Akpa,Arizona,LT,OL,68,louis akpa,-0.019520829414927193,-0.009588726226299579,91.0
25587,Wesley Yarbrough,Arizona,HB,RB,75,wesley yarbrough,-0.020760317307387158,0.015010811992253181,51.0
25588,Javian Goo,Arizona,LG,OL,70,javian goo,-0.015506861946327208,-0.005574758757699596,91.0
25591,Cornelius Warren III,Arizona,HB,RB,74,cornelius warren,-0.03092426377796613,-0.011986607089921244,27.0
25598,Zac Siulepa,Arizona,DT,DT,77,zac siulepa,-0.04088982358832905,0.017162718885034445,297.5
25599,Ezra Funa,Arizona,DT,DT,74,ezra funa,-0.01814348846834518,0.023029911403519347,211.0
25601,Kamauryn Morgan,Missouri,LEDG,EDGE,76,kamauryn morgan,-0.064652307098815,-0.02172269585800838,220.0
25602,Michael Turner,Baylor,HB,RB,81,michael turner,0.0054427657212446495,0.17342679449112428,239.5
25603,Matthew Parker,Baylor,RT,OL,73,matthew parker,-0.004325006648944519,0.052047864745848466,516.5
25604,Kaleb Burns,Baylor,WILL,LB,67,kaleb burns,-0.07617491610061586,-0.023904464088706542,179.5
25605,Caden Knighten,Baylor,HB,RB,80,caden knighten,0.0034971117604630595,0.08906726420273996,122.0
25606,Taz Williams Jr.,Baylor,WR,WR,76,taz williams,-0.05353827397992277,-0.015154537491786224,171.5
25607,Jackson Blackwell,Baylor,DT,DT,75,jackson blackwell,-0.00644646570179518,0.001554052756718779,41.0
25610,Bo Onu,Baylor,SS,SAF,70,bo onu,-0.012133254353360916,-0.005152010476976068,38.0
25612,Chase Collier,Baylor,WR,WR,74,chase collier,-0.014397240993510899,-0.006004295697271128,37.5
25613,Edward Griffin,Baylor,QB,QB,67,edward griffin,-0.119100940684677,-0.02517126317172215,103.0
25614,Harrison Cluff,Baylor,C,OL,67,harrison cluff,-0.013543531018811445,-0.003611427830183832,91.0
25615,Colin Peacock,Baylor,FS,SAF,69,colin peacock,-0.01869110061270406,-0.011709856736319213,38.0
25630,Ulavai Fetuli,BYU,DT,DT,72,ulavai fetuli,-0.059058352763703116,-0.017884952891838588,211.0
25640,Jordyn Criss,BYU,CB,CB,70,jordyn criss,-0.027991107682732146,-0.021377297694578083,36.0
25644,Zion Johnson,Cincinnati,HB,RB,82,zion johnson,0.04483143893704742,0.33205256537239486,409.5
25645,Giyahni Kontosis,Cincinnati,WR,WR,73,giyahni kontosis,-0.014312230306936017,-0.0059192850106962475,37.5
25646,CJ Crite,Cincinnati,FS,SAF,71,cj crite,-0.04373820894295544,-0.006076235399300341,205.0
25647,Patrick Williams,Cincinnati,CB,CB,70,patrick williams,-0.08081867289648577,-0.05858892265852349,121.0
25653,CJ Jones,Cincinnati,SS,SAF,69,cj jones,-0.06013728453786642,-0.04185744859838504,99.5
25654,CD McFee,Cincinnati,DT,DT,72,cd mcfee,-0.02707232983239021,-0.004046447439593936,118.0
25655,Kamron Neal,Cincinnati,WILL,LB,64,kamron neal,-0.02041539408512864,-0.011388185102570485,31.0
25656,Zach Taylor,Cincinnati,RG,OL,69,zach taylor,-0.023192541990813286,-0.013260438802185673,91.0
25657,Ka'Maurri Smith,Cincinnati,TE,TE,73,kamaurri smith,-0.0011570319757949962,0.05078408306563836,156.0
25659,Terrell Holcomb,Cincinnati,MIKE,LB,63,terrell holcomb,-0.019642235427897673,-0.010615026445339515,31.0
25661,Marcus McGregor,Cincinnati,C,OL,60,marcus mcgregor,-0.027476094363953624,-0.017543991175326012,91.0
25662,Myles Harrison,Cincinnati,MIKE,LB,65,myles harrison,-0.011922216370783724,-0.0028950073882255695,31.0
25663,Julian Lewis,Colorado,QB,QB,79,julian lewis,0.29222143329650196,0.9278426490880509,697.0
25664,Chauncey Gooden,Colorado,LG,OL,75,chauncey gooden,0.06664527491238843,0.13731600913916184,647.5
25665,Carde Smith,Memphis,LT,OL,73,carde smith,0.003773851537516234,0.013705954726143848,91.0
25666,London Merritt,Clemson,LEDG,EDGE,74,london merritt,0.0017301489514498132,0.024268194852873286,115.5
25668,Quanell Farrakhan Jr.,Colorado,WR,WR,77,quanell farrakhan,-0.0034831851286844418,0.004909760167555328,37.5
25669,Christian Hudson,Boston College,DT,DT,73,christian hudson,-0.07632973952674613,-0.01827719705338263,297.5
25670,Quentin Gibson,Colorado,WR,WR,72,quentin gibson,-0.02389892724580737,-0.015505981949567604,37.5
25671,Mantrez Walker,UAB,WILL,LB,66,mantrez walker,-0.03219368526772438,-0.0100624632459689,76.0
25673,Alexander McPherson,Penn State,REDG,EDGE,72,alexander mcpherson,-0.005344049285311719,0.001875930787005758,37.0
25674,Corbin Laisure,Colorado,TE,TE,67,corbin laisure,-0.015171549278706987,-0.0026857043168239695,37.5
25679,Austin Carlisle,UL Monroe,QB,QB,70,austin carlisle,-0.12754276004736062,-0.03361308253440577,103.0
25680,Reshad Sterling,Tulane,REDG,EDGE,69,reshad sterling,-0.011141338548089684,-0.003921358475772207,37.0
25681,Richmond Ugochukwu,Houston,MIKE,LB,64,richmond ugochukwu,-0.015746169877287598,-0.00671896089472944,31.0
25683,Carmello Brooks,Houston,DT,DT,71,carmello brooks,-0.12756373691037387,-0.05116854236139302,391.5
25684,Sheldon Rice,Houston,REDG,EDGE,70,sheldon rice,-0.05868116112761371,-0.03614311522619024,115.5
25685,Chance Bryant,Houston,REDG,EDGE,66,chance bryant,-0.01800168968770921,-0.010781709615391736,37.0
25686,Travis Buhake,Houston,LEDG,EDGE,70,travis buhake,-0.009238602722880887,-0.0020186226505634107,37.0
25687,Demetris Dean II,Houston,LT,OL,72,demetris dean,-0.00556469549075614,0.004367407697871473,91.0
25690,DK Mays,Houston,REDG,EDGE,67,dk mays,-0.013820952269836895,-0.00660097219751942,37.0
25692,Wyatt Herbel,Houston,TE,TE,70,wyatt herbel,-0.0032041888000551477,0.0029554947144738073,18.5
25693,Jaquise Martin,Houston,WR,WR,76,jaquise martin,-0.038079969544820014,-0.014020193028932669,107.5
25694,RJ Lee,Houston,RT,OL,64,rj lee,-0.03671257077823899,-0.026780467589611376,91.0
25696,Kuol Kuol II,Penn State,RT,OL,71,kuol kuol,-0.00017799221733087023,0.009754110971296743,91.0
25697,Alex Manske,Penn State,QB,QB,72,alex manske,-0.0293855260499457,0.06454415146300915,103.0
25698,Will Tompkins,Penn State,RG,OL,69,will tompkins,-0.01258707998187951,-0.0026549767932518955,91.0
25699,Ka'Mori Moore,Iowa State,DT,DT,71,kamori moore,-0.029178560445365195,-0.006152678052568917,118.0
25700,Josh Patterson,Wake Forest,FS,SAF,67,josh patterson,-0.02419020803751263,-0.017208964161127785,38.0
25701,Ryver Peppers,Iowa State,HB,RB,74,ryver peppers,-0.04224071609037373,-0.006469586790733391,51.0
25702,Trey Verdon,Iowa State,LEDG,EDGE,73,trey verdon,-0.15977000843313266,-0.0996685526960034,308.0
25706,Will Hawthorne,Nebraska,WILL,LB,64,will hawthorne,-0.028853355478396653,-0.019826146495838495,31.0
25707,Ethan Stecker,Iowa State,WILL,LB,65,ethan stecker,-0.03823512899607061,-0.029207920013512457,31.0
25709,Karon Brookins,Penn State,WR,WR,69,karon brookins,-0.026979582884401467,-0.0185866375881617,37.5
25710,Zay Robinson,Penn State,WR,WR,74,zay robinson,-0.08420508652604249,-0.045821350037905946,171.5
25713,Vaea Ikakoula,Penn State,C,OL,66,vaea ikakoula,-0.014556361257027537,-0.004624258068399924,91.0
25716,Adrian Holley,Kansas,LEDG,EDGE,72,adrian holley,-0.03927226323937016,0.003657348001436462,220.0
25717,David McComb,Miami (OH),QB,QB,68,david mccomb,-0.027177713069008954,0.0051961078213783995,35.5
25718,Malachi Curvey,Kansas,SAM,LB,65,malachi curvey,-0.017832726875914362,-0.008805517893356206,31.0
25720,Jackson Cook,Kansas,WR,WR,77,jackson cook,-0.01745709991331146,0.006602676602575878,107.5
25721,Tate Nagy,Kansas,WR,WR,79,tate nagy,-0.0367427908362254,0.0016409456519111529,171.5
25728,Justin Thurman,Kansas,HB,RB,76,justin thurman,-0.031142764469320797,0.00462836483031954,51.0
25732,Weston Polk,Kansas State,WILL,LB,68,weston polk,-0.019559579695319275,-0.010532370712761118,31.0
25733,Logan Bartley,Kansas State,SS,SAF,73,logan bartley,0.0034101030594560853,0.07147723085420835,370.5
25734,Darien Whitaker Jr.,Kansas State,MIKE,LB,67,darien whitaker,-0.007836582236850253,0.0011906267457079036,31.0
25736,Aneyas Williams,Notre Dame,HB,RB,86,aneyas williams,0.465675369578232,0.7528964960135794,409.5
25741,Cleto Chol,Colorado State,REDG,EDGE,61,cleto chol,-0.030370530049194835,-0.02315054997687736,37.0
25746,Kezion Dia-Johnson,Massachusetts,WR,WR,72,kezion dia johnson,-0.1342642897998057,-0.09588055331166916,171.5
25747,Alex Fox,Akron,RG,OL,63,alex fox,-0.04037825021485073,-0.03044614702622312,91.0
25751,Rodrick Hunter,Akron,SS,SAF,71,rodrick hunter,-0.20228064843359947,-0.09397950987757664,589.5
25754,Jason Hocker,Akron,WILL,LB,67,jason hocker,-0.07636696954324959,-0.024096517531340268,179.5
25755,Elijah Davis,Akron,DT,DT,65,elijah davis,-0.09852297217007144,-0.07549708977727518,118.0
25758,Dahvon Frazier,Akron,LEDG,EDGE,70,dahvon frazier,-0.13212108605934023,-0.07201963032221095,308.0
25759,Kyan Mason,Akron,WR,WR,80,kyan mason,0.08324266018605887,0.17411028126001477,406.0
25760,Marquese Williams,Akron,HB,RB,73,marquese williams,-0.06015042427791476,-0.024379294978274426,51.0
25762,Layton Starks,Ball State,LEDG,EDGE,72,layton starks,-0.08762209623803102,-0.04469248499722439,220.0
25765,Darin Conley,Washington,DT,DT,75,darin conley,-0.06847199488597894,0.00792319966300192,391.5
25766,Jordan Suggs,Ball State,CB,CB,64,jordan suggs,-0.09938485279279691,-0.07715510255483463,121.0
25768,Ramari Taylor,Buffalo,CB,CB,54,ramari taylor,-0.05000437266637844,-0.04339056267822437,36.0
25769,Brenden Deasfernandes,Northwestern,CB,CB,80,brenden deasfernandes,0.13922165702069197,0.20802365259190578,374.5
25771,Jadyn Glasser,Central Michigan,QB,QB,58,jadyn glasser,-0.050969683468828214,-0.030907033902954364,22.0
25772,Tysen Campbell,Central Michigan,FS,SAF,60,tysen campbell,-0.03324899194228923,-0.026267748065904383,38.0
25773,Josiah Booker,Central Michigan,WR,WR,67,josiah booker,-0.026129426046474242,-0.017736480750234474,37.5
25775,Cecil Wilson,Kent State,RT,OL,64,cecil wilson,-0.035396791748830675,-0.025464688560203064,91.0
25776,Jay Jay Etheridge,Kent State,WR,WR,73,jay jay etheridge,-0.06157108258571739,-0.02318734609758084,171.5
25777,Nylan Brown,Washington State,MIKE,LB,71,nylan brown,-0.09131579195366724,0.056031554664862655,506.0
25778,Josue Cordoba,Kent State,DT,DT,68,josue cordoba,-0.28016360451928135,-0.20376840997030052,391.5
25784,Jordon Jones,Troy,RT,OL,81,jordon jones,0.17758157947167066,0.2648422003431847,799.5
25785,RJ Keuchler,Ohio,DT,DT,64,rj keuchler,-0.034713605825176685,-0.026713087366662728,41.0
25787,Bryce Parson,Ohio,C,OL,65,bryce parson,-0.03153293762145055,-0.021600834432822937,91.0
25788,Matt Hofer,Toledo,LT,OL,66,matt hofer,-0.029537249950589095,-0.019605146761961484,91.0
25790,Rod Gainey Jr.,LSU,HB,RB,79,rod gainey,-0.03816766119156066,-0.002396531891920326,51.0
25791,DeQuinder Williams II,Charlotte,CB,CB,58,dequinder williams,-0.03711019762371016,-0.030496387635556094,36.0
27456,Patrick Tackie,Kansas State,DT,DT,75,patrick tackie,-0.03445729761392186,0.006716102257942666,211.0
27457,Adonis Moise,Kansas State,WR,WR,77,adonis moise,-0.014295009251882094,0.009764767264005247,107.5
27458,Dillon Duff,Kansas State,QB,QB,72,dillon duff,-0.06859362977707044,0.025336047735884413,103.0
27460,Larry Porter IV,Kansas State,WR,WR,74,larry porter,-0.02791493018839609,-0.019521984892156324,37.5
27461,Monterrio Elston Jr.,Kansas State,HB,RB,75,monterrio elston,-0.05725356404407692,-0.02148243474443659,51.0
27462,Brad Stanyer,Kansas State,LEDG,EDGE,69,brad stanyer,-0.040423833209716396,-0.01788578730829292,115.5
27464,Dylan Villarouel,Kansas State,RG,OL,74,dylan villarouel,-0.0046903685891683915,0.0052417345994592215,91.0
27465,Linkon Cure,Kansas State,TE,TE,78,linkon cure,0.02826005097046834,0.08020116601190169,156.0
27475,Dalton Knapp,Kansas State,REDG,EDGE,69,dalton knapp,-0.029884852198677758,-0.022664872126360282,37.0
27477,Kam Powell,Oklahoma State,WR,WR,76,kam powell,-0.01668926110711665,-0.00829631581087688,37.5
27478,Kobi Foreman,Oklahoma State,CB,CB,72,kobi foreman,-0.038046608880559524,-0.01581685864259725,121.0
27479,Tyler Brumfield,Eastern Michigan,LT,OL,71,tyler brumfield,-0.09832886258080732,-0.019417757027205513,723.0
27480,Royal Capell,UTEP,WR,WR,71,royal capell,-0.022150404035040205,-0.013757458738800438,37.5
27481,Rashod Bradley,Oklahoma State,LEDG,EDGE,74,rashod bradley,-0.0005171602559934022,0.006702819816324075,37.0
27484,Chase Pinkston,Memphis,CB,CB,71,chase pinkston,-0.058922289148596096,0.009879706422617726,374.5
27485,Carl'veon Young,Oklahoma State,WILL,LB,72,carlveon young,0.00032374640889321353,0.09103263666911468,311.5
27487,Jotavian Pierce,UAB,SS,SAF,67,jotavian pierce,-0.018639303509849197,-0.011658059633464349,38.0
27488,DJ Dugar Jr.,Tulane,HB,RB,77,dj dugar,0.002628908077246887,0.03840003737688722,51.0
27489,Draden Fullbright,UAB,CB,CB,68,draden fullbright,-0.0891239788294177,-0.06689422859145541,121.0
27495,Miguel Chavez,Oklahoma State,RG,OL,69,miguel chavez,-0.015361918524924682,-0.00542981533629707,91.0
27498,Terry Shelton,TCU,WR,WR,75,terry shelton,-0.01785328822214616,-0.009460342925906392,37.5
27499,Chad Woodfork,TCU,LEDG,EDGE,76,chad woodfork,-0.09773030707811413,-0.054800695837307505,220.0
27500,Adam Schobel,TCU,QB,QB,73,adam schobel,-0.040333672500050176,0.053596005012904666,103.0
27502,Ed Small,TCU,WR,WR,80,ed small,0.016052939447680104,0.10692056052163601,406.0
27504,John Schobel,TCU,REDG,EDGE,72,john schobel,-0.014203498402645212,-0.006983518330327735,37.0
27505,Witten Van Hoy,TCU,RT,OL,75,witten van hoy,-0.00011187971683452279,0.00982022347179309,91.0
27507,Jon Denman,TCU,HB,RB,75,jon denman,-0.023072486842134227,0.06249766560014266,122.0
27508,Cam Jamerson,Boise State,CB,CB,69,cam jamerson,-0.038872711540927196,-0.016642961302964922,121.0
27509,Anthony Williams,TCU,WILL,LB,58,anthony williams,-0.03475516130297861,-0.02572795232042045,31.0
27513,Perry Cole Jr.,TCU,DT,DT,74,perry cole,-0.018328043169287895,0.004697839223508381,118.0
27514,Kelten Mickell,TCU,DT,DT,74,kelten mickell,-0.03186237832960517,0.009311021542259351,211.0
27517,Jonah Martinez,Southern Miss,CB,CB,71,jonah martinez,-0.039509980145024014,0.0027449170015158473,230.0
27518,Kollin Collier,Old Dominion,FS,SAF,70,kollin collier,-0.07615210336463155,-0.038490129820976444,205.0
27519,Logan Schram,TCU,LG,OL,70,logan schram,-0.021184102627354335,-0.01125199943872672,91.0
27520,Kilian Registe,TCU,RG,OL,69,kilian registe,-0.007898860490347222,0.0020332426982803903,91.0
27523,Julius Simms,TCU,SS,SAF,70,julius simms,-0.0038584813271414463,0.0031227625492434006,38.0
27526,Gil Jackson,TCU,CB,CB,72,gil jackson,0.018783389159621786,0.08758538473083559,374.5
27532,Leyton Stone,Texas Tech,WR,WR,71,leyton stone,-0.014146633296707043,-0.005753688000467274,37.5
27533,Connor Carty,Texas Tech,LG,OL,67,connor carty,-0.006162752861264321,0.003769350327363292,91.0
27534,Patrick McMath,Texas Tech,C,OL,62,patrick mcmath,-0.016101001405342347,-0.0061688982167147355,91.0
27535,Brock Golwas,Texas Tech,MIKE,LB,69,brock golwas,-0.01725477202891616,0.00487644999283932,76.0
27536,Tristian Gentry,Texas Tech,WR,WR,78,tristian gentry,-0.009139603211910645,-0.000746657915670875,37.5
27537,Elias Gillen,Texas Tech,LT,OL,66,elias gillen,-0.021223986661896867,-0.011291883473269254,91.0
27538,Bryson Jones,Texas Tech,WR,WR,74,bryson jones,-0.002378980590905233,0.006013964705334537,37.5
27544,Juan Berchal,App State,CB,CB,74,juan berchal,-0.08900441877201966,-0.020202423200805845,374.5
27546,Kaden Ellis,App State,DT,DT,67,kaden ellis,-0.1328328535661287,-0.07478031109276519,297.5
27547,Jaquari Lewis,App State,HB,RB,83,jaquari lewis,-0.09633380703454233,0.19088731940080508,409.5
27548,Alex Sanchez,App State,WR,WR,73,alex sanchez,-0.07053313285922293,0.020334488214732972,406.0
27549,Noah Gillon,App State,QB,QB,63,noah gillon,-0.03902708302587377,-0.01896443345999992,22.0
27550,Dillon Galloway,App State,TE,TE,63,dillon galloway,-0.17840874946274704,-0.08834418780436422,270.5
27551,Edward Coleman,App State,WR,WR,69,edward coleman,-0.07185074649163038,-0.047790969975743045,107.5
27553,Caleb Pitts,App State,REDG,EDGE,64,caleb pitts,-0.228566230546216,-0.16846477480908675,308.0
27559,Romel Stevens,Arkansas State,WR,WR,67,romel stevens,-0.03281797096679829,-0.024425025670558525,37.5
27561,Ryan Reese,Arkansas State,DT,DT,73,ryan reese,-0.06579880873777834,0.010596385811202522,391.5
27562,Nigel Nelson,Arkansas State,MIKE,LB,68,nigel nelson,-0.10326598156676524,0.04408136505176466,506.0
27565,Tony Carter,Arkansas State,LEDG,EDGE,68,tony carter,-0.10063922125881118,-0.040537765521681916,308.0
27568,Malekhi Weedon,Arkansas State,SS,SAF,66,malekhi weedon,-0.019906410026756406,-0.012925166150371559,38.0
27570,DD Murray,Arkansas State,HB,RB,72,dd murray,-0.14832139183770832,-0.06275123939543141,122.0
27574,Demarcco Blanton,UL Monroe,WR,WR,67,demarcco blanton,-0.030661411591311034,-0.022268466295071267,37.5
27585,Jevon Edwards,Coastal Carolina,HB,RB,76,jevon edwards,-0.18653588505068047,-0.018551856280800843,239.5
27587,Dominic Rijos,Coastal Carolina,LT,OL,66,dominic rijos,-0.024764878055377155,-0.014832774866749542,91.0
27588,Brandon Rose,Coastal Carolina,FS,SAF,64,brandon rose,-0.02520626344488328,-0.01822501956849843,38.0
27590,Dominic Knicely,Coastal Carolina,HB,RB,78,dominic knicely,-0.23886689685968032,0.04835422957566709,409.5
27591,Breyahn Townsend,Coastal Carolina,HB,RB,73,breyahn townsend,-0.057800235971693814,-0.022029106672053475,51.0
27593,Nate Gregory,Kent State,WILL,LB,60,nate gregory,-0.02936697568660716,-0.020339766704049002,31.0
27595,Larell Howling,UL Monroe,SS,SAF,69,larell howling,-0.15505949733667013,-0.08699236954191787,370.5
27596,Kain McDonald,Coastal Carolina,C,OL,64,kain mcdonald,-0.02745367766872473,-0.017521574480097116,91.0
27599,Ben Verges,Coastal Carolina,TE,TE,62,ben verges,-0.008409080687387877,-0.002249397172858922,18.5
27600,D'Mariun Perteet,Charlotte,HB,RB,67,dmariun perteet,-0.05051889667040116,-0.03158123998235628,27.0
27601,Cam Todd,Sam Houston,C,OL,70,cam todd,-0.03166556254883161,0.0472455430047702,723.0
27603,Josh Humes,Delaware,TE,TE,60,josh humes,-0.010082413516513098,-0.0054210313974101055,14.0
27608,Johnathan Ashley,Coastal Carolina,RT,OL,72,johnathan ashley,-0.08614693552792296,0.001113685343591065,799.5
27609,Weston Bryan,Georgia Southern,QB,QB,70,weston bryan,-0.10357557168662693,-0.00964589417367208,103.0
27610,Akeondre Chaney,Georgia Southern,CB,CB,74,akeondre chaney,-0.043105025239096185,0.02569697033211763,374.5
27611,Ethan Johnson,Georgia Southern,WILL,LB,65,ethan johnson,-0.0025650311502071295,0.019566190871548348,76.0
27612,Jeremiah Ware,Georgia Southern,WR,WR,70,jeremiah ware,-0.02534209519057179,-0.01694914989433202,37.5
27615,Amari Wilson,Georgia Southern,REDG,EDGE,65,amari wilson,-0.019243972355687484,-0.012023992283370005,37.0
27618,Jeremiah Ticket,Georgia Southern,DT,DT,70,jeremiah ticket,-0.0834272319760769,-0.04225383210421237,211.0
27622,Kyle Washington,Georgia State,WR,WR,75,kyle washington,-0.10042740125899614,-0.00955978018504024,406.0
27624,Jartavius Flounoy,Syracuse,DT,DT,73,jartavius flounoy,-0.038125585299252786,0.0030478145726117426,211.0
27625,TJ Stanley,Georgia State,QB,QB,68,tj stanley,-0.03451719299460898,-0.0021433721042216267,35.5
27626,Alex Mullings,Georgia State,DT,DT,73,alex mullings,-0.06081202876067323,0.03138906810878642,472.5
27628,Pherleski Martin,Georgia State,LT,OL,69,pherleski martin,-0.01357959317594629,-0.003647489987318676,91.0
27629,Joseph Holt,Georgia State,SS,SAF,68,joseph holt,-0.0501338370000431,-0.03185400106056172,99.5
27630,Kedrick Walker,Baylor,MIKE,LB,63,kedrick walker,-0.06887177219340328,-0.046740550171647806,76.0
27631,Ahmed Souare,Georgia State,WR,WR,63,ahmed souare,-0.035576300251490715,-0.027183354955250944,37.5
27632,Zachary Davis,Georgia State,MIKE,LB,65,zachary davis,-0.008051996959317695,0.0009752120232404625,31.0
27633,Aidan Andrews,Georgia State,LG,OL,68,aidan andrews,-0.02313287870543946,-0.013200775516811846,91.0
27635,Demonte Gaston,Georgia State,FS,SAF,63,demonte gaston,-0.021638833518057725,-0.014657589641672878,38.0
27636,Jonah Reeder,Georgia State,DT,DT,71,jonah reeder,-0.09319688607399204,-0.01680169152501117,391.5
27638,Deuce Fillmore,Illinois,CB,CB,76,deuce fillmore,0.0017074959587742963,0.043962393105314156,230.0
27639,Coby Owens,Georgia State,MIKE,LB,69,coby owens,-0.3095002484897228,-0.16215290187119286,506.0
27640,Derrick Avery Jr.,Georgia State,WR,WR,76,derrick avery,-0.11454724598053662,0.010451685964794353,558.5
27641,Grant Hollier,Georgia State,TE,TE,79,grant hollier,0.07576377139697221,0.16582833305535502,270.5
27642,Chandler Jordan,Boston College,SS,SAF,65,chandler jordan,-0.020407621836517845,-0.013426377960132995,38.0
27645,Jamari Miller,Georgia State,WR,WR,69,jamari miller,-0.03126039876983785,-0.022867453473598077,37.5
27647,Ty Snead,Georgia State,FS,SAF,67,ty snead,-0.012427284092694125,-0.005446040216309279,38.0
27651,Trent Wilson,Iowa,RG,OL,79,trent wilson,0.11286115403416633,0.18353188826093972,647.5
27653,Seth Gathers,James Madison,FS,SAF,65,seth gathers,-0.04421846017425077,-0.025938624234769392,99.5
27654,Brian Hnat,James Madison,TE,TE,72,brian hnat,-0.032018217031123994,0.01992289801030936,156.0
27655,Roddrey McWilliams,James Madison,CB,CB,64,roddrey mcwilliams,-0.025386491835982163,-0.018772681847828095,36.0
27658,Cole Webster,James Madison,LEDG,EDGE,66,cole webster,-0.010184367297457936,-0.002964387225140461,37.0
27659,Ethan Gurela,James Madison,TE,TE,67,ethan gurela,-0.010831281361017353,0.001654563600865665,37.5
27660,Parker Cunningham,James Madison,C,OL,59,parker cunningham,-0.029972589601464834,-0.020040486412837222,91.0
27664,Darrell Smith,Louisiana,HB,RB,73,darrell smith,-0.131159737095318,-0.04558958465304112,122.0
27665,Jakoby Isom,Louisiana,LG,OL,64,jakoby isom,-0.0184295152246437,-0.008497412036016085,91.0
27666,Russell Babineaux,Louisiana,WR,WR,68,russell babineaux,-0.16840183987054919,-0.10506307936825972,283.0
27668,Khristian Mackintrush,Louisiana,TE,TE,70,khristian mackintrush,-0.012432528156988604,0.012206205901127217,74.0
27670,Steven Ranel II,Louisiana,FS,SAF,66,steven ranel,-0.12027657822196888,-0.08261460467831377,205.0
27671,Baylynn Williams,Louisiana,RT,OL,63,baylynn williams,-0.019282785007626462,-0.009350681818998847,91.0
27673,Cam Riley,Louisiana,CB,CB,66,cam riley,-0.1390844209535229,-0.09682952380698306,230.0
27677,Chase Howard,Louisiana,LEDG,EDGE,64,chase howard,-0.15091158097273139,-0.09081012523560213,308.0
27678,Trenton Chaney,Louisiana,WR,WR,66,trenton chaney,-0.03781559231594241,-0.029422647019702642,37.5
27682,Brent Gordon Jr.,Louisiana,CB,CB,88,brent gordon,0.534604787870096,0.6557661125141961,659.5
27685,Fred Clark,UL Monroe,LEDG,EDGE,67,fred clark,-0.12288646476911774,-0.07995685352831113,220.0
27686,Bryson Kimbrough,UL Monroe,QB,QB,63,bryson kimbrough,-0.035506296111966464,-0.015443646546092614,22.0
27687,Noah Flemmings,UL Monroe,MIKE,LB,83,noah flemmings,0.3350587012537042,0.5256492909015853,654.5
27688,AJ Vinson,UL Monroe,RT,OL,75,aj vinson,-0.06979115985492351,0.017469461016590512,799.5
27690,Ethan Bailey,UL Monroe,DT,DT,66,ethan bailey,-0.3003278580067627,-0.20812676113730308,472.5
27691,Kaliem Croswell,UL Monroe,LG,OL,72,kaliem croswell,-0.10951906863401488,-0.02476875955742871,776.5
27692,JP Coulter,UL Monroe,WR,WR,73,jp coulter,-0.026072811017784303,0.012310925470352249,171.5
27693,Roscoe Tucker,UL Monroe,LT,OL,64,roscoe tucker,-0.03471998401919049,-0.02478788083056288,91.0
27695,Zy Jackson,UL Monroe,CB,CB,67,zy jackson,-0.18562073113242414,-0.14336583398588426,230.0
27697,Jabari Tiller,UL Monroe,SS,SAF,74,jabari tiller,-0.027752855760736574,0.08054828279528624,589.5
27704,Jack Laird,Marshall,LT,OL,63,jack laird,-0.03282336644467588,-0.022891263256048264,91.0
27707,Andrew Dudley,Marshall,C,OL,60,andrew dudley,-0.02933429226163118,-0.019402189073003565,91.0
27712,Tylik Mitchell,Temple,WR,WR,71,tylik mitchell,-0.07426805873261177,-0.065875113436372,37.5
27714,Ryan Huff,Old Dominion,QB,QB,64,ryan huff,-0.03440600529281361,-0.017079171576831646,19.0
27716,Braden Ellis,Old Dominion,LT,OL,66,braden ellis,-0.023325539084864098,-0.013393435896236486,91.0
27717,Jehahj Sherrill,Old Dominion,FS,SAF,62,jehahj sherrill,-0.023866400181538253,-0.016885156305153404,38.0
27718,TJ Johnson,Old Dominion,WR,WR,74,tj johnson,-0.11686738973750509,-0.02599976866354918,406.0
27719,Joshua Rodriguez,Old Dominion,WR,WR,67,joshua rodriguez,-0.032954179075485396,-0.024561233779245625,37.5
27720,Christopher Warren,Old Dominion,TE,TE,67,christopher warren,-0.0991257005066005,-0.04718458546516715,156.0
27723,Tre Brown,LSU,WR,WR,82,tre brown,0.04970204870657679,0.07376182522246412,107.5
27724,Titus Myers,Akron,WR,WR,70,titus myers,-0.14727728241719587,-0.10889354592905934,171.5
27729,LeDarrion Menter,Old Dominion,REDG,EDGE,73,ledarrion menter,-0.005326637723710187,0.09721659276285288,525.5
27731,Carson Bradley,Old Dominion,RT,OL,59,carson bradley,-0.04276555435518123,-0.03283345116655361,91.0
27732,Keshawn Thomas,App State,MIKE,LB,63,keshawn thomas,-0.03122507560811317,-0.02219786662555501,31.0
27733,Jackson Forrest,Old Dominion,SAM,LB,76,jackson forrest,0.18096706530929854,0.32831441192782845,506.0
27734,Javen Gibson,Old Dominion,LEDG,EDGE,69,javen gibson,-0.1712490879575036,-0.08695094224828333,432.0
27736,Ja'Cory Thomas,Vanderbilt,WR,WR,81,jacory thomas,0.13258731615882183,0.19592607666111128,283.0
27738,Lucas Struck,Old Dominion,SS,SAF,74,lucas struck,0.010328552726482556,0.07839568052123481,370.5
27739,Trequan Jones,Tulsa,HB,RB,82,trequan jones,-0.1050257254753793,0.18219540095996808,409.5
27740,Hunter Malecki,Old Dominion,DT,DT,63,hunter malecki,-0.10143930073805948,-0.0784134183452632,118.0
27741,E'Mauri Smiley,South Alabama,REDG,EDGE,65,emauri smiley,-0.02319458236037004,-0.015974602288052565,37.0
27744,Dominic Wiseman,Kentucky,DT,DT,66,dominic wiseman,-0.026861881774751944,-0.018861363316237983,41.0
27745,Brec Long,North Texas,TE,TE,70,brec long,-0.06042662366414439,-0.008485508622711038,156.0
27746,Keenan Phillips,South Alabama,HB,RB,78,keenan phillips,-0.37553518375643063,-0.08831405732108324,409.5
27757,Zach Ruffin,Memphis,WILL,LB,59,zach ruffin,-0.05042999785204267,-0.041402788869484515,31.0
27758,Jermane Hayes,Memphis,WR,WR,73,jermane hayes,-0.05081706409854674,-0.0267572875826594,107.5
27759,Shane King,Arizona,TE,TE,70,shane king,-0.01517124531395916,-0.0026854003520761435,37.5
27761,Jaylin Carter,Memphis,HB,RB,78,jaylin carter,-0.1359654367612595,0.032018592008620145,239.5
27762,Dylan King,Memphis,SS,SAF,75,dylan king,-0.04359197034840721,0.024475157446345045,370.5
27763,Denzel Gardner,Memphis,QB,QB,67,denzel gardner,-0.02890372305773755,0.003470097832649799,35.5
27764,Connor Gooding,Southern Miss,TE,TE,67,connor gooding,-0.09110559064037349,-0.03916447559894014,156.0
27765,Khalil Foster,Memphis,FS,SAF,67,khalil foster,-0.020394048814899254,-0.013412804938514405,38.0
27772,TJ Burkhalter,Texas State,SAM,LB,61,tj burkhalter,-0.0267796711665349,-0.01775246218397674,31.0
27773,Jayden Bradley,Texas State,SS,SAF,66,jayden bradley,-0.11379468663514149,-0.07613271309148639,205.0
27774,Ameer Ross,Texas State,RG,OL,64,ameer ross,-0.021367619705792294,-0.011435516517164682,91.0
27775,Javarius Bell,Texas State,DT,DT,70,javarius bell,-0.01985089897530526,-0.0118503805167913,41.0
27776,Cole Pryor,Texas State,HB,RB,70,cole pryor,-0.08209368441840519,-0.046322555118764853,51.0
27777,Skylar Lewis,Texas State,WR,WR,66,skylar lewis,-0.02714614550721418,-0.01875320021097441,37.5
27778,D'Ante Keys,Texas State,SAM,LB,59,dante keys,-0.025700821050734644,-0.016673612068176486,31.0
27780,Cordarian Powell,Texas State,CB,CB,66,cordarian powell,-0.02956915934831797,-0.022955349360163906,36.0
27781,Gavin Parkhurst,Texas State,QB,QB,65,gavin parkhurst,-0.05092202415314738,-0.018548203262760035,35.5
27782,Simeon Garner,Texas State,DT,DT,67,simeon garner,-0.037797747368462586,-0.02979722890994863,41.0
27784,Arvis Battle Jr.,Texas State,TE,TE,70,arvis battle,-0.08331927002002204,-0.0313781549785887,156.0
27785,Tucker Cusano,Texas State,WR,WR,65,tucker cusano,-0.023904216217776553,-0.015511270921536785,37.5
27787,Kirk Gildon,Texas State,LT,OL,63,kirk gildon,-0.03353735095215595,-0.02360524776352834,91.0
27789,Greg Gipson Jr.,Texas State,CB,CB,62,greg gipson,-0.029043685028862197,-0.022429875040708133,36.0
27792,Blake Isbell,Texas State,REDG,EDGE,64,blake isbell,-0.02270457266966164,-0.015484592597344167,37.0
27793,Craig Royal Jr.,Texas State,CB,CB,74,craig royal,-0.05036619830164838,0.04810608374420103,536.0
27795,Cameron Schultz,Texas State,RT,OL,59,cameron schultz,-0.04967257642588473,-0.03974047323725712,91.0
27797,Makel Green,Troy,LEDG,EDGE,69,makel green,-0.09198340671245703,-0.0490537954716504,220.0
27798,Jeremiah Alvis,Troy,WILL,LB,58,jeremiah alvis,-0.06029104577017926,-0.05126383678762111,31.0
27800,AC Walters,Troy,HB,RB,72,ac walters,-0.03392044582229101,-0.014982789134246123,27.0
27801,Jack James,Troy,QB,QB,59,jack james,-0.06193455237245974,-0.04187190280658589,22.0
27803,Jah'Marren Jackson,Troy,WR,WR,67,jahmarren jackson,-0.03001154038138392,-0.02161859508514415,37.5
27804,Paul Bowling,Florida State,LG,OL,79,paul bowling,0.06723384079707993,0.14614494635068176,723.0
27806,Jatorian Blackmon,Troy,LT,OL,62,jatorian blackmon,-0.03482915608629772,-0.024897052897670104,91.0
27809,Donnie Smith,Troy,REDG,EDGE,88,donnie smith,0.1988367674984147,0.3013799979849777,525.5
27810,Jon Bocchino,Troy,SS,SAF,65,jon bocchino,-0.03546400325862292,-0.017184167319141547,99.5
27812,DJ Burgess,Charlotte,LEDG,EDGE,69,dj burgess,-0.01568908393054533,0.04441237180658393,308.0
27813,Jaylon Johnson,Charlotte,LEDG,EDGE,69,jaylon johnson,-0.04919685663174188,-0.006267245390935258,220.0
27814,Devin Davis,South Florida,RG,OL,68,devin davis,-0.02647284467312642,-0.01654074148449881,91.0
27815,Omarion Davis,Charlotte,RT,OL,66,omarion davis,-0.030363946390620494,-0.02043184320199288,91.0
27816,Dy'Lon Womack,Charlotte,FS,SAF,60,dylon womack,-0.0403302840119296,-0.03334904013554475,38.0
27818,KD Gibson,Charlotte,WR,WR,69,kd gibson,-0.07256807472247924,-0.0485082982065919,107.5
27821,Jeremiah Hoffman,Charlotte,WR,WR,67,jeremiah hoffman,-0.027794194744557965,-0.019401249448318197,37.5
27822,Devon St. Clair,Charlotte,SS,SAF,63,devon st clair,-0.02734849866094655,-0.0203672547845617,38.0
27823,Isaac Sikes-Rasby,Charlotte,LT,OL,62,isaac sikes rasby,-0.03953212926704315,-0.02960002607841554,91.0
27826,Dylon Worthen,East Carolina,LEDG,EDGE,68,dylon worthen,-0.09372535097843578,-0.03362389524130651,308.0
27828,Johnny Williams,East Carolina,WR,WR,74,johnny williams,-0.08144450508941775,-0.0573847285735304,107.5
27829,Durante Speer,East Carolina,FS,SAF,64,durante speer,-0.021792747418062242,-0.014811503541677394,38.0
27833,Chaston Ditta,North Texas,QB,QB,68,chaston ditta,-0.02756617467816867,0.004807646212218683,35.5
27835,Josiah Dwyer,East Carolina,DT,DT,64,josiah dwyer,-0.031278390009557275,-0.023277871551043317,41.0
27837,Dejuan Lacy,East Carolina,HB,RB,72,dejuan lacy,-0.2537943002011038,-0.16822414775882688,122.0
27839,Angelo Ross,East Carolina,SS,SAF,62,angelo ross,-0.034099188799794046,-0.027117944923409198,38.0
27840,Jordan Miles,East Carolina,WILL,LB,63,jordan miles,-0.022345465831326055,-0.013318256848767897,31.0
27841,Stephen Collier,East Carolina,TE,TE,68,stephen collier,-0.01933889009214245,-0.006853045130259434,37.5
27842,Kendall Walton,East Carolina,LG,OL,65,kendall walton,-0.03263024530706752,-0.02269814211843991,91.0
27844,Dominick Moody,East Carolina,DT,DT,66,dominick moody,-0.1340831251536999,-0.09290972528183539,211.0
27847,Zion Paret,UConn,CB,CB,69,zion paret,-0.08858599867652356,-0.046331101529983695,230.0
27852,Josh Roberts,Florida Atlantic,LEDG,EDGE,73,josh roberts,-0.016412519907836584,0.00612552599358689,115.5
27853,Damon Allen,Florida Atlantic,SS,SAF,63,damon allen,-0.15141136056399726,-0.11374938702034218,205.0
27855,Branden Hoch,Florida Atlantic,WR,WR,72,branden hoch,-0.012733048620843531,-0.004340103324603761,37.5
27857,Nimari Brantley,Florida Atlantic,DT,DT,66,nimari brantley,-0.08259164037224716,-0.059565757979450885,118.0
27858,Hector Chavez,Florida Atlantic,MIKE,LB,61,hector chavez,-0.031234301043417827,-0.022207092060859673,31.0
27859,Landon Rapkiewicz,Florida Atlantic,RG,OL,66,landon rapkiewicz,-0.027380910049621444,-0.01744880686099383,91.0
27860,Jordan Magwood,Florida Atlantic,QB,QB,70,jordan magwood,-0.18109343803305356,-0.08716376052009871,103.0
27861,Logan Husband,Florida Atlantic,RT,OL,61,logan husband,-0.04552975722432507,-0.03559765403569746,91.0
27862,AJ Hill,Arkansas,QB,QB,72,aj hill,-0.03182686516997704,0.062102812342977806,103.0
27865,Ian Williams,Arkansas,FS,SAF,72,ian williams,-0.034812020534633614,-0.01653218459515224,99.5
27868,JaQuentin Madison,Memphis,LEDG,EDGE,67,jaquentin madison,-0.038477087793859874,-0.0159390418924364,115.5
27869,Josiah Clemons,Arkansas,RT,OL,74,josiah clemons,-0.005399330772719596,0.004532772415908017,91.0
27871,Wolf Walker,Memphis,MIKE,LB,62,wolf walker,-0.05577902997608921,-0.03364780795433373,76.0
27875,Bryce Anderson,UL Monroe,TE,TE,71,bryce anderson,-0.10286902638665696,-0.012804464728274116,270.5
27876,Jacari Gatling,Memphis,DT,DT,68,jacari gatling,-0.01998504946504469,-0.01198453100653073,41.0
27879,Jonathan Harding,Memphis,TE,TE,69,jonathan harding,-0.06577972072155469,-0.013838605680121335,156.0
27881,Martavis Blackmon,Missouri State,MIKE,LB,65,martavis blackmon,-0.03629424229463224,-0.014163020272876763,76.0
27883,Matt Adcock,Arkansas,TE,TE,67,matt adcock,-0.03259150219133697,-0.020105657229453955,37.5
27884,Chris Jimerson Jr.,North Texas,QB,QB,70,chris jimerson,-0.12594763835304648,-0.03201796084009164,103.0
27887,Caleb Hawkins,Oklahoma State,HB,RB,91,caleb hawkins,0.6623308495128595,0.949551975948207,409.5
27889,Brayden Knox,North Texas,SAM,LB,59,brayden knox,-0.026121946756679705,-0.017094737774121547,31.0
27890,Terrence Lewis,Oklahoma State,WR,WR,71,terrence lewis,-0.016986807936660853,-0.008593862640421083,37.5
27892,Bryce Garza,North Texas,SS,SAF,70,bryce garza,-0.019421139660307753,-0.0011413037208263784,99.5
27893,Brenden Reese,North Texas,MIKE,LB,60,brenden reese,-0.04947880323055838,-0.027347581208802898,76.0
27909,Tyvonn Byars,Rice,HB,RB,75,tyvonn byars,-0.06277113828515371,0.022799014157123182,122.0
27910,Robert Rooks,Rice,DT,DT,67,robert rooks,-0.09750523300149948,-0.05633183312963495,211.0
27911,D'Andre Hardeman Jr.,Rice,HB,RB,77,dandre hardeman,-0.05822856433138205,0.10975546443849758,239.5
27912,Michael Amey III,Rice,FS,SAF,63,michael amey,-0.024236699576098485,-0.01725545569971364,38.0
27914,Payton Matthews,Rice,WR,WR,69,payton matthews,-0.05628533741384846,-0.032225560897961116,107.5
27916,Colter Alberding,Rice,LG,OL,67,colter alberding,-0.012551147999138135,-0.0026190448105105233,91.0
27918,Braden Bays,Rice,DT,DT,66,braden bays,-0.07643148813639705,-0.05340560574360078,118.0
27919,Ahran Ogbor,Rice,FS,SAF,50,ahran ogbor,-0.06466579770538303,-0.057684553828998175,38.0
27920,Colin Leahey,Rice,HB,RB,69,colin leahey,-0.07606448368839415,-0.04029335438875381,51.0
27921,Ian Bothwell,Rice,RT,OL,66,ian bothwell,-0.02739146261357345,-0.01745935942494584,91.0
27922,Keenan Arcega-Whiteside,Rice,WR,WR,67,keenan arcega whiteside,-0.0265190450070842,-0.01812609971084443,37.5
27923,Patrick Crayton Jr.,Rice,QB,QB,63,patrick crayton,-0.04238450298486266,-0.010010682094475308,35.5
27924,Jordan Clark,Rice,WR,WR,70,jordan clark,-0.07691232399292464,-0.03852858750478808,171.5
27925,Erben Birkhoff,Rice,LT,OL,64,erben birkhoff,-0.031833556973413134,-0.02190145378478552,91.0
27926,Luca Akirtava,Rice,LEDG,EDGE,64,luca akirtava,-0.11026642132884724,-0.06733681008804063,220.0
27927,Ty Thames,Rice,MIKE,LB,60,ty thames,-0.0585091385206535,-0.03637791649889802,76.0
27928,Cole Principe,Rice,LG,OL,70,cole principe,-0.08612586774912658,-0.0072147621955247696,723.0
27929,Justin Michaelis,Rice,LT,OL,67,justin michaelis,-0.026802959986472207,-0.016870856797844596,91.0
27931,Devontae Ward-Grant,Temple,CB,CB,65,devontae ward grant,-0.02722408376816638,-0.020610273780012317,36.0
27933,Ryder Kusch,Temple,TE,TE,75,ryder kusch,0.024907254869434237,0.07684836991086759,156.0
27934,Keveun Mason,Temple,HB,RB,76,keveun mason,-0.08062304309857725,0.004947109343699638,122.0
27935,Jamarcus Pierre,Temple,CB,CB,66,jamarcus pierre,-0.029888565139104296,-0.02327475515095023,36.0
27937,Rameir Hardy,Temple,WR,WR,72,rameir hardy,-0.09016407811262057,-0.026825317610331106,283.0
27938,Camren Boykin,Temple,QB,QB,66,camren boykin,-0.020278893551349098,-0.000216243985475247,22.0
27940,Curly Ordonez,Temple,WILL,LB,77,curly ordonez,0.18143863003056604,0.3720292196784471,654.5
27941,Troy Cunningham,Temple,DT,DT,60,troy cunningham,-0.041369695652837345,-0.033369177194323384,41.0
27943,Antwaun Parham,Tulane,WR,WR,68,antwaun parham,-0.03462944796042042,-0.02623650266418065,37.5
27944,Javin Gordon,Tennessee,HB,RB,82,javin gordon,-0.023448651279202308,0.1445353774906773,239.5
27945,Nik Alston,Tulane,DT,DT,70,nik alston,-0.04922608693821607,-0.026200204545419797,118.0
27946,Oliver Mitchell Jr.,Tulane,WR,WR,70,oliver mitchell,-0.01986666179466403,-0.01147371649842426,37.5
27947,PaLanding Drammeh,Tulane,DT,DT,71,palanding drammeh,-0.05791117129643086,-0.01673777142456634,211.0
27949,Michael Igbinoghene,Tulane,CB,CB,70,michael igbinoghene,-0.014005548236004762,-0.0073917382478506976,36.0
27950,Warren Roberts Jr.,Tulane,REDG,EDGE,68,warren roberts,-0.02403492939883354,-0.016814949326516063,37.0
27951,Juelz Baptiste,Tulane,RT,OL,65,juelz baptiste,-0.023022539140393226,-0.013090435951765612,91.0
27952,Joshua Lewis,Tulane,LEDG,EDGE,71,joshua lewis,-0.03497330609729122,0.007956305143515396,220.0
27953,Joshua Brantley,Louisiana Tech,TE,TE,63,joshua brantley,-0.010575616536683976,-0.0044159330221550195,18.5
27954,Cameron Roberts,Tulane,TE,TE,69,cameron roberts,-0.03367701607907243,0.018264098962360923,156.0
27957,Gresham Perry,Tulane,RG,OL,64,gresham perry,-0.02635951431263351,-0.0164274111240059,91.0
27958,Gabriel Lovorn,Tulane,TE,TE,66,gabriel lovorn,-0.017435960153131064,-0.004950115191248047,37.5
27960,Ian Mayes,Tulsa,LG,OL,71,ian mayes,-0.009754103124857473,0.00017800006377013955,91.0
27963,Andrew Alford,Tulsa,QB,QB,65,andrew alford,-0.0354171549899744,-0.003043334099587049,35.5
27966,Hudson Ball,Tulsa,REDG,EDGE,73,hudson ball,0.0037381997040231265,0.046667810944829746,220.0
27967,Javion Antai,Tulsa,LT,OL,64,javion antai,-0.023054570876445267,-0.013122467687817654,91.0
27968,Luke Tevis,Tulsa,TE,TE,62,luke tevis,-0.05183809608814353,-0.027199362030027707,74.0
27969,Donnell Gee Jr.,Tulsa,WR,WR,69,donnell gee,-0.02176297035368364,-0.013370025057443873,37.5
27971,RJ McIntosh,Tulsa,FS,SAF,61,rj mcintosh,-0.027651569207960303,-0.020670325331575454,38.0
27975,Jackson Shockley,Tulsa,TE,TE,61,jackson shockley,-0.03563865033063711,-0.023152805368754095,37.5
27979,Jaylen Elder,UAB,WR,WR,75,jaylen elder,-0.04534891872493115,-0.006965182236794606,171.5
27980,James Steel,Delaware,LEDG,EDGE,65,james steel,-0.01632825882821181,-0.009108278755894334,37.0
27981,Gabriel Cline,UAB,TE,TE,70,gabriel cline,-0.015537450081831612,0.03640366495960175,156.0
27982,CD Gill,UAB,WR,WR,74,cd gill,-0.09388063255330259,-0.06982085603741525,107.5
27983,Ja'Lyen Judson,Kennesaw State,CB,CB,67,jalyen judson,-0.02275682396834955,-0.016143013980195485,36.0
27984,Donovan Lawrence,UAB,LG,OL,62,donovan lawrence,-0.03202488144699582,-0.022092778258368213,91.0
27985,Aidan Platt,UAB,LG,OL,61,aidan platt,-0.036277972580982344,-0.02634586939235473,91.0
27986,Zach Johnson,Toledo,REDG,EDGE,69,zach johnson,-0.1737143713147064,-0.11361291557757715,308.0
27988,Elijah Lagg,Pittsburgh,TE,TE,72,elijah lagg,-0.0025533619729278603,0.02208537208518796,74.0
27989,Gerrick Gordon Jr.,South Florida,LG,OL,68,gerrick gordon,-0.013845168515283486,-0.003913065326655873,91.0
27990,Brooks Williams Jr.,South Florida,LEDG,EDGE,71,brooks williams,-0.038773245744447356,-0.016235199843023882,115.5
27991,Locklan Hewlett,Auburn,QB,QB,68,locklan hewlett,-0.047864444585068645,-0.015490623694681294,35.5
27992,Jeremiah Koger,Auburn,WR,WR,81,jeremiah koger,0.10876777016268492,0.1471515066508215,171.5
27993,Khalil Collins,South Florida,LG,OL,64,khalil collins,-0.024753108073069286,-0.014821004884441673,91.0
27994,Jabari Smith,South Florida,FS,SAF,66,jabari smith,-0.02269900464033629,-0.01571776076395144,38.0
27995,Colin Bellomy,South Florida,LT,OL,67,colin bellomy,-0.019621215717337888,-0.009689112528710273,91.0
27996,Kory Pettigrew,Auburn,WR,WR,68,kory pettigrew,-0.022830317073903546,-0.014437371777663776,37.5
27997,Eli Jones,South Florida,DT,DT,64,eli jones,-0.03497810257485513,-0.02697758411634117,41.0
27999,Brandon Kubay,South Florida,TE,TE,67,brandon kubay,-0.07463758923259692,-0.022696474191163572,156.0
28001,Gavin Leach,South Florida,WILL,LB,61,gavin leach,-0.025211322088302256,-0.016184113105744097,31.0
28003,Gavin Jenkins,Auburn,CB,CB,69,gavin jenkins,-0.01960183935015515,-0.012988029362001087,36.0
28004,Christian Neptune,Auburn,WR,WR,79,christian neptune,0.021361114703397736,0.04542089121928508,107.5
28005,Tray Kinkle,South Florida,HB,RB,75,tray kinkle,-0.03982892374995007,-0.004057794450309739,51.0
28006,Jermichael Gillis,South Florida,SS,SAF,67,jermichael gillis,-0.02132246151128891,-0.014341217634904067,38.0
28007,Christian Smith,South Florida,LEDG,EDGE,67,christian smith,-0.01799317879381918,-0.010773198721501702,37.0
28008,Richard Scott III,South Florida,DT,DT,69,richard scott,-0.0710612330840886,-0.048035350691292326,118.0
28010,Caleb Harris,South Florida,LT,OL,66,caleb harris,-0.022431781187399892,-0.01249967799877228,91.0
28011,Chase Garnett,South Florida,HB,RB,74,chase garnett,-0.0357097422923156,-0.016772085604270712,27.0
28012,Marcus Williams,South Florida,REDG,EDGE,66,marcus williams,-0.007024722488490193,0.00019525758382728283,37.0
28013,Herlin Perry Jr.,South Florida,CB,CB,66,herlin perry,-0.024555603754770446,-0.017941793766616383,36.0
28014,Khalil Walker,Hawai'i,RT,OL,69,khalil walker,-0.09292224571245536,-0.03654937431766237,516.5
28016,Isaiah Butler-Tanner,UTSA,TE,TE,66,isaiah butler tanner,-0.008320781651164656,0.016317952406951164,74.0
28017,Ty Rupe,UTSA,TE,TE,67,ty rupe,0.0011902113831513562,0.05313132642458471,156.0
28020,Max Gerlich,UTSA,QB,QB,67,max gerlich,-0.049944162242107175,-0.017570341351719827,35.5
28023,King Justice,UTSA,DT,DT,68,king justice,-0.05955232119194008,-0.03652643879914381,118.0
28024,Corey Walls,UTSA,DT,DT,65,corey walls,-0.032316753285448696,-0.02431623482693473,41.0
28025,A'Marion Breland,UTSA,LT,OL,64,amarion breland,-0.025075819256413508,-0.015143716067785893,91.0
28027,Darion White,UTSA,WILL,LB,62,darion white,-0.018960121395629363,-0.009932912413071208,31.0
28028,Armoni Rue,UL Monroe,CB,CB,66,armoni rue,-0.07242371976787566,-0.050193969529913396,121.0
28066,Peyton Plott,Georgia Southern,WR,WR,72,peyton plott,-0.02348359443096853,-0.015090649134728762,37.5
28068,Elijah Fears,Georgia Southern,DT,DT,68,elijah fears,-0.05431439864112652,-0.03128851624833024,118.0
28069,Brandon Stoner,Georgia Southern,RG,OL,69,brandon stoner,-0.01570411608720697,-0.005772012898579358,91.0
28071,Henry Gregory,Georgia Southern,TE,TE,66,henry gregory,-0.021454321514868126,-0.008968476552985107,37.5
28073,Ladainnian Martin,Georgia State,HB,RB,74,ladainnian martin,-0.02649719532640708,-0.007208841292287293,27.5
28074,Kelan Butler,Georgia State,WILL,LB,66,kelan butler,-0.2234363910560554,-0.13272750079583392,311.5
28079,Michael Scott,James Madison,WR,WR,72,michael scott,-0.01581304724036672,-0.007420101944126949,37.5
28082,Scrap Richardson,Auburn,CB,CB,75,scrap richardson,-0.06884409132494534,-0.026589194178405485,230.0
28083,Nolan James Jr.,Notre Dame,HB,RB,79,nolan james,-0.008300774058852857,0.010636882629192027,27.0
28084,Elijah Burress,Notre Dame,WR,WR,78,elijah burress,-0.004606364602447658,0.003786580693792112,37.5
28085,Cam Herron,Notre Dame,C,OL,74,cam herron,-0.00960579145388844,0.0003263117347391724,91.0
28087,Blake Hebert,Notre Dame,QB,QB,72,blake hebert,-0.051987482513464946,0.0419421949994899,103.0
28088,Madden Faraimo,Notre Dame,MIKE,LB,76,madden faraimo,0.03300935524201093,0.05514057726376641,76.0
28089,Cree Thomas,Colorado,CB,CB,80,cree thomas,-0.038254939079497195,0.030547056491716615,374.5
28090,Matty Augustine,Notre Dame,RT,OL,77,matty augustine,0.007686519320341575,0.017618622508969187,91.0
28091,Ethan Long,Notre Dame,FS,SAF,75,ethan long,-0.021456740282932367,-0.0031769043434509924,99.5
28092,Jerome Bettis Jr.,Notre Dame,WR,WR,75,jerome bettis,-0.008195705592589494,0.0001972397036502757,37.5
28093,Davion Dixon,Notre Dame,DT,DT,73,davion dixon,-0.0074926015799439884,0.0005079168785699714,41.0
28094,Will Black,Notre Dame,LT,OL,80,will black,0.06505417773994021,0.1214270491347332,516.5
28095,Christopher Burgess Jr.,Notre Dame,LEDG,EDGE,74,christopher burgess,0.00015552334847415415,0.00737550342079163,37.0
28097,Ko'o Kia,Notre Dame,SAM,LB,70,koo kia,0.0009421646068692635,0.00996937358942742,31.0
28101,Anthony Sacca,UCLA,MIKE,LB,72,anthony sacca,0.06833879588326833,0.1590476861434898,311.5
28102,Mark Zackery IV,Notre Dame,CB,CB,77,mark zackery,-0.002554114320493424,0.0040596956676606415,36.0
28103,Dallas Golden,Notre Dame,CB,CB,76,dallas golden,-0.0032775592892767464,0.003336250698877319,36.0
28104,James Flanigan,Notre Dame,TE,TE,75,james flanigan,0.01748853357059793,0.02997437853248095,37.5
28105,Axavier Bridges-Brooks,UConn,SS,SAF,66,axavier bridges brooks,-0.04574776009102534,-0.02746792415154396,99.5
28106,K'saan Farrar,Colorado State,QB,QB,72,ksaan farrar,-0.0298878367281003,0.06404184078485455,103.0
28107,Saxton Suchanic,UConn,CB,CB,63,saxton suchanic,-0.020939676025256284,-0.014325866037102218,36.0
28108,Xavier Watson,UConn,TE,TE,68,xavier watson,0.001253781360017435,0.013739626321900452,37.5
28109,Aubrey Melvin,Massachusetts,DT,DT,70,aubrey melvin,-0.22147001478381526,-0.1292689179143556,472.5
28112,Joe McGann,UConn,LT,OL,64,joe mcgann,-0.023416203058933105,-0.013484099870305494,91.0
28114,Makih Johnson,Colorado State,WR,WR,69,makih johnson,-0.027201928754622136,-0.018808983458382368,37.5
28115,Nykobi Brown,Colorado State,SAM,LB,59,nykobi brown,-0.03504245487934319,-0.02601524589678503,31.0
28116,Osiris Gilbert,UCLA,CB,CB,75,osiris gilbert,-0.008888755999744544,-0.0022749460115904794,36.0
28117,AJ Azuakolam Jr.,Massachusetts,SS,SAF,67,aj azuakolam,-0.030150765910046527,-0.023169522033661683,38.0
28118,Dinos Drossos,Massachusetts,SAM,LB,63,dinos drossos,-0.1723804642060525,-0.12011001219414318,179.5
28119,Elijah Faulkner,Massachusetts,HB,RB,73,elijah faulkner,-0.20573070590525447,-0.12016055346297758,122.0
28120,Elijah Pedro,Massachusetts,WR,WR,69,elijah pedro,-0.06276269507970639,-0.03870291856381904,107.5
28121,Garrett Cooper,Massachusetts,RT,OL,64,garrett cooper,-0.03369991591256506,-0.02376781272393745,91.0
28122,Gavin Wilson,Massachusetts,LT,OL,62,gavin wilson,-0.038593973958795415,-0.0286618707701678,91.0
28123,JC Clark,Massachusetts,CB,CB,68,jc clark,-0.1470911747506068,-0.10483627760406694,230.0
28124,Jax Markovich,Massachusetts,TE,TE,66,jax markovich,-0.005922870257091968,0.00023681325743698742,18.5
28161,AJ Jones,Boise State,WR,WR,68,aj jones,-0.024050530014839224,-0.015657584718599453,37.5
28162,Arthur de Boachie,Boise State,CB,CB,68,arthur de boachie,-0.014217999012922693,-0.007604189024768629,36.0
28163,Bethel Imasuen,Boise State,DT,DT,69,bethel imasuen,-0.0524195338731599,-0.02939365148036363,118.0
28164,Bol Bol,Boise State,LEDG,EDGE,67,bol bol,-0.011890518301223611,-0.0046705382289061355,37.0
28165,Carter Kuchenbuch,Boise State,TE,TE,68,carter kuchenbuch,-0.014477345114249585,-0.001991500152366568,37.5
28169,De'Shawn Toilolo,Boise State,REDG,EDGE,70,deshawn toilolo,-0.01616822898960699,-0.008948248917289512,37.0
28171,Gavin Packer,Boise State,WR,WR,72,gavin packer,-0.011955952256605116,-0.0035630069603653463,37.5
28173,Ja'Bree Bickham,North Texas,WR,WR,74,jabree bickham,-0.02175523790550966,-0.013362292609269893,37.5
28174,Jacob Tracy,Boise State,RT,OL,71,jacob tracy,-0.013180448039377431,-0.0032483448507498176,91.0
28175,Jaden Williams,Boise State,LEDG,EDGE,73,jaden williams,0.009512123838391378,0.03205016973981485,115.5
28176,Jaylen Webb,Nevada,FS,SAF,71,jaylen webb,-0.10066574407937484,-0.03259861628462259,370.5
28177,Josiah Alanis,Boise State,SS,SAF,69,josiah alanis,-0.16613628520960252,-0.09806915741485026,370.5
28178,Kamryn Jones,Boise State,WR,WR,69,kamryn jones,-0.024093659065414323,-0.015700713769174555,37.5
28179,Mana Tuioti,Boise State,WILL,LB,72,mana tuioti,-0.037236954946788345,0.05347193531343312,311.5
28180,Markell Bowens,Boise State,REDG,EDGE,66,markell bowens,-0.01909980414401029,-0.011879824071692817,37.0
28181,Quinton Brown,Boise State,WR,WR,74,quinton brown,-0.00577075418902504,0.0026221911072147304,37.5
28182,Qumonte Williams Jr.,Boise State,WR,WR,69,qumonte williams,-0.026531044398950734,-0.018138099102710963,37.5
28184,Samuel Brooks,Boise State,FS,SAF,66,samuel brooks,-0.02438979250041869,-0.017408548624033845,38.0
28185,Sherrod Smith,Boise State,CB,CB,77,sherrod smith,0.07954324066532484,0.14834523623653867,374.5
28186,Stewart Taufa,Boise State,C,OL,68,stewart taufa,-0.015477005928070567,-0.005544902739442955,91.0
28188,Cannon Valenzuela,Colorado State,WILL,LB,67,cannon valenzuela,-0.009091444509030391,-6.423552647223457e-05,31.0
28191,Monjaro Senegal,UTSA,RG,OL,62,monjaro senegal,-0.04067049686567212,-0.030738393677044503,91.0
28194,Javion Kinnard,San Diego State,HB,RB,75,javion kinnard,-0.12911051422029785,-0.04354036177802095,122.0
28199,Sione Netane,Colorado State,LG,OL,67,sione netane,-0.028445049981036356,-0.01851294679240874,91.0
28200,D'Angelo Hagans Jr.,Colorado State,SS,SAF,63,dangelo hagans,-0.030486688161483057,-0.023505444285098213,38.0
28202,Brayden Walton,Fresno State,LT,OL,80,brayden walton,0.07239715916571185,0.15965778003722586,799.5
28203,Logan Goodspeed,Fresno State,DT,DT,66,logan goodspeed,-0.019521867503056116,-0.011521349044542155,41.0
28204,Gavin Correia,Fresno State,TE,TE,65,gavin correia,-0.03516163473774371,-0.010522900679627894,74.0
28205,Jayon Farrar,Fresno State,WR,WR,73,jayon farrar,-0.007813548123951278,0.0005793971722884916,37.5
28207,Braylan Henderson,Fresno State,C,OL,70,braylan henderson,-0.01063224975676762,-0.0007001465681400075,91.0
28208,Harold Duvall,Fresno State,WR,WR,75,harold duvall,-0.0507278043159786,-0.026668027800091258,107.5
28215,Jonah Leaupepetele,Fresno State,RG,OL,66,jonah leaupepetele,-0.0285772318763749,-0.018645128687747287,91.0
28216,Jonathan Craft,Fresno State,QB,QB,67,jonathan craft,-0.03413161386721058,-0.0017577929768232254,35.5
28218,Lucas Blumling,Fresno State,MIKE,LB,63,lucas blumling,-0.019066289896698167,-0.010039080914140013,31.0
28220,Niko Baumgartner,Fresno State,MIKE,LB,62,niko baumgartner,-0.014151789992193933,-0.005124581009635778,31.0
28224,Zaden Mariteragi,Hawai'i,MIKE,LB,64,zaden mariteragi,-0.008672291942458173,0.00035491704009998367,31.0
28226,Luke Weaver,San José State,QB,QB,73,luke weaver,-0.390359276433604,0.24526193935794485,697.0
28227,Julian Smith,Hawai'i,SS,SAF,66,julian smith,-0.016795231151458645,-0.009813987275073799,38.0
28228,Titan Lacaden,Hawai'i,HB,RB,71,titan lacaden,-0.20518921916584348,-0.11961906672356659,122.0
28229,Uluaki Taukiuvea,Hawai'i,SAM,LB,65,uluaki taukiuvea,-0.008917328051238765,0.013213893970516715,76.0
28232,Aisiah Paogofie,Hawai'i,SAM,LB,67,aisiah paogofie,-0.05708674999697298,0.03362214026324849,311.5
28239,Carter Jackson,Nevada,HB,RB,73,carter jackson,-0.08211317472570281,-0.04634204542606248,51.0
28240,Carter Jones,Nevada,QB,QB,69,carter jones,-0.06718670869546628,0.02674296881748857,103.0
28241,DJ Asiasi,Nevada,TE,TE,70,dj asiasi,-0.053612154092166006,-0.0016710390507326568,156.0
28242,Kameron Brown,Nevada,LEDG,EDGE,68,kameron brown,-0.009276539988997568,-0.002056559916680092,37.0
28243,Aiden Walker,Nevada,CB,CB,77,aiden walker,0.10728136009698826,0.20575364214283767,536.0
28244,Isaiah Reed,Nevada,WILL,LB,64,isaiah reed,-0.25841003612179714,-0.1677011458615757,311.5
28247,Dominic Kelley,Nevada,HB,RB,74,dominic kelley,-0.19594787891898705,-0.11037772647671015,122.0
28248,Tajean Stallworth,Nevada,CB,CB,65,tajean stallworth,-0.023539246067736868,-0.0169254360795828,36.0
28250,Keegan Perea,Nevada,REDG,EDGE,63,keegan perea,-0.014755651384509762,-0.007535671312192287,37.0
28255,Isaiah Jordan,Nevada,SS,SAF,65,isaiah jordan,-0.0891204748949852,-0.051458501351330094,205.0
28259,Justin Wyatt Jr.,Nevada,FS,SAF,63,justin wyatt,-0.08354376593430374,-0.06526392999482236,99.5
28265,Cian Stack,Nevada,TE,TE,66,cian stack,-0.024324911226813118,0.0003138228313027038,74.0
28267,CJ McBean,New Mexico,FS,SAF,72,cj mcbean,-0.02106678827562356,0.047000339519128694,370.5
28269,Zhaiel Smith,New Mexico,WR,WR,73,zhaiel smith,-0.029596092821649156,0.008787643666487393,171.5
28270,Jaymar Tasi,New Mexico,RG,OL,78,jaymar tasi,0.10392954947778657,0.18867985855437275,776.5
28273,Toa Fa'avae,New Mexico,QB,QB,65,toa faavae,-0.042298430998997036,-0.009924610108609688,35.5
28274,Cody Thumlert,New Mexico,REDG,EDGE,67,cody thumlert,-0.04672314719940467,-0.024185101297981203,115.5
28276,Jack Burzynski,New Mexico,LEDG,EDGE,61,jack burzynski,-0.025472087502430893,-0.018252107430113417,37.0
28280,Thomas Pettus,New Mexico,WILL,LB,61,thomas pettus,-0.01455210305892237,-0.005524894076364213,31.0
28284,Darrion Bowers,New Mexico,HB,RB,71,darrion bowers,-0.04937303120311411,-0.013601901903473771,51.0
28285,Brian Townsend Jr.,San Diego State,LEDG,EDGE,67,brian townsend,-0.07273110330627715,-0.029801492065470527,220.0
28290,Ikbahl Kassim,San Diego State,LG,OL,65,ikbahl kassim,-0.025997741150668285,-0.01606563796204067,91.0
28297,Jaylon Hawkins,San Diego State,WR,WR,69,jaylon hawkins,-0.025285983923066222,-0.01689303862682645,37.5
28298,Jerry Washington,Massachusetts,LEDG,EDGE,66,jerry washington,-0.022177379806483266,-0.01495739973416579,37.0
28300,Lucan Amituanai,San Diego State,REDG,EDGE,65,lucan amituanai,-0.02278782104502672,-0.015567840972709246,37.0
28303,Chase Duarte,Kansas State,RG,OL,71,chase duarte,-0.01382906153905852,-0.003896958350430908,91.0
28305,Tama Amisone,San José State,QB,QB,65,tama amisone,-0.02150872569322205,-0.0014460761273481966,22.0
28308,Zane Carter,San José State,MIKE,LB,67,zane carter,-0.03887607578410722,0.05183281447611425,311.5
28309,Simeon Afalava,San José State,RT,OL,66,simeon afalava,-0.13125111170966913,-0.07487824031487612,516.5
28312,Charles Cox III,San José State,SS,SAF,69,charles cox,-0.10620598822706946,-0.03813886043231721,370.5
28313,Runye Norton,San José State,CB,CB,72,runye norton,-0.19863185685881354,-0.0774705322147134,659.5
28322,Tavian McNair,UNLV,WR,WR,74,tavian mcnair,-0.013900054798925025,-0.005507109502685257,37.5
28323,Kamran Williams,UNLV,HB,RB,76,kamran williams,-0.04874838345380281,0.03682176898847408,122.0
28324,Joshua Tuchek,UNLV,CB,CB,65,joshua tuchek,-0.015260991065209933,-0.008647181077055867,36.0
28328,Mohamed Altayeb,UNLV,DT,DT,67,mohamed altayeb,-0.015905327095779114,-0.007904808637265155,41.0
28330,Eliah Logo,UNLV,DT,DT,67,eliah logo,-0.04510518179176038,-0.0220792993989641,118.0
28331,Quandarius Keyes,UNLV,CB,CB,77,quandarius keyes,0.025282599182380617,0.09408459475359444,374.5
28333,Logan Christensen,UNLV,FS,SAF,61,logan christensen,-0.11304513314123993,-0.07538315959758483,205.0
28335,Kal-El Togafau,UNLV,LEDG,EDGE,67,kal el togafau,-0.11900016746231115,-0.05889871172518188,308.0
28338,Sebastian Circo,UNLV,QB,QB,67,sebastian circo,-0.03205710966526613,0.00031671122512122115,35.5
28348,Nikko Boncore,Utah State,WR,WR,74,nikko boncore,-0.05063961740518108,-0.012255880917044534,171.5
28349,Ty Olsen,Utah State,WR,WR,67,ty olsen,-0.03537151461868494,-0.026978569322445172,37.5
28350,Paxton Naegle,Utah State,LEDG,EDGE,65,paxton naegle,-0.02528987059711922,-0.018069890524801745,37.0
28352,Toby Mealer,Southern Miss,LG,OL,63,toby mealer,-0.028771062052336857,-0.018838958863709246,91.0
28353,Chris Joe,Utah State,WILL,LB,76,chris joe,0.08616030867911555,0.176869198939337,311.5
28355,Charger Doty,Utah State,SS,SAF,66,charger doty,-0.021576977920388478,-0.014595734044003633,38.0
28356,Nehemiah Washington,Utah State,HB,RB,71,nehemiah washington,-0.06492789993764024,-0.029156770637999912,51.0
28376,Mason Drube,Wyoming,QB,QB,70,mason drube,-0.006605854069083068,0.08732382344387178,103.0
28377,Deion Deblanc,Wyoming,WR,WR,72,deion deblanc,-0.010463983995739931,0.05287477650654954,283.0
28379,BJ Inmon,Wyoming,CB,CB,67,bj inmon,-0.010089173858957929,0.03216572328758193,230.0
28380,Landon Sims,Wyoming,QB,QB,67,landon sims,-0.0034077197606860628,0.02896610112970129,35.5
28381,Josiah Petaia,Wyoming,RT,OL,64,josiah petaia,-0.0023348916058370055,0.007597211582790608,91.0
28382,Esaia Bogar,Wyoming,REDG,EDGE,66,esaia bogar,-0.0017979407788528854,0.005422039293464591,37.0
28385,Steven Perez,Wyoming,MIKE,LB,59,steven perez,-0.0018501927488763432,0.007177016233681813,31.0
28386,Samuel Harris,Wyoming,HB,RB,82,samuel harris,-0.006331434624965647,0.28088969181038176,409.5
28387,Landon Pace,Wyoming,TE,TE,64,landon pace,-0.0008033115490608376,0.0038580705700421553,14.0
28389,Ke'Lyn Washom,Wyoming,WR,WR,70,kelyn washom,-0.0013675224489257606,0.007025422847314009,37.5
28391,Johnathan Bush,Wyoming,C,OL,62,johnathan bush,-0.0017871128846242692,0.008144990304003345,91.0
28396,Parker Moore,Wyoming,MIKE,LB,60,parker moore,-0.0030387997558379795,0.019092422265917498,76.0
28397,Jaden Lawrence,Wyoming,HB,RB,69,jaden lawrence,-0.009504222594402348,0.02626690670523799,51.0
28398,Kyle Frendt,Wyoming,TE,TE,68,kyle frendt,-0.002746409404501939,0.021892324653613883,74.0
28401,Cade Brook,Wyoming,LEDG,EDGE,67,cade brook,-0.0031477663870713604,0.019390279514352113,115.5
28404,Sterling Joseph,Florida International,HB,RB,76,sterling joseph,-0.08648223920508699,0.08150178956479263,239.5
28405,Takaylen Muex,Florida International,C,OL,62,takaylen muex,-0.026253120429691065,-0.01632101724106345,91.0
28406,Sean Burke,Florida International,TE,TE,69,sean burke,-0.0354728200669776,-0.010834086008861779,74.0
28409,Jessiah McGrew,Arizona State,FS,SAF,80,jessiah mcgrew,-0.00893689600641671,0.09936424254960612,589.5
28410,Tyson Carter,Florida International,WR,WR,70,tyson carter,-0.031065447978610824,-0.022672502682371053,37.5
28413,Jackson Verdugo,Florida International,TE,TE,71,jackson verdugo,-0.03634266008345481,0.05372190157492801,270.5
28414,Kelvin Reyes,Florida International,FS,SAF,66,kelvin reyes,-0.02393640434734401,-0.016955160470959164,38.0
28417,Jeremy Smith,Florida International,LT,OL,65,jeremy smith,-0.03068623722486847,-0.020754134036240858,91.0
28418,Amari Isaac,Florida International,WR,WR,70,amari isaac,-0.09553825119228145,-0.0714784746763941,107.5
28419,Anthony Smith,Florida International,DT,DT,69,anthony smith,-0.08532210972813395,-0.02726956725477046,297.5
28420,Kani Smith,Florida International,LEDG,EDGE,67,kani smith,-0.09427036847081459,-0.0717323225693911,115.5
28421,Matias Garcia,Florida International,LG,OL,66,matias garcia,-0.02937519370745961,-0.019443090518831998,91.0
28424,Kenton Simmons,Florida International,REDG,EDGE,82,kenton simmons,0.17663767225211036,0.27918090273867346,525.5
28427,Temarion Foster,Jacksonville State,CB,CB,62,temarion foster,-0.037988390240209925,-0.03137458025205586,36.0
28428,RJ Rainer,Jacksonville State,CB,CB,71,rj rainer,-0.122717869236439,-0.053915873665225184,374.5
28429,Mac Sanders,Jacksonville State,MIKE,LB,78,mac sanders,0.05868901670992238,0.2060363633284523,506.0
28430,Jack Moran,Jacksonville State,QB,QB,65,jack moran,-0.166158855116853,-0.07222917760389816,103.0
28431,Lucas Farrington,Jacksonville State,HB,RB,70,lucas farrington,-0.04965543732482837,-0.030717780636783484,27.0
28433,Lance Johnson,Jacksonville State,LT,OL,73,lance johnson,-0.019202123323745268,0.051468610903028136,647.5
28437,Gabe Glover,Jacksonville State,WR,WR,68,gabe glover,-0.02245426364713051,-0.01406131835089074,37.5
28440,McCade Wright,Jacksonville State,REDG,EDGE,65,mccade wright,-0.021288035807079643,-0.014068055734762165,37.0
28441,Markevian Blake,Jacksonville State,LG,OL,67,markevian blake,-0.025149405031490202,-0.015217301842862588,91.0
28442,Ian Mitchell,Jacksonville State,LEDG,EDGE,64,ian mitchell,-0.027859355232186744,-0.02063937515986927,37.0
28443,Luke Gilbert,Jacksonville State,TE,TE,68,luke gilbert,-0.12048415766670872,-0.06854304262527537,156.0
28445,Khari Bendolph,Massachusetts,WILL,LB,61,khari bendolph,-0.08295787624443637,-0.06082665422268089,76.0
28446,Timothy Taylor Jr.,Bowling Green,DT,DT,63,timothy taylor,-0.033321709678531104,-0.025321191220017147,41.0
28447,Quay Hood,Jacksonville State,DT,DT,71,quay hood,-0.0958301641767426,-0.037777621703379116,297.5
28449,ZaMario Woodgett,Kennesaw State,LT,OL,63,zamario woodgett,-0.04376698271399057,-0.03383487952536296,91.0
28450,Skyler Williams,Kennesaw State,QB,QB,64,skyler williams,-0.038475507802431134,-0.018412858236557285,22.0
28452,Jackson Cooper,Kennesaw State,DT,DT,72,jackson cooper,-0.07442378201423494,-0.01637123954087145,297.5
28456,Byron Jackson,Kennesaw State,LEDG,EDGE,68,byron jackson,-0.07342504347494774,-0.05088699757352426,115.5
28457,Jamari Harrold,Kennesaw State,TE,TE,70,jamari harrold,-0.1274877253237417,-0.07554661028230833,156.0
28458,Jamiel Williams,Kennesaw State,LT,OL,59,jamiel williams,-0.04261781407043403,-0.03268571088180641,91.0
28461,Clayton Coppock,Coastal Carolina,WR,WR,75,clayton coppock,-0.03459449028453598,0.02874427021775349,283.0
28462,Elijah Hill,Kansas State,REDG,EDGE,78,elijah hill,-0.004062451573797299,0.08023569413542296,432.0
28463,Tay'vion Lawson,Kennesaw State,CB,CB,72,tayvion lawson,-0.01049732329958232,0.031757573846957536,230.0
28465,Ethan Houck,Liberty,QB,QB,68,ethan houck,-0.016654607663461996,0.0034080419024118563,22.0
28466,Nasir Newkirk,Liberty,WR,WR,67,nasir newkirk,-0.04073233989534418,-0.03233939459910441,37.5
28467,Bryce Randolph,Liberty,WR,WR,69,bryce randolph,-0.06938501406939548,-0.04532523755350814,107.5
28468,Myke Gunn,Liberty,CB,CB,62,myke gunn,-0.02576977194596205,-0.019155961957807985,36.0
28469,Kam Cullins,Liberty,DT,DT,66,kam cullins,-0.07278552222187427,-0.049759639829078,118.0
28473,Malachi Fannin-Render,James Madison,HB,RB,66,malachi fannin render,-0.11411894272045585,-0.07834781342081551,51.0
28474,Jaylon Coleman,Liberty,HB,RB,81,jaylon coleman,-0.09078162041505203,0.0772024083548276,239.5
28475,Samuel Cohen,Liberty,LEDG,EDGE,67,samuel cohen,-0.03525588907996626,-0.012717843178542786,115.5
28476,Gabe Smith,Liberty,C,OL,66,gabe smith,-0.025650392849280435,-0.015718289660652824,91.0
28477,Brandon Edozie,Liberty,LT,OL,66,brandon edozie,-0.030350640135596532,-0.020418536946968917,91.0
28481,Jackson Bradley,Louisiana Tech,QB,QB,62,jackson bradley,-0.02637396165040462,-0.00904712793442266,19.0
28483,Ervin Smith,Louisiana Tech,C,OL,63,ervin smith,-0.029875619745824686,-0.019943516557197075,91.0
28484,Zheric Hill,Louisiana Tech,MIKE,LB,71,zheric hill,-0.014370004121297027,0.037900447890612296,179.5
28485,Jalen Mickens,Louisiana Tech,WR,WR,73,jalen mickens,-0.01365389609869585,0.01040588041719149,107.5
28487,Daylin Page,Louisiana Tech,REDG,EDGE,63,daylin page,-0.023780695101641276,-0.0165607150293238,37.0
28490,Kameron Carter,Louisiana Tech,CB,CB,70,kameron carter,-0.11158791200495291,-0.06933301485841308,230.0
28491,Amari Butler,Louisiana Tech,CB,CB,72,amari butler,-0.04345655265154045,0.05501572939430897,536.0
28492,Luke Watkins,Louisiana Tech,WR,WR,64,luke watkins,-0.032704355665231125,-0.024311410368991357,37.5
28493,Tazio Rosso,Louisiana Tech,LG,OL,67,tazio rosso,-0.021589393434783655,-0.011657290246156042,91.0
28494,Brayden Bockler,Louisiana Tech,TE,TE,66,brayden bockler,-0.11280612510345461,-0.06086501006202126,156.0
28496,Trey Kukuk,Louisiana Tech,QB,QB,74,trey kukuk,-0.09214062514021229,0.0017890523727425549,103.0
28497,Chase Grosfeld,Louisiana Tech,WR,WR,66,chase grosfeld,-0.0357380575991971,-0.02734511230295733,37.5
28498,Clay Thevenin,Rutgers,HB,RB,80,clay thevenin,-0.03536889787939141,0.1326151308904882,239.5
28500,Emmanuel Oguns,Louisiana Tech,REDG,EDGE,73,emmanuel oguns,-0.007371173243863502,0.09517205724269957,525.5
28502,Stanley Anderson-Lofton,Middle Tennessee,QB,QB,65,stanley anderson lofton,-0.054584088824673305,-0.022210267934285956,35.5
28503,Kyle Larkin,Middle Tennessee,LT,OL,62,kyle larkin,-0.034485649213582006,-0.02455354602495439,91.0
28504,Kalen Woods,Middle Tennessee,FS,SAF,72,kalen woods,-0.15431422418784926,-0.02993785302172975,677.0
28505,Locke Kennedy,Middle Tennessee,SS,SAF,65,locke kennedy,-0.04067697813218901,-0.022397142192707636,99.5
28506,Micah Smith,Middle Tennessee,MIKE,LB,62,micah smith,-0.019990487088551355,-0.010963278105993199,31.0
28508,DJ Taylor,Middle Tennessee,HB,RB,75,dj taylor,-0.40121711091121015,-0.23323308214133054,239.5
28510,Christofer Noble,Middle Tennessee,FS,SAF,69,christofer noble,-0.21792714506878616,-0.10962600651276334,589.5
28512,Otto Janse Van Rensburg,Middle Tennessee,LG,OL,75,otto janse van rensburg,0.01816265163250819,0.10291296070909436,776.5
28513,Archie Roseman V,Middle Tennessee,DT,DT,67,archie roseman,-0.10145592760022537,-0.060282527728360846,211.0
28515,Wilson Hodges,Middle Tennessee,TE,TE,65,wilson hodges,-0.012192235944397391,-0.006032552429868436,18.5
28516,Neo Clifton,Middle Tennessee,WR,WR,65,neo clifton,-0.034700975069957375,-0.026308029773717607,37.5
28518,Darnell Malpress,Middle Tennessee,LEDG,EDGE,65,darnell malpress,-0.10449278994325865,-0.08195474404183517,115.5
28519,Camari Hall,Middle Tennessee,SS,SAF,63,camari hall,-0.029080099674037192,-0.022098855797652344,38.0
28521,Armando Nieves,South Carolina,RT,OL,73,armando nieves,-0.0042191305596587,0.005712972628968912,91.0
28524,Walter Owens,New Mexico State,FS,SAF,67,walter owens,-0.035440237813407584,-0.017160401873926215,99.5
28525,Bernock Iya,New Mexico State,FS,SAF,84,bernock iya,0.24375364879384184,0.36813001995996136,677.0
28528,Chance Barron,New Mexico State,MIKE,LB,64,chance barron,-0.1876984228156167,-0.0969895325553952,311.5
28529,DJ Cloyd,New Mexico State,SS,SAF,65,dj cloyd,-0.01451058838592825,-0.0075293445095434034,38.0
28532,Merrick Becerra,New Mexico State,LT,OL,67,merrick becerra,-0.029244103041441944,-0.019311999852814333,91.0
28534,Saveon Freeman,New Mexico State,CB,CB,70,saveon freeman,-0.0719548134406882,-0.0031528178694743884,374.5
28536,Raylon Carter,New Mexico State,LEDG,EDGE,62,raylon carter,-0.03194685183641112,-0.024726871764093643,37.0
28538,Zaiden Davis,New Mexico State,WILL,LB,60,zaiden davis,-0.06000925335243587,-0.0378780313306804,76.0
28540,Braydyn Sage,New Mexico State,TE,TE,67,braydyn sage,-0.019542862494481655,0.005095871563634162,74.0
28541,Drake Williams,New Mexico State,MIKE,LB,58,drake williams,-0.03417094467918064,-0.025143735696622482,31.0
28544,Braylen Wortham,Sam Houston,FS,SAF,63,braylen wortham,-0.060290222514589986,-0.04201038657510862,99.5
28545,Landyn Locke,Sam Houston,QB,QB,70,landyn locke,-0.6542044871375335,-0.01858327134598465,697.0
28548,Brody Henderson,Sam Houston,REDG,EDGE,69,brody henderson,-0.05998854241691058,-0.017058931176103964,220.0
28550,Zo'maryon Bryan,Sam Houston,LG,OL,69,zomaryon bryan,-0.14203062007204492,-0.08565774867725195,516.5
28552,Graceson Spann,Sam Houston,RT,OL,63,graceson spann,-0.03431751231765828,-0.024385409129030665,91.0
28557,Nik Henry,UTEP,WR,WR,73,nik henry,-0.18247502274494645,-0.119136262242657,283.0
28558,TJ Tillman,UTEP,CB,CB,64,tj tillman,-0.06965929424346023,-0.047429544005497974,121.0
28560,Grant Stewart,UTEP,SS,SAF,62,grant stewart,-0.02585093288169939,-0.018869689005314546,38.0
28561,Vashon Brunswick II,UTEP,SAM,LB,59,vashon brunswick,-0.01485036557851547,-0.005823156595957315,31.0
28563,James Williams,New Mexico State,LG,OL,73,james williams,-0.04092685868675849,0.043823450389827684,776.5
28565,Shakaun Bowser,UTEP,LEDG,EDGE,68,shakaun bowser,-0.03345762289456312,-0.010919576993139645,115.5
28570,Jamal Frilot,UTEP,TE,TE,61,jamal frilot,-0.06166463773497488,-0.03702590367685906,74.0
28571,Justin Lee,UTEP,REDG,EDGE,63,justin lee,-0.01703841583445104,-0.009818435762133565,37.0
28573,Royce Wilson,UTEP,DT,DT,61,royce wilson,-0.0321501762497345,-0.024149657791220542,41.0
28574,Leander Parrish,UTEP,LEDG,EDGE,65,leander parrish,-0.018147640024440557,-0.010927659952123081,37.0
28576,Darnell Williams,UTEP,CB,CB,66,darnell williams,-0.1397702114971979,-0.07096821592598407,374.5
28580,Preston Perkins,UTEP,C,OL,61,preston perkins,-0.020615300191671786,-0.010683197003044173,91.0
28582,Tyler Roberts,UTEP,RT,OL,64,tyler roberts,-0.024839852550154917,-0.014907749361527303,91.0
28585,Josiah Jones,UTEP,SS,SAF,68,josiah jones,-0.045719096104763754,-0.02743926016528238,99.5
28586,Jaxon Smith,UTEP,LEDG,EDGE,65,jaxon smith,-0.016258494839618574,-0.009038514767301099,37.0
28587,Diego De La Cruz,UTEP,LG,OL,62,diego de la cruz,-0.02782540061916279,-0.01789329743053518,91.0
28588,Copelin Windfont,UTEP,MIKE,LB,62,copelin windfont,-0.018533291243705674,-0.009506082261147518,31.0
28590,Sharlandiin Strange,Western Kentucky,LEDG,EDGE,63,sharlandiin strange,-0.060498532768667596,-0.037960486867244125,115.5
28591,Brandon Thomas,Western Kentucky,LEDG,EDGE,67,brandon thomas,-0.3738711398304893,-0.289572994121269,432.0
28593,Jordan Donald,Western Kentucky,MIKE,LB,60,jordan donald,-0.02637415528808575,-0.017346946305527595,31.0
28594,Sekou Peters,Western Kentucky,DT,DT,65,sekou peters,-0.031702471384478306,-0.02370195292596435,41.0
28595,Kai Micatrotto,Western Kentucky,REDG,EDGE,62,kai micatrotto,-0.02753474398355632,-0.02031476391123884,37.0
28596,Isiah Stoudemire,Western Kentucky,LG,OL,63,isiah stoudemire,-0.02509470912504174,-0.015162605936414126,91.0
28598,Korbyn Green,Tulsa,CB,CB,69,korbyn green,-0.017628841114093116,-0.011015031125939052,36.0
28601,Dylan Flowers,Duke,CB,CB,73,dylan flowers,-0.03340482894747508,0.008850068199064772,230.0
28602,Max Thurston,Western Kentucky,LT,OL,65,max thurston,-0.030349484978803395,-0.02041738179017578,91.0
28605,Cross Nimmo,Western Kentucky,TE,TE,69,cross nimmo,-0.09988602859403875,-0.04794491355260539,156.0
28607,Fonzy Smith,Western Kentucky,WR,WR,69,fonzy smith,-0.034432512577283365,-0.026039567281043594,37.5
28608,Elijah Rumph,Western Kentucky,HB,RB,73,elijah rumph,-0.07575544792100716,-0.039984318621366824,51.0
28609,Jordan Bergeron,Western Kentucky,CB,CB,64,jordan bergeron,-0.024222398638163726,-0.01760858865000966,36.0
28610,Jackson Dialls,Western Kentucky,LG,OL,60,jackson dialls,-0.03713604706426722,-0.02720394387563961,91.0
28613,Tairan Davis Jr.,Akron,FS,SAF,67,tairan davis,-0.15893534326937941,-0.1212733697257243,205.0
28616,Jaiden Brown-Demery,Akron,DT,DT,66,jaiden brown demery,-0.11985484455481474,-0.07868144468295021,211.0
28617,Vann Kavals,Akron,LEDG,EDGE,64,vann kavals,-0.07714037143686894,-0.05460232553544547,115.5
28618,Devin Reeves,Akron,WILL,LB,63,devin reeves,-0.02121433783419373,-0.012187128851635576,31.0
28619,Cibastian Broughton,Akron,QB,QB,62,cibastian broughton,-0.03625616021904231,-0.016193510653168455,22.0
28620,Gavin James,Akron,MIKE,LB,67,gavin james,-0.08405847770772741,0.006650412552494061,311.5
28621,Ty Watkins,Akron,REDG,EDGE,62,ty watkins,-0.03240428762283573,-0.025184307550518252,37.0
28622,Maasai King,Iowa State,RT,OL,75,maasai king,0.02884488801410716,0.11359519709069334,776.5
28623,Luke Sivon,Akron,WR,WR,67,luke sivon,-0.024699482736615486,-0.016306537440375714,37.5
28625,Elisha Durham,Ball State,WR,WR,66,elisha durham,-0.042446068326573064,-0.034053123030333296,37.5
28626,Donovan Lanier,Ball State,CB,CB,67,donovan lanier,-0.27507084396683834,-0.20626884839562457,374.5
28627,Tobi Adewoyin,Ball State,SS,SAF,64,tobi adewoyin,-0.02694275854238141,-0.019961514665996567,38.0
28629,Kamron Chamble,Ball State,FS,SAF,62,kamron chamble,-0.03508296784342326,-0.028101723967038413,38.0
28631,Lucas Szymborski,Ball State,MIKE,LB,63,lucas szymborski,-0.050936769817584646,-0.02880554779582916,76.0
28636,Mikeah Webster,Ball State,MIKE,LB,72,mikeah webster,-0.0006320710779970754,0.09007681918222439,311.5
28638,Jalen Bonds,Ball State,HB,RB,74,jalen bonds,-0.1317853775358204,-0.04621522509354352,122.0
28639,Mikey Varon,Ball State,RG,OL,62,mikey varon,-0.03696811099269885,-0.02703600780407124,91.0
28640,Coby Tripp,Ball State,TE,TE,66,coby tripp,-0.02385683826119329,-0.011370993299310276,37.5
28644,Jeremiah Scoby,Bowling Green,TE,TE,63,jeremiah scoby,-0.014812907472179778,-0.008653223957650823,18.5
28647,Preston EstoEsta,Bowling Green,FS,SAF,61,preston estoesta,-0.036084378622092024,-0.029103134745707176,38.0
28648,Vincent Giordano,Bowling Green,RT,OL,52,vincent giordano,-0.08652664685144548,-0.07659454366281787,91.0
28649,Jahai Johnson,Bowling Green,SS,SAF,59,jahai johnson,-0.03566493802678321,-0.02868369415039836,38.0
28650,Dior Garner,Bowling Green,DT,DT,68,dior garner,-0.12154146094557224,-0.08036806107370771,211.0
28651,DeVenchi Arnold II,Bowling Green,CB,CB,62,devenchi arnold,-0.055533505150544504,-0.03330375491258222,121.0
28652,Masyn Zahursky,Bowling Green,C,OL,62,masyn zahursky,-0.046757030650026475,-0.036824927461398864,91.0
28653,Cashmire Lewis,Bowling Green,MIKE,LB,62,cashmire lewis,-0.04832395867068551,-0.02619273664893003,76.0
28655,Carsen Melvin,Bowling Green,TE,TE,47,carsen melvin,-0.029462268603268293,-0.0248008864841653,14.0
28657,Jaimion Olverson,Bowling Green,DT,DT,65,jaimion olverson,-0.04074533614117527,-0.03274481768266131,41.0
28658,Rico Garcia,Bowling Green,FS,SAF,61,rico garcia,-0.024511057975243836,-0.017529814098858988,38.0
28660,Ethan Kraatz,Bowling Green,RG,OL,65,ethan kraatz,-0.20376514048482072,-0.14739226909002773,516.5
28662,Quentin Lewis,Bowling Green,LEDG,EDGE,65,quentin lewis,-0.18543577505251527,-0.14250616381170864,220.0
28664,Dwayne Early Jr.,Buffalo,WR,WR,70,dwayne early,-0.01613486869399698,-0.0077419233977572095,37.5
28665,Jason Wright,Buffalo,QB,QB,70,jason wright,-0.08164560938141754,0.012284068131537299,103.0
28666,Nino Hill,Buffalo,HB,RB,71,nino hill,-0.1932296230272659,-0.10765947058498901,122.0
28667,Jackson Small,Buffalo,CB,CB,67,jackson small,-0.019338309947261097,-0.012724499959107032,36.0
28668,Thomas Barr,Buffalo,C,OL,66,thomas barr,-0.03161710133793741,-0.021684998149309798,91.0
28669,Bradley Ilunga-Bisselele,Buffalo,WILL,LB,66,bradley ilunga bisselele,-0.03856141646434245,-0.016430194442586966,76.0
28670,Jackson Davenport,Buffalo,RT,OL,66,jackson davenport,-0.035436999848484106,-0.025504896659856495,91.0
28671,George Hill,Buffalo,MIKE,LB,66,george hill,-0.017624422391108067,-0.008597213408549912,31.0
28672,Caleb Watts,Buffalo,LT,OL,68,caleb watts,-0.03161710133793741,-0.021684998149309798,91.0
28673,Phillip Folmar,Buffalo,WR,WR,70,phillip folmar,-0.02745370977310865,-0.01906076447686888,37.5
28674,Rex Stinchcomb,Buffalo,DT,DT,69,rex stinchcomb,-0.09496127035232958,-0.053787870480465065,211.0
28675,Christopher Climes,Buffalo,DT,DT,69,christopher climes,-0.206055864385588,-0.12966066983660715,391.5
28676,Michael Gelatko,Buffalo,TE,TE,67,michael gelatko,-0.0444417454070048,-0.019803011348888983,74.0
28681,Donovan Rodriguez,Buffalo,CB,CB,70,donovan rodriguez,-0.056879937152495987,-0.01462504000595613,230.0
28682,Nolan Anderson,Central Michigan,SS,SAF,65,nolan anderson,-0.06688163262416708,-0.048601796684685714,99.5
28684,Justin Ruffin Jr.,Central Michigan,WR,WR,72,justin ruffin,-0.0505450406084286,-0.012161304120292052,171.5
28685,Marcus Beamon,Central Michigan,QB,QB,68,marcus beamon,-0.08619790135979985,0.007731776153154998,103.0
28686,Apisa Poumele,Coastal Carolina,C,OL,66,apisa poumele,-0.014145136567594134,-0.004213033378966521,91.0
28687,Triston Pierre,Central Michigan,RT,OL,63,triston pierre,-0.03066840784393216,-0.020736304655304544,91.0
28692,Braylen Naves,Central Michigan,WR,WR,66,braylen naves,-0.0232827456195745,-0.01488980032333473,37.5
28697,Donmiel Rogers,Eastern Michigan,CB,CB,64,donmiel rogers,-0.022185366566740073,-0.015571556578586011,36.0
28698,Benson Prosper,Eastern Michigan,WR,WR,74,benson prosper,-0.05652108126020967,0.006817679242079794,283.0
28701,Hector Gonzalez,Eastern Michigan,REDG,EDGE,61,hector gonzalez,-0.02168475784485927,-0.014464777772541794,37.0
28704,Harold Mack,Eastern Michigan,WR,WR,77,harold mack,-0.029637528600611,0.0612300924733449,406.0
28705,Tylan Boykin,Eastern Michigan,CB,CB,65,tylan boykin,-0.013363660625306549,-0.0067498506371524835,36.0
28707,Bryce Button,Eastern Michigan,QB,QB,64,bryce button,-0.056440261331777035,-0.024066440441389687,35.5
28709,Amareon Blue,Eastern Michigan,HB,RB,66,amareon blue,-0.09361929111974755,-0.05784816182010722,51.0
28710,Noah Knigga,Eastern Michigan,MIKE,LB,61,noah knigga,-0.017510425336224097,-0.008483216353665939,31.0
28711,Quincy Byas,Eastern Michigan,LEDG,EDGE,73,quincy byas,-0.044662295646359235,0.015439160090770026,308.0
28712,Nate Lyman,Eastern Michigan,WR,WR,66,nate lyman,-0.08436392781371661,-0.06030415129782927,107.5
28713,Milan Colvin,Eastern Michigan,DT,DT,65,milan colvin,-0.029769544070809437,-0.02176902561229548,41.0
28714,Cole Powell,Eastern Michigan,RT,OL,64,cole powell,-0.032974751447546156,-0.023042648258918545,91.0
28718,Andrew Marshall,Minnesota,WILL,LB,70,andrew marshall,7.480418574229734e-05,0.022206026207497776,76.0
28720,Bryce Griffin,Kent State,LEDG,EDGE,66,bryce griffin,-0.259364365455177,-0.17506621974595674,432.0
28721,Maurice Stephens,Kent State,WR,WR,66,maurice stephens,-0.02450075465498861,-0.016107809358748844,37.5
28722,Rafael Terrero Jr.,Kent State,MIKE,LB,64,rafael terrero,-0.054053509157961095,-0.03192228713620561,76.0
28723,Trey Rubinstein,Kent State,SAM,LB,60,trey rubinstein,-0.029503312809812072,-0.020476103827253917,31.0
28724,Nolan Good,Kent State,QB,QB,60,nolan good,-0.0726094006852584,-0.04023557979487105,35.5
28725,Joel Cordoba,Kent State,SS,SAF,73,joel cordoba,-0.05841087173017775,0.06596549943594177,677.0
28726,Teaunn Hunter,Kent State,WR,WR,66,teaunn hunter,-0.033768310140063866,-0.0253753648438241,37.5
28727,Derrick Jackson III,Kent State,FS,SAF,72,derrick jackson,-0.04544258667164272,0.0628585518843801,589.5
28729,Deante Ruffin,Kent State,QB,QB,69,deante ruffin,-0.1006462457630113,-0.006716568250056455,103.0
28730,Darian Blachewicz,Kent State,DT,DT,65,darian blachewicz,-0.08436973933489593,-0.06134385694209966,118.0
28732,Aiden Burgess,Kent State,DT,DT,67,aiden burgess,-0.19194268120317196,-0.13389013872980846,297.5
28733,Tyler Meadows,Kent State,LT,OL,75,tyler meadows,-0.05635762930886087,0.028392679767725307,776.5
28735,Zy'Aire Fletcher,Kent State,TE,TE,64,zyaire fletcher,-0.009159287778473463,-0.00449790565937047,14.0
28737,Tanner Mintz,Kent State,MIKE,LB,61,tanner mintz,-0.032849361504967874,-0.023822152522409715,31.0
28738,Garrett Long,Kent State,TE,TE,64,garrett long,-0.013358550809250644,-0.007198867294721689,18.5
28739,Boston Crowell,Kent State,LG,OL,62,boston crowell,-0.03558795746409395,-0.025655854275466336,91.0
28741,Adrian Walker Jr.,Miami (OH),CB,CB,64,adrian walker,-0.06514179405637893,-0.04291204381841666,121.0
28742,Carmine Orozco,Miami (OH),DT,DT,66,carmine orozco,-0.06548794232281488,-0.04246205993001861,118.0
28743,Desmon Yharbrough,Miami (OH),SS,SAF,64,desmon yharbrough,-0.02176157603400054,-0.014780332157615692,38.0
28744,Isaiah Rollins,Miami (OH),CB,CB,62,isaiah rollins,-0.02042393254275302,-0.013810122554598955,36.0
28747,Trey Zvonar,Miami (OH),TE,TE,64,trey zvonar,-0.026396936364052284,-0.013911091402169267,37.5
28749,Khory Moss,Akron,CB,CB,62,khory moss,-0.019128248103331545,-0.01251443811517748,36.0
28750,Vito McConnell,Miami (OH),MIKE,LB,60,vito mcconnell,-0.014629021875516849,-0.005601812892958693,31.0
28753,Jerome Smith,Miami (OH),SS,SAF,64,jerome smith,-0.027651886780513443,-0.020670642904128594,38.0
28755,Brendan Loftus,Miami (OH),TE,TE,66,brendan loftus,-0.056628747443238085,-0.031990013385122265,74.0
28761,Jordan Bellamy,Northern Illinois,DT,DT,67,jordan bellamy,-0.1633989132022079,-0.087003718653227,391.5
28762,Brady Davidson,Northern Illinois,QB,QB,68,brady davidson,-0.09750660225086086,-0.0035769247379060162,103.0
28763,Montrel Canion,Northern Illinois,DT,DT,64,montrel canion,-0.19354314372905518,-0.13549060125569168,297.5
28764,Brody Windham,Northern Illinois,WILL,LB,70,brody windham,-0.2766668210572409,-0.08607623140935977,654.5
28766,Caleb Haack,Northern Illinois,TE,TE,72,caleb haack,-0.0364046374162238,0.015536477625209547,156.0
28768,Liam Russo,Northern Illinois,TE,TE,67,liam russo,-0.017125646882000394,-0.004639801920117377,37.5
28770,Micah Cook,Northern Illinois,REDG,EDGE,66,micah cook,-0.12399773378427198,-0.06389627804714272,308.0
28772,James Little IV,Northern Illinois,CB,CB,64,james little,-0.07343468830226435,-0.051204938064302076,121.0
28773,Amari Washington,Northern Illinois,DT,DT,61,amari washington,-0.1856702256316441,-0.14449682575977954,211.0
28777,Amari Williams,Northern Illinois,CB,CB,57,amari williams,-0.044727657530263976,-0.03811384754210991,36.0
28778,Triston White,Northern Illinois,HB,RB,67,triston white,-0.16516754378099524,-0.07959739133871835,122.0
28781,Charles Brooks III,Northern Illinois,REDG,EDGE,64,charles brooks,-0.13822464023277317,-0.09529502899196655,220.0
28783,Tyler Chambers,Northern Illinois,LG,OL,70,tyler chambers,-0.060807950478888706,0.009862783747884695,647.5
28790,Mike Taylor Jr.,Ohio,HB,RB,71,mike taylor,-0.13502123635088967,-0.04945108390861277,122.0
28791,Charlie Christopher,Ohio,WILL,LB,85,charlie christopher,0.45222266105245545,0.6428132507003366,654.5
28792,Irving Brown,Ohio,HB,RB,69,irving brown,-0.09092455423070095,-0.05515342493106061,51.0
28794,Ike Ackerman,Ohio,LEDG,EDGE,66,ike ackerman,-0.13359402884084184,-0.09066441760003524,220.0
28795,Ibrahim Kebe,UTSA,LT,OL,67,ibrahim kebe,-0.02910117352656852,-0.019169070337940908,91.0
28796,Jermaine Minnis,Ohio,WILL,LB,63,jermaine minnis,-0.16534455633123243,-0.11307410431932313,179.5
28797,Ty Neubert,Ohio,DT,DT,65,ty neubert,-0.03479742311560304,-0.02679690465708908,41.0
28798,Hype Grand,Ohio,QB,QB,68,hype grand,-0.03174857471070424,0.0006252461796831101,35.5
28799,Brandon Weaver,Ohio,DT,DT,65,brandon weaver,-0.03590450734107517,-0.027903988882561206,41.0
28800,Tyson Long,Ohio,CB,CB,65,tyson long,-0.02257363295012112,-0.015959822961967057,36.0
28801,Rashad Perry,Ohio,WR,WR,67,rashad perry,-0.031186936072263836,-0.022793990776024068,37.5
28803,Bobby Miller,Ohio,CB,CB,66,bobby miller,-0.01911546867552083,-0.012501658687366765,36.0
28804,Tyler Hackenbracht,Toledo,FS,SAF,66,tyler hackenbracht,-0.0412971567951773,-0.023017320855695928,99.5
28805,Raphael Greene-Nyarko,UConn,RG,OL,62,raphael greene nyarko,-0.02358489467769714,-0.013652791489069525,91.0
28807,Jordin Farrow,Toledo,DT,DT,68,jordin farrow,-0.1898473650908518,-0.11345217054187093,391.5
28808,DJ Kelly,James Madison,CB,CB,76,dj kelly,-0.057861345159206656,0.06329997948489349,659.5
28809,Bryant Weatherspoon Jr.,Toledo,DT,DT,63,bryant weatherspoon,-0.1627221195512276,-0.12154871967936307,211.0
28810,Ameer Yasin,Toledo,RT,OL,63,ameer yasin,-0.0313085225410393,-0.02137641935241169,91.0
28811,Walter Moses,Toledo,QB,QB,62,walter moses,-0.04048304070862339,-0.020420391142749534,22.0
28812,Sean Persson,UAB,TE,TE,61,sean persson,-0.028403932449924025,-0.015918087488041008,37.5
28815,Kamren Flowers,UConn,WR,WR,69,kamren flowers,-0.020705826045226812,-0.012312880748987043,37.5
28816,Noah Sanders,Toledo,HB,RB,70,noah sanders,-0.04302255852258479,-0.024084901834539908,27.0
28818,Shawn Simeon,UConn,HB,RB,71,shawn simeon,-0.03635151859491471,-0.01706316456079492,27.5
28819,Cade Wilhelmi,Toledo,LG,OL,62,cade wilhelmi,-0.02935852566278426,-0.01942642247415665,91.0
28820,Ryder Treadway,UConn,WR,WR,73,ryder treadway,-0.030970886818272966,0.032367873684016495,283.0
28821,Jayden Price,UConn,FS,SAF,61,jayden price,-0.021990287979722446,-0.015009044103337598,38.0
28822,Isiah Switzer,UConn,RG,OL,64,isiah switzer,-0.027291840577803626,-0.01735973738917601,91.0
28823,Sam Toniolo,Toledo,REDG,EDGE,65,sam toniolo,-0.07946204946359811,-0.05692400356217464,115.5
28824,Brady Jones,Oregon State,QB,QB,64,brady jones,-0.04952839517633325,-0.0171545742859459,35.5
28825,Lolo Mataele,Western Michigan,HB,RB,75,lolo mataele,-0.04230068150949678,-0.00652955220985644,51.0
28826,Gian Carter,Western Michigan,REDG,EDGE,65,gian carter,-0.027889471921816063,-0.020669491849498588,37.0
28827,Aveion Chenault,Western Michigan,WR,WR,73,aveion chenault,-0.11996231384466369,-0.029094692770707777,406.0
28828,John Peters,Western Michigan,CB,CB,70,john peters,-0.15956836612338826,-0.09076637055217444,374.5
28829,Spencer Beckeman,Western Michigan,RT,OL,63,spencer beckeman,-0.023091128403692308,-0.013159025215064695,91.0
28831,Freddy Brown,Western Michigan,MIKE,LB,64,freddy brown,-0.04769861006884399,-0.025567388047088514,76.0
28834,Liam Vaughan,Western Michigan,C,OL,60,liam vaughan,-0.03222407706715496,-0.022291973878527348,91.0
28840,Keivin Boone-Nelson,Western Michigan,WR,WR,65,keivin boone nelson,-0.2122880882490082,-0.17390435176087163,171.5
28843,Trey Glasper,Oregon State,CB,CB,78,trey glasper,0.026580291154926727,0.1477416157990269,659.5
28844,Jalil Tucker,Washington State,CB,CB,77,jalil tucker,-0.0143659093379458,0.10679541530615437,659.5
28845,Bleu Dantzler,Oregon,REDG,EDGE,67,bleu dantzler,-0.02134212212933921,-0.014122142057021737,37.0
28849,Tristan Ti'a,Auburn,QB,QB,73,tristan tia,-0.016529121953241927,0.07740055555971292,103.0
28850,Niklas Fisher,Oregon State,REDG,EDGE,69,niklas fisher,-0.014204588702537324,-0.006984608630219848,37.0
28851,Kourdey Glass,Oregon State,HB,RB,74,kourdey glass,-0.04705606806531374,-0.011284938765673401,51.0
28853,Logan Knapp,Oregon State,REDG,EDGE,69,logan knapp,-0.02825325375819452,-0.005715207856771048,115.5
28854,Cody Siegner,Oregon State,TE,TE,65,cody siegner,-0.00882713867875973,-0.004165756559656738,14.0
28857,Blake Thompson,Oregon State,CB,CB,68,blake thompson,-0.0228173867495561,-0.016203576761402036,36.0
28858,Sean Craig,Oregon State,SS,SAF,68,sean craig,-0.08138940444669185,-0.043727430903036754,205.0
28865,Kyle Peterson,Washington State,FS,SAF,73,kyle peterson,-0.13367279966090226,-0.025371661104879432,589.5
28866,Ishmael Gibbs,Washington State,CB,CB,64,ishmael gibbs,-0.033442599458887265,-0.0268287894707332,36.0
28867,Jamarey Smith,Washington State,CB,CB,66,jamarey smith,-0.01587617228116431,-0.009262362293010248,36.0
28868,Devin Ellison,New Mexico State,WR,WR,76,devin ellison,-0.04092324073496456,0.0224155197673249,283.0
28871,Isaiah Hung,Washington State,WILL,LB,61,isaiah hung,-0.024267539890071174,-0.01524033090751302,31.0
28873,Trevor Bindel,Iowa State,RG,OL,67,trevor bindel,-0.015736768063471573,-0.0058046648748439605,91.0
28875,Owen Eshelman,Washington State,QB,QB,67,owen eshelman,-0.08508995611224994,0.008839721400704909,103.0
28876,Luke Webb,Washington State,REDG,EDGE,70,luke webb,-0.053650165996351716,-0.031112120094928246,115.5
28877,Malijah Tucker,Washington State,DT,DT,66,malijah tucker,-0.027694854011379336,-0.019694335552865375,41.0
28881,Sullivan Schlimgen,Iowa State,MIKE,LB,70,sullivan schlimgen,-0.018920624718345484,0.03334982729356384,179.5
28882,Donovan Fitzmaurice,Iowa State,DT,DT,69,donovan fitzmaurice,-0.021159216047859117,-0.013158697589345156,41.0
28888,Arion Williams,Washington State,C,OL,63,arion williams,-0.034710673271218614,-0.024778570082591003,91.0
28890,Josh Wedel,Washington State,REDG,EDGE,65,josh wedel,-0.023057324160208517,-0.01583734408789104,37.0
28891,Carter Pabst,Iowa State,WR,WR,76,carter pabst,-0.009302904131761642,0.054035856370527824,283.0
28892,Damarius Russell,Iowa State,SS,SAF,65,damarius russell,-0.02618670787291261,-0.019205463996527762,38.0
28893,Brody Miller,Iowa State,FS,SAF,60,brody miller,-0.03689221653752154,-0.02991097266113669,38.0
28894,Trillion Sorrell,Iowa State,CB,CB,64,trillion sorrell,-0.03499947416451224,-0.02838566417635818,36.0
28895,Jorden Cunningham,Washington State,RT,OL,63,jorden cunningham,-0.031593624586196856,-0.021661521397569248,91.0
28899,VJ Wilkins,Boston College,WR,WR,74,vj wilkins,-0.012763381536529912,-0.00437043624029014,37.5
28901,Favor Bate,Boston College,REDG,EDGE,76,favor bate,-0.02080671579882731,0.03929473993830195,308.0
28902,Chuck Nnaeto,Boston College,DT,DT,72,chuck nnaeto,-0.024229745965983963,0.016943653905880564,211.0
28903,Onye Nwosisi,Boston College,LEDG,EDGE,70,onye nwosisi,-0.0027302070724984128,0.004489772999819064,37.0
28904,Amir Johnson,Boston College,LT,OL,71,amir johnson,-0.017207251905196654,-0.00727514871656904,91.0
28906,Mason Mini,California,TE,TE,81,mason mini,0.05312161971354113,0.10506273475497449,156.0
28908,Cooper Barkate,Miami,WR,WR,90,cooper barkate,0.4043682288117466,0.4952358498857025,406.0
28910,Malachi Hosley,Georgia Tech,HB,RB,83,malachi hosley,0.1533815889269381,0.4406027153622855,409.5
28911,Brayden Manley,Georgia Tech,LEDG,EDGE,74,brayden manley,-0.01829946184110101,0.004238584060322462,115.5
28912,Cayman Spaulding,Georgia Tech,WILL,LB,69,cayman spaulding,-0.017403121607659142,0.03486733040425018,179.5
28914,Jerry Lawson,Oklahoma State,DT,DT,78,jerry lawson,0.08479292208017086,0.17699401894963052,472.5
28915,AJ Richardson,NC State,MIKE,LB,71,aj richardson,-0.005867962140286423,0.046402489871622904,179.5
28917,Brock Stukes,Sam Houston,LG,OL,71,brock stukes,-0.1538938759798111,-0.06914356690322493,776.5
28918,William Boone,Texas State,LT,OL,78,william boone,0.10524852727668894,0.19250914814820297,799.5
28919,Melkart Abou-Jaoude,North Carolina,REDG,EDGE,89,melkart abou jaoude,0.513868159970824,0.6164113904573871,525.5
28920,Christo Kelly,North Carolina,C,OL,78,christo kelly,0.13835344200395872,0.22561406287547275,799.5
28922,Keith Gouveia,Pittsburgh,LG,OL,76,keith gouveia,-0.0024091410843579777,0.007522962104269636,91.0
28923,Rashan Murray,Pittsburgh,CB,CB,69,rashan murray,-0.040580371301491086,-0.018350621063528808,121.0
28924,Nathan Mejia,Stanford,C,OL,71,nathan mejia,-0.004506594461034494,0.005425508727593119,91.0
28925,Tuna Altahir,Stanford,HB,RB,75,tuna altahir,-0.03671324821772573,-0.0009421189180853921,51.0
28926,David Pantelis,Stanford,WR,WR,71,david pantelis,-0.011517949755401545,-0.003125004459161774,37.5
28927,Caden High,Stanford,WR,WR,76,caden high,-0.01253107244008049,0.07833654863387542,406.0
28928,Zach Johnson,Stanford,MIKE,LB,72,zach johnson,0.009463970694850716,0.061734422706760037,179.5
28930,Fran Brown Jr.,Syracuse,TE,TE,60,fran brown,-0.031865114425247254,-0.025705430910718297,18.5
28931,Maddox Marcellus,Virginia,WILL,LB,77,maddox marcellus,0.25520749222707706,0.402554838845607,506.0
28934,Ja'Son Prevard,Kansas State,CB,CB,87,jason prevard,0.5005102712287813,0.6216715958728816,659.5
28935,Arias Nash,Tulsa,DT,DT,77,arias nash,0.04461396920455252,0.12100916375353338,391.5
28936,Joseph Reddish,App State,CB,CB,73,joseph reddish,0.017354618579966515,0.05960951572650638,230.0
28937,Jahzari Priester,North Texas,RT,OL,64,jahzari priester,-0.037711853641588106,-0.027779750452960487,91.0
28938,Marcellous Hawkins,Virginia Tech,HB,RB,85,marcellous hawkins,0.39385652840435886,0.6810776548397063,409.5
28939,Sascha Garcia,Wake Forest,CB,CB,72,sascha garcia,-0.00027133754259711266,0.0063424724455569525,36.0
28941,Dallas Afalava,Wake Forest,DT,DT,79,dallas afalava,0.06801105357310025,0.1602121504425599,472.5
28942,RJ Vick,Colorado State,WR,WR,76,rj vick,-0.05872270229696517,0.004616058205324296,283.0
28949,Gavin Willis,Charlotte,WILL,LB,71,gavin willis,0.035494330384563844,0.18284167700309376,506.0
28953,Rion Roseborough,East Carolina,DT,DT,69,rion roseborough,-0.1407229697219624,-0.06432777517298155,391.5
28954,Jordy Lowery,Florida,CB,CB,76,jordy lowery,-0.0018902371089353296,0.004723572879218736,36.0
28957,Jeremiah Jordan,UAB,SS,SAF,69,jeremiah jordan,-0.04572117778083814,-0.008059204237183044,205.0
28958,Parker Mitchell,Memphis,RG,OL,78,parker mitchell,-0.009177695222834271,0.06973341033076755,723.0
28964,Jaymon Lamb,UTEP,LT,OL,74,jaymon lamb,-0.009580911889163435,0.07767970898235058,799.5
28966,Joshua Pierce,California,WILL,LB,67,joshua pierce,-0.007351824747686068,0.001675384234872088,31.0
28971,Avery Powell,Temple,FS,SAF,75,avery powell,-0.15313194972017885,-0.04483081116415605,589.5
28974,Willy Love,Temple,SAM,LB,68,willy love,-0.06621181134059648,0.024497078919624993,311.5
28976,Tavare Smith,Tulane,CB,CB,70,tavare smith,-0.001891349636669325,0.00472246035148474,36.0
28978,Dallas Winner-Johnson,Oklahoma State,MIKE,LB,69,dallas winner johnson,0.002465548068087922,0.011492757050646079,31.0
28980,Jude McCoskey,Purdue,LT,OL,74,jude mccoskey,-0.03745251521224411,0.018920356182548878,516.5
28982,Zion Booker,Kennesaw State,WR,WR,78,zion booker,0.15567849544535242,0.2806774273906834,558.5
28987,Devin Hightower,Tulsa,MIKE,LB,76,devin hightower,0.14806416205876952,0.33865475170665055,654.5
28993,Brandon Tucker,UTSA,MIKE,LB,70,brandon tucker,-0.008639832907578776,0.13870751371095114,506.0
28994,AJ Wilson,UTSA,WR,WR,81,aj wilson,0.18957523786571176,0.2804428589396677,406.0
28995,Darrell Jones,UTSA,RG,OL,77,darrell jones,0.05515787689061176,0.13990818596719795,776.5
28997,Isaac Perez,Arizona,RG,OL,73,isaac perez,0.0006700231069372657,0.010602126295564878,91.0
28999,Quincy Craig,Arizona,HB,RB,82,quincy craig,-0.0840697406302388,0.08391428813964084,239.5
29004,Chancellor Owens,Texas State,DT,DT,70,chancellor owens,-0.01752968491548842,-0.009529166456974462,41.0
29005,Anisi Purcell,BYU,DT,DT,78,anisi purcell,0.05800171739258359,0.1160542598659471,297.5
29006,Kyle Sfarcioc,BYU,RG,OL,83,kyle sfarcioc,0.2007492025439483,0.2796603080975501,723.0
29008,Nolan Latulippe,Cincinnati,RT,OL,73,nolan latulippe,-0.031712065869718184,0.024660805525074807,516.5
29009,Zach Atkins,Colorado,TE,TE,77,zach atkins,0.026198934024800655,0.11626349568318349,270.5
29010,C.J. Douglas,Houston,FS,SAF,73,c j douglas,-0.06778480563617195,0.0002823221585803006,370.5
29012,Tre Bell,Michigan State,CB,CB,81,tre bell,0.12699308193848388,0.22546536398433328,536.0
29016,DeAndre Harper,Kansas,LT,OL,71,deandre harper,-0.012699827933975456,-0.0027677247453478443,91.0
29017,Brandon Sneh,Mississippi State,LT,OL,76,brandon sneh,0.02041894079526201,0.0993300463488638,723.0
29018,Qua Moss,Tennessee,FS,SAF,77,qua moss,0.02296380499564333,0.060625778539298424,205.0
29021,Malik Charles,Oklahoma State,LEDG,EDGE,74,malik charles,0.009990809843911397,0.017210789916228875,37.0
29024,Jordan Dwyer,TCU,WR,WR,86,jordan dwyer,0.42580330395133786,0.5508022358966689,558.5
29025,Rasheed Jackson,Texas State,C,OL,72,rasheed jackson,0.017789013958728835,0.09670011951233064,723.0
29027,Hunter Zambrano,Texas Tech,LG,OL,74,hunter zambrano,0.004834651266368363,0.014766754454995975,91.0
29029,DJ Black,South Carolina,WR,WR,78,dj black,0.010228019078264807,0.018620964374504577,37.5
29030,Justin Royes,UCF,LT,OL,73,justin royes,-0.022279703069331525,0.03409316832546147,516.5
29031,Isaiah Reed,Massachusetts,CB,CB,72,isaiah reed,-0.1560685006581047,-0.0575962186122553,536.0
29034,Will Reed,Georgia Tech,RG,OL,73,will reed,-0.0016244663432043302,0.008307636845423282,91.0
29035,William Davis,Sam Houston,WILL,LB,71,william davis,-0.07614317718812426,-0.05401195516636878,76.0
29038,Cyrus Traugh,West Virginia,WR,WR,74,cyrus traugh,-0.008046095520493023,0.0003468497757467473,37.5
29043,Myles Butler,Jacksonville State,WILL,LB,68,myles butler,-0.07204830274019432,0.018660587520027163,311.5
29047,Ethan Tookes,Kennesaw State,CB,CB,67,ethan tookes,-0.014825103851081167,-0.008211293862927101,36.0
29051,Josiah Chenault,Sam Houston,C,OL,80,josiah chenault,0.09375532394601167,0.1810159448175257,799.5
29053,Amari Odom,Syracuse,QB,QB,78,amari odom,0.04374945030163353,0.13767912781458838,103.0
29055,Erwil Anthony Jr.,Liberty,RT,OL,72,erwil anthony,-0.008772793212598114,0.0011593099760294993,91.0
29056,Kaleb Coleman,Louisiana Tech,LEDG,EDGE,67,kaleb coleman,-0.05836084829855583,-0.03582280239713236,115.5
29063,Alex Mitchell,App State,MIKE,LB,75,alex mitchell,0.03466633429401155,0.18201368091254144,506.0
29064,Josiah Jackson,New Mexico State,DT,DT,74,josiah jackson,-0.024041636374269246,0.03401090609909425,297.5
29066,AJ Williams III,New Mexico State,WR,WR,71,aj williams,-0.017528771297298185,-0.009135826001058415,37.5
29067,Bradley Vislisel,New Mexico State,REDG,EDGE,67,bradley vislisel,-0.052154942841591945,-0.029616896940168475,115.5
29070,Jerrian Parker Jr.,Sam Houston,HB,RB,77,jerrian parker,-0.03205780634194261,0.053512346100334285,122.0
29071,Aviyon Smith-Mack,Sam Houston,WR,WR,74,aviyon smith mack,-0.0702316149474228,-0.031847878459286265,171.5
29073,JaMair Diaz,Temple,LEDG,EDGE,70,jamair diaz,-0.08501740491113113,-0.024915949174001868,308.0
29077,Jaden McKinney,Memphis,DT,DT,73,jaden mckinney,-0.058515234711521376,-0.00046269223815788757,297.5
29078,Kode Lowe,UTEP,SS,SAF,73,kode lowe,-0.08977466416886866,0.018526474387154167,589.5
29079,Garrett Hawkins,UTEP,MIKE,LB,67,garrett hawkins,-0.03121741915923538,0.02105303285267394,179.5
29080,Cash Cheeks,UTEP,TE,TE,72,cash cheeks,-0.04254300378087295,0.009398111260560402,156.0
29090,Eric Etienne,Western Kentucky,DT,DT,74,eric etienne,-0.050858808362847396,0.025536386186133467,391.5
29091,Jakeem Fletcher,Western Kentucky,DT,DT,74,jakeem fletcher,-0.018776440776934866,0.03927610169642863,297.5
29099,Stephon Wright,Colorado State,DT,DT,75,stephon wright,-0.017932338430710584,0.058462856118270276,391.5
29101,Grant Jordan,Oklahoma State,QB,QB,68,grant jordan,-0.09373772260148776,0.00019195491146708436,103.0
29102,Kendall Bournes,Massachusetts,SS,SAF,70,kendall bournes,-0.08436251993392642,-0.016295392139174168,370.5
29103,TJ Magee,Massachusetts,CB,CB,73,tj magee,0.028970149716587724,0.15013147436068788,659.5
29104,Zeraun Daniel,Massachusetts,FS,SAF,79,zeraun daniel,0.14589289853336787,0.2702692696994874,677.0
29108,Joshua Nobles,Massachusetts,REDG,EDGE,68,joshua nobles,-0.02855651700235949,-0.006018471100936017,115.5
29109,Max Dowling,Massachusetts,TE,TE,72,max dowling,0.004424623396397801,0.029063357454513623,74.0
29114,Allen Jones Jr.,Akron,RT,OL,75,allen jones,-0.03956018414122062,0.04519012493536556,776.5
29115,Jordan Gant,Akron,HB,RB,84,jordan gant,-0.04601893790676312,0.24120218852858424,409.5
29121,Roman Pearson,Kansas,CB,CB,75,roman pearson,-0.008859865848317845,0.033395031298222015,230.0
29128,Brennan Ridley,Bowling Green,WR,WR,73,brennan ridley,-0.09950035368429876,0.02549857826103221,558.5
29129,Gideon ESPN Lampron,Colorado,MIKE,LB,88,gideon espn lampron,0.42115672532339926,0.6117473149712803,654.5
29131,Miles Greer,Buffalo,FS,SAF,82,miles greer,0.2667107289901851,0.3910871001563046,677.0
29135,John Iannuzzi,Central Michigan,LG,OL,72,john iannuzzi,-0.05095398204173757,0.01971675218503583,647.5
29136,Jacob Russell,Central Michigan,LG,OL,77,jacob russell,0.06930071156291467,0.15656133243442868,799.5
29138,Angel Flores,Central Michigan,QB,QB,74,angel flores,-0.5437081320616559,0.09191308372989292,697.0
29139,Davion Williams,Eastern Michigan,SS,SAF,69,davion williams,-0.05883956622146193,-0.021177592677806834,205.0
29142,Spencer Webb,Florida International,RT,OL,73,spencer webb,-0.05427607372644751,0.024635031827154298,723.0
29143,Makhi Gilbert,Eastern Michigan,DT,DT,71,makhi gilbert,-0.15016992098908244,-0.07377472644010158,391.5
29144,Warren-Stevens Tayou,Eastern Michigan,DT,DT,73,warren stevens tayou,-0.08705811679243165,0.005142980077028003,472.5
29145,DJ Barnes,Kent State,FS,SAF,67,dj barnes,-0.11354995258333546,-0.07588797903968036,205.0
29149,Jamond Mathis,Texas Tech,LEDG,EDGE,77,jamond mathis,0.09248447473710547,0.15258593047423474,308.0
29154,Mitchell Butler,Miami (OH),C,OL,68,mitchell butler,-0.007674365699782977,0.0022577374888446355,91.0
29156,Gary Givens III,Nevada,WR,WR,73,gary givens,-0.0446476184310123,0.046220002642943604,406.0
29157,Jasper Beeler,Cincinnati,FS,SAF,83,jasper beeler,0.24508560717989417,0.353386745735917,589.5
29158,DeAree Rogers,Northern Illinois,WR,WR,81,dearee rogers,0.2048312583401188,0.3298301902854498,558.5
29165,Josh Waite,Ohio,LG,OL,69,josh waite,-0.08331609797070244,-0.02694322657590946,516.5
29168,Nehemiah Dukes,Ohio,DT,DT,77,nehemiah dukes,0.018447420455935466,0.11064851732539513,472.5
29169,Anas Luqman,UConn,LEDG,EDGE,75,anas luqman,0.05890654683535757,0.14320469254457782,432.0
29171,Kenji Christian,UConn,HB,RB,81,kenji christian,-0.002017829567189676,0.2852032968681577,409.5
29182,Robert Edmonson,Illinois,WILL,LB,75,robert edmonson,-0.021100282441139966,0.1694903072067411,654.5
29190,Jack Foster,Nevada,LT,OL,81,jack foster,0.07522017382115673,0.1599704828977429,776.5
29191,Zavien Abercrombie,Nevada,CB,CB,67,zavien abercrombie,-0.019660834204599874,-0.013047024216445808,36.0
29192,Jett Carpenter,Texas Tech,TE,TE,75,jett carpenter,0.05048603596785302,0.10242715100928637,156.0
29196,Hadine Diaby,Jacksonville State,RG,OL,72,hadine diaby,-0.005752297463027161,0.05062057393176583,516.5
29198,Jayden Sheridan,New Mexico,CB,CB,69,jayden sheridan,-0.0852846963363151,-0.04302979918977524,230.0
29202,Brian Booker,New Mexico,DT,DT,77,brian booker,0.06660732050535384,0.1588084173748135,472.5
29206,Xavier Slayton,New Mexico,LEDG,EDGE,69,xavier slayton,-0.05714461320701108,-0.01421500196620446,220.0
29207,Scottre Humphrey,New Mexico,HB,RB,81,scottre humphrey,-0.11020005896354727,0.17702106747180013,409.5
29210,Kaden Robnett,New Mexico,C,OL,83,kaden robnett,0.1486421639389984,0.2359027848105124,799.5
29211,Deshaun Buchanan,New Mexico,HB,RB,77,deshaun buchanan,-0.0582571511043146,0.027313001337962283,122.0
29212,Abraham Williams,New Mexico,WR,WR,69,abraham williams,-0.02077284464396144,-0.012379899347721669,37.5
29214,Keayen Nead,BYU,TE,TE,71,keayen nead,-2.8381417397922715e-05,0.012457463544485094,37.5
29215,Frankie Edwards III,New Mexico,CB,CB,77,frankie edwards,0.0372731036058899,0.15843442824999007,659.5
29216,Jaxton Eck,New Mexico,MIKE,LB,89,jaxton eck,0.34176207010985793,0.5323526597577389,654.5
29217,Jack Layne,New Mexico,QB,QB,77,jack layne,0.012838590372968469,0.6484598061645174,697.0
29223,Cam May,San Diego State,LT,OL,70,cam may,-0.0809307279534335,-0.02455785655864052,516.5
29224,Dwayne McDougle III,Nebraska,FS,SAF,82,dwayne mcdougle,0.2923610825253825,0.416737453691502,677.0
29227,Cayden Woolwine,San José State,MIKE,LB,66,cayden woolwine,-0.09664462300850463,-0.044374170996595304,179.5
29228,Danny Scudero,Colorado,WR,WR,91,danny scudero,0.6759782977882154,0.8009772297335463,558.5
29229,Andrew Powdrell,West Virginia,FS,SAF,75,andrew powdrell,-0.11243617531365346,-0.004135036757630645,589.5
29232,Tyree Morris,Utah State,REDG,EDGE,78,tyree morris,0.17178871361500467,0.27433194410156775,525.5
29233,Brevin Hamblin,Utah State,SS,SAF,84,brevin hamblin,0.43258966334659144,0.556966034512711,677.0
29235,Eric Richardson,Wyoming,WR,WR,74,eric richardson,-0.004027057453493103,0.0868405636204628,406.0
29237,Jaden DaCosta,Wyoming,SS,SAF,67,jaden dacosta,-0.0011514498148416585,0.005829794061543188,38.0
29238,Ethan Stuhlsatz,Wyoming,MIKE,LB,73,ethan stuhlsatz,-0.0039669817085883595,0.1866236079392927,654.5
29239,Desman Hearns,Wyoming,SS,SAF,80,desman hearns,0.015310337422226183,0.1396867085883457,677.0
29243,Tahjae Mullix,UConn,DT,DT,73,tahjae mullix,-0.09667474165540589,-0.020279547106425027,391.5
29245,Maxwell Woods,Washington State,HB,RB,76,maxwell woods,-0.07054528585867885,0.015024866583598038,122.0
29246,Beau Baker,Washington State,TE,TE,71,beau baker,0.00559366995549893,0.03023240401361475,74.0
29248,Kai Rapolla,Washington State,CB,CB,72,kai rapolla,-0.038544554646055176,0.003710342500484684,230.0
29251,Nick Bakken,Washington State,RG,OL,72,nick bakken,-0.039883795380744394,0.030786938846028997,647.5
29252,Anthony Palano,Boston College,WILL,LB,72,anthony palano,-0.02782891640024172,0.11951843021828817,506.0
29253,Trey Ridley,Washington State,FS,SAF,69,trey ridley,-0.047776486011221794,-0.010114512467566698,205.0
29258,Carsten Reynolds,Washington State,WILL,LB,68,carsten reynolds,0.009003254868457261,0.03113447689021274,76.0
29259,Fernando Lecuona,Washington State,LEDG,EDGE,71,fernando lecuona,0.006062004533762341,0.06616346027089161,308.0
29261,Max Baloun,Iowa State,DT,DT,78,max baloun,0.12336013840979262,0.2155612352792523,472.5
29262,Kirby Vorhees,Washington State,HB,RB,80,kirby vorhees,-0.2500443803546686,0.03717674608067877,409.5
29263,Tyriq Poindexter,App State,RT,OL,75,tyriq poindexter,0.0550416955031406,0.13979200457972676,776.5
29266,Jaden Barnes,Charlotte,WR,WR,85,jaden barnes,0.34355177748163357,0.46855070942696453,558.5
29267,Cody Sigler,Auburn,DT,DT,83,cody sigler,0.20624983835712207,0.28264503290610293,391.5
29275,Jordan Mack,Baylor,LEDG,EDGE,78,jordan mack,0.12309282008820496,0.20739096579742522,432.0
29277,Colton Hinton,Coastal Carolina,WR,WR,71,colton hinton,-0.018968625187845298,-0.01057567989160553,37.5
29278,Tray Franklin,Coastal Carolina,RG,OL,67,tray franklin,-0.023024844989737017,-0.013092741801109403,91.0
29279,Dylan Gary,Kennesaw State,WR,WR,73,dylan gary,-0.029895554831827653,0.008488181656308897,171.5
29280,Carlo Thompson,Georgia Southern,CB,CB,69,carlo thompson,-0.0042042669648438636,0.0024095430233102015,36.0
29281,Brandon Tyson,Georgia Southern,MIKE,LB,73,brandon tyson,0.014463666928251602,0.16181101354678148,506.0
29284,Jaylin Marshall,Georgia State,WR,WR,69,jaylin marshall,-0.01957765603867262,-0.011184710742432848,37.5
29285,Javon Robinson,Utah State,WR,WR,83,javon robinson,0.30569788304169404,0.43069681498702506,558.5
29293,TJ McGill,James Madison,FS,SAF,66,tj mcgill,-0.13907748430832165,-0.10141551076466657,205.0
29297,Za'Ron Collins,James Madison,WR,WR,73,zaron collins,-0.022798493178919906,0.0012612833369674338,107.5
29299,Camden Coleman,James Madison,QB,QB,73,camden coleman,-0.03767408924566126,0.05625558826729359,103.0
29301,Landon Ellis,UCLA,WR,WR,83,landon ellis,0.2922116519203832,0.41721058386571414,558.5
29305,Brock Chappell,Louisiana,TE,TE,70,brock chappell,-0.03581809389477864,0.01612302114665471,156.0
29307,Derek Omoregie,UL Monroe,REDG,EDGE,68,derek omoregie,-0.08540336188109031,-0.025301906143961054,308.0
29311,Antonio Martin,Middle Tennessee,HB,RB,77,antonio martin,-0.3007509645357523,-0.01352983810040493,409.5
29319,Joshua Pierre-Louis,Marshall,SS,SAF,69,joshua pierre louis,-0.06957966140810114,-0.03191768786444604,205.0
29323,Jalen Marshall,Marshall,WILL,LB,67,jalen marshall,-0.11051833452253872,-0.019809444262317247,311.5
29324,Paul Hutson III,Washington State,DT,DT,74,paul hutson,-0.030993341613053605,0.010180058258810925,211.0
29325,Evan Ferguson,Marshall,C,OL,68,evan ferguson,-0.10153185335822748,-0.03086111913145409,647.5
29326,Naquan Crowder,Minnesota,DT,DT,72,naquan crowder,-0.09393659656483183,-0.017541402015850967,391.5
29330,Jo'shon Barbie,Marshall,HB,RB,78,joshon barbie,-0.3665078005435612,-0.07928667410821377,409.5
29334,Ronald Jackson Jr.,Ohio,CB,CB,71,ronald jackson,-0.013455313970428543,0.05534668160078527,374.5
29336,Tirrell Johnson,South Alabama,REDG,EDGE,80,tirrell johnson,0.09711675061654157,0.19965998110310465,525.5
29337,Jayvon Henderson,South Alabama,CB,CB,81,jayvon henderson,0.14612807123516058,0.26728939587926076,659.5
29339,Brendan Jenkins,South Alabama,WR,WR,72,brendan jenkins,-0.12747872283422412,-0.06413996233193466,283.0
29340,Hayes Creel,East Carolina,RT,OL,75,hayes creel,0.04136631046329562,0.1261166195398818,776.5
29341,Michael Montgomery,Memphis,WILL,LB,81,michael montgomery,0.40163095258308323,0.5922215422309642,654.5
29345,Cole Nilles,Texas State,MIKE,LB,64,cole nilles,-0.06852258890255841,-0.016252136890649083,179.5
29346,Malik Willis,Texas State,CB,CB,68,malik willis,-0.015086569188861084,-0.00847275920070702,36.0
29349,Jordan Sanders,Florida State,DT,DT,73,jordan sanders,-0.024531313152908442,0.016642086718956083,211.0
29350,Ayden Jones,Texas State,WILL,LB,78,ayden jones,0.059387282920086736,0.24997787256796783,654.5
29353,Jaquez White,Virginia Tech,CB,CB,88,jaquez white,0.5974778159491142,0.7186391405932144,659.5
29357,Eidan Buchanan,North Carolina,LT,OL,72,eidan buchanan,-0.008214394943855959,0.001717708244771654,91.0
29359,Karl Peterson,Old Dominion,TE,TE,61,karl peterson,-0.07025358496801551,-0.04561485090989968,74.0
29360,Jubilee Siitia-Tasi,New Mexico,RG,OL,67,jubilee siitia tasi,-0.019425504512235084,-0.009493401323607471,91.0
29361,Christopher Johnson,Jacksonville State,DT,DT,66,christopher johnson,-0.02752279676310089,-0.01952227830458693,41.0
29365,Ashaad Williams,Wake Forest,CB,CB,74,ashaad williams,0.029915737830683804,0.07217063497722366,230.0
29366,Xavier McIver,Southern Miss,DT,DT,75,xavier mciver,-0.060387388482020556,0.016007806066960305,391.5
29368,Ray Coney,Texas A&M,WILL,LB,87,ray coney,0.3740408584779008,0.5646314481257819,654.5
29373,Justin Watts,Old Dominion,CB,CB,64,justin watts,-0.028824105986333455,-0.022210295998179388,36.0
29374,DJ Jackson Jr.,Oklahoma State,LEDG,EDGE,65,dj jackson,-0.026460346816071383,-0.019240366743753907,37.0
29385,McCae Hillstead,Utah State,QB,QB,74,mccae hillstead,-0.3671255620628827,0.2684956537286662,697.0
29386,Sione Moa,BYU,HB,RB,78,sione moa,0.11057815624397081,0.27856218501385044,239.5
29389,Noah Jennings,Minnesota,WR,WR,70,noah jennings,-0.021066259334869344,-0.012673314038629573,37.5
29390,Weston Simmons,Memphis,TE,TE,67,weston simmons,-0.04029320099081529,-0.02780735602893228,37.5
29392,Drew Clausen,Indiana,TE,TE,68,drew clausen,-0.07754138389119551,-0.0529026498330797,74.0
29396,Rylan Vagana,Texas Tech,TE,TE,67,rylan vagana,-0.0420000913040922,-0.029514246342209186,37.5
29399,Macguire Moss,West Virginia,TE,TE,66,macguire moss,-0.022201504273968234,-0.01604182075943928,18.5
29409,Nick Tyree,Delaware,WR,WR,71,nick tyree,-0.0769902116442946,-0.05293043512840726,107.5
29414,Sean Wilson,Delaware,WR,WR,85,sean wilson,0.3580246007405972,0.48302353268592824,558.5
29415,Calvin Thomas,Delaware,WR,WR,67,calvin thomas,-0.03784299181559192,-0.02945004651935215,37.5
29417,Donovan Lewis,Delaware,WR,WR,70,donovan lewis,-0.03780030661514575,-0.029407361318905985,37.5
29419,Matthew McKinley-Daniels,Delaware,WR,WR,70,matthew mckinley daniels,-0.037491652678433726,-0.02909870738219396,37.5
29424,Jackson Whitacre,Delaware,TE,TE,66,jackson whitacre,-0.03217665265091317,-0.007537918592797354,74.0
29425,Elijah Sessoms,Delaware,TE,TE,73,elijah sessoms,-0.016606885829855214,0.07345767582852762,270.5
29429,KT Seay,Delaware,FS,SAF,87,kt seay,0.4178219958201497,0.5421983669862692,677.0
29433,AJ Graham,Delaware,FS,SAF,67,aj graham,-0.022055335542739144,-0.015074091666354298,38.0
29436,Greg Spiller,Delaware,HB,RB,76,greg spiller,-0.05645336663759336,-0.020682237337953022,51.0
29437,Jo'Nathan Silver,Delaware,HB,RB,83,jonathan silver,0.15675522403231407,0.4439763504676615,409.5
29441,Zach Marker,Florida International,QB,QB,68,zach marker,-0.11460467987742932,-0.02067500236447448,103.0
29442,Nick Minicucci,Delaware,QB,QB,82,nick minicucci,0.6364022707397264,1.2720234865312752,697.0
29444,EJ Archield Jr.,Delaware,QB,QB,63,ej archield,-0.06448344343687851,-0.032109622546491155,35.5
29445,Braden Streeter,Delaware,QB,QB,62,braden streeter,-0.04715733708277915,-0.0270946875169053,22.0
29451,Patrick Methlie,Delaware,C,OL,69,patrick methlie,-0.007232169748224049,0.002699933440403564,91.0
29452,Carter Sareyka,Delaware,LG,OL,65,carter sareyka,-0.032094768640445026,-0.02216266545181741,91.0
29453,Steven Demboski,Delaware,C,OL,79,steven demboski,0.07220200581540699,0.15946262668692102,799.5
29454,Anthony Caccese,Delaware,RG,OL,75,anthony caccese,0.04237993645460052,0.12713024553118668,776.5
29458,Michael Henderson III,Texas Tech,HB,RB,67,michael henderson,-0.09103104233247017,-0.07209338564442529,27.0
29461,Taevion Swint,UCF,HB,RB,77,taevion swint,-0.06736162721205108,0.018208525230225814,122.0
29462,Tony Williams Jr.,Kennesaw State,SS,SAF,74,tony williams,-0.04250602943685806,0.025561098357894194,370.5
29463,Rukeem Stroud,UCF,CB,CB,72,rukeem stroud,-0.06641734714255389,-0.04418759690459162,121.0
29464,Caden Piening,UCF,TE,TE,70,caden piening,-0.014458105915327464,0.03748300912610589,156.0
29465,Carl Jenkins,Miami (OH),WR,WR,75,carl jenkins,-0.0594026699093404,0.003936090592949059,283.0
29466,LaParka Langston,UCF,RT,OL,72,laparka langston,-0.010051540987335232,-0.00011943779870762002,91.0
29468,Waden Charles,UCF,WR,WR,75,waden charles,-0.03700367561874808,0.0013800608693884703,171.5
29476,Cyrus Polu,Utah,WILL,LB,70,cyrus polu,-0.07052405601146211,0.020184834248759363,311.5
29477,Christian Thatcher,Memphis,SAM,LB,71,christian thatcher,-0.24367057549817456,-0.09632322887964463,506.0
29478,Daniel Bray,Utah,HB,RB,80,daniel bray,-0.12302604297567148,0.04495798579420815,239.5
29479,Mana Carvalho,Utah,WR,WR,75,mana carvalho,-0.015485006671577133,-0.007092061375337365,37.5
29480,Karson Kaufusi,Utah,DT,DT,79,karson kaufusi,0.010237857961884297,0.10243895483134395,472.5
29482,Byrd Ficklin,Utah,QB,QB,78,byrd ficklin,-0.09310916488636958,0.0008205126265852566,103.0
29484,Nathan Tilmon,Utah,SS,SAF,71,nathan tilmon,-0.06148403571784568,-0.023822062174190584,205.0
29485,Jason Stokes Jr.,Colorado,CB,CB,69,jason stokes,-0.016582336341083186,-0.009968526352929122,36.0
29486,Drew Clemens,North Texas,TE,TE,69,drew clemens,-0.012793236665316883,0.011845497392798937,74.0
29487,Rock Caldwell,Utah,CB,CB,73,rock caldwell,-0.04353345304930334,-0.0012785559027634781,230.0
29488,Sione Motuapuaka,Utah,TE,TE,72,sione motuapuaka,-0.1614365496282738,-0.10949543458684045,156.0
29490,JJ Buchanan,Michigan,WR,WR,79,jj buchanan,0.014003280510843766,0.07734204101313323,283.0
29492,Brock Fonoimoana,Utah,FS,SAF,66,brock fonoimoana,-0.005368378304903729,0.0016128655714811166,38.0
29494,Manny Fuller,Utah,SS,SAF,67,manny fuller,-0.014287756874084609,-0.007306512997699762,38.0
29497,Soren Shinofield,Utah,LT,OL,66,soren shinofield,-0.02976954203078172,-0.019837438842154102,91.0
29500,Semi Taulanga,Utah,DT,DT,75,semi taulanga,-0.015802854557834863,0.042249687915528626,297.5
29501,Amir Leonard-Jean Charles,Memphis,DT,DT,76,amir leonard jean charles,-0.03498943490063127,0.05721166196882839,472.5
29502,Brandon Caesar,West Virginia,LEDG,EDGE,70,brandon caesar,-0.00816128079857986,-0.0009413007262623833,37.0
29503,Scotty Fox Jr.,West Virginia,QB,QB,73,scotty fox,-0.04648174980386842,0.04744792770908643,103.0
29505,Zah Jackson,Marshall,CB,CB,67,zah jackson,-0.14392530215640909,-0.10167040500986924,230.0
29507,Romando Johnson,Massachusetts,REDG,EDGE,69,romando johnson,-0.07683743109653994,-0.03390781985573332,220.0
29508,Wilnerson Telemaque,West Virginia,LEDG,EDGE,69,wilnerson telemaque,-0.011602857334014772,-0.004382877261697296,37.0
29510,Chris Fileppo,Penn State,WILL,LB,63,chris fileppo,-0.03189630216039367,-0.022869093177835514,31.0
29512,Brandon Homady,North Carolina,LT,OL,66,brandon homady,-0.026149985688208505,-0.016217882499580893,91.0
29513,Taylor Brown,West Virginia,DT,DT,74,taylor brown,-0.0331326098882795,0.024919932585083994,297.5
29515,Dawayne Galloway Jr.,Akron,CB,CB,75,dawayne galloway,-0.18833974447906948,-0.08986746243322007,536.0
29516,ChaMarryus Bomar,West Virginia,CB,CB,67,chamarryus bomar,-0.02411064639266897,-0.017496836404514902,36.0
29518,Armoni Weaver,West Virginia,WR,WR,72,armoni weaver,-0.015457303908061834,-0.007064358611822065,37.5
29523,Phillip Bowser,West Virginia,RG,OL,64,phillip bowser,-0.021587240135057383,-0.01165513694642977,91.0
29524,Cam Torbor,West Virginia,WILL,LB,65,cam torbor,-0.009917065278190591,-0.0008898562956324356,31.0
29526,MarShon Oxley,South Florida,SAM,LB,68,marshon oxley,-0.0986782094207298,-0.046407757408820485,179.5
29530,Curtis Jones Jr.,Virginia Tech,REDG,EDGE,78,curtis jones,-0.09585956170660552,-0.011561415997385256,432.0
29532,Blake Herold,Kansas,DT,DT,78,blake herold,-0.02727818155670842,0.04911701299227244,391.5
30518,Myles Turpin,Wake Forest,FS,SAF,73,myles turpin,-0.08804995266246973,-0.05038797911881463,205.0
30520,Sam Neely III,Stanford,CB,CB,68,sam neely,-0.02297877193240823,-0.016364961944254162,36.0
30521,Ameir Glenn,Ball State,DT,DT,72,ameir glenn,-0.13861724502950484,-0.04641614816004518,472.5
30522,Luca Puccinelli,Purdue,TE,TE,66,luca puccinelli,-0.05215842153350477,-0.02751968747538895,74.0
30523,Ty Clark III,Wake Forest,HB,RB,79,ty clark,-0.19374468330199837,0.093476443133349,409.5
30524,Elijah Brown,Washington,QB,QB,73,elijah brown,-0.019504961029663207,0.012868859860724145,35.5
30525,Cole Tabb,Cincinnati,HB,RB,79,cole tabb,-0.038516610700616974,-0.002745481400976635,51.0
30526,Kahlil House,Stanford,RT,OL,72,kahlil house,-0.05747477651998936,-0.0011019051251963691,516.5
30528,Brandon Nicholson,Stanford,CB,CB,85,brandon nicholson,0.2937082621411231,0.41486958678522323,659.5
30529,Darrius Davis,Stanford,FS,SAF,71,darrius davis,-0.01116245601202162,-0.004181212135636772,38.0
30530,Jacobi Murray,Stanford,DT,DT,73,jacobi murray,-0.0790456841229855,-0.020993141649622005,297.5
30532,Ziron Brown,Stanford,RG,OL,70,ziron brown,-0.005284612279897791,0.004647490908729822,91.0
30533,Keke Adams,Virginia,FS,SAF,67,keke adams,-0.022413684720670853,-0.01543244084428601,38.0
30534,Chase Morrison,Virginia,LEDG,EDGE,68,chase morrison,-0.025284877613488247,-0.01806489754117077,37.0
30535,Jewett Hayes,Virginia,REDG,EDGE,70,jewett hayes,-0.032341055129017623,-0.02512107505670015,37.0
30536,Chris Lino,Washington State,LT,OL,69,chris lino,-0.02541633064635866,-0.015484227457731044,91.0
30541,Owen Long,Arizona State,MIKE,LB,88,owen long,0.4267251335085818,0.6173157231564629,654.5
30543,Phillip Ocon,Colorado State,C,OL,63,phillip ocon,-0.021482210010126006,-0.011550106821498395,91.0
30544,Jalen Dupree,Kansas,HB,RB,81,jalen dupree,-0.018059091960339682,0.06751106048193721,122.0
30545,Berlin Lillard,Colorado State,RG,OL,69,berlin lillard,-0.11205178016501709,-0.04138104593824369,647.5
30546,Keegan Shank,Colorado State,LEDG,EDGE,66,keegan shank,-0.07197328502903003,-0.04943523912760655,115.5
30547,Zach Smith,Colorado State,LT,OL,65,zach smith,-0.04872829447204611,-0.0387961912834185,91.0
30548,Auckland Asiata,Fresno State,DT,DT,72,auckland asiata,-0.09571739397023205,-0.054543994098367514,211.0
30551,Tu'i Muti,Hawai'i,C,OL,62,tui muti,-0.024666536611965793,-0.014734433423338179,91.0
30552,Jay Tauala-Harris,Hawai'i,RG,OL,61,jay tauala harris,-0.037177470068734064,-0.027245366880106453,91.0
30553,Boogie Henderson,Hawai'i,LT,OL,63,boogie henderson,-0.017908622193030826,-0.007976519004403215,91.0
30555,David Paine Jr.,Nevada,DT,DT,69,david paine,-0.08268861205280324,-0.024636069579439753,297.5
30560,McKenzie Agnello,Houston,RG,OL,79,mckenzie agnello,0.09773433719177453,0.16840507141854794,647.5
30564,John Sierra,New Mexico,REDG,EDGE,69,john sierra,-0.14631754426118848,-0.08621608852405921,308.0
30565,Elijah Brody,New Mexico,LEDG,EDGE,70,elijah brody,-0.35404898271842533,-0.2697508370092051,432.0
30566,D'Angelo Mayes,Utah State,CB,CB,75,dangelo mayes,0.026410541227132895,0.12488282327298231,536.0
30567,Sa'Kylee Woodard,New Mexico,C,OL,58,sakylee woodard,-0.035848106678536176,-0.025916003489908565,91.0
30569,Manuel Serna,San José State,LT,OL,61,manuel serna,-0.040786843991283725,-0.030854740802656107,91.0
30570,Noa Siaosi,San José State,DT,DT,70,noa siaosi,-0.13901145605904822,-0.04681035918958855,472.5
30571,Jaylen Thomas,Washington State,CB,CB,74,jaylen thomas,-0.04080433753736585,0.027997658033847964,374.5
30578,Danny O'Neil,Wisconsin,QB,QB,74,danny oneil,-0.020241885082059877,0.012131935808327473,35.5
30579,Isaiah Buxton,San José State,CB,CB,70,isaiah buxton,-0.12501318664315283,-0.02654090459730343,536.0
30585,Kayden McGee,UNLV,WR,WR,70,kayden mcgee,-0.016364682463348823,-0.007971737167109052,37.5
30586,Jake Wilson,Wyoming,TE,TE,67,jake wilson,-0.002025021090689034,0.010460823871193983,37.5
30589,DeNigel Cooper,Wisconsin,DT,DT,71,denigel cooper,-0.016870630380446852,-0.008870111921932891,41.0
30592,Daniel Jones,Coastal Carolina,LT,OL,65,daniel jones,-0.03329322450099669,-0.02336112131236908,91.0
30595,Chase Jackson,Coastal Carolina,CB,CB,65,chase jackson,-0.02388306119440584,-0.017269251206251775,36.0
30598,Deondre Shepherd,Ball State,FS,SAF,70,deondre shepherd,-0.1037792183205871,-0.066117244776932,205.0
30599,JC Evans,James Madison,QB,QB,72,jc evans,-0.006369687093623105,0.013692962472250745,22.0
30601,Trashon Dye,James Madison,MIKE,LB,63,trashon dye,-0.02898131719213575,-0.019954108209577593,31.0
30602,Immanuel Ezeogu,Colorado,LEDG,EDGE,77,immanuel ezeogu,-0.12357096703143194,-0.021027736544868867,525.5
30604,Jensen Somerville,UCLA,LT,OL,73,jensen somerville,-0.005205058568440302,0.004727044620187312,91.0
30605,Avery Demery,Louisiana,CB,CB,65,avery demery,-0.0767555211582763,-0.05452577092031403,121.0
30606,Daniel Beale,Louisiana,QB,QB,68,daniel beale,-0.1756474701455119,-0.08171779263255706,103.0
30607,Steven Blanco,Louisiana,HB,RB,74,steven blanco,-0.3209538245694223,-0.15296979579954262,239.5
30611,Carl Fauntroy,UL Monroe,FS,SAF,81,carl fauntroy,0.10170276343822351,0.22607913460434303,677.0
30617,Quentis Griffin Jr.,UL Monroe,RT,OL,65,quentis griffin,-0.22064362540728505,-0.16427075401249203,516.5
30619,Korian Wilson,UL Monroe,CB,CB,68,korian wilson,-0.16925889898060914,-0.07078661693475974,536.0
30628,Kelbee Holmes,UL Monroe,WILL,LB,61,kelbee holmes,-0.18508318657597372,-0.1328127345640644,179.5
30629,David Applewhite,UL Monroe,LT,OL,61,david applewhite,-0.038874766340420946,-0.028942663151793332,91.0
30633,Dirrick Goodman,Old Dominion,SAM,LB,51,dirrick goodman,-0.06250112470980924,-0.05347391572725109,31.0
30634,Daevon Iles,Old Dominion,SS,SAF,84,daevon iles,0.21367412099012317,0.321975259546146,589.5
30635,Ahmaad Foster,Old Dominion,REDG,EDGE,61,ahmaad foster,-0.17824970182632985,-0.13532009058552324,220.0
30636,Jed Olotu-Judah,Old Dominion,CB,CB,66,jed olotu judah,-0.10727162024351652,-0.06501672309697668,230.0
30638,Chris Forbes,Old Dominion,DT,DT,80,chris forbes,0.10406106644028801,0.19626216330974763,472.5
30639,Brandon Crutchfield,Old Dominion,CB,CB,82,brandon crutchfield,0.10560794593988315,0.2267692705839833,659.5
30640,Quinn Henicle,Old Dominion,QB,QB,71,quinn henicle,-0.07287143148923281,0.021058246023722034,103.0
30641,William Felton IV,South Alabama,MIKE,LB,63,william felton,-0.21117244025657683,-0.1589019882446675,179.5
30644,Damyrion Darby,South Alabama,CB,CB,72,damyrion darby,-0.2814995521395392,-0.1830272700936898,536.0
30648,Shemar Welch,Troy,CB,CB,73,shemar welch,-0.26083223397218935,-0.13967090932808918,659.5
30650,Joe Lott,Troy,FS,SAF,69,joe lott,-0.1842295622088869,-0.11616243441413465,370.5
30653,Travion Barnes,Baylor,MIKE,LB,83,travion barnes,0.38152398000623666,0.5721145696541178,654.5
30655,Raheim Sexil,Massachusetts,CB,CB,68,raheim sexil,-0.05319650341829209,-0.03096675318032981,121.0
30656,Josiah Taylor,Florida International,WILL,LB,76,josiah taylor,-0.14547414823078522,0.04511644141709584,654.5
30657,Germaine Carter,Florida International,DT,DT,69,germaine carter,-0.10599957802802257,-0.06482617815615803,211.0
30658,Shamir Sterlin,Florida International,SS,SAF,79,shamir sterlin,0.1443034846985003,0.2526046232545231,589.5
30661,Ronald Moore Jr.,Liberty,FS,SAF,61,ronald moore,-0.03431471670061699,-0.027333472824232145,38.0
30664,Hunter Tipton,Memphis,TE,TE,81,hunter tipton,0.10441675389707908,0.19448131555546191,270.5
30665,Malik Love,Middle Tennessee,SAM,LB,57,malik love,-0.04887581008665666,-0.039848601104098505,31.0
30666,Jackson Lowe,Middle Tennessee,CB,CB,76,jackson lowe,0.01340572369506976,0.11187800574091916,536.0
30667,Zach Clayton,Western Kentucky,RT,OL,67,zach clayton,-0.03026942638267601,-0.020337323194048396,91.0
30668,Kedrick Burley,Western Michigan,REDG,EDGE,73,kedrick burley,-0.03387927762815852,0.02622217810897074,308.0
30669,Alex Gale,Middle Tennessee,RG,OL,71,alex gale,-0.050196630567073644,0.028714474986528165,723.0
30674,Enzo-Pierre Tayou,New Mexico State,DT,DT,71,enzo pierre tayou,-0.11867662980155078,-0.07750322992968625,211.0
30675,Ta'Avili Tuitama,Utah State,DT,DT,79,taavili tuitama,0.12068907846151491,0.2128901753309746,472.5
30676,Henry Davis III,New Mexico State,DT,DT,74,henry davis,-0.0441129909261983,0.032282203622782564,391.5
30677,Jakobe Campbell,New Mexico State,SS,SAF,67,jakobe campbell,-0.12494933808023664,-0.08728736453658156,205.0
30679,Mateo Rodriguez,New Mexico State,LG,OL,71,mateo rodriguez,-0.1042454222631791,-0.025334316709577292,723.0
30684,Tayden Barnes,New Mexico State,FS,SAF,75,tayden barnes,-0.056134107779092196,0.01193302001566006,370.5
30692,Isaiah Rudison,New Mexico State,HB,RB,75,isaiah rudison,-0.08949267808148062,-0.00392252563920373,122.0
30708,Lofton Howard,Western Kentucky,TE,TE,65,lofton howard,-0.02979677786555341,-0.005158043807437592,74.0
30711,Zach Williams,Tulsa,SS,SAF,80,zach williams,0.2732697929852864,0.3976461641514059,677.0
30712,Bailey Fletcher,Rice,FS,SAF,61,bailey fletcher,-0.03714688348913863,-0.03016563961275379,38.0
30714,Parker Poloskey,Army,TE,TE,68,parker poloskey,-0.1500622186064968,-0.05999765694811396,270.5
30717,Tristen Fortenberry,Tulane,LT,OL,66,tristen fortenberry,-0.04428945940658472,-0.0343573562179571,91.0
30718,Reese Baker,Tulane,RG,OL,77,reese baker,0.035686725768385046,0.12294734663989906,799.5
30719,E'Zaiah Shine,Tulane,CB,CB,77,ezaiah shine,0.036109831138480396,0.1345821131843298,536.0
30720,Javion White,Houston,CB,CB,76,javion white,0.03660191658590185,0.0788568137324417,230.0
30721,Kellen Tasby,Tulane,WR,WR,65,kellen tasby,-0.02890365251191896,-0.020510707215679193,37.5
30722,Geordan Guidry,Tulane,LEDG,EDGE,69,geordan guidry,-0.011392026863771708,-0.004172046791454232,37.0
30723,Chase Green,Tulane,FS,SAF,68,chase green,-0.20333190227738365,-0.1352647744826314,370.5
30724,Jayce Mitchell,Louisiana,C,OL,65,jayce mitchell,-0.029526977788798776,-0.019594874600171164,91.0
30725,Elijah Baker,Tulane,RG,OL,69,elijah baker,-0.2388247549432807,-0.15991364938967892,723.0
30729,Isaiah Myers,Missouri State,WR,WR,75,isaiah myers,-0.01060361469300981,0.052735145809279654,283.0
30731,Aveon Grose,Michigan State,SS,SAF,70,aveon grose,-0.04083402171632129,-0.02255418577683992,99.5
30734,Dontrae Henderson,Arkansas State,CB,CB,74,dontrae henderson,-0.12996901586996867,-0.008807691225868502,659.5
30736,Alberto Mendoza,Georgia Tech,QB,QB,76,alberto mendoza,0.14496458778539292,0.7805858035769419,697.0
30737,Ricardo Cooper Jr.,Maryland,CB,CB,67,ricardo cooper,-0.02814464302637448,-0.021530833038220416,36.0
30738,Keelan Smith,Nebraska,WR,WR,68,keelan smith,-0.03943833416624686,-0.03104538887000709,37.5
30739,Rex Guthrie,Nebraska,SS,SAF,78,rex guthrie,-0.008629531496358277,0.09967160705966453,589.5
30740,Damarion Witten,Miami (OH),TE,TE,73,damarion witten,-0.09857606844817582,-0.008511506789792983,270.5
30741,Leroy Roker III,Ohio State,FS,SAF,75,leroy roker,0.0012994516303499277,0.008280695506734775,38.0
30743,Tyler Johnson,East Carolina,WR,WR,72,tyler johnson,-0.027216254971353875,-0.018823309675114107,37.5
30744,Donovan Hamilton,Ball State,WR,WR,77,donovan hamilton,-0.07766508166206296,0.04733385028326802,558.5
30749,Elijah King,Rutgers,REDG,EDGE,70,elijah king,-0.014916515148603792,-0.007696535076286315,37.0
30750,Farell Gnago,Rutgers,LEDG,EDGE,72,farell gnago,-0.016875737041626874,0.026053874199179747,220.0
30759,Gino Quinones,Fresno State,LG,OL,72,gino quinones,-0.1109243232322706,-0.04025358900549719,647.5
30760,Jordan Shaw,Texas A&M,CB,CB,81,jordan shaw,0.017276413857016483,0.023890223845170547,36.0
30761,Michael Levelle Watkins,San Diego State,C,OL,66,michael levelle watkins,-0.011338989566285575,-0.0014068863776579626,91.0
30762,Charlie Crowell,Washington,TE,TE,68,charlie crowell,-0.019786243722746732,-0.007300398760863715,37.5
30766,Tyler Scott,Arkansas,CB,CB,71,tyler scott,-0.006134005177075422,0.0004798048110786435,36.0
30767,Quintavius Johnson,Georgia,REDG,EDGE,82,quintavius johnson,-0.03035973339594165,0.053938412313278616,432.0
30769,Ahmad Breaux,Kentucky,DT,DT,79,ahmad breaux,0.14043705470873738,0.21683224925771824,391.5
30770,Ashun Shepphard,California,REDG,EDGE,72,ashun shepphard,-0.0014674509563046482,0.021070594945118825,115.5
30771,Johnnie Daniels,Tulane,HB,RB,80,johnnie daniels,-0.1296990560687683,0.038284972701111336,239.5
30772,Luke Work,Missouri,RG,OL,70,luke work,-0.013647899880226329,-0.0037157966915987166,91.0
30773,Kai McClendon,Washington,DT,DT,74,kai mcclendon,-0.0709970648272011,-0.012944522353837608,297.5
30774,Elijah Cannon,Kansas,CB,CB,71,elijah cannon,-0.023431911334059186,-0.016818101345905122,36.0
30776,Austyn Dendy,Bowling Green,HB,RB,80,austyn dendy,-0.2661820799522994,0.02103904648304799,409.5
30779,Jaydan Hardy,Colorado,FS,SAF,76,jaydan hardy,-0.029742933356674096,0.038324194438078156,370.5
30780,Wyatt Gilmore,Oklahoma,LEDG,EDGE,73,wyatt gilmore,-0.01437283510089457,-0.007152855028577093,37.0
30781,Michael Boganowski,Oklahoma,FS,SAF,77,michael boganowski,0.03388576514937096,0.14218690370539377,589.5
30782,Dillon Hipp,Missouri State,TE,TE,71,dillon hipp,-0.029511932267641722,0.022429182773791627,156.0
30783,Kelvin Hunter,South Carolina,SS,SAF,72,kelvin hunter,-0.017255276271038393,0.0010245596684429795,99.5
30784,Debron Gatling,Georgia Tech,WR,WR,72,debron gatling,-0.15161316202186492,-0.08827440151957545,283.0
30785,David Bucey,South Carolina,SS,SAF,74,david bucey,-0.023565978150010502,0.04450114964474175,370.5
30787,Blake Ivy,Texas A&M,LG,OL,75,blake ivy,0.006579203238851731,0.016511306427479347,91.0
30789,Jordan Pride,Southern Miss,CB,CB,70,jordan pride,-0.013501430189288819,0.008728320048673455,121.0
30790,Jordan Lockhart,Texas A&M,WILL,LB,70,jordan lockhart,0.0026415393116820517,0.02477276133343753,76.0
30795,Kris Wokomah,UAB,SS,SAF,69,kris wokomah,-0.03902892943930561,-0.02074909349982424,99.5
30797,Keaton Thomas,Ole Miss,SAM,LB,89,keaton thomas,0.3158499934384825,0.46319734005701246,506.0
30798,Nate Bennett,Baylor,QB,QB,62,nate bennett,-0.07544125389241846,-0.04306743300203111,35.5
30804,Chris Hunter,Arizona,WR,WR,76,chris hunter,0.0006015777259960223,0.024661354241883364,107.5
30805,Emmanuel Karnley,Washington,CB,CB,78,emmanuel karnley,0.09032398374608404,0.18879626579193343,536.0
30806,Kyan McDonald,Arizona State,FS,SAF,72,kyan mcdonald,-0.010731828252902606,-0.0037505843765177588,38.0
30807,Plas Johnson,Arizona State,WR,WR,69,plas johnson,-0.035195180714262524,-0.02680223541802276,37.5
30808,Ephraim Asiata,BYU,SAM,LB,71,ephraim asiata,-0.005179742071662249,0.003847466910895906,31.0
30810,Tommy Prassas,BYU,FS,SAF,72,tommy prassas,-0.020498428325011784,0.017163545218643314,205.0
30814,Elijah Jones,Cincinnati,WR,WR,75,elijah jones,-0.05602394190433311,-0.017640205416196555,171.5
30816,Jayden Davis,Liberty,SS,SAF,71,jayden davis,-0.08318403786281392,-0.015116910068061668,370.5
30822,Malakai Murphy,Southern Miss,CB,CB,62,malakai murphy,-0.029758120447807426,-0.02314431045965336,36.0
30826,Adam Hopkins IV,Charlotte,WR,WR,68,adam hopkins,-0.03317090136482626,-0.024777956068586494,37.5
30827,Kofi Taylor-Barrocks,UTEP,REDG,EDGE,70,kofi taylor barrocks,-0.21358856716002061,-0.12929042145080033,432.0
30828,Cash Cleveland,Texas Tech,LG,OL,79,cash cleveland,0.010005857318279767,0.06637872871307277,516.5
30829,Bo LaPenna,Colorado,SAM,LB,64,bo lapenna,-0.015650863958297234,-0.0066236549757390795,31.0
30830,Dylan Lee,UCLA,HB,RB,77,dylan lee,-0.017649869522054565,0.0012877871659903223,27.0
30831,Keaton Roskop,Iowa State,TE,TE,70,keaton roskop,-0.02012159127867764,0.004517142779438181,74.0
30833,Khijohnn Cummings-Coleman,Kansas,SS,SAF,70,khijohnn cummings coleman,-0.016418822085621183,0.001861013853860191,99.5
30843,Travis Jackson,TCU,REDG,EDGE,71,travis jackson,-0.012937085870787528,-0.005717105798470052,37.0
30844,Dozie Ezukanma,TCU,WR,WR,72,dozie ezukanma,-0.014987189985958355,-0.006594244689718584,37.5
30845,Mitch Hodnett,Tulane,LG,OL,69,mitch hodnett,-0.21715665727627279,-0.1464859230494994,647.5
30846,Tristan Johnson,TCU,DT,DT,77,tristan johnson,-0.03237468122299406,0.02567786125036943,297.5
30847,Wesley Harvey,TCU,LT,OL,70,wesley harvey,-0.013662006229805727,-0.003729903041178115,91.0
30849,Ryan Hughes,TCU,RT,OL,73,ryan hughes,-0.012185355348974006,-0.0022532521603463927,91.0
30850,L.J. Johnson Jr.,Utah State,WR,WR,77,l j johnson,0.03789209842236252,0.12875971949631843,406.0
30851,Tyson Turner,Houston,WR,WR,72,tyson turner,-0.02368474115731783,-0.015291795861078063,37.5
30853,Reece Adkins,Massachusetts,TE,TE,73,reece adkins,-0.01111654865509636,0.07894801300328647,270.5
30854,Jakob Gude,App State,FS,SAF,71,jakob gude,-0.10644843718805937,-0.03838130939330712,370.5
30856,Christian Peterson,East Carolina,FS,SAF,75,christian peterson,-0.23403313142239401,-0.12573199286637118,589.5
30857,Riley Trujillo,Delaware,QB,QB,68,riley trujillo,-0.09325681366941972,0.0006728638435351238,103.0
30859,Jordyn Bridgewater,UCF,WR,WR,75,jordyn bridgewater,-0.0981795693840818,-0.034840808881792334,283.0
30860,EJ Colson,UTEP,QB,QB,74,ej colson,-0.05943260789401129,0.5761886078975376,697.0
30865,Sammie Hunter,Fresno State,CB,CB,71,sammie hunter,-0.022904108613406443,-0.0006743583754441665,121.0
30866,Jason Cross Jr.,North Texas,FS,SAF,69,jason cross,-0.018791155805125862,-0.011809911928741017,38.0
30869,Derrick Brown Jr.,Duke,SAM,LB,67,derrick brown,-0.011263635522657571,0.041006816489251745,179.5
30870,Da'Vontae Floyd,Florida International,CB,CB,71,davontae floyd,-0.21446740031701747,-0.14566540474580367,374.5
30871,Montreze Smith Jr.,Iowa State,WILL,LB,74,montreze smith,0.024118330029174316,0.21470891967705538,654.5
30872,Gemyel Allen,Duke,RG,OL,69,gemyel allen,-0.004666461054757989,0.005265642133869623,91.0
30877,Leon Griffin III,Duke,FS,SAF,73,leon griffin,-0.1244175665470592,-0.05635043875230695,370.5
30883,Aidan Banfield,North Carolina,LG,OL,74,aidan banfield,-0.013802704446505696,0.0568680297802677,647.5
30884,Daniel Anderson,North Carolina,REDG,EDGE,71,daniel anderson,-0.020723155781999774,-0.0135031757096823,37.0
30885,Aiden Black,Stanford,TE,TE,69,aiden black,-0.05011692139662509,-0.025478187338509265,74.0
30886,Micah Ford,Stanford,HB,RB,81,micah ford,0.22323583457172366,0.510456961007071,409.5
30887,Benji Blackburn,Stanford,TE,TE,74,benji blackburn,0.051535557400346314,0.14160011905872916,270.5
30888,Chris Davis Jr.,Stanford,HB,RB,75,chris davis,-0.11283176313627627,-0.027261610693999377,122.0
30889,Bo Tate,Stanford,WILL,LB,68,bo tate,-0.012301100436552873,-0.0032738914539947182,31.0
30893,Braheem Long Jr.,Syracuse,FS,SAF,76,braheem long,-0.20337688352910607,-0.07900051236298655,677.0
30898,Xavier Miles,Memphis,DT,DT,73,xavier miles,-0.007529235802766207,0.0004712826557477532,41.0
30900,Delaney Crawford,Ohio,WR,WR,69,delaney crawford,-0.026005862132028178,-0.017612916835788407,37.5
30901,Styles Prescod,Notre Dame,LT,OL,76,styles prescod,-0.008068995418206163,0.001863107770421449,91.0
30905,Jackson Harper,Colorado State,WR,WR,73,jackson harper,-0.02493729574795101,-0.0008775192320636668,107.5
30908,Tanner Burlingame,Massachusetts,LG,OL,65,tanner burlingame,-0.01815991213344578,-0.008227808944818168,91.0
30910,Will Perry,Massachusetts,QB,QB,58,will perry,-0.06191447312730974,-0.04185182356143589,22.0
30911,Dallas Elliott,Massachusetts,WR,WR,68,dallas elliott,-0.027423430838926247,-0.019030485542686475,37.5
30916,Kofi Asare,Florida,REDG,EDGE,80,kofi asare,0.05932305659373826,0.10225266783454487,220.0
30917,Taz Reddicks,UNLV,WR,WR,81,taz reddicks,0.11424932663921925,0.2392482585845502,558.5
30918,Chris Barnes,Oklahoma State,WR,WR,82,chris barnes,0.13580163355495883,0.1991403940572483,283.0
30920,Lopez Sanusi,Boise State,DT,DT,75,lopez sanusi,-0.06621181123360782,0.010183383315373044,391.5
30921,Syncere Brackett-Lambey,Boise State,MIKE,LB,66,syncere brackett lambey,-0.10306170516493608,-0.05079125315302675,179.5
30929,Tyler Miller,Nevada,RG,OL,64,tyler miller,-0.025644388821449537,-0.015712285632821926,91.0
30930,Henry Sellards,Nevada,LT,OL,68,henry sellards,-0.013332211721851768,-0.0034001085332241547,91.0
30934,Charles Correa,Purdue,WILL,LB,80,charles correa,0.3247468249178031,0.5153374145656842,654.5
30935,Jaylen Allen,UNLV,CB,CB,67,jaylen allen,-0.008969839961257482,-0.002356029973103417,36.0
30936,Mason Vicari,Purdue,RG,OL,71,mason vicari,-0.008444974867233257,0.0014871283213943568,91.0
30938,Ryan Wolfer,San Diego State,TE,TE,68,ryan wolfer,-0.06345607059708491,-0.011514955555651567,156.0
30944,Tuli Tagovailoa-Amosa,San José State,FS,SAF,70,tuli tagovailoa amosa,-0.1429020455222446,-0.03460090696622176,589.5
30946,Kyri Shoels,Utah,WR,WR,83,kyri shoels,0.2480283870810507,0.33889600815500664,406.0
30947,Cooper Hoch,San José State,WR,WR,71,cooper hoch,-0.044041305504504906,-0.01998152898861756,107.5
30948,Greco Carrillo,San José State,CB,CB,65,greco carrillo,-0.019795648346542814,-0.013181838358388749,36.0
30950,Grayson Brousseau,UCF,TE,TE,68,grayson brousseau,-0.020710796567971933,-0.008224951606088916,37.5
30958,Chase Davis,Texas State,FS,SAF,69,chase davis,-0.21573375045600204,-0.1476666226612498,370.5
30961,Davis Warren,Stanford,QB,QB,74,davis warren,-0.4858948397772354,0.14972637601431346,697.0
30963,Bucci Farmer,Old Dominion,DT,DT,69,bucci farmer,-0.10518774513327331,-0.047135202659909815,297.5
30964,Khamani Alexander,Charlotte,HB,RB,72,khamani alexander,-0.1026212717798292,-0.06685014248018886,51.0
30965,Ty'Anthony Smith,Texas,WILL,LB,82,tyanthony smith,0.19297896689373126,0.34032631351226117,506.0
30966,Daniel Cruz,NC State,C,OL,72,daniel cruz,-0.0075026592705544695,0.002429443918073144,91.0
30969,Jabari Bush,Arkansas State,TE,TE,72,jabari bush,-0.07453610575013578,-0.02259499070870244,156.0
30971,Riley McGehee,Memphis,LT,OL,82,riley mcgehee,0.14353015781734924,0.23079077868886325,799.5
30972,Kyle Williams,Arkansas State,CB,CB,67,kyle williams,-0.05479366278547163,-0.01253876563893177,230.0
30978,Evan Bushong,James Madison,C,OL,67,evan bushong,-0.024838152562504885,-0.01490604937387727,91.0
30979,Patrick Smith-Young,Duke,FS,SAF,76,patrick smith young,0.02259222208512478,0.13089336064114762,589.5
30981,Lorenzo McFadden-Pressley,Old Dominion,DT,DT,68,lorenzo mcfadden pressley,-0.10867704896753679,-0.06750364909567226,211.0
30985,Zion Frink,Old Dominion,CB,CB,67,zion frink,-0.0885718851188759,-0.019769889547662074,374.5
30988,Gage Sawyers,Old Dominion,SAM,LB,66,gage sawyers,-0.015368255168234271,-0.0063410461856761155,31.0
30989,DeAndre Lynch,Old Dominion,DT,DT,76,deandre lynch,-0.017603893661753606,0.05879130088722726,391.5
30991,Jermaine Paramore,Troy,DT,DT,68,jermaine paramore,-0.025697086032125244,-0.017696567573611287,41.0
30992,Derek Burns,UTEP,LEDG,EDGE,68,derek burns,-0.08585637842788317,-0.04292676718707656,220.0
30999,Bryson Banks,Army,MIKE,LB,71,bryson banks,-0.0027271247628996463,0.14462022185563025,506.0
31000,Caleb Williams,Army,SS,SAF,71,caleb williams,-0.13416915179879396,-0.025868013242771153,589.5
31010,Dillon Lorick,East Carolina,WR,WR,71,dillon lorick,-0.019188676057434063,-0.010795730761194295,37.5
31014,Dominique Henry,Florida Atlantic,WR,WR,82,dominique henry,0.21990522646590668,0.31077284753986256,406.0
31017,CJ Heard,Vanderbilt,SS,SAF,79,cj heard,0.19072149892003973,0.29902263747606256,589.5
31033,Bryce Dorsey,Memphis,WR,WR,69,bryce dorsey,-0.017612267829536763,-0.009219322533296995,37.5
31039,James Chenault,Utah,CB,CB,75,james chenault,-0.05923744254500661,0.009564553026207212,374.5
31040,Hasaan Sykes,Kentucky,CB,CB,75,hasaan sykes,-0.09679993273549325,-0.027997937164279434,374.5
31043,Reggie Jones,Temple,MIKE,LB,66,reggie jones,-0.02123098414923714,-0.012203775166678985,31.0
31045,Cameron Jones,Temple,LEDG,EDGE,66,cameron jones,-0.022306627792448987,-0.015086647720131512,37.0
31047,Giakoby Hills,Temple,LT,OL,82,giakoby hills,0.18103917709203257,0.26578948616861875,776.5
31048,Russell Sykes IV,Temple,REDG,EDGE,72,russell sykes,-0.12291030547999394,-0.03861215977077369,432.0
31049,Nate Rogers,UAB,QB,QB,66,nate rogers,-0.10964262547529248,-0.015712947962337638,103.0
31057,Daymon David,Akron,SS,SAF,67,daymon david,-0.19189171718825124,-0.12382458939349897,370.5
31062,Justin Bowick,Oklahoma State,WR,WR,83,justin bowick,0.12504925526077773,0.2159168763347336,406.0
31063,Luke Dalton,Ball State,RT,OL,72,luke dalton,-0.10878441182442095,-0.03811367759764754,647.5
31065,Zach Bandy,Ball State,LG,OL,73,zach bandy,-0.028509967370054182,0.050401138183547634,723.0
31066,Jamarion McDougle,Ball State,WR,WR,72,jamarion mcdougle,-0.04432246361876739,-0.020262687102880046,107.5
31068,Sam Feeney,Ball State,REDG,EDGE,66,sam feeney,-0.03093174383825211,-0.023711763765934635,37.0
31071,Eric McClain,New Mexico,CB,CB,73,eric mcclain,-0.04537226556132888,0.023429730009884936,374.5
31076,Nakai Amachree,Bowling Green,HB,RB,77,nakai amachree,-0.12202635494128136,0.04595767382859828,239.5
31077,D'kyah Banks,Bowling Green,SS,SAF,66,dkyah banks,-0.0705452528254002,-0.05226541688591882,99.5
31086,Everett Small,Rutgers,RT,OL,74,everett small,-0.0019478995919999555,0.05442497180279303,516.5
31093,Patrick Clacks III,Buffalo,WR,WR,74,patrick clacks,-0.06410775740591075,-0.025724020917774208,171.5
31101,Clinton Robinson,Kent State,SS,SAF,65,clinton robinson,-0.02265261411541174,-0.015671370239026892,38.0
31104,Jaihien Roy,Kent State,REDG,EDGE,68,jaihien roy,-0.250412773184455,-0.1478695426978919,525.5
31106,Dakota Taylor,Kent State,TE,TE,72,dakota taylor,-0.15316723425824286,-0.10122611921680949,156.0
31110,Dom Dorwart,Ohio,WR,WR,71,dom dorwart,-0.05520426785539758,-0.01682053136726103,171.5
31113,Zy'marion Lang,UConn,WR,WR,69,zymarion lang,-0.022958593805180894,-0.014565648508941124,37.5
31118,Carlos Hazelwood,Michigan State,DT,DT,67,carlos hazelwood,-0.09787081645887889,-0.05669741658701436,211.0
31119,Michael-Arinze Ezirim,Toledo,SS,SAF,64,michael arinze ezirim,-0.02774191968424402,-0.020760675807859175,38.0
31128,Brock Townsend,Central Michigan,HB,RB,77,brock townsend,-0.004602532160485261,0.16338149660939438,239.5
31130,Xavier White,Central Michigan,MIKE,LB,70,xavier white,-0.12962840255578006,0.017718944062749837,506.0
31131,Jaion Jackson,Central Michigan,CB,CB,80,jaion jackson,-0.04810915756595135,0.07305216707814881,659.5
31132,JJ Douglas,Central Michigan,REDG,EDGE,68,jj douglas,-0.28810389510108314,-0.20380574939186288,432.0
31137,Greg Jones,Jacksonville State,QB,QB,62,greg jones,-0.059358432064822615,-0.026984611174435263,35.5
31138,Ryland Bragg,Jacksonville State,C,OL,65,ryland bragg,-0.022378173603566455,-0.012446070414938842,91.0
31141,Zechariah Poyser,Miami,FS,SAF,85,zechariah poyser,0.3586749256357217,0.4669760641917445,589.5
31160,Quincy Davis,Kansas,MIKE,LB,70,quincy davis,-0.01228425678618279,-0.0032570478036246324,31.0
31162,Adam Parks,Western Michigan,TE,TE,71,adam parks,-0.09932037161648927,-0.009255809958106433,270.5
31167,Marcus Torres,UTEP,WR,WR,69,marcus torres,-0.02164481120860428,-0.013251865912364508,37.5
31169,Ashton Coker,UTEP,DT,DT,75,ashton coker,-0.06478756622569451,0.027413530643765147,472.5
31170,Elijah Baldwin,UTSA,LEDG,EDGE,69,elijah baldwin,-0.028839223693742155,-0.02161924362142468,37.0
31171,Stratton Shufelt,Missouri State,MIKE,LB,70,stratton shufelt,-0.0646556698372585,0.08269167678127139,506.0
31172,Wondame Davis Jr.,Wake Forest,WR,WR,81,wondame davis,0.11316423204658864,0.17650299254887808,283.0
31174,Rafeald Campbell,UTEP,WR,WR,70,rafeald campbell,-0.024418942080670712,-0.01602599678443094,37.5
31175,Ashten Emory,California,HB,RB,76,ashten emory,-0.14813854791865097,0.019845480851228645,239.5
31177,A'tiq Muhammad,Kent State,CB,CB,74,atiq muhammad,0.13762434730358394,0.25878567194768415,659.5
31184,Davis Bryson,Kennesaw State,WR,WR,76,davis bryson,-0.11194050195925058,-0.021072880885294673,406.0
31188,Jewlyen Roberts,Tulsa,TE,TE,64,jewlyen roberts,-0.08752272652194636,-0.035581611480513003,156.0
31189,Colten Christian,Tulsa,LG,OL,63,colten christian,-0.03800861124405169,-0.028076508055424082,91.0
31191,Brody Duffel,Tulsa,LT,OL,75,brody duffel,0.0230550633957851,0.10780537247237126,776.5
31192,Dax Collins,Tulsa,FS,SAF,66,dax collins,-0.018308399317405646,-0.0113271554410208,38.0
31193,Parker Stone,App State,TE,TE,50,parker stone,-0.2841904704753062,-0.23224935543387284,156.0
31197,Chris Durr Jr.,Maryland,WR,WR,77,chris durr,-0.032534905003475556,0.058332716070480344,406.0
31200,Keany Parks,Houston,CB,CB,79,keany parks,0.08903137515407196,0.18750365719992138,536.0
31206,Ashton Wright,Louisiana,DT,DT,63,ashton wright,-0.24740651277154274,-0.20623311289967822,211.0
31208,Ethan Veal,Louisiana,WILL,LB,65,ethan veal,-0.1775247749583855,-0.12525432294647618,179.5
31209,Ja'Corian Norris,Louisiana,FS,SAF,66,jacorian norris,-0.19981493282374557,-0.13174780502899333,370.5
31216,Henry Hasselbeck,App State,QB,QB,69,henry hasselbeck,-0.04421927018262538,-0.011845449292238032,35.5
31222,Brandon Hood,Southern Miss,HB,RB,77,brandon hood,-0.28084853559555634,-0.11286450682567672,239.5
31225,Xavier Lozowicki,Cincinnati,C,OL,75,xavier lozowicki,0.04087792691810148,0.11154866114487487,647.5
31226,Cam Roetherford,Cincinnati,DT,DT,78,cam roetherford,0.005804232052143783,0.09800532892160345,472.5
31242,Sam Huard,USC,QB,QB,76,sam huard,-0.037910412073129715,-0.005536591182742365,35.5
31266,Michael Wooten,South Florida,LG,OL,72,michael wooten,-0.0012815626592702608,0.008650540529357351,91.0
31274,Turbo Richard,Indiana,HB,RB,87,turbo richard,0.4632107758557555,0.7504319022911029,409.5
31280,Jayden Todd,Florida State,RG,OL,72,jayden todd,-0.007980621712096788,0.001951481476530825,91.0
31281,Chauncey Bowens,Georgia,HB,RB,85,chauncey bowens,-0.03353227962803434,0.1344517491418453,239.5
31282,Nnamdi Ogboko,Georgia,DT,DT,82,nnamdi ogboko,0.10826587320391567,0.1494392730757802,211.0
31283,Sam Secrest,Louisville,C,OL,70,sam secrest,-0.0002315040434210545,0.009700599145206558,91.0
31284,Kaleb Thomas,Houston,TE,TE,70,kaleb thomas,-0.026524005638794108,-0.0018852715806782858,74.0
31285,Koby Young,Houston,WR,WR,77,koby young,-0.016267336876448338,0.022116399611688212,171.5
31287,Traville Frederick Jr.,Houston,TE,TE,70,traville frederick,-0.01880318667805459,-0.006317341716171574,37.5
31288,Ronnell McLain,Houston,LT,OL,64,ronnell mclain,-0.04771476490866314,-0.037782661720035526,91.0
31289,Brandon Hansen,Illinois,LG,OL,78,brandon hansen,0.026729817823629,0.1056409233772308,723.0
31290,Joe Barna,Illinois,SAM,LB,66,joe barna,-0.00953563021863339,-0.0005084212360752347,31.0
31295,Leyton Cure,Kansas,TE,TE,73,leyton cure,-0.07093325982289107,-0.01899214478145772,156.0
31306,Steven Soles Jr.,Arkansas,REDG,EDGE,76,steven soles,-0.010973941325916638,0.031955669914889975,220.0
31307,Jaden Smith,Kentucky,SS,SAF,69,jaden smith,-0.014225476886673576,-0.007244233010288729,38.0
31311,Trent Carter,Louisville,WILL,LB,68,trent carter,-0.016575483383378838,-0.007548274400820681,31.0
31317,Wallace Foster IV,Florida Atlantic,CB,CB,68,wallace foster,-0.03311198061064312,-0.026498170622489055,36.0
31318,Bernard Causey,Wake Forest,CB,CB,75,bernard causey,-0.057157762468511175,0.011644233102702642,374.5
31321,Corey Myrick,Clemson,SS,SAF,86,corey myrick,0.453929120887609,0.5783054920537285,677.0
31324,Nino Francavilla,Buffalo,C,OL,70,nino francavilla,-0.06620416679233256,-0.009831295397539566,516.5
31325,Artavius Jones,UCF,DT,DT,74,artavius jones,0.05025302753727262,0.09142642740913715,211.0
31326,Elias Rudolph,UNLV,LEDG,EDGE,75,elias rudolph,-0.1343125562060889,-0.05001441049686863,432.0
31327,Juan Minaya,Miami,LT,OL,70,juan minaya,-0.016846172349390676,-0.006914069160763064,91.0
31328,Daylen Russell,Louisville,DT,DT,74,daylen russell,-0.04793995248385722,0.010112589989506277,297.5
31330,Ben Roebuck,Western Michigan,LT,OL,72,ben roebuck,-0.08056478372560244,-0.009894049498829036,647.5
31331,Brandon Tullis,Michigan State,HB,RB,77,brandon tullis,-0.0869598510456214,-0.0013896986033445093,122.0
31333,Keshawn Williams,Michigan State,CB,CB,69,keshawn williams,-0.013401720223206006,-0.006787910235051941,36.0
31334,Makhi Frazier,Ole Miss,HB,RB,81,makhi frazier,-0.01360447497300338,0.07196567746927351,122.0
31336,Ky Woods,Nevada,HB,RB,75,ky woods,-0.2951033813225313,-0.12711935255265164,239.5
31337,Dylan Labarbera,Nevada,REDG,EDGE,87,dylan labarbera,0.33516977114213864,0.43771300162870175,525.5
31348,Dakoda Fields,Oklahoma,CB,CB,72,dakoda fields,-0.004795459036558814,0.0018183509515952508,36.0
31349,Dexter Foster,Nebraska,MIKE,LB,77,dexter foster,0.04424692437544593,0.1349558146356674,311.5
31350,Adam Hawkes,Arkansas,LT,OL,70,adam hawkes,-0.008352769694247766,0.0015793334943798466,91.0
31352,Jayden Tuia,Colorado State,LG,OL,68,jayden tuia,-0.16263119600469123,-0.10625832460989823,516.5
31353,Xavier Gilliam,Tennessee,DT,DT,83,xavier gilliam,0.23630112010247753,0.32850221697193716,472.5
31354,Jaylen Harvey,North Carolina,REDG,EDGE,74,jaylen harvey,-0.055893534554039864,0.0042079211830893986,308.0
31357,De'Andre Cook,Penn State,DT,DT,70,deandre cook,-0.01629089832158665,-0.008290379863072692,41.0
31359,Zach Crothers,Pittsburgh,REDG,EDGE,71,zach crothers,-0.013841575215878985,0.008696470685544489,115.5
31360,Jahsear Whittington,Nebraska,DT,DT,76,jahsear whittington,-0.03556484465848121,0.022487697814882284,297.5
31363,Ezekiel Larry,Virginia,LEDG,EDGE,75,ezekiel larry,-0.018668019104083677,0.041433436633045585,308.0
31366,Jesse Perry,Tennessee,RG,OL,80,jesse perry,0.04254289473674286,0.09891576613153585,516.5
31367,Edrees Farooq,Tennessee,SS,SAF,79,edrees farooq,0.1352960479163075,0.2435971864723303,589.5
31368,Santana Wilson,Louisville,CB,CB,75,santana wilson,-0.04781824478817545,-0.025588494550213173,121.0
31369,Nate Kibble,Baylor,RG,OL,69,nate kibble,-0.016271923791057935,-0.00633982060243032,91.0
31370,Melvin Hills III,UConn,DT,DT,69,melvin hills,-0.04833073363666402,-0.025304851243867745,118.0
31371,J'koby Williams,Texas Tech,HB,RB,86,jkoby williams,0.1954471270896675,0.3634311558595471,239.5
31372,Trey Jackson,SMU,TE,TE,74,trey jackson,-0.028163291143056657,-0.01567744618117364,37.5
31374,Anthony Miller,Arizona State,TE,TE,70,anthony miller,-0.014313830462958848,0.010324903595156972,74.0
31379,Khurtiss Perry,Jacksonville State,DT,DT,77,khurtiss perry,-0.009969917439362267,0.0664252771096186,391.5
31385,Chason Clark,Marshall,WILL,LB,62,chason clark,-0.04205368425798005,-0.033026475275421886,31.0
31386,Marcel Williams,Akron,WR,WR,82,marcel williams,0.2590442910184903,0.38404322296382126,558.5
31387,JacQai Long,Kentucky,QB,QB,66,jacqai long,-0.0865297100231671,-0.054155889132779744,35.5
31393,Ian Foster,Memphis,FS,SAF,84,ian foster,0.231172283136344,0.3394734216923668,589.5
31396,Braydin Ward,Marshall,REDG,EDGE,77,braydin ward,0.0706950800856149,0.17323831057217798,525.5
31398,Collin Gill,Charlotte,FS,SAF,77,collin gill,0.12711198756102007,0.2514883587271396,677.0
31399,Kaden Schickel,Vanderbilt,TE,TE,50,kaden schickel,-0.04065782319498758,-0.034498139680458624,18.5
31405,Eddie Pleasant III,Marshall,CB,CB,72,eddie pleasant,-0.24908594530735428,-0.15061366326150485,536.0
31408,Deamontae Diggs,Florida State,LEDG,EDGE,74,deamontae diggs,-0.0006881661025052447,0.04224144513830137,220.0
31414,Jaxxon Warren,North Carolina,TE,TE,71,jaxxon warren,0.005002858045180713,0.01748870300706373,37.5
31416,Jadan Baugh,Florida,HB,RB,91,jadan baugh,0.4282441564920113,0.7154652829273588,409.5
31429,Hudson Miller,Purdue,WILL,LB,68,hudson miller,-0.04316151125472721,0.009108940757182112,179.5
31436,Landon Morris,Wake Forest,TE,TE,72,landon morris,-0.02659951183174252,0.025341603209690828,156.0
31438,Isaac Smith,Michigan State,LEDG,EDGE,75,isaac smith,0.03281306667267128,0.13535629715923433,525.5
31439,Amier Washington,UCLA,LEDG,EDGE,75,amier washington,-0.024902240965442246,0.01802737027536437,220.0
31441,Ibrahim Traore,Toledo,RT,OL,74,ibrahim traore,-0.05202292045341597,0.032727388623170206,776.5
31445,Trey Reynolds,Utah,WILL,LB,69,trey reynolds,-0.02111549847663832,0.0010157235451171585,76.0
31450,Xayvion Turner-Bradshaw,Marshall,WR,WR,72,xayvion turner bradshaw,-0.05146489876220087,-0.027405122246313526,107.5
31451,Quentin Reddish,Virginia Tech,SS,SAF,77,quentin reddish,0.07793188523404096,0.20230825640016045,677.0
31454,Isaiah Bryant,Navy,HB,RB,77,isaiah bryant,-0.204111919295538,-0.03612789052565838,239.5
31455,Irabonoise Oniha,Navy,CB,CB,80,irabonoise oniha,0.14836491361957435,0.2695262382636745,659.5
31458,JaSean McLean,Navy,SAM,LB,64,jasean mclean,-0.1941840960998123,-0.10347520583959084,311.5
31459,Kush'i Abraham,Navy,FS,SAF,70,kushi abraham,-0.16423197512528043,-0.05593083656925762,589.5
31460,Bryce Allen,Navy,CB,CB,71,bryce allen,-0.16639406576173743,-0.09759207019052363,374.5
31461,Giuseppe Sessi,Navy,SS,SAF,83,giuseppe sessi,0.2747739956378465,0.39915036680396604,677.0
31464,Coleman Cauley,Navy,MIKE,LB,85,coleman cauley,0.40981524374714845,0.6004058333950295,654.5
31469,Griffen Willis,Navy,DT,DT,82,griffen willis,0.14239146728973748,0.23459256415919713,472.5
31488,Max Mobley,Akron,C,OL,61,max mobley,-0.034228118813753865,-0.02429601562512625,91.0
31490,Jake Rendina,Army,FB,RB,79,jake rendina,-0.61996287000226,-0.33274174356691266,409.5
31495,Ben Finneseth,Colorado,SS,SAF,73,ben finneseth,-0.0004293245699748914,0.037232648973680206,205.0
31499,Seidrion Langston,South Alabama,MIKE,LB,66,seidrion langston,-0.24263126207092134,-0.1519223718106999,311.5
31502,Owen Anderson,Massachusetts,TE,TE,72,owen anderson,-0.012468984622402477,1.6860339480539652e-05,37.5
31510,Darrick Bledsoe III,Sam Houston,WR,WR,70,darrick bledsoe,-0.025751514496003887,-0.017358569199764116,37.5
31512,Kendrick DuJour,East Carolina,LEDG,EDGE,76,kendrick dujour,-0.16052623989252215,-0.07622809418330188,432.0
31514,Max Garrison,San Diego State,FS,SAF,71,max garrison,-0.008295634392751234,-0.0013143905163663855,38.0
31518,Jordan Lovett,Troy,HB,RB,77,jordan lovett,-0.14278792276780047,0.025196106002079156,239.5
31520,Demick Starling,Utah State,WR,WR,72,demick starling,-0.039340289790670696,-0.015280513274783355,107.5
31524,Noah Meyers,Syracuse,TE,TE,75,noah meyers,0.0026512136674697213,0.02728994772558554,74.0
31530,Bryce Grays,UTSA,SAM,LB,67,bryce grays,-0.40761456856445516,-0.31690567830423366,311.5
31535,Darian Mensah,Miami,QB,QB,91,darian mensah,1.4339308325340308,2.0695520483255794,697.0
31536,Joshua Moore,Tulane,FS,SAF,68,joshua moore,-0.06773451026498188,-0.030072536721326776,205.0
31537,Myles Woods,Coastal Carolina,FS,SAF,77,myles woods,-0.08763118079682267,0.03674519036929683,677.0
31544,Kaian Roberts-Day,New Mexico State,DT,DT,75,kaian roberts day,0.036666462703916845,0.1288675595733765,472.5
31547,Luke Lindenmeyer,Nebraska,TE,TE,82,luke lindenmeyer,0.20205501758958716,0.29211957924797,270.5
31548,Akio Martinson,Washington State,DT,DT,71,akio martinson,-0.05070615703314074,-0.02768027464034447,118.0
31551,Mitchell Brown,San José State,RT,OL,61,mitchell brown,-0.04061783930693898,-0.030685736118311362,91.0
31553,Henry Appleton,Army,LT,OL,78,henry appleton,0.09425004776959087,0.1731611533231927,723.0
31555,Reggie Jean,Coastal Carolina,DT,DT,71,reggie jean,-0.2343053658837751,-0.15791017133479424,391.5
31562,Justin Thomas,Ball State,LEDG,EDGE,71,justin thomas,-0.012018781811661371,-0.004798801739343894,37.0
31565,Bryce Lovett,Florida,RG,OL,75,bryce lovett,0.0036410351479039533,0.013573138336531567,91.0
31567,Ismael Cisse,Arkansas,WR,WR,77,ismael cisse,-0.0005025118249063429,0.007890433471333428,37.5
31568,Omar Staples,Stanford,LEDG,EDGE,75,omar staples,-0.10286830654132927,-0.018570160832109005,432.0
31569,Joe Asiain,Stanford,LEDG,EDGE,71,joe asiain,-0.031959530685698435,0.010970080555108183,220.0
31570,Champ Hampton,Stanford,HB,RB,73,champ hampton,-0.02508493712005728,-0.006147280432012396,27.0
31578,Landen Marshall,Georgia Tech,DT,DT,70,landen marshall,-0.03142891591626581,-0.008403033523469534,118.0
31586,JaDon Blair,Missouri,FS,SAF,75,jadon blair,-0.1611440964590871,-0.05284295790306426,589.5
32770,Anwar O'neal,Louisville,LT,OL,82,anwar oneal,0.13804735744001956,0.2227976665166057,776.5
32773,Tyler Burnham,Delaware,C,OL,64,tyler burnham,-0.026583378882376562,-0.016651275693748947,91.0
32778,Blake Matthews,Delaware,SAM,LB,73,blake matthews,0.03153673890737149,0.1788840855259014,506.0
32781,Anthony Crenshaw Jr.,Baylor,WILL,LB,62,anthony crenshaw,-0.015690612071386955,-0.006663403088828798,31.0
32782,Jawarren Corbin,Delaware,WILL,LB,68,jawarren corbin,-0.03971137679462633,0.05099751346559514,311.5
32784,Gavin Moul,Delaware,MIKE,LB,82,gavin moul,0.2714930612944534,0.46208365094233445,654.5
32786,Julius Puryear,Delaware,WILL,LB,66,julius puryear,-0.058782858989839884,-0.006512406977930568,179.5
32790,Colin Gallagher,Delaware,MIKE,LB,64,colin gallagher,-0.02999297752799131,-0.007861755506235829,76.0
32795,Trace Scott,Delaware,DT,DT,74,trace scott,-0.13266993897915993,-0.04046884210970029,472.5
32796,Dominick Brogna,Delaware,DT,DT,72,dominick brogna,-0.09234031004109994,-0.015945115492119077,391.5
32800,Q'yaeir Price,Delaware,REDG,EDGE,64,qyaeir price,-0.01955166593227603,-0.012331685859958554,37.0
32803,Carson Shockley,Delaware,LEDG,EDGE,69,carson shockley,-0.20922259278094676,-0.12492444707172651,432.0
32805,Kaeden Singleton,Delaware,REDG,EDGE,66,kaeden singleton,-0.12843194749956152,-0.0855023362587549,220.0
32808,Kshawn Cox Jr,Delaware,CB,CB,70,kshawn cox,-0.14807707031871004,-0.0792750747474962,374.5
32809,Azir Lee,Delaware,CB,CB,66,azir lee,-0.020502114831033667,-0.013888304842879602,36.0
32814,Ronnel Johnson,Jacksonville State,WR,WR,76,ronnel johnson,0.019664365017803945,0.11053198609175985,406.0
32815,Sean Reese,Missouri State,WR,WR,68,sean reese,-0.029342229837117186,-0.020949284540877418,37.5
32819,Brendon McQueen,Missouri State,WR,WR,68,brendon mcqueen,-0.04002212237958545,-0.03162917708334568,37.5
32822,Jmariyae Robinson,Missouri State,WR,WR,84,jmariyae robinson,0.31179121612453164,0.4367901480698626,558.5
32829,Jeron Askren,Missouri State,TE,TE,78,jeron askren,0.07156521380043784,0.16162977545882068,270.5
32835,J.J. O'Neal,Missouri State,SS,SAF,74,j j oneal,-0.00828220735448244,0.10001893120154037,589.5
32838,Iverson Young,Missouri State,HB,RB,72,iverson young,-0.03784520135461086,-0.018556847320491072,27.5
32839,King Davis,Missouri State,HB,RB,75,king davis,-0.019108197429355635,-0.00017054074131075015,27.0
32840,Ramone Green Jr.,Missouri State,HB,RB,80,ramone green,-0.05453423729074335,0.11344979147913628,239.5
32843,Connor Lair,Missouri State,HB,RB,75,connor lair,-0.006153590549193308,0.02961753875044703,51.0
32844,Cole Feuerbacher,Missouri State,QB,QB,66,cole feuerbacher,-0.055721242711672225,-0.023347421821284877,35.5
32845,Elijah Leonard,Missouri State,QB,QB,59,elijah leonard,-0.06668961290281548,-0.046626963336941635,22.0
32848,Ebubedike Nnabugwu,South Carolina,LG,OL,77,ebubedike nnabugwu,0.015482953832385033,0.025415057021012648,91.0
32849,Matthew Greene,Missouri State,LG,OL,78,matthew greene,-0.03102965409607114,0.056230966775442884,799.5
32850,Ryan Mitchell,Missouri State,C,OL,63,ryan mitchell,-0.030855965126526122,-0.020923861937898507,91.0
32852,Ben Liedtke,Missouri State,LT,OL,68,ben liedtke,-0.11206226346699087,-0.03315115791338906,723.0
32854,Cash Hudson,South Florida,C,OL,75,cash hudson,0.001628051650722974,0.07229878587749637,647.5
32857,Logan Scrivner,Missouri State,C,OL,66,logan scrivner,-0.009826415931364092,0.00010568725726352096,91.0
32858,Cristian Loaiza,Coastal Carolina,LG,OL,70,cristian loaiza,-0.1358106900706437,-0.05106038099405752,776.5
32860,Brayden Thompson,Missouri State,RT,OL,65,brayden thompson,-0.015067368880283167,-0.005135265691655554,91.0
32861,Dylan Dixson,Missouri State,CB,CB,73,dylan dixson,0.0595350714164527,0.1580073534623021,536.0
32864,Jared Lloyd,Missouri State,MIKE,LB,75,jared lloyd,0.03355192613423416,0.22414251578211522,654.5
32865,Jashawn Cooper,Missouri State,WILL,LB,66,jashawn cooper,-0.07902997515535953,-0.026759523143450207,179.5
32868,Michael Teason,TCU,WILL,LB,70,michael teason,-0.11512544578972618,-0.024416555529504707,311.5
32870,Hieko Malone,Missouri State,WILL,LB,66,hieko malone,-0.19294776129715846,-0.102238871036937,311.5
32877,Caden Wiest,Missouri State,LEDG,EDGE,66,caden wiest,-0.0617335368802145,-0.03919549097879102,115.5
32879,Mitchell Toney,Coastal Carolina,REDG,EDGE,74,mitchell toney,0.024923875121121705,0.06785348636192833,220.0
32880,Gilles Tchio,Missouri State,DT,DT,74,gilles tchio,-0.08945386944376889,-0.013058674894788024,391.5
32882,Tim Brantley Jr.,Missouri State,DT,DT,71,tim brantley,-0.03997385111094938,-0.016947968718153104,118.0
32886,Navonn Barrett,Missouri State,CB,CB,72,navonn barrett,-0.05205863512581697,-0.009803737979277105,230.0
32889,Floyd Williams,Missouri State,CB,CB,68,floyd williams,-0.01754051981299047,-0.010926709824836406,36.0
32891,Camron Williams,Missouri State,CB,CB,73,camron williams,-0.033817078236566725,0.08734424640753344,659.5
32892,Devin Rutherford,Missouri State,CB,CB,70,devin rutherford,-0.048066694678476754,-0.025836944440514483,121.0
32893,J'Vari Flowers,Florida,CB,CB,77,jvari flowers,-0.05460304188146889,-0.012348144734929033,230.0
32894,Julio Madero IV,North Texas,RG,OL,68,julio madero,-0.019313479147303653,-0.009381375958676039,91.0
32897,Jude James,Missouri,TE,TE,73,jude james,-0.007020964558856423,0.005464880403026594,37.5
32898,Jerrick Harper,Rice,CB,CB,71,jerrick harper,-0.2013291196273119,-0.10285683758146248,536.0
32899,Joe Chavez,Rice,FS,SAF,69,joe chavez,-0.08044165659260553,-0.04277968304895044,205.0
32902,Dillan Botts,Rice,DT,DT,71,dillan botts,-0.1968591802295174,-0.12046398568053654,391.5
32905,Evan McClure,Tulsa,RG,OL,68,evan mcclure,-0.018465330205127875,-0.00853322701650026,91.0
32913,Mason Riggins,Ball State,TE,TE,68,mason riggins,-0.02618347162475903,-0.0015447375666432085,74.0
32920,Adam Booker,Miami,TE,TE,68,adam booker,-0.040656347661792075,-0.02817050269990906,37.5
32921,Derrick LeBlanc,Maryland,DT,DT,74,derrick leblanc,-0.004091539381625244,0.003908979076888716,41.0
32922,Darius Wallace,Charlotte,LEDG,EDGE,68,darius wallace,-0.05375162662885911,-0.031213580727435634,115.5
32924,Anthony Richard Jr.,Memphis,CB,CB,82,anthony richard,0.27268933640780135,0.39385066105190153,659.5
32927,Ryan Ward,West Virginia,TE,TE,66,ryan ward,-0.008557958991325637,-0.0038965768722226445,14.0
32929,Allen Bryant,Pittsburgh,SS,SAF,67,allen bryant,-0.1385095804496069,-0.1008476069059518,205.0
32932,Morgan Tribbett,SMU,TE,TE,66,morgan tribbett,-0.016434848512165035,-0.011773466393062041,14.0
32936,Niki Prongos,Stanford,LT,OL,82,niki prongos,0.18794206885252845,0.2752026897240425,799.5
32939,Ja'Ricous Hairston,Virginia Tech,TE,TE,72,jaricous hairston,-0.004340924611701054,0.008144920350181963,37.5
32941,Hannes Hammer,UConn,LT,OL,70,hannes hammer,-0.07311726356291112,-0.002446529336137721,647.5
32942,Thomas Williams,Virginia Tech,CB,CB,80,thomas williams,0.036087096050344505,0.07834199319688437,230.0
32945,Zach Lohavichan,Wake Forest,DT,DT,78,zach lohavichan,0.04540783611045665,0.12180303065943751,391.5
32947,Jacqawn McRoy,North Carolina,RT,OL,75,jacqawn mcroy,-0.005391472321075161,0.07351963323252664,723.0
32950,Markell Chapman,Missouri State,DT,DT,75,markell chapman,-0.019053670539906507,0.07314742632955315,472.5
32954,D'Antre Robinson,Oregon,DT,DT,78,dantre robinson,0.0403096401451816,0.08148304001704613,211.0
32955,Michai Boireau,Ole Miss,DT,DT,79,michai boireau,0.06270733864161546,0.10388073851347998,211.0
32956,Terrell Foster,Georgia,WILL,LB,69,terrell foster,-0.004172991131725286,0.0048542178508328695,31.0
32960,Luke Beard,Southern Miss,TE,TE,62,luke beard,-0.036393911094528775,-0.023908066132645758,37.5
32962,Joe Koury,Ole Miss,C,OL,70,joe koury,-0.0251045457829097,-0.01517244259428209,91.0
32963,Jude Foster,Liberty,LT,OL,69,jude foster,-0.022836336938726116,-0.012904233750098503,91.0
32967,Bennett Brady,Tennessee,TE,TE,62,bennett brady,-0.01467249784367488,-0.008512814329145925,18.5
32968,Tyree Weathersby,Tennessee,LEDG,EDGE,80,tyree weathersby,0.2422877072698111,0.3448309377563742,525.5
32969,Jordan Burns,Tennessee,WILL,LB,70,jordan burns,0.0011537758775916926,0.010180984860149848,31.0
32973,Sean Donovan,Army,DT,DT,65,sean donovan,-0.0727033267269981,-0.04967744433420182,118.0
32980,Kamdon McFarland,North Texas,SS,SAF,71,kamdon mcfarland,-0.007491312541053815,0.030170661002601285,205.0
32981,Julian Knox,North Texas,FS,SAF,68,julian knox,-0.005887212722446038,0.001094031153938809,38.0
32982,Cooper King,Rice,WILL,LB,62,cooper king,-0.12350124631471936,-0.07123079430281004,179.5
32984,Solomon Beebe,Virginia,HB,RB,80,solomon beebe,-0.0064964343323943435,0.07907371810988255,122.0
32985,AJ Johnson,UAB,WR,WR,65,aj johnson,-0.03239243660978266,-0.02399949131354289,37.5
32986,Jordan Hall,North Carolina,LT,OL,78,jordan hall,0.15687283496609447,0.24162314404268068,776.5
32987,Calib Perez,UAB,LG,OL,78,calib perez,0.06785124551732649,0.1467623510709283,723.0
32989,Devron Williams Jr.,UTSA,LG,OL,69,devron williams,-0.014138389221229754,-0.004206286032602141,91.0
32990,Mickel Williams,Marshall,DT,DT,72,mickel williams,-0.10531293388517571,-0.02891773933619484,391.5
32995,Quentin Butler,Middle Tennessee,RT,OL,69,quentin butler,-0.029334184273914394,-0.01940208108528678,91.0
32997,Devan Carlisle,Middle Tennessee,CB,CB,68,devan carlisle,-0.03824382160372325,-0.016014071365760968,121.0
33001,Henry Hamlin,Middle Tennessee,TE,TE,62,henry hamlin,-0.010434665141272764,-0.00577328302216977,14.0
33002,Connor Dougherty,Middle Tennessee,TE,TE,65,connor dougherty,-0.024796658387094245,-0.012310813425211228,37.5
33003,Grayson Curtis,Arizona State,TE,TE,61,grayson curtis,-0.03482699479006527,-0.022341149828182253,37.5
33004,Tayte Vanderleest,Central Michigan,WR,WR,65,tayte vanderleest,-0.022307837428330417,-0.013914892132090649,37.5
33007,Quavion Bird,Central Michigan,DT,DT,78,quavion bird,0.05062438242378093,0.14282547929324058,472.5
33010,Jack Kautz,Eastern Michigan,TE,TE,61,jack kautz,-0.022239955978215018,0.0023987780799008037,74.0
33011,Tanner Lemaster,Eastern Michigan,TE,TE,72,tanner lemaster,-0.0493621665321896,0.040702395126193225,270.5
33021,Justin Taylor,Central Michigan,FS,SAF,70,justin taylor,-0.1387294966742339,-0.030428358118211075,589.5
33025,Bryson Lamb,Iowa State,DT,DT,76,bryson lamb,0.015288603922543312,0.0733411463959068,297.5
33032,Devin Spencer,Arkansas State,HB,RB,81,devin spencer,-0.060312411709292135,0.22690871472605526,409.5
33033,Nana Burris,Arkansas State,WR,WR,75,nana burris,-0.07773655198309273,-0.014397791480803265,283.0
33040,Drew Nicolson,Arizona,TE,TE,63,drew nicolson,-0.014139882729403006,-0.009478500610300013,14.0
33043,Taylor Bradshaw,Georgia Southern,WR,WR,76,taylor bradshaw,-0.01138948407458116,0.0519492764277083,283.0
33044,Colin Alexander,Georgia Southern,RT,OL,72,colin alexander,-0.07939434426668673,-0.0004832387130849214,723.0
33045,Chams Diagne,West Virginia,CB,CB,70,chams diagne,0.0024399547424370205,0.009053764730591085,36.0
33047,Telly Johnson Jr.,Northern Illinois,HB,RB,83,telly johnson,0.0031649715262167294,0.29038609796156417,409.5
33048,Na'eem Abdul-Rahim Gladding,Maryland,WR,WR,82,naeem abdul rahim gladding,0.22669984010066216,0.35169877204599315,558.5
33049,Dawson Johnson,Tulane,TE,TE,71,dawson johnson,-0.08856840201980778,0.0014961596385750543,270.5
33051,Rod Gibbs,South Alabama,TE,TE,67,rod gibbs,-0.06657587426825572,-0.014634759226822357,156.0
33053,Tyler Thomas,Kentucky,LEDG,EDGE,74,tyler thomas,-0.005514328880474848,0.017023717020948625,115.5
33054,Parker Shattuck,South Alabama,WILL,LB,61,parker shattuck,-0.026816765447771597,-0.01778955646521344,31.0
33055,Cole Blaylock,South Alabama,SS,SAF,68,cole blaylock,-0.13835816070416762,-0.07029103290941537,370.5
33058,Roman Mothershed,LSU,WR,WR,79,roman mothershed,0.007760823438835408,0.016153768735075177,37.5
33059,Kristian Tate,Troy,WR,WR,71,kristian tate,-0.09151491905993861,-0.05313118257180207,171.5
33060,Jeff Utzinger,Indiana,WILL,LB,75,jeff utzinger,-0.021834336704891877,0.03043611530701744,179.5
33061,Ike Speltz,Iowa,TE,TE,65,ike speltz,-0.01376569901495043,-0.009104316895847437,14.0
33063,Jeremiah Beck Jr.,Southern Miss,TE,TE,64,jeremiah beck,-0.045900248429689136,-0.021261514371573313,74.0
33067,Antwan Raymond,Rutgers,HB,RB,92,antwan raymond,0.28431126136115653,0.571532387796504,409.5
33074,Alex Rozier,Alabama,TE,TE,66,alex rozier,-0.008253062437196299,-0.0020933789226673435,18.5
33076,Eli Bowen,Oklahoma,CB,CB,90,eli bowen,0.44642984679742176,0.5675911714415219,659.5
33081,Aidan Warner,Florida,QB,QB,65,aidan warner,-0.053191764810140256,-0.020817943919752908,35.5
33083,Gannon Burt,North Carolina,TE,TE,66,gannon burt,-0.013313799978648136,-0.008652417859545142,14.0
33084,Justin Greene,Georgia,REDG,EDGE,74,justin greene,0.0001135111643515698,0.007333491236669046,37.0
33085,Jahzare Jackson,Georgia,RT,OL,76,jahzare jackson,0.0041316611719199245,0.01406376436054754,91.0
33086,Kyron Jones,Georgia,FS,SAF,75,kyron jones,-0.0028460377723922496,0.004135206103992597,38.0
33089,David LaGanga,UConn,TE,TE,62,david laganga,-0.010020397382736067,-0.005359015263633074,14.0
33093,Karsten Upchurch,Western Kentucky,RT,OL,73,karsten upchurch,-0.05473828724764825,0.015932446979125145,647.5
33094,Fatt Forrest,Mississippi State,WILL,LB,68,fatt forrest,-0.015079477399088749,-0.006052268416530593,31.0
33095,Xavier Gayten,Mississippi State,HB,RB,77,xavier gayten,-0.0660765039529548,0.10190752481692485,239.5
33098,Owen Heinecke,Oklahoma,WILL,LB,83,owen heinecke,0.3209211010855324,0.46826844770406234,506.0
33100,Devon Jordan,Baylor,CB,CB,77,devon jordan,-0.01536818364835298,0.08310409839749644,536.0
33102,Jeremiah Newcombe,Oklahoma,CB,CB,74,jeremiah newcombe,-0.017646053739031838,0.004583696498930438,121.0
33103,Zion Ragins,Mississippi State,WR,WR,77,zion ragins,-0.06990976783375939,-0.03152603134562285,171.5
33104,Xavier Robinson,Oklahoma,HB,RB,83,xavier robinson,0.08481511830684933,0.25279914707672896,239.5
33105,Markus Strong,Clemson,DT,DT,76,markus strong,-0.01406035441702168,0.027113045454842846,211.0
33108,Seth Freeman,Oklahoma,TE,TE,63,seth freeman,-0.01503213910251526,-0.008872455587986307,18.5
33114,Rondarius Porter,Rutgers,DT,DT,80,rondarius porter,0.08232475043368798,0.17452584730314766,472.5
33115,Nathan Robinson,Tennessee,DT,DT,78,nathan robinson,0.00554364463207102,0.06359618710543452,297.5
33117,Jamal Wallace,Utah,DT,DT,72,jamal wallace,-0.07721396255701883,-0.036040562685154306,211.0
33119,Jeremias Heard,Tennessee,RT,OL,75,jeremias heard,-0.0027499198441067133,0.0071821833445209,91.0
33122,Robert Bourdon,Texas A&M,RT,OL,71,robert bourdon,-0.012930368225035582,-0.0029982650364079695,91.0
33123,Graham Gillespie,North Texas,FS,SAF,73,graham gillespie,-0.011756093555847802,0.05631103423890445,370.5
33125,Spencer Shannon,Texas,TE,TE,71,spencer shannon,-0.008566039525787371,0.003919805436095646,37.5
33126,Josh Raymond,Georgia Southern,RT,OL,68,josh raymond,-0.02698771535557383,-0.01705561216694622,91.0
33128,Glenn Seabrooks III,Vanderbilt,DT,DT,81,glenn seabrooks,0.09987551722736601,0.17627071177634687,391.5
33129,Gunner Givens,Vanderbilt,LG,OL,73,gunner givens,-0.00420419334228702,0.005727909846340593,91.0
33133,Derek Eusebio,Arizona State,WR,WR,78,derek eusebio,0.003986690046620788,0.04237042653475734,171.5
33134,Patrick Mahoney III,Illinois,TE,TE,64,patrick mahoney,-0.010243661107176264,-0.004083977592647308,18.5
33138,Casey Jean-Baptiste,Southern Miss,RG,OL,66,casey jean baptiste,-0.13908568651867761,-0.08271281512388462,516.5
33141,Jalen Hoffman,Michigan,TE,TE,69,jalen hoffman,-0.008292215362946224,0.004193629598936795,37.5
33143,Alan Soukup,Minnesota,TE,TE,64,alan soukup,-0.017888609604099725,-0.01172892608957077,18.5
33146,Donielle Hayes,Minnesota,WR,WR,72,donielle hayes,-0.04249889103669799,-0.018439114520810648,107.5
33148,Matt Kingsbury,Minnesota,WILL,LB,73,matt kingsbury,0.06001460818394091,0.2073619548024708,506.0
33149,Pierce Walsh,Minnesota,TE,TE,69,pierce walsh,-0.009642778161964946,0.014995955896150874,74.0
33150,Drew Wagner,Northwestern,WR,WR,77,drew wagner,0.029705443060335835,0.0930442035626253,283.0
33151,Dylan Roberts,Northwestern,DT,DT,68,dylan roberts,-0.05935649554679343,-0.03633061315399715,118.0
33153,Jack Florentine,Northwestern,TE,TE,62,jack florentine,-0.07571997354531584,-0.05108123948720003,74.0
33154,Nigel Glover,Northwestern,WILL,LB,69,nigel glover,-0.04893982641466437,-0.026808604392908893,76.0
33155,Will Smith Jr.,Ohio State,DT,DT,80,will smith,0.06202736420143319,0.10320076407329773,211.0
33159,Sage Clawges,Rutgers,CB,CB,72,sage clawges,-0.011061841358908893,0.011167908879053383,121.0
33164,Jesse Ofurie,Rutgers,FS,SAF,71,jesse ofurie,-0.07407038501340733,-0.03640841146975224,205.0
33165,Nick Oliveira,Rutgers,LG,OL,70,nick oliveira,-0.017621116646889746,-0.007689013458262131,91.0
33166,Michael Robinson II,Massachusetts,WILL,LB,68,michael robinson,-0.32252386091202395,-0.23181497065180245,311.5
33169,Walker Lyons,BYU,TE,TE,81,walker lyons,0.07949356646686839,0.16955812812525123,270.5
33171,Kaylon Miller,USC,RG,OL,71,kaylon miller,-0.011573149133962488,-0.001641045945334876,91.0
33172,Deed Capper,Virginia Tech,TE,TE,64,deed capper,-0.01341545446683162,-0.0072557709523026655,18.5
33173,Jay Harper,UL Monroe,CB,CB,67,jay harper,-0.29558010894862025,-0.22677811337740642,374.5
33174,Tyler Jansey,Wisconsin,FB,RB,70,tyler jansey,-0.11813542563968082,-0.09919776895163594,27.0
33181,Julian Savaiinaea,Arizona,DT,DT,70,julian savaiinaea,-0.03846557311966681,-0.015439690726870528,118.0
33183,Jacob Redding,Baylor,FS,SAF,82,jacob redding,0.24515304655875347,0.36952941772487297,677.0
33184,Dylan Schaub,Baylor,TE,TE,64,dylan schaub,-0.020045618552609105,-0.013885935038080152,18.5
33186,Orion Maile-Kaufusi,BYU,LEDG,EDGE,70,orion maile kaufusi,-0.010894708422362117,-0.003674728350044641,37.0
33190,Joe Brown,BYU,RG,OL,71,joe brown,-0.011694462407338116,-0.0017623592187105022,91.0
33193,Grant Edgington,Cincinnati,C,OL,66,grant edgington,-0.02071582161155773,-0.01078371842293012,91.0
33199,Zavian Tibbs,Western Michigan,DT,DT,68,zavian tibbs,-0.12887263210740088,-0.08769923223553634,211.0
33200,Justin Wood,Florida International,TE,TE,61,justin wood,-0.01971989048642295,-0.013560206971893998,18.5
33203,Kyler Pearson,East Carolina,WR,WR,70,kyler pearson,-0.029314932651570976,-0.02092198735533121,37.5
33204,Ayo Shotomide-King,San Diego State,WR,WR,72,ayo shotomide king,-0.014890290676431418,-0.006497345380191648,37.5
33205,Nick Fattig,Stanford,LG,OL,76,nick fattig,0.031812850823284465,0.11656315989987065,776.5
33207,Holton Hendrix,Texas Tech,RG,OL,70,holton hendrix,-0.02206689754936861,-0.012134794360740999,91.0
33208,Macho Stevenson,Tulane,CB,CB,78,macho stevenson,0.12906650687490204,0.2502278315190022,659.5
33210,Andrew Rumph,Jacksonville State,DT,DT,70,andrew rumph,-0.0644349555646599,-0.023261555692795383,211.0
33212,Phil Picciotti,UCF,MIKE,LB,72,phil picciotti,0.06885461439997116,0.15956350466019265,311.5
33213,Jackson Bennee,Utah,FS,SAF,85,jackson bennee,0.3910949045160461,0.5154712756821657,677.0
33214,Logan Castor,Utah,TE,TE,62,logan castor,-0.016968392116948727,-0.010808708602419774,18.5
33218,Dallas Vakalahi,Penn State,DT,DT,76,dallas vakalahi,0.036673187738751556,0.09472573021211506,297.5
33219,Landyn Van Kekerix,Iowa,WILL,LB,74,landyn van kekerix,0.01370436349139022,0.10441325375161169,311.5
33220,Rashad Godfrey Jr.,Iowa,CB,CB,75,rashad godfrey,0.03463227616772024,0.0768871733142601,230.0
33221,Will Hubert,Iowa,DT,DT,75,will hubert,-0.004312241607920183,0.05374030086544331,297.5
33223,Cannon Leonard,Iowa,RT,OL,72,cannon leonard,-0.009839614519784554,9.248866884305857e-05,91.0
33227,Cael Winter,Iowa,LG,OL,73,cael winter,-0.01458077016877333,-0.004648666980145717,91.0
33228,Da'Jaun Riggs,Oregon,HB,RB,73,dajaun riggs,-0.04853976944901545,-0.012768640149375118,51.0
33229,Roger Saleapaga II,BYU,TE,TE,78,roger saleapaga,-0.00013106425545700295,0.05181005078597634,156.0
33233,Trent Ferguson,Oregon,LG,OL,78,trent ferguson,0.006250191802068381,0.016182294990695994,91.0
33234,Tionne Gray,Notre Dame,DT,DT,77,tionne gray,0.00922017704057466,0.03224605943337094,118.0
33235,Dillon Gresham,Oregon,WR,WR,74,dillon gresham,-0.010628799783262205,-0.0022358544870224356,37.5
33236,Trinidad Chambliss,Ole Miss,QB,QB,93,trinidad chambliss,2.012311925160562,2.647933140952111,697.0
33237,Connor Meadows,UCF,RG,OL,75,connor meadows,-0.028585496529148074,0.04208523769762532,647.5
33240,Samuel Mbake,App State,WR,WR,75,samuel mbake,-0.00033391697270082187,0.12466501497263015,558.5
33241,Trey Smith,Purdue,LEDG,EDGE,70,trey smith,-0.009316354193388231,-0.002096374121070755,37.0
33242,Breeon Ishmail,Purdue,REDG,EDGE,75,breeon ishmail,0.05492352161309683,0.1150249773502261,308.0
33243,John Randle Jr.,Utah State,LT,OL,72,john randle,-0.10513822201962875,-0.04876535062483576,516.5
33244,Ethan Trent,Purdue,RG,OL,74,ethan trent,-0.0514508585343184,0.019219875692454997,647.5
33245,Jesse Watson,Purdue,WR,WR,74,jesse watson,-0.010187214747846441,-0.0017942694516066718,37.5
33249,Ty Yuhas,Pittsburgh,DT,DT,74,ty yuhas,-0.016267095926905395,0.006758786465890881,118.0
33250,Marcus Brown,Stanford,WR,WR,74,marcus brown,-0.02017017556964886,-0.011777230273409094,37.5
33251,Jordan Onovughe,Stanford,WR,WR,75,jordan onovughe,-0.05619306818114129,-0.03213329166525395,107.5
33253,Davien Kerr,Syracuse,CB,CB,78,davien kerr,0.014793843963349757,0.08359583953456358,374.5
33258,Rylan Barnes,Iowa State,SAM,LB,71,rylan barnes,-0.02800459294655461,0.06270429731366686,311.5
33259,Carson Brown,Hawai'i,WR,WR,75,carson brown,-0.0053599311472079005,0.03302380534092865,171.5
33260,Alijah Carnell,Penn State,DT,DT,72,alijah carnell,-0.007643617098892898,0.00035690135962106065,41.0
33263,Gabriel Greenlee,Iowa State,LT,OL,72,gabriel greenlee,-0.016683745407961897,-0.006751642219334284,91.0
33264,Tripp Walsh,New Mexico,TE,TE,70,tripp walsh,-0.04968113984222715,0.0022599751992062045,156.0
33268,Corey McIntyre Jr.,West Virginia,DT,DT,73,corey mcintyre,-0.058036318664966384,-0.016862918793101856,211.0
33271,Darius Grimes,Maryland,SAM,LB,67,darius grimes,-0.0024180758781052075,0.019713146143650273,76.0
33272,DD Holmes,Maryland,LEDG,EDGE,70,dd holmes,-0.011524419787716664,0.01101362611370681,115.5
33273,Judah Jenkins,Maryland,CB,CB,71,judah jenkins,-0.0184875336421627,-0.011873723654008635,36.0
33277,Chris Wells,Maryland,SAM,LB,66,chris wells,-0.02493307397655091,-0.01590586499399275,31.0
33278,Jack Yanachik,Michigan State,WR,WR,70,jack yanachik,-0.022061771647528053,-0.013668826351288285,37.5
33279,Cooper Terpstra,UCF,C,OL,70,cooper terpstra,-0.00537955624968333,0.004552546938944283,91.0
33281,Anelu Lafaele,Michigan State,REDG,EDGE,73,anelu lafaele,0.051511982475056964,0.11161343821218622,308.0
33283,Donovan Jones,Nebraska,CB,CB,82,donovan jones,0.2907025226407401,0.38917480468658944,536.0
33288,Quinn Clark,Nebraska,WR,WR,73,quinn clark,-0.00988750512770377,-0.0014945598314640009,37.5
33290,Amare Sanders,Nebraska,CB,CB,74,amare sanders,-0.011726735711634151,0.030528161434905707,230.0
33292,Mekhi Nelson,Nebraska,HB,RB,78,mekhi nelson,-0.03623184155535937,0.13175218721452026,239.5
33293,Jason Maciejczak,Wyoming,RG,OL,73,jason maciejczak,-0.0001564511682885601,0.07875465438531325,723.0
33296,Blaise Sokach-Minnick,Penn State,TE,TE,56,blaise sokach minnick,-0.024703892620673167,-0.020042510501570174,14.0
33297,Kenny Woseley Jr.,Virginia Tech,CB,CB,74,kenny woseley,-0.008253295175465795,-0.0016394851873117306,36.0
33298,Joey Schlaffer,Temple,TE,TE,69,joey schlaffer,-0.02067027723540161,0.003968456822714213,74.0
33301,Kolin Dinkins,Temple,SS,SAF,74,kolin dinkins,-0.06528878728547403,0.002778340509278214,370.5
33303,Max Granville,Penn State,REDG,EDGE,76,max granville,0.1253078398557689,0.2096059855649892,432.0
33304,Tyler Armstead,Penn State,CB,CB,72,tyler armstead,-0.012999114941125314,-0.006385304952971249,36.0
33306,Ty Blanding,Penn State,DT,DT,75,ty blanding,0.004784354469668302,0.027810236862464578,118.0
33308,Jailen Holmes,UAB,WR,WR,68,jailen holmes,-0.026591118185945624,-0.018198172889705856,37.5
33310,Drake Vickers,Oregon State,CB,CB,72,drake vickers,-0.006026329466292546,0.0005874805218615195,36.0
33312,Kai Wallin,San Diego State,REDG,EDGE,73,kai wallin,-0.019815302092325397,0.06448284361689487,432.0
33314,Branden Ganashamoorthy,Washington State,WR,WR,69,branden ganashamoorthy,-0.06452283898915934,-0.040463062473272,107.5
33316,Michael Hughes,Washington State,REDG,EDGE,68,michael hughes,-0.01587729135679102,-0.008657311284473545,37.0
33317,Gage Jones,Washington State,SAM,LB,70,gage jones,-0.10399914086364398,-0.05172868885173466,179.5
33318,Kyle Martin,Washington State,C,OL,74,kyle martin,-0.08878260508588949,-0.009871499532287682,723.0
33319,Xavier Thorpe,Washington State,RT,OL,70,xavier thorpe,-0.01281483371769554,-0.0028827305290679275,91.0
33328,Parker Startz,Charlotte,MIKE,LB,71,parker startz,0.0005675363446026333,0.0912764266048241,311.5
33331,Zion Wilson,Virginia,DT,DT,84,zion wilson,0.32657069303025643,0.4187717898997161,472.5
33333,Trey Hardison,East Carolina,RG,OL,69,trey hardison,-0.19357305392678414,-0.12290231970001077,647.5
33335,Jackson Barker,East Carolina,MIKE,LB,69,jackson barker,-0.08835249041571878,0.0023563998445026947,311.5
33337,Preston Carr,East Carolina,DT,DT,78,preston carr,0.07613438184820921,0.16833547871766888,472.5
33339,Ethan Ervin,Florida Atlantic,HB,RB,69,ethan ervin,-0.09714351826369289,-0.06137238896405255,51.0
33342,Taylor Burton,Memphis,DT,DT,73,taylor burton,-0.012136556818143669,0.010889325574652607,118.0
33346,Quinton Hammonds,Oklahoma State,SS,SAF,73,quinton hammonds,-0.00016240771818753472,0.006818836158197312,38.0
33347,Keviyan Huddleston,Oklahoma State,REDG,EDGE,73,keviyan huddleston,0.003026989008221198,0.010246969080538675,37.0
33348,Jayden Williams,California,LEDG,EDGE,73,jayden williams,0.028708076770266152,0.07163768801107277,220.0
33357,Garrett Mmahat,Tulane,WR,WR,73,garrett mmahat,-0.04677504995835255,-0.022715273442465208,107.5
33358,Eliyt Nairne,Pittsburgh,DT,DT,74,eliyt nairne,-0.05544842444245136,-0.014275024570586834,211.0
33360,Evan Bishop,UAB,TE,TE,62,evan bishop,-0.06674419260426748,-0.04210545854615165,74.0
33365,Gage Messick,UAB,MIKE,LB,66,gage messick,-0.11679811480703323,-0.026089224546811753,311.5
33366,Logan Moore,Baylor,RT,OL,74,logan moore,-0.06091420105022832,0.017996904503373483,723.0
33368,Jahari Grant,South Florida,DT,DT,70,jahari grant,-0.060537143519808496,-0.019363743647943965,211.0
33372,Turner McLaughlin,South Florida,TE,TE,62,turner mclaughlin,-0.04592686518559126,-0.03344102022370824,37.5
33373,Teriyan Morman,South Florida,C,OL,66,teriyan morman,-0.025230845239307916,-0.015298742050680304,91.0
33376,Levi Smiley,South Florida,LEDG,EDGE,69,levi smiley,-0.03473225500042814,-0.027512274928110664,37.0
33379,Patrick Overmyer,Houston,TE,TE,75,patrick overmyer,0.062613001253218,0.15267756291160084,270.5
33380,Kenny Ozowalu,Oklahoma,LEDG,EDGE,76,kenny ozowalu,0.05544622042378782,0.09837583166459443,220.0
33382,Cam Upshaw Jr.,UTSA,SS,SAF,67,cam upshaw,-0.03468692494338936,-0.01640708900390798,99.5
33391,Dante Anderson,Florida International,LEDG,EDGE,74,dante anderson,0.020253195413549776,0.10455134112277005,432.0
33392,AJ Miller,Kennesaw State,DT,DT,72,aj miller,-0.13200105652733243,-0.05560586197835157,391.5
33395,Navelle Dean,Kennesaw State,WR,WR,67,navelle dean,-0.028913139985210997,-0.02052019468897123,37.5
33397,Alexander Ford,Kennesaw State,FS,SAF,74,alexander ford,-0.012688486903169345,0.09561265165285347,589.5
33399,Jaden Kelly,Georgia State,WILL,LB,65,jaden kelly,-0.016353421288214567,-0.007326212305656409,31.0
33404,Dillano Glaud,Liberty,MIKE,LB,66,dillano glaud,-0.00497091540982809,0.004056293572730066,31.0
33412,Judd Rouyea,Louisiana Tech,REDG,EDGE,68,judd rouyea,-0.10416767271541644,-0.04406621697828717,308.0
33413,Mason Welch,Louisiana Tech,QB,QB,67,mason welch,-0.025293643914294683,-0.005230994348420833,22.0
33414,Ean Burch,Louisiana Tech,TE,TE,63,ean burch,-0.034073804105779204,-0.021587959143896187,37.5
33421,Carson Whitington,Sam Houston,TE,TE,57,carson whitington,-0.060820625450308696,-0.04833478048842568,37.5
33424,Shandon King,North Texas,WR,WR,70,shandon king,-0.034888746221527926,-0.026495800925288155,37.5
33431,Joshua Mensah,Western Kentucky,MIKE,LB,67,joshua mensah,-0.4779606650877268,-0.3306133184691969,506.0
33434,Teddy Rezac,Notre Dame,SAM,LB,72,teddy rezac,-0.004727937766442861,0.004299271216115294,31.0
33435,Cole Mullins,Notre Dame,LEDG,EDGE,72,cole mullins,-0.007577808688047608,-0.00035782861573013157,37.0
33439,Joseph Vinci,Notre Dame,TE,TE,63,joseph vinci,-0.007044182595840826,-0.0023828004767378337,14.0
33440,Nader Chirchi,Colorado State,TE,TE,68,nader chirchi,-0.006596852822219175,0.005888992139663842,37.5
33441,John Neider,West Virginia,WR,WR,75,john neider,-0.02610882251540035,0.012274913972736199,171.5
33443,Vincent Carroll-Jackson,Georgia Tech,DT,DT,75,vincent carroll jackson,0.0038635435886841337,0.061916086062047626,297.5
33446,Malachi Madison,Missouri State,DT,DT,73,malachi madison,-0.07219736699176584,-0.014144824518402335,297.5
33449,David Onuoha,North Texas,LEDG,EDGE,75,david onuoha,-0.010455232414799776,0.07384291329442048,432.0
33450,Michael Pangaro,Massachusetts,FS,SAF,65,michael pangaro,-0.02404922127485749,-0.017067977398472645,38.0
33453,Jahvon Frazier,Akron,REDG,EDGE,67,jahvon frazier,-0.07817745529885274,-0.03524784405804613,220.0
33454,Ronald Hull,Akron,DT,DT,76,ronald hull,-0.025411949919974596,0.06678914694948505,472.5
33456,Emmet Rhoades,South Carolina,TE,TE,71,emmet rhoades,-0.030084242626703152,-0.005445508568587328,74.0
33458,Markus Boswell,Texas,SAM,LB,68,markus boswell,-0.010573534320153543,-0.001546325337595388,31.0
33461,Caden Britton,Ball State,TE,TE,63,caden britton,-0.014518563712977996,-0.009857181593875003,14.0
33464,Elijah Jackson,Ball State,HB,RB,74,elijah jackson,-0.30327086716421886,-0.13528683839433925,239.5
33466,Mar'Kel Porter,Northwestern,HB,RB,72,markel porter,-0.04748863845032784,-0.028550981762282945,27.0
33467,Winn Sharp,Bowling Green,WR,WR,70,winn sharp,-0.10654363813702691,-0.04320487763473746,283.0
33470,Quillan Jimenez,Bowling Green,TE,TE,59,quillan jimenez,-0.00987564320863438,-0.005214261089531388,14.0
33473,Alex Harris,Bowling Green,LT,OL,64,alex harris,-0.037967454637512825,-0.02803535144888521,91.0
33475,Terrance Shelton Jr.,Buffalo,HB,RB,76,terrance shelton,-0.1618520701835458,0.1253690562518016,409.5
33476,Tyrell Simmons Jr.,Buffalo,WR,WR,74,tyrell simmons,-0.004920768547324176,0.019139007968563167,107.5
33478,Jeremiah Watkins,Buffalo,WR,WR,69,jeremiah watkins,-0.028277377877597664,-0.019884432581357896,37.5
33479,John Keough,Buffalo,SS,SAF,69,john keough,-0.09422422778391343,-0.05656225424025834,205.0
33484,Ronnell Davis,Buffalo,FS,SAF,69,ronnell davis,-0.048901705519219234,-0.03062186957973786,99.5
33485,Kobi Blackwell,Buffalo,CB,CB,82,kobi blackwell,0.12114641282365571,0.24230773746775588,659.5
33486,Paul Clark,Buffalo,LG,OL,68,paul clark,-0.021528701808089475,-0.011596598619461863,91.0
33489,Ray Hester,Eastern Michigan,FS,SAF,67,ray hester,-0.03965098044000574,-0.02137114450052437,99.5
33492,Juan Salas,Eastern Michigan,FS,SAF,66,juan salas,-0.024163291368141743,-0.017182047491756895,38.0
33493,Dennis Strey Jr.,Eastern Michigan,RT,OL,63,dennis strey,-0.04646835236961923,-0.03653624918099162,91.0
33495,Da'Realyst Clark,Kent State,WR,WR,79,darealyst clark,-0.07492223994405535,0.015945381129900557,406.0
33496,Thomas Aden,Kent State,DT,DT,75,thomas aden,-0.005924049851513586,0.08627704701794607,472.5
33497,Tommy Arnold,Kent State,TE,TE,67,tommy arnold,-0.02500574240095499,-0.012519897439071974,37.5
33498,Martell Buchanan,Kent State,FS,SAF,67,martell buchanan,-0.04367455058103598,-0.025394714641554607,99.5
33499,Jaxon Dunn,Kent State,RG,OL,71,jaxon dunn,-0.051120434690255484,0.02779067086334633,723.0
33501,Ayden Harris,Kent State,HB,RB,70,ayden harris,-0.0950749752375893,-0.05930384593794897,51.0
33502,Wayne Harris,Kent State,WR,WR,81,wayne harris,0.20593870242533552,0.3309376343706665,558.5
33507,Jacob Schorsch,Miami (OH),RG,OL,73,jacob schorsch,-0.014002287010664059,0.05666844721610934,647.5
33508,Brady Simmons,Miami (OH),WR,WR,71,brady simmons,-0.01790795799296462,-0.00951501269672485,37.5
33509,Toney Coleman Jr.,Miami (OH),CB,CB,70,toney coleman,-0.04387489348960829,-0.0016199963430684281,230.0
33512,William Goodvine III,Miami (OH),DT,DT,67,william goodvine,-0.09215111973038088,-0.05097771985851636,211.0
33516,D'Shawntae Jones,Miami (OH),HB,RB,76,dshawntae jones,-0.32326372952186405,-0.15527970075198438,239.5
33518,Kris Manu,Miami (OH),C,OL,77,kris manu,0.009688457131649258,0.08859956268525107,723.0
33519,Kaleb Martin,Miami (OH),CB,CB,76,kaleb martin,-0.07353113188057753,0.024941150165271896,536.0
33520,Luke Myers,Miami (OH),WILL,LB,65,luke myers,-0.05282390080789851,-0.030692678786143034,76.0
33522,Lane Mahnesmith,Northern Illinois,RT,OL,70,lane mahnesmith,-0.10663066187667981,-0.027719556323078,723.0
33525,Taylor Powell,Fresno State,CB,CB,73,taylor powell,-0.0030739928710734913,0.03918090427546637,230.0
33526,Dev'ion Reynolds,Northern Illinois,CB,CB,76,devion reynolds,0.06709628362458238,0.18825760826868254,659.5
33529,Rickey Taylor Jr.,Northern Illinois,WR,WR,72,rickey taylor,-0.013862101131742428,-0.005469155835502658,37.5
33531,Logan Gross,Northern Illinois,C,OL,67,logan gross,-0.017734151560322042,-0.007802048371694428,91.0
33532,Ben Gustafson,Northern Illinois,LT,OL,65,ben gustafson,-0.023402863915061547,-0.013470760726433936,91.0
33533,La'Don Bryant,Northern Illinois,WR,WR,73,ladon bryant,-0.06126266154063806,0.0020760989616514084,283.0
33535,DJ Morton,Ohio,FS,SAF,67,dj morton,-0.09865865239542228,-0.060996678851767176,205.0
33539,Nathan Hale,Ohio,DT,DT,74,nathan hale,-0.03629614738344943,0.004877252488415096,211.0
33540,JT Haskins,Ohio,FS,SAF,72,jt haskins,-0.21340870388967767,-0.10510756533365485,589.5
33541,Evan Herrmann,Ohio,REDG,EDGE,72,evan herrmann,0.05251912988377143,0.1368172755929917,432.0
33544,Jediyah Willoughby,UConn,WR,WR,67,jediyah willoughby,-0.030807529098454783,-0.02241458380221501,37.5
33545,Tyler McKinstry,UConn,CB,CB,68,tyler mckinstry,-0.019435722949700914,-0.01282191296154685,36.0
33547,Cooper Rusk,Toledo,WR,WR,69,cooper rusk,-0.02312011029387222,-0.01472716499763245,37.5
33548,Bryson Hammer,Toledo,WR,WR,69,bryson hammer,-0.027902231927206655,-0.019509286630966884,37.5
33549,Anthony Boswell,Houston,C,OL,85,anthony boswell,0.3553249100628869,0.44007521913947306,776.5
33550,Malachi Davis,Rutgers,LEDG,EDGE,79,malachi davis,0.16918742124750588,0.25348556695672614,432.0
33551,Andrew Baker,Western Michigan,WILL,LB,64,andrew baker,-0.10820775093643938,-0.05593729892453005,179.5
33553,Micah Davis,Western Michigan,FS,SAF,76,micah davis,-0.08408750006826178,0.024213638487761032,589.5
33555,Mason Reynolds,Western Michigan,QB,QB,63,mason reynolds,-0.04306555996133986,-0.023002910395466005,22.0
33556,Joey Pope,Western Michigan,SS,SAF,78,joey pope,0.02713088484858557,0.15150725601470508,677.0
33557,Chapman Pendergrass,Clemson,C,OL,71,chapman pendergrass,0.0013628849051767525,0.011294988093804366,91.0
33560,Jaylin Reese,Air Force,REDG,EDGE,75,jaylin reese,-0.0408634308523651,0.06167979963419797,525.5
33561,Liam Szarka,Air Force,QB,QB,82,liam szarka,0.2879729061244941,0.923594121916043,697.0
33562,Owen Chambers,Air Force,WR,WR,70,owen chambers,-0.1243876886110741,-0.06104892810878463,283.0
33563,Dallas Daley,Air Force,MIKE,LB,75,dallas daley,-0.04602040273216456,0.04468848752805691,311.5
33564,Nathan Elwood,Air Force,LT,OL,82,nathan elwood,0.12108924938070167,0.2000003549343035,723.0
33565,Blake Fletcher,Air Force,WILL,LB,84,blake fletcher,0.20682517700805,0.3974157666559311,654.5
33567,Miles Walker,Boise State,C,OL,69,miles walker,-0.009924256828568904,7.846360058709131e-06,91.0
33568,Boen Phelps,Boise State,WILL,LB,75,boen phelps,-0.05441681852615656,0.1361737711217245,654.5
33570,Ben Ford,Boise State,WR,WR,80,ben ford,0.09862869970503708,0.22362763165036806,558.5
33571,Max Cutforth,Boise State,QB,QB,70,max cutforth,-0.10391596518201193,-0.00998628766905709,103.0
33573,Stephon Daily,Colorado State,WR,WR,69,stephon daily,-0.016988335300628533,-0.008595390004388763,37.5
33575,Tommy Maher,Colorado State,WR,WR,78,tommy maher,0.05500202463563244,0.14586964570958832,406.0
33578,Ben Baker,Fresno State,C,OL,68,ben baker,-0.018802895924957156,-0.008870792736329543,91.0
33584,Ryan Wilson,Fresno State,SS,SAF,73,ryan wilson,-0.10396503975081772,-0.035897911956065474,370.5
33585,Judah Kaio,Hawai'i,RG,OL,67,judah kaio,-0.016156467286668554,-0.006224364098040941,91.0
33588,Tama Uiliata,Hawai'i,WR,WR,77,tama uiliata,-0.0074231382130863464,0.05591562228920312,283.0
33589,Riis Weber,Hawai'i,SS,SAF,67,riis weber,-0.029104642030787036,-0.010824806091305664,99.5
33590,Dean Briski,Hawai'i,LT,OL,72,dean briski,-0.03983381887711216,0.039077286676489645,723.0
33592,Junior Fiaui,Hawai'i,WILL,LB,65,junior fiaui,-0.10642343929368724,-0.054152987281777906,179.5
33595,Cade Keith,New Mexico,TE,TE,79,cade keith,0.06589018782660855,0.15595474948499138,270.5
33598,Drew Speech,New Mexico,SS,SAF,71,drew speech,-0.04368664099417905,-0.006024667450523952,205.0
33602,Malachi Finau,San Diego State,DT,DT,81,malachi finau,0.10376016256758064,0.1959612594370403,472.5
33603,Parker Threatt,San Diego State,WR,WR,67,parker threatt,-0.02121719183205939,-0.01282424653581962,37.5
33607,Naseri Danielson,San José State,MIKE,LB,63,naseri danielson,-0.021943317048855507,-0.01291610806629735,31.0
33609,Nassir Pitters,San José State,SAM,LB,62,nassir pitters,-0.02781445870816993,-0.018787249725611774,31.0
33611,Vili Taufatofua,Colorado,REDG,EDGE,73,vili taufatofua,0.015423863100879951,0.03796190900230342,115.5
33618,Mataira Brown,Utah State,MIKE,LB,67,mataira brown,-0.005894448160990011,0.0031327608215681443,31.0
33620,Kauasi Hansen,Utah State,LG,OL,59,kauasi hansen,-0.04198572405985995,-0.032053620871232334,91.0
33621,Will Holmes,Illinois,REDG,EDGE,71,will holmes,-0.11903936368258315,-0.03474121797336289,432.0
33622,K'leyone Iosua,Utah State,RG,OL,66,kleyone iosua,-0.020686253237897162,-0.010754150049269549,91.0
33623,Jones Thomas,Wyoming,FS,SAF,77,jones thomas,0.0024387859481187503,0.11073992450414157,589.5
33628,Zyeir Gamble,East Carolina,FS,SAF,78,zyeir gamble,0.12529574480791197,0.24967211597403147,677.0
33631,Colton Phares,App State,MIKE,LB,85,colton phares,0.3905002327252599,0.5810908223731409,654.5
33632,Brooks Yurachek,App State,WILL,LB,67,brooks yurachek,-0.03279319226796234,-0.010661970246206855,76.0
33633,Chauncy Cobb,Arkansas State,WR,WR,85,chauncy cobb,0.37246463969760973,0.4974635716429407,558.5
33643,Sahir West,UCLA,LEDG,EDGE,84,sahir west,0.30784932823797323,0.4103925587245363,525.5
33644,Zay Alexander,Louisiana,LT,OL,69,zay alexander,-0.018056243662631304,-0.00812414047400369,91.0
33645,Maurion Eleam,Louisiana,CB,CB,72,maurion eleam,-0.12730947986566352,-0.028837197819814104,536.0
33648,KeDarius Wade,Louisiana,WR,WR,67,kedarius wade,-0.11427304441136031,-0.07588930792322376,171.5
33650,Donovan Funsch,Georgia State,LG,OL,76,donovan funsch,0.027111885046792458,0.11437250591830649,799.5
33654,Jorian Haynes,Old Dominion,CB,CB,65,jorian haynes,-0.08815370364913826,-0.06592395341117598,121.0
33655,Holden Brown,Old Dominion,QB,QB,68,holden brown,-0.04449666228885166,-0.012122841398464309,35.5
33658,Caleb Dozier,South Alabama,WILL,LB,72,caleb dozier,0.04262366325842857,0.23321425290630965,654.5
33659,Kaleb Jackson,South Alabama,FS,SAF,71,kaleb jackson,-0.13815545610659566,-0.01377908494047616,677.0
33666,Mathis Haygood,Southern Miss,WILL,LB,72,mathis haygood,-0.019948837084507832,0.17064175256337322,654.5
33672,Rory Callahan,Central Michigan,RT,OL,65,rory callahan,-0.03316844725485192,-0.023236344066224303,91.0
33673,Victor Earl,Central Michigan,WILL,LB,70,victor earl,-0.046489279515140536,0.14410131013274052,654.5
33675,D.J. Bennett,Central Michigan,DT,DT,66,d j bennett,-0.09030232238761994,-0.06727643999482366,118.0
33677,Jaiyden Thompson,Middle Tennessee,WILL,LB,68,jaiyden thompson,-0.017615268545802282,0.07309362171441919,311.5
33680,Diego Blattler,Middle Tennessee,RT,OL,68,diego blattler,-0.02167497540113655,-0.011742872212508937,91.0
33681,Muaaz Byard,UAB,MIKE,LB,69,muaaz byard,-0.08595525809705798,0.061392088521471926,506.0
33682,Nahzae Cox,Kansas,WR,WR,81,nahzae cox,0.11551412033506468,0.17885288083735415,283.0
33684,KJ Miniefield,Middle Tennessee,CB,CB,67,kj miniefield,-0.030646875070067966,-0.024033065081913902,36.0
33687,Evan Poticher,Middle Tennessee,TE,TE,68,evan poticher,-0.0626938481699633,-0.010752733128529953,156.0
33689,Jake Polito,Navy,LG,OL,73,jake polito,-0.03643758211211135,0.03423315211466205,647.5
33698,Casey Smith,Navy,WR,WR,69,casey smith,-0.18215144226571364,-0.11881268176342417,283.0
33700,Vic Listorti,Navy,FB,RB,79,vic listorti,-0.31174126256794005,-0.024520136132592647,409.5
33706,Connor Heater,Navy,LT,OL,73,connor heater,-0.032587254460820336,0.046323851092781476,723.0
33719,Tyler Rich,Tulsa,DT,DT,71,tyler rich,-0.0868689612514644,-0.045695561379599875,211.0
33720,Kamren Washington,Baylor,DT,DT,79,kamren washington,0.04375287334380428,0.12014806789278515,391.5
33721,Uche Iloh,Georgia Southern,LEDG,EDGE,69,uche iloh,-0.005862013303732311,0.0013579667685851653,37.0
33724,Michael Allen,Baylor,SS,SAF,63,michael allen,-0.033976437727898774,-0.026995193851513926,38.0
33725,Kyler Beaty,Baylor,CB,CB,69,kyler beaty,-0.02234006391445831,-0.015726253926304248,36.0
33727,Hawkins Polley,Baylor,TE,TE,65,hawkins polley,-0.007024294983851904,0.005461549978031113,37.5
33728,Caldra Williford,Tulsa,CB,CB,75,caldra williford,0.02451612644689303,0.06677102359343288,230.0
33730,Kaleb Gray,Kennesaw State,CB,CB,65,kaleb gray,-0.02006609804691889,-0.013452288058764826,36.0
33733,Jayden Lawton,Texas State,CB,CB,64,jayden lawton,-0.020032210342241622,-0.013418400354087557,36.0
33734,Elijah Simmons,Florida International,DT,DT,63,elijah simmons,-0.09738103483146528,-0.074355152438669,118.0
33737,Bryen Spaulding,Sam Houston,REDG,EDGE,65,bryen spaulding,-0.014974457123214054,-0.007754477050896576,37.0
33740,Whitt Newbauer,Oklahoma,QB,QB,76,whitt newbauer,-0.0028912244917980523,0.029482596398589297,35.5
33741,Jabriel Rhodes-Nelson,Georgia State,REDG,EDGE,76,jabriel rhodes nelson,0.07502365813207287,0.17756688861863595,525.5
33746,Dennis Palmer,Troy,HB,RB,71,dennis palmer,-0.052911114611859926,-0.033622760577740135,27.5
33747,Isaiah Spencer,Ole Miss,WR,WR,74,isaiah spencer,-0.012699668739021138,-0.004306723442781368,37.5
33749,Donovan Haslam,Tennessee,RG,OL,73,donovan haslam,-0.014533336303622227,-0.004601233114994614,91.0
33753,E'Lla Boykin,Boston College,LEDG,EDGE,77,ella boykin,-0.06473145394422222,0.01956669176499804,432.0
33761,Nakian Jackson,James Madison,WILL,LB,72,nakian jackson,0.033706838218839595,0.12441572847906106,311.5
33762,Colin Chase,Temple,WR,WR,82,colin chase,0.17539011492556686,0.2662577359995228,406.0
33763,CharMar Brown,Miami,HB,RB,85,charmar brown,0.19374839148571749,0.3617324202555971,239.5
33764,Jer'Michael Carter,Oklahoma,WR,WR,76,jermichael carter,-4.898997606655509e-05,0.008343955320173214,37.5
33767,DeKalon Taylor,Colorado,HB,RB,76,dekalon taylor,-0.019750026818273335,0.06582012562400355,122.0
33768,Josh Schell,UCF,REDG,EDGE,68,josh schell,-0.0029322271376348184,0.004287752934682657,37.0
33769,JoJo Bermudez,Temple,WR,WR,83,jojo bermudez,0.2698231825788829,0.39482211452421384,558.5
33771,Jayden Whaley,Liberty,FS,SAF,68,jayden whaley,-0.10264588634094926,-0.06498391279729418,205.0
33774,Joshua Daniel,Coastal Carolina,LG,OL,65,joshua daniel,-0.03738992372190713,-0.02745782053327952,91.0
33775,Kristos Fernandez,Charlotte,LT,OL,70,kristos fernandez,-0.1678858101656936,-0.0972150759389202,647.5
33776,Jaylen Bonelli,Arkansas State,WR,WR,73,jaylen bonelli,-0.055413702111934665,-0.017029965623798115,171.5
33777,Chris Gacayan II,Tulsa,TE,TE,66,chris gacayan,-0.1326459962385207,-0.04258143458013787,270.5
33778,EJ Smith,Nevada,MIKE,LB,72,ej smith,0.020432706360722464,0.21102329600860353,654.5
33779,Bryson Snelling,Nevada,CB,CB,74,bryson snelling,0.00047572075284724126,0.06927771632406106,374.5
33782,Jack MacKinnon,Nevada,MIKE,LB,66,jack mackinnon,-0.09787266853392214,0.04947467808460776,506.0
33785,Bryce Echols,Nevada,DT,DT,71,bryce echols,-0.08464788980394604,-0.008252695254965166,391.5
33787,Turner Schmidt,James Madison,REDG,EDGE,69,turner schmidt,-0.13274520711469848,-0.08981559587389185,220.0
33793,MJ Cannon,Cincinnati,CB,CB,78,mj cannon,0.14196492071488992,0.24043720276073935,536.0
33794,Carson Conklin,Sacramento State,QB,QB,73,carson conklin,-0.32291572808455227,0.3127054877069966,697.0
33796,Gavin Edwards,Maryland,FS,SAF,69,gavin edwards,-0.05829305344199793,-0.04001321750251656,99.5
33800,Chris Joines,Rutgers,FS,SAF,75,chris joines,0.02764039699048338,0.1359415355465062,589.5
33801,Jordan Larsen,Duke,LG,OL,75,jordan larsen,0.009744698596156936,0.08865580414975874,723.0
33802,Josh Anglin,Kennesaw State,WILL,LB,66,josh anglin,-0.017233151764593408,-0.008205942782035253,31.0
33805,Moshood Giwa,Rutgers,LT,OL,75,moshood giwa,-0.029876172650716855,0.04903493290288496,723.0
33807,Sedrick Smith,Colorado,DT,DT,72,sedrick smith,-0.10522868639162433,-0.04717614391826084,297.5
33808,Nathan Knapik,Illinois,RT,OL,75,nathan knapik,0.013335981671119594,0.06970885306591258,516.5
33810,Owen Spell,UCF,RT,OL,73,owen spell,-0.009609086018053551,0.0003230171705740619,91.0
33815,Dylan Manuel,Colorado,DT,DT,79,dylan manuel,0.05758753261108275,0.1497886294805424,472.5
33819,Nate Chandler,Toledo,DT,DT,70,nate chandler,-0.14011844225815115,-0.047917345388691475,472.5
33821,Jaylen Booker,South Alabama,LT,OL,67,jaylen booker,-0.1302620003252082,-0.07388912893041523,516.5
33826,Saint Farrior,Auburn,DT,DT,72,saint farrior,-0.011357529751647114,-0.0033570112931331545,41.0
33827,Eriq George,Bowling Green,LEDG,EDGE,77,eriq george,0.09341495685555597,0.17771310256477624,432.0
33828,Baylor Hayes,Tulsa,QB,QB,74,baylor hayes,-0.2262329797436884,0.4093882360478605,697.0
33829,Ahmad Robinson,App State,CB,CB,71,ahmad robinson,-0.03138618127611411,-0.009156431038151837,121.0
33830,Ben Bogle,Arkansas,MIKE,LB,76,ben bogle,0.08894543195762995,0.17965432221785144,311.5
33832,George Wilson,South Carolina,LEDG,EDGE,71,george wilson,0.0016120563663128377,0.008832036438630314,37.0
33833,Gary Bryant III,Syracuse,WILL,LB,72,gary bryant,0.0020239410780142756,0.09273283133823575,311.5
33834,Caleb Sandstrom,App State,REDG,EDGE,75,caleb sandstrom,0.03880546374565642,0.1413486942322195,525.5
33837,Jaylon Stone,Vanderbilt,DT,DT,71,jaylon stone,-0.006543216059649974,0.001457302398863986,41.0
33840,Zach Cochnauer,Nevada,RT,OL,84,zach cochnauer,0.22912507053452277,0.3163856914060368,799.5
33841,Leroy Harris III,Kansas,REDG,EDGE,73,leroy harris,0.03217664743748043,0.09227810317460969,308.0
33842,Jaylen Moson,South Alabama,CB,CB,71,jaylen moson,-0.06426543428033041,-0.022010537133790555,230.0
33846,Cyncir Bowers,UConn,HB,RB,76,cyncir bowers,-0.14738545999502886,0.02059856877485075,239.5
33847,Rudy Vargas Jr.,North Texas,DT,DT,71,rudy vargas,-0.061178664816528006,-0.02000526494466348,211.0
33852,Yousef Mugharbil,NC State,LG,OL,69,yousef mugharbil,-0.018702088008136792,-0.00876998481950918,91.0
33853,Zane Williams,NC State,MIKE,LB,68,zane williams,0.0005871854071045983,0.009614394389662755,31.0
33856,Khamani Hudson,California,CB,CB,72,khamani hudson,-0.014221246973657575,-0.007607436985503511,36.0
33858,Christian Pritchett,Kansas,FS,SAF,71,christian pritchett,-0.06957194191380699,-0.03190996837015189,205.0
33862,Micah Carter,Louisville,LEDG,EDGE,73,micah carter,0.012505916232514552,0.035043962133938025,115.5
33866,Richard Kramer,Georgia State,LEDG,EDGE,70,richard kramer,-0.1433061426078398,-0.08320468687071055,308.0
33867,Delvon Gulley,UAB,CB,CB,74,delvon gulley,-0.03295322768885043,0.08820809695524973,659.5
33872,Shane Payton Hodges,Jacksonville State,REDG,EDGE,69,shane payton hodges,-0.10586575650644402,-0.0629361452656374,220.0
33873,Colton Pitchford,Jacksonville State,WR,WR,68,colton pitchford,-0.021302058025184582,-0.012909112728944811,37.5
33875,Deondre Johnson,Jacksonville State,WR,WR,84,deondre johnson,0.2571017821137504,0.3821007140590814,558.5
33876,Jahkai Lang,SMU,REDG,EDGE,75,jahkai lang,0.015756562734928384,0.07585801847205764,308.0
33881,Jason Hewlett,Boston College,MIKE,LB,64,jason hewlett,-0.011657974091522996,-0.00263076510896484,31.0
33882,Tre Richardson,Louisville,WR,WR,86,tre richardson,0.44080870621796814,0.5658076381632992,558.5
33883,Nolan Hay,South Carolina,C,OL,67,nolan hay,-0.015527826539787563,-0.0055957233511599504,91.0
33888,Justin Cook,Pittsburgh,HB,RB,72,justin cook,-0.10453030919734906,-0.06875917989770872,51.0
33889,Landen Thomas,Florida State,TE,TE,76,landen thomas,0.0185933774027933,0.07053449244422666,156.0
33890,Tony Boggs,Duke,LG,OL,70,tony boggs,-0.01592973295185502,-0.005997629763227408,91.0
33891,Samuel Singleton Jr.,Florida State,HB,RB,81,samuel singleton,-0.004089900484419203,0.08148025195785769,122.0
33892,Ty Hudkins,Iowa,SS,SAF,71,ty hudkins,-0.018594150114270538,-0.0003143141747891637,99.5
33894,Tyler McMillan,Eastern Michigan,RG,OL,70,tyler mcmillan,-0.14349551047588122,-0.07282477624910783,647.5
33897,Nick Taylor,West Virginia,CB,CB,73,nick taylor,-0.07395469501512343,-0.03169979786858357,230.0
33898,Aymeric Koumba,UCF,REDG,EDGE,68,aymeric koumba,-0.019994928545853517,-0.012774948473536041,37.0
33899,Dylan Kinney,TCU,LG,OL,70,dylan kinney,-0.017418630157470062,-0.007486526968842451,91.0
33901,Cam Abshire,UConn,WR,WR,70,cam abshire,-0.05194937363313403,-0.013565637144997485,171.5
33902,Myles Parker,Houston,DT,DT,69,myles parker,-0.0771874126049994,-0.03601401273313486,211.0
33903,Teon Parks,TCU,CB,CB,71,teon parks,-0.02469240694305075,-0.0024626567050884712,121.0
33904,Joe Cotton,Cincinnati,LT,OL,83,joe cotton,0.18572744450921724,0.26463855006281906,723.0
33906,Cannon DeVries,BYU,CB,CB,67,cannon devries,-0.0245565310745752,-0.017942721086421132,36.0
33907,Ethan Thomason,BYU,RT,OL,70,ethan thomason,-0.021174223063730437,-0.011242119875102825,91.0
33911,Dylan Gentry,Jacksonville State,WR,WR,69,dylan gentry,-0.058871600161421414,-0.03481182364553407,107.5
33912,Jeremiah Orr,Jacksonville State,RT,OL,75,jeremiah orr,-0.008670359676707023,0.07607994939987915,776.5
33916,Pooh Lawton,Temple,SS,SAF,71,pooh lawton,-0.07685849902622123,-0.03919652548256614,205.0
33918,Beni Mwamba,Memphis,SS,SAF,68,beni mwamba,-0.03645375341821517,-0.018173917478733793,99.5
33919,Crews Law,East Carolina,MIKE,LB,67,crews law,-0.052680516546200755,-0.00041006453429143214,179.5
33922,Justin Terry,Virginia Tech,LT,OL,72,justin terry,-0.01264319923233287,-0.0027110960437052587,91.0
33926,Grayson Cutchlow,Missouri State,MIKE,LB,63,grayson cutchlow,-0.009656053553666194,-0.0006288445711080368,31.0
33931,Sone Falealo,Washington State,LG,OL,69,sone falealo,-0.01872799634911349,-0.008795893160485874,91.0
33935,Ezekiel Avit,Fresno State,WR,WR,77,ezekiel avit,0.06854902885694063,0.15941664993089652,406.0
33937,Derek Ganter Jr.,Boise State,SS,SAF,71,derek ganter,-0.07127644477522521,0.037024693780797605,589.5
33939,Keyon Washington,Iowa State,CB,CB,74,keyon washington,0.004127571703954367,0.07292956727516818,374.5
33941,Cole Searight,Army,SAM,LB,72,cole searight,-0.047128783662307557,0.1434618059855735,654.5
33942,Devan Moss,Army,CB,CB,67,devan moss,-0.13012941852827498,-0.08787452138173513,230.0
33943,Brady Mott,Army,HB,RB,69,brady mott,-0.056394190006407684,-0.03710583597228789,27.5
33944,Tim Kloska,Army,HB,RB,70,tim kloska,-0.04815340923906866,-0.02886505520494887,27.5
33945,Larry Pickett Jr.,Army,FS,SAF,67,larry pickett,-0.11391143111295345,-0.07624945756929835,205.0
33947,CJ Martin,Army,SAM,LB,70,cj martin,-0.2946372820937415,-0.20392839183352007,311.5
33949,Christopher Williams,Army,SS,SAF,69,christopher williams,-0.1401094933738474,-0.07204236557909516,370.5
33952,Tyler Lee,Army,RT,OL,70,tyler lee,-0.017375153860375688,-0.007443050671748074,91.0
33953,Brandon Wraalstad,Army,RG,OL,71,brandon wraalstad,-0.08954892962649195,-0.018878195399718557,647.5
33954,Kyle Kloska,Army,LG,OL,71,kyle kloska,-0.07581468993154841,-0.019441818536755424,516.5
33956,Brian Dyer,Army,TE,TE,65,brian dyer,-0.029637439025608198,-0.004998704967492375,74.0
33957,Kurt Thompson,Army,WR,WR,60,kurt thompson,-0.04865484781701917,-0.0402619025207794,37.5
33959,Dillon Stowers,Army,DT,DT,70,dillon stowers,-0.18778976291201396,-0.11139456836303312,391.5
33960,Cael Newton,Army,REDG,EDGE,67,cael newton,-0.044996553416481254,-0.02245850751505778,115.5
33961,Reese Osei-Wusu,South Alabama,LT,OL,71,reese osei wusu,-0.08889560440921253,-0.009984498855610719,723.0
33962,Nate Forystek,South Alabama,TE,TE,65,nate forystek,-0.020939869788376916,-0.0084540248264939,37.5
33963,Carlos Moore,Maryland,RT,OL,69,carlos moore,-0.024630251224462357,-0.014698148035834746,91.0
33965,Noah Yeh,Fresno State,LEDG,EDGE,66,noah yeh,-0.014009994068675343,-0.006790013996357866,37.0
33967,Terrell Washington,North Texas,DT,DT,77,terrell washington,0.0007451943448539799,0.09294629121431364,472.5
33974,Jaylin Caldwell,Washington State,RT,OL,71,jaylin caldwell,-0.010119535716654282,-0.0001874325280266688,91.0
33975,Isaiah Crozier,UAB,CB,CB,72,isaiah crozier,-0.1516556329154249,-0.05318335086957546,536.0
33977,Lukas Sanker,Virginia,CB,CB,68,lukas sanker,-0.016663593205808916,-0.010049783217654852,36.0
33978,Austin Yelder,Missouri State,SAM,LB,63,austin yelder,-0.005030612981546914,0.003996596001011241,31.0
33982,Nolan Wilson,UL Monroe,TE,TE,62,nolan wilson,-0.02406823150083581,-0.011582386538952792,37.5
33984,Jonathan Bibbs,UCF,WR,WR,80,jonathan bibbs,0.16845158691766807,0.25931920799162395,406.0
33985,Jaeden Calender,UL Monroe,LEDG,EDGE,73,jaeden calender,-0.04881049545451214,0.053732735032050935,525.5
33989,Karson Boschma,Oregon State,WR,WR,71,karson boschma,-0.01267591039065255,-0.004282965094412781,37.5
33990,Milan Clark,Oregon State,SS,SAF,69,milan clark,-0.28567574888212693,-0.1773746103261041,589.5
33991,Jhae Drummer,Oregon State,WR,WR,71,jhae drummer,-0.014082788856405069,-0.0056898435601652995,37.5
33992,Zander Esty,Boise State,LG,OL,67,zander esty,-0.01909176490138185,-0.009159661712754237,91.0
33993,Ben Hartman,Oregon State,LT,OL,67,ben hartman,-0.0184785317724301,-0.008546428583802484,91.0
33997,Luke Levengood,Oregon State,REDG,EDGE,72,luke levengood,-0.01700678610569977,0.06729135960352049,432.0
33999,Ryan Berger,Wake Forest,RG,OL,73,ryan berger,-0.000752647535071916,0.06991808669170148,647.5
34000,Dallas Wilson,Florida,WR,WR,84,dallas wilson,0.11418120502425072,0.17751996552654017,283.0
34001,Chase Stevens,Kennesaw State,C,OL,67,chase stevens,-0.01621267238953721,-0.006280569200909598,91.0
34004,Lyndon Ravare,New Mexico State,WR,WR,75,lyndon ravare,-0.026796413857207067,0.011587322630929483,171.5
34007,Jacob Poff,North Texas,TE,TE,59,jacob poff,-0.021522293931926034,-0.01536261041739708,18.5
34008,Solomone Langi,San José State,DT,DT,68,solomone langi,-0.17000824519212077,-0.09361305064313989,391.5
34009,Devan Lowe,Memphis,DT,DT,71,devan lowe,-0.00975083618874922,-0.0017503177302352602,41.0
34010,Antonio Wilson,Kansas,RT,OL,65,antonio wilson,-0.03942039546376351,-0.029488292275135893,91.0
34013,Marcus Harrison,Georgia,RG,OL,74,marcus harrison,-0.0005285528568940005,0.009403550331733611,91.0
34015,Jeremiah Williams,East Carolina,C,OL,65,jeremiah williams,-0.014853277287890734,-0.004921174099263121,91.0
34016,Santonyo Isaac,Eastern Michigan,WR,WR,70,santonyo isaac,-0.07997219176457504,-0.041588455276438493,171.5
34017,Donovan Turner,Sacramento State,SS,SAF,67,donovan turner,-0.02106202413165204,-0.014080780255267194,38.0
34018,Ronn Hardin,Eastern Michigan,REDG,EDGE,66,ronn hardin,-0.048026244332928854,-0.02548819843150538,115.5
34024,Omar Thornton,Miami,SS,SAF,82,omar thornton,0.1290273699328931,0.19709449772764534,370.5
34027,Gage Goldberg,Colorado,WILL,LB,68,gage goldberg,-0.02444962436658187,-0.0023184023448263886,76.0
34029,Alfonzo Allen Jr.,Florida,FS,SAF,74,alfonzo allen,-0.027539179631459108,0.010122793912195987,205.0
34030,Enoch Wangoy,Ole Miss,LT,OL,67,enoch wangoy,-0.027057840838820915,-0.0171257376501933,91.0
34031,Noel Portnjagin,James Madison,RG,OL,70,noel portnjagin,-0.020468455260259172,-0.010536352071631559,91.0
34033,Kingtriton Samuela,Georgia Southern,RG,OL,64,kingtriton samuela,-0.02158513139566164,-0.011653028207034025,91.0
34034,Jaylen Slaughter,Georgia Southern,LT,OL,68,jaylen slaughter,-0.02473203125933532,-0.014799928070707704,91.0
34038,Lautaimi Manuma,Hawai'i,RT,OL,64,lautaimi manuma,-0.025478175449655405,-0.015546072261027794,91.0
34040,Walker O'Steen,Jacksonville State,WILL,LB,81,walker osteen,0.3071460327322582,0.49773662238013927,654.5
34042,Deacon Rawls,James Madison,RT,OL,65,deacon rawls,-0.029632718353198213,-0.0197006151645706,91.0
34043,Ryan Davis,Baylor,REDG,EDGE,76,ryan davis,-0.0014559339368830232,0.02108211196454045,115.5
34045,Brodyn Bishop,Kent State,WILL,LB,61,brodyn bishop,-0.042163689125770364,-0.03313648014321221,31.0
34047,Andrew Martinez,Louisiana,RG,OL,66,andrew martinez,-0.025155906137918484,-0.01522380294929087,91.0
34050,Jayden Madkins,Tulsa,LEDG,EDGE,74,jayden madkins,0.06654285496329773,0.150841000672518,432.0
34052,Carter Guillaume,Oregon State,LG,OL,69,carter guillaume,-0.042806330643293325,0.013566540751499665,516.5
34053,Michael McMonigle,Maryland,LT,OL,72,michael mcmonigle,-0.006747979822326787,0.003184123366300826,91.0
34057,Leo Colombi,Miami (OH),FS,SAF,66,leo colombi,-0.06833821628833867,-0.0500583803488573,99.5
34058,Jermaine Agee,Miami (OH),FS,SAF,66,jermaine agee,-0.10572274863853623,-0.06806077509488113,205.0
34060,Chris Piwowarczyk,Michigan State,SAM,LB,68,chris piwowarczyk,-0.004514147324186692,0.004513061658371465,31.0
34062,Jack Yates,Duke,TE,TE,60,jack yates,-0.041093628015902314,-0.028607783054019297,37.5
34067,Val Kondratenko,Buffalo,LG,OL,65,val kondratenko,-0.02692528198501829,-0.01699317879639068,91.0
34069,TJ Lockhart,Mississippi State,LG,OL,68,tj lockhart,-0.01866601150597014,-0.008733908317342526,91.0
34072,Charleston French,North Carolina,HB,RB,74,charleston french,-0.04810086042680327,-0.012329731127162935,51.0
34074,Ross Liegel,Northern Illinois,LT,OL,74,ross liegel,0.018989875082915143,0.10374018415950131,776.5
34076,Ben Maldonado,Ohio,RG,OL,62,ben maldonado,-0.035323827979265046,-0.025391724790637435,91.0
34079,Taylor Heim,Oklahoma,WILL,LB,72,taylor heim,0.02901044317077592,0.08128089518268525,179.5
34081,Nuku Mafi,Purdue,RT,OL,71,nuku mafi,-0.024262351358961605,-0.014330248170333992,91.0
34083,AJ Ashworth,Old Dominion,MIKE,LB,66,aj ashworth,-0.007908037750377555,0.0011191712321806022,31.0
34084,Andy Jaffe,Ole Miss,SS,SAF,73,andy jaffe,-0.04041685937448308,-0.0027548858308279883,205.0
34089,Jiavani Cooley,Pittsburgh,RT,OL,70,jiavani cooley,-0.014030758378099646,-0.004098655189472034,91.0
34100,Michael Johnson Jr.,Baylor,WR,WR,67,michael johnson,-0.030556535726163677,-0.02216359042992391,37.5
34101,Duhron Goodman,Iowa State,FS,SAF,66,duhron goodman,-0.07640010424841154,-0.05812026830893016,99.5
34102,Jalen McIver,New Mexico,DT,DT,67,jalen mciver,-0.1742742924343541,-0.09787909788537323,391.5
34106,Eli Coenen,Michigan State,DT,DT,75,eli coenen,-0.01872298447036437,0.03932955800299912,297.5
34111,Hudson Hooper,TCU,MIKE,LB,65,hudson hooper,-0.025741776610572288,-0.0036105545888168084,76.0
34114,Kaden McFadden,TCU,SS,SAF,76,kaden mcfadden,0.009552999236269757,0.047214972779924855,205.0
34117,Gannon Gaubert,TCU,C,OL,65,gannon gaubert,-0.020278452214665222,-0.010346349026037609,91.0
34126,D'Anthis Upshaw Jr.,Texas Tech,C,OL,70,danthis upshaw,-0.012413805521342403,-0.0024817023327147894,91.0
34127,Jacob Kropchak,Toledo,RG,OL,63,jacob kropchak,-0.032865169024956266,-0.022933065836328655,91.0
34130,Gavyn Baker,Troy,MIKE,LB,64,gavyn baker,-0.011941983120918341,-0.002914774138360186,31.0
34132,Gerrod Henderson,Tulane,LEDG,EDGE,67,gerrod henderson,-0.018674598283549726,-0.01145461821123225,37.0
34141,Oluwafunto Akinshilo,Syracuse,LG,OL,67,oluwafunto akinshilo,-0.028516860356189448,-0.018584757167561833,91.0
34142,Amari Comier,San Diego State,DT,DT,77,amari comier,0.008281573157051664,0.08467676770603252,391.5
34152,Mike Tauteoli,Utah,DT,DT,66,mike tauteoli,-0.07361195501087946,-0.050586072618083185,118.0
34154,Reece Parmenter,Utah,LG,OL,72,reece parmenter,-0.015813615775061456,-0.005881512586433843,91.0
34158,Jaime Guerrero,UTEP,FS,SAF,66,jaime guerrero,-0.023006518668960668,-0.016025274792575823,38.0
34160,Latrell Noel,Rutgers,CB,CB,67,latrell noel,-0.013518924952323345,-0.00690511496416928,36.0
34166,Kameron Anthony,Rutgers,TE,TE,70,kameron anthony,0.01717475443162076,0.06911586947305412,156.0
34178,Phillip Gladney,Georgia Southern,CB,CB,64,phillip gladney,-0.023448332237427132,-0.01683452224927307,36.0
34182,Wyatt Mosier,UCLA,SAM,LB,60,wyatt mosier,-0.015054152586889897,-0.006026943604331742,31.0
34188,Elin Jones,Western Kentucky,REDG,EDGE,66,elin jones,-0.07134886482948516,-0.02841925358867854,220.0
34191,Roman Jones,Middle Tennessee,C,OL,61,roman jones,-0.0246743686741476,-0.014742265485519986,91.0
34193,Reggie Johnson,Middle Tennessee,REDG,EDGE,79,reggie johnson,0.19866503351316944,0.3012082639997325,525.5
34194,Matthew Blomquist,Middle Tennessee,SAM,LB,63,matthew blomquist,-0.08184616921181072,-0.05971494719005524,76.0
34198,Nate Lewis,San José State,LEDG,EDGE,71,nate lewis,-0.09414015966460627,-0.034038703927477015,308.0
34200,Lataj Wright,Western Kentucky,CB,CB,69,lataj wright,-0.13576626019973714,-0.06696426462852333,374.5
34202,Brady Van Bennekum,San José State,MIKE,LB,63,brady van bennekum,-0.015952795602869618,-0.006925586620311462,31.0
34203,Luke Richey,San José State,WILL,LB,63,luke richey,-0.015339508334153405,-0.00631229935159525,31.0
34204,C.J. Van Buren,Temple,RG,OL,65,c j van buren,-0.02284375550187378,-0.012911652313246168,91.0
34205,Liam Cassidy,Southern Miss,RG,OL,63,liam cassidy,-0.03259135564854958,-0.02265925245992196,91.0
34211,Jonathan Pennix,Troy,CB,CB,69,jonathan pennix,-0.08480310866395226,-0.0425482115174124,230.0
34212,Garrick Ponder,Baylor,REDG,EDGE,79,garrick ponder,0.12678702315944926,0.22933025364601234,525.5
34220,Samu Suominen,Massachusetts,RG,OL,63,samu suominen,-0.032514158825408146,-0.022582055636780538,91.0
34221,Marques White,SMU,LEDG,EDGE,84,marques white,0.27884192098705407,0.3813851514736171,525.5
34222,Saadiq Clements,Oklahoma State,DT,DT,77,saadiq clements,0.007321517106592002,0.04849491697845653,211.0
34223,Anthony Benford II,North Texas,CB,CB,68,anthony benford,-0.011988081599063683,-0.005374271610909619,36.0
34229,Noah Nelson,UAB,DT,DT,68,noah nelson,-0.07606238049023996,-0.053036498097443686,118.0
34230,Christopher Jones,Texas State,CB,CB,69,christopher jones,-0.043838046093909615,-0.02160829585594734,121.0
34232,Mitch Weisenborn,Coastal Carolina,TE,TE,63,mitch weisenborn,-0.03668588019708402,-0.024200035235201006,37.5
34234,Paxon Kettering,Duke,WR,WR,71,paxon kettering,-0.01994468355526915,-0.011551738259029382,37.5
34237,Brandon Rehmann,Delaware,WR,WR,73,brandon rehmann,-0.08064280956854963,-0.04225907308041309,171.5
34244,Trey Liebhardt,Central Michigan,CB,CB,67,trey liebhardt,-0.04998135908216685,-0.02775160884420458,121.0
34248,Landon Swanson,Central Michigan,TE,TE,67,landon swanson,-0.037353291401917635,0.014587823639515716,156.0
34250,Nasir Williams,Central Michigan,WR,WR,70,nasir williams,-0.042214401100657585,-0.018154624584770247,107.5
34251,Jamari Allen,Central Michigan,CB,CB,68,jamari allen,-0.07427402099873665,-0.03201912385219678,230.0
34255,Kendall Jones,Central Michigan,WR,WR,65,kendall jones,-0.030258191070575986,-0.021865245774336215,37.5
34256,Camden Kruisenga,Central Michigan,WR,WR,68,camden kruisenga,-0.02433792171765955,-0.01594497642141978,37.5
34257,Michael Robinson III,Southern Miss,CB,CB,69,michael robinson,-0.014471295434728542,-0.007857485446574476,36.0
34258,Caleb Irving,Charlotte,DT,DT,70,caleb irving,-0.08946940102593504,-0.048296001154070504,211.0
34263,Noah Patterson,Eastern Michigan,DT,DT,70,noah patterson,-0.14027477463152546,-0.08222223215816199,297.5
34265,Jon Ashford,Air Force,RG,OL,74,jon ashford,-0.005527022469890043,0.06514371175688335,647.5
34267,Mitchell Blakeslee,Air Force,TE,TE,65,mitchell blakeslee,-0.06775768031423367,-0.01581656527280031,156.0
34268,Rocco Conti,Air Force,HB,RB,74,rocco conti,-0.20629512745210551,-0.038311098682225875,239.5
34269,DeSean Davis,Air Force,REDG,EDGE,70,desean davis,-0.18526500813301802,-0.10096686242379775,432.0
34270,Jalen Davis,Air Force,LEDG,EDGE,68,jalen davis,-0.14057271380830977,-0.0804712580711805,308.0
34274,Roger Jones Jr.,Air Force,SS,SAF,81,roger jones,0.164168402676826,0.2885447738429455,677.0
34275,Gage LaDue,Air Force,FB,RB,72,gage ladue,-0.18010624065798198,-0.0945360882157051,122.0
34277,Matt Long,Air Force,WR,WR,71,matt long,-0.2922907867580459,-0.16729185481271489,558.5
34281,Henry Rickels,Air Force,LG,OL,66,henry rickels,-0.021939885789246688,-0.012007782600619077,91.0
34282,Mikhail Seiken,Air Force,CB,CB,71,mikhail seiken,-0.03173094078016642,0.066741341265683,536.0
34283,Griffin Stalfort,Air Force,TE,TE,66,griffin stalfort,-0.1640942609545809,-0.07402969929619803,270.5
34285,JT Tomescko,Air Force,FS,SAF,71,jt tomescko,-0.11394504552099982,-0.00564390696497701,589.5
34286,Rudy Varela,Air Force,C,OL,71,rudy varela,-0.0006023848449991109,0.009329718343628503,91.0
34288,Jet Wiley,Air Force,WR,WR,59,jet wiley,-0.262524445909211,-0.22414070942107445,171.5
34289,Vinnie Canosa,Air Force,MIKE,LB,69,vinnie canosa,-0.006365315531935367,0.0026618934506227898,31.0
34293,De'Andre Tamarez,Marshall,WR,WR,80,deandre tamarez,0.18762330398346788,0.2784909250574238,406.0
34295,Ivan Moore Jr.,Sacramento State,LEDG,EDGE,68,ivan moore,-0.17107464614011758,-0.11097319040298831,308.0
34299,Darien Jackson,Sam Houston,DT,DT,66,darien jackson,-0.08753325851952326,-0.06450737612672698,118.0
34300,She'Fon Boyd,Sam Houston,DT,DT,69,shefon boyd,-0.11166264008402738,-0.07048924021216285,211.0
34301,Chauncey Chidi,Sam Houston,LEDG,EDGE,71,chauncey chidi,-0.12085790905197684,-0.03655976334275657,432.0
34304,Tokyo Gordon,Sam Houston,MIKE,LB,71,tokyo gordon,0.0022912249963864123,0.054561677008295735,179.5
34307,Octavius Henderson,Sam Houston,CB,CB,65,octavius henderson,-0.13254650060643972,-0.09029160345989985,230.0
34308,Ray Lotten,New Mexico State,TE,TE,67,ray lotten,-0.013592314998842139,-0.0011064700369591202,37.5
34309,Ah'Marion Gaines-Smith,Sam Houston,HB,RB,71,ahmarion gaines smith,-0.08477555215775451,-0.04900442285811417,51.0
34310,Chris Reed,Sam Houston,WR,WR,83,chris reed,0.3161995363078952,0.4411984682532262,558.5
34311,Grady O'Neill,Sam Houston,WR,WR,82,grady oneill,0.15465021593957984,0.24551783701353577,406.0
34312,Tim Burns Jr.,Sam Houston,WR,WR,73,tim burns,-0.03379951617405681,-0.009739739658169468,107.5
34316,Eli Hohlt,Ball State,WR,WR,67,eli hohlt,-0.020000523803662015,-0.011607578507422245,37.5
34318,Blake Scriber,Ball State,LG,OL,62,blake scriber,-0.027495249186369322,-0.017563145997741707,91.0
34321,Reese Hill,Ball State,DT,DT,68,reese hill,-0.06810278231349434,-0.04507689992069807,118.0
34322,Tate Hoover,Ball State,TE,TE,71,tate hoover,-0.0017878221101831904,0.05015329293125016,156.0
34324,Spencer Vaka,Ball State,DT,DT,67,spencer vaka,-0.020219004509426586,-0.012218486050912625,41.0
34325,Khristian Zachary,Ball State,DT,DT,69,khristian zachary,-0.15346486573507775,-0.09541232326171425,297.5
34326,Mercury Swaim,New Mexico,WILL,LB,72,mercury swaim,-0.050498699288029976,0.09684864733049992,506.0
34329,Blane Cleaver,Bowling Green,TE,TE,73,blane cleaver,-0.03087910708707127,0.059185454571311566,270.5
34330,Eli Jacon-Duffy,Bowling Green,TE,TE,69,eli jacon duffy,-0.07801103700283761,-0.026069921961404258,156.0
34331,Hunter Najm,Bowling Green,QB,QB,67,hunter najm,-0.13055963079704452,-0.036629953284089675,103.0
34332,Cameron Pettaway,Iowa State,HB,RB,77,cameron pettaway,-0.17043188572409754,-0.002447856954217918,239.5
34333,Kaderris Roberts,Delaware,HB,RB,77,kaderris roberts,-0.13677666287990498,-0.05120651043762809,122.0
34334,Alexis Sanchez,Bowling Green,LG,OL,71,alexis sanchez,-0.10340265621499045,-0.016142035343476423,799.5
34335,Reis Stocksdale,Temple,WR,WR,72,reis stocksdale,-0.059444467978748125,-0.021060731490611575,171.5
34336,Jah'rie Garner,Tulane,REDG,EDGE,73,jahrie garner,-0.11388251883498697,-0.0295843731257667,432.0
34338,Joep Engbers,Liberty,LG,OL,80,joep engbers,0.08931777306751346,0.17406808214409963,776.5
34341,Ansel Nedore,Texas Tech,LEDG,EDGE,71,ansel nedore,-0.024012290136014507,0.018917321104792106,220.0
34342,Charles Anderson Jr.,Texas Tech,LEDG,EDGE,69,charles anderson,-0.04139581560928535,-0.018857769707861873,115.5
34346,Tae Floyd,Jacksonville State,REDG,EDGE,68,tae floyd,-0.045376026621882025,-0.022837980720458548,115.5
34347,Emmanuel Oyebadejo,Florida,LEDG,EDGE,80,emmanuel oyebadejo,0.16999547101286214,0.23009692674999138,308.0
34348,Reggie Jackson,Boston College,RT,OL,75,reggie jackson,0.031380049632268474,0.10205078385904187,647.5
34350,Lucas Mrachkovskiy,Jacksonville State,C,OL,78,lucas mrachkovskiy,0.12511520941928114,0.21237583029079515,799.5
34352,Amari Brundidge,UAB,HB,RB,73,amari brundidge,-0.06773694093075751,-0.03196581163111717,51.0
34356,Lane Condry,Louisiana Tech,DT,DT,68,lane condry,-0.24868434303852413,-0.17228914848954324,391.5
34357,Derek Reagans,Ohio,DT,DT,71,derek reagans,-0.05147527637930093,-0.02844939398650466,118.0
34364,Ahamad Chapman,UTSA,CB,CB,75,ahamad chapman,-0.07206285484947145,0.04909846979462872,659.5
34369,Ashton Rivera,California,RG,OL,70,ashton rivera,-0.0204010220107391,-0.010468918822111484,91.0
34373,Julien Laventure,Texas Tech,DT,DT,80,julien laventure,0.0766209081034199,0.11779430797528444,211.0
34374,Aamii Branch,Akron,CB,CB,66,aamii branch,-0.0162657163400991,-0.009651906351945036,36.0
34376,Catrell White,Akron,CB,CB,66,catrell white,-0.01764301880746856,-0.011029208819314497,36.0
34377,Deuce Bailey,Coastal Carolina,QB,QB,72,deuce bailey,-0.3419280567710772,0.2936931590204717,697.0
34378,Makai Cope,Missouri State,WR,WR,75,makai cope,0.01345633687875909,0.05184007336689564,171.5
34379,Jackson Kohl,Coastal Carolina,TE,TE,66,jackson kohl,-0.03196472651280593,-0.00732599245469011,74.0
34380,Myles Ewell,Missouri State,LG,OL,63,myles ewell,-0.03460391914339035,-0.02467181595476274,91.0
34381,Stephen Meitz,Missouri State,C,OL,59,stephen meitz,-0.045474598267199365,-0.035542495078571754,91.0
34382,Dezmond Barnes,Coastal Carolina,DT,DT,68,dezmond barnes,-0.09562428994146681,-0.054450890069602284,211.0
34384,Breylon McCuller,Missouri State,REDG,EDGE,66,breylon mcculler,-0.03629277264873619,0.006636838592070425,220.0
34385,Jayden McGee,Missouri State,DT,DT,66,jayden mcgee,-0.02618347767694712,-0.018182959218433162,41.0
34386,Ahmad Poole,Coastal Carolina,DT,DT,75,ahmad poole,-0.10617762033438534,-0.013976523464925677,472.5
34387,Braxton Starnes,Coastal Carolina,MIKE,LB,62,braxton starnes,-0.007572086615918088,0.0014551223666400674,31.0
34388,Caleb Olabode,Missouri State,MIKE,LB,62,caleb olabode,-0.02219676178352224,-0.013169552800964083,31.0
34389,Darryon Taylor,Missouri State,CB,CB,66,darryon taylor,-0.016165064548523553,-0.009551254560369489,36.0
34390,Koa Eldredge,Hawai'i,WR,WR,72,koa eldredge,-0.0122528056034612,-0.003859860307221429,37.5
34393,Frank Abreu,Hawai'i,TE,TE,64,frank abreu,-0.047274450727763054,-0.022635716669647237,74.0
34396,Zoram Petelo,Hawai'i,DT,DT,69,zoram petelo,-0.09661695253398232,-0.03856441006061884,297.5
34397,Ha'aheo Dela Cruz,Hawai'i,REDG,EDGE,64,haaheo dela cruz,-0.010016836090436788,-0.0027968560181193115,37.0
34400,Jack Mowrey,Hawai'i,TE,TE,60,jack mowrey,-0.029425168530032526,-0.01693932356814951,37.5
34403,Dane Benedix,Louisiana Tech,WR,WR,69,dane benedix,-0.019633759889262175,-0.011240814593022406,37.5
34408,Zachary Jackson,Louisiana Tech,CB,CB,65,zachary jackson,-0.0197815119770116,-0.013167701988857538,36.0
34409,Deven Muniz,Louisiana Tech,TE,TE,64,deven muniz,-0.05256058971218307,-0.027921855654067244,74.0
34410,Jordan McRae,Louisiana Tech,CB,CB,73,jordan mcrae,-0.12242803092145041,-0.0012667062773502392,659.5
34415,Coleson Fields,NC State,HB,RB,72,coleson fields,-0.19590355562471465,-0.11033340318243776,122.0
34416,Ashton Locklear,NC State,WR,WR,69,ashton locklear,-0.025291223430188702,-0.016898278133948934,37.5
34417,Michael Tate,NC State,CB,CB,65,michael tate,-0.02652840012253494,-0.019914590134380877,36.0
34424,Chris Henry,Coastal Carolina,FS,SAF,66,chris henry,-0.07715359821427593,-0.05887376227479457,99.5
34425,Tyler Moore,Colorado,DT,DT,72,tyler moore,-0.06537546437964734,-0.024202064507782808,211.0
34426,Adam Hill,Texas Tech,MIKE,LB,57,adam hill,-0.06717332908335895,-0.058146120100800794,31.0
34427,Adam Damante,New Mexico State,QB,QB,68,adam damante,-0.9032196921863326,-0.2675984763947837,697.0
34430,Jason Gwan,New Mexico State,DT,DT,70,jason gwan,-0.04188515740896921,-0.01885927501617294,118.0
34431,Tory Gethers,New Mexico State,WILL,LB,78,tory gethers,0.1323099615700722,0.2796573081886021,506.0
34433,Drew Spinogatti,UCLA,MIKE,LB,72,drew spinogatti,0.0031318168596959173,0.05540226887160524,179.5
34434,Tyler Brown,Iowa,FS,SAF,82,tyler brown,0.15719436117100866,0.26549549972703146,589.5
34436,Luke Raab,Purdue,TE,TE,65,luke raab,-0.026707904191877404,-0.014222059229994387,37.5
34437,Justin Schmidt,Pittsburgh,TE,TE,61,justin schmidt,-0.03959098032072469,-0.027105135358841674,37.5
34438,Myles Libman,New Mexico State,WR,WR,74,myles libman,-0.023492312079477263,0.0005674644364100775,107.5
34441,Amontrae Bradford,Georgia Tech,REDG,EDGE,76,amontrae bradford,0.04422529195907212,0.08715490319987874,220.0
34442,D.J. Moore,South Alabama,FS,SAF,70,d j moore,-0.2500193173726294,-0.1417181788166066,589.5
34447,Scotty Brennan,Arizona,WR,WR,63,scotty brennan,-0.04106237154739951,-0.03266942625115974,37.5
34448,Kayden Luke,West Virginia,FB,RB,73,kayden luke,-0.0382623642335337,-0.0024912349338933604,51.0
34450,Hunter Clegg,BYU,REDG,EDGE,72,hunter clegg,-0.001930714079699743,0.02060733182172373,115.5
34451,Kinilau Fonohema,BYU,REDG,EDGE,70,kinilau fonohema,0.0009805938323674038,0.00820057390468488,37.0
34453,Anthony Olsen,BYU,TE,TE,71,anthony olsen,-0.010282013074200506,0.014356720983915314,74.0
34456,Trevor Pay,BYU,C,OL,72,trevor pay,-0.006436900934769825,0.0034952022538577883,91.0
34457,Caleb Rollerson,UCF,WR,WR,70,caleb rollerson,-0.021712026880150257,-0.013319081583910488,37.5
34458,Thomas Wadsworth,UCF,TE,TE,68,thomas wadsworth,-0.006124651311942217,3.5032202586737695e-05,18.5
34460,Jeffson Lafontant,UCF,DT,DT,72,jeffson lafontant,-0.04470137616384599,-0.02167549377104972,118.0
34462,Jack Bousum,Army,REDG,EDGE,83,jack bousum,0.25521754523180296,0.35776077571836606,525.5
34464,Brady Anderson,Army,WR,WR,75,brady anderson,-0.07028938871215404,0.05470954323317693,558.5
34465,Khmari Johnson,Florida Atlantic,MIKE,LB,66,khmari johnson,-0.06247901377505785,-0.04034779175330237,76.0
34466,Earl Miller Jr.,Florida Atlantic,DT,DT,71,earl miller,-0.07007909871283811,-0.028905698840973583,211.0
34471,Zane Woodham,Tulsa,SS,SAF,67,zane woodham,-0.05721847928587571,-0.03893864334639434,99.5
34472,William Alexander,Tulsa,MIKE,LB,72,william alexander,-0.05481358739411041,0.03589530286611107,311.5
34474,Jonathan Allen,Virginia,DT,DT,77,jonathan allen,-0.006508689916828002,0.034664709955036524,211.0
34476,Andre Brown,Florida International,WR,WR,70,andre brown,-0.02801489787417907,-0.019621952577939302,37.5
34478,Akeem Neal,Florida International,LG,OL,68,akeem neal,-0.017528524549017873,-0.007596421360390259,91.0
34479,Maguire Anderson,Florida International,WR,WR,74,maguire anderson,-0.025720983068114732,0.03761777743417473,283.0
34481,Xion Chapman,Minnesota,DT,DT,68,xion chapman,-0.13107582049488084,-0.07302327802151735,297.5
34482,Caleb Nix,Jacksonville State,FS,SAF,85,caleb nix,0.2948425503495474,0.4192189215156669,677.0
34483,Jojo Odom,Louisiana Tech,LEDG,EDGE,67,jojo odom,-0.09343781364185702,-0.050508202401050396,220.0
34484,Sam Fongang,Louisiana Tech,SS,SAF,68,sam fongang,-0.10333428426238958,-0.06567231071873449,205.0
34486,Jaitlin Hampton,Louisiana Tech,CB,CB,72,jaitlin hampton,-0.1483166755719123,-0.0795146800006985,374.5
34487,Tristian Gardner,Coastal Carolina,WR,WR,77,tristian gardner,0.012912418820764401,0.1037800398947203,406.0
34489,Chace Biddle,UTEP,FS,SAF,71,chace biddle,-0.08720238263281704,-0.019135254838064785,370.5
34494,Terrence Thomas,Akron,CB,CB,72,terrence thomas,-0.0027685319933943415,0.03948636515314552,230.0
34496,Sean Patrick,Akron,HB,RB,76,sean patrick,-0.24202414134255507,-0.07404011257267544,239.5
34500,Mikey Crawford,Buffalo,CB,CB,70,mikey crawford,-0.04289276524616685,-0.020663015008204572,121.0
34502,Dominique Maiava,Central Michigan,DT,DT,65,dominique maiava,-0.0233797436779712,-0.01537922521945724,41.0
34503,Collin Payne,Central Michigan,WR,WR,72,collin payne,-0.06678820595061506,-0.0034494454483256017,283.0
34504,Korver Demma,Central Michigan,LEDG,EDGE,76,korver demma,0.04529796833639769,0.14784119882296076,525.5
34505,Nick Devereaux,Eastern Michigan,WR,WR,83,nick devereaux,0.3332265478663583,0.4582254798116893,558.5
34507,Caleb Coley,Eastern Michigan,CB,CB,73,caleb coley,-0.06928122387722724,0.02919105816862217,536.0
34508,Cade Wolford,Cincinnati,WR,WR,75,cade wolford,-0.026654266902088518,0.03668449360020094,283.0
34509,Terik Mulder,Kent State,TE,TE,75,terik mulder,0.0025003158891373743,0.0925648775475202,270.5
34510,Donovan Delaney Jr.,Kent State,HB,RB,71,donovan delaney,-0.13005517235384417,-0.04448501991156728,122.0
34512,Devin Bell,Miami (OH),LEDG,EDGE,66,devin bell,-0.010963816281561978,-0.0037438362092445015,37.0
34513,Brach Rice,Miami (OH),DT,DT,69,brach rice,-0.18167312042162687,-0.10527792587264602,391.5
34517,Amarian Louis,Western Michigan,FS,SAF,68,amarian louis,-0.06403992012822333,-0.04576008418874196,99.5
34519,Gabe Welch,Western Michigan,WILL,LB,60,gabe welch,-0.022948102672119827,-0.013920893689561672,31.0
34521,Jeremy Naborne-Owens,Nevada,REDG,EDGE,68,jeremy naborne owens,-0.1293750702372922,-0.10683702433586871,115.5
34522,Alton Tarber IV,Colorado State,DT,DT,71,alton tarber,-0.08192432600494305,-0.040750926133078534,211.0
34524,Cooper Wilson,Nevada,CB,CB,69,cooper wilson,-0.033247768513411984,-0.011018018275449707,121.0
34525,Jahmir Torres,New Mexico,CB,CB,66,jahmir torres,-0.009850538070214812,-0.0032367280820607474,36.0
34527,Velltray Jefferson,UNLV,TE,TE,70,velltray jefferson,-0.01207035644251581,0.012568377615600012,74.0
34528,Noah White,Utah State,HB,RB,73,noah white,-0.1601742167068172,-0.0746040642645403,122.0
34529,Kache Kaio,Utah State,TE,TE,67,kache kaio,-0.09307944710923624,-0.0030148854508534138,270.5
34530,Carson Tujague,Utah State,LEDG,EDGE,76,carson tujague,0.07065888482334275,0.130760340560472,308.0
34531,Tevita Tuha,Utah State,REDG,EDGE,68,tevita tuha,-0.04138451579387504,-0.018846469892451565,115.5
34535,Baker North,Arkansas State,RG,OL,72,baker north,0.003469919555680472,0.013402022744308085,91.0
34539,Jamarian Samuel,Georgia Southern,HB,RB,74,jamarian samuel,-0.21645239527788904,-0.04846836650800941,239.5
34543,Collin Jacob,Louisiana,FS,SAF,68,collin jacob,-0.34974696777646525,-0.24144582922044242,589.5
34544,Landon Strother,Louisiana,WR,WR,67,landon strother,-0.06964926899161586,-0.04558949247572852,107.5
34545,Landon Baptiste,Louisiana,WR,WR,65,landon baptiste,-0.035120389892699784,-0.026727444596460013,37.5
34546,Landon Graves,UL Monroe,QB,QB,66,landon graves,-0.03803692755176817,-0.005663106661380822,35.5
34548,Cooper Eldridge,UL Monroe,TE,TE,68,cooper eldridge,-0.03772912991652225,-0.013090395858406425,74.0
34552,Logan Cox,Old Dominion,RG,OL,69,logan cox,-0.1333915961778425,-0.05448049062424069,723.0
34553,Trey Caver,Old Dominion,SS,SAF,69,trey caver,-0.04217784466257003,-0.02389800872308866,99.5
34554,Zach Hobson,Akron,CB,CB,71,zach hobson,-0.029441810523438954,-0.00721206028547668,121.0
34557,Hayden Breal,Southern Miss,C,OL,65,hayden breal,-0.02895512505042801,-0.019023021861800396,91.0
34558,Cannon McClain,Southern Miss,SS,SAF,67,cannon mcclain,-0.04941490310053016,-0.03113506716104878,99.5
34559,Jabari Strait,Troy,CB,CB,66,jabari strait,-0.080196220181235,-0.05796646994327272,121.0
34560,DJ Epps,West Virginia,WR,WR,76,dj epps,-0.0018442269218461981,0.06149453358044327,283.0
34563,Baxter Turner,South Alabama,TE,TE,56,baxter turner,-0.035856444967300644,-0.029696761452771687,18.5
34564,Jack Ellison,Washington State,MIKE,LB,65,jack ellison,-0.021104875694635143,-0.012077666712076987,31.0
34566,Tyrese Boss,Arizona,CB,CB,78,tyrese boss,0.038917542436552446,0.10771953800776628,374.5
34570,Antonio Bottiggi,Kent State,LEDG,EDGE,65,antonio bottiggi,-0.019211575840243616,-0.01199159576792614,37.0
34572,King Miller,USC,HB,RB,87,king miller,0.177438652236606,0.34542268100648565,239.5
34574,Will Henderson III,UTSA,HB,RB,88,will henderson,0.30981963593224127,0.5970407623675886,409.5
34575,Micahi Danzy,Florida State,WR,WR,84,micahi danzy,0.20844824298533904,0.29931586405929494,406.0
47165,Peder Haugo,North Dakota State,SAM,LB,69,peder haugo,-0.024054307885859633,0.028216144126049694,179.5
66462,Ben Schepp,North Dakota State,SS,SAF,67,ben schepp,-0.04102924186316283,-0.02274940592368145,99.5
88820,Gage Schmidt,North Dakota State,C,OL,67,gage schmidt,-0.017302197605224022,-0.007370094416596409,91.0
94915,Taylen Eady,North Dakota State,FS,SAF,73,taylen eady,-0.05190132954787093,0.016165798246881316,370.5
96298,Onterrio Smith Jr.,Sacramento State,WR,WR,71,onterrio smith,-0.11752470192622247,-0.05418594142393301,283.0
114228,Darius Givance,North Dakota State,SS,SAF,79,darius givance,0.1335164862229301,0.2578928573890496,677.0
123878,Gabriel Cunningham,North Dakota State,TE,TE,62,gabriel cunningham,-0.011547802321572759,-0.005388118807043804,18.5
126173,Guy Fernandez III,Sacramento State,WR,WR,65,guy fernandez,-0.027544519285186815,-0.019151573988947044,37.5
127646,Allante Burley,North Dakota State,LEDG,EDGE,65,allante burley,-0.11199695073294709,-0.06906733949214047,220.0
140508,Jaxon Fresques,Sacramento State,WR,WR,64,jaxon fresques,-0.0368146691901873,-0.028421723893947527,37.5
144817,Reis Kessel,North Dakota State,TE,TE,75,reis kessel,0.020577574966111293,0.11064213662449413,270.5
145327,DJ Voltz,North Dakota State,CB,CB,72,dj voltz,-0.11125570217742448,0.00990562246667569,659.5
163413,Kaden Zenzen,North Dakota State,TE,TE,61,kaden zenzen,-0.006719144271703488,-0.002057762152600495,14.0
172299,Jiah Walls,Sacramento State,WILL,LB,64,jiah walls,-0.013361088212652741,-0.0043338792300945846,31.0
177827,Nate Tastad,North Dakota State,RG,OL,74,nate tastad,-0.040874602877190025,0.03803650267641178,723.0
200502,Ryder Langsdale,Rutgers,LT,OL,73,ryder langsdale,-0.007001558949219961,0.002930544239407651,91.0
200504,Tyson McCrary,Georgia State,CB,CB,72,tyson mccrary,-0.057880695697743845,0.010921299873469969,374.5
200505,D.J. Crowther,South Florida,HB,RB,77,d j crowther,-0.14014446467841268,0.02783956409146694,239.5
200506,Jason Collins Jr.,South Florida,HB,RB,77,jason collins,-0.0875318276640447,-0.0019616752217678163,122.0
200507,Major Dillard,South Florida,DT,DT,78,major dillard,0.05551143869422608,0.11356398116758958,297.5
200509,Steve Chavez-Soto,Utah,HB,RB,77,steve chavez soto,-0.12056052590627543,-0.03499037346399854,122.0
200513,LaDainian Fields,Oklahoma State,CB,CB,76,ladainian fields,-0.01842215201655332,0.08005013002929609,536.0
200891,Nathan Hayes,North Dakota State,QB,QB,74,nathan hayes,-0.17249518769695732,0.4631260280945915,697.0
201504,Keisean Henderson,Houston,QB,QB,81,keisean henderson,0.12145583914434396,0.21538551665729883,103.0
201506,Bowe Bentley,Oklahoma,QB,QB,76,bowe bentley,-0.007131151219740071,0.08679852629321477,103.0
201507,Landon Duckworth,South Carolina,QB,QB,74,landon duckworth,-0.1097382303743841,-0.015808552861429254,103.0
201508,Jake Fette,Arizona State,QB,QB,74,jake fette,-0.014035975442433183,0.018337845447954165,35.5
201510,Jonas Williams,USC,QB,QB,76,jonas williams,0.019216684170982268,0.11314636168393712,103.0
201511,Bryson Beaver,Georgia,QB,QB,70,bryson beaver,-0.031372895396228756,0.06255678211672609,103.0
201513,Oscar Rios,Arizona,QB,QB,73,oscar rios,-0.04323456272539617,0.05069511478755868,103.0
201519,Brady Smigiel,Michigan,QB,QB,73,brady smigiel,-0.016047230906279863,0.004015418659593988,22.0
201520,Troy Huhn,Virginia Tech,QB,QB,68,troy huhn,-0.020995491112399234,-0.0009328415465253829,22.0
201521,Helaman Casuga,Texas A&M,QB,QB,73,helaman casuga,-0.010286869607196446,0.022086951283190905,35.5
201523,Tait Reynolds,Clemson,QB,QB,74,tait reynolds,0.0022066993317249027,0.034580520222112256,35.5
201524,Noah Grubbs,Notre Dame,QB,QB,72,noah grubbs,-0.011102669742516332,0.021271151147871016,35.5
201527,Kayd Coffman,Michigan State,QB,QB,69,kayd coffman,-0.02443986000572287,0.007933960884664481,35.5
201528,Grant Lawless,Wake Forest,QB,QB,72,grant lawless,-0.026273519156037338,0.006100301734350011,35.5
201529,Briggs Cherry,Louisville,QB,QB,74,briggs cherry,-0.015290749003104205,0.07863892850985064,103.0
201530,Gavin Sidwar,Missouri,QB,QB,67,gavin sidwar,-0.024679063458559726,-0.004616413892685876,22.0
201532,Terry Walker III,Duke,QB,QB,70,terry walker,-0.06448070923568448,-0.03210688834529714,35.5
201533,Ryan Hopkins,Wisconsin,QB,QB,71,ryan hopkins,-0.02613918883303538,-0.0060765392671615305,22.0
201535,Deagan Rose,Fresno State,QB,QB,62,deagan rose,-0.04166986955486979,-0.02160721998899594,22.0
201536,Jack Daulton,TCU,QB,QB,73,jack daulton,-0.07411025658602652,-0.041736435695639174,35.5
201539,Rocco Marriott,UCF,QB,QB,72,rocco marriott,-0.032108413940047154,0.0002654069503401971,35.5
201543,Xavier Stearn,Rutgers,QB,QB,68,xavier stearn,-0.02603384512979491,-0.005971195563921061,22.0
201544,Nathan Bernhard,Maryland,QB,QB,69,nathan bernhard,-0.023363836434567003,0.009009984455820349,35.5
201546,Jackson Taylor,Boise State,QB,QB,65,jackson taylor,-0.029224284613733133,-0.009161635047859284,22.0
201550,Quinn Murphy,Baylor,QB,QB,61,quinn murphy,-0.04925851120725783,-0.029195861641383977,22.0
201551,Tommy Carr,Michigan,QB,QB,74,tommy carr,-0.008816896950747668,0.023556923939639682,35.5
201553,Stephen Cannon,Texas Tech,QB,QB,63,stephen cannon,-0.06636011293510051,-0.033986292044713165,35.5
201554,Corey Dailey,Pittsburgh,QB,QB,70,corey dailey,-0.028212553661448984,0.004161267228938365,35.5
201557,Brodie McWhorter,Mississippi State,QB,QB,73,brodie mcwhorter,-0.007671188395509878,0.02470263249487747,35.5
201558,Corin Berry,Purdue,QB,QB,61,corin berry,-0.038706592405453946,-0.018643942839580093,22.0
201560,Cash Herrera,Boise State,QB,QB,68,cash herrera,-0.023058026871782596,0.009315794018604754,35.5
201562,Jarin Mock,Bowling Green,QB,QB,67,jarin mock,-0.03298319575124526,-0.0006093748608579075,35.5
201565,Cam O'Hara,Western Kentucky,QB,QB,66,cam ohara,-0.036761260590657,-0.004387439700269651,35.5
201570,Michael Clayton II,Illinois,QB,QB,69,michael clayton,-0.030498037330214625,0.0018757835601727274,35.5
201571,Semaj Beals,Akron,QB,QB,68,semaj beals,-0.032131850694788994,0.00024197019559835944,35.5
201573,Jaylen Mason,Kansas,QB,QB,67,jaylen mason,-0.028106065498269935,-0.008043415932396084,22.0
201574,Darnell Kelly,Colorado State,QB,QB,69,darnell kelly,-0.03589134724693984,-0.01582869768106599,22.0
201575,Kaneal Sweetwyne,Colorado,QB,QB,71,kaneal sweetwyne,-0.016345205333134608,0.01602861555725274,35.5
201576,Johnny O'Brien,Northwestern,QB,QB,67,johnny obrien,-0.02247773184402513,-0.002415082278151277,22.0
201578,Gannon Jones,Wake Forest,QB,QB,66,gannon jones,-0.056487181932097195,-0.036424532366223346,22.0
201582,Osiris Lopez,Coastal Carolina,QB,QB,67,osiris lopez,-0.06915328668046557,-0.03677946579007821,35.5
201584,Bryshawn Brown,Northern Illinois,QB,QB,64,bryshawn brown,-0.030380463886956928,-0.010317814321083078,22.0
201585,Zaid Lott,Syracuse,QB,QB,67,zaid lott,-0.031203240889577592,-0.013876407173595631,19.0
201588,Jaylen White,Charlotte,QB,QB,71,jaylen white,-0.04140994102313151,-0.021347291457257656,22.0
201589,Levi Davis,Ohio,QB,QB,67,levi davis,-0.030903643571925894,-0.010840994006052042,22.0
201591,Brady Vodicka,Louisiana Tech,QB,QB,67,brady vodicka,-0.03301974923087601,-0.000645928340488655,35.5
201592,Daniel Rolovich,San José State,QB,QB,66,daniel rolovich,-0.04917293784613385,-0.016799116955746502,35.5
201593,Angelo Renda,Pittsburgh,QB,QB,64,angelo renda,-0.04680814062265321,-0.02948130690667125,19.0
201594,Brooks Goodman,Cincinnati,QB,QB,67,brooks goodman,-0.023701116245288603,-0.003638466679414752,22.0
201599,Kaleb Maryland,Utah State,QB,QB,70,kaleb maryland,-0.11510941421675945,-0.02117973670380461,103.0
201602,Anthony Coellner,Boston College,QB,QB,63,anthony coellner,-0.06205686234540575,-0.029683041455018398,35.5
201603,Jachin Davis,Liberty,QB,QB,64,jachin davis,-0.024253281664636153,-0.006926447948654191,19.0
201604,Rocco Williams,Middle Tennessee,QB,QB,66,rocco williams,-0.12081628894998049,-0.026886611437025646,103.0
201615,Brady Palmer,Temple,QB,QB,66,brady palmer,-0.04711207274640568,-0.014738251856018328,35.5
201619,Trace Johnson,Tulane,QB,QB,67,trace johnson,-0.025993385783151225,0.0063804351072361265,35.5
201621,Brock Bradley,Clemson,QB,QB,71,brock bradley,-0.009352065698777794,0.010710583867096056,22.0
201625,Broderick Vehrs,Oklahoma State,QB,QB,66,broderick vehrs,-0.06488142502691324,-0.03250760413652589,35.5
201626,Brooklyn Nace,Old Dominion,QB,QB,65,brooklyn nace,-0.03351090248912955,-0.0134482529232557,22.0
201630,Maguire Gasperson,UTSA,QB,QB,65,maguire gasperson,-0.043866000796279454,-0.023803351230405605,22.0
201632,Cole Leinart,SMU,QB,QB,66,cole leinart,-0.054110455629453415,-0.021736634739066063,35.5
201640,Taylor Jacobs Jr.,South Alabama,QB,QB,74,taylor jacobs,-0.11723153221977543,-0.023301854706820602,103.0
201653,Jaxson Dosh,Western Michigan,QB,QB,67,jaxson dosh,-0.09350833199115124,-0.0611345111007639,35.5
201661,Trey Burke,East Carolina,QB,QB,64,trey burke,-0.05858550224141788,-0.02621168135103053,35.5
201698,Savion Hiter,Michigan,HB,RB,83,savion hiter,0.15296467074138081,0.3209486995112605,239.5
201700,KJ Edwards,Texas A&M,HB,RB,81,kj edwards,-0.014979773201002595,0.07059037924127429,122.0
201704,Javian Osborne,Notre Dame,HB,RB,82,javian osborne,0.02748512160004174,0.11305527404231863,122.0
201705,Shahn Alston,USC,HB,RB,77,shahn alston,0.004775739195072612,0.023713395883117497,27.0
201707,Deshonne Redeaux,USC,HB,RB,78,deshonne redeaux,-0.016416457332549438,0.019354671967090897,51.0
201708,Jonaz Walton,Notre Dame,HB,RB,81,jonaz walton,0.0368116242628896,0.07258275356252994,51.0
201711,Carsyn Baker,Texas A&M,HB,RB,73,carsyn baker,-0.0662261391491589,-0.047288482461114015,27.0
201715,Ashton Rowden,Texas Tech,HB,RB,75,ashton rowden,-0.051760856777135995,-0.01598972747749566,51.0
201716,Amari Latimer,West Virginia,HB,RB,76,amari latimer,-0.12852151051919994,0.03946251825067968,239.5
201720,Cardae Mack,Arizona State,HB,RB,72,cardae mack,-0.04242186058472425,-0.02313350655060446,27.5
201722,DeZephen Walker,Oklahoma,HB,RB,72,dezephen walker,-0.13174710473686552,-0.09597597543722518,51.0
201724,Evan Hampton,Vanderbilt,HB,RB,75,evan hampton,-0.05747103072158072,0.028099121720696174,122.0
201727,KD Jones,Oklahoma State,HB,RB,75,kd jones,-0.09144337184439705,-0.0058732194021201495,122.0
201728,Chris Talley,West Virginia,HB,RB,74,chris talley,-0.16799866694757798,-0.08242851450530109,122.0
201729,LaMarcus Bell,Utah,HB,RB,73,lamarcus bell,-0.14153116930951098,-0.10576004000987066,51.0
201732,CJ Givers,Duke,HB,RB,74,cj givers,-0.08989621370694618,-0.004326061264669292,122.0
201735,Crew Davis,North Carolina,HB,RB,66,crew davis,-0.06905322375255696,-0.05011556706451207,27.0
201738,Ansu Sanoe,Washington,HB,RB,77,ansu sanoe,-0.0013829172931140532,0.03438821200652628,51.0
201739,Jett Walker,Texas,HB,RB,62,jett walker,-0.1747608387896641,-0.1389897094900238,51.0
201740,Jonathan Brown,Michigan,HB,RB,71,jonathan brown,-0.06267087201696273,-0.04373321532891784,27.0
201741,Chase Enlow,Buffalo,HB,RB,67,chase enlow,-0.16692119983478268,-0.13115007053514233,51.0
201746,Sedric Addison,Boston College,HB,RB,76,sedric addison,-0.008177268744249466,0.02759386055539087,51.0
201750,Izaiah Wright,Purdue,HB,RB,69,izaiah wright,-0.1464228307831603,-0.11065170148351995,51.0
201752,J.J. Hill,Mississippi State,HB,RB,66,j j hill,-0.0923326994607851,-0.07339504277274021,27.0
201761,Jayreon Campbell,Indiana,HB,RB,71,jayreon campbell,-0.08053677735486173,-0.061599120666816845,27.0
201765,Deuce Lawrence,Wake Forest,HB,RB,71,deuce lawrence,-0.06363167183536458,-0.0446940151473197,27.0
201767,Cooper Crosby,Mississippi State,HB,RB,73,cooper crosby,-0.034876057326143524,0.0008950719734968134,51.0
201770,Michael Dukes III,Rutgers,HB,RB,72,michael dukes,-0.018714907869599152,0.0005734461645206376,27.5
201780,Max Warner,Missouri,HB,RB,75,max warner,-0.07094357032384083,0.014626582118436066,122.0
201781,Shavane Anderson Jr.,Syracuse,HB,RB,61,shavane anderson,-0.11981475917269212,-0.10087710248464724,27.0
201784,Lavonte Cole,South Alabama,HB,RB,72,lavonte cole,-0.07910022497221983,-0.04332909567257949,51.0
201785,Nelsyn Wheeler,Illinois,HB,RB,71,nelsyn wheeler,-0.11533691880300334,-0.079565789503363,51.0
201788,Arthur Lewis IV,UCF,HB,RB,72,arthur lewis,-0.11840170472832968,-0.08263057542868933,51.0
201792,R.J. Blount,Temple,HB,RB,71,r j blount,-0.025338912688717543,-0.006401256000672659,27.0
201805,Kenny Thomas,Louisiana Tech,HB,RB,68,kenny thomas,-0.16108924699202928,-0.12531811769238893,51.0
201809,Skylar Lendsey-Vann,UNLV,HB,RB,61,skylar lendsey vann,-0.07352734707169976,-0.05458969038365489,27.0
201810,Caleb Wynn,South Alabama,HB,RB,65,caleb wynn,-0.09515262778850708,-0.0762149711004622,27.0
201826,Ameir Morrow,Temple,HB,RB,71,ameir morrow,-0.03846174859546005,-0.00269061929581972,51.0
201836,Chancellor Sparks,Miami (OH),HB,RB,64,chancellor sparks,-0.18641646476417725,-0.15064533546453693,51.0
201837,Hudson Higgins,UAB,HB,RB,71,hudson higgins,-0.07263833119499608,-0.05370067450695119,27.0
201846,Malichi Greaves,Colorado State,HB,RB,57,malichi greaves,-0.12569820366893547,-0.1067605469808906,27.0
201869,Jeremiah Daoud,Florida Atlantic,QB,QB,62,jeremiah daoud,-0.0470694630652244,-0.02700681349935055,22.0
201870,Brogan McNab,UAB,WR,WR,59,brogan mcnab,-0.1611830917350113,-0.15279014643877153,37.5
201879,Aaron Gregory,Texas A&M,WR,WR,77,aaron gregory,0.002948002118342822,0.011340947414582591,37.5
201880,Naeem Burroughs,Clemson,WR,WR,82,naeem burroughs,0.050339184239005776,0.11367794474129525,283.0
201881,Somourian Wingo,Miami,WR,WR,79,somourian wingo,0.0010530751930344475,0.025112851708921788,107.5
201884,Travis Johnson,Michigan,WR,WR,78,travis johnson,-0.003537805051090444,0.034845931437046104,171.5
201885,Vance Spafford,Miami,WR,WR,78,vance spafford,-0.0027578321125194356,0.005635113183720334,37.5
201886,Messiah Hampton,Oregon,WR,WR,79,messiah hampton,1.0126529087366086e-05,0.008403071825327136,37.5
201890,Jase Mathews,Ole Miss,WR,WR,77,jase mathews,-0.004875027948040135,0.003517917348199635,37.5
201891,Kayden Dixon-Wyatt,USC,WR,WR,79,kayden dixon wyatt,0.022157043407153465,0.06054077989529001,171.5
201892,Craig Dandridge,Georgia,WR,WR,79,craig dandridge,0.025758539369395695,0.06414227585753224,171.5
201893,Devin Carter,Florida State,WR,WR,75,devin carter,-0.018371433405240473,0.005688343110646869,107.5
201895,Jordan Clay,Washington,WR,WR,74,jordan clay,-0.013352953591385363,-0.004960008295145594,37.5
201896,Jayden Warren,Texas A&M,WR,WR,76,jayden warren,-0.012271300828403732,-0.0038783555321639626,37.5
201897,Milan Parris,Miami,WR,WR,73,milan parris,-0.018266901748222316,-0.009873956451982547,37.5
201898,Connor Salmin,Clemson,WR,WR,74,connor salmin,-0.017150192825864555,-0.008757247529624788,37.5
201900,Gordon Sellars III,Clemson,WR,WR,75,gordon sellars,-0.003458604739805444,0.004934340556434326,37.5
201903,Trent Mosley,USC,WR,WR,80,trent mosley,0.031016527021899533,0.12188414809585545,406.0
201905,Mason James,Washington,WR,WR,75,mason james,-0.01206566299649186,-0.003672717700252092,37.5
201909,Madden Williams,Texas A&M,WR,WR,80,madden williams,0.010009726230814425,0.018402671527054194,37.5
201910,Jayden Petit,Oklahoma,WR,WR,75,jayden petit,-0.0045098764544055795,0.00388306884183419,37.5
201911,Dyzier Carter,Rutgers,WR,WR,73,dyzier carter,-0.08871511964114998,-0.050331383153013436,171.5
201915,Luc Weaver,USC,WR,WR,74,luc weaver,-0.015583204403045782,-0.007190259106806014,37.5
201918,Carnell Warren,North Carolina,WR,WR,72,carnell warren,-0.019797672897956003,-0.011404727601716236,37.5
201920,Jasen Lopez,Florida State,WR,WR,79,jasen lopez,-0.007796925769903435,0.055541834732386025,283.0
201922,Jahsiear Rogers,Oklahoma,WR,WR,73,jahsiear rogers,-0.01900999905317733,-0.010617053756937559,37.5
201930,Jakai Anderson,SMU,WR,WR,71,jakai anderson,-0.03250850330584813,-0.02411555800960836,37.5
201931,London Smith,Baylor,WR,WR,75,london smith,-0.021444041603478584,0.002615734912408757,107.5
201935,Kenneth Moore III,UCLA,WR,WR,73,kenneth moore,-0.017885562428799323,-0.009492617132559554,37.5
201938,Zayion Cotton,Mississippi State,TE,TE,76,zayion cotton,0.10521598958532877,0.15715710462676213,156.0
201939,Elias Coke,Rutgers,WR,WR,64,elias coke,-0.05755949952583738,-0.04916655422959761,37.5
201945,Max Lovett,Kansas State,WR,WR,68,max lovett,-0.015446756889341986,-0.007053811593102217,37.5
201949,Jaden McDuffie,Northwestern,WR,WR,70,jaden mcduffie,-0.026648043395173696,-0.018255098098933924,37.5
201957,Junior Henderson,Mississippi State,WR,WR,68,junior henderson,-0.05444816600652423,-0.046055220710284464,37.5
201960,James Scott,TCU,WR,WR,69,james scott,-0.04034500655867081,-0.03195206126243104,37.5
201962,Cynai Thomas,Oregon State,WR,WR,72,cynai thomas,-0.04322672671107732,-0.019166950195189977,107.5
201964,Gavin Howard,UL Monroe,WR,WR,70,gavin howard,-0.03131569964598264,-0.02292275434974287,37.5
201966,Xavier Stinson,Iowa,WR,WR,67,xavier stinson,-0.04961109134546744,-0.041218146049227675,37.5
201967,Amiri Acker,NC State,WR,WR,74,amiri acker,-0.010865163029995304,-0.0024722177337555343,37.5
201968,Jameson Powell,Oregon State,WR,WR,69,jameson powell,-0.02472830312348715,-0.016335357827247383,37.5
201973,Kavon Conciauro,Duke,WR,WR,68,kavon conciauro,-0.02396711508078218,-0.015574169784542412,37.5
201983,BJ Bedgood,Old Dominion,WR,WR,69,bj bedgood,-0.09979013421634177,-0.07573035770045443,107.5
201985,Carson Clark,San José State,WR,WR,69,carson clark,-0.019176372183250755,-0.010783426887010986,37.5
201987,Xavier Owens,Fresno State,WR,WR,70,xavier owens,-0.011233041440660084,-0.0028400961444203145,37.5
201988,Kenyon Alston,Illinois,WR,WR,68,kenyon alston,-0.04962055720256342,-0.04122761190632365,37.5
201989,Lavar Keys,Indiana,WR,WR,66,lavar keys,-0.04774416721287076,-0.03935122191663099,37.5
201993,R.J. Mosley,Arizona,WR,WR,73,r j mosley,-0.003471020118952862,0.004921925177286907,37.5
201996,Nate Sims,Kansas,WR,WR,69,nate sims,-0.0265956170489656,-0.018202671752725833,37.5
201999,Kymistrii Young,North Carolina,WR,WR,68,kymistrii young,-0.04683941001268215,-0.038446464716442384,37.5
202001,Josiah Zayas,Penn State,CB,CB,71,josiah zayas,0.005397610956007013,0.012011420944161078,36.0
202004,Brody Keefe,Duke,WR,WR,71,brody keefe,-0.01183738038392777,-0.003444435087688,37.5
202005,Jaborree Riggins,Akron,WR,WR,69,jaborree riggins,-0.05136857109518325,-0.042975625798943484,37.5
202006,Rasean Jones,Boise State,WR,WR,68,rasean jones,-0.05057704768472083,-0.042184102388481054,37.5
202007,Owen Cabell,Vanderbilt,WR,WR,67,owen cabell,-0.029710017154997492,-0.02131707185875772,37.5
202008,Kahden Smith,Vanderbilt,WR,WR,66,kahden smith,-0.05410476931659303,-0.04571182402035325,37.5
202009,Tatum Bell Jr.,UNLV,WR,WR,70,tatum bell,-0.01517671262101459,-0.0067837673247748195,37.5
202018,Tyren Parker,Kansas,WR,WR,70,tyren parker,-0.016340203941128277,-0.007947258644888508,37.5
202020,Cooper Reid,TCU,WR,WR,68,cooper reid,-0.026499148317422144,-0.018106203021182373,37.5
202031,Prince Jean,Kentucky,WR,WR,64,prince jean,-0.049898644399143564,-0.0415056991029038,37.5
202034,Coen Logan,Temple,WR,WR,68,coen logan,-0.020076998942918003,-0.011684053646678232,37.5
202035,Camden Capehart,Mississippi State,WR,WR,70,camden capehart,-0.05480888512652788,-0.04641593983028811,37.5
202039,Corbin Glasco,Kansas,WR,WR,65,corbin glasco,-0.05437803088188487,-0.0459850855856451,37.5
202040,Troy Foster,Colorado State,WR,WR,66,troy foster,-0.046111007868890504,-0.03771806257265073,37.5
202049,Demetrice McCray,Pittsburgh,WR,WR,73,demetrice mccray,-0.048122746097448474,-0.039729800801208706,37.5
202059,Will Pressley,Miami (OH),WR,WR,61,will pressley,-0.05696828267079499,-0.04857533737455522,37.5
202069,Jabarie Thornton,Oklahoma State,WR,WR,69,jabarie thornton,-0.034935762952625765,-0.026542817656385994,37.5
202076,Blake McLane,Texas State,WR,WR,66,blake mclane,-0.03128702466642111,-0.022894079370181338,37.5
202078,Jonathan Stafford Jr.,Western Kentucky,WR,WR,65,jonathan stafford,-0.057134429981781094,-0.04874148468554133,37.5
202082,Dawson Quarterman,East Carolina,WR,WR,64,dawson quarterman,-0.05877385169585849,-0.05038090639961872,37.5
202083,Massiah Mingo,New Mexico,WR,WR,71,massiah mingo,-0.04660720830141458,-0.022547431785527237,107.5
202089,Jet Tabb,Kennesaw State,WR,WR,69,jet tabb,-0.018382194011453672,-0.009989248715213905,37.5
202092,Dominic White,South Alabama,WR,WR,68,dominic white,-0.09167927037320778,-0.06761949385732043,107.5
202099,Josiah Teasley,Maryland,WR,WR,67,josiah teasley,-0.023919499168900404,-0.015526553872660635,37.5
202101,Cedric Ross,Colorado State,HB,RB,69,cedric ross,-0.02138399900728325,0.014387130292357081,51.0
202106,Devin Olmande,San José State,WR,WR,67,devin olmande,-0.02451510372606938,-0.016122158429829614,37.5
202108,Kortez Rupert,Indiana,WR,WR,66,kortez rupert,-0.04917264884964687,-0.040779703553407105,37.5
202111,Trace Burney,James Madison,WR,WR,68,trace burney,-0.021982676886944563,-0.013589731590704793,37.5
202118,Justen Hodge,Miami (OH),WR,WR,64,justen hodge,-0.05020547889524813,-0.04181253359900836,37.5
202125,Khatori Marion,South Alabama,WR,WR,72,khatori marion,-0.09955844225510774,-0.06117470576697119,171.5
202130,Ethan Sherman,Middle Tennessee,CB,CB,67,ethan sherman,-0.007923934782718736,-0.0013101247945646705,36.0
202131,Harper Hughes,Western Michigan,WR,WR,68,harper hughes,-0.3931115879123834,-0.3297728274100939,283.0
202139,Seth Elchert,Toledo,WR,WR,69,seth elchert,-0.0361158101430076,-0.02772286484676783,37.5
202140,Dameon Crowe,Texas State,WR,WR,70,dameon crowe,-0.07837801481887136,-0.05431823830298402,107.5
202166,Brandon Kinsey,Purdue,WR,WR,68,brandon kinsey,-0.015992664834385776,-0.007599719538146007,37.5
202167,Joshua Rushing,Tulsa,WR,WR,64,joshua rushing,-0.05807875201354882,-0.04968580671730905,37.5
202169,Scoop Smith,Miami (OH),WR,WR,68,scoop smith,-0.02336159507848426,-0.014968649782244492,37.5
202204,Prince Hall,UTSA,WR,WR,65,prince hall,-0.054720089070244615,-0.04632714377400485,37.5
202206,Maxwell Young,Fresno State,WR,WR,67,maxwell young,-0.018341809092560946,-0.009948863796321178,37.5
202207,Caleb Tucker,Charlotte,WR,WR,67,caleb tucker,-0.024366391654950182,-0.01597344635871041,37.5
202216,Dezmyn Hardy,Sacramento State,WR,WR,67,dezmyn hardy,-0.17474749413724977,-0.1363637576491132,171.5
202223,Cade Frier,Jacksonville State,WR,WR,66,cade frier,-0.03539569068976204,-0.027002745393522272,37.5
202256,Mark Bowman,USC,TE,TE,82,mark bowman,0.1915964108383367,0.28166097249671956,270.5
202258,Ian Premer,Notre Dame,TE,TE,81,ian premer,0.19721598432386658,0.2872805459822494,270.5
202259,Kaiden Prothro,Georgia,TE,TE,80,kaiden prothro,0.05048669624976488,0.10242781129119823,156.0
202269,Lincoln Keyes,Georgia,TE,TE,78,lincoln keyes,0.04061073481424611,0.06524946887236194,74.0
202270,Gavin Mueller,Miami,TE,TE,74,gavin mueller,-0.001974786649033653,0.022663947409082168,74.0
202280,Camden Jensen,UCLA,RT,OL,66,camden jensen,-0.02896442177083819,-0.019032318582210578,91.0
202281,Taimane Purcell,California,TE,TE,71,taimane purcell,-0.022785412721346755,0.0018533213367690655,74.0
202284,Carson Sneed,North Carolina,TE,TE,68,carson sneed,-0.009363410307855475,-0.0032037267933265204,18.5
202285,Zachery Turner,SMU,TE,TE,76,zachery turner,0.027154843299229407,0.05179357735734523,74.0
202300,Eddie Whiting,Michigan State,TE,TE,70,eddie whiting,-0.0051220643796622495,0.0010376191348667055,18.5
202308,Nick Lautar,Ohio State,TE,TE,72,nick lautar,0.0014210445442501404,0.013906889506133158,37.5
202309,Jack Utz,Kansas,TE,TE,72,jack utz,-0.0096527677036886,0.01498596635442722,74.0
202313,Parker Elmore,Indiana,TE,TE,68,parker elmore,-0.01731658665058579,-0.00483074168870277,37.5
202314,Kai Wesley,Baylor,TE,TE,70,kai wesley,-0.009460801272510973,0.015177932785604847,74.0
202315,Kade Bush,West Virginia,TE,TE,66,kade bush,-0.02123035754170396,-0.008744512579820946,37.5
202316,Keawe Browne,Boise State,TE,TE,64,keawe browne,-0.008947375428080648,-0.004285993308977656,14.0
202319,Dominick Barry,Wake Forest,TE,TE,66,dominick barry,-0.018501632877332475,-0.00601578791544946,37.5
202321,Sam Hamilton,West Virginia,TE,TE,70,sam hamilton,-0.02695736106620222,-0.002318627008086398,74.0
202323,Will Vala III,Illinois,TE,TE,69,will vala,-0.010624225370388048,0.0018616195914949703,37.5
202330,Parker Almanza,Baylor,TE,TE,64,parker almanza,-0.012472781265089963,-0.007811399145986969,14.0
202339,Jude Nelson,Utah State,TE,TE,54,jude nelson,-0.030066033214994438,-0.023906349700465485,18.5
202342,Julius Mathis,South Alabama,TE,TE,66,julius mathis,-0.05432506999474114,-0.02968633593662532,74.0
202343,Preston McDaniel,Utah State,TE,TE,63,preston mcdaniel,-0.08380402940952872,-0.05916529535141289,74.0
202350,Wyatt Villarreal,Pittsburgh,TE,TE,57,wyatt villarreal,-0.021140486352400033,-0.01498080283787108,18.5
202357,Ryan Rocheleau,Western Michigan,TE,TE,65,ryan rocheleau,-0.031737430787779214,-0.019251585825896197,37.5
202359,Benny Okwura,UTEP,TE,TE,58,benny okwura,-0.03785761809305158,-0.025371773131168566,37.5
202364,Ayden Passley,Florida International,TE,TE,68,ayden passley,0.002514476293996582,0.0150003212558796,37.5
202377,Dallas Gaius-Anyaegbu,Fresno State,TE,TE,64,dallas gaius anyaegbu,-0.027890921397169106,-0.015405076435286089,37.5
202411,Jackson Cantwell,Miami,LT,OL,83,jackson cantwell,0.22773550383641306,0.3124858129129992,776.5
202412,Felix Ojo,Texas Tech,LT,OL,80,felix ojo,0.17272372014798307,0.24339445437475646,647.5
202413,Kodi Greene,Washington,LT,OL,80,kodi greene,0.13021582270100826,0.20088655692778168,647.5
202414,Kelvin Obot,Utah,LT,OL,78,kelvin obot,0.15473899987688616,0.23365010543048795,723.0
202415,Ekene Ogboko,Georgia,LT,OL,80,ekene ogboko,0.1389173696713861,0.1952902410661791,516.5
202416,Sam Greer,Ohio State,LT,OL,75,sam greer,0.0067621025172260995,0.016694205705853712,91.0
202417,Kevin Brown,West Virginia,RT,OL,74,kevin brown,0.007197376253905418,0.01712947944253303,91.0
202418,Keenyi Pepe,USC,RT,OL,76,keenyi pepe,0.015145334515760176,0.02507743770438779,91.0
202421,Gabriel Osenda,Tennessee,LT,OL,73,gabriel osenda,0.002137767203288895,0.012069870391916508,91.0
202422,Grayson McKeogh,Notre Dame,RT,OL,77,grayson mckeogh,0.0030155978957328564,0.012947701084360469,91.0
202424,Malakai Lee,Michigan,RT,OL,79,malakai lee,0.017960869497221622,0.027892972685849237,91.0
202427,Vlad Dyakonov,USC,RT,OL,74,vlad dyakonov,0.008327657760700258,0.01825976094932787,91.0
202428,Ben Congdon,Miami,RT,OL,72,ben congdon,-0.0021417253578409194,0.007790377830786693,91.0
202429,Bryce Gilmore,Texas Tech,RT,OL,75,bryce gilmore,0.007276212164578416,0.01720831535320603,91.0
202437,Daniel McMorris,California,RT,OL,74,daniel mcmorris,0.0016244081573089852,0.011556511345936597,91.0
202441,Wilson Zierer,Auburn,RT,OL,74,wilson zierer,0.007876253433384127,0.017808356622011738,91.0
202443,Vincent Johnson Jr.,TCU,LT,OL,75,vincent johnson,0.006578051012299687,0.0165101542009273,91.0
202446,Charlie Thom,Notre Dame,LT,OL,75,charlie thom,0.0002926350688848586,0.010224738257512472,91.0
202447,Kaden Snyder,Kansas,LT,OL,75,kaden snyder,0.05631322689943629,0.13522433245303808,723.0
202460,Aaron Thomas,Minnesota,LT,OL,70,aaron thomas,-0.004835979874713763,0.00509612331391385,91.0
202466,Kole Cronin,Boise State,LT,OL,70,kole cronin,-0.010648956921800673,-0.0007168537331730608,91.0
202470,Dalton Toothman,Mississippi State,RT,OL,74,dalton toothman,0.01436237979353543,0.024294482982163045,91.0
202471,Mason Bandhauer,Penn State,RT,OL,69,mason bandhauer,-0.009961701285006392,-2.959809637877826e-05,91.0
202474,Braden Wilmes,Clemson,LT,OL,69,braden wilmes,-0.014362903792781156,-0.004430800604153544,91.0
202485,Oliver Miller,Kansas State,RT,OL,73,oliver miller,0.0015086025545913116,0.011440705743218925,91.0
202498,Charlie Edgeworth,Louisville,RT,OL,68,charlie edgeworth,-0.014642575786422382,-0.004710472597794769,91.0
202502,Cameron Miller Jr.,Kentucky,LT,OL,68,cameron miller,-0.03722990629185485,-0.027297803103227235,91.0
202514,Xavier Payne,Colorado,LT,OL,70,xavier payne,-0.0011706986588827313,0.00876140452974488,91.0
202523,Terrell Berryhill Jr.,Purdue,RT,OL,64,terrell berryhill,-0.02609469804900833,-0.01616259486038072,91.0
202527,Kasiyah Charlton,UCF,LT,OL,72,kasiyah charlton,0.005510919019275692,0.015443022207903303,91.0
202530,Lucas Tielsch,Minnesota,RT,OL,68,lucas tielsch,-0.008007176389590212,0.0019249267990374,91.0
202553,Jake Palucki,Toledo,LT,OL,65,jake palucki,-0.019119692058904594,-0.00918758887027698,91.0
202556,Max Vivier,Colorado State,RG,OL,67,max vivier,-0.018038723656096406,-0.008106620467468791,91.0
202559,Brayden Charney,Syracuse,RT,OL,61,brayden charney,-0.033917158249418794,-0.023985055060791183,91.0
202571,Jae'von White,Marshall,RT,OL,68,jaevon white,-0.05822888685980763,-0.001856015465014637,516.5
202575,Terrence Johnson,Nevada,LT,OL,67,terrence johnson,-0.01718956240424152,-0.007257459215613908,91.0
202597,Carter Miculka,Eastern Michigan,LT,OL,66,carter miculka,-0.01597446975898291,-0.006042366570355298,91.0
202604,William Sandfoss,Marshall,RT,OL,64,william sandfoss,-0.032775310458168797,-0.022843207269541185,91.0
202630,KK Johnson,Texas A&M,TE,TE,77,kk johnson,0.02447681903952273,0.0764179340809561,156.0
202633,Henry Gabalis,Arizona,TE,TE,70,henry gabalis,0.0033350471121558413,0.02797378117027166,74.0
202634,Brooks Hall,UCF,TE,TE,65,brooks hall,-0.01017284916369141,-0.005511467044588419,14.0
202640,Zyon Guiles,South Carolina,RT,OL,75,zyon guiles,0.011201460916302341,0.021133564104929958,91.0
202641,Sam Roseborough,Texas A&M,LG,OL,77,sam roseborough,0.015926010257158365,0.025858113445785976,91.0
202642,Max Riley,Ohio State,LG,OL,75,max riley,0.009918013772850452,0.019850116961478065,91.0
202643,Leo Delaney,Clemson,RG,OL,72,leo delaney,0.001897202930068482,0.011829306118696094,91.0
202654,Deacon Schmitt,Oklahoma,C,OL,75,deacon schmitt,0.006713935164054145,0.016646038352681757,91.0
202656,Grant Wise,Clemson,LG,OL,74,grant wise,0.014968300666478258,0.07134117206127125,516.5
202659,Breck Kolojay,USC,LG,OL,72,breck kolojay,-0.01600140775312446,-0.006069304564496847,91.0
202663,Carter Scruggs,Clemson,C,OL,72,carter scruggs,0.009909933507330507,0.01984203669595812,91.0
202664,Kai Pritchard,Illinois,LG,OL,72,kai pritchard,0.009961221060953887,0.0198933242495815,91.0
202665,Zaden Krempin,Texas A&M,RG,OL,72,zaden krempin,-0.0022064410902161396,0.007725662098411473,91.0
202667,Maxwell Robinson,Georgia State,LG,OL,73,maxwell robinson,0.03596422857946871,0.12071453765605489,776.5
202673,Noah Best,Oklahoma,LG,OL,53,noah best,-0.05113474743767166,-0.041202644249044046,91.0
202676,Day'Jon Moore,Maryland,LG,OL,70,dayjon moore,-0.002276769405185623,0.007655333783441989,91.0
202677,Zykie Helton,Georgia,RG,OL,78,zykie helton,0.014112267286095779,0.024044370474723388,91.0
202678,Benjamin Eziuka,Virginia Tech,C,OL,72,benjamin eziuka,0.007444508153117766,0.01737661134174538,91.0
202680,Will Conroy,North Carolina,C,OL,67,will conroy,0.0031835935286067987,0.013115696717234412,91.0
202682,Devan Robison,TCU,RG,OL,67,devan robison,-0.008149216369317567,0.001782886819310046,91.0
202690,Pulelei'ite Primus,Vanderbilt,LG,OL,59,puleleiite primus,-0.05877490336773296,-0.04884280017910534,91.0
202691,Ace Hamilton,Michigan,C,OL,66,ace hamilton,-0.015418805143865738,-0.005486701955238125,91.0
202695,Brock Brownfield,Purdue,C,OL,66,brock brownfield,-0.013241926491690276,-0.0033098233030626626,91.0
202698,Braylon Ellison,Missouri,RG,OL,71,braylon ellison,-0.001285205257506751,0.008646897931120862,91.0
202699,Ben Novak,Indiana,LG,OL,62,ben novak,-0.03813824579890206,-0.02820614261027444,91.0
202703,Sam Simpson,Indiana,RG,OL,70,sam simpson,0.009470949765844814,0.01940305295447243,91.0
202708,James Williams Jr.,Purdue,LG,OL,63,james williams,-0.03032509712229615,-0.020392993933668536,91.0
202711,Toa Katoa,SMU,LG,OL,70,toa katoa,-0.014222152016908744,-0.004290048828281131,91.0
202713,Leon Noil Jr.,Mississippi State,RG,OL,73,leon noil,0.0024119693005814243,0.012344072489209037,91.0
202715,Aaron Wolford,Houston,RG,OL,67,aaron wolford,-0.025827198246440416,-0.0158950950578128,91.0
202721,Marques Uini,Arizona State,C,OL,71,marques uini,0.0046318584071553485,0.014563961595782961,91.0
202737,Eli Sanchez,UNLV,RG,OL,70,eli sanchez,-0.0019766873644090762,0.007955415824218536,91.0
202743,Luke Collins,Cincinnati,LG,OL,66,luke collins,-0.030795017011148697,-0.020862913822521083,91.0
202752,Jordan Harrison,South Florida,RG,OL,69,jordan harrison,-0.008587626274313741,0.0013444769143138718,91.0
202753,Andre Amos Jr.,Tulane,C,OL,66,andre amos,-0.012785360815315758,-0.0028532576266881464,91.0
202764,John Watkins,Temple,LG,OL,65,john watkins,-0.02998347837609175,-0.020051375187464134,91.0
202767,Rhett Morris,West Virginia,RT,OL,72,rhett morris,0.0014101425069732206,0.011342245695600835,91.0
202768,Aydan Newell,South Alabama,C,OL,66,aydan newell,-0.005329628904674444,0.004602474283953169,91.0
202775,Ashley Walker,Middle Tennessee,LG,OL,67,ashley walker,-0.01641281130550272,-0.006480708116875107,91.0
202788,Nick Witherspoon,Tulane,DT,DT,69,nick witherspoon,-0.010658600330349908,-0.0026580818718359477,41.0
202789,Trey Shaw,Louisiana,LG,OL,74,trey shaw,0.18005416088709747,0.2589652664406993,723.0
202798,Jayvon Perry,Georgia Southern,LG,OL,68,jayvon perry,-0.016383857013170904,-0.0064517538245432915,91.0
202802,Dawson Matthews,Tulsa,LG,OL,64,dawson matthews,-0.02551601629611374,-0.015583913107486129,91.0
202834,Payton Williams,UTSA,C,OL,72,payton williams,0.015171581167965294,0.02510368435659291,91.0
202836,Job Mavrick,Ohio,C,OL,63,job mavrick,-0.030406558795691263,-0.02047445560706365,91.0
202838,Isaiah Bowman,Oklahoma State,C,OL,56,isaiah bowman,-0.03847103163255318,-0.028538928443925568,91.0
202842,Marco Cate,Buffalo,LG,OL,65,marco cate,-0.02098641832606809,-0.011054315137440476,91.0
202843,Jack Harris,James Madison,LG,OL,68,jack harris,-0.012932552518788075,-0.0030004493301604624,91.0
202848,Ryley Kester,Tulsa,RG,OL,73,ryley kester,0.08126123091824355,0.13763410231303655,516.5
202850,Elliott Chaney,South Alabama,C,OL,53,elliott chaney,-0.0578534672644622,-0.04792136407583459,91.0
202861,Wes Wiggins,UAB,RG,OL,63,wes wiggins,-0.02099583140192028,-0.01106372821329267,91.0
202888,Lamar Brown,LSU,DT,DT,84,lamar brown,0.23506733015277947,0.31146252470176033,391.5
202889,Brandon Arrington,Texas A&M,CB,CB,83,brandon arrington,-0.02385144717439196,0.0184034499721479,230.0
202892,Jermaine Bishop,Texas,WR,WR,78,jermaine bishop,-0.0067136904781706745,0.0016792548180690947,37.5
202894,CJ Sadler,North Carolina,WR,WR,75,cj sadler,-0.06565244627599062,-0.027268709787854076,171.5
202897,Ryelan Morris,Baylor,HB,RB,77,ryelan morris,-0.05429865981564862,-0.018527530516008278,51.0
202903,Nas Rankin,Illinois,WR,WR,79,nas rankin,-0.02578244767681893,-0.0017226711609315889,107.5
202904,Henry Ohlinger,Indiana,MIKE,LB,65,henry ohlinger,-0.017288233870397594,-0.008261024887839438,31.0
202910,Terrious Favors,Boise State,WR,WR,79,terrious favors,-0.07837735312479525,0.012490267949160656,406.0
202915,Lakeyleon Graves,Texas State,WR,WR,70,lakeyleon graves,-0.03079295079779256,-0.022400005501552793,37.5
202916,Jett Goldsberry,Purdue,FS,SAF,66,jett goldsberry,-0.02052961847811894,-0.013548374601734093,38.0
202920,Shavar Young Jr.,Clemson,CB,CB,70,shavar young,-0.01564308321986813,-0.009029273231714064,36.0
202921,Marcello Vitti,Iowa,WR,WR,71,marcello vitti,-0.011753824701596463,-0.0033608794053566937,37.5
202928,Darnell Stokes Jr.,Syracuse,WR,WR,70,darnell stokes,-0.028634769124287293,-0.020241823828047525,37.5
202931,Jayytee Taylor,Mississippi State,WR,WR,72,jayytee taylor,-0.020581809914636786,0.003477966601250554,107.5
202936,Markel Dabney,Michigan,MIKE,LB,69,markel dabney,-0.03420892971212808,-0.025181720729569923,31.0
202938,Lekhy Thompkins,Louisville,HB,RB,74,lekhy thompkins,-0.021071130853898983,0.01469999844574135,51.0
202939,Tom McGlinchey,Northwestern,TE,TE,69,tom mcglinchey,-0.05878446701506003,-0.00684335197362668,156.0
202946,Josh Galbreath,Kansas,WILL,LB,71,josh galbreath,-0.12422418217370522,-0.07195373016179589,179.5
202947,Langdon Horace,Stanford,WR,WR,64,langdon horace,-0.02911115866886158,-0.020718213372621808,37.5
202953,DJ Williams,Louisville,WR,WR,65,dj williams,-0.027678906919397398,-0.01928596162315763,37.5
202967,Xavier Butler,Georgia State,HB,RB,79,xavier butler,0.09570583980349967,0.38292696623884703,409.5
202968,Brandon Jenkins,Ohio,FS,SAF,60,brandon jenkins,-0.07967935683686443,-0.06139952089738306,99.5
202975,Dylan Wester,Pittsburgh,WR,WR,70,dylan wester,-0.026067731788417325,-0.017674786492177557,37.5
202988,Zialis Blackmon,Old Dominion,WR,WR,68,zialis blackmon,-0.052736964890978566,-0.04434401959473879,37.5
202995,Charlie Jilek,Texas,TE,TE,65,charlie jilek,-0.010935756752298425,-0.004776073237769469,18.5
202998,Jayden Jackson,Georgia Southern,CB,CB,70,jayden jackson,-0.0475366630680533,-0.00528176592151344,230.0
203010,Josh Mensah,New Mexico,CB,CB,67,josh mensah,-0.07597202344240762,-0.05374227320444535,121.0
203014,Donovan Triplett,Western Michigan,HB,RB,72,donovan triplett,-0.038867009329620734,-0.01992935264157585,27.0
203017,Ace Brown,Colorado State,MIKE,LB,65,ace brown,-0.017853709923918656,-0.0088265009413605,31.0
203018,Daron Harris,Temple,FS,SAF,67,daron harris,-0.022790822806092483,-0.015809578929707635,38.0
203047,Charles Jackson,Old Dominion,HB,RB,72,charles jackson,-0.13012339320889102,-0.04455324076661414,122.0
203061,Isaiah Ene,Sacramento State,HB,RB,60,isaiah ene,-0.11580272562958373,-0.09651437159546394,27.5
203075,Jamarcus Harrison,Kennesaw State,QB,QB,66,jamarcus harrison,-0.04677943596596627,-0.014405615075578925,35.5
203082,Jonathan Granby,Michigan State,FS,SAF,68,jonathan granby,-0.011963586747630248,-0.004982342871245401,38.0
203087,Landon Kalsbeck,Iowa State,WR,WR,60,landon kalsbeck,-0.054901905672218476,-0.04650896037597871,37.5
203109,Geno Seets,Central Michigan,QB,QB,65,geno seets,-0.08555600120673965,-0.05318218031635229,35.5
203137,Zion Elee,Maryland,LEDG,EDGE,83,zion elee,-0.10265135755583829,-0.0001081270692752156,525.5
203138,Carter Meadows,Michigan,REDG,EDGE,80,carter meadows,0.07832661495456042,0.16262476066378068,432.0
203139,Rodney Dunham,Notre Dame,REDG,EDGE,81,rodney dunham,0.04574139452802583,0.10584285026515508,308.0
203143,Luke Wafle,USC,LEDG,EDGE,82,luke wafle,0.12320427302782279,0.18330572876495205,308.0
203146,Julian Walker,South Carolina,REDG,EDGE,77,julian walker,0.003878719807214949,0.04680833104802157,220.0
203150,Tristian Givens,Texas A&M,REDG,EDGE,78,tristian givens,-0.12901874576429995,-0.08608913452349333,220.0
203154,Derek Colman-Brusa,Washington,DT,DT,72,derek colman brusa,-0.00598660884509461,0.017039273547701666,118.0
203155,Asharri Charles,Miami,REDG,EDGE,74,asharri charles,-0.004939712308368664,0.0022802677639488125,37.0
203158,Jordan Campbell,Miami,REDG,EDGE,77,jordan campbell,0.0022323008669870455,0.024770346768410518,115.5
203161,Jackson Ford,Penn State,LEDG,EDGE,74,jackson ford,0.005898533887274817,0.04882814512808144,220.0
203165,Micah Nickerson,Mississippi State,SAM,LB,72,micah nickerson,-0.009962589945077087,0.012168632076678395,76.0
203169,Ronelle Johnson,Indiana,REDG,EDGE,71,ronelle johnson,-0.007683511345979133,-0.00046353127366165724,37.0
203170,Shaun Scott,USC,REDG,EDGE,75,shaun scott,0.003494417487117302,0.026032463388540775,115.5
203171,Rinaldo Callaway III,Rutgers,REDG,EDGE,72,rinaldo callaway,-0.05670401879734114,-0.03416597289591767,115.5
203172,Dre Quinn,Ohio State,REDG,EDGE,75,dre quinn,-0.055872324281095495,-0.033334278379672025,115.5
203173,Carter Buck,TCU,LEDG,EDGE,76,carter buck,-0.05500541443240149,0.005096041304727772,308.0
203174,Samu Moala,Texas A&M,REDG,EDGE,75,samu moala,-0.0010184193029081788,0.006201560769409298,37.0
203176,Matthew Nelson,Oklahoma,LEDG,EDGE,75,matthew nelson,-0.051883875680419536,-0.029345829778996062,115.5
203177,Andrew Harris,South Carolina,WILL,LB,66,andrew harris,-0.08338439426319903,-0.061253172241443554,76.0
203178,Julian Hugo,Arizona State,REDG,EDGE,72,julian hugo,-0.014302294316533041,0.008235751584890432,115.5
203180,Jarius Rodgers,Syracuse,REDG,EDGE,69,jarius rodgers,-0.08600599800387294,-0.06346795210244946,115.5
203181,Zavion Griffin-Haynes,North Carolina,LEDG,EDGE,73,zavion griffin haynes,-0.052419852585383474,-0.02988180668396,115.5
203183,Parker Crim,Illinois,REDG,EDGE,68,parker crim,-0.012937464952709147,-0.00571748488039167,37.0
203190,Cullen Thompson,Texas State,LEDG,EDGE,70,cullen thompson,-0.022270424388300156,-0.015050444315982682,37.0
203193,Jace McCallum,Vanderbilt,REDG,EDGE,68,jace mccallum,-0.0362348397847794,-0.029014859712461923,37.0
203198,Tucker Ashford,Kansas State,REDG,EDGE,69,tucker ashford,-0.01050775290453169,-0.0032877728322142133,37.0
203199,Prince Williams,Arizona,REDG,EDGE,69,prince williams,-0.09241623106408632,-0.04948661982327971,220.0
203203,Keysaun Eleazer,Stanford,WILL,LB,56,keysaun eleazer,-0.05420104626699773,-0.04517383728443958,31.0
203204,Jaemin Pinckney,Florida State,REDG,EDGE,72,jaemin pinckney,-0.08256333408819072,-0.060025288186767244,115.5
203212,Obinna Umeh,Duke,LEDG,EDGE,74,obinna umeh,-0.11252526063815381,-0.06959564939734719,220.0
203213,Katrell Webb,Purdue,LEDG,EDGE,65,katrell webb,-0.03231596630666879,-0.02509598623435131,37.0
203215,Tariq Boney,Michigan,REDG,EDGE,70,tariq boney,-0.0048052217950111335,0.002414758277306343,37.0
203217,Amontre Harris,SMU,LEDG,EDGE,71,amontre harris,-0.02776523176818383,-0.020545251695866355,37.0
203220,Hudson Woods,SMU,REDG,EDGE,72,hudson woods,-0.045010618571396765,-0.022472572669973292,115.5
203222,PJ Takitaki,Utah,REDG,EDGE,73,pj takitaki,-0.00866136766606229,0.013876678235361184,115.5
203240,Alijah Lash,San Diego State,REDG,EDGE,69,alijah lash,-0.20367927970896496,-0.1435778239718357,308.0
203244,Kingston Shaw,Illinois,REDG,EDGE,69,kingston shaw,-0.036175374781173754,-0.01363732887975028,115.5
203255,Tristan Lyles,Jacksonville State,REDG,EDGE,71,tristan lyles,-0.13449664224157837,-0.050198496532358104,432.0
203264,Josh Nengite,Temple,LEDG,EDGE,68,josh nengite,-0.08396967702226797,-0.0614316311208445,115.5
203266,Samuel Dossous,Bowling Green,REDG,EDGE,66,samuel dossous,-0.04619878999294899,0.01390266574418027,308.0
203274,Sawyer Arnold,App State,REDG,EDGE,67,sawyer arnold,-0.28965059955939054,-0.20535245385017026,432.0
203298,Kacey Gilliam,James Madison,REDG,EDGE,63,kacey gilliam,-0.0336626677081229,-0.026442687635805425,37.0
203309,London Vickroy,Miami (OH),LEDG,EDGE,63,london vickroy,-0.028540814272496797,-0.02132083420017932,37.0
203342,Khalid Feliz,Georgia State,WILL,LB,53,khalid feliz,-0.062270834470636506,-0.053243625488078344,31.0
203347,Darrius Summers III,Northern Illinois,LEDG,EDGE,68,darrius summers,-0.10900998515707344,-0.024711839447853174,432.0
203348,Brendan Huddleston,Fresno State,LEDG,EDGE,66,brendan huddleston,-0.024050461128205025,-0.0015124152267815512,115.5
203349,Matthew Plumb,Central Michigan,REDG,EDGE,65,matthew plumb,-0.04936289557826684,-0.026824849676843364,115.5
203367,Cincere Johnson,Ohio State,WILL,LB,77,cincere johnson,0.04542055357102944,0.09769100558293876,179.5
203369,Talanoa Ili,USC,MIKE,LB,75,talanoa ili,0.032537157380911064,0.08480760939282038,179.5
203370,Izayia Williams,Florida State,SAM,LB,69,izayia williams,-0.013902815479185718,-0.004875606496627561,31.0
203373,Julian Manson,Iowa,MIKE,LB,73,julian manson,-0.0009556173348573234,0.051314834677052,179.5
203376,Braylon Hodge,Oregon,WILL,LB,72,braylon hodge,0.0012347242129238545,0.09194361447314532,311.5
203377,Shadarius Toodle,Auburn,SS,SAF,73,shadarius toodle,-0.0017508837688521507,0.005230360107532695,38.0
203380,DQ Forkpa,North Carolina,MIKE,LB,68,dq forkpa,-0.029932784080798393,-0.0078015620590429135,76.0
203383,Nick Abrams II,Georgia,MIKE,LB,70,nick abrams,-0.0028285439934859365,0.0061986649890722195,31.0
203384,Adam Balogoun-Ali,Auburn,MIKE,LB,71,adam balogoun ali,-0.0052595420967705446,0.016871679924984933,76.0
203390,JJ Bush,Missouri,MIKE,LB,70,jj bush,-0.009456172986326724,-0.0004289640037685681,31.0
203392,Storm Miller,Texas A&M,WILL,LB,73,storm miller,0.03101115302780284,0.08328160503971216,179.5
203394,Jacob Eberhart,Illinois,SS,SAF,68,jacob eberhart,-0.014710126361791255,-0.007728882485406409,38.0
203396,Reston Lehman,Pittsburgh,LEDG,EDGE,74,reston lehman,0.004270481453760676,0.06437193719088993,308.0
203398,Ja'Dyn Williams,Indiana,MIKE,LB,72,jadyn williams,0.00798379098698826,0.030115013008743738,76.0
203401,Carson Crawford,Colorado,WILL,LB,71,carson crawford,-0.019618316659209826,0.0326521353526995,179.5
203403,Billy Weivoda,Iowa,MIKE,LB,67,billy weivoda,-0.009343005222976852,-0.0003157962404186955,31.0
203406,Rodney Colton Jr,Colorado,MIKE,LB,67,rodney colton,-0.007744502132085858,0.0012827068504722983,31.0
203407,Cameron Thomas,Illinois,MIKE,LB,68,cameron thomas,-0.07574570845129991,-0.023475256439390576,179.5
203408,Kaden Carter,Maryland,WILL,LB,71,kaden carter,0.06124348065446202,0.2085908272729919,506.0
203412,Trevor Gibbs,Indiana,TE,TE,68,trevor gibbs,-0.013010727200668116,-0.0068510436861391605,18.5
203415,Dane Bathurst,Oklahoma,WILL,LB,65,dane bathurst,-0.010549190717134895,-0.0015219817345767397,31.0
203417,Rocky Cummings,Texas,WILL,LB,68,rocky cummings,-0.005905227227180434,0.003121981755377721,31.0
203419,DJ Ackerson Jr.,Kansas State,MIKE,LB,69,dj ackerson,-0.013191228838880053,-0.004164019856321898,31.0
203427,LaGary Mitchell,Utah,MIKE,LB,71,lagary mitchell,-0.05852743492339153,0.08881991169513838,506.0
203429,Ramzak Fruean,Washington,REDG,EDGE,72,ramzak fruean,-0.04997456139966526,-0.02743651549824179,115.5
203430,Izayah Young,SMU,SAM,LB,69,izayah young,-0.008835863674949884,0.013295358346805595,76.0
203431,JD McKinley,California,MIKE,LB,70,jd mckinley,-0.002532229587497523,0.006494979395060633,31.0
203440,Ezaya Tokio,Washington,MIKE,LB,63,ezaya tokio,-0.01438320027307476,-0.005355991290516603,31.0
203442,Jacob Savage,Indiana,WILL,LB,67,jacob savage,-0.01591815147729918,-0.006890942494741025,31.0
203447,Adam Shaw,Michigan State,MIKE,LB,67,adam shaw,-0.015860402365837037,-0.006833193383278881,31.0
203449,Noriel Dominguez,TCU,MIKE,LB,66,noriel dominguez,-0.07525955234237797,-0.02298910033046864,179.5
203451,Taj Powell,Louisville,MIKE,LB,69,taj powell,-0.0014414643656671343,0.007585744616891022,31.0
203453,Daylen Green,Florida State,WILL,LB,65,daylen green,-0.016317310767982707,-0.007290101785424553,31.0
203454,Gemaus Sackie,Syracuse,MIKE,LB,59,gemaus sackie,-0.08033686937848136,-0.05820564735672588,76.0
203457,Ellis Alloway,Liberty,MIKE,LB,66,ellis alloway,-0.006562297829639523,0.002464911152918633,31.0
203460,Sharard Vaughn III,Toledo,WILL,LB,65,sharard vaughn,-0.06472274789757106,-0.04259152587581557,76.0
203462,Wassie Lugolobi,Stanford,WILL,LB,65,wassie lugolobi,-0.011954637129413206,-0.00292742814685505,31.0
203474,Caleb Triplett,Southern Miss,WILL,LB,67,caleb triplett,-0.06662726015722184,-0.014356808145312512,179.5
203486,Brady Ballart,Louisville,SAM,LB,67,brady ballart,-0.009376191728154964,-0.0003489827455968089,31.0
203487,Jordan Avinger,North Carolina,MIKE,LB,57,jordan avinger,-0.03762697608548829,-0.02859976710293013,31.0
203489,Noah LaVallee,Florida State,MIKE,LB,64,noah lavallee,-0.018105716097556644,-0.009078507114998488,31.0
203498,Devin Pettway,Jacksonville State,SAM,LB,62,devin pettway,-0.025074830761541104,-0.002943608739785625,76.0
203506,Daniel Vollmer,Vanderbilt,WILL,LB,67,daniel vollmer,-0.008943545171981438,0.013187676849774043,76.0
203508,Bryant Junius,App State,WILL,LB,64,bryant junius,-0.009151272258984119,-0.00012406327642596336,31.0
203509,Michael McClenton,App State,MIKE,LB,65,michael mcclenton,-0.01182771478718845,-0.002800505804630295,31.0
203520,La'Trell Sellers,Charlotte,WILL,LB,65,latrell sellers,-0.013815187406923442,0.008316034614832038,76.0
203527,Jack Murray,Northern Illinois,MIKE,LB,66,jack murray,-0.14691509068337313,0.00043225593515675784,506.0
203541,Brayden Sweeney,Purdue,MIKE,LB,51,brayden sweeney,-0.05036762461884181,-0.04134041563628365,31.0
203548,Westen Ard,Western Kentucky,WILL,LB,64,westen ard,-0.027186879181692342,-0.005055657159936866,76.0
203551,Zyon Ratchford,East Carolina,SAM,LB,63,zyon ratchford,-0.019207534802549345,-0.01018032581999119,31.0
203555,BJ Stovall,Toledo,MIKE,LB,63,bj stovall,-0.020964365467780174,-0.01193715648522202,31.0
203557,Jack Garbolino,Buffalo,MIKE,LB,61,jack garbolino,-0.011337095554110938,-0.0023098865715527822,31.0
203559,Zech Hall,South Alabama,WILL,LB,63,zech hall,-0.020951202134859664,-0.01192399315230151,31.0
203560,Matthew Heininger,Buffalo,WILL,LB,62,matthew heininger,-0.01956262675485251,-0.010535417772294354,31.0
203564,Jeremiah Smith,Louisiana Tech,WILL,LB,63,jeremiah smith,-0.019300390270088185,-0.01027318128753003,31.0
203578,Tyray Darensburg,South Alabama,MIKE,LB,49,tyray darensburg,-0.055852465703091186,-0.04682525672053303,31.0
203581,Anwar Witherspoon Jr.,Buffalo,WILL,LB,63,anwar witherspoon,-0.004012102271172282,0.005015106711385874,31.0
203583,Grayson Hardy,Louisiana Tech,MIKE,LB,61,grayson hardy,-0.020335049501930123,-0.011307840519371965,31.0
203584,Braeden Lott,UTSA,MIKE,LB,60,braeden lott,-0.014898348520639813,-0.0058711395380816565,31.0
203586,Demitris Mincey,Florida International,MIKE,LB,66,demitris mincey,-0.07531918003759586,-0.023048728025686527,179.5
203590,Jaxon Cannida,Nevada,WILL,LB,63,jaxon cannida,-0.04654460591423277,0.0057258460976765575,179.5
203593,Ayden Combs,Louisiana Tech,SAM,LB,62,ayden combs,-0.01210857885251376,-0.003081369869955603,31.0
203597,Xavious Anderson,South Alabama,MIKE,LB,63,xavious anderson,-0.05389993995916487,-0.031768717937409395,76.0
203598,Xavier Brown,Georgia Southern,MIKE,LB,67,xavier brown,-0.004254635141224102,0.04801581687068522,179.5
203599,Raymir Coney,Tulsa,WILL,LB,60,raymir coney,-0.023319858228039447,-0.014292649245481293,31.0
203602,Gray Patterson,Charlotte,WILL,LB,64,gray patterson,-0.016003727962070915,-0.006976518979512758,31.0
203614,Daunte Curtis,Akron,MIKE,LB,65,daunte curtis,-0.008325720139441979,0.0138055018823135,76.0
203618,Noah Hamlin,Arkansas State,WILL,LB,63,noah hamlin,-0.1383775569911383,-0.08610710497922897,179.5
203630,Talan Babin,Old Dominion,WILL,LB,59,talan babin,-0.028193571934099982,-0.019166362951541824,31.0
203638,Wayne Cunningham,Delaware,WILL,LB,62,wayne cunningham,-0.02121958515463641,-0.012192376172078252,31.0
203644,Khary Adams,Notre Dame,CB,CB,82,khary adams,0.029230611762208005,0.07148550890874786,230.0
203647,Elbert Hill IV,USC,CB,CB,78,elbert hill,-0.0007259418334145346,0.0058878681547395294,36.0
203650,Jay Timmons,Ohio State,CB,CB,81,jay timmons,0.024604430079622538,0.04683418031758481,121.0
203653,Vic Singleton,Texas A&M,CB,CB,75,vic singleton,-0.014613974317907522,-0.008000164329753458,36.0
203654,Samari Matthews,Texas,CB,CB,78,samari matthews,0.00757448650534058,0.014188296493494646,36.0
203656,Brandon Lockhart,USC,CB,CB,81,brandon lockhart,0.04837894271116049,0.11718093828237432,374.5
203659,Nick Hankins Jr.,Illinois,CB,CB,78,nick hankins,0.062278357009406496,0.1310803525806203,374.5
203660,Kenton Dopson III,North Carolina,CB,CB,75,kenton dopson,-0.006995468992526799,0.03525942815401306,230.0
203661,Jaelen Waters,Miami,CB,CB,74,jaelen waters,0.0037835062681442102,0.010397316256298274,36.0
203663,Jamarion Vincent,Michigan,CB,CB,75,jamarion vincent,-0.00980257982178298,-0.0031887698336289156,36.0
203668,Darion Jones,Iowa,CB,CB,75,darion jones,-0.06618927743516272,0.002612718136051099,374.5
203669,Jaydin Broadnax,Louisville,CB,CB,75,jaydin broadnax,0.0024052745736397366,0.044660171720179595,230.0
203672,Kosci Barnes,South Carolina,CB,CB,72,kosci barnes,0.007743747491634219,0.029973497729596493,121.0
203676,Tedarius Hughes,Syracuse,FS,SAF,72,tedarius hughes,-0.032737718338063174,0.004924255205591921,205.0
203678,Derrick Johnson II,Oklahoma,CB,CB,75,derrick johnson,-0.019017189794228666,0.023237707352311194,230.0
203679,Jeron Jones,Washington,CB,CB,76,jeron jones,-0.052459617639196876,-0.010204720492657018,230.0
203680,Xaier Hiler,Arizona,CB,CB,73,xaier hiler,-0.0032874941132833443,0.01894225612467893,121.0
203682,Kasmir Hicks,Indiana,CB,CB,76,kasmir hicks,-0.010538917736295146,-0.003925107748141081,36.0
203686,Almirian Thomas,Illinois,CB,CB,71,almirian thomas,-0.019181474379221124,-0.01256766439106706,36.0
203687,Chase Geter,Syracuse,CB,CB,70,chase geter,-0.009335199556499713,-0.002721389568345648,36.0
203689,Julian Peterson,North Carolina,CB,CB,69,julian peterson,-0.01061228829204375,-0.003998478303889685,36.0
203696,Hakim Satterwhite,Maryland,CB,CB,73,hakim satterwhite,-0.02983473244892761,-0.0076049822109653335,121.0
203702,Kamden Jennings,James Madison,CB,CB,70,kamden jennings,-0.13770850003431198,-0.09545360288777212,230.0
203707,Mason Lewis,Vanderbilt,FS,SAF,72,mason lewis,-0.023601430488584586,-0.005321594549103217,99.5
203710,Deuce Gilbert,SMU,CB,CB,70,deuce gilbert,-0.018379536967762587,-0.011765726979608523,36.0
203717,Raderrion Daniels,Purdue,CB,CB,65,raderrion daniels,-0.03164950187167442,-0.02503569188352035,36.0
203718,Rodarion Jones,Jacksonville State,CB,CB,58,rodarion jones,-0.04032981934178202,-0.03371600935362796,36.0
203721,Jamareis Conyers,Rutgers,CB,CB,67,jamareis conyers,-0.015540597359564177,-0.008926787371410113,36.0
203725,Devonte Anderson,Rutgers,CB,CB,71,devonte anderson,-0.010544336573132675,-0.00393052658497861,36.0
203729,Therman Williams,Wyoming,CB,CB,65,therman williams,-0.007767873404565454,0.01446187683339682,121.0
203738,TJ Umenyiora,Michigan State,CB,CB,70,tj umenyiora,-0.003650271818444227,0.002963538169709838,36.0
203740,Garrick Dixon,Kansas State,CB,CB,68,garrick dixon,-0.021385718594327748,-0.014771908606173684,36.0
203742,Major Hinchen,Utah,CB,CB,71,major hinchen,-0.017556765903544956,-0.010942955915390892,36.0
203751,Kai Wheaton,Oregon State,CB,CB,71,kai wheaton,-0.01388954194410529,-0.007275731955951225,36.0
203753,AJ Tarvin,Louisiana Tech,CB,CB,68,aj tarvin,-0.017077902488632137,-0.010464092500478073,36.0
203756,Jeremiah Favorite,Michigan State,CB,CB,69,jeremiah favorite,-0.013244756188620681,-0.006630946200466616,36.0
203760,Kris Brunson,Louisville,CB,CB,69,kris brunson,-0.017260010721022085,-0.010646200732868021,36.0
203765,Terrell Johnson Jr.,Mississippi State,CB,CB,72,terrell johnson,-0.009224379405537915,0.01300537083242436,121.0
203778,Dylan Waters,Utah,CB,CB,71,dylan waters,-0.04240043916837174,-0.020170688930409467,121.0
203779,Keynan Farley,Tulsa,CB,CB,67,keynan farley,-0.009329124172697103,-0.002715314184543037,36.0
203782,Mojo Williams Jr.,Colorado,CB,CB,63,mojo williams,-0.03692950520995656,-0.0303156952218025,36.0
203790,Josiah Vilmael,Kansas State,CB,CB,71,josiah vilmael,-0.055682829873624246,-0.033453079635661964,121.0
203797,Isaiah Lucero,Fresno State,CB,CB,61,isaiah lucero,-0.022537591068191937,-0.015923781080037874,36.0
203803,Corey Warner,Massachusetts,CB,CB,65,corey warner,-0.02725008578800133,-0.020636275799847264,36.0
203804,Lennox Lemon,Kent State,CB,CB,66,lennox lemon,-0.048384324830800636,-0.026154574592838358,121.0
203805,Toe Sanders,Iowa State,CB,CB,72,toe sanders,-0.005729875480055135,0.0008839345080989301,36.0
203817,Kindall Brown,Ohio,CB,CB,66,kindall brown,-0.02617460756022054,-0.019560797572066472,36.0
203819,Deon Callins,South Alabama,CB,CB,71,deon callins,-0.09270091988512852,-0.023898924313914705,374.5
203820,Marrel Davis III,Oklahoma State,CB,CB,69,marrel davis,-0.012716721669227915,-0.006102911681073851,36.0
203824,Zay West,Florida International,CB,CB,69,zay west,-0.08561602739397783,-0.04336113024743797,230.0
203831,Truly Bell III,Fresno State,CB,CB,66,truly bell,-0.02016303039795952,-0.013549220409805456,36.0
203833,Thomas Cook Jr.,Colorado State,CB,CB,67,thomas cook,-0.02017095764916037,-0.013557147661006307,36.0
203836,Trakarris Collier,South Alabama,CB,CB,69,trakarris collier,-0.008292464144314973,-0.0016786541561609081,36.0
203837,Michael Knight,Coastal Carolina,CB,CB,60,michael knight,-0.032410920241813954,-0.02579711025365989,36.0
203843,Trenton Gummer,Delaware,CB,CB,68,trenton gummer,-0.0400572968160943,-0.01782754657813203,121.0
203855,Chase Usher,Charlotte,CB,CB,65,chase usher,-0.0851883469253508,-0.06295859668738851,121.0
203889,Bralan Womack,Mississippi State,FS,SAF,80,bralan womack,0.1289911403246423,0.19705826811939453,370.5
203890,Joey O'Brien,Notre Dame,FS,SAF,81,joey obrien,0.12553726304649632,0.19360439084124856,370.5
203895,Blaine Bradford,Ohio State,SS,SAF,78,blaine bradford,0.07403980196543913,0.11170177550909423,205.0
203896,Ayden Pouncey,Notre Dame,CB,CB,75,ayden pouncey,-0.0037253291276785,0.002888480860475565,36.0
203897,J'Zavien Currence,South Carolina,SS,SAF,74,jzavien currence,0.03636824979754694,0.07403022334120203,205.0
203899,Jordan Smith,Georgia,SS,SAF,76,jordan smith,-0.010095055097360644,0.008184780842120732,99.5
203900,Camren Hamiel,Texas A&M,FS,SAF,78,camren hamiel,-0.01303367329542136,0.005246162644060014,99.5
203901,Jakob Weatherspoon,North Carolina,FS,SAF,75,jakob weatherspoon,-0.08609714118553649,-0.018030013390784236,370.5
203902,JJ Dunnigan,Miami,FS,SAF,77,jj dunnigan,0.028112991716559836,0.06577496526021494,205.0
203904,Matt Sieg,West Virginia,FS,SAF,75,matt sieg,-0.016568142580953925,0.05149898521379834,370.5
203905,Zech Fort,Georgia,FS,SAF,76,zech fort,0.0033680269896035,0.010349270865988346,38.0
203906,Aiden Hall,LSU,SS,SAF,74,aiden hall,-0.023614819203425633,0.014047154340229462,205.0
203907,Gavin Day,Washington,FS,SAF,74,gavin day,0.005036133795341844,0.04269810733899694,205.0
203910,Preston Ashley,Colorado,FS,SAF,73,preston ashley,-0.01710854224108752,0.001171293698393855,99.5
203914,Chance Collins,Texas A&M,SS,SAF,74,chance collins,-0.004969717583261853,0.002011526293122994,38.0
203915,Chace Calicut,Georgia Southern,SS,SAF,73,chace calicut,-0.0502056008488286,0.017861526945923654,370.5
203919,Tre Bell III,Florida State,SS,SAF,73,tre bell,-0.023508393568579606,0.01415357997507549,205.0
203922,Messiah Tilson,Rutgers,SS,SAF,72,messiah tilson,-0.07642229040681679,-0.00835516261206454,370.5
203923,Khmari Bing,Ohio State,FS,SAF,78,khmari bing,0.004384504089777222,0.022664340029258597,99.5
203932,Kaden Gebhardt,Ohio State,SS,SAF,70,kaden gebhardt,-0.00550263888034806,0.0014786049960367866,38.0
203940,Jermaine Santana-Diaz,Colorado State,SS,SAF,68,jermaine santana diaz,-0.008221841578403803,-0.0012405977020189562,38.0
203942,Tyrell Chatman,Penn State,CB,CB,73,tyrell chatman,0.001763693748751221,0.008377503736905285,36.0
203945,Darrell Carey,Maryland,CB,CB,76,darrell carey,0.010033115866052463,0.07883511143726628,374.5
203951,Zaiden McDonald,Stanford,SS,SAF,68,zaiden mcdonald,-0.01392611664610454,-0.006944872769719694,38.0
203957,Jordan Davis,Baylor,SS,SAF,68,jordan davis,-0.012822205845171209,-0.005840961968786363,38.0
203960,Braeden Presley,Oklahoma State,SS,SAF,67,braeden presley,-0.016590726926773974,-0.009609483050389125,38.0
203963,Tay Lockett,Arkansas,SS,SAF,71,tay lockett,-0.011279390306833755,-0.0042981464304489075,38.0
203972,Brody Jones,Missouri,FS,SAF,64,brody jones,-0.021699487089046805,-0.014718243212661958,38.0
203981,Jamar Owens,Indiana,SS,SAF,69,jamar owens,-0.016175856899046274,-0.009194613022661427,38.0
203983,Nick McClellan,Kansas State,FS,SAF,69,nick mcclellan,-0.01612393372925363,-0.009142689852868783,38.0
203987,Madden Soliai,Boise State,FS,SAF,68,madden soliai,-0.011035450680441367,-0.0040542068040565205,38.0
203999,Jarvse Dickerson,UTSA,FS,SAF,66,jarvse dickerson,-0.028482852861065066,-0.021501608984680218,38.0
204002,Zeth Thues,Arizona State,FS,SAF,70,zeth thues,-0.009328260461827874,-0.0023470165854430278,38.0
204004,Myrone Jean,Tulane,SS,SAF,68,myrone jean,-0.0426214246629271,-0.024341588723445728,99.5
204005,Braylon Edwards,Colorado,SS,SAF,62,braylon edwards,-0.033567445844677156,-0.02658620196829231,38.0
204006,Emoni Smith,Purdue,SS,SAF,70,emoni smith,-0.0170453289089706,-0.010064085032585752,38.0
204014,Hannibal Navies II,Arizona,FS,SAF,69,hannibal navies,-0.011555743722346473,-0.004574499845961626,38.0
204017,DeCorian Thompson,UTEP,CB,CB,64,decorian thompson,-0.10962996743347528,-0.06737507028693542,230.0
204034,Kane White-Tinsley,UTEP,FS,SAF,67,kane white tinsley,-0.011348037676426448,-0.0043667938000416014,38.0
204036,Chris Newell Jr.,Bowling Green,FS,SAF,64,chris newell,-0.014316902939642853,-0.007335659063258006,38.0
204039,Tony Arnett,Liberty,SS,SAF,67,tony arnett,-0.044260454374605046,-0.025980618435123667,99.5
204048,Ibn Muhammad,Syracuse,SS,SAF,57,ibn muhammad,-0.052728536505829655,-0.04574729262944481,38.0
204049,Mudassir Abdullah,Houston,SS,SAF,67,mudassir abdullah,-0.05786002322154519,-0.03958018728206381,99.5
204055,Trav Moore,Central Michigan,HB,RB,69,trav moore,-0.06801936673392159,-0.049081710045876706,27.0
204057,Colton Benaitis,Central Michigan,FS,SAF,65,colton benaitis,-0.06567305092787083,-0.028011077384215734,205.0
204065,Jaylen Pollard,Western Kentucky,FS,SAF,68,jaylen pollard,-0.03989071929690043,-0.021610883357419064,99.5
204072,Shondell Harris,Jacksonville State,SS,SAF,67,shondell harris,-0.04111151520049021,-0.022831679261008837,99.5
204074,Josh Hines,Charlotte,SS,SAF,64,josh hines,-0.1066777723056905,-0.06901579876203541,205.0
204075,Julian Holt,Bowling Green,FS,SAF,67,julian holt,-0.07997534218774306,-0.04231336864408797,205.0
204082,JaJuan Jones,Central Michigan,CB,CB,65,jajuan jones,-0.01825386339618513,-0.011640053408031061,36.0
204084,Shaquille Leaks,Old Dominion,FS,SAF,67,shaquille leaks,-0.01847050555158577,-0.011489261675200922,38.0
204093,Micah Bright,Wake Forest,SS,SAF,69,micah bright,-0.0302586772796807,-0.011978841340199324,99.5
204095,Camen Upshaw,South Alabama,SS,SAF,56,camen upshaw,-0.18842006691708282,-0.15075809337342772,205.0
204096,Ryan Miller,Ohio,SS,SAF,57,ryan miller,-0.032804210320917675,-0.025822966444532826,38.0
204102,Drew Esper,Central Michigan,SAM,LB,63,drew esper,-0.25891776408832856,-0.1682088738281071,311.5
204103,Javari Nash,San Diego State,FS,SAF,57,javari nash,-0.04998758203391785,-0.043006338157533,38.0
204105,Eric Johnson,Florida International,FS,SAF,66,eric johnson,-0.04446238176267973,-0.026182545823198355,99.5
204107,Kevin Moore,Delaware,SS,SAF,63,kevin moore,-0.019165125657325918,-0.012183881780941071,38.0
204121,Marco Beltran Jr.,New Mexico,FS,SAF,65,marco beltran,-0.015285338943987904,-0.008304095067603058,38.0
204176,Will Terry,TCU,TE,TE,58,will terry,-0.05166761280563332,-0.0391817678437503,37.5
204177,Kyle Rushing,Mississippi State,TE,TE,73,kyle rushing,-0.009719260239931977,0.014919473818183843,74.0
204189,Jaimeon Winfield,USC,DT,DT,80,jaimeon winfield,0.06494053092569504,0.12299307339905853,297.5
204194,Bryce Perry-Wright,Texas A&M,REDG,EDGE,76,bryce perry wright,0.00924649319817402,0.016466473270491496,37.0
204197,Aiden Harris,South Carolina,DT,DT,73,aiden harris,-0.010044461549612332,-0.002043943091098371,41.0
204198,Keshawn Stancil,Miami,DT,DT,75,keshawn stancil,0.01376914205148083,0.036795024444277104,118.0
204202,Elijah Golden,Notre Dame,DT,DT,78,elijah golden,0.012751428178619172,0.07080397065198267,297.5
204205,Simote Katoanga,USC,REDG,EDGE,69,simote katoanga,-0.005334038195566705,0.0018859418767507706,37.0
204211,Alister Vallejo,Michigan,DT,DT,79,alister vallejo,0.08542579381312357,0.16182098836210443,391.5
204220,Noah Clark,South Carolina,DT,DT,75,noah clark,-0.0015397836508927927,0.006460734807621167,41.0
204224,Cam McHaney,Indiana,DT,DT,73,cam mchaney,-0.002631251616084862,0.005369266842429098,41.0
204225,Jae'Lin Battle,Baylor,DT,DT,76,jaelin battle,-0.0025791807121041082,0.03859421915976042,211.0
204232,Franklin Whitley,Florida State,DT,DT,71,franklin whitley,-0.031187486859568448,-0.00816160446677217,118.0
204234,Josiah Hope,Purdue,DT,DT,69,josiah hope,-0.01713159938075331,-0.009131080922239352,41.0
204241,Tico Crittendon Jr.,Mississippi State,DT,DT,73,tico crittendon,0.0009966105733484657,0.008997129031862425,41.0
204244,JaMarcus Whyce,Maryland,DT,DT,73,jamarcus whyce,-0.0013791642569169914,0.006621354201596969,41.0
204246,Tavian Branch,Auburn,DT,DT,73,tavian branch,-0.01874032936074731,0.004285553032048969,118.0
204250,Kam Cody,Clemson,DT,DT,73,kam cody,-0.025823535137387006,-0.0027976527445907296,118.0
204259,Daryl Campbell,Vanderbilt,DT,DT,75,daryl campbell,0.0001901185417730113,0.00819063700028697,41.0
204260,Jordyn Crites,Tulane,REDG,EDGE,72,jordyn crites,-0.004193099743004185,0.05590835599412508,308.0
204268,James Carrington,Oklahoma,DT,DT,67,james carrington,-0.021370097501817602,-0.013369579043303643,41.0
204269,Jude Okeleke,Temple,DT,DT,70,jude okeleke,-0.08758903678261964,-0.04641563691075512,211.0
204270,Ayden Cain,Duke,DT,DT,69,ayden cain,-0.011723567769000262,-0.003723049310486303,41.0
204271,Wihtlley Cadeau,Florida State,DT,DT,71,wihtlley cadeau,-0.014824360600891198,-0.006823842142377239,41.0
204275,Jonathan Rulo,Cincinnati,DT,DT,68,jonathan rulo,-0.017070914160618945,-0.009070395702104984,41.0
204277,Keytrin Harris,Arizona,DT,DT,69,keytrin harris,-0.024649839052253108,-0.016649320593739143,41.0
204280,Djidjou Bah,Wisconsin,DT,DT,69,djidjou bah,-0.01902309704238643,-0.011022578583872473,41.0
204283,King Liggins,Illinois,DT,DT,67,king liggins,-0.10759936009460107,-0.06642596022273653,211.0
204284,Ari Slocum,Southern Miss,DT,DT,70,ari slocum,-0.13658314183389247,-0.078530599360529,297.5
204288,David Jackson,North Carolina,DT,DT,69,david jackson,-0.08148708684531358,-0.04031368697344905,211.0
204293,Marcus Almada,UCLA,DT,DT,72,marcus almada,-0.013625286736719843,0.00940059565607643,118.0
204296,Chadwicke Cannon Jr.,Duke,DT,DT,69,chadwicke cannon,-0.018002465367688226,-0.010001946909174268,41.0
204299,Blake Smythe,Indiana,DT,DT,68,blake smythe,-0.016334577960700196,-0.008334059502186235,41.0
204307,Kordae Houston,Syracuse,DT,DT,57,kordae houston,-0.06004582690699445,-0.052045308448480494,41.0
204312,Kaleb Morris,Mississippi State,DT,DT,71,kaleb morris,-0.0010095684196927625,0.006990950038821197,41.0
204317,Jacob Lopez-Veasey,UTSA,REDG,EDGE,67,jacob lopez veasey,-0.020537811540709775,-0.013317831468392298,37.0
204319,Bryce Robinson,UNLV,DT,DT,68,bryce robinson,-0.04488866819426101,-0.003715268322396485,211.0
204320,Maddox Flynt,TCU,DT,DT,66,maddox flynt,-0.028998566699594313,-0.020998048241080352,41.0
204323,Lincoln Hoke,Pittsburgh,DT,DT,57,lincoln hoke,-0.061532180454855936,-0.053531661996341975,41.0
204339,Cayden Dees,Tulane,LEDG,EDGE,69,cayden dees,-0.028506890867459056,-0.005968844966035586,115.5
204352,Sager Quinn,South Florida,DT,DT,54,sager quinn,-0.05557460442530411,-0.04757408596679016,41.0
204374,Dominic Coelho,San Diego State,LEDG,EDGE,66,dominic coelho,-0.046195120756750856,-0.023657074855327382,115.5
204376,Zakir Abdul-Salaam,Kennesaw State,DT,DT,70,zakir abdul salaam,-0.015265606793531764,-0.007265088335017805,41.0
204381,Xavier Joseph,App State,DT,DT,65,xavier joseph,-0.11892340940968389,-0.07775000953781937,211.0
204388,DAdrian Tinney-Anderson,UTEP,DT,DT,65,dadrian tinney anderson,-0.057633091481370906,-0.03460720908857463,118.0
204413,Davon Young,Mississippi State,DT,DT,70,davon young,-0.020856606541448178,-0.012856088082934218,41.0
204419,Collin Stare,Central Michigan,DT,DT,66,collin stare,-0.08118696881499123,-0.040013568943126694,211.0
204420,Xavier Waters,Louisiana,DT,DT,62,xavier waters,-0.11562222183762959,-0.09259633944483332,118.0
204439,Gabe Jones,Coastal Carolina,C,OL,60,gabe jones,-0.032648439661964714,-0.022716336473337102,91.0
204456,Devyn Blake,Sacramento State,DT,DT,69,devyn blake,-0.020957540569280255,-0.012957022110766296,41.0
204458,Tyler Lavallier,Rice,DT,DT,55,tyler lavallier,-0.062467657011709074,-0.05446713855319512,41.0
204470,Eckley Bridges,Kent State,DT,DT,62,eckley bridges,-0.040225861672596896,-0.03222534321408294,41.0
204478,Truth Holmes,UTEP,DT,DT,72,truth holmes,-0.0771422605779201,-0.0007470660289392415,391.5
204487,Teddy Jarrard,Notre Dame,QB,QB,70,teddy jarrard,-0.019063272561253303,0.0009993770046205469,22.0
204488,Dante Carr,UCF,QB,QB,71,dante carr,-0.009817570640700376,0.010245078925173476,22.0
204489,Hank Hendrix,Arkansas,QB,QB,63,hank hendrix,-0.041806614970947266,-0.021743965405073416,22.0
204492,Mason Atkins,Ball State,QB,QB,67,mason atkins,-0.040930375337139564,-0.008556554446752216,35.5
204512,Brendyn Smith,Kent State,WR,WR,62,brendyn smith,-0.04697969820708588,-0.03858675291084611,37.5
204513,CJ Lewis,Tulsa,WR,WR,58,cj lewis,-0.05932968152003808,-0.05093673622379831,37.5
204523,Jermaine Green,Northern Illinois,WR,WR,72,jermaine green,-0.15674990349486778,-0.11836616700673122,171.5
204533,Avin Robinson,Central Michigan,WR,WR,59,avin robinson,-0.048338301394923296,-0.03994535609868352,37.5
204566,Brandon White,Kent State,HB,RB,66,brandon white,-0.07695645196863113,-0.05766809793451134,27.5
204577,Enrico Maghelli,Kennesaw State,RT,OL,70,enrico maghelli,-0.034742284447237926,0.021630586947555066,516.5
204578,Maddux Murphy,Bowling Green,LT,OL,68,maddux murphy,0.026130072249116027,0.09680080647588943,647.5
204581,Miles Muldrow,Delaware,RT,OL,68,miles muldrow,-0.016758133436095793,-0.006826030247468179,91.0
204583,Mason Markel,Northern Illinois,RT,OL,68,mason markel,-0.011315188275362438,0.04505768311943055,516.5
204584,Charlie Mandabach,Central Michigan,LT,OL,67,charlie mandabach,-0.019695559145361335,-0.009763455956733724,91.0
204601,Jeremyah Green,UL Monroe,RG,OL,64,jeremyah green,-0.026181681490816025,-0.016249578302188414,91.0
204604,William Johnson,Kent State,C,OL,62,william johnson,-0.02774157953590409,-0.017809476347276476,91.0
204610,Tr'e Williams,Sam Houston,LG,OL,55,tre williams,-0.061917949869158016,-0.0519858466805304,91.0
204619,Liam Dalton,Kent State,RG,OL,64,liam dalton,-0.03189018557464347,-0.021958082386015865,91.0
204629,Jesse Legree,Oregon State,WR,WR,70,jesse legree,-0.0406447134054303,-0.03225176810919053,37.5
204639,Mason McKenzie,Boston College,QB,QB,73,mason mckenzie,-0.08438707442243117,0.5512341413691177,697.0
204640,Michael Hurst Jr.,California,SS,SAF,69,michael hurst,-0.011519941812821443,-0.004538697936436595,38.0
204641,Jacob Arop,California,LT,OL,76,jacob arop,-0.03036047325134181,0.04855063230226,723.0
204647,Dakota Quinonez,Duke,DT,DT,72,dakota quinonez,-0.047768924501162546,-0.006595524629298022,211.0
204648,Jared Richardson,Duke,WR,WR,77,jared richardson,-0.029760543964760133,0.061107077109195766,406.0
204649,CJ Richard Jr.,Florida State,FS,SAF,75,cj richard,0.03912866437141488,0.14742980292743768,589.5
204650,Caleb Bowers,Florida State,TE,TE,66,caleb bowers,-0.021097914267708864,-0.008612069305825849,37.5
204653,Chimdia Nwaiwu,Florida State,RT,OL,71,chimdia nwaiwu,-0.019269027504503,-0.009336924315875387,91.0
204657,Chris Corbo,Georgia Tech,TE,TE,70,chris corbo,-0.026611819291840644,0.025329295749592712,156.0
204659,Brycen Scott,Louisville,CB,CB,72,brycen scott,-0.015015388390213337,-0.008401578402059271,36.0
204660,Jackson Voth,Louisville,WR,WR,77,jackson voth,0.00020323785427199463,0.024263014370159337,107.5
204662,Davin Wydner,Louisville,QB,QB,74,davin wydner,-0.009050772650589638,0.023323048239797712,35.5
204663,Hunter Provience,NC State,TE,TE,70,hunter provience,-0.038167189457909145,-0.013528455399793327,74.0
204666,Andrew Threatt,North Carolina,RT,OL,73,andrew threatt,-0.025550092494842448,0.03082277889995054,516.5
204667,Peyton Seelmann,North Carolina,WILL,LB,75,peyton seelmann,0.12222962235561015,0.26957696897414,506.0
204670,Malik Knight,Pittsburgh,WR,WR,75,malik knight,-0.038009063555932025,0.0003746729322045211,171.5
204671,Netinho Olivieri,Pittsburgh,LT,OL,72,netinho olivieri,-0.009473568179436913,0.00045853500919070043,91.0
204672,Kanye Thompson,Pittsburgh,CB,CB,72,kanye thompson,-0.11323852728657802,-0.07098363014003815,230.0
204673,Dara Adeyemi,Stanford,RT,OL,70,dara adeyemi,-0.010834308463595826,-0.0009022052749682119,91.0
204676,Danny Lauter,Syracuse,QB,QB,71,danny lauter,-0.03143512414479877,0.0009386967455885768,35.5
204677,Keyshawn Johnson,Syracuse,REDG,EDGE,76,keyshawn johnson,-0.039598351004695394,0.04469979470452487,432.0
204678,Ahmad Miller,Syracuse,HB,RB,82,ahmad miller,-0.06023081945850092,0.2269903069768465,409.5
204679,Wyatt Rubinoff,Virginia,TE,TE,69,wyatt rubinoff,-0.03330095537506644,-0.020815110413183423,37.5
204681,Vincent Firenze,Wake Forest,WILL,LB,66,vincent firenze,-0.07347212667811329,-0.05134090465635781,76.0
204682,D.J. Johnson,Wake Forest,LEDG,EDGE,70,d j johnson,-0.04463298362136696,-0.022094937719943485,115.5
204683,Will Way,Wake Forest,C,OL,68,will way,-0.009015839631811781,0.0009162635568158318,91.0
204684,John Ohnegian,Wake Forest,C,OL,67,john ohnegian,-0.017781953234452065,-0.007849850045824452,91.0
204685,Tolu Olajide,Wake Forest,LT,OL,70,tolu olajide,-0.01855580242500455,-0.008623699236376934,91.0
204686,Sawyer Seidl,Wake Forest,HB,RB,77,sawyer seidl,-0.005231665300701214,0.03053946399893912,51.0
204687,Matt Herron,Wake Forest,DT,DT,73,matt herron,-0.030470824652002106,0.01070257521986242,211.0
204688,Shaku Sangarie,Charlotte,REDG,EDGE,70,shaku sangarie,-0.14053434983523239,-0.037991119348669326,525.5
204690,Mathias Nielsen,Charlotte,RT,OL,68,mathias nielsen,-0.022648961321018565,-0.012716858132390952,91.0
204691,Cam Pedro,Charlotte,WR,WR,70,cam pedro,-0.13050311471846227,-0.0671643542161728,283.0
204692,Zyheem Collick,Charlotte,WR,WR,70,zyheem collick,-0.08865160695566245,-0.050267870467525906,171.5
204694,Nicolas Cruji,Charlotte,C,OL,70,nicolas cruji,-0.03505915693601338,0.02131371445877961,516.5
204695,Ja'Keith Hamilton,East Carolina,WR,WR,71,jakeith hamilton,-0.013186517358199793,-0.004793572061960023,37.5
204696,Ismael Smith Flores,East Carolina,TE,TE,70,ismael smith flores,-0.03821022060141418,0.05185434105696866,270.5
204697,Ethan Kramer,East Carolina,RG,OL,66,ethan kramer,-0.027767278004277876,-0.01783517481565026,91.0
204698,Brady Tillman III,Florida Atlantic,HB,RB,72,brady tillman,-0.139491284518606,-0.05392113207632912,122.0
204699,AJ Johnson,Florida Atlantic,TE,TE,71,aj johnson,0.01781147458314558,0.06975258962457893,156.0
204700,Aqil Meredith-Smith,Florida Atlantic,RG,OL,71,aqil meredith smith,-0.07955474543652272,-0.02318187404172973,516.5
204702,Kortez Winslow,Florida Atlantic,LT,OL,69,kortez winslow,-0.02336511003628103,-0.013433006847653419,91.0
204703,Ahlston Ware,Florida Atlantic,CB,CB,70,ahlston ware,-0.08348256195555842,-0.041227664809018565,230.0
204704,Aiden Jones,Florida Atlantic,RT,OL,71,aiden jones,-0.11742369446902369,-0.04675296024225029,647.5
204705,Nate Fischer,Florida Atlantic,WILL,LB,67,nate fischer,-0.024929227060015074,0.027341224951894245,179.5
204706,Bo Simpson-Nealy,Florida Atlantic,SS,SAF,72,bo simpson nealy,-0.07597702763620925,0.04839934352991026,677.0
204707,Leonard Farrow,Florida Atlantic,HB,RB,76,leonard farrow,-0.3724850107781986,-0.08526388434285122,409.5
204708,King Phillips,Georgia Southern,WR,WR,70,king phillips,-0.017769554906948856,-0.009376609610709087,37.5
204709,Kenyon Garner,Florida Atlantic,REDG,EDGE,77,kenyon garner,-0.12075278070919061,-0.03645463499997035,432.0
204711,Darius Malcolm Jr.,Memphis,CB,CB,69,darius malcolm,-0.10619670454039068,-0.06394180739385082,230.0
204714,Brandon Jones,North Texas,SS,SAF,76,brandon jones,-0.03849581625022871,0.08588055491589079,677.0
204715,James Tyre,North Texas,WR,WR,77,james tyre,-0.027173148038560514,0.03616561246372895,283.0
204716,Zach Johnson,North Texas,CB,CB,69,zach johnson,-0.010732117680451805,-0.004118307692297741,36.0
204718,Mo Diawara,North Texas,LEDG,EDGE,67,mo diawara,-0.01147613105699536,-0.004256150984677884,37.0
204719,Wesley Hudson,North Texas,DT,DT,68,wesley hudson,-0.04035321284272148,-0.017327330449925207,118.0
204720,C.J. Coombes,North Texas,SS,SAF,69,c j coombes,-0.012821209782845023,-0.005839965906460177,38.0
204721,Nick Osho,North Texas,HB,RB,70,nick osho,-0.22475488624297105,-0.13918473380069415,122.0
204722,Cedric Roberts,North Texas,MIKE,LB,64,cedric roberts,-0.1251845753282498,-0.07291412331634049,179.5
204723,Peyton Taylor,North Texas,CB,CB,75,peyton taylor,-0.0407586013089705,0.028043394262243317,374.5
204724,TJ Chukwurah,North Texas,WR,WR,71,tj chukwurah,-0.014065710307900034,-0.005672765011660264,37.5
204725,Tariq May,Rice,REDG,EDGE,70,tariq may,-0.03478542310082381,0.025316032636305455,308.0
204727,Leo Bluhm,Rice,RG,OL,70,leo bluhm,-0.0869586532654849,-0.0162879190387115,647.5
204728,Koa Akui,Rice,FS,SAF,72,koa akui,-0.04427372428849084,0.02379340350626141,370.5
204730,Jaylon Joseph,Temple,LEDG,EDGE,70,jaylon joseph,-0.10202334738766583,-0.05909373614685921,220.0
204731,Deshon Dodson,Temple,DT,DT,71,deshon dodson,-0.11686939014717118,-0.05881684767380769,297.5
204732,Kevin Hornbeak,Temple,DT,DT,70,kevin hornbeak,-0.04088774723508831,-0.017861864842292036,118.0
204733,Jayce Freeman,Temple,WR,WR,71,jayce freeman,-0.012884698034640122,-0.004491752738400353,37.5
204734,Demonte Greene,Temple,WR,WR,71,demonte greene,-0.032013109596225435,-0.007953333080338092,107.5
204735,Jordan McAllister,Tulane,REDG,EDGE,74,jordan mcallister,-0.1338542244807624,-0.031310993994199315,525.5
204737,Gavin Marks,Tulane,C,OL,67,gavin marks,-0.010065733349260496,-0.0001336301606328829,91.0
204738,Anthony Rogers,Tulane,CB,CB,69,anthony rogers,-0.012109309271523972,-0.005495499283369907,36.0
204739,Riley Rushing,Tulane,LG,OL,68,riley rushing,-0.0076602072239390084,0.0022718959646886045,91.0
204740,Rylan Leathers,Tulsa,FS,SAF,70,rylan leathers,-0.06893736389747929,-0.031275390353824185,205.0
204741,Javon Ross,Tulsa,WR,WR,75,javon ross,-0.022652053990481185,0.001407722525406155,107.5
204743,Tyson Williams,Tulsa,FS,SAF,66,tyson williams,-0.033501321107328584,-0.026520077230943736,38.0
204745,Tylin Jackson,UAB,LEDG,EDGE,68,tylin jackson,-0.01425622964638569,-0.007036249574068214,37.0
204746,Anta'Veon McKenzie,UAB,FS,SAF,72,antaveon mckenzie,-0.16233251405931612,-0.05403137550329331,589.5
204747,Diezel Wilkinson,UAB,FS,SAF,73,diezel wilkinson,-0.07211708329852493,0.05225928786759458,677.0
204748,Braden Sullivan,UAB,WILL,LB,74,braden sullivan,0.1695041415070463,0.36009473115492735,654.5
204749,Blanche Gold,UAB,REDG,EDGE,70,blanche gold,-0.11510723292257159,-0.07217762168176496,220.0
204750,Raymond Macias,UAB,DT,DT,70,raymond macias,-0.09167275647725667,-0.03362021400389318,297.5
204752,Miles Campbell,UTSA,TE,TE,72,miles campbell,0.002457948997979225,0.09252251065636205,270.5
204753,Jeremiah Bailey,UTSA,DT,DT,73,jeremiah bailey,-0.044843767463200096,0.0132087750101634,297.5
204754,Nate Robinson Jr.,UTSA,FS,SAF,78,nate robinson,0.07425114289470217,0.19862751406082169,677.0
204755,Jusiah Sampleton,UTSA,DT,DT,74,jusiah sampleton,-0.020051874080607053,0.056343320468373814,391.5
204756,Xavier Walton,UTSA,FS,SAF,69,xavier walton,-0.028989647157758824,0.00867232638589627,205.0
204757,Marquis Gillis,Arizona State,HB,RB,72,marquis gillis,-0.034534127240705446,-0.01524577320658566,27.5
204758,Ramere Davis,Arizona State,MIKE,LB,65,ramere davis,-0.011619390464070862,-0.0025921814815127063,31.0
204760,David Avit,Arizona State,HB,RB,75,david avit,-0.022900216677797024,0.012870912621843311,51.0
204762,Zuri Watson,Arizona,CB,CB,71,zuri watson,-0.0037577909101967682,0.002856019077957297,36.0
204763,Cam Chapa,Arizona,FS,SAF,75,cam chapa,0.010832327942938565,0.07889945573769082,370.5
204764,Cooper Blomstrom,Arizona,WILL,LB,66,cooper blomstrom,-0.014232302976174378,-0.005205093993616222,31.0
204765,Lawson Petty,Baylor,LG,OL,73,lawson petty,-0.01832575402582396,0.05234498020094944,647.5
204766,Patrick Bauer,Cincinnati,REDG,EDGE,73,patrick bauer,-0.05229890381057153,0.031999241898648736,432.0
204767,Thomas Johnson,Cincinnati,REDG,EDGE,74,thomas johnson,0.021297253666344745,0.12384048415290783,525.5
204768,Larenzo Fenner,Cincinnati,WR,WR,74,larenzo fenner,-0.0093971092991323,-0.00100416400289253,37.5
204769,Josh Hough,Cincinnati,DT,DT,73,josh hough,-0.024584085490060022,0.016589314381804502,211.0
204770,Malachi Henry,Cincinnati,WR,WR,76,malachi henry,-0.0031136574227158334,0.08775396365124007,406.0
204772,Sean Kinney,Colorado,C,OL,67,sean kinney,-0.016382571323908652,-0.006450468135281038,91.0
204773,Damian Henderson II,Colorado,HB,RB,72,damian henderson,-0.016875915140654306,0.002061741547390577,27.0
204774,JaQuail Smith,Colorado,HB,RB,73,jaquail smith,-0.06972947496958559,-0.03395834566994525,51.0
204775,Toby Anene,Colorado,LEDG,EDGE,74,toby anene,0.031694991074644935,0.0917964468117742,308.0
204777,Paul Omodia,Colorado,CB,CB,68,paul omodia,-0.007759596762035367,-0.0011457867738813023,36.0
204778,Balansama Kamara,Colorado,REDG,EDGE,73,balansama kamara,-0.044893679088087585,-0.001964067847280965,220.0
204779,Fisher Clements,Colorado,TE,TE,71,fisher clements,-0.04169706617527458,0.010244048866158775,156.0
204780,Lamont Lester Jr.,Colorado,LEDG,EDGE,72,lamont lester,-0.006342243000450797,0.0008777370718666787,37.0
204781,Ejiro Egodogbare,Houston,DT,DT,69,ejiro egodogbare,-0.12748524448436785,-0.06943270201100436,297.5
204782,Jareb Ramos,Iowa State,DT,DT,72,jareb ramos,-0.040420103893160426,0.0007532959787041012,211.0
204783,Seth Johnson,Iowa State,CB,CB,70,seth johnson,-0.01482516252599565,-0.008211352537841585,36.0
204785,Christian Greenlaw,Iowa State,TE,TE,72,christian greenlaw,-0.08037106267070195,-0.028429947629268593,156.0
204786,Caden Maas,Iowa State,C,OL,70,caden maas,-0.008139136896303337,0.001792966292324276,91.0
204787,Braden Smith,Iowa State,RG,OL,74,braden smith,-0.024155146105642445,0.046515588121130956,647.5
204789,Colin Amick,Iowa State,RG,OL,69,colin amick,-0.018875568953434337,-0.008943465764806724,91.0
204791,Cody Jackson,Iowa State,WR,WR,77,cody jackson,0.033941837141812335,0.12480945821576825,406.0
204792,Tristan Exline,Iowa State,MIKE,LB,70,tristan exline,-0.02820403145263921,-0.006072809430883732,76.0
204793,Gavin Proudfoot,Iowa State,RT,OL,71,gavin proudfoot,-0.010042291747168816,-0.00011018855854120395,91.0
204794,Cade Myer,Iowa State,LG,OL,70,cade myer,-0.013690886297134292,-0.0037587831085066793,91.0
204795,Caleb Schmidt,Iowa State,TE,TE,69,caleb schmidt,-0.03402600283792109,-0.02154015787603808,37.5
204796,Trezelle Jenkins Jr.,Kansas,RG,OL,69,trezelle jenkins,-0.01648945008814618,-0.0065573468995185685,91.0
204797,Carter Moses,Kansas,TE,TE,70,carter moses,-0.006208678143111498,-4.899462858254334e-05,18.5
204802,Jack Puckett,Oklahoma State,MIKE,LB,70,jack puckett,-0.033920130856322235,-0.011788908834566758,76.0
204805,William Mason,Oklahoma State,HB,RB,73,william mason,-0.01099169737753182,0.007945959310513064,27.0
204806,Bodie Boydstun,Oklahoma State,TE,TE,70,bodie boydstun,-0.001762046343747829,0.02287668771436799,74.0
204807,Tre Page III,Oklahoma State,HB,RB,75,tre page,-0.046048076623633354,-0.010276947323993016,51.0
204809,Shaun Torgeson,Oklahoma State,LT,OL,71,shaun torgeson,-0.010562524826830726,-0.0006304216382031127,91.0
204810,Jaden Craig,TCU,QB,QB,80,jaden craig,0.5463599716644073,1.1819811874559563,697.0
204811,Landon Walker,TCU,HB,RB,77,landon walker,-0.2420976147588766,-0.07411358598899696,239.5
204814,Kahmel Johnson,UCF,SS,SAF,70,kahmel johnson,-0.026767281850219735,-0.008487445910738361,99.5
204816,Matt Irwin,UCF,FS,SAF,70,matt irwin,-0.02564217802788319,-0.018660934151498346,38.0
204817,Ty Bartrum,UCF,FS,SAF,77,ty bartrum,0.05057529321985927,0.1588764317758821,589.5
204818,Brad Gurley Jr.,UCF,DT,DT,70,brad gurley,-0.017123312409642717,-0.009122793951128758,41.0
204819,Landen Chambers,UCF,HB,RB,82,landen chambers,0.06862044280895169,0.2366044715788313,239.5
204820,Josh Derry,UCF,WR,WR,72,josh derry,-0.009951138971906002,-0.0015581936756662324,37.5
204821,Cedric Jefferson,Utah,RT,OL,75,cedric jefferson,0.0030208053424135815,0.012952908531041194,91.0
204822,Noah Bennee,Utah,TE,TE,73,noah bennee,-0.026568667676123592,0.06349589398225924,270.5
204824,Jason Hall Jr.,West Virginia,WILL,LB,68,jason hall,-0.03205657690785107,0.020213875104058254,179.5
204825,Will LeBlanc,West Virginia,DT,DT,68,will leblanc,-0.062103856891392036,-0.03907797449859576,118.0
204826,Lavon Williams,Illinois,SS,SAF,69,lavon williams,-0.11555619788493363,-0.07789422434127855,205.0
204828,Carter Janki,Illinois,DT,DT,73,carter janki,-0.06304603599344284,0.013349158555538022,391.5
204829,Carson Williams,Indiana,CB,CB,77,carson williams,-0.003746647691708946,0.03850824945483091,230.0
204830,Emmanuel Olagbaju,Iowa,DT,DT,71,emmanuel olagbaju,-0.045881609496950256,-0.004708209625085731,211.0
204831,Evan James,Iowa,WR,WR,77,evan james,-0.021547839769174314,0.04179092073311515,283.0
204833,Xavier Styles,Iowa,FS,SAF,72,xavier styles,-0.06525533798894188,-0.027593364445286792,205.0
204834,Anthony Hawkins,Iowa,SS,SAF,79,anthony hawkins,0.06330883394904266,0.13137596174379493,370.5
204835,Lendon Phillips Jr.,Iowa,HB,RB,82,lendon phillips,0.070206057601676,0.23819008637155564,239.5
204836,Tony Diaz,Iowa,WR,WR,79,tony diaz,-0.00240268777639646,0.08846493329755944,406.0
204837,Brice Stevenson,Iowa,DT,DT,75,brice stevenson,-0.01897214120334604,0.05742305334563482,391.5
204838,Kahmari Brown,Iowa,REDG,EDGE,73,kahmari brown,0.02414968992135597,0.08425114565848522,308.0
204839,Carson Gulker,Michigan State,TE,TE,73,carson gulker,0.010210876467644292,0.10027543812602713,270.5
204841,Cam Stodghill,Michigan State,WILL,LB,72,cam stodghill,-0.04938497765425501,0.0028854743576543183,179.5
204843,Keahnist Thompson,Michigan State,LEDG,EDGE,72,keahnist thompson,-0.03684699585426434,0.006082615386542278,220.0
204844,Devin Vaught,Michigan State,SS,SAF,74,devin vaught,-0.02790039451536679,0.04016673327938546,370.5
204845,Tyran Chappell,Michigan State,CB,CB,73,tyran chappell,-0.020934383424276132,0.0012953668136861426,121.0
204846,Nathaniel Staehling,Michigan,WILL,LB,76,nathaniel staehling,0.06358714589336442,0.2109344925118943,506.0
204847,Mekhai Smith,Minnesota,SS,SAF,71,mekhai smith,-0.021622391585139483,0.01603958195851561,205.0
204851,Montae Pate,Northwestern,CB,CB,69,montae pate,-0.008943551048722532,-0.0023297410605684675,36.0
204853,David Anchondo,Northwestern,RT,OL,69,david anchondo,-0.016867405706938093,-0.00693530251831048,91.0
204854,Keith Jones Jr.,Penn State,WR,WR,70,keith jones,-0.05060288486078894,-0.026543108344901603,107.5
204856,Wisdom Simms,Purdue,DT,DT,72,wisdom simms,-0.01052364008428613,-0.0025231216257721686,41.0
204857,Travis Terrell Jr.,Purdue,HB,RB,72,travis terrell,-0.14566615311950773,-0.060096000677230844,122.0
204858,Dee Newsome,Purdue,CB,CB,72,dee newsome,-0.011615659584242766,-0.0050018495960887,36.0
204859,Bisi Owens,Purdue,WR,WR,75,bisi owens,-0.01424759615134083,0.02413614033679572,171.5
204862,Zahmir Dawud,Rutgers,CB,CB,74,zahmir dawud,-0.011074028853950237,0.031180868292589623,230.0
204863,Bradlee Jones,Rutgers,CB,CB,75,bradlee jones,-0.05961773868349993,0.03885454336234949,536.0
204871,DeSean Watts,Washington,DT,DT,68,desean watts,-0.02245363081129175,-0.014453112352777792,41.0
204872,Stylz Blackmon,Wisconsin,C,OL,71,stylz blackmon,0.002104485332133638,0.012036588520761251,91.0
204874,Liam Danitz,Wisconsin,REDG,EDGE,71,liam danitz,-0.0016314891036165325,0.005588490968700944,37.0
204875,Jacob Anderson,Wisconsin,DT,DT,69,jacob anderson,-0.01883886151562862,-0.010838343057114662,41.0
204876,Jaylon Domingeaux,Wisconsin,WR,WR,71,jaylon domingeaux,-0.013966069484008962,-0.005573124187769192,37.5
204877,Ryan Schwendeman,Wisconsin,TE,TE,68,ryan schwendeman,-0.005284356123144903,0.0008753273913840522,18.5
204879,Jaquise Alexander,Delaware,CB,CB,68,jaquise alexander,-0.14377557361583115,-0.10152067646929129,230.0
204880,Mustafa Feika,Delaware,LG,OL,70,mustafa feika,-0.17013259825493315,-0.09946186402815975,647.5
204881,Jalen Bell,Delaware,FS,SAF,69,jalen bell,-0.06753460933030993,-0.04925477339082856,99.5
204882,Manasseh Ripert,Florida International,LT,OL,70,manasseh ripert,-0.05410071189955851,0.0022721594952344864,516.5
204884,Kevin Schaeffer,Florida International,TE,TE,70,kevin schaeffer,-0.05040750635545326,0.0015336086859800927,156.0
204886,Anthony Cunningham,Florida International,DT,DT,71,anthony cunningham,-0.17503417070913316,-0.0828330738396735,472.5
204887,Oscar Colon,Florida International,LT,OL,69,oscar colon,-0.017453797217195414,-0.007521694028567802,91.0
204888,Ryan Walker,Jacksonville State,RG,OL,71,ryan walker,-0.01041253330734013,-0.0004804301187125177,91.0
204889,Nii Addy,Jacksonville State,DT,DT,68,nii addy,-0.02191386230028929,-0.013913343841775328,41.0
204890,Jamill Williams,Jacksonville State,WR,WR,70,jamill williams,-0.11338878740574297,-0.05005002690345351,283.0
204891,Marquis Hood,Jacksonville State,DT,DT,69,marquis hood,-0.05035919432554033,-0.027333311932744055,118.0
204892,Cameron Stancil,Jacksonville State,LT,OL,66,cameron stancil,-0.025060843561467788,-0.015128740372840177,91.0
204894,Jonavan Carr,Jacksonville State,CB,CB,69,jonavan carr,-0.09477549736150573,-0.05252060021496587,230.0
204895,Darius Cannon,Jacksonville State,WR,WR,69,darius cannon,-0.0722336850102527,-0.03384994852211614,171.5
204896,Amarii Atchison,Jacksonville State,LT,OL,73,amarii atchison,-0.08797359299898103,-0.009062487445379224,723.0
204897,Marvin Stringfellow,Jacksonville State,DT,DT,68,marvin stringfellow,-0.022684260184402283,-0.014683741725888322,41.0
204898,Keiyon Turner,Jacksonville State,CB,CB,68,keiyon turner,-0.014841661236700762,-0.008227851248546697,36.0
204899,Triston Morgan,Kennesaw State,HB,RB,77,triston morgan,-0.28122680773206915,0.005994318703278228,409.5
204900,Latrelle Murrell,Kennesaw State,HB,RB,73,latrelle murrell,-0.1271981714072868,-0.04162801896500989,122.0
204901,Kevin Evehe,Liberty,LT,OL,69,kevin evehe,-0.014341147955174629,-0.004409044766547016,91.0
204902,Rashawn Cunningham,Liberty,WR,WR,75,rashawn cunningham,-0.052858714447797626,0.010480046054491836,283.0
204903,Tyrell Gainey,Liberty,CB,CB,70,tyrell gainey,-0.09959240340876858,-0.05733750626222873,230.0
204904,Lorenzo Payne,Liberty,REDG,EDGE,67,lorenzo payne,-0.11247298997478163,-0.06954337873397501,220.0
204905,Breckan Kirby,Liberty,TE,TE,66,breckan kirby,-0.009283691552138885,-0.0031240080376099305,18.5
204906,Elijah McKenzie,Liberty,CB,CB,68,elijah mckenzie,-0.020695202207911153,-0.014081392219757089,36.0
204907,Justice Williams,Louisiana Tech,DT,DT,75,justice williams,-0.04594253884750008,0.04625855802195957,472.5
204908,MJ Moultrie II,Louisiana Tech,FS,SAF,72,mj moultrie,-0.16387606085516282,-0.03949968968904333,677.0
204909,Ashton Taylor,Middle Tennessee,MIKE,LB,73,ashton taylor,0.05120717387509331,0.1985545204936232,506.0
204911,Terrence Brown,Middle Tennessee,HB,RB,75,terrence brown,-0.0501527397521284,0.03541741269014849,122.0
204912,Jason Hardy,Middle Tennessee,CB,CB,69,jason hardy,-0.15629359606999643,-0.0874916004987826,374.5
204913,Adrian Crespin,Middle Tennessee,C,OL,70,adrian crespin,-0.0684422166585535,0.002228517568219894,647.5
204915,Trevaris Edwards,Middle Tennessee,LG,OL,69,trevaris edwards,-0.018823568751683242,-0.008891465563055631,91.0
204916,Chris Moreno,Middle Tennessee,RG,OL,69,chris moreno,-0.09155257493428944,-0.03517970353949645,516.5
204917,Hogan Wasson,Middle Tennessee,WR,WR,69,hogan wasson,-0.060346774004689074,-0.03628699748880174,107.5
204918,Joel Kpassou,Missouri State,CB,CB,69,joel kpassou,-0.013115510809421064,-0.006501700821267,36.0
204924,Izzy Clark-White,New Mexico State,CB,CB,71,izzy clark white,-0.24043773512037234,-0.14196545307452293,536.0
204925,De'Marcus Peters,New Mexico State,CB,CB,68,demarcus peters,-0.024681921602858512,-0.01806811161470445,36.0
204926,Jordan-Lebron Downey,New Mexico State,DT,DT,69,jordan lebron downey,-0.019258960494259784,-0.011258442035745825,41.0
204929,Elijah Fields,UTEP,DT,DT,69,elijah fields,-0.09574600121438573,-0.037693458741022236,297.5
204931,Brian Williams Jr.,UTEP,LG,OL,72,brian williams,-0.009708980028830812,0.07504132904775536,776.5
204932,Jayden Trapp,UTEP,C,OL,69,jayden trapp,-0.011557636164661928,-0.0016255329760343153,91.0
204933,Carver Cheeks,UTEP,WR,WR,71,carver cheeks,-0.02200046836570549,0.0020593081501818515,107.5
204934,Omoruyi Aliu-Otokiti,UTEP,RG,OL,72,omoruyi aliu otokiti,-0.037406590375864676,0.04150451517773713,723.0
204937,Sincere Baines,Western Kentucky,HB,RB,71,sincere baines,-0.03155851184368161,-0.012620855155636719,27.0
204938,Nathan Gonzales,Western Kentucky,REDG,EDGE,67,nathan gonzales,-0.10698142235574538,-0.04687996661861612,308.0
204939,Nonso Omezi,Western Kentucky,LG,OL,69,nonso omezi,-0.015779890443485753,-0.005847787254858139,91.0
204940,Jeremiah Carroll,Western Kentucky,WR,WR,70,jeremiah carroll,-0.011550373945054069,-0.003157428648814298,37.5
204941,D'Cambren Verrett,Western Kentucky,SS,SAF,70,dcambren verrett,-0.1036370596545268,-0.03556993185977454,370.5
204942,Ky Wilson,UConn,WR,WR,70,ky wilson,-0.030393287658140075,-0.006333511142252733,107.5
204943,Alex Godavitarne,UConn,TE,TE,68,alex godavitarne,-0.018903950468106414,0.005734783590009404,74.0
204947,Greg Klingensmith,Massachusetts,RT,OL,68,greg klingensmith,-0.22372461394922188,-0.14481350839562007,723.0
204948,Jordan Washington,Massachusetts,HB,RB,74,jordan washington,-0.4088823054965091,-0.1216611790611617,409.5
204949,Devin Matthews,Massachusetts,WR,WR,72,devin matthews,-0.06522671680065978,-0.0018879562983703103,283.0
204950,Zachary Betts,Massachusetts,REDG,EDGE,68,zachary betts,-0.013656711276592882,-0.006436731204275406,37.0
204952,Nate Hampton,Akron,RG,OL,64,nate hampton,-0.03321694490247695,-0.023284841713849338,91.0
204953,Caiden Newsome,Akron,CB,CB,75,caiden newsome,-0.11410824373942945,0.007053080904670718,659.5
204955,Vaughn Highland,Akron,DT,DT,74,vaughn highland,-0.039516500105276894,0.036878694443703966,391.5
204956,Melvin Puckett,Akron,LG,OL,74,melvin puckett,-0.05874900994306455,0.020162095610537265,723.0
204957,Kurtis Waye,Akron,LEDG,EDGE,72,kurtis waye,-0.04273478889529751,0.04156335681392275,432.0
204958,Stone Dean,Akron,TE,TE,64,stone dean,-0.07108345698100699,-0.04644472292289116,74.0
204959,Ian Falkner,Akron,LT,OL,69,ian falkner,-0.02582868315744075,-0.015896579968813135,91.0
204968,Joey Cheshire,Buffalo,MIKE,LB,67,joey cheshire,-0.05668432493109437,-0.004413872919185046,179.5
204969,Sayre Smothers,Buffalo,CB,CB,70,sayre smothers,-0.008981861465462211,-0.0023680514773081465,36.0
204970,Mason Nickel,Buffalo,DT,DT,69,mason nickel,-0.11564142964066744,-0.05758888716730395,297.5
204971,Clint Walker,Buffalo,TE,TE,67,clint walker,-0.15280994040433327,-0.1008688253628999,156.0
204972,Caleb Oliver,Buffalo,LEDG,EDGE,67,caleb oliver,-0.023082804222146393,-0.015862824149828918,37.0
204973,Sedrick Vessah,Buffalo,LEDG,EDGE,69,sedrick vessah,-0.3061798699380642,-0.22188172422884395,432.0
204974,Elijah Holmes,Buffalo,QB,QB,70,elijah holmes,-0.6057355857992057,0.029885629992343093,697.0
204975,Trevor Wilson,Buffalo,TE,TE,70,trevor wilson,-0.10865441406972719,-0.018589852411344355,270.5
204976,Zach Bergmann,Buffalo,MIKE,LB,74,zach bergmann,0.20307710432654863,0.35042445094507857,506.0
204977,Logan Goodwin,Buffalo,REDG,EDGE,68,logan goodwin,-0.0907684877842058,-0.04783887654339919,220.0
204978,Drayson Crane,Buffalo,CB,CB,73,drayson crane,-0.020008127201153306,0.048793868370060514,374.5
204979,Matthew McKenzie,Central Michigan,CB,CB,69,matthew mckenzie,-0.24058813355703695,-0.14211585151118752,536.0
204980,Gavin Spillers,Central Michigan,TE,TE,66,gavin spillers,-0.047967162954162035,-0.02332842889604622,74.0
204981,Jayden Clerveaux,Central Michigan,HB,RB,77,jayden clerveaux,-0.035944798840631315,0.04962535360164557,122.0
204982,Jaden Allen,Central Michigan,TE,TE,66,jaden allen,-0.010042276982622032,0.0024435679792609855,37.5
204983,Losini Maka,Central Michigan,C,OL,69,losini maka,-0.014259632871530339,-0.004327529682902726,91.0
204984,Trevor Swan,Central Michigan,RT,OL,70,trevor swan,-0.008919508074735169,0.001012595113892443,91.0
204985,Darrell Bryant Jr.,Central Michigan,SS,SAF,70,darrell bryant,-0.23458233686697524,-0.11020596570085574,677.0
204986,Donavan Philord,Central Michigan,CB,CB,68,donavan philord,-0.19209129154586846,-0.12328929597465464,374.5
204987,Maxwell Van Fleet,Central Michigan,DT,DT,70,maxwell van fleet,-0.06501545831884731,-0.006962915845483812,297.5
204988,Nic DiSanto,Central Michigan,LG,OL,67,nic disanto,-0.02654559483033631,-0.016613491641708694,91.0
204989,Hunter Zirkle,Central Michigan,LEDG,EDGE,67,hunter zirkle,-0.16822706574857854,-0.1252974545077719,220.0
204990,Dontae Robinson,Central Michigan,WR,WR,64,dontae robinson,-0.028097609874333008,-0.01970466457809324,37.5
204991,Joseph Oluwayemi,Eastern Michigan,DT,DT,69,joseph oluwayemi,-0.05634586058782272,-0.03331997819502644,118.0
204992,Guzzy Kayed,Eastern Michigan,LG,OL,68,guzzy kayed,-0.013407137462463402,-0.0034750342738357897,91.0
204993,Elijha Payne,Eastern Michigan,LT,OL,67,elijha payne,-0.02267940422299134,-0.012747301034363728,91.0
204994,Peyton Christian,Eastern Michigan,DT,DT,70,peyton christian,-0.11546335571148827,-0.07428995583962374,211.0
204995,Norey Johnson,Kent State,FS,SAF,69,norey johnson,-0.1376666234234961,-0.06959949562874383,370.5
204996,Shaun Shahu,Miami (OH),LT,OL,67,shaun shahu,-0.02011571006371137,-0.01018360687508376,91.0
204997,Brian Beidatsch,Miami (OH),LT,OL,69,brian beidatsch,-0.01968374255390497,-0.009751639365277358,91.0
204999,Avery Jones,Northern Illinois,FS,SAF,69,avery jones,-0.11353463255640776,-0.045467504761655494,370.5
205000,Liam Lindo,Northern Illinois,CB,CB,69,liam lindo,-0.04596086673759341,0.0228411288336204,374.5
205002,Yassine Falke,Northern Illinois,CB,CB,75,yassine falke,0.041491108947537214,0.13996339099338662,536.0
205003,Marshall Washington Jr.,Northern Illinois,CB,CB,69,marshall washington,-0.06220919424959915,-0.019954297103059286,230.0
205004,Kevin Holmes Jr.,Northern Illinois,WR,WR,68,kevin holmes,-0.016500788307662047,-0.008107843011422276,37.5
205005,Tyrese Stanley,Northern Illinois,SS,SAF,70,tyrese stanley,-0.14196945483721182,-0.03366831628118899,589.5
205006,Matt Vezza,Ohio,QB,QB,72,matt vezza,-0.40395108541213776,0.23167013037941112,697.0
205008,Darren James-Hamilton,Ohio,FS,SAF,69,darren james hamilton,-0.18520124733667695,-0.11713411954192471,370.5
205009,Sandro Malicevic,Ohio,RT,OL,69,sandro malicevic,-0.018535703586229756,-0.008603600397602142,91.0
205011,KJ Sejour,Ohio,CB,CB,68,kj sejour,-0.05879290020190845,-0.036563149963946176,121.0
205012,CJ Dawson,Ohio,RG,OL,74,cj dawson,-0.06085275183615775,0.026407869035356274,799.5
205013,Eli Thompson,Ohio,CB,CB,79,eli thompson,0.08135479102732758,0.20251611567142777,659.5
205014,Cassius Hulbert,Ohio,LG,OL,70,cassius hulbert,-0.14314314712461249,-0.07247241289783908,647.5
205016,Trenton Jones,Toledo,WR,WR,70,trenton jones,-0.023056319473926442,-0.014663374177686674,37.5
205018,Julian Fox,Toledo,MIKE,LB,67,julian fox,-0.09035995404620187,0.05698739257232802,506.0
205019,Ahmad Carwise,Toledo,RG,OL,69,ahmad carwise,-0.019192558705921528,-0.009260455517293917,91.0
205020,Isaac Prince,Toledo,WILL,LB,66,isaac prince,-0.11089020844848717,-0.020181318188265702,311.5
205021,Rico Bond,Toledo,WR,WR,75,rico bond,-0.006014486733834425,0.057324273768455045,283.0
205022,Cam Jones,Toledo,CB,CB,75,cam jones,0.07910576479045914,0.2002670894345593,659.5
205023,Israel Petite,Toledo,CB,CB,71,israel petite,-0.14970752472000165,-0.05123524267415224,536.0
205024,Kaleb Hutchinson,Toledo,FS,SAF,70,kaleb hutchinson,-0.12133370754724272,-0.05326657975249047,370.5
205025,Andrew Zock,Toledo,LEDG,EDGE,83,andrew zock,0.23316763829255102,0.3357108687791141,525.5
205026,CJ Miller,Toledo,HB,RB,79,cj miller,-0.1618352047851134,0.006148823984766219,239.5
205027,Adjatay Dabbs,Toledo,WR,WR,73,adjatay dabbs,-0.04441494497985951,-0.006031208491722961,171.5
205028,Luke Rector,Toledo,C,OL,72,luke rector,0.0017541164015245775,0.058126987796317565,516.5
205029,Ethan Malafa,Toledo,TE,TE,68,ethan malafa,-0.04765721575946656,0.00428389928196679,156.0
205030,Kalvin Gilbert Jr.,Toledo,WR,WR,69,kalvin gilbert,-0.013128799879733168,-0.004735854583493398,37.5
205032,Mikaio Edward,Boise State,DT,DT,71,mikaio edward,-0.07763990666955896,-0.036466506797694434,211.0
205033,Roman Tillmon,Boise State,FS,SAF,76,roman tillmon,0.009175168359890785,0.1335515395260103,677.0
205035,Darren Morris,Boise State,WR,WR,75,darren morris,-0.020856425207781634,0.017527311280354917,171.5
205036,Tyler Ethridge,Boise State,LT,OL,75,tyler ethridge,0.05049405540131354,0.12116478962808694,647.5
205037,Khamani Potts,Colorado State,LEDG,EDGE,74,khamani potts,-0.07807716683016712,-0.017975711093037857,308.0
205039,Tariq Thomas,Fresno State,HB,RB,72,tariq thomas,-0.07741850194310763,-0.041647372643467295,51.0
205040,Oscar Weigel,Fresno State,LT,OL,68,oscar weigel,-0.020532034689381154,-0.010599931500753543,91.0
205045,Jaceon Doss,Nevada,WR,WR,68,jaceon doss,-0.05188290773552879,-0.027823131219641445,107.5
205046,Damien Morgan,Nevada,WR,WR,68,damien morgan,-0.09083373133358048,-0.05244999484544394,171.5
205047,Brandon Amaniampong,Nevada,LEDG,EDGE,69,brandon amaniampong,-0.027481486122116327,0.01544812511869029,220.0
205054,Tuaoa Tauili'ili,San Diego State,DT,DT,74,tuaoa tauiliili,-0.022365198177269917,0.000660684215526359,118.0
205057,Carsten Mamaril,San Diego State,CB,CB,73,carsten mamaril,-0.16219229098172902,-0.06372000893587959,536.0
205059,Matthew Montgomery,San Diego State,LT,OL,72,matthew montgomery,-0.04705285713285291,0.023617877093920485,647.5
205060,Cameron Cooper,San Diego State,MIKE,LB,75,cameron cooper,0.0755641710793222,0.2229115176978521,506.0
205065,Brian Dukes,San José State,SS,SAF,76,brian dukes,-0.054381118684865955,0.06999525248125356,677.0
205067,Adonis Jackson,Utah State,SAM,LB,64,adonis jackson,-0.01941843873833913,-0.010391229755780973,31.0
205068,Donnie Wingate,Wyoming,LEDG,EDGE,74,donnie wingate,0.0032343176978224275,0.1057775481843855,525.5
205069,Tyler Siddons,Wyoming,TE,TE,69,tyler siddons,-0.0035109543805563327,0.04843016066087702,156.0
205070,Chandler Donaway,Wyoming,C,OL,68,chandler donaway,-0.0009636492449305104,0.008968453943697103,91.0
205071,Junus McGraw,Wyoming,CB,CB,70,junus mcgraw,-0.011978230808165392,0.05682376476304842,374.5
205072,Markell Holman,Wyoming,HB,RB,76,markell holman,-0.010210643825117187,0.15777338494476245,239.5
205073,Nathan Curry,Wyoming,TE,TE,69,nathan curry,-0.018760361164927235,0.0713042004934556,270.5
205075,Logan Mackey,Wyoming,CB,CB,74,logan mackey,-0.010001526845962094,0.11115979779813807,659.5
205076,Tyler Hughes,Wyoming,QB,QB,75,tyler hughes,-0.0010103033798687583,0.6346109124116801,697.0
205077,Jack Dunkley,Wyoming,REDG,EDGE,72,jack dunkley,-0.005720812630360529,0.07857733307885974,432.0
205079,Thaddeus Gianaris,Wyoming,LEDG,EDGE,71,thaddeus gianaris,-0.002820753752311574,0.05728070198481769,308.0
205080,Justin Popovich,Wyoming,WR,WR,72,justin popovich,-0.0034777361826394556,0.03490600030549709,171.5
205081,Eric Olsen,Oregon State,TE,TE,79,eric olsen,0.06790498088251755,0.1579695425409004,270.5
205082,Kwan Johnson,Oregon State,LT,OL,74,kwan johnson,-0.019883472289508333,0.05902763326409348,723.0
205083,Daniel Matagi,Oregon State,DT,DT,67,daniel matagi,-0.0789526689352152,-0.05592678654241892,118.0
205084,Isaiah Houi,Oregon State,CB,CB,68,isaiah houi,-0.022565697627676382,-0.015951887639522315,36.0
205085,Xayvion Noland,Oregon State,WR,WR,76,xayvion noland,-0.10979244964194541,-0.018924828567989507,406.0
205086,Tug Sanford,Oregon State,TE,TE,67,tug sanford,-0.0104488494575675,-0.004289165943038543,18.5
205087,Ja'Bari Odoemenem,Oregon State,WILL,LB,68,jabari odoemenem,-0.01216725184050943,-0.0031400428579512756,31.0
205088,Teko Shoats,Oregon State,RT,OL,68,teko shoats,-0.01645571283939552,-0.006523609650767906,91.0
205089,Dylan Layne,Oregon State,MIKE,LB,69,dylan layne,-0.010849692624990111,-0.0018224836424319563,31.0
205090,Braden Atkinson,Oregon State,QB,QB,69,braden atkinson,-0.11862439686689329,-0.024694719353938445,103.0
205093,Jirah Leaupepetele,Washington State,DT,DT,76,jirah leaupepetele,-0.0514393459137926,0.04076175095566705,472.5
205095,CJ Solis-Lumar,Washington State,CB,CB,71,cj solis lumar,-0.02148755871967613,0.0007421915182861417,121.0
205098,Matyus McLain,Washington State,REDG,EDGE,73,matyus mclain,0.02330097452602244,0.1075991202352427,432.0
205104,Terence Roberson Jr.,Arkansas,RT,OL,75,terence roberson,-0.06629580639551454,-0.009922935000721542,516.5
205105,Ja'Quavion Smith,Arkansas,WILL,LB,74,jaquavion smith,-0.091949569899174,-0.039679117887264664,179.5
205106,Kyeaure Magloire,Arkansas,CB,CB,71,kyeaure magloire,0.00417669257964685,0.026406442817609125,121.0
205107,Braeden Fuller,Arkansas,QB,QB,70,braeden fuller,-0.032610783898898384,-0.00023696300851103528,35.5
205109,Xavier Newsom,Auburn,TE,TE,71,xavier newsom,-0.010829689682913556,0.001656155278969461,37.5
205123,Malae Fonoti,Missouri,HB,RB,72,malae fonoti,-0.02875780778182851,-0.00982015109378363,27.0
205124,Colin Sorensen,Missouri,LT,OL,72,colin sorensen,-0.015242340090601266,-0.005310236901973654,91.0
205125,Xai'Shaun Edwards,Missouri,HB,RB,75,xaishaun edwards,-0.07757925369911772,-0.041808124399477384,51.0
205126,Prince Ijioma,Oklahoma,CB,CB,71,prince ijioma,-0.007643066400989724,-0.0010292564128356588,36.0
205127,Joshua Dye,Ole Miss,HB,RB,74,joshua dye,-0.03456346699075576,-0.01562581030271088,27.0
205128,Charly Mullaly,South Carolina,WR,WR,72,charly mullaly,-0.013131579836679582,-0.004738634540439812,37.5
205130,Seth Smith,South Carolina,LT,OL,73,seth smith,0.009430426623237714,0.01936252981186533,91.0
205131,Dayne Arnett,South Carolina,RT,OL,73,dayne arnett,-0.0011690591325062161,0.008763044056121397,91.0
205140,Carson Sloan,App State,WILL,LB,72,carson sloan,-0.011204502136060288,0.04106594987584904,179.5
205141,Eric Adams,App State,SS,SAF,73,eric adams,-0.10052756336450047,0.023848807801619035,677.0
205146,Kevin Henderson,App State,WILL,LB,75,kevin henderson,0.06093357935799705,0.1516424696182185,311.5
205153,Makai Shahid,Arkansas State,FS,SAF,69,makai shahid,-0.045943139587119625,-0.027663303647638252,99.5
205155,Mason Barton,Coastal Carolina,LT,OL,67,mason barton,-0.12619112948013045,-0.06981825808533745,516.5
205156,Damill Bostic Jr,Coastal Carolina,CB,CB,71,damill bostic,-0.13610688570042048,-0.03763460365457106,536.0
205157,Cyrus Ellison,Coastal Carolina,TE,TE,69,cyrus ellison,-0.0473459045350076,0.004595210506425754,156.0
205158,Gabe White,Coastal Carolina,CB,CB,69,gabe white,-0.18928838443532126,-0.12048638886410744,374.5
205161,Jalen Lee,Coastal Carolina,SS,SAF,72,jalen lee,-0.18892128671280176,-0.08062014815677894,589.5
205163,Jesse Powell II,Coastal Carolina,SAM,LB,68,jesse powell,-0.006018688010519403,0.016112534011236076,76.0
205164,Donovan Grayson,Coastal Carolina,LEDG,EDGE,62,donovan grayson,-0.034005887527374865,-0.02678590745505739,37.0
205166,Rashon Myles Jr.,Georgia Southern,WILL,LB,75,rashon myles,-0.03204795933624553,0.1585426303116355,654.5
205167,Noah Mangham,Georgia Southern,CB,CB,70,noah mangham,-0.036570304536602184,-0.014340554298639912,121.0
205168,O'marion Brown,Georgia Southern,DT,DT,75,omarion brown,-0.02589689502890293,0.050498299520077936,391.5
205169,Ayden Pereira,Georgia State,QB,QB,73,ayden pereira,-0.06318250968205094,0.030747167830903907,103.0
205170,Tre Mittman,Georgia State,FS,SAF,69,tre mittman,-0.0801224826124666,-0.042460509068811506,205.0
205171,Deuce Lee,Georgia State,SS,SAF,72,deuce lee,-0.13808495339570048,-0.02978381483967767,589.5
205174,Toby Bolton,Georgia State,CB,CB,71,toby bolton,-0.10377725537131363,-0.06152235822477377,230.0
205176,Savion Hart,Georgia State,HB,RB,75,savion hart,-0.015348510684856397,0.0035891460031884886,27.0
205179,Darius Johnson Jr.,Georgia State,CB,CB,72,darius johnson,-0.03948473946641065,0.058987542579438765,536.0
205180,Matt Buron,Georgia State,TE,TE,72,matt buron,-0.042130028458023216,0.00981108658341014,156.0
205182,Ryan Green,Georgia State,MIKE,LB,66,ryan green,-0.10714926571438839,-0.05487881370247906,179.5
205184,Mandjou Berte,Georgia State,DT,DT,69,mandjou berte,-0.11290370827874457,-0.05485116580538108,297.5
205185,Lanear McCrary Jr.,Georgia State,HB,RB,75,lanear mccrary,-0.047791008689419295,-0.01201987938977896,51.0
205187,Peter Diaz,Georgia State,RT,OL,71,peter diaz,-0.00945635676540513,0.00047574642322248135,91.0
205189,Nick Herman,James Madison,HB,RB,79,nick herman,-0.14754558049685793,0.020438448273021687,239.5
205190,Jakolbi Wilson,James Madison,DT,DT,67,jakolbi wilson,-0.06582670444142662,-0.04280082204863034,118.0
205192,Noah Grevious,James Madison,WR,WR,74,noah grevious,-0.03835825367209151,2.5482816045040418e-05,171.5
205193,Corey Scott,James Madison,WR,WR,67,corey scott,-0.022443294993134837,-0.014050349696895068,37.5
205194,Kei'Trone Simpson,James Madison,REDG,EDGE,69,keitrone simpson,-0.08579752799705488,-0.02569607225992562,308.0
205195,Kevin Roberts,James Madison,DT,DT,77,kevin roberts,0.05707884536849382,0.1334740399174747,391.5
205196,Jayon Harvey,James Madison,CB,CB,74,jayon harvey,0.0027806071451163296,0.10125288919096574,536.0
205197,JT Hooten,James Madison,MIKE,LB,75,jt hooten,0.09225309673703473,0.23960044335556463,506.0
205199,Seth Cromwell,James Madison,HB,RB,68,seth cromwell,-0.19514471133906636,-0.10957455889678945,122.0
205200,Jeremiah Harrison,James Madison,WR,WR,74,jeremiah harrison,-0.05475863162437522,0.008580128877914244,283.0
205201,Terrence Jones II,James Madison,CB,CB,69,terrence jones,-0.028701181744611587,-0.006471431506649313,121.0
205202,Damier Minkah,James Madison,CB,CB,73,damier minkah,0.01128428831041691,0.08008628388163072,374.5
205203,Mason Purham,James Madison,LEDG,EDGE,68,mason purham,-0.028547900598910013,-0.006009854697486541,115.5
205205,Anthony Reagan,Louisiana,HB,RB,76,anthony reagan,-0.34884463275262284,-0.06162350631727544,409.5
205207,Brodrick Stewart,Louisiana,DT,DT,68,brodrick stewart,-0.1968063229601153,-0.12041112841113442,391.5
205217,Chase Ortiz,Marshall,TE,TE,65,chase ortiz,-0.07589641995613144,-0.05125768589801563,74.0
205226,Raykwon Goldthwaite,Old Dominion,LT,OL,70,raykwon goldthwaite,-0.1430399162636184,-0.05828960718703221,776.5
205227,Kendall Harris,Old Dominion,WR,WR,73,kendall harris,-0.1457489719047529,-0.08241021140246343,283.0
205229,Brayden Walker,Old Dominion,LG,OL,68,brayden walker,-0.12771758115893722,-0.05704684693216382,647.5
205230,Zion Agnew,Old Dominion,WR,WR,73,zion agnew,-0.06893248514814158,-0.030548748660005034,171.5
205231,Khi'len Gates,Old Dominion,C,OL,68,khilen gates,-0.015525135117248526,-0.005593031928620914,91.0
205232,Martez Curry,Old Dominion,RT,OL,68,martez curry,-0.02548114166263382,-0.015549038474006207,91.0
205233,Dylan Chiedo,South Alabama,REDG,EDGE,69,dylan chiedo,-0.02421228325728195,-0.016992303184964475,37.0
205234,Andrew Hines,South Alabama,LEDG,EDGE,69,andrew hines,-0.02143593001290281,0.001102115888520664,115.5
205237,Shalik Hubbard,South Alabama,LG,OL,75,shalik hubbard,-0.03320125237414369,0.05154905670244249,776.5
205239,Jaylen Himes,Southern Miss,WR,WR,76,jaylen himes,-0.019219389396814678,0.044119371105474786,283.0
205240,Preston Kilgore,Southern Miss,TE,TE,69,preston kilgore,-0.0627786224708302,0.027285939187552635,270.5
205241,A.J. Little,Southern Miss,WR,WR,69,a j little,-0.020586135629562644,-0.012193190333322872,37.5
205242,Braden Cain,Southern Miss,LT,OL,69,braden cain,-0.1893646107149657,-0.1046143016383795,776.5
205243,Kelby Hampton,Southern Miss,CB,CB,70,kelby hampton,-0.012788266583680083,-0.006174456595526017,36.0
205246,JR Stegall,Southern Miss,DT,DT,68,stegall,-0.017758358029995654,-0.009757839571481693,41.0
205247,Landon Sylvie,Southern Miss,FS,SAF,69,landon sylvie,-0.054536435402855576,-0.016874461859200475,205.0
205248,Josh Johnson,Southern Miss,DT,DT,69,josh johnson,-0.08188613552236051,-0.04071273565049598,211.0
205249,Christian Young,Southern Miss,RT,OL,69,christian young,-0.1819314081112292,-0.10302030255762738,723.0
205250,Nasim Cairo,Southern Miss,DT,DT,69,nasim cairo,-0.04542401980336955,-0.022398137410573272,118.0
205251,Keno Jones,Troy,MIKE,LB,72,keno jones,-0.16262987910761637,-0.015282532489086474,506.0
205252,Donovan Hoilette,North Carolina,LEDG,EDGE,76,donovan hoilette,-0.0050972871732349045,0.07920085853598535,432.0
205253,Nico Brown,Stanford,WR,WR,77,nico brown,0.11014466345101319,0.2351435953963442,558.5
205254,Glory Stephen-Wangboje,Northwestern,DT,DT,68,glory stephen wangboje,-0.016722809741072417,-0.008722291282558456,41.0
205259,Marcus Stokes,Memphis,QB,QB,73,marcus stokes,-0.025879260976133717,0.06805041653682113,103.0
205263,Vasean Washington,Ohio State,RT,OL,75,vasean washington,-0.005906365658177022,0.004025737530450591,91.0
205264,Tre Moore,Purdue,LEDG,EDGE,71,tre moore,-0.037489104140255775,-0.0149510582388323,115.5
205265,Keon Davis,Kennesaw State,WR,WR,68,keon davis,-0.026071706579590737,-0.017678761283350965,37.5
205266,Devaughn Slaughter,Kennesaw State,WR,WR,66,devaughn slaughter,-0.029150780530422023,-0.020757835234182252,37.5
205267,Alfred Thomas,Kennesaw State,MIKE,LB,68,alfred thomas,-0.003053242480702075,0.04921720953120724,179.5
205268,Darius Neals,Kennesaw State,RG,OL,67,darius neals,-0.0297360711587617,-0.019803967970134086,91.0
205269,Precious Ekeh,Kennesaw State,RG,OL,70,precious ekeh,-0.013418000827954975,-0.003485897639327361,91.0
205270,Brayden Munroe,Kennesaw State,WR,WR,69,brayden munroe,-0.06017513725688785,-0.0361153607410005,107.5
205271,Luke Duska,Kennesaw State,LG,OL,71,luke duska,-0.05949406133097204,0.011176672895801359,647.5
205272,Jecari Bryson,Kennesaw State,WILL,LB,67,jecari bryson,-0.04137892054140259,-0.01924769851964711,76.0
205273,Jaiden Crawford,Kennesaw State,DT,DT,70,jaiden crawford,-0.04246883747796202,-0.01944295508516574,118.0
205274,Kai Russell,Kennesaw State,LEDG,EDGE,68,kai russell,-0.017192131370563222,-0.009972151298245746,37.0
205276,Jaden Miller,Louisiana Tech,HB,RB,75,jaden miller,-0.23988464118580913,0.04733648524953829,409.5
205278,Isaiah Villanueva,Missouri State,RG,OL,67,isaiah villanueva,-0.12901541677475797,-0.07264254537996499,516.5
205280,Xavian Michel,Missouri State,FS,SAF,69,xavian michel,-0.10351280132370176,-0.06585082778004667,205.0
205281,Armond Owens,New Mexico State,RT,OL,68,armond owens,-0.11885026097129148,-0.04817952674451807,647.5
205282,Amaurey Brooks,New Mexico State,CB,CB,68,amaurey brooks,-0.047104944700603106,-0.02487519446264083,121.0
205283,Jeremiah Sandiford,New Mexico State,DT,DT,68,jeremiah sandiford,-0.016472578881633462,-0.008472060423119501,41.0
205285,Preston Hickey,UTEP,DT,DT,69,preston hickey,-0.054333702696525786,-0.013160302824661262,211.0
205286,Jackson Bradley,UTEP,RG,OL,69,jackson bradley,-0.06395970193298314,-0.00758683053819016,516.5
205287,Raymond Moore III,UTEP,QB,QB,65,raymond moore,-0.14598937811617832,-0.05205970060322348,103.0
205288,Isaiah Bogerty,UTEP,MIKE,LB,68,isaiah bogerty,-0.03294967997032128,0.05775921028990019,311.5
205289,Kaleb Miles,UTEP,CB,CB,72,kaleb miles,-0.16826341824058788,-0.06979113619473847,536.0
205290,Donavan Howard,UTEP,SS,SAF,70,donavan howard,-0.06748930534061531,-0.029827331796960222,205.0
205291,Greg Knox,Massachusetts,LT,OL,73,greg knox,-0.04666816030706958,0.0380821487695166,776.5
205292,Justin Krueger,Massachusetts,LEDG,EDGE,71,justin krueger,-0.04656461093599893,0.013536844801130331,308.0
205293,Zakar Morris,Massachusetts,DT,DT,69,zakar morris,-0.15873353002018598,-0.08233833547120513,391.5
205295,Quan Rhodes-McKee,Kent State,MIKE,LB,67,quan rhodes mckee,-0.04977390048517594,0.002496551526733387,179.5
205299,Ty Mead,Northern Illinois,C,OL,66,ty mead,-0.015185062489031032,-0.005252959300403419,91.0
205301,Jacob McGhee,Northern Illinois,DT,DT,68,jacob mcghee,-0.19138987935512364,-0.09918878248566398,472.5
205304,Nathan Levicki,Western Michigan,TE,TE,68,nathan levicki,-0.029276896070940875,-0.004638162012825058,74.0
205306,Joenel Figueroa,Hawai'i,FS,SAF,71,joenel figueroa,-0.052750349059960296,-0.015088375516305196,205.0
205307,Spencer Elliott,Hawai'i,LEDG,EDGE,69,spencer elliott,-0.06978165939736626,-0.026852048156559644,220.0
205308,Ozzy Pollard,Hawai'i,DT,DT,70,ozzy pollard,-0.10927360545998892,-0.03287841091100806,391.5
205310,Aizik Mahuka,San José State,WILL,LB,67,aizik mahuka,-0.07331575516700313,0.07403159145152677,506.0
205311,Pierce Walker,San José State,FS,SAF,68,pierce walker,-0.041114965896287305,-0.022835129956805932,99.5
205312,Cam Santee,UNLV,MIKE,LB,75,cam santee,-0.01151407630329601,0.1358332703152339,506.0
205313,Tyson Jacobson,UNLV,TE,TE,65,tyson jacobson,-0.01011856268505893,-0.003958879170529976,18.5
205314,Drake Martinez,Tennessee,TE,TE,70,drake martinez,0.0012850974061283243,0.025923831464244144,74.0
205318,Bryson Roland,UL Monroe,HB,RB,68,bryson roland,-0.045410616803628685,-0.026472960115583807,27.0
205320,Cade Callahan,UL Monroe,TE,TE,68,cade callahan,-0.06757308833778847,-0.01563197329635511,156.0
205322,Julian Walker,UL Monroe,HB,RB,69,julian walker,-0.05209001355560393,-0.016318884255963596,51.0
205323,William Wilson,UL Monroe,FS,SAF,67,william wilson,-0.043044351128653555,-0.024764515189172175,99.5
205324,Bright Fagbamiye,UL Monroe,LT,OL,66,bright fagbamiye,-0.1643280022068334,-0.09365726798006002,647.5
205325,Phillip Bradford,Texas State,LEDG,EDGE,77,phillip bradford,0.08033012765052874,0.164628273359749,432.0
205326,Jason Patterson,Texas State,REDG,EDGE,70,jason patterson,-0.004555356311226907,0.002664623761090569,37.0
205327,Knai Cook,Troy,FS,SAF,69,knai cook,-0.05531015452642911,-0.01764818098277401,205.0
205328,Luke Petit,Troy,RG,OL,71,luke petit,-0.12616406847839184,-0.05549333425161845,647.5
205332,Anthony McMullen,Ball State,HB,RB,66,anthony mcmullen,-0.10006300054385663,-0.08112534385581174,27.0
205336,Deshaun Fedd,Arkansas State,WR,WR,61,deshaun fedd,-0.05237516988121187,-0.0439822245849721,37.5
205342,Marcus Hughbanks,Ohio,WR,WR,66,marcus hughbanks,-0.028070920288764373,-0.0196779749925246,37.5
205347,Ed Baker,Tennessee,RG,OL,75,ed baker,0.01949459500403697,0.02942669819266458,91.0
205350,Kyten Davis,Jacksonville State,LEDG,EDGE,69,kyten davis,-0.16411094903677187,-0.10400949329964261,308.0
205357,Malachi Character,UAB,MIKE,LB,66,malachi character,-0.07090940553101056,-0.018638953519101234,179.5
205361,Xavier Rivera-Rogers,New Mexico,CB,CB,65,xavier rivera rogers,-0.011694052666601106,-0.00508024267844704,36.0
205366,Christian Askew,Penn State,CB,CB,71,christian askew,-0.002757296843853108,0.0038565131443009577,36.0
205370,Mykale Hrabowski,UAB,FS,SAF,67,mykale hrabowski,-0.013553076928540587,-0.006571833052155741,38.0
205373,Maddox West,Charlotte,SS,SAF,69,maddox west,-0.05684102398649484,0.011226103808257412,370.5
205374,Ty Sims,Jacksonville State,FS,SAF,66,ty sims,-0.0161988176974098,-0.009217573821024954,38.0
205376,Brennan Core,Jacksonville State,SS,SAF,65,brennan core,-0.015390478713605575,-0.008409234837220728,38.0
205384,Lewis Price-Law,Charlotte,DT,DT,67,lewis price law,-0.02326459789019934,-0.01526407943168538,41.0
205385,Scott Becker,Rice,C,OL,70,scott becker,-0.060367522242081195,-0.0039946508472882055,516.5
205386,Cam Cunningham,UAB,DT,DT,69,cam cunningham,-0.09716267357761216,-0.055989273705747626,211.0
205387,Liam O'Brien,Cincinnati,QB,QB,70,liam obrien,-0.05311659570977948,-0.020742774819392133,35.5
205388,Flynn Schiele,Cincinnati,WR,WR,73,flynn schiele,-0.006766824479456853,0.0016261208167829165,37.5
205392,Kyle Hicks,UCF,TE,TE,69,kyle hicks,-0.07050877209895473,-0.045870038040838904,74.0
205393,Nicholas Brown,Utah,CB,CB,70,nicholas brown,-0.015468846628625051,-0.008855036640470987,36.0
205394,Kameron Reddic,West Virginia,FS,SAF,69,kameron reddic,-0.07276439436333083,-0.03510242081967574,205.0
205399,Greg Rivera,Liberty,TE,TE,67,greg rivera,-0.022372888714021835,-0.009887043752138818,37.5
205402,Demario Bookhart,Louisiana Tech,CB,CB,69,demario bookhart,-0.042969146066414714,-0.020739395828452436,121.0
205404,Ty Jones,Louisiana Tech,FS,SAF,69,ty jones,-0.1491962207293043,-0.040895082173281486,589.5
205405,Marcus Calwise Jr.,Louisiana Tech,WR,WR,74,marcus calwise,-0.03466102455514373,0.00372271193299282,171.5
205410,Javon Gillespie,New Mexico State,CB,CB,69,javon gillespie,-0.15377531132633301,-0.11152041417979316,230.0
205416,Maxwell Wentz,Ball State,C,OL,68,maxwell wentz,-0.011440531756574366,-0.0015084285679467522,91.0
205417,Sean Ward,Ball State,TE,TE,71,sean ward,0.01937586088409011,0.10944042254247294,270.5
205420,DJ Young,Ball State,WR,WR,68,dj young,-0.029245458973171497,-0.02085251367693173,37.5
205421,Tyler Mizzell,Ball State,QB,QB,69,tyler mizzell,-0.1041362218776332,-0.010206544364678358,103.0
205422,Jacob Jeudy,Ball State,RG,OL,74,jacob jeudy,-0.04895402584903635,0.03579628322754982,776.5
205423,Jonathan Goins,Bowling Green,WILL,LB,68,jonathan goins,0.011346155879915597,0.06361660789182493,179.5
205425,Lionel Burns III,Kent State,SS,SAF,64,lionel burns,-0.031146400379233836,-0.024165156502848992,38.0
205427,Mason King,Kent State,HB,RB,74,mason king,-0.3428282289144423,-0.1748442001445627,239.5
205428,Mofe Adewole,Kent State,LG,OL,69,mofe adewole,-0.1118017346759495,-0.0411310004491761,647.5
205430,Camdon Wilborn,Kent State,DT,DT,67,camdon wilborn,-0.11341052611733426,-0.07223712624546974,211.0
205431,Ben Midea,Kent State,C,OL,66,ben midea,-0.02732802628617881,-0.017395923097551197,91.0
205433,Dylan Armentrout,Kent State,HB,RB,69,dylan armentrout,-0.04432164107066394,-0.02538398438261906,27.0
205438,Autavius Ison,Toledo,HB,RB,71,autavius ison,-0.05190633252465913,-0.01613520322501879,51.0
205439,KJ Thomas,Toledo,CB,CB,69,kj thomas,-0.2226223459013033,-0.1538203503300895,374.5
205440,Peyton Strickland,Toledo,TE,TE,66,peyton strickland,-0.03319949329420019,-0.008560759236084365,74.0
205442,Khamoni Robinson,Toledo,QB,QB,72,khamoni robinson,-0.0708527770721963,0.023076900440758556,103.0
205443,Max Allen,Toledo,TE,TE,64,max allen,-0.037169801658656736,-0.024683956696773715,37.5
205445,Donovan Watkins,Toledo,CB,CB,68,donovan watkins,-0.06305891050225781,-0.04082916026429553,121.0
205446,Ben Sahakian,Toledo,LEDG,EDGE,68,ben sahakian,-0.12989291873924513,-0.08696330749843852,220.0
205447,Mo Conteh,Toledo,CB,CB,69,mo conteh,-0.09151011944665738,-0.049255222300117515,230.0
205451,Camron Barber,Western Michigan,CB,CB,68,camron barber,-0.16563831024970516,-0.12338341310316528,230.0
205453,Tre'Shawn Moore,Colorado State,FS,SAF,72,treshawn moore,-0.05788866885618413,0.010178458938568127,370.5
205454,Richard Mosley III,Colorado State,CB,CB,69,richard mosley,-0.08247393991858874,-0.04021904277204888,230.0
205457,Jonathan Watts,San José State,FS,SAF,66,jonathan watts,-0.012581921553826687,-0.00560067767744184,38.0
205459,Dylan Aguilera,San José State,TE,TE,67,dylan aguilera,-0.05550678297977439,-0.030868048921658574,74.0
205461,Jeremiah Holmes,Utah State,SAM,LB,70,jeremiah holmes,-0.03641605909757464,0.01585439291433468,179.5
205463,Antonio Bluiett,Utah State,CB,CB,74,antonio bluiett,-0.022248881001542584,0.04655311456967123,374.5
205464,Jordan Pendleton,Utah State,MIKE,LB,63,jordan pendleton,-0.026611748806650796,-0.01758453982409264,31.0
205465,Collin Remenowsky,Utah State,TE,TE,65,collin remenowsky,-0.07316754000464269,-0.02122642496320934,156.0
205466,Asher Cunningham,Utah State,WILL,LB,68,asher cunningham,-0.01960959813198639,0.002521623889769089,76.0
205468,Da'Marion Brownlee,Wyoming,FS,SAF,71,damarion brownlee,-0.001597476964960579,0.016682358974520795,99.5
205470,Riley Smith,Arkansas State,TE,TE,59,riley smith,-0.038177033535259614,-0.0256911885733766,37.5
205475,Sam Hultz,Arkansas State,DT,DT,70,sam hultz,-0.07220675634505902,-0.031033356473194496,211.0
205476,Xzavier Booker,Coastal Carolina,DT,DT,71,xzavier booker,-0.08037258237665507,-0.022320039903291573,297.5
205478,Aaron Sears,Georgia Southern,SS,SAF,76,aaron sears,0.04131484435012741,0.16569121551624688,677.0
205479,Jakyri Jones,Georgia Southern,FS,SAF,72,jakyri jones,-0.023886617443468757,0.013775356100186341,205.0
205480,Cole Norred,Georgia Southern,C,OL,66,cole norred,-0.020728005440670605,-0.01079590225204299,91.0
205481,Diego Aviles,Georgia Southern,MIKE,LB,70,diego aviles,-0.03130118616510965,0.05940770409511182,311.5
205483,Festus Davies,Georgia Southern,LEDG,EDGE,71,festus davies,-0.08761719783985882,-0.0446875865990522,220.0
205484,Owen Dupree,Georgia State,WR,WR,70,owen dupree,-0.0546124453023146,-0.030552668786427258,107.5
205485,DJ Fox,James Madison,RT,OL,73,dj fox,-0.027005542307229877,0.029367329087563114,516.5
205487,Cole Keller,James Madison,TE,TE,75,cole keller,-0.06802662571948662,0.02203793593889622,270.5
205488,KD Mosley,James Madison,TE,TE,67,kd mosley,-0.004424953297694413,0.001734730216834542,18.5
205489,Thatcher Miller,James Madison,TE,TE,68,thatcher miller,-0.04483239366135282,-0.020193659603236994,74.0
205491,Baron Taylor,Southern Miss,SS,SAF,69,baron taylor,-0.16578165723055407,-0.0977145294358018,370.5
205506,Meliq McGowan,East Carolina,HB,RB,70,meliq mcgowan,-0.055487499467448805,-0.036549842779403915,27.0
205520,Ace Cooper,Ball State,WR,WR,68,ace cooper,-0.015890584309488323,-0.007497639013248553,37.5
205560,Jamier Smith,Western Kentucky,RG,OL,59,jamier smith,-0.048741655017215973,-0.03880955182858836,91.0
205568,Jamaun Thompson,New Mexico State,REDG,EDGE,69,jamaun thompson,-0.08150693108564248,-0.03857731984483587,220.0
205599,Hayes Baum,New Mexico,MIKE,LB,64,hayes baum,-0.024372551304955505,-0.0022413292832000283,76.0
205602,Jaylen King,Colorado State,WILL,LB,68,jaylen king,-0.033757067821214466,-0.011625845799458984,76.0
205606,Shane Rochelle,Middle Tennessee,WILL,LB,67,shane rochelle,-0.06361548137015981,-0.011345029358250495,179.5
205607,Demarco Daniels,Delaware,MIKE,LB,61,demarco daniels,-0.023031253781046694,-0.014004044798488538,31.0
205611,Kameran Hayward,Central Michigan,CB,CB,66,kameran hayward,-0.008823849140791214,-0.0022100391526371495,36.0
205621,PJ Souffrant,Western Kentucky,CB,CB,68,pj souffrant,-0.05280260930730585,-0.010547712160765986,230.0
205625,Polo Anderson,Clemson,FS,SAF,77,polo anderson,0.022424864051789728,0.06008683759544483,205.0
205627,Justis Haggard,Middle Tennessee,FS,SAF,68,justis haggard,-0.02425303708223782,0.013408936461417274,205.0
205629,Bryce Williams,Middle Tennessee,FS,SAF,68,bryce williams,-0.11147986915291783,-0.04341274135816558,370.5
205680,Jerry Wall III,Charlotte,WILL,LB,65,jerry wall,-0.08271408561444799,-0.030443633602538666,179.5
205683,Tradarius Smith,Charlotte,CB,CB,67,tradarius smith,-0.088692590709754,-0.04643769356321413,230.0
205686,Nireek Sharpe,Charlotte,CB,CB,67,nireek sharpe,-0.2637751694110866,-0.19497317383987275,374.5
205689,Bryson Esser,East Carolina,RT,OL,68,bryson esser,-0.07942782766827818,-0.023054956273485187,516.5
205690,Antojuan Woody,Florida Atlantic,WR,WR,66,antojuan woody,-0.03499802577739472,-0.026605080481154952,37.5
205691,Roman Garcia,Florida Atlantic,DT,DT,64,roman garcia,-0.03030949764683818,-0.02230897918832422,41.0
205709,Tyson Wilson,North Texas,FS,SAF,69,tyson wilson,-0.02066251836726367,-0.013681274490878824,38.0
205711,Dylan Stephens Jr.,Rice,FS,SAF,53,dylan stephens,-0.04550309748084047,-0.038521853604455626,38.0
205715,Josiah Jackson,Temple,FS,SAF,68,josiah jackson,-0.008746130958931347,-0.001764887082546501,38.0
205716,Davier Bishop,Temple,DT,DT,69,davier bishop,-0.0189547375377017,-0.010954219079187737,41.0
205717,Nakeel Lawrence,Temple,CB,CB,66,nakeel lawrence,-0.008432157486218466,-0.0018183474980644015,36.0
205718,Asa Locks,Temple,CB,CB,69,asa locks,-0.16555861463839336,-0.09675661906717956,374.5
205719,Orel Gray,Temple,SS,SAF,66,orel gray,-0.01216942089052202,-0.005188177014137172,38.0
205721,Alan Pond,Tulsa,RG,OL,65,alan pond,-0.019026334824037663,-0.009094231635410049,91.0
205723,Chaden Sullivan,Tulsa,C,OL,66,chaden sullivan,-0.01090829668464076,-0.0009761934960131474,91.0
205725,Colby Archie,UAB,LEDG,EDGE,67,colby archie,-0.026565363365363713,-0.019345383293046237,37.0
205727,Ryley Zalusky,South Florida,TE,TE,66,ryley zalusky,-0.03720850422656744,-0.01256977016845162,74.0
205729,Asaad Chapman,UTSA,CB,CB,73,asaad chapman,0.011555982884485772,0.11002826493033518,536.0
205730,Archie Chambers,UTSA,MIKE,LB,66,archie chambers,-0.049707404400381586,0.002563047611527735,179.5
205733,Jamarri Vinson,UTSA,WILL,LB,60,jamarri vinson,-0.010319464062106076,-0.0012922550795479196,31.0
205734,William Hodges,UTSA,TE,TE,57,william hodges,-0.03581538782538049,-0.029655704310851537,18.5
205737,Jalen Anderson,Florida State,REDG,EDGE,72,jalen anderson,-0.013728456781310294,-0.0065084767089928185,37.0
205739,Chris Thomas,Florida State,MIKE,LB,68,chris thomas,-0.010047403134725878,-0.001020194152167722,31.0
205749,Zamondre Merriweather,Syracuse,WR,WR,79,zamondre merriweather,0.04081403676796212,0.13168165784191802,406.0
205750,TJ Taylor,Illinois,RT,OL,72,tj taylor,-0.0018642924158950257,0.008067810772732588,91.0
205751,Jakwon Morris,Illinois,CB,CB,75,jakwon morris,-0.02306759662004711,-0.0008378463820848367,121.0
205752,Maika Matelau,Illinois,LG,OL,72,maika matelau,0.011553882798174452,0.021485985986802063,91.0
205757,Jeremy Lewis,Purdue,LEDG,EDGE,65,jeremy lewis,-0.02371587235048128,-0.016495892278163803,37.0
205766,Josiah Jefferson,USC,TE,TE,72,josiah jefferson,-0.011344765797502751,0.0011410791643802652,37.5
205768,Jarmaine Mitchell,Arizona State,RT,OL,68,jarmaine mitchell,-0.019721531899604846,-0.009789428710977231,91.0
205769,Kirt Vakalahi,Arizona State,DT,DT,66,kirt vakalahi,-0.033399218481502804,-0.025398700022988843,41.0
205770,Siosaia Lapuaho,Arizona State,RT,OL,70,siosaia lapuaho,-0.007518893113640471,0.002413210074987142,91.0
205772,Hyrum Vaeono,Arizona State,DT,DT,67,hyrum vaeono,-0.021350445961056962,-0.013349927502543003,41.0
205774,Kaleb Arterberry,Baylor,MIKE,LB,60,kaleb arterberry,-0.024599066116955823,-0.015571857134397666,31.0
205777,Willie Breland III,Iowa State,WILL,LB,66,willie breland,-0.036404876899862326,-0.02737766791730417,31.0
205779,Derrick Salley Jr.,Kansas State,WR,WR,70,derrick salley,-0.017402502392828728,-0.009009557096588957,37.5
205783,Taurean Davis,Oklahoma State,WILL,LB,68,taurean davis,0.0031931776310746415,0.012220386613632799,31.0
205793,KJ Henson,West Virginia,DT,DT,74,kj henson,-0.07553884578404023,0.0008563487649406404,391.5
205795,Darius Wiley,West Virginia,REDG,EDGE,72,darius wiley,-0.001059374428837418,0.021478671472586055,115.5
205798,Jeremiah Johnson,West Virginia,LEDG,EDGE,67,jeremiah johnson,-0.017676490666044608,-0.010456510593727134,37.0
205805,Landon Varnes,Kennesaw State,QB,QB,69,landon varnes,-0.09980125993365213,-0.005871582420697284,103.0
205806,Montra Sanford,Kennesaw State,REDG,EDGE,60,montra sanford,-0.042599497972096674,-0.0353795178997792,37.0
205807,Boogie Woods III,Kennesaw State,HB,RB,74,boogie woods,-0.3701328833493113,-0.2021488545794317,239.5
205808,Mike Wallace Jr.,Kennesaw State,LG,OL,57,mike wallace,-0.05129097548324552,-0.041358872294617904,91.0
205809,Jonathan Keys,Kennesaw State,DT,DT,55,jonathan keys,-0.05527957130111444,-0.047279052842600484,41.0
205810,Prince Cottonham,Liberty,CB,CB,69,prince cottonham,-0.024123149620607062,-0.017509339632452995,36.0
205811,Michael Floyde,Liberty,LEDG,EDGE,63,michael floyde,-0.030187459830742763,-0.02296747975842529,37.0
205812,Janard Lockhardt,Louisiana Tech,CB,CB,67,janard lockhardt,-0.02477588962008803,-0.01816207963193396,36.0
205814,Jamon Lee Jr.,Louisiana Tech,LG,OL,62,jamon lee,-0.0363838250976075,-0.026451721908979885,91.0
205815,Kaden McIver,Louisiana Tech,LEDG,EDGE,62,kaden mciver,-0.01887217797343594,-0.011652197901118466,37.0
205818,BJ Ausmer,Middle Tennessee,LEDG,EDGE,63,bj ausmer,-0.048919889287205615,-0.041699909214888135,37.0
205820,Jadin Hambrick,Middle Tennessee,TE,TE,68,jadin hambrick,-0.02608908031873963,-0.001450346260623809,74.0
205822,Anthony Mattison,Missouri State,SS,SAF,66,anthony mattison,-0.009213052422946654,-0.0022318085465618076,38.0
205823,Sebastian Espinoza,Missouri State,RT,OL,68,sebastian espinoza,-0.036387503914684136,0.034283230312089255,647.5
205828,Kalani Mcleod,New Mexico State,QB,QB,62,kalani mcleod,-0.19830798106295658,-0.10437830355000174,103.0
205829,Faapaia Fualema,New Mexico State,MIKE,LB,64,faapaia fualema,-0.0721635161490632,-0.01989306413715387,179.5
205833,Jaylon Jones,Sam Houston,FS,SAF,68,jaylon jones,-0.17505326758669587,-0.05067689642057636,677.0
205841,Elijah Alexander,Akron,TE,TE,63,elijah alexander,-0.028383772639670596,-0.015897927677787582,37.5
205842,Gentz Hilburn,Akron,WR,WR,68,gentz hilburn,-0.04359840867413699,-0.03520546337789721,37.5
205843,Jeremiah Jones,Akron,WILL,LB,73,jeremiah jones,0.1383411698040837,0.2856885164226136,506.0
205844,Jon Stephens,Akron,LG,OL,57,jon stephens,-0.04564596218189303,-0.03571385899326541,91.0
205853,John Williams,Central Michigan,LT,OL,71,john williams,-0.0008479797964678847,0.009084123392159728,91.0
205854,Coen Ali,Central Michigan,SS,SAF,63,coen ali,-0.01216529528052747,-0.005184051404142625,38.0
205855,Antonio Cherry Jr.,Central Michigan,WILL,LB,60,antonio cherry,-0.054768121625376094,-0.032636899603620616,76.0
205856,Jaxon Cherry,Central Michigan,DT,DT,57,jaxon cherry,-0.03971269803104974,-0.031712179572535776,41.0
205859,Myles Peters,Central Michigan,TE,TE,69,myles peters,-0.014865620604428732,0.07519894105395411,270.5
205865,JT Beasley,Eastern Michigan,WR,WR,65,jt beasley,-0.03375363395763343,-0.02536068866139366,37.5
205867,Elgin McDuffey,Eastern Michigan,WILL,LB,63,elgin mcduffey,-0.047117639442409195,-0.024986417420653714,76.0
205868,Mark Debiak,Eastern Michigan,LEDG,EDGE,56,mark debiak,-0.03833341345140843,-0.03111343337909095,37.0
205879,Chris Stanley,Massachusetts,CB,CB,69,chris stanley,-0.19028052317761981,-0.121478527606406,374.5
205903,Markus Fetcho,New Mexico,RT,OL,71,markus fetcho,0.026241280854848854,0.08261415224964185,516.5
205904,AJ Robinson,New Mexico,DT,DT,60,aj robinson,-0.15770339114141826,-0.11652999126955374,211.0
205912,Cooper Mau,Northern Illinois,WILL,LB,60,cooper mau,-0.1137151318792212,-0.061444679867311884,179.5
205920,Jeremiah Nash,UTEP,WR,WR,65,jeremiah nash,-0.04374285401590099,-0.03534990871966122,37.5
205924,Kyle Hall,Boise State,SS,SAF,69,kyle hall,-0.03975327574824747,-0.002091302204592374,205.0
205925,Akeem Wright,Boise State,WR,WR,74,akeem wright,-0.02722812139356652,-0.0031683448776791802,107.5
205932,Bode Stoddard,Fresno State,RT,OL,62,bode stoddard,-0.024320676699682582,-0.014388573511054967,91.0
205933,Ethan Rossetti,Fresno State,TE,TE,61,ethan rossetti,-0.015862661655140407,-0.009702978140611454,18.5
205934,Tyler Bailey,Oregon State,DT,DT,66,tyler bailey,-0.012928369794473156,-0.004927851335959196,41.0
205935,Kahanu Kalahiki,Oregon State,FS,SAF,68,kahanu kalahiki,-0.10819015225888577,-0.04012302446413352,370.5
205937,Jarrel Comer,Oregon State,REDG,EDGE,71,jarrel comer,-0.09795057816423983,-0.03784912242711057,308.0
205942,Jonathan Davis,Texas State,DT,DT,69,jonathan davis,-0.015922840729869468,-0.007922322271355508,41.0
205943,Jussiah Ali,Texas State,DT,DT,71,jussiah ali,-0.019948597453928574,0.0030772849388677015,118.0
205956,DJ Hairston Jr.,Arkansas,CB,CB,62,dj hairston,-0.04092705248327802,-0.034313242495123956,36.0
205957,Nsongbeh Ginyui,Arkansas,FS,SAF,66,nsongbeh ginyui,-0.018739862674945228,-0.011758618798560381,38.0
205966,Dre Riley,Mississippi State,FS,SAF,74,dre riley,-0.005194419958001318,0.0017868239183835293,38.0
205972,Nate Branch,App State,WR,WR,73,nate branch,0.002472972230783383,0.040856708718919936,171.5
205973,TJ Spann,Arkansas State,DT,DT,68,tj spann,-0.037673237994026,-0.01464735560122972,118.0
205974,Trent Mapp,Arkansas State,DT,DT,61,trent mapp,-0.03179293135937966,-0.023792412900865704,41.0
205976,Keoni Denny,Arkansas State,WILL,LB,62,keoni denny,-0.025529700182724806,-0.0033984781609693302,76.0
205980,Garrett Orgas,Coastal Carolina,MIKE,LB,63,garrett orgas,-0.015933624035031978,-0.006906415052473822,31.0
205981,Travis Roman,Coastal Carolina,CB,CB,66,travis roman,-0.04033222582661457,-0.018102475588652293,121.0
205982,King White,Coastal Carolina,CB,CB,69,king white,-0.07217090200233055,-0.029916004855790688,230.0
205983,Tyrese Woodgett,Georgia Southern,HB,RB,71,tyrese woodgett,-0.06583789209975549,-0.046900235411710595,27.0
205986,Eric Butler Jr.,Georgia State,MIKE,LB,65,eric butler,-0.009986314953834353,0.012144907067921127,76.0
205987,AJ Vaughns,Georgia State,DT,DT,64,aj vaughns,-0.14565905661298909,-0.10448565674112455,211.0
205991,Lazavier Amos,UL Monroe,MIKE,LB,71,lazavier amos,0.0215278516040126,0.1688751982225425,506.0
205992,Edarius Green,UL Monroe,LG,OL,62,edarius green,-0.029580024671229603,-0.01964792148260199,91.0
205993,Marcellus Jackson,UL Monroe,WR,WR,71,marcellus jackson,-0.09667618561252987,-0.07261640909664253,107.5
205996,Dalen Huston,UL Monroe,WR,WR,70,dalen huston,-0.036612980998661136,-0.028220035702421365,37.5
205999,Freddie Gavin Jr.,UL Monroe,RG,OL,59,freddie gavin,-0.033479294679709,-0.023547191491081386,91.0
206001,Jackson Parker,UL Monroe,WILL,LB,65,jackson parker,-0.08779238822950997,0.002916502030711508,311.5
206002,Rickey Banks,UL Monroe,MIKE,LB,52,rickey banks,-0.10238644214585431,-0.08025522012409883,76.0
206003,Moses Madubuike,UL Monroe,DT,DT,65,moses madubuike,-0.20214675307141455,-0.14409421059805105,297.5
206004,Nolan Anderson,UL Monroe,LG,OL,63,nolan anderson,-0.028911545655814545,-0.01897944246718693,91.0
206008,Trevon Kinchen,UL Monroe,HB,RB,59,trevon kinchen,-0.11827636938358932,-0.09898801534946952,27.5
206009,RJ Hall,UL Monroe,CB,CB,62,rj hall,-0.017609452322405225,-0.010995642334251163,36.0
206010,Jayden Lewis,UL Monroe,CB,CB,69,jayden lewis,-0.2192984977224388,-0.09813717307833865,659.5
206017,Daniel Pickens,Old Dominion,CB,CB,56,daniel pickens,-0.04631990766201523,-0.039706097673861164,36.0
206018,Asher Horn,Old Dominion,FS,SAF,65,asher horn,-0.01869825364406649,-0.011717009767681643,38.0
206019,BJ Campbell,Old Dominion,LEDG,EDGE,62,bj campbell,-0.2171888624257119,-0.15708740668858265,308.0
206022,Kendrick Hall,Old Dominion,RT,OL,70,kendrick hall,-0.023862340560887717,0.0633982803106263,799.5
206023,DeMorrsion Brown,Old Dominion,C,OL,64,demorrsion brown,-0.029831176530784716,-0.019899073342157098,91.0
206024,De'Veion McLilley-Bulo,Old Dominion,MIKE,LB,58,deveion mclilley bulo,-0.022937011911383306,-0.013909802928825151,31.0
206027,Andrew Washburn,South Alabama,DT,DT,65,andrew washburn,-0.24564944445383824,-0.1692542499048574,391.5
206033,Devon Waller,South Alabama,C,OL,66,devon waller,0.01255884359704736,0.02249094678567497,91.0
206035,Eeli Singleton,Southern Miss,WR,WR,68,eeli singleton,-0.022883591092126402,-0.014490645795886634,37.5
206037,Ramon Pernas,Southern Miss,LEDG,EDGE,58,ramon pernas,-0.1298644457074427,-0.10732639980601924,115.5
206040,Kameron Cyprien,Southern Miss,REDG,EDGE,66,kameron cyprien,-0.19099006670255142,-0.13088861096542215,308.0
206046,Brayden Warner,Southern Miss,RG,OL,59,brayden warner,-0.05519880906537483,-0.04526670587674722,91.0
206049,Doug Nelson,Troy,SAM,LB,71,doug nelson,-0.053353173044401,-0.0010827210324916813,179.5
206051,Lonnie Smith,Troy,LEDG,EDGE,70,lonnie smith,-0.122933671439512,-0.06283221570238275,308.0
206052,Jordan Turner,Troy,CB,CB,70,jordan turner,-0.1929038103463986,-0.09443152830054921,536.0
206053,Gavin Griffin,Troy,HB,RB,79,gavin griffin,-0.5620490239916202,-0.2748278975562728,409.5
206054,TK Keyes,Troy,WR,WR,69,tk keyes,-0.1443302391915814,-0.12027046267569404,107.5
206059,JaMarion Keyes,Troy,SS,SAF,63,jamarion keyes,-0.01994542699723334,-0.012964183120848493,38.0
206060,Bryce Burgess,Troy,HB,RB,73,bryce burgess,-0.09868176893504334,-0.013111616492766449,122.0
206062,Rodge Waldrop,Troy,QB,QB,65,rodge waldrop,-0.03942134080103836,-0.007047519910651007,35.5
206063,Rakeem Davis,Troy,DT,DT,74,rakeem davis,-0.01764178933202963,0.02353161053983489,211.0
206069,Kelton McCaslin,North Dakota State,REDG,EDGE,75,kelton mccaslin,-0.02227145734377181,0.06202668836544845,432.0
206071,Nate Schneckloth,North Dakota State,LG,OL,65,nate schneckloth,-0.025404324023391843,-0.015472220834764232,91.0
206073,Jaylen Archibald,North Dakota State,SS,SAF,65,jaylen archibald,-0.016510238001651314,-0.009528994125266468,38.0
206074,Mikhale Ford,North Dakota State,SS,SAF,65,mikhale ford,-0.01808860517614517,-0.011107361299760322,38.0
206075,Walker Braaten,North Dakota State,SS,SAF,64,walker braaten,-0.01892898620057627,-0.01194774232419142,38.0
206078,Abraham Myers,North Dakota State,TE,TE,65,abraham myers,-0.06711851805042894,-0.015177403008995581,156.0
206111,Ejani Shakir,Maryland,WR,WR,71,ejani shakir,-0.05807556960895752,-0.03401579309307017,107.5
206120,Davis Lane,Rice,WR,WR,72,davis lane,-0.14955956069486623,-0.08622080019257676,283.0
206122,Elias Mullican,Sacramento State,CB,CB,74,elias mullican,-0.10078071802573867,0.020380606618361507,659.5
206123,Caleb Reese,Sacramento State,CB,CB,69,caleb reese,-0.01370514921416249,-0.007091339226008425,36.0
206127,Will Weber,Sacramento State,DT,DT,75,will weber,-0.04792515802889975,0.0442759388405599,472.5
206128,Nick Dimitris,Sacramento State,DT,DT,70,nick dimitris,-0.0171548552454361,-0.009154336786922138,41.0
206129,Collin Kallhoff,Sacramento State,DT,DT,68,collin kallhoff,-0.016979040218348118,-0.008978521759834159,41.0
206132,Dante Antonini,Sacramento State,WILL,LB,75,dante antonini,0.06799448052454901,0.25858507017243004,654.5
206133,Darson Jeanty,Sacramento State,WILL,LB,72,darson jeanty,0.016676393610945427,0.06894684562285475,179.5
206136,DeAnthony Sheffield,Sacramento State,LG,OL,66,deanthony sheffield,-0.02600437663168264,-0.016072273443055028,91.0
206137,Jeremiah Stallworth,Sacramento State,RT,OL,74,jeremiah stallworth,-0.030292089521947826,0.048619016031653986,723.0
206138,Richard McKay,Sacramento State,LT,OL,63,richard mckay,-0.03470939861613474,-0.02477729542750713,91.0
206139,Jamar Curtis,Sacramento State,HB,RB,80,jamar curtis,-0.17420544572951077,0.11301568070583666,409.5
206142,DJ Vonnahme,Iowa,TE,TE,88,dj vonnahme,0.20873963677993315,0.298804198438316,270.5
206146,Elijah Collins,Sam Houston,RG,OL,67,elijah collins,-0.031989915623308905,-0.022057812434681294,91.0
206149,Keyveon Johnson,Akron,CB,CB,69,keyveon johnson,-0.01051124042406886,-0.0038974304359147937,36.0
206172,Mac Walters,App State,RT,OL,72,mac walters,-0.011619814264601057,0.059050919962172335,647.5
206186,Prayer Young-Blackgoat,Arizona State,MIKE,LB,68,prayer young blackgoat,-0.031360235312335845,0.020910216699573478,179.5
206190,Adam Johnston,Arkansas,TE,TE,64,adam johnston,-0.02464399415876802,-0.01848431064423906,18.5
206191,Maddox Lassiter,Arkansas,TE,TE,71,maddox lassiter,-0.0644256764961289,-0.012484561454695543,156.0
206203,Omar Mabson II,Auburn,HB,RB,80,omar mabson,0.074692764483849,0.16026291692612588,122.0
206210,Chris Jackson,Ball State,CB,CB,71,chris jackson,-0.25164336684853794,-0.1531710848026885,536.0
206211,Cincear Lewis,Ball State,WILL,LB,77,cincear lewis,0.2027002701711915,0.3932908598190725,654.5
206217,Alex Scherle,Ball State,TE,TE,64,alex scherle,-0.011064854104428121,-0.0049051705898991655,18.5
206218,Keilan Smith,Ball State,DT,DT,68,keilan smith,-0.09712820652028491,-0.0559548066484204,211.0
206220,Stilton McKelvey,Baylor,CB,CB,71,stilton mckelvey,0.0025066604241979896,0.009120470412352054,36.0
206222,Daniel Cobbs,Baylor,CB,CB,74,daniel cobbs,-0.0006554599402596878,0.005958350047894377,36.0
206224,Taebron Bennie-Powell,Boise State,FS,SAF,69,taebron bennie powell,-0.04139266826506185,-0.023112832325580476,99.5
206225,Troy Grizzle,Boise State,TE,TE,70,troy grizzle,-0.019956331848318867,0.004682402209796953,74.0
206227,Andrew Rheubottom,Boise State,LEDG,EDGE,68,andrew rheubottom,-0.009798186967565499,-0.0025782068952480215,37.0
206228,Ryder Swanson,Boise State,DT,DT,65,ryder swanson,-0.030067079588019918,-0.022066561129505956,41.0
206236,Reece Little,Bowling Green,TE,TE,66,reece little,-0.02363666370306007,-0.011150818741177052,37.5
206239,Henry Reifschneider,Bowling Green,WILL,LB,62,henry reifschneider,-0.028073174769347512,-0.019045965786789357,31.0
206242,Josira Andrews,Bowling Green,CB,CB,67,josira andrews,-0.22239388384379188,-0.15359188827257805,374.5
206243,Garrison Blair,Bowling Green,CB,CB,64,garrison blair,-0.16089397158385155,-0.11863907443731167,230.0
206244,Ocean Brabbs,Bowling Green,TE,TE,67,ocean brabbs,-0.009669378277085845,0.014969355781029977,74.0
206247,Gabe Funk,Bowling Green,RT,OL,65,gabe funk,-0.03355992308609139,-0.02362781989746377,91.0
206254,Aiden Anderson,Buffalo,REDG,EDGE,67,aiden anderson,-0.04390505036500844,-0.021367004463584967,115.5
206255,Jaylen Andrews,Buffalo,WR,WR,76,jaylen andrews,-0.00689711462752908,0.08397050644642683,406.0
206263,Kevin Doe,BYU,CB,CB,72,kevin doe,-0.017599107895816753,0.004630642342145524,121.0
206264,Reggie Frischknecht,BYU,WR,WR,70,reggie frischknecht,-0.0552225709139261,-0.031162794398038755,107.5
206266,Jarinn Kalama,BYU,FS,SAF,73,jarinn kalama,0.019489655798379694,0.08755678359313195,370.5
206267,Cole Boscia,California,WR,WR,67,cole boscia,-0.023992212287155146,-0.015599266990915378,37.5
206268,Emmanuel Okoye,California,WILL,LB,73,emmanuel okoye,-0.032610238079923505,0.058098652180297965,311.5
206269,Michael-Anthony Okwura,California,DT,DT,71,michael anthony okwura,-0.0642111151058105,-0.006158572632447003,297.5
206270,Keyton Jones,Central Michigan,CB,CB,64,keyton jones,-0.01877383931309694,-0.012160029324942877,36.0
206276,Elijah Gunn,Cincinnati,DT,DT,75,elijah gunn,-0.03187131181005207,0.04452388273892879,391.5
206277,Isaiah Johnson,Cincinnati,WR,WR,75,isaiah johnson,-0.02325561787046068,0.0008041586454266632,107.5
206282,Lyviel Waters,Cincinnati,TE,TE,68,lyviel waters,-0.023721030629075893,0.0009177034290399275,74.0
206285,Fletcher Cothran,Clemson,WILL,LB,70,fletcher cothran,-0.010307571560773988,0.011823650460981492,76.0
206289,Azarel Juste,Coastal Carolina,SS,SAF,68,azarel juste,-0.06431761891547032,-0.026655645371815223,205.0
206290,Donald Quist,Coastal Carolina,SAM,LB,62,donald quist,-0.05209848325011391,-0.043071274267555755,31.0
206305,Teddy Williams,UConn,WR,WR,65,teddy williams,-0.03120219057035213,-0.022809245274112364,37.5
206310,Odera Orizu,UConn,LEDG,EDGE,64,odera orizu,-0.020803081955107224,-0.013583101882789748,37.0
206313,Clemens Richter,UConn,TE,TE,67,clemens richter,-0.012111848804156078,-0.005952165289627122,18.5
206318,Mike Burton,UConn,TE,TE,72,mike burton,-0.02265507816963378,0.02928603687179957,156.0
206319,Emmanuel Doku,Delaware,WR,WR,69,emmanuel doku,-0.020139296941995507,-0.011746351645755736,37.5
206320,Nasir Eatmon,Delaware,SS,SAF,72,nasir eatmon,-0.07232595532053385,-0.004258827525781599,370.5
206321,Brandon Gorham,Delaware,REDG,EDGE,65,brandon gorham,-0.06840242684678506,-0.04586438094536158,115.5
206323,Yamdry Hernandez,Delaware,LEDG,EDGE,69,yamdry hernandez,-0.023312452620149637,0.03678900311697962,308.0
206324,Noah Jefferson,Delaware,FS,SAF,71,noah jefferson,-0.07958453544819166,-0.04192256190453657,205.0
206325,Jamarion Kolagbodi,Delaware,CB,CB,79,jamarion kolagbodi,0.09190428899078668,0.21306561363488682,659.5
206328,Scott Moore,Delaware,TE,TE,66,scott moore,-0.011295461366640946,-0.005135777852111992,18.5
206331,Jared Porter,Delaware,HB,RB,70,jared porter,-0.025164631577535033,-0.006226974889490149,27.0
206332,Jalen Ross,Delaware,CB,CB,67,jalen ross,-0.016754701920989074,-0.010140891932835008,36.0
206333,Ty Salazer,Delaware,WR,WR,68,ty salazer,-0.0235690949384466,-0.015176149642206833,37.5
206334,Maddox Sills,Delaware,TE,TE,66,maddox sills,-0.03575838181316705,-0.02327253685128404,37.5
206335,Dylan Stewart,Delaware,RG,OL,69,dylan stewart,-0.01007605396971062,-0.00014395078108300763,91.0
206336,Chandler Telfaire,Delaware,RT,OL,69,chandler telfaire,-0.12656863954976805,-0.07019576815497505,516.5
206337,Jaxson Bowman,Delaware,TE,TE,69,jaxson bowman,-0.05627779368574117,-0.004336678644307818,156.0
206342,Reggie Gardner,Eastern Michigan,DT,DT,65,reggie gardner,-0.02913209703709573,-0.02113157857858177,41.0
206343,Luke Grant,Eastern Michigan,TE,TE,67,luke grant,-0.17347804444415157,-0.12153692940271822,156.0
206344,Eli Lovett,Eastern Michigan,CB,CB,65,eli lovett,-0.020923363055056182,-0.014309553066902117,36.0
206346,Colin Main,Eastern Michigan,WILL,LB,64,colin main,-0.14701812012072052,-0.0947476681088112,179.5
206347,Brogan McCaughey,Eastern Michigan,QB,QB,64,brogan mccaughey,-0.20206056740808917,-0.10813088989513434,103.0
206348,Javon Thomas,Eastern Michigan,DT,DT,66,javon thomas,-0.024782498515601985,-0.016781980057088024,41.0
206351,Dior Boyd,Eastern Michigan,CB,CB,67,dior boyd,-0.01711082708977512,-0.010497017101621054,36.0
206355,Josh Benton,East Carolina,CB,CB,68,josh benton,-0.015201567222314676,-0.00858775723416061,36.0
206356,Torin Brazell,East Carolina,DT,DT,69,torin brazell,-0.12959951639958817,-0.07154697392622465,297.5
206357,Mason Brown,East Carolina,TE,TE,68,mason brown,-0.018614130141175102,0.006024603916940717,74.0
206359,Kieran Davis,East Carolina,LEDG,EDGE,64,kieran davis,-0.11874637520493708,-0.07581676396413047,220.0
206361,Christian Harris,East Carolina,LT,OL,68,christian harris,-0.015025225477353087,-0.0050931222887254735,91.0
206365,Alex Moye,East Carolina,CB,CB,62,alex moye,-0.03168172191095019,-0.025067911922796133,36.0
206366,Jayden Olden,East Carolina,WILL,LB,63,jayden olden,-0.04346445397441026,-0.021333231952654786,76.0
206367,Miles Parker,East Carolina,DT,DT,66,miles parker,-0.02882157093741763,-0.02082105247890367,41.0
206372,Orlando Syph-Timmons,Florida International,MIKE,LB,67,orlando syph timmons,-0.05006728494708857,0.04064160531313289,311.5
206373,Ormond Wallace,Florida International,SS,SAF,66,ormond wallace,-0.01878705455575427,-0.011805810679369423,38.0
206374,Nick Watson,Florida International,REDG,EDGE,66,nick watson,-0.02017710245981356,-0.012957122387496085,37.0
206380,Tyson Rooks,Florida Atlantic,FS,SAF,64,tyson rooks,-0.21698649508856485,-0.1489193672938126,370.5
206384,Chase Hanning,Florida Atlantic,WR,WR,66,chase hanning,-0.02831278981830834,-0.019919844522068568,37.5
206385,Walker Adkinson,Florida Atlantic,TE,TE,66,walker adkinson,-0.08023686894161591,-0.0555981348835001,74.0
206409,AJ Cottrill,Florida State,MIKE,LB,74,aj cottrill,0.008624475541573435,0.030755697563328913,76.0
206410,Donny Hiebert,Florida State,FS,SAF,70,donny hiebert,-0.04051806107997238,-0.022238225140491,99.5
206412,Ricky Knight III,Florida State,CB,CB,70,ricky knight,-0.008854425394340516,-0.00224061540618645,36.0
206413,Greyson Labiad,Florida State,TE,TE,65,greyson labiad,-0.00874163539834854,-0.0025819518838195847,18.5
206420,Brock Lium,Fresno State,TE,TE,72,brock lium,-0.1435415742692492,-0.053477012610866376,270.5
206422,Preston Okafor,Fresno State,CB,CB,68,preston okafor,-0.013011638114546475,-0.006397828126392411,36.0
206423,Brandon Ramirez,Fresno State,HB,RB,76,brandon ramirez,-0.1395232115443134,-0.05395305910203653,122.0
206440,Korey Jordan,Georgia Southern,DT,DT,68,korey jordan,-0.02291164261727799,-0.014911124158764026,41.0
206449,Rahkeem Smith,Georgia Tech,WR,WR,67,rahkeem smith,-0.14661306008035008,-0.10822932359221353,171.5
206451,Ronnie Thomas,Georgia Tech,TE,TE,68,ronnie thomas,-0.033026352065694216,-0.020540507103811202,37.5
206454,Will Kiker,Georgia Tech,FS,SAF,68,will kiker,-0.10236363239392288,-0.06470165885026777,205.0
206464,Blaze Kamoku,Hawai'i,WR,WR,67,blaze kamoku,-0.02105936710826472,-0.012666421812024948,37.5
206470,Jordan Lynch,Hawai'i,DT,DT,68,jordan lynch,-0.0918544322373494,-0.05068103236548488,211.0
206474,Kainoa Carvalho,Hawai'i,WR,WR,68,kainoa carvalho,-0.017021065073987367,-0.008628119777747596,37.5
206475,Nick Delgadillo,Hawai'i,WR,WR,69,nick delgadillo,-0.015037589142225456,-0.0066446438459856864,37.5
206476,Josiah Fetui,Hawai'i,WR,WR,68,josiah fetui,-0.016519992030908936,-0.008127046734669165,37.5
206481,Weston Edwards,Houston,TE,TE,66,weston edwards,-0.014218133369356315,-0.009556751250253322,14.0
206493,Champ Smith,Illinois,LT,OL,66,champ smith,-0.025813231209049894,-0.01588112802042228,91.0
206495,Ben Clawson,Illinois,FS,SAF,66,ben clawson,-0.023995053191676927,-0.01701380931529208,38.0
206499,Anthony Chung,Indiana,SS,SAF,70,anthony chung,-0.014088365488914317,-0.00710712161252947,38.0
206512,Jackson Wasserstrom,Indiana,WR,WR,68,jackson wasserstrom,-0.019684357820135032,-0.011291412523895263,37.5
206517,Alex Eichmann,Iowa,WR,WR,69,alex eichmann,-0.0209492040518449,-0.012556258755605128,37.5
206519,Luke Gaffney,Iowa,DT,DT,67,luke gaffney,-0.025592107949958944,-0.017591589491444987,41.0
206520,Kyler Gerardy,Iowa,SS,SAF,68,kyler gerardy,-0.020817724498087886,-0.013836480621703038,38.0
206522,Lance Ingold,Iowa,DT,DT,68,lance ingold,-0.021886451204821116,-0.013885932746307157,41.0
206524,Devan Kennedy,Iowa,DT,DT,69,devan kennedy,-0.04996257217020066,-0.026936689777404387,118.0
206533,Caden Matson,Iowa State,SS,SAF,68,caden matson,-0.112045872191742,-0.07438389864808691,205.0
206534,Easton Miller,Iowa State,HB,RB,70,easton miller,-0.03928353597338684,-0.020345879285341952,27.0
206544,Aiden Flora,Iowa State,HB,RB,75,aiden flora,-0.17576532359348587,-0.09019517115120897,122.0
206567,Andrew Johnson,Kansas State,TE,TE,68,andrew johnson,-0.07880616004240201,-0.0541674259842862,74.0
206572,Navarro Schunke,Kansas State,LG,OL,68,navarro schunke,-0.017422219772681366,-0.007490116584053751,91.0
206574,Holden Bass,Kansas State,DT,DT,68,holden bass,-0.05632166776906923,-0.033295785376272945,118.0
206575,Mikey Bergeron,Kansas State,FS,SAF,69,mikey bergeron,-0.017984726331350686,-0.01100348245496584,38.0
206577,Jaxson Duffield,Kansas State,TE,TE,68,jaxson duffield,-0.042096076983343333,-0.02961023202146032,37.5
206578,Karson Moss,Kennesaw State,MIKE,LB,71,karson moss,0.08052975898168727,0.17123864924190874,311.5
206580,Erik Ronning,Kennesaw State,WR,WR,67,erik ronning,-0.03807545892962005,-0.02968251363338028,37.5
206584,Eseosa Aigbokhae,Kennesaw State,RT,OL,66,eseosa aigbokhae,-0.028417774518338042,-0.018485671329710428,91.0
206586,Brody Bond,Kennesaw State,SS,SAF,68,brody bond,-0.018403173181335403,-0.011421929304950557,38.0
206587,Preston Clemmer,Kennesaw State,CB,CB,69,preston clemmer,-0.035199466896077926,-0.012969716658115653,121.0
206588,Hayden Dawahare,Kent State,WILL,LB,67,hayden dawahare,-0.17756885992723787,-0.08685996966701638,311.5
206589,Garrett Dial,Kent State,LEDG,EDGE,66,garrett dial,-0.08253395486382044,-0.039604343623013814,220.0
206590,Bryce Faulk,Kent State,REDG,EDGE,66,bryce faulk,-0.1477962487914644,-0.08769479305433514,308.0
206591,Max Gembus,Kent State,C,OL,66,max gembus,-0.024650403370922325,-0.01471830018229471,91.0
206595,Ezekiel Castex,Kent State,CB,CB,68,ezekiel castex,-0.12382367539141471,-0.08156877824487485,230.0
206596,Hudson Chasko,Kent State,RT,OL,67,hudson chasko,-0.08526735546433048,-0.028894484069537492,516.5
206597,Kris Thompson,Kentucky,MIKE,LB,67,kris thompson,-0.015079615882295594,-0.006052406899737437,31.0
206607,Nathan Pirolli,Liberty,DT,DT,75,nathan pirolli,0.003594228160368283,0.07998942270934914,391.5
206608,Caleb Ryan,Liberty,TE,TE,75,caleb ryan,-0.10289276181650861,-0.012828200158125778,270.5
206613,Bryson Weathers,Louisiana Tech,RT,OL,68,bryson weathers,-0.18740435853263415,-0.11673362430586076,647.5
206616,David Pierro,Louisiana Tech,WR,WR,68,david pierro,-0.02307158220474484,-0.01467863690850507,37.5
206619,Riley Small,Louisiana Tech,HB,RB,70,riley small,-0.20118269963469543,-0.11561254719241855,122.0
206620,Jacoryian Crowe,Louisiana Tech,CB,CB,68,jacoryian crowe,-0.021132065543597388,-0.014518255555443322,36.0
206621,Brayden Curry,Louisiana Tech,WR,WR,67,brayden curry,-0.028932109721819022,-0.020539164425579255,37.5
206623,Jake Acklin,Louisiana Tech,RG,OL,68,jake acklin,-0.08428453086866078,-0.027911659473867798,516.5
206624,Dylone Brooks,Louisiana Tech,HB,RB,72,dylone brooks,-0.4308940123400073,-0.2629099835701276,239.5
206627,Braxton Jennings,Louisville,HB,RB,71,braxton jennings,-0.05044458424676978,-0.0315069275587249,27.0
206631,Hamilton Atkins,Louisville,TE,TE,67,hamilton atkins,-0.02659833822790913,-0.014112493266026115,37.5
206637,Silas Hall,LSU,TE,TE,70,silas hall,-0.049966364473494285,-0.025327630415378458,74.0
206645,Kenyatta Hardge,Marshall,DT,DT,64,kenyatta hardge,-0.16188872152638903,-0.1207153216545245,211.0
206646,Chase Massey,Marshall,CB,CB,66,chase massey,-0.09502146183951697,-0.0727917116015547,121.0
206648,Judah Price,Marshall,HB,RB,71,judah price,-0.4792423468784482,-0.3112583181085686,239.5
206649,Nico Wiedmann,Marshall,WR,WR,66,nico wiedmann,-0.03307073701122817,-0.0246777917149884,37.5
206651,Marwan Diab,Marshall,LG,OL,68,marwan diab,-0.018180696177490734,-0.008248592988863119,91.0
206658,EJ Moore Jr.,Maryland,DT,DT,68,ej moore,-0.023301183296670212,-0.015300664838156251,41.0
206660,Luke O'Hare,Maryland,TE,TE,67,luke ohare,-0.02163502791027973,-0.015475344395750778,18.5
206671,Stone Chaney,Memphis,REDG,EDGE,67,stone chaney,-0.01775352166268109,-0.010533541590363613,37.0
206672,Charlie Coenen,Wyoming,WR,WR,70,charlie coenen,-0.0030759173673154516,0.02098385914857189,107.5
206673,Daivon Nelson,Troy,WILL,LB,67,daivon nelson,-0.008188575009614939,0.0008386339729432178,31.0
206674,Caleb Hall,Wyoming,LG,OL,72,caleb hall,-0.0018492127854923956,0.0545236586093006,516.5
206676,Jack Bal,Washington State,SS,SAF,66,jack bal,-0.056587923223913594,-0.03830808728443222,99.5
206677,Lawrence Brown Jr.,UTSA,CB,CB,69,lawrence brown,-0.00453722610817182,0.0020765838799822463,36.0
206678,Chris Bryson II,UTSA,CB,CB,70,chris bryson,-0.05834072605015895,-0.016085828903619086,230.0
206679,Jarrett Henry,UTSA,LEDG,EDGE,64,jarrett henry,-0.01343982760931724,-0.006219847536999765,37.0
206680,Joseph Ugwu Jr.,UTSA,RG,OL,67,joseph ugwu,-0.02274895407370594,-0.012816850885078326,91.0
206681,Christian Ross,Miami (OH),TE,TE,72,christian ross,0.007678430368721639,0.05961954541015499,156.0
206683,Izaiah Hartrup,Ole Miss,WR,WR,73,izaiah hartrup,-0.008708327534078426,-0.000315382237838656,37.5
206684,Gerald Lacy Jr.,Ole Miss,SS,SAF,70,gerald lacy,-0.01508289272132562,-0.008101648844940773,38.0
206685,Bryson Luter,Army,QB,QB,70,bryson luter,-0.10236710259881975,-0.008437425085864895,103.0
206686,Godspower Nwawuihe,Army,HB,RB,76,godspower nwawuihe,-0.04366361276243301,0.041906539679843875,122.0
206688,Julian Porter,Army,CB,CB,67,julian porter,-0.06191175125717171,-0.039682001019209434,121.0
206689,Javon Smith,Army,DT,DT,68,javon smith,-0.14333206137204987,-0.08527951889868639,297.5
206690,Zane Tallman,Army,CB,CB,64,zane tallman,-0.022711115113473786,-0.01609730512531972,36.0
206691,Stroman Bridges,Army,CB,CB,69,stroman bridges,-0.14749675476684898,-0.07869475919563518,374.5
206693,Elijah Walton,Army,WILL,LB,64,elijah walton,-0.03880978848212485,-0.016678566460369373,76.0
206695,Sam Waters,Army,RG,OL,62,sam waters,-0.03067499198849645,-0.02074288879986884,91.0
206696,Nick Buchys,Army,DT,DT,65,nick buchys,-0.12171445252026195,-0.08054105264839743,211.0
206697,Grayson Baker,Army,LEDG,EDGE,68,grayson baker,-0.07795361170884468,-0.03502400046803806,220.0
206698,Tex Brannan,Army,TE,TE,67,tex brannan,-0.02517316867960874,0.02676794636182461,156.0
206699,Noah Prior,Army,TE,TE,65,noah prior,-0.03004295177996405,-0.017557106818081036,37.5
206701,Campbell Sager,Army,REDG,EDGE,64,campbell sager,-0.02159752913031734,-0.014377549057999863,37.0
206705,Elliot Demaine,Wake Forest,RT,OL,71,elliot demaine,-0.1128687495063093,-0.056495878111516316,516.5
206706,Will Loerzel,Wake Forest,TE,TE,70,will loerzel,-0.028575459910998104,-0.003936725852882284,74.0
206707,Ashton Hampton,Texas Tech,CB,CB,72,ashton hampton,-0.09208443024018484,-0.04982953309364498,230.0
206709,Abe Ibrahim,Pittsburgh,MIKE,LB,71,abe ibrahim,0.004290837619808059,0.026422059641563536,76.0
206710,Beau Jackson,Pittsburgh,QB,QB,68,beau jackson,-0.02685966579419646,-0.006797016228322612,22.0
206712,Michael Bennett III,Oregon,RT,OL,77,michael bennett,0.0011950890752751844,0.011127192263902796,91.0
206723,Colin Page,North Texas,HB,RB,67,colin page,-0.08603034573520478,-0.0670926890471599,27.0
206724,Keenan Jackson,North Texas,HB,RB,69,keenan jackson,-0.08860537765369318,-0.05283424835405284,51.0
206725,Pete Schuh,Marshall,SS,SAF,70,pete schuh,-0.10606900406739278,-0.038001876272640525,370.5
206726,Sean Dugery,UL Monroe,C,OL,70,sean dugery,0.003100945741509386,0.08201205129511119,723.0
206728,Jason Fowler,Northern Illinois,TE,TE,73,jason fowler,0.05139695950372795,0.14146152116211078,270.5
206729,Elijah Porter,Northern Illinois,HB,RB,75,elijah porter,-0.41480381385123116,-0.24681978508135152,239.5
206730,Ryan Boultwood,San José State,TE,TE,69,ryan boultwood,-0.11762180924111981,-0.027557247582736977,270.5
206732,Etu Finau,San José State,LEDG,EDGE,69,etu finau,-0.04920420456015791,-0.006274593319351292,220.0
206734,Chewy Wade,Utah State,LT,OL,69,chewy wade,-0.02307105448482127,-0.01313895129619366,91.0
206735,Eli Wood,Utah State,WR,WR,71,eli wood,-0.015085879218593579,-0.0066929339223538095,37.5
206737,Tony Newsome Jr.,Western Kentucky,CB,CB,73,tony newsome,-0.11935501713665438,0.0018063075074457868,659.5
206739,Javin Griffin,Western Kentucky,DT,DT,69,javin griffin,-0.059981619728594934,-0.03695573733579866,118.0
206741,Brody Riffe,Western Kentucky,LT,OL,69,brody riffe,-0.02144622219726692,-0.011514119008639304,91.0
206742,Nigel Johnson,Western Kentucky,WR,WR,69,nigel johnson,-0.02227508249250119,-0.013882137196261421,37.5
206743,Riley Neer,Ohio,WR,WR,71,riley neer,-0.04042729187603766,-0.016367515360150322,107.5
206744,Blake Guffey,Ohio,WR,WR,69,blake guffey,-0.02275437783607529,-0.014361432539835522,37.5
206745,Andrew Metzger,Ohio,TE,TE,71,andrew metzger,-0.05598185399369032,0.034082707664692506,270.5
206746,Braden Steely,Western Michigan,FS,SAF,69,braden steely,-0.07367796642290025,-0.03601599287924515,205.0
206747,DeShawn Robinson,Western Michigan,DT,DT,68,deshawn robinson,-0.1092073173047188,-0.05115477483135532,297.5
206748,Jacob Krause,Western Michigan,LT,OL,68,jacob krause,-0.01059110795925584,-0.0006590047706282278,91.0
206749,Derrick Eley,Charlotte,WR,WR,68,derrick eley,-0.025001108106543327,-0.01660816281030356,37.5
206752,Tylen Campbell,South Alabama,WR,WR,62,tylen campbell,-0.03390798348498931,-0.02551503818874954,37.5
206759,Lyric Smith,Sam Houston,CB,CB,68,lyric smith,-0.2194628425689583,-0.1209905605231089,536.0
206760,Joshua Barnes,New Mexico,FS,SAF,67,joshua barnes,-0.026508370110566414,-0.008228534171085041,99.5
206761,Cole Millward,New Mexico,LG,OL,66,cole millward,-0.022854911348153848,-0.012922808159526235,91.0
206762,Miles Williams,New Mexico,WR,WR,73,miles williams,-0.06190908086584149,0.0014296796364479773,283.0
206763,Witt Edwards,Missouri State,WR,WR,74,witt edwards,-0.046892338592499534,-0.022832562076612193,107.5
206767,Daijon Calimon,Nevada,WR,WR,68,daijon calimon,-0.1715786356153742,-0.10823987511308475,283.0
206768,Landon Collins,Middle Tennessee,WR,WR,67,landon collins,-0.03444119337261089,-0.026048248076371117,37.5
206769,Kai Rios,Michigan State,TE,TE,72,kai rios,0.03425419685976111,0.08619531190119446,156.0
206771,Joe Stein,Northern Illinois,TE,TE,69,joe stein,-0.004596937962442773,0.020041796095673046,74.0
206772,Kenji Scanlan,UNLV,LEDG,EDGE,67,kenji scanlan,-0.07453692099206186,-0.031607309751255246,220.0
206773,Leroy Jackson,North Carolina,DT,DT,79,leroy jackson,0.10662938989405361,0.1830245844430345,391.5
206774,Xavier Lewis,North Carolina,DT,DT,74,xavier lewis,0.02894212735521431,0.08699466982857781,297.5
206779,Adam Hrynciw,Air Force,WR,WR,70,adam hrynciw,-0.11262729742584394,-0.02175967635188805,406.0
206780,Gionni McBride,Missouri State,CB,CB,67,gionni mcbride,-0.017013357561849074,-0.01039954757369501,36.0
206782,Amare Whetsell,Missouri State,WR,WR,70,amare whetsell,-0.01815114799528356,-0.009758202699043789,37.5
206785,Nick Leonard,Buffalo,TE,TE,61,nick leonard,-0.03619592698763726,-0.023710082025754243,37.5
206786,Mackenzie Alleyne,Oklahoma,WR,WR,71,mackenzie alleyne,-0.01316105237233696,-0.00476810707609719,37.5
206787,Bergin Kysar,Oklahoma,DT,DT,70,bergin kysar,-0.008732649432332545,-0.000732130973818585,41.0
206790,Ryan Ayers,Marshall,MIKE,LB,65,ryan ayers,-0.15042193273649102,-0.09815148072458169,179.5
206791,Logan Inagawa,Massachusetts,QB,QB,69,logan inagawa,-0.06898689241826839,0.024942785094686455,103.0
206792,Sharvon Pierre,Troy,RG,OL,71,sharvon pierre,-0.10104648265775253,-0.04467361126295953,516.5
206794,Alexander Kocher,Florida Atlantic,LEDG,EDGE,67,alexander kocher,-0.013561835439692067,-0.006341855367374591,37.0
206795,Tito Nunez,Florida Atlantic,MIKE,LB,64,tito nunez,-0.012634242217698082,-0.0036070332351399257,31.0
206796,Mason Howard,UConn,LT,OL,68,mason howard,-0.014541741355013554,-0.004609638166385941,91.0
206798,Eli Gilmour,Wake Forest,TE,TE,62,eli gilmour,-0.05602964429128559,-0.049869960776756636,18.5
206801,Eli Potts,Wake Forest,WR,WR,69,eli potts,-0.023741180184837816,-0.015348234888598046,37.5
206802,Jake Furtney,Ohio,TE,TE,69,jake furtney,-0.08820853355160223,-0.03626741851016888,156.0
206804,Cody Raymond,Ohio,MIKE,LB,57,cody raymond,-0.048183073859283145,-0.026051851837527666,76.0
206805,Seth Anstead,Ohio,LG,OL,59,seth anstead,-0.039545974763326205,-0.02961387157469859,91.0
206806,Lance Blakely,Ohio,RG,OL,67,lance blakely,-0.030328847273235877,-0.020396744084608263,91.0
206817,Connor Barry,Penn State,QB,QB,71,connor barry,-0.02629648466018439,0.00607733623020296,35.5
206820,Armstrong Nnodim,Penn State,DT,DT,73,armstrong nnodim,-0.0037865575768431746,0.004213960881670785,41.0
206822,Matt Fuller,South Carolina,HB,RB,79,matt fuller,0.05061934119442918,0.13618949363670607,122.0
206823,Zahbari Sandy,South Carolina,CB,CB,71,zahbari sandy,-0.007408709316443316,-0.0007948993282892504,36.0
206845,Ahmed Tounkara,Western Michigan,DT,DT,67,ahmed tounkara,-0.06427666727924988,-0.04125078488645361,118.0
206846,Ryan Brotherton,Western Michigan,TE,TE,63,ryan brotherton,-0.01068301921482535,-0.004523335700296395,18.5
206848,Emazon Littlejohn,Western Michigan,WR,WR,62,emazon littlejohn,-0.044790410500989586,-0.03639746520474982,37.5
206856,Ryan Grayson,Coastal Carolina,CB,CB,61,ryan grayson,-0.02892091934177705,-0.02230710935362299,36.0
206859,Nolan Korzeniowski,Coastal Carolina,DT,DT,66,nolan korzeniowski,-0.07210925685117425,-0.049083374458377974,118.0
206868,Jordan Lessard,Colorado State,CB,CB,68,jordan lessard,-0.06727658540204123,-0.045046835164078966,121.0
206869,Samir Senenat,Northern Illinois,RG,OL,63,samir senenat,-0.02909252472672054,-0.019160421538092928,91.0
206870,Jason Evans,Northern Illinois,TE,TE,65,jason evans,-0.011834588633189355,-0.0056749051186604,18.5
206872,Ean Hamric,Northern Illinois,QB,QB,65,ean hamric,-0.04356000172769669,-0.011186180837309339,35.5
206876,Jashawn Nelson,Northern Illinois,WILL,LB,65,jashawn nelson,-0.08603017281785147,0.00467871744237,311.5
206877,Jaylen Garrison,Fresno State,WR,WR,68,jaylen garrison,-0.02115734037897745,-0.012764395082737683,37.5
206878,Malik Jackson,Georgia State,C,OL,65,malik jackson,-0.02341826879307326,-0.013486165604445648,91.0
206879,Keron Milton,Georgia State,WR,WR,66,keron milton,-0.034737187379520876,-0.026344242083281108,37.5
206880,Isaiah Stone,Georgia State,WR,WR,66,isaiah stone,-0.03150347816156865,-0.02311053286532888,37.5
206881,Jackson Tolley,Georgia State,TE,TE,63,jackson tolley,-0.03472600947726664,-0.02224016451538362,37.5
206889,Dailen Howard,Tulsa,DT,DT,70,dailen howard,-0.039675719360876265,-0.01664983696807999,118.0
206890,Sam Stone,Tulsa,MIKE,LB,64,sam stone,-0.021481949086672034,-0.012454740104113878,31.0
206891,Haydon Caston,Missouri State,FS,SAF,69,haydon caston,-0.13586994128227603,-0.06780281348752377,370.5
206892,Joshua Davis,Missouri State,DT,DT,72,joshua davis,-0.03024541190227936,0.01092798796958517,211.0
206893,Brycen Dorsey,Missouri State,WR,WR,67,brycen dorsey,-0.02752939311436956,-0.01913644781812979,37.5
206896,Nelson Ramirez,UAB,RT,OL,69,nelson ramirez,-0.021735627006618616,-0.011803523817991001,91.0
206899,Enoch Watson,BYU,QB,QB,70,enoch watson,-0.02506372924367352,0.007310091646713832,35.5
206901,Tyler Lassiter,Southern Miss,MIKE,LB,66,tyler lassiter,-0.0037155644201956176,0.018415657601559863,76.0
206902,Marrio Williams Jr.,Southern Miss,WILL,LB,68,marrio williams,-0.12122346980756353,-0.030514579547342054,311.5
206903,Wesley Edison,Southern Miss,MIKE,LB,66,wesley edison,-0.00998425809724384,-0.0009570491146856856,31.0
206904,A'mari Wilson,Southern Miss,LEDG,EDGE,70,amari wilson,-0.15239122688067827,-0.04984799639411519,525.5
206916,Chibi Anwunah,Michigan,DT,DT,72,chibi anwunah,-0.014951313400566197,0.008074568992230077,118.0
206917,Deakon Tonielli,Michigan,TE,TE,72,deakon tonielli,-0.001459238419038181,0.05048187662239517,156.0
206919,Caleb Heavner,Miami (OH),QB,QB,68,caleb heavner,-0.11246027913517667,-0.018530601622221813,103.0
206920,Kam Bell,Jacksonville State,TE,TE,67,kam bell,-0.04082943400479065,-0.01619069994667483,74.0
206921,David Alpers III,Jacksonville State,TE,TE,72,david alpers,-0.05689687234532008,0.03316768931306275,270.5
206924,Isaac Bunker,Navy,RG,OL,67,isaac bunker,-0.14542701877058586,-0.08905414737579287,516.5
206936,Nolan McCamy,Navy,MIKE,LB,62,nolan mccamy,-0.16132624783062693,-0.10905579581871763,179.5
206942,Quinton Ezzard,Navy,FB,RB,72,quinton ezzard,-0.0538756697892951,-0.018104540489654763,51.0
206944,Charles Robinson,Navy,HB,RB,75,charles robinson,-0.05921000040685691,0.02636015203541998,122.0
206949,Jack Wills,Nebraska,TE,TE,70,jack wills,-0.05253292176906103,-0.02789418771094522,74.0
206951,Jake Peters,Nebraska,C,OL,68,jake peters,-0.019945893965696265,-0.01001379077706865,91.0
206954,Terrione Graves,New Mexico State,WR,WR,68,terrione graves,-0.018304596255687988,-0.009911650959448218,37.5
206955,Evan Blaettler,New Mexico State,RG,OL,67,evan blaettler,-0.12707831329523708,-0.0707054419004441,516.5
206956,Jerome Simmons,Oregon,DT,DT,77,jerome simmons,0.010689579633035455,0.033715462025831734,118.0
206958,Antonio Harris,Purdue,HB,RB,66,antonio harris,-0.05003252932206537,-0.03109487263402048,27.0
206959,Charlie Mirer,Stanford,QB,QB,68,charlie mirer,-0.03362256874969593,-0.0012487478593085802,35.5
206960,Charlie Eckhardt,Stanford,SS,SAF,72,charlie eckhardt,-0.0455549918984916,-0.0078930183548365,205.0
206961,Brendan Delaney,Stanford,DT,DT,71,brendan delaney,-0.0542988562337652,-0.013125456361900675,211.0
206962,Drew Cunningham,Stanford,MIKE,LB,69,drew cunningham,-0.0033796558608146132,0.005647553121743542,31.0
206963,Connor Bachhuber,Stanford,DT,DT,70,connor bachhuber,-0.011708229227673197,-0.0037077107691592375,41.0
206964,Carson Caplan,Stanford,C,OL,68,carson caplan,-0.014666871325583192,-0.004734768136955579,91.0
206966,Joe Pitchford,TCU,TE,TE,66,joe pitchford,-0.04064596986597229,-0.016007235807856467,74.0
206968,Danny Boden,UNLV,WR,WR,68,danny boden,-0.014049036323680004,-0.005656091027440234,37.5
206969,Herb Gray,UNLV,DT,DT,72,herb gray,-0.04611889220867105,0.011933650264692446,297.5
206971,Lester Jones,Louisiana,LEDG,EDGE,68,lester jones,-0.19657666382289568,-0.0940334333363326,525.5
206972,Hayden Darbonne,Louisiana,MIKE,LB,64,hayden darbonne,-0.015335330263882998,-0.006308121281324843,31.0
206973,Teddy Gawlik,Louisiana,TE,TE,66,teddy gawlik,-0.017398159476057058,-0.004912314514174043,37.5
206974,Omarion Brown,Louisiana,HB,RB,71,omarion brown,-0.07806689312503892,-0.04229576382539858,51.0
206978,John Shepard,Utah State,CB,CB,71,john shepard,-0.011572571081577195,-0.00495876109342313,36.0
206979,Jackson Nelson,Utah State,RT,OL,68,jackson nelson,-0.030565349609532923,-0.02063324642090531,91.0
206981,Whit Muschamp,Vanderbilt,QB,QB,68,whit muschamp,-0.04377989312748559,-0.01140607223709824,35.5
206982,Jamezell Lassiter,Vanderbilt,HB,RB,74,jamezell lassiter,-0.015364923668741749,0.0035727330193031357,27.0
206984,Hayden Bray,Vanderbilt,DT,DT,73,hayden bray,-0.013244602730905795,-0.005244084272391836,41.0
206985,Jamison Curtis,Vanderbilt,MIKE,LB,70,jamison curtis,-0.030395679648099545,0.021874772363809778,179.5
206986,Jailen Ruth,Vanderbilt,SS,SAF,70,jailen ruth,-0.009859924853363443,-0.0028786809769785963,38.0
206989,Jonathan Agumadu,North Carolina,WILL,LB,74,jonathan agumadu,0.024666423422345648,0.11537531368256713,311.5
206991,Marcus Roser,Air Force,RT,OL,71,marcus roser,-0.0063868513895226475,0.0035452517991049655,91.0
206992,Brody Smith,Air Force,RG,OL,67,brody smith,-0.01746314091201706,-0.007531037723389448,91.0
206994,Johnique Thomas,Air Force,C,OL,68,johnique thomas,-0.010591252378487539,-0.0006591491898599268,91.0
207017,Jake Helms,Air Force,TE,TE,59,jake helms,-0.0599720284750141,-0.03533329441689828,74.0
207018,Jake Kepler,Air Force,SAM,LB,67,jake kepler,0.002260300570048732,0.011287509552606888,31.0
232325,Davion Godley,Sacramento State,HB,RB,75,davion godley,-0.045785966700366346,-0.010014837400726014,51.0
235558,Logan Conklin,North Dakota State,WR,WR,66,logan conklin,-0.02032659613556894,-0.011933650839329171,37.5
236370,Luke Slater,Sacramento State,C,OL,60,luke slater,-0.03937945628861557,-0.029447353099987958,91.0
248862,Austin Chambers,Sacramento State,DT,DT,72,austin chambers,-0.07599340765119302,-0.01794086517782952,297.5
268698,Logan Larson,North Dakota State,DT,DT,77,logan larson,0.01449480089656675,0.09088999544554761,391.5
273170,Obald Niyonkuru,North Dakota State,DT,DT,68,obald niyonkuru,-0.04218687862337917,-0.019160996230582893,118.0
277524,Giovanni Kovacs,Sacramento State,RG,OL,65,giovanni kovacs,-0.03342826735553139,-0.023496164166903772,91.0
292974,Mekhi Collins,North Dakota State,WR,WR,71,mekhi collins,-0.11305530411512348,-0.022187683041167573,406.0
304051,Matthew Stenbroten,North Dakota State,LEDG,EDGE,76,matthew stenbroten,0.03420824637234158,0.13675147685890465,525.5
308226,Luke Kokat,North Dakota State,TE,TE,65,luke kokat,-0.04038147613148057,-0.01574274207336475,74.0
315200,Kobi Albert,Southern Miss,FS,SAF,70,kobi albert,-0.2428628275463499,-0.13456168899032708,589.5
315201,Collins Acheampong,UTSA,LEDG,EDGE,74,collins acheampong,0.003832477184499795,0.08813062289372006,432.0
315202,Jaden Allen,North Texas,CB,CB,68,jaden allen,-0.022920369221427348,-0.016306559233273284,36.0
315203,Ben Anderson,Oklahoma,TE,TE,60,ben anderson,-0.012958454114062504,-0.00829707199495951,14.0
315207,TyLyric Coleman,Virginia,WR,WR,68,tylyric coleman,-0.033143175930388784,-0.024750230634149016,37.5
315208,Payton Stewart,Colorado State,RT,OL,66,payton stewart,-0.025734397522149767,-0.015802294333522156,91.0
320514,Najee Nelson,North Dakota State,CB,CB,68,najee nelson,-0.17269445372768907,-0.10389245815647526,374.5
327740,Marion Moore,North Dakota State,CB,CB,66,marion moore,-0.11246180057709966,-0.0702069034305598,230.0
330163,Myles Mitchell,North Dakota State,HB,RB,78,myles mitchell,-0.1490398186625789,0.018944210107300734,239.5
342238,Derek Houston,Sacramento State,SAM,LB,73,derek houston,0.021139781305567058,0.11184867156578852,311.5
348050,Jacob Kilzer,North Dakota State,WR,WR,67,jacob kilzer,-0.017344677596483466,-0.008951732300243697,37.5
354730,Boogsie Silvera,Sacramento State,FS,SAF,72,boogsie silvera,-0.13284512821841224,-0.008468757052292736,677.0
357074,Xavier Williams,Sacramento State,LEDG,EDGE,76,xavier williams,0.0029702731965322534,0.10551350368309532,525.5
357779,Malikai Nichols,Sacramento State,CB,CB,71,malikai nichols,-0.2647022976668507,-0.16623001562100131,536.0
398942,Kellan Sutton,Sacramento State,TE,TE,61,kellan sutton,-0.04002627100920179,-0.027540426047318774,37.5
399938,KJ Jefferson,Sacramento State,SS,SAF,66,kj jefferson,-0.022122719261463385,-0.015141475385078536,38.0
400000,Wahkeem Roman,Delaware,LG,OL,66,wahkeem roman,-0.025869028249694965,-0.015936925061067354,91.0
400502,Oliver Lucht,North Dakota State,WILL,LB,67,oliver lucht,-0.009076996553044041,0.013054225468711437,76.0
400861,Nikko Klemm,Sacramento State,CB,CB,70,nikko klemm,-0.05286595463800248,-0.0306362044000402,121.0
423159,EJ Davis,North Dakota State,CB,CB,71,ej davis,-0.04824080362726424,0.050231478418585176,536.0
430948,Cedric Anton,Sacramento State,TE,TE,69,cedric anton,-0.010952733246827114,0.013686000811288707,74.0
450694,Isiah St. Romain,North Dakota State,WR,WR,68,isiah st romain,-0.0841826385731128,-0.04579890208497626,171.5
461314,Miles Tucker,Sacramento State,SS,SAF,70,miles tucker,-0.17113080028926939,-0.06282966173324657,589.5
470210,Griffin Empey,North Dakota State,LG,OL,87,griffin empey,0.2233346994952572,0.31059532036677123,799.5
493492,Thomas Roberts,North Dakota State,LEDG,EDGE,65,thomas roberts,-0.04713012419877637,-0.024592078297352903,115.5
494529,Lagarion Wilson,Sacramento State,CB,CB,65,lagarion wilson,-0.022075597057105933,-0.01546178706895187,36.0
502434,Cade Osterman,North Dakota State,WR,WR,66,cade osterman,-0.018751092772989603,-0.010358147476749834,37.5
505272,Barry Kpeenu,North Dakota State,HB,RB,66,barry kpeenu,-0.19218192917440916,-0.10661177673213226,122.0
532109,Chris Kiel,North Dakota State,WR,WR,68,chris kiel,-0.12264727853112634,-0.059308518028836875,283.0
548890,Elias Brown,Sacramento State,HB,RB,74,elias brown,-0.017032315377634954,0.002256038656484836,27.5
589324,Jack Liwienski,North Dakota State,RG,OL,71,jack liwienski,-0.07825204226049325,-0.02187917086570025,516.5
611691,Brandon Sousa,Sacramento State,C,OL,64,brandon sousa,-0.023355620499294405,-0.013423517310666794,91.0
612611,Naytel Mitchell,Sacramento State,FS,SAF,69,naytel mitchell,-0.07337294719420012,-0.03571097365054502,205.0
614031,Kegan Huber,North Dakota State,CB,CB,63,kegan huber,-0.017097930615218603,-0.010484120627064537,36.0
625104,Chase Balser,North Dakota State,TE,TE,61,chase balser,-0.013020597638509294,-0.0083592155194063,14.0
635457,Jackson Williams,North Dakota State,WR,WR,76,jackson williams,-0.02152732565954233,0.10347160628578865,558.5
659028,Alex Rocha,Sacramento State,MIKE,LB,74,alex rocha,0.04787320849088081,0.1952205551094107,506.0
673147,Kenyon Shabazz,Sacramento State,WR,WR,67,kenyon shabazz,-0.07778554987132695,-0.05372577335543961,107.5
681808,Donovan Woolen,North Dakota State,MIKE,LB,78,donovan woolen,0.2592704822395594,0.44986107188744046,654.5
699484,Josh Magin,North Dakota State,RT,OL,78,josh magin,0.025073131402358142,0.10982344047894431,776.5
717162,Chase Evink,North Dakota State,DT,DT,66,chase evink,-0.01958060159175399,-0.011580083133240028,41.0
718565,Curron Borders,Sacramento State,HB,RB,74,curron borders,-0.023414621073490207,-0.004476964385445323,27.0
735022,Jace Wilson,Sacramento State,WR,WR,72,jace wilson,-0.16248611285487824,-0.07161849178092235,406.0
742784,Trey Drake,North Dakota State,QB,QB,66,trey drake,-0.049562471160504676,-0.017188650270117324,35.5
756905,Gavin Sell,North Dakota State,MIKE,LB,65,gavin sell,-0.013070915783240966,-0.004043706800682809,31.0
763931,Dylan Vokal,North Dakota State,WR,WR,67,dylan vokal,-0.02074562236373809,-0.01235267706749832,37.5
764896,Warren Smith Jr.,Sacramento State,FS,SAF,68,warren smith,-0.057561110612010906,-0.03928127467252954,99.5
777099,Bryson Summers,Sacramento State,LT,OL,77,bryson summers,0.04734686484835709,0.1346074857198711,799.5
786999,John Gores,North Dakota State,WR,WR,68,john gores,-0.04212804148354448,-0.018068264967657136,107.5
796945,Keenan Wilson,North Dakota State,DT,DT,80,keenan wilson,0.11744395846165614,0.2096450553311158,472.5
807973,Diego Davis,Sacramento State,MIKE,LB,71,diego davis,0.007486789968134923,0.0296180119898904,76.0
811022,Jaxon Moore,Sacramento State,LT,OL,64,jaxon moore,-0.03811781030206317,-0.028185707113435557,91.0
815967,Jaylin Crumby,North Dakota State,FS,SAF,75,jaylin crumby,-0.027706806620873416,0.0805943319351494,589.5
821359,Hudson Artz,North Dakota State,FS,SAF,65,hudson artz,-0.016429283758212024,-0.009448039881827177,38.0
835721,Jackson Sharman,Sacramento State,QB,QB,67,jackson sharman,-0.12038563011438272,-0.026455952601427867,103.0
883048,Isiah Chala,Sacramento State,DT,DT,70,isiah chala,-0.018291145412129714,-0.010290626953615755,41.0
899725,Fata Puloka,Sacramento State,REDG,EDGE,73,fata puloka,0.04665979616136628,0.13095794187058654,432.0
903765,Noah Taylor,North Dakota State,SAM,LB,69,noah taylor,-0.04287563372298468,0.047833256537236794,311.5
911789,Jacob Wrbanek,North Dakota State,MIKE,LB,65,jacob wrbanek,-0.011269600293961164,-0.002242391311403008,31.0
919312,Coy Okeson,North Dakota State,LG,OL,66,coy okeson,-0.020017478003548347,-0.010085374814920736,91.0
924000,Will Steil,North Dakota State,FS,SAF,70,will steil,-0.050443362383808844,-0.01278138884015375,205.0
924706,Jett Zabel,North Dakota State,TE,TE,63,jett zabel,-0.019279912370980173,-0.006794067409097158,37.5
928182,Bryant Collins,Sacramento State,HB,RB,76,bryant collins,-0.16334829492448902,0.004635733845390604,239.5
931231,Adam Taylor,Sacramento State,CB,CB,70,adam taylor,-0.15443789182961462,-0.0856358962584008,374.5
936993,Anthony Okes,North Dakota State,REDG,EDGE,69,anthony okes,-0.08982846965320429,-0.029727013916075025,308.0
939550,Ray James Jr.,North Dakota State,SAM,LB,67,ray james,-0.005129737022953332,0.0038974719596048236,31.0
959354,Zach Vanderpool,North Dakota State,DT,DT,76,zach vanderpool,-0.0028817633220826356,0.03829163654978189,211.0
964242,Zander Smith,North Dakota State,QB,QB,66,zander smith,-0.03004194084821252,-0.009979291282338671,22.0
973478,Alijah Wayne,North Dakota State,DT,DT,76,alijah wayne,0.003847891737924237,0.061900434211287735,297.5
976439,Vae Soifua,Sacramento State,RG,OL,75,vae soifua,-0.015584736477692242,0.06916557259889394,776.5
979084,Kendrick Carter,North Dakota State,CB,CB,64,kendrick carter,-0.07366725239129635,-0.051437502153334064,121.0
991987,Kyle Koontz,Sacramento State,TE,TE,71,kyle koontz,0.018628655772102293,0.07056977081353565,156.0
1017486,Ryan Babatz,North Dakota State,LT,OL,73,ryan babatz,-0.05236308998604517,0.018307644240728227,647.5
1032823,Preston Brown,North Dakota State,QB,QB,68,preston brown,-0.08006367909578424,0.013865998417170615,103.0
1033038,Keith Williams,North Dakota State,WILL,LB,78,keith williams,0.18852860599629298,0.3358759526148229,506.0
1034146,Hayden Frazier,Sacramento State,LG,OL,68,hayden frazier,-0.14290328335951177,-0.08653041196471879,516.5
1035983,Miles Bailey,Sacramento State,DT,DT,74,miles bailey,0.014853732066176944,0.09124892661515781,391.5
