variant,season,y,p,margin,pred_margin,home,prob_resid,margin_resid,p_bucket
configured,2022,1,0.1683078290616056,3.0,-16.432389229474865,0,0.8316921709383944,19.432389229474865,"(-0.001, 0.2]"
configured,2022,1,0.7613478915339225,32.0,11.740587534958747,1,0.23865210846607754,20.25941246504125,"(0.65, 0.8]"
configured,2022,1,0.8727855582230704,11.0,20.134355217734452,1,0.12721444177692964,-9.134355217734452,"(0.8, 1.0]"
configured,2022,1,0.7431359600200032,30.0,11.247318039513729,1,0.25686403997999685,18.75268196048627,"(0.65, 0.8]"
configured,2022,0,0.3686699022315155,-18.0,-5.9932311052323755,1,-0.3686699022315155,-12.006768894767625,"(0.35, 0.5]"
configured,2022,0,0.28297114737944995,-11.0,-10.668656704837602,1,-0.28297114737944995,-0.331343295162398,"(0.2, 0.35]"
configured,2022,0,0.5096857735187376,-53.0,0.8240985155005789,1,-0.5096857735187376,-53.82409851550058,"(0.5, 0.65]"
configured,2022,1,0.7613546199393242,7.0,12.012794215581058,1,0.23864538006067582,-5.012794215581058,"(0.65, 0.8]"
configured,2022,1,0.823881464165932,14.0,15.662217101866965,1,0.176118535834068,-1.6622171018669647,"(0.8, 1.0]"
configured,2022,1,0.939230458166066,49.0,27.312062166866653,1,0.060769541833934015,21.687937833133347,"(0.8, 1.0]"
configured,2022,1,0.8993176796112614,28.0,22.72692253470046,1,0.10068232038873859,5.27307746529954,"(0.8, 1.0]"
configured,2022,0,0.503616846725752,-4.0,0.00919687559479998,1,-0.503616846725752,-4.0091968755947995,"(0.5, 0.65]"
configured,2022,1,0.9664542021921944,38.0,32.45194105145137,1,0.033545797807805644,5.548058948548629,"(0.8, 1.0]"
configured,2022,1,0.7192867247996897,22.0,9.138495464044256,1,0.2807132752003103,12.861504535955744,"(0.65, 0.8]"
configured,2022,1,0.5432084071830217,3.0,0.5267880681653874,1,0.45679159281697834,2.4732119318346126,"(0.5, 0.65]"
configured,2022,1,0.5299878704984653,30.0,1.6650122374785308,1,0.4700121295015347,28.334987762521468,"(0.5, 0.65]"
configured,2022,1,0.34156043365300925,3.0,-6.928017070730686,1,0.6584395663469907,9.928017070730686,"(0.2, 0.35]"
configured,2022,0,0.19412882508556997,-25.0,-15.256932203341535,1,-0.19412882508556997,-9.743067796658465,"(-0.001, 0.2]"
configured,2022,1,0.9749047548831966,44.0,35.108545625288286,1,0.02509524511680339,8.891454374711714,"(0.8, 1.0]"
configured,2022,0,0.25158463034141887,-1.0,-12.296921582700417,1,-0.25158463034141887,11.296921582700417,"(0.2, 0.35]"
configured,2022,0,0.6847641106048445,-2.0,7.92658018084391,1,-0.6847641106048445,-9.92658018084391,"(0.65, 0.8]"
configured,2022,1,0.8036864560717901,21.0,14.257212892373543,1,0.19631354392820988,6.742787107626457,"(0.8, 1.0]"
configured,2022,0,0.5436201002704387,-1.0,1.5464836396248973,1,-0.5436201002704387,-2.5464836396248973,"(0.5, 0.65]"
configured,2022,1,0.907372013835326,28.0,24.342024041941354,1,0.09262798616467405,3.657975958058646,"(0.8, 1.0]"
configured,2022,1,0.5628764746130813,7.0,1.683813107339678,1,0.4371235253869187,5.316186892660322,"(0.5, 0.65]"
configured,2022,1,0.9009778850422108,32.0,23.423310576740278,1,0.09902211495778923,8.576689423259722,"(0.8, 1.0]"
configured,2022,1,0.8947584367796566,46.0,22.529990563752076,0,0.10524156322034339,23.470009436247924,"(0.8, 1.0]"
configured,2022,0,0.745210411830244,-18.0,11.633614625840876,1,-0.745210411830244,-29.633614625840877,"(0.65, 0.8]"
configured,2022,1,0.37229180437757053,3.0,-5.254740423675907,1,0.6277081956224295,8.254740423675907,"(0.35, 0.5]"
configured,2022,0,0.3069249783702297,-2.0,-9.358116980353788,1,-0.3069249783702297,7.358116980353788,"(0.2, 0.35]"
configured,2022,0,0.40754059111043983,-29.0,-4.008072171545493,1,-0.40754059111043983,-24.991927828454507,"(0.35, 0.5]"
configured,2022,1,0.5671046718172378,18.0,3.8502571320285375,1,0.4328953281827622,14.149742867971462,"(0.5, 0.65]"
configured,2022,1,0.5469846596892114,24.0,2.733424647258097,1,0.4530153403107886,21.266575352741903,"(0.5, 0.65]"
configured,2022,1,0.8856983194486636,52.0,21.620707570683653,1,0.11430168055133638,30.379292429316347,"(0.8, 1.0]"
configured,2022,1,0.3261062725627311,3.0,-7.442769956486707,1,0.6738937274372689,10.442769956486707,"(0.2, 0.35]"
configured,2022,1,0.730479728400925,24.0,10.566432956049733,1,0.269520271599075,13.433567043950267,"(0.65, 0.8]"
configured,2022,1,0.9280043671115207,32.0,26.009173909549283,1,0.07199563288847932,5.990826090450717,"(0.8, 1.0]"
configured,2022,1,0.6885181476660768,10.0,8.578754390739917,1,0.3114818523339232,1.4212456092600831,"(0.65, 0.8]"
configured,2022,0,0.3879587564879414,-2.0,-6.201837071728503,1,-0.3879587564879414,4.201837071728503,"(0.35, 0.5]"
configured,2022,1,0.313529277313201,3.0,-7.82887491431879,1,0.686470722686799,10.82887491431879,"(0.2, 0.35]"
configured,2022,1,0.9007550938064365,26.0,23.507277597012145,1,0.09924490619356352,2.492722402987855,"(0.8, 1.0]"
configured,2022,1,0.9721632461167615,55.0,34.477983281202725,1,0.027836753883238474,20.522016718797275,"(0.8, 1.0]"
configured,2022,1,0.7923961451379411,11.0,13.559878358801095,1,0.2076038548620589,-2.559878358801095,"(0.65, 0.8]"
configured,2022,1,0.373927135113839,21.0,-5.651389478642653,1,0.626072864886161,26.651389478642653,"(0.35, 0.5]"
configured,2022,0,0.35183928736699127,-38.0,-7.1714466373695895,1,-0.35183928736699127,-30.82855336263041,"(0.35, 0.5]"
configured,2022,1,0.9131513187540978,42.0,24.726983320556727,1,0.08684868124590217,17.273016679443273,"(0.8, 1.0]"
configured,2022,1,0.3835752245485805,24.0,-5.522849283278521,1,0.6164247754514195,29.52284928327852,"(0.35, 0.5]"
configured,2022,1,0.674515457411289,17.0,7.558767706770521,1,0.32548454258871096,9.44123229322948,"(0.65, 0.8]"
configured,2022,1,0.78233360310992,25.0,12.957312256931404,1,0.21766639689008005,12.042687743068596,"(0.65, 0.8]"
configured,2022,0,0.329756052749082,-32.0,-8.12564492080306,1,-0.329756052749082,-23.87435507919694,"(0.2, 0.35]"
configured,2022,1,0.4981080403185193,1.0,0.3969673293110725,0,0.5018919596814807,0.6030326706889275,"(0.35, 0.5]"
configured,2022,0,0.07036140061355786,-31.0,-26.12208398851856,0,-0.07036140061355786,-4.877916011481439,"(-0.001, 0.2]"
configured,2022,0,0.47336293001437313,-6.0,-1.373934431931065,1,-0.47336293001437313,-4.626065568068935,"(0.35, 0.5]"
configured,2022,0,0.1007468564253749,-17.0,-22.813177442273723,1,-0.1007468564253749,5.813177442273723,"(-0.001, 0.2]"
configured,2022,1,0.9276117890948672,36.0,25.50965390568184,1,0.07238821090513281,10.49034609431816,"(0.8, 1.0]"
configured,2022,0,0.12117166484407607,-20.0,-20.905960915651804,1,-0.12117166484407607,0.9059609156518036,"(-0.001, 0.2]"
configured,2022,1,0.7624512499280445,14.0,12.175761577398136,1,0.23754875007195553,1.824238422601864,"(0.65, 0.8]"
configured,2022,0,0.5224991545765937,-8.0,0.7350536958142979,1,-0.5224991545765937,-8.735053695814297,"(0.5, 0.65]"
configured,2022,0,0.77223179298042,-7.0,12.24658995047202,1,-0.77223179298042,-19.24658995047202,"(0.65, 0.8]"
configured,2022,0,0.4682153748971909,-3.0,-1.2348282257182368,1,-0.4682153748971909,-1.7651717742817632,"(0.35, 0.5]"
configured,2022,1,0.9399628101426034,23.0,28.02616251085016,1,0.06003718985739659,-5.02616251085016,"(0.8, 1.0]"
configured,2022,0,0.20213632293048828,-1.0,-15.064569169421208,1,-0.20213632293048828,14.064569169421208,"(0.2, 0.35]"
configured,2022,1,0.9946454927785056,33.0,48.06931350298785,1,0.005354507221494442,-15.069313502987853,"(0.8, 1.0]"
configured,2022,1,0.65766655450946,28.0,6.524302171519613,1,0.34233344549054,21.475697828480385,"(0.65, 0.8]"
configured,2022,0,0.8170705632961577,-14.0,15.063216002528595,1,-0.8170705632961577,-29.063216002528595,"(0.8, 1.0]"
configured,2022,0,0.19747338930896144,-7.0,-15.467246790052137,1,-0.19747338930896144,8.467246790052137,"(-0.001, 0.2]"
configured,2022,0,0.7363466197929349,-5.0,10.989964586411759,1,-0.7363466197929349,-15.989964586411759,"(0.65, 0.8]"
configured,2022,0,0.5416888731780828,-3.0,1.4609569543579646,1,-0.5416888731780828,-4.460956954357965,"(0.5, 0.65]"
configured,2022,0,0.5928178923600269,-7.0,4.7646634794921034,1,-0.5928178923600269,-11.764663479492103,"(0.5, 0.65]"
configured,2022,0,0.23337975339253608,-24.0,-12.267796664449449,1,-0.23337975339253608,-11.732203335550551,"(0.2, 0.35]"
configured,2022,0,0.15520576544073136,-35.0,-18.48137509946075,1,-0.15520576544073136,-16.51862490053925,"(-0.001, 0.2]"
configured,2022,1,0.9289978789509695,31.0,26.23814927162028,1,0.07100212104903048,4.76185072837972,"(0.8, 1.0]"
configured,2022,0,0.9355159267322483,-3.0,26.217072174995177,1,-0.9355159267322483,-29.217072174995177,"(0.8, 1.0]"
configured,2022,1,0.30752887359126235,3.0,-8.806967666460837,1,0.6924711264087376,11.806967666460837,"(0.2, 0.35]"
configured,2022,1,0.7353321213792055,6.0,11.298093236427787,1,0.26466787862079455,-5.298093236427787,"(0.65, 0.8]"
configured,2022,0,0.6979183339095371,-3.0,7.6312861128959675,1,-0.6979183339095371,-10.631286112895967,"(0.65, 0.8]"
configured,2022,1,0.43431248111697957,21.0,-2.6632710574903506,1,0.5656875188830204,23.663271057490352,"(0.35, 0.5]"
configured,2022,1,0.9912409083890403,52.0,44.07464094068704,1,0.008759091610959668,7.92535905931296,"(0.8, 1.0]"
configured,2022,0,0.4188103991453383,-15.0,-3.1499924314270964,1,-0.4188103991453383,-11.850007568572904,"(0.35, 0.5]"
configured,2022,0,0.7945833583452204,-13.0,15.324612894544064,1,-0.7945833583452204,-28.324612894544064,"(0.65, 0.8]"
configured,2022,1,0.2918410683740342,7.0,-9.083445415629594,1,0.7081589316259658,16.083445415629594,"(0.2, 0.35]"
configured,2022,1,0.6138505551957337,18.0,4.765814145469005,1,0.3861494448042663,13.234185854530995,"(0.5, 0.65]"
configured,2022,1,0.6678064739708717,3.0,7.860056706466484,1,0.3321935260291283,-4.860056706466484,"(0.65, 0.8]"
configured,2022,1,0.915890742714727,30.0,25.03377961537579,1,0.08410925728527296,4.9662203846242114,"(0.8, 1.0]"
configured,2022,1,0.7681653949595377,28.0,13.045360024673736,1,0.23183460504046227,14.954639975326264,"(0.65, 0.8]"
configured,2022,1,0.8922625305115794,29.0,21.823726938538336,1,0.10773746948842056,7.176273061461664,"(0.8, 1.0]"
configured,2022,1,0.9147886182846567,45.0,24.835928637302448,1,0.08521138171534326,20.164071362697552,"(0.8, 1.0]"
configured,2022,0,0.05032422615326995,-34.0,-29.87826664473104,1,-0.05032422615326995,-4.121733355268962,"(-0.001, 0.2]"
configured,2022,0,0.49340344940544334,-10.0,0.07031852316028298,1,-0.49340344940544334,-10.070318523160283,"(0.35, 0.5]"
configured,2022,0,0.7952645737645558,-3.0,15.255471806125039,1,-0.7952645737645558,-18.255471806125037,"(0.65, 0.8]"
configured,2022,1,0.7980660285214793,8.0,14.567694428648663,1,0.20193397147852066,-6.567694428648663,"(0.65, 0.8]"
configured,2022,0,0.33651990396063347,-13.0,-8.826209671251428,1,-0.33651990396063347,-4.173790328748572,"(0.2, 0.35]"
configured,2022,1,0.7914220427900193,17.0,12.706064826561498,1,0.20857795720998074,4.293935173438502,"(0.65, 0.8]"
configured,2022,1,0.5579039254586586,17.0,2.971360832444156,1,0.44209607454134137,14.028639167555845,"(0.5, 0.65]"
configured,2022,1,0.9798230489509167,46.0,36.89920556589571,1,0.020176951049083347,9.100794434104287,"(0.8, 1.0]"
configured,2022,1,0.8661770516065816,7.0,18.874792756212145,1,0.13382294839341835,-11.874792756212145,"(0.8, 1.0]"
configured,2022,1,0.33707502828874003,6.0,-8.369039080950213,1,0.66292497171126,14.369039080950213,"(0.2, 0.35]"
configured,2022,0,0.6308242932780128,-3.0,5.2990652726246115,1,-0.6308242932780128,-8.299065272624611,"(0.5, 0.65]"
configured,2022,0,0.09459130754224931,-22.0,-24.2177477664364,1,-0.09459130754224931,2.2177477664364,"(-0.001, 0.2]"
configured,2022,0,0.5984650297371207,-4.0,4.297626233131574,1,-0.5984650297371207,-8.297626233131574,"(0.5, 0.65]"
configured,2022,1,0.1642376417964071,3.0,-16.646518863268216,1,0.8357623582035929,19.646518863268216,"(-0.001, 0.2]"
configured,2022,1,0.9950685493638227,59.0,49.02392868926163,1,0.004931450636177281,9.97607131073837,"(0.8, 1.0]"
configured,2022,1,0.9157777064944357,35.0,25.14453582401985,1,0.08422229350556432,9.85546417598015,"(0.8, 1.0]"
configured,2022,0,0.19537975160576987,-21.0,-14.95461097217153,0,-0.19537975160576987,-6.04538902782847,"(-0.001, 0.2]"
configured,2022,0,0.3035955484304283,-35.0,-9.101957012565421,1,-0.3035955484304283,-25.89804298743458,"(0.2, 0.35]"
configured,2022,0,0.09327019780299964,-41.0,-24.130073524148894,1,-0.09327019780299964,-16.869926475851106,"(-0.001, 0.2]"
configured,2022,1,0.44959670601728874,3.0,-2.5783450904810503,1,0.5504032939827113,5.578345090481051,"(0.35, 0.5]"
configured,2022,1,0.5226240232455057,3.0,0.4497452584724142,1,0.4773759767544943,2.550254741527586,"(0.5, 0.65]"
configured,2022,1,0.7846088919537326,12.0,13.32266967569186,1,0.21539110804626738,-1.3226696756918592,"(0.65, 0.8]"
configured,2022,1,0.7655581152930409,2.0,12.505653905753642,1,0.23444188470695915,-10.505653905753642,"(0.65, 0.8]"
configured,2022,1,0.9311952989034983,1.0,26.165469023337018,1,0.06880470109650172,-25.165469023337018,"(0.8, 1.0]"
configured,2022,1,0.8387095330563373,33.0,17.54135058474714,1,0.16129046694366267,15.45864941525286,"(0.8, 1.0]"
configured,2022,0,0.3803569957872435,-2.0,-5.782622044864446,1,-0.3803569957872435,3.7826220448644463,"(0.35, 0.5]"
configured,2022,1,0.8958820969401995,7.0,21.91098254754588,1,0.10411790305980051,-14.910982547545881,"(0.8, 1.0]"
configured,2022,1,0.21397160844580776,31.0,-13.923587901439138,1,0.7860283915541922,44.923587901439134,"(0.2, 0.35]"
configured,2022,0,0.6469156090511091,-7.0,6.871642027799636,1,-0.6469156090511091,-13.871642027799636,"(0.5, 0.65]"
configured,2022,0,0.6070935524936342,-29.0,4.918870679509707,1,-0.6070935524936342,-33.91887067950971,"(0.5, 0.65]"
configured,2022,1,0.8222121791769192,14.0,15.905173195595669,1,0.17778782082308076,-1.905173195595669,"(0.8, 1.0]"
configured,2022,1,0.6693767365730352,4.0,7.437984531733555,1,0.3306232634269648,-3.437984531733555,"(0.65, 0.8]"
configured,2022,1,0.8864943105295147,42.0,21.029455427281533,1,0.11350568947048534,20.970544572718467,"(0.8, 1.0]"
configured,2022,1,0.9886861733452721,59.0,42.02921321089463,1,0.01131382665472791,16.970786789105368,"(0.8, 1.0]"
configured,2022,1,0.7132131379386506,21.0,10.637618938718852,1,0.2867868620613494,10.362381061281148,"(0.65, 0.8]"
configured,2022,0,0.7428297584770733,-10.0,11.029653479682763,1,-0.7428297584770733,-21.029653479682764,"(0.65, 0.8]"
configured,2022,0,0.34052348784983966,-42.0,-8.594578486508672,1,-0.34052348784983966,-33.405421513491326,"(0.2, 0.35]"
configured,2022,1,0.9859236168977268,56.0,41.5765663503759,1,0.014076383102273216,14.423433649624101,"(0.8, 1.0]"
configured,2022,0,0.9363213834195232,-18.0,27.30565305199248,1,-0.9363213834195232,-45.30565305199248,"(0.8, 1.0]"
configured,2022,1,0.6387325629283922,31.0,6.205494780079869,1,0.3612674370716078,24.794505219920133,"(0.5, 0.65]"
configured,2022,1,0.2645505554072224,3.0,-12.41354656209049,1,0.7354494445927776,15.41354656209049,"(0.2, 0.35]"
configured,2022,1,0.8982980300089947,1.0,21.887174563040706,1,0.10170196999100534,-20.887174563040706,"(0.8, 1.0]"
configured,2022,1,0.3887431900198644,15.0,-5.387818091205775,1,0.6112568099801357,20.387818091205773,"(0.35, 0.5]"
configured,2022,1,0.9909306714340119,57.0,43.79930184788452,1,0.009069328565988077,13.200698152115478,"(0.8, 1.0]"
configured,2022,1,0.8901026498630376,12.0,20.8105156471677,1,0.10989735013696245,-8.810515647167701,"(0.8, 1.0]"
configured,2022,1,0.9304511289512178,56.0,26.17112820325473,1,0.06954887104878216,29.82887179674527,"(0.8, 1.0]"
configured,2022,0,0.9493838926114283,-1.0,29.652935545422565,1,-0.9493838926114283,-30.652935545422565,"(0.8, 1.0]"
configured,2022,1,0.7077234466317669,13.0,9.071623107679317,1,0.2922765533682331,3.928376892320683,"(0.65, 0.8]"
configured,2022,1,0.2764042921431682,12.0,-10.652821557126783,1,0.7235957078568318,22.652821557126785,"(0.2, 0.35]"
configured,2022,0,0.2670157274239899,-26.0,-11.618901215267003,1,-0.2670157274239899,-14.381098784732997,"(0.2, 0.35]"
configured,2022,0,0.37094155011853747,-21.0,-6.204417906934944,1,-0.37094155011853747,-14.795582093065056,"(0.35, 0.5]"
configured,2022,1,0.5216833439244184,7.0,0.6849481836561524,1,0.4783166560755816,6.315051816343848,"(0.5, 0.65]"
configured,2022,1,0.8262516832996434,3.0,16.793532291050933,1,0.17374831670035662,-13.793532291050933,"(0.8, 1.0]"
configured,2022,1,0.31837155339209355,11.0,-8.862168368709922,1,0.6816284466079064,19.862168368709924,"(0.2, 0.35]"
configured,2022,1,0.8655392811448435,27.0,18.070681981603986,1,0.13446071885515654,8.929318018396014,"(0.8, 1.0]"
configured,2022,1,0.6098130796349495,21.0,5.159426783801371,1,0.39018692036505054,15.840573216198628,"(0.5, 0.65]"
configured,2022,1,0.9785145635008067,28.0,37.08873414583158,1,0.021485436499193322,-9.08873414583158,"(0.8, 1.0]"
configured,2022,1,0.22784189769127242,17.0,-13.08346896184067,1,0.7721581023087276,30.08346896184067,"(0.2, 0.35]"
configured,2022,1,0.5451348868589398,8.0,1.9135848218658271,1,0.45486511314106015,6.086415178134173,"(0.5, 0.65]"
configured,2022,1,0.8690294005708343,28.0,18.885251061805498,1,0.13097059942916567,9.114748938194502,"(0.8, 1.0]"
configured,2022,1,0.4311409191654256,28.0,-2.0818110628144386,1,0.5688590808345744,30.081811062814438,"(0.35, 0.5]"
configured,2022,0,0.8358863561853409,-9.0,17.888936451647467,1,-0.8358863561853409,-26.888936451647467,"(0.8, 1.0]"
configured,2022,0,0.4045921880862153,-23.0,-4.648174314043077,1,-0.4045921880862153,-18.351825685956925,"(0.35, 0.5]"
configured,2022,0,0.7249824058694345,-17.0,9.852369756796255,1,-0.7249824058694345,-26.852369756796257,"(0.65, 0.8]"
configured,2022,1,0.5574888703842822,2.0,2.500072090758855,1,0.4425111296157178,-0.500072090758855,"(0.5, 0.65]"
configured,2022,1,0.9207120973418876,28.0,24.2094790574381,1,0.07928790265811236,3.7905209425619013,"(0.8, 1.0]"
configured,2022,1,0.3326816458482723,17.0,-7.964715868468087,1,0.6673183541517277,24.964715868468087,"(0.2, 0.35]"
configured,2022,1,0.9475117650631668,31.0,30.43555644190002,1,0.05248823493683319,0.5644435580999811,"(0.8, 1.0]"
configured,2022,0,0.6743447249248307,-8.0,8.035573679583402,1,-0.6743447249248307,-16.0355736795834,"(0.65, 0.8]"
configured,2022,1,0.8137682972687177,7.0,15.446338873043512,1,0.1862317027312823,-8.446338873043512,"(0.8, 1.0]"
configured,2022,0,0.4486189248643847,-19.0,-2.7733644427009287,1,-0.4486189248643847,-16.226635557299073,"(0.35, 0.5]"
configured,2022,1,0.7442211309607737,3.0,11.125663557228496,1,0.2557788690392263,-8.125663557228496,"(0.65, 0.8]"
configured,2022,1,0.9002377966750646,38.0,22.63640014506393,1,0.09976220332493535,15.36359985493607,"(0.8, 1.0]"
configured,2022,1,0.6945716643206763,19.0,8.332377022436697,1,0.3054283356793237,10.667622977563303,"(0.65, 0.8]"
configured,2022,0,0.2849940749370021,-7.0,-10.525566023737689,1,-0.2849940749370021,3.5255660237376887,"(0.2, 0.35]"
configured,2022,1,0.6679343353245344,8.0,6.773488934028846,1,0.3320656646754656,1.2265110659711542,"(0.65, 0.8]"
configured,2022,1,0.9880368998493287,17.0,42.09421293646006,1,0.011963100150671258,-25.09421293646006,"(0.8, 1.0]"
configured,2022,0,0.38565945252006717,-6.0,-6.114229740405591,1,-0.38565945252006717,0.11422974040559097,"(0.35, 0.5]"
configured,2022,1,0.7750084635430444,28.0,13.211365629326538,1,0.22499153645695558,14.788634370673462,"(0.65, 0.8]"
configured,2022,0,0.11322216962078105,-28.0,-22.06081449769932,1,-0.11322216962078105,-5.939185502300681,"(-0.001, 0.2]"
configured,2022,0,0.7040550447479673,-27.0,9.372076529540074,1,-0.7040550447479673,-36.372076529540074,"(0.65, 0.8]"
configured,2022,1,0.9415254725867628,21.0,28.17767571031422,1,0.05847452741323722,-7.177675710314219,"(0.8, 1.0]"
configured,2022,1,0.9400929527971913,73.0,28.610095220708033,1,0.059907047202808705,44.38990477929197,"(0.8, 1.0]"
configured,2022,1,0.5352869431329612,3.0,1.3728037370107995,1,0.4647130568670388,1.6271962629892005,"(0.5, 0.65]"
configured,2022,0,0.8596093020250077,-14.0,18.98610984171175,1,-0.8596093020250077,-32.98610984171175,"(0.8, 1.0]"
configured,2022,1,0.685697941254523,5.0,7.478854961428453,1,0.314302058745477,-2.4788549614284534,"(0.65, 0.8]"
configured,2022,1,0.5564354228639461,3.0,2.4693271170017312,1,0.4435645771360539,0.5306728829982688,"(0.5, 0.65]"
configured,2022,0,0.3441289618145189,-13.0,-7.405655261215339,1,-0.3441289618145189,-5.594344738784661,"(0.2, 0.35]"
configured,2022,1,0.4938908265565727,10.0,-0.543969599846077,1,0.5061091734434273,10.543969599846077,"(0.35, 0.5]"
configured,2022,0,0.2172301583466586,-3.0,-13.897231807548092,1,-0.2172301583466586,10.897231807548092,"(0.2, 0.35]"
configured,2022,1,0.6699438584192784,8.0,8.513556496422328,1,0.3300561415807216,-0.5135564964223285,"(0.65, 0.8]"
configured,2022,1,0.8487461924620829,17.0,18.080439940393983,1,0.15125380753791706,-1.0804399403939833,"(0.8, 1.0]"
configured,2022,1,0.5865264290341885,18.0,4.111005500083716,1,0.4134735709658115,13.888994499916283,"(0.5, 0.65]"
configured,2022,1,0.9645265607594959,7.0,32.16887992406081,1,0.03547343924050406,-25.16887992406081,"(0.8, 1.0]"
configured,2022,1,0.897497047518939,9.0,22.262492829989288,1,0.102502952481061,-13.262492829989288,"(0.8, 1.0]"
configured,2022,1,0.6058664497655599,11.0,3.817605439090035,1,0.3941335502344401,7.182394560909965,"(0.5, 0.65]"
configured,2022,1,0.8650827925201132,3.0,18.39368839461042,1,0.13491720747988678,-15.393688394610422,"(0.8, 1.0]"
configured,2022,0,0.8435314440748012,-3.0,16.712570546024775,1,-0.8435314440748012,-19.712570546024775,"(0.8, 1.0]"
configured,2022,0,0.34675244001196115,-17.0,-6.847995840955171,1,-0.34675244001196115,-10.152004159044829,"(0.2, 0.35]"
configured,2022,1,0.5311989498084484,9.0,0.7141155685707989,1,0.4688010501915516,8.285884431429201,"(0.5, 0.65]"
configured,2022,0,0.6971086579681977,-10.0,9.049908882036775,1,-0.6971086579681977,-19.049908882036775,"(0.65, 0.8]"
configured,2022,1,0.8616259255567729,8.0,19.642785732344745,1,0.13837407444322714,-11.642785732344745,"(0.8, 1.0]"
configured,2022,0,0.8828075646655449,-3.0,20.73394423947152,1,-0.8828075646655449,-23.73394423947152,"(0.8, 1.0]"
configured,2022,1,0.6675555493857037,24.0,7.249612828779675,1,0.3324444506142963,16.750387171220325,"(0.65, 0.8]"
configured,2022,1,0.306490828795174,2.0,-7.674249551040823,0,0.693509171204826,9.674249551040823,"(0.2, 0.35]"
configured,2022,1,0.738503237149859,31.0,10.788186603142709,1,0.261496762850141,20.21181339685729,"(0.65, 0.8]"
configured,2022,1,0.7798546972771874,2.0,13.667511495192269,1,0.22014530272281263,-11.667511495192269,"(0.65, 0.8]"
configured,2022,1,0.9849125272688328,52.0,40.63439905925999,1,0.015087472731167173,11.36560094074001,"(0.8, 1.0]"
configured,2022,1,0.8861997533699091,36.0,21.643463529138906,1,0.11380024663009092,14.356536470861094,"(0.8, 1.0]"
configured,2022,0,0.21180226979029373,-3.0,-13.944950738816797,1,-0.21180226979029373,10.944950738816797,"(0.2, 0.35]"
configured,2022,1,0.9864058634725771,31.0,40.669266383239375,1,0.013594136527422918,-9.669266383239375,"(0.8, 1.0]"
configured,2022,1,0.9687167712945224,38.0,33.612717028327225,1,0.03128322870547762,4.387282971672775,"(0.8, 1.0]"
configured,2022,1,0.34694054349467585,19.0,-7.318126323134459,1,0.6530594565053242,26.318126323134457,"(0.2, 0.35]"
configured,2022,1,0.267324749327914,4.0,-12.109772185093604,1,0.7326752506720859,16.109772185093604,"(0.2, 0.35]"
configured,2022,0,0.7058867682254908,-7.0,9.72351145353201,1,-0.7058867682254908,-16.723511453532012,"(0.65, 0.8]"
configured,2022,1,0.8414965458883856,30.0,17.285084221046755,1,0.15850345411161437,12.714915778953245,"(0.8, 1.0]"
configured,2022,0,0.6458655830940734,-3.0,5.515593212005337,1,-0.6458655830940734,-8.515593212005337,"(0.5, 0.65]"
configured,2022,1,0.7968187021647914,14.0,13.936528176071656,1,0.20318129783520855,0.06347182392834405,"(0.65, 0.8]"
configured,2022,1,0.7423112481166969,18.0,11.220219441826284,1,0.2576887518833031,6.779780558173716,"(0.65, 0.8]"
configured,2022,1,0.39791054975243034,28.0,-5.4128504108235695,1,0.6020894502475697,33.412850410823566,"(0.35, 0.5]"
configured,2022,0,0.2568341576245792,-21.0,-10.515764790155538,1,-0.2568341576245792,-10.484235209844462,"(0.2, 0.35]"
configured,2022,1,0.7595235148593553,12.0,11.5531252761078,1,0.24047648514064468,0.4468747238922006,"(0.65, 0.8]"
configured,2022,0,0.8247903940800928,-3.0,16.316763164588043,1,-0.8247903940800928,-19.316763164588043,"(0.8, 1.0]"
configured,2022,0,0.2790599522181637,-15.0,-10.395942054240882,1,-0.2790599522181637,-4.604057945759118,"(0.2, 0.35]"
configured,2022,1,0.5880689404310636,22.0,2.9206063623584964,1,0.4119310595689364,19.079393637641502,"(0.5, 0.65]"
configured,2022,1,0.762869870194665,8.0,12.79938504178714,1,0.237130129805335,-4.79938504178714,"(0.65, 0.8]"
configured,2022,1,0.6919128398131401,11.0,7.967635984190375,1,0.3080871601868599,3.032364015809625,"(0.65, 0.8]"
configured,2022,1,0.39949650814622245,31.0,-5.750631245895413,1,0.6005034918537775,36.75063124589541,"(0.35, 0.5]"
configured,2022,1,0.42162598240367555,3.0,-2.541115481827696,1,0.5783740175963245,5.5411154818276955,"(0.35, 0.5]"
configured,2022,0,0.5522865196149771,-10.0,1.433639036433808,1,-0.5522865196149771,-11.433639036433808,"(0.5, 0.65]"
configured,2022,1,0.9547116980451842,3.0,29.813362927673133,1,0.04528830195481581,-26.813362927673133,"(0.8, 1.0]"
configured,2022,1,0.7465494455340453,21.0,11.370060517218764,1,0.25345055446595466,9.629939482781236,"(0.65, 0.8]"
configured,2022,0,0.8511662826894395,-24.0,17.938694082152743,1,-0.8511662826894395,-41.93869408215274,"(0.8, 1.0]"
configured,2022,1,0.21778638446755597,1.0,-14.031366278991545,1,0.7822136155324441,15.031366278991545,"(0.2, 0.35]"
configured,2022,0,0.2970034720498189,-17.0,-9.20551685560391,1,-0.2970034720498189,-7.794483144396089,"(0.2, 0.35]"
configured,2022,0,0.24094295896372775,-13.0,-13.07841343282767,1,-0.24094295896372775,0.07841343282767,"(0.2, 0.35]"
configured,2022,1,0.5872027175306237,9.0,3.6448974284185347,1,0.4127972824693763,5.355102571581465,"(0.5, 0.65]"
configured,2022,1,0.7851901403649293,26.0,13.463970699507977,1,0.2148098596350707,12.536029300492023,"(0.65, 0.8]"
configured,2022,1,0.41823326385596293,6.0,-2.8905326412663155,1,0.5817667361440371,8.890532641266315,"(0.35, 0.5]"
configured,2022,1,0.798609334481559,7.0,15.142159144868936,1,0.20139066551844098,-8.142159144868936,"(0.65, 0.8]"
configured,2022,0,0.3564879409302464,-20.0,-4.985887808835331,0,-0.3564879409302464,-15.014112191164669,"(0.35, 0.5]"
configured,2022,1,0.7124324128799123,31.0,9.236879556526379,1,0.2875675871200877,21.76312044347362,"(0.65, 0.8]"
configured,2022,1,0.7301864523132194,7.0,10.603086356494838,1,0.26981354768678056,-3.6030863564948383,"(0.65, 0.8]"
configured,2022,1,0.9192761252052983,10.0,24.306574545519435,1,0.08072387479470167,-14.306574545519435,"(0.8, 1.0]"
configured,2022,1,0.5326172327609703,21.0,1.2749434791993222,1,0.4673827672390297,19.725056520800678,"(0.5, 0.65]"
configured,2022,0,0.34813503930505574,-23.0,-7.477528693491751,1,-0.34813503930505574,-15.52247130650825,"(0.2, 0.35]"
configured,2022,1,0.41022732795467065,3.0,-4.979188244024982,1,0.5897726720453293,7.979188244024982,"(0.35, 0.5]"
configured,2022,1,0.40574282185121835,4.0,-3.92127334092534,1,0.5942571781487817,7.921273340925341,"(0.35, 0.5]"
configured,2022,0,0.16422485772769374,-3.0,-16.255351773978713,1,-0.16422485772769374,13.255351773978713,"(-0.001, 0.2]"
configured,2022,1,0.028992023240463665,5.0,-34.62777070876744,1,0.9710079767595363,39.62777070876744,"(-0.001, 0.2]"
configured,2022,0,0.4400241406408712,-11.0,-1.8105377627450339,1,-0.4400241406408712,-9.189462237254967,"(0.35, 0.5]"
configured,2022,0,0.5947875866468837,-10.0,3.9997446777608276,1,-0.5947875866468837,-13.999744677760827,"(0.5, 0.65]"
configured,2022,1,0.4444500591019152,14.0,-2.7270162873485035,1,0.5555499408980848,16.727016287348505,"(0.35, 0.5]"
configured,2022,1,0.9529310715558073,39.0,30.169805479266532,1,0.04706892844419275,8.830194520733468,"(0.8, 1.0]"
configured,2022,1,0.6716345524811711,17.0,7.492781499015484,1,0.3283654475188289,9.507218500984516,"(0.65, 0.8]"
configured,2022,1,0.7350975150228004,18.0,10.824239844279054,1,0.2649024849771996,7.175760155720946,"(0.65, 0.8]"
configured,2022,0,0.7938957799007094,-3.0,14.133808094347616,1,-0.7938957799007094,-17.133808094347614,"(0.65, 0.8]"
configured,2022,1,0.5084955735498106,19.0,0.31021048434193954,1,0.49150442645018944,18.68978951565806,"(0.5, 0.65]"
configured,2022,0,0.42515150418584335,-6.0,-4.037683094206841,1,-0.42515150418584335,-1.962316905793159,"(0.35, 0.5]"
configured,2022,0,0.6740094417101485,-14.0,6.820937970391258,1,-0.6740094417101485,-20.820937970391256,"(0.65, 0.8]"
configured,2022,0,0.21454740902267633,-10.0,-14.877564216410438,1,-0.21454740902267633,4.877564216410438,"(0.2, 0.35]"
configured,2022,0,0.5765925245366172,-4.0,3.054631508800058,1,-0.5765925245366172,-7.054631508800059,"(0.5, 0.65]"
configured,2022,0,0.38115633091674295,-7.0,-4.644264657511465,1,-0.38115633091674295,-2.3557353424885346,"(0.35, 0.5]"
configured,2022,1,0.3816396483335644,17.0,-4.516563022590002,1,0.6183603516664355,21.516563022590002,"(0.35, 0.5]"
configured,2022,1,0.8706571421173029,4.0,20.18967797401341,1,0.12934285788269706,-16.18967797401341,"(0.8, 1.0]"
configured,2022,1,0.7858745896259585,14.0,13.840381874237412,1,0.21412541037404154,0.15961812576258794,"(0.65, 0.8]"
configured,2022,0,0.37654833496360696,-17.0,-5.1828799583983844,1,-0.37654833496360696,-11.817120041601616,"(0.35, 0.5]"
configured,2022,1,0.200096771697518,21.0,-14.348969200872915,1,0.7999032283024821,35.348969200872915,"(0.2, 0.35]"
configured,2022,1,0.21473912567633313,4.0,-13.400844761990225,1,0.7852608743236669,17.400844761990225,"(0.2, 0.35]"
configured,2022,0,0.07421488779048213,-4.0,-25.809830358019887,1,-0.07421488779048213,21.809830358019887,"(-0.001, 0.2]"
configured,2022,1,0.6543002020647002,18.0,6.009787079272145,1,0.3456997979352998,11.990212920727856,"(0.65, 0.8]"
configured,2022,1,0.6671836112253254,10.0,7.56108278948903,1,0.33281638877467457,2.4389172105109704,"(0.65, 0.8]"
configured,2022,0,0.8972965888435394,-5.0,23.0424046934949,1,-0.8972965888435394,-28.0424046934949,"(0.8, 1.0]"
configured,2022,0,0.6747478820394011,-14.0,8.049589187740844,1,-0.6747478820394011,-22.049589187740843,"(0.65, 0.8]"
configured,2022,1,0.6451080481872096,23.0,6.3371017047417695,1,0.35489195181279043,16.66289829525823,"(0.5, 0.65]"
configured,2022,1,0.5799895850944428,17.0,3.1791954233031183,1,0.42001041490555724,13.820804576696881,"(0.5, 0.65]"
configured,2022,1,0.8300884354852182,18.0,18.048965531671264,1,0.16991156451478184,-0.04896553167126427,"(0.8, 1.0]"
configured,2022,1,0.5425727803749749,22.0,1.7101148645891053,1,0.4574272196250251,20.289885135410895,"(0.5, 0.65]"
configured,2022,0,0.46451313834652297,-1.0,-2.8195591941838365,1,-0.46451313834652297,1.8195591941838365,"(0.35, 0.5]"
configured,2022,0,0.17235825225092274,-1.0,-17.119631965288555,1,-0.17235825225092274,16.119631965288555,"(-0.001, 0.2]"
configured,2022,0,0.6012262251393223,-3.0,4.546184952695942,1,-0.6012262251393223,-7.546184952695942,"(0.5, 0.65]"
configured,2022,1,0.8209398656694291,33.0,15.845041256323906,1,0.17906013433057089,17.154958743676094,"(0.8, 1.0]"
configured,2022,0,0.5922644547235842,-2.0,3.5734934288869176,1,-0.5922644547235842,-5.573493428886918,"(0.5, 0.65]"
configured,2022,0,0.6012105502060006,-49.0,6.19965440413672,0,-0.6012105502060006,-55.19965440413672,"(0.5, 0.65]"
configured,2022,0,0.40448221254765404,-17.0,-4.691214282342099,1,-0.40448221254765404,-12.308785717657901,"(0.35, 0.5]"
configured,2022,0,0.06124414147836989,-21.0,-27.43774919477248,1,-0.06124414147836989,6.437749194772479,"(-0.001, 0.2]"
configured,2022,0,0.2877293696420873,-7.0,-9.742543905686746,1,-0.2877293696420873,2.7425439056867464,"(0.2, 0.35]"
configured,2022,1,0.6094857103866098,23.0,5.096475347797017,1,0.3905142896133902,17.903524652202982,"(0.5, 0.65]"
configured,2022,0,0.5120323027827539,-27.0,0.7752536056959833,1,-0.5120323027827539,-27.775253605695983,"(0.5, 0.65]"
configured,2022,1,0.6736246413224756,7.0,7.7548200952676645,1,0.32637535867752443,-0.7548200952676645,"(0.65, 0.8]"
configured,2022,0,0.4473167280611161,-31.0,-4.040541459493067,1,-0.4473167280611161,-26.959458540506933,"(0.35, 0.5]"
configured,2022,0,0.8466998134253352,-22.0,18.3007301125646,1,-0.8466998134253352,-40.3007301125646,"(0.8, 1.0]"
configured,2022,1,0.8305904795627417,21.0,16.41775430789121,1,0.16940952043725832,4.582245692108788,"(0.8, 1.0]"
configured,2022,1,0.9307177511088925,8.0,26.277689872145363,1,0.06928224889110746,-18.277689872145363,"(0.8, 1.0]"
configured,2022,1,0.9189340590254286,4.0,25.40491122545257,1,0.08106594097457143,-21.40491122545257,"(0.8, 1.0]"
configured,2022,1,0.7803892940822461,3.0,13.094746525871397,1,0.2196107059177539,-10.094746525871397,"(0.65, 0.8]"
configured,2022,1,0.8971664320066173,32.0,21.983007139979904,1,0.10283356799338272,10.016992860020096,"(0.8, 1.0]"
configured,2022,1,0.7709097044464501,27.0,12.638406145627814,1,0.22909029555354987,14.361593854372186,"(0.65, 0.8]"
configured,2022,1,0.8638219535149815,16.0,19.198487937062573,1,0.13617804648501852,-3.1984879370625734,"(0.8, 1.0]"
configured,2022,0,0.3052987900723621,-18.0,-10.030807819210953,1,-0.3052987900723621,-7.969192180789047,"(0.2, 0.35]"
configured,2022,0,0.43551665916804494,-20.0,-3.590966722292483,1,-0.43551665916804494,-16.40903327770752,"(0.35, 0.5]"
configured,2022,1,0.7695963493549588,10.0,12.068715615088157,1,0.2304036506450412,-2.0687156150881574,"(0.65, 0.8]"
configured,2022,1,0.20949798778948137,32.0,-14.055356733913694,1,0.7905020122105186,46.0553567339137,"(0.2, 0.35]"
configured,2022,0,0.8276639784004584,-1.0,15.978568025876896,1,-0.8276639784004584,-16.978568025876896,"(0.8, 1.0]"
configured,2022,1,0.643833095505947,15.0,5.872188215986697,1,0.35616690449405297,9.127811784013304,"(0.5, 0.65]"
configured,2022,1,0.41975643604423096,10.0,-3.3276802881398635,1,0.580243563955769,13.327680288139863,"(0.35, 0.5]"
configured,2022,0,0.060944789909295874,-35.0,-27.921737289455372,1,-0.060944789909295874,-7.078262710544628,"(-0.001, 0.2]"
configured,2022,1,0.6031886897371288,7.0,5.611300539771465,1,0.3968113102628712,1.3886994602285352,"(0.5, 0.65]"
configured,2022,1,0.6888491910001717,3.0,7.897276318006799,1,0.3111508089998283,-4.897276318006799,"(0.65, 0.8]"
configured,2022,0,0.31127807358408877,-29.0,-8.832303919840829,1,-0.31127807358408877,-20.16769608015917,"(0.2, 0.35]"
configured,2022,0,0.21568786246625898,-24.0,-15.303753190017503,1,-0.21568786246625898,-8.696246809982497,"(0.2, 0.35]"
configured,2022,0,0.6937624988054124,-3.0,8.22177697000627,1,-0.6937624988054124,-11.22177697000627,"(0.65, 0.8]"
configured,2022,1,0.7798838069007235,3.0,12.344722098040958,1,0.22011619309927655,-9.344722098040958,"(0.65, 0.8]"
configured,2022,1,0.16916058239656728,12.0,-17.324910743074838,1,0.8308394176034327,29.324910743074838,"(-0.001, 0.2]"
configured,2022,0,0.4986094307110035,-21.0,-0.49696747551002085,1,-0.4986094307110035,-20.503032524489978,"(0.35, 0.5]"
configured,2022,1,0.33703707456082044,10.0,-7.1655966957682455,1,0.6629629254391796,17.165596695768244,"(0.2, 0.35]"
configured,2022,1,0.8902854048918358,17.0,21.727414588660327,1,0.10971459510816417,-4.727414588660327,"(0.8, 1.0]"
configured,2022,0,0.28404049340377635,-13.0,-10.53778540787552,1,-0.28404049340377635,-2.4622145921244805,"(0.2, 0.35]"
configured,2022,1,0.16844269202017303,7.0,-16.605491348174183,1,0.831557307979827,23.605491348174183,"(-0.001, 0.2]"
configured,2022,1,0.7593025016048933,35.0,11.894965765207731,1,0.24069749839510668,23.10503423479227,"(0.65, 0.8]"
configured,2022,1,0.724672974512495,8.0,11.98024023343556,0,0.275327025487505,-3.980240233435561,"(0.65, 0.8]"
configured,2022,0,0.3965366558257634,-1.0,-4.465481443889237,1,-0.3965366558257634,3.465481443889237,"(0.35, 0.5]"
configured,2022,1,0.827672697699586,16.0,16.303250784773336,1,0.17232730230041404,-0.30325078477333633,"(0.8, 1.0]"
configured,2022,0,0.6687113852617423,-10.0,7.397113279526282,1,-0.6687113852617423,-17.39711327952628,"(0.65, 0.8]"
configured,2022,0,0.1388537157764072,-28.0,-20.12816306431925,1,-0.1388537157764072,-7.871836935680751,"(-0.001, 0.2]"
configured,2022,1,0.4046988603285532,3.0,-3.9595084823905684,1,0.5953011396714468,6.959508482390568,"(0.35, 0.5]"
configured,2022,0,0.16448096901522075,-7.0,-18.022656653411314,1,-0.16448096901522075,11.022656653411314,"(-0.001, 0.2]"
configured,2022,1,0.567105834479888,2.0,2.650966134631311,1,0.43289416552011195,-0.6509661346313109,"(0.5, 0.65]"
configured,2022,1,0.8411857414221244,4.0,17.206054628580464,1,0.15881425857787557,-13.206054628580464,"(0.8, 1.0]"
configured,2022,0,0.2279942099100199,-27.0,-14.234424655972663,1,-0.2279942099100199,-12.765575344027337,"(0.2, 0.35]"
configured,2022,1,0.37497807257471083,20.0,-5.566707279168913,1,0.6250219274252892,25.566707279168913,"(0.35, 0.5]"
configured,2022,1,0.8485914851990277,2.0,17.780425574516705,1,0.15140851480097228,-15.780425574516705,"(0.8, 1.0]"
configured,2022,0,0.27364718370806346,-1.0,-11.074696156063357,1,-0.27364718370806346,10.074696156063357,"(0.2, 0.35]"
configured,2022,0,0.6831298584660552,-10.0,7.907295842853221,1,-0.6831298584660552,-17.907295842853223,"(0.65, 0.8]"
configured,2022,1,0.36918831241325945,3.0,-6.187159830702349,1,0.6308116875867406,9.187159830702349,"(0.35, 0.5]"
configured,2022,1,0.897730433938972,57.0,22.662968380457755,1,0.102269566061028,34.337031619542245,"(0.8, 1.0]"
configured,2022,1,0.9495073886083218,6.0,28.84220908018822,1,0.050492611391678155,-22.84220908018822,"(0.8, 1.0]"
configured,2022,0,0.03898382412985312,-20.0,-31.937558100055124,1,-0.03898382412985312,11.937558100055124,"(-0.001, 0.2]"
configured,2022,1,0.9131977029693127,10.0,25.17519959892997,1,0.08680229703068731,-15.175199598929972,"(0.8, 1.0]"
configured,2022,0,0.7808192761576878,-28.0,13.86322385855004,1,-0.7808192761576878,-41.86322385855004,"(0.65, 0.8]"
configured,2022,1,0.29731075349757086,4.0,-10.523837871599435,1,0.7026892465024291,14.523837871599435,"(0.2, 0.35]"
configured,2022,0,0.06068911342558947,-7.0,-27.62726435079575,1,-0.06068911342558947,20.62726435079575,"(-0.001, 0.2]"
configured,2022,1,0.4086782204745322,12.0,-3.7799551453915297,1,0.5913217795254678,15.77995514539153,"(0.35, 0.5]"
configured,2022,1,0.7940020759440904,24.0,14.09889727908387,1,0.20599792405590955,9.90110272091613,"(0.65, 0.8]"
configured,2022,1,0.7405554847762597,3.0,10.685368034569393,1,0.25944451522374035,-7.685368034569393,"(0.65, 0.8]"
configured,2022,1,0.4028848262588398,14.0,-3.7730099460701934,1,0.5971151737411602,17.773009946070193,"(0.35, 0.5]"
configured,2022,0,0.2844441189897494,-6.0,-9.51096141156468,1,-0.2844441189897494,3.5109614115646792,"(0.2, 0.35]"
configured,2022,0,0.21178200496452573,-27.0,-15.279101332091987,1,-0.21178200496452573,-11.720898667908013,"(0.2, 0.35]"
configured,2022,1,0.8325099468063875,4.0,16.87509121279302,1,0.16749005319361254,-12.87509121279302,"(0.8, 1.0]"
configured,2022,1,0.42919822595703017,7.0,-4.389594527613969,1,0.5708017740429698,11.38959452761397,"(0.35, 0.5]"
configured,2022,1,0.3872415474519024,15.0,-5.388716823352203,1,0.6127584525480976,20.388716823352205,"(0.35, 0.5]"
configured,2022,1,0.8206422581959646,3.0,15.717657520005003,1,0.1793577418040354,-12.717657520005003,"(0.8, 1.0]"
configured,2022,0,0.25917229855375057,-17.0,-11.446567872996496,1,-0.25917229855375057,-5.553432127003504,"(0.2, 0.35]"
configured,2022,1,0.28905180283529164,3.0,-10.459092203680786,1,0.7109481971647084,13.459092203680786,"(0.2, 0.35]"
configured,2022,1,0.3173350410168001,3.0,-8.58474746345461,1,0.6826649589831999,11.58474746345461,"(0.2, 0.35]"
configured,2022,0,0.48362862198404555,-29.0,-0.18030807851228703,1,-0.48362862198404555,-28.819691921487713,"(0.35, 0.5]"
configured,2022,1,0.7539581066092399,21.0,11.755656495651866,1,0.2460418933907601,9.244343504348134,"(0.65, 0.8]"
configured,2022,1,0.8622427208810829,14.0,19.280418868872868,1,0.1377572791189171,-5.280418868872868,"(0.8, 1.0]"
configured,2022,0,0.5121143939775792,-18.0,-0.720296244905068,1,-0.5121143939775792,-17.279703755094932,"(0.5, 0.65]"
configured,2022,0,0.904120673903352,-19.0,23.371097507270918,1,-0.904120673903352,-42.37109750727092,"(0.8, 1.0]"
configured,2022,1,0.9929177325574605,55.0,46.802440329883105,1,0.0070822674425394805,8.197559670116895,"(0.8, 1.0]"
configured,2022,0,0.19904154580042271,-5.0,-14.390990091489883,1,-0.19904154580042271,9.390990091489883,"(-0.001, 0.2]"
configured,2022,1,0.48134342707576305,6.0,-1.3379297141035074,1,0.518656572924237,7.337929714103508,"(0.35, 0.5]"
configured,2022,0,0.3638122260547775,-14.0,-5.707102667338212,1,-0.3638122260547775,-8.292897332661788,"(0.35, 0.5]"
configured,2022,1,0.8739674030987388,20.0,19.406287882379104,1,0.12603259690126123,0.5937121176208962,"(0.8, 1.0]"
configured,2022,1,0.7702413945879792,10.0,12.209206957218349,1,0.22975860541202076,-2.209206957218349,"(0.65, 0.8]"
configured,2022,1,0.7511999267621627,3.0,10.844962369456772,1,0.24880007323783726,-7.844962369456772,"(0.65, 0.8]"
configured,2022,1,0.652521352281286,1.0,5.370913352490661,1,0.34747864771871395,-4.370913352490661,"(0.65, 0.8]"
configured,2022,0,0.4350317270830044,-4.0,-3.3631706184957335,1,-0.4350317270830044,-0.6368293815042665,"(0.35, 0.5]"
configured,2022,0,0.49296606736972604,-10.0,-0.31621195316077433,1,-0.49296606736972604,-9.683788046839226,"(0.35, 0.5]"
configured,2022,1,0.5946060549207568,7.0,4.729789148206601,1,0.4053939450792432,2.270210851793399,"(0.5, 0.65]"
configured,2022,1,0.409652155746254,10.0,-4.593023175660965,1,0.590347844253746,14.593023175660965,"(0.35, 0.5]"
configured,2022,1,0.6717902145252039,6.0,6.674354658195517,1,0.32820978547479607,-0.6743546581955169,"(0.65, 0.8]"
configured,2022,0,0.412059505983815,-6.0,-4.856011605179388,1,-0.412059505983815,-1.143988394820612,"(0.35, 0.5]"
configured,2022,0,0.8901455880109346,-2.0,22.461128319823345,1,-0.8901455880109346,-24.461128319823345,"(0.8, 1.0]"
configured,2022,1,0.5754732636857468,2.0,3.0234321240067175,1,0.4245267363142532,-1.0234321240067175,"(0.5, 0.65]"
configured,2022,1,0.5024827807039537,12.0,-0.19430084230058453,1,0.4975172192960463,12.194300842300585,"(0.5, 0.65]"
configured,2022,0,0.23458648060778065,-3.0,-12.87966819302452,1,-0.23458648060778065,9.87966819302452,"(0.2, 0.35]"
configured,2022,1,0.8305692761811041,1.0,15.712457184319906,1,0.1694307238188959,-14.712457184319906,"(0.8, 1.0]"
configured,2022,1,0.8665734870062918,14.0,18.586135295551298,1,0.13342651299370822,-4.586135295551298,"(0.8, 1.0]"
configured,2022,0,0.09245056388327735,-35.0,-23.77131293918622,1,-0.09245056388327735,-11.22868706081378,"(-0.001, 0.2]"
configured,2022,1,0.7872335852511381,7.0,13.178124882560187,1,0.21276641474886193,-6.178124882560187,"(0.65, 0.8]"
configured,2022,1,0.4727116880191905,15.0,-1.8359536106628362,1,0.5272883119808095,16.835953610662838,"(0.35, 0.5]"
configured,2022,1,0.4520597283221479,25.0,-1.9619272319871022,1,0.5479402716778521,26.9619272319871,"(0.35, 0.5]"
configured,2022,0,0.22062980509492425,-4.0,-13.408544254713771,1,-0.22062980509492425,9.408544254713771,"(0.2, 0.35]"
configured,2022,0,0.3034817371534091,-7.0,-8.93282433571811,1,-0.3034817371534091,1.9328243357181094,"(0.2, 0.35]"
configured,2022,0,0.341558844060267,-11.0,-7.693545866311679,1,-0.341558844060267,-3.3064541336883213,"(0.2, 0.35]"
configured,2022,1,0.40088623511361476,3.0,-3.385027938622603,1,0.5991137648863852,6.385027938622603,"(0.35, 0.5]"
configured,2022,0,0.4381611762493397,-2.0,-3.7896660619140072,1,-0.4381611762493397,1.7896660619140072,"(0.35, 0.5]"
configured,2022,1,0.8015854216554734,6.0,14.970148066880387,1,0.19841457834452658,-8.970148066880387,"(0.8, 1.0]"
configured,2022,1,0.8832365526448418,44.0,21.31863950978725,1,0.1167634473551582,22.68136049021275,"(0.8, 1.0]"
configured,2022,1,0.84722488107562,24.0,18.33272831103712,1,0.15277511892438,5.667271688962881,"(0.8, 1.0]"
configured,2022,1,0.9136203205772978,6.0,24.02375873582856,1,0.0863796794227022,-18.02375873582856,"(0.8, 1.0]"
configured,2022,1,0.7075149627624117,7.0,8.533552581579158,1,0.29248503723758834,-1.5335525815791584,"(0.65, 0.8]"
configured,2022,1,0.8976968280344633,12.0,23.490670404656534,1,0.10230317196553673,-11.490670404656534,"(0.8, 1.0]"
configured,2022,0,0.03781857972822179,-18.0,-32.17507250120139,1,-0.03781857972822179,14.175072501201392,"(-0.001, 0.2]"
configured,2022,0,0.9119257638944787,-24.0,23.582576615882783,1,-0.9119257638944787,-47.582576615882786,"(0.8, 1.0]"
configured,2022,0,0.7689277306316697,-16.0,13.239771021132931,1,-0.7689277306316697,-29.23977102113293,"(0.65, 0.8]"
configured,2022,1,0.44217744355356275,7.0,-2.5151182914518917,1,0.5578225564464372,9.515118291451891,"(0.35, 0.5]"
configured,2022,0,0.519894769845504,-4.0,0.9778589125505994,1,-0.519894769845504,-4.9778589125506,"(0.5, 0.65]"
configured,2022,1,0.35405991285984384,7.0,-5.941677019965752,1,0.6459400871401562,12.941677019965752,"(0.35, 0.5]"
configured,2022,1,0.9542338481556851,23.0,30.63720357155948,1,0.04576615184431487,-7.637203571559478,"(0.8, 1.0]"
configured,2022,1,0.6135646084098962,38.0,4.0705858980688685,1,0.38643539159010376,33.92941410193113,"(0.5, 0.65]"
configured,2022,0,0.49193226906476545,-1.0,-0.550480801510211,1,-0.49193226906476545,-0.44951919848978905,"(0.35, 0.5]"
configured,2022,1,0.3385355906134211,27.0,-7.003182824194566,1,0.6614644093865789,34.00318282419457,"(0.2, 0.35]"
configured,2022,1,0.7445875799426167,11.0,11.010911195877066,1,0.2554124200573833,-0.010911195877065794,"(0.65, 0.8]"
configured,2022,1,0.9198963354569609,7.0,24.585948844923017,1,0.08010366454303908,-17.585948844923017,"(0.8, 1.0]"
configured,2022,1,0.8250731505718589,28.0,16.026866085820554,1,0.17492684942814107,11.973133914179446,"(0.8, 1.0]"
configured,2022,1,0.6634483629370653,10.0,6.891822483375311,1,0.33655163706293467,3.108177516624689,"(0.65, 0.8]"
configured,2022,0,0.6949399676887767,-5.0,8.43965275583178,1,-0.6949399676887767,-13.43965275583178,"(0.65, 0.8]"
configured,2022,0,0.48512092890757685,-6.0,-1.7241627046450616,1,-0.48512092890757685,-4.275837295354938,"(0.35, 0.5]"
configured,2022,1,0.4796567593558702,15.0,-0.17240021069154698,1,0.5203432406441297,15.172400210691547,"(0.35, 0.5]"
configured,2022,1,0.6681406331955918,4.0,7.2175453850886875,1,0.3318593668044082,-3.2175453850886875,"(0.65, 0.8]"
configured,2022,0,0.8593606282033945,-19.0,18.33920710426675,1,-0.8593606282033945,-37.33920710426675,"(0.8, 1.0]"
configured,2022,1,0.7398127597493651,7.0,10.378346400515811,1,0.2601872402506349,-3.3783464005158113,"(0.65, 0.8]"
configured,2022,1,0.6969263167560612,25.0,7.959787670620548,1,0.3030736832439388,17.04021232937945,"(0.65, 0.8]"
configured,2022,1,0.4919922668454401,3.0,-0.36782636765111043,1,0.5080077331545598,3.3678263676511104,"(0.35, 0.5]"
configured,2022,1,0.33944780091672877,1.0,-8.879722949175688,1,0.6605521990832712,9.879722949175688,"(0.2, 0.35]"
configured,2022,1,0.5911434708086459,4.0,3.483723415101263,1,0.40885652919135407,0.516276584898737,"(0.5, 0.65]"
configured,2022,1,0.855882170564273,3.0,19.264931563011476,1,0.14411782943572704,-16.264931563011476,"(0.8, 1.0]"
configured,2022,1,0.9084576638478359,20.0,23.404956043768376,1,0.09154233615216412,-3.404956043768376,"(0.8, 1.0]"
configured,2022,0,0.6919147031032411,-6.0,8.862348250273083,1,-0.6919147031032411,-14.862348250273083,"(0.65, 0.8]"
configured,2022,0,0.046522186728216404,-32.0,-30.170871701080724,1,-0.046522186728216404,-1.8291282989192759,"(-0.001, 0.2]"
configured,2022,0,0.7391376578138611,-5.0,10.821126271109895,1,-0.7391376578138611,-15.821126271109895,"(0.65, 0.8]"
configured,2022,1,0.7151731059519071,24.0,9.448167676100592,1,0.2848268940480929,14.551832323899408,"(0.65, 0.8]"
configured,2022,1,0.32703729744286403,21.0,-8.39870532057115,1,0.672962702557136,29.39870532057115,"(0.2, 0.35]"
configured,2022,1,0.4620974100855298,6.0,-2.483656033797049,1,0.5379025899144703,8.483656033797049,"(0.35, 0.5]"
configured,2022,1,0.600066805302785,28.0,4.2277618738686,1,0.399933194697215,23.7722381261314,"(0.5, 0.65]"
configured,2022,1,0.5642848731380601,14.0,1.9135461619976675,1,0.4357151268619399,12.086453838002333,"(0.5, 0.65]"
configured,2022,1,0.9019537922839747,33.0,22.97579070728091,1,0.09804620771602535,10.024209292719089,"(0.8, 1.0]"
configured,2022,1,0.5470522068983077,10.0,1.2647725585489942,1,0.4529477931016923,8.735227441451006,"(0.5, 0.65]"
configured,2022,1,0.5310111875689976,14.0,1.1217105456775058,1,0.46898881243100243,12.878289454322495,"(0.5, 0.65]"
configured,2022,0,0.29486139797492666,-16.0,-9.272418892007568,1,-0.29486139797492666,-6.727581107992432,"(0.2, 0.35]"
configured,2022,0,0.3525429758399431,-7.0,-5.792328639992954,1,-0.3525429758399431,-1.207671360007046,"(0.35, 0.5]"
configured,2022,1,0.2152840146097328,15.0,-15.095557933319377,1,0.7847159853902672,30.095557933319377,"(0.2, 0.35]"
configured,2022,1,0.8487221894942985,1.0,17.264729775646554,1,0.15127781050570155,-16.264729775646554,"(0.8, 1.0]"
configured,2022,0,0.08163709853472723,-4.0,-24.181055697992207,1,-0.08163709853472723,20.181055697992207,"(-0.001, 0.2]"
configured,2022,1,0.297197211638586,8.0,-9.850177882726692,1,0.7028027883614141,17.85017788272669,"(0.2, 0.35]"
configured,2022,0,0.6321036156080496,-3.0,5.944600108830018,1,-0.6321036156080496,-8.944600108830018,"(0.5, 0.65]"
configured,2022,1,0.11613530837972205,10.0,-21.377165341150278,1,0.8838646916202779,31.377165341150278,"(-0.001, 0.2]"
configured,2022,0,0.37371123252305205,-17.0,-6.554926485127519,1,-0.37371123252305205,-10.445073514872481,"(0.35, 0.5]"
configured,2022,0,0.44969431081705286,-14.0,-2.127408216379743,1,-0.44969431081705286,-11.872591783620257,"(0.35, 0.5]"
configured,2022,0,0.26347137513740726,-14.0,-11.480885248333642,1,-0.26347137513740726,-2.5191147516663577,"(0.2, 0.35]"
configured,2022,1,0.8815970254142755,25.0,20.695159552473363,1,0.11840297458572446,4.304840447526637,"(0.8, 1.0]"
configured,2022,0,0.5232815801144285,-10.0,2.028616647879734,1,-0.5232815801144285,-12.028616647879733,"(0.5, 0.65]"
configured,2022,0,0.05587470202773251,-18.0,-28.46509919236885,1,-0.05587470202773251,10.46509919236885,"(-0.001, 0.2]"
configured,2022,0,0.22014388654702377,-13.0,-13.976618575512301,1,-0.22014388654702377,0.9766185755123011,"(0.2, 0.35]"
configured,2022,1,0.923249497087074,15.0,25.00813550409129,1,0.07675050291292596,-10.008135504091289,"(0.8, 1.0]"
configured,2022,0,0.3312572428254224,-3.0,-7.8505058053338495,1,-0.3312572428254224,4.8505058053338495,"(0.2, 0.35]"
configured,2022,0,0.4852303656821426,-2.0,-1.1292374854524945,1,-0.4852303656821426,-0.8707625145475055,"(0.35, 0.5]"
configured,2022,0,0.5577642471514035,-33.0,3.2348597631818157,1,-0.5577642471514035,-36.23485976318182,"(0.5, 0.65]"
configured,2022,1,0.7478628136223698,31.0,11.038894413299314,1,0.25213718637763016,19.961105586700686,"(0.65, 0.8]"
configured,2022,1,0.8727143456601014,14.0,19.95123575668199,1,0.12728565433989858,-5.951235756681989,"(0.8, 1.0]"
configured,2022,0,0.639757983617024,-10.0,5.0554812194389545,1,-0.639757983617024,-15.055481219438954,"(0.5, 0.65]"
configured,2022,1,0.4051340450976995,7.0,-3.685380018694079,1,0.5948659549023005,10.68538001869408,"(0.35, 0.5]"
configured,2022,0,0.5955367206787632,-17.0,4.6325269305925385,1,-0.5955367206787632,-21.63252693059254,"(0.5, 0.65]"
configured,2022,0,0.44487559246466757,-27.0,-1.525018694962903,1,-0.44487559246466757,-25.474981305037097,"(0.35, 0.5]"
configured,2022,1,0.8973278280123509,20.0,21.51599122097455,1,0.10267217198764911,-1.5159912209745485,"(0.8, 1.0]"
configured,2022,1,0.8954638882989597,22.0,22.821460802694943,0,0.10453611170104027,-0.8214608026949435,"(0.8, 1.0]"
configured,2022,1,0.41215829226766876,4.0,-4.8621849853817825,1,0.5878417077323312,8.862184985381782,"(0.35, 0.5]"
configured,2022,0,0.3200091482220002,-11.0,-8.305264366439546,1,-0.3200091482220002,-2.6947356335604535,"(0.2, 0.35]"
configured,2022,1,0.633569516343806,27.0,6.059891755866606,1,0.366430483656194,20.940108244133395,"(0.5, 0.65]"
configured,2022,1,0.3308025358158879,48.0,-7.4406762521974965,1,0.6691974641841121,55.4406762521975,"(0.2, 0.35]"
configured,2022,0,0.26002073874777243,-18.0,-11.635570079475842,1,-0.26002073874777243,-6.364429920524158,"(0.2, 0.35]"
configured,2022,0,0.3394521417034477,-28.0,-7.4523131653688,1,-0.3394521417034477,-20.5476868346312,"(0.2, 0.35]"
configured,2022,0,0.6319353863535608,-13.0,5.041651243329152,1,-0.6319353863535608,-18.041651243329152,"(0.5, 0.65]"
configured,2022,1,0.3868177845405538,7.0,-5.388386485658307,1,0.6131822154594462,12.388386485658307,"(0.35, 0.5]"
configured,2022,0,0.2820169052861817,-8.0,-11.123095790533807,1,-0.2820169052861817,3.1230957905338066,"(0.2, 0.35]"
configured,2022,0,0.5451234435505293,-11.0,1.9944113745355132,1,-0.5451234435505293,-12.994411374535513,"(0.5, 0.65]"
configured,2022,1,0.8409269589759694,39.0,16.739210207062005,1,0.15907304102403064,22.260789792937995,"(0.8, 1.0]"
configured,2022,1,0.6176815343484079,38.0,4.802754269520545,1,0.3823184656515921,33.19724573047945,"(0.5, 0.65]"
configured,2022,0,0.4261992666586903,-28.0,-4.232965286877729,1,-0.4261992666586903,-23.76703471312227,"(0.35, 0.5]"
configured,2022,0,0.6731873901701524,-3.0,6.712775248223036,1,-0.6731873901701524,-9.712775248223036,"(0.65, 0.8]"
configured,2022,0,0.2115862890005097,-8.0,-15.539221231989398,1,-0.2115862890005097,7.539221231989398,"(0.2, 0.35]"
configured,2022,1,0.7177835036973763,22.0,9.681019291291607,1,0.2822164963026237,12.318980708708393,"(0.65, 0.8]"
configured,2022,1,0.34089768624212013,18.0,-7.760964155622769,1,0.6591023137578799,25.76096415562277,"(0.2, 0.35]"
configured,2022,0,0.553473152914489,-11.0,2.140451453034902,1,-0.553473152914489,-13.140451453034903,"(0.5, 0.65]"
configured,2022,1,0.7513674491013651,4.0,10.720345634922134,1,0.2486325508986349,-6.720345634922134,"(0.65, 0.8]"
configured,2022,1,0.8845954829420113,25.0,21.713731666471745,1,0.11540451705798871,3.2862683335282554,"(0.8, 1.0]"
configured,2022,1,0.7622891313104725,7.0,11.454234086952521,1,0.2377108686895275,-4.454234086952521,"(0.65, 0.8]"
configured,2022,0,0.4398929790058269,-7.0,-2.948914362592833,1,-0.4398929790058269,-4.0510856374071675,"(0.35, 0.5]"
configured,2022,0,0.6722256909952353,-7.0,7.536519054810695,1,-0.6722256909952353,-14.536519054810695,"(0.65, 0.8]"
configured,2022,1,0.3217563653926897,21.0,-8.534733384154391,1,0.6782436346073103,29.534733384154393,"(0.2, 0.35]"
configured,2022,1,0.24481051899719036,4.0,-14.024199244090248,1,0.7551894810028097,18.024199244090248,"(0.2, 0.35]"
configured,2022,0,0.41686542704285423,-13.0,-4.159286930192829,1,-0.41686542704285423,-8.84071306980717,"(0.35, 0.5]"
configured,2022,1,0.4106324109599283,7.0,-3.7826118011331755,1,0.5893675890400717,10.782611801133175,"(0.35, 0.5]"
configured,2022,1,0.5020943158684923,7.0,-0.22429540016395855,1,0.4979056841315077,7.2242954001639585,"(0.5, 0.65]"
configured,2022,1,0.42753400459512864,17.0,-2.8496267892412894,1,0.5724659954048714,19.849626789241288,"(0.35, 0.5]"
configured,2022,0,0.745052762381736,-7.0,10.821655748770741,1,-0.745052762381736,-17.82165574877074,"(0.65, 0.8]"
configured,2022,1,0.4505172945068512,3.0,-2.6745262417142786,1,0.5494827054931488,5.674526241714279,"(0.35, 0.5]"
configured,2022,0,0.26848208037874155,-6.0,-9.603625660517142,0,-0.26848208037874155,3.6036256605171424,"(0.2, 0.35]"
configured,2022,0,0.47919566232160016,-14.0,-0.7452181156531301,1,-0.47919566232160016,-13.254781884346869,"(0.35, 0.5]"
configured,2022,0,0.44612000380612754,-7.0,-1.3616132112978776,1,-0.44612000380612754,-5.638386788702123,"(0.35, 0.5]"
configured,2022,0,0.026349879185931974,-14.0,-35.41611149519269,1,-0.026349879185931974,21.416111495192688,"(-0.001, 0.2]"
configured,2022,0,0.3827009871621577,-52.0,-6.668730098451919,1,-0.3827009871621577,-45.33126990154808,"(0.35, 0.5]"
configured,2022,0,0.6260188645489173,-3.0,4.801008099543673,1,-0.6260188645489173,-7.801008099543673,"(0.5, 0.65]"
configured,2022,1,0.5725034706475485,10.0,2.500826217161422,1,0.4274965293524515,7.499173782838578,"(0.5, 0.65]"
configured,2022,0,0.3946639050138591,-4.0,-4.3226071626492235,1,-0.3946639050138591,0.3226071626492235,"(0.35, 0.5]"
configured,2022,1,0.7294784433567361,13.0,10.47572106139355,1,0.27052155664326394,2.52427893860645,"(0.65, 0.8]"
configured,2022,0,0.5570379759523263,-21.0,2.6459180114241825,1,-0.5570379759523263,-23.645918011424182,"(0.5, 0.65]"
configured,2022,0,0.5983035750655814,-17.0,3.6399628358033156,1,-0.5983035750655814,-20.639962835803317,"(0.5, 0.65]"
configured,2022,0,0.6324800720532274,-1.0,6.381436163870763,1,-0.6324800720532274,-7.381436163870763,"(0.5, 0.65]"
configured,2022,0,0.36619563306574904,-12.0,-6.800360645087199,1,-0.36619563306574904,-5.199639354912801,"(0.35, 0.5]"
configured,2022,1,0.4685800307108501,26.0,-2.0250040766710513,1,0.5314199692891499,28.025004076671053,"(0.35, 0.5]"
configured,2022,0,0.5929934551521652,-3.0,3.6634268736835605,1,-0.5929934551521652,-6.6634268736835605,"(0.5, 0.65]"
configured,2022,1,0.34034268162997333,16.0,-6.7901378546983135,1,0.6596573183700267,22.790137854698315,"(0.2, 0.35]"
configured,2022,0,0.06037398077514961,-28.0,-28.502729620792334,1,-0.06037398077514961,0.5027296207923335,"(-0.001, 0.2]"
configured,2022,0,0.5045965168012708,-6.0,-0.043745509023010776,1,-0.5045965168012708,-5.956254490976989,"(0.5, 0.65]"
configured,2022,1,0.8891699685533094,14.0,21.779280643625466,1,0.11083003144669057,-7.779280643625466,"(0.8, 1.0]"
configured,2022,0,0.32102137692947164,-7.0,-8.634493573114472,1,-0.32102137692947164,1.6344935731144723,"(0.2, 0.35]"
configured,2022,1,0.46249317692850167,17.0,-2.222014838791089,1,0.5375068230714983,19.22201483879109,"(0.35, 0.5]"
configured,2022,0,0.6325435939613162,-38.0,4.244332412294531,1,-0.6325435939613162,-42.24433241229453,"(0.5, 0.65]"
configured,2022,0,0.16492898809966594,-39.0,-18.597036819504005,1,-0.16492898809966594,-20.402963180495995,"(-0.001, 0.2]"
configured,2022,0,0.2667240874222677,-8.0,-11.014107606012214,1,-0.2667240874222677,3.014107606012214,"(0.2, 0.35]"
configured,2022,1,0.8103045743959428,17.0,15.133457575202408,1,0.18969542560405717,1.8665424247975917,"(0.8, 1.0]"
configured,2022,0,0.1797370026736723,-31.0,-15.738431685449523,1,-0.1797370026736723,-15.261568314550477,"(-0.001, 0.2]"
configured,2022,1,0.11252361962156746,21.0,-21.74775582642398,1,0.8874763803784326,42.74775582642398,"(-0.001, 0.2]"
configured,2022,1,0.7296953665479076,10.0,11.13122805848753,1,0.27030463345209244,-1.1312280584875296,"(0.65, 0.8]"
configured,2022,1,0.9728453811388649,10.0,35.21306792729424,1,0.027154618861135127,-25.21306792729424,"(0.8, 1.0]"
configured,2022,0,0.5899276020649279,-7.0,2.9022534157417343,1,-0.5899276020649279,-9.902253415741734,"(0.5, 0.65]"
configured,2022,1,0.9631988694895139,38.0,32.00249067710516,1,0.03680113051048606,5.997509322894842,"(0.8, 1.0]"
configured,2022,0,0.9377840504347768,-2.0,27.076671178908985,1,-0.9377840504347768,-29.076671178908985,"(0.8, 1.0]"
configured,2022,1,0.4774179097243376,1.0,-1.833807987546979,1,0.5225820902756624,2.833807987546979,"(0.35, 0.5]"
configured,2022,0,0.47024459778450695,-6.0,-1.06877516579396,1,-0.47024459778450695,-4.93122483420604,"(0.35, 0.5]"
configured,2022,1,0.23474687371908792,1.0,-13.050971906908412,1,0.7652531262809121,14.050971906908412,"(0.2, 0.35]"
configured,2022,0,0.5487826852520714,-7.0,1.9545282138461875,1,-0.5487826852520714,-8.954528213846187,"(0.5, 0.65]"
configured,2022,0,0.5968347039537125,-3.0,3.9827250906491263,1,-0.5968347039537125,-6.982725090649126,"(0.5, 0.65]"
configured,2022,1,0.3981741656073,14.0,-4.7542051785817865,1,0.6018258343927,18.754205178581785,"(0.35, 0.5]"
configured,2022,1,0.8550478431799491,4.0,18.820702362184946,1,0.14495215682005091,-14.820702362184946,"(0.8, 1.0]"
configured,2022,0,0.49897101456204007,-42.0,-0.27375143700202376,1,-0.49897101456204007,-41.726248562997974,"(0.35, 0.5]"
configured,2022,1,0.9454844277886338,25.0,28.347703898440603,1,0.05451557221136616,-3.347703898440603,"(0.8, 1.0]"
configured,2022,1,0.7081431296077729,6.0,9.433151085055377,1,0.2918568703922271,-3.4331510850553766,"(0.65, 0.8]"
configured,2022,0,0.17866308814188508,-11.0,-16.661222496656574,1,-0.17866308814188508,5.661222496656574,"(-0.001, 0.2]"
configured,2022,0,0.11930454477655138,-35.0,-21.18403448610751,1,-0.11930454477655138,-13.81596551389249,"(-0.001, 0.2]"
configured,2022,1,0.4322316279188312,21.0,-3.3901411015560803,1,0.5677683720811688,24.39014110155608,"(0.35, 0.5]"
configured,2022,1,0.602997777387249,9.0,4.413231657366343,1,0.397002222612751,4.586768342633657,"(0.5, 0.65]"
configured,2022,1,0.9365016003049463,42.0,26.329609420233073,1,0.06349839969505366,15.670390579766927,"(0.8, 1.0]"
configured,2022,1,0.7842422771464687,12.0,13.01410452804824,1,0.21575772285353134,-1.0141045280482395,"(0.65, 0.8]"
configured,2022,1,0.7946597809505945,6.0,14.32882212767855,1,0.20534021904940547,-8.32882212767855,"(0.65, 0.8]"
configured,2022,0,0.4005397525603574,-14.0,-3.6957185779067427,1,-0.4005397525603574,-10.304281422093258,"(0.35, 0.5]"
configured,2022,0,0.1847367112600639,-6.0,-15.520354862256923,1,-0.1847367112600639,9.520354862256923,"(-0.001, 0.2]"
configured,2022,0,0.8740188427557273,-16.0,19.791310392663995,1,-0.8740188427557273,-35.791310392663995,"(0.8, 1.0]"
configured,2022,1,0.8159818983146149,7.0,15.385653060760323,1,0.18401810168538513,-8.385653060760323,"(0.8, 1.0]"
configured,2022,0,0.5484906687845149,-34.0,0.7947099864262146,1,-0.5484906687845149,-34.79470998642621,"(0.5, 0.65]"
configured,2022,1,0.6851521644376584,4.0,7.513320014849164,1,0.31484783556234164,-3.513320014849164,"(0.65, 0.8]"
configured,2022,0,0.7811719885721977,-3.0,14.432338558747684,1,-0.7811719885721977,-17.432338558747684,"(0.65, 0.8]"
configured,2022,1,0.7712292764114796,19.0,13.450920404989734,1,0.22877072358852035,5.549079595010266,"(0.65, 0.8]"
configured,2022,1,0.5366397343746182,16.0,1.000083801999153,1,0.4633602656253818,14.999916198000847,"(0.5, 0.65]"
configured,2022,1,0.8681701089349839,2.0,20.50429523788757,1,0.13182989106501608,-18.50429523788757,"(0.8, 1.0]"
configured,2022,1,0.869672654561141,38.0,20.69290619650295,1,0.13032734543885904,17.30709380349705,"(0.8, 1.0]"
configured,2022,0,0.09561393252167014,-7.0,-23.252766923481843,1,-0.09561393252167014,16.252766923481843,"(-0.001, 0.2]"
configured,2022,1,0.8505647447952408,6.0,18.04368916202032,1,0.1494352552047592,-12.043689162020321,"(0.8, 1.0]"
configured,2022,1,0.3448217170144375,3.0,-7.142479055298306,1,0.6551782829855626,10.142479055298306,"(0.2, 0.35]"
configured,2022,0,0.391167537612105,-30.0,-6.0786003785985265,1,-0.391167537612105,-23.921399621401473,"(0.35, 0.5]"
configured,2022,0,0.6784484980145424,-3.0,7.397787303388522,1,-0.6784484980145424,-10.397787303388522,"(0.65, 0.8]"
configured,2022,0,0.03668167649443204,-3.0,-31.82390152636727,0,-0.03668167649443204,28.82390152636727,"(-0.001, 0.2]"
configured,2022,1,0.9788221896238511,42.0,36.70018793232158,1,0.021177810376148853,5.299812067678417,"(0.8, 1.0]"
configured,2022,1,0.36185036800874615,17.0,-6.76143295901757,1,0.6381496319912539,23.76143295901757,"(0.35, 0.5]"
configured,2022,0,0.22407192524994313,-18.0,-13.26714891812463,1,-0.22407192524994313,-4.732851081875371,"(0.2, 0.35]"
configured,2022,0,0.40007723510721493,-7.0,-4.713597889776791,1,-0.40007723510721493,-2.286402110223209,"(0.35, 0.5]"
configured,2022,1,0.19733122504014733,3.0,-15.516856863930123,1,0.8026687749598527,18.516856863930123,"(-0.001, 0.2]"
configured,2022,1,0.7753690990147262,42.0,12.487255841627926,1,0.22463090098527383,29.512744158372072,"(0.65, 0.8]"
configured,2022,0,0.9304148955528933,-3.0,26.593208207498428,1,-0.9304148955528933,-29.593208207498428,"(0.8, 1.0]"
configured,2022,0,0.9512132951543465,-3.0,29.89632770428204,1,-0.9512132951543465,-32.896327704282044,"(0.8, 1.0]"
configured,2022,1,0.7637030700615115,35.0,12.848320916492476,1,0.2362969299384885,22.151679083507524,"(0.65, 0.8]"
configured,2022,1,0.5491835048138255,2.0,2.913314434521632,1,0.4508164951861745,-0.9133144345216322,"(0.5, 0.65]"
configured,2022,1,0.9508186874055315,7.0,29.709570429670276,1,0.04918131259446845,-22.709570429670276,"(0.8, 1.0]"
configured,2022,0,0.8463926102884984,-1.0,17.698571200652275,1,-0.8463926102884984,-18.698571200652275,"(0.8, 1.0]"
configured,2022,1,0.9732749844024975,32.0,34.68383491997512,1,0.02672501559750251,-2.6838349199751192,"(0.8, 1.0]"
configured,2022,0,0.41459928637679094,-7.0,-4.530314961202558,1,-0.41459928637679094,-2.469685038797442,"(0.35, 0.5]"
configured,2022,1,0.6951661806810223,10.0,8.928222323655001,1,0.3048338193189777,1.0717776763449987,"(0.65, 0.8]"
configured,2022,1,0.6101253769133329,20.0,4.504723587360535,1,0.3898746230866671,15.495276412639466,"(0.5, 0.65]"
configured,2022,1,0.5726001980258684,30.0,2.7589289949998217,1,0.42739980197413163,27.24107100500018,"(0.5, 0.65]"
configured,2022,1,0.9234256859218262,44.0,24.756456506033576,1,0.07657431407817383,19.243543493966424,"(0.8, 1.0]"
configured,2022,0,0.22776464400502672,-21.0,-13.39376891286588,1,-0.22776464400502672,-7.60623108713412,"(0.2, 0.35]"
configured,2022,1,0.31864824107796325,14.0,-9.27282769431987,1,0.6813517589220368,23.272827694319872,"(0.2, 0.35]"
configured,2022,1,0.6077718425862241,1.0,4.3432053862162805,1,0.3922281574137759,-3.3432053862162805,"(0.5, 0.65]"
configured,2022,1,0.45985649775841947,7.0,-1.9942418842927538,1,0.5401435022415806,8.994241884292753,"(0.35, 0.5]"
configured,2022,1,0.8580611100816988,6.0,17.751709516871127,1,0.14193888991830117,-11.751709516871127,"(0.8, 1.0]"
configured,2022,1,0.2721928027763859,10.0,-10.839416220033492,1,0.7278071972236141,20.839416220033492,"(0.2, 0.35]"
configured,2022,0,0.15039039993041298,-6.0,-17.802961955029023,1,-0.15039039993041298,11.802961955029023,"(-0.001, 0.2]"
configured,2022,1,0.9044267064136593,28.0,22.446094452469907,1,0.0955732935863407,5.553905547530093,"(0.8, 1.0]"
configured,2022,1,0.8903827855602819,31.0,20.764055061684587,1,0.10961721443971806,10.235944938315413,"(0.8, 1.0]"
configured,2022,1,0.663726462618146,15.0,7.426950329562711,1,0.33627353738185395,7.573049670437289,"(0.65, 0.8]"
configured,2022,1,0.5939036523674491,32.0,4.46176232084884,1,0.40609634763255087,27.53823767915116,"(0.5, 0.65]"
configured,2022,1,0.5180283091934649,17.0,0.874679866585153,1,0.4819716908065351,16.125320133414846,"(0.5, 0.65]"
configured,2022,0,0.2659373875548044,-26.0,-10.822177646072788,1,-0.2659373875548044,-15.177822353927212,"(0.2, 0.35]"
configured,2022,0,0.6779770661005884,-3.0,9.134618906986661,1,-0.6779770661005884,-12.134618906986661,"(0.65, 0.8]"
configured,2022,0,0.486345924442706,-1.0,-0.9797677185318787,1,-0.486345924442706,-0.020232281468121283,"(0.35, 0.5]"
configured,2022,0,0.10854129146323876,-45.0,-21.763684266090312,1,-0.10854129146323876,-23.236315733909688,"(-0.001, 0.2]"
configured,2022,0,0.6709999729429821,-28.0,8.03898225925857,1,-0.6709999729429821,-36.03898225925857,"(0.65, 0.8]"
configured,2022,1,0.8325542730514712,15.0,17.278807438368688,1,0.16744572694852877,-2.2788074383686876,"(0.8, 1.0]"
configured,2022,0,0.6239200487567187,-7.0,5.92201237290763,1,-0.6239200487567187,-12.92201237290763,"(0.5, 0.65]"
configured,2022,1,0.9239500121843416,3.0,25.96296359318396,1,0.07604998781565842,-22.96296359318396,"(0.8, 1.0]"
configured,2022,1,0.5902480126106096,3.0,3.6003562801022944,1,0.40975198738939045,-0.6003562801022944,"(0.5, 0.65]"
configured,2022,0,0.7210337625635495,-2.0,9.474789426807886,1,-0.7210337625635495,-11.474789426807886,"(0.65, 0.8]"
configured,2022,0,0.4034895123516443,-35.0,-4.526155308401041,1,-0.4034895123516443,-30.47384469159896,"(0.35, 0.5]"
configured,2022,1,0.8393326967645601,28.0,16.611706638456507,1,0.16066730323543987,11.388293361543493,"(0.8, 1.0]"
configured,2022,1,0.9359618056027345,35.0,27.35871638304854,1,0.06403819439726555,7.641283616951458,"(0.8, 1.0]"
configured,2022,0,0.26365123520553946,-38.0,-10.402038274727976,1,-0.26365123520553946,-27.59796172527202,"(0.2, 0.35]"
configured,2022,0,0.9003668222245358,-6.0,22.702719181863806,1,-0.9003668222245358,-28.702719181863806,"(0.8, 1.0]"
configured,2022,1,0.6042778535568353,16.0,4.628941036843823,1,0.3957221464431647,11.371058963156177,"(0.5, 0.65]"
configured,2022,0,0.389590444411291,-7.0,-5.3323172625566855,1,-0.389590444411291,-1.6676827374433145,"(0.35, 0.5]"
configured,2022,0,0.6374957256916407,-14.0,6.04822630725692,1,-0.6374957256916407,-20.04822630725692,"(0.5, 0.65]"
configured,2022,0,0.7542805546570862,-7.0,12.646856056016357,1,-0.7542805546570862,-19.646856056016357,"(0.65, 0.8]"
configured,2022,0,0.6235004230836665,-7.0,5.532718961788515,1,-0.6235004230836665,-12.532718961788515,"(0.5, 0.65]"
configured,2022,0,0.3991236422976858,-6.0,-4.997121771765933,1,-0.3991236422976858,-1.0028782282340671,"(0.35, 0.5]"
configured,2022,0,0.46862978089793544,-2.0,-2.4703377697480176,1,-0.46862978089793544,0.47033776974801755,"(0.35, 0.5]"
configured,2022,1,0.3911674667378534,35.0,-5.478614386737972,1,0.6088325332621466,40.47861438673797,"(0.35, 0.5]"
configured,2022,1,0.6834600410472533,6.0,7.946154223850121,1,0.31653995895274667,-1.9461542238501206,"(0.65, 0.8]"
configured,2022,0,0.117233637404959,-24.0,-21.683558059553317,1,-0.117233637404959,-2.3164419404466834,"(-0.001, 0.2]"
configured,2022,0,0.9431039409614128,-3.0,27.769690156720443,1,-0.9431039409614128,-30.769690156720443,"(0.8, 1.0]"
configured,2022,0,0.7006357770493004,-1.0,10.194674157992203,1,-0.7006357770493004,-11.194674157992203,"(0.65, 0.8]"
configured,2022,1,0.9626247587463743,17.0,32.92344561778365,1,0.03737524125362568,-15.92344561778365,"(0.8, 1.0]"
configured,2022,1,0.8040097886811076,32.0,14.251671836676033,1,0.19599021131889238,17.74832816332397,"(0.8, 1.0]"
configured,2022,0,0.9221176211814146,-8.0,24.574071615075365,1,-0.9221176211814146,-32.57407161507537,"(0.8, 1.0]"
configured,2022,1,0.9419884022031273,2.0,28.44105234893214,1,0.058011597796872705,-26.44105234893214,"(0.8, 1.0]"
configured,2022,0,0.23778047394581153,-1.0,-12.071619454941459,1,-0.23778047394581153,11.071619454941459,"(0.2, 0.35]"
configured,2022,1,0.9052012100037659,2.0,22.909311893802705,1,0.09479878999623415,-20.909311893802705,"(0.8, 1.0]"
configured,2022,1,0.905114544137916,8.0,22.90428402007406,1,0.09488545586208397,-14.904284020074059,"(0.8, 1.0]"
configured,2022,1,0.9542883279954744,17.0,30.205762398826863,1,0.04571167200452564,-13.205762398826863,"(0.8, 1.0]"
configured,2022,0,0.42733067599432784,-1.0,-3.735851251401152,1,-0.42733067599432784,2.735851251401152,"(0.35, 0.5]"
configured,2022,1,0.1625782972919207,7.0,-18.376565602437225,1,0.8374217027080793,25.376565602437225,"(-0.001, 0.2]"
configured,2022,0,0.17384620215993063,-34.0,-16.089304614714067,1,-0.17384620215993063,-17.910695385285933,"(-0.001, 0.2]"
configured,2022,0,0.17650040241244977,-39.0,-16.883843712745232,1,-0.17650040241244977,-22.116156287254768,"(-0.001, 0.2]"
configured,2022,0,0.5738231913052312,-11.0,1.9474462930121548,1,-0.5738231913052312,-12.947446293012154,"(0.5, 0.65]"
configured,2022,0,0.48952267042038194,-17.0,-0.12707525085389992,1,-0.48952267042038194,-16.8729247491461,"(0.35, 0.5]"
configured,2022,0,0.4947420365981205,-24.0,0.6309014809155058,1,-0.4947420365981205,-24.630901480915504,"(0.35, 0.5]"
configured,2022,1,0.8108338757381389,13.0,15.631225987053877,1,0.18916612426186108,-2.6312259870538774,"(0.8, 1.0]"
configured,2022,1,0.8537330363854261,44.0,18.750954724670063,1,0.14626696361457392,25.249045275329937,"(0.8, 1.0]"
configured,2022,1,0.7338622383418609,30.0,10.988927126452316,1,0.26613776165813907,19.011072873547683,"(0.65, 0.8]"
configured,2022,0,0.24937993936398406,-41.0,-12.352551360380298,1,-0.24937993936398406,-28.647448639619704,"(0.2, 0.35]"
configured,2022,1,0.6535625980919573,5.0,5.7430043095407015,1,0.34643740190804273,-0.7430043095407015,"(0.65, 0.8]"
configured,2022,1,0.8653820984555204,18.0,19.572766801626454,1,0.1346179015444796,-1.5727668016264538,"(0.8, 1.0]"
configured,2022,0,0.4421395802708507,-7.0,-3.9002345969301024,1,-0.4421395802708507,-3.0997654030698976,"(0.35, 0.5]"
configured,2022,0,0.299004164237581,-45.0,-9.484716976784556,1,-0.299004164237581,-35.515283023215446,"(0.2, 0.35]"
configured,2022,0,0.15217351225818582,-10.0,-18.48155371353294,1,-0.15217351225818582,8.48155371353294,"(-0.001, 0.2]"
configured,2022,0,0.2208684809822668,-13.0,-13.697244276108723,1,-0.2208684809822668,0.697244276108723,"(0.2, 0.35]"
configured,2022,1,0.5820415281575554,15.0,3.435064718180413,1,0.4179584718424446,11.564935281819587,"(0.5, 0.65]"
configured,2022,1,0.49823712478224724,28.0,-0.22206822027607043,1,0.5017628752177528,28.22206822027607,"(0.35, 0.5]"
configured,2022,1,0.8538789137472922,24.0,18.078957274478178,1,0.1461210862527078,5.921042725521822,"(0.8, 1.0]"
configured,2022,0,0.5570699985650623,-3.0,2.187728443820031,1,-0.5570699985650623,-5.187728443820031,"(0.5, 0.65]"
configured,2022,1,0.915070263299449,34.0,24.141882810438563,1,0.08492973670055104,9.858117189561437,"(0.8, 1.0]"
configured,2022,0,0.09345500446264583,-20.0,-24.848722516931602,1,-0.09345500446264583,4.848722516931602,"(-0.001, 0.2]"
configured,2022,1,0.784844570507887,3.0,13.043098269881176,1,0.21515542949211297,-10.043098269881176,"(0.65, 0.8]"
configured,2022,0,0.7689839281079348,-4.0,13.080796312958704,1,-0.7689839281079348,-17.080796312958704,"(0.65, 0.8]"
configured,2022,1,0.5492846749733296,7.0,3.1220179846916514,1,0.45071532502667044,3.8779820153083486,"(0.5, 0.65]"
configured,2022,0,0.24085824091524405,-13.0,-13.020647674535123,1,-0.24085824091524405,0.020647674535123173,"(0.2, 0.35]"
configured,2022,0,0.2986612729727782,-3.0,-8.770278588756845,1,-0.2986612729727782,5.770278588756845,"(0.2, 0.35]"
configured,2022,1,0.40958047467329517,25.0,-4.078471289375164,1,0.5904195253267048,29.078471289375166,"(0.35, 0.5]"
configured,2022,0,0.4216083483349715,-4.0,-3.2294277852768096,1,-0.4216083483349715,-0.7705722147231904,"(0.35, 0.5]"
configured,2022,1,0.799558794091543,15.0,13.53323088403721,1,0.20044120590845704,1.4667691159627907,"(0.65, 0.8]"
configured,2022,1,0.4795510995221516,15.0,-0.12600856847159214,1,0.5204489004778484,15.126008568471592,"(0.35, 0.5]"
configured,2022,1,0.9518420979633146,31.0,30.05603527520009,1,0.04815790203668535,0.9439647247999083,"(0.8, 1.0]"
configured,2022,1,0.6767788499233973,10.0,7.525764782239792,1,0.3232211500766027,2.4742352177602083,"(0.65, 0.8]"
configured,2022,0,0.7323797170728656,-3.0,10.067472467743112,1,-0.7323797170728656,-13.067472467743112,"(0.65, 0.8]"
configured,2022,1,0.8389081529850351,47.0,17.034157738373224,1,0.16109184701496493,29.965842261626776,"(0.8, 1.0]"
configured,2022,1,0.7074630771687991,31.0,9.861483899038015,1,0.2925369228312009,21.138516100961986,"(0.65, 0.8]"
configured,2022,1,0.9305815092342975,12.0,25.76934949853381,1,0.0694184907657025,-13.76934949853381,"(0.8, 1.0]"
configured,2022,1,0.3839108496878797,4.0,-5.141852443304348,1,0.6160891503121203,9.141852443304348,"(0.35, 0.5]"
configured,2022,1,0.3241116834628987,3.0,-6.992446422940343,1,0.6758883165371012,9.992446422940343,"(0.2, 0.35]"
configured,2022,0,0.14534144780214558,-27.0,-17.75973253353498,1,-0.14534144780214558,-9.24026746646502,"(-0.001, 0.2]"
configured,2022,1,0.5558046135755056,6.0,2.5548535587085484,1,0.4441953864244944,3.4451464412914516,"(0.5, 0.65]"
configured,2022,1,0.83758891958787,1.0,16.724743090979853,1,0.16241108041213004,-15.724743090979853,"(0.8, 1.0]"
configured,2022,1,0.41749845349437475,24.0,-2.8082823778706225,1,0.5825015465056252,26.808282377870622,"(0.35, 0.5]"
configured,2022,0,0.27236962828081684,-2.0,-10.139808139326387,1,-0.27236962828081684,8.139808139326387,"(0.2, 0.35]"
configured,2022,1,0.7656139205568175,19.0,11.682976114072439,1,0.23438607944318246,7.317023885927561,"(0.65, 0.8]"
configured,2022,1,0.6502351445484748,6.0,6.762140831926123,1,0.34976485545152525,-0.7621408319261231,"(0.65, 0.8]"
configured,2022,1,0.3144710427527779,19.0,-8.418826013234195,1,0.6855289572472221,27.418826013234195,"(0.2, 0.35]"
configured,2022,0,0.8156437676986604,-3.0,16.713538885949315,1,-0.8156437676986604,-19.713538885949315,"(0.8, 1.0]"
configured,2022,1,0.4694454917443649,11.0,-2.293764105674452,1,0.5305545082556351,13.293764105674452,"(0.35, 0.5]"
configured,2022,1,0.28466724086019196,3.0,-11.176609068458063,1,0.715332759139808,14.176609068458063,"(0.2, 0.35]"
configured,2022,1,0.7344224645020461,17.0,10.607548895935135,1,0.26557753549795393,6.392451104064865,"(0.65, 0.8]"
configured,2022,0,0.3574691011765754,-3.0,-6.239445599440025,1,-0.3574691011765754,3.2394455994400246,"(0.35, 0.5]"
configured,2022,1,0.2795441877276778,2.0,-9.891177364150083,1,0.7204558122723221,11.891177364150083,"(0.2, 0.35]"
configured,2022,0,0.6558749763119286,-7.0,5.286061859096007,1,-0.6558749763119286,-12.286061859096007,"(0.65, 0.8]"
configured,2022,0,0.18903874233293397,-7.0,-15.099347757671161,1,-0.18903874233293397,8.099347757671161,"(-0.001, 0.2]"
configured,2022,1,0.66758194407462,7.0,6.529139990975409,1,0.33241805592538,0.4708600090245909,"(0.65, 0.8]"
configured,2022,1,0.9006895128844117,30.0,21.866118286599928,1,0.09931048711558832,8.133881713400072,"(0.8, 1.0]"
configured,2022,0,0.7968430902471835,-5.0,13.076128561573878,1,-0.7968430902471835,-18.076128561573878,"(0.65, 0.8]"
configured,2022,0,0.794257621967559,-1.0,14.430648246170453,1,-0.794257621967559,-15.430648246170453,"(0.65, 0.8]"
configured,2022,0,0.6583645923841239,-22.0,6.982600864634911,1,-0.6583645923841239,-28.98260086463491,"(0.65, 0.8]"
configured,2022,0,0.5693720661515922,-1.0,1.598799470953662,1,-0.5693720661515922,-2.598799470953662,"(0.5, 0.65]"
configured,2022,1,0.9844275536154439,23.0,40.05702185762827,1,0.015572446384556127,-17.05702185762827,"(0.8, 1.0]"
configured,2022,1,0.7788575347632218,37.0,13.178748805752424,1,0.22114246523677816,23.821251194247576,"(0.65, 0.8]"
configured,2022,0,0.8450346288985489,-35.0,17.644587689474623,1,-0.8450346288985489,-52.64458768947462,"(0.8, 1.0]"
configured,2022,0,0.137195957815532,-37.0,-20.023016617043925,1,-0.137195957815532,-16.976983382956075,"(-0.001, 0.2]"
configured,2022,1,0.3685752381931674,5.0,-5.499875844619737,1,0.6314247618068326,10.499875844619737,"(0.35, 0.5]"
configured,2022,1,0.3726676461558725,7.0,-5.215302799393449,1,0.6273323538441276,12.215302799393449,"(0.35, 0.5]"
configured,2022,0,0.35178744637373216,-3.0,-6.925620064236048,1,-0.35178744637373216,3.925620064236048,"(0.35, 0.5]"
configured,2022,0,0.6619338607556701,-3.0,7.397274517100307,1,-0.6619338607556701,-10.397274517100307,"(0.65, 0.8]"
configured,2022,0,0.9354884856544505,-32.0,26.438662332386034,1,-0.9354884856544505,-58.43866233238603,"(0.8, 1.0]"
configured,2022,1,0.8342509655836927,4.0,16.2407163728896,1,0.16574903441630728,-12.240716372889601,"(0.8, 1.0]"
configured,2022,1,0.5122616580018357,13.0,0.3934153629185415,1,0.48773834199816435,12.606584637081458,"(0.5, 0.65]"
configured,2022,0,0.7520127786685175,-7.0,11.944553940262326,1,-0.7520127786685175,-18.944553940262324,"(0.65, 0.8]"
configured,2022,1,0.8113738354240774,3.0,14.975769102286034,1,0.18862616457592263,-11.975769102286034,"(0.8, 1.0]"
configured,2022,1,0.8132718339627053,13.0,14.804764468655666,1,0.1867281660372947,-1.8047644686556659,"(0.8, 1.0]"
configured,2022,1,0.8057552799820296,3.0,15.153070658170163,1,0.19424472001797044,-12.153070658170163,"(0.8, 1.0]"
configured,2022,1,0.8215928029555462,22.0,15.814965869356786,1,0.17840719704445385,6.1850341306432135,"(0.8, 1.0]"
configured,2022,0,0.26109093590673854,-38.0,-11.217590903921376,1,-0.26109093590673854,-26.782409096078624,"(0.2, 0.35]"
configured,2022,0,0.21193307404514575,-14.0,-13.855799957006365,1,-0.21193307404514575,-0.14420004299363498,"(0.2, 0.35]"
configured,2022,1,0.13050179329648498,3.0,-19.61293107729778,1,0.8694982067035151,22.61293107729778,"(-0.001, 0.2]"
configured,2022,1,0.5806725147464993,4.0,2.4042643465664764,1,0.4193274852535007,1.5957356534335236,"(0.5, 0.65]"
configured,2022,0,0.09973936301357278,-29.0,-22.654896425510376,1,-0.09973936301357278,-6.345103574489624,"(-0.001, 0.2]"
configured,2022,0,0.1641342645582243,-10.0,-16.78382965662529,1,-0.1641342645582243,6.78382965662529,"(-0.001, 0.2]"
configured,2022,1,0.44363132398812377,19.0,-3.0063905867520826,1,0.5563686760118762,22.006390586752083,"(0.35, 0.5]"
configured,2022,1,0.7027988896516805,48.0,8.183820118944391,1,0.29720111034831953,39.81617988105561,"(0.65, 0.8]"
configured,2022,0,0.056718129729405195,-42.0,-28.880860709948116,1,-0.056718129729405195,-13.119139290051884,"(-0.001, 0.2]"
configured,2022,0,0.34789780059087105,-28.0,-7.423373015928863,1,-0.34789780059087105,-20.576626984071137,"(0.2, 0.35]"
configured,2022,0,0.6061544025211973,-10.0,4.175949081108342,1,-0.6061544025211973,-14.175949081108342,"(0.5, 0.65]"
configured,2022,1,0.16196537094319685,3.0,-18.194607647793518,1,0.8380346290568031,21.194607647793518,"(-0.001, 0.2]"
configured,2022,1,0.46917050381159386,5.0,-2.5067198783466433,1,0.5308294961884061,7.506719878346644,"(0.35, 0.5]"
configured,2022,0,0.1377519539608087,-5.0,-19.255406445404304,1,-0.1377519539608087,14.255406445404304,"(-0.001, 0.2]"
configured,2022,1,0.5240984914841987,15.0,0.5773316675743496,1,0.47590150851580126,14.422668332425651,"(0.5, 0.65]"
configured,2022,0,0.24201687339540912,-7.0,-12.318849492589216,1,-0.24201687339540912,5.318849492589216,"(0.2, 0.35]"
configured,2022,0,0.10497764419129336,-56.0,-22.48828725494207,1,-0.10497764419129336,-33.511712745057935,"(-0.001, 0.2]"
configured,2022,1,0.3664450302672688,11.0,-5.907581937944705,1,0.6335549697327312,16.907581937944705,"(0.35, 0.5]"
configured,2022,0,0.36213655358585406,-9.0,-6.488168541673867,1,-0.36213655358585406,-2.5118314583261334,"(0.35, 0.5]"
configured,2022,0,0.8690925488321184,-7.0,19.33959371445066,1,-0.8690925488321184,-26.33959371445066,"(0.8, 1.0]"
configured,2022,1,0.40058101363495596,3.0,-5.188284511473686,1,0.5994189863650441,8.188284511473686,"(0.35, 0.5]"
configured,2022,0,0.4643100714563949,-26.0,-2.65783150813593,1,-0.4643100714563949,-23.34216849186407,"(0.35, 0.5]"
configured,2022,1,0.8405594539697689,20.0,17.860531915204074,1,0.15944054603023106,2.1394680847959258,"(0.8, 1.0]"
configured,2022,0,0.33880303910726617,-10.0,-6.834697868026012,1,-0.33880303910726617,-3.165302131973988,"(0.2, 0.35]"
configured,2022,0,0.30241474440863453,-18.0,-8.053990368065206,1,-0.30241474440863453,-9.946009631934794,"(0.2, 0.35]"
configured,2022,0,0.40987881015461525,-9.0,-4.5912970654752066,1,-0.40987881015461525,-4.4087029345247934,"(0.35, 0.5]"
configured,2022,1,0.93818830954207,1.0,27.514510763226628,1,0.06181169045793,-26.514510763226628,"(0.8, 1.0]"
configured,2022,1,0.6681406331955918,21.0,7.2175453850886875,1,0.3318593668044082,13.782454614911313,"(0.65, 0.8]"
configured,2022,0,0.19526962125473737,-23.0,-13.231985548090966,0,-0.19526962125473737,-9.768014451909034,"(-0.001, 0.2]"
configured,2022,0,0.15867570986631357,-10.0,-16.68141624022268,0,-0.15867570986631357,6.681416240222681,"(-0.001, 0.2]"
configured,2022,0,0.44670863411536194,-3.0,-1.8047689348863762,0,-0.44670863411536194,-1.1952310651136238,"(0.35, 0.5]"
configured,2022,1,0.4998978843030051,19.0,-0.4711911458593283,1,0.5001021156969949,19.47119114585933,"(0.35, 0.5]"
configured,2022,1,0.8597014925096328,20.0,19.75882963446598,0,0.1402985074903672,0.24117036553402116,"(0.8, 1.0]"
configured,2022,0,0.37497807257471083,-12.0,-5.566707279168913,1,-0.37497807257471083,-6.433292720831087,"(0.35, 0.5]"
configured,2022,1,0.41459928637679094,17.0,-4.530314961202558,1,0.5854007136232091,21.530314961202556,"(0.35, 0.5]"
configured,2022,1,0.7569007399329419,21.0,12.911987514091658,0,0.24309926006705807,8.088012485908342,"(0.65, 0.8]"
configured,2022,0,0.17685523589503915,-29.0,-15.539916338129416,0,-0.17685523589503915,-13.460083661870584,"(-0.001, 0.2]"
configured,2022,1,0.8307517272829886,3.0,17.264851270557468,0,0.16924827271701137,-14.264851270557468,"(0.8, 1.0]"
configured,2023,1,0.758509896182957,39.0,12.568504054257751,0,0.24149010381704294,26.43149594574225,"(0.65, 0.8]"
configured,2023,0,0.536523581794066,-11.0,0.8802084808292918,1,-0.536523581794066,-11.880208480829292,"(0.5, 0.65]"
configured,2023,1,0.3914369970393132,7.0,-5.024853896116474,1,0.6085630029606868,12.024853896116474,"(0.35, 0.5]"
configured,2023,1,0.7090653518804588,7.0,9.563189254365437,1,0.2909346481195412,-2.5631892543654367,"(0.65, 0.8]"
configured,2023,1,0.8797391020528318,28.0,20.531925457331354,1,0.12026089794716821,7.468074542668646,"(0.8, 1.0]"
configured,2023,1,0.46027854618955605,5.0,-1.6102812535564563,1,0.539721453810444,6.610281253556456,"(0.35, 0.5]"
configured,2023,1,0.936216908128894,50.0,26.553770805321477,1,0.06378309187110598,23.446229194678523,"(0.8, 1.0]"
configured,2023,0,0.42318884756765146,-10.0,-3.8837499820064387,1,-0.42318884756765146,-6.116250017993561,"(0.35, 0.5]"
configured,2023,1,0.6531738423598763,13.0,6.31828138264482,1,0.3468261576401237,6.68171861735518,"(0.65, 0.8]"
configured,2023,1,0.8868053022944661,3.0,21.0198260552773,1,0.11319469770553392,-18.0198260552773,"(0.8, 1.0]"
configured,2023,1,0.6897673847980414,24.0,8.435756362050569,1,0.31023261520195855,15.564243637949431,"(0.65, 0.8]"
configured,2023,1,0.9040639443990943,35.0,22.71666718239792,1,0.09593605560090568,12.28333281760208,"(0.8, 1.0]"
configured,2023,0,0.1906302079496342,-5.0,-15.362807647411154,0,-0.1906302079496342,10.362807647411154,"(-0.001, 0.2]"
configured,2023,0,0.4576207754933578,-13.0,-2.1662029451691014,1,-0.4576207754933578,-10.8337970548309,"(0.35, 0.5]"
configured,2023,1,0.9518846047110852,73.0,29.452964163077453,1,0.04811539528891484,43.54703583692255,"(0.8, 1.0]"
configured,2023,0,0.701765996827826,-4.0,8.88158641974274,1,-0.701765996827826,-12.88158641974274,"(0.65, 0.8]"
configured,2023,1,0.8858670277438014,24.0,21.106703592903166,1,0.11413297225619856,2.893296407096834,"(0.8, 1.0]"
configured,2023,0,0.6719401050239772,-3.0,7.577743011130825,1,-0.6719401050239772,-10.577743011130824,"(0.65, 0.8]"
configured,2023,1,0.8963567943783314,36.0,22.41877759922857,0,0.10364320562166862,13.58122240077143,"(0.8, 1.0]"
configured,2023,0,0.8822773962092256,-3.0,20.635531876860334,1,-0.8822773962092256,-23.635531876860334,"(0.8, 1.0]"
configured,2023,1,0.9574293998742189,27.0,30.262298035394082,1,0.042570600125781066,-3.262298035394082,"(0.8, 1.0]"
configured,2023,1,0.8507539173519953,10.0,17.653281253894306,1,0.14924608264800465,-7.653281253894306,"(0.8, 1.0]"
configured,2023,1,0.8184761600001939,30.0,15.332116765957528,1,0.18152383999980615,14.667883234042472,"(0.8, 1.0]"
configured,2023,1,0.6018516907258863,10.0,3.7723423693459726,1,0.3981483092741137,6.227657630654027,"(0.5, 0.65]"
configured,2023,1,0.7633385921297302,3.0,11.970957665659677,1,0.2366614078702698,-8.970957665659677,"(0.65, 0.8]"
configured,2023,1,0.9252096585478033,45.0,25.021557508839187,1,0.07479034145219665,19.978442491160813,"(0.8, 1.0]"
configured,2023,1,0.9507133328304886,27.0,29.223355829871387,1,0.049286667169511356,-2.2233558298713874,"(0.8, 1.0]"
configured,2023,1,0.9176148231730925,21.0,24.27730133406139,1,0.08238517682690749,-3.2773013340613915,"(0.8, 1.0]"
configured,2023,1,0.6569845237519476,17.0,7.057724645379484,1,0.3430154762480524,9.942275354620516,"(0.65, 0.8]"
configured,2023,0,0.07393351728717762,-20.0,-25.619869843927262,1,-0.07393351728717762,5.619869843927262,"(-0.001, 0.2]"
configured,2023,1,0.7491725134931041,37.0,11.583006549052612,1,0.2508274865068959,25.416993450947388,"(0.65, 0.8]"
configured,2023,0,0.6841739652188766,-37.0,8.25407788400208,1,-0.6841739652188766,-45.25407788400208,"(0.65, 0.8]"
configured,2023,1,0.9725767763648772,52.0,34.385980835989486,1,0.02742322363512284,17.614019164010514,"(0.8, 1.0]"
configured,2023,1,0.40330354037784993,3.0,-3.891938279786161,1,0.59669645962215,6.891938279786161,"(0.35, 0.5]"
configured,2023,1,0.36905422085095796,4.0,-5.6477223257097116,1,0.630945779149042,9.647722325709712,"(0.35, 0.5]"
configured,2023,0,0.2930162562262938,-26.0,-10.32057149774648,1,-0.2930162562262938,-15.67942850225352,"(0.2, 0.35]"
configured,2023,0,0.8486275761695895,-11.0,17.640617536446786,1,-0.8486275761695895,-28.640617536446786,"(0.8, 1.0]"
configured,2023,1,0.9181699887978589,42.0,23.96818769825275,1,0.08183001120214106,18.03181230174725,"(0.8, 1.0]"
configured,2023,1,0.7578958585985576,2.0,12.051381482876426,1,0.24210414140144243,-10.051381482876426,"(0.65, 0.8]"
configured,2023,1,0.6696092808990557,14.0,8.073339555959597,0,0.3303907191009443,5.926660444040403,"(0.65, 0.8]"
configured,2023,1,0.9062568593700329,49.0,22.763296904920708,1,0.09374314062996714,26.236703095079292,"(0.8, 1.0]"
configured,2023,1,0.18530131007203407,2.0,-15.785062641403142,1,0.8146986899279659,17.785062641403144,"(-0.001, 0.2]"
configured,2023,1,0.8184714251302599,23.0,15.487902353469117,1,0.18152857486974006,7.512097646530883,"(0.8, 1.0]"
configured,2023,1,0.8927863141102561,19.0,21.073535883009008,1,0.10721368588974389,-2.073535883009008,"(0.8, 1.0]"
configured,2023,1,0.5365058986700244,20.0,1.700612882183263,1,0.4634941013299756,18.299387117816735,"(0.5, 0.65]"
configured,2023,1,0.5665378115104415,14.0,3.427265113601137,1,0.43346218848955853,10.572734886398862,"(0.5, 0.65]"
configured,2023,1,0.5654261799135347,17.0,2.6959854013847835,1,0.4345738200864653,14.304014598615217,"(0.5, 0.65]"
configured,2023,0,0.25233398322078593,-25.0,-11.97968929014636,1,-0.25233398322078593,-13.02031070985364,"(0.2, 0.35]"
configured,2023,1,0.43198750745424225,21.0,-2.3305226954025313,0,0.5680124925457577,23.330522695402532,"(0.35, 0.5]"
configured,2023,1,0.5183485773710199,21.0,0.16603681257008107,1,0.4816514226289801,20.83396318742992,"(0.5, 0.65]"
configured,2023,1,0.5445030725171698,11.0,1.0358296879637978,1,0.4554969274828302,9.964170312036202,"(0.5, 0.65]"
configured,2023,1,0.7622309234549212,16.0,12.308837458528753,1,0.23776907654507884,3.691162541471247,"(0.65, 0.8]"
configured,2023,1,0.4400677773801084,22.0,-2.7218656337473712,1,0.5599322226198916,24.72186563374737,"(0.35, 0.5]"
configured,2023,0,0.6601891323458386,-7.0,6.638427854803109,1,-0.6601891323458386,-13.638427854803108,"(0.65, 0.8]"
configured,2023,1,0.9585024250179243,42.0,30.889188439610166,1,0.041497574982075736,11.110811560389834,"(0.8, 1.0]"
configured,2023,0,0.3341995433937636,-1.0,-8.076138279587433,1,-0.3341995433937636,7.076138279587433,"(0.2, 0.35]"
configured,2023,0,0.4566746626938252,-21.0,-2.185381764090896,1,-0.4566746626938252,-18.814618235909105,"(0.35, 0.5]"
configured,2023,0,0.5220950357597326,-7.0,0.8918948037375944,1,-0.5220950357597326,-7.891894803737594,"(0.5, 0.65]"
configured,2023,1,0.6252825542695044,29.0,5.229762516298711,1,0.3747174457304956,23.770237483701287,"(0.5, 0.65]"
configured,2023,1,0.8815481156110837,7.0,20.171042414088575,1,0.1184518843889163,-13.171042414088575,"(0.8, 1.0]"
configured,2023,1,0.8853781447354862,41.0,20.549608809943102,1,0.11462185526451385,20.450391190056898,"(0.8, 1.0]"
configured,2023,1,0.5958582704196228,31.0,3.7330942289698528,1,0.4041417295803772,27.266905771030146,"(0.5, 0.65]"
configured,2023,0,0.4643314967842289,-13.0,-1.8574595176652693,1,-0.4643314967842289,-11.14254048233473,"(0.35, 0.5]"
configured,2023,1,0.9685573677694068,28.0,33.49908647799698,1,0.03144263223059318,-5.499086477996983,"(0.8, 1.0]"
configured,2023,1,0.7293213579298317,15.0,10.101594026006026,1,0.27067864207016834,4.898405973993974,"(0.65, 0.8]"
configured,2023,0,0.2948287547811483,-17.0,-9.24835477104405,1,-0.2948287547811483,-7.751645228955949,"(0.2, 0.35]"
configured,2023,0,0.43880801388528357,-7.0,-3.5727831635310148,1,-0.43880801388528357,-3.4272168364689852,"(0.35, 0.5]"
configured,2023,1,0.9178605997025967,22.0,24.13918921426812,1,0.0821394002974033,-2.1391892142681215,"(0.8, 1.0]"
configured,2023,0,0.2916367186570926,-18.0,-9.53177887402881,1,-0.2916367186570926,-8.46822112597119,"(0.2, 0.35]"
configured,2023,1,0.9282862699307365,33.0,25.403173533304688,1,0.07171373006926351,7.596826466695312,"(0.8, 1.0]"
configured,2023,1,0.7623830600576537,6.0,12.25267054727823,1,0.23761693994234634,-6.25267054727823,"(0.65, 0.8]"
configured,2023,1,0.6257536040245528,16.0,5.445350950896636,1,0.3742463959754472,10.554649049103364,"(0.5, 0.65]"
configured,2023,0,0.4617465624706548,-7.0,-1.2155806407084504,1,-0.4617465624706548,-5.784419359291549,"(0.35, 0.5]"
configured,2023,1,0.5352151131688268,14.0,1.5697048504080588,1,0.46478488683117325,12.430295149591942,"(0.5, 0.65]"
configured,2023,1,0.7442806387457064,17.0,11.347697735900017,1,0.2557193612542936,5.652302264099983,"(0.65, 0.8]"
configured,2023,1,0.35329519167477386,7.0,-6.5005202436537015,1,0.6467048083252261,13.500520243653702,"(0.35, 0.5]"
configured,2023,0,0.6790213929604463,-6.0,7.218431084690072,1,-0.6790213929604463,-13.21843108469007,"(0.65, 0.8]"
configured,2023,1,0.38459898416340266,7.0,-5.295838856447661,1,0.6154010158365973,12.295838856447661,"(0.35, 0.5]"
configured,2023,0,0.5335342904432014,-10.0,1.3522489552128891,1,-0.5335342904432014,-11.35224895521289,"(0.5, 0.65]"
configured,2023,0,0.45636153399688584,-8.0,-1.9451493729580447,1,-0.45636153399688584,-6.054850627041955,"(0.35, 0.5]"
configured,2023,0,0.3897352388226397,-2.0,-5.222606057412621,1,-0.3897352388226397,3.222606057412621,"(0.35, 0.5]"
configured,2023,1,0.22561814647684725,2.0,-13.505588791165211,1,0.7743818535231528,15.505588791165211,"(0.2, 0.35]"
configured,2023,0,0.20272290526738115,-34.0,-14.329855745103279,1,-0.20272290526738115,-19.67014425489672,"(0.2, 0.35]"
configured,2023,1,0.8694858562034526,4.0,18.946213079374928,1,0.13051414379654735,-14.946213079374928,"(0.8, 1.0]"
configured,2023,1,0.6058815042574602,21.0,4.392759083417292,1,0.39411849574253977,16.607240916582708,"(0.5, 0.65]"
configured,2023,1,0.5222531818252067,29.0,0.7943669526030579,1,0.47774681817479325,28.205633047396944,"(0.5, 0.65]"
configured,2023,1,0.24607764489870632,9.0,-12.308199794236534,1,0.7539223551012937,21.308199794236536,"(0.2, 0.35]"
configured,2023,1,0.910986537907623,18.0,23.232415848926514,1,0.08901346209237704,-5.2324158489265145,"(0.8, 1.0]"
configured,2023,0,0.36248895584703766,-25.0,-6.859190751557103,1,-0.36248895584703766,-18.1408092484429,"(0.35, 0.5]"
configured,2023,1,0.7947390576854048,7.0,14.509521488814825,1,0.20526094231459524,-7.5095214888148245,"(0.65, 0.8]"
configured,2023,1,0.8721701860638507,19.0,20.17141460739228,1,0.12782981393614934,-1.171414607392279,"(0.8, 1.0]"
configured,2023,1,0.9589725009511701,53.0,30.780756719865096,1,0.04102749904882985,22.219243280134904,"(0.8, 1.0]"
configured,2023,1,0.9218590451360344,46.0,24.82382525474553,1,0.07814095486396555,21.17617474525447,"(0.8, 1.0]"
configured,2023,0,0.5612661724661419,-12.0,2.1204382742211303,1,-0.5612661724661419,-14.12043827422113,"(0.5, 0.65]"
configured,2023,0,0.1715604571290349,-4.0,-16.417497450097706,1,-0.1715604571290349,12.417497450097706,"(-0.001, 0.2]"
configured,2023,1,0.6985569549976041,4.0,8.642618824642895,1,0.30144304500239594,-4.642618824642895,"(0.65, 0.8]"
configured,2023,0,0.8415377860355632,-8.0,17.07718530167029,1,-0.8415377860355632,-25.07718530167029,"(0.8, 1.0]"
configured,2023,1,0.8341104530800871,28.0,16.133231213604365,1,0.16588954691991287,11.866768786395635,"(0.8, 1.0]"
configured,2023,1,0.7840299921298035,18.0,13.506591075803206,1,0.2159700078701965,4.493408924196794,"(0.65, 0.8]"
configured,2023,0,0.614188691435674,-28.0,4.4167183312056775,1,-0.614188691435674,-32.41671833120568,"(0.5, 0.65]"
configured,2023,1,0.6903058076168163,3.0,8.084146716905302,1,0.30969419238318374,-5.084146716905302,"(0.65, 0.8]"
configured,2023,0,0.12711181790932918,-2.0,-19.931318559624884,1,-0.12711181790932918,17.931318559624884,"(-0.001, 0.2]"
configured,2023,0,0.15469607093466076,-7.0,-17.747192685960265,0,-0.15469607093466076,10.747192685960265,"(-0.001, 0.2]"
configured,2023,0,0.4420438796155635,-17.0,-3.089841060102847,1,-0.4420438796155635,-13.910158939897153,"(0.35, 0.5]"
configured,2023,0,0.20307331066905077,-3.0,-14.672789543061581,1,-0.20307331066905077,11.672789543061581,"(0.2, 0.35]"
configured,2023,1,0.8750063859415815,21.0,19.994968543253833,1,0.12499361405841847,1.005031456746167,"(0.8, 1.0]"
configured,2023,1,0.6431722518569372,3.0,5.812439018772446,1,0.35682774814306284,-2.812439018772446,"(0.5, 0.65]"
configured,2023,0,0.271208240772654,-27.0,-10.429221316722632,1,-0.271208240772654,-16.570778683277368,"(0.2, 0.35]"
configured,2023,1,0.6547264323176004,2.0,6.71630522998561,1,0.3452735676823996,-4.71630522998561,"(0.65, 0.8]"
configured,2023,1,0.833244899334429,24.0,16.689304982991636,1,0.16675510066557098,7.3106950170083635,"(0.8, 1.0]"
configured,2023,1,0.8549271926308202,24.0,18.093956568666364,1,0.14507280736917982,5.906043431333636,"(0.8, 1.0]"
configured,2023,1,0.7622086485042392,15.0,11.98021808071387,1,0.2377913514957608,3.01978191928613,"(0.65, 0.8]"
configured,2023,0,0.15025480568444513,-49.0,-17.990514884701703,1,-0.15025480568444513,-31.009485115298297,"(-0.001, 0.2]"
configured,2023,1,0.8707400122085394,10.0,19.82896069983199,1,0.12925998779146064,-9.828960699831988,"(0.8, 1.0]"
configured,2023,1,0.3704487840148395,19.0,-5.9257038706986425,1,0.6295512159851605,24.92570387069864,"(0.35, 0.5]"
configured,2023,0,0.1860374535111931,-14.0,-15.63704986660012,1,-0.1860374535111931,1.6370498666001208,"(-0.001, 0.2]"
configured,2023,1,0.8429134073374541,31.0,16.88563026393975,1,0.15708659266254588,14.114369736060251,"(0.8, 1.0]"
configured,2023,0,0.7446289482701124,-7.0,11.290315163725504,1,-0.7446289482701124,-18.290315163725502,"(0.65, 0.8]"
configured,2023,1,0.8590978267787479,17.0,18.5350433097406,1,0.1409021732212521,-1.535043309740601,"(0.8, 1.0]"
configured,2023,1,0.6256672364528808,18.0,5.337910300484087,1,0.3743327635471192,12.662089699515914,"(0.5, 0.65]"
configured,2023,0,0.2832597325610916,-18.0,-10.255017239465465,1,-0.2832597325610916,-7.744982760534535,"(0.2, 0.35]"
configured,2023,1,0.9194452680309626,53.0,24.620912379909427,1,0.0805547319690374,28.379087620090573,"(0.8, 1.0]"
configured,2023,1,0.8630763927038241,44.0,18.561446122657927,1,0.13692360729617592,25.438553877342073,"(0.8, 1.0]"
configured,2023,0,0.2453635578747279,-34.0,-11.332528474816225,1,-0.2453635578747279,-22.667471525183775,"(0.2, 0.35]"
configured,2023,0,0.24779425310313247,-16.0,-11.359688681226471,1,-0.24779425310313247,-4.640311318773529,"(0.2, 0.35]"
configured,2023,1,0.4671951238052226,3.0,-1.547723975549042,1,0.5328048761947775,4.547723975549042,"(0.35, 0.5]"
configured,2023,0,0.3655751694682504,-26.0,-5.784176817192886,1,-0.3655751694682504,-20.215823182807114,"(0.35, 0.5]"
configured,2023,1,0.3499284561281277,13.0,-6.627339627965851,1,0.6500715438718723,19.627339627965853,"(0.2, 0.35]"
configured,2023,0,0.5514522765261505,-2.0,1.2008728931289727,1,-0.5514522765261505,-3.200872893128973,"(0.5, 0.65]"
configured,2023,0,0.5888471541453238,-20.0,3.957384379079834,1,-0.5888471541453238,-23.957384379079834,"(0.5, 0.65]"
configured,2023,1,0.6982185836650605,4.0,8.616873772590107,1,0.3017814163349395,-4.6168737725901074,"(0.65, 0.8]"
configured,2023,0,0.2924716272831396,-3.0,-9.422978001122841,1,-0.2924716272831396,6.422978001122841,"(0.2, 0.35]"
configured,2023,1,0.46196447384758804,24.0,-1.2825888076118481,1,0.5380355261524119,25.282588807611848,"(0.35, 0.5]"
configured,2023,0,0.7914435551401753,-7.0,14.19515016703102,1,-0.7914435551401753,-21.19515016703102,"(0.65, 0.8]"
configured,2023,1,0.4561527776182074,11.0,-2.220972120750517,1,0.5438472223817926,13.220972120750517,"(0.35, 0.5]"
configured,2023,1,0.975959360420086,25.0,35.36974526428373,1,0.02404063957991398,-10.36974526428373,"(0.8, 1.0]"
configured,2023,1,0.8620583344964421,32.0,18.828894333900948,1,0.1379416655035579,13.171105666099052,"(0.8, 1.0]"
configured,2023,0,0.41766859068682743,-15.0,-3.2366923025883976,1,-0.41766859068682743,-11.763307697411602,"(0.35, 0.5]"
configured,2023,1,0.915590769778628,25.0,23.864545773739145,1,0.08440923022137203,1.1354542262608547,"(0.8, 1.0]"
configured,2023,0,0.8959284093893165,-7.0,21.987029318679085,1,-0.8959284093893165,-28.987029318679085,"(0.8, 1.0]"
configured,2023,0,0.5818864874174832,-23.0,3.316858629430887,1,-0.5818864874174832,-26.316858629430886,"(0.5, 0.65]"
configured,2023,1,0.9087531919668241,21.0,23.565660251295498,1,0.09124680803317586,-2.5656602512954976,"(0.8, 1.0]"
configured,2023,1,0.9657178907761522,45.0,32.85236436460906,1,0.03428210922384778,12.147635635390941,"(0.8, 1.0]"
configured,2023,1,0.8724448820665374,34.0,19.72896535827352,1,0.12755511793346264,14.27103464172648,"(0.8, 1.0]"
configured,2023,0,0.47334028544623796,-10.0,-1.2383741384757183,1,-0.47334028544623796,-8.761625861524282,"(0.35, 0.5]"
configured,2023,1,0.536563004791923,8.0,1.8234344595396088,1,0.463436995208077,6.176565540460391,"(0.5, 0.65]"
configured,2023,0,0.6553247606894285,-29.0,6.367393366956269,1,-0.6553247606894285,-35.36739336695627,"(0.65, 0.8]"
configured,2023,0,0.06872320635545727,-7.0,-25.84447459502789,1,-0.06872320635545727,18.84447459502789,"(-0.001, 0.2]"
configured,2023,1,0.6564352953000955,21.0,6.52322952196121,1,0.3435647046999045,14.476770478038791,"(0.65, 0.8]"
configured,2023,0,0.6265898595517504,-13.0,5.155754918427865,1,-0.6265898595517504,-18.155754918427867,"(0.5, 0.65]"
configured,2023,0,0.29113803355763,-21.0,-9.500115075996137,1,-0.29113803355763,-11.499884924003863,"(0.2, 0.35]"
configured,2023,0,0.3045484803499898,-3.0,-9.15006636140796,1,-0.3045484803499898,6.15006636140796,"(0.2, 0.35]"
configured,2023,0,0.48983486901041096,-25.0,-0.9598652281662812,1,-0.48983486901041096,-24.04013477183372,"(0.35, 0.5]"
configured,2023,0,0.3047427151204508,-3.0,-9.21502585323793,1,-0.3047427151204508,6.215025853237931,"(0.2, 0.35]"
configured,2023,1,0.4234096065384909,17.0,-3.5452602385283374,1,0.5765903934615091,20.545260238528336,"(0.35, 0.5]"
configured,2023,0,0.35840359960913887,-14.0,-6.089299505353747,1,-0.35840359960913887,-7.910700494646253,"(0.35, 0.5]"
configured,2023,1,0.7831571002203492,13.0,13.342523390224379,1,0.21684289977965077,-0.34252339022437894,"(0.65, 0.8]"
configured,2023,1,0.5602142263450683,17.0,2.8715897014936824,1,0.43978577365493166,14.128410298506317,"(0.5, 0.65]"
configured,2023,1,0.931702794884067,24.0,25.926309070281356,1,0.06829720511593296,-1.9263090702813557,"(0.8, 1.0]"
configured,2023,1,0.5469473340452397,7.0,1.655918067675196,1,0.45305266595476035,5.344081932324804,"(0.5, 0.65]"
configured,2023,0,0.6367684810248186,-8.0,5.535389784692251,1,-0.6367684810248186,-13.535389784692251,"(0.5, 0.65]"
configured,2023,0,0.38573760995532647,-7.0,-4.951105396797661,1,-0.38573760995532647,-2.0488946032023394,"(0.35, 0.5]"
configured,2023,0,0.30153168216989695,-17.0,-9.277648951647297,1,-0.30153168216989695,-7.722351048352703,"(0.2, 0.35]"
configured,2023,1,0.5996370927286606,3.0,3.9590961572857926,1,0.4003629072713394,-0.9590961572857926,"(0.5, 0.65]"
configured,2023,1,0.8230043295235618,18.0,15.454477214518157,1,0.17699567047643816,2.545522785481843,"(0.8, 1.0]"
configured,2023,0,0.4830639116704587,-37.0,-0.5257587555693077,1,-0.4830639116704587,-36.474241244430694,"(0.35, 0.5]"
configured,2023,0,0.4133513425973026,-22.0,-3.417716845233116,1,-0.4133513425973026,-18.582283154766884,"(0.35, 0.5]"
configured,2023,1,0.9720327742253798,36.0,34.078611097059536,1,0.027967225774620186,1.921388902940464,"(0.8, 1.0]"
configured,2023,1,0.713198636357818,7.0,9.311729601537209,1,0.286801363642182,-2.311729601537209,"(0.65, 0.8]"
configured,2023,1,0.833542089542171,6.0,16.671730778752952,1,0.16645791045782898,-10.671730778752952,"(0.8, 1.0]"
configured,2023,1,0.8955315150073289,11.0,21.71980973520442,1,0.10446848499267114,-10.719809735204421,"(0.8, 1.0]"
configured,2023,0,0.27032293723181655,-34.0,-11.078145033460933,1,-0.27032293723181655,-22.921854966539065,"(0.2, 0.35]"
configured,2023,0,0.23972899719012794,-34.0,-12.036131009939849,1,-0.23972899719012794,-21.96386899006015,"(0.2, 0.35]"
configured,2023,0,0.6768167914617058,-3.0,7.222561139636826,1,-0.6768167914617058,-10.222561139636827,"(0.65, 0.8]"
configured,2023,0,0.25339003837019713,-31.0,-11.179588498006323,1,-0.25339003837019713,-19.820411501993675,"(0.2, 0.35]"
configured,2023,1,0.4647980031807588,14.0,-1.5319431109469832,1,0.5352019968192412,15.531943110946983,"(0.35, 0.5]"
configured,2023,1,0.6851236800109294,14.0,8.343598116456722,1,0.3148763199890706,5.656401883543278,"(0.65, 0.8]"
configured,2023,1,0.35719437385851854,7.0,-6.107519676104413,1,0.6428056261414814,13.107519676104413,"(0.35, 0.5]"
configured,2023,1,0.7980652196802029,28.0,14.075374701211743,1,0.20193478031979706,13.924625298788257,"(0.65, 0.8]"
configured,2023,1,0.6521975915680918,31.0,7.028035163257517,1,0.34780240843190824,23.971964836742483,"(0.65, 0.8]"
configured,2023,1,0.5456828971818483,7.0,1.2120388455850948,1,0.45431710281815174,5.787961154414905,"(0.5, 0.65]"
configured,2023,1,0.7210367452839248,13.0,10.084356222712763,1,0.2789632547160752,2.9156437772872366,"(0.65, 0.8]"
configured,2023,0,0.8183658467454386,-4.0,15.08704372986041,1,-0.8183658467454386,-19.08704372986041,"(0.8, 1.0]"
configured,2023,0,0.7109964585551897,-14.0,9.12608323892918,1,-0.7109964585551897,-23.12608323892918,"(0.65, 0.8]"
configured,2023,0,0.5649816151011113,-32.0,2.2167812994583422,1,-0.5649816151011113,-34.21678129945834,"(0.5, 0.65]"
configured,2023,0,0.7200527027778486,-8.0,9.904374307998847,1,-0.7200527027778486,-17.904374307998847,"(0.65, 0.8]"
configured,2023,1,0.827859859407361,3.0,16.209879419043517,1,0.17214014059263905,-13.209879419043517,"(0.8, 1.0]"
configured,2023,1,0.9051909918921022,15.0,22.96751402268263,1,0.09480900810789783,-7.967514022682629,"(0.8, 1.0]"
configured,2023,0,0.3699028361936475,-1.0,-5.327882206300524,1,-0.3699028361936475,4.327882206300524,"(0.35, 0.5]"
configured,2023,1,0.3030051066400623,3.0,-9.318495366268275,1,0.6969948933599377,12.318495366268275,"(0.2, 0.35]"
configured,2023,1,0.3829601928233376,3.0,-5.3743979189155215,1,0.6170398071766624,8.374397918915522,"(0.35, 0.5]"
configured,2023,1,0.7908547433270363,11.0,13.50283761006085,1,0.2091452566729637,-2.5028376100608494,"(0.65, 0.8]"
configured,2023,1,0.3617298908729872,7.0,-6.2257402880865715,1,0.6382701091270129,13.225740288086572,"(0.35, 0.5]"
configured,2023,1,0.6772218505498155,7.0,8.066150030893287,0,0.32277814945018446,-1.0661500308932865,"(0.65, 0.8]"
configured,2023,1,0.8235474439387742,31.0,15.445575214874848,1,0.17645255606122578,15.554424785125152,"(0.8, 1.0]"
configured,2023,0,0.3996393271566846,-32.0,-4.540379017242241,1,-0.3996393271566846,-27.45962098275776,"(0.35, 0.5]"
configured,2023,1,0.6734183577231461,2.0,7.691277983638394,1,0.32658164227685393,-5.691277983638394,"(0.65, 0.8]"
configured,2023,1,0.9337936964694108,28.0,26.659316262209835,1,0.0662063035305892,1.3406837377901653,"(0.8, 1.0]"
configured,2023,0,0.25543149388701236,-3.0,-11.13289207471965,1,-0.25543149388701236,8.13289207471965,"(0.2, 0.35]"
configured,2023,1,0.6561936338827228,7.0,6.56883102236611,1,0.3438063661172772,0.43116897763388984,"(0.65, 0.8]"
configured,2023,1,0.38552878228611176,7.0,-5.229305189164161,1,0.6144712177138882,12.229305189164162,"(0.35, 0.5]"
configured,2023,1,0.29068991039287656,3.0,-9.809750212265424,1,0.7093100896071234,12.809750212265424,"(0.2, 0.35]"
configured,2023,1,0.3662556060362687,13.0,-5.853953311060771,1,0.6337443939637313,18.85395331106077,"(0.35, 0.5]"
configured,2023,0,0.2512842321451345,-7.0,-12.45601921515902,1,-0.2512842321451345,5.456019215159021,"(0.2, 0.35]"
configured,2023,0,0.4778511188193326,-17.0,-0.7534511524288208,1,-0.4778511188193326,-16.24654884757118,"(0.35, 0.5]"
configured,2023,0,0.6875787569479271,-17.0,8.247117339277182,1,-0.6875787569479271,-25.24711733927718,"(0.65, 0.8]"
configured,2023,1,0.688988041549949,43.0,8.271255831890258,1,0.31101195845005103,34.72874416810974,"(0.65, 0.8]"
configured,2023,1,0.9293525517748746,27.0,25.73712063140107,1,0.07064744822512536,1.2628793685989308,"(0.8, 1.0]"
configured,2023,0,0.23412964169994155,-14.0,-12.394503624095988,1,-0.23412964169994155,-1.6054963759040124,"(0.2, 0.35]"
configured,2023,1,0.5746820969970727,3.0,3.3053200051142007,1,0.42531790300292727,-0.30532000511420065,"(0.5, 0.65]"
configured,2023,1,0.7084731295265949,21.0,9.003682648491386,1,0.2915268704734051,11.996317351508614,"(0.65, 0.8]"
configured,2023,1,0.39109618558984177,22.0,-4.666300073211674,1,0.6089038144101582,26.666300073211673,"(0.35, 0.5]"
configured,2023,0,0.39433540529083144,-3.0,-5.301304156174252,1,-0.39433540529083144,2.301304156174252,"(0.35, 0.5]"
configured,2023,1,0.5660499314005714,14.0,2.7981798145599197,1,0.43395006859942864,11.20182018544008,"(0.5, 0.65]"
configured,2023,0,0.7802143884655046,-14.0,12.938306534450568,1,-0.7802143884655046,-26.938306534450568,"(0.65, 0.8]"
configured,2023,1,0.2945317044281508,8.0,-9.72723660729513,1,0.7054682955718492,17.72723660729513,"(0.2, 0.35]"
configured,2023,0,0.1615920640861423,-28.0,-17.85431757801401,1,-0.1615920640861423,-10.145682421985988,"(-0.001, 0.2]"
configured,2023,0,0.5134174243148865,-3.0,0.06028251602846524,1,-0.5134174243148865,-3.0602825160284652,"(0.5, 0.65]"
configured,2023,0,0.07071050051299155,-7.0,-25.615642917168152,1,-0.07071050051299155,18.615642917168152,"(-0.001, 0.2]"
configured,2023,1,0.8237184650805621,11.0,16.304103244523287,1,0.17628153491943788,-5.3041032445232865,"(0.8, 1.0]"
configured,2023,0,0.7630908099716001,-1.0,12.068798983825447,1,-0.7630908099716001,-13.068798983825447,"(0.65, 0.8]"
configured,2023,0,0.6315397783632357,-12.0,6.120593342512437,0,-0.6315397783632357,-18.120593342512436,"(0.5, 0.65]"
configured,2023,1,0.4501712895872304,8.0,-1.9953835801376698,1,0.5498287104127696,9.99538358013767,"(0.35, 0.5]"
configured,2023,0,0.3909158516195267,-17.0,-5.179722428772671,1,-0.3909158516195267,-11.82027757122733,"(0.35, 0.5]"
configured,2023,1,0.5526566897759676,19.0,1.8179951155846958,1,0.4473433102240324,17.182004884415303,"(0.5, 0.65]"
configured,2023,1,0.7606282822747974,12.0,12.145476762566494,1,0.2393717177252026,-0.1454767625664939,"(0.65, 0.8]"
configured,2023,1,0.6201823392441056,3.0,5.322007091253109,1,0.3798176607558944,-2.3220070912531092,"(0.5, 0.65]"
configured,2023,1,0.7199544057811744,3.0,9.418664310326678,1,0.2800455942188256,-6.418664310326678,"(0.65, 0.8]"
configured,2023,0,0.48978252875810274,-20.0,-0.10319224784173064,1,-0.48978252875810274,-19.89680775215827,"(0.35, 0.5]"
configured,2023,1,0.3874052433761286,3.0,-4.895795572826473,1,0.6125947566238714,7.895795572826473,"(0.35, 0.5]"
configured,2023,0,0.5590679704934595,-14.0,2.2035204239663786,1,-0.5590679704934595,-16.203520423966378,"(0.5, 0.65]"
configured,2023,1,0.8853836523241353,6.0,20.372352878890837,1,0.1146163476758647,-14.372352878890837,"(0.8, 1.0]"
configured,2023,0,0.32594881664220104,-7.0,-8.306340973228714,1,-0.32594881664220104,1.3063409732287141,"(0.2, 0.35]"
configured,2023,1,0.72231842655189,2.0,9.901631423554992,1,0.27768157344810995,-7.901631423554992,"(0.65, 0.8]"
configured,2023,0,0.6697208753134646,-1.0,7.429532189143904,1,-0.6697208753134646,-8.429532189143904,"(0.65, 0.8]"
configured,2023,1,0.32584263134842073,25.0,-8.17349866302505,1,0.6741573686515793,33.17349866302505,"(0.2, 0.35]"
configured,2023,1,0.4832780521690768,18.0,-1.5070164595953521,1,0.5167219478309232,19.507016459595352,"(0.35, 0.5]"
configured,2023,0,0.622723519531539,-24.0,4.664036361492265,1,-0.622723519531539,-28.664036361492265,"(0.5, 0.65]"
configured,2023,0,0.7549843288236204,-11.0,11.386409394601328,1,-0.7549843288236204,-22.38640939460133,"(0.65, 0.8]"
configured,2023,1,0.8078301290240081,27.0,14.498592308055157,1,0.19216987097599192,12.501407691944843,"(0.8, 1.0]"
configured,2023,1,0.7416693907553938,21.0,10.476386091813675,1,0.25833060924460616,10.523613908186325,"(0.65, 0.8]"
configured,2023,0,0.06006782230184707,-38.0,-27.313884317050878,1,-0.06006782230184707,-10.686115682949122,"(-0.001, 0.2]"
configured,2023,1,0.6624945221182585,26.0,7.6017757788928595,1,0.33750547788174146,18.398224221107142,"(0.65, 0.8]"
configured,2023,1,0.47557967606048934,3.0,-0.8693864462362844,1,0.5244203239395107,3.8693864462362844,"(0.35, 0.5]"
configured,2023,0,0.20901952915501892,-17.0,-14.193817634848335,1,-0.20901952915501892,-2.806182365151665,"(0.2, 0.35]"
configured,2023,1,0.6247609372718453,24.0,5.400637100225069,1,0.37523906272815466,18.59936289977493,"(0.5, 0.65]"
configured,2023,1,0.8018915517383602,9.0,14.146908500840846,1,0.19810844826163976,-5.146908500840846,"(0.8, 1.0]"
configured,2023,1,0.4155547554296086,6.0,-3.488930936565688,1,0.5844452445703914,9.488930936565687,"(0.35, 0.5]"
configured,2023,0,0.09430099067910865,-36.0,-22.897241395406084,1,-0.09430099067910865,-13.102758604593916,"(-0.001, 0.2]"
configured,2023,1,0.8316720970159681,30.0,16.652024072098605,1,0.16832790298403189,13.347975927901395,"(0.8, 1.0]"
configured,2023,0,0.5822545232222216,-14.0,2.902893956915303,1,-0.5822545232222216,-16.902893956915303,"(0.5, 0.65]"
configured,2023,1,0.3986443251508742,10.0,-3.9813846125145957,1,0.6013556748491258,13.981384612514596,"(0.35, 0.5]"
configured,2023,0,0.5142733510398,-21.0,0.1524270406157271,1,-0.5142733510398,-21.152427040615727,"(0.5, 0.65]"
configured,2023,1,0.4691360909724611,7.0,-1.8776821957509702,1,0.5308639090275389,8.877682195750971,"(0.35, 0.5]"
configured,2023,1,0.7915270553242659,21.0,14.264232003441965,1,0.20847294467573407,6.735767996558035,"(0.65, 0.8]"
configured,2023,1,0.8787004632523654,18.0,20.420622603352598,1,0.1212995367476346,-2.420622603352598,"(0.8, 1.0]"
configured,2023,1,0.639585300021434,10.0,5.459232942259282,1,0.360414699978566,4.540767057740718,"(0.5, 0.65]"
configured,2023,0,0.6555199917877794,-7.0,6.263354993938241,1,-0.6555199917877794,-13.26335499393824,"(0.65, 0.8]"
configured,2023,0,0.5507324260100018,-3.0,2.3399072731957875,1,-0.5507324260100018,-5.339907273195788,"(0.5, 0.65]"
configured,2023,1,0.672816781679042,39.0,7.613852541019692,1,0.327183218320958,31.386147458980307,"(0.65, 0.8]"
configured,2023,1,0.49723373356651,17.0,-0.927996173598201,1,0.50276626643349,17.927996173598203,"(0.35, 0.5]"
configured,2023,0,0.24955750581049455,-1.0,-11.624717738951741,1,-0.24955750581049455,10.624717738951741,"(0.2, 0.35]"
configured,2023,0,0.5008267317333532,-23.0,-0.4602540670983526,1,-0.5008267317333532,-22.539745932901646,"(0.5, 0.65]"
configured,2023,0,0.23670426786841445,-7.0,-12.23594509443538,1,-0.23670426786841445,5.23594509443538,"(0.2, 0.35]"
configured,2023,1,0.8147876306112889,18.0,15.375450992125783,1,0.1852123693887111,2.624549007874217,"(0.8, 1.0]"
configured,2023,1,0.49692517146601217,17.0,-0.48094225576404126,1,0.5030748285339879,17.48094225576404,"(0.35, 0.5]"
configured,2023,0,0.2288210676832116,-7.0,-12.952195053311057,1,-0.2288210676832116,5.952195053311057,"(0.2, 0.35]"
configured,2023,1,0.42706622656507487,8.0,-3.2999708170221345,1,0.5729337734349251,11.299970817022135,"(0.35, 0.5]"
configured,2023,0,0.9113634083560027,-13.0,23.316649594201856,1,-0.9113634083560027,-36.316649594201856,"(0.8, 1.0]"
configured,2023,0,0.48468583621856115,-3.0,-1.0531020902035544,1,-0.48468583621856115,-1.9468979097964456,"(0.35, 0.5]"
configured,2023,1,0.8600701804315929,11.0,18.40541480099477,1,0.1399298195684071,-7.40541480099477,"(0.8, 1.0]"
configured,2023,0,0.2558971423008109,-10.0,-11.444072190632149,1,-0.2558971423008109,1.4440721906321485,"(0.2, 0.35]"
configured,2023,1,0.9234810309676154,13.0,24.844240864566103,1,0.07651896903238464,-11.844240864566103,"(0.8, 1.0]"
configured,2023,0,0.24515623336109507,-17.0,-12.116850349682993,1,-0.24515623336109507,-4.883149650317007,"(0.2, 0.35]"
configured,2023,1,0.855897650267714,20.0,18.5732993844763,1,0.14410234973228597,1.4267006155236999,"(0.8, 1.0]"
configured,2023,0,0.5599090614156961,-4.0,3.030729060968968,0,-0.5599090614156961,-7.030729060968968,"(0.5, 0.65]"
configured,2023,0,0.2900292347701375,-15.0,-9.822244482246369,1,-0.2900292347701375,-5.177755517753631,"(0.2, 0.35]"
configured,2023,1,0.4937771281147126,24.0,-0.8192586650379794,1,0.5062228718852875,24.819258665037978,"(0.35, 0.5]"
configured,2023,1,0.547869237775591,7.0,1.533665506126919,1,0.45213076222440896,5.466334493873081,"(0.5, 0.65]"
configured,2023,1,0.6587708586516698,8.0,7.160820534126316,1,0.34122914134833016,0.8391794658736842,"(0.65, 0.8]"
configured,2023,0,0.3427575125557405,-6.0,-7.673532820207315,1,-0.3427575125557405,1.6735328202073152,"(0.2, 0.35]"
configured,2023,1,0.66020620708702,27.0,6.398185996023885,1,0.33979379291297995,20.601814003976116,"(0.65, 0.8]"
configured,2023,1,0.6199893929270492,4.0,4.774341651782645,1,0.38001060707295076,-0.7743416517826454,"(0.5, 0.65]"
configured,2023,1,0.8676962512971698,22.0,19.268309599546022,1,0.13230374870283024,2.731690400453978,"(0.8, 1.0]"
configured,2023,1,0.6656246696605779,33.0,7.449674574340539,1,0.3343753303394221,25.550325425659462,"(0.65, 0.8]"
configured,2023,0,0.4343841868463483,-41.0,-3.1738243382177185,1,-0.4343841868463483,-37.82617566178228,"(0.35, 0.5]"
configured,2023,1,0.6205721633898648,6.0,4.743856292246576,1,0.37942783661013524,1.2561437077534237,"(0.5, 0.65]"
configured,2023,1,0.5459613800979692,14.0,1.8112741073991843,1,0.45403861990203076,12.188725892600816,"(0.5, 0.65]"
configured,2023,1,0.8137474533012459,25.0,14.746935077594813,1,0.18625254669875413,10.253064922405187,"(0.8, 1.0]"
configured,2023,1,0.7885516867547019,5.0,13.485892063560529,1,0.21144831324529811,-8.485892063560529,"(0.65, 0.8]"
configured,2023,1,0.5394196129670813,3.0,1.2091257606481685,1,0.4605803870329187,1.7908742393518315,"(0.5, 0.65]"
configured,2023,1,0.5772255905739276,21.0,3.5808900666390735,1,0.42277440942607236,17.419109933360925,"(0.5, 0.65]"
configured,2023,1,0.8025222519751015,24.0,14.843022627743464,1,0.19747774802489848,9.156977372256536,"(0.8, 1.0]"
configured,2023,1,0.8696980070986171,34.0,19.09054359583682,1,0.1303019929013829,14.90945640416318,"(0.8, 1.0]"
configured,2023,1,0.5026286309573341,29.0,-0.12861254269396927,1,0.4973713690426659,29.12861254269397,"(0.5, 0.65]"
configured,2023,0,0.3476494010694967,-7.0,-6.787323217911915,1,-0.3476494010694967,-0.21267678208808505,"(0.2, 0.35]"
configured,2023,1,0.6930392040188214,3.0,8.41441438642217,1,0.30696079598117865,-5.41441438642217,"(0.65, 0.8]"
configured,2023,0,0.8246967121363553,-3.0,15.673568007363835,1,-0.8246967121363553,-18.673568007363833,"(0.8, 1.0]"
configured,2023,1,0.8501248585939404,38.0,17.814193274125692,1,0.14987514140605962,20.185806725874308,"(0.8, 1.0]"
configured,2023,0,0.16641879346986732,-48.0,-16.67008617991302,1,-0.16641879346986732,-31.32991382008698,"(-0.001, 0.2]"
configured,2023,0,0.7236760131179998,-4.0,9.309456320728474,1,-0.7236760131179998,-13.309456320728474,"(0.65, 0.8]"
configured,2023,0,0.298557836918839,-42.0,-8.827397453926107,1,-0.298557836918839,-33.17260254607389,"(0.2, 0.35]"
configured,2023,1,0.7226543202215459,7.0,10.130856278926652,1,0.27734567977845415,-3.130856278926652,"(0.65, 0.8]"
configured,2023,1,0.6264540918910344,13.0,5.361686550213155,1,0.3735459081089656,7.638313449786845,"(0.5, 0.65]"
configured,2023,1,0.44037462109319386,13.0,-3.3145488649965094,1,0.5596253789068062,16.31454886499651,"(0.35, 0.5]"
configured,2023,0,0.8516129463826181,-3.0,17.53947678192051,1,-0.8516129463826181,-20.53947678192051,"(0.8, 1.0]"
configured,2023,1,0.6053585883638825,20.0,4.463332980985976,1,0.39464141163611755,15.536667019014024,"(0.5, 0.65]"
configured,2023,1,0.5599305215656578,5.0,1.9408848304779278,1,0.4400694784343422,3.059115169522072,"(0.5, 0.65]"
configured,2023,0,0.46056632305151624,-25.0,-1.8408997117011463,1,-0.46056632305151624,-23.159100288298852,"(0.35, 0.5]"
configured,2023,1,0.7644912120258408,8.0,12.0281158976522,1,0.2355087879741592,-4.028115897652199,"(0.65, 0.8]"
configured,2023,0,0.17457732172339,-12.0,-16.502070251450156,1,-0.17457732172339,4.5020702514501565,"(-0.001, 0.2]"
configured,2023,1,0.8317488074942486,2.0,17.034809523508127,1,0.16825119250575138,-15.034809523508127,"(0.8, 1.0]"
configured,2023,1,0.7476030821487065,8.0,11.169333139016056,1,0.2523969178512935,-3.1693331390160555,"(0.65, 0.8]"
configured,2023,0,0.5499412858906829,-3.0,2.4991797289232913,1,-0.5499412858906829,-5.499179728923291,"(0.5, 0.65]"
configured,2023,0,0.41732114106251367,-13.0,-4.028305917255517,1,-0.41732114106251367,-8.971694082744483,"(0.35, 0.5]"
configured,2023,1,0.5714398010401257,2.0,3.1009514694906466,1,0.4285601989598743,-1.1009514694906466,"(0.5, 0.65]"
configured,2023,0,0.31641645643613514,-21.0,-7.945378705425405,1,-0.31641645643613514,-13.054621294574595,"(0.2, 0.35]"
configured,2023,0,0.4595640222791757,-10.0,-1.7093042006177521,1,-0.4595640222791757,-8.290695799382249,"(0.35, 0.5]"
configured,2023,0,0.414811116693769,-5.0,-4.21384740466953,1,-0.414811116693769,-0.7861525953304698,"(0.35, 0.5]"
configured,2023,0,0.4175984038276874,-3.0,-3.5306514870624603,1,-0.4175984038276874,0.5306514870624603,"(0.35, 0.5]"
configured,2023,0,0.1407214337783021,-34.0,-18.61869897245066,1,-0.1407214337783021,-15.381301027549341,"(-0.001, 0.2]"
configured,2023,1,0.5155330078799784,31.0,0.8281556195521449,1,0.48446699212002164,30.171844380447855,"(0.5, 0.65]"
configured,2023,1,0.8451742588616047,38.0,17.704333548350498,1,0.1548257411383953,20.295666451649502,"(0.8, 1.0]"
configured,2023,1,0.627485654785239,14.0,5.278244100032221,1,0.372514345214761,8.721755899967778,"(0.5, 0.65]"
configured,2023,0,0.08385520393204163,-17.0,-24.625521145644292,1,-0.08385520393204163,7.625521145644292,"(-0.001, 0.2]"
configured,2023,1,0.48984317438342717,3.0,-0.9290004376761885,1,0.5101568256165728,3.9290004376761885,"(0.35, 0.5]"
configured,2023,1,0.6377586663569722,3.0,5.99279885040597,1,0.3622413336430278,-2.99279885040597,"(0.5, 0.65]"
configured,2023,0,0.6769975304411053,-20.0,7.9157059552097,1,-0.6769975304411053,-27.9157059552097,"(0.65, 0.8]"
configured,2023,1,0.7105828673623955,28.0,9.632993966259821,1,0.2894171326376045,18.36700603374018,"(0.65, 0.8]"
configured,2023,1,0.9492381935937884,45.0,28.770371142748438,1,0.05076180640621164,16.229628857251562,"(0.8, 1.0]"
configured,2023,0,0.3378727908017065,-7.0,-6.9268729305689725,1,-0.3378727908017065,-0.07312706943102754,"(0.2, 0.35]"
configured,2023,0,0.32730680551631275,-14.0,-7.592547405863034,1,-0.32730680551631275,-6.407452594136966,"(0.2, 0.35]"
configured,2023,1,0.8891171320421772,20.0,21.11000858220484,1,0.11088286795782276,-1.1100085822048413,"(0.8, 1.0]"
configured,2023,0,0.5109322621190358,-2.0,0.08050948404109093,1,-0.5109322621190358,-2.080509484041091,"(0.5, 0.65]"
configured,2023,1,0.9626775074655451,63.0,31.69646830674135,1,0.037322492534454854,31.30353169325865,"(0.8, 1.0]"
configured,2023,0,0.4309002485120283,-19.0,-3.139386753487912,1,-0.4309002485120283,-15.860613246512088,"(0.35, 0.5]"
configured,2023,0,0.45014893148928714,-3.0,-3.0787274609634263,1,-0.45014893148928714,0.07872746096342631,"(0.35, 0.5]"
configured,2023,1,0.8025037870172134,33.0,14.958252200925607,1,0.19749621298278663,18.041747799074393,"(0.8, 1.0]"
configured,2023,0,0.6493906225941791,-10.0,5.980438477230209,1,-0.6493906225941791,-15.980438477230209,"(0.5, 0.65]"
configured,2023,1,0.7822910632810062,7.0,13.521304732460232,1,0.21770893671899383,-6.521304732460232,"(0.65, 0.8]"
configured,2023,0,0.49540738949236335,-13.0,-0.6950983139633622,1,-0.49540738949236335,-12.304901686036638,"(0.35, 0.5]"
configured,2023,1,0.29561141415956965,7.0,-8.759396436600952,1,0.7043885858404304,15.759396436600952,"(0.2, 0.35]"
configured,2023,1,0.677340900394006,7.0,7.849400682141858,1,0.32265909960599404,-0.8494006821418578,"(0.65, 0.8]"
configured,2023,1,0.5007675847464323,3.0,0.11014973349551838,1,0.49923241525356765,2.8898502665044816,"(0.5, 0.65]"
configured,2023,0,0.5259186221129238,-42.0,1.2856084584166534,1,-0.5259186221129238,-43.285608458416654,"(0.5, 0.65]"
configured,2023,1,0.6079838237253179,17.0,4.155291925135603,1,0.3920161762746821,12.844708074864396,"(0.5, 0.65]"
configured,2023,1,0.40058685695411544,10.0,-4.094605242438368,1,0.5994131430458846,14.094605242438368,"(0.35, 0.5]"
configured,2023,0,0.764244120613286,-9.0,11.69546508535982,1,-0.764244120613286,-20.69546508535982,"(0.65, 0.8]"
configured,2023,0,0.3767030371571253,-18.0,-5.257653763765761,1,-0.3767030371571253,-12.742346236234239,"(0.35, 0.5]"
configured,2023,0,0.26678488768580777,-28.0,-11.001796886173196,1,-0.26678488768580777,-16.998203113826804,"(0.2, 0.35]"
configured,2023,1,0.49628529834482527,17.0,-0.8296742432276938,1,0.5037147016551747,17.829674243227693,"(0.35, 0.5]"
configured,2023,1,0.6637227422568066,7.0,7.498155664921191,1,0.3362772577431934,-0.4981556649211907,"(0.65, 0.8]"
configured,2023,1,0.45133441617846903,17.0,-2.755929176880688,1,0.548665583821531,19.755929176880688,"(0.35, 0.5]"
configured,2023,1,0.6752642870418561,1.0,7.4168696845315445,1,0.32473571295814385,-6.4168696845315445,"(0.65, 0.8]"
configured,2023,0,0.5343419218549441,-38.0,1.6075804093183725,1,-0.5343419218549441,-39.60758040931837,"(0.5, 0.65]"
configured,2023,0,0.7325982591772398,-17.0,10.21368591814751,1,-0.7325982591772398,-27.21368591814751,"(0.65, 0.8]"
configured,2023,1,0.8328804876830644,30.0,16.68733203485443,1,0.16711951231693556,13.312667965145572,"(0.8, 1.0]"
configured,2023,1,0.4344556887076221,28.0,-2.394503673578506,1,0.5655443112923779,30.394503673578505,"(0.35, 0.5]"
configured,2023,0,0.4469876762376988,-17.0,-2.6590470827279846,1,-0.4469876762376988,-14.340952917272016,"(0.35, 0.5]"
configured,2023,1,0.5579432375701943,10.0,2.329713032923324,1,0.44205676242980574,7.670286967076676,"(0.5, 0.65]"
configured,2023,1,0.747329782119063,21.0,10.71047007540853,1,0.252670217880937,10.28952992459147,"(0.65, 0.8]"
configured,2023,1,0.71698224798728,12.0,9.584744206950642,1,0.28301775201271995,2.415255793049358,"(0.65, 0.8]"
configured,2023,1,0.8351908266716849,21.0,16.499685327850216,1,0.16480917332831513,4.500314672149784,"(0.8, 1.0]"
configured,2023,1,0.17017936343416562,1.0,-17.149673811109942,1,0.8298206365658344,18.149673811109942,"(-0.001, 0.2]"
configured,2023,0,0.3971118189661256,-7.0,-4.745586845484184,1,-0.3971118189661256,-2.2544131545158157,"(0.35, 0.5]"
configured,2023,1,0.46183752525452554,7.0,-2.3636452661544496,1,0.5381624747454745,9.36364526615445,"(0.35, 0.5]"
configured,2023,1,0.8274317641245479,52.0,15.72327651352598,1,0.17256823587545211,36.27672348647402,"(0.8, 1.0]"
configured,2023,0,0.7534272853738616,-21.0,11.79078470711459,1,-0.7534272853738616,-32.79078470711459,"(0.65, 0.8]"
configured,2023,0,0.6142708055680146,-11.0,3.9680489283213163,1,-0.6142708055680146,-14.968048928321316,"(0.5, 0.65]"
configured,2023,0,0.6279955810298334,-32.0,5.453641015837974,1,-0.6279955810298334,-37.453641015837974,"(0.5, 0.65]"
configured,2023,0,0.4575466731608768,-55.0,-2.297672304671666,1,-0.4575466731608768,-52.702327695328336,"(0.35, 0.5]"
configured,2023,0,0.4882802429463969,-11.0,-1.2083157509979081,1,-0.4882802429463969,-9.791684249002092,"(0.35, 0.5]"
configured,2023,0,0.43839603169652996,-24.0,-2.60474411036793,1,-0.43839603169652996,-21.395255889632068,"(0.35, 0.5]"
configured,2023,1,0.685623042347357,8.0,7.830250564305926,1,0.31437695765264295,0.16974943569407408,"(0.65, 0.8]"
configured,2023,0,0.5462331615652565,-4.0,1.848282898057001,1,-0.5462331615652565,-5.8482828980570005,"(0.5, 0.65]"
configured,2023,0,0.4431110986630668,-3.0,-2.274036602145512,1,-0.4431110986630668,-0.7259633978544882,"(0.35, 0.5]"
configured,2023,1,0.5341960154176915,2.0,1.5859379574335415,1,0.46580398458230854,0.4140620425664585,"(0.5, 0.65]"
configured,2023,0,0.4958569344722675,-15.0,-0.7847262359664668,1,-0.4958569344722675,-14.215273764033533,"(0.35, 0.5]"
configured,2023,1,0.814083151407165,3.0,14.834678301100254,1,0.18591684859283497,-11.834678301100254,"(0.8, 1.0]"
configured,2023,0,0.49726863231721974,-17.0,-0.4414118379501577,1,-0.49726863231721974,-16.558588162049844,"(0.35, 0.5]"
configured,2023,1,0.5248301405246104,27.0,1.0035256459769124,1,0.4751698594753896,25.99647435402309,"(0.5, 0.65]"
configured,2023,0,0.7131749343750309,-3.0,9.768447056655834,1,-0.7131749343750309,-12.768447056655834,"(0.65, 0.8]"
configured,2023,1,0.7264954972654345,10.0,10.284774255147646,1,0.2735045027345655,-0.28477425514764576,"(0.65, 0.8]"
configured,2023,0,0.6036826373403839,-3.0,4.472013079477328,1,-0.6036826373403839,-7.472013079477328,"(0.5, 0.65]"
configured,2023,1,0.8874495055562517,14.0,21.039115104283,1,0.11255049444374832,-7.039115104282999,"(0.8, 1.0]"
configured,2023,0,0.43607014283177514,-2.0,-3.2132108158151516,1,-0.43607014283177514,1.2132108158151516,"(0.35, 0.5]"
configured,2023,1,0.7096150986708512,22.0,9.214449034739935,1,0.29038490132914885,12.785550965260065,"(0.65, 0.8]"
configured,2023,0,0.5266408855729094,-4.0,0.8030678060944487,1,-0.5266408855729094,-4.8030678060944485,"(0.5, 0.65]"
configured,2023,1,0.758547207727102,7.0,12.10653257839353,1,0.24145279227289795,-5.10653257839353,"(0.65, 0.8]"
configured,2023,1,0.5164686659102597,7.0,0.528426553905815,1,0.48353133408974025,6.471573446094185,"(0.5, 0.65]"
configured,2023,1,0.45089999645903506,4.0,-2.662129290181401,1,0.549100003540965,6.662129290181401,"(0.35, 0.5]"
configured,2023,1,0.6268755454396322,7.0,5.56111531065612,1,0.3731244545603678,1.4388846893438796,"(0.5, 0.65]"
configured,2023,1,0.41161667124829004,8.0,-3.5311544992681796,1,0.58838332875171,11.53115449926818,"(0.35, 0.5]"
configured,2023,1,0.536734406005393,14.0,1.4388803091087217,1,0.463265593994607,12.561119690891278,"(0.5, 0.65]"
configured,2023,0,0.5016456413332814,-18.0,0.32086388594777393,1,-0.5016456413332814,-18.320863885947773,"(0.5, 0.65]"
configured,2023,0,0.6709045416510477,-14.0,7.371472703041518,1,-0.6709045416510477,-21.37147270304152,"(0.65, 0.8]"
configured,2023,0,0.3280074780734499,-4.0,-7.856810630719091,1,-0.3280074780734499,3.8568106307190906,"(0.2, 0.35]"
configured,2023,0,0.31127377396148415,-7.0,-8.335025344674538,1,-0.31127377396148415,1.3350253446745377,"(0.2, 0.35]"
configured,2023,0,0.2611133295182398,-26.0,-10.825668644631259,1,-0.2611133295182398,-15.174331355368741,"(0.2, 0.35]"
configured,2023,1,0.4594005182801594,21.0,-1.9530636198553664,1,0.5405994817198406,22.953063619855367,"(0.35, 0.5]"
configured,2023,0,0.8968796474744912,-4.0,21.724826888471675,1,-0.8968796474744912,-25.724826888471675,"(0.8, 1.0]"
configured,2023,1,0.728415872802366,21.0,10.048756851146123,1,0.27158412719763403,10.951243148853877,"(0.65, 0.8]"
configured,2023,0,0.19278439221675225,-10.0,-14.650761510164179,1,-0.19278439221675225,4.650761510164179,"(-0.001, 0.2]"
configured,2023,1,0.6397852842969047,2.0,5.997889577923483,1,0.36021471570309527,-3.997889577923483,"(0.5, 0.65]"
configured,2023,0,0.38006013636201724,-7.0,-5.507177324758112,1,-0.38006013636201724,-1.4928226752418876,"(0.35, 0.5]"
configured,2023,1,0.13991463109546132,13.0,-18.6221520412303,1,0.8600853689045387,31.6221520412303,"(-0.001, 0.2]"
configured,2023,1,0.5931186892699253,38.0,3.5920311990480465,1,0.4068813107300747,34.407968800951956,"(0.5, 0.65]"
configured,2023,1,0.22304042356193318,7.0,-13.23196047466166,1,0.7769595764380668,20.231960474661662,"(0.2, 0.35]"
configured,2023,1,0.9572810033692756,62.0,30.656468965121178,1,0.042718996630724426,31.343531034878822,"(0.8, 1.0]"
configured,2023,0,0.15184111623106555,-49.0,-17.601498520302208,1,-0.15184111623106555,-31.398501479697792,"(-0.001, 0.2]"
configured,2023,1,0.7595616418690504,18.0,12.354131350438207,1,0.2404383581309496,5.645868649561793,"(0.65, 0.8]"
configured,2023,0,0.4631990625654739,-3.0,-1.7987877947009148,1,-0.4631990625654739,-1.2012122052990852,"(0.35, 0.5]"
configured,2023,0,0.6472952665098587,-2.0,6.507577859249764,1,-0.6472952665098587,-8.507577859249764,"(0.5, 0.65]"
configured,2023,1,0.5049020386830423,8.0,-0.2698689858113652,1,0.4950979613169577,8.269868985811366,"(0.5, 0.65]"
configured,2023,0,0.8092252451175772,-6.0,14.232647832791907,1,-0.8092252451175772,-20.232647832791905,"(0.8, 1.0]"
configured,2023,0,0.3029013462304009,-35.0,-9.068549478168162,1,-0.3029013462304009,-25.931450521831838,"(0.2, 0.35]"
configured,2023,1,0.8556269373936456,8.0,18.35970782563811,1,0.1443730626063544,-10.359707825638111,"(0.8, 1.0]"
configured,2023,0,0.5260227499626369,-3.0,1.3263708823583573,1,-0.5260227499626369,-4.326370882358358,"(0.5, 0.65]"
configured,2023,0,0.7890554134703307,-13.0,13.57595013796728,1,-0.7890554134703307,-26.57595013796728,"(0.65, 0.8]"
configured,2023,1,0.46436259432934235,17.0,-1.3320675098371426,1,0.5356374056706577,18.33206750983714,"(0.35, 0.5]"
configured,2023,1,0.5215116389223485,28.0,0.7931250205978335,1,0.47848836107765147,27.206874979402166,"(0.5, 0.65]"
configured,2023,0,0.29280778146591224,-22.0,-9.05516753409015,1,-0.29280778146591224,-12.94483246590985,"(0.2, 0.35]"
configured,2023,1,0.8000427408472903,59.0,14.422307694750087,1,0.19995725915270968,44.57769230524991,"(0.8, 1.0]"
configured,2023,1,0.3422130623714081,6.0,-7.11126875784363,1,0.6577869376285919,13.11126875784363,"(0.2, 0.35]"
configured,2023,1,0.5288528451786362,5.0,0.932468111407647,1,0.4711471548213638,4.067531888592353,"(0.5, 0.65]"
configured,2023,1,0.5735954126515348,41.0,2.751828985846977,1,0.4264045873484652,38.24817101415302,"(0.5, 0.65]"
configured,2023,0,0.7578137465388709,-13.0,11.78326598200263,1,-0.7578137465388709,-24.783265982002632,"(0.65, 0.8]"
configured,2023,1,0.6032095615341704,7.0,4.366311275262167,1,0.3967904384658296,2.6336887247378327,"(0.5, 0.65]"
configured,2023,1,0.9245376688559046,9.0,24.999587002976888,1,0.0754623311440954,-15.999587002976888,"(0.8, 1.0]"
configured,2023,0,0.17620326282479362,-25.0,-16.015838651805787,1,-0.17620326282479362,-8.984161348194213,"(-0.001, 0.2]"
configured,2023,0,0.7456980861457481,-7.0,11.215540722593424,1,-0.7456980861457481,-18.215540722593424,"(0.65, 0.8]"
configured,2023,1,0.5772683489943591,13.0,3.0160211555404897,1,0.4227316510056409,9.98397884445951,"(0.5, 0.65]"
configured,2023,0,0.6278264498281554,-24.0,5.365987323537661,1,-0.6278264498281554,-29.36598732353766,"(0.5, 0.65]"
configured,2023,1,0.3214863596962728,7.0,-8.282699945459056,1,0.6785136403037272,15.282699945459056,"(0.2, 0.35]"
configured,2023,0,0.44021705646383336,-3.0,-2.4835835404471966,1,-0.44021705646383336,-0.5164164595528034,"(0.35, 0.5]"
configured,2023,1,0.566317892622771,51.0,2.527993400946575,1,0.433682107377229,48.47200659905342,"(0.5, 0.65]"
configured,2023,1,0.7409875982111841,10.0,10.924200951000898,1,0.2590124017888159,-0.9242009510008984,"(0.65, 0.8]"
configured,2023,1,0.898999695736559,3.0,21.747537761137096,1,0.10100030426344098,-18.747537761137096,"(0.8, 1.0]"
configured,2023,0,0.39418015045484117,-29.0,-4.516962315700712,1,-0.39418015045484117,-24.483037684299287,"(0.35, 0.5]"
configured,2023,1,0.3215974404032581,17.0,-7.871516988341856,1,0.6784025595967419,24.871516988341856,"(0.2, 0.35]"
configured,2023,1,0.5390984359002737,14.0,1.2925900626746767,1,0.46090156409972627,12.707409937325323,"(0.5, 0.65]"
configured,2023,1,0.8864365171236368,14.0,20.429634216718142,1,0.1135634828763632,-6.429634216718142,"(0.8, 1.0]"
configured,2023,0,0.7735921965586285,-12.0,12.731606561419428,1,-0.7735921965586285,-24.731606561419426,"(0.65, 0.8]"
configured,2023,0,0.18576605180014388,-23.0,-15.145797564854895,0,-0.18576605180014388,-7.854202435145105,"(-0.001, 0.2]"
configured,2023,1,0.7472452339867787,15.0,11.330346524795619,1,0.25275476601322133,3.669653475204381,"(0.65, 0.8]"
configured,2023,1,0.934058531092964,29.0,26.566541553128488,1,0.065941468907036,2.433458446871512,"(0.8, 1.0]"
configured,2023,0,0.7642992828647299,-14.0,12.091883230593767,1,-0.7642992828647299,-26.091883230593766,"(0.65, 0.8]"
configured,2023,1,0.5299267133469805,23.0,1.6564206037500346,1,0.4700732866530195,21.343579396249964,"(0.5, 0.65]"
configured,2023,0,0.12587347587516387,-1.0,-19.871970174731793,1,-0.12587347587516387,18.871970174731793,"(-0.001, 0.2]"
configured,2023,0,0.18974630335882647,-2.0,-15.294185194761303,1,-0.18974630335882647,13.294185194761303,"(-0.001, 0.2]"
configured,2023,0,0.6290982992349367,-10.0,5.338063902660064,1,-0.6290982992349367,-15.338063902660064,"(0.5, 0.65]"
configured,2023,0,0.8002048782040186,-13.0,14.181289545957032,1,-0.8002048782040186,-27.181289545957032,"(0.8, 1.0]"
configured,2023,1,0.7891183424861179,25.0,13.624934918652793,1,0.2108816575138821,11.375065081347207,"(0.65, 0.8]"
configured,2023,1,0.5176968584477968,28.0,-0.0708531149179299,1,0.4823031415522032,28.07085311491793,"(0.5, 0.65]"
configured,2023,0,0.3596705863515086,-18.0,-6.518223896302626,1,-0.3596705863515086,-11.481776103697374,"(0.35, 0.5]"
configured,2023,0,0.2822283778892196,-17.0,-10.959423151168046,1,-0.2822283778892196,-6.040576848831954,"(0.2, 0.35]"
configured,2023,0,0.11967160369511705,-9.0,-20.30833408546546,1,-0.11967160369511705,11.30833408546546,"(-0.001, 0.2]"
configured,2023,0,0.3414205214052506,-6.0,-7.320763524997641,1,-0.3414205214052506,1.3207635249976413,"(0.2, 0.35]"
configured,2023,1,0.9361258883999297,26.0,27.04729999333872,1,0.06387411160007028,-1.0472999933387186,"(0.8, 1.0]"
configured,2023,0,0.3502054183546085,-14.0,-6.773043204982331,1,-0.3502054183546085,-7.226956795017669,"(0.35, 0.5]"
configured,2023,1,0.8777885638569599,12.0,20.200316526902853,1,0.12221143614304009,-8.200316526902853,"(0.8, 1.0]"
configured,2023,1,0.5670051573225094,11.0,2.6340720145872973,1,0.43299484267749055,8.365927985412704,"(0.5, 0.65]"
configured,2023,1,0.23200156309339148,4.0,-12.538113688249538,1,0.7679984369066085,16.53811368824954,"(0.2, 0.35]"
configured,2023,1,0.86146759614956,3.0,18.52739975029709,1,0.13853240385043997,-15.52739975029709,"(0.8, 1.0]"
configured,2023,1,0.4643892011608981,32.0,-2.254557664784059,1,0.5356107988391019,34.25455766478406,"(0.35, 0.5]"
configured,2023,1,0.6675287767354925,7.0,7.741150993327718,1,0.3324712232645075,-0.741150993327718,"(0.65, 0.8]"
configured,2023,1,0.5467742092218315,10.0,1.697419885097826,1,0.4532257907781685,8.302580114902174,"(0.5, 0.65]"
configured,2023,1,0.32494564146055044,3.0,-8.181568990857091,1,0.6750543585394495,11.181568990857091,"(0.2, 0.35]"
configured,2023,0,0.3555402660678484,-35.0,-6.458102742583279,1,-0.3555402660678484,-28.54189725741672,"(0.35, 0.5]"
configured,2023,1,0.5538731517226123,6.0,2.3544905393737485,1,0.4461268482773877,3.6455094606262515,"(0.5, 0.65]"
configured,2023,1,0.7831764759398747,18.0,13.135738277801178,1,0.21682352406012528,4.8642617221988225,"(0.65, 0.8]"
configured,2023,1,0.45005279826895594,3.0,-2.4932519219665092,1,0.549947201731044,5.493251921966509,"(0.35, 0.5]"
configured,2023,1,0.5727371306026136,4.0,2.2912782292400067,1,0.42726286939738645,1.7087217707599933,"(0.5, 0.65]"
configured,2023,1,0.7571789132988693,7.0,11.316588305014744,1,0.24282108670113067,-4.3165883050147436,"(0.65, 0.8]"
configured,2023,1,0.435453547115437,18.0,-2.917606486736261,1,0.564546452884563,20.91760648673626,"(0.35, 0.5]"
configured,2023,1,0.7549944712673426,3.0,11.270458149925178,1,0.24500552873265735,-8.270458149925178,"(0.65, 0.8]"
configured,2023,0,0.724610239149908,-7.0,9.631283903594078,1,-0.724610239149908,-16.631283903594078,"(0.65, 0.8]"
configured,2023,1,0.7353818307660563,9.0,10.618065216133434,1,0.26461816923394366,-1.6180652161334343,"(0.65, 0.8]"
configured,2023,1,0.7789553364162572,3.0,13.061201398471676,1,0.22104466358374275,-10.061201398471676,"(0.65, 0.8]"
configured,2023,1,0.17432761495402554,6.0,-16.501285947472738,1,0.8256723850459744,22.501285947472738,"(-0.001, 0.2]"
configured,2023,0,0.4500904020766775,-3.0,-2.0734210866686036,1,-0.4500904020766775,-0.9265789133313964,"(0.35, 0.5]"
configured,2023,1,0.8302082444403184,3.0,16.426663017824662,1,0.16979175555968162,-13.426663017824662,"(0.8, 1.0]"
configured,2023,1,0.8722989260863974,56.0,20.114895432526794,1,0.12770107391360264,35.885104567473206,"(0.8, 1.0]"
configured,2023,1,0.6959457622130893,8.0,8.478788907573593,1,0.30405423778691065,-0.47878890757359294,"(0.65, 0.8]"
configured,2023,0,0.09803123816062415,-19.0,-22.87168659175643,1,-0.09803123816062415,3.871686591756429,"(-0.001, 0.2]"
configured,2023,1,0.763164300995087,3.0,12.245724988901207,1,0.23683569900491297,-9.245724988901207,"(0.65, 0.8]"
configured,2023,1,0.7886424135800714,52.0,13.732595776441883,1,0.21135758641992863,38.26740422355812,"(0.65, 0.8]"
configured,2023,0,0.4652365370774043,-28.0,-1.8851538565145356,1,-0.4652365370774043,-26.114846143485465,"(0.35, 0.5]"
configured,2023,1,0.6326314079850374,14.0,5.109676835434163,1,0.36736859201496264,8.890323164565837,"(0.5, 0.65]"
configured,2023,0,0.5495193949434424,-20.0,2.783383797767182,0,-0.5495193949434424,-22.783383797767183,"(0.5, 0.65]"
configured,2023,0,0.2507496403320987,-8.0,-11.319952245147734,1,-0.2507496403320987,3.319952245147734,"(0.2, 0.35]"
configured,2023,1,0.32257151913008486,20.0,-7.767727255655521,1,0.6774284808699151,27.767727255655522,"(0.2, 0.35]"
configured,2023,1,0.5453507713065209,3.0,2.0281883743849467,1,0.4546492286934791,0.9718116256150533,"(0.5, 0.65]"
configured,2023,1,0.6923227423323944,9.0,8.732700388669905,1,0.30767725766760556,0.2672996113300954,"(0.65, 0.8]"
configured,2023,0,0.25744175263332914,-17.0,-11.14364615551559,1,-0.25744175263332914,-5.85635384448441,"(0.2, 0.35]"
configured,2023,0,0.3310973867042768,-36.0,-8.298252740131808,1,-0.3310973867042768,-27.701747259868192,"(0.2, 0.35]"
configured,2023,0,0.5015680023695919,-28.0,-0.9539332838076882,1,-0.5015680023695919,-27.04606671619231,"(0.5, 0.65]"
configured,2023,0,0.3393519514732529,-3.0,-7.359955186291822,0,-0.3393519514732529,4.359955186291822,"(0.2, 0.35]"
configured,2023,1,0.2699853777123591,3.0,-10.581972286162104,1,0.7300146222876409,13.581972286162104,"(0.2, 0.35]"
configured,2023,1,0.6922571526085612,31.0,8.570598852857849,1,0.30774284739143876,22.42940114714215,"(0.65, 0.8]"
configured,2023,0,0.6535467274575617,-1.0,6.271302743662114,1,-0.6535467274575617,-7.271302743662114,"(0.65, 0.8]"
configured,2023,0,0.3343693857952791,-2.0,-7.150380159455363,1,-0.3343693857952791,5.150380159455363,"(0.2, 0.35]"
configured,2023,0,0.21582769560655252,-4.0,-13.383554498162363,1,-0.21582769560655252,9.383554498162363,"(0.2, 0.35]"
configured,2023,1,0.7742492756554387,9.0,12.898024590924656,1,0.22575072434456134,-3.8980245909246563,"(0.65, 0.8]"
configured,2023,0,0.25721157631235025,-3.0,-10.889952590580224,1,-0.25721157631235025,7.889952590580224,"(0.2, 0.35]"
configured,2023,0,0.5058596371114986,-1.0,-0.1671393198590163,1,-0.5058596371114986,-0.8328606801409837,"(0.5, 0.65]"
configured,2023,1,0.6919733190383648,17.0,7.946606275416534,1,0.3080266809616352,9.053393724583465,"(0.65, 0.8]"
configured,2023,0,0.6910132227804202,-7.0,8.42399000174439,1,-0.6910132227804202,-15.42399000174439,"(0.65, 0.8]"
configured,2023,0,0.440389207546773,-13.0,-2.4286758773080006,1,-0.440389207546773,-10.571324122692,"(0.35, 0.5]"
configured,2023,0,0.21060106248146496,-16.0,-13.824162920009824,1,-0.21060106248146496,-2.175837079990176,"(0.2, 0.35]"
configured,2023,1,0.49959242118509606,21.0,-0.11468605419378441,1,0.5004075788149039,21.114686054193783,"(0.35, 0.5]"
configured,2023,1,0.9456221101892252,44.0,28.364126873267992,1,0.05437788981077485,15.635873126732008,"(0.8, 1.0]"
configured,2023,1,0.39772154173730423,6.0,-5.353286336900316,1,0.6022784582626958,11.353286336900316,"(0.35, 0.5]"
configured,2023,1,0.5056743646002468,22.0,-0.0781112017450516,1,0.49432563539975316,22.078111201745052,"(0.5, 0.65]"
configured,2023,0,0.3949678665340699,-42.0,-4.782041506313125,1,-0.3949678665340699,-37.21795849368687,"(0.35, 0.5]"
configured,2023,1,0.6594048168450788,26.0,6.592872778232613,1,0.3405951831549212,19.407127221767386,"(0.65, 0.8]"
configured,2023,1,0.8089667290915863,30.0,15.247322760249492,1,0.1910332709084137,14.752677239750508,"(0.8, 1.0]"
configured,2023,0,0.27992693403049873,-7.0,-9.876876871442558,1,-0.27992693403049873,2.8768768714425583,"(0.2, 0.35]"
configured,2023,0,0.6946629641749994,-8.0,7.983846886016375,1,-0.6946629641749994,-15.983846886016375,"(0.65, 0.8]"
configured,2023,0,0.6926401085579252,-21.0,8.214532482943152,1,-0.6926401085579252,-29.214532482943152,"(0.65, 0.8]"
configured,2023,0,0.5410460820040801,-10.0,2.05435764434319,1,-0.5410460820040801,-12.05435764434319,"(0.5, 0.65]"
configured,2023,0,0.23984187880199795,-5.0,-12.349611309606487,1,-0.23984187880199795,7.3496113096064875,"(0.2, 0.35]"
configured,2023,1,0.8980876110495277,28.0,21.975160568371784,1,0.10191238895047228,6.024839431628216,"(0.8, 1.0]"
configured,2023,1,0.32532344426457804,14.0,-7.626988365086371,1,0.674676555735422,21.62698836508637,"(0.2, 0.35]"
configured,2023,1,0.37578724532672647,14.0,-5.660407054058943,1,0.6242127546732735,19.660407054058943,"(0.35, 0.5]"
configured,2023,0,0.7163504015139155,-3.0,9.396596140555781,1,-0.7163504015139155,-12.396596140555781,"(0.65, 0.8]"
configured,2023,0,0.4507121967042784,-8.0,-2.487781228554823,1,-0.4507121967042784,-5.512218771445177,"(0.35, 0.5]"
configured,2023,1,0.3108449984550473,7.0,-8.072222693904052,1,0.6891550015449527,15.072222693904052,"(0.2, 0.35]"
configured,2023,0,0.10236484773970131,-7.0,-22.245742993886516,1,-0.10236484773970131,15.245742993886516,"(-0.001, 0.2]"
configured,2023,1,0.48545318683628214,17.0,-0.9961604871380842,1,0.5145468131637179,17.996160487138084,"(0.35, 0.5]"
configured,2023,1,0.4380819757850977,10.0,-3.499189661506298,1,0.5619180242149022,13.499189661506298,"(0.35, 0.5]"
configured,2023,0,0.6145665945789343,-3.0,4.591731333601448,1,-0.6145665945789343,-7.591731333601448,"(0.5, 0.65]"
configured,2023,0,0.32851699686122815,-10.0,-7.513422039166848,1,-0.32851699686122815,-2.486577960833152,"(0.2, 0.35]"
configured,2023,0,0.5912510077912319,-30.0,3.892413546883521,1,-0.5912510077912319,-33.89241354688352,"(0.5, 0.65]"
configured,2023,1,0.6237941220098878,19.0,5.087439623610065,1,0.3762058779901122,13.912560376389935,"(0.5, 0.65]"
configured,2023,1,0.775357551378503,26.0,12.869147975434354,1,0.22464244862149696,13.130852024565646,"(0.65, 0.8]"
configured,2023,1,0.8917347059853942,7.0,21.281775115793458,1,0.10826529401460583,-14.281775115793458,"(0.8, 1.0]"
configured,2023,0,0.6045125228288153,-3.0,3.976916324699241,1,-0.6045125228288153,-6.976916324699241,"(0.5, 0.65]"
configured,2023,1,0.7006197464935838,24.0,9.20983288208599,1,0.29938025350641617,14.79016711791401,"(0.65, 0.8]"
configured,2023,1,0.451714013526338,20.0,-2.051277145092171,1,0.548285986473662,22.051277145092172,"(0.35, 0.5]"
configured,2023,0,0.3667326341059688,-28.0,-6.417664949568453,1,-0.3667326341059688,-21.582335050431546,"(0.35, 0.5]"
configured,2023,0,0.5156151518005467,-3.0,0.36496729885051993,1,-0.5156151518005467,-3.36496729885052,"(0.5, 0.65]"
configured,2023,1,0.8443740272831477,2.0,17.319007391057625,1,0.1556259727168523,-15.319007391057625,"(0.8, 1.0]"
configured,2023,1,0.881554644340705,21.0,20.190816493937305,1,0.11844535565929504,0.8091835060626948,"(0.8, 1.0]"
configured,2023,0,0.42967176498026965,-26.0,-3.2925119526089324,1,-0.42967176498026965,-22.707488047391067,"(0.35, 0.5]"
configured,2023,1,0.8746880268589858,3.0,19.707003988084118,1,0.12531197314101417,-16.707003988084118,"(0.8, 1.0]"
configured,2023,1,0.7660316013020457,41.0,12.41211309916807,1,0.23396839869795427,28.58788690083193,"(0.65, 0.8]"
configured,2023,0,0.4726270277929282,-9.0,-1.237990900108786,1,-0.4726270277929282,-7.762009099891214,"(0.35, 0.5]"
configured,2023,0,0.2182305615631706,-3.0,-13.13010264198179,1,-0.2182305615631706,10.13010264198179,"(0.2, 0.35]"
configured,2023,1,0.4941783916295299,4.0,-0.03558486633688229,1,0.5058216083704701,4.035584866336882,"(0.35, 0.5]"
configured,2023,1,0.6276646345325786,28.0,4.812865701639931,1,0.3723353654674214,23.187134298360068,"(0.5, 0.65]"
configured,2023,0,0.24493186136170536,-3.0,-11.319667218299868,1,-0.24493186136170536,8.319667218299868,"(0.2, 0.35]"
configured,2023,0,0.5533071232774103,-20.0,1.861170734035756,1,-0.5533071232774103,-21.861170734035756,"(0.5, 0.65]"
configured,2023,1,0.6667188731035703,38.0,7.469788166952544,1,0.33328112689642975,30.530211833047456,"(0.65, 0.8]"
configured,2023,0,0.5059438983816423,-28.0,-0.027044222711644306,1,-0.5059438983816423,-27.972955777288355,"(0.5, 0.65]"
configured,2023,0,0.2559917386104481,-31.0,-11.445246475624371,1,-0.2559917386104481,-19.554753524375627,"(0.2, 0.35]"
configured,2023,0,0.2096863958648829,-6.0,-13.688100018843029,1,-0.2096863958648829,7.688100018843029,"(0.2, 0.35]"
configured,2023,1,0.7030871806556285,17.0,8.67140261562787,1,0.2969128193443715,8.32859738437213,"(0.65, 0.8]"
configured,2023,1,0.4776121601380776,34.0,-0.9776097537509196,1,0.5223878398619224,34.97760975375092,"(0.35, 0.5]"
configured,2023,1,0.37613092872627607,19.0,-5.34845657644485,1,0.6238690712737239,24.34845657644485,"(0.35, 0.5]"
configured,2023,1,0.5421999813763428,25.0,1.2480699448211339,1,0.45780001862365716,23.751930055178867,"(0.5, 0.65]"
configured,2023,1,0.7711543614146303,7.0,12.584372006933279,1,0.22884563858536966,-5.584372006933279,"(0.65, 0.8]"
configured,2023,0,0.8610960361392188,-14.0,18.79462878815888,1,-0.8610960361392188,-32.79462878815888,"(0.8, 1.0]"
configured,2023,1,0.6610447354251203,34.0,7.0851591757652645,1,0.3389552645748797,26.914840824234737,"(0.65, 0.8]"
configured,2023,1,0.7623546933473035,8.0,11.728884364911424,1,0.23764530665269645,-3.7288843649114245,"(0.65, 0.8]"
configured,2023,1,0.7060516936915711,22.0,8.695004794156144,1,0.29394830630842894,13.304995205843856,"(0.65, 0.8]"
configured,2023,0,0.8303221586664715,-9.0,16.812678865542473,1,-0.8303221586664715,-25.812678865542473,"(0.8, 1.0]"
configured,2023,1,0.46005192751550905,15.0,-1.9070600585141169,0,0.539948072484491,16.907060058514116,"(0.35, 0.5]"
configured,2023,1,0.8363051111257329,42.0,16.52576085252447,1,0.16369488887426709,25.47423914747553,"(0.8, 1.0]"
configured,2023,1,0.6643923451767593,7.0,7.1522772583427185,1,0.33560765482324073,-0.15227725834271855,"(0.65, 0.8]"
configured,2023,1,0.4546700778764911,29.0,-2.3782035164370567,1,0.5453299221235088,31.378203516437058,"(0.35, 0.5]"
configured,2023,1,0.39323890831091923,3.0,-4.843394536048509,1,0.6067610916890808,7.843394536048509,"(0.35, 0.5]"
configured,2023,0,0.5690789138370624,-38.0,3.050710087788082,1,-0.5690789138370624,-41.05071008778808,"(0.5, 0.65]"
configured,2023,0,0.6691750541515937,-15.0,7.170832646798962,1,-0.6691750541515937,-22.170832646798964,"(0.65, 0.8]"
configured,2023,1,0.9224340191146531,7.0,24.412630956560875,1,0.07756598088534694,-17.412630956560875,"(0.8, 1.0]"
configured,2023,1,0.8889813105989668,45.0,21.114427210055688,1,0.11101868940103321,23.885572789944312,"(0.8, 1.0]"
configured,2023,1,0.6192080910981033,35.0,5.265484728599294,1,0.38079190890189674,29.734515271400706,"(0.5, 0.65]"
configured,2023,1,0.3875360210757133,3.0,-5.843539606639153,1,0.6124639789242867,8.843539606639153,"(0.35, 0.5]"
configured,2023,1,0.7508352377980554,5.0,11.477947094853572,1,0.2491647622019446,-6.4779470948535725,"(0.65, 0.8]"
configured,2023,1,0.7365868759948103,39.0,10.81601530760212,1,0.2634131240051897,28.18398469239788,"(0.65, 0.8]"
configured,2023,0,0.5875134466172418,-10.0,3.2593693948017295,1,-0.5875134466172418,-13.25936939480173,"(0.5, 0.65]"
configured,2023,1,0.4009344939172122,41.0,-4.747687428259419,1,0.5990655060827879,45.74768742825942,"(0.35, 0.5]"
configured,2023,0,0.29329451549964913,-3.0,-9.096069540969399,1,-0.29329451549964913,6.096069540969399,"(0.2, 0.35]"
configured,2023,1,0.9204504656139378,35.0,24.54726168812894,1,0.07954953438606216,10.452738311871059,"(0.8, 1.0]"
configured,2023,1,0.8868957133247023,17.0,20.7947195183286,1,0.1131042866752977,-3.7947195183285984,"(0.8, 1.0]"
configured,2023,1,0.9233405030456285,20.0,24.701181879037442,1,0.07665949695437146,-4.701181879037442,"(0.8, 1.0]"
configured,2023,1,0.5421858955622991,2.0,2.099472376428252,1,0.4578141044377009,-0.09947237642825213,"(0.5, 0.65]"
configured,2023,0,0.6531984919297165,-10.0,7.1084194973483505,1,-0.6531984919297165,-17.10841949734835,"(0.65, 0.8]"
configured,2023,1,0.928458696175861,28.0,25.202944926375856,1,0.07154130382413904,2.7970550736241435,"(0.8, 1.0]"
configured,2023,0,0.4031774948439856,-32.0,-4.049645768109729,1,-0.4031774948439856,-27.950354231890273,"(0.35, 0.5]"
configured,2023,1,0.6339601376288997,9.0,6.010539465599718,1,0.3660398623711003,2.9894605344002816,"(0.5, 0.65]"
configured,2023,1,0.5943176379165571,24.0,3.4123077776242554,1,0.4056823620834429,20.587692222375743,"(0.5, 0.65]"
configured,2023,1,0.2905669649129252,14.0,-9.861470390013077,1,0.7094330350870748,23.861470390013075,"(0.2, 0.35]"
configured,2023,1,0.691551713987018,24.0,8.146444549739925,1,0.308448286012982,15.853555450260075,"(0.65, 0.8]"
configured,2023,1,0.6190193588871393,3.0,5.308051675342607,1,0.3809806411128607,-2.3080516753426066,"(0.5, 0.65]"
configured,2023,0,0.24359891282759985,-1.0,-11.940724608352244,1,-0.24359891282759985,10.940724608352244,"(0.2, 0.35]"
configured,2023,1,0.7183709202988944,14.0,9.287791883050833,1,0.2816290797011056,4.712208116949167,"(0.65, 0.8]"
configured,2023,1,0.5747056810857865,13.0,2.826636335088138,1,0.42529431891421354,10.173363664911863,"(0.5, 0.65]"
configured,2023,1,0.7475358360501501,8.0,10.999936299854253,1,0.25246416394984994,-2.9999362998542534,"(0.65, 0.8]"
configured,2023,1,0.8453193378106209,28.0,17.45513580699546,1,0.15468066218937915,10.544864193004539,"(0.8, 1.0]"
configured,2023,1,0.8224359273051863,42.0,15.37967634190991,1,0.17756407269481367,26.62032365809009,"(0.8, 1.0]"
configured,2023,0,0.5303709358640708,-4.0,1.2352696845370674,1,-0.5303709358640708,-5.235269684537068,"(0.5, 0.65]"
configured,2023,1,0.4661254460782325,8.0,-1.8526831042036962,1,0.5338745539217675,9.852683104203695,"(0.35, 0.5]"
configured,2023,0,0.4231140972546349,-3.0,-3.67718368984702,1,-0.4231140972546349,0.6771836898470198,"(0.35, 0.5]"
configured,2023,0,0.2523965421852592,-7.0,-11.738985595030519,1,-0.2523965421852592,4.738985595030519,"(0.2, 0.35]"
configured,2023,1,0.6381152794236118,10.0,5.17801883368906,1,0.3618847205763882,4.82198116631094,"(0.5, 0.65]"
configured,2023,1,0.9004061300054307,21.0,22.1555249305098,1,0.09959386999456932,-1.1555249305097988,"(0.8, 1.0]"
configured,2023,1,0.8773151083231484,21.0,19.933587230182255,1,0.12268489167685159,1.0664127698177452,"(0.8, 1.0]"
configured,2023,1,0.41265354526193365,7.0,-3.470452040315985,1,0.5873464547380663,10.470452040315985,"(0.35, 0.5]"
configured,2023,1,0.9662348386674443,32.0,32.71501525592383,1,0.03376516133255569,-0.7150152559238308,"(0.8, 1.0]"
configured,2023,0,0.5824327366825824,-7.0,2.711526803473437,1,-0.5824327366825824,-9.711526803473436,"(0.5, 0.65]"
configured,2023,0,0.14703277264857467,-7.0,-18.054651228673173,1,-0.14703277264857467,11.054651228673173,"(-0.001, 0.2]"
configured,2023,0,0.35479865537885336,-16.0,-6.245670352211375,1,-0.35479865537885336,-9.754329647788625,"(0.35, 0.5]"
configured,2023,1,0.600686029757798,24.0,3.8698495515751556,1,0.39931397024220205,20.130150448424843,"(0.5, 0.65]"
configured,2023,0,0.5706415848625604,-3.0,3.0499848608236086,1,-0.5706415848625604,-6.049984860823608,"(0.5, 0.65]"
configured,2023,1,0.6423779621681667,31.0,5.987569748449797,1,0.35762203783183333,25.012430251550203,"(0.5, 0.65]"
configured,2023,1,0.7224002329861645,33.0,10.02081273843502,1,0.2775997670138355,22.97918726156498,"(0.65, 0.8]"
configured,2023,0,0.49033372662560476,-21.0,-0.25641976979404024,1,-0.49033372662560476,-20.74358023020596,"(0.35, 0.5]"
configured,2023,1,0.5208104510643408,4.0,0.5399953673910236,1,0.47918954893565924,3.4600046326089764,"(0.5, 0.65]"
configured,2023,1,0.5766508403229412,21.0,2.7873957578307578,1,0.4233491596770588,18.212604242169242,"(0.5, 0.65]"
configured,2023,1,0.3276256788780978,24.0,-7.782724879528805,1,0.6723743211219022,31.782724879528807,"(0.2, 0.35]"
configured,2023,1,0.15532867839889397,3.0,-17.302447389341374,1,0.844671321601106,20.302447389341374,"(-0.001, 0.2]"
configured,2023,1,0.5136928749258967,10.0,0.7069950496314119,1,0.48630712507410334,9.293004950368587,"(0.5, 0.65]"
configured,2023,1,0.6675958785969103,10.0,6.297999874919892,1,0.3324041214030897,3.702000125080108,"(0.65, 0.8]"
configured,2023,1,0.37695369350797203,46.0,-5.428314961003167,1,0.623046306492028,51.42831496100317,"(0.35, 0.5]"
configured,2023,0,0.4341280591142077,-7.0,-2.78679971952222,1,-0.4341280591142077,-4.21320028047778,"(0.35, 0.5]"
configured,2023,0,0.5986511808555842,-7.0,3.595303850618956,1,-0.5986511808555842,-10.595303850618956,"(0.5, 0.65]"
configured,2023,1,0.4452231646705281,25.0,-2.0138265196629392,1,0.554776835329472,27.01382651966294,"(0.35, 0.5]"
configured,2023,0,0.7827034235467955,-18.0,13.294142251640485,1,-0.7827034235467955,-31.294142251640487,"(0.65, 0.8]"
configured,2023,0,0.4299722058041505,-28.0,-3.0984076162613325,1,-0.4299722058041505,-24.901592383738667,"(0.35, 0.5]"
configured,2023,1,0.621510581681224,11.0,5.439089606289109,1,0.378489418318776,5.560910393710891,"(0.5, 0.65]"
configured,2023,1,0.38327448843686407,2.0,-6.038252902395351,1,0.6167255115631359,8.038252902395351,"(0.35, 0.5]"
configured,2023,0,0.7559827146396509,-4.0,12.12109202378067,1,-0.7559827146396509,-16.12109202378067,"(0.65, 0.8]"
configured,2023,1,0.7019356709344036,7.0,8.859202185232975,1,0.29806432906559643,-1.8592021852329754,"(0.65, 0.8]"
configured,2023,1,0.6726760017392592,38.0,7.611281499680379,1,0.32732399826074077,30.38871850031962,"(0.65, 0.8]"
configured,2023,1,0.8216841483702884,34.0,15.874817930054508,1,0.17831585162971164,18.12518206994549,"(0.8, 1.0]"
configured,2023,0,0.18073569513081694,-36.0,-15.66788711433326,1,-0.18073569513081694,-20.33211288566674,"(-0.001, 0.2]"
configured,2023,0,0.9335141753759773,-21.0,26.59705890816067,1,-0.9335141753759773,-47.59705890816067,"(0.8, 1.0]"
configured,2023,0,0.6808245532197766,-13.0,7.84344634001249,1,-0.6808245532197766,-20.84344634001249,"(0.65, 0.8]"
configured,2023,1,0.5506751421787391,1.0,1.8706037949059255,1,0.44932485782126086,-0.8706037949059255,"(0.5, 0.65]"
configured,2023,1,0.6267165809113037,28.0,4.72096436078003,1,0.37328341908869633,23.27903563921997,"(0.5, 0.65]"
configured,2023,0,0.756405558801587,-3.0,11.647624300459587,1,-0.756405558801587,-14.647624300459587,"(0.65, 0.8]"
configured,2023,0,0.5671293649861777,-12.0,2.729729502499471,1,-0.5671293649861777,-14.72972950249947,"(0.5, 0.65]"
configured,2023,0,0.19578093496698568,-35.0,-14.776271070401966,1,-0.19578093496698568,-20.223728929598032,"(-0.001, 0.2]"
configured,2023,0,0.6922870811376851,-4.0,8.214469580547615,1,-0.6922870811376851,-12.214469580547615,"(0.65, 0.8]"
configured,2023,1,0.9243125284523939,7.0,24.85912247957959,1,0.07568747154760613,-17.85912247957959,"(0.8, 1.0]"
configured,2023,1,0.9144996697568806,24.0,24.216099607628173,1,0.08550033024311943,-0.21609960762817337,"(0.8, 1.0]"
configured,2023,1,0.6649390312836959,2.0,6.760555124145279,1,0.3350609687163041,-4.760555124145279,"(0.65, 0.8]"
configured,2023,1,0.5231426883494092,3.0,0.5196359689294479,1,0.47685731165059075,2.480364031070552,"(0.5, 0.65]"
configured,2023,0,0.4564272026772186,-2.0,-1.6550404003466541,1,-0.4564272026772186,-0.3449595996533459,"(0.35, 0.5]"
configured,2023,1,0.938031496831399,42.0,27.177196631055907,1,0.06196850316860103,14.822803368944093,"(0.8, 1.0]"
configured,2023,1,0.3239088869671545,9.0,-7.853478135515887,1,0.6760911130328455,16.853478135515886,"(0.2, 0.35]"
configured,2023,0,0.1999067716710008,-10.0,-14.966432839101932,1,-0.1999067716710008,4.966432839101932,"(-0.001, 0.2]"
configured,2023,0,0.8038236789210106,-8.0,14.696224642191304,1,-0.8038236789210106,-22.696224642191304,"(0.8, 1.0]"
configured,2023,1,0.6053428202338491,11.0,4.156018316362609,1,0.3946571797661509,6.843981683637391,"(0.5, 0.65]"
configured,2023,0,0.5963759312542867,-24.0,3.3005074807618895,1,-0.5963759312542867,-27.30050748076189,"(0.5, 0.65]"
configured,2023,0,0.551971015167103,-13.0,2.1422985139276385,1,-0.551971015167103,-15.142298513927638,"(0.5, 0.65]"
configured,2023,0,0.40255577945289794,-10.0,-4.3341760625832455,1,-0.40255577945289794,-5.6658239374167545,"(0.35, 0.5]"
configured,2023,0,0.48873182514803865,-24.0,-0.9858757775458309,1,-0.48873182514803865,-23.014124222454168,"(0.35, 0.5]"
configured,2023,0,0.2851552514995149,-11.0,-9.862028339432843,1,-0.2851552514995149,-1.1379716605671568,"(0.2, 0.35]"
configured,2023,0,0.2747924358498913,-3.0,-10.630318202067244,1,-0.2747924358498913,7.630318202067244,"(0.2, 0.35]"
configured,2023,1,0.7448733504664743,24.0,11.03192246754236,1,0.2551266495335257,12.96807753245764,"(0.65, 0.8]"
configured,2023,0,0.2863760411529295,-25.0,-9.976449545221675,1,-0.2863760411529295,-15.023550454778325,"(0.2, 0.35]"
configured,2023,0,0.3818823957140792,-15.0,-5.0948495721872975,1,-0.3818823957140792,-9.905150427812703,"(0.35, 0.5]"
configured,2023,0,0.43212719524714377,-3.0,-3.3965424542905893,1,-0.43212719524714377,0.3965424542905893,"(0.35, 0.5]"
configured,2023,1,0.4521268403353708,13.0,-1.9210756399958004,1,0.5478731596646291,14.9210756399958,"(0.35, 0.5]"
configured,2023,0,0.5670955946478898,-34.0,2.6810553729495727,1,-0.5670955946478898,-36.68105537294957,"(0.5, 0.65]"
configured,2023,1,0.7057656602964929,8.0,8.624748250222403,1,0.2942343397035071,-0.6247482502224031,"(0.65, 0.8]"
configured,2023,0,0.16093925222003586,-42.0,-16.909236533766233,0,-0.16093925222003586,-25.090763466233767,"(-0.001, 0.2]"
configured,2023,1,0.6219330496037243,50.0,5.2116991167745805,1,0.3780669503962757,44.78830088322542,"(0.5, 0.65]"
configured,2023,1,0.7128991194725096,24.0,9.380439388881356,1,0.2871008805274904,14.619560611118644,"(0.65, 0.8]"
configured,2023,1,0.7503801438507541,14.0,11.1589709287418,1,0.24961985614924587,2.8410290712582,"(0.65, 0.8]"
configured,2023,0,0.5736882619948372,-2.0,3.3325179014487505,1,-0.5736882619948372,-5.3325179014487505,"(0.5, 0.65]"
configured,2023,1,0.9030404995666754,12.0,22.505686157941525,1,0.09695950043332457,-10.505686157941525,"(0.8, 1.0]"
configured,2023,0,0.32913708938580294,-13.0,-7.878941973990605,1,-0.32913708938580294,-5.121058026009395,"(0.2, 0.35]"
configured,2023,1,0.5219343066671677,6.0,0.7478510643042537,1,0.47806569333283233,5.252148935695747,"(0.5, 0.65]"
configured,2023,0,0.6926101314627249,-7.0,8.36399122593782,1,-0.6926101314627249,-15.36399122593782,"(0.65, 0.8]"
configured,2023,1,0.7100696974603535,4.0,9.403821105993533,1,0.28993030253964647,-5.403821105993533,"(0.65, 0.8]"
configured,2023,1,0.6603720927430761,11.0,6.187170051191374,1,0.33962790725692393,4.812829948808626,"(0.65, 0.8]"
configured,2023,1,0.7234382736508969,45.0,10.114145981377188,1,0.27656172634910314,34.88585401862281,"(0.65, 0.8]"
configured,2023,0,0.37789850629918686,-18.0,-5.988487305417635,1,-0.37789850629918686,-12.011512694582365,"(0.35, 0.5]"
configured,2023,0,0.42287762684562835,-10.0,-2.913242968298409,1,-0.42287762684562835,-7.086757031701591,"(0.35, 0.5]"
configured,2023,1,0.35771144073558325,3.0,-6.404882297727779,1,0.6422885592644167,9.404882297727779,"(0.35, 0.5]"
configured,2023,0,0.5880795409791783,-2.0,3.77013214805332,1,-0.5880795409791783,-5.77013214805332,"(0.5, 0.65]"
configured,2023,1,0.5623207136277084,3.0,2.746600157414563,1,0.4376792863722916,0.2533998425854369,"(0.5, 0.65]"
configured,2023,1,0.6456284454940313,4.0,5.924698908582426,1,0.3543715545059687,-1.9246989085824264,"(0.5, 0.65]"
configured,2023,1,0.2665304647019883,1.0,-10.734237395484907,1,0.7334695352980116,11.734237395484907,"(0.2, 0.35]"
configured,2023,1,0.725182390419725,31.0,9.818053970283877,1,0.274817609580275,21.181946029716123,"(0.65, 0.8]"
configured,2023,0,0.41845748319605636,-6.0,-3.6480961660927633,1,-0.41845748319605636,-2.3519038339072367,"(0.35, 0.5]"
configured,2023,0,0.3111525968110092,-13.0,-8.825055908635875,1,-0.3111525968110092,-4.174944091364125,"(0.2, 0.35]"
configured,2023,1,0.9387074624933082,6.0,26.824492805996385,1,0.061292537506691835,-20.824492805996385,"(0.8, 1.0]"
configured,2023,1,0.912696767266806,24.0,24.141941707974283,1,0.08730323273319396,-0.14194170797428285,"(0.8, 1.0]"
configured,2023,0,0.5375784277082507,-36.0,1.901472074772299,1,-0.5375784277082507,-37.9014720747723,"(0.5, 0.65]"
configured,2023,0,0.3453139814510819,-18.0,-6.902962741328828,1,-0.3453139814510819,-11.097037258671172,"(0.2, 0.35]"
configured,2023,0,0.46596446081149623,-14.0,-1.4937557328301008,1,-0.46596446081149623,-12.5062442671699,"(0.35, 0.5]"
configured,2023,0,0.8405184048720906,-2.0,17.25215590278114,1,-0.8405184048720906,-19.25215590278114,"(0.8, 1.0]"
configured,2023,0,0.7021235163807107,-14.0,8.554055979539395,1,-0.7021235163807107,-22.554055979539395,"(0.65, 0.8]"
configured,2023,0,0.4774073276248062,-3.0,-1.6332553292732204,1,-0.4774073276248062,-1.3667446707267796,"(0.35, 0.5]"
configured,2023,1,0.7251880289007938,6.0,10.205369337634675,1,0.2748119710992062,-4.205369337634675,"(0.65, 0.8]"
configured,2023,0,0.5674363835541055,-42.0,1.7311427781550695,1,-0.5674363835541055,-43.73114277815507,"(0.5, 0.65]"
configured,2023,1,0.899113484416127,14.0,21.857719631029163,1,0.10088651558387296,-7.857719631029163,"(0.8, 1.0]"
configured,2023,0,0.27419067183226836,-38.0,-10.388269140233556,1,-0.27419067183226836,-27.611730859766446,"(0.2, 0.35]"
configured,2023,1,0.7015933242146226,28.0,9.233782857860206,1,0.2984066757853774,18.766217142139794,"(0.65, 0.8]"
configured,2023,1,0.8586763240409734,3.0,18.412108862416076,1,0.14132367595902662,-15.412108862416076,"(0.8, 1.0]"
configured,2023,0,0.21372197563056994,-9.0,-13.481653482591076,1,-0.21372197563056994,4.481653482591076,"(0.2, 0.35]"
configured,2023,0,0.20268700136449,-33.0,-14.625175887896857,1,-0.20268700136449,-18.37482411210314,"(0.2, 0.35]"
configured,2023,1,0.24862221340874502,8.0,-11.743063600591276,1,0.751377786591255,19.743063600591277,"(0.2, 0.35]"
configured,2023,0,0.6622044194713097,-3.0,6.895597796922943,1,-0.6622044194713097,-9.895597796922942,"(0.65, 0.8]"
configured,2023,0,0.3872114658903883,-33.0,-4.266723655792594,1,-0.3872114658903883,-28.733276344207404,"(0.35, 0.5]"
configured,2023,0,0.31586367307373475,-9.0,-8.579986888163376,1,-0.31586367307373475,-0.4200131118366244,"(0.2, 0.35]"
configured,2023,1,0.7751059268121634,34.0,13.05470520861918,1,0.2248940731878366,20.945294791380817,"(0.65, 0.8]"
configured,2023,0,0.11097545347816376,-8.0,-21.843981905237385,1,-0.11097545347816376,13.843981905237385,"(-0.001, 0.2]"
configured,2023,1,0.3767305388286645,19.0,-5.22508106537538,1,0.6232694611713355,24.22508106537538,"(0.35, 0.5]"
configured,2023,0,0.7070782055256761,-7.0,9.212132803604291,1,-0.7070782055256761,-16.21213280360429,"(0.65, 0.8]"
configured,2023,0,0.2789395608398201,-36.0,-9.88059012262524,1,-0.2789395608398201,-26.11940987737476,"(0.2, 0.35]"
configured,2023,1,0.5553125446004215,15.0,1.3473978124945065,1,0.44468745539957855,13.652602187505494,"(0.5, 0.65]"
configured,2023,0,0.7962572740103647,-26.0,14.485832303111309,1,-0.7962572740103647,-40.48583230311131,"(0.65, 0.8]"
configured,2023,1,0.5766693735170403,3.0,3.187883001432968,1,0.4233306264829597,-0.1878830014329682,"(0.5, 0.65]"
configured,2023,1,0.6257536040245528,14.0,5.445350950896636,1,0.3742463959754472,8.554649049103364,"(0.5, 0.65]"
configured,2023,1,0.42418915634609766,3.0,-2.638321134867221,0,0.5758108436539023,5.638321134867221,"(0.35, 0.5]"
configured,2023,0,0.7144970652215904,-9.0,9.963211275648932,0,-0.7144970652215904,-18.96321127564893,"(0.65, 0.8]"
configured,2023,1,0.8200541090045113,28.0,15.942220627557775,0,0.17994589099548874,12.057779372442225,"(0.8, 1.0]"
configured,2023,0,0.2210360025177971,-24.0,-13.24171447346446,1,-0.2210360025177971,-10.75828552653554,"(0.2, 0.35]"
configured,2023,1,0.3346555436861748,3.0,-7.0795776277803215,0,0.6653444563138252,10.07957762778032,"(0.2, 0.35]"
configured,2023,1,0.555949269863051,26.0,2.127761954225017,1,0.44405073013694896,23.872238045774985,"(0.5, 0.65]"
configured,2023,0,0.6286979482227357,-12.0,5.603496537578902,1,-0.6286979482227357,-17.603496537578902,"(0.5, 0.65]"
configured,2023,0,0.15430663462900313,-26.0,-17.446981904825186,0,-0.15430663462900313,-8.553018095174814,"(-0.001, 0.2]"
configured,2023,1,0.7262169336084392,10.0,10.19500403645523,0,0.2737830663915608,-0.1950040364552308,"(0.65, 0.8]"
configured,2023,1,0.49701450938017017,6.0,0.19753546936216654,0,0.5029854906198299,5.802464530637834,"(0.35, 0.5]"
configured,2024,1,0.3805943682410863,3.0,-5.36197974163419,0,0.6194056317589137,8.36197974163419,"(0.35, 0.5]"
configured,2024,0,0.024979760632390432,-5.0,-35.200954389105334,1,-0.024979760632390432,30.200954389105334,"(-0.001, 0.2]"
configured,2024,0,0.2842313048366261,-2.0,-9.878092858320771,1,-0.2842313048366261,7.878092858320771,"(0.2, 0.35]"
configured,2024,0,0.6351751762319335,-28.0,5.563336404144117,1,-0.6351751762319335,-33.56333640414412,"(0.5, 0.65]"
configured,2024,1,0.9699373878761103,48.0,33.34561117854753,1,0.03006261212388972,14.654388821452471,"(0.8, 1.0]"
configured,2024,1,0.7565508120961666,6.0,11.503890241547996,1,0.2434491879038334,-5.503890241547996,"(0.65, 0.8]"
configured,2024,1,0.767755908498444,14.0,12.610651534099146,1,0.232244091501556,1.389348465900854,"(0.65, 0.8]"
configured,2024,0,0.21982350285588742,-7.0,-13.561691909645948,1,-0.21982350285588742,6.561691909645948,"(0.2, 0.35]"
configured,2024,1,0.7582677142572771,43.0,11.733341915569321,1,0.24173228574272287,31.26665808443068,"(0.65, 0.8]"
configured,2024,1,0.6907125759666335,31.0,8.886644043256853,0,0.3092874240333665,22.11335595674315,"(0.65, 0.8]"
configured,2024,1,0.3107434715605216,7.0,-8.086809150434805,1,0.6892565284394784,15.086809150434805,"(0.2, 0.35]"
configured,2024,1,0.916485594309934,31.0,24.02079176073533,1,0.08351440569006596,6.979208239264668,"(0.8, 1.0]"
configured,2024,0,0.3345077186717385,-22.0,-7.522525323675621,1,-0.3345077186717385,-14.477474676324379,"(0.2, 0.35]"
configured,2024,0,0.40161700078800994,-24.0,-4.562239609595904,1,-0.40161700078800994,-19.437760390404094,"(0.35, 0.5]"
configured,2024,0,0.6341309889500085,-14.0,5.514675044253413,1,-0.6341309889500085,-19.514675044253412,"(0.5, 0.65]"
configured,2024,1,0.9376721245060582,24.0,26.939799838155373,1,0.06232787549394181,-2.9397998381553734,"(0.8, 1.0]"
configured,2024,1,0.3810005992752903,7.0,-4.791447581477161,0,0.6189994007247097,11.791447581477161,"(0.35, 0.5]"
configured,2024,1,0.9497218513070742,52.0,28.92663134979801,1,0.050278148692925795,23.07336865020199,"(0.8, 1.0]"
configured,2024,1,0.8863886326382155,33.0,20.452448030626023,1,0.11361136736178445,12.547551969373977,"(0.8, 1.0]"
configured,2024,1,0.9855947392719235,46.0,39.744071612157015,1,0.014405260728076463,6.255928387842985,"(0.8, 1.0]"
configured,2024,1,0.7299184032333602,16.0,10.05746442290655,1,0.2700815967666398,5.94253557709345,"(0.65, 0.8]"
configured,2024,0,0.4404526139153771,-11.0,-2.6182140546750543,1,-0.4404526139153771,-8.381785945324946,"(0.35, 0.5]"
configured,2024,1,0.8884845510981807,4.0,21.202188187163983,1,0.1115154489018193,-17.202188187163983,"(0.8, 1.0]"
configured,2024,0,0.839037427926052,-14.0,16.817334719055644,1,-0.839037427926052,-30.817334719055644,"(0.8, 1.0]"
configured,2024,1,0.947922749264044,63.0,28.424942932617114,1,0.05207725073595604,34.575057067382886,"(0.8, 1.0]"
configured,2024,0,0.8094310401251654,-2.0,14.899575253066697,1,-0.8094310401251654,-16.899575253066697,"(0.8, 1.0]"
configured,2024,0,0.7371731710027539,-20.0,10.560162571740833,1,-0.7371731710027539,-30.560162571740833,"(0.65, 0.8]"
configured,2024,0,0.7748366728714731,-20.0,12.722918201825019,1,-0.7748366728714731,-32.72291820182502,"(0.65, 0.8]"
configured,2024,0,0.32302789409429455,-3.0,-8.299079284091267,1,-0.32302789409429455,5.299079284091267,"(0.2, 0.35]"
configured,2024,1,0.8589233329042801,20.0,18.704996630226137,1,0.14107666709571987,1.2950033697738625,"(0.8, 1.0]"
configured,2024,0,0.3885280172210426,-10.0,-5.18813459380506,1,-0.3885280172210426,-4.81186540619494,"(0.35, 0.5]"
configured,2024,1,0.9214686287610071,31.0,24.49328477769591,1,0.0785313712389929,6.506715222304091,"(0.8, 1.0]"
configured,2024,1,0.8589700000943381,23.0,18.106361792791787,1,0.1410299999056619,4.8936382072082125,"(0.8, 1.0]"
configured,2024,0,0.5173112073838242,-23.0,-0.018717405202128834,1,-0.5173112073838242,-22.98128259479787,"(0.5, 0.65]"
configured,2024,1,0.6686847836557235,41.0,6.970396044257933,1,0.3313152163442765,34.02960395574207,"(0.65, 0.8]"
configured,2024,1,0.9217879594086811,22.0,24.513702760127924,1,0.07821204059131892,-2.5137027601279236,"(0.8, 1.0]"
configured,2024,0,0.7357872257534355,-7.0,11.236925761710957,0,-0.7357872257534355,-18.236925761710957,"(0.65, 0.8]"
configured,2024,0,0.6924960125892545,-15.0,8.910176429108878,1,-0.6924960125892545,-23.91017642910888,"(0.65, 0.8]"
configured,2024,0,0.9468334402004814,-3.0,28.0726984458432,1,-0.9468334402004814,-31.0726984458432,"(0.8, 1.0]"
configured,2024,0,0.3409267423692234,-6.0,-6.660981931383141,0,-0.3409267423692234,0.6609819313831409,"(0.2, 0.35]"
configured,2024,0,0.6555449627306316,-17.0,7.13293136541183,1,-0.6555449627306316,-24.132931365411828,"(0.65, 0.8]"
configured,2024,1,0.9683167592499267,7.0,32.93042200834528,1,0.03168324075007334,-25.930422008345282,"(0.8, 1.0]"
configured,2024,1,0.9035427859361451,32.0,22.3992149814406,1,0.09645721406385488,9.6007850185594,"(0.8, 1.0]"
configured,2024,0,0.29311264103933404,-7.0,-9.385944863308534,1,-0.29311264103933404,2.3859448633085343,"(0.2, 0.35]"
configured,2024,0,0.456594479008634,-19.0,-1.9056134761333543,1,-0.456594479008634,-17.094386523866646,"(0.35, 0.5]"
configured,2024,1,0.6731257210015953,8.0,7.251663067684067,1,0.3268742789984047,0.748336932315933,"(0.65, 0.8]"
configured,2024,1,0.8460718959543719,21.0,17.03158078998075,1,0.15392810404562807,3.968419210019249,"(0.8, 1.0]"
configured,2024,0,0.5412048647233303,-1.0,1.7237647386474946,1,-0.5412048647233303,-2.7237647386474944,"(0.5, 0.65]"
configured,2024,1,0.4836013714526678,3.0,-0.4265887006562865,1,0.5163986285473322,3.4265887006562865,"(0.35, 0.5]"
configured,2024,0,0.7407749089287388,-7.0,10.76205953234404,1,-0.7407749089287388,-17.76205953234404,"(0.65, 0.8]"
configured,2024,1,0.6373735394987998,27.0,5.468032340079277,1,0.3626264605012002,21.531967659920724,"(0.5, 0.65]"
configured,2024,0,0.4251021799432889,-1.0,-3.219781743336274,1,-0.4251021799432889,2.219781743336274,"(0.35, 0.5]"
configured,2024,0,0.5983774189954848,-3.0,3.990891652748906,1,-0.5983774189954848,-6.990891652748906,"(0.5, 0.65]"
configured,2024,1,0.8616033191427415,21.0,18.76616581405419,1,0.13839668085725854,2.2338341859458097,"(0.8, 1.0]"
configured,2024,1,0.8742629911629891,35.0,19.817170719076834,1,0.1257370088370109,15.182829280923166,"(0.8, 1.0]"
configured,2024,1,0.8647231793405499,18.0,19.008942790573585,1,0.13527682065945013,-1.0089427905735846,"(0.8, 1.0]"
configured,2024,1,0.5308851572238761,11.0,1.2555852882505705,1,0.4691148427761239,9.74441471174943,"(0.5, 0.65]"
configured,2024,0,0.9661254452441037,-2.0,32.59147769408225,1,-0.9661254452441037,-34.59147769408225,"(0.8, 1.0]"
configured,2024,1,0.8531901345669306,15.0,17.89330740313273,1,0.1468098654330694,-2.893307403132731,"(0.8, 1.0]"
configured,2024,0,0.6005881930669055,-25.0,4.022867881013526,1,-0.6005881930669055,-29.022867881013525,"(0.5, 0.65]"
configured,2024,1,0.6537953613206592,39.0,6.491986572992827,1,0.3462046386793408,32.50801342700717,"(0.65, 0.8]"
configured,2024,1,0.953404009004178,49.0,29.401019653394,1,0.04659599099582201,19.598980346606,"(0.8, 1.0]"
configured,2024,1,0.7970942250252446,17.0,13.62974502844973,1,0.20290577497475537,3.3702549715502705,"(0.65, 0.8]"
configured,2024,1,0.3499651348594809,7.0,-6.607597904505228,1,0.6500348651405191,13.607597904505228,"(0.2, 0.35]"
configured,2024,1,0.429484306389172,36.0,-2.8195061246277366,0,0.570515693610828,38.819506124627736,"(0.35, 0.5]"
configured,2024,0,0.509354684854943,-6.0,-0.10813811844374888,1,-0.509354684854943,-5.891861881556251,"(0.5, 0.65]"
configured,2024,1,0.8939495414029668,31.0,21.561049864584678,1,0.10605045859703321,9.438950135415322,"(0.8, 1.0]"
configured,2024,0,0.5812382229154905,-1.0,3.499669725537523,1,-0.5812382229154905,-4.499669725537522,"(0.5, 0.65]"
configured,2024,1,0.8871108494238289,26.0,21.040732243169327,1,0.1128891505761711,4.959267756830673,"(0.8, 1.0]"
configured,2024,1,0.9648507836774811,38.0,31.542680806474095,1,0.035149216322518884,6.457319193525905,"(0.8, 1.0]"
configured,2024,0,0.21111553738001637,-3.0,-14.032998254918525,1,-0.21111553738001637,11.032998254918525,"(0.2, 0.35]"
configured,2024,1,0.295518359073378,6.0,-9.095772862906951,1,0.704481640926622,15.095772862906951,"(0.2, 0.35]"
configured,2024,1,0.31064862178720387,26.0,-8.20729782557429,1,0.6893513782127961,34.20729782557429,"(0.2, 0.35]"
configured,2024,1,0.7114541849123852,4.0,9.213375921648069,1,0.2885458150876148,-5.213375921648069,"(0.65, 0.8]"
configured,2024,0,0.5402707223325564,-10.0,1.4723031027900233,1,-0.5402707223325564,-11.472303102790024,"(0.5, 0.65]"
configured,2024,1,0.35300772838711536,18.0,-6.599864975034329,1,0.6469922716128846,24.59986497503433,"(0.35, 0.5]"
configured,2024,0,0.39977084387273265,-41.0,-4.0528877411903,0,-0.39977084387273265,-36.947112258809696,"(0.35, 0.5]"
configured,2024,1,0.9487224313814051,56.0,29.1440571054399,1,0.05127756861859489,26.8559428945601,"(0.8, 1.0]"
configured,2024,1,0.805444116176122,4.0,14.808069988098529,1,0.194555883823878,-10.808069988098529,"(0.8, 1.0]"
configured,2024,1,0.7997051183404165,46.0,14.295533960224407,1,0.20029488165958353,31.704466039775593,"(0.65, 0.8]"
configured,2024,1,0.935850905335436,3.0,26.775561441040438,1,0.06414909466456398,-23.775561441040438,"(0.8, 1.0]"
configured,2024,1,0.27336838849850775,21.0,-10.22597025572651,1,0.7266316115014922,31.22597025572651,"(0.2, 0.35]"
configured,2024,0,0.19142392883051393,-6.0,-14.65065239156747,1,-0.19142392883051393,8.65065239156747,"(-0.001, 0.2]"
configured,2024,1,0.6455007674139759,7.0,5.804065670954596,1,0.3544992325860241,1.1959343290454036,"(0.5, 0.65]"
configured,2024,0,0.3791674979694839,-21.0,-5.616105267898451,1,-0.3791674979694839,-15.383894732101549,"(0.35, 0.5]"
configured,2024,1,0.8203052760313847,48.0,15.826289500119682,1,0.1796947239686153,32.173710499880315,"(0.8, 1.0]"
configured,2024,0,0.701457585453146,-3.0,8.995880434079773,1,-0.701457585453146,-11.995880434079773,"(0.65, 0.8]"
configured,2024,0,0.8128342500067547,-3.0,15.434301085415745,0,-0.8128342500067547,-18.434301085415747,"(0.8, 1.0]"
configured,2024,1,0.586503745441044,24.0,3.747378080929262,1,0.413496254558956,20.252621919070737,"(0.5, 0.65]"
configured,2024,1,0.7955399606633969,10.0,14.40162775594743,1,0.20446003933660306,-4.40162775594743,"(0.65, 0.8]"
configured,2024,0,0.25064611418456956,-35.0,-11.521099278498793,1,-0.25064611418456956,-23.478900721501205,"(0.2, 0.35]"
configured,2024,0,0.6205361823344615,-8.0,5.473321363898542,1,-0.6205361823344615,-13.473321363898542,"(0.5, 0.65]"
configured,2024,1,0.8886317864684455,10.0,20.944738713274994,1,0.11136821353155446,-10.944738713274994,"(0.8, 1.0]"
configured,2024,0,0.5647250878471755,-11.0,2.3327086574587717,1,-0.5647250878471755,-13.332708657458772,"(0.5, 0.65]"
configured,2024,1,0.8973629488324613,45.0,21.680254393597846,1,0.10263705116753874,23.319745606402154,"(0.8, 1.0]"
configured,2024,0,0.25925704623216766,-32.0,-11.071934027313072,1,-0.25925704623216766,-20.92806597268693,"(0.2, 0.35]"
configured,2024,0,0.455961881317159,-3.0,-1.8938914611277373,1,-0.455961881317159,-1.1061085388722627,"(0.35, 0.5]"
configured,2024,1,0.7511091542629103,21.0,11.509796790653406,1,0.24889084573708975,9.490203209346594,"(0.65, 0.8]"
configured,2024,1,0.8139185397122325,6.0,15.219297666602351,1,0.1860814602877675,-9.219297666602351,"(0.8, 1.0]"
configured,2024,1,0.5741679888074513,31.0,3.1259542729039724,1,0.42583201119254865,27.87404572709603,"(0.5, 0.65]"
configured,2024,0,0.3134030242453152,-8.0,-8.422863401136771,1,-0.3134030242453152,0.42286340113677134,"(0.2, 0.35]"
configured,2024,0,0.6251350845022292,-5.0,5.929446846867846,0,-0.6251350845022292,-10.929446846867846,"(0.5, 0.65]"
configured,2024,0,0.15426590513201888,-59.0,-17.834481942167407,1,-0.15426590513201888,-41.16551805783259,"(-0.001, 0.2]"
configured,2024,1,0.8506224188595404,15.0,17.66238836899435,1,0.14937758114045963,-2.6623883689943497,"(0.8, 1.0]"
configured,2024,0,0.06442069634521465,-35.0,-26.56947607885342,1,-0.06442069634521465,-8.43052392114658,"(-0.001, 0.2]"
configured,2024,0,0.5182189689635731,-13.0,0.4611437617100238,1,-0.5182189689635731,-13.461143761710023,"(0.5, 0.65]"
configured,2024,1,0.8414061716948713,27.0,16.990382610310164,1,0.1585938283051287,10.009617389689836,"(0.8, 1.0]"
configured,2024,1,0.9654371453378233,62.0,32.29559779038015,1,0.03456285466217668,29.70440220961985,"(0.8, 1.0]"
configured,2024,1,0.22770024173051337,4.0,-12.713311124238107,1,0.7722997582694866,16.713311124238107,"(0.2, 0.35]"
configured,2024,0,0.24453846957036263,-2.0,-11.656320666800838,1,-0.24453846957036263,9.656320666800838,"(0.2, 0.35]"
configured,2024,1,0.7034898867353332,17.0,8.566923704701408,1,0.2965101132646668,8.433076295298592,"(0.65, 0.8]"
configured,2024,1,0.7530341625650658,10.0,11.61539006023545,1,0.24696583743493417,-1.61539006023545,"(0.65, 0.8]"
configured,2024,0,0.4188493749909882,-17.0,-3.8099256119837173,1,-0.4188493749909882,-13.190074388016283,"(0.35, 0.5]"
configured,2024,1,0.6681435786382582,18.0,7.601176621106047,1,0.33185642136174176,10.398823378893953,"(0.65, 0.8]"
configured,2024,1,0.9443116861763037,18.0,27.634531724948285,1,0.05568831382369632,-9.634531724948285,"(0.8, 1.0]"
configured,2024,0,0.18288061491813667,-20.0,-15.564159187198708,1,-0.18288061491813667,-4.435840812801292,"(-0.001, 0.2]"
configured,2024,1,0.7569393121201566,5.0,11.55472264347231,1,0.24306068787984336,-6.55472264347231,"(0.65, 0.8]"
configured,2024,0,0.14557903463756453,-34.0,-18.023873851826718,1,-0.14557903463756453,-15.976126148173282,"(-0.001, 0.2]"
configured,2024,0,0.5616365143459118,-28.0,2.3322768161153684,1,-0.5616365143459118,-30.332276816115368,"(0.5, 0.65]"
configured,2024,1,0.3787679054377132,18.0,-5.092276295405483,1,0.6212320945622868,23.092276295405483,"(0.35, 0.5]"
configured,2024,1,0.8649196531164209,49.0,18.75786929453305,1,0.13508034688357906,30.24213070546695,"(0.8, 1.0]"
configured,2024,1,0.2656684894148007,3.0,-10.78582360827673,1,0.7343315105851993,13.78582360827673,"(0.2, 0.35]"
configured,2024,1,0.4462146959962518,4.0,-2.5836797299817005,1,0.5537853040037481,6.5836797299817,"(0.35, 0.5]"
configured,2024,0,0.2839234249922456,-25.0,-9.457176743544133,1,-0.2839234249922456,-15.542823256455867,"(0.2, 0.35]"
configured,2024,0,0.36234673871215395,-24.0,-5.982570396267937,1,-0.36234673871215395,-18.01742960373206,"(0.35, 0.5]"
configured,2024,1,0.8342361089966732,28.0,16.396964343428486,1,0.16576389100332678,11.603035656571514,"(0.8, 1.0]"
configured,2024,0,0.4274115106232351,-29.0,-3.4707432009005363,1,-0.4274115106232351,-25.529256799099464,"(0.35, 0.5]"
configured,2024,0,0.244260292942703,-1.0,-11.747464051899804,1,-0.244260292942703,10.747464051899804,"(0.2, 0.35]"
configured,2024,0,0.1989506260904414,-19.0,-14.647651471094974,1,-0.1989506260904414,-4.352348528905026,"(-0.001, 0.2]"
configured,2024,1,0.9449449599780433,26.0,27.797847035213724,1,0.055055040021956714,-1.7978470352137244,"(0.8, 1.0]"
configured,2024,0,0.6143777976041647,-1.0,4.737018065677722,1,-0.6143777976041647,-5.737018065677722,"(0.5, 0.65]"
configured,2024,1,0.9727519396018355,71.0,34.614246103112265,1,0.02724806039816452,36.385753896887735,"(0.8, 1.0]"
configured,2024,0,0.47331886585825067,-14.0,-1.4823359097075568,1,-0.47331886585825067,-12.517664090292444,"(0.35, 0.5]"
configured,2024,1,0.6758849400223552,26.0,7.5126195075673365,1,0.3241150599776448,18.487380492432663,"(0.65, 0.8]"
configured,2024,0,0.5988263128677718,-20.0,4.288193570724923,1,-0.5988263128677718,-24.28819357072492,"(0.5, 0.65]"
configured,2024,1,0.8818487791562959,21.0,20.250185916398856,1,0.11815122084370411,0.7498140836011444,"(0.8, 1.0]"
configured,2024,1,0.7785613644128659,48.0,12.571895591831824,1,0.22143863558713406,35.428104408168174,"(0.65, 0.8]"
configured,2024,0,0.5951460048769559,-34.0,3.53805016626075,1,-0.5951460048769559,-37.53805016626075,"(0.5, 0.65]"
configured,2024,0,0.7976452445360199,-2.0,14.481022903275216,1,-0.7976452445360199,-16.481022903275218,"(0.65, 0.8]"
configured,2024,0,0.6063693663322531,-7.0,4.203715585199371,1,-0.6063693663322531,-11.20371558519937,"(0.5, 0.65]"
configured,2024,1,0.7580474172472549,2.0,11.76672931538336,1,0.24195258275274512,-9.76672931538336,"(0.65, 0.8]"
configured,2024,1,0.8789370592788499,38.0,20.226355820620117,1,0.12106294072115009,17.773644179379883,"(0.8, 1.0]"
configured,2024,1,0.706793861409643,4.0,9.007615228432844,1,0.29320613859035705,-5.007615228432844,"(0.65, 0.8]"
configured,2024,1,0.7806265059623708,24.0,12.727795372881422,1,0.21937349403762918,11.272204627118578,"(0.65, 0.8]"
configured,2024,1,0.9434247439326682,35.0,27.755295931931773,1,0.056575256067331825,7.244704068068227,"(0.8, 1.0]"
configured,2024,1,0.49958527580952994,34.0,0.09819301190911656,1,0.5004147241904701,33.90180698809088,"(0.35, 0.5]"
configured,2024,0,0.195052605342166,-17.0,-14.533938129883332,1,-0.195052605342166,-2.4660618701166683,"(-0.001, 0.2]"
configured,2024,1,0.3162794077032348,23.0,-8.465853660492218,1,0.6837205922967652,31.46585366049222,"(0.2, 0.35]"
configured,2024,0,0.8469962146993261,-20.0,17.16166442992524,1,-0.8469962146993261,-37.16166442992524,"(0.8, 1.0]"
configured,2024,0,0.5672172321826363,-8.0,2.5521165471886795,1,-0.5672172321826363,-10.55211654718868,"(0.5, 0.65]"
configured,2024,1,0.8443513755855858,35.0,17.069645108060943,1,0.15564862441441418,17.930354891939057,"(0.8, 1.0]"
configured,2024,1,0.5454227755846632,3.0,1.8029378910188185,1,0.45457722441533677,1.1970621089811815,"(0.5, 0.65]"
configured,2024,1,0.34642056216082423,16.0,-6.716632442767777,1,0.6535794378391757,22.716632442767775,"(0.2, 0.35]"
configured,2024,1,0.6745066921222662,45.0,7.453052696899409,1,0.3254933078777338,37.546947303100595,"(0.65, 0.8]"
configured,2024,0,0.4798953139400488,-19.0,-0.753035719483131,1,-0.4798953139400488,-18.24696428051687,"(0.35, 0.5]"
configured,2024,1,0.7529382192880741,37.0,11.332344127810764,1,0.24706178071192586,25.667655872189236,"(0.65, 0.8]"
configured,2024,1,0.9139106681605345,25.0,23.78648325277053,1,0.08608933183946554,1.2135167472294697,"(0.8, 1.0]"
configured,2024,1,0.12419381244991029,12.0,-20.00236241782455,1,0.8758061875500898,32.00236241782455,"(-0.001, 0.2]"
configured,2024,0,0.6171035636040829,-3.0,4.50529739242508,1,-0.6171035636040829,-7.50529739242508,"(0.5, 0.65]"
configured,2024,1,0.995696757444477,56.0,49.724554325808384,1,0.004303242555522946,6.275445674191616,"(0.8, 1.0]"
configured,2024,0,0.6558336101734926,-3.0,6.3629363050366,1,-0.6558336101734926,-9.3629363050366,"(0.65, 0.8]"
configured,2024,1,0.7660485349886055,8.0,12.275168443939304,1,0.23395146501139452,-4.275168443939304,"(0.65, 0.8]"
configured,2024,1,0.7531415925546954,3.0,11.544952547123474,1,0.24685840744530463,-8.544952547123474,"(0.65, 0.8]"
configured,2024,0,0.7433454779832166,-10.0,10.819023260638446,1,-0.7433454779832166,-20.819023260638446,"(0.65, 0.8]"
configured,2024,1,0.7675551527555364,17.0,12.68530466192773,1,0.23244484724446357,4.314695338072269,"(0.65, 0.8]"
configured,2024,1,0.7394148741897979,12.0,11.330025417628711,1,0.2605851258102021,0.6699745823712888,"(0.65, 0.8]"
configured,2024,0,0.792407748816622,-3.0,13.425980343286735,1,-0.792407748816622,-16.425980343286735,"(0.65, 0.8]"
configured,2024,0,0.3535315463656211,-28.0,-6.617344641772879,1,-0.3535315463656211,-21.38265535822712,"(0.35, 0.5]"
configured,2024,1,0.918946149050339,3.0,23.78513900999226,1,0.081053850949661,-20.78513900999226,"(0.8, 1.0]"
configured,2024,1,0.7857897837068119,24.0,13.167953920542367,1,0.21421021629318815,10.832046079457633,"(0.65, 0.8]"
configured,2024,1,0.7744896242897357,10.0,12.404661534565378,1,0.22551037571026433,-2.4046615345653777,"(0.65, 0.8]"
configured,2024,1,0.8360586064336263,11.0,16.380106706677445,1,0.16394139356637372,-5.380106706677445,"(0.8, 1.0]"
configured,2024,1,0.3311826229635616,5.0,-7.505435235426281,1,0.6688173770364384,12.505435235426281,"(0.2, 0.35]"
configured,2024,1,0.7053311842419181,5.0,9.262744479431088,1,0.2946688157580819,-4.262744479431088,"(0.65, 0.8]"
configured,2024,1,0.5722297895551984,20.0,2.6705934912766454,1,0.42777021044480157,17.329406508723356,"(0.5, 0.65]"
configured,2024,1,0.4725212816176313,27.0,-1.2301769373901172,1,0.5274787183823687,28.230176937390116,"(0.35, 0.5]"
configured,2024,0,0.3839563504220899,-3.0,-4.833117097044543,1,-0.3839563504220899,1.8331170970445427,"(0.35, 0.5]"
configured,2024,1,0.6939249954894459,19.0,8.789557169990442,1,0.30607500451055414,10.210442830009558,"(0.65, 0.8]"
configured,2024,0,0.16913890458251452,-35.0,-16.9372356279281,1,-0.16913890458251452,-18.0627643720719,"(-0.001, 0.2]"
configured,2024,1,0.5942359934682981,34.0,3.6560488706242333,1,0.40576400653170186,30.343951129375768,"(0.5, 0.65]"
configured,2024,0,0.6595295160115641,-10.0,6.759612994703181,1,-0.6595295160115641,-16.759612994703183,"(0.65, 0.8]"
configured,2024,1,0.8920944896576359,6.0,21.336027242234195,1,0.10790551034236406,-15.336027242234195,"(0.8, 1.0]"
configured,2024,1,0.9402848729946893,43.0,27.274507858899728,1,0.059715127005310675,15.725492141100272,"(0.8, 1.0]"
configured,2024,0,0.4116216208074572,-17.0,-4.0195870162982015,1,-0.4116216208074572,-12.980412983701799,"(0.35, 0.5]"
configured,2024,1,0.9276358383524241,39.0,25.17212521746179,1,0.07236416164757586,13.82787478253821,"(0.8, 1.0]"
configured,2024,1,0.9746917118943487,48.0,34.691563690234375,1,0.025308288105651333,13.308436309765625,"(0.8, 1.0]"
configured,2024,1,0.7104617235637882,4.0,8.910154208929878,1,0.28953827643621177,-4.910154208929878,"(0.65, 0.8]"
configured,2024,1,0.7548725356111528,7.0,11.557563210030091,1,0.24512746438884725,-4.557563210030091,"(0.65, 0.8]"
configured,2024,1,0.43504656136159103,17.0,-2.6382019438977697,1,0.564953438638409,19.63820194389777,"(0.35, 0.5]"
configured,2024,0,0.35773132009498365,-17.0,-6.061673628280968,1,-0.35773132009498365,-10.938326371719032,"(0.35, 0.5]"
configured,2024,1,0.18506935851601986,29.0,-15.680362368742866,1,0.8149306414839801,44.68036236874286,"(-0.001, 0.2]"
configured,2024,0,0.47222250427220175,-28.0,-1.0268794138309367,1,-0.47222250427220175,-26.973120586169063,"(0.35, 0.5]"
configured,2024,1,0.8003410262315236,4.0,14.534597899285508,1,0.1996589737684764,-10.534597899285508,"(0.8, 1.0]"
configured,2024,1,0.6476502995372331,3.0,6.0525693973645724,1,0.3523497004627669,-3.0525693973645724,"(0.5, 0.65]"
configured,2024,0,0.7665374208472608,-3.0,11.980020718562514,1,-0.7665374208472608,-14.980020718562514,"(0.65, 0.8]"
configured,2024,0,0.5855455900698854,-18.0,3.4872792038430025,1,-0.5855455900698854,-21.487279203843002,"(0.5, 0.65]"
configured,2024,0,0.7534582166648085,-23.0,11.462093644208736,1,-0.7534582166648085,-34.462093644208736,"(0.65, 0.8]"
configured,2024,1,0.7544353503170975,14.0,11.581921466056295,1,0.24556464968290248,2.4180785339437048,"(0.65, 0.8]"
configured,2024,1,0.6381799531983312,44.0,5.6553501190768305,1,0.3618200468016688,38.34464988092317,"(0.5, 0.65]"
configured,2024,1,0.5171191442706543,35.0,0.9256166582574772,1,0.4828808557293457,34.074383341742525,"(0.5, 0.65]"
configured,2024,1,0.8375847866817239,1.0,16.54093348006323,1,0.16241521331827613,-15.54093348006323,"(0.8, 1.0]"
configured,2024,0,0.709195279379027,-6.0,9.202696430558253,1,-0.709195279379027,-15.202696430558253,"(0.65, 0.8]"
configured,2024,1,0.595725576712679,22.0,4.323091414664868,1,0.404274423287321,17.676908585335134,"(0.5, 0.65]"
configured,2024,1,0.8801268006997336,3.0,20.437666084081155,1,0.11987319930026641,-17.437666084081155,"(0.8, 1.0]"
configured,2024,1,0.8434874111245012,7.0,17.396524670171704,1,0.1565125888754988,-10.396524670171704,"(0.8, 1.0]"
configured,2024,1,0.6402650783707955,56.0,6.200366370734241,1,0.3597349216292045,49.799633629265756,"(0.5, 0.65]"
configured,2024,1,0.154541384311772,1.0,-17.300471484017987,0,0.845458615688228,18.300471484017987,"(-0.001, 0.2]"
configured,2024,0,0.5564811285537242,-3.0,2.3443805732588694,1,-0.5564811285537242,-5.344380573258869,"(0.5, 0.65]"
configured,2024,1,0.6950519375660251,7.0,8.321593175351646,1,0.3049480624339749,-1.321593175351646,"(0.65, 0.8]"
configured,2024,1,0.7804544418915571,20.0,13.073788373127224,1,0.2195455581084429,6.926211626872776,"(0.65, 0.8]"
configured,2024,1,0.6896252891261361,4.0,8.573067652661651,0,0.3103747108738639,-4.573067652661651,"(0.65, 0.8]"
configured,2024,1,0.5944967241957573,1.0,3.8275026865567785,1,0.4055032758042427,-2.8275026865567785,"(0.5, 0.65]"
configured,2024,0,0.43687844359251227,-17.0,-2.774870296687928,1,-0.43687844359251227,-14.225129703312072,"(0.35, 0.5]"
configured,2024,0,0.3966303455995005,-19.0,-5.066726904643909,1,-0.3966303455995005,-13.93327309535609,"(0.35, 0.5]"
configured,2024,1,0.4995759532743085,45.0,0.02240900775934751,1,0.5004240467256915,44.97759099224065,"(0.35, 0.5]"
configured,2024,1,0.567238436112445,7.0,3.0807640626530812,1,0.43276156388755505,3.9192359373469188,"(0.5, 0.65]"
configured,2024,0,0.5463325990146674,-6.0,1.5373919695854092,1,-0.5463325990146674,-7.537391969585409,"(0.5, 0.65]"
configured,2024,0,0.5349296121506996,-27.0,1.5682725104900719,1,-0.5349296121506996,-28.568272510490072,"(0.5, 0.65]"
configured,2024,1,0.5897577491169368,17.0,3.9873643490764237,1,0.4102422508830632,13.012635650923576,"(0.5, 0.65]"
configured,2024,1,0.795567537984376,3.0,13.785184486072543,1,0.20443246201562404,-10.785184486072543,"(0.65, 0.8]"
configured,2024,0,0.5519666282254032,-11.0,2.527732192490722,0,-0.5519666282254032,-13.527732192490722,"(0.5, 0.65]"
configured,2024,1,0.40042664967005637,1.0,-4.43951599820128,1,0.5995733503299436,5.43951599820128,"(0.35, 0.5]"
configured,2024,1,0.3153691386322703,10.0,-8.464553998739714,1,0.6846308613677297,18.464553998739714,"(0.2, 0.35]"
configured,2024,1,0.9243149264361108,22.0,24.71953889040051,1,0.0756850735638892,-2.7195388904005107,"(0.8, 1.0]"
configured,2024,0,0.6607284225345385,-3.0,6.7183129336026415,1,-0.6607284225345385,-9.718312933602641,"(0.65, 0.8]"
configured,2024,1,0.4525534956580854,7.0,-2.0578595635412795,0,0.5474465043419146,9.05785956354128,"(0.35, 0.5]"
configured,2024,0,0.6717602522406307,-1.0,7.477777078163278,1,-0.6717602522406307,-8.477777078163278,"(0.65, 0.8]"
configured,2024,1,0.9412758521552997,26.0,27.421050441253914,1,0.05872414784470026,-1.4210504412539144,"(0.8, 1.0]"
configured,2024,1,0.4471761884895641,32.0,-1.9699988403657671,1,0.5528238115104359,33.96999884036577,"(0.35, 0.5]"
configured,2024,0,0.7522434780412831,-4.0,11.310663761879509,1,-0.7522434780412831,-15.310663761879509,"(0.65, 0.8]"
configured,2024,0,0.4530994791717879,-20.0,-1.9611069236744645,1,-0.4530994791717879,-18.038893076325536,"(0.35, 0.5]"
configured,2024,0,0.14372261604088174,-31.0,-18.59640706100048,1,-0.14372261604088174,-12.40359293899952,"(-0.001, 0.2]"
configured,2024,1,0.42206303017939606,7.0,-3.4186729629880195,1,0.5779369698206039,10.418672962988019,"(0.35, 0.5]"
configured,2024,1,0.8729027853582323,17.0,19.438347532316854,1,0.1270972146417677,-2.438347532316854,"(0.8, 1.0]"
configured,2024,1,0.9600703327676836,14.0,30.764831992627396,1,0.03992966723231639,-16.764831992627396,"(0.8, 1.0]"
configured,2024,1,0.799109600091865,32.0,14.458473855675486,1,0.20089039990813495,17.541526144324514,"(0.65, 0.8]"
configured,2024,1,0.6948398189006584,26.0,7.922493107271059,1,0.3051601810993416,18.07750689272894,"(0.65, 0.8]"
configured,2024,1,0.7592667248048242,3.0,11.691386610765973,1,0.24073327519517584,-8.691386610765973,"(0.65, 0.8]"
configured,2024,1,0.7514028260462752,12.0,11.482461483595156,1,0.24859717395372483,0.5175385164048443,"(0.65, 0.8]"
configured,2024,0,0.5403218167038615,-10.0,1.7303064187746,1,-0.5403218167038615,-11.7303064187746,"(0.5, 0.65]"
configured,2024,1,0.720245114649426,21.0,9.625119246238638,1,0.279754885350574,11.374880753761362,"(0.65, 0.8]"
configured,2024,0,0.2941618129856501,-13.0,-9.197022149575337,1,-0.2941618129856501,-3.8029778504246625,"(0.2, 0.35]"
configured,2024,0,0.14821657479881467,-21.0,-18.35861608568668,1,-0.14821657479881467,-2.6413839143133195,"(-0.001, 0.2]"
configured,2024,0,0.31599444067616594,-21.0,-8.261844343079515,1,-0.31599444067616594,-12.738155656920485,"(0.2, 0.35]"
configured,2024,0,0.39402632322715503,-20.0,-4.6035131534072455,1,-0.39402632322715503,-15.396486846592754,"(0.35, 0.5]"
configured,2024,0,0.7022192486053771,-11.0,9.021173506738128,1,-0.7022192486053771,-20.02117350673813,"(0.65, 0.8]"
configured,2024,0,0.36307298255322484,-3.0,-6.204129353449272,1,-0.36307298255322484,3.2041293534492716,"(0.35, 0.5]"
configured,2024,1,0.9492552490499463,21.0,28.811314718138917,1,0.05074475095005371,-7.811314718138917,"(0.8, 1.0]"
configured,2024,1,0.44578240672265074,31.0,-2.3209443666043588,1,0.5542175932773492,33.32094436660436,"(0.35, 0.5]"
configured,2024,0,0.47588485774676736,-7.0,-0.6404617175839471,1,-0.47588485774676736,-6.359538282416053,"(0.35, 0.5]"
configured,2024,1,0.6392175478594164,14.0,5.705545677753374,1,0.3607824521405836,8.294454322246626,"(0.5, 0.65]"
configured,2024,0,0.5130790645473784,-27.0,0.49838877816580585,1,-0.5130790645473784,-27.498388778165804,"(0.5, 0.65]"
configured,2024,0,0.7165799630798766,-4.0,9.543742314970824,1,-0.7165799630798766,-13.543742314970824,"(0.65, 0.8]"
configured,2024,0,0.7544351416112303,-10.0,11.66386094685097,1,-0.7544351416112303,-21.66386094685097,"(0.65, 0.8]"
configured,2024,1,0.37490422856644945,10.0,-5.304553627849222,1,0.6250957714335506,15.304553627849222,"(0.35, 0.5]"
configured,2024,1,0.9013132171492831,16.0,22.10893751332496,1,0.09868678285071686,-6.10893751332496,"(0.8, 1.0]"
configured,2024,0,0.740117739985917,-42.0,10.800847287530296,1,-0.740117739985917,-52.800847287530296,"(0.65, 0.8]"
configured,2024,1,0.645697976751202,46.0,6.1766041461736245,1,0.354302023248798,39.823395853826376,"(0.5, 0.65]"
configured,2024,0,0.502527047190893,-51.0,-0.32755050581998546,1,-0.502527047190893,-50.672449494180015,"(0.5, 0.65]"
configured,2024,0,0.4312040754836278,-3.0,-2.9121172214395465,1,-0.4312040754836278,-0.08788277856045346,"(0.35, 0.5]"
configured,2024,0,0.18454339131220168,-17.0,-15.155307860639677,0,-0.18454339131220168,-1.8446921393603226,"(-0.001, 0.2]"
configured,2024,1,0.5798411211804295,31.0,2.8788127124028677,1,0.4201588788195705,28.12118728759713,"(0.5, 0.65]"
configured,2024,1,0.8879370924070698,28.0,21.086494046525697,1,0.11206290759293025,6.913505953474303,"(0.8, 1.0]"
configured,2024,1,0.8071609286874522,18.0,14.852047480622437,1,0.19283907131254785,3.1479525193775633,"(0.8, 1.0]"
configured,2024,0,0.3187792415034939,-24.0,-7.680096285827595,1,-0.3187792415034939,-16.319903714172405,"(0.2, 0.35]"
configured,2024,1,0.34155731712053394,15.0,-6.681201924602387,1,0.6584426828794661,21.681201924602387,"(0.2, 0.35]"
configured,2024,1,0.6400743464092811,10.0,5.977330506867178,1,0.35992565359071893,4.022669493132822,"(0.5, 0.65]"
configured,2024,0,0.30224973303804165,-7.0,-8.754697797178462,1,-0.30224973303804165,1.754697797178462,"(0.2, 0.35]"
configured,2024,1,0.7517733169140217,9.0,11.365506671898578,1,0.24822668308597828,-2.3655066718985776,"(0.65, 0.8]"
configured,2024,0,0.2179197205630127,-24.0,-13.525582773471157,1,-0.2179197205630127,-10.474417226528843,"(0.2, 0.35]"
configured,2024,0,0.4446102386867861,-24.0,-2.4096528602186784,1,-0.4446102386867861,-21.590347139781322,"(0.35, 0.5]"
configured,2024,1,0.4556711470880184,7.0,-2.2532078263612125,1,0.5443288529119816,9.253207826361212,"(0.35, 0.5]"
configured,2024,1,0.13269497490441973,5.0,-19.109034584887205,1,0.8673050250955803,24.109034584887205,"(-0.001, 0.2]"
configured,2024,1,0.6637555354118159,8.0,7.3944081800983685,1,0.33624446458818413,0.6055918199016315,"(0.65, 0.8]"
configured,2024,1,0.5205515622868071,2.0,0.3140254037319168,1,0.4794484377131929,1.6859745962680832,"(0.5, 0.65]"
configured,2024,0,0.43455097350986893,-16.0,-2.634821339082747,1,-0.43455097350986893,-13.365178660917254,"(0.35, 0.5]"
configured,2024,0,0.3178632394773224,-10.0,-8.025800016070745,1,-0.3178632394773224,-1.974199983929255,"(0.2, 0.35]"
configured,2024,1,0.3390108730251459,2.0,-7.4438214598295644,1,0.6609891269748541,9.443821459829564,"(0.2, 0.35]"
configured,2024,1,0.7766015572353384,32.0,12.844548027316229,1,0.2233984427646616,19.15545197268377,"(0.65, 0.8]"
configured,2024,1,0.6513870688424456,8.0,6.605705176144211,1,0.34861293115755443,1.3942948238557893,"(0.65, 0.8]"
configured,2024,1,0.28367637028579895,10.0,-9.68967869902954,1,0.716323629714201,19.689678699029542,"(0.2, 0.35]"
configured,2024,1,0.44252725380231794,5.0,-2.792965777227821,1,0.5574727461976821,7.7929657772278205,"(0.35, 0.5]"
configured,2024,1,0.3737415764850571,7.0,-5.780638872298937,1,0.6262584235149429,12.780638872298937,"(0.35, 0.5]"
configured,2024,1,0.7292447910085262,22.0,9.960547887731131,1,0.27075520899147376,12.039452112268869,"(0.65, 0.8]"
configured,2024,1,0.6679470408009762,4.0,7.3322196672486335,1,0.3320529591990238,-3.3322196672486335,"(0.65, 0.8]"
configured,2024,1,0.700645932492574,11.0,8.602640825555333,1,0.299354067507426,2.3973591744446665,"(0.65, 0.8]"
configured,2024,1,0.32711050992074797,4.0,-7.715000694882832,1,0.672889490079252,11.715000694882832,"(0.2, 0.35]"
configured,2024,1,0.6905217743069836,10.0,8.081132575898183,1,0.3094782256930164,1.9188674241018173,"(0.65, 0.8]"
configured,2024,1,0.3835959236854296,3.0,-4.820591640081549,1,0.6164040763145704,7.820591640081549,"(0.35, 0.5]"
configured,2024,0,0.2539071140520024,-1.0,-11.549298905108074,1,-0.2539071140520024,10.549298905108074,"(0.2, 0.35]"
configured,2024,0,0.6029601247081233,-6.0,4.246522993619413,1,-0.6029601247081233,-10.246522993619413,"(0.5, 0.65]"
configured,2024,1,0.8997660750261012,7.0,22.043298967256057,1,0.10023392497389882,-15.043298967256057,"(0.8, 1.0]"
configured,2024,1,0.7702464721182203,41.0,12.246459441648064,1,0.22975352788177972,28.753540558351936,"(0.65, 0.8]"
configured,2024,1,0.5418265434665019,32.0,1.6943505659731095,1,0.45817345653349806,30.30564943402689,"(0.5, 0.65]"
configured,2024,1,0.8145671460088,27.0,15.121243635645774,1,0.18543285399120002,11.878756364354226,"(0.8, 1.0]"
configured,2024,1,0.4343072219931523,27.0,-2.7687935192964486,1,0.5656927780068477,29.768793519296448,"(0.35, 0.5]"
configured,2024,0,0.7065993719526769,-27.0,9.11240368465525,1,-0.7065993719526769,-36.11240368465525,"(0.65, 0.8]"
configured,2024,0,0.5167883728409626,-16.0,0.5375678514544076,1,-0.5167883728409626,-16.53756785145441,"(0.5, 0.65]"
configured,2024,1,0.5643103671984738,8.0,2.275201560633768,1,0.43568963280152617,5.724798439366232,"(0.5, 0.65]"
configured,2024,1,0.5918376777195755,24.0,3.3447570449296853,1,0.4081623222804245,20.655242955070314,"(0.5, 0.65]"
configured,2024,0,0.5542813426025646,-35.0,2.2611302414229324,1,-0.5542813426025646,-37.26113024142293,"(0.5, 0.65]"
configured,2024,1,0.3550844447989463,34.0,-6.493755767663714,1,0.6449155552010537,40.493755767663714,"(0.35, 0.5]"
configured,2024,0,0.057188146717419244,-42.0,-27.609193188114425,1,-0.057188146717419244,-14.390806811885575,"(-0.001, 0.2]"
configured,2024,1,0.23619251764488083,15.0,-12.253027175435149,1,0.7638074823551192,27.25302717543515,"(0.2, 0.35]"
configured,2024,1,0.7728442409664973,2.0,12.351658969925312,1,0.2271557590335027,-10.351658969925312,"(0.65, 0.8]"
configured,2024,0,0.6268758785931484,-7.0,5.71947249557763,1,-0.6268758785931484,-12.71947249557763,"(0.5, 0.65]"
configured,2024,0,0.17559019612914906,-35.0,-15.935524869875117,1,-0.17559019612914906,-19.064475130124883,"(-0.001, 0.2]"
configured,2024,0,0.2968796681977468,-2.0,-9.399927294395585,1,-0.2968796681977468,7.399927294395585,"(0.2, 0.35]"
configured,2024,0,0.22578659308120114,-24.0,-12.842496158499898,1,-0.22578659308120114,-11.157503841500102,"(0.2, 0.35]"
configured,2024,0,0.40657091906855786,-31.0,-3.720171514415677,0,-0.40657091906855786,-27.279828485584325,"(0.35, 0.5]"
configured,2024,1,0.9641104476353333,42.0,32.263622105477076,1,0.03588955236466673,9.736377894522924,"(0.8, 1.0]"
configured,2024,0,0.640865860794926,-10.0,5.882024181000496,1,-0.640865860794926,-15.882024181000496,"(0.5, 0.65]"
configured,2024,0,0.1565659243432233,-3.0,-17.13230205889579,1,-0.1565659243432233,14.132302058895789,"(-0.001, 0.2]"
configured,2024,0,0.5964245123281622,-7.0,4.099416649476742,1,-0.5964245123281622,-11.099416649476742,"(0.5, 0.65]"
configured,2024,1,0.47017987554419693,1.0,-1.4022241616681606,1,0.5298201244558031,2.4022241616681606,"(0.35, 0.5]"
configured,2024,0,0.706866644545076,-3.0,9.205122868231484,1,-0.706866644545076,-12.205122868231484,"(0.65, 0.8]"
configured,2024,1,0.43158830287377026,2.0,-3.1089589246297646,1,0.5684116971262297,5.108958924629764,"(0.35, 0.5]"
configured,2024,1,0.6648396225896915,7.0,6.747208044425657,1,0.33516037741030846,0.2527919555743434,"(0.65, 0.8]"
configured,2024,0,0.19668579857213014,-4.0,-15.16178917633362,1,-0.19668579857213014,11.16178917633362,"(-0.001, 0.2]"
configured,2024,0,0.2952947293449173,-18.0,-8.905358269136228,0,-0.2952947293449173,-9.094641730863772,"(0.2, 0.35]"
configured,2024,0,0.7237256171371089,-6.0,9.920412264803716,1,-0.7237256171371089,-15.920412264803716,"(0.65, 0.8]"
configured,2024,1,0.7987075155624528,10.0,13.81721802377625,1,0.20129248443754721,-3.8172180237762507,"(0.65, 0.8]"
configured,2024,1,0.19516105817705176,22.0,-14.858140859863994,1,0.8048389418229482,36.858140859863994,"(-0.001, 0.2]"
configured,2024,0,0.4099529608695811,-2.0,-4.357709859710631,1,-0.4099529608695811,2.3577098597106314,"(0.35, 0.5]"
configured,2024,1,0.9692768100340423,10.0,33.028659925953534,1,0.030723189965957687,-23.028659925953534,"(0.8, 1.0]"
configured,2024,1,0.48110794985889616,17.0,-0.978320600979369,1,0.5188920501411038,17.97832060097937,"(0.35, 0.5]"
configured,2024,0,0.6125557275044196,-8.0,4.375574731619281,1,-0.6125557275044196,-12.375574731619281,"(0.5, 0.65]"
configured,2024,0,0.6037181939698694,-4.0,4.481103910283439,1,-0.6037181939698694,-8.481103910283439,"(0.5, 0.65]"
configured,2024,1,0.641305844361016,15.0,5.999440378567762,1,0.358694155638984,9.000559621432238,"(0.5, 0.65]"
configured,2024,1,0.513540898655284,6.0,0.7252096106704751,1,0.48645910134471604,5.2747903893295245,"(0.5, 0.65]"
configured,2024,1,0.48700299564964633,2.0,-0.8378314258695592,1,0.5129970043503537,2.837831425869559,"(0.35, 0.5]"
configured,2024,1,0.636204372273579,32.0,6.100246186096193,1,0.36379562772642104,25.899753813903807,"(0.5, 0.65]"
configured,2024,1,0.4697567121254682,3.0,-0.8147440114193869,1,0.5302432878745318,3.814744011419387,"(0.35, 0.5]"
configured,2024,1,0.684182574601681,1.0,7.978136941226186,1,0.31581742539831903,-6.978136941226186,"(0.65, 0.8]"
configured,2024,1,0.4294601587297689,10.0,-2.8389234353401087,1,0.5705398412702312,12.838923435340108,"(0.35, 0.5]"
configured,2024,1,0.23396693726251894,5.0,-12.967042561356605,1,0.7660330627374811,17.967042561356607,"(0.2, 0.35]"
configured,2024,0,0.8280798775156317,-7.0,15.974251550178483,1,-0.8280798775156317,-22.974251550178483,"(0.8, 1.0]"
configured,2024,0,0.6168685631132768,-7.0,4.820009394771602,1,-0.6168685631132768,-11.820009394771603,"(0.5, 0.65]"
configured,2024,0,0.7399201953886239,-12.0,10.824041451972269,1,-0.7399201953886239,-22.82404145197227,"(0.65, 0.8]"
configured,2024,1,0.5936461567774597,1.0,3.6930585709988906,1,0.4063538432225403,-2.6930585709988906,"(0.5, 0.65]"
configured,2024,0,0.7468810134481287,-4.0,11.08080405923723,1,-0.7468810134481287,-15.08080405923723,"(0.65, 0.8]"
configured,2024,0,0.5145876008228476,-3.0,0.28273426332531315,1,-0.5145876008228476,-3.282734263325313,"(0.5, 0.65]"
configured,2024,0,0.3917431292359197,-21.0,-5.144572118610233,1,-0.3917431292359197,-15.855427881389767,"(0.35, 0.5]"
configured,2024,1,0.7456639854232848,16.0,10.954089809917297,1,0.2543360145767152,5.045910190082703,"(0.65, 0.8]"
configured,2024,1,0.5561972804977636,3.0,2.302813878932205,1,0.4438027195022364,0.6971861210677952,"(0.5, 0.65]"
configured,2024,0,0.4424485677912405,-17.0,-2.640654756551236,1,-0.4424485677912405,-14.359345243448765,"(0.35, 0.5]"
configured,2024,1,0.42561715092700775,9.0,-3.135210259533731,1,0.5743828490729923,12.13521025953373,"(0.35, 0.5]"
configured,2024,1,0.6449227256306581,15.0,6.1228705707082,1,0.3550772743693419,8.8771294292918,"(0.5, 0.65]"
configured,2024,1,0.6017825115318702,21.0,4.297263314090861,1,0.39821748846812977,16.702736685909137,"(0.5, 0.65]"
configured,2024,1,0.31844951741618005,7.0,-8.46537717367043,1,0.6815504825838199,15.46537717367043,"(0.2, 0.35]"
configured,2024,0,0.10843579926818611,-35.0,-21.64258515936654,1,-0.10843579926818611,-13.35741484063346,"(-0.001, 0.2]"
configured,2024,1,0.20168479429785158,3.0,-14.282427526128387,1,0.7983152057021484,17.282427526128387,"(0.2, 0.35]"
configured,2024,0,0.20289613527639477,-3.0,-14.344976975547485,1,-0.20289613527639477,11.344976975547485,"(0.2, 0.35]"
configured,2024,0,0.2873462210034642,-20.0,-9.215929455845218,0,-0.2873462210034642,-10.784070544154782,"(0.2, 0.35]"
configured,2024,0,0.5241966942955296,-3.0,0.9446595100603927,1,-0.5241966942955296,-3.9446595100603927,"(0.5, 0.65]"
configured,2024,1,0.5750035131164406,10.0,3.257131939424217,1,0.4249964868835594,6.742868060575783,"(0.5, 0.65]"
configured,2024,0,0.4548183739284208,-10.0,-1.9083248717617836,1,-0.4548183739284208,-8.091675128238217,"(0.35, 0.5]"
configured,2024,0,0.40866825978439036,-3.0,-4.1081664057495875,1,-0.40866825978439036,1.1081664057495875,"(0.35, 0.5]"
configured,2024,1,0.6700416752205833,4.0,7.155398385811367,1,0.32995832477941667,-3.155398385811367,"(0.65, 0.8]"
configured,2024,1,0.44682964424484806,17.0,-2.832749284313993,1,0.5531703557551519,19.832749284313994,"(0.35, 0.5]"
configured,2024,1,0.7818816265917758,49.0,13.245489476109999,1,0.21811837340822415,35.754510523890005,"(0.65, 0.8]"
configured,2024,0,0.4564417339042072,-7.0,-1.8001937340479697,1,-0.4564417339042072,-5.199806265952031,"(0.35, 0.5]"
configured,2024,1,0.8923976676432361,17.0,21.226453886833895,1,0.10760233235676386,-4.226453886833895,"(0.8, 1.0]"
configured,2024,0,0.686268510159926,-26.0,7.92652916007899,1,-0.686268510159926,-33.92652916007899,"(0.65, 0.8]"
configured,2024,1,0.29105394276319163,10.0,-9.199508613509664,1,0.7089460572368084,19.199508613509664,"(0.2, 0.35]"
configured,2024,1,0.4693870687178486,4.0,-1.250934235171345,1,0.5306129312821515,5.250934235171345,"(0.35, 0.5]"
configured,2024,1,0.5617389496347119,32.0,2.8889740556526147,1,0.43826105036528806,29.111025944347386,"(0.5, 0.65]"
configured,2024,1,0.22739152996375456,10.0,-13.112812088690937,1,0.7726084700362454,23.112812088690937,"(0.2, 0.35]"
configured,2024,0,0.20802956550275242,-18.0,-13.97726797091031,0,-0.20802956550275242,-4.02273202908969,"(0.2, 0.35]"
configured,2024,1,0.5834040403728113,14.0,3.5058851642724185,1,0.41659595962718865,10.494114835727581,"(0.5, 0.65]"
configured,2024,1,0.6735608301765681,28.0,7.998957070002831,0,0.3264391698234319,20.00104292999717,"(0.65, 0.8]"
configured,2024,1,0.364565738460013,7.0,-5.82941530612027,1,0.635434261539987,12.82941530612027,"(0.35, 0.5]"
configured,2024,0,0.5507494521327362,-1.0,1.7952767821276168,1,-0.5507494521327362,-2.7952767821276168,"(0.5, 0.65]"
configured,2024,1,0.663641544076917,10.0,6.8716990923514665,1,0.336358455923083,3.1283009076485335,"(0.65, 0.8]"
configured,2024,1,0.4098918491080039,34.0,-4.098855279908726,1,0.5901081508919961,38.098855279908726,"(0.35, 0.5]"
configured,2024,0,0.29041130209905985,-7.0,-9.673435770585746,1,-0.29041130209905985,2.673435770585746,"(0.2, 0.35]"
configured,2024,1,0.7716222784301356,14.0,12.33500265974586,1,0.22837772156986436,1.6649973402541391,"(0.65, 0.8]"
configured,2024,0,0.4067582002054343,-7.0,-3.6764342644290697,1,-0.4067582002054343,-3.3235657355709303,"(0.35, 0.5]"
configured,2024,1,0.21202566541104062,14.0,-13.99018113293987,1,0.7879743345889594,27.99018113293987,"(0.2, 0.35]"
configured,2024,1,0.8655779277117863,21.0,18.951693946441594,1,0.13442207228821368,2.048306053558406,"(0.8, 1.0]"
configured,2024,1,0.6501052311383275,10.0,5.922787962144877,1,0.3498947688616725,4.077212037855123,"(0.65, 0.8]"
configured,2024,0,0.6643260571317767,-5.0,6.99458088698889,1,-0.6643260571317767,-11.99458088698889,"(0.65, 0.8]"
configured,2024,1,0.3858449345397169,10.0,-5.06238625046908,1,0.6141550654602831,15.06238625046908,"(0.35, 0.5]"
configured,2024,0,0.759774917679449,-24.0,11.887029386787445,1,-0.759774917679449,-35.88702938678745,"(0.65, 0.8]"
configured,2024,0,0.6144058535393644,-27.0,4.8443630492086545,1,-0.6144058535393644,-31.844363049208653,"(0.5, 0.65]"
configured,2024,1,0.627400490072012,14.0,4.979950568697164,1,0.37259950992798796,9.020049431302837,"(0.5, 0.65]"
configured,2024,1,0.5009974279430256,1.0,-0.16344274008243698,1,0.4990025720569744,1.163442740082437,"(0.5, 0.65]"
configured,2024,0,0.16056504772099756,-10.0,-17.056874375790077,1,-0.16056504772099756,7.056874375790077,"(-0.001, 0.2]"
configured,2024,1,0.7131785945087247,10.0,9.67419074065984,1,0.2868214054912753,0.3258092593401596,"(0.65, 0.8]"
configured,2024,0,0.36645629514780476,-24.0,-6.087649211520333,1,-0.36645629514780476,-17.912350788479667,"(0.35, 0.5]"
configured,2024,0,0.25436211852998736,-16.0,-11.001404509237089,1,-0.25436211852998736,-4.998595490762911,"(0.2, 0.35]"
configured,2024,1,0.5807302892737145,3.0,2.9055925763074817,1,0.4192697107262855,0.09440742369251831,"(0.5, 0.65]"
configured,2024,0,0.39482411232817904,-15.0,-4.549048532827975,1,-0.39482411232817904,-10.450951467172025,"(0.35, 0.5]"
configured,2024,0,0.67862660996893,-27.0,7.40593785563312,1,-0.67862660996893,-34.40593785563312,"(0.65, 0.8]"
configured,2024,1,0.4986212258399791,12.0,-0.15651182091835825,1,0.5013787741600209,12.156511820918357,"(0.35, 0.5]"
configured,2024,1,0.9098105974831232,8.0,22.8948256991191,1,0.0901894025168768,-14.8948256991191,"(0.8, 1.0]"
configured,2024,1,0.6157297096254735,28.0,4.573344042155654,1,0.38427029037452654,23.426655957844346,"(0.5, 0.65]"
configured,2024,0,0.08258235809801098,-30.0,-24.37977089188146,1,-0.08258235809801098,-5.62022910811854,"(-0.001, 0.2]"
configured,2024,0,0.42200838989283956,-8.0,-3.32176663106562,1,-0.42200838989283956,-4.6782333689343805,"(0.35, 0.5]"
configured,2024,0,0.5907249254890987,-8.0,4.005945073818166,1,-0.5907249254890987,-12.005945073818166,"(0.5, 0.65]"
configured,2024,0,0.34044072058517355,-6.0,-6.986439459624782,1,-0.34044072058517355,0.9864394596247816,"(0.2, 0.35]"
configured,2024,0,0.4441180360449309,-3.0,-2.306929380523547,0,-0.4441180360449309,-0.6930706194764529,"(0.35, 0.5]"
configured,2024,1,0.713342335356015,4.0,9.398990116020633,1,0.286657664643985,-5.398990116020633,"(0.65, 0.8]"
configured,2024,1,0.6590702751657745,22.0,6.85101476951932,1,0.34092972483422546,15.14898523048068,"(0.65, 0.8]"
configured,2024,1,0.38583367853764133,28.0,-5.250391171422203,1,0.6141663214623587,33.2503911714222,"(0.35, 0.5]"
configured,2024,1,0.47194583507427995,28.0,-1.6253932801058704,1,0.52805416492572,29.62539328010587,"(0.35, 0.5]"
configured,2024,0,0.37650174577376805,-4.0,-6.004043705337924,1,-0.37650174577376805,2.0040437053379243,"(0.35, 0.5]"
configured,2024,0,0.3855379855011072,-5.0,-5.019053959610453,1,-0.3855379855011072,0.019053959610452864,"(0.35, 0.5]"
configured,2024,1,0.6110528677676357,22.0,4.869864685455735,1,0.3889471322323643,17.130135314544265,"(0.5, 0.65]"
configured,2024,1,0.6888322314185482,12.0,7.925374928341684,1,0.3111677685814518,4.074625071658316,"(0.65, 0.8]"
configured,2024,1,0.778180247645857,14.0,12.734315558422699,1,0.22181975235414297,1.2656844415773012,"(0.65, 0.8]"
configured,2024,0,0.3597795412190217,-8.0,-6.158903592093253,1,-0.3597795412190217,-1.841096407906747,"(0.35, 0.5]"
configured,2024,0,0.31374090847921454,-27.0,-8.499379640918995,1,-0.31374090847921454,-18.500620359081005,"(0.2, 0.35]"
configured,2024,1,0.688083245426701,31.0,8.07591411841487,1,0.31191675457329904,22.92408588158513,"(0.65, 0.8]"
configured,2024,0,0.02596848000596054,-37.0,-34.8857877203942,0,-0.02596848000596054,-2.114212279605802,"(-0.001, 0.2]"
configured,2024,1,0.8710335344394313,5.0,19.30145439240645,1,0.12896646556056868,-14.301454392406448,"(0.8, 1.0]"
configured,2024,1,0.9140924517003706,4.0,23.908599945768273,1,0.08590754829962943,-19.908599945768273,"(0.8, 1.0]"
configured,2024,1,0.5840018597763484,15.0,3.474445091800394,1,0.41599814022365156,11.525554908199606,"(0.5, 0.65]"
configured,2024,0,0.32435569721180996,-33.0,-7.717688594512241,1,-0.32435569721180996,-25.28231140548776,"(0.2, 0.35]"
configured,2024,1,0.8268485907053669,7.0,15.661528445231216,1,0.17315140929463313,-8.661528445231216,"(0.8, 1.0]"
configured,2024,1,0.716736323764436,22.0,9.417942125281128,1,0.28326367623556403,12.582057874718872,"(0.65, 0.8]"
configured,2024,1,0.7879397461870433,39.0,13.460769513135546,1,0.21206025381295668,25.539230486864454,"(0.65, 0.8]"
configured,2024,1,0.43910800146317175,25.0,-2.861049127109331,1,0.5608919985368283,27.861049127109332,"(0.35, 0.5]"
configured,2024,1,0.4357122116708404,7.0,-2.7842335673110026,1,0.5642877883291596,9.784233567311002,"(0.35, 0.5]"
configured,2024,1,0.42332794871421336,1.0,-3.7599599783435775,1,0.5766720512857866,4.759959978343577,"(0.35, 0.5]"
configured,2024,1,0.6998122060025544,26.0,8.548619632111363,1,0.30018779399744555,17.45138036788864,"(0.65, 0.8]"
configured,2024,1,0.5642691179443255,34.0,2.7684161050860157,1,0.43573088205567445,31.231583894913985,"(0.5, 0.65]"
configured,2024,0,0.3969179358473873,-3.0,-5.02659891933301,1,-0.3969179358473873,2.0265989193330096,"(0.35, 0.5]"
configured,2024,0,0.8356493068586572,-13.0,16.77877481825067,1,-0.8356493068586572,-29.77877481825067,"(0.8, 1.0]"
configured,2024,1,0.5641309096440661,1.0,2.6463507911770145,1,0.4358690903559339,-1.6463507911770145,"(0.5, 0.65]"
configured,2024,1,0.8779249846982715,31.0,19.978279364879455,1,0.12207501530172848,11.021720635120545,"(0.8, 1.0]"
configured,2024,1,0.33145895649639157,10.0,-7.336917450957531,1,0.6685410435036084,17.33691745095753,"(0.2, 0.35]"
configured,2024,1,0.9648298369378776,29.0,32.276948754861834,1,0.035170163062122395,-3.2769487548618343,"(0.8, 1.0]"
configured,2024,0,0.7424291806209593,-15.0,11.057862396156905,1,-0.7424291806209593,-26.057862396156906,"(0.65, 0.8]"
configured,2024,1,0.5222170726595229,2.0,0.7792888609396666,1,0.4777829273404771,1.2207111390603334,"(0.5, 0.65]"
configured,2024,1,0.5241475509891496,4.0,0.7121988263508197,1,0.47585244901085044,3.2878011736491803,"(0.5, 0.65]"
configured,2024,1,0.6726522964061721,17.0,7.463358289639755,1,0.3273477035938279,9.536641710360245,"(0.65, 0.8]"
configured,2024,1,0.7654558748294875,37.0,11.844344939104682,1,0.23454412517051249,25.15565506089532,"(0.65, 0.8]"
configured,2024,0,0.13935531735715317,-3.0,-18.695629961646752,1,-0.13935531735715317,15.695629961646752,"(-0.001, 0.2]"
configured,2024,1,0.6249253479484318,11.0,5.021688239824295,1,0.3750746520515682,5.978311760175705,"(0.5, 0.65]"
configured,2024,1,0.8887777169403402,29.0,20.842049304011482,1,0.11122228305965975,8.157950695988518,"(0.8, 1.0]"
configured,2024,0,0.6021166443773855,-2.0,4.380773226301388,1,-0.6021166443773855,-6.380773226301388,"(0.5, 0.65]"
configured,2024,1,0.7147998710657308,22.0,9.253027949839407,1,0.28520012893426916,12.746972050160593,"(0.65, 0.8]"
configured,2024,1,0.7124377077332184,3.0,8.870932757060059,1,0.28756229226678165,-5.870932757060059,"(0.65, 0.8]"
configured,2024,1,0.6521965729909018,3.0,6.212669108302708,1,0.34780342700909817,-3.212669108302708,"(0.65, 0.8]"
configured,2024,0,0.4479940630439503,-5.0,-2.1264369423501006,1,-0.4479940630439503,-2.8735630576498994,"(0.35, 0.5]"
configured,2024,1,0.5739947631596617,15.0,2.800698898566613,1,0.4260052368403383,12.199301101433388,"(0.5, 0.65]"
configured,2024,1,0.8220008640808403,7.0,15.699286939954817,1,0.17799913591915972,-8.699286939954817,"(0.8, 1.0]"
configured,2024,0,0.14760823118707833,-15.0,-18.047085107173633,1,-0.14760823118707833,3.0470851071736327,"(-0.001, 0.2]"
configured,2024,0,0.48260445888728676,-14.0,-0.6554890740024137,1,-0.48260445888728676,-13.344510925997586,"(0.35, 0.5]"
configured,2024,1,0.6029989597269141,2.0,4.5268339448501145,1,0.3970010402730859,-2.5268339448501145,"(0.5, 0.65]"
configured,2024,1,0.795447588792872,23.0,13.686781064880439,1,0.20455241120712797,9.313218935119561,"(0.65, 0.8]"
configured,2024,0,0.20423016289594714,-1.0,-14.037995342634634,1,-0.20423016289594714,13.037995342634634,"(0.2, 0.35]"
configured,2024,1,0.7543512929890098,11.0,11.361920434008619,1,0.24564870701099017,-0.36192043400861884,"(0.65, 0.8]"
configured,2024,0,0.3837493961007945,-3.0,-5.254042713611964,1,-0.3837493961007945,2.2540427136119643,"(0.35, 0.5]"
configured,2024,1,0.8246683729289884,21.0,15.507868248266005,1,0.17533162707101158,5.492131751733995,"(0.8, 1.0]"
configured,2024,1,0.4559935842650966,21.0,-2.01973269214614,0,0.5440064157349034,23.01973269214614,"(0.35, 0.5]"
configured,2024,0,0.7044500370267911,-6.0,9.075850679262537,1,-0.7044500370267911,-15.075850679262537,"(0.65, 0.8]"
configured,2024,1,0.5688532305195274,6.0,2.6324666198815048,1,0.4311467694804726,3.3675333801184952,"(0.5, 0.65]"
configured,2024,0,0.7386415565001316,-10.0,10.527529956172966,1,-0.7386415565001316,-20.527529956172966,"(0.65, 0.8]"
configured,2024,0,0.4114316664227883,-31.0,-4.287774234118954,1,-0.4114316664227883,-26.712225765881044,"(0.35, 0.5]"
configured,2024,1,0.57660094670441,7.0,3.095316375127198,1,0.42339905329559,3.904683624872802,"(0.5, 0.65]"
configured,2024,0,0.34612507286263705,-23.0,-6.275388521665727,1,-0.34612507286263705,-16.724611478334275,"(0.2, 0.35]"
configured,2024,1,0.8501007610455911,32.0,17.668897669246324,1,0.14989923895440893,14.331102330753676,"(0.8, 1.0]"
configured,2024,0,0.435050037843211,-11.0,-3.1195010755309327,1,-0.435050037843211,-7.880498924469068,"(0.35, 0.5]"
configured,2024,1,0.4591936135385025,7.0,-1.5428877174586408,1,0.5408063864614975,8.54288771745864,"(0.35, 0.5]"
configured,2024,0,0.2424329159307876,-32.0,-11.873854036220191,1,-0.2424329159307876,-20.12614596377981,"(0.2, 0.35]"
configured,2024,1,0.5986669227361678,17.0,3.7741329489273236,1,0.40133307726383216,13.225867051072676,"(0.5, 0.65]"
configured,2024,1,0.8365955874437319,31.0,17.068669081566533,1,0.16340441255626814,13.931330918433467,"(0.8, 1.0]"
configured,2024,1,0.8799735952527309,22.0,20.211835317406837,1,0.12002640474726911,1.7881646825931625,"(0.8, 1.0]"
configured,2024,1,0.3699096364565434,8.0,-5.4259342968836215,1,0.6300903635434566,13.425934296883621,"(0.35, 0.5]"
configured,2024,0,0.6604094798088489,-7.0,6.466020178991743,1,-0.6604094798088489,-13.466020178991743,"(0.65, 0.8]"
configured,2024,0,0.6901368553310387,-6.0,8.17996787333738,1,-0.6901368553310387,-14.17996787333738,"(0.65, 0.8]"
configured,2024,0,0.5967741706078153,-8.0,4.105921848300103,1,-0.5967741706078153,-12.105921848300103,"(0.5, 0.65]"
configured,2024,0,0.17201987208989078,-1.0,-16.305500710573465,1,-0.17201987208989078,15.305500710573465,"(-0.001, 0.2]"
configured,2024,0,0.8704441572006157,-10.0,18.97533282541174,1,-0.8704441572006157,-28.97533282541174,"(0.8, 1.0]"
configured,2024,1,0.8458380067827408,8.0,17.147116772157457,1,0.1541619932172592,-9.147116772157457,"(0.8, 1.0]"
configured,2024,1,0.5921366000666979,38.0,3.8613542459075,1,0.4078633999333021,34.1386457540925,"(0.5, 0.65]"
configured,2024,0,0.7895041928099441,-21.0,13.497068718827048,1,-0.7895041928099441,-34.49706871882705,"(0.65, 0.8]"
configured,2024,1,0.3824090958471938,5.0,-5.379210520013615,1,0.6175909041528063,10.379210520013615,"(0.35, 0.5]"
configured,2024,0,0.6318252063543126,-24.0,5.715350416039103,1,-0.6318252063543126,-29.7153504160391,"(0.5, 0.65]"
configured,2024,1,0.7862009129438923,14.0,14.024924054693999,0,0.21379908705610773,-0.024924054693999054,"(0.65, 0.8]"
configured,2024,1,0.49106325892672514,44.0,-0.33655239700071826,1,0.5089367410732748,44.336552397000716,"(0.35, 0.5]"
configured,2024,0,0.5296476261213166,-1.0,0.8149253018067744,1,-0.5296476261213166,-1.8149253018067744,"(0.5, 0.65]"
configured,2024,0,0.28340856003873416,-7.0,-9.71176113715858,1,-0.28340856003873416,2.7117611371585806,"(0.2, 0.35]"
configured,2024,0,0.404260027770182,-7.0,-4.45217889410306,1,-0.404260027770182,-2.54782110589694,"(0.35, 0.5]"
configured,2024,0,0.2988280470254569,-21.0,-9.001754060842758,1,-0.2988280470254569,-11.998245939157242,"(0.2, 0.35]"
configured,2024,0,0.3292251330184326,-37.0,-7.576397400099182,1,-0.3292251330184326,-29.423602599900818,"(0.2, 0.35]"
configured,2024,1,0.7722435148097333,5.0,12.444259139160058,1,0.2277564851902667,-7.444259139160058,"(0.65, 0.8]"
configured,2024,1,0.5648878257614531,14.0,2.5417926447462267,1,0.43511217423854687,11.458207355253773,"(0.5, 0.65]"
configured,2024,0,0.43787048617985147,-4.0,-2.8453021464922448,1,-0.43787048617985147,-1.1546978535077552,"(0.35, 0.5]"
configured,2024,1,0.7810724526540703,14.0,13.151086038626824,1,0.21892754734592967,0.8489139613731762,"(0.65, 0.8]"
configured,2024,1,0.7109791926662568,25.0,9.396411052071183,1,0.28902080733374325,15.603588947928817,"(0.65, 0.8]"
configured,2024,0,0.6124776641206529,-1.0,4.809025805149695,1,-0.6124776641206529,-5.809025805149695,"(0.5, 0.65]"
configured,2024,0,0.5973050648858075,-12.0,3.479021511128483,1,-0.5973050648858075,-15.479021511128483,"(0.5, 0.65]"
configured,2024,1,0.49561196463616,32.0,-0.4466821110119539,1,0.50438803536384,32.44668211101195,"(0.35, 0.5]"
configured,2024,1,0.48605338753914096,5.0,-0.48628925474724616,1,0.513946612460859,5.486289254747247,"(0.35, 0.5]"
configured,2024,0,0.7069933328911371,-4.0,9.131962116321192,1,-0.7069933328911371,-13.131962116321192,"(0.65, 0.8]"
configured,2024,1,0.42870560961067217,24.0,-2.9764035383455885,1,0.5712943903893278,26.97640353834559,"(0.35, 0.5]"
configured,2024,1,0.5578125559022518,10.0,2.314473645209362,1,0.44218744409774824,7.685526354790638,"(0.5, 0.65]"
configured,2024,1,0.37107382706903946,3.0,-5.702048094742583,1,0.6289261729309605,8.702048094742583,"(0.35, 0.5]"
configured,2024,1,0.883984833623108,23.0,20.264750524792852,1,0.11601516637689202,2.735249475207148,"(0.8, 1.0]"
configured,2024,0,0.32078348668985823,-17.0,-8.087843407664598,1,-0.32078348668985823,-8.912156592335402,"(0.2, 0.35]"
configured,2024,0,0.42327865083555316,-10.0,-3.330758342758792,1,-0.42327865083555316,-6.6692416572412085,"(0.35, 0.5]"
configured,2024,0,0.3226123709513498,-6.0,-8.025705580372057,1,-0.3226123709513498,2.0257055803720565,"(0.2, 0.35]"
configured,2024,0,0.19288424535989718,-41.0,-15.560575045125038,1,-0.19288424535989718,-25.439424954874962,"(-0.001, 0.2]"
configured,2024,0,0.6638692467722909,-14.0,6.908609599438359,1,-0.6638692467722909,-20.908609599438357,"(0.65, 0.8]"
configured,2024,1,0.5515916399031329,35.0,1.7084843240067826,1,0.44840836009686713,33.29151567599322,"(0.5, 0.65]"
configured,2024,1,0.3191525771940289,14.0,-7.683955646092619,1,0.6808474228059711,21.68395564609262,"(0.2, 0.35]"
configured,2024,0,0.40542899312965497,-10.0,-4.03795905136128,1,-0.40542899312965497,-5.96204094863872,"(0.35, 0.5]"
configured,2024,1,0.6012080139664242,3.0,3.949142378280287,1,0.3987919860335758,-0.9491423782802868,"(0.5, 0.65]"
configured,2024,1,0.8097043235410359,7.0,14.718601773184874,1,0.19029567645896406,-7.718601773184874,"(0.8, 1.0]"
configured,2024,0,0.5580898017833478,-5.0,2.3316438150478342,1,-0.5580898017833478,-7.331643815047834,"(0.5, 0.65]"
configured,2024,1,0.903668958675119,45.0,22.710009717514378,1,0.09633104132488102,22.289990282485622,"(0.8, 1.0]"
configured,2024,1,0.684863009031906,32.0,8.200107969105922,1,0.315136990968094,23.79989203089408,"(0.65, 0.8]"
configured,2024,1,0.29416893566297847,5.0,-9.610024977097472,1,0.7058310643370216,14.610024977097472,"(0.2, 0.35]"
configured,2024,1,0.7384310555638409,7.0,10.87329909676624,1,0.2615689444361591,-3.8732990967662406,"(0.65, 0.8]"
configured,2024,0,0.22469769506711137,-7.0,-12.64958963962151,1,-0.22469769506711137,5.64958963962151,"(0.2, 0.35]"
configured,2024,1,0.6430997398716234,6.0,5.68932553799258,1,0.3569002601283766,0.31067446200742044,"(0.5, 0.65]"
configured,2024,0,0.817841355132422,-21.0,15.155762779208086,1,-0.817841355132422,-36.15576277920809,"(0.8, 1.0]"
configured,2024,0,0.1545083443637405,-21.0,-17.550965312471757,1,-0.1545083443637405,-3.4490346875282434,"(-0.001, 0.2]"
configured,2024,0,0.29097626059629145,-20.0,-9.348068077951567,1,-0.29097626059629145,-10.651931922048433,"(0.2, 0.35]"
configured,2024,0,0.6501345438547891,-8.0,6.121545239643517,1,-0.6501345438547891,-14.121545239643517,"(0.65, 0.8]"
configured,2024,0,0.37899421517245546,-34.0,-5.428225976654236,1,-0.37899421517245546,-28.571774023345764,"(0.35, 0.5]"
configured,2024,0,0.6554083735297099,-10.0,6.721995878954006,1,-0.6554083735297099,-16.721995878954004,"(0.65, 0.8]"
configured,2024,1,0.4941103015686569,5.0,-0.5410577234156051,1,0.5058896984313431,5.541057723415605,"(0.35, 0.5]"
configured,2024,0,0.3407258546886762,-10.0,-7.247734454100762,1,-0.3407258546886762,-2.752265545899238,"(0.2, 0.35]"
configured,2024,1,0.5977326223765903,31.0,4.141833114654531,1,0.4022673776234097,26.85816688534547,"(0.5, 0.65]"
configured,2024,0,0.7627807790739263,-11.0,12.18847791395401,1,-0.7627807790739263,-23.18847791395401,"(0.65, 0.8]"
configured,2024,0,0.6369941620040562,-11.0,6.202630359312961,1,-0.6369941620040562,-17.202630359312963,"(0.5, 0.65]"
configured,2024,1,0.5566116110237143,9.0,2.9130315900004464,0,0.44338838897628574,6.086968409999553,"(0.5, 0.65]"
configured,2024,1,0.4499335514414723,18.0,-2.35839981791027,1,0.5500664485585277,20.35839981791027,"(0.35, 0.5]"
configured,2024,1,0.8504385507830308,46.0,17.655625403482,1,0.14956144921696923,28.344374596518,"(0.8, 1.0]"
configured,2024,0,0.5795167110184276,-14.0,3.3392468564523305,1,-0.5795167110184276,-17.33924685645233,"(0.5, 0.65]"
configured,2024,0,0.2908875069759399,-21.0,-9.533234237117027,1,-0.2908875069759399,-11.466765762882973,"(0.2, 0.35]"
configured,2024,0,0.3272482178418978,-7.0,-7.708011652754687,1,-0.3272482178418978,0.7080116527546867,"(0.2, 0.35]"
configured,2024,1,0.4959679922920444,36.0,-0.038897154175618454,1,0.5040320077079556,36.038897154175615,"(0.35, 0.5]"
configured,2024,0,0.42977032101204543,-13.0,-2.9703074975005355,1,-0.42977032101204543,-10.029692502499465,"(0.35, 0.5]"
configured,2024,1,0.5418581822692995,25.0,1.9150792730110697,1,0.4581418177307005,23.08492072698893,"(0.5, 0.65]"
configured,2024,1,0.9416213638136774,21.0,27.57657007049718,1,0.05837863618632255,-6.57657007049718,"(0.8, 1.0]"
configured,2024,1,0.8454649165843893,19.0,17.244640531965064,1,0.15453508341561073,1.7553594680349356,"(0.8, 1.0]"
configured,2024,1,0.38904037691816906,4.0,-5.0968044324014254,1,0.6109596230818309,9.096804432401425,"(0.35, 0.5]"
configured,2024,1,0.7461139426257666,49.0,10.958141535297122,1,0.2538860573742334,38.04185846470288,"(0.65, 0.8]"
configured,2024,0,0.48991430761175114,-29.0,-0.14273993482138314,1,-0.48991430761175114,-28.857260065178618,"(0.35, 0.5]"
configured,2024,1,0.6576865640731531,7.0,6.34719815416593,1,0.34231343592684693,0.6528018458340696,"(0.65, 0.8]"
configured,2024,1,0.9128594263538108,7.0,23.496099677267704,1,0.08714057364618921,-16.496099677267704,"(0.8, 1.0]"
configured,2024,1,0.9427747529149785,29.0,27.21684740062914,1,0.057225247085021524,1.7831525993708617,"(0.8, 1.0]"
configured,2024,0,0.6071525233969206,-5.0,4.428669852269039,1,-0.6071525233969206,-9.428669852269039,"(0.5, 0.65]"
configured,2024,0,0.5771283456499706,-2.0,2.7655613103622527,1,-0.5771283456499706,-4.765561310362253,"(0.5, 0.65]"
configured,2024,1,0.2851789350868336,8.0,-9.578900198948505,1,0.7148210649131663,17.578900198948503,"(0.2, 0.35]"
configured,2024,0,0.6806545671720428,-1.0,7.918305065676055,1,-0.6806545671720428,-8.918305065676055,"(0.65, 0.8]"
configured,2024,1,0.6318014469203819,21.0,5.674951763199794,1,0.36819855307961813,15.325048236800207,"(0.5, 0.65]"
configured,2024,1,0.5315783147700291,3.0,1.4242054997057565,1,0.46842168522997085,1.5757945002942435,"(0.5, 0.65]"
configured,2024,1,0.8471172308152771,27.0,17.56889243019573,1,0.15288276918472288,9.431107569804269,"(0.8, 1.0]"
configured,2024,1,0.5527899909556582,18.0,2.1906180986212824,1,0.4472100090443418,15.809381901378718,"(0.5, 0.65]"
configured,2024,1,0.7202902362512746,13.0,9.503171647137437,1,0.27970976374872536,3.496828352862563,"(0.65, 0.8]"
configured,2024,1,0.9142911816117579,27.0,23.74387179655981,1,0.08570881838824207,3.2561282034401913,"(0.8, 1.0]"
configured,2024,1,0.7611658914597464,25.0,11.907614020296622,1,0.23883410854025355,13.092385979703378,"(0.65, 0.8]"
configured,2024,0,0.6414961262745985,-7.0,5.605900282645907,1,-0.6414961262745985,-12.605900282645907,"(0.5, 0.65]"
configured,2024,1,0.7978603356696641,21.0,14.07094414774485,1,0.20213966433033592,6.92905585225515,"(0.65, 0.8]"
configured,2024,1,0.4859824088485066,14.0,-1.0876237755241478,1,0.5140175911514935,15.087623775524147,"(0.35, 0.5]"
configured,2024,1,0.4582499978805511,12.0,-1.5222153044954152,1,0.5417500021194489,13.522215304495415,"(0.35, 0.5]"
configured,2024,1,0.7352224398597952,24.0,10.621345709180527,1,0.2647775601402048,13.378654290819473,"(0.65, 0.8]"
configured,2024,0,0.20943389542025528,-1.0,-13.633011254650263,1,-0.20943389542025528,12.633011254650263,"(0.2, 0.35]"
configured,2024,0,0.19256078061555792,-4.0,-15.0065247431436,1,-0.19256078061555792,11.0065247431436,"(-0.001, 0.2]"
configured,2024,0,0.2685403614406393,-10.0,-10.788445336381733,1,-0.2685403614406393,0.7884453363817325,"(0.2, 0.35]"
configured,2024,0,0.06726113557544285,-24.0,-26.175317521540975,0,-0.06726113557544285,2.1753175215409755,"(-0.001, 0.2]"
configured,2024,1,0.7644554474378447,25.0,11.874613891641637,1,0.23554455256215534,13.125386108358363,"(0.65, 0.8]"
configured,2024,0,0.6921891556999015,-5.0,8.310777801062297,1,-0.6921891556999015,-13.310777801062297,"(0.65, 0.8]"
configured,2024,0,0.2835048060766262,-35.0,-10.2151904694739,1,-0.2835048060766262,-24.7848095305261,"(0.2, 0.35]"
configured,2024,1,0.9598337769730236,34.0,30.494229446395803,1,0.040166223026976366,3.505770553604197,"(0.8, 1.0]"
configured,2024,1,0.5908561718196432,12.0,3.6753880220267776,1,0.4091438281803568,8.324611977973223,"(0.5, 0.65]"
configured,2024,1,0.3822768960391473,3.0,-5.414648356958313,1,0.6177231039608527,8.414648356958313,"(0.35, 0.5]"
configured,2024,1,0.7854269651906516,3.0,13.427565647144169,1,0.21457303480934842,-10.427565647144169,"(0.65, 0.8]"
configured,2024,1,0.49187598034254315,22.0,-0.632457295826232,1,0.5081240196574568,22.63245729582623,"(0.35, 0.5]"
configured,2024,0,0.6075876041701436,-8.0,4.239872163705179,1,-0.6075876041701436,-12.23987216370518,"(0.5, 0.65]"
configured,2024,1,0.4932666729855387,45.0,-0.1576545681404946,1,0.5067333270144613,45.157654568140494,"(0.35, 0.5]"
configured,2024,1,0.8132057498728736,10.0,15.143180295809982,1,0.18679425012712636,-5.143180295809982,"(0.8, 1.0]"
configured,2024,1,0.11580865451577091,3.0,-21.44370108286273,1,0.8841913454842291,24.44370108286273,"(-0.001, 0.2]"
configured,2024,1,0.32270088001804953,28.0,-8.200965784757623,1,0.6772991199819505,36.20096578475762,"(0.2, 0.35]"
configured,2024,1,0.931273083346447,21.0,26.069025551057056,1,0.06872691665355302,-5.069025551057056,"(0.8, 1.0]"
configured,2024,0,0.3777037088385445,-35.0,-5.334560169790299,1,-0.3777037088385445,-29.6654398302097,"(0.35, 0.5]"
configured,2024,0,0.10377128631904717,-39.0,-21.93500027775815,1,-0.10377128631904717,-17.06499972224185,"(-0.001, 0.2]"
configured,2024,1,0.5456769804546867,11.0,1.5436558389278763,1,0.4543230195453133,9.456344161072124,"(0.5, 0.65]"
configured,2024,0,0.6137765764818006,-8.0,4.5573553269198115,1,-0.6137765764818006,-12.557355326919811,"(0.5, 0.65]"
configured,2024,0,0.864615682312977,-14.0,18.680766802337896,1,-0.864615682312977,-32.6807668023379,"(0.8, 1.0]"
configured,2024,0,0.44638332453120294,-3.0,-3.005668236048747,1,-0.44638332453120294,0.005668236048747222,"(0.35, 0.5]"
configured,2024,1,0.684686966319801,8.0,8.289977422705364,1,0.31531303368019903,-0.2899774227053644,"(0.65, 0.8]"
configured,2024,1,0.3329288579675461,4.0,-7.015534726298711,1,0.6670711420324539,11.01553472629871,"(0.2, 0.35]"
configured,2024,0,0.32689748224524495,-7.0,-7.390217891595595,1,-0.32689748224524495,0.3902178915955954,"(0.2, 0.35]"
configured,2024,0,0.5254134881324235,-14.0,0.9996022779112423,1,-0.5254134881324235,-14.999602277911242,"(0.5, 0.65]"
configured,2024,0,0.2173399670950409,-21.0,-13.320220699627606,1,-0.2173399670950409,-7.6797793003723935,"(0.2, 0.35]"
configured,2024,0,0.45486371685466676,-2.0,-2.1583292189999868,1,-0.45486371685466676,0.15832921899998675,"(0.35, 0.5]"
configured,2024,0,0.8024001379746013,-10.0,14.588124575907026,1,-0.8024001379746013,-24.588124575907024,"(0.8, 1.0]"
configured,2024,1,0.8724546886799578,55.0,19.425817575227516,1,0.1275453113200422,35.57418242477249,"(0.8, 1.0]"
configured,2024,0,0.1536923520680431,-3.0,-17.754669988782023,1,-0.1536923520680431,14.754669988782023,"(-0.001, 0.2]"
configured,2024,1,0.8598235015160056,14.0,18.363488270262565,1,0.14017649848399438,-4.363488270262565,"(0.8, 1.0]"
configured,2024,1,0.9504588918123482,35.0,28.646830708754617,1,0.04954110818765178,6.353169291245383,"(0.8, 1.0]"
configured,2024,1,0.8365193612924922,35.0,16.690699666013376,1,0.16348063870750784,18.309300333986624,"(0.8, 1.0]"
configured,2024,1,0.7286782274020862,17.0,9.764905111709659,1,0.2713217725979138,7.235094888290341,"(0.65, 0.8]"
configured,2024,1,0.7820199790468886,7.0,13.102157332913423,1,0.21798002095311142,-6.102157332913423,"(0.65, 0.8]"
configured,2024,1,0.40365540096072766,3.0,-4.321676659803597,1,0.5963445990392724,7.321676659803597,"(0.35, 0.5]"
configured,2024,0,0.20676224619307648,-4.0,-14.078684995943139,1,-0.20676224619307648,10.078684995943139,"(0.2, 0.35]"
configured,2024,1,0.7209873047963216,21.0,9.806184399244406,1,0.27901269520367844,11.193815600755594,"(0.65, 0.8]"
configured,2024,0,0.4219685310485133,-21.0,-3.900552551813306,1,-0.4219685310485133,-17.099447448186694,"(0.35, 0.5]"
configured,2024,1,0.42025968696080207,2.0,-3.2977018731160084,1,0.5797403130391979,5.297701873116008,"(0.35, 0.5]"
configured,2024,1,0.7382603132811804,11.0,10.674202031118714,1,0.26173968671881964,0.325797968881286,"(0.65, 0.8]"
configured,2024,0,0.4573129651343492,-17.0,-2.1267675475626384,1,-0.4573129651343492,-14.873232452437362,"(0.35, 0.5]"
configured,2024,0,0.7310755010982053,-17.0,10.030910879205063,1,-0.7310755010982053,-27.030910879205063,"(0.65, 0.8]"
configured,2024,1,0.598833866839332,1.0,3.734550710138218,1,0.40116613316066796,-2.734550710138218,"(0.5, 0.65]"
configured,2024,1,0.8793116655934342,24.0,20.044460461020208,1,0.12068833440656579,3.9555395389797923,"(0.8, 1.0]"
configured,2024,1,0.5359329699300939,7.0,1.4670038500703217,1,0.46406703006990613,5.532996149929678,"(0.5, 0.65]"
configured,2024,0,0.37475434595225166,-11.0,-5.410087270655119,1,-0.37475434595225166,-5.589912729344881,"(0.35, 0.5]"
configured,2024,1,0.7834712773861476,7.0,13.195642150237996,1,0.21652872261385236,-6.195642150237996,"(0.65, 0.8]"
configured,2024,1,0.7615508554762938,10.0,11.959262753270655,1,0.23844914452370625,-1.9592627532706555,"(0.65, 0.8]"
configured,2024,1,0.7873501474469282,23.0,13.666608467344876,1,0.21264985255307178,9.333391532655124,"(0.65, 0.8]"
configured,2024,0,0.5403895648068309,-16.0,1.597609115918298,1,-0.5403895648068309,-17.5976091159183,"(0.5, 0.65]"
configured,2024,1,0.40211792331446716,7.0,-4.2425489857719825,1,0.5978820766855328,11.242548985771982,"(0.35, 0.5]"
configured,2024,0,0.7157020829921154,-7.0,9.600553989362824,1,-0.7157020829921154,-16.600553989362822,"(0.65, 0.8]"
configured,2024,1,0.5243897618356365,20.0,0.6583658300767012,1,0.47561023816436354,19.3416341699233,"(0.5, 0.65]"
configured,2024,1,0.9093802651939459,28.0,23.033581753423654,1,0.09061973480605412,4.966418246576346,"(0.8, 1.0]"
configured,2024,0,0.14654978445379396,-26.0,-18.09785898535235,1,-0.14654978445379396,-7.9021410146476505,"(-0.001, 0.2]"
configured,2024,1,0.9869452047692355,38.0,40.43957818661346,1,0.013054795230764471,-2.43957818661346,"(0.8, 1.0]"
configured,2024,1,0.8220406386690244,17.0,15.550944513932064,1,0.17795936133097556,1.4490554860679357,"(0.8, 1.0]"
configured,2024,1,0.9643249737068944,56.0,31.903256215357928,1,0.035675026293105594,24.096743784642072,"(0.8, 1.0]"
configured,2024,0,0.4342507649692713,-25.0,-2.9451736910823283,1,-0.4342507649692713,-22.054826308917672,"(0.35, 0.5]"
configured,2024,1,0.5343482975833147,26.0,1.2059320645236127,1,0.4656517024166853,24.794067935476388,"(0.5, 0.65]"
configured,2024,0,0.684148140165338,-15.0,7.643525063943249,1,-0.684148140165338,-22.64352506394325,"(0.65, 0.8]"
configured,2024,1,0.782064881034956,14.0,12.517552761366243,1,0.21793511896504403,1.4824472386337568,"(0.65, 0.8]"
configured,2024,0,0.22292331852117941,-21.0,-13.120836574061457,1,-0.22292331852117941,-7.879163425938543,"(0.2, 0.35]"
configured,2024,0,0.5150988185557989,-12.0,0.8877326035707929,1,-0.5150988185557989,-12.887732603570793,"(0.5, 0.65]"
configured,2024,1,0.8691982846101769,7.0,18.75889225115424,1,0.1308017153898231,-11.75889225115424,"(0.8, 1.0]"
configured,2024,1,0.532415011921387,21.0,1.3393659392754635,1,0.46758498807861304,19.660634060724536,"(0.5, 0.65]"
configured,2024,0,0.5263711230404355,-12.0,1.0076833544285713,1,-0.5263711230404355,-13.007683354428572,"(0.5, 0.65]"
configured,2024,1,0.7225747738310778,17.0,9.789372003644809,1,0.2774252261689222,7.210627996355191,"(0.65, 0.8]"
configured,2024,1,0.8857925605015696,44.0,20.82079897186116,1,0.11420743949843037,23.17920102813884,"(0.8, 1.0]"
configured,2024,0,0.06500205312678392,-1.0,-26.61976059865678,1,-0.06500205312678392,25.61976059865678,"(-0.001, 0.2]"
configured,2024,1,0.7601552741559385,10.0,11.625811490914248,1,0.23984472584406147,-1.6258114909142485,"(0.65, 0.8]"
configured,2024,1,0.43382461826235347,19.0,-3.135708162740521,1,0.5661753817376465,22.13570816274052,"(0.35, 0.5]"
configured,2024,1,0.6778156049877045,33.0,7.555023380906849,1,0.32218439501229545,25.44497661909315,"(0.65, 0.8]"
configured,2024,1,0.6986636844136506,5.0,8.620870656447707,1,0.30133631558634943,-3.620870656447707,"(0.65, 0.8]"
configured,2024,0,0.5996335204238038,-8.0,3.9633070757508335,1,-0.5996335204238038,-11.963307075750834,"(0.5, 0.65]"
configured,2024,0,0.49474709586072985,-20.0,-0.26858177002046135,1,-0.49474709586072985,-19.73141822997954,"(0.35, 0.5]"
configured,2024,1,0.8307041681156971,3.0,16.48853185050011,1,0.16929583188430286,-13.48853185050011,"(0.8, 1.0]"
configured,2024,1,0.6740838170137775,21.0,7.45267278133678,1,0.3259161829862225,13.54732721866322,"(0.65, 0.8]"
configured,2024,1,0.5434128563996246,16.0,2.2219744100309575,0,0.45658714360037544,13.778025589969042,"(0.5, 0.65]"
configured,2024,1,0.8768362743244139,21.0,19.72035572727253,1,0.12316372567558609,1.2796442727274702,"(0.8, 1.0]"
configured,2024,1,0.8411291361769615,28.0,17.27441386890205,1,0.1588708638230385,10.725586131097948,"(0.8, 1.0]"
configured,2024,0,0.10932752893605294,-19.0,-21.096005563743198,1,-0.10932752893605294,2.096005563743198,"(-0.001, 0.2]"
configured,2024,1,0.6550680821728623,21.0,6.3985781343281545,1,0.3449319178271377,14.601421865671846,"(0.65, 0.8]"
configured,2024,0,0.6403279684522052,-10.0,5.895618426691161,1,-0.6403279684522052,-15.895618426691161,"(0.5, 0.65]"
configured,2024,0,0.8283902240544914,-8.0,16.104292400242286,1,-0.8283902240544914,-24.104292400242286,"(0.8, 1.0]"
configured,2024,1,0.5679446352713154,3.0,2.8772715806928506,1,0.43205536472868455,0.1227284193071494,"(0.5, 0.65]"
configured,2024,1,0.9707133732697597,35.0,34.406374608417636,0,0.029286626730240295,0.5936253915823642,"(0.8, 1.0]"
configured,2024,0,0.3694920850179555,-4.0,-5.620115490623375,1,-0.3694920850179555,1.620115490623375,"(0.35, 0.5]"
configured,2024,1,0.4614322589075785,21.0,-1.6492711876911863,1,0.5385677410924214,22.649271187691188,"(0.35, 0.5]"
configured,2024,0,0.34481214900013735,-3.0,-6.601140062115055,1,-0.34481214900013735,3.6011400621150553,"(0.2, 0.35]"
configured,2024,1,0.5428203216848104,2.0,1.4798374793606108,1,0.4571796783151896,0.5201625206393892,"(0.5, 0.65]"
configured,2024,0,0.41152992886677986,-7.0,-4.29256023374702,1,-0.41152992886677986,-2.70743976625298,"(0.35, 0.5]"
configured,2024,1,0.8915447398599603,7.0,21.38444408211375,1,0.1084552601400397,-14.384444082113749,"(0.8, 1.0]"
configured,2024,1,0.42383890795274015,3.0,-3.1838072242243283,1,0.5761610920472598,6.183807224224328,"(0.35, 0.5]"
configured,2024,1,0.7962874639636914,26.0,14.004342742733696,1,0.20371253603630857,11.995657257266304,"(0.65, 0.8]"
configured,2024,0,0.45507666570462935,-3.0,-2.2838629686987564,1,-0.45507666570462935,-0.7161370313012436,"(0.35, 0.5]"
configured,2024,0,0.5627189440744254,-6.0,2.1880905222795515,1,-0.5627189440744254,-8.188090522279552,"(0.5, 0.65]"
configured,2024,1,0.7041162768424447,6.0,8.892711331024797,1,0.2958837231575553,-2.892711331024797,"(0.65, 0.8]"
configured,2024,1,0.1586229728483039,7.0,-17.29823423854176,1,0.841377027151696,24.29823423854176,"(-0.001, 0.2]"
configured,2024,1,0.7744806235186801,36.0,13.084641583391239,1,0.22551937648131992,22.91535841660876,"(0.65, 0.8]"
configured,2024,0,0.3184111035411007,-10.0,-7.814769354421829,1,-0.3184111035411007,-2.185230645578171,"(0.2, 0.35]"
configured,2024,0,0.43808818710849623,-16.0,-2.9229702603112266,1,-0.43808818710849623,-13.077029739688774,"(0.35, 0.5]"
configured,2024,1,0.6708636197229358,21.0,7.574413630544946,1,0.32913638027706416,13.425586369455054,"(0.65, 0.8]"
configured,2024,0,0.6308009385040683,-14.0,5.524363465756669,1,-0.6308009385040683,-19.524363465756668,"(0.5, 0.65]"
configured,2024,1,0.5392703094157467,52.0,1.6806691059397911,1,0.4607296905842533,50.31933089406021,"(0.5, 0.65]"
configured,2024,1,0.7160885551307561,16.0,9.26305669195215,1,0.2839114448692439,6.7369433080478505,"(0.65, 0.8]"
configured,2024,0,0.7545257028080834,-17.0,11.684750156141888,1,-0.7545257028080834,-28.684750156141888,"(0.65, 0.8]"
configured,2024,1,0.5232956647095104,5.0,0.6554304922420893,1,0.4767043352904896,4.34456950775791,"(0.5, 0.65]"
configured,2024,1,0.19974627588809746,2.0,-14.32099965061817,1,0.8002537241119025,16.32099965061817,"(-0.001, 0.2]"
configured,2024,1,0.9407634496841142,12.0,26.910187605318217,1,0.059236550315885816,-14.910187605318217,"(0.8, 1.0]"
configured,2024,0,0.533478876625543,-7.0,1.2695411990524572,1,-0.533478876625543,-8.269541199052457,"(0.5, 0.65]"
configured,2024,1,0.44009473000179383,3.0,-2.2566364066714937,1,0.5599052699982061,5.256636406671493,"(0.35, 0.5]"
configured,2024,1,0.5964836200083188,3.0,3.855930962616987,1,0.4035163799916812,-0.8559309626169869,"(0.5, 0.65]"
configured,2024,1,0.8966992909604672,2.0,22.093128539122954,1,0.10330070903953281,-20.093128539122954,"(0.8, 1.0]"
configured,2024,0,0.734582265103467,-14.0,10.433105722436734,1,-0.734582265103467,-24.433105722436736,"(0.65, 0.8]"
configured,2024,0,0.7325191131444,-3.0,9.950714733837836,1,-0.7325191131444,-12.950714733837836,"(0.65, 0.8]"
configured,2024,0,0.2661341823730877,-13.0,-10.700150402492838,1,-0.2661341823730877,-2.299849597507162,"(0.2, 0.35]"
configured,2024,0,0.25247557948387156,-14.0,-11.328287496944345,1,-0.25247557948387156,-2.671712503055655,"(0.2, 0.35]"
configured,2024,1,0.41252736494984443,37.0,-3.6315531351064227,1,0.5874726350501556,40.63155313510642,"(0.35, 0.5]"
configured,2024,0,0.4505618712329117,-27.0,-2.448825341695827,1,-0.4505618712329117,-24.551174658304173,"(0.35, 0.5]"
configured,2024,0,0.44912043411839386,-10.0,-1.8765057079053256,0,-0.44912043411839386,-8.123494292094675,"(0.35, 0.5]"
configured,2024,0,0.4177653763639835,-7.0,-3.6787068689593263,1,-0.4177653763639835,-3.3212931310406737,"(0.35, 0.5]"
configured,2024,0,0.7266378750087447,-3.0,10.122052746242671,1,-0.7266378750087447,-13.122052746242671,"(0.65, 0.8]"
configured,2024,1,0.24630571596215328,5.0,-12.198609545303482,1,0.7536942840378467,17.198609545303484,"(0.2, 0.35]"
configured,2024,0,0.4617795039264977,-5.0,-1.8409953688962681,1,-0.4617795039264977,-3.159004631103732,"(0.35, 0.5]"
configured,2024,0,0.48633388297595853,-6.0,-0.652406922654984,1,-0.48633388297595853,-5.3475930773450155,"(0.35, 0.5]"
configured,2024,1,0.3382282251943834,28.0,-7.133174920772285,1,0.6617717748056167,35.133174920772284,"(0.2, 0.35]"
configured,2024,1,0.7804405525155172,8.0,12.651043670945647,1,0.21955944748448275,-4.651043670945647,"(0.65, 0.8]"
configured,2024,1,0.5044103440542274,7.0,0.31465595292675896,1,0.49558965594577264,6.685344047073241,"(0.5, 0.65]"
configured,2024,0,0.5086038794378511,-21.0,0.16634577386907967,1,-0.5086038794378511,-21.16634577386908,"(0.5, 0.65]"
configured,2024,1,0.6930992410077963,32.0,8.310800368412874,1,0.3069007589922037,23.689199631587126,"(0.65, 0.8]"
configured,2024,1,0.32785320935796713,11.0,-7.415177364274882,0,0.6721467906420329,18.415177364274882,"(0.2, 0.35]"
configured,2024,0,0.7987900362320806,-8.0,13.923092009628622,1,-0.7987900362320806,-21.923092009628622,"(0.65, 0.8]"
configured,2024,1,0.7086728532690068,11.0,8.97476207212935,1,0.29132714673099325,2.0252379278706503,"(0.65, 0.8]"
configured,2024,1,0.7124399843260882,7.0,9.348134605382217,1,0.28756001567391176,-2.348134605382217,"(0.65, 0.8]"
configured,2024,1,0.2154168388227261,4.0,-13.55680785233297,1,0.7845831611772739,17.55680785233297,"(0.2, 0.35]"
configured,2024,1,0.8250464921001707,7.0,15.628829445218964,1,0.17495350789982933,-8.628829445218964,"(0.8, 1.0]"
configured,2024,1,0.48533909579244244,2.0,-0.7821937709468547,1,0.5146609042075576,2.7821937709468547,"(0.35, 0.5]"
configured,2024,1,0.6287451346575299,8.0,5.381130704816375,1,0.3712548653424701,2.618869295183625,"(0.5, 0.65]"
configured,2024,0,0.7920314960212711,-42.0,13.780284636695628,1,-0.7920314960212711,-55.780284636695626,"(0.65, 0.8]"
configured,2024,0,0.6613938553460676,-47.0,6.413078344402917,1,-0.6613938553460676,-53.41307834440292,"(0.65, 0.8]"
configured,2024,0,0.6415311285391627,-5.0,5.933829031136638,1,-0.6415311285391627,-10.93382903113664,"(0.5, 0.65]"
configured,2024,1,0.6760613406393672,14.0,7.673302014909371,1,0.3239386593606328,6.326697985090629,"(0.65, 0.8]"
configured,2024,0,0.48358876659801825,-27.0,-0.7545186589254134,1,-0.48358876659801825,-26.245481341074587,"(0.35, 0.5]"
configured,2024,1,0.9341320938837077,37.0,26.06445330826274,1,0.06586790611629234,10.935546691737262,"(0.8, 1.0]"
configured,2024,1,0.8223838408838586,32.0,15.495748346132192,1,0.17761615911614137,16.504251653867808,"(0.8, 1.0]"
configured,2024,0,0.22316825884333935,-14.0,-13.031783723305047,1,-0.22316825884333935,-0.9682162766949531,"(0.2, 0.35]"
configured,2024,1,0.4573010692337751,2.0,-1.985758133129544,1,0.5426989307662249,3.985758133129544,"(0.35, 0.5]"
configured,2024,0,0.7061377067701614,-7.0,9.113279713515682,1,-0.7061377067701614,-16.11327971351568,"(0.65, 0.8]"
configured,2024,1,0.38661209414648,9.0,-4.6801462427484495,1,0.61338790585352,13.68014624274845,"(0.35, 0.5]"
configured,2024,0,0.37412879161044266,-7.0,-5.373031865602993,1,-0.37412879161044266,-1.626968134397007,"(0.35, 0.5]"
configured,2024,0,0.5961474896895842,-1.0,3.931897495433557,1,-0.5961474896895842,-4.931897495433557,"(0.5, 0.65]"
configured,2024,1,0.589632301965116,20.0,3.946503226287418,1,0.41036769803488404,16.05349677371258,"(0.5, 0.65]"
configured,2024,0,0.5543621146293737,-20.0,2.5034586723544003,1,-0.5543621146293737,-22.5034586723544,"(0.5, 0.65]"
configured,2024,1,0.7616121083352041,66.0,12.046899247856103,1,0.2383878916647959,53.9531007521439,"(0.65, 0.8]"
configured,2024,0,0.4631714330438926,-10.0,-1.9000972262947884,1,-0.4631714330438926,-8.099902773705212,"(0.35, 0.5]"
configured,2024,1,0.9494620931643978,28.0,28.728964162863583,1,0.05053790683560222,-0.7289641628635835,"(0.8, 1.0]"
configured,2024,1,0.48247185815888055,8.0,-1.3142810589736476,1,0.5175281418411195,9.314281058973648,"(0.35, 0.5]"
configured,2024,0,0.4965250896202101,-2.0,-0.2890345669087133,1,-0.4965250896202101,-1.7109654330912867,"(0.35, 0.5]"
configured,2024,1,0.8211725527195126,24.0,15.633386407265785,1,0.17882744728048738,8.366613592734215,"(0.8, 1.0]"
configured,2024,1,0.7680363809712758,20.0,12.187460141311876,1,0.2319636190287242,7.812539858688124,"(0.65, 0.8]"
configured,2024,1,0.3385032874515336,12.0,-7.1763332924013294,1,0.6614967125484664,19.17633329240133,"(0.2, 0.35]"
configured,2024,0,0.6218452670614467,-11.0,5.067074324759396,1,-0.6218452670614467,-16.067074324759396,"(0.5, 0.65]"
configured,2024,1,0.7169620833103592,8.0,9.222574345896735,1,0.28303791668964084,-1.222574345896735,"(0.65, 0.8]"
configured,2024,1,0.6626588173063763,40.0,6.935211193820182,1,0.3373411826936237,33.06478880617982,"(0.65, 0.8]"
configured,2024,1,0.739261946988684,14.0,10.753792739363952,1,0.26073805301131603,3.246207260636048,"(0.65, 0.8]"
configured,2024,1,0.28875920981085,21.0,-9.999336230835816,1,0.71124079018915,30.999336230835816,"(0.2, 0.35]"
configured,2024,0,0.5849021732199022,-35.0,3.4384830121799332,0,-0.5849021732199022,-38.43848301217993,"(0.5, 0.65]"
configured,2024,1,0.3021873528574491,26.0,-8.382879421308349,0,0.697812647142551,34.382879421308346,"(0.2, 0.35]"
configured,2024,0,0.33074731360645104,-3.0,-7.0333534827929185,0,-0.33074731360645104,4.0333534827929185,"(0.2, 0.35]"
configured,2024,0,0.63572114240277,-28.0,5.534281378407233,1,-0.63572114240277,-33.53428137840723,"(0.5, 0.65]"
configured,2024,0,0.523926528435112,-3.0,1.113877577653413,0,-0.523926528435112,-4.1138775776534136,"(0.5, 0.65]"
configured,2024,1,0.5164088365997728,8.0,1.3335536489847883,0,0.48359116340022723,6.666446351015212,"(0.5, 0.65]"
configured,2024,0,0.481217822235837,-18.0,-0.693997030772038,0,-0.481217822235837,-17.30600296922796,"(0.35, 0.5]"
configured,2025,0,0.7392275044891758,-3.0,11.250186619075102,0,-0.7392275044891758,-14.250186619075102,"(0.65, 0.8]"
configured,2025,1,0.8243114952041115,24.0,15.840823258462446,1,0.1756885047958885,8.159176741537554,"(0.8, 1.0]"
configured,2025,1,0.5082627777393944,17.0,0.7563897604539846,1,0.49173722226060557,16.243610239546015,"(0.5, 0.65]"
configured,2025,1,0.5120326627385864,3.0,0.2799696092970292,1,0.4879673372614136,2.720030390702971,"(0.5, 0.65]"
configured,2025,1,0.4950920120464264,27.0,-0.6122296654199699,1,0.5049079879535736,27.61222966541997,"(0.35, 0.5]"
configured,2025,1,0.7508907529522302,3.0,11.523701689912883,1,0.24910924704776982,-8.523701689912883,"(0.65, 0.8]"
configured,2025,1,0.848567410945962,7.0,18.18633199122065,1,0.151432589054038,-11.186331991220651,"(0.8, 1.0]"
configured,2025,0,0.4392792756431243,-10.0,-2.3208918237697755,1,-0.4392792756431243,-7.6791081762302245,"(0.35, 0.5]"
configured,2025,1,0.7777680929959241,7.0,12.804417931146276,1,0.2222319070040759,-5.804417931146276,"(0.65, 0.8]"
configured,2025,1,0.8491192521052333,13.0,18.13895534847976,1,0.1508807478947667,-5.138955348479762,"(0.8, 1.0]"
configured,2025,1,0.8232160355982192,17.0,16.05729753933668,1,0.1767839644017808,0.9427024606633196,"(0.8, 1.0]"
configured,2025,0,0.44434346103912886,-3.0,-2.216709716874825,0,-0.44434346103912886,-0.7832902831251749,"(0.35, 0.5]"
configured,2025,1,0.844629680915119,1.0,17.710445619602655,1,0.15537031908488097,-16.710445619602655,"(0.8, 1.0]"
configured,2025,0,0.5761265629110556,-23.0,3.5551933061047962,0,-0.5761265629110556,-26.555193306104798,"(0.5, 0.65]"
configured,2025,1,0.6768576689219077,17.0,7.985825617652158,1,0.3231423310780923,9.014174382347843,"(0.65, 0.8]"
configured,2025,0,0.5719445854557861,-14.0,2.4813555244204752,1,-0.5719445854557861,-16.481355524420476,"(0.5, 0.65]"
configured,2025,0,0.3198453256344922,-7.0,-7.564093512843595,1,-0.3198453256344922,0.5640935128435949,"(0.2, 0.35]"
configured,2025,0,0.2621547301373155,-17.0,-11.12784985387244,0,-0.2621547301373155,-5.872150146127559,"(0.2, 0.35]"
configured,2025,0,0.720629787116482,-2.0,9.687810486593552,1,-0.720629787116482,-11.687810486593552,"(0.65, 0.8]"
configured,2025,0,0.3455858252897096,-17.0,-6.967300266012124,1,-0.3455858252897096,-10.032699733987876,"(0.2, 0.35]"
configured,2025,1,0.7954319827662899,31.0,13.800047210404223,1,0.2045680172337101,17.199952789595777,"(0.65, 0.8]"
configured,2025,1,0.7623350600020147,19.0,12.539897650034785,0,0.23766493999798532,6.460102349965215,"(0.65, 0.8]"
configured,2025,1,0.5963460729594222,7.0,4.075602641874207,1,0.4036539270405778,2.924397358125793,"(0.5, 0.65]"
configured,2025,1,0.6876606854325658,20.0,8.784083270603219,1,0.31233931456743425,11.215916729396781,"(0.65, 0.8]"
configured,2025,1,0.6385382675415168,32.0,6.07447042961288,1,0.36146173245848323,25.92552957038712,"(0.5, 0.65]"
configured,2025,1,0.7008616233162797,8.0,9.41532871120614,1,0.29913837668372034,-1.41532871120614,"(0.65, 0.8]"
configured,2025,1,0.939555006735321,13.0,27.802691031479593,1,0.060444993264679,-14.802691031479593,"(0.8, 1.0]"
configured,2025,1,0.18490117496285563,14.0,-15.361565623656077,1,0.8150988250371444,29.361565623656077,"(-0.001, 0.2]"
configured,2025,0,0.5946156350955524,-32.0,4.219509002324422,1,-0.5946156350955524,-36.21950900232442,"(0.5, 0.65]"
configured,2025,1,0.87709386710238,38.0,20.683310306066268,1,0.12290613289761998,17.316689693933732,"(0.8, 1.0]"
configured,2025,1,0.9716861668223924,35.0,34.43930025662723,1,0.028313833177607606,0.5606997433727727,"(0.8, 1.0]"
configured,2025,1,0.7226250414798974,41.0,10.631143696697038,1,0.27737495852010263,30.368856303302962,"(0.65, 0.8]"
configured,2025,1,0.7974991783253582,18.0,14.549301789298688,1,0.20250082167464178,3.4506982107013116,"(0.65, 0.8]"
configured,2025,0,0.5980812417790364,-7.0,3.938436560293094,1,-0.5980812417790364,-10.938436560293095,"(0.5, 0.65]"
configured,2025,1,0.678877067115788,12.0,8.17205909763045,1,0.321122932884212,3.8279409023695496,"(0.65, 0.8]"
configured,2025,1,0.9460485471097284,17.0,28.285472540095604,1,0.05395145289027159,-11.285472540095604,"(0.8, 1.0]"
configured,2025,1,0.9221951031471889,56.0,25.443293160431526,1,0.07780489685281111,30.556706839568474,"(0.8, 1.0]"
configured,2025,0,0.5874519468207691,-2.0,3.849951340799273,1,-0.5874519468207691,-5.849951340799273,"(0.5, 0.65]"
configured,2025,1,0.8576161556933954,25.0,18.12445888906662,1,0.14238384430660456,6.87554111093338,"(0.8, 1.0]"
configured,2025,1,0.5150528417790896,28.0,1.1123362600226563,1,0.4849471582209104,26.887663739977345,"(0.5, 0.65]"
configured,2025,0,0.5641384353988502,-19.0,2.427745969031341,1,-0.5641384353988502,-21.427745969031342,"(0.5, 0.65]"
configured,2025,1,0.7272427242056634,34.0,10.256751208539228,1,0.2727572757943366,23.743248791460772,"(0.65, 0.8]"
configured,2025,1,0.78572855527858,17.0,13.641221877776847,1,0.21427144472142,3.3587781222231534,"(0.65, 0.8]"
configured,2025,0,0.3136850215795152,-33.0,-8.280659955022948,1,-0.3136850215795152,-24.719340044977052,"(0.2, 0.35]"
configured,2025,1,0.6094852407962518,13.0,5.125807812411302,0,0.39051475920374823,7.874192187588698,"(0.5, 0.65]"
configured,2025,1,0.6280218683309352,3.0,5.591794133571764,1,0.3719781316690648,-2.5917941335717636,"(0.5, 0.65]"
configured,2025,0,0.48946051543326086,-34.0,-0.31179870649432795,1,-0.48946051543326086,-33.68820129350567,"(0.35, 0.5]"
configured,2025,1,0.7530798102303577,14.0,11.977076977462499,1,0.24692018976964225,2.0229230225375012,"(0.65, 0.8]"
configured,2025,1,0.6033916877933241,11.0,4.789545502986184,1,0.3966083122066759,6.210454497013816,"(0.5, 0.65]"
configured,2025,0,0.5564562248173076,-26.0,2.6614246348503596,1,-0.5564562248173076,-28.66142463485036,"(0.5, 0.65]"
configured,2025,1,0.9889796232780894,47.0,42.696254135428674,1,0.011020376721910585,4.303745864571326,"(0.8, 1.0]"
configured,2025,1,0.9866492164869691,34.0,40.751044385648264,1,0.013350783513030873,-6.751044385648264,"(0.8, 1.0]"
configured,2025,0,0.5465278589117177,-3.0,2.1054110028596096,1,-0.5465278589117177,-5.10541100285961,"(0.5, 0.65]"
configured,2025,1,0.5056411068436324,7.0,0.5568384051882331,1,0.4943588931563676,6.443161594811767,"(0.5, 0.65]"
configured,2025,1,0.48954236769858694,3.0,-0.6477416663855404,1,0.5104576323014131,3.6477416663855404,"(0.35, 0.5]"
configured,2025,1,0.9896790609413642,48.0,42.6160035123874,1,0.010320939058635847,5.383996487612599,"(0.8, 1.0]"
configured,2025,1,0.7606409089086859,4.0,11.634921502252329,1,0.23935909109131415,-7.634921502252329,"(0.65, 0.8]"
configured,2025,1,0.9042052158195619,28.0,22.51171689344197,1,0.09579478418043808,5.488283106558029,"(0.8, 1.0]"
configured,2025,1,0.4244860094651382,10.0,-3.26003524812561,1,0.5755139905348619,13.260035248125611,"(0.35, 0.5]"
configured,2025,1,0.9412219289998042,31.0,28.040723143087508,1,0.05877807100019583,2.959276856912492,"(0.8, 1.0]"
configured,2025,1,0.9395427504921356,22.0,27.2931937147179,1,0.06045724950786435,-5.293193714717901,"(0.8, 1.0]"
configured,2025,0,0.6078870985318576,-7.0,4.668320495008599,1,-0.6078870985318576,-11.668320495008599,"(0.5, 0.65]"
configured,2025,0,0.6201614286662844,-9.0,4.817559029383537,1,-0.6201614286662844,-13.817559029383537,"(0.5, 0.65]"
configured,2025,1,0.6885428491867539,11.0,8.423245434288424,1,0.3114571508132461,2.5767545657115765,"(0.65, 0.8]"
configured,2025,1,0.8922804402499206,14.0,21.13401328800667,1,0.10771955975007941,-7.1340132880066705,"(0.8, 1.0]"
configured,2025,1,0.8569375933680832,28.0,18.328711033772073,1,0.14306240663191683,9.671288966227927,"(0.8, 1.0]"
configured,2025,1,0.8976074504240602,66.0,22.25747096925023,1,0.1023925495759398,43.742529030749765,"(0.8, 1.0]"
configured,2025,0,0.5995452790173428,-3.0,3.767122777015051,1,-0.5995452790173428,-6.767122777015051,"(0.5, 0.65]"
configured,2025,1,0.9455935367756635,11.0,28.07173594343218,1,0.05440646322433651,-17.07173594343218,"(0.8, 1.0]"
configured,2025,0,0.3415277642022667,-7.0,-7.046962850218733,1,-0.3415277642022667,0.046962850218733365,"(0.2, 0.35]"
configured,2025,1,0.894074359340392,32.0,22.195971566625694,1,0.10592564065960797,9.804028433374306,"(0.8, 1.0]"
configured,2025,1,0.5966368214865561,7.0,3.7684005024171916,1,0.40336317851344394,3.2315994975828084,"(0.5, 0.65]"
configured,2025,0,0.7606358926962663,-2.0,12.509959630920296,1,-0.7606358926962663,-14.509959630920296,"(0.65, 0.8]"
configured,2025,1,0.8298446715929187,42.0,16.974853882021883,0,0.17015532840708125,25.025146117978117,"(0.8, 1.0]"
configured,2025,0,0.9017074098262163,-3.0,22.226287314796803,1,-0.9017074098262163,-25.226287314796803,"(0.8, 1.0]"
configured,2025,0,0.3128772417847963,-2.0,-8.544972167870608,1,-0.3128772417847963,6.544972167870608,"(0.2, 0.35]"
configured,2025,0,0.30309047428434754,-26.0,-8.539856238881285,1,-0.30309047428434754,-17.460143761118715,"(0.2, 0.35]"
configured,2025,0,0.276978262620048,-17.0,-10.33538241504392,1,-0.276978262620048,-6.66461758495608,"(0.2, 0.35]"
configured,2025,1,0.7785298245939273,24.0,12.960109133610263,1,0.22147017540607272,11.039890866389737,"(0.65, 0.8]"
configured,2025,0,0.24271781600397396,-22.0,-12.61015064268842,1,-0.24271781600397396,-9.38984935731158,"(0.2, 0.35]"
configured,2025,1,0.9350903531885881,68.0,26.642761128521187,1,0.06490964681141187,41.35723887147881,"(0.8, 1.0]"
configured,2025,1,0.35529748592761967,4.0,-6.339778227059032,1,0.6447025140723803,10.339778227059032,"(0.35, 0.5]"
configured,2025,1,0.6879552140419789,11.0,8.344736339912494,1,0.3120447859580211,2.655263660087506,"(0.65, 0.8]"
configured,2025,0,0.5246887913333664,-24.0,1.3084268871338989,1,-0.5246887913333664,-25.308426887133898,"(0.5, 0.65]"
configured,2025,1,0.9632885303324992,39.0,31.97374898391455,1,0.03671146966750083,7.02625101608545,"(0.8, 1.0]"
configured,2025,1,0.9769018568946114,16.0,36.1344299847318,1,0.023098143105388602,-20.134429984731803,"(0.8, 1.0]"
configured,2025,1,0.5133460065372607,2.0,0.47973243962513035,1,0.4866539934627393,1.5202675603748697,"(0.5, 0.65]"
configured,2025,1,0.8208504909273509,39.0,16.16699217392005,1,0.17914950907264915,22.83300782607995,"(0.8, 1.0]"
configured,2025,1,0.962842988399624,73.0,32.24307093457174,1,0.03715701160037599,40.75692906542826,"(0.8, 1.0]"
configured,2025,1,0.6111634613010161,7.0,4.926735058106788,1,0.38883653869898394,2.0732649418932123,"(0.5, 0.65]"
configured,2025,1,0.40773633179691193,7.0,-3.6761919087819868,1,0.5922636682030881,10.676191908781988,"(0.35, 0.5]"
configured,2025,1,0.7379036510679802,23.0,11.265744732190281,1,0.26209634893201983,11.734255267809719,"(0.65, 0.8]"
configured,2025,1,0.7779995185002601,24.0,12.66879685118938,1,0.22200048149973994,11.33120314881062,"(0.65, 0.8]"
configured,2025,1,0.6510960039403737,17.0,6.991361487799644,1,0.3489039960596263,10.008638512200356,"(0.65, 0.8]"
configured,2025,0,0.2603372608343477,-10.0,-10.647156885565117,1,-0.2603372608343477,0.6471568855651171,"(0.2, 0.35]"
configured,2025,1,0.4882690519594983,16.0,-1.2223729900529632,1,0.5117309480405017,17.222372990052964,"(0.35, 0.5]"
configured,2025,1,0.2710258509701936,6.0,-10.496069684720137,1,0.7289741490298064,16.496069684720137,"(0.2, 0.35]"
configured,2025,0,0.8168116282840283,-25.0,15.446950774412624,1,-0.8168116282840283,-40.44695077441263,"(0.8, 1.0]"
configured,2025,0,0.15982118935518813,-3.0,-16.859107304776558,1,-0.15982118935518813,13.859107304776558,"(-0.001, 0.2]"
configured,2025,1,0.838652334630158,24.0,17.02288920832451,1,0.16134766536984202,6.977110791675489,"(0.8, 1.0]"
configured,2025,1,0.9146428965055658,60.0,23.950568695661843,1,0.08535710349443415,36.04943130433816,"(0.8, 1.0]"
configured,2025,0,0.06707856955873566,-39.0,-26.86354095726416,1,-0.06707856955873566,-12.13645904273584,"(-0.001, 0.2]"
configured,2025,0,0.26423967225619177,-20.0,-11.321255085125635,1,-0.26423967225619177,-8.678744914874365,"(0.2, 0.35]"
configured,2025,1,0.5100258052529059,3.0,0.20403955077996372,1,0.48997419474709414,2.7959604492200363,"(0.5, 0.65]"
configured,2025,0,0.3065414598913666,-21.0,-8.97029444413348,1,-0.3065414598913666,-12.02970555586652,"(0.2, 0.35]"
configured,2025,1,0.876925059939589,16.0,20.23610909502861,1,0.12307494006041098,-4.23610909502861,"(0.8, 1.0]"
configured,2025,1,0.9161753886088873,42.0,24.4466108231687,1,0.08382461139111275,17.5533891768313,"(0.8, 1.0]"
configured,2025,1,0.548202114197368,49.0,1.6335320757798122,1,0.451797885802632,47.36646792422019,"(0.5, 0.65]"
configured,2025,0,0.4977747626492871,-3.0,-0.06006977722732465,1,-0.4977747626492871,-2.9399302227726754,"(0.35, 0.5]"
configured,2025,0,0.2540170838020198,-16.0,-11.68869173044289,1,-0.2540170838020198,-4.311308269557109,"(0.2, 0.35]"
configured,2025,1,0.3601165553437724,7.0,-5.814085932516733,1,0.6398834446562276,12.814085932516733,"(0.35, 0.5]"
configured,2025,1,0.8859969464726836,31.0,20.87909914336103,1,0.11400305352731643,10.120900856638968,"(0.8, 1.0]"
configured,2025,0,0.349975009436718,-8.0,-6.743460327458784,1,-0.349975009436718,-1.2565396725412157,"(0.2, 0.35]"
configured,2025,1,0.9699309996026215,17.0,34.59905128500791,1,0.030069000397378476,-17.59905128500791,"(0.8, 1.0]"
configured,2025,1,0.8616389656858159,37.0,19.51712505952505,1,0.13836103431418412,17.48287494047495,"(0.8, 1.0]"
configured,2025,1,0.3406001881489098,10.0,-6.38191355683464,1,0.6593998118510902,16.38191355683464,"(0.2, 0.35]"
configured,2025,0,0.7039165527172255,-1.0,9.309798017689287,1,-0.7039165527172255,-10.309798017689287,"(0.65, 0.8]"
configured,2025,1,0.43174173405686495,10.0,-3.1602966008815896,1,0.568258265943135,13.16029660088159,"(0.35, 0.5]"
configured,2025,1,0.6846994850904865,7.0,8.019129947158508,1,0.3153005149095135,-1.0191299471585076,"(0.65, 0.8]"
configured,2025,1,0.6446490643971774,16.0,6.0208985572142275,1,0.3553509356028226,9.979101442785772,"(0.5, 0.65]"
configured,2025,1,0.6454692878623474,6.0,6.481213809665686,1,0.35453071213765264,-0.48121380966568594,"(0.5, 0.65]"
configured,2025,1,0.9147160672251372,28.0,24.33284961891392,1,0.08528393277486279,3.6671503810860813,"(0.8, 1.0]"
configured,2025,1,0.793049874941844,38.0,14.302907225488422,1,0.20695012505815602,23.697092774511578,"(0.65, 0.8]"
configured,2025,0,0.7870020057882766,-19.0,13.928388339622803,1,-0.7870020057882766,-32.9283883396228,"(0.65, 0.8]"
configured,2025,1,0.6715229305116148,10.0,7.400893266736204,1,0.3284770694883852,2.5991067332637963,"(0.65, 0.8]"
configured,2025,1,0.6527582718004705,35.0,6.736395086105604,1,0.3472417281995295,28.263604913894397,"(0.65, 0.8]"
configured,2025,1,0.8467654249450578,25.0,17.79426177200949,1,0.1532345750549422,7.2057382279905084,"(0.8, 1.0]"
configured,2025,0,0.5681302952960962,-1.0,3.1200194088826034,1,-0.5681302952960962,-4.120019408882603,"(0.5, 0.65]"
configured,2025,1,0.8896566758269091,40.0,21.51783208804483,1,0.1103433241730909,18.48216791195517,"(0.8, 1.0]"
configured,2025,0,0.4185086833307856,-38.0,-3.9505797688371462,1,-0.4185086833307856,-34.049420231162856,"(0.35, 0.5]"
configured,2025,0,0.6492968298578983,-24.0,6.707699628836867,1,-0.6492968298578983,-30.707699628836867,"(0.5, 0.65]"
configured,2025,0,0.22527635673619256,-25.0,-13.418048999002995,1,-0.22527635673619256,-11.581951000997005,"(0.2, 0.35]"
configured,2025,1,0.5859889709629501,7.0,3.733632301309952,1,0.4140110290370499,3.266367698690048,"(0.5, 0.65]"
configured,2025,1,0.6089394504817219,3.0,4.3577133676899376,1,0.39106054951827807,-1.3577133676899376,"(0.5, 0.65]"
configured,2025,1,0.28231670011439614,13.0,-9.737161757511082,1,0.7176832998856039,22.737161757511082,"(0.2, 0.35]"
configured,2025,1,0.3729276053122968,10.0,-5.2360722940156785,1,0.6270723946877033,15.236072294015678,"(0.35, 0.5]"
configured,2025,1,0.714011040297688,19.0,9.758185104056292,1,0.285988959702312,9.241814895943708,"(0.65, 0.8]"
configured,2025,0,0.5479837271322621,-11.0,2.4970568782516835,1,-0.5479837271322621,-13.497056878251684,"(0.5, 0.65]"
configured,2025,0,0.7652873534646317,-7.0,12.792373488922482,1,-0.7652873534646317,-19.792373488922482,"(0.65, 0.8]"
configured,2025,0,0.6412298733469816,-10.0,5.877983960201597,1,-0.6412298733469816,-15.877983960201597,"(0.5, 0.65]"
configured,2025,1,0.9226137060621844,23.0,24.774982492449368,1,0.0773862939378156,-1.774982492449368,"(0.8, 1.0]"
configured,2025,0,0.556174478766002,-7.0,2.4760022103166954,1,-0.556174478766002,-9.476002210316695,"(0.5, 0.65]"
configured,2025,1,0.4724389399696044,11.0,-1.4377246924371105,1,0.5275610600303956,12.437724692437111,"(0.35, 0.5]"
configured,2025,0,0.9049486070944589,-13.0,22.368892780177838,1,-0.9049486070944589,-35.36889278017784,"(0.8, 1.0]"
configured,2025,0,0.7816667839727729,-17.0,13.115692369227585,1,-0.7816667839727729,-30.115692369227585,"(0.65, 0.8]"
configured,2025,0,0.36566807851132255,-24.0,-5.532301367143045,1,-0.36566807851132255,-18.467698632856955,"(0.35, 0.5]"
configured,2025,1,0.49090254137653944,1.0,-0.36609869413868834,1,0.5090974586234606,1.3660986941386883,"(0.35, 0.5]"
configured,2025,0,0.4329447388062062,-3.0,-3.1535725688052816,1,-0.4329447388062062,0.15357256880528158,"(0.35, 0.5]"
configured,2025,1,0.9325284807325431,32.0,26.814545628390864,1,0.06747151926745687,5.185454371609136,"(0.8, 1.0]"
configured,2025,1,0.8905637145049689,34.0,21.614794229669986,1,0.10943628549503115,12.385205770330014,"(0.8, 1.0]"
configured,2025,1,0.9521157495517883,56.0,29.789561053455188,1,0.04788425044821165,26.210438946544812,"(0.8, 1.0]"
configured,2025,1,0.6771570099067508,35.0,7.835703645302988,1,0.32284299009324924,27.16429635469701,"(0.65, 0.8]"
configured,2025,1,0.6489155739680184,25.0,6.2719244186867185,1,0.35108442603198164,18.72807558131328,"(0.5, 0.65]"
configured,2025,0,0.5847690306092059,-3.0,3.507181521005808,1,-0.5847690306092059,-6.507181521005808,"(0.5, 0.65]"
configured,2025,1,0.924176690149173,26.0,25.35998733887643,1,0.07582330985082697,0.6400126611235706,"(0.8, 1.0]"
configured,2025,1,0.5492237552458357,1.0,1.775626301343146,1,0.45077624475416433,-0.7756263013431459,"(0.5, 0.65]"
configured,2025,0,0.481299550160172,-18.0,-1.0087696509721846,1,-0.481299550160172,-16.991230349027816,"(0.35, 0.5]"
configured,2025,0,0.5769818872372969,-4.0,3.04842585735045,1,-0.5769818872372969,-7.04842585735045,"(0.5, 0.65]"
configured,2025,1,0.46872540916753125,3.0,-1.1832538618857873,1,0.5312745908324688,4.183253861885787,"(0.35, 0.5]"
configured,2025,1,0.8822958903728338,6.0,20.232116675455018,1,0.11770410962716615,-14.232116675455018,"(0.8, 1.0]"
configured,2025,1,0.5966057475647465,7.0,3.934408020359794,1,0.4033942524352535,3.065591979640206,"(0.5, 0.65]"
configured,2025,1,0.4948004387187185,12.0,0.38360962791834075,1,0.5051995612812815,11.616390372081659,"(0.35, 0.5]"
configured,2025,1,0.7099020121334016,28.0,9.515788771505019,1,0.29009798786659835,18.48421122849498,"(0.65, 0.8]"
configured,2025,1,0.9649820635527163,21.0,32.66215849925237,1,0.03501793644728368,-11.66215849925237,"(0.8, 1.0]"
configured,2025,1,0.7647480617428399,31.0,12.136896826225989,1,0.23525193825716006,18.86310317377401,"(0.65, 0.8]"
configured,2025,1,0.2861982520325267,7.0,-9.687618277951948,1,0.7138017479674733,16.687618277951948,"(0.2, 0.35]"
configured,2025,1,0.590187761163723,9.0,4.2014600839996294,1,0.40981223883627704,4.7985399160003706,"(0.5, 0.65]"
configured,2025,0,0.34973131395926743,-14.0,-6.705145040071887,1,-0.34973131395926743,-7.294854959928113,"(0.2, 0.35]"
configured,2025,1,0.3899956734104879,15.0,-4.652400709672202,1,0.6100043265895121,19.6524007096722,"(0.35, 0.5]"
configured,2025,0,0.6521188249778118,-18.0,7.187243713616323,1,-0.6521188249778118,-25.187243713616322,"(0.65, 0.8]"
configured,2025,0,0.4151071874761767,-21.0,-3.4286827159219726,1,-0.4151071874761767,-17.571317284078027,"(0.35, 0.5]"
configured,2025,1,0.6766674771895296,28.0,7.752741924330557,1,0.3233325228104704,20.247258075669443,"(0.65, 0.8]"
configured,2025,0,0.6475529472704078,-3.0,6.1688162515183524,1,-0.6475529472704078,-9.168816251518352,"(0.5, 0.65]"
configured,2025,1,0.404005534207347,10.0,-4.124505248137261,1,0.595994465792653,14.124505248137261,"(0.35, 0.5]"
configured,2025,1,0.7150036381007797,19.0,9.911732910479346,1,0.2849963618992203,9.088267089520654,"(0.65, 0.8]"
configured,2025,1,0.8845712011112039,49.0,20.73631300601013,1,0.11542879888879609,28.26368699398987,"(0.8, 1.0]"
configured,2025,1,0.830027531583468,53.0,16.616466637192918,1,0.16997246841653202,36.383533362807086,"(0.8, 1.0]"
configured,2025,0,0.39430058871486434,-35.0,-4.615868686318033,1,-0.39430058871486434,-30.384131313681966,"(0.35, 0.5]"
configured,2025,1,0.9716819623035996,55.0,35.008854363204115,1,0.0283180376964004,19.991145636795885,"(0.8, 1.0]"
configured,2025,0,0.4964913752545776,-6.0,-0.3451874836787394,1,-0.4964913752545776,-5.654812516321261,"(0.35, 0.5]"
configured,2025,0,0.271832755513556,-1.0,-10.087298707658523,1,-0.271832755513556,9.087298707658523,"(0.2, 0.35]"
configured,2025,1,0.819928316513238,17.0,16.451233159821204,1,0.18007168348676195,0.5487668401787964,"(0.8, 1.0]"
configured,2025,1,0.35154497983371624,34.0,-7.019582943403105,1,0.6484550201662838,41.01958294340311,"(0.35, 0.5]"
configured,2025,1,0.7685424234289884,14.0,12.795477791507341,1,0.23145757657101163,1.2045222084926586,"(0.65, 0.8]"
configured,2025,0,0.49897758195485964,-2.0,-0.3249033807768682,1,-0.49897758195485964,-1.6750966192231318,"(0.35, 0.5]"
configured,2025,1,0.6736153269999967,22.0,7.398616696934248,1,0.3263846730000033,14.601383303065752,"(0.65, 0.8]"
configured,2025,1,0.5002290236219131,8.0,-0.12189363649278295,1,0.4997709763780869,8.121893636492782,"(0.5, 0.65]"
configured,2025,1,0.6408552462783175,3.0,5.87182525886535,1,0.35914475372168253,-2.87182525886535,"(0.5, 0.65]"
configured,2025,0,0.44776770602122334,-3.0,-1.8802981414427373,1,-0.44776770602122334,-1.1197018585572627,"(0.35, 0.5]"
configured,2025,0,0.3689398211824835,-43.0,-5.862727449041294,1,-0.3689398211824835,-37.137272550958706,"(0.35, 0.5]"
configured,2025,1,0.49234895542309787,2.0,-0.6370178449748343,1,0.5076510445769021,2.6370178449748343,"(0.35, 0.5]"
configured,2025,0,0.15417212999174426,-1.0,-17.50215499703465,1,-0.15417212999174426,16.50215499703465,"(-0.001, 0.2]"
configured,2025,1,0.7040633460979977,14.0,8.785526323226094,1,0.2959366539020023,5.214473676773906,"(0.65, 0.8]"
configured,2025,0,0.5787168813309271,-3.0,3.5155608917162056,1,-0.5787168813309271,-6.515560891716206,"(0.5, 0.65]"
configured,2025,0,0.4846370084102206,-7.0,-0.9389262575973203,1,-0.4846370084102206,-6.06107374240268,"(0.35, 0.5]"
configured,2025,1,0.542598805879065,14.0,1.4489317817550926,1,0.45740119412093505,12.551068218244907,"(0.5, 0.65]"
configured,2025,1,0.5932587516012608,3.0,4.102436041422173,1,0.40674124839873915,-1.1024360414221732,"(0.5, 0.65]"
configured,2025,0,0.40684454839941875,-35.0,-4.059038740257594,1,-0.40684454839941875,-30.940961259742405,"(0.35, 0.5]"
configured,2025,1,0.7872832579372384,15.0,13.314404138999926,1,0.2127167420627616,1.685595861000074,"(0.65, 0.8]"
configured,2025,1,0.8467382033476616,20.0,17.44372628252953,1,0.1532617966523384,2.5562737174704715,"(0.8, 1.0]"
configured,2025,1,0.5458958739867233,11.0,2.102889456701419,1,0.45410412601327665,8.89711054329858,"(0.5, 0.65]"
configured,2025,1,0.6736837578276605,25.0,7.743891212676971,1,0.32631624217233945,17.25610878732303,"(0.65, 0.8]"
configured,2025,1,0.5424603527943033,12.0,1.5299178609315793,1,0.45753964720569673,10.47008213906842,"(0.5, 0.65]"
configured,2025,0,0.6893206924851527,-3.0,8.675099460188159,1,-0.6893206924851527,-11.675099460188159,"(0.65, 0.8]"
configured,2025,0,0.2669097487183591,-5.0,-11.044272882035571,1,-0.2669097487183591,6.044272882035571,"(0.2, 0.35]"
configured,2025,1,0.43490122015661614,5.0,-2.4723224458847257,1,0.5650987798433839,7.472322445884726,"(0.35, 0.5]"
configured,2025,1,0.664603355638617,6.0,6.788059102361393,1,0.33539664436138295,-0.7880591023613928,"(0.65, 0.8]"
configured,2025,0,0.20058376854300408,-18.0,-14.73768332602009,1,-0.20058376854300408,-3.2623166739799103,"(0.2, 0.35]"
configured,2025,1,0.6752608607937965,3.0,7.472298583822908,1,0.32473913920620345,-4.472298583822908,"(0.65, 0.8]"
configured,2025,1,0.7726959211823585,42.0,12.64831896238207,1,0.22730407881764148,29.35168103761793,"(0.65, 0.8]"
configured,2025,0,0.6749857930238805,-4.0,7.461898469013261,1,-0.6749857930238805,-11.46189846901326,"(0.65, 0.8]"
configured,2025,0,0.21735174925496148,-18.0,-13.418272005989245,1,-0.21735174925496148,-4.581727994010755,"(0.2, 0.35]"
configured,2025,0,0.38564855932396763,-34.0,-5.07142088774822,1,-0.38564855932396763,-28.928579112251782,"(0.35, 0.5]"
configured,2025,0,0.37932509866152536,-3.0,-5.250087311751144,1,-0.37932509866152536,2.2500873117511437,"(0.35, 0.5]"
configured,2025,0,0.1559902467783807,-17.0,-18.288858477538394,1,-0.1559902467783807,1.288858477538394,"(-0.001, 0.2]"
configured,2025,1,0.6515291978757862,18.0,6.809538482773898,1,0.3484708021242138,11.190461517226101,"(0.65, 0.8]"
configured,2025,0,0.32286582120638035,-7.0,-8.160490342399218,1,-0.32286582120638035,1.1604903423992177,"(0.2, 0.35]"
configured,2025,1,0.3893577782091213,8.0,-4.462050417954823,1,0.6106422217908787,12.462050417954824,"(0.35, 0.5]"
configured,2025,1,0.48546624172605,14.0,-0.5153818216076482,1,0.51453375827395,14.515381821607647,"(0.35, 0.5]"
configured,2025,0,0.6161416021746123,-2.0,4.680005041141993,1,-0.6161416021746123,-6.680005041141993,"(0.5, 0.65]"
configured,2025,0,0.2883330350142691,-29.0,-9.782012652162233,1,-0.2883330350142691,-19.217987347837767,"(0.2, 0.35]"
configured,2025,1,0.6248687756668915,25.0,5.323631848503109,1,0.3751312243331085,19.67636815149689,"(0.5, 0.65]"
configured,2025,1,0.5295292500561075,17.0,1.464663785582863,1,0.4704707499438925,15.535336214417137,"(0.5, 0.65]"
configured,2025,0,0.505372206672665,-17.0,-0.10845324754873831,1,-0.505372206672665,-16.891546752451262,"(0.5, 0.65]"
configured,2025,1,0.9466862348054781,36.0,29.039559950887565,1,0.05331376519452191,6.960440049112435,"(0.8, 1.0]"
configured,2025,1,0.90303998775789,33.0,22.399022566261593,1,0.09696001224211004,10.600977433738407,"(0.8, 1.0]"
configured,2025,0,0.7725887337206809,-6.0,12.470788018715183,1,-0.7725887337206809,-18.470788018715183,"(0.65, 0.8]"
configured,2025,0,0.43774832578060696,-3.0,-2.7633384977692375,1,-0.43774832578060696,-0.23666150223076254,"(0.35, 0.5]"
configured,2025,1,0.5466089446981002,1.0,2.3129136007019326,1,0.4533910553018998,-1.3129136007019326,"(0.5, 0.65]"
configured,2025,1,0.7410498156895388,22.0,10.892781123578203,1,0.25895018431046124,11.107218876421797,"(0.65, 0.8]"
configured,2025,1,0.4524771441601548,3.0,-1.8324617682299769,1,0.5475228558398453,4.832461768229977,"(0.35, 0.5]"
configured,2025,0,0.6428230216354884,-19.0,5.9645909442614835,1,-0.6428230216354884,-24.964590944261484,"(0.5, 0.65]"
configured,2025,0,0.5589778089808113,-3.0,3.168245585139552,1,-0.5589778089808113,-6.168245585139552,"(0.5, 0.65]"
configured,2025,1,0.3813541439642976,27.0,-4.9254067066089116,1,0.6186458560357024,31.92540670660891,"(0.35, 0.5]"
configured,2025,1,0.8196044335909743,28.0,15.27611501346566,1,0.18039556640902565,12.72388498653434,"(0.8, 1.0]"
configured,2025,1,0.7995229077617081,7.0,14.02271433102731,1,0.2004770922382919,-7.022714331027309,"(0.65, 0.8]"
configured,2025,1,0.6987436900890869,14.0,8.359997428879026,1,0.3012563099109131,5.640002571120974,"(0.65, 0.8]"
configured,2025,1,0.4497447541209555,21.0,-2.4694742779770618,1,0.5502552458790445,23.469474277977064,"(0.35, 0.5]"
configured,2025,1,0.5778398295456374,1.0,3.081299403976412,1,0.4221601704543626,-2.081299403976412,"(0.5, 0.65]"
configured,2025,1,0.6772186973646472,41.0,7.788927729016356,1,0.32278130263535276,33.21107227098364,"(0.65, 0.8]"
configured,2025,1,0.693151100798986,8.0,8.38444072059386,1,0.306848899201014,-0.3844407205938598,"(0.65, 0.8]"
configured,2025,0,0.32369095346695204,-16.0,-7.992294274548179,1,-0.32369095346695204,-8.007705725451821,"(0.2, 0.35]"
configured,2025,0,0.24713118600069686,-28.0,-11.45257692985587,1,-0.24713118600069686,-16.54742307014413,"(0.2, 0.35]"
configured,2025,0,0.4364984009431729,-18.0,-3.2605829099844277,1,-0.4364984009431729,-14.739417090015571,"(0.35, 0.5]"
configured,2025,1,0.2273587809840666,6.0,-12.571302888716982,1,0.7726412190159334,18.571302888716982,"(0.2, 0.35]"
configured,2025,1,0.7941309521219162,21.0,14.064708141132112,1,0.2058690478780838,6.935291858867888,"(0.65, 0.8]"
configured,2025,1,0.6264428334354588,14.0,5.460356917422372,1,0.3735571665645412,8.539643082577628,"(0.5, 0.65]"
configured,2025,1,0.15614137618681911,6.0,-17.536391340965224,1,0.8438586238131809,23.536391340965224,"(-0.001, 0.2]"
configured,2025,0,0.79621523094421,-7.0,14.109995871056224,1,-0.79621523094421,-21.109995871056224,"(0.65, 0.8]"
configured,2025,0,0.3929660270558082,-18.0,-4.666619416406219,1,-0.3929660270558082,-13.333380583593781,"(0.35, 0.5]"
configured,2025,1,0.6507902905054459,28.0,6.384969537982722,1,0.3492097094945541,21.615030462017277,"(0.65, 0.8]"
configured,2025,1,0.78638360610556,21.0,13.756205454683716,1,0.21361639389443998,7.243794545316284,"(0.65, 0.8]"
configured,2025,1,0.41475745140024145,8.0,-3.9730858291440256,1,0.5852425485997585,11.973085829144026,"(0.35, 0.5]"
configured,2025,1,0.82207889433429,13.0,15.624065841018378,1,0.17792110566570996,-2.6240658410183784,"(0.8, 1.0]"
configured,2025,1,0.5352640370094595,6.0,1.2568182229341107,1,0.46473596299054054,4.743181777065889,"(0.5, 0.65]"
configured,2025,1,0.7734994880178967,35.0,12.99168962051175,1,0.2265005119821033,22.00831037948825,"(0.65, 0.8]"
configured,2025,1,0.847244919767778,41.0,17.597280400773204,1,0.15275508023222195,23.402719599226796,"(0.8, 1.0]"
configured,2025,0,0.38638466641332025,-4.0,-4.811039123808761,1,-0.38638466641332025,0.8110391238087606,"(0.35, 0.5]"
configured,2025,1,0.8133659952801253,16.0,15.619140327394621,1,0.18663400471987468,0.38085967260537856,"(0.8, 1.0]"
configured,2025,0,0.8029592727394536,-3.0,14.51397281480299,1,-0.8029592727394536,-17.51397281480299,"(0.8, 1.0]"
configured,2025,0,0.2897806415929821,-7.0,-9.480854701940103,1,-0.2897806415929821,2.4808547019401033,"(0.2, 0.35]"
configured,2025,1,0.34996708572105495,4.0,-6.460735588145237,1,0.650032914278945,10.460735588145237,"(0.2, 0.35]"
configured,2025,0,0.5774823892208545,-11.0,3.3028674685685595,1,-0.5774823892208545,-14.302867468568559,"(0.5, 0.65]"
configured,2025,1,0.6984489968499594,1.0,8.630542837923358,1,0.3015510031500406,-7.6305428379233575,"(0.65, 0.8]"
configured,2025,1,0.06896518603807406,5.0,-26.04357288282176,1,0.931034813961926,31.04357288282176,"(-0.001, 0.2]"
configured,2025,1,0.7648080548764242,11.0,12.492623898919494,1,0.23519194512357577,-1.4926238989194935,"(0.65, 0.8]"
configured,2025,1,0.9893028672116315,44.0,42.50961875206471,1,0.01069713278836848,1.4903812479352894,"(0.8, 1.0]"
configured,2025,1,0.3157807154969488,1.0,-8.07557649381221,1,0.6842192845030513,9.07557649381221,"(0.2, 0.35]"
configured,2025,1,0.6370024998318347,40.0,6.092697973270955,1,0.36299750016816534,33.90730202672904,"(0.5, 0.65]"
configured,2025,0,0.5226779052742676,-6.0,0.5468806444784855,1,-0.5226779052742676,-6.5468806444784855,"(0.5, 0.65]"
configured,2025,1,0.5085653036634981,7.0,0.23124472052266354,1,0.49143469633650194,6.768755279477336,"(0.5, 0.65]"
configured,2025,0,0.28012578129975496,-24.0,-10.427316815867144,1,-0.28012578129975496,-13.572683184132856,"(0.2, 0.35]"
configured,2025,0,0.38849571493369583,-14.0,-5.314751366331417,1,-0.38849571493369583,-8.685248633668582,"(0.35, 0.5]"
configured,2025,1,0.8781172830870738,22.0,19.991209297463154,1,0.12188271691292618,2.008790702536846,"(0.8, 1.0]"
configured,2025,1,0.6353290669903453,14.0,5.397503295348357,1,0.3646709330096547,8.602496704651642,"(0.5, 0.65]"
configured,2025,1,0.7990471893699556,39.0,14.537772590404021,1,0.20095281063004444,24.46222740959598,"(0.65, 0.8]"
configured,2025,0,0.19447422774938344,-6.0,-15.02728277665825,1,-0.19447422774938344,9.02728277665825,"(-0.001, 0.2]"
configured,2025,0,0.5604161001246478,-7.0,2.4803591144824986,1,-0.5604161001246478,-9.480359114482498,"(0.5, 0.65]"
configured,2025,1,0.8871778766993009,38.0,21.802811926948603,1,0.11282212330069907,16.197188073051397,"(0.8, 1.0]"
configured,2025,1,0.6020296984134169,3.0,4.691598518349012,1,0.3979703015865831,-1.6915985183490116,"(0.5, 0.65]"
configured,2025,0,0.35226912767545193,-24.0,-6.487885112785165,1,-0.35226912767545193,-17.512114887214835,"(0.35, 0.5]"
configured,2025,0,0.3266480280057814,-11.0,-7.7218993822926265,1,-0.3266480280057814,-3.2781006177073735,"(0.2, 0.35]"
configured,2025,1,0.4501052378528922,28.0,-2.0517907371285267,1,0.5498947621471078,30.051790737128528,"(0.35, 0.5]"
configured,2025,1,0.7497585278897558,7.0,11.822254398546402,1,0.25024147211024417,-4.822254398546402,"(0.65, 0.8]"
configured,2025,0,0.7057313479178081,-3.0,8.91527587497992,1,-0.7057313479178081,-11.91527587497992,"(0.65, 0.8]"
configured,2025,0,0.3974129714305138,-2.0,-4.16433621276849,0,-0.3974129714305138,2.1643362127684904,"(0.35, 0.5]"
configured,2025,0,0.35232555653070624,-27.0,-6.233942406346156,1,-0.35232555653070624,-20.766057593653844,"(0.35, 0.5]"
configured,2025,1,0.5217343618197865,28.0,0.5905315451593025,1,0.4782656381802135,27.4094684548407,"(0.5, 0.65]"
configured,2025,1,0.46209787248468714,19.0,-1.6019761192833917,1,0.5379021275153129,20.601976119283393,"(0.35, 0.5]"
configured,2025,0,0.40134143816114676,-13.0,-4.252367109233223,1,-0.40134143816114676,-8.747632890766777,"(0.35, 0.5]"
configured,2025,0,0.4191206350360896,-3.0,-2.9600117500970295,1,-0.4191206350360896,-0.03998824990297045,"(0.35, 0.5]"
configured,2025,1,0.38565032425811185,5.0,-4.477592431722038,1,0.6143496757418881,9.477592431722037,"(0.35, 0.5]"
configured,2025,0,0.4044732683884952,-3.0,-4.081811881076511,1,-0.4044732683884952,1.0818118810765114,"(0.35, 0.5]"
configured,2025,1,0.6378170332907063,17.0,5.917108802730846,1,0.36218296670929373,11.082891197269154,"(0.5, 0.65]"
configured,2025,1,0.5894358150036327,9.0,3.339713801728268,1,0.41056418499636727,5.6602861982717325,"(0.5, 0.65]"
configured,2025,0,0.4329305076076615,-22.0,-2.470963348307227,1,-0.4329305076076615,-19.529036651692774,"(0.35, 0.5]"
configured,2025,1,0.8808378204385165,24.0,20.355449821441802,1,0.11916217956148345,3.644550178558198,"(0.8, 1.0]"
configured,2025,1,0.7774635613147014,10.0,12.929112891636748,1,0.2225364386852986,-2.9291128916367484,"(0.65, 0.8]"
configured,2025,0,0.2446613422847571,-18.0,-12.220943305003992,1,-0.2446613422847571,-5.779056694996008,"(0.2, 0.35]"
configured,2025,0,0.6536065360864382,-25.0,6.413100515369657,1,-0.6536065360864382,-31.413100515369656,"(0.65, 0.8]"
configured,2025,1,0.8669364514567249,3.0,19.3856599716415,1,0.13306354854327507,-16.3856599716415,"(0.8, 1.0]"
configured,2025,1,0.4111065732716548,6.0,-3.5927328950627286,1,0.5888934267283452,9.592732895062728,"(0.35, 0.5]"
configured,2025,1,0.2776071901519809,36.0,-9.70634127304514,1,0.7223928098480191,45.70634127304514,"(0.2, 0.35]"
configured,2025,0,0.4741111389486674,-10.0,-1.2401612165312352,1,-0.4741111389486674,-8.759838783468766,"(0.35, 0.5]"
configured,2025,1,0.8022927439066434,42.0,13.85016501082195,1,0.1977072560933566,28.14983498917805,"(0.8, 1.0]"
configured,2025,0,0.2512507529315066,-3.0,-11.24298846043925,1,-0.2512507529315066,8.24298846043925,"(0.2, 0.35]"
configured,2025,1,0.6198905864917968,7.0,5.599510925290656,1,0.38010941350820315,1.400489074709344,"(0.5, 0.65]"
configured,2025,0,0.9305198994007509,-1.0,26.244218685827565,1,-0.9305198994007509,-27.244218685827565,"(0.8, 1.0]"
configured,2025,1,0.6034833381913103,17.0,5.107543002494255,0,0.3965166618086897,11.892456997505745,"(0.5, 0.65]"
configured,2025,1,0.7644904470003067,15.0,12.09694021434197,1,0.23550955299969334,2.90305978565803,"(0.65, 0.8]"
configured,2025,1,0.6106764540303742,24.0,4.523667348609736,1,0.3893235459696258,19.476332651390265,"(0.5, 0.65]"
configured,2025,0,0.6287588574345669,-25.0,5.24710427230441,1,-0.6287588574345669,-30.247104272304412,"(0.5, 0.65]"
configured,2025,1,0.7545302469711084,29.0,12.21632928307767,1,0.24546975302889162,16.78367071692233,"(0.65, 0.8]"
configured,2025,0,0.6316340280675665,-21.0,5.227249687273471,1,-0.6316340280675665,-26.22724968727347,"(0.5, 0.65]"
configured,2025,1,0.6970922539726802,13.0,8.611777230547318,1,0.30290774602731985,4.388222769452682,"(0.65, 0.8]"
configured,2025,1,0.6288641748869291,3.0,5.643044308717038,1,0.37113582511307086,-2.6430443087170383,"(0.5, 0.65]"
configured,2025,1,0.669701424632607,20.0,7.871181964216637,1,0.33029857536739304,12.128818035783363,"(0.65, 0.8]"
configured,2025,1,0.5876734942460864,15.0,3.550763141744669,1,0.4123265057539136,11.44923685825533,"(0.5, 0.65]"
configured,2025,1,0.4751072169103843,7.0,-1.1991453837091828,1,0.5248927830896157,8.199145383709183,"(0.35, 0.5]"
configured,2025,1,0.6654854786987552,17.0,7.055280618236802,1,0.3345145213012448,9.944719381763198,"(0.65, 0.8]"
configured,2025,0,0.5853846742145443,-37.0,3.606570465766203,1,-0.5853846742145443,-40.606570465766204,"(0.5, 0.65]"
configured,2025,1,0.5895791437007312,18.0,3.810035413593657,1,0.41042085629926883,14.189964586406344,"(0.5, 0.65]"
configured,2025,1,0.7256209174323758,25.0,9.96993415064107,1,0.2743790825676242,15.03006584935893,"(0.65, 0.8]"
configured,2025,1,0.8375471972927258,48.0,17.022005052131846,1,0.16245280270727425,30.977994947868154,"(0.8, 1.0]"
configured,2025,0,0.21805294163917768,-31.0,-13.415038068606982,1,-0.21805294163917768,-17.584961931393018,"(0.2, 0.35]"
configured,2025,1,0.8374290378043425,7.0,17.112894799476088,1,0.16257096219565748,-10.112894799476088,"(0.8, 1.0]"
configured,2025,0,0.5413947064460966,-10.0,1.8131491411331528,1,-0.5413947064460966,-11.813149141133152,"(0.5, 0.65]"
configured,2025,1,0.6982087075585572,10.0,8.841027770530593,1,0.30179129244144276,1.1589722294694074,"(0.65, 0.8]"
configured,2025,0,0.7750364439948011,-7.0,12.542341908493714,1,-0.7750364439948011,-19.542341908493714,"(0.65, 0.8]"
configured,2025,0,0.4497384003495818,-6.0,-1.9957013277385807,1,-0.4497384003495818,-4.004298672261419,"(0.35, 0.5]"
configured,2025,1,0.9363642065391289,16.0,26.50358725029027,1,0.06363579346087112,-10.50358725029027,"(0.8, 1.0]"
configured,2025,1,0.46817171855007045,32.0,-0.9433491631005233,1,0.5318282814499296,32.94334916310052,"(0.35, 0.5]"
configured,2025,0,0.6906799839686157,-34.0,8.543355982019872,1,-0.6906799839686157,-42.543355982019875,"(0.65, 0.8]"
configured,2025,1,0.5404422949322596,18.0,1.741158291824519,1,0.4595577050677404,16.25884170817548,"(0.5, 0.65]"
configured,2025,1,0.8878879466222419,3.0,20.90014622867431,1,0.11211205337775809,-17.90014622867431,"(0.8, 1.0]"
configured,2025,0,0.6477074466801074,-1.0,6.6298267044684085,1,-0.6477074466801074,-7.6298267044684085,"(0.5, 0.65]"
configured,2025,0,0.5387177226278794,-19.0,1.6593434193488383,1,-0.5387177226278794,-20.65934341934884,"(0.5, 0.65]"
configured,2025,0,0.4771755602380995,-18.0,-0.45391572932980884,0,-0.4771755602380995,-17.546084270670192,"(0.35, 0.5]"
configured,2025,1,0.7929677770118936,14.0,14.475557653699095,1,0.20703222298810642,-0.4755576536990951,"(0.65, 0.8]"
configured,2025,0,0.7584407283234271,-3.0,12.154878101487675,1,-0.7584407283234271,-15.154878101487675,"(0.65, 0.8]"
configured,2025,1,0.5503213990437004,18.0,2.2567592558899428,1,0.44967860095629963,15.743240744110057,"(0.5, 0.65]"
configured,2025,1,0.5412417047156648,5.0,1.6137309557100519,1,0.4587582952843352,3.386269044289948,"(0.5, 0.65]"
configured,2025,1,0.41350374139815926,3.0,-3.8681932367348777,1,0.5864962586018407,6.868193236734878,"(0.35, 0.5]"
configured,2025,1,0.678690842599254,17.0,7.932001936605797,1,0.32130915740074595,9.067998063394203,"(0.65, 0.8]"
configured,2025,1,0.45244417557479666,6.0,-2.112041942274349,1,0.5475558244252033,8.112041942274349,"(0.35, 0.5]"
configured,2025,0,0.3441488405339641,-9.0,-6.471388483551195,1,-0.3441488405339641,-2.528611516448805,"(0.2, 0.35]"
configured,2025,1,0.6114440201937923,3.0,4.446645628151373,1,0.3885559798062077,-1.4466456281513729,"(0.5, 0.65]"
configured,2025,0,0.5724543504067676,-15.0,3.1295305331686825,1,-0.5724543504067676,-18.129530533168683,"(0.5, 0.65]"
configured,2025,0,0.5980749476123915,-21.0,4.264828393771493,1,-0.5980749476123915,-25.264828393771495,"(0.5, 0.65]"
configured,2025,1,0.3441553436375677,7.0,-7.179302600306123,1,0.6558446563624323,14.179302600306123,"(0.2, 0.35]"
configured,2025,1,0.8307455384515419,7.0,16.56022915259114,1,0.16925446154845813,-9.560229152591141,"(0.8, 1.0]"
configured,2025,1,0.6787116309693931,14.0,7.772348918834775,1,0.32128836903060687,6.227651081165225,"(0.65, 0.8]"
configured,2025,0,0.4791335915075768,-19.0,-0.925256499278444,1,-0.4791335915075768,-18.074743500721556,"(0.35, 0.5]"
configured,2025,1,0.7474642731787088,32.0,11.286364252042574,1,0.2525357268212912,20.713635747957426,"(0.65, 0.8]"
configured,2025,1,0.9137983577799185,35.0,23.677621767018916,1,0.08620164222008153,11.322378232981084,"(0.8, 1.0]"
configured,2025,0,0.41079960855088443,-7.0,-4.01824343310435,1,-0.41079960855088443,-2.9817565668956503,"(0.35, 0.5]"
configured,2025,1,0.6962017606779093,19.0,8.667339120403604,1,0.3037982393220907,10.332660879596396,"(0.65, 0.8]"
configured,2025,0,0.5143817097296195,-23.0,0.1803922805439342,1,-0.5143817097296195,-23.180392280543934,"(0.5, 0.65]"
configured,2025,0,0.3660963889986627,-3.0,-5.683348812180309,1,-0.3660963889986627,2.6833488121803093,"(0.35, 0.5]"
configured,2025,0,0.24381233580257416,-34.0,-12.17406364538699,1,-0.24381233580257416,-21.82593635461301,"(0.2, 0.35]"
configured,2025,0,0.6574473640625345,-35.0,7.574353201048357,1,-0.6574473640625345,-42.57435320104835,"(0.65, 0.8]"
configured,2025,0,0.45475335209807677,-8.0,-1.37669424862829,1,-0.45475335209807677,-6.62330575137171,"(0.35, 0.5]"
configured,2025,1,0.3079372939800265,38.0,-8.34531338432997,1,0.6920627060199736,46.34531338432997,"(0.2, 0.35]"
configured,2025,1,0.7433666614772514,25.0,10.879274153526278,1,0.2566333385227486,14.120725846473722,"(0.65, 0.8]"
configured,2025,1,0.7144884781582418,36.0,9.663616784040453,1,0.2855115218417582,26.336383215959547,"(0.65, 0.8]"
configured,2025,1,0.6933125549373542,27.0,8.576281720560452,1,0.3066874450626458,18.423718279439548,"(0.65, 0.8]"
configured,2025,1,0.6098608260315546,8.0,4.568874918641731,1,0.39013917396844544,3.431125081358269,"(0.5, 0.65]"
configured,2025,1,0.8978243071292691,25.0,22.511451077703402,1,0.10217569287073092,2.488548922296598,"(0.8, 1.0]"
configured,2025,0,0.7179386598968457,-11.0,9.524555191856306,1,-0.7179386598968457,-20.524555191856308,"(0.65, 0.8]"
configured,2025,1,0.528543330809571,14.0,1.327789856454591,1,0.47145666919042895,12.67221014354541,"(0.5, 0.65]"
configured,2025,1,0.41111671239905434,3.0,-3.9638818922976675,1,0.5888832876009457,6.9638818922976675,"(0.35, 0.5]"
configured,2025,1,0.4753580150830252,4.0,-1.342767783223521,1,0.5246419849169748,5.342767783223521,"(0.35, 0.5]"
configured,2025,1,0.20543361568846497,7.0,-14.83424587101192,1,0.794566384311535,21.83424587101192,"(0.2, 0.35]"
configured,2025,1,0.823127800933878,2.0,15.84049616110094,1,0.17687219906612195,-13.84049616110094,"(0.8, 1.0]"
configured,2025,0,0.5913809495201141,-12.0,3.828065547859019,1,-0.5913809495201141,-15.828065547859019,"(0.5, 0.65]"
configured,2025,0,0.42688166296217356,-46.0,-3.7450783916902175,1,-0.42688166296217356,-42.254921608309786,"(0.35, 0.5]"
configured,2025,1,0.6499972328376853,2.0,6.448884141548618,1,0.3500027671623147,-4.448884141548618,"(0.5, 0.65]"
configured,2025,0,0.20234376024212902,-3.0,-14.413692116366565,1,-0.20234376024212902,11.413692116366565,"(0.2, 0.35]"
configured,2025,1,0.17577014438244878,1.0,-16.222233753390498,1,0.8242298556175512,17.222233753390498,"(-0.001, 0.2]"
configured,2025,0,0.5830438526327277,-12.0,3.504223378219481,1,-0.5830438526327277,-15.504223378219482,"(0.5, 0.65]"
configured,2025,1,0.5636984447452951,3.0,2.6612564277024355,1,0.43630155525470493,0.33874357229756447,"(0.5, 0.65]"
configured,2025,1,0.729188390591193,17.0,10.181737036298866,1,0.270811609408807,6.818262963701134,"(0.65, 0.8]"
configured,2025,1,0.73778906125135,10.0,10.797746834114978,1,0.26221093874865,-0.797746834114978,"(0.65, 0.8]"
configured,2025,1,0.7920098759734386,35.0,13.452875565238724,1,0.20799012402656136,21.547124434761276,"(0.65, 0.8]"
configured,2025,0,0.36874075152206015,-17.0,-5.334415610217408,1,-0.36874075152206015,-11.665584389782591,"(0.35, 0.5]"
configured,2025,1,0.7508877625813085,17.0,11.418839740398646,1,0.24911223741869148,5.581160259601354,"(0.65, 0.8]"
configured,2025,0,0.5748698940796362,-6.0,3.1269513516890015,1,-0.5748698940796362,-9.126951351689002,"(0.5, 0.65]"
configured,2025,0,0.31643133611408614,-32.0,-8.098368544227196,1,-0.31643133611408614,-23.901631455772804,"(0.2, 0.35]"
configured,2025,1,0.5168999890332924,3.0,0.19315389428157914,1,0.4831000109667076,2.806846105718421,"(0.5, 0.65]"
configured,2025,1,0.354334402360039,2.0,-6.236074687781681,1,0.645665597639961,8.23607468778168,"(0.35, 0.5]"
configured,2025,1,0.3790822761165943,7.0,-5.304982618507418,1,0.6209177238834057,12.304982618507417,"(0.35, 0.5]"
configured,2025,0,0.7115631703215832,-19.0,9.592324502021443,1,-0.7115631703215832,-28.59232450202144,"(0.65, 0.8]"
configured,2025,0,0.5325684752458915,-1.0,1.2019326756408495,1,-0.5325684752458915,-2.2019326756408493,"(0.5, 0.65]"
configured,2025,0,0.4310472776953179,-7.0,-3.4086114780322783,1,-0.4310472776953179,-3.5913885219677217,"(0.35, 0.5]"
configured,2025,0,0.4764968898608748,-34.0,-0.8460035811053261,1,-0.4764968898608748,-33.15399641889467,"(0.35, 0.5]"
configured,2025,1,0.7470921007167006,8.0,11.290637567783154,1,0.2529078992832994,-3.290637567783154,"(0.65, 0.8]"
configured,2025,0,0.27444263082858533,-21.0,-10.517853113725497,1,-0.27444263082858533,-10.482146886274503,"(0.2, 0.35]"
configured,2025,1,0.24384456317597203,3.0,-11.970647015501466,1,0.756155436824028,14.970647015501466,"(0.2, 0.35]"
configured,2025,1,0.593716643159917,3.0,4.670872985711159,1,0.406283356840083,-1.670872985711159,"(0.5, 0.65]"
configured,2025,1,0.20133679278743719,1.0,-14.40190377450493,1,0.7986632072125628,15.40190377450493,"(0.2, 0.35]"
configured,2025,0,0.6134104939486008,-8.0,4.690705491364419,1,-0.6134104939486008,-12.690705491364419,"(0.5, 0.65]"
configured,2025,1,0.7420195450883713,7.0,11.248318968858896,1,0.2579804549116287,-4.2483189688588965,"(0.65, 0.8]"
configured,2025,1,0.7371146803802457,3.0,10.361699289403564,1,0.26288531961975425,-7.361699289403564,"(0.65, 0.8]"
configured,2025,0,0.6673123856395594,-1.0,7.395240194816469,1,-0.6673123856395594,-8.39524019481647,"(0.65, 0.8]"
configured,2025,0,0.2846510397243411,-7.0,-9.48894543882815,1,-0.2846510397243411,2.48894543882815,"(0.2, 0.35]"
configured,2025,0,0.27879445529203495,-3.0,-10.136909983735354,1,-0.27879445529203495,7.136909983735354,"(0.2, 0.35]"
configured,2025,1,0.8741390312495474,25.0,19.344278158402876,1,0.1258609687504526,5.655721841597124,"(0.8, 1.0]"
configured,2025,1,0.9316717211769268,50.0,26.287269149478966,1,0.06832827882307324,23.712730850521034,"(0.8, 1.0]"
configured,2025,0,0.4523886787455177,-25.0,-1.9983058017367403,1,-0.4523886787455177,-23.00169419826326,"(0.35, 0.5]"
configured,2025,0,0.46282413971172154,-9.0,-1.8100101880091222,1,-0.46282413971172154,-7.189989811990878,"(0.35, 0.5]"
configured,2025,0,0.7354947757949452,-8.0,10.578928671758584,1,-0.7354947757949452,-18.578928671758582,"(0.65, 0.8]"
configured,2025,1,0.3590695259266574,19.0,-6.077487413630617,1,0.6409304740733426,25.077487413630617,"(0.35, 0.5]"
configured,2025,1,0.3097508865755664,3.0,-8.564180064251786,1,0.6902491134244336,11.564180064251786,"(0.2, 0.35]"
configured,2025,1,0.5148476868667881,9.0,0.91914069712637,1,0.48515231313321194,8.08085930287363,"(0.5, 0.65]"
configured,2025,0,0.5723682358133153,-1.0,3.1514519920081208,1,-0.5723682358133153,-4.151451992008121,"(0.5, 0.65]"
configured,2025,1,0.7665418552794778,14.0,12.144170684721164,1,0.23345814472052218,1.8558293152788359,"(0.65, 0.8]"
configured,2025,1,0.5553845169131542,21.0,2.6602772472444842,1,0.44461548308684584,18.339722752755517,"(0.5, 0.65]"
configured,2025,1,0.5382563731791574,19.0,1.7736782855428201,1,0.4617436268208426,17.22632171445718,"(0.5, 0.65]"
configured,2025,1,0.5142903524503024,17.0,0.5426395899037821,1,0.4857096475496976,16.457360410096218,"(0.5, 0.65]"
configured,2025,1,0.4753016902043643,38.0,-1.1758856451262933,1,0.5246983097956357,39.17588564512629,"(0.35, 0.5]"
configured,2025,0,0.5071682388471317,-14.0,0.45147311796673106,1,-0.5071682388471317,-14.451473117966732,"(0.5, 0.65]"
configured,2025,1,0.5605753097043862,25.0,3.0508232500262995,1,0.4394246902956138,21.949176749973702,"(0.5, 0.65]"
configured,2025,0,0.36874952765418023,-7.0,-5.935265515323145,1,-0.36874952765418023,-1.0647344846768547,"(0.35, 0.5]"
configured,2025,1,0.5544568544849411,28.0,2.520529344816903,1,0.4455431455150589,25.479470655183096,"(0.5, 0.65]"
configured,2025,1,0.4545907048493072,7.0,-2.615078220144226,1,0.5454092951506928,9.615078220144227,"(0.35, 0.5]"
configured,2025,0,0.7146324532072454,-23.0,10.16910769751886,1,-0.7146324532072454,-33.16910769751886,"(0.65, 0.8]"
configured,2025,1,0.8932462412720388,42.0,21.521775882941274,1,0.10675375872796122,20.478224117058726,"(0.8, 1.0]"
configured,2025,1,0.4488356371366094,21.0,-2.353229744847906,1,0.5511643628633907,23.353229744847905,"(0.35, 0.5]"
configured,2025,0,0.17200191597816522,-7.0,-16.637670749300113,1,-0.17200191597816522,9.637670749300113,"(-0.001, 0.2]"
configured,2025,0,0.3765662403410779,-6.0,-5.326622295525213,1,-0.3765662403410779,-0.6733777044747873,"(0.35, 0.5]"
configured,2025,1,0.7613310996466192,14.0,12.247285946674989,1,0.23866890035338084,1.7527140533250112,"(0.65, 0.8]"
configured,2025,1,0.946813450943175,35.0,28.68845732443296,1,0.05318654905682496,6.31154267556704,"(0.8, 1.0]"
configured,2025,1,0.605369384444117,12.0,4.62826362633917,1,0.39463061555588297,7.37173637366083,"(0.5, 0.65]"
configured,2025,1,0.4627684945770327,10.0,-1.5077528242682883,1,0.5372315054229673,11.507752824268287,"(0.35, 0.5]"
configured,2025,1,0.5197626300349065,28.0,0.6130165729047552,1,0.4802373699650935,27.386983427095245,"(0.5, 0.65]"
configured,2025,0,0.5769594365383994,-24.0,3.260333126689609,1,-0.5769594365383994,-27.26033312668961,"(0.5, 0.65]"
configured,2025,0,0.36054237071219536,-11.0,-6.34815993431959,1,-0.36054237071219536,-4.65184006568041,"(0.35, 0.5]"
configured,2025,1,0.7514583530092207,14.0,11.732053041845383,1,0.2485416469907793,2.267946958154617,"(0.65, 0.8]"
configured,2025,0,0.3655737757603441,-22.0,-5.93651170946567,1,-0.3655737757603441,-16.06348829053433,"(0.35, 0.5]"
configured,2025,0,0.740140905669125,-8.0,11.29993946264997,1,-0.740140905669125,-19.29993946264997,"(0.65, 0.8]"
configured,2025,1,0.5838052010369925,46.0,3.6726424586711346,1,0.4161947989630075,42.327357541328865,"(0.5, 0.65]"
configured,2025,0,0.5957787097828986,-32.0,4.010181424948305,1,-0.5957787097828986,-36.01018142494831,"(0.5, 0.65]"
configured,2025,1,0.3595310729238657,13.0,-5.707014240864108,1,0.6404689270761343,18.70701424086411,"(0.35, 0.5]"
configured,2025,0,0.46113809205664885,-3.0,-1.940763651804306,1,-0.46113809205664885,-1.059236348195694,"(0.35, 0.5]"
configured,2025,1,0.5306613339513017,22.0,0.6589909053819993,1,0.46933866604869834,21.341009094618002,"(0.5, 0.65]"
configured,2025,1,0.44811171000890215,17.0,-2.2694838057569537,1,0.5518882899910978,19.269483805756956,"(0.35, 0.5]"
configured,2025,0,0.2545486274544189,-24.0,-11.927123319443915,1,-0.2545486274544189,-12.072876680556085,"(0.2, 0.35]"
configured,2025,0,0.4703518958869176,-17.0,-1.4393468642073035,1,-0.4703518958869176,-15.560653135792696,"(0.35, 0.5]"
configured,2025,1,0.47178937586955155,41.0,-0.9004276143237862,1,0.5282106241304485,41.90042761432379,"(0.35, 0.5]"
configured,2025,0,0.8174235073070398,-1.0,15.157345628884759,1,-0.8174235073070398,-16.15734562888476,"(0.8, 1.0]"
configured,2025,0,0.4356684927107587,-25.0,-2.3034916093252216,1,-0.4356684927107587,-22.69650839067478,"(0.35, 0.5]"
configured,2025,1,0.5229321312003546,22.0,0.9147639017327045,1,0.47706786879964536,21.085236098267295,"(0.5, 0.65]"
configured,2025,1,0.8062756449503334,3.0,15.320565753626152,1,0.19372435504966656,-12.320565753626152,"(0.8, 1.0]"
configured,2025,1,0.8357000116572143,19.0,16.946132238291806,1,0.1642999883427857,2.0538677617081937,"(0.8, 1.0]"
configured,2025,1,0.7107384103449741,27.0,8.96820618224348,1,0.2892615896550259,18.031793817756522,"(0.65, 0.8]"
configured,2025,0,0.6341267906541206,-10.0,5.209321168596169,1,-0.6341267906541206,-15.20932116859617,"(0.5, 0.65]"
configured,2025,1,0.4860023758418919,24.0,-0.5085755178601836,1,0.5139976241581081,24.508575517860184,"(0.35, 0.5]"
configured,2025,1,0.3972260163198621,6.0,-4.930129206795738,1,0.6027739836801379,10.930129206795737,"(0.35, 0.5]"
configured,2025,0,0.38758870612759644,-5.0,-4.961378391472883,1,-0.38758870612759644,-0.03862160852711671,"(0.35, 0.5]"
configured,2025,0,0.2857721506075933,-31.0,-10.10799713255355,1,-0.2857721506075933,-20.89200286744645,"(0.2, 0.35]"
configured,2025,0,0.8523581347629701,-5.0,18.05105999122163,1,-0.8523581347629701,-23.05105999122163,"(0.8, 1.0]"
configured,2025,0,0.449212417525641,-12.0,-2.2482556047360305,1,-0.449212417525641,-9.75174439526397,"(0.35, 0.5]"
configured,2025,0,0.2367295158295084,-15.0,-12.640078671421836,1,-0.2367295158295084,-2.3599213285781637,"(0.2, 0.35]"
configured,2025,0,0.11786888549230015,-45.0,-20.770131306198408,1,-0.11786888549230015,-24.229868693801592,"(-0.001, 0.2]"
configured,2025,0,0.8076195552392127,-23.0,14.646746487688606,1,-0.8076195552392127,-37.6467464876886,"(0.8, 1.0]"
configured,2025,0,0.2597652339024338,-15.0,-10.64865505936039,1,-0.2597652339024338,-4.35134494063961,"(0.2, 0.35]"
configured,2025,1,0.68560876300303,19.0,8.393212460883376,1,0.31439123699697,10.606787539116624,"(0.65, 0.8]"
configured,2025,0,0.47633083145234895,-25.0,-1.1480021808734344,1,-0.47633083145234895,-23.851997819126566,"(0.35, 0.5]"
configured,2025,0,0.4774722873972405,-4.0,-0.8101927578905004,0,-0.4774722873972405,-3.1898072421094996,"(0.35, 0.5]"
configured,2025,0,0.6610203766878522,-9.0,7.21740277025969,1,-0.6610203766878522,-16.21740277025969,"(0.65, 0.8]"
configured,2025,1,0.7565014271700954,3.0,12.142036191119832,1,0.2434985728299046,-9.142036191119832,"(0.65, 0.8]"
configured,2025,0,0.5379350112083787,-23.0,1.3971841884584466,1,-0.5379350112083787,-24.397184188458446,"(0.5, 0.65]"
configured,2025,0,0.509587888675575,-10.0,0.4312405555573351,1,-0.509587888675575,-10.431240555557334,"(0.5, 0.65]"
configured,2025,1,0.8079991328919343,17.0,14.882733420966119,1,0.19200086710806574,2.117266579033881,"(0.8, 1.0]"
configured,2025,0,0.7481357318410065,-3.0,11.393140007092637,1,-0.7481357318410065,-14.393140007092637,"(0.65, 0.8]"
configured,2025,1,0.7440774005665216,3.0,10.518047126836677,1,0.2559225994334784,-7.518047126836677,"(0.65, 0.8]"
configured,2025,1,0.825898605970677,5.0,16.356188143561454,1,0.174101394029323,-11.356188143561454,"(0.8, 1.0]"
configured,2025,1,0.5684964389965101,16.0,3.352927844264216,1,0.43150356100348985,12.647072155735785,"(0.5, 0.65]"
configured,2025,0,0.6729497857366649,-35.0,8.04040431567593,1,-0.6729497857366649,-43.04040431567593,"(0.65, 0.8]"
configured,2025,1,0.48496253672608164,17.0,-0.6855430115868857,1,0.5150374632739183,17.685543011586887,"(0.35, 0.5]"
configured,2025,1,0.7202013905935611,35.0,10.08296850442626,1,0.27979860940643886,24.917031495573738,"(0.65, 0.8]"
configured,2025,0,0.5741391004019224,-4.0,2.9012420025142966,1,-0.5741391004019224,-6.901242002514296,"(0.5, 0.65]"
configured,2025,0,0.47660268186306287,-6.0,-0.7585046057158698,1,-0.47660268186306287,-5.24149539428413,"(0.35, 0.5]"
configured,2025,0,0.7727126596285161,-7.0,12.932751935501255,1,-0.7727126596285161,-19.932751935501255,"(0.65, 0.8]"
configured,2025,1,0.6045356117562779,3.0,4.118574236675496,1,0.3954643882437221,-1.1185742366754958,"(0.5, 0.65]"
configured,2025,1,0.4137130883241804,12.0,-4.017245825648349,1,0.5862869116758196,16.01724582564835,"(0.35, 0.5]"
configured,2025,0,0.5913296782403618,-13.0,4.04068756054789,1,-0.5913296782403618,-17.04068756054789,"(0.5, 0.65]"
configured,2025,1,0.521910639141001,31.0,1.4830006828104818,1,0.478089360858999,29.51699931718952,"(0.5, 0.65]"
configured,2025,1,0.6191788475228672,7.0,5.079565401485823,1,0.3808211524771328,1.920434598514177,"(0.5, 0.65]"
configured,2025,1,0.538861453186244,34.0,1.8412642515688113,1,0.461138546813756,32.15873574843119,"(0.5, 0.65]"
configured,2025,1,0.7128773866277076,4.0,9.485078520654222,1,0.2871226133722924,-5.485078520654222,"(0.65, 0.8]"
configured,2025,1,0.7636006066610246,4.0,12.35709266109144,1,0.23639939333897542,-8.35709266109144,"(0.65, 0.8]"
configured,2025,1,0.6086972176359957,39.0,4.645438760975921,1,0.3913027823640043,34.35456123902408,"(0.5, 0.65]"
configured,2025,0,0.3415748698683364,-2.0,-6.531756870944701,1,-0.3415748698683364,4.531756870944701,"(0.2, 0.35]"
configured,2025,1,0.508656340365719,32.0,0.38616559988740073,1,0.49134365963428095,31.613834400112598,"(0.5, 0.65]"
configured,2025,0,0.6739665474806082,-3.0,8.292433513452755,1,-0.6739665474806082,-11.292433513452755,"(0.65, 0.8]"
configured,2025,1,0.7459532553556757,21.0,11.551172861446748,1,0.2540467446443243,9.448827138553252,"(0.65, 0.8]"
configured,2025,0,0.5258267709782425,-6.0,0.988391141498614,1,-0.5258267709782425,-6.988391141498614,"(0.5, 0.65]"
configured,2025,0,0.6889491443895148,-3.0,8.076103834899111,1,-0.6889491443895148,-11.076103834899111,"(0.65, 0.8]"
configured,2025,1,0.7750373713940516,22.0,13.141105017219967,1,0.2249626286059484,8.858894982780033,"(0.65, 0.8]"
configured,2025,0,0.44224319087371217,-12.0,-2.6800986735183026,1,-0.44224319087371217,-9.319901326481698,"(0.35, 0.5]"
configured,2025,1,0.7268682933122775,1.0,10.896358992470379,1,0.27313170668772246,-9.896358992470379,"(0.65, 0.8]"
configured,2025,0,0.3422126889006378,-32.0,-7.119137049305596,1,-0.3422126889006378,-24.880862950694404,"(0.2, 0.35]"
configured,2025,1,0.4275818753537989,7.0,-3.336271511799903,1,0.5724181246462011,10.336271511799904,"(0.35, 0.5]"
configured,2025,0,0.2669596085338346,-20.0,-10.894711055030005,1,-0.2669596085338346,-9.105288944969995,"(0.2, 0.35]"
configured,2025,0,0.6007710497740532,-6.0,4.256222270370779,1,-0.6007710497740532,-10.25622227037078,"(0.5, 0.65]"
configured,2025,0,0.09550368029524739,-24.0,-23.272617190472047,1,-0.09550368029524739,-0.7273828095279526,"(-0.001, 0.2]"
configured,2025,1,0.5299474752996227,6.0,1.1453895233767484,1,0.4700525247003773,4.854610476623252,"(0.5, 0.65]"
configured,2025,1,0.6315791879008622,7.0,5.726071296934954,1,0.3684208120991378,1.273928703065046,"(0.5, 0.65]"
configured,2025,1,0.8207194252027483,15.0,15.387105863662978,1,0.17928057479725168,-0.3871058636629776,"(0.8, 1.0]"
configured,2025,1,0.7265419333283032,26.0,10.122197148056092,1,0.2734580666716968,15.877802851943908,"(0.65, 0.8]"
configured,2025,0,0.4714349516492048,-3.0,-1.4010530429127792,1,-0.4714349516492048,-1.5989469570872208,"(0.35, 0.5]"
configured,2025,0,0.5840407332946078,-26.0,3.082413568725436,1,-0.5840407332946078,-29.082413568725435,"(0.5, 0.65]"
configured,2025,1,0.6851262490579719,19.0,8.868591265630105,1,0.3148737509420281,10.131408734369895,"(0.65, 0.8]"
configured,2025,1,0.4632947582742585,3.0,-1.9599962683407623,1,0.5367052417257415,4.959996268340762,"(0.35, 0.5]"
configured,2025,1,0.9147161321707401,28.0,23.957073344009537,1,0.0852838678292599,4.042926655990463,"(0.8, 1.0]"
configured,2025,1,0.3879421287632166,4.0,-5.166872194317481,1,0.6120578712367835,9.166872194317481,"(0.35, 0.5]"
configured,2025,0,0.6963583168372103,-3.0,8.625628523167418,1,-0.6963583168372103,-11.625628523167418,"(0.65, 0.8]"
configured,2025,0,0.4604123757234042,-21.0,-1.379234559841354,1,-0.4604123757234042,-19.620765440158646,"(0.35, 0.5]"
configured,2025,0,0.3576705148799223,-2.0,-6.6495886982195,1,-0.3576705148799223,4.6495886982195,"(0.35, 0.5]"
configured,2025,1,0.4430528122670986,7.0,-3.0614083298269783,1,0.5569471877329014,10.061408329826978,"(0.35, 0.5]"
configured,2025,1,0.614212286383768,13.0,4.6575046716509885,1,0.385787713616232,8.342495328349012,"(0.5, 0.65]"
configured,2025,0,0.5698351878632749,-3.0,2.899829240251108,1,-0.5698351878632749,-5.899829240251108,"(0.5, 0.65]"
configured,2025,1,0.629993187497212,3.0,5.547916112447965,1,0.370006812502788,-2.5479161124479646,"(0.5, 0.65]"
configured,2025,1,0.7654322975835676,5.0,12.419045658190466,1,0.23456770241643243,-7.419045658190466,"(0.65, 0.8]"
configured,2025,1,0.307291384225268,3.0,-8.503733216323972,1,0.692708615774732,11.503733216323972,"(0.2, 0.35]"
configured,2025,0,0.6731229470834864,-7.0,7.577414177177533,1,-0.6731229470834864,-14.577414177177534,"(0.65, 0.8]"
configured,2025,0,0.8330423055496088,-3.0,16.54309222775089,1,-0.8330423055496088,-19.54309222775089,"(0.8, 1.0]"
configured,2025,1,0.8716142990276232,14.0,19.225641199777918,1,0.12838570097237678,-5.225641199777918,"(0.8, 1.0]"
configured,2025,1,0.623684918428015,11.0,5.43419685816181,1,0.376315081571985,5.56580314183819,"(0.5, 0.65]"
configured,2025,1,0.5777452638103111,37.0,3.17307170570047,1,0.4222547361896889,33.82692829429953,"(0.5, 0.65]"
configured,2025,1,0.32654705792399685,31.0,-7.53603880534795,1,0.6734529420760031,38.53603880534795,"(0.2, 0.35]"
configured,2025,0,0.24966318225728068,-7.0,-11.338469165707671,1,-0.24966318225728068,4.3384691657076715,"(0.2, 0.35]"
configured,2025,0,0.4332763098629789,-32.0,-3.176940789003025,1,-0.4332763098629789,-28.823059210996973,"(0.35, 0.5]"
configured,2025,0,0.7558211170645375,-4.0,12.133823897960049,1,-0.7558211170645375,-16.13382389796005,"(0.65, 0.8]"
configured,2025,1,0.6549472113417723,32.0,7.060080196843305,1,0.34505278865822775,24.939919803156695,"(0.65, 0.8]"
configured,2025,0,0.7923612345788589,-7.0,13.871019096716001,1,-0.7923612345788589,-20.871019096716,"(0.65, 0.8]"
configured,2025,1,0.46798620303880256,4.0,-1.7961475491898469,1,0.5320137969611974,5.796147549189847,"(0.35, 0.5]"
configured,2025,0,0.4164478435151325,-42.0,-3.8679055622687377,1,-0.4164478435151325,-38.13209443773126,"(0.35, 0.5]"
configured,2025,1,0.39486362688430476,19.0,-4.101942781705116,1,0.6051363731156952,23.101942781705116,"(0.35, 0.5]"
configured,2025,0,0.4817190017103382,-21.0,-0.6065841419685758,1,-0.4817190017103382,-20.393415858031425,"(0.35, 0.5]"
configured,2025,1,0.6056429519390807,33.0,4.185755383735396,1,0.3943570480609193,28.814244616264602,"(0.5, 0.65]"
configured,2025,0,0.397512053175882,-1.0,-4.3338443098693515,1,-0.397512053175882,3.3338443098693515,"(0.35, 0.5]"
configured,2025,1,0.6904420456472959,29.0,8.62822602037804,1,0.30955795435270406,20.37177397962196,"(0.65, 0.8]"
configured,2025,0,0.3381603982453923,-22.0,-7.502010225513235,1,-0.3381603982453923,-14.497989774486765,"(0.2, 0.35]"
configured,2025,0,0.48405046513612315,-15.0,-0.6205959773806353,1,-0.48405046513612315,-14.379404022619365,"(0.35, 0.5]"
configured,2025,0,0.31884218289440125,-2.0,-7.869028488882923,0,-0.31884218289440125,5.869028488882923,"(0.2, 0.35]"
configured,2025,0,0.740815046356746,-6.0,10.825334110979135,1,-0.740815046356746,-16.825334110979135,"(0.65, 0.8]"
configured,2025,0,0.21495572654156725,-8.0,-13.612235237680139,1,-0.21495572654156725,5.612235237680139,"(0.2, 0.35]"
configured,2025,1,0.6923998894476581,1.0,8.49541512203119,1,0.30760011055234193,-7.49541512203119,"(0.65, 0.8]"
configured,2025,0,0.22796125479022977,-21.0,-12.294846402269432,1,-0.22796125479022977,-8.705153597730568,"(0.2, 0.35]"
configured,2025,1,0.8309510537711579,24.0,16.586478459920578,1,0.16904894622884215,7.413521540079422,"(0.8, 1.0]"
configured,2025,1,0.7628469552401527,1.0,11.969313735932062,1,0.23715304475984733,-10.969313735932062,"(0.65, 0.8]"
configured,2025,1,0.33804434722100685,17.0,-7.640683935568415,1,0.6619556527789932,24.640683935568415,"(0.2, 0.35]"
configured,2025,1,0.8036952016710017,2.0,14.293870201239788,1,0.19630479832899828,-12.293870201239788,"(0.8, 1.0]"
configured,2025,0,0.40140132547391416,-12.0,-4.093366472625476,1,-0.40140132547391416,-7.906633527374524,"(0.35, 0.5]"
configured,2025,0,0.41403003662022464,-29.0,-3.9781090512767348,1,-0.41403003662022464,-25.021890948723264,"(0.35, 0.5]"
configured,2025,1,0.361450217837753,3.0,-5.983253481158162,1,0.638549782162247,8.983253481158162,"(0.35, 0.5]"
configured,2025,0,0.7017969693050049,-17.0,9.180778844349485,1,-0.7017969693050049,-26.180778844349483,"(0.65, 0.8]"
configured,2025,0,0.6786177265169602,-2.0,7.986184199279314,1,-0.6786177265169602,-9.986184199279315,"(0.65, 0.8]"
configured,2025,1,0.6685281396311702,5.0,7.400804546226179,1,0.3314718603688298,-2.400804546226179,"(0.65, 0.8]"
configured,2025,0,0.2761489602153217,-2.0,-10.21938827183532,1,-0.2761489602153217,8.21938827183532,"(0.2, 0.35]"
configured,2025,1,0.7368048483354056,39.0,10.527643438505478,1,0.2631951516645944,28.47235656149452,"(0.65, 0.8]"
configured,2025,0,0.4590075269706124,-12.0,-2.2795249790936474,1,-0.4590075269706124,-9.720475020906353,"(0.35, 0.5]"
configured,2025,1,0.7974461408879185,34.0,14.867482644627817,1,0.20255385911208146,19.132517355372183,"(0.65, 0.8]"
configured,2025,0,0.2751208374849022,-27.0,-9.970989050778716,1,-0.2751208374849022,-17.029010949221284,"(0.2, 0.35]"
configured,2025,1,0.8453069697451553,48.0,17.16795515112599,1,0.1546930302548447,30.83204484887401,"(0.8, 1.0]"
configured,2025,1,0.5383390751597259,45.0,1.5065060528596042,1,0.4616609248402741,43.493493947140394,"(0.5, 0.65]"
configured,2025,1,0.5277271944610142,16.0,1.5915505051670626,1,0.47227280553898576,14.408449494832936,"(0.5, 0.65]"
configured,2025,0,0.10700135071281625,-18.0,-21.953098208749886,1,-0.10700135071281625,3.9530982087498856,"(-0.001, 0.2]"
configured,2025,1,0.7823718329733653,18.0,13.06881270961058,1,0.21762816702663468,4.9311872903894205,"(0.65, 0.8]"
configured,2025,1,0.8426243460010854,11.0,17.460570155486053,1,0.15737565399891462,-6.460570155486053,"(0.8, 1.0]"
configured,2025,1,0.41325947600540336,4.0,-4.175046264093245,1,0.5867405239945966,8.175046264093245,"(0.35, 0.5]"
configured,2025,1,0.9699388530772409,33.0,34.1995628324068,1,0.030061146922759074,-1.199562832406798,"(0.8, 1.0]"
configured,2025,1,0.3649991093785754,16.0,-6.149421461426186,1,0.6350008906214246,22.149421461426186,"(0.35, 0.5]"
configured,2025,1,0.2990647200532403,7.0,-8.673981345853313,1,0.7009352799467596,15.673981345853313,"(0.2, 0.35]"
configured,2025,1,0.687745430587833,5.0,8.306363402657261,1,0.312254569412167,-3.3063634026572615,"(0.65, 0.8]"
configured,2025,0,0.7118311716301244,-27.0,9.049658497341694,1,-0.7118311716301244,-36.049658497341696,"(0.65, 0.8]"
configured,2025,1,0.6792501435877978,3.0,8.260280901221353,1,0.3207498564122022,-5.260280901221353,"(0.65, 0.8]"
configured,2025,1,0.5385242382006614,10.0,1.912793340469828,1,0.4614757617993386,8.087206659530171,"(0.5, 0.65]"
configured,2025,1,0.746620369462408,36.0,11.408482638770522,1,0.25337963053759205,24.591517361229478,"(0.65, 0.8]"
configured,2025,1,0.9420150162910041,38.0,27.85762320625936,1,0.05798498370899585,10.142376793740642,"(0.8, 1.0]"
configured,2025,1,0.4385837916511023,25.0,-2.7978543475060995,1,0.5614162083488977,27.7978543475061,"(0.35, 0.5]"
configured,2025,1,0.45198967261260303,20.0,-1.7204256729050469,1,0.548010327387397,21.720425672905048,"(0.35, 0.5]"
configured,2025,1,0.8172466686832852,22.0,15.697254259431592,1,0.18275333131671478,6.302745740568408,"(0.8, 1.0]"
configured,2025,1,0.8125091333796841,9.0,15.006270599749147,1,0.1874908666203159,-6.006270599749147,"(0.8, 1.0]"
configured,2025,1,0.7956146441921945,25.0,14.442446448685995,1,0.20438535580780548,10.557553551314005,"(0.65, 0.8]"
configured,2025,1,0.5073343962265933,31.0,-0.062047513495412154,1,0.49266560377340674,31.06204751349541,"(0.5, 0.65]"
configured,2025,1,0.177616796871721,10.0,-16.305995401176105,1,0.822383203128279,26.305995401176105,"(-0.001, 0.2]"
configured,2025,1,0.6428200679029084,21.0,6.728350991362708,1,0.35717993209709165,14.271649008637292,"(0.5, 0.65]"
configured,2025,0,0.5307530586256689,-16.0,1.5953568143373082,1,-0.5307530586256689,-17.595356814337308,"(0.5, 0.65]"
configured,2025,0,0.6298591856943723,-3.0,5.849726462916539,1,-0.6298591856943723,-8.84972646291654,"(0.5, 0.65]"
configured,2025,1,0.8159771940867893,28.0,15.578709881456255,1,0.18402280591321074,12.421290118543745,"(0.8, 1.0]"
configured,2025,0,0.2742935756516064,-12.0,-10.290787301679838,1,-0.2742935756516064,-1.7092126983201616,"(0.2, 0.35]"
configured,2025,0,0.5840680615703105,-17.0,3.484845270446204,1,-0.5840680615703105,-20.484845270446204,"(0.5, 0.65]"
configured,2025,0,0.5897721847248847,-4.0,3.6774688546914875,1,-0.5897721847248847,-7.6774688546914875,"(0.5, 0.65]"
configured,2025,1,0.7085972839467586,10.0,8.784091404802984,1,0.2914027160532414,1.2159085951970159,"(0.65, 0.8]"
configured,2025,1,0.6971385295787116,28.0,9.107911061680143,1,0.3028614704212884,18.89208893831986,"(0.65, 0.8]"
configured,2025,1,0.44407340136120077,24.0,-2.7196977486121687,1,0.5559265986387992,26.71969774861217,"(0.35, 0.5]"
configured,2025,1,0.8206924642446295,33.0,16.04220498478614,1,0.1793075357553705,16.95779501521386,"(0.8, 1.0]"
configured,2025,1,0.6077930257349877,11.0,4.380738130042547,1,0.3922069742650123,6.619261869957453,"(0.5, 0.65]"
configured,2025,1,0.5916049455205916,32.0,3.8218705984965204,1,0.4083950544794084,28.17812940150348,"(0.5, 0.65]"
configured,2025,0,0.26872971425256187,-17.0,-11.000255410028288,1,-0.26872971425256187,-5.999744589971712,"(0.2, 0.35]"
configured,2025,1,0.30725886434274596,3.0,-8.427618655049013,0,0.692741135657254,11.427618655049013,"(0.2, 0.35]"
configured,2025,0,0.7154610218354271,-1.0,10.270469308373851,1,-0.7154610218354271,-11.270469308373851,"(0.65, 0.8]"
configured,2025,1,0.933536641301959,32.0,26.463769548152662,1,0.06646335869804099,5.536230451847338,"(0.8, 1.0]"
configured,2025,1,0.704215147083596,4.0,8.716694279844962,1,0.295784852916404,-4.716694279844962,"(0.65, 0.8]"
configured,2025,1,0.2737566252864456,24.0,-10.302106453029243,1,0.7262433747135544,34.30210645302924,"(0.2, 0.35]"
configured,2025,0,0.6228350260147111,-35.0,5.071026351704335,1,-0.6228350260147111,-40.07102635170433,"(0.5, 0.65]"
configured,2025,1,0.8052594550862487,29.0,14.395538777222296,1,0.19474054491375126,14.604461222777704,"(0.8, 1.0]"
configured,2025,0,0.512079170988528,-6.0,0.36019536628123516,1,-0.512079170988528,-6.360195366281236,"(0.5, 0.65]"
configured,2025,1,0.341077819959585,2.0,-6.4283090923946276,1,0.658922180040415,8.428309092394628,"(0.2, 0.35]"
configured,2025,0,0.2175516588973356,-30.0,-13.315580894457025,1,-0.2175516588973356,-16.684419105542975,"(0.2, 0.35]"
configured,2025,0,0.34696045734055636,-3.0,-6.419069396970105,1,-0.34696045734055636,3.419069396970105,"(0.2, 0.35]"
configured,2025,0,0.7329014403994318,-3.0,10.3559932191515,1,-0.7329014403994318,-13.3559932191515,"(0.65, 0.8]"
configured,2025,1,0.5541615087903218,14.0,2.179459909830582,1,0.4458384912096782,11.820540090169418,"(0.5, 0.65]"
configured,2025,1,0.24912894049542292,6.0,-11.34149751533852,1,0.7508710595045771,17.34149751533852,"(0.2, 0.35]"
configured,2025,1,0.6712881288462396,7.0,7.796156185938981,1,0.32871187115376044,-0.7961561859389814,"(0.65, 0.8]"
configured,2025,1,0.6856048903650368,3.0,8.368146898953482,1,0.3143951096349632,-5.368146898953482,"(0.65, 0.8]"
configured,2025,1,0.6924558606707008,15.0,8.580876668052621,1,0.30754413932929925,6.419123331947379,"(0.65, 0.8]"
configured,2025,0,0.5118739031932834,-7.0,0.476114526473967,1,-0.5118739031932834,-7.4761145264739675,"(0.5, 0.65]"
configured,2025,1,0.8912329589003193,63.0,21.305919982459386,1,0.10876704109968072,41.694080017540614,"(0.8, 1.0]"
configured,2025,1,0.6734833560527878,28.0,7.190722363668029,1,0.32651664394721225,20.80927763633197,"(0.65, 0.8]"
configured,2025,1,0.4398810130752241,6.0,-2.3531350064734653,1,0.5601189869247759,8.353135006473465,"(0.35, 0.5]"
configured,2025,1,0.719406609414301,34.0,9.658495980022401,1,0.280593390585699,24.3415040199776,"(0.65, 0.8]"
configured,2025,1,0.7929210517066094,15.0,14.08915853994375,1,0.20707894829339057,0.9108414600562504,"(0.65, 0.8]"
configured,2025,0,0.14507542632619935,-24.0,-19.10750220719395,1,-0.14507542632619935,-4.892497792806051,"(-0.001, 0.2]"
configured,2025,0,0.43572069894192594,-3.0,-3.2127237737782712,1,-0.43572069894192594,0.21272377377827123,"(0.35, 0.5]"
configured,2025,1,0.6427665976305978,12.0,6.473478203337407,1,0.35723340236940215,5.526521796662593,"(0.5, 0.65]"
configured,2025,1,0.3963794948209788,4.0,-4.030866010642463,1,0.6036205051790212,8.030866010642463,"(0.35, 0.5]"
configured,2025,0,0.27022033049468525,-25.0,-10.343153903123042,1,-0.27022033049468525,-14.656846096876958,"(0.2, 0.35]"
configured,2025,1,0.7927536796790591,3.0,14.0322008467827,1,0.20724632032094092,-11.0322008467827,"(0.65, 0.8]"
configured,2025,1,0.898171066594013,44.0,22.5629981322787,1,0.10182893340598698,21.4370018677213,"(0.8, 1.0]"
configured,2025,1,0.8130080135022408,17.0,15.217916601764557,1,0.18699198649775917,1.782083398235443,"(0.8, 1.0]"
configured,2025,1,0.8355117477670535,28.0,16.807042092762448,1,0.1644882522329465,11.192957907237552,"(0.8, 1.0]"
configured,2025,0,0.7388086096292519,-14.0,10.857354137149986,1,-0.7388086096292519,-24.857354137149986,"(0.65, 0.8]"
configured,2025,1,0.8448501900967001,27.0,17.603246680658273,1,0.15514980990329985,9.396753319341727,"(0.8, 1.0]"
configured,2025,1,0.5735806044669659,17.0,3.106259270536883,1,0.4264193955330341,13.893740729463117,"(0.5, 0.65]"
configured,2025,0,0.6114647015702295,-20.0,4.50409457775687,1,-0.6114647015702295,-24.50409457775687,"(0.5, 0.65]"
configured,2025,1,0.4894009716536116,21.0,-0.42503310811017014,1,0.5105990283463884,21.42503310811017,"(0.35, 0.5]"
configured,2025,0,0.47972397755093926,-32.0,-1.0709864997087326,1,-0.47972397755093926,-30.92901350029127,"(0.35, 0.5]"
configured,2025,1,0.9743927621430495,3.0,34.99136984915707,1,0.025607237856950515,-31.991369849157067,"(0.8, 1.0]"
configured,2025,0,0.43830973345947877,-25.0,-2.244605924300063,1,-0.43830973345947877,-22.755394075699936,"(0.35, 0.5]"
configured,2025,0,0.6367251202466002,-12.0,5.953175380442756,1,-0.6367251202466002,-17.953175380442758,"(0.5, 0.65]"
configured,2025,0,0.6069662396583417,-11.0,4.850185792500074,1,-0.6069662396583417,-15.850185792500074,"(0.5, 0.65]"
configured,2025,0,0.38444516332241185,-34.0,-4.906519829077183,1,-0.38444516332241185,-29.093480170922817,"(0.35, 0.5]"
configured,2025,1,0.405884016816893,22.0,-4.281636234591,1,0.594115983183107,26.281636234590998,"(0.35, 0.5]"
configured,2025,0,0.5354087765593614,-31.0,0.8702168561707386,1,-0.5354087765593614,-31.87021685617074,"(0.5, 0.65]"
configured,2025,0,0.387826129362701,-10.0,-4.3914467492002105,1,-0.387826129362701,-5.6085532507997895,"(0.35, 0.5]"
configured,2025,0,0.5974212414829096,-10.0,3.970053291628542,1,-0.5974212414829096,-13.970053291628542,"(0.5, 0.65]"
configured,2025,0,0.4234752898132544,-5.0,-3.320164073412986,1,-0.4234752898132544,-1.679835926587014,"(0.35, 0.5]"
configured,2025,0,0.6640407425655714,-24.0,7.097950653638329,1,-0.6640407425655714,-31.09795065363833,"(0.65, 0.8]"
configured,2025,0,0.30010219598750437,-19.0,-9.270941483152285,1,-0.30010219598750437,-9.729058516847715,"(0.2, 0.35]"
configured,2025,0,0.8919992769092,-4.0,21.426253674517785,1,-0.8919992769092,-25.426253674517785,"(0.8, 1.0]"
configured,2025,1,0.74306834239509,27.0,11.523886218987819,1,0.25693165760491,15.476113781012181,"(0.65, 0.8]"
configured,2025,1,0.4746115963108942,6.0,-0.7585655086118326,1,0.5253884036891058,6.758565508611833,"(0.35, 0.5]"
configured,2025,0,0.5398884210211914,-7.0,1.584177485107599,0,-0.5398884210211914,-8.584177485107599,"(0.5, 0.65]"
configured,2025,0,0.27683860787290815,-1.0,-10.410628210875053,1,-0.27683860787290815,9.410628210875053,"(0.2, 0.35]"
configured,2025,1,0.6167543233296137,10.0,5.380177930701295,1,0.38324567667038634,4.619822069298705,"(0.5, 0.65]"
configured,2025,0,0.11354219145120564,-53.0,-21.509729615026746,1,-0.11354219145120564,-31.490270384973254,"(-0.001, 0.2]"
configured,2025,0,0.7874764136510739,-16.0,13.531194660794995,1,-0.7874764136510739,-29.531194660794995,"(0.65, 0.8]"
configured,2025,0,0.2322095975641829,-49.0,-12.541215337614084,1,-0.2322095975641829,-36.458784662385916,"(0.2, 0.35]"
configured,2025,1,0.7377642342208905,41.0,10.745963041842973,1,0.26223576577910945,30.254036958157027,"(0.65, 0.8]"
configured,2025,0,0.40152290681742964,-14.0,-4.187026228134119,1,-0.40152290681742964,-9.812973771865881,"(0.35, 0.5]"
configured,2025,0,0.28660484603123376,-18.0,-9.789977821229158,1,-0.28660484603123376,-8.210022178770842,"(0.2, 0.35]"
configured,2025,0,0.34646201255823633,-18.0,-6.2760436041019325,1,-0.34646201255823633,-11.723956395898067,"(0.2, 0.35]"
configured,2025,1,0.7544984328996971,21.0,11.467954567510226,1,0.2455015671003029,9.532045432489774,"(0.65, 0.8]"
configured,2025,0,0.2984339794942896,-31.0,-9.690926062889577,1,-0.2984339794942896,-21.309073937110423,"(0.2, 0.35]"
configured,2025,0,0.7928224980792051,-7.0,14.222571293349326,1,-0.7928224980792051,-21.222571293349326,"(0.65, 0.8]"
configured,2025,1,0.7405636503791476,10.0,10.602128014272626,1,0.2594363496208524,-0.6021280142726262,"(0.65, 0.8]"
configured,2025,0,0.4389655204233255,-7.0,-2.68060154054748,1,-0.4389655204233255,-4.31939845945252,"(0.35, 0.5]"
configured,2025,0,0.42722204056301477,-39.0,-2.946324445179483,1,-0.42722204056301477,-36.053675554820515,"(0.35, 0.5]"
configured,2025,1,0.515635327551109,20.0,0.11170157918336399,1,0.48436467244889103,19.888298420816636,"(0.5, 0.65]"
configured,2025,0,0.5198566499748895,-40.0,0.8588410077612523,0,-0.5198566499748895,-40.85884100776125,"(0.5, 0.65]"
configured,2025,0,0.5648675731786159,-5.0,2.603941777246254,1,-0.5648675731786159,-7.603941777246254,"(0.5, 0.65]"
configured,2025,1,0.6817496760534395,17.0,7.9680716069125594,1,0.3182503239465605,9.03192839308744,"(0.65, 0.8]"
configured,2025,1,0.715755817367439,3.0,9.28339494285376,1,0.284244182632561,-6.283394942853761,"(0.65, 0.8]"
configured,2025,0,0.4499715987399817,-1.0,-1.9341112577762036,1,-0.4499715987399817,0.9341112577762036,"(0.35, 0.5]"
configured,2025,1,0.7323702648344999,23.0,10.082424648856133,1,0.26762973516550015,12.917575351143867,"(0.65, 0.8]"
configured,2025,1,0.5919796049356792,3.0,3.987785179271645,1,0.40802039506432075,-0.9877851792716452,"(0.5, 0.65]"
configured,2025,0,0.40001189861548375,-7.0,-4.090245961895833,1,-0.40001189861548375,-2.9097540381041673,"(0.35, 0.5]"
configured,2025,0,0.5415958545894137,-7.0,1.5281530064981248,1,-0.5415958545894137,-8.528153006498124,"(0.5, 0.65]"
configured,2025,0,0.49557412325006933,-22.0,0.0781671551273031,1,-0.49557412325006933,-22.078167155127304,"(0.35, 0.5]"
configured,2025,1,0.7909491499768609,17.0,14.029256560570456,1,0.20905085002313906,2.970743439429544,"(0.65, 0.8]"
configured,2025,0,0.3157644474616963,-12.0,-8.580111566758713,1,-0.3157644474616963,-3.4198884332412867,"(0.2, 0.35]"
configured,2025,0,0.646965993661047,-21.0,6.874451522399441,1,-0.646965993661047,-27.87445152239944,"(0.5, 0.65]"
configured,2025,1,0.5755250034452677,22.0,3.207861519487704,1,0.4244749965547323,18.792138480512296,"(0.5, 0.65]"
configured,2025,1,0.49447110469236666,4.0,-0.18348625011934994,1,0.5055288953076333,4.1834862501193495,"(0.35, 0.5]"
configured,2025,0,0.890293136828208,-6.0,21.088559475104937,1,-0.890293136828208,-27.088559475104937,"(0.8, 1.0]"
configured,2025,0,0.22441183827440614,-4.0,-13.317723446861216,1,-0.22441183827440614,9.317723446861216,"(0.2, 0.35]"
configured,2025,0,0.4999937523552984,-10.0,-0.1550453484539407,1,-0.4999937523552984,-9.84495465154606,"(0.35, 0.5]"
configured,2025,0,0.8064721041023244,-3.0,14.39647073406714,1,-0.8064721041023244,-17.39647073406714,"(0.8, 1.0]"
configured,2025,1,0.6444090323986416,10.0,6.217063573337004,1,0.35559096760135844,3.782936426662996,"(0.5, 0.65]"
configured,2025,0,0.47442675557010916,-14.0,-1.363680078326369,1,-0.47442675557010916,-12.636319921673632,"(0.35, 0.5]"
configured,2025,0,0.33134975876953116,-49.0,-7.656972035071583,1,-0.33134975876953116,-41.34302796492842,"(0.2, 0.35]"
configured,2025,1,0.7935351732012137,19.0,13.80665633500486,1,0.2064648267987863,5.19334366499514,"(0.65, 0.8]"
configured,2025,1,0.5526971767446094,24.0,2.279994577493538,1,0.4473028232553906,21.72000542250646,"(0.5, 0.65]"
configured,2025,1,0.8118658391818293,49.0,15.178068880408517,1,0.1881341608181707,33.82193111959148,"(0.8, 1.0]"
configured,2025,1,0.598221658728084,10.0,4.171664478757728,0,0.40177834127191603,5.828335521242272,"(0.5, 0.65]"
configured,2025,1,0.3985997576496756,20.0,-4.225980000153774,1,0.6014002423503244,24.225980000153776,"(0.35, 0.5]"
configured,2025,1,0.6810353368248119,23.0,7.335487709960117,1,0.3189646631751881,15.664512290039884,"(0.65, 0.8]"
configured,2025,1,0.8652883226876973,27.0,19.283809603712985,1,0.1347116773123027,7.716190396287015,"(0.8, 1.0]"
configured,2025,0,0.4081316881953999,-7.0,-3.8952947034000944,1,-0.4081316881953999,-3.1047052965999056,"(0.35, 0.5]"
configured,2025,1,0.6723924698277692,7.0,7.710059121369767,1,0.32760753017223077,-0.7100591213697669,"(0.65, 0.8]"
configured,2025,1,0.832624896053517,19.0,16.571295863282902,1,0.16737510394648303,2.428704136717098,"(0.8, 1.0]"
configured,2025,1,0.23779899649061223,3.0,-12.120675549813622,1,0.7622010035093878,15.120675549813622,"(0.2, 0.35]"
configured,2025,0,0.4503224261626191,-25.0,-2.609099929762631,1,-0.4503224261626191,-22.390900070237368,"(0.35, 0.5]"
configured,2025,0,0.5589859168433161,-27.0,2.1658735684256443,1,-0.5589859168433161,-29.165873568425646,"(0.5, 0.65]"
configured,2025,0,0.11953855796940319,-29.0,-20.52701024854527,1,-0.11953855796940319,-8.47298975145473,"(-0.001, 0.2]"
configured,2025,1,0.5778958018894494,20.0,3.6193234906871536,1,0.42210419811055055,16.380676509312845,"(0.5, 0.65]"
configured,2025,1,0.7451223226042397,17.0,10.992011245457824,1,0.2548776773957603,6.0079887545421755,"(0.65, 0.8]"
configured,2025,0,0.8125091333796841,-4.0,15.006270599749147,1,-0.8125091333796841,-19.006270599749147,"(0.8, 1.0]"
configured,2025,1,0.7433666614772514,17.0,10.879274153526278,1,0.2566333385227486,6.1207258464737215,"(0.65, 0.8]"
configured,2025,1,0.8167071635288964,13.0,15.842703011298834,1,0.18329283647110362,-2.842703011298834,"(0.8, 1.0]"
configured,2025,1,0.7205123737232801,27.0,10.561038394203383,0,0.27948762627671986,16.438961605796617,"(0.65, 0.8]"
configured,2025,1,0.5595192150249041,10.0,2.428795171652759,0,0.4404807849750959,7.571204828347241,"(0.5, 0.65]"
configured,2025,0,0.6340669588317587,-21.0,6.104552404751275,0,-0.6340669588317587,-27.104552404751274,"(0.5, 0.65]"
configured,2025,0,0.33924053147025923,-7.0,-6.770255830402525,0,-0.33924053147025923,-0.2297441695974749,"(0.2, 0.35]"
configured,2025,0,0.5433702443598751,-3.0,2.08931873047816,0,-0.5433702443598751,-5.08931873047816,"(0.5, 0.65]"
