season,week,home_team,away_team,home_conference,away_conference,neutral,y,p,p_elo,actual_margin,pred_margin,home_O,away_O,home_D,away_D,home_talent,away_talent,home_returning,away_returning,prob_resid,margin_resid,favorite,spread_bucket,week_bucket
2022,1,Northwestern,Nebraska,Big Ten,Big Ten,True,1,0.1683078290616056,0.17036717656865663,3.0,-16.432389229474865,-0.284253787565069,0.2321803673404786,-0.49808160022576253,0.20038719781742348,-0.23425480809692945,0.3107392534284849,-0.7888355738361719,-1.6729516579701686,0.8316921709383944,19.432389229474865,away_favorite,14-21,wk1-4
2022,1,Illinois,Wyoming,Big Ten,Mountain West,False,1,0.7613478915339225,0.5910755963149433,32.0,11.740587534958747,-0.01650146531252296,0.07552225778386551,0.08258856776031895,-0.44409905049306575,0.5107286200171629,-0.40132777968706695,0.02013064314643552,-1.4165579935713097,0.23865210846607754,20.25941246504125,home_favorite,7-14,wk1-4
2022,1,Utah State,UConn,Mountain West,FBS Independents,False,1,0.8727855582230704,0.9506787811338805,11.0,20.134355217734452,-0.4571288962734097,-1.036118424630999,0.14589467734082417,-0.6395631185918779,-0.5407876573573052,-0.9768202205676447,-1.2043701333791503,-0.6252740982713824,0.12721444177692964,-9.134355217734452,home_favorite,14-21,wk1-4
2022,1,Florida Atlantic,Charlotte,Conference USA,Conference USA,False,1,0.7431359600200032,0.7801296039931584,30.0,11.247318039513729,-0.2887842458928615,-0.3809507672785875,-0.1335434055547393,-0.6487962931931477,-0.15335330800467895,-0.3711661443615595,1.2357902588306808,1.2932578042993907,0.25686403997999685,18.75268196048627,home_favorite,7-14,wk1-4
2022,1,UTEP,North Texas,Conference USA,Conference USA,False,0,0.3686699022315155,0.4985608882908471,-18.0,-5.9932311052323755,-0.3921449420632757,-0.14214768193018507,-0.07776766906346753,0.1231593002311545,-0.11877584634475971,-0.11767683407196212,0.3384124334346742,1.045705300741872,-0.3686699022315155,-12.006768894767625,away_favorite,3-7,wk1-4
2022,1,New Mexico State,Nevada,FBS Independents,Mountain West,False,0,0.28297114737944995,0.14024148054180438,-11.0,-10.668656704837602,-0.621072366080188,-0.05486354648412478,-0.7943617993166491,-0.32583684906821864,-1.2910683771668217,-0.5479558030583757,-1.2706788396892001,-2.0840656370924773,-0.28297114737944995,-0.331343295162398,away_favorite,7-14,wk1-4
2022,1,Hawai'i,Vanderbilt,Mountain West,SEC,False,0,0.5096857735187376,0.8296328234313434,-53.0,0.8240985155005789,-0.5904459490913223,-0.4173528233842389,-0.15605031183852397,-0.4719606603066304,-1.177892815633967,-0.4770592157044151,-1.4032962523092998,0.422403461427404,-0.5096857735187376,-53.82409851550058,home_favorite,0-3,wk1-4
2022,1,Pittsburgh,West Virginia,ACC,Big 12,False,1,0.7613546199393242,0.8010809398289457,7.0,12.012794215581058,0.5440107815335239,0.21204109911369415,0.6495905847838812,0.3580013019585629,1.1963296501300387,0.459922558821934,-1.1380614270691007,-1.588960629977439,0.23864538006067582,-5.012794215581058,home_favorite,7-14,wk1-4
2022,1,Oklahoma State,Central Michigan,Big 12,Mid-American,False,1,0.823881464165932,0.8519483458525737,14.0,15.662217101866965,0.14192579590164023,-0.07311041387427991,0.8310255267790788,0.19196570912362046,0.37855028501616744,0.027589646312895198,1.58059553164294,0.5506002936268337,0.176118535834068,-1.6622171018669647,home_favorite,14-21,wk1-4
2022,1,Tennessee,Ball State,SEC,Mid-American,False,1,0.939230458166066,0.8452938106179996,49.0,27.312062166866653,0.6255559167997339,-0.1914148921321266,0.17206521051315596,-0.4601569212627483,0.8674319362863576,-0.7862704048899715,0.9617142727491421,-0.7755738325741619,0.060769541833934015,21.687937833133347,home_favorite,21+,wk1-4
2022,1,Missouri,Louisiana Tech,SEC,Conference USA,False,1,0.8993176796112614,0.7245382428425361,28.0,22.72692253470046,0.4253980988577767,-0.42894931752492654,-0.02558172735824485,-0.5220038689715432,0.2673969099451578,-0.5981961717274974,-0.9081912451942614,-0.9877616927663212,0.10068232038873859,5.27307746529954,home_favorite,21+,wk1-4
2022,1,Purdue,Penn State,Big Ten,Big Ten,False,0,0.503616846725752,0.5430664920222119,-4.0,0.00919687559479998,0.1255380553754616,0.02334315826527414,0.3791258501985075,0.5071470818053967,0.7975856044257361,0.8146231664358732,0.24558024460060446,0.9528731119078021,-0.503616846725752,-4.0091968755947995,home_favorite,0-3,wk1-4
2022,1,Minnesota,New Mexico State,Big Ten,FBS Independents,False,1,0.9664542021921944,0.9501361462210238,38.0,32.45194105145137,0.14311871189316178,-0.621072366080188,0.16883309285608322,-0.7943617993166491,0.287354105695924,-1.2910683771668217,1.4170340560781505,-1.2706788396892001,0.033545797807805644,5.548058948548629,home_favorite,21+,wk1-4
2022,1,Michigan State,Western Michigan,Big Ten,Mid-American,False,1,0.7192867247996897,0.626699081666732,22.0,9.138495464044256,0.37586418550426365,0.17021586332394317,0.5115042696869327,0.4411554683841786,1.2054523246231112,-0.31405227170239663,0.7318440908743027,-1.018705755711011,0.2807132752003103,12.861504535955744,home_favorite,7-14,wk1-4
2022,1,Old Dominion,Virginia Tech,Sun Belt,ACC,False,1,0.5432084071830217,0.5615679389736461,3.0,0.5267880681653874,-0.2552479009964372,0.05944743472460745,-0.10775750622963752,0.0035709650219962474,0.18423921785911704,0.544583279833422,1.0678082028452218,-1.3767727697852798,0.45679159281697834,2.4732119318346126,home_favorite,0-3,wk1-4
2022,1,Duke,Temple,ACC,American Athletic,False,1,0.5299878704984653,0.6813218351663937,30.0,1.6650122374785308,-0.3123690544815999,-0.32528856632797076,-0.3412201169733594,-0.4477419902665153,-0.28237354709106216,-0.4326386717435958,-0.749050350050142,0.7274235104536327,0.4700121295015347,28.334987762521468,home_favorite,0-3,wk1-4
2022,1,Indiana,Illinois,Big Ten,Big Ten,False,1,0.34156043365300925,0.2520004588039456,3.0,-6.928017070730686,-0.23369847434665753,-0.01650146531252296,-0.1660743054410869,0.08258856776031895,0.04432019213803867,0.5107286200171629,-1.32814638515791,0.02013064314643552,0.6584395663469907,9.928017070730686,away_favorite,3-7,wk1-4
2022,1,Colorado,TCU,Pac-12,Big 12,False,0,0.19412882508556997,0.5230095872975623,-25.0,-15.256932203341535,-0.5540120219447138,0.369527672575048,-0.3400416508055157,-0.10952338630802752,-0.9583914424135573,0.7911804500783419,0.6566942237229129,1.3330430280854206,-0.19412882508556997,-9.743067796658465,away_favorite,14-21,wk1-4
2022,1,Michigan,Colorado State,Big Ten,Mountain West,False,1,0.9749047548831966,0.9506787811338805,44.0,35.108545625288286,0.6751927915503485,-0.49626314527779436,0.6854275136101129,-0.14741194527106274,1.440291208298126,-0.6349117107900408,1.0368641399005318,-1.1866878116964703,0.02509524511680339,8.891454374711714,home_favorite,21+,wk1-4
2022,1,East Carolina,NC State,American Athletic,ACC,False,0,0.25158463034141887,0.42994717641601177,-1.0,-12.296921582700417,-0.1772308386312538,0.27452748857998677,0.022692753113912806,0.5776839424036647,0.24612781259212535,1.2330835247552265,0.8909849860184224,0.6611148041435829,-0.25158463034141887,11.296921582700417,away_favorite,7-14,wk1-4
2022,1,App State,North Carolina,Sun Belt,ACC,False,0,0.6847641106048445,0.7222345336491706,-2.0,7.92658018084391,0.14736211952344222,0.36142167749093523,0.5677964601867576,0.027025839855599865,0.34262116172396206,0.6488761740827513,0.04223354524978546,-0.4351891401825731,-0.6847641106048445,-9.92658018084391,home_favorite,7-14,wk1-4
2022,1,Maryland,Buffalo,Big Ten,Mid-American,False,1,0.8036864560717901,0.7369947605406894,21.0,14.257212892373543,0.408439234504098,0.002931928467075927,0.11254894324827536,-0.06468856521473626,0.7126905945992754,-0.23242290234982,0.7318440908743027,-0.9435558885596212,0.19631354392820988,6.742787107626457,home_favorite,14-21,wk1-4
2022,1,Boston College,Rutgers,ACC,Big Ten,False,0,0.5436201002704387,0.6949097127295025,-1.0,1.5464836396248973,-0.20004142221077786,-0.18920359534506653,-0.004495973582749734,0.011020851564687573,0.12418516989795675,-0.30242362489087854,0.40030055932405406,0.44450636353075396,-0.5436201002704387,-2.5464836396248973,home_favorite,0-3,wk1-4
2022,1,UCLA,Bowling Green,Pac-12,Mid-American,False,1,0.907372013835326,0.9527938123855935,28.0,24.342024041941354,0.6858567804532446,-0.612289493279512,0.17234505644603232,-0.260009585656906,0.934152676836182,-0.2707624407928235,0.3074683704899843,2.177373888433388,0.09262798616467405,3.657975958058646,home_favorite,21+,wk1-4
2022,1,Arkansas,Cincinnati,SEC,American Athletic,False,1,0.5628764746130813,0.34678283278113026,7.0,1.683813107339678,0.494637611318847,0.718540179420303,0.592978736095259,0.6417320971646184,1.2259360769210168,1.0367279138121288,0.5992266782542035,-1.2087907137998204,0.4371235253869187,5.316186892660322,home_favorite,0-3,wk1-4
2022,1,Oklahoma,UTEP,Big 12,Conference USA,False,1,0.9009778850422108,0.9440870944880482,32.0,23.423310576740278,0.658298279905662,-0.3921449420632757,0.5206629180821395,-0.07776766906346753,1.0455674985680397,-0.11877584634475971,-1.1866878116964703,0.3384124334346742,0.09902211495778923,8.576689423259722,home_favorite,21+,wk1-4
2022,1,Georgia,Oregon,SEC,Pac-12,True,1,0.8947584367796566,0.9119053076034237,46.0,22.529990563752076,0.9173695005700188,0.6382867712741604,1.249630584771695,0.22110404029874936,1.9392338553719115,0.7994952451992444,0.6080678390955435,-1.6906339796528487,0.10524156322034339,23.470009436247924,home_favorite,21+,wk1-4
2022,1,San Diego State,Arizona,Mountain West,Pac-12,False,0,0.745210411830244,0.8445395282300351,-18.0,11.633614625840876,0.08697587881013369,-0.47070195528176684,0.20668591317830323,-0.03514366696739451,-0.04557500167858412,-0.11508722189273012,-0.9302941472976113,0.07759818861514488,-0.745210411830244,-29.633614625840877,home_favorite,7-14,wk1-4
2022,1,Wyoming,Tulsa,Mountain West,American Athletic,False,1,0.37229180437757053,0.45979177167625435,3.0,-5.254740423675907,0.07552225778386551,-0.03673309383912184,-0.44409905049306575,0.03195767497521229,-0.40132777968706695,-0.01574054384882495,-1.4165579935713097,0.18369211871122462,0.6277081956224295,8.254740423675907,away_favorite,3-7,wk1-4
2022,1,UTSA,Houston,Conference USA,American Athletic,False,0,0.3069249783702297,0.43843206102635396,-2.0,-9.358116980353788,0.20935527467112108,0.2660990580451109,0.09042671673977447,0.8417368413955304,0.8931244955480543,1.3585797429189777,1.226949097989341,0.9926583356938321,-0.3069249783702297,7.358116980353788,away_favorite,7-14,wk1-4
2022,1,South Florida,BYU,American Athletic,FBS Independents,False,0,0.40754059111043983,0.15171893128728828,-29.0,-4.008072171545493,-0.026005339911827186,0.40670439273061254,-0.29599859952713325,-0.27959040975698524,0.023795765417875724,-0.8436480290270001,-0.21416011914907387,0.2942066292279743,-0.40754059111043983,-24.991927828454507,away_favorite,3-7,wk1-4
2022,1,Ole Miss,Troy,SEC,Sun Belt,False,1,0.5671046718172378,0.8970095263772729,18.0,3.8502571320285375,0.5366406117449369,-0.11662961792166132,0.1595157151494885,0.3561768339894884,0.9332286463609405,0.639399843324358,-2.2697300147606168,0.5727031957301836,0.4328953281827622,14.149742867971462,home_favorite,3-7,wk1-4
2022,1,Nevada,Texas State,Mountain West,Sun Belt,False,1,0.5469846596892114,0.8829346041256821,24.0,2.733424647258097,-0.05486354648412478,-0.20857972255975946,-0.32583684906821864,-0.4154626095068236,-0.5479558030583757,0.1626464894978171,-2.0840656370924773,-0.010813419798254401,0.4530153403107886,21.266575352741903,home_favorite,0-3,wk1-4
2022,1,USC,Rice,Pac-12,Conference USA,False,1,0.8856983194486636,0.8541133619456244,52.0,21.620707570683653,0.5009617220822438,-0.27301041293244555,0.11189753718296619,-0.4702660355074896,1.5425865278854285,-0.3645424715933644,-1.4475020565159997,-0.8418825388842118,0.11430168055133638,30.379292429316347,home_favorite,21+,wk1-4
2022,1,Ohio,Florida Atlantic,Mid-American,Conference USA,False,1,0.3261062725627311,0.42150324765525726,3.0,-7.442769956486707,-0.30679970534427264,-0.2887842458928615,-0.5829335751100135,-0.1335434055547393,-0.6663929871152977,-0.15335330800467895,-0.5545448115406628,1.2357902588306808,0.6738937274372689,10.442769956486707,away_favorite,7-14,wk1-4
2022,1,Kentucky,Miami (OH),SEC,Mid-American,False,1,0.730479728400925,0.7791406208194696,24.0,10.566432956049733,0.5220063287196628,-0.06368205877940536,0.24175664865284768,0.24532441782200956,0.7744755672843939,0.11780859675488548,0.33399185301400425,0.48429158731678384,0.269520271599075,13.433567043950267,home_favorite,7-14,wk1-4
2022,1,Tulane,Massachusetts,American Athletic,FBS Independents,False,1,0.9280043671115207,0.9383590868211533,32.0,26.009173909549283,-0.05831678293952044,-0.7180503348951146,0.10439867313903253,-0.8213285903546705,0.09666257799364703,-1.3662111344467556,1.4037723148161405,1.041284720321202,0.07199563288847932,5.990826090450717,home_favorite,21+,wk1-4
2022,1,Coastal Carolina,Army,Sun Belt,FBS Independents,False,1,0.6885181476660768,0.7245382428425361,10.0,8.578754390739917,0.5740297235416402,0.2273330748400889,-0.06984127388375617,-0.09964479973180013,0.026701317265875324,-0.302719608244097,0.1439068949251947,0.3207301117519943,0.3114818523339232,1.4212456092600831,home_favorite,7-14,wk1-4
2022,1,Southern Miss,Liberty,Sun Belt,FBS Independents,False,0,0.3879587564879414,0.1753046865538316,-2.0,-6.201837071728503,-0.9069180998239592,-0.18655805580961876,-0.31703880768091663,-0.25239352328340725,-0.6389747540609998,-1.3415665080143837,1.028022979059192,-0.8197796367808619,-0.3879587564879414,4.201837071728503,away_favorite,3-7,wk1-4
2022,1,Florida,Utah,SEC,Pac-12,False,1,0.313529277313201,0.293024705191459,3.0,-7.82887491431879,0.44811175442272,0.5554441585418318,0.2921145690660609,0.6051114973545886,0.5957589597141401,0.7868522849196966,-1.040808657814361,1.3374636085060907,0.686470722686799,10.82887491431879,away_favorite,7-14,wk1-4
2022,1,Mississippi State,Memphis,SEC,American Athletic,False,1,0.9007550938064365,0.6334077000711676,26.0,23.507277597012145,0.8557470811705954,-0.012664596604318602,0.5464132841646331,-0.18841978053317082,2.023555206791805,0.20108480486107672,-0.5766477136440127,0.9175084685424423,0.09924490619356352,2.492722402987855,home_favorite,21+,wk1-4
2022,1,Alabama,Utah State,SEC,Mountain West,False,1,0.9721632461167615,0.9434762493459331,55.0,34.477983281202725,0.7533105369975095,-0.4571288962734097,1.058092101202073,0.14589467734082417,2.353271674916639,-0.5407876573573052,0.028971803987775498,-1.2043701333791503,0.027836753883238474,20.522016718797275,home_favorite,21+,wk1-4
2022,1,Ohio State,Notre Dame,Big Ten,FBS Independents,False,1,0.7923961451379411,0.7279715135441962,11.0,13.559878358801095,1.0410444412528517,0.3611311053052574,0.6226947062141851,0.7188417231644424,2.1502505245084294,1.278945664119902,0.8909849860184224,-0.5633859723820027,0.2076038548620589,-2.559878358801095,home_favorite,7-14,wk1-4
2022,1,South Carolina,Georgia State,SEC,Sun Belt,False,1,0.373927135113839,0.5416377027147634,21.0,-5.651389478642653,0.03927935493562848,0.39927030297150407,0.36151634766123875,0.4293936626736281,0.8950743134879353,0.9390663426780792,0.4710298460547739,1.3065195455614007,0.626072864886161,26.651389478642653,away_favorite,3-7,wk1-4
2022,1,North Texas,SMU,Conference USA,American Athletic,False,0,0.35183928736699127,0.43418479693076684,-38.0,-7.1714466373695895,-0.14214768193018507,0.42961042576474356,0.1231593002311545,0.2562564558046273,-0.11767683407196212,0.932069770496436,1.045705300741872,0.639011902040233,-0.35183928736699127,-30.82855336263041,away_favorite,7-14,wk1-4
2022,1,Texas,UL Monroe,Big 12,Sun Belt,False,1,0.9131513187540978,0.9440870944880482,42.0,24.726983320556727,0.5086369264165519,-0.6311774902670171,0.08156794829392153,-0.43964288032332266,0.5861682099449588,-1.1732758182790235,0.08643934945648486,1.2225285175686709,0.08684868124590217,17.273016679443273,home_favorite,21+,wk1-4
2022,1,Syracuse,Louisville,ACC,ACC,False,1,0.3835752245485805,0.36259162325551547,24.0,-5.522849283278521,0.08366361878133022,0.6824222294552479,0.27565490232047546,0.260660114234819,0.4961879566771521,1.681564780466193,0.5815443565715236,0.422403461427404,0.6164247754514195,29.52284928327852,away_favorite,3-7,wk1-4
2022,1,Oregon State,Boise State,Pac-12,Mountain West,False,1,0.674515457411289,0.42150324765525726,17.0,7.558767706770521,0.45620678924863084,-0.05722620654936367,0.05065644758414837,0.24469258348707218,0.21072858146859297,0.37194450358195874,0.6743765454055929,0.4533475243720939,0.32548454258871096,9.44123229322948,home_favorite,7-14,wk1-4
2022,1,Washington,Kent State,Pac-12,Mid-American,False,1,0.78233360310992,0.8179376310581157,25.0,12.957312256931404,0.0015914555010854911,0.14723386906180286,0.056737694064616956,-0.5647732590843959,0.26507529477018427,-0.4349691386072225,1.257893160934031,-0.3865627555552032,0.21766639689008005,12.042687743068596,home_favorite,7-14,wk1-4
2022,1,Hawai'i,Western Kentucky,Mountain West,Conference USA,False,0,0.329756052749082,0.09283006384728522,-32.0,-8.12564492080306,-0.5904459490913223,0.2938906346304037,-0.15605031183852397,-0.2722418320054854,-1.177892815633967,-0.08584858884219872,-1.4032962523092998,-1.6596899167081587,-0.329756052749082,-23.87435507919694,away_favorite,7-14,wk1-4
2022,1,Florida State,LSU,ACC,SEC,True,1,0.4981080403185193,0.4469531048305375,1.0,0.3969673293110725,0.34840968075329015,0.2692944647501302,0.43633537696658575,0.5552259841583058,1.0792183593743252,1.4294460257385344,0.8511997622323925,-0.27162766461778376,0.5018919596814807,0.6030326706889275,away_favorite,0-3,wk1-4
2022,1,Georgia Tech,Clemson,ACC,ACC,True,0,0.07036140061355786,0.081831824755152,-31.0,-26.12208398851856,-0.1908994729960949,0.43629398187484175,-0.22813653248205293,0.9590792910018308,-0.049421867045866825,1.4445061589046766,0.36935649637936413,-0.3865627555552032,-0.07036140061355786,-4.877916011481439,away_favorite,21+,wk1-4
2022,2,UCF,Louisville,American Athletic,ACC,False,0,0.47336293001437313,0.6973450785898532,-6.0,-1.373934431931065,0.3794923012245339,0.6824222294552479,0.26567378595098795,0.260660114234819,0.662844109491722,1.681564780466193,0.40472113974472407,0.422403461427404,-0.47336293001437313,-4.626065568068935,away_favorite,0-3,wk1-4
2022,2,New Mexico,Boise State,Mountain West,Mountain West,False,0,0.1007468564253749,0.13612852365814215,-17.0,-22.813177442273723,-0.9783710924818886,-0.05722620654936367,-0.3210901627405586,0.24469258348707218,-1.0377015126216258,0.37194450358195874,-1.031967496973021,0.4533475243720939,-0.1007468564253749,5.813177442273723,away_favorite,21+,wk1-4
2022,2,Penn State,Ohio,Big Ten,Mid-American,False,1,0.9276117890948672,0.8926766600061541,36.0,25.50965390568184,0.02334315826527414,-0.30679970534427264,0.5071470818053967,-0.5829335751100135,0.8146231664358732,-0.6663929871152977,0.9528731119078021,-0.5545448115406628,0.07238821090513281,10.49034609431816,home_favorite,21+,wk1-4
2022,2,Vanderbilt,Wake Forest,SEC,ACC,False,0,0.12117166484407607,0.3038712295704002,-20.0,-20.905960915651804,-0.4173528233842389,0.4023997294756178,-0.4719606603066304,0.24874748584523218,-0.4770592157044151,1.1290060876072743,0.422403461427404,1.089911104948572,-0.12117166484407607,0.9059609156518036,away_favorite,14-21,wk1-4
2022,2,Arkansas,South Carolina,SEC,SEC,False,1,0.7624512499280445,0.7279715135441962,14.0,12.175761577398136,0.494637611318847,0.03927935493562848,0.592978736095259,0.36151634766123875,1.2259360769210168,0.8950743134879353,0.5992266782542035,0.4710298460547739,0.23754875007195553,1.824238422601864,home_favorite,7-14,wk1-4
2022,2,Northwestern,Duke,Big Ten,ACC,False,0,0.5224991545765937,0.7659946707664889,-8.0,0.7350536958142979,-0.284253787565069,-0.3123690544815999,-0.49808160022576253,-0.3412201169733594,-0.23425480809692945,-0.28237354709106216,-0.7888355738361719,-0.749050350050142,-0.5224991545765937,-8.735053695814297,home_favorite,0-3,wk1-4
2022,2,Georgia State,North Carolina,Sun Belt,ACC,False,0,0.77223179298042,0.4569335079777882,-7.0,12.24658995047202,0.39927030297150407,0.36142167749093523,0.4293936626736281,0.027025839855599865,0.9390663426780792,0.6488761740827513,1.3065195455614007,-0.4351891401825731,-0.77223179298042,-19.24658995047202,home_favorite,7-14,wk1-4
2022,2,Army,UTSA,FBS Independents,Conference USA,False,0,0.4682153748971909,0.6185841220890307,-3.0,-1.2348282257182368,0.2273330748400889,0.20935527467112108,-0.09964479973180013,0.09042671673977447,-0.302719608244097,0.8931244955480543,0.3207301117519943,1.226949097989341,-0.4682153748971909,-1.7651717742817632,away_favorite,0-3,wk1-4
2022,2,Miami,Southern Miss,ACC,Sun Belt,False,1,0.9399628101426034,0.8852936760540788,23.0,28.02616251085016,0.29026547074305287,-0.9069180998239592,0.35228521706520516,-0.31703880768091663,1.053246779853045,-0.6389747540609998,0.5859649369921935,1.028022979059192,0.06003718985739659,-5.02616251085016,home_favorite,21+,wk1-4
2022,2,Texas,Alabama,Big 12,SEC,False,0,0.20213632293048828,0.13411041754495612,-1.0,-15.064569169421208,0.5086369264165519,0.7533105369975095,0.08156794829392153,1.058092101202073,0.5861682099449588,2.353271674916639,0.08643934945648486,0.028971803987775498,-0.20213632293048828,14.064569169421208,away_favorite,14-21,wk1-4
2022,2,Ohio State,Arkansas State,Big Ten,Sun Belt,False,1,0.9946454927785056,0.9866141078596016,33.0,48.06931350298785,1.0410444412528517,-0.7324925881734076,0.6226947062141851,-0.4439205893042125,2.1502505245084294,-0.46614900199142395,0.8909849860184224,-1.5138107628260493,0.005354507221494442,-15.069313502987853,home_favorite,21+,wk1-4
2022,2,Kansas State,Missouri,Big 12,SEC,False,1,0.65766655450946,0.7761545753418307,28.0,6.524302171519613,0.2675369928939497,0.4253980988577767,0.2733316997863087,-0.02558172735824485,0.36426824857860957,0.2673969099451578,-0.01965458063959438,-0.9081912451942614,0.34233344549054,21.475697828480385,home_favorite,3-7,wk1-4
2022,2,Central Michigan,South Alabama,Mid-American,Sun Belt,False,0,0.8170705632961577,0.8010809398289457,-14.0,15.063216002528595,-0.07311041387427991,-0.45236925081792856,0.19196570912362046,-0.15191322424560494,0.027589646312895198,-0.5864977187667801,0.5506002936268337,-0.9789205319249812,-0.8170705632961577,-29.063216002528595,home_favorite,14-21,wk1-4
2022,2,Ball State,Western Michigan,Mid-American,Mid-American,False,0,0.19747338930896144,0.32243941991489944,-7.0,-15.467246790052137,-0.1914148921321266,0.17021586332394317,-0.4601569212627483,0.4411554683841786,-0.7862704048899715,-0.31405227170239663,-0.7755738325741619,-1.018705755711011,-0.19747338930896144,8.467246790052137,away_favorite,14-21,wk1-4
2022,2,Notre Dame,Marshall,FBS Independents,Sun Belt,False,0,0.7363466197929349,0.8705002577432696,-5.0,10.989964586411759,0.3611311053052574,0.40266317923933276,0.7188417231644424,0.03899613607411852,1.278945664119902,0.30940892507539774,-0.5633859723820027,-0.17437489536304399,-0.7363466197929349,-15.989964586411759,home_favorite,7-14,wk1-4
2022,2,Texas A&M,App State,SEC,Sun Belt,False,0,0.5416888731780828,0.672509643334985,-3.0,1.4609569543579646,0.0711644504304994,0.14736211952344222,0.6932064828337314,0.5677964601867576,0.6432484819867899,0.34262116172396206,-0.2848894058797937,0.04223354524978546,-0.5416888731780828,-4.460956954357965,home_favorite,0-3,wk1-4
2022,2,Pittsburgh,Tennessee,ACC,SEC,False,0,0.5928178923600269,0.46551605527316847,-7.0,4.7646634794921034,0.5440107815335239,0.6255559167997339,0.6495905847838812,0.17206521051315596,1.1963296501300387,0.8674319362863576,-1.1380614270691007,0.9617142727491421,-0.5928178923600269,-11.764663479492103,home_favorite,3-7,wk1-4
2022,2,Navy,Memphis,American Athletic,American Athletic,False,0,0.23337975339253608,0.558731369324761,-24.0,-12.267796664449449,-0.6939706039840705,-0.012664596604318602,-0.21488963945061743,-0.18841978053317082,-1.1593142292899565,0.20108480486107672,-1.37235218936461,0.9175084685424423,-0.23337975339253608,-11.732203335550551,away_favorite,7-14,wk1-4
2022,2,Charlotte,Maryland,Conference USA,Big Ten,False,0,0.15520576544073136,0.18464818471669944,-35.0,-18.48137509946075,-0.3809507672785875,0.408439234504098,-0.6487962931931477,0.11254894324827536,-0.3711661443615595,0.7126905945992754,1.2932578042993907,0.7318440908743027,-0.15520576544073136,-16.51862490053925,away_favorite,14-21,wk1-4
2022,2,Air Force,Colorado,Mountain West,Pac-12,False,1,0.9289978789509695,0.9037204383519798,31.0,26.23814927162028,0.48742456867655715,-0.5540120219447138,0.2363069692523554,-0.3400416508055157,0.6763724366342,-0.9583914424135573,0.8290968601290425,0.6566942237229129,0.07100212104903048,4.76185072837972,home_favorite,21+,wk1-4
2022,2,Wisconsin,Washington State,Big Ten,Pac-12,False,0,0.9355159267322483,0.777153105314726,-3.0,26.217072174995177,0.27398870799189634,-0.15509588463641902,0.8425956288889498,-0.08977284968581892,0.6707019011290232,-0.9136961750176329,0.5638620348888437,-2.0619627349891276,-0.9355159267322483,-29.217072174995177,home_favorite,21+,wk1-4
2022,2,Texas Tech,Houston,Big 12,American Athletic,False,1,0.30752887359126235,0.4769904127024377,3.0,-8.806967666460837,0.38645930041777976,0.2660990580451109,0.07864957322202494,0.8417368413955304,0.5577240554745055,1.3585797429189777,0.08643934945648486,0.9926583356938321,0.6924711264087376,11.806967666460837,away_favorite,7-14,wk1-4
2022,2,California,UNLV,Pac-12,Mountain West,False,1,0.7353321213792055,0.8296328234313434,6.0,11.298093236427787,-0.049312623135202384,-0.6097622547158537,-0.12165357625654509,-0.35246423245038216,-0.46560773427597585,-0.5934857757790459,-1.4784461194606897,-0.1345896715770141,0.26466787862079455,-5.298093236427787,home_favorite,7-14,wk1-4
2022,2,Iowa,Iowa State,Big Ten,Big 12,False,0,0.6979183339095371,0.373300918333268,-3.0,7.6312861128959675,-0.15020560246252157,0.10363989454772775,0.4073408133330162,0.08800024298785834,0.9850099289509121,-0.5186343911853365,1.65132481837366,-1.040808657814361,-0.6979183339095371,-10.631286112895967,home_favorite,7-14,wk1-4
2022,2,Illinois,Virginia,Big Ten,ACC,False,1,0.43431248111697957,0.6635740980412955,21.0,-2.6632710574903506,-0.01650146531252296,0.3695693481329747,0.08258856776031895,-0.06694241373972032,0.5107286200171629,0.6281288641812085,0.02013064314643552,1.1385374895759417,0.5656875188830204,23.663271057490352,away_favorite,0-3,wk1-4
2022,2,Michigan State,Akron,Big Ten,Mid-American,False,1,0.9912409083890403,0.9661133917396642,52.0,44.07464094068704,0.37586418550426365,-0.7168722851847078,0.5115042696869327,-0.980354691837253,1.2054523246231112,-1.0402111871568545,0.7318440908743027,-1.5138107628260493,0.008759091610959668,7.92535905931296,home_favorite,21+,wk1-4
2022,2,Colorado State,Middle Tennessee,Mountain West,Conference USA,False,0,0.4188103991453383,0.6076610641268197,-15.0,-3.1499924314270964,-0.49626314527779436,-0.29632482921676045,-0.14741194527106274,-0.2317544779478146,-0.6349117107900408,0.07239646073282631,-1.1866878116964703,0.7451058321363127,-0.4188103991453383,-11.850007568572904,away_favorite,3-7,wk1-4
2022,2,West Virginia,Kansas,Big 12,Big 12,False,0,0.7945833583452204,0.8887546456176784,-13.0,15.324612894544064,0.21204109911369415,-0.0217969110493747,0.3580013019585629,-0.5645859036334492,0.459922558821934,0.03476597695794549,-1.588960629977439,0.8025733776050226,-0.7945833583452204,-28.324612894544064,home_favorite,14-21,wk1-4
2022,2,Liberty,UAB,FBS Independents,Conference USA,False,1,0.2918410683740342,0.6466688423256146,7.0,-9.083445415629594,-0.18655805580961876,0.11426087226783169,-0.25239352328340725,0.007008415890771294,-1.3415665080143837,0.1192974189485392,-0.8197796367808619,1.1650609720999616,0.7081589316259658,16.083445415629594,away_favorite,7-14,wk1-4
2022,2,East Carolina,Old Dominion,American Athletic,Sun Belt,False,1,0.6138505551957337,0.7555188820711969,18.0,4.765814145469005,-0.1772308386312538,-0.2552479009964372,0.022692753113912806,-0.10775750622963752,0.24612781259212535,0.18423921785911704,0.8909849860184224,1.0678082028452218,0.3861494448042663,13.234185854530995,home_favorite,3-7,wk1-4
2022,2,Tulsa,Northern Illinois,American Athletic,Mid-American,False,1,0.6678064739708717,0.7479995411960544,3.0,7.860056706466484,-0.03673309383912184,0.17192720125363067,0.03195767497521229,-0.6228550155832092,-0.01574054384882495,-0.3854673338375063,0.18369211871122462,1.182743293782641,0.3321935260291283,-4.860056706466484,home_favorite,7-14,wk1-4
2022,2,Oklahoma,Kent State,Big 12,Mid-American,False,1,0.915890742714727,0.9599813179829412,30.0,25.03377961537579,0.658298279905662,0.14723386906180286,0.5206629180821395,-0.5647732590843959,1.0455674985680397,-0.4349691386072225,-1.1866878116964703,-0.3865627555552032,0.08410925728527296,4.9662203846242114,home_favorite,21+,wk1-4
2022,2,Louisiana,Eastern Michigan,Sun Belt,Mid-American,False,1,0.7681653949595377,0.9114417700030158,28.0,13.045360024673736,0.21681053563810354,0.022512605496399857,-0.03123910215894711,-0.584801891783351,-0.05292905674295412,-0.23126840770203186,-0.8065178955188519,-0.18321605620438397,0.23183460504046227,14.954639975326264,home_favorite,7-14,wk1-4
2022,2,Texas State,Florida International,Sun Belt,Conference USA,False,1,0.8922625305115794,0.7859966022821575,29.0,21.823726938538336,-0.20857972255975946,-0.8627720168380502,-0.4154626095068236,-1.018580222099974,0.1626464894978171,-0.7023193267601042,-0.010813419798254401,-0.44845088144458306,0.10773746948842056,7.176273061461664,home_favorite,21+,wk1-4
2022,2,Toledo,Massachusetts,Mid-American,FBS Independents,False,1,0.9147886182846567,0.9696868203823085,45.0,24.835928637302448,-0.061601384123268384,-0.7180503348951146,0.21526242179194188,-0.8213285903546705,0.23963902442452503,-1.3662111344467556,-0.055019224004954286,1.041284720321202,0.08521138171534326,20.164071362697552,home_favorite,21+,wk1-4
2022,2,UConn,Syracuse,FBS Independents,ACC,False,0,0.05032422615326995,0.15774132752957445,-34.0,-29.87826664473104,-1.036118424630999,0.08366361878133022,-0.6395631185918779,0.27565490232047546,-0.9768202205676447,0.4961879566771521,-0.6252740982713824,0.5815443565715236,-0.05032422615326995,-4.121733355268962,away_favorite,21+,wk1-4
2022,2,Florida,Kentucky,SEC,SEC,False,0,0.49340344940544334,0.39784190682528303,-10.0,0.07031852316028298,0.44811175442272,0.5220063287196628,0.2921145690660609,0.24175664865284768,0.5957589597141401,0.7744755672843939,-1.040808657814361,0.33399185301400425,-0.49340344940544334,-10.070318523160283,away_favorite,0-3,wk1-4
2022,2,Nebraska,Georgia Southern,Big Ten,Sun Belt,False,0,0.7952645737645558,0.8482810687127118,-3.0,15.255471806125039,0.2321803673404786,-0.42089793485675886,0.20038719781742348,-0.32429090255629045,0.3107392534284849,-0.5562841181138546,-1.6729516579701686,0.6611148041435829,-0.7952645737645558,-18.255471806125037,home_favorite,14-21,wk1-4
2022,2,Auburn,San José State,SEC,Mountain West,False,1,0.7980660285214793,0.8876112598598545,8.0,14.567694428648663,0.40604538288883785,-0.18920505348395023,0.5074922452182452,0.17871345392136004,0.6898189961400775,0.3960786839146185,-0.4130862380792231,0.01571006272576553,0.20193397147852066,-6.567694428648663,home_favorite,14-21,wk1-4
2022,2,Stanford,USC,Pac-12,Pac-12,False,0,0.33651990396063347,0.2487592064662893,-13.0,-8.826209671251428,-0.17930646509708764,0.5009617220822438,-0.37059291019920054,0.11189753718296619,-0.23971792537067532,1.5425865278854285,1.3507253497681007,-1.4475020565159997,-0.33651990396063347,-4.173790328748572,away_favorite,7-14,wk1-4
2022,2,Oklahoma State,Arizona State,Big 12,Pac-12,False,1,0.7914220427900193,0.7936407431881689,17.0,12.706064826561498,0.14192579590164023,0.41987690972843106,0.8310255267790788,0.22579860365117876,0.37855028501616744,0.25523964871157645,1.58059553164294,-1.7967279097489284,0.20857795720998074,4.293935173438502,home_favorite,7-14,wk1-4
2022,2,Virginia Tech,Boston College,ACC,ACC,False,1,0.5579039254586586,0.554469374021676,17.0,2.971360832444156,0.05944743472460745,-0.20004142221077786,0.0035709650219962474,-0.004495973582749734,0.544583279833422,0.12418516989795675,-1.3767727697852798,0.40030055932405406,0.44209607454134137,14.028639167555845,home_favorite,0-3,wk1-4
2022,2,Michigan,Hawai'i,Big Ten,Mountain West,False,1,0.9798230489509167,0.9898128410219639,46.0,36.89920556589571,0.6751927915503485,-0.5904459490913223,0.6854275136101129,-0.15605031183852397,1.440291208298126,-1.177892815633967,1.0368641399005318,-1.4032962523092998,0.020176951049083347,9.100794434104287,home_favorite,21+,wk1-4
2022,2,UTEP,New Mexico State,Conference USA,FBS Independents,False,1,0.8661770516065816,0.7711142606875975,7.0,18.874792756212145,-0.3921449420632757,-0.621072366080188,-0.07776766906346753,-0.7943617993166491,-0.11877584634475971,-1.2910683771668217,0.3384124334346742,-1.2706788396892001,0.13382294839341835,-11.874792756212145,home_favorite,14-21,wk1-4
2022,2,BYU,Baylor,FBS Independents,Big 12,False,1,0.33707502828874003,0.5854986786718095,6.0,-8.369039080950213,0.40670439273061254,0.456630152521104,-0.27959040975698524,0.6684878077307741,-0.8436480290270001,0.567279410456075,0.2942066292279743,-1.4872872803020296,0.66292497171126,14.369039080950213,away_favorite,7-14,wk1-4
2022,2,Fresno State,Oregon State,Mountain West,Pac-12,False,0,0.6308242932780128,0.5882899718631628,-3.0,5.2990652726246115,0.2520144687830661,0.45620678924863084,0.34207158392960035,0.05065644758414837,0.5502038212231437,0.21072858146859297,1.3905105735541305,0.6743765454055929,-0.6308242932780128,-8.299065272624611,home_favorite,3-7,wk1-4
2022,2,Arizona,Mississippi State,Pac-12,SEC,False,0,0.09459130754224931,0.3075366074204823,-22.0,-24.2177477664364,-0.47070195528176684,0.8557470811705954,-0.03514366696739451,0.5464132841646331,-0.11508722189273012,2.023555206791805,0.07759818861514488,-0.5766477136440127,-0.09459130754224931,2.2177477664364,away_favorite,21+,wk1-4
2022,3,Louisville,Florida State,ACC,ACC,False,0,0.5984650297371207,0.5952430396515719,-4.0,4.297626233131574,0.6824222294552479,0.34840968075329015,0.260660114234819,0.43633537696658575,1.681564780466193,1.0792183593743252,0.422403461427404,0.8511997622323925,-0.5984650297371207,-8.297626233131574,home_favorite,3-7,wk1-4
2022,3,Wyoming,Air Force,Mountain West,Mountain West,False,1,0.1642376417964071,0.22085937918053045,3.0,-16.646518863268216,0.07552225778386551,0.48742456867655715,-0.44409905049306575,0.2363069692523554,-0.40132777968706695,0.6763724366342,-1.4165579935713097,0.8290968601290425,0.8357623582035929,19.646518863268216,away_favorite,14-21,wk1-4
2022,3,Michigan,UConn,Big Ten,FBS Independents,False,1,0.9950685493638227,0.9958247458715153,59.0,49.02392868926163,0.6751927915503485,-1.036118424630999,0.6854275136101129,-0.6395631185918779,1.440291208298126,-0.9768202205676447,1.0368641399005318,-0.6252740982713824,0.004931450636177281,9.97607131073837,home_favorite,21+,wk1-4
2022,3,Baylor,Texas State,Big 12,Sun Belt,False,1,0.9157777064944357,0.9298672374484249,35.0,25.14453582401985,0.456630152521104,-0.20857972255975946,0.6684878077307741,-0.4154626095068236,0.567279410456075,0.1626464894978171,-1.4872872803020296,-0.010813419798254401,0.08422229350556432,9.85546417598015,home_favorite,21+,wk1-4
2022,3,Miami (OH),Cincinnati,Mid-American,American Athletic,True,0,0.19537975160576987,0.14517082246824042,-21.0,-14.95461097217153,-0.06368205877940536,0.718540179420303,0.24532441782200956,0.6417320971646184,0.11780859675488548,1.0367279138121288,0.48429158731678384,-1.2087907137998204,-0.19537975160576987,-6.04538902782847,away_favorite,14-21,wk1-4
2022,3,Nebraska,Oklahoma,Big Ten,Big 12,False,0,0.3035955484304283,0.29661499652817136,-35.0,-9.101957012565421,0.2321803673404786,0.658298279905662,0.20038719781742348,0.5206629180821395,0.3107392534284849,1.0455674985680397,-1.6729516579701686,-1.1866878116964703,-0.3035955484304283,-25.89804298743458,away_favorite,7-14,wk1-4
2022,3,South Carolina,Georgia,SEC,SEC,False,0,0.09327019780299964,0.05807841419526414,-41.0,-24.130073524148894,0.03927935493562848,0.9173695005700188,0.36151634766123875,1.249630584771695,0.8950743134879353,1.9392338553719115,0.4710298460547739,0.6080678390955435,-0.09327019780299964,-16.869926475851106,away_favorite,21+,wk1-4
2022,3,Indiana,Western Kentucky,Big Ten,Conference USA,False,1,0.44959670601728874,0.13748809600868891,3.0,-2.5783450904810503,-0.23369847434665753,0.2938906346304037,-0.1660743054410869,-0.2722418320054854,0.04432019213803867,-0.08584858884219872,-1.32814638515791,-1.6596899167081587,0.5504032939827113,5.578345090481051,away_favorite,0-3,wk1-4
2022,3,Syracuse,Purdue,ACC,Big Ten,False,1,0.5226240232455057,0.45836229728523653,3.0,0.4497452584724142,0.08366361878133022,0.1255380553754616,0.27565490232047546,0.3791258501985075,0.4961879566771521,0.7975856044257361,0.5815443565715236,0.24558024460060446,0.4773759767544943,2.550254741527586,home_favorite,0-3,wk1-4
2022,3,Coastal Carolina,Buffalo,Sun Belt,Mid-American,False,1,0.7846088919537326,0.8980682790110263,12.0,13.32266967569186,0.5740297235416402,0.002931928467075927,-0.06984127388375617,-0.06468856521473626,0.026701317265875324,-0.23242290234982,0.1439068949251947,-0.9435558885596212,0.21539110804626738,-1.3226696756918592,home_favorite,7-14,wk1-4
2022,3,Virginia,Old Dominion,ACC,Sun Belt,False,1,0.7655581152930409,0.7425355589430698,2.0,12.505653905753642,0.3695693481329747,-0.2552479009964372,-0.06694241373972032,-0.10775750622963752,0.6281288641812085,0.18423921785911704,1.1385374895759417,1.0678082028452218,0.23444188470695915,-10.505653905753642,home_favorite,7-14,wk1-4
2022,3,UCLA,South Alabama,Pac-12,Sun Belt,False,1,0.9311952989034983,0.8841193563384137,1.0,26.165469023337018,0.6858567804532446,-0.45236925081792856,0.17234505644603232,-0.15191322424560494,0.934152676836182,-0.5864977187667801,0.3074683704899843,-0.9789205319249812,0.06880470109650172,-25.165469023337018,home_favorite,21+,wk1-4
2022,3,Iowa State,Ohio,Big 12,Mid-American,False,1,0.8387095330563373,0.9550701200574039,33.0,17.54135058474714,0.10363989454772775,-0.30679970534427264,0.08800024298785834,-0.5829335751100135,-0.5186343911853365,-0.6663929871152977,-1.040808657814361,-0.5545448115406628,0.16129046694366267,15.45864941525286,home_favorite,14-21,wk1-4
2022,3,Temple,Rutgers,American Athletic,Big Ten,False,0,0.3803569957872435,0.1695550886467628,-2.0,-5.782622044864446,-0.32528856632797076,-0.18920359534506653,-0.4477419902665153,0.011020851564687573,-0.4326386717435958,-0.30242362489087854,0.7274235104536327,0.44450636353075396,-0.3803569957872435,3.7826220448644463,away_favorite,3-7,wk1-4
2022,3,Notre Dame,California,FBS Independents,Pac-12,False,1,0.8958820969401995,0.8780900739425958,7.0,21.91098254754588,0.3611311053052574,-0.049312623135202384,0.7188417231644424,-0.12165357625654509,1.278945664119902,-0.46560773427597585,-0.5633859723820027,-1.4784461194606897,0.10411790305980051,-14.910982547545881,home_favorite,21+,wk1-4
2022,3,UNLV,North Texas,Mountain West,Conference USA,False,1,0.21397160844580776,0.502878199574811,31.0,-13.923587901439138,-0.6097622547158537,-0.14214768193018507,-0.35246423245038216,0.1231593002311545,-0.5934857757790459,-0.11767683407196212,-0.1345896715770141,1.045705300741872,0.7860283915541922,44.923587901439134,away_favorite,7-14,wk1-4
2022,3,Kansas State,Tulane,Big 12,American Athletic,False,0,0.6469156090511091,0.8109791581199478,-7.0,6.871642027799636,0.2675369928939497,-0.05831678293952044,0.2733316997863087,0.10439867313903253,0.36426824857860957,0.09666257799364703,-0.01965458063959438,1.4037723148161405,-0.6469156090511091,-13.871642027799636,home_favorite,3-7,wk1-4
2022,3,Auburn,Penn State,SEC,Big Ten,False,0,0.6070935524936342,0.4355995097595788,-29.0,4.918870679509707,0.40604538288883785,0.02334315826527414,0.5074922452182452,0.5071470818053967,0.6898189961400775,0.8146231664358732,-0.4130862380792231,0.9528731119078021,-0.6070935524936342,-33.91887067950971,home_favorite,3-7,wk1-4
2022,3,UAB,Georgia Southern,Conference USA,Sun Belt,False,1,0.8222121791769192,0.761842109917936,14.0,15.905173195595669,0.11426087226783169,-0.42089793485675886,0.007008415890771294,-0.32429090255629045,0.1192974189485392,-0.5562841181138546,1.1650609720999616,0.6611148041435829,0.17778782082308076,-1.905173195595669,home_favorite,14-21,wk1-4
2022,3,App State,Troy,Sun Belt,Sun Belt,False,1,0.6693767365730352,0.9022073203450998,4.0,7.437984531733555,0.14736211952344222,-0.11662961792166132,0.5677964601867576,0.3561768339894884,0.34262116172396206,0.639399843324358,0.04223354524978546,0.5727031957301836,0.3306232634269648,-3.437984531733555,home_favorite,7-14,wk1-4
2022,3,Minnesota,Colorado,Big Ten,Pac-12,False,1,0.8864943105295147,0.9390216583420443,42.0,21.029455427281533,0.14311871189316178,-0.5540120219447138,0.16883309285608322,-0.3400416508055157,0.287354105695924,-0.9583914424135573,1.4170340560781505,0.6566942237229129,0.11350568947048534,20.970544572718467,home_favorite,21+,wk1-4
2022,3,Wisconsin,New Mexico State,Big Ten,FBS Independents,False,1,0.9886861733452721,0.9774779981032126,59.0,42.02921321089463,0.27398870799189634,-0.621072366080188,0.8425956288889498,-0.7943617993166491,0.6707019011290232,-1.2910683771668217,0.5638620348888437,-1.2706788396892001,0.01131382665472791,16.970786789105368,home_favorite,21+,wk1-4
2022,3,Oregon,BYU,Pac-12,FBS Independents,False,1,0.7132131379386506,0.30509028727049736,21.0,10.637618938718852,0.6382867712741604,0.40670439273061254,0.22110404029874936,-0.27959040975698524,0.7994952451992444,-0.8436480290270001,-1.6906339796528487,0.2942066292279743,0.2867868620613494,10.362381061281148,home_favorite,7-14,wk1-4
2022,3,Northern Illinois,Vanderbilt,Mid-American,SEC,False,0,0.7428297584770733,0.5558909611168531,-10.0,11.029653479682763,0.17192720125363067,-0.4173528233842389,-0.6228550155832092,-0.4719606603066304,-0.3854673338375063,-0.4770592157044151,1.182743293782641,0.422403461427404,-0.7428297584770733,-21.029653479682764,home_favorite,7-14,wk1-4
2022,3,Georgia Tech,Ole Miss,ACC,SEC,False,0,0.34052348784983966,0.16004930536524656,-42.0,-8.594578486508672,-0.1908994729960949,0.5366406117449369,-0.22813653248205293,0.1595157151494885,-0.049421867045866825,0.9332286463609405,0.36935649637936413,-2.2697300147606168,-0.34052348784983966,-33.405421513491326,away_favorite,7-14,wk1-4
2022,3,Alabama,UL Monroe,SEC,Sun Belt,False,1,0.9859236168977268,0.996811305190541,56.0,41.5765663503759,0.7533105369975095,-0.6311774902670171,1.058092101202073,-0.43964288032332266,2.353271674916639,-1.1732758182790235,0.028971803987775498,1.2225285175686709,0.014076383102273216,14.423433649624101,home_favorite,21+,wk1-4
2022,3,Houston,Kansas,American Athletic,Big 12,False,0,0.9363213834195232,0.9207260613687934,-18.0,27.30565305199248,0.2660990580451109,-0.0217969110493747,0.8417368413955304,-0.5645859036334492,1.3585797429189777,0.03476597695794549,0.9926583356938321,0.8025733776050226,-0.9363213834195232,-45.30565305199248,home_favorite,21+,wk1-4
2022,3,Washington State,Colorado State,Pac-12,Mountain West,False,1,0.6387325629283922,0.8970095263772729,31.0,6.205494780079869,-0.15509588463641902,-0.49626314527779436,-0.08977284968581892,-0.14741194527106274,-0.9136961750176329,-0.6349117107900408,-2.0619627349891276,-1.1866878116964703,0.3612674370716078,24.794505219920133,home_favorite,3-7,wk1-4
2022,3,Bowling Green,Marshall,Mid-American,Sun Belt,False,1,0.2645505554072224,0.1334433562104599,3.0,-12.41354656209049,-0.612289493279512,0.40266317923933276,-0.260009585656906,0.03899613607411852,-0.2707624407928235,0.30940892507539774,2.177373888433388,-0.17437489536304399,0.7354494445927776,15.41354656209049,away_favorite,7-14,wk1-4
2022,3,Wake Forest,Liberty,ACC,FBS Independents,False,1,0.8982980300089947,0.691236152414763,1.0,21.887174563040706,0.4023997294756178,-0.18655805580961876,0.24874748584523218,-0.25239352328340725,1.1290060876072743,-1.3415665080143837,1.089911104948572,-0.8197796367808619,0.10170196999100534,-20.887174563040706,home_favorite,21+,wk1-4
2022,3,LSU,Mississippi State,SEC,SEC,False,1,0.3887431900198644,0.47555453887933863,15.0,-5.387818091205775,0.2692944647501302,0.8557470811705954,0.5552259841583058,0.5464132841646331,1.4294460257385344,2.023555206791805,-0.27162766461778376,-0.5766477136440127,0.6112568099801357,20.387818091205773,away_favorite,3-7,wk1-4
2022,3,Tennessee,Akron,SEC,Mid-American,False,1,0.9909306714340119,0.9910648453989241,57.0,43.79930184788452,0.6255559167997339,-0.7168722851847078,0.17206521051315596,-0.980354691837253,0.8674319362863576,-1.0402111871568545,0.9617142727491421,-1.5138107628260493,0.009069328565988077,13.200698152115478,home_favorite,21+,wk1-4
2022,3,Memphis,Arkansas State,American Athletic,Sun Belt,False,1,0.8901026498630376,0.8519483458525737,12.0,20.8105156471677,-0.012664596604318602,-0.7324925881734076,-0.18841978053317082,-0.4439205893042125,0.20108480486107672,-0.46614900199142395,0.9175084685424423,-1.5138107628260493,0.10989735013696245,-8.810515647167701,home_favorite,14-21,wk1-4
2022,3,Ohio State,Toledo,Big Ten,Mid-American,False,1,0.9304511289512178,0.9203048806723595,56.0,26.17112820325473,1.0410444412528517,-0.061601384123268384,0.6226947062141851,0.21526242179194188,2.1502505245084294,0.23963902442452503,0.8909849860184224,-0.055019224004954286,0.06954887104878216,29.82887179674527,home_favorite,21+,wk1-4
2022,3,Georgia State,Charlotte,Sun Belt,Conference USA,False,0,0.9493838926114283,0.8970095263772729,-1.0,29.652935545422565,0.39927030297150407,-0.3809507672785875,0.4293936626736281,-0.6487962931931477,0.9390663426780792,-0.3711661443615595,1.3065195455614007,1.2932578042993907,-0.9493838926114283,-30.652935545422565,home_favorite,21+,wk1-4
2022,3,NC State,Texas Tech,ACC,Big 12,False,1,0.7077234466317669,0.7093546305987634,13.0,9.071623107679317,0.27452748857998677,0.38645930041777976,0.5776839424036647,0.07864957322202494,1.2330835247552265,0.5577240554745055,0.6611148041435829,0.08643934945648486,0.2922765533682331,3.928376892320683,home_favorite,7-14,wk1-4
2022,3,Rice,Louisiana,Conference USA,Sun Belt,False,1,0.2764042921431682,0.036222368339456294,12.0,-10.652821557126783,-0.27301041293244555,0.21681053563810354,-0.4702660355074896,-0.03123910215894711,-0.3645424715933644,-0.05292905674295412,-0.8418825388842118,-0.8065178955188519,0.7235957078568318,22.652821557126785,away_favorite,7-14,wk1-4
2022,3,Florida Atlantic,UCF,Conference USA,American Athletic,False,0,0.2670157274239899,0.4971218004251891,-26.0,-11.618901215267003,-0.2887842458928615,0.3794923012245339,-0.1335434055547393,0.26567378595098795,-0.15335330800467895,0.662844109491722,1.2357902588306808,0.40472113974472407,-0.2670157274239899,-14.381098784732997,away_favorite,7-14,wk1-4
2022,3,Western Michigan,Pittsburgh,Mid-American,ACC,False,0,0.37094155011853747,0.34808796012533627,-21.0,-6.204417906934944,0.17021586332394317,0.5440107815335239,0.4411554683841786,0.6495905847838812,-0.31405227170239663,1.1963296501300387,-1.018705755711011,-1.1380614270691007,-0.37094155011853747,-14.795582093065056,away_favorite,3-7,wk1-4
2022,3,Maryland,SMU,Big Ten,American Athletic,False,1,0.5216833439244184,0.4827374755676238,7.0,0.6849481836561524,0.408439234504098,0.42961042576474356,0.11254894324827536,0.2562564558046273,0.7126905945992754,0.932069770496436,0.7318440908743027,0.639011902040233,0.4783166560755816,6.315051816343848,home_favorite,0-3,wk1-4
2022,3,Florida,South Florida,SEC,American Athletic,False,1,0.8262516832996434,0.9016982546021951,3.0,16.793532291050933,0.44811175442272,-0.026005339911827186,0.2921145690660609,-0.29599859952713325,0.5957589597141401,0.023795765417875724,-1.040808657814361,-0.21416011914907387,0.17374831670035662,-13.793532291050933,home_favorite,14-21,wk1-4
2022,3,Washington,Michigan State,Pac-12,Big Ten,False,1,0.31837155339209355,0.41729811503576986,11.0,-8.862168368709922,0.0015914555010854911,0.37586418550426365,0.056737694064616956,0.5115042696869327,0.26507529477018427,1.2054523246231112,1.257893160934031,0.7318440908743027,0.6816284466079064,19.862168368709924,away_favorite,7-14,wk1-4
2022,3,Iowa,Nevada,Big Ten,Mountain West,False,1,0.8655392811448435,0.6519120398746636,27.0,18.070681981603986,-0.15020560246252157,-0.05486354648412478,0.4073408133330162,-0.32583684906821864,0.9850099289509121,-0.5479558030583757,1.65132481837366,-2.0840656370924773,0.13446071885515654,8.929318018396014,home_favorite,14-21,wk1-4
2022,3,Texas,UTSA,Big 12,Conference USA,False,1,0.6098130796349495,0.8170788341999742,21.0,5.159426783801371,0.5086369264165519,0.20935527467112108,0.08156794829392153,0.09042671673977447,0.5861682099449588,0.8931244955480543,0.08643934945648486,1.226949097989341,0.39018692036505054,15.840573216198628,home_favorite,3-7,wk1-4
2022,3,Clemson,Louisiana Tech,ACC,Conference USA,False,1,0.9785145635008067,0.9725887253726934,28.0,37.08873414583158,0.43629398187484175,-0.42894931752492654,0.9590792910018308,-0.5220038689715432,1.4445061589046766,-0.5981961717274974,-0.3865627555552032,-0.9877616927663212,0.021485436499193322,-9.08873414583158,home_favorite,21+,wk1-4
2022,3,New Mexico,UTEP,Mountain West,Conference USA,False,1,0.22784189769127242,0.5043172397550598,17.0,-13.08346896184067,-0.9783710924818886,-0.3921449420632757,-0.3210901627405586,-0.07776766906346753,-1.0377015126216258,-0.11877584634475971,-1.031967496973021,0.3384124334346742,0.7721581023087276,30.08346896184067,away_favorite,7-14,wk1-4
2022,3,Texas A&M,Miami,SEC,ACC,False,1,0.5451348868589398,0.7256856462717871,8.0,1.9135848218658271,0.0711644504304994,0.29026547074305287,0.6932064828337314,0.35228521706520516,0.6432484819867899,1.053246779853045,-0.2848894058797937,0.5859649369921935,0.45486511314106015,6.086415178134173,home_favorite,0-3,wk1-4
2022,3,Utah,San Diego State,Pac-12,Mountain West,False,1,0.8690294005708343,0.9027140342685218,28.0,18.885251061805498,0.5554441585418318,0.08697587881013369,0.6051114973545886,0.20668591317830323,0.7868522849196966,-0.04557500167858412,1.3374636085060907,-0.9302941472976113,0.13097059942916567,9.114748938194502,home_favorite,14-21,wk1-4
2022,3,USC,Fresno State,Pac-12,Mountain West,False,1,0.4311409191654256,0.6360768996878818,28.0,-2.0818110628144386,0.5009617220822438,0.2520144687830661,0.11189753718296619,0.34207158392960035,1.5425865278854285,0.5502038212231437,-1.4475020565159997,1.3905105735541305,0.5688590808345744,30.081811062814438,away_favorite,0-3,wk1-4
2022,3,Arizona State,Eastern Michigan,Pac-12,Mid-American,False,0,0.8358863561853409,0.8576633185538569,-9.0,17.888936451647467,0.41987690972843106,0.022512605496399857,0.22579860365117876,-0.584801891783351,0.25523964871157645,-0.23126840770203186,-1.7967279097489284,-0.18321605620438397,-0.8358863561853409,-26.888936451647467,home_favorite,14-21,wk1-4
2022,4,Virginia Tech,West Virginia,ACC,Big 12,False,0,0.4045921880862153,0.6212967231224545,-23.0,-4.648174314043077,0.05944743472460745,0.21204109911369415,0.0035709650219962474,0.3580013019585629,0.544583279833422,0.459922558821934,-1.3767727697852798,-1.588960629977439,-0.4045921880862153,-18.351825685956925,away_favorite,3-7,wk1-4
2022,4,Georgia State,Coastal Carolina,Sun Belt,Sun Belt,False,0,0.7249824058694345,0.3002305967379419,-17.0,9.852369756796255,0.39927030297150407,0.5740297235416402,0.4293936626736281,-0.06984127388375617,0.9390663426780792,0.026701317265875324,1.3065195455614007,0.1439068949251947,-0.7249824058694345,-26.852369756796257,home_favorite,7-14,wk1-4
2022,4,Syracuse,Virginia,ACC,ACC,False,1,0.5574888703842822,0.6699690139034832,2.0,2.500072090758855,0.08366361878133022,0.3695693481329747,0.27565490232047546,-0.06694241373972032,0.4961879566771521,0.6281288641812085,0.5815443565715236,1.1385374895759417,0.4425111296157178,-0.500072090758855,home_favorite,0-3,wk1-4
2022,4,Air Force,Nevada,Mountain West,Mountain West,False,1,0.9207120973418876,0.7945819150362295,28.0,24.2094790574381,0.48742456867655715,-0.05486354648412478,0.2363069692523554,-0.32583684906821864,0.6763724366342,-0.5479558030583757,0.8290968601290425,-2.0840656370924773,0.07928790265811236,3.7905209425619013,home_favorite,21+,wk1-4
2022,4,UTEP,Boise State,Conference USA,Mountain West,False,1,0.3326816458482723,0.14517082246824042,17.0,-7.964715868468087,-0.3921449420632757,-0.05722620654936367,-0.07776766906346753,0.24469258348707218,-0.11877584634475971,0.37194450358195874,0.3384124334346742,0.4533475243720939,0.6673183541517277,24.964715868468087,away_favorite,7-14,wk1-4
2022,4,Mississippi State,Bowling Green,SEC,Mid-American,False,1,0.9475117650631668,0.9298672374484249,31.0,30.43555644190002,0.8557470811705954,-0.612289493279512,0.5464132841646331,-0.260009585656906,2.023555206791805,-0.2707624407928235,-0.5766477136440127,2.177373888433388,0.05248823493683319,0.5644435580999811,home_favorite,21+,wk1-4
2022,4,SMU,TCU,American Athletic,Big 12,False,0,0.6743447249248307,0.785026736998172,-8.0,8.035573679583402,0.42961042576474356,0.369527672575048,0.2562564558046273,-0.10952338630802752,0.932069770496436,0.7911804500783419,0.639011902040233,1.3330430280854206,-0.6743447249248307,-16.0355736795834,home_favorite,7-14,wk1-4
2022,4,Michigan,Maryland,Big Ten,Big Ten,False,1,0.8137682972687177,0.9409696170394709,7.0,15.446338873043512,0.6751927915503485,0.408439234504098,0.6854275136101129,0.11254894324827536,1.440291208298126,0.7126905945992754,1.0368641399005318,0.7318440908743027,0.1862317027312823,-8.446338873043512,home_favorite,14-21,wk1-4
2022,4,Eastern Michigan,Buffalo,Mid-American,Mid-American,False,0,0.4486189248643847,0.6479830132503057,-19.0,-2.7733644427009287,0.022512605496399857,0.002931928467075927,-0.584801891783351,-0.06468856521473626,-0.23126840770203186,-0.23242290234982,-0.18321605620438397,-0.9435558885596212,-0.4486189248643847,-16.226635557299073,away_favorite,0-3,wk1-4
2022,4,Auburn,Missouri,SEC,SEC,False,1,0.7442211309607737,0.7751528656496841,3.0,11.125663557228496,0.40604538288883785,0.4253980988577767,0.5074922452182452,-0.02558172735824485,0.6898189961400775,0.2673969099451578,-0.4130862380792231,-0.9081912451942614,0.2557788690392263,-8.125663557228496,home_favorite,7-14,wk1-4
2022,4,Louisville,South Florida,ACC,American Athletic,False,1,0.9002377966750646,0.8590630023766738,38.0,22.63640014506393,0.6824222294552479,-0.026005339911827186,0.260660114234819,-0.29599859952713325,1.681564780466193,0.023795765417875724,0.422403461427404,-0.21416011914907387,0.09976220332493535,15.36359985493607,home_favorite,21+,wk1-4
2022,4,Penn State,Central Michigan,Big Ten,Mid-American,False,1,0.6945716643206763,0.9052126040268039,19.0,8.332377022436697,0.02334315826527414,-0.07311041387427991,0.5071470818053967,0.19196570912362046,0.8146231664358732,0.027589646312895198,0.9528731119078021,0.5506002936268337,0.3054283356793237,10.667622977563303,home_favorite,7-14,wk1-4
2022,4,Iowa State,Baylor,Big 12,Big 12,False,0,0.2849940749370021,0.6924633925795177,-7.0,-10.525566023737689,0.10363989454772775,0.456630152521104,0.08800024298785834,0.6684878077307741,-0.5186343911853365,0.567279410456075,-1.040808657814361,-1.4872872803020296,-0.2849940749370021,3.5255660237376887,away_favorite,7-14,wk1-4
2022,4,Kansas,Duke,Big 12,ACC,False,1,0.6679343353245344,0.6900062072803139,8.0,6.773488934028846,-0.0217969110493747,-0.3123690544815999,-0.5645859036334492,-0.3412201169733594,0.03476597695794549,-0.28237354709106216,0.8025733776050226,-0.749050350050142,0.3320656646754656,1.2265110659711542,home_favorite,3-7,wk1-4
2022,4,Georgia,Kent State,SEC,Mid-American,False,1,0.9880368998493287,0.994779323895176,17.0,42.09421293646006,0.9173695005700188,0.14723386906180286,1.249630584771695,-0.5647732590843959,1.9392338553719115,-0.4349691386072225,0.6080678390955435,-0.3865627555552032,0.011963100150671258,-25.09421293646006,home_favorite,21+,wk1-4
2022,4,Wake Forest,Clemson,ACC,ACC,False,0,0.38565945252006717,0.39233893587318014,-6.0,-6.114229740405591,0.4023997294756178,0.43629398187484175,0.24874748584523218,0.9590792910018308,1.1290060876072743,1.4445061589046766,1.089911104948572,-0.3865627555552032,-0.38565945252006717,0.11422974040559097,away_favorite,3-7,wk1-4
2022,4,Temple,Massachusetts,American Athletic,FBS Independents,False,1,0.7750084635430444,0.7325072897556676,28.0,13.211365629326538,-0.32528856632797076,-0.7180503348951146,-0.4477419902665153,-0.8213285903546705,-0.4326386717435958,-1.3662111344467556,0.7274235104536327,1.041284720321202,0.22499153645695558,14.788634370673462,home_favorite,7-14,wk1-4
2022,4,Colorado,UCLA,Pac-12,Pac-12,False,0,0.11322216962078105,0.08855822999698423,-28.0,-22.06081449769932,-0.5540120219447138,0.6858567804532446,-0.3400416508055157,0.17234505644603232,-0.9583914424135573,0.934152676836182,0.6566942237229129,0.3074683704899843,-0.11322216962078105,-5.939185502300681,away_favorite,21+,wk1-4
2022,4,Michigan State,Minnesota,Big Ten,Big Ten,False,0,0.7040550447479673,0.4640840730548977,-27.0,9.372076529540074,0.37586418550426365,0.14311871189316178,0.5115042696869327,0.16883309285608322,1.2054523246231112,0.287354105695924,0.7318440908743027,1.4170340560781505,-0.7040550447479673,-36.372076529540074,home_favorite,7-14,wk1-4
2022,4,Cincinnati,Indiana,American Athletic,Big Ten,False,1,0.9415254725867628,0.9517472964094822,21.0,28.17767571031422,0.718540179420303,-0.23369847434665753,0.6417320971646184,-0.1660743054410869,1.0367279138121288,0.04432019213803867,-1.2087907137998204,-1.32814638515791,0.05847452741323722,-7.177675710314219,home_favorite,21+,wk1-4
2022,4,Western Kentucky,Florida International,Conference USA,Conference USA,False,1,0.9400929527971913,0.9872088660459342,73.0,28.610095220708033,0.2938906346304037,-0.8627720168380502,-0.2722418320054854,-1.018580222099974,-0.08584858884219872,-0.7023193267601042,-1.6596899167081587,-0.44845088144458306,0.059907047202808705,44.38990477929197,home_favorite,21+,wk1-4
2022,4,Texas Tech,Texas,Big 12,Big 12,False,1,0.5352869431329612,0.28357630589706123,3.0,1.3728037370107995,0.38645930041777976,0.5086369264165519,0.07864957322202494,0.08156794829392153,0.5577240554745055,0.5861682099449588,0.08643934945648486,0.08643934945648486,0.4647130568670388,1.6271962629892005,home_favorite,0-3,wk1-4
2022,4,Miami,Middle Tennessee,ACC,Conference USA,False,0,0.8596093020250077,0.8497568518427462,-14.0,18.98610984171175,0.29026547074305287,-0.29632482921676045,0.35228521706520516,-0.2317544779478146,1.053246779853045,0.07239646073282631,0.5859649369921935,0.7451058321363127,-0.8596093020250077,-32.98610984171175,home_favorite,14-21,wk1-4
2022,4,Tennessee,Florida,SEC,SEC,False,1,0.685697941254523,0.8737104209450813,5.0,7.478854961428453,0.6255559167997339,0.44811175442272,0.17206521051315596,0.2921145690660609,0.8674319362863576,0.5957589597141401,0.9617142727491421,-1.040808657814361,0.314302058745477,-2.4788549614284534,home_favorite,7-14,wk1-4
2022,4,San Diego State,Toledo,Mountain West,Mid-American,False,1,0.5564354228639461,0.5244454611206615,3.0,2.4693271170017312,0.08697587881013369,-0.061601384123268384,0.20668591317830323,0.21526242179194188,-0.04557500167858412,0.23963902442452503,-0.9302941472976113,-0.055019224004954286,0.4435645771360539,0.5306728829982688,home_favorite,0-3,wk1-4
2022,4,North Carolina,Notre Dame,ACC,FBS Independents,False,0,0.3441289618145189,0.30144137358197703,-13.0,-7.405655261215339,0.36142167749093523,0.3611311053052574,0.027025839855599865,0.7188417231644424,0.6488761740827513,1.278945664119902,-0.4351891401825731,-0.5633859723820027,-0.3441289618145189,-5.594344738784661,away_favorite,7-14,wk1-4
2022,4,Memphis,North Texas,American Athletic,Conference USA,False,1,0.4938908265565727,0.836043425542047,10.0,-0.543969599846077,-0.012664596604318602,-0.14214768193018507,-0.18841978053317082,0.1231593002311545,0.20108480486107672,-0.11767683407196212,0.9175084685424423,1.045705300741872,0.5061091734434273,10.543969599846077,away_favorite,0-3,wk1-4
2022,4,Washington State,Oregon,Pac-12,Pac-12,False,0,0.2172301583466586,0.7140789025853503,-3.0,-13.897231807548092,-0.15509588463641902,0.6382867712741604,-0.08977284968581892,0.22110404029874936,-0.9136961750176329,0.7994952451992444,-2.0619627349891276,-1.6906339796528487,-0.2172301583466586,10.897231807548092,away_favorite,7-14,wk1-4
2022,4,Ole Miss,Tulsa,SEC,American Athletic,False,1,0.6699438584192784,0.8590630023766738,8.0,8.513556496422328,0.5366406117449369,-0.03673309383912184,0.1595157151494885,0.03195767497521229,0.9332286463609405,-0.01574054384882495,-2.2697300147606168,0.18369211871122462,0.3300561415807216,-0.5135564964223285,home_favorite,7-14,wk1-4
2022,4,UCF,Georgia Tech,American Athletic,ACC,False,1,0.8487461924620829,0.9264124438824264,17.0,18.080439940393983,0.3794923012245339,-0.1908994729960949,0.26567378595098795,-0.22813653248205293,0.662844109491722,-0.049421867045866825,0.40472113974472407,0.36935649637936413,0.15125380753791706,-1.0804399403939833,home_favorite,14-21,wk1-4
2022,4,California,Arizona,Pac-12,Pac-12,False,1,0.5865264290341885,0.7936407431881689,18.0,4.111005500083716,-0.049312623135202384,-0.47070195528176684,-0.12165357625654509,-0.03514366696739451,-0.46560773427597585,-0.11508722189273012,-1.4784461194606897,0.07759818861514488,0.4134735709658115,13.888994499916283,home_favorite,3-7,wk1-4
2022,4,Houston,Rice,American Athletic,Conference USA,False,1,0.9645265607594959,0.9032184042951807,7.0,32.16887992406081,0.2660990580451109,-0.27301041293244555,0.8417368413955304,-0.4702660355074896,1.3585797429189777,-0.3645424715933644,0.9926583356938321,-0.8418825388842118,0.03547343924050406,-25.16887992406081,home_favorite,21+,wk1-4
2022,4,Liberty,Akron,FBS Independents,Mid-American,False,1,0.897497047518939,0.9846613585709786,9.0,22.262492829989288,-0.18655805580961876,-0.7168722851847078,-0.25239352328340725,-0.980354691837253,-1.3415665080143837,-1.0402111871568545,-0.8197796367808619,-1.5138107628260493,0.102502952481061,-13.262492829989288,home_favorite,21+,wk1-4
2022,4,Georgia Southern,Ball State,Sun Belt,Mid-American,False,1,0.6058664497655599,0.7093546305987634,11.0,3.817605439090035,-0.42089793485675886,-0.1914148921321266,-0.32429090255629045,-0.4601569212627483,-0.5562841181138546,-0.7862704048899715,0.6611148041435829,-0.7755738325741619,0.3941335502344401,7.182394560909965,home_favorite,3-7,wk1-4
2022,4,Old Dominion,Arkansas State,Sun Belt,Sun Belt,False,1,0.8650827925201132,0.7425355589430698,3.0,18.39368839461042,-0.2552479009964372,-0.7324925881734076,-0.10775750622963752,-0.4439205893042125,0.18423921785911704,-0.46614900199142395,1.0678082028452218,-1.5138107628260493,0.13491720747988678,-15.393688394610422,home_favorite,14-21,wk1-4
2022,4,East Carolina,Navy,American Athletic,American Athletic,False,0,0.8435314440748012,0.8279993802611698,-3.0,16.712570546024775,-0.1772308386312538,-0.6939706039840705,0.022692753113912806,-0.21488963945061743,0.24612781259212535,-1.1593142292899565,0.8909849860184224,-1.37235218936461,-0.8435314440748012,-19.712570546024775,home_favorite,14-21,wk1-4
2022,4,Rutgers,Iowa,Big Ten,Big Ten,False,0,0.34675244001196115,0.17118235224572423,-17.0,-6.847995840955171,-0.18920359534506653,-0.15020560246252157,0.011020851564687573,0.4073408133330162,-0.30242362489087854,0.9850099289509121,0.44450636353075396,1.65132481837366,-0.34675244001196115,-10.152004159044829,away_favorite,3-7,wk1-4
2022,4,Troy,Marshall,Sun Belt,Sun Belt,False,1,0.5311989498084484,0.2800809940528481,9.0,0.7141155685707989,-0.11662961792166132,0.40266317923933276,0.3561768339894884,0.03899613607411852,0.639399843324358,0.30940892507539774,0.5727031957301836,-0.17437489536304399,0.4688010501915516,8.285884431429201,home_favorite,0-3,wk1-4
2022,4,Utah State,UNLV,Mountain West,Mountain West,False,0,0.6971086579681977,0.6597079941447481,-10.0,9.049908882036775,-0.4571288962734097,-0.6097622547158537,0.14589467734082417,-0.35246423245038216,-0.5407876573573052,-0.5934857757790459,-1.2043701333791503,-0.1345896715770141,-0.6971086579681977,-19.049908882036775,home_favorite,7-14,wk1-4
2022,4,Kentucky,Northern Illinois,SEC,Mid-American,False,1,0.8616259255567729,0.9219774236826269,8.0,19.642785732344745,0.5220063287196628,0.17192720125363067,0.24175664865284768,-0.6228550155832092,0.7744755672843939,-0.3854673338375063,0.33399185301400425,1.182743293782641,0.13837407444322714,-11.642785732344745,home_favorite,14-21,wk1-4
2022,4,Tulane,Southern Miss,American Athletic,Sun Belt,False,0,0.8828075646655449,0.8652197052285583,-3.0,20.73394423947152,-0.05831678293952044,-0.9069180998239592,0.10439867313903253,-0.31703880768091663,0.09666257799364703,-0.6389747540609998,1.4037723148161405,1.028022979059192,-0.8828075646655449,-23.73394423947152,home_favorite,14-21,wk1-4
2022,4,South Alabama,Louisiana Tech,Sun Belt,Conference USA,False,1,0.6675555493857037,0.8065275228171078,24.0,7.249612828779675,-0.45236925081792856,-0.42894931752492654,-0.15191322424560494,-0.5220038689715432,-0.5864977187667801,-0.5981961717274974,-0.9789205319249812,-0.9877616927663212,0.3324444506142963,16.750387171220325,home_favorite,7-14,wk1-4
2022,4,Texas A&M,Arkansas,SEC,SEC,True,1,0.306490828795174,0.558731369324761,2.0,-7.674249551040823,0.0711644504304994,0.494637611318847,0.6932064828337314,0.592978736095259,0.6432484819867899,1.2259360769210168,-0.2848894058797937,0.5992266782542035,0.693509171204826,9.674249551040823,away_favorite,7-14,wk1-4
2022,4,Ohio State,Wisconsin,Big Ten,Big Ten,False,1,0.738503237149859,0.8604511617577122,31.0,10.788186603142709,1.0410444412528517,0.27398870799189634,0.6226947062141851,0.8425956288889498,2.1502505245084294,0.6707019011290232,0.8909849860184224,0.5638620348888437,0.261496762850141,20.21181339685729,home_favorite,7-14,wk1-4
2022,4,Purdue,Florida Atlantic,Big Ten,Conference USA,False,1,0.7798546972771874,0.8263535539440318,2.0,13.667511495192269,0.1255380553754616,-0.2887842458928615,0.3791258501985075,-0.1335434055547393,0.7975856044257361,-0.15335330800467895,0.24558024460060446,1.2357902588306808,0.22014530272281263,-11.667511495192269,home_favorite,7-14,wk1-4
2022,4,Alabama,Vanderbilt,SEC,SEC,False,1,0.9849125272688328,0.9878468289598467,52.0,40.63439905925999,0.7533105369975095,-0.4173528233842389,1.058092101202073,-0.4719606603066304,2.353271674916639,-0.4770592157044151,0.028971803987775498,0.422403461427404,0.015087472731167173,11.36560094074001,home_favorite,21+,wk1-4
2022,4,South Carolina,Charlotte,SEC,Conference USA,False,1,0.8861997533699091,0.8915686668733666,36.0,21.643463529138906,0.03927935493562848,-0.3809507672785875,0.36151634766123875,-0.6487962931931477,0.8950743134879353,-0.3711661443615595,0.4710298460547739,1.2932578042993907,0.11380024663009092,14.356536470861094,home_favorite,21+,wk1-4
2022,4,Northwestern,Miami (OH),Big Ten,Mid-American,False,0,0.21180226979029373,0.44126863067523897,-3.0,-13.944950738816797,-0.284253787565069,-0.06368205877940536,-0.49808160022576253,0.24532441782200956,-0.23425480809692945,0.11780859675488548,-0.7888355738361719,0.48429158731678384,-0.21180226979029373,10.944950738816797,away_favorite,7-14,wk1-4
2022,4,NC State,UConn,ACC,FBS Independents,False,1,0.9864058634725771,0.9824288133815969,31.0,40.669266383239375,0.27452748857998677,-1.036118424630999,0.5776839424036647,-0.6395631185918779,1.2330835247552265,-0.9768202205676447,0.6611148041435829,-0.6252740982713824,0.013594136527422918,-9.669266383239375,home_favorite,21+,wk1-4
2022,4,LSU,New Mexico,SEC,Mountain West,False,1,0.9687167712945224,0.8937746801781464,38.0,33.612717028327225,0.2692944647501302,-0.9783710924818886,0.5552259841583058,-0.3210901627405586,1.4294460257385344,-1.0377015126216258,-0.27162766461778376,-1.031967496973021,0.03128322870547762,4.387282971672775,home_favorite,21+,wk1-4
2022,4,New Mexico State,Hawai'i,FBS Independents,Mountain West,False,1,0.34694054349467585,0.4398498547680971,19.0,-7.318126323134459,-0.621072366080188,-0.5904459490913223,-0.7943617993166491,-0.15605031183852397,-1.2910683771668217,-1.177892815633967,-1.2706788396892001,-1.4032962523092998,0.6530594565053242,26.318126323134457,away_favorite,7-14,wk1-4
2022,4,UL Monroe,Louisiana,Sun Belt,Sun Belt,False,1,0.267324749327914,0.04932121886611947,4.0,-12.109772185093604,-0.6311774902670171,0.21681053563810354,-0.43964288032332266,-0.03123910215894711,-1.1732758182790235,-0.05292905674295412,1.2225285175686709,-0.8065178955188519,0.7326752506720859,16.109772185093604,away_favorite,7-14,wk1-4
2022,4,Oklahoma,Kansas State,Big 12,Big 12,False,0,0.7058867682254908,0.8541133619456244,-7.0,9.72351145353201,0.658298279905662,0.2675369928939497,0.5206629180821395,0.2733316997863087,1.0455674985680397,0.36426824857860957,-1.1866878116964703,-0.01965458063959438,-0.7058867682254908,-16.723511453532012,home_favorite,7-14,wk1-4
2022,4,Florida State,Boston College,ACC,ACC,False,1,0.8414965458883856,0.7358774441014764,30.0,17.285084221046755,0.34840968075329015,-0.20004142221077786,0.43633537696658575,-0.004495973582749734,1.0792183593743252,0.12418516989795675,0.8511997622323925,0.40030055932405406,0.15850345411161437,12.714915778953245,home_favorite,14-21,wk1-4
2022,4,Oregon State,USC,Pac-12,Pac-12,False,0,0.6458655830940734,0.4640840730548977,-3.0,5.515593212005337,0.45620678924863084,0.5009617220822438,0.05065644758414837,0.11189753718296619,0.21072858146859297,1.5425865278854285,0.6743765454055929,-1.4475020565159997,-0.6458655830940734,-8.515593212005337,home_favorite,3-7,wk1-4
2022,4,BYU,Wyoming,FBS Independents,Mountain West,False,1,0.7968187021647914,0.8238615285055724,14.0,13.936528176071656,0.40670439273061254,0.07552225778386551,-0.27959040975698524,-0.44409905049306575,-0.8436480290270001,-0.40132777968706695,0.2942066292279743,-1.4165579935713097,0.20318129783520855,0.06347182392834405,home_favorite,7-14,wk1-4
2022,4,Washington,Stanford,Pac-12,Pac-12,False,1,0.7423112481166969,0.8652197052285583,18.0,11.220219441826284,0.0015914555010854911,-0.17930646509708764,0.056737694064616956,-0.37059291019920054,0.26507529477018427,-0.23971792537067532,1.257893160934031,1.3507253497681007,0.2576887518833031,6.779780558173716,home_favorite,7-14,wk1-4
2022,4,San José State,Western Michigan,Mountain West,Mid-American,False,1,0.39791054975243034,0.4355995097595788,28.0,-5.4128504108235695,-0.18920505348395023,0.17021586332394317,0.17871345392136004,0.4411554683841786,0.3960786839146185,-0.31405227170239663,0.01571006272576553,-1.018705755711011,0.6020894502475697,33.412850410823566,away_favorite,3-7,wk1-4
2022,4,Arizona State,Utah,Pac-12,Pac-12,False,0,0.2568341576245792,0.23297508185497873,-21.0,-10.515764790155538,0.41987690972843106,0.5554441585418318,0.22579860365117876,0.6051114973545886,0.25523964871157645,0.7868522849196966,-1.7967279097489284,1.3374636085060907,-0.2568341576245792,-10.484235209844462,away_favorite,7-14,wk1-4
2022,5,BYU,Utah State,FBS Independents,Mountain West,False,1,0.7595235148593553,0.8296328234313434,12.0,11.5531252761078,0.40670439273061254,-0.4571288962734097,-0.27959040975698524,0.14589467734082417,-0.8436480290270001,-0.5407876573573052,0.2942066292279743,-1.2043701333791503,0.24047648514064468,0.4468747238922006,home_favorite,7-14,wk5-9
2022,5,Houston,Tulane,American Athletic,American Athletic,False,0,0.8247903940800928,0.6320700121000735,-3.0,16.316763164588043,0.2660990580451109,-0.05831678293952044,0.8417368413955304,0.10439867313903253,1.3585797429189777,0.09666257799364703,0.9926583356938321,1.4037723148161405,-0.8247903940800928,-19.316763164588043,home_favorite,14-21,wk5-9
2022,5,Middle Tennessee,UTSA,Conference USA,Conference USA,False,0,0.2790599522181637,0.47842666694885455,-15.0,-10.395942054240882,-0.29632482921676045,0.20935527467112108,-0.2317544779478146,0.09042671673977447,0.07239646073282631,0.8931244955480543,0.7451058321363127,1.226949097989341,-0.2790599522181637,-4.604057945759118,away_favorite,7-14,wk5-9
2022,5,Boise State,San Diego State,Mountain West,Mountain West,False,1,0.5880689404310636,0.7347570893165466,22.0,2.9206063623584964,-0.05722620654936367,0.08697587881013369,0.24469258348707218,0.20668591317830323,0.37194450358195874,-0.04557500167858412,0.4533475243720939,-0.9302941472976113,0.4119310595689364,19.079393637641502,home_favorite,0-3,wk5-9
2022,5,UCLA,Washington,Pac-12,Pac-12,False,1,0.762869870194665,0.6997694032620582,8.0,12.79938504178714,0.6858567804532446,0.0015914555010854911,0.17234505644603232,0.056737694064616956,0.934152676836182,0.26507529477018427,0.3074683704899843,1.257893160934031,0.237130129805335,-4.79938504178714,home_favorite,7-14,wk5-9
2022,5,UNLV,New Mexico,Mountain West,Mountain West,False,1,0.6919128398131401,0.8376154583713974,11.0,7.967635984190375,-0.6097622547158537,-0.9783710924818886,-0.35246423245038216,-0.3210901627405586,-0.5934857757790459,-1.0377015126216258,-0.1345896715770141,-1.031967496973021,0.3080871601868599,3.032364015809625,home_favorite,7-14,wk5-9
2022,5,TCU,Oklahoma,Big 12,Big 12,False,1,0.39949650814622245,0.18292116580002576,31.0,-5.750631245895413,0.369527672575048,0.658298279905662,-0.10952338630802752,0.5206629180821395,0.7911804500783419,1.0455674985680397,1.3330430280854206,-1.1866878116964703,0.6005034918537775,36.75063124589541,away_favorite,3-7,wk5-9
2022,5,Ole Miss,Kentucky,SEC,SEC,False,1,0.42162598240367555,0.6360768996878818,3.0,-2.541115481827696,0.5366406117449369,0.5220063287196628,0.1595157151494885,0.24175664865284768,0.9332286463609405,0.7744755672843939,-2.2697300147606168,0.33399185301400425,0.5783740175963245,5.5411154818276955,away_favorite,0-3,wk5-9
2022,5,Minnesota,Purdue,Big Ten,Big Ten,False,0,0.5522865196149771,0.8179376310581157,-10.0,1.433639036433808,0.14311871189316178,0.1255380553754616,0.16883309285608322,0.3791258501985075,0.287354105695924,0.7975856044257361,1.4170340560781505,0.24558024460060446,-0.5522865196149771,-11.433639036433808,home_favorite,0-3,wk5-9
2022,5,Air Force,Navy,Mountain West,American Athletic,False,1,0.9547116980451842,0.9294909043747703,3.0,29.813362927673133,0.48742456867655715,-0.6939706039840705,0.2363069692523554,-0.21488963945061743,0.6763724366342,-1.1593142292899565,0.8290968601290425,-1.37235218936461,0.04528830195481581,-26.813362927673133,home_favorite,21+,wk5-9
2022,5,Memphis,Temple,American Athletic,American Athletic,False,1,0.7465494455340453,0.9320864847027436,21.0,11.370060517218764,-0.012664596604318602,-0.32528856632797076,-0.18841978053317082,-0.4477419902665153,0.20108480486107672,-0.4326386717435958,0.9175084685424423,0.7274235104536327,0.25345055446595466,9.629939482781236,home_favorite,7-14,wk5-9
2022,5,Wisconsin,Illinois,Big Ten,Big Ten,False,0,0.8511662826894395,0.777153105314726,-24.0,17.938694082152743,0.27398870799189634,-0.01650146531252296,0.8425956288889498,0.08258856776031895,0.6707019011290232,0.5107286200171629,0.5638620348888437,0.02013064314643552,-0.8511662826894395,-41.93869408215274,home_favorite,14-21,wk5-9
2022,5,Boston College,Louisville,ACC,ACC,False,1,0.21778638446755597,0.2641225558985236,1.0,-14.031366278991545,-0.20004142221077786,0.6824222294552479,-0.004495973582749734,0.260660114234819,0.12418516989795675,1.681564780466193,0.40030055932405406,0.422403461427404,0.7822136155324441,15.031366278991545,away_favorite,14-21,wk5-9
2022,5,Army,Georgia State,FBS Independents,Sun Belt,False,0,0.2970034720498189,0.7256856462717871,-17.0,-9.20551685560391,0.2273330748400889,0.39927030297150407,-0.09964479973180013,0.4293936626736281,-0.302719608244097,0.9390663426780792,0.3207301117519943,1.3065195455614007,-0.2970034720498189,-7.794483144396089,away_favorite,7-14,wk5-9
2022,5,Iowa,Michigan,Big Ten,Big Ten,False,0,0.24094295896372775,0.19618148057531573,-13.0,-13.07841343282767,-0.15020560246252157,0.6751927915503485,0.4073408133330162,0.6854275136101129,0.9850099289509121,1.440291208298126,1.65132481837366,1.0368641399005318,-0.24094295896372775,0.07841343282767,away_favorite,7-14,wk5-9
2022,5,Kansas State,Texas Tech,Big 12,Big 12,False,1,0.5872027175306237,0.7761545753418307,9.0,3.6448974284185347,0.2675369928939497,0.38645930041777976,0.2733316997863087,0.07864957322202494,0.36426824857860957,0.5577240554745055,-0.01965458063959438,0.08643934945648486,0.4127972824693763,5.355102571581465,home_favorite,3-7,wk5-9
2022,5,Utah,Oregon State,Pac-12,Pac-12,False,1,0.7851901403649293,0.8590630023766738,26.0,13.463970699507977,0.5554441585418318,0.45620678924863084,0.6051114973545886,0.05065644758414837,0.7868522849196966,0.21072858146859297,1.3374636085060907,0.6743765454055929,0.2148098596350707,12.536029300492023,home_favorite,7-14,wk5-9
2022,5,Ball State,Northern Illinois,Mid-American,Mid-American,False,1,0.41823326385596293,0.4712494361077314,6.0,-2.8905326412663155,-0.1914148921321266,0.17192720125363067,-0.4601569212627483,-0.6228550155832092,-0.7862704048899715,-0.3854673338375063,-0.7755738325741619,1.182743293782641,0.5817667361440371,8.890532641266315,away_favorite,0-3,wk5-9
2022,5,Eastern Michigan,Massachusetts,Mid-American,FBS Independents,False,1,0.798609334481559,0.953564505277882,7.0,15.142159144868936,0.022512605496399857,-0.7180503348951146,-0.584801891783351,-0.8213285903546705,-0.23126840770203186,-1.3662111344467556,-0.18321605620438397,1.041284720321202,0.20139066551844098,-8.142159144868936,home_favorite,14-21,wk5-9
2022,5,South Florida,East Carolina,American Athletic,American Athletic,True,0,0.3564879409302464,0.1129642731158783,-20.0,-4.985887808835331,-0.026005339911827186,-0.1772308386312538,-0.29599859952713325,0.022692753113912806,0.023795765417875724,0.24612781259212535,-0.21416011914907387,0.8909849860184224,-0.3564879409302464,-15.014112191164669,away_favorite,3-7,wk5-9
2022,5,North Carolina,Virginia Tech,ACC,ACC,False,1,0.7124324128799123,0.7955199003127421,31.0,9.236879556526379,0.36142167749093523,0.05944743472460745,0.027025839855599865,0.0035709650219962474,0.6488761740827513,0.544583279833422,-0.4351891401825731,-1.3767727697852798,0.2875675871200877,21.76312044347362,home_favorite,7-14,wk5-9
2022,5,Kent State,Ohio,Mid-American,Mid-American,False,1,0.7301864523132194,0.6360768996878818,7.0,10.603086356494838,0.14723386906180286,-0.30679970534427264,-0.5647732590843959,-0.5829335751100135,-0.4349691386072225,-0.6663929871152977,-0.3865627555552032,-0.5545448115406628,0.26981354768678056,-3.6030863564948383,home_favorite,7-14,wk5-9
2022,5,Penn State,Northwestern,Big Ten,Big Ten,False,1,0.9192761252052983,0.9540716351028596,10.0,24.306574545519435,0.02334315826527414,-0.284253787565069,0.5071470818053967,-0.49808160022576253,0.8146231664358732,-0.23425480809692945,0.9528731119078021,-0.7888355738361719,0.08072387479470167,-14.306574545519435,home_favorite,21+,wk5-9
2022,5,Toledo,Central Michigan,Mid-American,Mid-American,False,1,0.5326172327609703,0.6049129020079569,21.0,1.2749434791993222,-0.061601384123268384,-0.07311041387427991,0.21526242179194188,0.19196570912362046,0.23963902442452503,0.027589646312895198,-0.055019224004954286,0.5506002936268337,0.4673827672390297,19.725056520800678,home_favorite,0-3,wk5-9
2022,5,Arkansas,Alabama,SEC,SEC,False,0,0.34813503930505574,0.06718834790965547,-23.0,-7.477528693491751,0.494637611318847,0.7533105369975095,0.592978736095259,1.058092101202073,1.2259360769210168,2.353271674916639,0.5992266782542035,0.028971803987775498,-0.34813503930505574,-15.52247130650825,away_favorite,7-14,wk5-9
2022,5,Kansas,Iowa State,Big 12,Big 12,False,1,0.41022732795467065,0.10299047362272698,3.0,-4.979188244024982,-0.0217969110493747,0.10363989454772775,-0.5645859036334492,0.08800024298785834,0.03476597695794549,-0.5186343911853365,0.8025733776050226,-1.040808657814361,0.5897726720453293,7.979188244024982,away_favorite,3-7,wk5-9
2022,5,Buffalo,Miami (OH),Mid-American,Mid-American,False,1,0.40574282185121835,0.5071950817090514,4.0,-3.92127334092534,0.002931928467075927,-0.06368205877940536,-0.06468856521473626,0.24532441782200956,-0.23242290234982,0.11780859675488548,-0.9435558885596212,0.48429158731678384,0.5942571781487817,7.921273340925341,away_favorite,3-7,wk5-9
2022,5,Akron,Bowling Green,Mid-American,Mid-American,False,0,0.16422485772769374,0.3211830802052434,-3.0,-16.255351773978713,-0.7168722851847078,-0.612289493279512,-0.980354691837253,-0.260009585656906,-1.0402111871568545,-0.2707624407928235,-1.5138107628260493,2.177373888433388,-0.16422485772769374,13.255351773978713,away_favorite,14-21,wk5-9
2022,5,UConn,Fresno State,FBS Independents,Mountain West,False,1,0.028992023240463665,0.06864593348005557,5.0,-34.62777070876744,-1.036118424630999,0.2520144687830661,-0.6395631185918779,0.34207158392960035,-0.9768202205676447,0.5502038212231437,-0.6252740982713824,1.3905105735541305,0.9710079767595363,39.62777070876744,away_favorite,21+,wk5-9
2022,5,Baylor,Oklahoma State,Big 12,Big 12,False,0,0.4400241406408712,0.5172625244323762,-11.0,-1.8105377627450339,0.456630152521104,0.14192579590164023,0.6684878077307741,0.8310255267790788,0.567279410456075,0.37855028501616744,-1.4872872803020296,1.58059553164294,-0.4400241406408712,-9.189462237254967,away_favorite,0-3,wk5-9
2022,5,Florida State,Wake Forest,ACC,ACC,False,0,0.5947875866468837,0.46551605527316847,-10.0,3.9997446777608276,0.34840968075329015,0.4023997294756178,0.43633537696658575,0.24874748584523218,1.0792183593743252,1.1290060876072743,0.8511997622323925,1.089911104948572,-0.5947875866468837,-13.999744677760827,home_favorite,3-7,wk5-9
2022,5,Maryland,Michigan State,Big Ten,Big Ten,False,1,0.4444500591019152,0.6104024220946891,14.0,-2.7270162873485035,0.408439234504098,0.37586418550426365,0.11254894324827536,0.5115042696869327,0.7126905945992754,1.2054523246231112,0.7318440908743027,0.7318440908743027,0.5555499408980848,16.727016287348505,away_favorite,0-3,wk5-9
2022,5,Ohio State,Rutgers,Big Ten,Big Ten,False,1,0.9529310715558073,0.9925568734814315,39.0,30.169805479266532,1.0410444412528517,-0.18920359534506653,0.6226947062141851,0.011020851564687573,2.1502505245084294,-0.30242362489087854,0.8909849860184224,0.44450636353075396,0.04706892844419275,8.830194520733468,home_favorite,21+,wk5-9
2022,5,North Texas,Florida Atlantic,Conference USA,Conference USA,False,1,0.6716345524811711,0.37599824138233284,17.0,7.492781499015484,-0.14214768193018507,-0.2887842458928615,0.1231593002311545,-0.1335434055547393,-0.11767683407196212,-0.15335330800467895,1.045705300741872,1.2357902588306808,0.3283654475188289,9.507218500984516,home_favorite,7-14,wk5-9
2022,5,Mississippi State,Texas A&M,SEC,SEC,False,1,0.7350975150228004,0.4626526828335072,18.0,10.824239844279054,0.8557470811705954,0.0711644504304994,0.5464132841646331,0.6932064828337314,2.023555206791805,0.6432484819867899,-0.5766477136440127,-0.2848894058797937,0.2649024849771996,7.175760155720946,home_favorite,7-14,wk5-9
2022,5,Louisiana,South Alabama,Sun Belt,Sun Belt,False,0,0.7938957799007094,0.8196458144946892,-3.0,14.133808094347616,0.21681053563810354,-0.45236925081792856,-0.03123910215894711,-0.15191322424560494,-0.05292905674295412,-0.5864977187667801,-0.8065178955188519,-0.9789205319249812,-0.7938957799007094,-17.133808094347614,home_favorite,14-21,wk5-9
2022,5,Washington State,California,Pac-12,Pac-12,False,1,0.5084955735498106,0.726830072276731,19.0,0.31021048434193954,-0.15509588463641902,-0.049312623135202384,-0.08977284968581892,-0.12165357625654509,-0.9136961750176329,-0.46560773427597585,-2.0619627349891276,-1.4784461194606897,0.49150442645018944,18.68978951565806,home_favorite,0-3,wk5-9
2022,5,Charlotte,UTEP,Conference USA,Conference USA,False,0,0.42515150418584335,0.29541540733727906,-6.0,-4.037683094206841,-0.3809507672785875,-0.3921449420632757,-0.6487962931931477,-0.07776766906346753,-0.3711661443615595,-0.11877584634475971,1.2932578042993907,0.3384124334346742,-0.42515150418584335,-1.962316905793159,away_favorite,3-7,wk5-9
2022,5,Old Dominion,Liberty,Sun Belt,FBS Independents,False,0,0.6740094417101485,0.3063120835780346,-14.0,6.820937970391258,-0.2552479009964372,-0.18655805580961876,-0.10775750622963752,-0.25239352328340725,0.18423921785911704,-1.3415665080143837,1.0678082028452218,-0.8197796367808619,-0.6740094417101485,-20.820937970391256,home_favorite,3-7,wk5-9
2022,5,Tulsa,Cincinnati,American Athletic,American Athletic,False,0,0.21454740902267633,0.20635925681183112,-10.0,-14.877564216410438,-0.03673309383912184,0.718540179420303,0.03195767497521229,0.6417320971646184,-0.01574054384882495,1.0367279138121288,0.18369211871122462,-1.2087907137998204,-0.21454740902267633,4.877564216410438,away_favorite,14-21,wk5-9
2022,5,Auburn,LSU,SEC,SEC,False,0,0.5765925245366172,0.4726840269935071,-4.0,3.054631508800058,0.40604538288883785,0.2692944647501302,0.5074922452182452,0.5552259841583058,0.6898189961400775,1.4294460257385344,-0.4130862380792231,-0.27162766461778376,-0.5765925245366172,-7.054631508800059,home_favorite,3-7,wk5-9
2022,5,Western Kentucky,Troy,Conference USA,Sun Belt,False,0,0.38115633091674295,0.9565291425886061,-7.0,-4.644264657511465,0.2938906346304037,-0.11662961792166132,-0.2722418320054854,0.3561768339894884,-0.08584858884219872,0.639399843324358,-1.6596899167081587,0.5727031957301836,-0.38115633091674295,-2.3557353424885346,away_favorite,3-7,wk5-9
2022,5,Arkansas State,UL Monroe,Sun Belt,Sun Belt,False,1,0.3816396483335644,0.7555188820711969,17.0,-4.516563022590002,-0.7324925881734076,-0.6311774902670171,-0.4439205893042125,-0.43964288032332266,-0.46614900199142395,-1.1732758182790235,-1.5138107628260493,1.2225285175686709,0.6183603516664355,21.516563022590002,away_favorite,3-7,wk5-9
2022,5,Coastal Carolina,Georgia Southern,Sun Belt,Sun Belt,False,1,0.8706571421173029,0.8780900739425958,4.0,20.18967797401341,0.5740297235416402,-0.42089793485675886,-0.06984127388375617,-0.32429090255629045,0.026701317265875324,-0.5562841181138546,0.1439068949251947,0.6611148041435829,0.12934285788269706,-16.18967797401341,home_favorite,14-21,wk5-9
2022,5,Nebraska,Indiana,Big Ten,Big Ten,False,1,0.7858745896259585,0.8100951586047567,14.0,13.840381874237412,0.2321803673404786,-0.23369847434665753,0.20038719781742348,-0.1660743054410869,0.3107392534284849,0.04432019213803867,-1.6729516579701686,-1.32814638515791,0.21412541037404154,0.15961812576258794,home_favorite,7-14,wk5-9
2022,5,Wyoming,San José State,Mountain West,Mountain West,False,0,0.37654833496360696,0.5573116337622928,-17.0,-5.1828799583983844,0.07552225778386551,-0.18920505348395023,-0.44409905049306575,0.17871345392136004,-0.40132777968706695,0.3960786839146185,-1.4165579935713097,0.01571006272576553,-0.37654833496360696,-11.817120041601616,away_favorite,3-7,wk5-9
2022,5,Duke,Virginia,ACC,ACC,False,1,0.200096771697518,0.29064536940123664,21.0,-14.348969200872915,-0.3123690544815999,0.3695693481329747,-0.3412201169733594,-0.06694241373972032,-0.28237354709106216,0.6281288641812085,-0.749050350050142,1.1385374895759417,0.7999032283024821,35.348969200872915,away_favorite,14-21,wk5-9
2022,5,Rice,UAB,Conference USA,Conference USA,False,1,0.21473912567633313,0.1663375308165619,4.0,-13.400844761990225,-0.27301041293244555,0.11426087226783169,-0.4702660355074896,0.007008415890771294,-0.3645424715933644,0.1192974189485392,-0.8418825388842118,1.1650609720999616,0.7852608743236669,17.400844761990225,away_favorite,7-14,wk5-9
2022,5,Missouri,Georgia,SEC,SEC,False,0,0.07421488779048213,0.028347259532676354,-4.0,-25.809830358019887,0.4253980988577767,0.9173695005700188,-0.02558172735824485,1.249630584771695,0.2673969099451578,1.9392338553719115,-0.9081912451942614,0.6080678390955435,-0.07421488779048213,21.809830358019887,away_favorite,21+,wk5-9
2022,5,Texas,West Virginia,Big 12,Big 12,False,1,0.6543002020647002,0.8590630023766738,18.0,6.009787079272145,0.5086369264165519,0.21204109911369415,0.08156794829392153,0.3580013019585629,0.5861682099449588,0.459922558821934,0.08643934945648486,-1.588960629977439,0.3456997979352998,11.990212920727856,home_favorite,3-7,wk5-9
2022,5,Clemson,NC State,ACC,ACC,False,1,0.6671836112253254,0.7751528656496841,10.0,7.56108278948903,0.43629398187484175,0.27452748857998677,0.9590792910018308,0.5776839424036647,1.4445061589046766,1.2330835247552265,-0.3865627555552032,0.6611148041435829,0.33281638877467457,2.4389172105109704,home_favorite,7-14,wk5-9
2022,5,Pittsburgh,Georgia Tech,ACC,ACC,False,0,0.8972965888435394,0.953564505277882,-5.0,23.0424046934949,0.5440107815335239,-0.1908994729960949,0.6495905847838812,-0.22813653248205293,1.1963296501300387,-0.049421867045866825,-1.1380614270691007,0.36935649637936413,-0.8972965888435394,-28.0424046934949,home_favorite,21+,wk5-9
2022,5,New Mexico State,Florida International,FBS Independents,Conference USA,False,0,0.6747478820394011,0.8238615285055724,-14.0,8.049589187740844,-0.621072366080188,-0.8627720168380502,-0.7943617993166491,-1.018580222099974,-1.2910683771668217,-0.7023193267601042,-1.2706788396892001,-0.44845088144458306,-0.6747478820394011,-22.049589187740843,home_favorite,7-14,wk5-9
2022,5,Arizona,Colorado,Pac-12,Pac-12,False,1,0.6451080481872096,0.7544540419421866,23.0,6.3371017047417695,-0.47070195528176684,-0.5540120219447138,-0.03514366696739451,-0.3400416508055157,-0.11508722189273012,-0.9583914424135573,0.07759818861514488,0.6566942237229129,0.35489195181279043,16.66289829525823,home_favorite,3-7,wk5-9
2022,5,USC,Arizona State,Pac-12,Pac-12,False,1,0.5799895850944428,0.784053683887815,17.0,3.1791954233031183,0.5009617220822438,0.41987690972843106,0.11189753718296619,0.22579860365117876,1.5425865278854285,0.25523964871157645,-1.4475020565159997,-1.7967279097489284,0.42001041490555724,13.820804576696881,home_favorite,3-7,wk5-9
2022,5,Oregon,Stanford,Pac-12,Pac-12,False,1,0.8300884354852182,0.8482810687127118,18.0,18.048965531671264,0.6382867712741604,-0.17930646509708764,0.22110404029874936,-0.37059291019920054,0.7994952451992444,-0.23971792537067532,-1.6906339796528487,1.3507253497681007,0.16991156451478184,-0.04896553167126427,home_favorite,14-21,wk5-9
2022,6,UCF,SMU,American Athletic,American Athletic,False,1,0.5425727803749749,0.5784967523447427,22.0,1.7101148645891053,0.3794923012245339,0.42961042576474356,0.26567378595098795,0.2562564558046273,0.662844109491722,0.932069770496436,0.40472113974472407,0.639011902040233,0.4574272196250251,20.289885135410895,home_favorite,0-3,wk5-9
2022,6,Rutgers,Nebraska,Big Ten,Big Ten,False,0,0.46451313834652297,0.3063120835780346,-1.0,-2.8195591941838365,-0.18920359534506653,0.2321803673404786,0.011020851564687573,0.20038719781742348,-0.30242362489087854,0.3107392534284849,0.44450636353075396,-1.6729516579701686,-0.46451313834652297,1.8195591941838365,away_favorite,0-3,wk5-9
2022,6,Memphis,Houston,American Athletic,American Athletic,False,0,0.17235825225092274,0.581301478368915,-1.0,-17.119631965288555,-0.012664596604318602,0.2660990580451109,-0.18841978053317082,0.8417368413955304,0.20108480486107672,1.3585797429189777,0.9175084685424423,0.9926583356938321,-0.17235825225092274,16.119631965288555,away_favorite,14-21,wk5-9
2022,6,Nevada,Colorado State,Mountain West,Mountain West,False,0,0.6012262251393223,0.8383969073869433,-3.0,4.546184952695942,-0.05486354648412478,-0.49626314527779436,-0.32583684906821864,-0.14741194527106274,-0.5479558030583757,-0.6349117107900408,-2.0840656370924773,-1.1866878116964703,-0.6012262251393223,-7.546184952695942,home_favorite,3-7,wk5-9
2022,6,San José State,UNLV,Mountain West,Mountain West,False,1,0.8209398656694291,0.6519120398746636,33.0,15.845041256323906,-0.18920505348395023,-0.6097622547158537,0.17871345392136004,-0.35246423245038216,0.3960786839146185,-0.5934857757790459,0.01571006272576553,-0.1345896715770141,0.17906013433057089,17.154958743676094,home_favorite,14-21,wk5-9
2022,6,Maryland,Purdue,Big Ten,Big Ten,False,0,0.5922644547235842,0.5658152030692333,-2.0,3.5734934288869176,0.408439234504098,0.1255380553754616,0.11254894324827536,0.3791258501985075,0.7126905945992754,0.7975856044257361,0.7318440908743027,0.24558024460060446,-0.5922644547235842,-5.573493428886918,home_favorite,3-7,wk5-9
2022,6,Oklahoma,Texas,Big 12,Big 12,True,0,0.6012105502060006,0.44553062597832394,-49.0,6.19965440413672,0.658298279905662,0.5086369264165519,0.5206629180821395,0.08156794829392153,1.0455674985680397,0.5861682099449588,-1.1866878116964703,0.08643934945648486,-0.6012105502060006,-55.19965440413672,home_favorite,3-7,wk5-9
2022,6,Virginia,Louisville,ACC,ACC,False,0,0.40448221254765404,0.36392310031211805,-17.0,-4.691214282342099,0.3695693481329747,0.6824222294552479,-0.06694241373972032,0.260660114234819,0.6281288641812085,1.681564780466193,1.1385374895759417,0.422403461427404,-0.40448221254765404,-12.308785717657901,away_favorite,3-7,wk5-9
2022,6,Indiana,Michigan,Big Ten,Big Ten,False,0,0.06124414147836989,0.026654290031059315,-21.0,-27.43774919477248,-0.23369847434665753,0.6751927915503485,-0.1660743054410869,0.6854275136101129,0.04432019213803867,1.440291208298126,-1.32814638515791,1.0368641399005318,-0.06124414147836989,6.437749194772479,away_favorite,21+,wk5-9
2022,6,Kansas,TCU,Big 12,Big 12,False,0,0.2877293696420873,0.20635925681183112,-7.0,-9.742543905686746,-0.0217969110493747,0.369527672575048,-0.5645859036334492,-0.10952338630802752,0.03476597695794549,0.7911804500783419,0.8025733776050226,1.3330430280854206,-0.2877293696420873,2.7425439056867464,away_favorite,7-14,wk5-9
2022,6,Mississippi State,Arkansas,SEC,SEC,False,1,0.6094857103866098,0.6049129020079569,23.0,5.096475347797017,0.8557470811705954,0.494637611318847,0.5464132841646331,0.592978736095259,2.023555206791805,1.2259360769210168,-0.5766477136440127,0.5992266782542035,0.3905142896133902,17.903524652202982,home_favorite,3-7,wk5-9
2022,6,LSU,Tennessee,SEC,SEC,False,0,0.5120323027827539,0.33258157812677697,-27.0,0.7752536056959833,0.2692944647501302,0.6255559167997339,0.5552259841583058,0.17206521051315596,1.4294460257385344,0.8674319362863576,-0.27162766461778376,0.9617142727491421,-0.5120323027827539,-27.775253605695983,home_favorite,0-3,wk5-9
2022,6,Florida,Missouri,SEC,SEC,False,1,0.6736246413224756,0.750163481828642,7.0,7.7548200952676645,0.44811175442272,0.4253980988577767,0.2921145690660609,-0.02558172735824485,0.5957589597141401,0.2673969099451578,-1.040808657814361,-0.9081912451942614,0.32637535867752443,-0.7548200952676645,home_favorite,7-14,wk5-9
2022,6,Bowling Green,Buffalo,Mid-American,Mid-American,False,0,0.4473167280611161,0.2520004588039456,-31.0,-4.040541459493067,-0.612289493279512,0.002931928467075927,-0.260009585656906,-0.06468856521473626,-0.2707624407928235,-0.23242290234982,2.177373888433388,-0.9435558885596212,-0.4473167280611161,-26.959458540506933,away_favorite,3-7,wk5-9
2022,6,Western Michigan,Eastern Michigan,Mid-American,Mid-American,False,0,0.8466998134253352,0.654519994382466,-22.0,18.3007301125646,0.17021586332394317,0.022512605496399857,0.4411554683841786,-0.584801891783351,-0.31405227170239663,-0.23126840770203186,-1.018705755711011,-0.18321605620438397,-0.8466998134253352,-40.3007301125646,home_favorite,14-21,wk5-9
2022,6,Ohio,Akron,Mid-American,Mid-American,False,1,0.8305904795627417,0.8898878421811328,21.0,16.41775430789121,-0.30679970534427264,-0.7168722851847078,-0.5829335751100135,-0.980354691837253,-0.6663929871152977,-1.0402111871568545,-0.5545448115406628,-1.5138107628260493,0.16940952043725832,4.582245692108788,home_favorite,14-21,wk5-9
2022,6,Georgia State,Georgia Southern,Sun Belt,Sun Belt,False,1,0.9307177511088925,0.6887735686687132,8.0,26.277689872145363,0.39927030297150407,-0.42089793485675886,0.4293936626736281,-0.32429090255629045,0.9390663426780792,-0.5562841181138546,1.3065195455614007,0.6611148041435829,0.06928224889110746,-18.277689872145363,home_favorite,21+,wk5-9
2022,6,Cincinnati,South Florida,American Athletic,American Athletic,False,1,0.9189340590254286,0.9820268840033544,4.0,25.40491122545257,0.718540179420303,-0.026005339911827186,0.6417320971646184,-0.29599859952713325,1.0367279138121288,0.023795765417875724,-1.2087907137998204,-0.21416011914907387,0.08106594097457143,-21.40491122545257,home_favorite,21+,wk5-9
2022,6,Miami (OH),Kent State,Mid-American,Mid-American,False,1,0.7803892940822461,0.7639246991448386,3.0,13.094746525871397,-0.06368205877940536,0.14723386906180286,0.24532441782200956,-0.5647732590843959,0.11780859675488548,-0.4349691386072225,0.48429158731678384,-0.3865627555552032,0.2196107059177539,-10.094746525871397,home_favorite,7-14,wk5-9
2022,6,Georgia,Auburn,SEC,SEC,False,1,0.8971664320066173,0.9627593093435715,32.0,21.983007139979904,0.9173695005700188,0.40604538288883785,1.249630584771695,0.5074922452182452,1.9392338553719115,0.6898189961400775,0.6080678390955435,-0.4130862380792231,0.10283356799338272,10.016992860020096,home_favorite,21+,wk5-9
2022,6,UAB,Middle Tennessee,Conference USA,Conference USA,False,1,0.7709097044464501,0.7830774434096761,27.0,12.638406145627814,0.11426087226783169,-0.29632482921676045,0.007008415890771294,-0.2317544779478146,0.1192974189485392,0.07239646073282631,1.1650609720999616,0.7451058321363127,0.22909029555354987,14.361593854372186,home_favorite,7-14,wk5-9
2022,6,Pittsburgh,Virginia Tech,ACC,ACC,False,1,0.8638219535149815,0.904220144369614,16.0,19.198487937062573,0.5440107815335239,0.05944743472460745,0.6495905847838812,0.0035709650219962474,1.1963296501300387,0.544583279833422,-1.1380614270691007,-1.3767727697852798,0.13617804648501852,-3.1984879370625734,home_favorite,14-21,wk5-9
2022,6,Massachusetts,Liberty,FBS Independents,FBS Independents,False,0,0.3052987900723621,0.026063377637923706,-18.0,-10.030807819210953,-0.7180503348951146,-0.18655805580961876,-0.8213285903546705,-0.25239352328340725,-1.3662111344467556,-1.3415665080143837,1.041284720321202,-0.8197796367808619,-0.3052987900723621,-7.969192180789047,away_favorite,7-14,wk5-9
2022,6,Northern Illinois,Toledo,Mid-American,Mid-American,False,0,0.43551665916804494,0.3572869311673796,-20.0,-3.590966722292483,0.17192720125363067,-0.061601384123268384,-0.6228550155832092,0.21526242179194188,-0.3854673338375063,0.23963902442452503,1.182743293782641,-0.055019224004954286,-0.43551665916804494,-16.40903327770752,away_favorite,3-7,wk5-9
2022,6,Oklahoma State,Texas Tech,Big 12,Big 12,False,1,0.7695963493549588,0.8937746801781464,10.0,12.068715615088157,0.14192579590164023,0.38645930041777976,0.8310255267790788,0.07864957322202494,0.37855028501616744,0.5577240554745055,1.58059553164294,0.08643934945648486,0.2304036506450412,-2.0687156150881574,home_favorite,7-14,wk5-9
2022,6,Navy,Tulsa,American Athletic,American Athletic,False,1,0.20949798778948137,0.39096739659576046,32.0,-14.055356733913694,-0.6939706039840705,-0.03673309383912184,-0.21488963945061743,0.03195767497521229,-1.1593142292899565,-0.01574054384882495,-1.37235218936461,0.18369211871122462,0.7905020122105186,46.0553567339137,away_favorite,14-21,wk5-9
2022,6,Central Michigan,Ball State,Mid-American,Mid-American,False,0,0.8276639784004584,0.7447304068650347,-1.0,15.978568025876896,-0.07311041387427991,-0.1914148921321266,0.19196570912362046,-0.4601569212627483,0.027589646312895198,-0.7862704048899715,0.5506002936268337,-0.7755738325741619,-0.8276639784004584,-16.978568025876896,home_favorite,14-21,wk5-9
2022,6,Tulane,East Carolina,American Athletic,American Athletic,False,1,0.643833095505947,0.5330513938844411,15.0,5.872188215986697,-0.05831678293952044,-0.1772308386312538,0.10439867313903253,0.022692753113912806,0.09666257799364703,0.24612781259212535,1.4037723148161405,0.8909849860184224,0.35616690449405297,9.127811784013304,home_favorite,3-7,wk5-9
2022,6,UCLA,Utah,Pac-12,Pac-12,False,1,0.41975643604423096,0.34808796012533627,10.0,-3.3276802881398635,0.6858567804532446,0.5554441585418318,0.17234505644603232,0.6051114973545886,0.934152676836182,0.7868522849196966,0.3074683704899843,1.3374636085060907,0.580243563955769,13.327680288139863,away_favorite,3-7,wk5-9
2022,6,Northwestern,Wisconsin,Big Ten,Big Ten,False,0,0.060944789909295874,0.18378310342439722,-35.0,-27.921737289455372,-0.284253787565069,0.27398870799189634,-0.49808160022576253,0.8425956288889498,-0.23425480809692945,0.6707019011290232,-0.7888355738361719,0.5638620348888437,-0.060944789909295874,-7.078262710544628,away_favorite,21+,wk5-9
2022,6,Arizona State,Washington,Pac-12,Pac-12,False,1,0.6031886897371288,0.43418479693076684,7.0,5.611300539771465,0.41987690972843106,0.0015914555010854911,0.22579860365117876,0.056737694064616956,0.25523964871157645,0.26507529477018427,-1.7967279097489284,1.257893160934031,0.3968113102628712,1.3886994602285352,home_favorite,3-7,wk5-9
2022,6,Georgia Tech,Duke,ACC,ACC,False,1,0.6888491910001717,0.5129491448928637,3.0,7.897276318006799,-0.1908994729960949,-0.3123690544815999,-0.22813653248205293,-0.3412201169733594,-0.049421867045866825,-0.28237354709106216,0.36935649637936413,-0.749050350050142,0.3111508089998283,-4.897276318006799,home_favorite,7-14,wk5-9
2022,6,Michigan State,Ohio State,Big Ten,Big Ten,False,0,0.31127807358408877,0.0518079388895503,-29.0,-8.832303919840829,0.37586418550426365,1.0410444412528517,0.5115042696869327,0.6226947062141851,1.2054523246231112,2.1502505245084294,0.7318440908743027,0.8909849860184224,-0.31127807358408877,-20.16769608015917,away_favorite,7-14,wk5-9
2022,6,Vanderbilt,Ole Miss,SEC,SEC,False,0,0.21568786246625898,0.1347802947714417,-24.0,-15.303753190017503,-0.4173528233842389,0.5366406117449369,-0.4719606603066304,0.1595157151494885,-0.4770592157044151,0.9332286463609405,0.422403461427404,-2.2697300147606168,-0.21568786246625898,-8.696246809982497,away_favorite,14-21,wk5-9
2022,6,Miami,North Carolina,ACC,ACC,False,0,0.6937624988054124,0.46551605527316847,-3.0,8.22177697000627,0.29026547074305287,0.36142167749093523,0.35228521706520516,0.027025839855599865,1.053246779853045,0.6488761740827513,0.5859649369921935,-0.4351891401825731,-0.6937624988054124,-11.22177697000627,home_favorite,7-14,wk5-9
2022,6,UTSA,Western Kentucky,Conference USA,Conference USA,False,1,0.7798838069007235,0.2340053292335112,3.0,12.344722098040958,0.20935527467112108,0.2938906346304037,0.09042671673977447,-0.2722418320054854,0.8931244955480543,-0.08584858884219872,1.226949097989341,-1.6596899167081587,0.22011619309927655,-9.344722098040958,home_favorite,7-14,wk5-9
2022,6,Texas State,App State,Sun Belt,Sun Belt,False,1,0.16916058239656728,0.11124535438232165,12.0,-17.324910743074838,-0.20857972255975946,0.14736211952344222,-0.4154626095068236,0.5677964601867576,0.1626464894978171,0.34262116172396206,-0.010813419798254401,0.04223354524978546,0.8308394176034327,29.324910743074838,away_favorite,14-21,wk5-9
2022,6,Florida International,UConn,Conference USA,FBS Independents,False,0,0.4986094307110035,0.469815319996098,-21.0,-0.49696747551002085,-0.8627720168380502,-1.036118424630999,-1.018580222099974,-0.6395631185918779,-0.7023193267601042,-0.9768202205676447,-0.44845088144458306,-0.6252740982713824,-0.4986094307110035,-20.503032524489978,away_favorite,0-3,wk5-9
2022,6,Louisiana Tech,UTEP,Conference USA,Conference USA,False,1,0.33703707456082044,0.4075337694156682,10.0,-7.1655966957682455,-0.42894931752492654,-0.3921449420632757,-0.5220038689715432,-0.07776766906346753,-0.5981961717274974,-0.11877584634475971,-0.9877616927663212,0.3384124334346742,0.6629629254391796,17.165596695768244,away_favorite,7-14,wk5-9
2022,6,Troy,Southern Miss,Sun Belt,Sun Belt,False,1,0.8902854048918358,0.777153105314726,17.0,21.727414588660327,-0.11662961792166132,-0.9069180998239592,0.3561768339894884,-0.31703880768091663,0.639399843324358,-0.6389747540609998,0.5727031957301836,1.028022979059192,0.10971459510816417,-4.727414588660327,home_favorite,21+,wk5-9
2022,6,New Mexico,Wyoming,Mountain West,Mountain West,False,0,0.28404049340377635,0.3520169867496943,-13.0,-10.53778540787552,-0.9783710924818886,0.07552225778386551,-0.3210901627405586,-0.44409905049306575,-1.0377015126216258,-0.40132777968706695,-1.031967496973021,-1.4165579935713097,-0.28404049340377635,-2.4622145921244805,away_favorite,7-14,wk5-9
2022,6,Utah State,Air Force,Mountain West,Mountain West,False,1,0.16844269202017303,0.18292116580002576,7.0,-16.605491348174183,-0.4571288962734097,0.48742456867655715,0.14589467734082417,0.2363069692523554,-0.5407876573573052,0.6763724366342,-1.2043701333791503,0.8290968601290425,0.831557307979827,23.605491348174183,away_favorite,14-21,wk5-9
2022,6,Wake Forest,Army,ACC,FBS Independents,False,1,0.7593025016048933,0.8238615285055724,35.0,11.894965765207731,0.4023997294756178,0.2273330748400889,0.24874748584523218,-0.09964479973180013,1.1290060876072743,-0.302719608244097,1.089911104948572,0.3207301117519943,0.24069749839510668,23.10503423479227,home_favorite,7-14,wk5-9
2022,6,Notre Dame,BYU,FBS Independents,FBS Independents,True,1,0.724672974512495,0.7081663882812006,8.0,11.98024023343556,0.3611311053052574,0.40670439273061254,0.7188417231644424,-0.27959040975698524,1.278945664119902,-0.8436480290270001,-0.5633859723820027,0.2942066292279743,0.275327025487505,-3.980240233435561,home_favorite,7-14,wk5-9
2022,6,Iowa State,Kansas State,Big 12,Big 12,False,0,0.3965366558257634,0.7233878694391705,-1.0,-4.465481443889237,0.10363989454772775,0.2675369928939497,0.08800024298785834,0.2733316997863087,-0.5186343911853365,0.36426824857860957,-1.040808657814361,-0.01965458063959438,-0.3965366558257634,3.465481443889237,away_favorite,3-7,wk5-9
2022,6,USC,Washington State,Pac-12,Pac-12,False,1,0.827672697699586,0.6387377491117249,16.0,16.303250784773336,0.5009617220822438,-0.15509588463641902,0.11189753718296619,-0.08977284968581892,1.5425865278854285,-0.9136961750176329,-1.4475020565159997,-2.0619627349891276,0.17232730230041404,-0.30325078477333633,home_favorite,14-21,wk5-9
2022,6,Kentucky,South Carolina,SEC,SEC,False,0,0.6687113852617423,0.8029091701538159,-10.0,7.397113279526282,0.5220063287196628,0.03927935493562848,0.24175664865284768,0.36151634766123875,0.7744755672843939,0.8950743134879353,0.33399185301400425,0.4710298460547739,-0.6687113852617423,-17.39711327952628,home_favorite,7-14,wk5-9
2022,6,Boston College,Clemson,ACC,ACC,False,0,0.1388537157764072,0.08535924209948728,-28.0,-20.12816306431925,-0.20004142221077786,0.43629398187484175,-0.004495973582749734,0.9590792910018308,0.12418516989795675,1.4445061589046766,0.40030055932405406,-0.3865627555552032,-0.1388537157764072,-7.871836935680751,away_favorite,14-21,wk5-9
2022,6,Illinois,Iowa,Big Ten,Big Ten,False,1,0.4046988603285532,0.5993967967092568,3.0,-3.9595084823905684,-0.01650146531252296,-0.15020560246252157,0.08258856776031895,0.4073408133330162,0.5107286200171629,0.9850099289509121,0.02013064314643552,1.65132481837366,0.5953011396714468,6.959508482390568,away_favorite,3-7,wk5-9
2022,6,UL Monroe,Coastal Carolina,Sun Belt,Sun Belt,False,0,0.16448096901522075,0.048784185889897975,-7.0,-18.022656653411314,-0.6311774902670171,0.5740297235416402,-0.43964288032332266,-0.06984127388375617,-1.1732758182790235,0.026701317265875324,1.2225285175686709,0.1439068949251947,-0.16448096901522075,11.022656653411314,away_favorite,14-21,wk5-9
2022,6,NC State,Florida State,ACC,ACC,False,1,0.567105834479888,0.7069752948085409,2.0,2.650966134631311,0.27452748857998677,0.34840968075329015,0.5776839424036647,0.43633537696658575,1.2330835247552265,1.0792183593743252,0.6611148041435829,0.8511997622323925,0.43289416552011195,-0.6509661346313109,home_favorite,0-3,wk5-9
2022,6,Alabama,Texas A&M,SEC,SEC,False,1,0.8411857414221244,0.9688292506827381,4.0,17.206054628580464,0.7533105369975095,0.0711644504304994,1.058092101202073,0.6932064828337314,2.353271674916639,0.6432484819867899,0.028971803987775498,-0.2848894058797937,0.15881425857787557,-13.206054628580464,home_favorite,14-21,wk5-9
2022,6,Arizona,Oregon,Pac-12,Pac-12,False,0,0.2279942099100199,0.2859210974146497,-27.0,-14.234424655972663,-0.47070195528176684,0.6382867712741604,-0.03514366696739451,0.22110404029874936,-0.11508722189273012,0.7994952451992444,0.07759818861514488,-1.6906339796528487,-0.2279942099100199,-12.765575344027337,away_favorite,14-21,wk5-9
2022,6,Boise State,Fresno State,Mountain West,Mountain West,False,1,0.37497807257471083,0.7152527510491987,20.0,-5.566707279168913,-0.05722620654936367,0.2520144687830661,0.24469258348707218,0.34207158392960035,0.37194450358195874,0.5502038212231437,0.4533475243720939,1.3905105735541305,0.6250219274252892,25.566707279168913,away_favorite,3-7,wk5-9
2022,6,San Diego State,Hawai'i,Mountain West,Mountain West,False,1,0.8485914851990277,0.8898878421811328,2.0,17.780425574516705,0.08697587881013369,-0.5904459490913223,0.20668591317830323,-0.15605031183852397,-0.04557500167858412,-1.177892815633967,-0.9302941472976113,-1.4032962523092998,0.15140851480097228,-15.780425574516705,home_favorite,14-21,wk5-9
2022,6,Stanford,Oregon State,Pac-12,Pac-12,False,0,0.27364718370806346,0.2630052394593107,-1.0,-11.074696156063357,-0.17930646509708764,0.45620678924863084,-0.37059291019920054,0.05065644758414837,-0.23971792537067532,0.21072858146859297,1.3507253497681007,0.6743765454055929,-0.27364718370806346,10.074696156063357,away_favorite,7-14,wk5-9
2022,7,Marshall,Louisiana,Sun Belt,Sun Belt,False,0,0.6831298584660552,0.46122190794282847,-10.0,7.907295842853221,0.40266317923933276,0.21681053563810354,0.03899613607411852,-0.03123910215894711,0.30940892507539774,-0.05292905674295412,-0.17437489536304399,-0.8065178955188519,-0.6831298584660552,-17.907295842853223,home_favorite,7-14,wk5-9
2022,7,West Virginia,Baylor,Big 12,Big 12,False,1,0.36918831241325945,0.2487592064662893,3.0,-6.187159830702349,0.21204109911369415,0.456630152521104,0.3580013019585629,0.6684878077307741,0.459922558821934,0.567279410456075,-1.588960629977439,-1.4872872803020296,0.6308116875867406,9.187159830702349,away_favorite,3-7,wk5-9
2022,7,UCF,Temple,American Athletic,American Athletic,False,1,0.897730433938972,0.9761752799793126,57.0,22.662968380457755,0.3794923012245339,-0.32528856632797076,0.26567378595098795,-0.4477419902665153,0.662844109491722,-0.4326386717435958,0.40472113974472407,0.7274235104536327,0.102269566061028,34.337031619542245,home_favorite,21+,wk5-9
2022,7,SMU,Navy,American Athletic,American Athletic,False,1,0.9495073886083218,0.7245382428425361,6.0,28.84220908018822,0.42961042576474356,-0.6939706039840705,0.2562564558046273,-0.21488963945061743,0.932069770496436,-1.1593142292899565,0.639011902040233,-1.37235218936461,0.050492611391678155,-22.84220908018822,home_favorite,21+,wk5-9
2022,7,Florida International,UTSA,Conference USA,Conference USA,False,0,0.03898382412985312,0.03849902482646369,-20.0,-31.937558100055124,-0.8627720168380502,0.20935527467112108,-1.018580222099974,0.09042671673977447,-0.7023193267601042,0.8931244955480543,-0.44845088144458306,1.226949097989341,-0.03898382412985312,11.937558100055124,away_favorite,21+,wk5-9
2022,7,Oklahoma,Kansas,Big 12,Big 12,False,1,0.9131977029693127,0.834459181708983,10.0,25.17519959892997,0.658298279905662,-0.0217969110493747,0.5206629180821395,-0.5645859036334492,1.0455674985680397,0.03476597695794549,-1.1866878116964703,0.8025733776050226,0.08680229703068731,-15.175199598929972,home_favorite,21+,wk5-9
2022,7,Coastal Carolina,Old Dominion,Sun Belt,Sun Belt,False,0,0.7808192761576878,0.8870357268841216,-28.0,13.86322385855004,0.5740297235416402,-0.2552479009964372,-0.06984127388375617,-0.10775750622963752,0.026701317265875324,0.18423921785911704,0.1439068949251947,1.0678082028452218,-0.7808192761576878,-41.86322385855004,home_favorite,7-14,wk5-9
2022,7,Bowling Green,Miami (OH),Mid-American,Mid-American,False,1,0.29731075349757086,0.15546047176996494,4.0,-10.523837871599435,-0.612289493279512,-0.06368205877940536,-0.260009585656906,0.24532441782200956,-0.2707624407928235,0.11780859675488548,2.177373888433388,0.48429158731678384,0.7026892465024291,14.523837871599435,away_favorite,7-14,wk5-9
2022,7,Akron,Central Michigan,Mid-American,Mid-American,False,0,0.06068911342558947,0.09283006384728522,-7.0,-27.62726435079575,-0.7168722851847078,-0.07311041387427991,-0.980354691837253,0.19196570912362046,-1.0402111871568545,0.027589646312895198,-1.5138107628260493,0.5506002936268337,-0.06068911342558947,20.62726435079575,away_favorite,21+,wk5-9
2022,7,Illinois,Minnesota,Big Ten,Big Ten,False,1,0.4086782204745322,0.4827374755676238,12.0,-3.7799551453915297,-0.01650146531252296,0.14311871189316178,0.08258856776031895,0.16883309285608322,0.5107286200171629,0.287354105695924,0.02013064314643552,1.4170340560781505,0.5913217795254678,15.77995514539153,away_favorite,3-7,wk5-9
2022,7,Michigan,Penn State,Big Ten,Big Ten,False,1,0.7940020759440904,0.8170788341999742,24.0,14.09889727908387,0.6751927915503485,0.02334315826527414,0.6854275136101129,0.5071470818053967,1.440291208298126,0.8146231664358732,1.0368641399005318,0.9528731119078021,0.20599792405590955,9.90110272091613,home_favorite,14-21,wk5-9
2022,7,Texas,Iowa State,Big 12,Big 12,False,1,0.7405554847762597,0.7458232083504994,3.0,10.685368034569393,0.5086369264165519,0.10363989454772775,0.08156794829392153,0.08800024298785834,0.5861682099449588,-0.5186343911853365,0.08643934945648486,-1.040808657814361,0.25944451522374035,-7.685368034569393,home_favorite,7-14,wk5-9
2022,7,Ole Miss,Auburn,SEC,SEC,False,1,0.4028848262588398,0.8504903015468027,14.0,-3.7730099460701934,0.5366406117449369,0.40604538288883785,0.1595157151494885,0.5074922452182452,0.9332286463609405,0.6898189961400775,-2.2697300147606168,-0.4130862380792231,0.5971151737411602,17.773009946070193,away_favorite,3-7,wk5-9
2022,7,Virginia Tech,Miami,ACC,ACC,False,0,0.2844441189897494,0.29661499652817136,-6.0,-9.51096141156468,0.05944743472460745,0.29026547074305287,0.0035709650219962474,0.35228521706520516,0.544583279833422,1.053246779853045,-1.3767727697852798,0.5859649369921935,-0.2844441189897494,3.5109614115646792,away_favorite,7-14,wk5-9
2022,7,Massachusetts,Buffalo,FBS Independents,Mid-American,False,0,0.21178200496452573,0.05776430503675303,-27.0,-15.279101332091987,-0.7180503348951146,0.002931928467075927,-0.8213285903546705,-0.06468856521473626,-1.3662111344467556,-0.23242290234982,1.041284720321202,-0.9435558885596212,-0.21178200496452573,-11.720898667908013,away_favorite,14-21,wk5-9
2022,7,Ball State,UConn,Mid-American,FBS Independents,False,1,0.8325099468063875,0.8437822479242926,4.0,16.87509121279302,-0.1914148921321266,-1.036118424630999,-0.4601569212627483,-0.6395631185918779,-0.7862704048899715,-0.9768202205676447,-0.7755738325741619,-0.6252740982713824,0.16749005319361254,-12.87509121279302,home_favorite,14-21,wk5-9
2022,7,Colorado,California,Pac-12,Pac-12,False,1,0.42919822595703017,0.15774132752957445,7.0,-4.389594527613969,-0.5540120219447138,-0.049312623135202384,-0.3400416508055157,-0.12165357625654509,-0.9583914424135573,-0.46560773427597585,0.6566942237229129,-1.4784461194606897,0.5708017740429698,11.38959452761397,away_favorite,3-7,wk5-9
2022,7,Syracuse,NC State,ACC,ACC,False,1,0.3872415474519024,0.4327711556570478,15.0,-5.388716823352203,0.08366361878133022,0.27452748857998677,0.27565490232047546,0.5776839424036647,0.4961879566771521,1.2330835247552265,0.5815443565715236,0.6611148041435829,0.6127584525480976,20.388716823352205,away_favorite,3-7,wk5-9
2022,7,Troy,Texas State,Sun Belt,Sun Belt,False,1,0.8206422581959646,0.8100951586047567,3.0,15.717657520005003,-0.11662961792166132,-0.20857972255975946,0.3561768339894884,-0.4154626095068236,0.639399843324358,0.1626464894978171,0.5727031957301836,-0.010813419798254401,0.1793577418040354,-12.717657520005003,home_favorite,14-21,wk5-9
2022,7,BYU,Arkansas,FBS Independents,SEC,False,0,0.25917229855375057,0.6280448056219418,-17.0,-11.446567872996496,0.40670439273061254,0.494637611318847,-0.27959040975698524,0.592978736095259,-0.8436480290270001,1.2259360769210168,0.2942066292279743,0.5992266782542035,-0.25917229855375057,-5.553432127003504,away_favorite,7-14,wk5-9
2022,7,Tennessee,Alabama,SEC,SEC,False,1,0.28905180283529164,0.20730361582423143,3.0,-10.459092203680786,0.6255559167997339,0.7533105369975095,0.17206521051315596,1.058092101202073,0.8674319362863576,2.353271674916639,0.9617142727491421,0.028971803987775498,0.7109481971647084,13.459092203680786,away_favorite,7-14,wk5-9
2022,7,TCU,Oklahoma State,Big 12,Big 12,False,1,0.3173350410168001,0.34808796012533627,3.0,-8.58474746345461,0.369527672575048,0.14192579590164023,-0.10952338630802752,0.8310255267790788,0.7911804500783419,0.37855028501616744,1.3330430280854206,1.58059553164294,0.6826649589831999,11.58474746345461,away_favorite,7-14,wk5-9
2022,7,Eastern Michigan,Northern Illinois,Mid-American,Mid-American,False,0,0.48362862198404555,0.6712405808158318,-29.0,-0.18030807851228703,0.022512605496399857,0.17192720125363067,-0.584801891783351,-0.6228550155832092,-0.23126840770203186,-0.3854673338375063,-0.18321605620438397,1.182743293782641,-0.48362862198404555,-28.819691921487713,away_favorite,0-3,wk5-9
2022,7,Toledo,Kent State,Mid-American,Mid-American,False,1,0.7539581066092399,0.8526729520561114,21.0,11.755656495651866,-0.061601384123268384,0.14723386906180286,0.21526242179194188,-0.5647732590843959,0.23963902442452503,-0.4349691386072225,-0.055019224004954286,-0.3865627555552032,0.2460418933907601,9.244343504348134,home_favorite,7-14,wk5-9
2022,7,UAB,Charlotte,Conference USA,Conference USA,False,1,0.8622427208810829,0.9590873001033207,14.0,19.280418868872868,0.11426087226783169,-0.3809507672785875,0.007008415890771294,-0.6487962931931477,0.1192974189485392,-0.3711661443615595,1.1650609720999616,1.2932578042993907,0.1377572791189171,-5.280418868872868,home_favorite,14-21,wk5-9
2022,7,Middle Tennessee,Western Kentucky,Conference USA,Conference USA,False,0,0.5121143939775792,0.09728596573147821,-18.0,-0.720296244905068,-0.29632482921676045,0.2938906346304037,-0.2317544779478146,-0.2722418320054854,0.07239646073282631,-0.08584858884219872,0.7451058321363127,-1.6596899167081587,-0.5121143939775792,-17.279703755094932,home_favorite,0-3,wk5-9
2022,7,Western Michigan,Ohio,Mid-American,Mid-American,False,0,0.904120673903352,0.6185841220890307,-19.0,23.371097507270918,0.17021586332394317,-0.30679970534427264,0.4411554683841786,-0.5829335751100135,-0.31405227170239663,-0.6663929871152977,-1.018705755711011,-0.5545448115406628,-0.904120673903352,-42.37109750727092,home_favorite,21+,wk5-9
2022,7,Georgia,Vanderbilt,SEC,SEC,False,1,0.9929177325574605,0.9908586214747741,55.0,46.802440329883105,0.9173695005700188,-0.4173528233842389,1.249630584771695,-0.4719606603066304,1.9392338553719115,-0.4770592157044151,0.6080678390955435,0.422403461427404,0.0070822674425394805,8.197559670116895,home_favorite,21+,wk5-9
2022,7,Indiana,Maryland,Big Ten,Big Ten,False,0,0.19904154580042271,0.19800335588556686,-5.0,-14.390990091489883,-0.23369847434665753,0.408439234504098,-0.1660743054410869,0.11254894324827536,0.04432019213803867,0.7126905945992754,-1.32814638515791,0.7318440908743027,-0.19904154580042271,9.390990091489883,away_favorite,14-21,wk5-9
2022,7,Michigan State,Wisconsin,Big Ten,Big Ten,False,1,0.48134342707576305,0.33130504369266833,6.0,-1.3379297141035074,0.37586418550426365,0.27398870799189634,0.5115042696869327,0.8425956288889498,1.2054523246231112,0.6707019011290232,0.7318440908743027,0.5638620348888437,0.518656572924237,7.337929714103508,away_favorite,0-3,wk5-9
2022,7,South Florida,Tulane,American Athletic,American Athletic,False,0,0.3638122260547775,0.1608246821473244,-14.0,-5.707102667338212,-0.026005339911827186,-0.05831678293952044,-0.29599859952713325,0.10439867313903253,0.023795765417875724,0.09666257799364703,-0.21416011914907387,1.4037723148161405,-0.3638122260547775,-8.292897332661788,away_favorite,3-7,wk5-9
2022,7,North Texas,Louisiana Tech,Conference USA,Conference USA,False,1,0.8739674030987388,0.7336337024138074,20.0,19.406287882379104,-0.14214768193018507,-0.42894931752492654,0.1231593002311545,-0.5220038689715432,-0.11767683407196212,-0.5981961717274974,1.045705300741872,-0.9877616927663212,0.12603259690126123,0.5937121176208962,home_favorite,14-21,wk5-9
2022,7,Washington,Arizona,Pac-12,Pac-12,False,1,0.7702413945879792,0.8829346041256821,10.0,12.209206957218349,0.0015914555010854911,-0.47070195528176684,0.056737694064616956,-0.03514366696739451,0.26507529477018427,-0.11508722189273012,1.257893160934031,0.07759818861514488,0.22975860541202076,-2.209206957218349,home_favorite,7-14,wk5-9
2022,7,Florida Atlantic,Rice,Conference USA,Conference USA,False,1,0.7511999267621627,0.7721286734685839,3.0,10.844962369456772,-0.2887842458928615,-0.27301041293244555,-0.1335434055547393,-0.4702660355074896,-0.15335330800467895,-0.3645424715933644,1.2357902588306808,-0.8418825388842118,0.24880007323783726,-7.844962369456772,home_favorite,7-14,wk5-9
2022,7,Southern Miss,Arkansas State,Sun Belt,Sun Belt,False,1,0.652521352281286,0.6104024220946891,1.0,5.370913352490661,-0.9069180998239592,-0.7324925881734076,-0.31703880768091663,-0.4439205893042125,-0.6389747540609998,-0.46614900199142395,1.028022979059192,-1.5138107628260493,0.34747864771871395,-4.370913352490661,home_favorite,3-7,wk5-9
2022,7,Colorado State,Utah State,Mountain West,Mountain West,False,0,0.4350317270830044,0.34158547908308745,-4.0,-3.3631706184957335,-0.49626314527779436,-0.4571288962734097,-0.14741194527106274,0.14589467734082417,-0.6349117107900408,-0.5407876573573052,-1.1866878116964703,-1.2043701333791503,-0.4350317270830044,-0.6368293815042665,away_favorite,3-7,wk5-9
2022,7,Florida,LSU,SEC,SEC,False,0,0.49296606736972604,0.5629847281035958,-10.0,-0.31621195316077433,0.44811175442272,0.2692944647501302,0.2921145690660609,0.5552259841583058,0.5957589597141401,1.4294460257385344,-1.040808657814361,-0.27162766461778376,-0.49296606736972604,-9.683788046839226,away_favorite,0-3,wk5-9
2022,7,South Alabama,UL Monroe,Sun Belt,Sun Belt,False,1,0.5946060549207568,0.9159794127382721,7.0,4.729789148206601,-0.45236925081792856,-0.6311774902670171,-0.15191322424560494,-0.43964288032332266,-0.5864977187667801,-1.1732758182790235,-0.9789205319249812,1.2225285175686709,0.4053939450792432,2.270210851793399,home_favorite,3-7,wk5-9
2022,7,Kentucky,Mississippi State,SEC,SEC,False,1,0.409652155746254,0.525880930891169,10.0,-4.593023175660965,0.5220063287196628,0.8557470811705954,0.24175664865284768,0.5464132841646331,0.7744755672843939,2.023555206791805,0.33399185301400425,-0.5766477136440127,0.590347844253746,14.593023175660965,away_favorite,3-7,wk5-9
2022,7,Purdue,Nebraska,Big Ten,Big Ten,False,1,0.6717902145252039,0.7649612635526892,6.0,6.674354658195517,0.1255380553754616,0.2321803673404786,0.3791258501985075,0.20038719781742348,0.7975856044257361,0.3107392534284849,0.24558024460060446,-1.6729516579701686,0.32820978547479607,-0.6743546581955169,home_favorite,3-7,wk5-9
2022,7,Florida State,Clemson,ACC,ACC,False,0,0.412059505983815,0.23194799683241596,-6.0,-4.856011605179388,0.34840968075329015,0.43629398187484175,0.43633537696658575,0.9590792910018308,1.0792183593743252,1.4445061589046766,0.8511997622323925,-0.3865627555552032,-0.412059505983815,-1.143988394820612,away_favorite,3-7,wk5-9
2022,7,Notre Dame,Stanford,FBS Independents,Pac-12,False,0,0.8901455880109346,0.9565291425886061,-2.0,22.461128319823345,0.3611311053052574,-0.17930646509708764,0.7188417231644424,-0.37059291019920054,1.278945664119902,-0.23971792537067532,-0.5633859723820027,1.3507253497681007,-0.8901455880109346,-24.461128319823345,home_favorite,21+,wk5-9
2022,7,East Carolina,Memphis,American Athletic,American Athletic,False,1,0.5754732636857468,0.5910755963149433,2.0,3.0234321240067175,-0.1772308386312538,-0.012664596604318602,0.022692753113912806,-0.18841978053317082,0.24612781259212535,0.20108480486107672,0.8909849860184224,0.9175084685424423,0.4245267363142532,-1.0234321240067175,home_favorite,3-7,wk5-9
2022,7,New Mexico State,New Mexico,FBS Independents,Mountain West,False,1,0.5024827807039537,0.389597577905311,12.0,-0.19430084230058453,-0.621072366080188,-0.9783710924818886,-0.7943617993166491,-0.3210901627405586,-1.2910683771668217,-1.0377015126216258,-1.2706788396892001,-1.031967496973021,0.4975172192960463,12.194300842300585,home_favorite,0-3,wk5-9
2022,7,Duke,North Carolina,ACC,ACC,False,0,0.23458648060778065,0.2179019838686814,-3.0,-12.87966819302452,-0.3123690544815999,0.36142167749093523,-0.3412201169733594,0.027025839855599865,-0.28237354709106216,0.6488761740827513,-0.749050350050142,-0.4351891401825731,-0.23458648060778065,9.87966819302452,away_favorite,7-14,wk5-9
2022,7,Utah,USC,Pac-12,Pac-12,False,1,0.8305692761811041,0.7403284195148304,1.0,15.712457184319906,0.5554441585418318,0.5009617220822438,0.6051114973545886,0.11189753718296619,0.7868522849196966,1.5425865278854285,1.3374636085060907,-1.4475020565159997,0.1694307238188959,-14.712457184319906,home_favorite,14-21,wk5-9
2022,7,Oregon State,Washington State,Pac-12,Pac-12,False,1,0.8665734870062918,0.45836229728523653,14.0,18.586135295551298,0.45620678924863084,-0.15509588463641902,0.05065644758414837,-0.08977284968581892,0.21072858146859297,-0.9136961750176329,0.6743765454055929,-2.0619627349891276,0.13342651299370822,-4.586135295551298,home_favorite,14-21,wk5-9
2022,7,UNLV,Air Force,Mountain West,Mountain West,False,0,0.09245056388327735,0.14732704794388854,-35.0,-23.77131293918622,-0.6097622547158537,0.48742456867655715,-0.35246423245038216,0.2363069692523554,-0.5934857757790459,0.6763724366342,-0.1345896715770141,0.8290968601290425,-0.09245056388327735,-11.22868706081378,away_favorite,21+,wk5-9
2022,7,Fresno State,San José State,Mountain West,Mountain West,False,1,0.7872335852511381,0.44553062597832394,7.0,13.178124882560187,0.2520144687830661,-0.18920505348395023,0.34207158392960035,0.17871345392136004,0.5502038212231437,0.3960786839146185,1.3905105735541305,0.01571006272576553,0.21276641474886193,-6.178124882560187,home_favorite,7-14,wk5-9
2022,7,Hawai'i,Nevada,Mountain West,Mountain West,False,1,0.4727116880191905,0.15850763307675816,15.0,-1.8359536106628362,-0.5904459490913223,-0.05486354648412478,-0.15605031183852397,-0.32583684906821864,-1.177892815633967,-0.5479558030583757,-1.4032962523092998,-2.0840656370924773,0.5272883119808095,16.835953610662838,away_favorite,0-3,wk5-9
2022,8,App State,Georgia State,Sun Belt,Sun Belt,False,1,0.4520597283221479,0.7021826020905207,25.0,-1.9619272319871022,0.14736211952344222,0.39927030297150407,0.5677964601867576,0.4293936626736281,0.34262116172396206,0.9390663426780792,0.04223354524978546,1.3065195455614007,0.5479402716778521,26.9619272319871,away_favorite,0-3,wk5-9
2022,8,South Alabama,Troy,Sun Belt,Sun Belt,False,0,0.22062980509492425,0.6049129020079569,-4.0,-13.408544254713771,-0.45236925081792856,-0.11662961792166132,-0.15191322424560494,0.3561768339894884,-0.5864977187667801,0.639399843324358,-0.9789205319249812,0.5727031957301836,-0.22062980509492425,9.408544254713771,away_favorite,7-14,wk5-9
2022,8,Georgia Tech,Virginia,ACC,ACC,False,0,0.3034817371534091,0.449800646746463,-7.0,-8.93282433571811,-0.1908994729960949,0.3695693481329747,-0.22813653248205293,-0.06694241373972032,-0.049421867045866825,0.6281288641812085,0.36935649637936413,1.1385374895759417,-0.3034817371534091,1.9328243357181094,away_favorite,7-14,wk5-9
2022,8,Temple,Tulsa,American Athletic,American Athletic,False,0,0.341558844060267,0.1256557731814538,-11.0,-7.693545866311679,-0.32528856632797076,-0.03673309383912184,-0.4477419902665153,0.03195767497521229,-0.4326386717435958,-0.01574054384882495,0.7274235104536327,0.18369211871122462,-0.341558844060267,-3.3064541336883213,away_favorite,7-14,wk5-9
2022,8,Western Kentucky,UAB,Conference USA,Conference USA,False,1,0.40088623511361476,0.821341471737012,3.0,-3.385027938622603,0.2938906346304037,0.11426087226783169,-0.2722418320054854,0.007008415890771294,-0.08584858884219872,0.1192974189485392,-1.6596899167081587,1.1650609720999616,0.5991137648863852,6.385027938622603,away_favorite,3-7,wk5-9
2022,8,SMU,Cincinnati,American Athletic,American Athletic,False,0,0.4381611762493397,0.30509028727049736,-2.0,-3.7896660619140072,0.42961042576474356,0.718540179420303,0.2562564558046273,0.6417320971646184,0.932069770496436,1.0367279138121288,0.639011902040233,-1.2087907137998204,-0.4381611762493397,1.7896660619140072,away_favorite,3-7,wk5-9
2022,8,Clemson,Syracuse,ACC,ACC,False,1,0.8015854216554734,0.8590630023766738,6.0,14.970148066880387,0.43629398187484175,0.08366361878133022,0.9590792910018308,0.27565490232047546,1.4445061589046766,0.4961879566771521,-0.3865627555552032,0.5815443565715236,0.19841457834452658,-8.970148066880387,home_favorite,14-21,wk5-9
2022,8,Ohio State,Iowa,Big Ten,Big Ten,False,1,0.8832365526448418,0.9548224553181525,44.0,21.31863950978725,1.0410444412528517,-0.15020560246252157,0.6226947062141851,0.4073408133330162,2.1502505245084294,0.9850099289509121,0.8909849860184224,1.65132481837366,0.1167634473551582,22.68136049021275,home_favorite,21+,wk5-9
2022,8,Army,UL Monroe,FBS Independents,Sun Belt,False,1,0.84722488107562,0.8780900739425958,24.0,18.33272831103712,0.2273330748400889,-0.6311774902670171,-0.09964479973180013,-0.43964288032332266,-0.302719608244097,-1.1732758182790235,0.3207301117519943,1.2225285175686709,0.15277511892438,5.667271688962881,home_favorite,14-21,wk5-9
2022,8,Kent State,Akron,Mid-American,Mid-American,False,1,0.9136203205772978,0.9027140342685218,6.0,24.02375873582856,0.14723386906180286,-0.7168722851847078,-0.5647732590843959,-0.980354691837253,-0.4349691386072225,-1.0402111871568545,-0.3865627555552032,-1.5138107628260493,0.0863796794227022,-18.02375873582856,home_favorite,21+,wk5-9
2022,8,Rutgers,Indiana,Big Ten,Big Ten,False,1,0.7075149627624117,0.5756869523764296,7.0,8.533552581579158,-0.18920359534506653,-0.23369847434665753,0.011020851564687573,-0.1660743054410869,-0.30242362489087854,0.04432019213803867,0.44450636353075396,-1.32814638515791,0.29248503723758834,-1.5335525815791584,home_favorite,7-14,wk5-9
2022,8,Baylor,Kansas,Big 12,Big 12,False,1,0.8976968280344633,0.9219774236826269,12.0,23.490670404656534,0.456630152521104,-0.0217969110493747,0.6684878077307741,-0.5645859036334492,0.567279410456075,0.03476597695794549,-1.4872872803020296,0.8025733776050226,0.10230317196553673,-11.490670404656534,home_favorite,21+,wk5-9
2022,8,Navy,Houston,American Athletic,American Athletic,False,0,0.03781857972822179,0.527315973006493,-18.0,-32.17507250120139,-0.6939706039840705,0.2660990580451109,-0.21488963945061743,0.8417368413955304,-1.1593142292899565,1.3585797429189777,-1.37235218936461,0.9926583356938321,-0.03781857972822179,14.175072501201392,away_favorite,21+,wk5-9
2022,8,Miami,Duke,ACC,ACC,False,0,0.9119257638944787,0.8074241816712792,-24.0,23.582576615882783,0.29026547074305287,-0.3123690544815999,0.35228521706520516,-0.3412201169733594,1.053246779853045,-0.28237354709106216,0.5859649369921935,-0.749050350050142,-0.9119257638944787,-47.582576615882786,home_favorite,21+,wk5-9
2022,8,Central Michigan,Bowling Green,Mid-American,Mid-American,False,0,0.7689277306316697,0.8805335622474012,-16.0,13.239771021132931,-0.07311041387427991,-0.612289493279512,0.19196570912362046,-0.260009585656906,0.027589646312895198,-0.2707624407928235,0.5506002936268337,2.177373888433388,-0.7689277306316697,-29.23977102113293,home_favorite,7-14,wk5-9
2022,8,Buffalo,Toledo,Mid-American,Mid-American,False,1,0.44217744355356275,0.4355995097595788,7.0,-2.5151182914518917,0.002931928467075927,-0.061601384123268384,-0.06468856521473626,0.21526242179194188,-0.23242290234982,0.23963902442452503,-0.9435558885596212,-0.055019224004954286,0.5578225564464372,9.515118291451891,away_favorite,0-3,wk5-9
2022,8,Ball State,Eastern Michigan,Mid-American,Mid-American,False,0,0.519894769845504,0.5980137657693436,-4.0,0.9778589125505994,-0.1914148921321266,0.022512605496399857,-0.4601569212627483,-0.584801891783351,-0.7862704048899715,-0.23126840770203186,-0.7755738325741619,-0.18321605620438397,-0.519894769845504,-4.9778589125506,home_favorite,0-3,wk5-9
2022,8,Ohio,Northern Illinois,Mid-American,Mid-American,False,1,0.35405991285984384,0.48130022207044143,7.0,-5.941677019965752,-0.30679970534427264,0.17192720125363067,-0.5829335751100135,-0.6228550155832092,-0.6663929871152977,-0.3854673338375063,-0.5545448115406628,1.182743293782641,0.6459400871401562,12.941677019965752,away_favorite,3-7,wk5-9
2022,8,Notre Dame,UNLV,FBS Independents,Mountain West,False,1,0.9542338481556851,0.9584042709678974,23.0,30.63720357155948,0.3611311053052574,-0.6097622547158537,0.7188417231644424,-0.35246423245038216,1.278945664119902,-0.5934857757790459,-0.5633859723820027,-0.1345896715770141,0.04576615184431487,-7.637203571559478,home_favorite,21+,wk5-9
2022,8,Texas Tech,West Virginia,Big 12,Big 12,False,1,0.6135646084098962,0.6479830132503057,38.0,4.0705858980688685,0.38645930041777976,0.21204109911369415,0.07864957322202494,0.3580013019585629,0.5577240554745055,0.459922558821934,0.08643934945648486,-1.588960629977439,0.38643539159010376,33.92941410193113,home_favorite,3-7,wk5-9
2022,8,Louisiana Tech,Rice,Conference USA,Conference USA,False,0,0.49193226906476545,0.525880930891169,-1.0,-0.550480801510211,-0.42894931752492654,-0.27301041293244555,-0.5220038689715432,-0.4702660355074896,-0.5981961717274974,-0.3645424715933644,-0.9877616927663212,-0.8418825388842118,-0.49193226906476545,-0.44951919848978905,away_favorite,0-3,wk5-9
2022,8,Liberty,BYU,FBS Independents,FBS Independents,False,1,0.3385355906134211,0.5601501452319029,27.0,-7.003182824194566,-0.18655805580961876,0.40670439273061254,-0.25239352328340725,-0.27959040975698524,-1.3415665080143837,-0.8436480290270001,-0.8197796367808619,0.2942066292279743,0.6614644093865789,34.00318282419457,away_favorite,7-14,wk5-9
2022,8,Wisconsin,Purdue,Big Ten,Big Ten,False,1,0.7445875799426167,0.6813218351663937,11.0,11.010911195877066,0.27398870799189634,0.1255380553754616,0.8425956288889498,0.3791258501985075,0.6707019011290232,0.7975856044257361,0.5638620348888437,0.24558024460060446,0.2554124200573833,-0.010911195877065794,home_favorite,7-14,wk5-9
2022,8,Maryland,Northwestern,Big Ten,Big Ten,False,1,0.9198963354569609,0.904220144369614,7.0,24.585948844923017,0.408439234504098,-0.284253787565069,0.11254894324827536,-0.49808160022576253,0.7126905945992754,-0.23425480809692945,0.7318440908743027,-0.7888355738361719,0.08010366454303908,-17.585948844923017,home_favorite,21+,wk5-9
2022,8,Wake Forest,Boston College,ACC,ACC,False,1,0.8250731505718589,0.9464688789594631,28.0,16.026866085820554,0.4023997294756178,-0.20004142221077786,0.24874748584523218,-0.004495973582749734,1.1290060876072743,0.12418516989795675,1.089911104948572,0.40030055932405406,0.17492684942814107,11.973133914179446,home_favorite,14-21,wk5-9
2022,8,Tulane,Memphis,American Athletic,American Athletic,False,1,0.6634483629370653,0.6307302886162022,10.0,6.891822483375311,-0.05831678293952044,-0.012664596604318602,0.10439867313903253,-0.18841978053317082,0.09666257799364703,0.20108480486107672,1.4037723148161405,0.9175084685424423,0.33655163706293467,3.108177516624689,home_favorite,3-7,wk5-9
2022,8,Old Dominion,Georgia Southern,Sun Belt,Sun Belt,False,0,0.6949399676887767,0.667418421873223,-5.0,8.43965275583178,-0.2552479009964372,-0.42089793485675886,-0.10775750622963752,-0.32429090255629045,0.18423921785911704,-0.5562841181138546,1.0678082028452218,0.6611148041435829,-0.6949399676887767,-13.43965275583178,home_favorite,7-14,wk5-9
2022,8,Miami (OH),Western Michigan,Mid-American,Mid-American,False,0,0.48512092890757685,0.8047246934992595,-6.0,-1.7241627046450616,-0.06368205877940536,0.17021586332394317,0.24532441782200956,0.4411554683841786,0.11780859675488548,-0.31405227170239663,0.48429158731678384,-1.018705755711011,-0.48512092890757685,-4.275837295354938,away_favorite,0-3,wk5-9
2022,8,Oregon,UCLA,Pac-12,Pac-12,False,1,0.4796567593558702,0.4355995097595788,15.0,-0.17240021069154698,0.6382867712741604,0.6858567804532446,0.22110404029874936,0.17234505644603232,0.7994952451992444,0.934152676836182,-1.6906339796528487,0.3074683704899843,0.5203432406441297,15.172400210691547,away_favorite,0-3,wk5-9
2022,8,UTSA,North Texas,Conference USA,Conference USA,False,1,0.6681406331955918,0.777153105314726,4.0,7.2175453850886875,0.20935527467112108,-0.14214768193018507,0.09042671673977447,0.1231593002311545,0.8931244955480543,-0.11767683407196212,1.226949097989341,1.045705300741872,0.3318593668044082,-3.2175453850886875,home_favorite,7-14,wk5-9
2022,8,Charlotte,Florida International,Conference USA,Conference USA,False,0,0.8593606282033945,0.8304449113532372,-19.0,18.33920710426675,-0.3809507672785875,-0.8627720168380502,-0.6487962931931477,-1.018580222099974,-0.3711661443615595,-0.7023193267601042,1.2932578042993907,-0.44845088144458306,-0.8593606282033945,-37.33920710426675,home_favorite,14-21,wk5-9
2022,8,Oklahoma State,Texas,Big 12,Big 12,False,1,0.7398127597493651,0.47986327796418354,7.0,10.378346400515811,0.14192579590164023,0.5086369264165519,0.8310255267790788,0.08156794829392153,0.37855028501616744,0.5861682099449588,1.58059553164294,0.08643934945648486,0.2601872402506349,-3.3783464005158113,home_favorite,7-14,wk5-9
2022,8,LSU,Ole Miss,SEC,SEC,False,1,0.6969263167560612,0.36259162325551547,25.0,7.959787670620548,0.2692944647501302,0.5366406117449369,0.5552259841583058,0.1595157151494885,1.4294460257385344,0.9332286463609405,-0.27162766461778376,-2.2697300147606168,0.3030736832439388,17.04021232937945,home_favorite,7-14,wk5-9
2022,8,UTEP,Florida Atlantic,Conference USA,Conference USA,False,1,0.4919922668454401,0.4769904127024377,3.0,-0.36782636765111043,-0.3921449420632757,-0.2887842458928615,-0.07776766906346753,-0.1335434055547393,-0.11877584634475971,-0.15335330800467895,0.3384124334346742,1.2357902588306808,0.5080077331545598,3.3678263676511104,away_favorite,0-3,wk5-9
2022,8,Stanford,Arizona State,Pac-12,Pac-12,False,1,0.33944780091672877,0.3612622508882752,1.0,-8.879722949175688,-0.17930646509708764,0.41987690972843106,-0.37059291019920054,0.22579860365117876,-0.23971792537067532,0.25523964871157645,1.3507253497681007,-1.7967279097489284,0.6605521990832712,9.879722949175688,away_favorite,7-14,wk5-9
2022,8,Colorado State,Hawai'i,Mountain West,Mountain West,False,1,0.5911434708086459,0.7325072897556676,4.0,3.483723415101263,-0.49626314527779436,-0.5904459490913223,-0.14741194527106274,-0.15605031183852397,-0.6349117107900408,-1.177892815633967,-1.1866878116964703,-1.4032962523092998,0.40885652919135407,0.516276584898737,home_favorite,3-7,wk5-9
2022,8,Missouri,Vanderbilt,SEC,SEC,False,1,0.855882170564273,0.7936407431881689,3.0,19.264931563011476,0.4253980988577767,-0.4173528233842389,-0.02558172735824485,-0.4719606603066304,0.2673969099451578,-0.4770592157044151,-0.9081912451942614,0.422403461427404,0.14411782943572704,-16.264931563011476,home_favorite,14-21,wk5-9
2022,8,Louisiana,Arkansas State,Sun Belt,Sun Belt,False,1,0.9084576638478359,0.9373526085461131,20.0,23.404956043768376,0.21681053563810354,-0.7324925881734076,-0.03123910215894711,-0.4439205893042125,-0.05292905674295412,-0.46614900199142395,-0.8065178955188519,-1.5138107628260493,0.09154233615216412,-3.404956043768376,home_favorite,21+,wk5-9
2022,8,Texas State,Southern Miss,Sun Belt,Sun Belt,False,0,0.6919147031032411,0.6090326034042396,-6.0,8.862348250273083,-0.20857972255975946,-0.9069180998239592,-0.4154626095068236,-0.31703880768091663,0.1626464894978171,-0.6389747540609998,-0.010813419798254401,1.028022979059192,-0.6919147031032411,-14.862348250273083,home_favorite,7-14,wk5-9
2022,8,New Mexico,Fresno State,Mountain West,Mountain West,False,0,0.046522186728216404,0.1890208418800522,-32.0,-30.170871701080724,-0.9783710924818886,0.2520144687830661,-0.3210901627405586,0.34207158392960035,-1.0377015126216258,0.5502038212231437,-1.031967496973021,1.3905105735541305,-0.046522186728216404,-1.8291282989192759,away_favorite,21+,wk5-9
2022,8,Air Force,Boise State,Mountain West,Mountain West,False,0,0.7391376578138611,0.7690759234333929,-5.0,10.821126271109895,0.48742456867655715,-0.05722620654936367,0.2363069692523554,0.24469258348707218,0.6763724366342,0.37194450358195874,0.8290968601290425,0.4533475243720939,-0.7391376578138611,-15.821126271109895,home_favorite,7-14,wk5-9
2022,8,Alabama,Mississippi State,SEC,SEC,False,1,0.7151731059519071,0.9567678748368029,24.0,9.448167676100592,0.7533105369975095,0.8557470811705954,1.058092101202073,0.5464132841646331,2.353271674916639,2.023555206791805,0.028971803987775498,-0.5766477136440127,0.2848268940480929,14.551832323899408,home_favorite,7-14,wk5-9
2022,8,East Carolina,UCF,American Athletic,American Athletic,False,1,0.32703729744286403,0.24341940570494724,21.0,-8.39870532057115,-0.1772308386312538,0.3794923012245339,0.022692753113912806,0.26567378595098795,0.24612781259212535,0.662844109491722,0.8909849860184224,0.40472113974472407,0.672962702557136,29.39870532057115,away_favorite,7-14,wk5-9
2022,8,South Carolina,Texas A&M,SEC,SEC,False,1,0.4620974100855298,0.4512256641402582,6.0,-2.483656033797049,0.03927935493562848,0.0711644504304994,0.36151634766123875,0.6932064828337314,0.8950743134879353,0.6432484819867899,0.4710298460547739,-0.2848894058797937,0.5379025899144703,8.483656033797049,away_favorite,0-3,wk5-9
2022,8,Penn State,Minnesota,Big Ten,Big Ten,False,1,0.600066805302785,0.6076610641268197,28.0,4.2277618738686,0.02334315826527414,0.14311871189316178,0.5071470818053967,0.16883309285608322,0.8146231664358732,0.287354105695924,0.9528731119078021,1.4170340560781505,0.399933194697215,23.7722381261314,home_favorite,3-7,wk5-9
2022,8,Louisville,Pittsburgh,ACC,ACC,False,1,0.5642848731380601,0.5014391117091528,14.0,1.9135461619976675,0.6824222294552479,0.5440107815335239,0.260660114234819,0.6495905847838812,1.681564780466193,1.1963296501300387,0.422403461427404,-1.1380614270691007,0.4357151268619399,12.086453838002333,home_favorite,0-3,wk5-9
2022,8,Oregon State,Colorado,Pac-12,Pac-12,False,1,0.9019537922839747,0.9380252840746419,33.0,22.97579070728091,0.45620678924863084,-0.5540120219447138,0.05065644758414837,-0.3400416508055157,0.21072858146859297,-0.9583914424135573,0.6743765454055929,0.6566942237229129,0.09804620771602535,10.024209292719089,home_favorite,21+,wk5-9
2022,8,TCU,Kansas State,Big 12,Big 12,False,1,0.5470522068983077,0.5416377027147634,10.0,1.2647725585489942,0.369527672575048,0.2675369928939497,-0.10952338630802752,0.2733316997863087,0.7911804500783419,0.36426824857860957,1.3330430280854206,-0.01965458063959438,0.4529477931016923,8.735227441451006,home_favorite,0-3,wk5-9
2022,8,Wyoming,Utah State,Mountain West,Mountain West,False,1,0.5310111875689976,0.5086338358210827,14.0,1.1217105456775058,0.07552225778386551,-0.4571288962734097,-0.44409905049306575,0.14589467734082417,-0.40132777968706695,-0.5407876573573052,-1.4165579935713097,-1.2043701333791503,0.46898881243100243,12.878289454322495,home_favorite,0-3,wk5-9
2022,8,Nevada,San Diego State,Mountain West,Mountain West,False,0,0.29486139797492666,0.5868950233791,-16.0,-9.272418892007568,-0.05486354648412478,0.08697587881013369,-0.32583684906821864,0.20668591317830323,-0.5479558030583757,-0.04557500167858412,-2.0840656370924773,-0.9302941472976113,-0.29486139797492666,-6.727581107992432,away_favorite,7-14,wk5-9
2022,8,California,Washington,Pac-12,Pac-12,False,0,0.3525429758399431,0.41171002813683716,-7.0,-5.792328639992954,-0.049312623135202384,0.0015914555010854911,-0.12165357625654509,0.056737694064616956,-0.46560773427597585,0.26507529477018427,-1.4784461194606897,1.257893160934031,-0.3525429758399431,-1.207671360007046,away_favorite,3-7,wk5-9
2022,9,Southern Miss,Louisiana,Sun Belt,Sun Belt,False,1,0.2152840146097328,0.1347802947714417,15.0,-15.095557933319377,-0.9069180998239592,0.21681053563810354,-0.31703880768091663,-0.03123910215894711,-0.6389747540609998,-0.05292905674295412,1.028022979059192,-0.8065178955188519,0.7847159853902672,30.095557933319377,away_favorite,14-21,wk5-9
2022,9,NC State,Virginia Tech,ACC,ACC,False,1,0.8487221894942985,0.8829346041256821,1.0,17.264729775646554,0.27452748857998677,0.05944743472460745,0.5776839424036647,0.0035709650219962474,1.2330835247552265,0.544583279833422,0.6611148041435829,-1.3767727697852798,0.15127781050570155,-16.264729775646554,home_favorite,14-21,wk5-9
2022,9,Washington State,Utah,Pac-12,Pac-12,False,0,0.08163709853472723,0.25967158048516964,-4.0,-24.181055697992207,-0.15509588463641902,0.5554441585418318,-0.08977284968581892,0.6051114973545886,-0.9136961750176329,0.7868522849196966,-2.0619627349891276,1.3374636085060907,-0.08163709853472723,20.181055697992207,away_favorite,21+,wk5-9
2022,9,Florida International,Louisiana Tech,Conference USA,Conference USA,False,1,0.297197211638586,0.3174296145252281,8.0,-9.850177882726692,-0.8627720168380502,-0.42894931752492654,-1.018580222099974,-0.5220038689715432,-0.7023193267601042,-0.5981961717274974,-0.44845088144458306,-0.9877616927663212,0.7028027883614141,17.85017788272669,away_favorite,7-14,wk5-9
2022,9,BYU,East Carolina,FBS Independents,American Athletic,False,0,0.6321036156080496,0.4884891087822083,-3.0,5.944600108830018,0.40670439273061254,-0.1772308386312538,-0.27959040975698524,0.022692753113912806,-0.8436480290270001,0.24612781259212535,0.2942066292279743,0.8909849860184224,-0.6321036156080496,-8.944600108830018,home_favorite,3-7,wk5-9
2022,9,UConn,Boston College,FBS Independents,ACC,False,1,0.11613530837972205,0.29661499652817136,10.0,-21.377165341150278,-1.036118424630999,-0.20004142221077786,-0.6395631185918779,-0.004495973582749734,-0.9768202205676447,0.12418516989795675,-0.6252740982713824,0.40030055932405406,0.8838646916202779,31.377165341150278,away_favorite,21+,wk5-9
2022,9,Syracuse,Notre Dame,ACC,FBS Independents,False,0,0.37371123252305205,0.3300309860965169,-17.0,-6.554926485127519,0.08366361878133022,0.3611311053052574,0.27565490232047546,0.7188417231644424,0.4961879566771521,1.278945664119902,0.5815443565715236,-0.5633859723820027,-0.37371123252305205,-10.445073514872481,away_favorite,3-7,wk5-9
2022,9,Auburn,Arkansas,SEC,SEC,False,0,0.44969431081705286,0.41171002813683716,-14.0,-2.127408216379743,0.40604538288883785,0.494637611318847,0.5074922452182452,0.592978736095259,0.6898189961400775,1.2259360769210168,-0.4130862380792231,0.5992266782542035,-0.44969431081705286,-11.872591783620257,away_favorite,0-3,wk5-9
2022,9,Iowa State,Oklahoma,Big 12,Big 12,False,0,0.26347137513740726,0.8153518152833006,-14.0,-11.480885248333642,0.10363989454772775,0.658298279905662,0.08800024298785834,0.5206629180821395,-0.5186343911853365,1.0455674985680397,-1.040808657814361,-1.1866878116964703,-0.26347137513740726,-2.5191147516663577,away_favorite,7-14,wk5-9
2022,9,Florida State,Georgia Tech,ACC,ACC,False,1,0.8815970254142755,0.8893225137109468,25.0,20.695159552473363,0.34840968075329015,-0.1908994729960949,0.43633537696658575,-0.22813653248205293,1.0792183593743252,-0.049421867045866825,0.8511997622323925,0.36935649637936413,0.11840297458572446,4.304840447526637,home_favorite,14-21,wk5-9
2022,9,West Virginia,TCU,Big 12,Big 12,False,0,0.5232815801144285,0.2120732319225979,-10.0,2.028616647879734,0.21204109911369415,0.369527672575048,0.3580013019585629,-0.10952338630802752,0.459922558821934,0.7911804500783419,-1.588960629977439,1.3330430280854206,-0.5232815801144285,-12.028616647879733,home_favorite,0-3,wk5-9
2022,9,Akron,Miami (OH),Mid-American,Mid-American,False,0,0.05587470202773251,0.10513721035591964,-18.0,-28.46509919236885,-0.7168722851847078,-0.06368205877940536,-0.980354691837253,0.24532441782200956,-1.0402111871568545,0.11780859675488548,-1.5138107628260493,0.48429158731678384,-0.05587470202773251,10.46509919236885,away_favorite,21+,wk5-9
2022,9,Penn State,Ohio State,Big Ten,Big Ten,False,0,0.22014388654702377,0.13015005092569085,-13.0,-13.976618575512301,0.02334315826527414,1.0410444412528517,0.5071470818053967,0.6226947062141851,0.8146231664358732,2.1502505245084294,0.9528731119078021,0.8909849860184224,-0.22014388654702377,0.9766185755123011,away_favorite,7-14,wk5-9
2022,9,Houston,South Florida,American Athletic,American Athletic,False,1,0.923249497087074,0.9260190472872637,15.0,25.00813550409129,0.2660990580451109,-0.026005339911827186,0.8417368413955304,-0.29599859952713325,1.3585797429189777,0.023795765417875724,0.9926583356938321,-0.21416011914907387,0.07675050291292596,-10.008135504091289,home_favorite,21+,wk5-9
2022,9,Eastern Michigan,Toledo,Mid-American,Mid-American,False,0,0.3312572428254224,0.24130537985314435,-3.0,-7.8505058053338495,0.022512605496399857,-0.061601384123268384,-0.584801891783351,0.21526242179194188,-0.23126840770203186,0.23963902442452503,-0.18321605620438397,-0.055019224004954286,-0.3312572428254224,4.8505058053338495,away_favorite,7-14,wk5-9
2022,9,Virginia,Miami,ACC,ACC,False,0,0.4852303656821426,0.5143871841659987,-2.0,-1.1292374854524945,0.3695693481329747,0.29026547074305287,-0.06694241373972032,0.35228521706520516,0.6281288641812085,1.053246779853045,1.1385374895759417,0.5859649369921935,-0.4852303656821426,-0.8707625145475055,away_favorite,0-3,wk5-9
2022,9,Rice,Charlotte,Conference USA,Conference USA,False,0,0.5577642471514035,0.8001620559151359,-33.0,3.2348597631818157,-0.27301041293244555,-0.3809507672785875,-0.4702660355074896,-0.6487962931931477,-0.3645424715933644,-0.3711661443615595,-0.8418825388842118,1.2932578042993907,-0.5577642471514035,-36.23485976318182,home_favorite,3-7,wk5-9
2022,9,Minnesota,Rutgers,Big Ten,Big Ten,False,1,0.7478628136223698,0.909565530807434,31.0,11.038894413299314,0.14311871189316178,-0.18920359534506653,0.16883309285608322,0.011020851564687573,0.287354105695924,-0.30242362489087854,1.4170340560781505,0.44450636353075396,0.25213718637763016,19.961105586700686,home_favorite,7-14,wk5-9
2022,9,Georgia State,Old Dominion,Sun Belt,Sun Belt,False,1,0.8727143456601014,0.554469374021676,14.0,19.95123575668199,0.39927030297150407,-0.2552479009964372,0.4293936626736281,-0.10775750622963752,0.9390663426780792,0.18423921785911704,1.3065195455614007,1.0678082028452218,0.12728565433989858,-5.951235756681989,home_favorite,14-21,wk5-9
2022,9,Massachusetts,New Mexico State,FBS Independents,FBS Independents,False,0,0.639757983617024,0.34158547908308745,-10.0,5.0554812194389545,-0.7180503348951146,-0.621072366080188,-0.8213285903546705,-0.7943617993166491,-1.3662111344467556,-1.2910683771668217,1.041284720321202,-1.2706788396892001,-0.639757983617024,-15.055481219438954,home_favorite,3-7,wk5-9
2022,9,Navy,Temple,American Athletic,American Athletic,False,1,0.4051340450976995,0.9431684791599028,7.0,-3.685380018694079,-0.6939706039840705,-0.32528856632797076,-0.21488963945061743,-0.4477419902665153,-1.1593142292899565,-0.4326386717435958,-1.37235218936461,0.7274235104536327,0.5948659549023005,10.68538001869408,away_favorite,3-7,wk5-9
2022,9,Nebraska,Illinois,Big Ten,Big Ten,False,0,0.5955367206787632,0.30509028727049736,-17.0,4.6325269305925385,0.2321803673404786,-0.01650146531252296,0.20038719781742348,0.08258856776031895,0.3107392534284849,0.5107286200171629,-1.6729516579701686,0.02013064314643552,-0.5955367206787632,-21.63252693059254,home_favorite,3-7,wk5-9
2022,9,Western Kentucky,North Texas,Conference USA,Conference USA,False,0,0.44487559246466757,0.9425482089233579,-27.0,-1.525018694962903,0.2938906346304037,-0.14214768193018507,-0.2722418320054854,0.1231593002311545,-0.08584858884219872,-0.11767683407196212,-1.6596899167081587,1.045705300741872,-0.44487559246466757,-25.474981305037097,away_favorite,0-3,wk5-9
2022,9,Iowa,Northwestern,Big Ten,Big Ten,False,1,0.8973278280123509,0.8996383151500511,20.0,21.51599122097455,-0.15020560246252157,-0.284253787565069,0.4073408133330162,-0.49808160022576253,0.9850099289509121,-0.23425480809692945,1.65132481837366,-0.7888355738361719,0.10267217198764911,-1.5159912209745485,home_favorite,21+,wk5-9
2022,9,Georgia,Florida,SEC,SEC,True,1,0.8954638882989597,0.9695171549812919,22.0,22.821460802694943,0.9173695005700188,0.44811175442272,1.249630584771695,0.2921145690660609,1.9392338553719115,0.5957589597141401,0.6080678390955435,-1.040808657814361,0.10453611170104027,-0.8214608026949435,home_favorite,21+,wk5-9
2022,9,UCF,Cincinnati,American Athletic,American Athletic,False,1,0.41215829226766876,0.46551605527316847,4.0,-4.8621849853817825,0.3794923012245339,0.718540179420303,0.26567378595098795,0.6417320971646184,0.662844109491722,1.0367279138121288,0.40472113974472407,-1.2087907137998204,0.5878417077323312,8.862184985381782,away_favorite,3-7,wk5-9
2022,9,Tulsa,SMU,American Athletic,American Athletic,False,0,0.3200091482220002,0.3211830802052434,-11.0,-8.305264366439546,-0.03673309383912184,0.42961042576474356,0.03195767497521229,0.2562564558046273,-0.01574054384882495,0.932069770496436,0.18369211871122462,0.639011902040233,-0.3200091482220002,-2.6947356335604535,away_favorite,7-14,wk5-9
2022,9,Louisville,Wake Forest,ACC,ACC,False,1,0.633569516343806,0.3800586409554767,27.0,6.059891755866606,0.6824222294552479,0.4023997294756178,0.260660114234819,0.24874748584523218,1.681564780466193,1.1290060876072743,0.422403461427404,1.089911104948572,0.366430483656194,20.940108244133395,home_favorite,3-7,wk5-9
2022,9,Kansas State,Oklahoma State,Big 12,Big 12,False,1,0.3308025358158879,0.35860988804438204,48.0,-7.4406762521974965,0.2675369928939497,0.14192579590164023,0.2733316997863087,0.8310255267790788,0.36426824857860957,0.37855028501616744,-0.01965458063959438,1.58059553164294,0.6691974641841121,55.4406762521975,away_favorite,7-14,wk5-9
2022,9,California,Oregon,Pac-12,Pac-12,False,0,0.26002073874777243,0.3063120835780346,-18.0,-11.635570079475842,-0.049312623135202384,0.6382867712741604,-0.12165357625654509,0.22110404029874936,-0.46560773427597585,0.7994952451992444,-1.4784461194606897,-1.6906339796528487,-0.26002073874777243,-6.364429920524158,away_favorite,7-14,wk5-9
2022,9,Arkansas State,South Alabama,Sun Belt,Sun Belt,False,0,0.3394521417034477,0.29064536940123664,-28.0,-7.4523131653688,-0.7324925881734076,-0.45236925081792856,-0.4439205893042125,-0.15191322424560494,-0.46614900199142395,-0.5864977187667801,-1.5138107628260493,-0.9789205319249812,-0.3394521417034477,-20.5476868346312,away_favorite,7-14,wk5-9
2022,9,South Carolina,Missouri,SEC,SEC,False,0,0.6319353863535608,0.7680520031675839,-13.0,5.041651243329152,0.03927935493562848,0.4253980988577767,0.36151634766123875,-0.02558172735824485,0.8950743134879353,0.2673969099451578,0.4710298460547739,-0.9081912451942614,-0.6319353863535608,-18.041651243329152,home_favorite,3-7,wk5-9
2022,9,Florida Atlantic,UAB,Conference USA,Conference USA,False,1,0.3868177845405538,0.2942186402879975,7.0,-5.388386485658307,-0.2887842458928615,0.11426087226783169,-0.1335434055547393,0.007008415890771294,-0.15335330800467895,0.1192974189485392,1.2357902588306808,1.1650609720999616,0.6131822154594462,12.388386485658307,away_favorite,3-7,wk5-9
2022,9,Arizona,USC,Pac-12,Pac-12,False,0,0.2820169052861817,0.11124535438232165,-8.0,-11.123095790533807,-0.47070195528176684,0.5009617220822438,-0.03514366696739451,0.11189753718296619,-0.11508722189273012,1.5425865278854285,0.07759818861514488,-1.4475020565159997,-0.2820169052861817,3.1230957905338066,away_favorite,7-14,wk5-9
2022,9,Marshall,Coastal Carolina,Sun Belt,Sun Belt,False,0,0.5451234435505293,0.6347433350523167,-11.0,1.9944113745355132,0.40266317923933276,0.5740297235416402,0.03899613607411852,-0.06984127388375617,0.30940892507539774,0.026701317265875324,-0.17437489536304399,0.1439068949251947,-0.5451234435505293,-12.994411374535513,home_favorite,0-3,wk5-9
2022,9,Boise State,Colorado State,Mountain West,Mountain West,False,1,0.8409269589759694,0.9236177787081539,39.0,16.739210207062005,-0.05722620654936367,-0.49626314527779436,0.24469258348707218,-0.14741194527106274,0.37194450358195874,-0.6349117107900408,0.4533475243720939,-1.1866878116964703,0.15907304102403064,22.260789792937995,home_favorite,14-21,wk5-9
2022,9,Tennessee,Kentucky,SEC,SEC,False,1,0.6176815343484079,0.8127376816365348,38.0,4.802754269520545,0.6255559167997339,0.5220063287196628,0.17206521051315596,0.24175664865284768,0.8674319362863576,0.7744755672843939,0.9617142727491421,0.33399185301400425,0.3823184656515921,33.19724573047945,home_favorite,3-7,wk5-9
2022,9,Texas Tech,Baylor,Big 12,Big 12,False,0,0.4261992666586903,0.45265148195413535,-28.0,-4.232965286877729,0.38645930041777976,0.456630152521104,0.07864957322202494,0.6684878077307741,0.5577240554745055,0.567279410456075,0.08643934945648486,-1.4872872803020296,-0.4261992666586903,-23.76703471312227,away_favorite,3-7,wk5-9
2022,9,Texas A&M,Ole Miss,SEC,SEC,False,0,0.6731873901701524,0.5430664920222119,-3.0,6.712775248223036,0.0711644504304994,0.5366406117449369,0.6932064828337314,0.1595157151494885,0.6432484819867899,0.9332286463609405,-0.2848894058797937,-2.2697300147606168,-0.6731873901701524,-9.712775248223036,home_favorite,3-7,wk5-9
2022,9,Colorado,Arizona State,Pac-12,Pac-12,False,0,0.2115862890005097,0.14093699762332623,-8.0,-15.539221231989398,-0.5540120219447138,0.41987690972843106,-0.3400416508055157,0.22579860365117876,-0.9583914424135573,0.25523964871157645,0.6566942237229129,-1.7967279097489284,-0.2115862890005097,7.539221231989398,away_favorite,14-21,wk5-9
2022,9,Michigan,Michigan State,Big Ten,Big Ten,False,1,0.7177835036973763,0.9522732789657962,22.0,9.681019291291607,0.6751927915503485,0.37586418550426365,0.6854275136101129,0.5115042696869327,1.440291208298126,1.2054523246231112,1.0368641399005318,0.7318440908743027,0.2822164963026237,12.318980708708393,home_favorite,7-14,wk5-9
2022,9,North Carolina,Pittsburgh,ACC,ACC,False,1,0.34089768624212013,0.5742802036545245,18.0,-7.760964155622769,0.36142167749093523,0.5440107815335239,0.027025839855599865,0.6495905847838812,0.6488761740827513,1.1963296501300387,-0.4351891401825731,-1.1380614270691007,0.6591023137578799,25.76096415562277,away_favorite,7-14,wk5-9
2022,9,UTEP,Middle Tennessee,Conference USA,Conference USA,False,0,0.553473152914489,0.5359159269451023,-11.0,2.140451453034902,-0.3921449420632757,-0.29632482921676045,-0.07776766906346753,-0.2317544779478146,-0.11877584634475971,0.07239646073282631,0.3384124334346742,0.7451058321363127,-0.553473152914489,-13.140451453034903,home_favorite,0-3,wk5-9
2022,9,Fresno State,San Diego State,Mountain West,Mountain West,False,1,0.7513674491013651,0.7140789025853503,4.0,10.720345634922134,0.2520144687830661,0.08697587881013369,0.34207158392960035,0.20668591317830323,0.5502038212231437,-0.04557500167858412,1.3905105735541305,-0.9302941472976113,0.2486325508986349,-6.720345634922134,home_favorite,7-14,wk5-9
2022,9,UCLA,Stanford,Pac-12,Pac-12,False,1,0.8845954829420113,0.9105080840492277,25.0,21.713731666471745,0.6858567804532446,-0.17930646509708764,0.17234505644603232,-0.37059291019920054,0.934152676836182,-0.23971792537067532,0.3074683704899843,1.3507253497681007,0.11540451705798871,3.2862683335282554,home_favorite,21+,wk5-9
2022,9,San José State,Nevada,Mountain West,Mountain West,False,1,0.7622891313104725,0.8162168965756028,7.0,11.454234086952521,-0.18920505348395023,-0.05486354648412478,0.17871345392136004,-0.32583684906821864,0.3960786839146185,-0.5479558030583757,0.01571006272576553,-2.0840656370924773,0.2377108686895275,-4.454234086952521,home_favorite,7-14,wk5-9
2022,9,Hawai'i,Wyoming,Mountain West,Mountain West,False,0,0.4398929790058269,0.2520004588039456,-7.0,-2.948914362592833,-0.5904459490913223,0.07552225778386551,-0.15605031183852397,-0.44409905049306575,-1.177892815633967,-0.40132777968706695,-1.4032962523092998,-1.4165579935713097,-0.4398929790058269,-4.0510856374071675,away_favorite,0-3,wk5-9
2022,10,Kent State,Ball State,Mid-American,Mid-American,False,0,0.6722256909952353,0.5784967523447427,-7.0,7.536519054810695,0.14723386906180286,-0.1914148921321266,-0.5647732590843959,-0.4601569212627483,-0.4349691386072225,-0.7862704048899715,-0.3865627555552032,-0.7755738325741619,-0.6722256909952353,-14.536519054810695,home_favorite,7-14,wk10+
2022,10,Ohio,Buffalo,Mid-American,Mid-American,False,1,0.3217563653926897,0.39646368147382194,21.0,-8.534733384154391,-0.30679970534427264,0.002931928467075927,-0.5829335751100135,-0.06468856521473626,-0.6663929871152977,-0.23242290234982,-0.5545448115406628,-0.9435558885596212,0.6782436346073103,29.534733384154393,away_favorite,7-14,wk10+
2022,10,Bowling Green,Western Michigan,Mid-American,Mid-American,False,1,0.24481051899719036,0.44553062597832394,4.0,-14.024199244090248,-0.612289493279512,0.17021586332394317,-0.260009585656906,0.4411554683841786,-0.2707624407928235,-0.31405227170239663,2.177373888433388,-1.018705755711011,0.7551894810028097,18.024199244090248,away_favorite,14-21,wk10+
2022,10,Northern Illinois,Central Michigan,Mid-American,Mid-American,False,0,0.41686542704285423,0.6961287704295998,-13.0,-4.159286930192829,0.17192720125363067,-0.07311041387427991,-0.6228550155832092,0.19196570912362046,-0.3854673338375063,0.027589646312895198,1.182743293782641,0.5506002936268337,-0.41686542704285423,-8.84071306980717,away_favorite,3-7,wk10+
2022,10,Rice,UTEP,Conference USA,Conference USA,False,1,0.4106324109599283,0.35596614617770733,7.0,-3.7826118011331755,-0.27301041293244555,-0.3921449420632757,-0.4702660355074896,-0.07776766906346753,-0.3645424715933644,-0.11877584634475971,-0.8418825388842118,0.3384124334346742,0.5893675890400717,10.782611801133175,away_favorite,3-7,wk10+
2022,10,Coastal Carolina,App State,Sun Belt,Sun Belt,False,1,0.5020943158684923,0.49424379158885506,7.0,-0.22429540016395855,0.5740297235416402,0.14736211952344222,-0.06984127388375617,0.5677964601867576,0.026701317265875324,0.34262116172396206,0.1439068949251947,0.04223354524978546,0.4979056841315077,7.2242954001639585,home_favorite,0-3,wk10+
2022,10,UConn,Massachusetts,FBS Independents,FBS Independents,False,1,0.42753400459512864,0.8383969073869433,17.0,-2.8496267892412894,-1.036118424630999,-0.7180503348951146,-0.6395631185918779,-0.8213285903546705,-0.9768202205676447,-1.3662111344467556,-0.6252740982713824,1.041284720321202,0.5724659954048714,19.849626789241288,away_favorite,0-3,wk10+
2022,10,Boston College,Duke,ACC,ACC,False,0,0.745052762381736,0.34678283278113026,-7.0,10.821655748770741,-0.20004142221077786,-0.3123690544815999,-0.004495973582749734,-0.3412201169733594,0.12418516989795675,-0.28237354709106216,0.40030055932405406,-0.749050350050142,-0.745052762381736,-17.82165574877074,home_favorite,7-14,wk10+
2022,10,Washington,Oregon State,Pac-12,Pac-12,False,1,0.4505172945068512,0.5558909611168531,3.0,-2.6745262417142786,0.0015914555010854911,0.45620678924863084,0.056737694064616956,0.05065644758414837,0.26507529477018427,0.21072858146859297,1.257893160934031,0.6743765454055929,0.5494827054931488,5.674526241714279,away_favorite,0-3,wk10+
2022,10,Army,Air Force,FBS Independents,Mountain West,True,0,0.26848208037874155,0.1437479399018495,-6.0,-9.603625660517142,0.2273330748400889,0.48742456867655715,-0.09964479973180013,0.2363069692523554,-0.302719608244097,0.6763724366342,0.3207301117519943,0.8290968601290425,-0.26848208037874155,3.6036256605171424,away_favorite,7-14,wk10+
2022,10,Tulsa,Tulane,American Athletic,American Athletic,False,0,0.47919566232160016,0.35993500019711494,-14.0,-0.7452181156531301,-0.03673309383912184,-0.05831678293952044,0.03195767497521229,0.10439867313903253,-0.01574054384882495,0.09666257799364703,0.18369211871122462,1.4037723148161405,-0.47919566232160016,-13.254781884346869,away_favorite,0-3,wk10+
2022,10,Nebraska,Minnesota,Big Ten,Big Ten,False,0,0.44612000380612754,0.2918336117187994,-7.0,-1.3616132112978776,0.2321803673404786,0.14311871189316178,0.20038719781742348,0.16883309285608322,0.3107392534284849,0.287354105695924,-1.6729516579701686,1.4170340560781505,-0.44612000380612754,-5.638386788702123,away_favorite,0-3,wk10+
2022,10,Northwestern,Ohio State,Big Ten,Big Ten,False,0,0.026349879185931974,0.006949782463710888,-14.0,-35.41611149519269,-0.284253787565069,1.0410444412528517,-0.49808160022576253,0.6226947062141851,-0.23425480809692945,2.1502505245084294,-0.7888355738361719,0.8909849860184224,-0.026349879185931974,21.416111495192688,away_favorite,21+,wk10+
2022,10,Charlotte,Western Kentucky,Conference USA,Conference USA,False,0,0.3827009871621577,0.08491088893958132,-52.0,-6.668730098451919,-0.3809507672785875,0.2938906346304037,-0.6487962931931477,-0.2722418320054854,-0.3711661443615595,-0.08584858884219872,1.2932578042993907,-1.6596899167081587,-0.3827009871621577,-45.33126990154808,away_favorite,3-7,wk10+
2022,10,Virginia,North Carolina,ACC,ACC,False,0,0.6260188645489173,0.2423608251377483,-3.0,4.801008099543673,0.3695693481329747,0.36142167749093523,-0.06694241373972032,0.027025839855599865,0.6281288641812085,0.6488761740827513,1.1385374895759417,-0.4351891401825731,-0.6260188645489173,-7.801008099543673,home_favorite,3-7,wk10+
2022,10,TCU,Texas Tech,Big 12,Big 12,False,1,0.5725034706475485,0.7279715135441962,10.0,2.500826217161422,0.369527672575048,0.38645930041777976,-0.10952338630802752,0.07864957322202494,0.7911804500783419,0.5577240554745055,1.3330430280854206,0.08643934945648486,0.4274965293524515,7.499173782838578,home_favorite,0-3,wk10+
2022,10,Missouri,Kentucky,SEC,SEC,False,0,0.3946639050138591,0.4089244036850566,-4.0,-4.3226071626492235,0.4253980988577767,0.5220063287196628,-0.02558172735824485,0.24175664865284768,0.2673969099451578,0.7744755672843939,-0.9081912451942614,0.33399185301400425,-0.3946639050138591,0.3226071626492235,away_favorite,3-7,wk10+
2022,10,Wisconsin,Maryland,Big Ten,Big Ten,False,1,0.7294784433567361,0.7490830628775357,13.0,10.47572106139355,0.27398870799189634,0.408439234504098,0.8425956288889498,0.11254894324827536,0.6707019011290232,0.7126905945992754,0.5638620348888437,0.7318440908743027,0.27052155664326394,2.52427893860645,home_favorite,7-14,wk10+
2022,10,Purdue,Iowa,Big Ten,Big Ten,False,0,0.5570379759523263,0.5993967967092568,-21.0,2.6459180114241825,0.1255380553754616,-0.15020560246252157,0.3791258501985075,0.4073408133330162,0.7975856044257361,0.9850099289509121,0.24558024460060446,1.65132481837366,-0.5570379759523263,-23.645918011424182,home_favorite,0-3,wk10+
2022,10,Texas A&M,Florida,SEC,SEC,False,0,0.5983035750655814,0.7245382428425361,-17.0,3.6399628358033156,0.0711644504304994,0.44811175442272,0.6932064828337314,0.2921145690660609,0.6432484819867899,0.5957589597141401,-0.2848894058797937,-1.040808657814361,-0.5983035750655814,-20.639962835803317,home_favorite,3-7,wk10+
2022,10,Virginia Tech,Georgia Tech,ACC,ACC,False,0,0.6324800720532274,0.704584592662721,-1.0,6.381436163870763,0.05944743472460745,-0.1908994729960949,0.0035709650219962474,-0.22813653248205293,0.544583279833422,-0.049421867045866825,-1.3767727697852798,0.36935649637936413,-0.6324800720532274,-7.381436163870763,home_favorite,3-7,wk10+
2022,10,Old Dominion,Marshall,Sun Belt,Sun Belt,False,0,0.36619563306574904,0.44126863067523897,-12.0,-6.800360645087199,-0.2552479009964372,0.40266317923933276,-0.10775750622963752,0.03899613607411852,0.18423921785911704,0.30940892507539774,1.0678082028452218,-0.17437489536304399,-0.36619563306574904,-5.199639354912801,away_favorite,3-7,wk10+
2022,10,Temple,South Florida,American Athletic,American Athletic,False,1,0.4685800307108501,0.3652566649476832,26.0,-2.0250040766710513,-0.32528856632797076,-0.026005339911827186,-0.4477419902665153,-0.29599859952713325,-0.4326386717435958,0.023795765417875724,0.7274235104536327,-0.21416011914907387,0.5314199692891499,28.025004076671053,away_favorite,0-3,wk10+
2022,10,Oklahoma,Baylor,Big 12,Big 12,False,0,0.5929934551521652,0.37599824138233284,-3.0,3.6634268736835605,0.658298279905662,0.456630152521104,0.5206629180821395,0.6684878077307741,1.0455674985680397,0.567279410456075,-1.1866878116964703,-1.4872872803020296,-0.5929934551521652,-6.6634268736835605,home_favorite,3-7,wk10+
2022,10,Louisiana Tech,Middle Tennessee,Conference USA,Conference USA,False,1,0.34034268162997333,0.3186781648336063,16.0,-6.7901378546983135,-0.42894931752492654,-0.29632482921676045,-0.5220038689715432,-0.2317544779478146,-0.5981961717274974,0.07239646073282631,-0.9877616927663212,0.7451058321363127,0.6596573183700267,22.790137854698315,away_favorite,3-7,wk10+
2022,10,Southern Miss,Georgia State,Sun Belt,Sun Belt,False,0,0.06037398077514961,0.41310497662089996,-28.0,-28.502729620792334,-0.9069180998239592,0.39927030297150407,-0.31703880768091663,0.4293936626736281,-0.6389747540609998,0.9390663426780792,1.028022979059192,1.3065195455614007,-0.06037398077514961,0.5027296207923335,away_favorite,21+,wk10+
2022,10,UAB,UTSA,Conference USA,Conference USA,False,0,0.5045965168012708,0.6622877974308888,-6.0,-0.043745509023010776,0.11426087226783169,0.20935527467112108,0.007008415890771294,0.09042671673977447,0.1192974189485392,0.8931244955480543,1.1650609720999616,1.226949097989341,-0.5045965168012708,-5.956254490976989,home_favorite,0-3,wk10+
2022,10,Georgia,Tennessee,SEC,SEC,False,1,0.8891699685533094,0.8083176725494586,14.0,21.779280643625466,0.9173695005700188,0.6255559167997339,1.249630584771695,0.17206521051315596,1.9392338553719115,0.8674319362863576,0.6080678390955435,0.9617142727491421,0.11083003144669057,-7.779280643625466,home_favorite,21+,wk10+
2022,10,Memphis,UCF,American Athletic,American Athletic,False,0,0.32102137692947164,0.30999379271968613,-7.0,-8.634493573114472,-0.012664596604318602,0.3794923012245339,-0.18841978053317082,0.26567378595098795,0.20108480486107672,0.662844109491722,0.9175084685424423,0.40472113974472407,-0.32102137692947164,1.6344935731144723,away_favorite,7-14,wk10+
2022,10,Iowa State,West Virginia,Big 12,Big 12,False,1,0.46249317692850167,0.9137376073691662,17.0,-2.222014838791089,0.10363989454772775,0.21204109911369415,0.08800024298785834,0.3580013019585629,-0.5186343911853365,0.459922558821934,-1.040808657814361,-1.588960629977439,0.5375068230714983,19.22201483879109,away_favorite,0-3,wk10+
2022,10,Stanford,Washington State,Pac-12,Pac-12,False,0,0.6325435939613162,0.2248471343503159,-38.0,4.244332412294531,-0.17930646509708764,-0.15509588463641902,-0.37059291019920054,-0.08977284968581892,-0.23971792537067532,-0.9136961750176329,1.3507253497681007,-2.0619627349891276,-0.6325435939613162,-42.24433241229453,home_favorite,3-7,wk10+
2022,10,Colorado,Oregon,Pac-12,Pac-12,False,0,0.16492898809966594,0.05871144612901999,-39.0,-18.597036819504005,-0.5540120219447138,0.6382867712741604,-0.3400416508055157,0.22110404029874936,-0.9583914424135573,0.7994952451992444,0.6566942237229129,-1.6906339796528487,-0.16492898809966594,-20.402963180495995,away_favorite,14-21,wk10+
2022,10,Illinois,Michigan State,Big Ten,Big Ten,False,0,0.2667240874222677,0.8056276940436502,-8.0,-11.014107606012214,-0.01650146531252296,0.37586418550426365,0.08258856776031895,0.5115042696869327,0.5107286200171629,1.2054523246231112,0.02013064314643552,0.7318440908743027,-0.2667240874222677,3.014107606012214,away_favorite,7-14,wk10+
2022,10,Utah State,New Mexico,Mountain West,Mountain West,False,1,0.8103045743959428,0.8954031473673285,17.0,15.133457575202408,-0.4571288962734097,-0.9783710924818886,0.14589467734082417,-0.3210901627405586,-0.5407876573573052,-1.0377015126216258,-1.2043701333791503,-1.031967496973021,0.18969542560405717,1.8665424247975917,home_favorite,14-21,wk10+
2022,10,Indiana,Penn State,Big Ten,Big Ten,False,0,0.1797370026736723,0.07358755611757352,-31.0,-15.738431685449523,-0.23369847434665753,0.02334315826527414,-0.1660743054410869,0.5071470818053967,0.04432019213803867,0.8146231664358732,-1.32814638515791,0.9528731119078021,-0.1797370026736723,-15.261568314550477,away_favorite,14-21,wk10+
2022,10,Kansas,Oklahoma State,Big 12,Big 12,False,1,0.11252361962156746,0.21594631611218493,21.0,-21.74775582642398,-0.0217969110493747,0.14192579590164023,-0.5645859036334492,0.8310255267790788,0.03476597695794549,0.37855028501616744,0.8025733776050226,1.58059553164294,0.8874763803784326,42.74775582642398,away_favorite,21+,wk10+
2022,10,Pittsburgh,Syracuse,ACC,ACC,False,1,0.7296953665479076,0.615864104253756,10.0,11.13122805848753,0.5440107815335239,0.08366361878133022,0.6495905847838812,0.27565490232047546,1.1963296501300387,0.4961879566771521,-1.1380614270691007,0.5815443565715236,0.27030463345209244,-1.1312280584875296,home_favorite,7-14,wk10+
2022,10,Cincinnati,Navy,American Athletic,American Athletic,False,1,0.9728453811388649,0.9168612275957299,10.0,35.21306792729424,0.718540179420303,-0.6939706039840705,0.6417320971646184,-0.21488963945061743,1.0367279138121288,-1.1593142292899565,-1.2087907137998204,-1.37235218936461,0.027154618861135127,-25.21306792729424,home_favorite,21+,wk10+
2022,10,Georgia Southern,South Alabama,Sun Belt,Sun Belt,False,0,0.5899276020649279,0.48561281583400134,-7.0,2.9022534157417343,-0.42089793485675886,-0.45236925081792856,-0.32429090255629045,-0.15191322424560494,-0.5562841181138546,-0.5864977187667801,0.6611148041435829,-0.9789205319249812,-0.5899276020649279,-9.902253415741734,home_favorite,0-3,wk10+
2022,10,North Texas,Florida International,Conference USA,Conference USA,False,1,0.9631988694895139,0.9602018804600128,38.0,32.00249067710516,-0.14214768193018507,-0.8627720168380502,0.1231593002311545,-1.018580222099974,-0.11767683407196212,-0.7023193267601042,1.045705300741872,-0.44845088144458306,0.03680113051048606,5.997509322894842,home_favorite,21+,wk10+
2022,10,Arkansas,Liberty,SEC,FBS Independents,False,0,0.9377840504347768,0.6360768996878818,-2.0,27.076671178908985,0.494637611318847,-0.18655805580961876,0.592978736095259,-0.25239352328340725,1.2259360769210168,-1.3415665080143837,0.5992266782542035,-0.8197796367808619,-0.9377840504347768,-29.076671178908985,home_favorite,21+,wk10+
2022,10,UL Monroe,Texas State,Sun Belt,Sun Belt,False,1,0.4774179097243376,0.3719551943780582,1.0,-1.833807987546979,-0.6311774902670171,-0.20857972255975946,-0.43964288032332266,-0.4154626095068236,-1.1732758182790235,0.1626464894978171,1.2225285175686709,-0.010813419798254401,0.5225820902756624,2.833807987546979,away_favorite,0-3,wk10+
2022,10,Louisiana,Troy,Sun Belt,Sun Belt,False,0,0.47024459778450695,0.750163481828642,-6.0,-1.06877516579396,0.21681053563810354,-0.11662961792166132,-0.03123910215894711,0.3561768339894884,-0.05292905674295412,0.639399843324358,-0.8065178955188519,0.5727031957301836,-0.47024459778450695,-4.93122483420604,away_favorite,0-3,wk10+
2022,10,LSU,Alabama,SEC,SEC,False,1,0.23474687371908792,0.07969511932764055,1.0,-13.050971906908412,0.2692944647501302,0.7533105369975095,0.5552259841583058,1.058092101202073,1.4294460257385344,2.353271674916639,-0.27162766461778376,0.028971803987775498,0.7652531262809121,14.050971906908412,away_favorite,7-14,wk10+
2022,10,Kansas State,Texas,Big 12,Big 12,False,0,0.5487826852520714,0.5330513938844411,-7.0,1.9545282138461875,0.2675369928939497,0.5086369264165519,0.2733316997863087,0.08156794829392153,0.36426824857860957,0.5861682099449588,-0.01965458063959438,0.08643934945648486,-0.5487826852520714,-8.954528213846187,home_favorite,0-3,wk10+
2022,10,Boise State,BYU,Mountain West,FBS Independents,False,0,0.5968347039537125,0.8127376816365348,-3.0,3.9827250906491263,-0.05722620654936367,0.40670439273061254,0.24469258348707218,-0.27959040975698524,0.37194450358195874,-0.8436480290270001,0.4533475243720939,0.2942066292279743,-0.5968347039537125,-6.982725090649126,home_favorite,3-7,wk10+
2022,10,SMU,Houston,American Athletic,American Athletic,False,1,0.3981741656073,0.6427130688326204,14.0,-4.7542051785817865,0.42961042576474356,0.2660990580451109,0.2562564558046273,0.8417368413955304,0.932069770496436,1.3585797429189777,0.639011902040233,0.9926583356938321,0.6018258343927,18.754205178581785,away_favorite,3-7,wk10+
2022,10,San Diego State,UNLV,Mountain West,Mountain West,False,1,0.8550478431799491,0.7711142606875975,4.0,18.820702362184946,0.08697587881013369,-0.6097622547158537,0.20668591317830323,-0.35246423245038216,-0.04557500167858412,-0.5934857757790459,-0.9302941472976113,-0.1345896715770141,0.14495215682005091,-14.820702362184946,home_favorite,14-21,wk10+
2022,10,Miami,Florida State,ACC,ACC,False,0,0.49897101456204007,0.3652566649476832,-42.0,-0.27375143700202376,0.29026547074305287,0.34840968075329015,0.35228521706520516,0.43633537696658575,1.053246779853045,1.0792183593743252,0.5859649369921935,0.8511997622323925,-0.49897101456204007,-41.726248562997974,away_favorite,0-3,wk10+
2022,10,Utah,Arizona,Pac-12,Pac-12,False,1,0.9454844277886338,0.9651583609532981,25.0,28.347703898440603,0.5554441585418318,-0.47070195528176684,0.6051114973545886,-0.03514366696739451,0.7868522849196966,-0.11508722189273012,1.3374636085060907,0.07759818861514488,0.05451557221136616,-3.347703898440603,home_favorite,21+,wk10+
2022,10,Mississippi State,Auburn,SEC,SEC,False,1,0.7081431296077729,0.8127376816365348,6.0,9.433151085055377,0.8557470811705954,0.40604538288883785,0.5464132841646331,0.5074922452182452,2.023555206791805,0.6898189961400775,-0.5766477136440127,-0.4130862380792231,0.2918568703922271,-3.4331510850553766,home_favorite,7-14,wk10+
2022,10,Vanderbilt,South Carolina,SEC,SEC,False,0,0.17866308814188508,0.23920390901085772,-11.0,-16.661222496656574,-0.4173528233842389,0.03927935493562848,-0.4719606603066304,0.36151634766123875,-0.4770592157044151,0.8950743134879353,0.422403461427404,0.4710298460547739,-0.17866308814188508,5.661222496656574,away_favorite,14-21,wk10+
2022,10,Rutgers,Michigan,Big Ten,Big Ten,False,0,0.11930454477655138,0.019896286889966117,-35.0,-21.18403448610751,-0.18920359534506653,0.6751927915503485,0.011020851564687573,0.6854275136101129,-0.30242362489087854,1.440291208298126,0.44450636353075396,1.0368641399005318,-0.11930454477655138,-13.81596551389249,away_favorite,21+,wk10+
2022,10,Notre Dame,Clemson,FBS Independents,ACC,False,1,0.4322316279188312,0.5487743358597419,21.0,-3.3901411015560803,0.3611311053052574,0.43629398187484175,0.7188417231644424,0.9590792910018308,1.278945664119902,1.4445061589046766,-0.5633859723820027,-0.3865627555552032,0.5677683720811688,24.39014110155608,away_favorite,3-7,wk10+
2022,10,NC State,Wake Forest,ACC,ACC,False,1,0.602997777387249,0.469815319996098,9.0,4.413231657366343,0.27452748857998677,0.4023997294756178,0.5776839424036647,0.24874748584523218,1.2330835247552265,1.1290060876072743,0.6611148041435829,1.089911104948572,0.397002222612751,4.586768342633657,home_favorite,3-7,wk10+
2022,10,Fresno State,Hawai'i,Mountain West,Mountain West,False,1,0.9365016003049463,0.9164213770695134,42.0,26.329609420233073,0.2520144687830661,-0.5904459490913223,0.34207158392960035,-0.15605031183852397,0.5502038212231437,-1.177892815633967,1.3905105735541305,-1.4032962523092998,0.06349839969505366,15.670390579766927,home_favorite,21+,wk10+
2022,10,San José State,Colorado State,Mountain West,Mountain West,False,1,0.7842422771464687,0.9066840316615196,12.0,13.01410452804824,-0.18920505348395023,-0.49626314527779436,0.17871345392136004,-0.14741194527106274,0.3960786839146185,-0.6349117107900408,0.01571006272576553,-1.1866878116964703,0.21575772285353134,-1.0141045280482395,home_favorite,7-14,wk10+
2022,10,USC,California,Pac-12,Pac-12,False,1,0.7946597809505945,0.8805335622474012,6.0,14.32882212767855,0.5009617220822438,-0.049312623135202384,0.11189753718296619,-0.12165357625654509,1.5425865278854285,-0.46560773427597585,-1.4475020565159997,-1.4784461194606897,0.20534021904940547,-8.32882212767855,home_favorite,14-21,wk10+
2022,10,Arizona State,UCLA,Pac-12,Pac-12,False,0,0.4005397525603574,0.2859210974146497,-14.0,-3.6957185779067427,0.41987690972843106,0.6858567804532446,0.22579860365117876,0.17234505644603232,0.25523964871157645,0.934152676836182,-1.7967279097489284,0.3074683704899843,-0.4005397525603574,-10.304281422093258,away_favorite,3-7,wk10+
2022,11,Akron,Eastern Michigan,Mid-American,Mid-American,False,0,0.1847367112600639,0.17200061973883018,-6.0,-15.520354862256923,-0.7168722851847078,0.022512605496399857,-0.980354691837253,-0.584801891783351,-1.0402111871568545,-0.23126840770203186,-1.5138107628260493,-0.18321605620438397,-0.1847367112600639,9.520354862256923,away_favorite,14-21,wk10+
2022,11,Miami (OH),Ohio,Mid-American,Mid-American,False,0,0.8740188427557273,0.5910755963149433,-16.0,19.791310392663995,-0.06368205877940536,-0.30679970534427264,0.24532441782200956,-0.5829335751100135,0.11780859675488548,-0.6663929871152977,0.48429158731678384,-0.5545448115406628,-0.8740188427557273,-35.791310392663995,home_favorite,14-21,wk10+
2022,11,Toledo,Ball State,Mid-American,Mid-American,False,1,0.8159818983146149,0.8604511617577122,7.0,15.385653060760323,-0.061601384123268384,-0.1914148921321266,0.21526242179194188,-0.4601569212627483,0.23963902442452503,-0.7862704048899715,-0.055019224004954286,-0.7755738325741619,0.18401810168538513,-8.385653060760323,home_favorite,14-21,wk10+
2022,11,Bowling Green,Kent State,Mid-American,Mid-American,False,0,0.5484906687845149,0.4712494361077314,-34.0,0.7947099864262146,-0.612289493279512,0.14723386906180286,-0.260009585656906,-0.5647732590843959,-0.2707624407928235,-0.4349691386072225,2.177373888433388,-0.3865627555552032,-0.5484906687845149,-34.79470998642621,home_favorite,0-3,wk10+
2022,11,Central Michigan,Buffalo,Mid-American,Mid-American,False,1,0.6851521644376584,0.5,4.0,7.513320014849164,-0.07311041387427991,0.002931928467075927,0.19196570912362046,-0.06468856521473626,0.027589646312895198,-0.23242290234982,0.5506002936268337,-0.9435558885596212,0.31484783556234164,-3.513320014849164,home_favorite,7-14,wk10+
2022,11,Western Michigan,Northern Illinois,Mid-American,Mid-American,False,0,0.7811719885721977,0.46838170217189273,-3.0,14.432338558747684,0.17021586332394317,0.17192720125363067,0.4411554683841786,-0.6228550155832092,-0.31405227170239663,-0.3854673338375063,-1.018705755711011,1.182743293782641,-0.7811719885721977,-17.432338558747684,home_favorite,14-21,wk10+
2022,11,Louisiana,Georgia Southern,Sun Belt,Sun Belt,False,1,0.7712292764114796,0.7670249181450214,19.0,13.450920404989734,0.21681053563810354,-0.42089793485675886,-0.03123910215894711,-0.32429090255629045,-0.05292905674295412,-0.5562841181138546,-0.8065178955188519,0.6611148041435829,0.22877072358852035,5.549079595010266,home_favorite,7-14,wk10+
2022,11,Memphis,Tulsa,American Athletic,American Athletic,False,1,0.5366397343746182,0.7490830628775357,16.0,1.000083801999153,-0.012664596604318602,-0.03673309383912184,-0.18841978053317082,0.03195767497521229,0.20108480486107672,-0.01574054384882495,0.9175084685424423,0.18369211871122462,0.4633602656253818,14.999916198000847,home_favorite,0-3,wk10+
2022,11,Cincinnati,East Carolina,American Athletic,American Athletic,False,1,0.8681701089349839,0.8029091701538159,2.0,20.50429523788757,0.718540179420303,-0.1772308386312538,0.6417320971646184,0.022692753113912806,1.0367279138121288,0.24612781259212535,-1.2087907137998204,0.8909849860184224,0.13182989106501608,-18.50429523788757,home_favorite,14-21,wk10+
2022,11,USC,Colorado,Pac-12,Pac-12,False,1,0.869672654561141,0.9804376961274206,38.0,20.69290619650295,0.5009617220822438,-0.5540120219447138,0.11189753718296619,-0.3400416508055157,1.5425865278854285,-0.9583914424135573,-1.4475020565159997,0.6566942237229129,0.13032734543885904,17.30709380349705,home_favorite,14-21,wk10+
2022,11,UNLV,Fresno State,Mountain West,Mountain West,False,0,0.09561393252167014,0.19168232745054142,-7.0,-23.252766923481843,-0.6097622547158537,0.2520144687830661,-0.35246423245038216,0.34207158392960035,-0.5934857757790459,0.5502038212231437,-0.1345896715770141,1.3905105735541305,-0.09561393252167014,16.252766923481843,away_favorite,21+,wk10+
2022,11,Michigan State,Rutgers,Big Ten,Big Ten,False,1,0.8505647447952408,0.8991173716432768,6.0,18.04368916202032,0.37586418550426365,-0.18920359534506653,0.5115042696869327,0.011020851564687573,1.2054523246231112,-0.30242362489087854,0.7318440908743027,0.44450636353075396,0.1494352552047592,-12.043689162020321,home_favorite,14-21,wk10+
2022,11,West Virginia,Oklahoma,Big 12,Big 12,False,1,0.3448217170144375,0.23920390901085772,3.0,-7.142479055298306,0.21204109911369415,0.658298279905662,0.3580013019585629,0.5206629180821395,0.459922558821934,1.0455674985680397,-1.588960629977439,-1.1866878116964703,0.6551782829855626,10.142479055298306,away_favorite,7-14,wk10+
2022,11,Virginia,Pittsburgh,ACC,ACC,False,0,0.391167537612105,0.3186781648336063,-30.0,-6.0786003785985265,0.3695693481329747,0.5440107815335239,-0.06694241373972032,0.6495905847838812,0.6281288641812085,1.1963296501300387,1.1385374895759417,-1.1380614270691007,-0.391167537612105,-23.921399621401473,away_favorite,3-7,wk10+
2022,11,Arkansas,LSU,SEC,SEC,False,0,0.6784484980145424,0.527315973006493,-3.0,7.397787303388522,0.494637611318847,0.2692944647501302,0.592978736095259,0.5552259841583058,1.2259360769210168,1.4294460257385344,0.5992266782542035,-0.27162766461778376,-0.6784484980145424,-10.397787303388522,home_favorite,7-14,wk10+
2022,11,Navy,Notre Dame,American Athletic,FBS Independents,True,0,0.03668167649443204,0.08011834302901932,-3.0,-31.82390152636727,-0.6939706039840705,0.3611311053052574,-0.21488963945061743,0.7188417231644424,-1.1593142292899565,1.278945664119902,-1.37235218936461,-0.5633859723820027,-0.03668167649443204,28.82390152636727,away_favorite,21+,wk10+
2022,11,Ohio State,Indiana,Big Ten,Big Ten,False,1,0.9788221896238511,0.9954759149899091,42.0,36.70018793232158,1.0410444412528517,-0.23369847434665753,0.6226947062141851,-0.1660743054410869,2.1502505245084294,0.04432019213803867,0.8909849860184224,-1.32814638515791,0.021177810376148853,5.299812067678417,home_favorite,21+,wk10+
2022,11,Duke,Virginia Tech,ACC,ACC,False,1,0.36185036800874615,0.7291099628977525,17.0,-6.76143295901757,-0.3123690544815999,0.05944743472460745,-0.3412201169733594,0.0035709650219962474,-0.28237354709106216,0.544583279833422,-0.749050350050142,-1.3767727697852798,0.6381496319912539,23.76143295901757,away_favorite,3-7,wk10+
2022,11,South Florida,SMU,American Athletic,American Athletic,False,0,0.22407192524994313,0.06718834790965547,-18.0,-13.26714891812463,-0.026005339911827186,0.42961042576474356,-0.29599859952713325,0.2562564558046273,0.023795765417875724,0.932069770496436,-0.21416011914907387,0.639011902040233,-0.22407192524994313,-4.732851081875371,away_favorite,7-14,wk10+
2022,11,Illinois,Purdue,Big Ten,Big Ten,False,0,0.40007723510721493,0.750163481828642,-7.0,-4.713597889776791,-0.01650146531252296,0.1255380553754616,0.08258856776031895,0.3791258501985075,0.5107286200171629,0.7975856044257361,0.02013064314643552,0.24558024460060446,-0.40007723510721493,-2.286402110223209,away_favorite,3-7,wk10+
2022,11,UConn,Liberty,FBS Independents,FBS Independents,False,1,0.19733122504014733,0.0708872941587333,3.0,-15.516856863930123,-1.036118424630999,-0.18655805580961876,-0.6395631185918779,-0.25239352328340725,-0.9768202205676447,-1.3415665080143837,-0.6252740982713824,-0.8197796367808619,0.8026687749598527,18.516856863930123,away_favorite,14-21,wk10+
2022,11,Tennessee,Missouri,SEC,SEC,False,1,0.7753690990147262,0.9565291425886061,42.0,12.487255841627926,0.6255559167997339,0.4253980988577767,0.17206521051315596,-0.02558172735824485,0.8674319362863576,0.2673969099451578,0.9617142727491421,-0.9081912451942614,0.22463090098527383,29.512744158372072,home_favorite,7-14,wk10+
2022,11,Kentucky,Vanderbilt,SEC,SEC,False,0,0.9304148955528933,0.9109760314653452,-3.0,26.593208207498428,0.5220063287196628,-0.4173528233842389,0.24175664865284768,-0.4719606603066304,0.7744755672843939,-0.4770592157044151,0.33399185301400425,0.422403461427404,-0.9304148955528933,-29.593208207498428,home_favorite,21+,wk10+
2022,11,Georgia State,UL Monroe,Sun Belt,Sun Belt,False,0,0.9512132951543465,0.9422356949632469,-3.0,29.89632770428204,0.39927030297150407,-0.6311774902670171,0.4293936626736281,-0.43964288032332266,0.9390663426780792,-1.1732758182790235,1.3065195455614007,1.2225285175686709,-0.9512132951543465,-32.896327704282044,home_favorite,21+,wk10+
2022,11,Western Kentucky,Rice,Conference USA,Conference USA,False,1,0.7637030700615115,0.9807661828592751,35.0,12.848320916492476,0.2938906346304037,-0.27301041293244555,-0.2722418320054854,-0.4702660355074896,-0.08584858884219872,-0.3645424715933644,-1.6596899167081587,-0.8418825388842118,0.2362969299384885,22.151679083507524,home_favorite,7-14,wk10+
2022,11,Arkansas State,Massachusetts,Sun Belt,FBS Independents,False,1,0.5491835048138255,0.8954031473673285,2.0,2.913314434521632,-0.7324925881734076,-0.7180503348951146,-0.4439205893042125,-0.8213285903546705,-0.46614900199142395,-1.3662111344467556,-1.5138107628260493,1.041284720321202,0.4508164951861745,-0.9133144345216322,home_favorite,0-3,wk10+
2022,11,Houston,Temple,American Athletic,American Athletic,False,1,0.9508186874055315,0.9434762493459331,7.0,29.709570429670276,0.2660990580451109,-0.32528856632797076,0.8417368413955304,-0.4477419902665153,1.3585797429189777,-0.4326386717435958,0.9926583356938321,0.7274235104536327,0.04918131259446845,-22.709570429670276,home_favorite,21+,wk10+
2022,11,NC State,Boston College,ACC,ACC,False,0,0.8463926102884984,0.9215623250569782,-1.0,17.698571200652275,0.27452748857998677,-0.20004142221077786,0.5776839424036647,-0.004495973582749734,1.2330835247552265,0.12418516989795675,0.6611148041435829,0.40030055932405406,-0.8463926102884984,-18.698571200652275,home_favorite,14-21,wk10+
2022,11,Air Force,New Mexico,Mountain West,Mountain West,False,1,0.9732749844024975,0.9833954092327226,32.0,34.68383491997512,0.48742456867655715,-0.9783710924818886,0.2363069692523554,-0.3210901627405586,0.6763724366342,-1.0377015126216258,0.8290968601290425,-1.031967496973021,0.02672501559750251,-2.6838349199751192,home_favorite,21+,wk10+
2022,11,Tulane,UCF,American Athletic,American Athletic,False,0,0.41459928637679094,0.41031649686004995,-7.0,-4.530314961202558,-0.05831678293952044,0.3794923012245339,0.10439867313903253,0.26567378595098795,0.09666257799364703,0.662844109491722,1.4037723148161405,0.40472113974472407,-0.41459928637679094,-2.469685038797442,away_favorite,3-7,wk10+
2022,11,Middle Tennessee,Charlotte,Conference USA,Conference USA,False,1,0.6951661806810223,0.8391753178526756,10.0,8.928222323655001,-0.29632482921676045,-0.3809507672785875,-0.2317544779478146,-0.6487962931931477,0.07239646073282631,-0.3711661443615595,0.7451058321363127,1.2932578042993907,0.3048338193189777,1.0717776763449987,home_favorite,7-14,wk10+
2022,11,UAB,North Texas,Conference USA,Conference USA,False,1,0.6101253769133329,0.6007782458900109,20.0,4.504723587360535,0.11426087226783169,-0.14214768193018507,0.007008415890771294,0.1231593002311545,0.1192974189485392,-0.11767683407196212,1.1650609720999616,1.045705300741872,0.3898746230866671,15.495276412639466,home_favorite,3-7,wk10+
2022,11,Penn State,Maryland,Big Ten,Big Ten,False,1,0.5726001980258684,0.8672208959675437,30.0,2.7589289949998217,0.02334315826527414,0.408439234504098,0.5071470818053967,0.11254894324827536,0.8146231664358732,0.7126905945992754,0.9528731119078021,0.7318440908743027,0.42739980197413163,27.24107100500018,home_favorite,0-3,wk10+
2022,11,UTSA,Louisiana Tech,Conference USA,Conference USA,False,1,0.9234256859218262,0.9001568673004807,44.0,24.756456506033576,0.20935527467112108,-0.42894931752492654,0.09042671673977447,-0.5220038689715432,0.8931244955480543,-0.5981961717274974,1.226949097989341,-0.9877616927663212,0.07657431407817383,19.243543493966424,home_favorite,21+,wk10+
2022,11,Georgia Tech,Miami,ACC,ACC,False,0,0.22776464400502672,0.46551605527316847,-21.0,-13.39376891286588,-0.1908994729960949,0.29026547074305287,-0.22813653248205293,0.35228521706520516,-0.049421867045866825,1.053246779853045,0.36935649637936413,0.5859649369921935,-0.22776464400502672,-7.60623108713412,away_favorite,7-14,wk10+
2022,11,Iowa,Wisconsin,Big Ten,Big Ten,False,1,0.31864824107796325,0.502878199574811,14.0,-9.27282769431987,-0.15020560246252157,0.27398870799189634,0.4073408133330162,0.8425956288889498,0.9850099289509121,0.6707019011290232,1.65132481837366,0.5638620348888437,0.6813517589220368,23.272827694319872,away_favorite,7-14,wk10+
2022,11,Troy,Army,Sun Belt,FBS Independents,False,1,0.6077718425862241,0.6334077000711676,1.0,4.3432053862162805,-0.11662961792166132,0.2273330748400889,0.3561768339894884,-0.09964479973180013,0.639399843324358,-0.302719608244097,0.5727031957301836,0.3207301117519943,0.3922281574137759,-3.3432053862162805,home_favorite,3-7,wk10+
2022,11,Marshall,App State,Sun Belt,Sun Belt,False,1,0.45985649775841947,0.5086338358210827,7.0,-1.9942418842927538,0.40266317923933276,0.14736211952344222,0.03899613607411852,0.5677964601867576,0.30940892507539774,0.34262116172396206,-0.17437489536304399,0.04223354524978546,0.5401435022415806,8.994241884292753,away_favorite,0-3,wk10+
2022,11,Oklahoma State,Iowa State,Big 12,Big 12,False,1,0.8580611100816988,0.37061145278249774,6.0,17.751709516871127,0.14192579590164023,0.10363989454772775,0.8310255267790788,0.08800024298785834,0.37855028501616744,-0.5186343911853365,1.58059553164294,-1.040808657814361,0.14193888991830117,-11.751709516871127,home_favorite,14-21,wk10+
2022,11,Washington State,Arizona State,Pac-12,Pac-12,False,1,0.2721928027763859,0.8196458144946892,10.0,-10.839416220033492,-0.15509588463641902,0.41987690972843106,-0.08977284968581892,0.22579860365117876,-0.9136961750176329,0.25523964871157645,-2.0619627349891276,-1.7967279097489284,0.7278071972236141,20.839416220033492,away_favorite,7-14,wk10+
2022,11,Ole Miss,Alabama,SEC,SEC,False,0,0.15039039993041298,0.08491088893958132,-6.0,-17.802961955029023,0.5366406117449369,0.7533105369975095,0.1595157151494885,1.058092101202073,0.9332286463609405,2.353271674916639,-2.2697300147606168,0.028971803987775498,-0.15039039993041298,11.802961955029023,away_favorite,14-21,wk10+
2022,11,Minnesota,Northwestern,Big Ten,Big Ten,False,1,0.9044267064136593,0.9287326342558504,28.0,22.446094452469907,0.14311871189316178,-0.284253787565069,0.16883309285608322,-0.49808160022576253,0.287354105695924,-0.23425480809692945,1.4170340560781505,-0.7888355738361719,0.0955732935863407,5.553905547530093,home_favorite,21+,wk10+
2022,11,Michigan,Nebraska,Big Ten,Big Ten,False,1,0.8903827855602819,0.9713339041975821,31.0,20.764055061684587,0.6751927915503485,0.2321803673404786,0.6854275136101129,0.20038719781742348,1.440291208298126,0.3107392534284849,1.0368641399005318,-1.6729516579701686,0.10961721443971806,10.235944938315413,home_favorite,14-21,wk10+
2022,11,Clemson,Louisville,ACC,ACC,False,1,0.663726462618146,0.6253513933075368,15.0,7.426950329562711,0.43629398187484175,0.6824222294552479,0.9590792910018308,0.260660114234819,1.4445061589046766,1.681564780466193,-0.3865627555552032,0.422403461427404,0.33627353738185395,7.573049670437289,home_favorite,7-14,wk10+
2022,11,Florida,South Carolina,SEC,SEC,False,1,0.5939036523674491,0.6788169197947567,32.0,4.46176232084884,0.44811175442272,0.03927935493562848,0.2921145690660609,0.36151634766123875,0.5957589597141401,0.8950743134879353,-1.040808657814361,0.4710298460547739,0.40609634763255087,27.53823767915116,home_favorite,3-7,wk10+
2022,11,South Alabama,Texas State,Sun Belt,Sun Belt,False,1,0.5180283091934649,0.8672208959675437,17.0,0.874679866585153,-0.45236925081792856,-0.20857972255975946,-0.15191322424560494,-0.4154626095068236,-0.5864977187667801,0.1626464894978171,-0.9789205319249812,-0.010813419798254401,0.4819716908065351,16.125320133414846,home_favorite,0-3,wk10+
2022,11,Mississippi State,Georgia,SEC,SEC,False,0,0.2659373875548044,0.08402058726172794,-26.0,-10.822177646072788,0.8557470811705954,0.9173695005700188,0.5464132841646331,1.249630584771695,2.023555206791805,1.9392338553719115,-0.5766477136440127,0.6080678390955435,-0.2659373875548044,-15.177822353927212,away_favorite,7-14,wk10+
2022,11,Oregon,Washington,Pac-12,Pac-12,False,0,0.6779770661005884,0.7639246991448386,-3.0,9.134618906986661,0.6382867712741604,0.0015914555010854911,0.22110404029874936,0.056737694064616956,0.7994952451992444,0.26507529477018427,-1.6906339796528487,1.257893160934031,-0.6779770661005884,-12.134618906986661,home_favorite,7-14,wk10+
2022,11,Colorado State,Wyoming,Mountain West,Mountain West,False,0,0.486345924442706,0.3149403910066497,-1.0,-0.9797677185318787,-0.49626314527779436,0.07552225778386551,-0.14741194527106274,-0.44409905049306575,-0.6349117107900408,-0.40132777968706695,-1.1866878116964703,-1.4165579935713097,-0.486345924442706,-0.020232281468121283,away_favorite,0-3,wk10+
2022,11,Florida International,Florida Atlantic,Conference USA,Conference USA,False,0,0.10854129146323876,0.10787608605677308,-45.0,-21.763684266090312,-0.8627720168380502,-0.2887842458928615,-1.018580222099974,-0.1335434055547393,-0.7023193267601042,-0.15335330800467895,-0.44845088144458306,1.2357902588306808,-0.10854129146323876,-23.236315733909688,away_favorite,21+,wk10+
2022,11,Baylor,Kansas State,Big 12,Big 12,False,0,0.6709999729429821,0.527315973006493,-28.0,8.03898225925857,0.456630152521104,0.2675369928939497,0.6684878077307741,0.2733316997863087,0.567279410456075,0.36426824857860957,-1.4872872803020296,-0.01965458063959438,-0.6709999729429821,-36.03898225925857,home_favorite,7-14,wk10+
2022,11,Texas Tech,Kansas,Big 12,Big 12,False,1,0.8325542730514712,0.7210782431975601,15.0,17.278807438368688,0.38645930041777976,-0.0217969110493747,0.07864957322202494,-0.5645859036334492,0.5577240554745055,0.03476597695794549,0.08643934945648486,0.8025733776050226,0.16744572694852877,-2.2788074383686876,home_favorite,14-21,wk10+
2022,11,Texas,TCU,Big 12,Big 12,False,0,0.6239200487567187,0.834459181708983,-7.0,5.92201237290763,0.5086369264165519,0.369527672575048,0.08156794829392153,-0.10952338630802752,0.5861682099449588,0.7911804500783419,0.08643934945648486,1.3330430280854206,-0.6239200487567187,-12.92201237290763,home_favorite,3-7,wk10+
2022,11,Coastal Carolina,Southern Miss,Sun Belt,Sun Belt,False,1,0.9239500121843416,0.8870357268841216,3.0,25.96296359318396,0.5740297235416402,-0.9069180998239592,-0.06984127388375617,-0.31703880768091663,0.026701317265875324,-0.6389747540609998,0.1439068949251947,1.028022979059192,0.07604998781565842,-22.96296359318396,home_favorite,21+,wk10+
2022,11,Auburn,Texas A&M,SEC,SEC,False,1,0.5902480126106096,0.4483764526890395,3.0,3.6003562801022944,0.40604538288883785,0.0711644504304994,0.5074922452182452,0.6932064828337314,0.6898189961400775,0.6432484819867899,-0.4130862380792231,-0.2848894058797937,0.40975198738939045,-0.6003562801022944,home_favorite,3-7,wk10+
2022,11,Wake Forest,North Carolina,ACC,ACC,False,0,0.7210337625635495,0.6293885472175023,-2.0,9.474789426807886,0.4023997294756178,0.36142167749093523,0.24874748584523218,0.027025839855599865,1.1290060876072743,0.6488761740827513,1.089911104948572,-0.4351891401825731,-0.7210337625635495,-11.474789426807886,home_favorite,7-14,wk10+
2022,11,Syracuse,Florida State,ACC,ACC,False,0,0.4034895123516443,0.3652566649476832,-35.0,-4.526155308401041,0.08366361878133022,0.34840968075329015,0.27565490232047546,0.43633537696658575,0.4961879566771521,1.0792183593743252,0.5815443565715236,0.8511997622323925,-0.4034895123516443,-30.47384469159896,away_favorite,3-7,wk10+
2022,11,Oregon State,California,Pac-12,Pac-12,False,1,0.8393326967645601,0.8010809398289457,28.0,16.611706638456507,0.45620678924863084,-0.049312623135202384,0.05065644758414837,-0.12165357625654509,0.21072858146859297,-0.46560773427597585,0.6743765454055929,-1.4784461194606897,0.16066730323543987,11.388293361543493,home_favorite,14-21,wk10+
2022,11,Utah,Stanford,Pac-12,Pac-12,False,1,0.9359618056027345,0.9779793722871879,35.0,27.35871638304854,0.5554441585418318,-0.17930646509708764,0.6051114973545886,-0.37059291019920054,0.7868522849196966,-0.23971792537067532,1.3374636085060907,1.3507253497681007,0.06403819439726555,7.641283616951458,home_favorite,21+,wk10+
2022,11,Nevada,Boise State,Mountain West,Mountain West,False,0,0.26365123520553946,0.1695550886467628,-38.0,-10.402038274727976,-0.05486354648412478,-0.05722620654936367,-0.32583684906821864,0.24469258348707218,-0.5479558030583757,0.37194450358195874,-2.0840656370924773,0.4533475243720939,-0.26365123520553946,-27.59796172527202,away_favorite,7-14,wk10+
2022,11,UCLA,Arizona,Pac-12,Pac-12,False,0,0.9003668222245358,0.9409696170394709,-6.0,22.702719181863806,0.6858567804532446,-0.47070195528176684,0.17234505644603232,-0.03514366696739451,0.934152676836182,-0.11508722189273012,0.3074683704899843,0.07759818861514488,-0.9003668222245358,-28.702719181863806,home_favorite,21+,wk10+
2022,11,San Diego State,San José State,Mountain West,Mountain West,False,1,0.6042778535568353,0.4327711556570478,16.0,4.628941036843823,0.08697587881013369,-0.18920505348395023,0.20668591317830323,0.17871345392136004,-0.04557500167858412,0.3960786839146185,-0.9302941472976113,0.01571006272576553,0.3957221464431647,11.371058963156177,home_favorite,3-7,wk10+
2022,11,Hawai'i,Utah State,Mountain West,Mountain West,False,0,0.389590444411291,0.18292116580002576,-7.0,-5.3323172625566855,-0.5904459490913223,-0.4571288962734097,-0.15605031183852397,0.14589467734082417,-1.177892815633967,-0.5407876573573052,-1.4032962523092998,-1.2043701333791503,-0.389590444411291,-1.6676827374433145,away_favorite,3-7,wk10+
2022,12,Ball State,Ohio,Mid-American,Mid-American,False,0,0.6374957256916407,0.3868631798468569,-14.0,6.04822630725692,-0.1914148921321266,-0.30679970534427264,-0.4601569212627483,-0.5829335751100135,-0.7862704048899715,-0.6663929871152977,-0.7755738325741619,-0.5545448115406628,-0.6374957256916407,-20.04822630725692,home_favorite,3-7,wk10+
2022,12,Toledo,Bowling Green,Mid-American,Mid-American,False,0,0.7542805546570862,0.9517472964094822,-7.0,12.646856056016357,-0.061601384123268384,-0.612289493279512,0.21526242179194188,-0.260009585656906,0.23963902442452503,-0.2707624407928235,-0.055019224004954286,2.177373888433388,-0.7542805546570862,-19.646856056016357,home_favorite,7-14,wk10+
2022,12,Kent State,Eastern Michigan,Mid-American,Mid-American,False,0,0.6235004230836665,0.667418421873223,-7.0,5.532718961788515,0.14723386906180286,0.022512605496399857,-0.5647732590843959,-0.584801891783351,-0.4349691386072225,-0.23126840770203186,-0.3865627555552032,-0.18321605620438397,-0.6235004230836665,-12.532718961788515,home_favorite,3-7,wk10+
2022,12,Northern Illinois,Miami (OH),Mid-American,Mid-American,False,0,0.3991236422976858,0.5728722513945045,-6.0,-4.997121771765933,0.17192720125363067,-0.06368205877940536,-0.6228550155832092,0.24532441782200956,-0.3854673338375063,0.11780859675488548,1.182743293782641,0.48429158731678384,-0.3991236422976858,-1.0028782282340671,away_favorite,3-7,wk10+
2022,12,Central Michigan,Western Michigan,Mid-American,Mid-American,False,0,0.46862978089793544,0.704584592662721,-2.0,-2.4703377697480176,-0.07311041387427991,0.17021586332394317,0.19196570912362046,0.4411554683841786,0.027589646312895198,-0.31405227170239663,0.5506002936268337,-1.018705755711011,-0.46862978089793544,0.47033776974801755,away_favorite,0-3,wk10+
2022,12,Tulane,SMU,American Athletic,American Athletic,False,1,0.3911674667378534,0.5215733330511455,35.0,-5.478614386737972,-0.05831678293952044,0.42961042576474356,0.10439867313903253,0.2562564558046273,0.09666257799364703,0.932069770496436,1.4037723148161405,0.639011902040233,0.6088325332621466,40.47861438673797,away_favorite,3-7,wk10+
2022,12,Tulsa,South Florida,American Athletic,American Athletic,False,1,0.6834600410472533,0.8548291775317596,6.0,7.946154223850121,-0.03673309383912184,-0.026005339911827186,0.03195767497521229,-0.29599859952713325,-0.01574054384882495,0.023795765417875724,0.18369211871122462,-0.21416011914907387,0.31653995895274667,-1.9461542238501206,home_favorite,7-14,wk10+
2022,12,New Mexico,San Diego State,Mountain West,Mountain West,False,0,0.117233637404959,0.13015005092569085,-24.0,-21.683558059553317,-0.9783710924818886,0.08697587881013369,-0.3210901627405586,0.20668591317830323,-1.0377015126216258,-0.04557500167858412,-1.031967496973021,-0.9302941472976113,-0.117233637404959,-2.3164419404466834,away_favorite,21+,wk10+
2022,12,UCF,Navy,American Athletic,American Athletic,False,0,0.9431039409614128,0.8618278475799177,-3.0,27.769690156720443,0.3794923012245339,-0.6939706039840705,0.26567378595098795,-0.21488963945061743,0.662844109491722,-1.1593142292899565,0.40472113974472407,-1.37235218936461,-0.9431039409614128,-30.769690156720443,home_favorite,21+,wk10+
2022,12,Baylor,TCU,Big 12,Big 12,False,0,0.7006357770493004,0.6007782458900109,-1.0,10.194674157992203,0.456630152521104,0.369527672575048,0.6684878077307741,-0.10952338630802752,0.567279410456075,0.7911804500783419,-1.4872872803020296,1.3330430280854206,-0.7006357770493004,-11.194674157992203,home_favorite,7-14,wk10+
2022,12,Texas A&M,Massachusetts,SEC,FBS Independents,False,1,0.9626247587463743,0.9894586159864047,17.0,32.92344561778365,0.0711644504304994,-0.7180503348951146,0.6932064828337314,-0.8213285903546705,0.6432484819867899,-1.3662111344467556,-0.2848894058797937,1.041284720321202,0.03737524125362568,-15.92344561778365,home_favorite,21+,wk10+
2022,12,Florida State,Louisiana,ACC,Sun Belt,False,1,0.8040097886811076,0.8196458144946892,32.0,14.251671836676033,0.34840968075329015,0.21681053563810354,0.43633537696658575,-0.03123910215894711,1.0792183593743252,-0.05292905674295412,0.8511997622323925,-0.8065178955188519,0.19599021131889238,17.74832816332397,home_favorite,14-21,wk10+
2022,12,Michigan State,Indiana,Big Ten,Big Ten,False,0,0.9221176211814146,0.8926766600061541,-8.0,24.574071615075365,0.37586418550426365,-0.23369847434665753,0.5115042696869327,-0.1660743054410869,1.2054523246231112,0.04432019213803867,0.7318440908743027,-1.32814638515791,-0.9221176211814146,-32.57407161507537,home_favorite,21+,wk10+
2022,12,Pittsburgh,Duke,ACC,ACC,False,1,0.9419884022031273,0.8170788341999742,2.0,28.44105234893214,0.5440107815335239,-0.3123690544815999,0.6495905847838812,-0.3412201169733594,1.1963296501300387,-0.28237354709106216,-1.1380614270691007,-0.749050350050142,0.058011597796872705,-26.44105234893214,home_favorite,21+,wk10+
2022,12,Nebraska,Wisconsin,Big Ten,Big Ten,False,0,0.23778047394581153,0.26524291068345335,-1.0,-12.071619454941459,0.2321803673404786,0.27398870799189634,0.20038719781742348,0.8425956288889498,0.3107392534284849,0.6707019011290232,-1.6729516579701686,0.5638620348888437,-0.23778047394581153,11.071619454941459,away_favorite,7-14,wk10+
2022,12,Michigan,Illinois,Big Ten,Big Ten,False,1,0.9052012100037659,0.92758110507346,2.0,22.909311893802705,0.6751927915503485,-0.01650146531252296,0.6854275136101129,0.08258856776031895,1.440291208298126,0.5107286200171629,1.0368641399005318,0.02013064314643552,0.09479878999623415,-20.909311893802705,home_favorite,21+,wk10+
2022,12,Purdue,Northwestern,Big Ten,Big Ten,False,1,0.905114544137916,0.8964765078981858,8.0,22.90428402007406,0.1255380553754616,-0.284253787565069,0.3791258501985075,-0.49808160022576253,0.7975856044257361,-0.23425480809692945,0.24558024460060446,-0.7888355738361719,0.09488545586208397,-14.904284020074059,home_favorite,21+,wk10+
2022,12,Army,UConn,FBS Independents,FBS Independents,False,1,0.9542883279954744,0.8964765078981858,17.0,30.205762398826863,0.2273330748400889,-1.036118424630999,-0.09964479973180013,-0.6395631185918779,-0.302719608244097,-0.9768202205676447,0.3207301117519943,-0.6252740982713824,0.04571167200452564,-13.205762398826863,home_favorite,21+,wk10+
2022,12,Liberty,Virginia Tech,FBS Independents,ACC,False,0,0.42733067599432784,0.9076535681936819,-1.0,-3.735851251401152,-0.18655805580961876,0.05944743472460745,-0.25239352328340725,0.0035709650219962474,-1.3415665080143837,0.544583279833422,-0.8197796367808619,-1.3767727697852798,-0.42733067599432784,2.735851251401152,away_favorite,3-7,wk10+
2022,12,Vanderbilt,Florida,SEC,SEC,False,1,0.1625782972919207,0.13680688860321,7.0,-18.376565602437225,-0.4173528233842389,0.44811175442272,-0.4719606603066304,0.2921145690660609,-0.4770592157044151,0.5957589597141401,0.422403461427404,-1.040808657814361,0.8374217027080793,25.376565602437225,away_favorite,14-21,wk10+
2022,12,Rice,UTSA,Conference USA,Conference USA,False,0,0.17384620215993063,0.07013276255157504,-34.0,-16.089304614714067,-0.27301041293244555,0.20935527467112108,-0.4702660355074896,0.09042671673977447,-0.3645424715933644,0.8931244955480543,-0.8418825388842118,1.226949097989341,-0.17384620215993063,-17.910695385285933,away_favorite,14-21,wk10+
2022,12,East Carolina,Houston,American Athletic,American Athletic,False,0,0.17650040241244977,0.6850596089933503,-39.0,-16.883843712745232,-0.1772308386312538,0.2660990580451109,0.022692753113912806,0.8417368413955304,0.24612781259212535,1.3585797429189777,0.8909849860184224,0.9926583356938321,-0.17650040241244977,-22.116156287254768,away_favorite,14-21,wk10+
2022,12,Arizona,Washington State,Pac-12,Pac-12,False,0,0.5738231913052312,0.18292116580002576,-11.0,1.9474462930121548,-0.47070195528176684,-0.15509588463641902,-0.03514366696739451,-0.08977284968581892,-0.11508722189273012,-0.9136961750176329,0.07759818861514488,-2.0619627349891276,-0.5738231913052312,-12.947446293012154,home_favorite,0-3,wk10+
2022,12,West Virginia,Kansas State,Big 12,Big 12,False,0,0.48952267042038194,0.06682846456966873,-17.0,-0.12707525085389992,0.21204109911369415,0.2675369928939497,0.3580013019585629,0.2733316997863087,0.459922558821934,0.36426824857860957,-1.588960629977439,-0.01965458063959438,-0.48952267042038194,-16.8729247491461,away_favorite,0-3,wk10+
2022,12,Arizona State,Oregon State,Pac-12,Pac-12,False,0,0.4947420365981205,0.32622381211167784,-24.0,0.6309014809155058,0.41987690972843106,0.45620678924863084,0.22579860365117876,0.05065644758414837,0.25523964871157645,0.21072858146859297,-1.7967279097489284,0.6743765454055929,-0.4947420365981205,-24.630901480915504,away_favorite,0-3,wk10+
2022,12,App State,Old Dominion,Sun Belt,Sun Belt,False,1,0.8108338757381389,0.8787049512118514,13.0,15.631225987053877,0.14736211952344222,-0.2552479009964372,0.5677964601867576,-0.10775750622963752,0.34262116172396206,0.18423921785911704,0.04223354524978546,1.0678082028452218,0.18916612426186108,-2.6312259870538774,home_favorite,14-21,wk10+
2022,12,Notre Dame,Boston College,FBS Independents,ACC,False,1,0.8537330363854261,0.9721245485090316,44.0,18.750954724670063,0.3611311053052574,-0.20004142221077786,0.7188417231644424,-0.004495973582749734,1.278945664119902,0.12418516989795675,-0.5633859723820027,0.40030055932405406,0.14626696361457392,25.249045275329937,home_favorite,14-21,wk10+
2022,12,Clemson,Miami,ACC,ACC,False,1,0.7338622383418609,0.9419215858047358,30.0,10.988927126452316,0.43629398187484175,0.29026547074305287,0.9590792910018308,0.35228521706520516,1.4445061589046766,1.053246779853045,-0.3865627555552032,0.5859649369921935,0.26613776165813907,19.011072873547683,home_favorite,7-14,wk10+
2022,12,Kansas,Texas,Big 12,Big 12,False,0,0.24937993936398406,0.10732333999384593,-41.0,-12.352551360380298,-0.0217969110493747,0.5086369264165519,-0.5645859036334492,0.08156794829392153,0.03476597695794549,0.5861682099449588,0.8025733776050226,0.08643934945648486,-0.24937993936398406,-28.647448639619704,away_favorite,7-14,wk10+
2022,12,Charlotte,Louisiana Tech,Conference USA,Conference USA,False,1,0.6535625980919573,0.5244454611206615,5.0,5.7430043095407015,-0.3809507672785875,-0.42894931752492654,-0.6487962931931477,-0.5220038689715432,-0.3711661443615595,-0.5981961717274974,1.2932578042993907,-0.9877616927663212,0.34643740190804273,-0.7430043095407015,home_favorite,3-7,wk10+
2022,12,Troy,UL Monroe,Sun Belt,Sun Belt,False,1,0.8653820984555204,0.9128258117454132,18.0,19.572766801626454,-0.11662961792166132,-0.6311774902670171,0.3561768339894884,-0.43964288032332266,0.639399843324358,-1.1732758182790235,0.5727031957301836,1.2225285175686709,0.1346179015444796,-1.5727668016264538,home_favorite,14-21,wk10+
2022,12,Southern Miss,South Alabama,Sun Belt,Sun Belt,False,0,0.4421395802708507,0.2607797458593321,-7.0,-3.9002345969301024,-0.9069180998239592,-0.45236925081792856,-0.31703880768091663,-0.15191322424560494,-0.6389747540609998,-0.5864977187667801,1.028022979059192,-0.9789205319249812,-0.4421395802708507,-3.0997654030698976,away_favorite,3-7,wk10+
2022,12,Rutgers,Penn State,Big Ten,Big Ten,False,0,0.299004164237581,0.03871267794717751,-45.0,-9.484716976784556,-0.18920359534506653,0.02334315826527414,0.011020851564687573,0.5071470818053967,-0.30242362489087854,0.8146231664358732,0.44450636353075396,0.9528731119078021,-0.299004164237581,-35.515283023215446,away_favorite,7-14,wk10+
2022,12,Kentucky,Georgia,SEC,SEC,False,0,0.15217351225818582,0.04371084773568397,-10.0,-18.48155371353294,0.5220063287196628,0.9173695005700188,0.24175664865284768,1.249630584771695,0.7744755672843939,1.9392338553719115,0.33399185301400425,0.6080678390955435,-0.15217351225818582,8.48155371353294,away_favorite,14-21,wk10+
2022,12,Maryland,Ohio State,Big Ten,Big Ten,False,0,0.2208684809822668,0.03523087241676201,-13.0,-13.697244276108723,0.408439234504098,1.0410444412528517,0.11254894324827536,0.6226947062141851,0.7126905945992754,2.1502505245084294,0.7318440908743027,0.8909849860184224,-0.2208684809822668,0.697244276108723,away_favorite,7-14,wk10+
2022,12,Louisville,NC State,ACC,ACC,False,1,0.5820415281575554,0.7436345220073278,15.0,3.435064718180413,0.6824222294552479,0.27452748857998677,0.260660114234819,0.5776839424036647,1.681564780466193,1.2330835247552265,0.422403461427404,0.6611148041435829,0.4179584718424446,11.564935281819587,home_favorite,3-7,wk10+
2022,12,Middle Tennessee,Florida Atlantic,Conference USA,Conference USA,False,1,0.49823712478224724,0.35333115767438533,28.0,-0.22206822027607043,-0.29632482921676045,-0.2887842458928615,-0.2317544779478146,-0.1335434055547393,0.07239646073282631,-0.15335330800467895,0.7451058321363127,1.2357902588306808,0.5017628752177528,28.22206822027607,away_favorite,0-3,wk10+
2022,12,Auburn,Western Kentucky,SEC,Conference USA,False,1,0.8538789137472922,0.2423608251377483,24.0,18.078957274478178,0.40604538288883785,0.2938906346304037,0.5074922452182452,-0.2722418320054854,0.6898189961400775,-0.08584858884219872,-0.4130862380792231,-1.6596899167081587,0.1461210862527078,5.921042725521822,home_favorite,14-21,wk10+
2022,12,Minnesota,Iowa,Big Ten,Big Ten,False,0,0.5570699985650623,0.6185841220890307,-3.0,2.187728443820031,0.14311871189316178,-0.15020560246252157,0.16883309285608322,0.4073408133330162,0.287354105695924,0.9850099289509121,1.4170340560781505,1.65132481837366,-0.5570699985650623,-5.187728443820031,home_favorite,0-3,wk10+
2022,12,UTEP,Florida International,Conference USA,Conference USA,False,1,0.915070263299449,0.9244260414259254,34.0,24.141882810438563,-0.3921449420632757,-0.8627720168380502,-0.07776766906346753,-1.018580222099974,-0.11877584634475971,-0.7023193267601042,0.3384124334346742,-0.44845088144458306,0.08492973670055104,9.858117189561437,home_favorite,21+,wk10+
2022,12,Temple,Cincinnati,American Athletic,American Athletic,False,0,0.09345500446264583,0.03426555128482499,-20.0,-24.848722516931602,-0.32528856632797076,0.718540179420303,-0.4477419902665153,0.6417320971646184,-0.4326386717435958,1.0367279138121288,0.7274235104536327,-1.2087907137998204,-0.09345500446264583,4.848722516931602,away_favorite,21+,wk10+
2022,12,Texas State,Arkansas State,Sun Belt,Sun Belt,False,1,0.784844570507887,0.667418421873223,3.0,13.043098269881176,-0.20857972255975946,-0.7324925881734076,-0.4154626095068236,-0.4439205893042125,0.1626464894978171,-0.46614900199142395,-0.010813419798254401,-1.5138107628260493,0.21515542949211297,-10.043098269881176,home_favorite,7-14,wk10+
2022,12,North Carolina,Georgia Tech,ACC,ACC,False,0,0.7689839281079348,0.9476235744705875,-4.0,13.080796312958704,0.36142167749093523,-0.1908994729960949,0.027025839855599865,-0.22813653248205293,0.6488761740827513,-0.049421867045866825,-0.4351891401825731,0.36935649637936413,-0.7689839281079348,-17.080796312958704,home_favorite,7-14,wk10+
2022,12,California,Stanford,Pac-12,Pac-12,False,1,0.5492846749733296,0.7888870682101548,7.0,3.1220179846916514,-0.049312623135202384,-0.17930646509708764,-0.12165357625654509,-0.37059291019920054,-0.46560773427597585,-0.23971792537067532,-1.4784461194606897,1.3507253497681007,0.45071532502667044,3.8779820153083486,home_favorite,3-7,wk10+
2022,12,Georgia Southern,Marshall,Sun Belt,Sun Belt,False,0,0.24085824091524405,0.3520169867496943,-13.0,-13.020647674535123,-0.42089793485675886,0.40266317923933276,-0.32429090255629045,0.03899613607411852,-0.5562841181138546,0.30940892507539774,0.6611148041435829,-0.17437489536304399,-0.24085824091524405,0.020647674535123173,away_favorite,7-14,wk10+
2022,12,Wyoming,Boise State,Mountain West,Mountain West,False,0,0.2986612729727782,0.1608246821473244,-3.0,-8.770278588756845,0.07552225778386551,-0.05722620654936367,-0.44409905049306575,0.24469258348707218,-0.40132777968706695,0.37194450358195874,-1.4165579935713097,0.4533475243720939,-0.2986612729727782,5.770278588756845,away_favorite,7-14,wk10+
2022,12,South Carolina,Tennessee,SEC,SEC,False,1,0.40958047467329517,0.05530827471561296,25.0,-4.078471289375164,0.03927935493562848,0.6255559167997339,0.36151634766123875,0.17206521051315596,0.8950743134879353,0.8674319362863576,0.4710298460547739,0.9617142727491421,0.5904195253267048,29.078471289375166,away_favorite,3-7,wk10+
2022,12,Iowa State,Texas Tech,Big 12,Big 12,False,0,0.4216083483349715,0.7680520031675839,-4.0,-3.2294277852768096,0.10363989454772775,0.38645930041777976,0.08800024298785834,0.07864957322202494,-0.5186343911853365,0.5577240554745055,-1.040808657814361,0.08643934945648486,-0.4216083483349715,-0.7705722147231904,away_favorite,3-7,wk10+
2022,12,Arkansas,Ole Miss,SEC,SEC,False,1,0.799558794091543,0.5143871841659987,15.0,13.53323088403721,0.494637611318847,0.5366406117449369,0.592978736095259,0.1595157151494885,1.2259360769210168,0.9332286463609405,0.5992266782542035,-2.2697300147606168,0.20044120590845704,1.4667691159627907,home_favorite,7-14,wk10+
2022,12,Oklahoma,Oklahoma State,Big 12,Big 12,False,1,0.4795510995221516,0.654519994382466,15.0,-0.12600856847159214,0.658298279905662,0.14192579590164023,0.5206629180821395,0.8310255267790788,1.0455674985680397,0.37855028501616744,-1.1866878116964703,1.58059553164294,0.5204489004778484,15.126008568471592,away_favorite,0-3,wk10+
2022,12,Missouri,New Mexico State,SEC,FBS Independents,False,1,0.9518420979633146,0.9128258117454132,31.0,30.05603527520009,0.4253980988577767,-0.621072366080188,-0.02558172735824485,-0.7943617993166491,0.2673969099451578,-1.2910683771668217,-0.9081912451942614,-1.2706788396892001,0.04815790203668535,0.9439647247999083,home_favorite,21+,wk10+
2022,12,Wake Forest,Syracuse,ACC,ACC,False,1,0.6767788499233973,0.8179376310581157,10.0,7.525764782239792,0.4023997294756178,0.08366361878133022,0.24874748584523218,0.27565490232047546,1.1290060876072743,0.4961879566771521,1.089911104948572,0.5815443565715236,0.3232211500766027,2.4742352177602083,home_favorite,7-14,wk10+
2022,12,UCLA,USC,Pac-12,Pac-12,False,0,0.7323797170728656,0.5057562084111449,-3.0,10.067472467743112,0.6858567804532446,0.5009617220822438,0.17234505644603232,0.11189753718296619,0.934152676836182,1.5425865278854285,0.3074683704899843,-1.4475020565159997,-0.7323797170728656,-13.067472467743112,home_favorite,7-14,wk10+
2022,12,Washington,Colorado,Pac-12,Pac-12,False,1,0.8389081529850351,0.9708491153327415,47.0,17.034157738373224,0.0015914555010854911,-0.5540120219447138,0.056737694064616956,-0.3400416508055157,0.26507529477018427,-0.9583914424135573,1.257893160934031,0.6566942237229129,0.16109184701496493,29.965842261626776,home_favorite,14-21,wk10+
2022,12,LSU,UAB,SEC,Conference USA,False,1,0.7074630771687991,0.7392202541406678,31.0,9.861483899038015,0.2692944647501302,0.11426087226783169,0.5552259841583058,0.007008415890771294,1.4294460257385344,0.1192974189485392,-0.27162766461778376,1.1650609720999616,0.2925369228312009,21.138516100961986,home_favorite,7-14,wk10+
2022,12,Air Force,Colorado State,Mountain West,Mountain West,False,1,0.9305815092342975,0.9684796873667971,12.0,25.76934949853381,0.48742456867655715,-0.49626314527779436,0.2363069692523554,-0.14741194527106274,0.6763724366342,-0.6349117107900408,0.8290968601290425,-1.1866878116964703,0.0694184907657025,-13.76934949853381,home_favorite,21+,wk10+
2022,12,Utah State,San José State,Mountain West,Mountain West,False,1,0.3839108496878797,0.4726840269935071,4.0,-5.141852443304348,-0.4571288962734097,-0.18920505348395023,0.14589467734082417,0.17871345392136004,-0.5407876573573052,0.3960786839146185,-1.2043701333791503,0.01571006272576553,0.6160891503121203,9.141852443304348,away_favorite,3-7,wk10+
2022,12,Oregon,Utah,Pac-12,Pac-12,False,1,0.3241116834628987,0.3773498042127379,3.0,-6.992446422940343,0.6382867712741604,0.5554441585418318,0.22110404029874936,0.6051114973545886,0.7994952451992444,0.7868522849196966,-1.6906339796528487,1.3374636085060907,0.6758883165371012,9.992446422940343,away_favorite,3-7,wk10+
2022,12,Nevada,Fresno State,Mountain West,Mountain West,False,0,0.14534144780214558,0.1998379440848642,-27.0,-17.75973253353498,-0.05486354648412478,0.2520144687830661,-0.32583684906821864,0.34207158392960035,-0.5479558030583757,0.5502038212231437,-2.0840656370924773,1.3905105735541305,-0.14534144780214558,-9.24026746646502,away_favorite,14-21,wk10+
2022,12,Hawai'i,UNLV,Mountain West,Mountain West,False,1,0.5558046135755056,0.3300309860965169,6.0,2.5548535587085484,-0.5904459490913223,-0.6097622547158537,-0.15605031183852397,-0.35246423245038216,-1.177892815633967,-0.5934857757790459,-1.4032962523092998,-0.1345896715770141,0.4441953864244944,3.4451464412914516,home_favorite,0-3,wk10+
2022,13,Miami (OH),Ball State,Mid-American,Mid-American,False,1,0.83758891958787,0.7164236941029388,1.0,16.724743090979853,-0.06368205877940536,-0.1914148921321266,0.24532441782200956,-0.4601569212627483,0.11780859675488548,-0.7862704048899715,0.48429158731678384,-0.7755738325741619,0.16241108041213004,-15.724743090979853,home_favorite,14-21,wk10+
2022,13,Ohio,Bowling Green,Mid-American,Mid-American,False,1,0.41749845349437475,0.9016982546021951,24.0,-2.8082823778706225,-0.30679970534427264,-0.612289493279512,-0.5829335751100135,-0.260009585656906,-0.6663929871152977,-0.2707624407928235,-0.5545448115406628,2.177373888433388,0.5825015465056252,26.808282377870622,away_favorite,0-3,wk10+
2022,13,Ole Miss,Mississippi State,SEC,SEC,False,0,0.27236962828081684,0.6021580931747169,-2.0,-10.139808139326387,0.5366406117449369,0.8557470811705954,0.1595157151494885,0.5464132841646331,0.9332286463609405,2.023555206791805,-2.2697300147606168,-0.5766477136440127,-0.27236962828081684,8.139808139326387,away_favorite,7-14,wk10+
2022,13,Boise State,Utah State,Mountain West,Mountain West,False,1,0.7656139205568175,0.9047175302821824,19.0,11.682976114072439,-0.05722620654936367,-0.4571288962734097,0.24469258348707218,0.14589467734082417,0.37194450358195874,-0.5407876573573052,0.4533475243720939,-1.2043701333791503,0.23438607944318246,7.317023885927561,home_favorite,7-14,wk10+
2022,13,Western Michigan,Toledo,Mid-American,Mid-American,False,1,0.6502351445484748,0.29902260138989206,6.0,6.762140831926123,0.17021586332394317,-0.061601384123268384,0.4411554683841786,0.21526242179194188,-0.31405227170239663,0.23963902442452503,-1.018705755711011,-0.055019224004954286,0.34976485545152525,-0.7621408319261231,home_favorite,3-7,wk10+
2022,13,Eastern Michigan,Central Michigan,Mid-American,Mid-American,False,1,0.3144710427527779,0.5416377027147634,19.0,-8.418826013234195,0.022512605496399857,-0.07311041387427991,-0.584801891783351,0.19196570912362046,-0.23126840770203186,0.027589646312895198,-0.18321605620438397,0.5506002936268337,0.6855289572472221,27.418826013234195,away_favorite,7-14,wk10+
2022,13,Cincinnati,Tulane,American Athletic,American Athletic,False,0,0.8156437676986604,0.7021826020905207,-3.0,16.713538885949315,0.718540179420303,-0.05831678293952044,0.6417320971646184,0.10439867313903253,1.0367279138121288,0.09666257799364703,-1.2087907137998204,1.4037723148161405,-0.8156437676986604,-19.713538885949315,home_favorite,14-21,wk10+
2022,13,Texas,Baylor,Big 12,Big 12,False,1,0.4694454917443649,0.8328626902603795,11.0,-2.293764105674452,0.5086369264165519,0.456630152521104,0.08156794829392153,0.6684878077307741,0.5861682099449588,0.567279410456075,0.08643934945648486,-1.4872872803020296,0.5305545082556351,13.293764105674452,away_favorite,0-3,wk10+
2022,13,Arizona,Arizona State,Pac-12,Pac-12,False,1,0.28466724086019196,0.4841750147352649,3.0,-11.176609068458063,-0.47070195528176684,0.41987690972843106,-0.03514366696739451,0.22579860365117876,-0.11508722189273012,0.25523964871157645,0.07759818861514488,-1.7967279097489284,0.715332759139808,14.176609068458063,away_favorite,7-14,wk10+
2022,13,Colorado State,New Mexico,Mountain West,Mountain West,False,1,0.7344224645020461,0.8029091701538159,17.0,10.607548895935135,-0.49626314527779436,-0.9783710924818886,-0.14741194527106274,-0.3210901627405586,-0.6349117107900408,-1.0377015126216258,-1.1866878116964703,-1.031967496973021,0.26557753549795393,6.392451104064865,home_favorite,7-14,wk10+
2022,13,North Carolina,NC State,ACC,ACC,False,0,0.3574691011765754,0.6280448056219418,-3.0,-6.239445599440025,0.36142167749093523,0.27452748857998677,0.027025839855599865,0.5776839424036647,0.6488761740827513,1.2330835247552265,-0.4351891401825731,0.6611148041435829,-0.3574691011765754,3.2394455994400246,away_favorite,3-7,wk10+
2022,13,Missouri,Arkansas,SEC,SEC,False,1,0.2795441877276778,0.2800809940528481,2.0,-9.891177364150083,0.4253980988577767,0.494637611318847,-0.02558172735824485,0.592978736095259,0.2673969099451578,1.2259360769210168,-0.9081912451942614,0.5992266782542035,0.7204558122723221,11.891177364150083,away_favorite,7-14,wk10+
2022,13,Iowa,Nebraska,Big Ten,Big Ten,False,0,0.6558749763119286,0.8548291775317596,-7.0,5.286061859096007,-0.15020560246252157,0.2321803673404786,0.4073408133330162,0.20038719781742348,0.9850099289509121,0.3107392534284849,1.65132481837366,-1.6729516579701686,-0.6558749763119286,-12.286061859096007,home_favorite,3-7,wk10+
2022,13,California,UCLA,Pac-12,Pac-12,False,0,0.18903874233293397,0.2120732319225979,-7.0,-15.099347757671161,-0.049312623135202384,0.6858567804532446,-0.12165357625654509,0.17234505644603232,-0.46560773427597585,0.934152676836182,-1.4784461194606897,0.3074683704899843,-0.18903874233293397,8.099347757671161,away_favorite,14-21,wk10+
2022,13,Florida State,Florida,ACC,SEC,False,1,0.66758194407462,0.8230246289217321,7.0,6.529139990975409,0.34840968075329015,0.44811175442272,0.43633537696658575,0.2921145690660609,1.0792183593743252,0.5957589597141401,0.8511997622323925,-1.040808657814361,0.33241805592538,0.4708600090245909,home_favorite,3-7,wk10+
2022,13,Fresno State,Wyoming,Mountain West,Mountain West,False,1,0.9006895128844117,0.8255259873611817,30.0,21.866118286599928,0.2520144687830661,0.07552225778386551,0.34207158392960035,-0.44409905049306575,0.5502038212231437,-0.40132777968706695,1.3905105735541305,-1.4165579935713097,0.09931048711558832,8.133881713400072,home_favorite,21+,wk10+
2022,13,Oklahoma State,West Virginia,Big 12,Big 12,False,0,0.7968430902471835,0.7992399910868982,-5.0,13.076128561573878,0.14192579590164023,0.21204109911369415,0.8310255267790788,0.3580013019585629,0.37855028501616744,0.459922558821934,1.58059553164294,-1.588960629977439,-0.7968430902471835,-18.076128561573878,home_favorite,7-14,wk10+
2022,13,Clemson,South Carolina,ACC,SEC,False,0,0.794257621967559,0.8490204427886767,-1.0,14.430648246170453,0.43629398187484175,0.03927935493562848,0.9590792910018308,0.36151634766123875,1.4445061589046766,0.8950743134879353,-0.3865627555552032,0.4710298460547739,-0.794257621967559,-15.430648246170453,home_favorite,14-21,wk10+
2022,13,Ohio State,Michigan,Big Ten,Big Ten,False,0,0.6583645923841239,0.7233878694391705,-22.0,6.982600864634911,1.0410444412528517,0.6751927915503485,0.6226947062141851,0.6854275136101129,2.1502505245084294,1.440291208298126,0.8909849860184224,1.0368641399005318,-0.6583645923841239,-28.98260086463491,home_favorite,3-7,wk10+
2022,13,Florida Atlantic,Western Kentucky,Conference USA,Conference USA,False,0,0.5693720661515922,0.2054180849637705,-1.0,1.598799470953662,-0.2887842458928615,0.2938906346304037,-0.1335434055547393,-0.2722418320054854,-0.15335330800467895,-0.08584858884219872,1.2357902588306808,-1.6596899167081587,-0.5693720661515922,-2.598799470953662,home_favorite,0-3,wk10+
2022,13,Georgia,Georgia Tech,SEC,ACC,False,1,0.9844275536154439,0.9964440722531259,23.0,40.05702185762827,0.9173695005700188,-0.1908994729960949,1.249630584771695,-0.22813653248205293,1.9392338553719115,-0.049421867045866825,0.6080678390955435,0.36935649637936413,0.015572446384556127,-17.05702185762827,home_favorite,21+,wk10+
2022,13,Maryland,Rutgers,Big Ten,Big Ten,False,1,0.7788575347632218,0.9123666522054631,37.0,13.178748805752424,0.408439234504098,-0.18920359534506653,0.11254894324827536,0.011020851564687573,0.7126905945992754,-0.30242362489087854,0.7318440908743027,0.44450636353075396,0.22114246523677816,23.821251194247576,home_favorite,7-14,wk10+
2022,13,Liberty,New Mexico State,FBS Independents,FBS Independents,False,0,0.8450346288985489,0.9753586587164795,-35.0,17.644587689474623,-0.18655805580961876,-0.621072366080188,-0.25239352328340725,-0.7943617993166491,-1.3415665080143837,-1.2910683771668217,-0.8197796367808619,-1.2706788396892001,-0.8450346288985489,-52.64458768947462,home_favorite,14-21,wk10+
2022,13,Massachusetts,Army,FBS Independents,FBS Independents,False,0,0.137195957815532,0.055609816758203395,-37.0,-20.023016617043925,-0.7180503348951146,0.2273330748400889,-0.8213285903546705,-0.09964479973180013,-1.3662111344467556,-0.302719608244097,1.041284720321202,0.3207301117519943,-0.137195957815532,-16.976983382956075,away_favorite,14-21,wk10+
2022,13,Marshall,Georgia State,Sun Belt,Sun Belt,False,1,0.3685752381931674,0.704584592662721,5.0,-5.499875844619737,0.40266317923933276,0.39927030297150407,0.03899613607411852,0.4293936626736281,0.30940892507539774,0.9390663426780792,-0.17437489536304399,1.3065195455614007,0.6314247618068326,10.499875844619737,away_favorite,3-7,wk10+
2022,13,South Alabama,Old Dominion,Sun Belt,Sun Belt,False,1,0.3726676461558725,0.8255259873611817,7.0,-5.215302799393449,-0.45236925081792856,-0.2552479009964372,-0.15191322424560494,-0.10775750622963752,-0.5864977187667801,0.18423921785911704,-0.9789205319249812,1.0678082028452218,0.6273323538441276,12.215302799393449,away_favorite,3-7,wk10+
2022,13,Temple,East Carolina,American Athletic,American Athletic,False,0,0.35178744637373216,0.17950479271357694,-3.0,-6.925620064236048,-0.32528856632797076,-0.1772308386312538,-0.4477419902665153,0.022692753113912806,-0.4326386717435958,0.24612781259212535,0.7274235104536327,0.8909849860184224,-0.35178744637373216,3.925620064236048,away_favorite,3-7,wk10+
2022,13,Buffalo,Kent State,Mid-American,Mid-American,False,0,0.6619338607556701,0.672509643334985,-3.0,7.397274517100307,0.002931928467075927,0.14723386906180286,-0.06468856521473626,-0.5647732590843959,-0.23242290234982,-0.4349691386072225,-0.9435558885596212,-0.3865627555552032,-0.6619338607556701,-10.397274517100307,home_favorite,7-14,wk10+
2022,13,Northern Illinois,Akron,Mid-American,Mid-American,False,0,0.9354884856544505,0.9141902593095826,-32.0,26.438662332386034,0.17192720125363067,-0.7168722851847078,-0.6228550155832092,-0.980354691837253,-0.3854673338375063,-1.0402111871568545,1.182743293782641,-1.5138107628260493,-0.9354884856544505,-58.43866233238603,home_favorite,21+,wk10+
2022,13,North Texas,Rice,Conference USA,Conference USA,False,1,0.8342509655836927,0.9458825630895223,4.0,16.2407163728896,-0.14214768193018507,-0.27301041293244555,0.1231593002311545,-0.4702660355074896,-0.11767683407196212,-0.3645424715933644,1.045705300741872,-0.8418825388842118,0.16574903441630728,-12.240716372889601,home_favorite,14-21,wk10+
2022,13,Kentucky,Louisville,SEC,ACC,False,1,0.5122616580018357,0.403370826694226,13.0,0.3934153629185415,0.5220063287196628,0.6824222294552479,0.24175664865284768,0.260660114234819,0.7744755672843939,1.681564780466193,0.33399185301400425,0.422403461427404,0.48773834199816435,12.606584637081458,home_favorite,0-3,wk10+
2022,13,Wisconsin,Minnesota,Big Ten,Big Ten,False,0,0.7520127786685175,0.5530468951694625,-7.0,11.944553940262326,0.27398870799189634,0.14311871189316178,0.8425956288889498,0.16883309285608322,0.6707019011290232,0.287354105695924,0.5638620348888437,1.4170340560781505,-0.7520127786685175,-18.944553940262324,home_favorite,7-14,wk10+
2022,13,UTSA,UTEP,Conference USA,Conference USA,False,1,0.8113738354240774,0.9146407579005127,3.0,14.975769102286034,0.20935527467112108,-0.3921449420632757,0.09042671673977447,-0.07776766906346753,0.8931244955480543,-0.11877584634475971,1.226949097989341,0.3384124334346742,0.18862616457592263,-11.975769102286034,home_favorite,14-21,wk10+
2022,13,San José State,Hawai'i,Mountain West,Mountain West,False,1,0.8132718339627053,0.9228015935156195,13.0,14.804764468655666,-0.18920505348395023,-0.5904459490913223,0.17871345392136004,-0.15605031183852397,0.3960786839146185,-1.177892815633967,0.01571006272576553,-1.4032962523092998,0.1867281660372947,-1.8047644686556659,home_favorite,14-21,wk10+
2022,13,SMU,Memphis,American Athletic,American Athletic,False,1,0.8057552799820296,0.5798997603578815,3.0,15.153070658170163,0.42961042576474356,-0.012664596604318602,0.2562564558046273,-0.18841978053317082,0.932069770496436,0.20108480486107672,0.639011902040233,0.9175084685424423,0.19424472001797044,-12.153070658170163,home_favorite,14-21,wk10+
2022,13,Alabama,Auburn,SEC,SEC,False,1,0.8215928029555462,0.9725887253726934,22.0,15.814965869356786,0.7533105369975095,0.40604538288883785,1.058092101202073,0.5074922452182452,2.353271674916639,0.6898189961400775,0.028971803987775498,-0.4130862380792231,0.17840719704445385,6.1850341306432135,home_favorite,14-21,wk10+
2022,13,Northwestern,Illinois,Big Ten,Big Ten,False,0,0.26109093590673854,0.13411041754495612,-38.0,-11.217590903921376,-0.284253787565069,-0.01650146531252296,-0.49808160022576253,0.08258856776031895,-0.23425480809692945,0.5107286200171629,-0.7888355738361719,0.02013064314643552,-0.26109093590673854,-26.782409096078624,away_favorite,7-14,wk10+
2022,13,Indiana,Purdue,Big Ten,Big Ten,False,0,0.21193307404514575,0.2268600869232327,-14.0,-13.855799957006365,-0.23369847434665753,0.1255380553754616,-0.1660743054410869,0.3791258501985075,0.04432019213803867,0.7975856044257361,-1.32814638515791,0.24558024460060446,-0.21193307404514575,-0.14420004299363498,away_favorite,7-14,wk10+
2022,13,Duke,Wake Forest,ACC,ACC,False,1,0.13050179329648498,0.308763847585237,3.0,-19.61293107729778,-0.3123690544815999,0.4023997294756178,-0.3412201169733594,0.24874748584523218,-0.28237354709106216,1.1290060876072743,-0.749050350050142,1.089911104948572,0.8694982067035151,22.61293107729778,away_favorite,14-21,wk10+
2022,13,Oregon State,Oregon,Pac-12,Pac-12,False,1,0.5806725147464993,0.577092475825329,4.0,2.4042643465664764,0.45620678924863084,0.6382867712741604,0.05065644758414837,0.22110404029874936,0.21072858146859297,0.7994952451992444,0.6743765454055929,-1.6906339796528487,0.4193274852535007,1.5957356534335236,home_favorite,0-3,wk10+
2022,13,Arkansas State,Troy,Sun Belt,Sun Belt,False,0,0.09973936301357278,0.1970908298461841,-29.0,-22.654896425510376,-0.7324925881734076,-0.11662961792166132,-0.4439205893042125,0.3561768339894884,-0.46614900199142395,0.639399843324358,-1.5138107628260493,0.5727031957301836,-0.09973936301357278,-6.345103574489624,away_favorite,21+,wk10+
2022,13,Louisiana Tech,UAB,Conference USA,Conference USA,False,0,0.1641342645582243,0.12068284654599212,-10.0,-16.78382965662529,-0.42894931752492654,0.11426087226783169,-0.5220038689715432,0.007008415890771294,-0.5981961717274974,0.1192974189485392,-0.9877616927663212,1.1650609720999616,-0.1641342645582243,6.78382965662529,away_favorite,14-21,wk10+
2022,13,Penn State,Michigan State,Big Ten,Big Ten,False,1,0.44363132398812377,0.9419215858047358,19.0,-3.0063905867520826,0.02334315826527414,0.37586418550426365,0.5071470818053967,0.5115042696869327,0.8146231664358732,1.2054523246231112,0.9528731119078021,0.7318440908743027,0.5563686760118762,22.006390586752083,away_favorite,3-7,wk10+
2022,13,TCU,Iowa State,Big 12,Big 12,False,1,0.7027988896516805,0.6049129020079569,48.0,8.183820118944391,0.369527672575048,0.10363989454772775,-0.10952338630802752,0.08800024298785834,0.7911804500783419,-0.5186343911853365,1.3330430280854206,-1.040808657814361,0.29720111034831953,39.81617988105561,home_favorite,7-14,wk10+
2022,13,Colorado,Utah,Pac-12,Pac-12,False,0,0.056718129729405195,0.009405800878121165,-42.0,-28.880860709948116,-0.5540120219447138,0.5554441585418318,-0.3400416508055157,0.6051114973545886,-0.9583914424135573,0.7868522849196966,0.6566942237229129,1.3374636085060907,-0.056718129729405195,-13.119139290051884,away_favorite,21+,wk10+
2022,13,Texas State,Louisiana,Sun Belt,Sun Belt,False,0,0.34789780059087105,0.21111293178984536,-28.0,-7.423373015928863,-0.20857972255975946,0.21681053563810354,-0.4154626095068236,-0.03123910215894711,0.1626464894978171,-0.05292905674295412,-0.010813419798254401,-0.8065178955188519,-0.34789780059087105,-20.576626984071137,away_favorite,7-14,wk10+
2022,13,UL Monroe,Southern Miss,Sun Belt,Sun Belt,False,0,0.6061544025211973,0.3719551943780582,-10.0,4.175949081108342,-0.6311774902670171,-0.9069180998239592,-0.43964288032332266,-0.31703880768091663,-1.1732758182790235,-0.6389747540609998,1.2225285175686709,1.028022979059192,-0.6061544025211973,-14.175949081108342,home_favorite,3-7,wk10+
2022,13,Georgia Southern,App State,Sun Belt,Sun Belt,False,1,0.16196537094319685,0.29064536940123664,3.0,-18.194607647793518,-0.42089793485675886,0.14736211952344222,-0.32429090255629045,0.5677964601867576,-0.5562841181138546,0.34262116172396206,0.6611148041435829,0.04223354524978546,0.8380346290568031,21.194607647793518,away_favorite,14-21,wk10+
2022,13,UNLV,Nevada,Mountain West,Mountain West,False,1,0.46917050381159386,0.6347433350523167,5.0,-2.5067198783466433,-0.6097622547158537,-0.05486354648412478,-0.35246423245038216,-0.32583684906821864,-0.5934857757790459,-0.5479558030583757,-0.1345896715770141,-2.0840656370924773,0.5308294961884061,7.506719878346644,away_favorite,0-3,wk10+
2022,13,Florida International,Middle Tennessee,Conference USA,Conference USA,False,0,0.1377519539608087,0.054117436910477636,-5.0,-19.255406445404304,-0.8627720168380502,-0.29632482921676045,-1.018580222099974,-0.2317544779478146,-0.7023193267601042,0.07239646073282631,-0.44845088144458306,0.7451058321363127,-0.1377519539608087,14.255406445404304,away_favorite,14-21,wk10+
2022,13,Texas A&M,LSU,SEC,SEC,False,1,0.5240984914841987,0.3149403910066497,15.0,0.5773316675743496,0.0711644504304994,0.2692944647501302,0.6932064828337314,0.5552259841583058,0.6432484819867899,1.4294460257385344,-0.2848894058797937,-0.27162766461778376,0.47590150851580126,14.422668332425651,home_favorite,0-3,wk10+
2022,13,South Florida,UCF,American Athletic,American Athletic,False,0,0.24201687339540912,0.05209144932737488,-7.0,-12.318849492589216,-0.026005339911827186,0.3794923012245339,-0.29599859952713325,0.26567378595098795,0.023795765417875724,0.662844109491722,-0.21416011914907387,0.40472113974472407,-0.24201687339540912,5.318849492589216,away_favorite,7-14,wk10+
2022,13,Vanderbilt,Tennessee,SEC,SEC,False,0,0.10497764419129336,0.05871144612901999,-56.0,-22.48828725494207,-0.4173528233842389,0.6255559167997339,-0.4719606603066304,0.17206521051315596,-0.4770592157044151,0.8674319362863576,0.422403461427404,0.9617142727491421,-0.10497764419129336,-33.511712745057935,away_favorite,21+,wk10+
2022,13,USC,Notre Dame,Pac-12,FBS Independents,False,1,0.3664450302672688,0.40060320329074317,11.0,-5.907581937944705,0.5009617220822438,0.3611311053052574,0.11189753718296619,0.7188417231644424,1.5425865278854285,1.278945664119902,-1.4475020565159997,-0.5633859723820027,0.6335549697327312,16.907581937944705,away_favorite,3-7,wk10+
2022,13,Boston College,Syracuse,ACC,ACC,False,0,0.36213655358585406,0.26524291068345335,-9.0,-6.488168541673867,-0.20004142221077786,0.08366361878133022,-0.004495973582749734,0.27565490232047546,0.12418516989795675,0.4961879566771521,0.40030055932405406,0.5815443565715236,-0.36213655358585406,-2.5118314583261334,away_favorite,3-7,wk10+
2022,13,Houston,Tulsa,American Athletic,American Athletic,False,0,0.8690925488321184,0.8943199698511277,-7.0,19.33959371445066,0.2660990580451109,-0.03673309383912184,0.8417368413955304,0.03195767497521229,1.3585797429189777,-0.01574054384882495,0.9926583356938321,0.18369211871122462,-0.8690925488321184,-26.33959371445066,home_favorite,14-21,wk10+
2022,13,Texas Tech,Oklahoma,Big 12,Big 12,False,1,0.40058101363495596,0.4884891087822083,3.0,-5.188284511473686,0.38645930041777976,0.658298279905662,0.07864957322202494,0.5206629180821395,0.5577240554745055,1.0455674985680397,0.08643934945648486,-1.1866878116964703,0.5994189863650441,8.188284511473686,away_favorite,3-7,wk10+
2022,13,Miami,Pittsburgh,ACC,ACC,False,0,0.4643100714563949,0.2035453002882742,-26.0,-2.65783150813593,0.29026547074305287,0.5440107815335239,0.35228521706520516,0.6495905847838812,1.053246779853045,1.1963296501300387,0.5859649369921935,-1.1380614270691007,-0.4643100714563949,-23.34216849186407,away_favorite,0-3,wk10+
2022,13,Kansas State,Kansas,Big 12,Big 12,False,1,0.8405594539697689,0.9684796873667971,20.0,17.860531915204074,0.2675369928939497,-0.0217969110493747,0.2733316997863087,-0.5645859036334492,0.36426824857860957,0.03476597695794549,-0.01965458063959438,0.8025733776050226,0.15944054603023106,2.1394680847959258,home_favorite,14-21,wk10+
2022,13,San Diego State,Air Force,Mountain West,Mountain West,False,0,0.33880303910726617,0.2630052394593107,-10.0,-6.834697868026012,0.08697587881013369,0.48742456867655715,0.20668591317830323,0.2363069692523554,-0.04557500167858412,0.6763724366342,-0.9302941472976113,0.8290968601290425,-0.33880303910726617,-3.165302131973988,away_favorite,3-7,wk10+
2022,13,Washington State,Washington,Pac-12,Pac-12,False,0,0.30241474440863453,0.5993967967092568,-18.0,-8.053990368065206,-0.15509588463641902,0.0015914555010854911,-0.08977284968581892,0.056737694064616956,-0.9136961750176329,0.26507529477018427,-2.0619627349891276,1.257893160934031,-0.30241474440863453,-9.946009631934794,away_favorite,7-14,wk10+
2022,13,Stanford,BYU,Pac-12,FBS Independents,False,0,0.40987881015461525,0.20825116249181558,-9.0,-4.5912970654752066,-0.17930646509708764,0.40670439273061254,-0.37059291019920054,-0.27959040975698524,-0.23971792537067532,-0.8436480290270001,1.3507253497681007,0.2942066292279743,-0.40987881015461525,-4.4087029345247934,away_favorite,3-7,wk10+
2022,14,Buffalo,Akron,Mid-American,Mid-American,False,1,0.93818830954207,0.8541133619456244,1.0,27.514510763226628,0.002931928467075927,-0.7168722851847078,-0.06468856521473626,-0.980354691837253,-0.23242290234982,-1.0402111871568545,-0.9435558885596212,-1.5138107628260493,0.06181169045793,-26.514510763226628,home_favorite,21+,wk10+
2022,14,UTSA,North Texas,Conference USA,Conference USA,False,1,0.6681406331955918,0.7830774434096761,21.0,7.2175453850886875,0.20935527467112108,-0.14214768193018507,0.09042671673977447,0.1231593002311545,0.8931244955480543,-0.11767683407196212,1.226949097989341,1.045705300741872,0.3318593668044082,13.782454614911313,home_favorite,7-14,wk10+
2022,14,USC,Utah,Pac-12,Pac-12,True,0,0.19526962125473737,0.34548000561753406,-23.0,-13.231985548090966,0.5009617220822438,0.5554441585418318,0.11189753718296619,0.6051114973545886,1.5425865278854285,0.7868522849196966,-1.4475020565159997,1.3374636085060907,-0.19526962125473737,-9.768014451909034,away_favorite,7-14,wk10+
2022,14,Ohio,Toledo,Mid-American,Mid-American,True,0,0.15867570986631357,0.5244454611206615,-10.0,-16.68141624022268,-0.30679970534427264,-0.061601384123268384,-0.5829335751100135,0.21526242179194188,-0.6663929871152977,0.23963902442452503,-0.5545448115406628,-0.055019224004954286,-0.15867570986631357,6.681416240222681,away_favorite,14-21,wk10+
2022,14,TCU,Kansas State,Big 12,Big 12,True,0,0.44670863411536194,0.4469531048305375,-3.0,-1.8047689348863762,0.369527672575048,0.2675369928939497,-0.10952338630802752,0.2733316997863087,0.7911804500783419,0.36426824857860957,1.3330430280854206,-0.01965458063959438,-0.44670863411536194,-1.1952310651136238,away_favorite,0-3,wk10+
2022,14,Troy,Coastal Carolina,Sun Belt,Sun Belt,False,1,0.4998978843030051,0.704584592662721,19.0,-0.4711911458593283,-0.11662961792166132,0.5740297235416402,0.3561768339894884,-0.06984127388375617,0.639399843324358,0.026701317265875324,0.5727031957301836,0.1439068949251947,0.5001021156969949,19.47119114585933,away_favorite,0-3,wk10+
2022,14,Georgia,LSU,SEC,SEC,True,1,0.8597014925096328,0.9105080840492277,20.0,19.75882963446598,0.9173695005700188,0.2692944647501302,1.249630584771695,0.5552259841583058,1.9392338553719115,1.4294460257385344,0.6080678390955435,-0.27162766461778376,0.1402985074903672,0.24117036553402116,home_favorite,14-21,wk10+
2022,14,Boise State,Fresno State,Mountain West,Mountain West,False,0,0.37497807257471083,0.6900062072803139,-12.0,-5.566707279168913,-0.05722620654936367,0.2520144687830661,0.24469258348707218,0.34207158392960035,0.37194450358195874,0.5502038212231437,0.4533475243720939,1.3905105735541305,-0.37497807257471083,-6.433292720831087,away_favorite,3-7,wk10+
2022,14,Tulane,UCF,American Athletic,American Athletic,False,1,0.41459928637679094,0.6307302886162022,17.0,-4.530314961202558,-0.05831678293952044,0.3794923012245339,0.10439867313903253,0.26567378595098795,0.09666257799364703,0.662844109491722,1.4037723148161405,0.40472113974472407,0.5854007136232091,21.530314961202556,away_favorite,3-7,wk10+
2022,14,Michigan,Purdue,Big Ten,Big Ten,True,1,0.7569007399329419,0.9527938123855935,21.0,12.911987514091658,0.6751927915503485,0.1255380553754616,0.6854275136101129,0.3791258501985075,1.440291208298126,0.7975856044257361,1.0368641399005318,0.24558024460060446,0.24309926006705807,8.088012485908342,home_favorite,7-14,wk10+
2022,14,North Carolina,Clemson,ACC,ACC,True,0,0.17685523589503915,0.2179019838686814,-29.0,-15.539916338129416,0.36142167749093523,0.43629398187484175,0.027025839855599865,0.9590792910018308,0.6488761740827513,1.4445061589046766,-0.4351891401825731,-0.3865627555552032,-0.17685523589503915,-13.460083661870584,away_favorite,14-21,wk10+
2022,15,Army,Navy,FBS Independents,American Athletic,True,1,0.8307517272829886,0.5459219227804837,3.0,17.264851270557468,0.2273330748400889,-0.6939706039840705,-0.09964479973180013,-0.21488963945061743,-0.302719608244097,-1.1593142292899565,0.3207301117519943,-1.37235218936461,0.16924827271701137,-14.264851270557468,home_favorite,14-21,wk10+
2023,1,Notre Dame,Navy,FBS Independents,American Athletic,True,1,0.758509896182957,0.8187932901343153,39.0,12.568504054257751,0.6989749573708443,-0.5616604936600735,0.3811068112814033,0.18205457881268972,1.2167301559688055,-0.7111887929999674,-0.7939254935476244,0.42770869121615374,0.24149010381704294,26.43149594574225,home_favorite,7-14,wk1-4
2023,1,New Mexico State,Massachusetts,Conference USA,FBS Independents,False,0,0.536523581794066,0.8583646041738978,-11.0,0.8802084808292918,-0.7457367963820141,-0.8217606941638746,-0.7424332523989321,-0.34242411991292127,-1.5668323626239595,-0.7040078748131353,1.4931941455965916,0.06029991384358906,-0.536523581794066,-11.880208480829292,home_favorite,0-3,wk1-4
2023,1,San Diego State,Ohio,Mountain West,Mid-American,False,1,0.3914369970393132,0.6007782458900109,7.0,-5.024853896116474,-0.7246783166714378,0.15144066625442495,0.0673428206067119,-0.1436057425940429,-0.3473224899880366,0.3975104255425919,1.203859733415697,1.8514177035348427,0.6085630029606868,12.024853896116474,away_favorite,3-7,wk1-4
2023,1,Vanderbilt,Hawai'i,SEC,Mountain West,False,1,0.7090653518804588,0.6924633925795177,7.0,9.563189254365437,-0.0910247013457735,-0.49432823700963663,-0.43193090812184237,-0.7828893091982005,-0.37840538380705196,-0.5794010462065664,0.0051885972377042925,0.4185234717818396,0.2909346481195412,-2.5631892543654367,home_favorite,7-14,wk1-4
2023,1,USC,San José State,Pac-12,Mountain West,False,1,0.8797391020528318,0.8221846111535023,28.0,20.531925457331354,0.9887590842273962,-0.22129810285033857,0.3795999301950197,-0.19158699222919057,1.606495467012095,-0.2050266441664665,1.0293405641637285,0.7675618102857765,0.12026089794716821,7.468074542668646,home_favorite,14-21,wk1-4
2023,1,Louisiana Tech,Florida International,Conference USA,Conference USA,False,1,0.46027854618955605,0.8029091701538159,5.0,-1.6102812535564563,-0.6488891804823338,-0.48370284428682786,-0.6849193101661031,-0.6126766173752338,-0.8324157488424989,-0.42403506926336265,-0.7020732992044831,0.7445987616999912,0.539721453810444,6.610281253556456,away_favorite,0-3,wk1-4
2023,1,UCF,Kent State,Big 12,Mid-American,False,1,0.936216908128894,0.7628849803052542,50.0,26.553770805321477,0.7733345158510692,-0.270284374476359,0.5657689319585146,-0.47497495272716855,1.2006562177678946,-0.7012014745074868,0.7445987616999912,-2.0385227268971877,0.06378309187110598,23.446229194678523,home_favorite,21+,wk1-4
2023,1,UConn,NC State,FBS Independents,ACC,False,0,0.42318884756765146,0.20825116249181558,-10.0,-3.8837499820064387,-0.004798114176203461,0.08390719679035817,-0.17706372633717848,0.5068269947116868,0.27224399511881137,0.4200053656030124,0.5103756661249809,-0.6102211048613418,-0.42318884756765146,-6.116250017993561,away_favorite,3-7,wk1-4
2023,1,Utah,Florida,Pac-12,SEC,False,1,0.6531738423598763,0.8391753178526756,13.0,6.31828138264482,0.5679887824883925,0.46056343904577124,0.4210443555164438,0.34335522046626216,0.5694159746748113,0.8758171764635061,0.9283031503862732,-0.692888079770169,0.3468261576401237,6.68171861735518,home_favorite,3-7,wk1-4
2023,1,Minnesota,Nebraska,Big Ten,Big Ten,False,1,0.8868053022944661,0.7761545753418307,3.0,21.0198260552773,0.7639970682812712,-0.2260394350752677,0.32991054604468,-0.39066608138210746,0.8815566522748837,-0.4974626635503939,-0.49999847164957256,-1.7354104855648216,0.11319469770553392,-18.0198260552773,home_favorite,21+,wk1-4
2023,1,Michigan State,Central Michigan,Big Ten,Mid-American,False,1,0.6897673847980414,0.7879267680774021,24.0,8.435756362050569,0.26927203437458447,-0.2862993756438244,0.055093826243264685,-0.07692644732909146,0.3699298587787698,-0.11409494293397643,-1.4139278053638276,-0.7342215672245825,0.31023261520195855,15.564243637949431,home_favorite,7-14,wk1-4
2023,1,Miami,Miami (OH),ACC,Mid-American,False,1,0.9040639443990943,0.5316182978281073,35.0,22.71666718239792,0.5065919476536248,-0.4707185780773897,0.7333269882611695,-0.3524832274143823,1.17180381017046,-0.41866249373963993,0.661931786791164,0.7216357131142058,0.09593605560090568,12.28333281760208,home_favorite,21+,wk1-4
2023,1,Georgia Tech,Louisville,ACC,ACC,True,0,0.1906302079496342,0.13680688860321,-5.0,-15.362807647411154,-0.3311541351988871,0.4918521824142142,0.1958606284113662,0.949316972200136,-0.11958631362384058,1.118877762375842,-0.697480689487326,-1.3174830013035292,-0.1906302079496342,10.362807647411154,away_favorite,14-21,wk1-4
2023,1,Hawai'i,Stanford,Mountain West,Pac-12,False,0,0.4576207754933578,0.4741190691088309,-13.0,-2.1662029451691014,-0.49432823700963663,-0.33610958925571993,-0.7828893091982005,-0.3445386457235647,-0.5794010462065664,-0.48308134945702524,0.4185234717818396,-0.5780728368412423,-0.4576207754933578,-10.8337970548309,away_favorite,0-3,wk1-4
2023,1,Oklahoma,Arkansas State,Big 12,Sun Belt,False,1,0.9518846047110852,0.9168612275957299,73.0,29.452964163077453,0.866688739384244,-0.5929555798293826,0.4561471669147359,-0.6067508138288651,1.2886933332062627,-0.7060031731819316,0.04192947497496081,-1.5562987065956964,0.04811539528891484,43.54703583692255,home_favorite,21+,wk1-4
2023,1,Purdue,Fresno State,Big Ten,Mountain West,False,0,0.701765996827826,0.30999379271968613,-4.0,8.88158641974274,0.3256225303921783,-0.07370906602024649,-0.0018334652117142618,-0.1450177456853332,0.028925308792110055,-0.23840285808829256,-0.7985181032647815,-1.5930395843329526,-0.701765996827826,-12.88158641974274,home_favorite,7-14,wk1-4
2023,1,SMU,Louisiana Tech,American Athletic,Conference USA,False,1,0.8858670277438014,0.8618278475799177,24.0,21.106703592903166,0.5241444555366424,-0.6488891804823338,-0.01571127979144718,-0.6849193101661031,0.6506435957671813,-0.8324157488424989,-0.463257593912316,-0.7020732992044831,0.11413297225619856,2.893296407096834,home_favorite,21+,wk1-4
2023,1,Boston College,Northern Illinois,ACC,Mid-American,False,0,0.6719401050239772,0.6062878237854281,-3.0,7.577743011130825,-0.18280916848641673,-0.10233230870151444,0.34712445159031347,-0.397314361092139,0.6125562545199632,0.10245656515656035,-0.6699250311843836,0.4782273981048814,-0.6719401050239772,-10.577743011130824,home_favorite,7-14,wk1-4
2023,1,Tennessee,Virginia,SEC,ACC,True,1,0.8963567943783314,0.9264124438824264,36.0,22.41877759922857,1.0841946847875303,-0.3791608999134578,0.6205223225289204,-0.08857421822997416,0.9385520633441409,-0.4674149174628147,-0.4402945453265307,-1.4093351956466704,0.10364320562166862,13.58122240077143,home_favorite,21+,wk1-4
2023,1,TCU,Colorado,Big 12,Pac-12,False,0,0.8822773962092256,0.9617134961177454,-3.0,20.635531876860334,0.4499223930232929,-0.5593401800157364,0.2366765924582746,-0.5489387139606516,0.7442547505378025,-0.23890555755661164,-1.7170400466961933,-2.0247448977457165,-0.8822773962092256,-23.635531876860334,home_favorite,14-21,wk1-4
2023,1,Michigan,East Carolina,Big Ten,American Athletic,False,1,0.9574293998742189,0.9390216583420443,27.0,30.262298035394082,1.102243714891112,-0.11187386053759307,0.9387980903289125,-0.2618147945413636,1.6173394655199231,-0.5553698681804995,1.1900819042642259,-1.974226190856989,0.042570600125781066,-3.262298035394082,home_favorite,21+,wk1-4
2023,1,Iowa,Utah State,Big Ten,Mountain West,False,1,0.8507539173519953,0.8730738822502696,10.0,17.653281253894306,-0.24347668644732437,-0.5673467745519516,0.7779622545972127,-0.49242249762486584,0.4262783490162774,-0.7359548079670655,-0.49999847164957256,-0.2336271080544628,0.14924608264800465,-7.653281253894306,home_favorite,14-21,wk1-4
2023,1,Kentucky,Ball State,SEC,Mid-American,False,1,0.8184761600001939,0.8296328234313434,30.0,15.332116765957528,0.1247644512138836,-0.1826563577684907,0.5576604614405278,-0.31972465127163585,0.8526216638424875,-0.0021404372139848804,-0.16933057201426416,-1.1751121000716602,0.18152383999980615,14.667883234042472,home_favorite,14-21,wk1-4
2023,1,Liberty,Bowling Green,Conference USA,Mid-American,False,1,0.6018516907258863,0.8144835875047122,10.0,3.7723423693459726,-0.74433453293325,-0.6644267465678799,-0.20652313154832908,-0.3551603333141783,-1.4034068984418524,-0.5945630836188007,-0.320886692680447,-1.005185540536849,0.3981483092741137,6.227657630654027,home_favorite,3-7,wk1-4
2023,1,Temple,Akron,American Athletic,Mid-American,False,1,0.7633385921297302,0.5827018849642301,3.0,11.970957665659677,-0.22727217927643267,-0.710138182890411,0.056919427533824146,-0.41561156800514676,0.12848921091227408,-0.5959787031561681,1.1028223196382416,0.9420809795377444,0.2366614078702698,-8.970957665659677,home_favorite,7-14,wk1-4
2023,1,Auburn,Massachusetts,SEC,FBS Independents,False,1,0.9252096585478033,0.9487547111474991,45.0,25.021557508839187,0.5316184656724501,-0.8217606941638746,0.44989105507967875,-0.34242411991292127,1.277960590513194,-0.7040078748131353,1.2360080014357966,0.06029991384358906,0.07479034145219665,19.978442491160813,home_favorite,21+,wk1-4
2023,1,Texas,Rice,Big 12,American Athletic,False,1,0.9507133328304886,0.9736427772744867,27.0,29.223355829871387,0.8591961219118145,-0.5695919779370359,0.7402555903609682,-0.43250463665542915,1.191899003889607,-0.409505417121755,0.42311608149899665,-0.4265167161750595,0.049286667169511356,-2.2233558298713874,home_favorite,21+,wk1-4
2023,1,Wisconsin,Buffalo,Big Ten,Mid-American,False,1,0.9176148231730925,0.8320598405303332,21.0,24.27730133406139,0.5821256967713808,-0.4569835719510263,0.8237507245061261,-0.35239521736974583,1.0962046434246095,-0.6621002665372103,0.2485969122470282,0.26237474139849937,0.08238517682690749,-3.2773013340613915,home_favorite,21+,wk1-4
2023,1,Western Kentucky,South Florida,Conference USA,American Athletic,False,1,0.6569845237519476,0.9264124438824264,17.0,7.057724645379484,0.1683396982586367,0.27784674588446345,0.0020392779701367825,-0.5465027522197337,0.34808086470443733,-0.1586521649468116,-0.22903449833730574,-0.25199754692309106,0.3430154762480524,9.942275354620516,home_favorite,7-14,wk1-4
2023,1,Indiana,Ohio State,Big Ten,Big Ten,False,0,0.07393351728717762,0.06938566248174541,-20.0,-25.619869843927262,-0.24971236616623382,1.3093888220744065,-0.13162851358264788,0.9906614612087419,-0.3272073289184556,1.6789128210759592,-0.7342215672245825,0.5792648118823368,-0.07393351728717762,5.619869843927262,away_favorite,21+,wk1-4
2023,1,Washington,Boise State,Pac-12,Mountain West,False,1,0.7491725134931041,0.6360768996878818,37.0,11.583006549052612,0.9384573987940776,0.18706313489443946,0.41534463966606056,0.23625377722406615,1.2963308045849096,0.42865397025611873,1.6952689731515025,1.8514177035348427,0.2508274865068959,25.416993450947388,home_favorite,7-14,wk1-4
2023,1,North Texas,California,American Athletic,Pac-12,False,0,0.6841739652188766,0.6400649998028851,-37.0,8.25407788400208,0.196728133855995,-0.3413840429136505,-0.34498610300361005,-0.3941241063132336,0.44085671000657123,-0.15125254861746115,-0.4678502036294731,-0.34384974126623236,-0.6841739652188766,-45.25407788400208,home_favorite,7-14,wk1-4
2023,1,USC,Nevada,Pac-12,Mountain West,False,1,0.9725767763648772,0.9317211857068733,52.0,34.385980835989486,0.9887590842273962,-0.8658120132909504,0.3795999301950197,-0.6914754841197777,1.606495467012095,-1.016052467078713,1.0293405641637285,-1.3450386596064716,0.02742322363512284,17.614019164010514,home_favorite,21+,wk1-4
2023,1,Houston,UTSA,Big 12,American Athletic,False,1,0.40330354037784993,0.5558909611168531,3.0,-3.891938279786161,0.37940089591931603,0.4789094632711999,0.33739222858730844,0.5310521922028699,0.5731670654983456,0.971689909467077,-1.303705172152058,1.5345276330510051,0.59669645962215,6.891938279786161,away_favorite,3-7,wk1-4
2023,1,UL Monroe,Army,Sun Belt,FBS Independents,False,1,0.36905422085095796,0.2509169371224644,4.0,-5.6477223257097116,-0.45717763213348583,0.08708936107427481,-0.5277208163038407,-0.347504719584344,-0.98689444337503,-0.1311376446389739,-0.9500742239309643,-0.08207098738827993,0.630945779149042,9.647722325709712,away_favorite,3-7,wk1-4
2023,1,Colorado State,Washington State,Mountain West,Pac-12,False,0,0.2930162562262938,0.2859210974146497,-26.0,-10.32057149774648,-1.1663785759655982,-0.16664090390986416,-0.37180891169769514,0.08657978641373024,-0.6361179750245602,-0.14851496917204193,1.8468250938176856,0.2899303997014418,-0.2930162562262938,-15.67942850225352,away_favorite,7-14,wk1-4
2023,1,Baylor,Texas State,Big 12,Sun Belt,False,0,0.8486275761695895,0.9016982546021951,-11.0,17.640617536446786,0.5242238357458981,-0.37597069482241074,0.34115604588644793,-0.1940869335517469,0.6764725740707305,-0.5644367009102549,0.5838574215994939,-0.22444188862014894,-0.8486275761695895,-28.640617536446786,home_favorite,14-21,wk1-4
2023,1,Texas A&M,New Mexico,SEC,Mountain West,False,1,0.9181699887978589,0.9352934990460783,42.0,23.96818769825275,0.031102388922785135,-1.1174561076530456,0.42944664754024253,-0.5026551145509015,0.475528454441267,-1.0919206815709228,0.5976352507509651,-0.35762757041770354,0.08183001120214106,18.03181230174725,home_favorite,21+,wk1-4
2023,1,Illinois,Toledo,Big Ten,Mid-American,False,1,0.7578958585985576,0.7945819150362295,2.0,12.051381482876426,0.34689241390513637,0.07066432455393393,1.0554650101786645,0.08136302361814768,0.6391265922933171,0.637383743679397,-0.9041481267593937,1.2451932208701106,0.24210414140144243,-10.051381482876426,home_favorite,7-14,wk1-4
2023,1,North Carolina,South Carolina,ACC,SEC,True,1,0.6696092808990557,0.44126863067523897,14.0,8.073339555959597,0.9153805926638405,0.2861779509896529,0.24953352526748696,0.11924918811234493,1.805777834083205,0.6040071113848782,1.0844518807696135,0.5425239341450803,0.3303907191009443,5.926660444040403,home_favorite,7-14,wk1-4
2023,1,Alabama,Middle Tennessee,SEC,Conference USA,False,1,0.9062568593700329,0.9700234108404839,49.0,22.763296904920708,0.6810517971092649,-0.4773380997970505,0.9303818385923752,0.05140314936853929,1.037002366692919,-0.4911014072535398,-0.5597023979726141,-0.8306663712848806,0.09374314062996714,26.236703095079292,home_favorite,21+,wk1-4
2023,1,Wyoming,Texas Tech,Mountain West,Big 12,False,1,0.18530131007203407,0.34158547908308745,2.0,-15.785062641403142,-0.17841761218288843,0.515509644039595,-0.419967266354785,0.7168056618033802,-0.346481447349288,1.003357326786876,1.0155627350122574,1.130377977941184,0.8146986899279659,17.785062641403144,away_favorite,14-21,wk1-4
2023,1,Penn State,West Virginia,Big Ten,Big 12,False,1,0.8184714251302599,0.9338859386628043,23.0,15.487902353469117,0.6613864479356941,0.48347859193720943,1.2119182327426798,0.11196340492606535,1.0598032470221044,0.586269119046254,-0.4127388870235883,-0.766369835244682,0.18152857486974006,7.512097646530883,home_favorite,14-21,wk1-4
2023,1,Virginia Tech,Old Dominion,ACC,Sun Belt,False,1,0.8927863141102561,0.5952430396515719,19.0,21.073535883009008,0.17707767997410462,-0.768384655628732,0.39369492627811786,-0.31024981927164536,0.48086258903811563,-0.9291470876629488,0.6114130799024363,-1.4093351956466704,0.10721368588974389,-2.073535883009008,home_favorite,21+,wk1-4
2023,1,Tulane,South Alabama,American Athletic,Sun Belt,False,1,0.5365058986700244,0.7751528656496841,20.0,1.700612882183263,0.575718275558827,0.26303546888487594,0.1394255042167716,0.3771592240932874,0.7449443253797784,0.602163298983164,0.25778213168134234,1.5528980719196335,0.4634941013299756,18.299387117816735,home_favorite,0-3,wk1-4
2023,1,UCLA,Coastal Carolina,Pac-12,Sun Belt,False,1,0.5665378115104415,0.8422586724704255,14.0,3.427265113601137,0.5284788902234026,0.1119415329892882,0.030251345268909574,0.005508797484679015,0.5256867225632731,-0.17839099639816575,-1.087852515445676,1.8238620452319003,0.43346218848955853,10.572734886398862,home_favorite,3-7,wk1-4
2023,1,Rutgers,Northwestern,Big Ten,Big Ten,False,1,0.5654261799135347,0.5215733330511455,17.0,2.6959854013847835,-0.23493473784228922,-0.11579932990230797,0.09055722028728301,-0.18165323266884587,-0.04614707402672731,-0.056215076024159455,-0.3622201801348606,0.6389687382053787,0.4345738200864653,14.304014598615217,home_favorite,0-3,wk1-4
2023,1,San José State,Oregon State,Mountain West,Pac-12,False,0,0.25233398322078593,0.22185154578086755,-25.0,-11.97968929014636,-0.22129810285033857,0.503259833260083,-0.19158699222919057,0.6285137850640361,-0.2050266441664665,0.9036913516381501,0.7675618102857765,0.04192947497496081,-0.25233398322078593,-13.02031070985364,away_favorite,7-14,wk1-4
2023,1,Florida State,LSU,ACC,SEC,True,1,0.43198750745424225,0.47842666694885455,21.0,-2.3305226954025313,1.2817186700217271,1.3329528001992774,0.9090674402168905,1.0455562393080646,2.1898556681842836,1.928998589089033,1.2268227820014823,1.5023793650309059,0.5680124925457577,23.330522695402532,away_favorite,0-3,wk1-4
2023,1,Duke,Clemson,ACC,ACC,False,1,0.5183485773710199,0.30265492141014677,21.0,0.16603681257008107,0.6537171385903878,0.7025514192826063,0.4355508201314138,0.8664514561048966,1.0474818720665344,1.0765060974408893,2.1637151643015224,0.15215210818673036,0.4816514226289801,20.83396318742992,home_favorite,0-3,wk1-4
2023,2,Kansas,Illinois,Big 12,Big Ten,False,1,0.5445030725171698,0.25746444105693017,11.0,1.0358296879637978,0.7600005008104023,0.34689241390513637,0.11577506565104895,1.0554650101786645,1.1495282119357215,0.6391265922933171,2.228011700341721,-0.9041481267593937,0.4554969274828302,9.964170312036202,home_favorite,0-3,wk1-4
2023,2,Wake Forest,Vanderbilt,ACC,SEC,False,1,0.7622309234549212,0.8799266880106169,16.0,12.308837458528753,0.22446288101824607,-0.0910247013457735,0.30250839911676397,-0.43193090812184237,0.4004229278841898,-0.37840538380705196,-0.4862206424981013,0.0051885972377042925,0.23776907654507884,3.691162541471247,home_favorite,7-14,wk1-4
2023,2,Colorado,Nebraska,Pac-12,Big Ten,False,1,0.4400677773801084,0.18206236894188432,22.0,-2.7218656337473712,-0.5593401800157364,-0.2260394350752677,-0.5489387139606516,-0.39066608138210746,-0.23890555755661164,-0.4974626635503939,-2.0247448977457165,-1.7354104855648216,0.5599322226198916,24.72186563374737,away_favorite,0-3,wk1-4
2023,2,Virginia Tech,Purdue,ACC,Big Ten,False,0,0.6601891323458386,0.5100724469274385,-7.0,6.638427854803109,0.17707767997410462,0.3256225303921783,0.39369492627811786,-0.0018334652117142618,0.48086258903811563,0.028925308792110055,0.6114130799024363,-0.7985181032647815,-0.6601891323458386,-13.638427854803108,home_favorite,3-7,wk1-4
2023,2,Georgia,Ball State,SEC,Mid-American,False,1,0.9585024250179243,0.9896960947471465,42.0,30.889188439610166,1.1463451158952913,-0.1826563577684907,1.1266941754761852,-0.31972465127163585,1.3183855309383326,-0.0021404372139848804,-0.4035536675892742,-1.1751121000716602,0.041497574982075736,11.110811560389834,home_favorite,21+,wk1-4
2023,2,Virginia,James Madison,ACC,Sun Belt,False,0,0.3341995433937636,0.238157890082064,-1.0,-8.076138279587433,-0.3791608999134578,-0.04378291406995144,-0.08857421822997416,0.6790419599142155,-0.4674149174628147,-0.178614733101724,-1.4093351956466704,-1.914522264533947,-0.3341995433937636,7.076138279587433,away_favorite,7-14,wk1-4
2023,2,NC State,Notre Dame,ACC,FBS Independents,False,0,0.4566746626938252,0.23920390901085772,-21.0,-2.185381764090896,0.08390719679035817,0.6989749573708443,0.5068269947116868,0.3811068112814033,0.4200053656030124,1.2167301559688055,-0.6102211048613418,-0.7939254935476244,-0.4566746626938252,-18.814618235909105,away_favorite,0-3,wk1-4
2023,2,Baylor,Utah,Big 12,Pac-12,False,0,0.5220950357597326,0.2847472489508014,-7.0,0.8918948037375944,0.5242238357458981,0.5679887824883925,0.34115604588644793,0.4210443555164438,0.6764725740707305,0.5694159746748113,0.5838574215994939,0.9283031503862732,-0.5220950357597326,-7.891894803737594,home_favorite,0-3,wk1-4
2023,2,Kansas State,Troy,Big 12,Sun Belt,False,1,0.6252825542695044,0.8074241816712792,29.0,5.229762516298711,0.33433431405661024,-0.02551863634277693,0.2653449641523497,0.29897433417023855,0.7233731532028829,0.487480394574488,-0.12799708455985057,0.198078205358301,0.3747174457304956,23.770237483701287,home_favorite,3-7,wk1-4
2023,2,UTSA,Texas State,American Athletic,Sun Belt,False,1,0.8815481156110837,0.8631931113967899,7.0,20.171042414088575,0.4789094632711999,-0.37597069482241074,0.5310521922028699,-0.1940869335517469,0.971689909467077,-0.5644367009102549,1.5345276330510051,-0.22444188862014894,0.1184518843889163,-13.171042414088575,home_favorite,14-21,wk1-4
2023,2,Syracuse,Western Michigan,ACC,Mid-American,False,1,0.8853781447354862,0.7313778578393882,41.0,20.549608809943102,0.4508137188956032,-0.9725563663803848,0.22303625584532816,-0.08662589036081991,0.7363255846632867,-0.6691449997450155,1.1441558070926552,0.23941169281271407,0.11462185526451385,20.450391190056898,home_favorite,14-21,wk1-4
2023,2,Northwestern,UTEP,Big Ten,Conference USA,False,1,0.5958582704196228,0.48705085510713625,31.0,3.7330942289698528,-0.11579932990230797,-0.3427323649154572,-0.18165323266884587,-0.021993780992519515,-0.056215076024159455,-0.24132334451766319,0.6389687382053787,0.08785557214653145,0.4041417295803772,27.266905771030146,home_favorite,3-7,wk1-4
2023,2,Massachusetts,Miami (OH),FBS Independents,Mid-American,False,0,0.4643314967842289,0.23711501969474583,-13.0,-1.8574595176652693,-0.8217606941638746,-0.4707185780773897,-0.34242411991292127,-0.3524832274143823,-0.7040078748131353,-0.41866249373963993,0.06029991384358906,0.7216357131142058,-0.4643314967842289,-11.14254048233473,away_favorite,0-3,wk1-4
2023,2,Michigan,UNLV,Big Ten,Mountain West,False,1,0.9685573677694068,0.9776043775428295,28.0,33.49908647799698,1.102243714891112,-0.37658442628790717,0.9387980903289125,-0.6241061589448246,1.6173394655199231,-0.6253307729291482,1.1900819042642259,0.48741261753919557,0.03144263223059318,-5.499086477996983,home_favorite,21+,wk1-4
2023,2,Miami,Texas A&M,ACC,SEC,False,1,0.7293213579298317,0.34678283278113026,15.0,10.101594026006026,0.5065919476536248,0.031102388922785135,0.7333269882611695,0.42944664754024253,1.17180381017046,0.475528454441267,0.661931786791164,0.5976352507509651,0.27067864207016834,4.898405973993974,home_favorite,7-14,wk1-4
2023,2,Tulane,Ole Miss,American Athletic,SEC,False,0,0.2948287547811483,0.6997694032620582,-17.0,-9.24835477104405,0.575718275558827,1.106632594639687,0.1394255042167716,0.7845764884392443,0.7449443253797784,2.1937898823118824,0.25778213168134234,0.45985695923625314,-0.2948287547811483,-7.751645228955949,away_favorite,7-14,wk1-4
2023,2,Iowa State,Iowa,Big 12,Big Ten,False,0,0.43880801388528357,0.41031649686004995,-7.0,-3.5727831635310148,-0.250339828894296,-0.24347668644732437,0.0777884049207806,0.7779622545972127,-0.11473503093963174,0.4262783490162774,0.5517091535793944,-0.49999847164957256,-0.43880801388528357,-3.4272168364689852,away_favorite,3-7,wk1-4
2023,2,Arkansas,Kent State,SEC,Mid-American,False,1,0.9178605997025967,0.921145206889913,22.0,24.13918921426812,0.7004076706610693,-0.270284374476359,0.44942853514442527,-0.47497495272716855,1.3655497356407373,-0.7012014745074868,0.2899303997014418,-2.0385227268971877,0.0821394002974033,-2.1391892142681215,home_favorite,21+,wk1-4
2023,2,East Carolina,Marshall,American Athletic,Sun Belt,False,0,0.2916367186570926,0.5057562084111449,-18.0,-9.53177887402881,-0.11187386053759307,-0.00859676233181892,-0.2618147945413636,0.6213016570785244,-0.5553698681804995,0.14260519221753193,-1.974226190856989,-0.22903449833730574,-0.2916367186570926,-8.46822112597119,away_favorite,7-14,wk1-4
2023,2,Washington,Tulsa,Pac-12,American Athletic,False,1,0.9282862699307365,0.9185996494207047,33.0,25.403173533304688,0.9384573987940776,-0.33541743882541974,0.41534463966606056,-0.2671416908170505,1.2963308045849096,-0.5085249949527217,1.6952689731515025,-1.1751121000716602,0.07171373006926351,7.596826466695312,home_favorite,21+,wk1-4
2023,2,North Carolina,App State,ACC,Sun Belt,False,1,0.7623830600576537,0.615864104253756,6.0,12.25267054727823,0.9153805926638405,0.38833040228851906,0.24953352526748696,-0.030334410072811322,1.805777834083205,-0.013756301848078478,1.0844518807696135,-0.20147884003436362,0.23761693994234634,-6.25267054727823,home_favorite,7-14,wk1-4
2023,2,Liberty,New Mexico State,Conference USA,Conference USA,False,1,0.6257536040245528,0.7964546997117258,16.0,5.445350950896636,-0.74433453293325,-0.7457367963820141,-0.20652313154832908,-0.7424332523989321,-1.4034068984418524,-1.5668323626239595,-0.320886692680447,1.4931941455965916,0.3742463959754472,10.554649049103364,home_favorite,3-7,wk1-4
2023,2,Florida Atlantic,Ohio,American Athletic,Mid-American,False,0,0.4617465624706548,0.5230095872975623,-7.0,-1.2155806407084504,0.14562229598969717,0.15144066625442495,-0.2575944295529683,-0.1436057425940429,0.30958410237034184,0.3975104255425919,-0.33007191211476117,1.8514177035348427,-0.4617465624706548,-5.784419359291549,away_favorite,0-3,wk1-4
2023,2,Georgia Southern,UAB,Sun Belt,American Athletic,False,1,0.5352151131688268,0.46122190794282847,14.0,1.5697048504080588,0.17467076819119243,0.1099561672139608,-0.46560580741821067,-0.2539049759165775,-0.2671973459239507,-0.004387897256460743,-0.29333103437750463,-0.5688876174069283,0.46478488683117325,12.430295149591942,home_favorite,0-3,wk1-4
2023,2,Oklahoma,SMU,Big 12,American Athletic,False,1,0.7442806387457064,0.8652197052285583,17.0,11.347697735900017,0.866688739384244,0.5241444555366424,0.4561471669147359,-0.01571127979144718,1.2886933332062627,0.6506435957671813,0.04192947497496081,-0.463257593912316,0.2557193612542936,5.652302264099983,home_favorite,7-14,wk1-4
2023,2,Old Dominion,Louisiana,Sun Belt,Sun Belt,False,1,0.35329519167477386,0.30999379271968613,7.0,-6.5005202436537015,-0.768384655628732,-0.23953314391495661,-0.31024981927164536,-0.1912765133313639,-0.9291470876629488,-0.05226613641080197,-1.4093351956466704,0.593042641033808,0.6467048083252261,13.500520243653702,away_favorite,3-7,wk1-4
2023,2,Pittsburgh,Cincinnati,ACC,Big 12,False,0,0.6790213929604463,0.5896835031399501,-6.0,7.218431084690072,0.27391270661730216,0.12287211845808432,0.8086069283255624,0.5968835587705881,0.6211069613383935,0.6288772967385176,-0.9133333461937079,-2.070670994917287,-0.6790213929604463,-13.21843108469007,home_favorite,7-14,wk1-4
2023,2,Florida International,North Texas,Conference USA,American Athletic,False,1,0.38459898416340266,0.22185154578086755,7.0,-5.295838856447661,-0.48370284428682786,0.196728133855995,-0.6126766173752338,-0.34498610300361005,-0.42403506926336265,0.44085671000657123,0.7445987616999912,-0.4678502036294731,0.6154010158365973,12.295838856447661,away_favorite,3-7,wk1-4
2023,2,Alabama,Texas,SEC,Big 12,False,0,0.5335342904432014,0.8618278475799177,-10.0,1.3522489552128891,0.6810517971092649,0.8591961219118145,0.9303818385923752,0.7402555903609682,1.037002366692919,1.191899003889607,-0.5597023979726141,0.42311608149899665,-0.5335342904432014,-11.35224895521289,home_favorite,0-3,wk1-4
2023,2,Texas Tech,Oregon,Big 12,Pac-12,False,0,0.45636153399688584,0.5014391117091528,-8.0,-1.9451493729580447,0.515509644039595,1.1340125634988487,0.7168056618033802,0.5284829862483077,1.003357326786876,1.2883131135219028,1.130377977941184,1.3278601957789378,-0.45636153399688584,-6.054850627041955,away_favorite,0-3,wk1-4
2023,2,Boise State,UCF,Mountain West,Big 12,False,0,0.3897352388226397,0.41031649686004995,-2.0,-5.222606057412621,0.18706313489443946,0.7733345158510692,0.23625377722406615,0.5657689319585146,0.42865397025611873,1.2006562177678946,1.8514177035348427,0.7445987616999912,-0.3897352388226397,3.222606057412621,away_favorite,3-7,wk1-4
2023,2,Rice,Houston,American Athletic,Big 12,False,1,0.22561814647684725,0.13612852365814215,2.0,-13.505588791165211,-0.5695919779370359,0.37940089591931603,-0.43250463665542915,0.33739222858730844,-0.409505417121755,0.5731670654983456,-0.4265167161750595,-1.303705172152058,0.7743818535231528,15.505588791165211,away_favorite,7-14,wk1-4
2023,2,Arkansas State,Memphis,Sun Belt,American Athletic,False,0,0.20272290526738115,0.08671720584338255,-34.0,-14.329855745103279,-0.5929555798293826,0.254553768890951,-0.6067508138288651,0.06023239852888315,-0.7060031731819316,0.5657719276103006,-1.5562987065956964,-0.03155228049955222,-0.20272290526738115,-19.67014425489672,away_favorite,14-21,wk1-4
2023,2,Missouri,Middle Tennessee,SEC,Conference USA,False,1,0.8694858562034526,0.7649612635526892,4.0,18.946213079374928,0.3545179088647726,-0.4773380997970505,0.7303233668843929,0.05140314936853929,1.108127382449305,-0.4911014072535398,0.6114130799024363,-0.8306663712848806,0.13051414379654735,-14.946213079374928,home_favorite,14-21,wk1-4
2023,2,Georgia State,UConn,Sun Belt,FBS Independents,False,1,0.6058815042574602,0.8422586724704255,21.0,4.392759083417292,0.0024451543039760368,-0.004798114176203461,-0.026632666124038522,-0.17706372633717848,0.10088656550547889,0.27224399511881137,0.7813396394372472,0.5103756661249809,0.39411849574253977,16.607240916582708,home_favorite,3-7,wk1-4
2023,2,Rutgers,Temple,Big Ten,American Athletic,False,1,0.5222531818252067,0.6813218351663937,29.0,0.7943669526030579,-0.23493473784228922,-0.22727217927643267,0.09055722028728301,0.056919427533824146,-0.04614707402672731,0.12848921091227408,-0.3622201801348606,1.1028223196382416,0.47774681817479325,28.205633047396944,home_favorite,0-3,wk1-4
2023,2,Washington State,Wisconsin,Pac-12,Big Ten,False,1,0.24607764489870632,0.502878199574811,9.0,-12.308199794236534,-0.16664090390986416,0.5821256967713808,0.08657978641373024,0.8237507245061261,-0.14851496917204193,1.0962046434246095,0.2899303997014418,0.2485969122470282,0.7539223551012937,21.308199794236536,away_favorite,7-14,wk1-4
2023,2,Maryland,Charlotte,Big Ten,American Athletic,False,1,0.910986537907623,0.9268039139277936,18.0,23.232415848926514,0.286051122574763,-0.28623906937172755,0.31296374516962955,-0.8415237842100753,0.49914807390511523,-0.669220057347783,1.2222301722843254,-1.7170400466961933,0.08901346209237704,-5.2324158489265145,home_favorite,21+,wk1-4
2023,2,San Diego State,UCLA,Mountain West,Pac-12,False,0,0.36248895584703766,0.4019862342306564,-25.0,-6.859190751557103,-0.7246783166714378,0.5284788902234026,0.0673428206067119,0.030251345268909574,-0.3473224899880366,0.5256867225632731,1.203859733415697,-1.087852515445676,-0.36248895584703766,-18.1408092484429,away_favorite,3-7,wk1-4
2023,2,Mississippi State,Arizona,SEC,Pac-12,False,1,0.7947390576854048,0.8320598405303332,7.0,14.509521488814825,0.6170267819556852,0.24324101097309347,0.598954471305835,-0.37819007028377194,0.6930226992997115,0.5258047151333497,0.303708228852913,1.5069719747480628,0.20526094231459524,-7.5095214888148245,home_favorite,14-21,wk1-4
2023,2,Minnesota,Eastern Michigan,Big Ten,Mid-American,False,1,0.8721701860638507,0.8512207976249028,19.0,20.17141460739228,0.7639970682812712,-0.011713218245868781,0.32991054604468,-0.7113479378628454,0.8815566522748837,-0.2507992347021015,-0.49999847164957256,-0.06829315823680873,0.12782981393614934,-1.171414607392279,home_favorite,14-21,wk1-4
2023,2,Florida State,Southern Miss,ACC,Sun Belt,False,1,0.9589725009511701,0.9428591346675568,53.0,30.780756719865096,1.2817186700217271,-0.6629724131015422,0.9090674402168905,0.09798411397243609,2.1898556681842836,-0.5155972173386771,1.2268227820014823,0.28074518026712764,0.04102749904882985,22.219243280134904,home_favorite,21+,wk1-4
2023,2,USC,Stanford,Pac-12,Pac-12,False,1,0.9218590451360344,0.9565291425886061,46.0,24.82382525474553,0.9887590842273962,-0.33610958925571993,0.3795999301950197,-0.3445386457235647,1.606495467012095,-0.48308134945702524,1.0293405641637285,-0.5780728368412423,0.07814095486396555,21.17617474525447,home_favorite,21+,wk1-4
2023,2,Arizona State,Oklahoma State,Pac-12,Big 12,False,0,0.5612661724661419,0.4985608882908471,-12.0,2.1204382742211303,0.09457290815026191,-0.07328944652684084,-0.17460659007691695,0.20299360581490863,0.27987129422579976,0.26474087176081285,0.43230130093331076,-1.0005929308196921,-0.5612661724661419,-14.12043827422113,home_favorite,0-3,wk1-4
2023,2,California,Auburn,Pac-12,SEC,False,0,0.1715604571290349,0.469815319996098,-4.0,-16.417497450097706,-0.3413840429136505,0.5316184656724501,-0.3941241063132336,0.44989105507967875,-0.15125254861746115,1.277960590513194,-0.34384974126623236,1.2360080014357966,-0.1715604571290349,12.417497450097706,away_favorite,14-21,wk1-4
2023,3,Memphis,Navy,American Athletic,American Athletic,False,1,0.6985569549976041,0.820495207286423,4.0,8.642618824642895,0.254553768890951,-0.5616604936600735,0.06023239852888315,0.18205457881268972,0.5657719276103006,-0.7111887929999674,-0.03155228049955222,0.42770869121615374,0.30144304500239594,-4.642618824642895,home_favorite,7-14,wk1-4
2023,3,UTSA,Army,American Athletic,FBS Independents,False,0,0.8415377860355632,0.7347570893165466,-8.0,17.07718530167029,0.4789094632711999,0.08708936107427481,0.5310521922028699,-0.347504719584344,0.971689909467077,-0.1311376446389739,1.5345276330510051,-0.08207098738827993,-0.8415377860355632,-25.07718530167029,home_favorite,14-21,wk1-4
2023,3,Maryland,Virginia,Big Ten,ACC,False,1,0.8341104530800871,0.8611409356570433,28.0,16.133231213604365,0.286051122574763,-0.3791608999134578,0.31296374516962955,-0.08857421822997416,0.49914807390511523,-0.4674149174628147,1.2222301722843254,-1.4093351956466704,0.16588954691991287,11.866768786395635,home_favorite,14-21,wk1-4
2023,3,Air Force,Utah State,Mountain West,Mountain West,False,1,0.7840299921298035,0.8799266880106169,18.0,13.506591075803206,0.10314709812913568,-0.5673467745519516,0.015034381095965652,-0.49242249762486584,-0.24719935216644,-0.7359548079670655,-0.7342215672245825,-0.2336271080544628,0.2159700078701965,4.493408924196794,home_favorite,7-14,wk1-4
2023,3,Buffalo,Liberty,Mid-American,Conference USA,False,0,0.614188691435674,0.49424379158885506,-28.0,4.4167183312056775,-0.4569835719510263,-0.74433453293325,-0.35239521736974583,-0.20652313154832908,-0.6621002665372103,-1.4034068984418524,0.26237474139849937,-0.320886692680447,-0.614188691435674,-32.41671833120568,home_favorite,3-7,wk1-4
2023,3,Missouri,Kansas State,SEC,Big 12,False,1,0.6903058076168163,0.19079200251416192,3.0,8.084146716905302,0.3545179088647726,0.33433431405661024,0.7303233668843929,0.2653449641523497,1.108127382449305,0.7233731532028829,0.6114130799024363,-0.12799708455985057,0.30969419238318374,-5.084146716905302,home_favorite,7-14,wk1-4
2023,3,Boston College,Florida State,ACC,ACC,False,0,0.12711181790932918,0.04746577633233676,-2.0,-19.931318559624884,-0.18280916848641673,1.2817186700217271,0.34712445159031347,0.9090674402168905,0.6125562545199632,2.1898556681842836,-0.6699250311843836,1.2268227820014823,-0.12711181790932918,17.931318559624884,away_favorite,14-21,wk1-4
2023,3,Indiana,Louisville,Big Ten,ACC,True,0,0.15469607093466076,0.17865852826298803,-7.0,-17.747192685960265,-0.24971236616623382,0.4918521824142142,-0.13162851358264788,0.949316972200136,-0.3272073289184556,1.118877762375842,-0.7342215672245825,-1.3174830013035292,-0.15469607093466076,10.747192685960265,away_favorite,14-21,wk1-4
2023,3,Illinois,Penn State,Big Ten,Big Ten,False,0,0.4420438796155635,0.2847472489508014,-17.0,-3.089841060102847,0.34689241390513637,0.6613864479356941,1.0554650101786645,1.2119182327426798,0.6391265922933171,1.0598032470221044,-0.9041481267593937,-0.4127388870235883,-0.4420438796155635,-13.910158939897153,away_favorite,3-7,wk1-4
2023,3,Old Dominion,Wake Forest,Sun Belt,ACC,False,0,0.20307331066905077,0.2423608251377483,-3.0,-14.672789543061581,-0.768384655628732,0.22446288101824607,-0.31024981927164536,0.30250839911676397,-0.9291470876629488,0.4004229278841898,-1.4093351956466704,-0.4862206424981013,-0.20307331066905077,11.672789543061581,away_favorite,14-21,wk1-4
2023,3,Wisconsin,Georgia Southern,Big Ten,Sun Belt,False,1,0.8750063859415815,0.8136122105055869,21.0,19.994968543253833,0.5821256967713808,0.17467076819119243,0.8237507245061261,-0.46560580741821067,1.0962046434246095,-0.2671973459239507,0.2485969122470282,-0.29333103437750463,0.12499361405841847,1.005031456746167,home_favorite,14-21,wk1-4
2023,3,Ohio,Iowa State,Mid-American,Big 12,False,1,0.6431722518569372,0.5201367220358165,3.0,5.812439018772446,0.15144066625442495,-0.250339828894296,-0.1436057425940429,0.0777884049207806,0.3975104255425919,-0.11473503093963174,1.8514177035348427,0.5517091535793944,0.35682774814306284,-2.812439018772446,home_favorite,3-7,wk1-4
2023,3,Mississippi State,LSU,SEC,SEC,False,0,0.271208240772654,0.5071950817090514,-27.0,-10.429221316722632,0.6170267819556852,1.3329528001992774,0.598954471305835,1.0455562393080646,0.6930226992997115,1.928998589089033,0.303708228852913,1.5023793650309059,-0.271208240772654,-16.570778683277368,away_favorite,7-14,wk1-4
2023,3,Eastern Michigan,Massachusetts,Mid-American,FBS Independents,False,1,0.6547264323176004,0.9244260414259254,2.0,6.71630522998561,-0.011713218245868781,-0.8217606941638746,-0.7113479378628454,-0.34242411991292127,-0.2507992347021015,-0.7040078748131353,-0.06829315823680873,0.06029991384358906,0.3452735676823996,-4.71630522998561,home_favorite,3-7,wk1-4
2023,3,Notre Dame,Central Michigan,FBS Independents,Mid-American,False,1,0.833244899334429,0.9659244284031272,24.0,16.689304982991636,0.6989749573708443,-0.2862993756438244,0.3811068112814033,-0.07692644732909146,1.2167301559688055,-0.11409494293397643,-0.7939254935476244,-0.7342215672245825,0.16675510066557098,7.3106950170083635,home_favorite,14-21,wk1-4
2023,3,Duke,Northwestern,ACC,Big Ten,False,1,0.8549271926308202,0.8230246289217321,24.0,18.093956568666364,0.6537171385903878,-0.11579932990230797,0.4355508201314138,-0.18165323266884587,1.0474818720665344,-0.056215076024159455,2.1637151643015224,0.6389687382053787,0.14507280736917982,5.906043431333636,home_favorite,14-21,wk1-4
2023,3,App State,East Carolina,Sun Belt,American Athletic,False,1,0.7622086485042392,0.7358774441014764,15.0,11.98021808071387,0.38833040228851906,-0.11187386053759307,-0.030334410072811322,-0.2618147945413636,-0.013756301848078478,-0.5553698681804995,-0.20147884003436362,-1.974226190856989,0.2377913514957608,3.01978191928613,home_favorite,7-14,wk1-4
2023,3,Tulsa,Oklahoma,American Athletic,Big 12,False,0,0.15025480568444513,0.10513721035591964,-49.0,-17.990514884701703,-0.33541743882541974,0.866688739384244,-0.2671416908170505,0.4561471669147359,-0.5085249949527217,1.2886933332062627,-1.1751121000716602,0.04192947497496081,-0.15025480568444513,-31.009485115298297,away_favorite,14-21,wk1-4
2023,3,Georgia,South Carolina,SEC,SEC,False,1,0.8707400122085394,0.9675891089206077,10.0,19.82896069983199,1.1463451158952913,0.2861779509896529,1.1266941754761852,0.11924918811234493,1.3183855309383326,0.6040071113848782,-0.4035536675892742,0.5425239341450803,0.12925998779146064,-9.828960699831988,home_favorite,14-21,wk1-4
2023,3,Rutgers,Virginia Tech,Big Ten,ACC,False,1,0.3704487840148395,0.5742802036545245,19.0,-5.9257038706986425,-0.23493473784228922,0.17707767997410462,0.09055722028728301,0.39369492627811786,-0.04614707402672731,0.48086258903811563,-0.3622201801348606,0.6114130799024363,0.6295512159851605,24.92570387069864,away_favorite,3-7,wk1-4
2023,3,South Florida,Alabama,American Athletic,SEC,False,0,0.1860374535111931,0.020697452018431466,-14.0,-15.63704986660012,0.27784674588446345,0.6810517971092649,-0.5465027522197337,0.9303818385923752,-0.1586521649468116,1.037002366692919,-0.25199754692309106,-0.5597023979726141,-0.1860374535111931,1.6370498666001208,away_favorite,14-21,wk1-4
2023,3,Iowa,Western Michigan,Big Ten,Mid-American,False,1,0.8429134073374541,0.9373526085461131,31.0,16.88563026393975,-0.24347668644732437,-0.9725563663803848,0.7779622545972127,-0.08662589036081991,0.4262783490162774,-0.6691449997450155,-0.49999847164957256,0.23941169281271407,0.15708659266254588,14.114369736060251,home_favorite,14-21,wk1-4
2023,3,UConn,Florida International,FBS Independents,Conference USA,False,0,0.7446289482701124,0.7607960909891424,-7.0,11.290315163725504,-0.004798114176203461,-0.48370284428682786,-0.17706372633717848,-0.6126766173752338,0.27224399511881137,-0.42403506926336265,0.5103756661249809,0.7445987616999912,-0.7446289482701124,-18.290315163725502,home_favorite,7-14,wk1-4
2023,3,Oregon State,San Diego State,Pac-12,Mountain West,False,1,0.8590978267787479,0.8811377835536983,17.0,18.5350433097406,0.503259833260083,-0.7246783166714378,0.6285137850640361,0.0673428206067119,0.9036913516381501,-0.3473224899880366,0.04192947497496081,1.203859733415697,0.1409021732212521,-1.535043309740601,home_favorite,14-21,wk1-4
2023,3,North Carolina,Minnesota,ACC,Big Ten,False,1,0.6256672364528808,0.44126863067523897,18.0,5.337910300484087,0.9153805926638405,0.7639970682812712,0.24953352526748696,0.32991054604468,1.805777834083205,0.8815566522748837,1.0844518807696135,-0.49999847164957256,0.3743327635471192,12.662089699515914,home_favorite,3-7,wk1-4
2023,3,Southern Miss,Tulane,Sun Belt,American Athletic,False,0,0.2832597325610916,0.15927695733838498,-18.0,-10.255017239465465,-0.6629724131015422,0.575718275558827,0.09798411397243609,0.1394255042167716,-0.5155972173386771,0.7449443253797784,0.28074518026712764,0.25778213168134234,-0.2832597325610916,-7.744982760534535,away_favorite,7-14,wk1-4
2023,3,Ohio State,Western Kentucky,Big Ten,Conference USA,False,1,0.9194452680309626,0.8737104209450813,53.0,24.620912379909427,1.3093888220744065,0.1683396982586367,0.9906614612087419,0.0020392779701367825,1.6789128210759592,0.34808086470443733,0.5792648118823368,-0.22903449833730574,0.0805547319690374,28.379087620090573,home_favorite,21+,wk1-4
2023,3,Texas A&M,UL Monroe,SEC,Sun Belt,False,1,0.8630763927038241,0.9172989722099868,44.0,18.561446122657927,0.031102388922785135,-0.45717763213348583,0.42944664754024253,-0.5277208163038407,0.475528454441267,-0.98689444337503,0.5976352507509651,-0.9500742239309643,0.13692360729617592,25.438553877342073,home_favorite,14-21,wk1-4
2023,3,Michigan State,Washington,Big Ten,Pac-12,False,0,0.2453635578747279,0.25967158048516964,-34.0,-11.332528474816225,0.26927203437458447,0.9384573987940776,0.055093826243264685,0.41534463966606056,0.3699298587787698,1.2963308045849096,-1.4139278053638276,1.6952689731515025,-0.2453635578747279,-22.667471525183775,away_favorite,7-14,wk1-4
2023,3,Charlotte,Georgia State,American Athletic,Sun Belt,False,0,0.24779425310313247,0.20261368597229626,-16.0,-11.359688681226471,-0.28623906937172755,0.0024451543039760368,-0.8415237842100753,-0.026632666124038522,-0.669220057347783,0.10088656550547889,-1.7170400466961933,0.7813396394372472,-0.24779425310313247,-4.640311318773529,away_favorite,7-14,wk1-4
2023,3,UNLV,Vanderbilt,Mountain West,SEC,False,1,0.4671951238052226,0.6240017586176672,3.0,-1.547723975549042,-0.37658442628790717,-0.0910247013457735,-0.6241061589448246,-0.43193090812184237,-0.6253307729291482,-0.37840538380705196,0.48741261753919557,0.0051885972377042925,0.5328048761947775,4.547723975549042,away_favorite,0-3,wk1-4
2023,3,Oklahoma State,South Alabama,Big 12,Sun Belt,False,0,0.3655751694682504,0.7105400123698378,-26.0,-5.784176817192886,-0.07328944652684084,0.26303546888487594,0.20299360581490863,0.3771592240932874,0.26474087176081285,0.602163298983164,-1.0005929308196921,1.5528980719196335,-0.3655751694682504,-20.215823182807114,away_favorite,3-7,wk1-4
2023,3,Florida,Tennessee,SEC,SEC,False,1,0.3499284561281277,0.1695550886467628,13.0,-6.627339627965851,0.46056343904577124,1.0841946847875303,0.34335522046626216,0.6205223225289204,0.8758171764635061,0.9385520633441409,-0.692888079770169,-0.4402945453265307,0.6500715438718723,19.627339627965853,away_favorite,3-7,wk1-4
2023,3,Troy,James Madison,Sun Belt,Sun Belt,False,0,0.5514522765261505,0.45836229728523653,-2.0,1.2008728931289727,-0.02551863634277693,-0.04378291406995144,0.29897433417023855,0.6790419599142155,0.487480394574488,-0.178614733101724,0.198078205358301,-1.914522264533947,-0.5514522765261505,-3.200872893128973,home_favorite,0-3,wk1-4
2023,3,UAB,Louisiana,American Athletic,Sun Belt,False,0,0.5888471541453238,0.5330513938844411,-20.0,3.957384379079834,0.1099561672139608,-0.23953314391495661,-0.2539049759165775,-0.1912765133313639,-0.004387897256460743,-0.05226613641080197,-0.5688876174069283,0.593042641033808,-0.5888471541453238,-23.957384379079834,home_favorite,3-7,wk1-4
2023,3,Toledo,San José State,Mid-American,Mountain West,False,1,0.6982185836650605,0.7436345220073278,4.0,8.616873772590107,0.07066432455393393,-0.22129810285033857,0.08136302361814768,-0.19158699222919057,0.637383743679397,-0.2050266441664665,1.2451932208701106,0.7675618102857765,0.3017814163349395,-4.6168737725901074,home_favorite,7-14,wk1-4
2023,3,Louisiana Tech,North Texas,Conference USA,American Athletic,False,0,0.2924716272831396,0.42994717641601177,-3.0,-9.422978001122841,-0.6488891804823338,0.196728133855995,-0.6849193101661031,-0.34498610300361005,-0.8324157488424989,0.44085671000657123,-0.7020732992044831,-0.4678502036294731,-0.2924716272831396,6.422978001122841,away_favorite,7-14,wk1-4
2023,3,Nebraska,Northern Illinois,Big Ten,Mid-American,False,1,0.46196447384758804,0.7447304068650347,24.0,-1.2825888076118481,-0.2260394350752677,-0.10233230870151444,-0.39066608138210746,-0.397314361092139,-0.4974626635503939,0.10245656515656035,-1.7354104855648216,0.4782273981048814,0.5380355261524119,25.282588807611848,away_favorite,0-3,wk1-4
2023,3,Cincinnati,Miami (OH),Big 12,Mid-American,False,0,0.7914435551401753,0.8996383151500511,-7.0,14.19515016703102,0.12287211845808432,-0.4707185780773897,0.5968835587705881,-0.3524832274143823,0.6288772967385176,-0.41866249373963993,-2.070670994917287,0.7216357131142058,-0.7914435551401753,-21.19515016703102,home_favorite,14-21,wk1-4
2023,3,West Virginia,Pittsburgh,Big 12,ACC,False,1,0.4561527776182074,0.32622381211167784,11.0,-2.220972120750517,0.48347859193720943,0.27391270661730216,0.11196340492606535,0.8086069283255624,0.586269119046254,0.6211069613383935,-0.766369835244682,-0.9133333461937079,0.5438472223817926,13.220972120750517,away_favorite,0-3,wk1-4
2023,3,Michigan,Bowling Green,Big Ten,Mid-American,False,1,0.975959360420086,0.9882545723943449,25.0,35.36974526428373,1.102243714891112,-0.6644267465678799,0.9387980903289125,-0.3551603333141783,1.6173394655199231,-0.5945630836188007,1.1900819042642259,-1.005185540536849,0.02404063957991398,-10.36974526428373,home_favorite,21+,wk1-4
2023,3,Kentucky,Akron,SEC,Mid-American,False,1,0.8620583344964421,0.9190290491945513,32.0,18.828894333900948,0.1247644512138836,-0.710138182890411,0.5576604614405278,-0.41561156800514676,0.8526216638424875,-0.5959787031561681,-0.16933057201426416,0.9420809795377444,0.1379416655035579,13.171105666099052,home_favorite,14-21,wk1-4
2023,3,Purdue,Syracuse,Big Ten,ACC,False,0,0.41766859068682743,0.45979177167625435,-15.0,-3.2366923025883976,0.3256225303921783,0.4508137188956032,-0.0018334652117142618,0.22303625584532816,0.028925308792110055,0.7363255846632867,-0.7985181032647815,1.1441558070926552,-0.41766859068682743,-11.763307697411602,away_favorite,3-7,wk1-4
2023,3,Ole Miss,Georgia Tech,SEC,ACC,False,1,0.915590769778628,0.8774725143294195,25.0,23.864545773739145,1.106632594639687,-0.3311541351988871,0.7845764884392443,0.1958606284113662,2.1937898823118824,-0.11958631362384058,0.45985695923625314,-0.697480689487326,0.08440923022137203,1.1354542262608547,home_favorite,21+,wk1-4
2023,3,Arkansas,BYU,SEC,Big 12,False,0,0.8959284093893165,0.7175917231915314,-7.0,21.987029318679085,0.7004076706610693,-0.023362613356900958,0.44942853514442527,-0.6192321057770398,1.3655497356407373,-0.649146326516953,0.2899303997014418,-1.0281485891226345,-0.8959284093893165,-28.987029318679085,home_favorite,21+,wk1-4
2023,3,Houston,TCU,Big 12,Big 12,False,0,0.5818864874174832,0.5387780920571715,-23.0,3.316858629430887,0.37940089591931603,0.4499223930232929,0.33739222858730844,0.2366765924582746,0.5731670654983456,0.7442547505378025,-1.303705172152058,-1.7170400466961933,-0.5818864874174832,-26.316858629430886,home_favorite,3-7,wk1-4
2023,3,Texas,Wyoming,Big 12,Mountain West,False,1,0.9087531919668241,0.9386912091783989,21.0,23.565660251295498,0.8591961219118145,-0.17841761218288843,0.7402555903609682,-0.419967266354785,1.191899003889607,-0.346481447349288,0.42311608149899665,1.0155627350122574,0.09124680803317586,-2.5656602512954976,home_favorite,21+,wk1-4
2023,3,Oregon,Hawai'i,Pac-12,Mountain West,False,1,0.9657178907761522,0.9479085506726252,45.0,32.85236436460906,1.1340125634988487,-0.49432823700963663,0.5284829862483077,-0.7828893091982005,1.2883131135219028,-0.5794010462065664,1.3278601957789378,0.4185234717818396,0.03428210922384778,12.147635635390941,home_favorite,21+,wk1-4
2023,3,Clemson,Florida Atlantic,ACC,American Athletic,False,1,0.8724448820665374,0.8519483458525737,34.0,19.72896535827352,0.7025514192826063,0.14562229598969717,0.8664514561048966,-0.2575944295529683,1.0765060974408893,0.30958410237034184,0.15215210818673036,-0.33007191211476117,0.12755511793346264,14.27103464172648,home_favorite,14-21,wk1-4
2023,3,New Mexico,New Mexico State,Mountain West,Conference USA,False,0,0.47334028544623796,0.39646368147382194,-10.0,-1.2383741384757183,-1.1174561076530456,-0.7457367963820141,-0.5026551145509015,-0.7424332523989321,-1.0919206815709228,-1.5668323626239595,-0.35762757041770354,1.4931941455965916,-0.47334028544623796,-8.761625861524282,away_favorite,0-3,wk1-4
2023,3,Colorado,Colorado State,Pac-12,Mountain West,False,1,0.536563004791923,0.5896835031399501,8.0,1.8234344595396088,-0.5593401800157364,-1.1663785759655982,-0.5489387139606516,-0.37180891169769514,-0.23890555755661164,-0.6361179750245602,-2.0247448977457165,1.8468250938176856,0.463436995208077,6.176565540460391,home_favorite,0-3,wk1-4
2023,3,Arizona State,Fresno State,Pac-12,Mountain West,False,0,0.6553247606894285,0.28240827680846853,-29.0,6.367393366956269,0.09457290815026191,-0.07370906602024649,-0.17460659007691695,-0.1450177456853332,0.27987129422579976,-0.23840285808829256,0.43230130093331076,-1.5930395843329526,-0.6553247606894285,-35.36739336695627,home_favorite,3-7,wk1-4
2023,3,Nevada,Kansas,Mountain West,Big 12,False,0,0.06872320635545727,0.27316992772326887,-7.0,-25.84447459502789,-0.8658120132909504,0.7600005008104023,-0.6914754841197777,0.11577506565104895,-1.016052467078713,1.1495282119357215,-1.3450386596064716,2.228011700341721,-0.06872320635545727,18.84447459502789,away_favorite,21+,wk1-4
2023,3,Arizona,UTEP,Pac-12,Conference USA,False,1,0.6564352953000955,0.7670249181450214,21.0,6.52322952196121,0.24324101097309347,-0.3427323649154572,-0.37819007028377194,-0.021993780992519515,0.5258047151333497,-0.24132334451766319,1.5069719747480628,0.08785557214653145,0.3435647046999045,14.476770478038791,home_favorite,3-7,wk1-4
2023,4,Coastal Carolina,Georgia State,Sun Belt,Sun Belt,False,0,0.6265898595517504,0.4483764526890395,-13.0,5.155754918427865,0.1119415329892882,0.0024451543039760368,0.005508797484679015,-0.026632666124038522,-0.17839099639816575,0.10088656550547889,1.8238620452319003,0.7813396394372472,-0.6265898595517504,-18.155754918427867,home_favorite,3-7,wk1-4
2023,4,Purdue,Wisconsin,Big Ten,Big Ten,False,0,0.29113803355763,0.29781739790947936,-21.0,-9.500115075996137,0.3256225303921783,0.5821256967713808,-0.0018334652117142618,0.8237507245061261,0.028925308792110055,1.0962046434246095,-0.7985181032647815,0.2485969122470282,-0.29113803355763,-11.499884924003863,away_favorite,7-14,wk1-4
2023,4,Virginia,NC State,ACC,ACC,False,0,0.3045484803499898,0.2882774756572447,-3.0,-9.15006636140796,-0.3791608999134578,0.08390719679035817,-0.08857421822997416,0.5068269947116868,-0.4674149174628147,0.4200053656030124,-1.4093351956466704,-0.6102211048613418,-0.3045484803499898,6.15006636140796,away_favorite,7-14,wk1-4
2023,4,San José State,Air Force,Mountain West,Mountain West,False,0,0.48983486901041096,0.19437230595634977,-25.0,-0.9598652281662812,-0.22129810285033857,0.10314709812913568,-0.19158699222919057,0.015034381095965652,-0.2050266441664665,-0.24719935216644,0.7675618102857765,-0.7342215672245825,-0.48983486901041096,-24.04013477183372,away_favorite,0-3,wk1-4
2023,4,San Diego State,Boise State,Mountain West,Mountain West,False,0,0.3047427151204508,0.4355995097595788,-3.0,-9.21502585323793,-0.7246783166714378,0.18706313489443946,0.0673428206067119,0.23625377722406615,-0.3473224899880366,0.42865397025611873,1.203859733415697,1.8514177035348427,-0.3047427151204508,6.215025853237931,away_favorite,7-14,wk1-4
2023,4,Texas A&M,Auburn,SEC,SEC,False,1,0.4234096065384909,0.6609990912463583,17.0,-3.5452602385283374,0.031102388922785135,0.5316184656724501,0.42944664754024253,0.44989105507967875,0.475528454441267,1.277960590513194,0.5976352507509651,1.2360080014357966,0.5765903934615091,20.545260238528336,away_favorite,3-7,wk1-4
2023,4,Cincinnati,Oklahoma,Big 12,Big 12,False,0,0.35840359960913887,0.2054180849637705,-14.0,-6.089299505353747,0.12287211845808432,0.866688739384244,0.5968835587705881,0.4561471669147359,0.6288772967385176,1.2886933332062627,-2.070670994917287,0.04192947497496081,-0.35840359960913887,-7.910700494646253,away_favorite,3-7,wk1-4
2023,4,Syracuse,Army,ACC,FBS Independents,False,1,0.7831571002203492,0.7140789025853503,13.0,13.342523390224379,0.4508137188956032,0.08708936107427481,0.22303625584532816,-0.347504719584344,0.7363255846632867,-0.1311376446389739,1.1441558070926552,-0.08207098738827993,0.21684289977965077,-0.34252339022437894,home_favorite,7-14,wk1-4
2023,4,TCU,SMU,Big 12,American Athletic,False,1,0.5602142263450683,0.7731399130767673,17.0,2.8715897014936824,0.4499223930232929,0.5241444555366424,0.2366765924582746,-0.01571127979144718,0.7442547505378025,0.6506435957671813,-1.7170400466961933,-0.463257593912316,0.43978577365493166,14.128410298506317,home_favorite,0-3,wk1-4
2023,4,Michigan,Rutgers,Big Ten,Big Ten,False,1,0.931702794884067,0.9627593093435715,24.0,25.926309070281356,1.102243714891112,-0.23493473784228922,0.9387980903289125,0.09055722028728301,1.6173394655199231,-0.04614707402672731,1.1900819042642259,-0.3622201801348606,0.06829720511593296,-1.9263090702813557,home_favorite,21+,wk1-4
2023,4,Marshall,Virginia Tech,Sun Belt,ACC,False,1,0.5469473340452397,0.8320598405303332,7.0,1.655918067675196,-0.00859676233181892,0.17707767997410462,0.6213016570785244,0.39369492627811786,0.14260519221753193,0.48086258903811563,-0.22903449833730574,0.6114130799024363,0.45305266595476035,5.344081932324804,home_favorite,0-3,wk1-4
2023,4,Northern Illinois,Tulsa,Mid-American,American Athletic,False,0,0.6367684810248186,0.5686413918836677,-8.0,5.535389784692251,-0.10233230870151444,-0.33541743882541974,-0.397314361092139,-0.2671416908170505,0.10245656515656035,-0.5085249949527217,0.4782273981048814,-1.1751121000716602,-0.6367684810248186,-13.535389784692251,home_favorite,3-7,wk1-4
2023,4,Clemson,Florida State,ACC,ACC,False,0,0.38573760995532647,0.3787032768775454,-7.0,-4.951105396797661,0.7025514192826063,1.2817186700217271,0.8664514561048966,0.9090674402168905,1.0765060974408893,2.1898556681842836,0.15215210818673036,1.2268227820014823,-0.38573760995532647,-2.0488946032023394,away_favorite,3-7,wk1-4
2023,4,Vanderbilt,Kentucky,SEC,SEC,False,0,0.30153168216989695,0.16004930536524656,-17.0,-9.277648951647297,-0.0910247013457735,0.1247644512138836,-0.43193090812184237,0.5576604614405278,-0.37840538380705196,0.8526216638424875,0.0051885972377042925,-0.16933057201426416,-0.30153168216989695,-7.722351048352703,away_favorite,7-14,wk1-4
2023,4,Troy,Western Kentucky,Sun Belt,Conference USA,False,1,0.5996370927286606,0.5868950233791,3.0,3.9590961572857926,-0.02551863634277693,0.1683396982586367,0.29897433417023855,0.0020392779701367825,0.487480394574488,0.34808086470443733,0.198078205358301,-0.22903449833730574,0.4003629072713394,-0.9590961572857926,home_favorite,3-7,wk1-4
2023,4,Toledo,Western Michigan,Mid-American,Mid-American,False,1,0.8230043295235618,0.8737104209450813,18.0,15.454477214518157,0.07066432455393393,-0.9725563663803848,0.08136302361814768,-0.08662589036081991,0.637383743679397,-0.6691449997450155,1.2451932208701106,0.23941169281271407,0.17699567047643816,2.545522785481843,home_favorite,14-21,wk1-4
2023,4,Ball State,Georgia Southern,Mid-American,Sun Belt,False,0,0.4830639116704587,0.3773498042127379,-37.0,-0.5257587555693077,-0.1826563577684907,0.17467076819119243,-0.31972465127163585,-0.46560580741821067,-0.0021404372139848804,-0.2671973459239507,-1.1751121000716602,-0.29333103437750463,-0.4830639116704587,-36.474241244430694,away_favorite,0-3,wk1-4
2023,4,Michigan State,Maryland,Big Ten,Big Ten,False,0,0.4133513425973026,0.39784190682528303,-22.0,-3.417716845233116,0.26927203437458447,0.286051122574763,0.055093826243264685,0.31296374516962955,0.3699298587787698,0.49914807390511523,-1.4139278053638276,1.2222301722843254,-0.4133513425973026,-18.582283154766884,away_favorite,3-7,wk1-4
2023,4,Oregon,Colorado,Pac-12,Pac-12,False,1,0.9720327742253798,0.9464688789594631,36.0,34.078611097059536,1.1340125634988487,-0.5593401800157364,0.5284829862483077,-0.5489387139606516,1.2883131135219028,-0.23890555755661164,1.3278601957789378,-2.0247448977457165,0.027967225774620186,1.921388902940464,home_favorite,21+,wk1-4
2023,4,Utah,UCLA,Pac-12,Pac-12,False,1,0.713198636357818,0.718756829898782,7.0,9.311729601537209,0.5679887824883925,0.5284788902234026,0.4210443555164438,0.030251345268909574,0.5694159746748113,0.5256867225632731,0.9283031503862732,-1.087852515445676,0.286801363642182,-2.311729601537209,home_favorite,7-14,wk1-4
2023,4,Illinois,Florida Atlantic,Big Ten,American Athletic,False,1,0.833542089542171,0.8631931113967899,6.0,16.671730778752952,0.34689241390513637,0.14562229598969717,1.0554650101786645,-0.2575944295529683,0.6391265922933171,0.30958410237034184,-0.9041481267593937,-0.33007191211476117,0.16645791045782898,-10.671730778752952,home_favorite,14-21,wk1-4
2023,4,Kansas,BYU,Big 12,Big 12,False,1,0.8955315150073289,0.42994717641601177,11.0,21.71980973520442,0.7600005008104023,-0.023362613356900958,0.11577506565104895,-0.6192321057770398,1.1495282119357215,-0.649146326516953,2.228011700341721,-1.0281485891226345,0.10446848499267114,-10.719809735204421,home_favorite,21+,wk1-4
2023,4,Temple,Miami,American Athletic,ACC,False,0,0.27032293723181655,0.17447401263881834,-34.0,-11.078145033460933,-0.22727217927643267,0.5065919476536248,0.056919427533824146,0.7333269882611695,0.12848921091227408,1.17180381017046,1.1028223196382416,0.661931786791164,-0.27032293723181655,-22.921854966539065,away_favorite,7-14,wk1-4
2023,4,UConn,Duke,FBS Independents,ACC,False,0,0.23972899719012794,0.11647171194356075,-34.0,-12.036131009939849,-0.004798114176203461,0.6537171385903878,-0.17706372633717848,0.4355508201314138,0.27224399511881137,1.0474818720665344,0.5103756661249809,2.1637151643015224,-0.23972899719012794,-21.96386899006015,away_favorite,7-14,wk1-4
2023,4,Massachusetts,New Mexico,FBS Independents,Mountain West,False,0,0.6768167914617058,0.5071950817090514,-3.0,7.222561139636826,-0.8217606941638746,-1.1174561076530456,-0.34242411991292127,-0.5026551145509015,-0.7040078748131353,-1.0919206815709228,0.06029991384358906,-0.35762757041770354,-0.6768167914617058,-10.222561139636827,home_favorite,7-14,wk1-4
2023,4,Bowling Green,Ohio,Mid-American,Mid-American,False,0,0.25339003837019713,0.2777654663508294,-31.0,-11.179588498006323,-0.6644267465678799,0.15144066625442495,-0.3551603333141783,-0.1436057425940429,-0.5945630836188007,0.3975104255425919,-1.005185540536849,1.8514177035348427,-0.25339003837019713,-19.820411501993675,away_favorite,7-14,wk1-4
2023,4,Alabama,Ole Miss,SEC,SEC,False,1,0.4647980031807588,0.8805335622474012,14.0,-1.5319431109469832,0.6810517971092649,1.106632594639687,0.9303818385923752,0.7845764884392443,1.037002366692919,2.1937898823118824,-0.5597023979726141,0.45985695923625314,0.5352019968192412,15.531943110946983,away_favorite,0-3,wk1-4
2023,4,Nebraska,Louisiana Tech,Big Ten,Conference USA,False,1,0.6851236800109294,0.8652197052285583,14.0,8.343598116456722,-0.2260394350752677,-0.6488891804823338,-0.39066608138210746,-0.6849193101661031,-0.4974626635503939,-0.8324157488424989,-1.7354104855648216,-0.7020732992044831,0.3148763199890706,5.656401883543278,home_favorite,7-14,wk1-4
2023,4,West Virginia,Texas Tech,Big 12,Big 12,False,1,0.35719437385851854,0.4243130476235704,7.0,-6.107519676104413,0.48347859193720943,0.515509644039595,0.11196340492606535,0.7168056618033802,0.586269119046254,1.003357326786876,-0.766369835244682,1.130377977941184,0.6428056261414814,13.107519676104413,away_favorite,3-7,wk1-4
2023,4,Louisville,Boston College,ACC,ACC,False,1,0.7980652196802029,0.8959410508417222,28.0,14.075374701211743,0.4918521824142142,-0.18280916848641673,0.949316972200136,0.34712445159031347,1.118877762375842,0.6125562545199632,-1.3174830013035292,-0.6699250311843836,0.20193478031979706,13.924625298788257,home_favorite,14-21,wk1-4
2023,4,Tennessee,UTSA,SEC,American Athletic,False,1,0.6521975915680918,0.8631931113967899,31.0,7.028035163257517,1.0841946847875303,0.4789094632711999,0.6205223225289204,0.5310521922028699,0.9385520633441409,0.971689909467077,-0.4402945453265307,1.5345276330510051,0.34780240843190824,23.971964836742483,home_favorite,7-14,wk1-4
2023,4,Iowa State,Oklahoma State,Big 12,Big 12,False,1,0.5456828971818483,0.676301669492737,7.0,1.2120388455850948,-0.250339828894296,-0.07328944652684084,0.0777884049207806,0.20299360581490863,-0.11473503093963174,0.26474087176081285,0.5517091535793944,-1.0005929308196921,0.45431710281815174,5.787961154414905,home_favorite,0-3,wk1-4
2023,4,South Florida,Rice,American Athletic,American Athletic,False,1,0.7210367452839248,0.6973450785898532,13.0,10.084356222712763,0.27784674588446345,-0.5695919779370359,-0.5465027522197337,-0.43250463665542915,-0.1586521649468116,-0.409505417121755,-0.25199754692309106,-0.4265167161750595,0.2789632547160752,2.9156437772872366,home_favorite,7-14,wk1-4
2023,4,South Alabama,Central Michigan,Sun Belt,Mid-American,False,0,0.8183658467454386,0.8376154583713974,-4.0,15.08704372986041,0.26303546888487594,-0.2862993756438244,0.3771592240932874,-0.07692644732909146,0.602163298983164,-0.11409494293397643,1.5528980719196335,-0.7342215672245825,-0.8183658467454386,-19.08704372986041,home_favorite,14-21,wk1-4
2023,4,Wake Forest,Georgia Tech,ACC,ACC,False,0,0.7109964585551897,0.8780900739425958,-14.0,9.12608323892918,0.22446288101824607,-0.3311541351988871,0.30250839911676397,0.1958606284113662,0.4004229278841898,-0.11958631362384058,-0.4862206424981013,-0.697480689487326,-0.7109964585551897,-23.12608323892918,home_favorite,7-14,wk1-4
2023,4,Florida International,Liberty,Conference USA,Conference USA,False,0,0.5649816151011113,0.12190992605740426,-32.0,2.2167812994583422,-0.48370284428682786,-0.74433453293325,-0.6126766173752338,-0.20652313154832908,-0.42403506926336265,-1.4034068984418524,0.7445987616999912,-0.320886692680447,-0.5649816151011113,-34.21678129945834,home_favorite,0-3,wk1-4
2023,4,Middle Tennessee,Colorado State,Conference USA,Mountain West,False,0,0.7200527027778486,0.676301669492737,-8.0,9.904374307998847,-0.4773380997970505,-1.1663785759655982,0.05140314936853929,-0.37180891169769514,-0.4911014072535398,-0.6361179750245602,-0.8306663712848806,1.8468250938176856,-0.7200527027778486,-17.904374307998847,home_favorite,7-14,wk1-4
2023,4,LSU,Arkansas,SEC,SEC,False,1,0.827859859407361,0.7576391748622517,3.0,16.209879419043517,1.3329528001992774,0.7004076706610693,1.0455562393080646,0.44942853514442527,1.928998589089033,1.3655497356407373,1.5023793650309059,0.2899303997014418,0.17214014059263905,-13.209879419043517,home_favorite,14-21,wk1-4
2023,4,Florida,Charlotte,SEC,American Athletic,False,1,0.9051909918921022,0.9349442462224661,15.0,22.96751402268263,0.46056343904577124,-0.28623906937172755,0.34335522046626216,-0.8415237842100753,0.8758171764635061,-0.669220057347783,-0.692888079770169,-1.7170400466961933,0.09480900810789783,-7.967514022682629,home_favorite,21+,wk1-4
2023,4,Stanford,Arizona,Pac-12,Pac-12,False,0,0.3699028361936475,0.33771220256911116,-1.0,-5.327882206300524,-0.33610958925571993,0.24324101097309347,-0.3445386457235647,-0.37819007028377194,-0.48308134945702524,0.5258047151333497,-0.5780728368412423,1.5069719747480628,-0.3699028361936475,4.327882206300524,away_favorite,3-7,wk1-4
2023,4,Washington State,Oregon State,Pac-12,Pac-12,False,1,0.3030051066400623,0.42150324765525726,3.0,-9.318495366268275,-0.16664090390986416,0.503259833260083,0.08657978641373024,0.6285137850640361,-0.14851496917204193,0.9036913516381501,0.2899303997014418,0.04192947497496081,0.6969948933599377,12.318495366268275,away_favorite,7-14,wk1-4
2023,4,Wyoming,App State,Mountain West,Sun Belt,False,1,0.3829601928233376,0.34678283278113026,3.0,-5.3743979189155215,-0.17841761218288843,0.38833040228851906,-0.419967266354785,-0.030334410072811322,-0.346481447349288,-0.013756301848078478,1.0155627350122574,-0.20147884003436362,0.6170398071766624,8.374397918915522,away_favorite,3-7,wk1-4
2023,4,Texas State,Nevada,Sun Belt,Mountain West,False,1,0.7908547433270363,0.7533860777856145,11.0,13.50283761006085,-0.37597069482241074,-0.8658120132909504,-0.1940869335517469,-0.6914754841197777,-0.5644367009102549,-1.016052467078713,-0.22444188862014894,-1.3450386596064716,0.2091452566729637,-2.5028376100608494,home_favorite,7-14,wk1-4
2023,4,Arkansas State,Southern Miss,Sun Belt,Sun Belt,False,1,0.3617298908729872,0.28357630589706123,7.0,-6.2257402880865715,-0.5929555798293826,-0.6629724131015422,-0.6067508138288651,0.09798411397243609,-0.7060031731819316,-0.5155972173386771,-1.5562987065956964,0.28074518026712764,0.6382701091270129,13.225740288086572,away_favorite,3-7,wk1-4
2023,4,Missouri,Memphis,SEC,American Athletic,True,1,0.6772218505498155,0.3652566649476832,7.0,8.066150030893287,0.3545179088647726,0.254553768890951,0.7303233668843929,0.06023239852888315,1.108127382449305,0.5657719276103006,0.6114130799024363,-0.03155228049955222,0.32277814945018446,-1.0661500308932865,home_favorite,7-14,wk1-4
2023,4,Penn State,Iowa,Big Ten,Big Ten,False,1,0.8235474439387742,0.7888870682101548,31.0,15.445575214874848,0.6613864479356941,-0.24347668644732437,1.2119182327426798,0.7779622545972127,1.0598032470221044,0.4262783490162774,-0.4127388870235883,-0.49999847164957256,0.17645255606122578,15.554424785125152,home_favorite,14-21,wk1-4
2023,4,Baylor,Texas,Big 12,Big 12,False,0,0.3996393271566846,0.23711501969474583,-32.0,-4.540379017242241,0.5242238357458981,0.8591961219118145,0.34115604588644793,0.7402555903609682,0.6764725740707305,1.191899003889607,0.5838574215994939,0.42311608149899665,-0.3996393271566846,-27.45962098275776,away_favorite,3-7,wk1-4
2023,4,Indiana,Akron,Big Ten,Mid-American,False,1,0.6734183577231461,0.7992399910868982,2.0,7.691277983638394,-0.24971236616623382,-0.710138182890411,-0.13162851358264788,-0.41561156800514676,-0.3272073289184556,-0.5959787031561681,-0.7342215672245825,0.9420809795377444,0.32658164227685393,-5.691277983638394,home_favorite,7-14,wk1-4
2023,4,Georgia,UAB,SEC,American Athletic,False,1,0.9337936964694108,0.9810892600911034,28.0,26.659316262209835,1.1463451158952913,0.1099561672139608,1.1266941754761852,-0.2539049759165775,1.3183855309383326,-0.004387897256460743,-0.4035536675892742,-0.5688876174069283,0.0662063035305892,1.3406837377901653,home_favorite,21+,wk1-4
2023,4,Notre Dame,Ohio State,FBS Independents,Big Ten,False,0,0.25543149388701236,0.344179494087605,-3.0,-11.13289207471965,0.6989749573708443,1.3093888220744065,0.3811068112814033,0.9906614612087419,1.2167301559688055,1.6789128210759592,-0.7939254935476244,0.5792648118823368,-0.25543149388701236,8.13289207471965,away_favorite,7-14,wk1-4
2023,4,Louisiana,Buffalo,Sun Belt,Mid-American,False,1,0.6561936338827228,0.8475387239958501,7.0,6.56883102236611,-0.23953314391495661,-0.4569835719510263,-0.1912765133313639,-0.35239521736974583,-0.05226613641080197,-0.6621002665372103,0.593042641033808,0.26237474139849937,0.3438063661172772,0.43116897763388984,home_favorite,3-7,wk1-4
2023,4,South Carolina,Mississippi State,SEC,SEC,False,1,0.38552878228611176,0.5868950233791,7.0,-5.229305189164161,0.2861779509896529,0.6170267819556852,0.11924918811234493,0.598954471305835,0.6040071113848782,0.6930226992997115,0.5425239341450803,0.303708228852913,0.6144712177138882,12.229305189164162,away_favorite,3-7,wk1-4
2023,4,Northwestern,Minnesota,Big Ten,Big Ten,False,1,0.29068991039287656,0.2169225565903239,3.0,-9.809750212265424,-0.11579932990230797,0.7639970682812712,-0.18165323266884587,0.32991054604468,-0.056215076024159455,0.8815566522748837,0.6389687382053787,-0.49999847164957256,0.7093100896071234,12.809750212265424,away_favorite,7-14,wk1-4
2023,4,Kansas State,UCF,Big 12,Big 12,False,1,0.3662556060362687,0.7490830628775357,13.0,-5.853953311060771,0.33433431405661024,0.7733345158510692,0.2653449641523497,0.5657689319585146,0.7233731532028829,1.2006562177678946,-0.12799708455985057,0.7445987616999912,0.6337443939637313,18.85395331106077,away_favorite,3-7,wk1-4
2023,4,Utah State,James Madison,Mountain West,Sun Belt,False,0,0.2512842321451345,0.30144137358197703,-7.0,-12.45601921515902,-0.5673467745519516,-0.04378291406995144,-0.49242249762486584,0.6790419599142155,-0.7359548079670655,-0.178614733101724,-0.2336271080544628,-1.914522264533947,-0.2512842321451345,5.456019215159021,away_favorite,7-14,wk1-4
2023,4,Pittsburgh,North Carolina,ACC,ACC,False,0,0.4778511188193326,0.5100724469274385,-17.0,-0.7534511524288208,0.27391270661730216,0.9153805926638405,0.8086069283255624,0.24953352526748696,0.6211069613383935,1.805777834083205,-0.9133333461937079,1.0844518807696135,-0.4778511188193326,-16.24654884757118,away_favorite,0-3,wk1-4
2023,4,UTEP,UNLV,Conference USA,Mountain West,False,0,0.6875787569479271,0.449800646746463,-17.0,8.247117339277182,-0.3427323649154572,-0.37658442628790717,-0.021993780992519515,-0.6241061589448246,-0.24132334451766319,-0.6253307729291482,0.08785557214653145,0.48741261753919557,-0.6875787569479271,-25.24711733927718,home_favorite,7-14,wk1-4
2023,4,Fresno State,Kent State,Mountain West,Mid-American,False,1,0.688988041549949,0.9579428721874605,43.0,8.271255831890258,-0.07370906602024649,-0.270284374476359,-0.1450177456853332,-0.47497495272716855,-0.23840285808829256,-0.7012014745074868,-1.5930395843329526,-2.0385227268971877,0.31101195845005103,34.72874416810974,home_favorite,7-14,wk1-4
2023,4,Washington,California,Pac-12,Pac-12,False,1,0.9293525517748746,0.9100379198115163,27.0,25.73712063140107,0.9384573987940776,-0.3413840429136505,0.41534463966606056,-0.3941241063132336,1.2963308045849096,-0.15125254861746115,1.6952689731515025,-0.34384974126623236,0.07064744822512536,1.2628793685989308,home_favorite,21+,wk1-4
2023,4,Arizona State,USC,Pac-12,Pac-12,False,0,0.23412964169994155,0.07597710350276544,-14.0,-12.394503624095988,0.09457290815026191,0.9887590842273962,-0.17460659007691695,0.3795999301950197,0.27987129422579976,1.606495467012095,0.43230130093331076,1.0293405641637285,-0.23412964169994155,-1.6054963759040124,away_favorite,7-14,wk1-4
2023,4,Hawai'i,New Mexico State,Mountain West,Conference USA,False,1,0.5746820969970727,0.422907524174671,3.0,3.3053200051142007,-0.49432823700963663,-0.7457367963820141,-0.7828893091982005,-0.7424332523989321,-0.5794010462065664,-1.5668323626239595,0.4185234717818396,1.4931941455965916,0.42531790300292727,-0.30532000511420065,home_favorite,3-7,wk1-4
2023,5,Western Kentucky,Middle Tennessee,Conference USA,Conference USA,False,1,0.7084731295265949,0.809207997485838,21.0,9.003682648491386,0.1683396982586367,-0.4773380997970505,0.0020392779701367825,0.05140314936853929,0.34808086470443733,-0.4911014072535398,-0.22903449833730574,-0.8306663712848806,0.2915268704734051,11.996317351508614,home_favorite,7-14,wk5-9
2023,5,Tulsa,Temple,American Athletic,American Athletic,False,1,0.39109618558984177,0.7801296039931584,22.0,-4.666300073211674,-0.33541743882541974,-0.22727217927643267,-0.2671416908170505,0.056919427533824146,-0.5085249949527217,0.12848921091227408,-1.1751121000716602,1.1028223196382416,0.6089038144101582,26.666300073211673,away_favorite,3-7,wk5-9
2023,5,NC State,Louisville,ACC,ACC,False,0,0.39433540529083144,0.36392310031211805,-3.0,-5.301304156174252,0.08390719679035817,0.4918521824142142,0.5068269947116868,0.949316972200136,0.4200053656030124,1.118877762375842,-0.6102211048613418,-1.3174830013035292,-0.39433540529083144,2.301304156174252,away_favorite,3-7,wk5-9
2023,5,Oregon State,Utah,Pac-12,Pac-12,False,1,0.5660499314005714,0.527315973006493,14.0,2.7981798145599197,0.503259833260083,0.5679887824883925,0.6285137850640361,0.4210443555164438,0.9036913516381501,0.5694159746748113,0.04192947497496081,0.9283031503862732,0.43395006859942864,11.20182018544008,home_favorite,0-3,wk5-9
2023,5,UTEP,Louisiana Tech,Conference USA,Conference USA,False,0,0.7802143884655046,0.5910755963149433,-14.0,12.938306534450568,-0.3427323649154572,-0.6488891804823338,-0.021993780992519515,-0.6849193101661031,-0.24132334451766319,-0.8324157488424989,0.08785557214653145,-0.7020732992044831,-0.7802143884655046,-26.938306534450568,home_favorite,7-14,wk5-9
2023,5,BYU,Cincinnati,Big 12,Big 12,False,1,0.2945317044281508,0.5115108912177917,8.0,-9.72723660729513,-0.023362613356900958,0.12287211845808432,-0.6192321057770398,0.5968835587705881,-0.649146326516953,0.6288772967385176,-1.0281485891226345,-2.070670994917287,0.7054682955718492,17.72723660729513,away_favorite,7-14,wk5-9
2023,5,Northwestern,Penn State,Big Ten,Big Ten,False,0,0.1615920640861423,0.0506884227090081,-28.0,-17.85431757801401,-0.11579932990230797,0.6613864479356941,-0.18165323266884587,1.2119182327426798,-0.056215076024159455,1.0598032470221044,0.6389687382053787,-0.4127388870235883,-0.1615920640861423,-10.145682421985988,away_favorite,14-21,wk5-9
2023,5,Akron,Buffalo,Mid-American,Mid-American,False,0,0.5134174243148865,0.44268836623770724,-3.0,0.06028251602846524,-0.710138182890411,-0.4569835719510263,-0.41561156800514676,-0.35239521736974583,-0.5959787031561681,-0.6621002665372103,0.9420809795377444,0.26237474139849937,-0.5134174243148865,-3.0602825160284652,home_favorite,0-3,wk5-9
2023,5,Colorado,USC,Pac-12,Pac-12,False,0,0.07071050051299155,0.03786483661488681,-7.0,-25.615642917168152,-0.5593401800157364,0.9887590842273962,-0.5489387139606516,0.3795999301950197,-0.23890555755661164,1.606495467012095,-2.0247448977457165,1.0293405641637285,-0.07071050051299155,18.615642917168152,away_favorite,21+,wk5-9
2023,5,Minnesota,Louisiana,Big Ten,Sun Belt,False,1,0.8237184650805621,0.6936879164219654,11.0,16.304103244523287,0.7639970682812712,-0.23953314391495661,0.32991054604468,-0.1912765133313639,0.8815566522748837,-0.05226613641080197,-0.49999847164957256,0.593042641033808,0.17628153491943788,-5.3041032445232865,home_favorite,14-21,wk5-9
2023,5,UConn,Utah State,FBS Independents,Mountain West,False,0,0.7630908099716001,0.2942186402879975,-1.0,12.068798983825447,-0.004798114176203461,-0.5673467745519516,-0.17706372633717848,-0.49242249762486584,0.27224399511881137,-0.7359548079670655,0.5103756661249809,-0.2336271080544628,-0.7630908099716001,-13.068798983825447,home_favorite,7-14,wk5-9
2023,5,Arkansas,Texas A&M,SEC,SEC,True,0,0.6315397783632357,0.35860988804438204,-12.0,6.120593342512437,0.7004076706610693,0.031102388922785135,0.44942853514442527,0.42944664754024253,1.3655497356407373,0.475528454441267,0.2899303997014418,0.5976352507509651,-0.6315397783632357,-18.120593342512436,home_favorite,3-7,wk5-9
2023,5,James Madison,South Alabama,Sun Belt,Sun Belt,False,1,0.4501712895872304,0.6863002576833125,8.0,-1.9953835801376698,-0.04378291406995144,0.26303546888487594,0.6790419599142155,0.3771592240932874,-0.178614733101724,0.602163298983164,-1.914522264533947,1.5528980719196335,0.5498287104127696,9.99538358013767,away_favorite,0-3,wk5-9
2023,5,Syracuse,Clemson,ACC,ACC,False,0,0.3909158516195267,0.4626526828335072,-17.0,-5.179722428772671,0.4508137188956032,0.7025514192826063,0.22303625584532816,0.8664514561048966,0.7363255846632867,1.0765060974408893,1.1441558070926552,0.15215210818673036,-0.3909158516195267,-11.82027757122733,away_favorite,3-7,wk5-9
2023,5,Kentucky,Florida,SEC,SEC,False,1,0.5526566897759676,0.6900062072803139,19.0,1.8179951155846958,0.1247644512138836,0.46056343904577124,0.5576604614405278,0.34335522046626216,0.8526216638424875,0.8758171764635061,-0.16933057201426416,-0.692888079770169,0.4473433102240324,17.182004884415303,home_favorite,0-3,wk5-9
2023,5,Tulane,UAB,American Athletic,American Athletic,False,1,0.7606282822747974,0.8296328234313434,12.0,12.145476762566494,0.575718275558827,0.1099561672139608,0.1394255042167716,-0.2539049759165775,0.7449443253797784,-0.004387897256460743,0.25778213168134234,-0.5688876174069283,0.2393717177252026,-0.1454767625664939,home_favorite,7-14,wk5-9
2023,5,Central Michigan,Eastern Michigan,Mid-American,Mid-American,False,1,0.6201823392441056,0.5629847281035958,3.0,5.322007091253109,-0.2862993756438244,-0.011713218245868781,-0.07692644732909146,-0.7113479378628454,-0.11409494293397643,-0.2507992347021015,-0.7342215672245825,-0.06829315823680873,0.3798176607558944,-2.3220070912531092,home_favorite,3-7,wk5-9
2023,5,Boston College,Virginia,ACC,ACC,False,1,0.7199544057811744,0.5686413918836677,3.0,9.418664310326678,-0.18280916848641673,-0.3791608999134578,0.34712445159031347,-0.08857421822997416,0.6125562545199632,-0.4674149174628147,-0.6699250311843836,-1.4093351956466704,0.2800455942188256,-6.418664310326678,home_favorite,7-14,wk5-9
2023,5,Kent State,Miami (OH),Mid-American,Mid-American,False,0,0.48978252875810274,0.34029200585525193,-20.0,-0.10319224784173064,-0.270284374476359,-0.4707185780773897,-0.47497495272716855,-0.3524832274143823,-0.7012014745074868,-0.41866249373963993,-2.0385227268971877,0.7216357131142058,-0.48978252875810274,-19.89680775215827,away_favorite,0-3,wk5-9
2023,5,California,Arizona State,Pac-12,Pac-12,False,1,0.3874052433761286,0.7381090325404187,3.0,-4.895795572826473,-0.3413840429136505,0.09457290815026191,-0.3941241063132336,-0.17460659007691695,-0.15125254861746115,0.27987129422579976,-0.34384974126623236,0.43230130093331076,0.6125947566238714,7.895795572826473,away_favorite,3-7,wk5-9
2023,5,Navy,South Florida,American Athletic,American Athletic,False,0,0.5590679704934595,0.7093546305987634,-14.0,2.2035204239663786,-0.5616604936600735,0.27784674588446345,0.18205457881268972,-0.5465027522197337,-0.7111887929999674,-0.1586521649468116,0.42770869121615374,-0.25199754692309106,-0.5590679704934595,-16.203520423966378,home_favorite,0-3,wk5-9
2023,5,Marshall,Old Dominion,Sun Belt,Sun Belt,False,1,0.8853836523241353,0.8312539156520465,6.0,20.372352878890837,-0.00859676233181892,-0.768384655628732,0.6213016570785244,-0.31024981927164536,0.14260519221753193,-0.9291470876629488,-0.22903449833730574,-1.4093351956466704,0.1146163476758647,-14.372352878890837,home_favorite,14-21,wk5-9
2023,5,Auburn,Georgia,SEC,SEC,False,0,0.32594881664220104,0.09932696400964386,-7.0,-8.306340973228714,0.5316184656724501,1.1463451158952913,0.44989105507967875,1.1266941754761852,1.277960590513194,1.3183855309383326,1.2360080014357966,-0.4035536675892742,-0.32594881664220104,1.3063409732287141,away_favorite,7-14,wk5-9
2023,5,Toledo,Northern Illinois,Mid-American,Mid-American,False,1,0.72231842655189,0.8685409999758518,2.0,9.901631423554992,0.07066432455393393,-0.10233230870151444,0.08136302361814768,-0.397314361092139,0.637383743679397,0.10245656515656035,1.2451932208701106,0.4782273981048814,0.27768157344810995,-7.901631423554992,home_favorite,7-14,wk5-9
2023,5,UCF,Baylor,Big 12,Big 12,False,0,0.6697208753134646,0.7680520031675839,-1.0,7.429532189143904,0.7733345158510692,0.5242238357458981,0.5657689319585146,0.34115604588644793,1.2006562177678946,0.6764725740707305,0.7445987616999912,0.5838574215994939,-0.6697208753134646,-8.429532189143904,home_favorite,7-14,wk5-9
2023,5,Purdue,Illinois,Big Ten,Big Ten,False,1,0.32584263134842073,0.3546475495606176,25.0,-8.17349866302505,0.3256225303921783,0.34689241390513637,-0.0018334652117142618,1.0554650101786645,0.028925308792110055,0.6391265922933171,-0.7985181032647815,-0.9041481267593937,0.6741573686515793,33.17349866302505,away_favorite,7-14,wk5-9
2023,5,Western Michigan,Ball State,Mid-American,Mid-American,False,1,0.4832780521690768,0.6280448056219418,18.0,-1.5070164595953521,-0.9725563663803848,-0.1826563577684907,-0.08662589036081991,-0.31972465127163585,-0.6691449997450155,-0.0021404372139848804,0.23941169281271407,-1.1751121000716602,0.5167219478309232,19.507016459595352,away_favorite,0-3,wk5-9
2023,5,Massachusetts,Arkansas State,FBS Independents,Sun Belt,False,0,0.622723519531539,0.581301478368915,-24.0,4.664036361492265,-0.8217606941638746,-0.5929555798293826,-0.34242411991292127,-0.6067508138288651,-0.7040078748131353,-0.7060031731819316,0.06029991384358906,-1.5562987065956964,-0.622723519531539,-28.664036361492265,home_favorite,3-7,wk5-9
2023,5,Georgia Tech,Bowling Green,ACC,Mid-American,False,0,0.7549843288236204,0.8179376310581157,-11.0,11.386409394601328,-0.3311541351988871,-0.6644267465678799,0.1958606284113662,-0.3551603333141783,-0.11958631362384058,-0.5945630836188007,-0.697480689487326,-1.005185540536849,-0.7549843288236204,-22.38640939460133,home_favorite,7-14,wk5-9
2023,5,Maryland,Indiana,Big Ten,Big Ten,False,1,0.8078301290240081,0.8852936760540788,27.0,14.498592308055157,0.286051122574763,-0.24971236616623382,0.31296374516962955,-0.13162851358264788,0.49914807390511523,-0.3272073289184556,1.2222301722843254,-0.7342215672245825,0.19216987097599192,12.501407691944843,home_favorite,14-21,wk5-9
2023,5,Texas Tech,Houston,Big 12,Big 12,False,1,0.7416693907553938,0.5387780920571715,21.0,10.476386091813675,0.515509644039595,0.37940089591931603,0.7168056618033802,0.33739222858730844,1.003357326786876,0.5731670654983456,1.130377977941184,-1.303705172152058,0.25833060924460616,10.523613908186325,home_favorite,7-14,wk5-9
2023,5,Nebraska,Michigan,Big Ten,Big Ten,False,0,0.06006782230184707,0.08855822999698423,-38.0,-27.313884317050878,-0.2260394350752677,1.102243714891112,-0.39066608138210746,0.9387980903289125,-0.4974626635503939,1.6173394655199231,-1.7354104855648216,1.1900819042642259,-0.06006782230184707,-10.686115682949122,away_favorite,21+,wk5-9
2023,5,Texas,Kansas,Big 12,Big 12,False,1,0.6624945221182585,0.9383590868211533,26.0,7.6017757788928595,0.8591961219118145,0.7600005008104023,0.7402555903609682,0.11577506565104895,1.191899003889607,1.1495282119357215,0.42311608149899665,2.228011700341721,0.33750547788174146,18.398224221107142,home_favorite,7-14,wk5-9
2023,5,Memphis,Boise State,American Athletic,Mountain West,False,1,0.47557967606048934,0.6145013610085578,3.0,-0.8693864462362844,0.254553768890951,0.18706313489443946,0.06023239852888315,0.23625377722406615,0.5657719276103006,0.42865397025611873,-0.03155228049955222,1.8514177035348427,0.5244203239395107,3.8693864462362844,away_favorite,0-3,wk5-9
2023,5,Vanderbilt,Missouri,SEC,SEC,False,0,0.20901952915501892,0.3174296145252281,-17.0,-14.193817634848335,-0.0910247013457735,0.3545179088647726,-0.43193090812184237,0.7303233668843929,-0.37840538380705196,1.108127382449305,0.0051885972377042925,0.6114130799024363,-0.20901952915501892,-2.806182365151665,away_favorite,14-21,wk5-9
2023,5,UNLV,Hawai'i,Mountain West,Mountain West,False,1,0.6247609372718453,0.840723042661615,24.0,5.400637100225069,-0.37658442628790717,-0.49432823700963663,-0.6241061589448246,-0.7828893091982005,-0.6253307729291482,-0.5794010462065664,0.48741261753919557,0.4185234717818396,0.37523906272815466,18.59936289977493,home_favorite,3-7,wk5-9
2023,5,Wyoming,New Mexico,Mountain West,Mountain West,False,1,0.8018915517383602,0.8887546456176784,9.0,14.146908500840846,-0.17841761218288843,-1.1174561076530456,-0.419967266354785,-0.5026551145509015,-0.346481447349288,-1.0919206815709228,1.0155627350122574,-0.35762757041770354,0.19810844826163976,-5.146908500840846,home_favorite,14-21,wk5-9
2023,5,Ole Miss,LSU,SEC,SEC,False,1,0.4155547554296086,0.4712494361077314,6.0,-3.488930936565688,1.106632594639687,1.3329528001992774,0.7845764884392443,1.0455562393080646,2.1937898823118824,1.928998589089033,0.45985695923625314,1.5023793650309059,0.5844452445703914,9.488930936565687,away_favorite,3-7,wk5-9
2023,5,Stanford,Oregon,Pac-12,Pac-12,False,0,0.09430099067910865,0.07398095271273625,-36.0,-22.897241395406084,-0.33610958925571993,1.1340125634988487,-0.3445386457235647,0.5284829862483077,-0.48308134945702524,1.2883131135219028,-0.5780728368412423,1.3278601957789378,-0.09430099067910865,-13.102758604593916,away_favorite,21+,wk5-9
2023,5,Oklahoma,Iowa State,Big 12,Big 12,False,1,0.8316720970159681,0.9219774236826269,30.0,16.652024072098605,0.866688739384244,-0.250339828894296,0.4561471669147359,0.0777884049207806,1.2886933332062627,-0.11473503093963174,0.04192947497496081,0.5517091535793944,0.16832790298403189,13.347975927901395,home_favorite,14-21,wk5-9
2023,5,Southern Miss,Texas State,Sun Belt,Sun Belt,False,0,0.5822545232222216,0.41031649686004995,-14.0,2.902893956915303,-0.6629724131015422,-0.37597069482241074,0.09798411397243609,-0.1940869335517469,-0.5155972173386771,-0.5644367009102549,0.28074518026712764,-0.22444188862014894,-0.5822545232222216,-16.902893956915303,home_favorite,0-3,wk5-9
2023,5,Georgia Southern,Coastal Carolina,Sun Belt,Sun Belt,False,1,0.3986443251508742,0.730245413297424,10.0,-3.9813846125145957,0.17467076819119243,0.1119415329892882,-0.46560580741821067,0.005508797484679015,-0.2671973459239507,-0.17839099639816575,-0.29333103437750463,1.8238620452319003,0.6013556748491258,13.981384612514596,away_favorite,3-7,wk5-9
2023,5,Georgia State,Troy,Sun Belt,Sun Belt,False,0,0.5142733510398,0.6492949471109635,-21.0,0.1524270406157271,0.0024451543039760368,-0.02551863634277693,-0.026632666124038522,0.29897433417023855,0.10088656550547889,0.487480394574488,0.7813396394372472,0.198078205358301,-0.5142733510398,-21.152427040615727,home_favorite,0-3,wk5-9
2023,5,Rice,East Carolina,American Athletic,American Athletic,False,1,0.4691360909724611,0.26524291068345335,7.0,-1.8776821957509702,-0.5695919779370359,-0.11187386053759307,-0.43250463665542915,-0.2618147945413636,-0.409505417121755,-0.5553698681804995,-0.4265167161750595,-1.974226190856989,0.5308639090275389,8.877682195750971,away_favorite,0-3,wk5-9
2023,5,Tennessee,South Carolina,SEC,SEC,False,1,0.7915270553242659,0.8996383151500511,21.0,14.264232003441965,1.0841946847875303,0.2861779509896529,0.6205223225289204,0.11924918811234493,0.9385520633441409,0.6040071113848782,-0.4402945453265307,0.5425239341450803,0.20847294467573407,6.735767996558035,home_favorite,14-21,wk5-9
2023,5,SMU,Charlotte,American Athletic,American Athletic,False,1,0.8787004632523654,0.8858769425858495,18.0,20.420622603352598,0.5241444555366424,-0.28623906937172755,-0.01571127979144718,-0.8415237842100753,0.6506435957671813,-0.669220057347783,-0.463257593912316,-1.7170400466961933,0.1212995367476346,-2.420622603352598,home_favorite,14-21,wk5-9
2023,5,Iowa,Michigan State,Big Ten,Big Ten,False,1,0.639585300021434,0.7955199003127421,10.0,5.459232942259282,-0.24347668644732437,0.26927203437458447,0.7779622545972127,0.055093826243264685,0.4262783490162774,0.3699298587787698,-0.49999847164957256,-1.4139278053638276,0.360414699978566,4.540767057740718,home_favorite,3-7,wk5-9
2023,5,Duke,Notre Dame,ACC,FBS Independents,False,0,0.6555199917877794,0.33771220256911116,-7.0,6.263354993938241,0.6537171385903878,0.6989749573708443,0.4355508201314138,0.3811068112814033,1.0474818720665344,1.2167301559688055,2.1637151643015224,-0.7939254935476244,-0.6555199917877794,-13.26335499393824,home_favorite,3-7,wk5-9
2023,5,TCU,West Virginia,Big 12,Big 12,False,0,0.5507324260100018,0.8368309660028946,-3.0,2.3399072731957875,0.4499223930232929,0.48347859193720943,0.2366765924582746,0.11196340492606535,0.7442547505378025,0.586269119046254,-1.7170400466961933,-0.766369835244682,-0.5507324260100018,-5.339907273195788,home_favorite,0-3,wk5-9
2023,5,Air Force,San Diego State,Mountain West,Mountain West,False,1,0.672816781679042,0.8829346041256821,39.0,7.613852541019692,0.10314709812913568,-0.7246783166714378,0.015034381095965652,0.0673428206067119,-0.24719935216644,-0.3473224899880366,-0.7342215672245825,1.203859733415697,0.327183218320958,31.386147458980307,home_favorite,7-14,wk5-9
2023,5,Virginia Tech,Pittsburgh,ACC,ACC,False,1,0.49723373356651,0.34808796012533627,17.0,-0.927996173598201,0.17707767997410462,0.27391270661730216,0.39369492627811786,0.8086069283255624,0.48086258903811563,0.6211069613383935,0.6114130799024363,-0.9133333461937079,0.50276626643349,17.927996173598203,away_favorite,0-3,wk5-9
2023,5,UL Monroe,App State,Sun Belt,Sun Belt,False,0,0.24955750581049455,0.12628957905491864,-1.0,-11.624717738951741,-0.45717763213348583,0.38833040228851906,-0.5277208163038407,-0.030334410072811322,-0.98689444337503,-0.013756301848078478,-0.9500742239309643,-0.20147884003436362,-0.24955750581049455,10.624717738951741,away_favorite,7-14,wk5-9
2023,5,Mississippi State,Alabama,SEC,SEC,False,0,0.5008267317333532,0.12190992605740426,-23.0,-0.4602540670983526,0.6170267819556852,0.6810517971092649,0.598954471305835,0.9303818385923752,0.6930226992997115,1.037002366692919,0.303708228852913,-0.5597023979726141,-0.5008267317333532,-22.539745932901646,home_favorite,0-3,wk5-9
2023,5,Arizona,Washington,Pac-12,Pac-12,False,0,0.23670426786841445,0.08671720584338255,-7.0,-12.23594509443538,0.24324101097309347,0.9384573987940776,-0.37819007028377194,0.41534463966606056,0.5258047151333497,1.2963308045849096,1.5069719747480628,1.6952689731515025,-0.23670426786841445,5.23594509443538,away_favorite,7-14,wk5-9
2023,5,Fresno State,Nevada,Mountain West,Mountain West,False,1,0.8147876306112889,0.9752199278151396,18.0,15.375450992125783,-0.07370906602024649,-0.8658120132909504,-0.1450177456853332,-0.6914754841197777,-0.23840285808829256,-1.016052467078713,-1.5930395843329526,-1.3450386596064716,0.1852123693887111,2.624549007874217,home_favorite,14-21,wk5-9
2023,6,New Mexico State,Florida International,Conference USA,Conference USA,False,1,0.49692517146601217,0.8010809398289457,17.0,-0.48094225576404126,-0.7457367963820141,-0.48370284428682786,-0.7424332523989321,-0.6126766173752338,-1.5668323626239595,-0.42403506926336265,1.4931941455965916,0.7445987616999912,0.5030748285339879,17.48094225576404,away_favorite,0-3,wk5-9
2023,6,Louisiana Tech,Western Kentucky,Conference USA,Conference USA,False,0,0.2288210676832116,0.21111293178984536,-7.0,-12.952195053311057,-0.6488891804823338,0.1683396982586367,-0.6849193101661031,0.0020392779701367825,-0.8324157488424989,0.34808086470443733,-0.7020732992044831,-0.22903449833730574,-0.2288210676832116,5.952195053311057,away_favorite,7-14,wk5-9
2023,6,Oklahoma State,Kansas State,Big 12,Big 12,False,1,0.42706622656507487,0.16874608434795343,8.0,-3.2999708170221345,-0.07328944652684084,0.33433431405661024,0.20299360581490863,0.2653449641523497,0.26474087176081285,0.7233731532028829,-1.0005929308196921,-0.12799708455985057,0.5729337734349251,11.299970817022135,away_favorite,3-7,wk5-9
2023,6,Illinois,Nebraska,Big Ten,Big Ten,False,0,0.9113634083560027,0.7033850034718286,-13.0,23.316649594201856,0.34689241390513637,-0.2260394350752677,1.0554650101786645,-0.39066608138210746,0.6391265922933171,-0.4974626635503939,-0.9041481267593937,-1.7354104855648216,-0.9113634083560027,-36.316649594201856,home_favorite,21+,wk5-9
2023,6,Army,Boston College,FBS Independents,ACC,False,0,0.48468583621856115,0.8187932901343153,-3.0,-1.0531020902035544,0.08708936107427481,-0.18280916848641673,-0.347504719584344,0.34712445159031347,-0.1311376446389739,0.6125562545199632,-0.08207098738827993,-0.6699250311843836,-0.48468583621856115,-1.9468979097964456,away_favorite,0-3,wk5-9
2023,6,Wisconsin,Rutgers,Big Ten,Big Ten,False,1,0.8600701804315929,0.8737104209450813,11.0,18.40541480099477,0.5821256967713808,-0.23493473784228922,0.8237507245061261,0.09055722028728301,1.0962046434246095,-0.04614707402672731,0.2485969122470282,-0.3622201801348606,0.1399298195684071,-7.40541480099477,home_favorite,14-21,wk5-9
2023,6,Missouri,LSU,SEC,SEC,False,0,0.2558971423008109,0.30144137358197703,-10.0,-11.444072190632149,0.3545179088647726,1.3329528001992774,0.7303233668843929,1.0455562393080646,1.108127382449305,1.928998589089033,0.6114130799024363,1.5023793650309059,-0.2558971423008109,1.4440721906321485,away_favorite,7-14,wk5-9
2023,6,Mississippi State,Western Michigan,SEC,Mid-American,False,1,0.9234810309676154,0.8829346041256821,13.0,24.844240864566103,0.6170267819556852,-0.9725563663803848,0.598954471305835,-0.08662589036081991,0.6930226992997115,-0.6691449997450155,0.303708228852913,0.23941169281271407,0.07651896903238464,-11.844240864566103,home_favorite,21+,wk5-9
2023,6,Massachusetts,Toledo,FBS Independents,Mid-American,False,0,0.24515623336109507,0.0661140613371956,-17.0,-12.116850349682993,-0.8217606941638746,0.07066432455393393,-0.34242411991292127,0.08136302361814768,-0.7040078748131353,0.637383743679397,0.06029991384358906,1.2451932208701106,-0.24515623336109507,-4.883149650317007,away_favorite,7-14,wk5-9
2023,6,Ohio State,Maryland,Big Ten,Big Ten,False,1,0.855897650267714,0.8898878421811328,20.0,18.5732993844763,1.3093888220744065,0.286051122574763,0.9906614612087419,0.31296374516962955,1.6789128210759592,0.49914807390511523,0.5792648118823368,1.2222301722843254,0.14410234973228597,1.4267006155236999,home_favorite,14-21,wk5-9
2023,6,Texas,Oklahoma,Big 12,Big 12,True,0,0.5599090614156961,0.45836229728523653,-4.0,3.030729060968968,0.8591961219118145,0.866688739384244,0.7402555903609682,0.4561471669147359,1.191899003889607,1.2886933332062627,0.42311608149899665,0.04192947497496081,-0.5599090614156961,-7.030729060968968,home_favorite,3-7,wk5-9
2023,6,Temple,UTSA,American Athletic,American Athletic,False,0,0.2900292347701375,0.11470632394592116,-15.0,-9.822244482246369,-0.22727217927643267,0.4789094632711999,0.056919427533824146,0.5310521922028699,0.12848921091227408,0.971689909467077,1.1028223196382416,1.5345276330510051,-0.2900292347701375,-5.177755517753631,away_favorite,7-14,wk5-9
2023,6,Buffalo,Central Michigan,Mid-American,Mid-American,False,1,0.4937771281147126,0.5714631174083814,24.0,-0.8192586650379794,-0.4569835719510263,-0.2862993756438244,-0.35239521736974583,-0.07692644732909146,-0.6621002665372103,-0.11409494293397643,0.26237474139849937,-0.7342215672245825,0.5062228718852875,24.819258665037978,away_favorite,0-3,wk5-9
2023,6,NC State,Marshall,ACC,Sun Belt,False,1,0.547869237775591,0.5215733330511455,7.0,1.533665506126919,0.08390719679035817,-0.00859676233181892,0.5068269947116868,0.6213016570785244,0.4200053656030124,0.14260519221753193,-0.6102211048613418,-0.22903449833730574,0.45213076222440896,5.466334493873081,home_favorite,0-3,wk5-9
2023,6,UCLA,Washington State,Pac-12,Pac-12,False,1,0.6587708586516698,0.6648579785547648,8.0,7.160820534126316,0.5284788902234026,-0.16664090390986416,0.030251345268909574,0.08657978641373024,0.5256867225632731,-0.14851496917204193,-1.087852515445676,0.2899303997014418,0.34122914134833016,0.8391794658736842,home_favorite,7-14,wk5-9
2023,6,Texas A&M,Alabama,SEC,SEC,False,0,0.3427575125557405,0.26524291068345335,-6.0,-7.673532820207315,0.031102388922785135,0.6810517971092649,0.42944664754024253,0.9303818385923752,0.475528454441267,1.037002366692919,0.5976352507509651,-0.5597023979726141,-0.3427575125557405,1.6735328202073152,away_favorite,7-14,wk5-9
2023,6,Miami (OH),Bowling Green,Mid-American,Mid-American,False,1,0.66020620708702,0.7801296039931584,27.0,6.398185996023885,-0.4707185780773897,-0.6644267465678799,-0.3524832274143823,-0.3551603333141783,-0.41866249373963993,-0.5945630836188007,0.7216357131142058,-1.005185540536849,0.33979379291297995,20.601814003976116,home_favorite,3-7,wk5-9
2023,6,Louisiana,Texas State,Sun Belt,Sun Belt,False,1,0.6199893929270492,0.7859966022821575,4.0,4.774341651782645,-0.23953314391495661,-0.37597069482241074,-0.1912765133313639,-0.1940869335517469,-0.05226613641080197,-0.5644367009102549,0.593042641033808,-0.22444188862014894,0.38001060707295076,-0.7743416517826454,home_favorite,3-7,wk5-9
2023,6,Florida State,Virginia Tech,ACC,ACC,False,1,0.8676962512971698,0.9501361462210238,22.0,19.268309599546022,1.2817186700217271,0.17707767997410462,0.9090674402168905,0.39369492627811786,2.1898556681842836,0.48086258903811563,1.2268227820014823,0.6114130799024363,0.13230374870283024,2.731690400453978,home_favorite,14-21,wk5-9
2023,6,North Carolina,Syracuse,ACC,ACC,False,1,0.6656246696605779,0.6949097127295025,33.0,7.449674574340539,0.9153805926638405,0.4508137188956032,0.24953352526748696,0.22303625584532816,1.805777834083205,0.7363255846632867,1.0844518807696135,1.1441558070926552,0.3343753303394221,25.550325425659462,home_favorite,7-14,wk5-9
2023,6,Akron,Northern Illinois,Mid-American,Mid-American,False,0,0.4343841868463483,0.558731369324761,-41.0,-3.1738243382177185,-0.710138182890411,-0.10233230870151444,-0.41561156800514676,-0.397314361092139,-0.5959787031561681,0.10245656515656035,0.9420809795377444,0.4782273981048814,-0.4343841868463483,-37.82617566178228,away_favorite,3-7,wk5-9
2023,6,Iowa,Purdue,Big Ten,Big Ten,False,1,0.6205721633898648,0.7523149936056823,6.0,4.743856292246576,-0.24347668644732437,0.3256225303921783,0.7779622545972127,-0.0018334652117142618,0.4262783490162774,0.028925308792110055,-0.49999847164957256,-0.7985181032647815,0.37942783661013524,1.2561437077534237,home_favorite,3-7,wk5-9
2023,6,Eastern Michigan,Ball State,Mid-American,Mid-American,False,1,0.5459613800979692,0.834459181708983,14.0,1.8112741073991843,-0.011713218245868781,-0.1826563577684907,-0.7113479378628454,-0.31972465127163585,-0.2507992347021015,-0.0021404372139848804,-0.06829315823680873,-1.1751121000716602,0.45403861990203076,12.188725892600816,home_favorite,0-3,wk5-9
2023,6,Ohio,Kent State,Mid-American,Mid-American,False,1,0.8137474533012459,0.9328116520903446,25.0,14.746935077594813,0.15144066625442495,-0.270284374476359,-0.1436057425940429,-0.47497495272716855,0.3975104255425919,-0.7012014745074868,1.8514177035348427,-2.0385227268971877,0.18625254669875413,10.253064922405187,home_favorite,14-21,wk5-9
2023,6,Clemson,Wake Forest,ACC,ACC,False,1,0.7885516867547019,0.8238615285055724,5.0,13.485892063560529,0.7025514192826063,0.22446288101824607,0.8664514561048966,0.30250839911676397,1.0765060974408893,0.4004229278841898,0.15215210818673036,-0.4862206424981013,0.21144831324529811,-8.485892063560529,home_favorite,7-14,wk5-9
2023,6,Navy,North Texas,American Athletic,American Athletic,False,1,0.5394196129670813,0.6185841220890307,3.0,1.2091257606481685,-0.5616604936600735,0.196728133855995,0.18205457881268972,-0.34498610300361005,-0.7111887929999674,0.44085671000657123,0.42770869121615374,-0.4678502036294731,0.4605803870329187,1.7908742393518315,home_favorite,0-3,wk5-9
2023,6,UAB,South Florida,American Athletic,American Athletic,False,1,0.5772255905739276,0.691236152414763,21.0,3.5808900666390735,0.1099561672139608,0.27784674588446345,-0.2539049759165775,-0.5465027522197337,-0.004387897256460743,-0.1586521649468116,-0.5688876174069283,-0.25199754692309106,0.42277440942607236,17.419109933360925,home_favorite,3-7,wk5-9
2023,6,Florida,Vanderbilt,SEC,SEC,False,1,0.8025222519751015,0.8768522650807969,24.0,14.843022627743464,0.46056343904577124,-0.0910247013457735,0.34335522046626216,-0.43193090812184237,0.8758171764635061,-0.37840538380705196,-0.692888079770169,0.0051885972377042925,0.19747774802489848,9.156977372256536,home_favorite,14-21,wk5-9
2023,6,Troy,Arkansas State,Sun Belt,Sun Belt,False,1,0.8696980070986171,0.9495878577870241,34.0,19.09054359583682,-0.02551863634277693,-0.5929555798293826,0.29897433417023855,-0.6067508138288651,0.487480394574488,-0.7060031731819316,0.198078205358301,-1.5562987065956964,0.1303019929013829,14.90945640416318,home_favorite,14-21,wk5-9
2023,6,Kansas,UCF,Big 12,Big 12,False,1,0.5026286309573341,0.33642590195870453,29.0,-0.12861254269396927,0.7600005008104023,0.7733345158510692,0.11577506565104895,0.5657689319585146,1.1495282119357215,1.2006562177678946,2.228011700341721,0.7445987616999912,0.4973713690426659,29.12861254269397,home_favorite,0-3,wk5-9
2023,6,Rice,UConn,American Athletic,FBS Independents,False,0,0.3476494010694967,0.6293885472175023,-7.0,-6.787323217911915,-0.5695919779370359,-0.004798114176203461,-0.43250463665542915,-0.17706372633717848,-0.409505417121755,0.27224399511881137,-0.4265167161750595,0.5103756661249809,-0.3476494010694967,-0.21267678208808505,away_favorite,3-7,wk5-9
2023,6,Florida Atlantic,Tulsa,American Athletic,American Athletic,False,1,0.6930392040188214,0.626699081666732,3.0,8.41441438642217,0.14562229598969717,-0.33541743882541974,-0.2575944295529683,-0.2671416908170505,0.30958410237034184,-0.5085249949527217,-0.33007191211476117,-1.1751121000716602,0.30696079598117865,-5.41441438642217,home_favorite,7-14,wk5-9
2023,6,Arizona State,Colorado,Pac-12,Pac-12,False,0,0.8246967121363553,0.7479995411960544,-3.0,15.673568007363835,0.09457290815026191,-0.5593401800157364,-0.17460659007691695,-0.5489387139606516,0.27987129422579976,-0.23890555755661164,0.43230130093331076,-2.0247448977457165,-0.8246967121363553,-18.673568007363833,home_favorite,14-21,wk5-9
2023,6,Georgia,Kentucky,SEC,SEC,False,1,0.8501248585939404,0.9047175302821824,38.0,17.814193274125692,1.1463451158952913,0.1247644512138836,1.1266941754761852,0.5576604614405278,1.3183855309383326,0.8526216638424875,-0.4035536675892742,-0.16933057201426416,0.14987514140605962,20.185806725874308,home_favorite,14-21,wk5-9
2023,6,UL Monroe,South Alabama,Sun Belt,Sun Belt,False,0,0.16641879346986732,0.18551641249528777,-48.0,-16.67008617991302,-0.45717763213348583,0.26303546888487594,-0.5277208163038407,0.3771592240932874,-0.98689444337503,0.602163298983164,-0.9500742239309643,1.5528980719196335,-0.16641879346986732,-31.32991382008698,away_favorite,14-21,wk5-9
2023,6,Southern Miss,Old Dominion,Sun Belt,Sun Belt,False,0,0.7236760131179998,0.3746486066924632,-4.0,9.309456320728474,-0.6629724131015422,-0.768384655628732,0.09798411397243609,-0.31024981927164536,-0.5155972173386771,-0.9291470876629488,0.28074518026712764,-1.4093351956466704,-0.7236760131179998,-13.309456320728474,home_favorite,7-14,wk5-9
2023,6,Minnesota,Michigan,Big Ten,Big Ten,False,0,0.298557836918839,0.15850763307675816,-42.0,-8.827397453926107,0.7639970682812712,1.102243714891112,0.32991054604468,0.9387980903289125,0.8815566522748837,1.6173394655199231,-0.49999847164957256,1.1900819042642259,-0.298557836918839,-33.17260254607389,away_favorite,7-14,wk5-9
2023,6,Ole Miss,Arkansas,SEC,SEC,False,1,0.7226543202215459,0.6838163141936586,7.0,10.130856278926652,1.106632594639687,0.7004076706610693,0.7845764884392443,0.44942853514442527,2.1937898823118824,1.3655497356407373,0.45985695923625314,0.2899303997014418,0.27734567977845415,-3.130856278926652,home_favorite,7-14,wk5-9
2023,6,Louisville,Notre Dame,ACC,FBS Independents,False,1,0.6264540918910344,0.34158547908308745,13.0,5.361686550213155,0.4918521824142142,0.6989749573708443,0.949316972200136,0.3811068112814033,1.118877762375842,1.2167301559688055,-1.3174830013035292,-0.7939254935476244,0.3735459081089656,7.638313449786845,home_favorite,3-7,wk5-9
2023,6,Iowa State,TCU,Big 12,Big 12,False,1,0.44037462109319386,0.34808796012533627,13.0,-3.3145488649965094,-0.250339828894296,0.4499223930232929,0.0777884049207806,0.2366765924582746,-0.11473503093963174,0.7442547505378025,0.5517091535793944,-1.7170400466961933,0.5596253789068062,16.31454886499651,away_favorite,3-7,wk5-9
2023,6,Miami,Georgia Tech,ACC,ACC,False,0,0.8516129463826181,0.8490204427886767,-3.0,17.53947678192051,0.5065919476536248,-0.3311541351988871,0.7333269882611695,0.1958606284113662,1.17180381017046,-0.11958631362384058,0.661931786791164,-0.697480689487326,-0.8516129463826181,-20.53947678192051,home_favorite,14-21,wk5-9
2023,6,Utah State,Colorado State,Mountain West,Mountain West,False,1,0.6053585883638825,0.6936879164219654,20.0,4.463332980985976,-0.5673467745519516,-1.1663785759655982,-0.49242249762486584,-0.37180891169769514,-0.7359548079670655,-0.6361179750245602,-0.2336271080544628,1.8468250938176856,0.39464141163611755,15.536667019014024,home_favorite,3-7,wk5-9
2023,6,Wyoming,Fresno State,Mountain West,Mountain West,False,1,0.5599305215656578,0.1430408607355515,5.0,1.9408848304779278,-0.17841761218288843,-0.07370906602024649,-0.419967266354785,-0.1450177456853332,-0.346481447349288,-0.23840285808829256,1.0155627350122574,-1.5930395843329526,0.4400694784343422,3.059115169522072,home_favorite,0-3,wk5-9
2023,6,Baylor,Texas Tech,Big 12,Big 12,False,0,0.46056632305151624,0.4512256641402582,-25.0,-1.8408997117011463,0.5242238357458981,0.515509644039595,0.34115604588644793,0.7168056618033802,0.6764725740707305,1.003357326786876,0.5838574215994939,1.130377977941184,-0.46056632305151624,-23.159100288298852,away_favorite,0-3,wk5-9
2023,6,Boise State,San José State,Mountain West,Mountain West,False,1,0.7644912120258408,0.8153518152833006,8.0,12.0281158976522,0.18706313489443946,-0.22129810285033857,0.23625377722406615,-0.19158699222919057,0.42865397025611873,-0.2050266441664665,1.8514177035348427,0.7675618102857765,0.2355087879741592,-4.028115897652199,home_favorite,7-14,wk5-9
2023,6,California,Oregon State,Pac-12,Pac-12,False,0,0.17457732172339,0.2541767916495005,-12.0,-16.502070251450156,-0.3413840429136505,0.503259833260083,-0.3941241063132336,0.6285137850640361,-0.15125254861746115,0.9036913516381501,-0.34384974126623236,0.04192947497496081,-0.17457732172339,4.5020702514501565,away_favorite,14-21,wk5-9
2023,6,USC,Arizona,Pac-12,Pac-12,False,1,0.8317488074942486,0.9298672374484249,2.0,17.034809523508127,0.9887590842273962,0.24324101097309347,0.3795999301950197,-0.37819007028377194,1.606495467012095,0.5258047151333497,1.0293405641637285,1.5069719747480628,0.16825119250575138,-15.034809523508127,home_favorite,14-21,wk5-9
2023,7,Middle Tennessee,Louisiana Tech,Conference USA,Conference USA,False,1,0.7476030821487065,0.6253513933075368,8.0,11.169333139016056,-0.4773380997970505,-0.6488891804823338,0.05140314936853929,-0.6849193101661031,-0.4911014072535398,-0.8324157488424989,-0.8306663712848806,-0.7020732992044831,0.2523969178512935,-3.1693331390160555,home_favorite,7-14,wk5-9
2023,7,App State,Coastal Carolina,Sun Belt,Sun Belt,False,0,0.5499412858906829,0.7869632793894692,-3.0,2.4991797289232913,0.38833040228851906,0.1119415329892882,-0.030334410072811322,0.005508797484679015,-0.013756301848078478,-0.17839099639816575,-0.20147884003436362,1.8238620452319003,-0.5499412858906829,-5.499179728923291,home_favorite,0-3,wk5-9
2023,7,Florida International,UTEP,Conference USA,Conference USA,False,0,0.41732114106251367,0.4285368825916186,-13.0,-4.028305917255517,-0.48370284428682786,-0.3427323649154572,-0.6126766173752338,-0.021993780992519515,-0.42403506926336265,-0.24132334451766319,0.7445987616999912,0.08785557214653145,-0.41732114106251367,-8.971694082744483,away_favorite,3-7,wk5-9
2023,7,Houston,West Virginia,Big 12,Big 12,False,1,0.5714398010401257,0.6609990912463583,2.0,3.1009514694906466,0.37940089591931603,0.48347859193720943,0.33739222858730844,0.11196340492606535,0.5731670654983456,0.586269119046254,-1.303705172152058,-0.766369835244682,0.4285601989598743,-1.1009514694906466,home_favorite,3-7,wk5-9
2023,7,East Carolina,SMU,American Athletic,American Athletic,False,0,0.31641645643613514,0.43135860811633236,-21.0,-7.945378705425405,-0.11187386053759307,0.5241444555366424,-0.2618147945413636,-0.01571127979144718,-0.5553698681804995,0.6506435957671813,-1.974226190856989,-0.463257593912316,-0.31641645643613514,-13.054621294574595,away_favorite,7-14,wk5-9
2023,7,Memphis,Tulane,American Athletic,American Athletic,False,0,0.4595640222791757,0.4827374755676238,-10.0,-1.7093042006177521,0.254553768890951,0.575718275558827,0.06023239852888315,0.1394255042167716,0.5657719276103006,0.7449443253797784,-0.03155228049955222,0.25778213168134234,-0.4595640222791757,-8.290695799382249,away_favorite,0-3,wk5-9
2023,7,Utah State,Fresno State,Mountain West,Mountain West,False,0,0.414811116693769,0.17036717656865663,-5.0,-4.21384740466953,-0.5673467745519516,-0.07370906602024649,-0.49242249762486584,-0.1450177456853332,-0.7359548079670655,-0.23840285808829256,-0.2336271080544628,-1.5930395843329526,-0.414811116693769,-0.7861525953304698,away_favorite,3-7,wk5-9
2023,7,Colorado,Stanford,Pac-12,Pac-12,False,0,0.4175984038276874,0.667418421873223,-3.0,-3.5306514870624603,-0.5593401800157364,-0.33610958925571993,-0.5489387139606516,-0.3445386457235647,-0.23890555755661164,-0.48308134945702524,-2.0247448977457165,-0.5780728368412423,-0.4175984038276874,0.5306514870624603,away_favorite,3-7,wk5-9
2023,7,Purdue,Ohio State,Big Ten,Big Ten,False,0,0.1407214337783021,0.0661140613371956,-34.0,-18.61869897245066,0.3256225303921783,1.3093888220744065,-0.0018334652117142618,0.9906614612087419,0.028925308792110055,1.6789128210759592,-0.7985181032647815,0.5792648118823368,-0.1407214337783021,-15.381301027549341,away_favorite,14-21,wk5-9
2023,7,North Texas,Temple,American Athletic,American Athletic,False,1,0.5155330078799784,0.8383969073869433,31.0,0.8281556195521449,0.196728133855995,-0.22727217927643267,-0.34498610300361005,0.056919427533824146,0.44085671000657123,0.12848921091227408,-0.4678502036294731,1.1028223196382416,0.48446699212002164,30.171844380447855,home_favorite,0-3,wk5-9
2023,7,Florida State,Syracuse,ACC,ACC,False,1,0.8451742588616047,0.9236177787081539,38.0,17.704333548350498,1.2817186700217271,0.4508137188956032,0.9090674402168905,0.22303625584532816,2.1898556681842836,0.7363255846632867,1.2268227820014823,1.1441558070926552,0.1548257411383953,20.295666451649502,home_favorite,14-21,wk5-9
2023,7,Eastern Michigan,Kent State,Mid-American,Mid-American,False,1,0.627485654785239,0.8555420748926974,14.0,5.278244100032221,-0.011713218245868781,-0.270284374476359,-0.7113479378628454,-0.47497495272716855,-0.2507992347021015,-0.7012014745074868,-0.06829315823680873,-2.0385227268971877,0.372514345214761,8.721755899967778,home_favorite,3-7,wk5-9
2023,7,Vanderbilt,Georgia,SEC,SEC,False,0,0.08385520393204163,0.011159030173106611,-17.0,-24.625521145644292,-0.0910247013457735,1.1463451158952913,-0.43193090812184237,1.1266941754761852,-0.37840538380705196,1.3183855309383326,0.0051885972377042925,-0.4035536675892742,-0.08385520393204163,7.625521145644292,away_favorite,21+,wk5-9
2023,7,Rutgers,Michigan State,Big Ten,Big Ten,False,1,0.48984317438342717,0.5530468951694625,3.0,-0.9290004376761885,-0.23493473784228922,0.26927203437458447,0.09055722028728301,0.055093826243264685,-0.04614707402672731,0.3699298587787698,-0.3622201801348606,-1.4139278053638276,0.5101568256165728,3.9290004376761885,away_favorite,0-3,wk5-9
2023,7,Alabama,Arkansas,SEC,SEC,False,1,0.6377586663569722,0.9223905105706245,3.0,5.99279885040597,0.6810517971092649,0.7004076706610693,0.9303818385923752,0.44942853514442527,1.037002366692919,1.3655497356407373,-0.5597023979726141,0.2899303997014418,0.3622413336430278,-2.99279885040597,home_favorite,3-7,wk5-9
2023,7,Cincinnati,Iowa State,Big 12,Big 12,False,0,0.6769975304411053,0.6427130688326204,-20.0,7.9157059552097,0.12287211845808432,-0.250339828894296,0.5968835587705881,0.0777884049207806,0.6288772967385176,-0.11473503093963174,-2.070670994917287,0.5517091535793944,-0.6769975304411053,-27.9157059552097,home_favorite,7-14,wk5-9
2023,7,James Madison,Georgia Southern,Sun Belt,Sun Belt,False,1,0.7105828673623955,0.6924633925795177,28.0,9.632993966259821,-0.04378291406995144,0.17467076819119243,0.6790419599142155,-0.46560580741821067,-0.178614733101724,-0.2671973459239507,-1.914522264533947,-0.29333103437750463,0.2894171326376045,18.36700603374018,home_favorite,7-14,wk5-9
2023,7,Michigan,Indiana,Big Ten,Big Ten,False,1,0.9492381935937884,0.9893378539709682,45.0,28.770371142748438,1.102243714891112,-0.24971236616623382,0.9387980903289125,-0.13162851358264788,1.6173394655199231,-0.3272073289184556,1.1900819042642259,-0.7342215672245825,0.05076180640621164,16.229628857251562,home_favorite,21+,wk5-9
2023,7,Ball State,Toledo,Mid-American,Mid-American,False,0,0.3378727908017065,0.15246127600415,-7.0,-6.9268729305689725,-0.1826563577684907,0.07066432455393393,-0.31972465127163585,0.08136302361814768,-0.0021404372139848804,0.637383743679397,-1.1751121000716602,1.2451932208701106,-0.3378727908017065,-0.07312706943102754,away_favorite,3-7,wk5-9
2023,7,Charlotte,Navy,American Athletic,American Athletic,False,0,0.32730680551631275,0.3746486066924632,-14.0,-7.592547405863034,-0.28623906937172755,-0.5616604936600735,-0.8415237842100753,0.18205457881268972,-0.669220057347783,-0.7111887929999674,-1.7170400466961933,0.42770869121615374,-0.32730680551631275,-6.407452594136966,away_favorite,7-14,wk5-9
2023,7,Utah,California,Pac-12,Pac-12,False,1,0.8891171320421772,0.8512207976249028,20.0,21.11000858220484,0.5679887824883925,-0.3413840429136505,0.4210443555164438,-0.3941241063132336,0.5694159746748113,-0.15125254861746115,0.9283031503862732,-0.34384974126623236,0.11088286795782276,-1.1100085822048413,home_favorite,21+,wk5-9
2023,7,South Carolina,Florida,SEC,SEC,False,0,0.5109322621190358,0.527315973006493,-2.0,0.08050948404109093,0.2861779509896529,0.46056343904577124,0.11924918811234493,0.34335522046626216,0.6040071113848782,0.8758171764635061,0.5425239341450803,-0.692888079770169,-0.5109322621190358,-2.080509484041091,home_favorite,0-3,wk5-9
2023,7,Penn State,Massachusetts,Big Ten,FBS Independents,False,1,0.9626775074655451,0.9971077084171225,63.0,31.69646830674135,0.6613864479356941,-0.8217606941638746,1.2119182327426798,-0.34242411991292127,1.0598032470221044,-0.7040078748131353,-0.4127388870235883,0.06029991384358906,0.037322492534454854,31.30353169325865,home_favorite,21+,wk5-9
2023,7,Army,Troy,FBS Independents,Sun Belt,False,0,0.4309002485120283,0.41310497662089996,-19.0,-3.139386753487912,0.08708936107427481,-0.02551863634277693,-0.347504719584344,0.29897433417023855,-0.1311376446389739,0.487480394574488,-0.08207098738827993,0.198078205358301,-0.4309002485120283,-15.860613246512088,away_favorite,3-7,wk5-9
2023,7,Maryland,Illinois,Big Ten,Big Ten,False,0,0.45014893148928714,0.8430219644140362,-3.0,-3.0787274609634263,0.286051122574763,0.34689241390513637,0.31296374516962955,1.0554650101786645,0.49914807390511523,0.6391265922933171,1.2222301722843254,-0.9041481267593937,-0.45014893148928714,0.07872746096342631,away_favorite,3-7,wk5-9
2023,7,TCU,BYU,Big 12,Big 12,False,1,0.8025037870172134,0.6973450785898532,33.0,14.958252200925607,0.4499223930232929,-0.023362613356900958,0.2366765924582746,-0.6192321057770398,0.7442547505378025,-0.649146326516953,-1.7170400466961933,-1.0281485891226345,0.19749621298278663,18.041747799074393,home_favorite,14-21,wk5-9
2023,7,Buffalo,Bowling Green,Mid-American,Mid-American,False,0,0.6493906225941791,0.8263535539440318,-10.0,5.980438477230209,-0.4569835719510263,-0.6644267465678799,-0.35239521736974583,-0.3551603333141783,-0.6621002665372103,-0.5945630836188007,0.26237474139849937,-1.005185540536849,-0.6493906225941791,-15.980438477230209,home_favorite,3-7,wk5-9
2023,7,Tennessee,Texas A&M,SEC,SEC,False,1,0.7822910632810062,0.7869632793894692,7.0,13.521304732460232,1.0841946847875303,0.031102388922785135,0.6205223225289204,0.42944664754024253,0.9385520633441409,0.475528454441267,-0.4402945453265307,0.5976352507509651,0.21770893671899383,-6.521304732460232,home_favorite,7-14,wk5-9
2023,7,Western Michigan,Miami (OH),Mid-American,Mid-American,False,0,0.49540738949236335,0.3174296145252281,-13.0,-0.6950983139633622,-0.9725563663803848,-0.4707185780773897,-0.08662589036081991,-0.3524832274143823,-0.6691449997450155,-0.41866249373963993,0.23941169281271407,0.7216357131142058,-0.49540738949236335,-12.304901686036638,away_favorite,0-3,wk5-9
2023,7,Oklahoma State,Kansas,Big 12,Big 12,False,1,0.29561141415956965,0.5043172397550598,7.0,-8.759396436600952,-0.07328944652684084,0.7600005008104023,0.20299360581490863,0.11577506565104895,0.26474087176081285,1.1495282119357215,-1.0005929308196921,2.228011700341721,0.7043885858404304,15.759396436600952,away_favorite,7-14,wk5-9
2023,7,Central Michigan,Akron,Mid-American,Mid-American,False,1,0.677340900394006,0.7992399910868982,7.0,7.849400682141858,-0.2862993756438244,-0.710138182890411,-0.07692644732909146,-0.41561156800514676,-0.11409494293397643,-0.5959787031561681,-0.7342215672245825,0.9420809795377444,0.32265909960599404,-0.8494006821418578,home_favorite,7-14,wk5-9
2023,7,Washington,Oregon,Pac-12,Pac-12,False,1,0.5007675847464323,0.6936879164219654,3.0,0.11014973349551838,0.9384573987940776,1.1340125634988487,0.41534463966606056,0.5284829862483077,1.2963308045849096,1.2883131135219028,1.6952689731515025,1.3278601957789378,0.49923241525356765,2.8898502665044816,home_favorite,0-3,wk5-9
2023,7,South Florida,Florida Atlantic,American Athletic,American Athletic,False,0,0.5259186221129238,0.5071950817090514,-42.0,1.2856084584166534,0.27784674588446345,0.14562229598969717,-0.5465027522197337,-0.2575944295529683,-0.1586521649468116,0.30958410237034184,-0.25199754692309106,-0.33007191211476117,-0.5259186221129238,-43.285608458416654,home_favorite,0-3,wk5-9
2023,7,Virginia Tech,Wake Forest,ACC,ACC,False,1,0.6079838237253179,0.403370826694226,17.0,4.155291925135603,0.17707767997410462,0.22446288101824607,0.39369492627811786,0.30250839911676397,0.48086258903811563,0.4004229278841898,0.6114130799024363,-0.4862206424981013,0.3920161762746821,12.844708074864396,home_favorite,3-7,wk5-9
2023,7,Northern Illinois,Ohio,Mid-American,Mid-American,False,1,0.40058685695411544,0.3274903566650149,10.0,-4.094605242438368,-0.10233230870151444,0.15144066625442495,-0.397314361092139,-0.1436057425940429,0.10245656515656035,0.3975104255425919,0.4782273981048814,1.8514177035348427,0.5994131430458846,14.094605242438368,away_favorite,3-7,wk5-9
2023,7,Wisconsin,Iowa,Big Ten,Big Ten,False,0,0.764244120613286,0.6737761878883222,-9.0,11.69546508535982,0.5821256967713808,-0.24347668644732437,0.8237507245061261,0.7779622545972127,1.0962046434246095,0.4262783490162774,0.2485969122470282,-0.49999847164957256,-0.764244120613286,-20.69546508535982,home_favorite,7-14,wk5-9
2023,7,Nevada,UNLV,Mountain West,Mountain West,False,0,0.3767030371571253,0.33642590195870453,-18.0,-5.257653763765761,-0.8658120132909504,-0.37658442628790717,-0.6914754841197777,-0.6241061589448246,-1.016052467078713,-0.6253307729291482,-1.3450386596064716,0.48741261753919557,-0.3767030371571253,-12.742346236234239,away_favorite,3-7,wk5-9
2023,7,New Mexico,San José State,Mountain West,Mountain West,False,0,0.26678488768580777,0.27316992772326887,-28.0,-11.001796886173196,-1.1174561076530456,-0.22129810285033857,-0.5026551145509015,-0.19158699222919057,-1.0919206815709228,-0.2050266441664665,-0.35762757041770354,0.7675618102857765,-0.26678488768580777,-16.998203113826804,away_favorite,7-14,wk5-9
2023,7,Pittsburgh,Louisville,ACC,ACC,False,1,0.49628529834482527,0.2789217568024399,17.0,-0.8296742432276938,0.27391270661730216,0.4918521824142142,0.8086069283255624,0.949316972200136,0.6211069613383935,1.118877762375842,-0.9133333461937079,-1.3174830013035292,0.5037147016551747,17.829674243227693,away_favorite,0-3,wk5-9
2023,7,Air Force,Wyoming,Mountain West,Mountain West,False,1,0.6637227422568066,0.9260190472872637,7.0,7.498155664921191,0.10314709812913568,-0.17841761218288843,0.015034381095965652,-0.419967266354785,-0.24719935216644,-0.346481447349288,-0.7342215672245825,1.0155627350122574,0.3362772577431934,-0.4981556649211907,home_favorite,7-14,wk5-9
2023,7,Georgia State,Marshall,Sun Belt,Sun Belt,False,1,0.45133441617846903,0.4841750147352649,17.0,-2.755929176880688,0.0024451543039760368,-0.00859676233181892,-0.026632666124038522,0.6213016570785244,0.10088656550547889,0.14260519221753193,0.7813396394372472,-0.22903449833730574,0.548665583821531,19.755929176880688,away_favorite,0-3,wk5-9
2023,7,Texas State,UL Monroe,Sun Belt,Sun Belt,False,1,0.6752642870418561,0.8898878421811328,1.0,7.4168696845315445,-0.37597069482241074,-0.45717763213348583,-0.1940869335517469,-0.5277208163038407,-0.5644367009102549,-0.98689444337503,-0.22444188862014894,-0.9500742239309643,0.32473571295814385,-6.4168696845315445,home_favorite,7-14,wk5-9
2023,7,Washington State,Arizona,Pac-12,Pac-12,False,0,0.5343419218549441,0.7690759234333929,-38.0,1.6075804093183725,-0.16664090390986416,0.24324101097309347,0.08657978641373024,-0.37819007028377194,-0.14851496917204193,0.5258047151333497,0.2899303997014418,1.5069719747480628,-0.5343419218549441,-39.60758040931837,home_favorite,0-3,wk5-9
2023,7,Texas Tech,Kansas State,Big 12,Big 12,False,0,0.7325982591772398,0.4483764526890395,-17.0,10.21368591814751,0.515509644039595,0.33433431405661024,0.7168056618033802,0.2653449641523497,1.003357326786876,0.7233731532028829,1.130377977941184,-0.12799708455985057,-0.7325982591772398,-27.21368591814751,home_favorite,7-14,wk5-9
2023,7,LSU,Auburn,SEC,SEC,False,1,0.8328804876830644,0.7414335229692995,30.0,16.68733203485443,1.3329528001992774,0.5316184656724501,1.0455562393080646,0.44989105507967875,1.928998589089033,1.277960590513194,1.5023793650309059,1.2360080014357966,0.16711951231693556,13.312667965145572,home_favorite,14-21,wk5-9
2023,7,Notre Dame,USC,FBS Independents,Pac-12,False,1,0.4344556887076221,0.550199353253537,28.0,-2.394503673578506,0.6989749573708443,0.9887590842273962,0.3811068112814033,0.3795999301950197,1.2167301559688055,1.606495467012095,-0.7939254935476244,1.0293405641637285,0.5655443112923779,30.394503673578505,away_favorite,0-3,wk5-9
2023,7,Kentucky,Missouri,SEC,SEC,False,0,0.4469876762376988,0.7425355589430698,-17.0,-2.6590470827279846,0.1247644512138836,0.3545179088647726,0.5576604614405278,0.7303233668843929,0.8526216638424875,1.108127382449305,-0.16933057201426416,0.6114130799024363,-0.4469876762376988,-14.340952917272016,away_favorite,0-3,wk5-9
2023,7,North Carolina,Miami,ACC,ACC,False,1,0.5579432375701943,0.8109791581199478,10.0,2.329713032923324,0.9153805926638405,0.5065919476536248,0.24953352526748696,0.7333269882611695,1.805777834083205,1.17180381017046,1.0844518807696135,0.661931786791164,0.44205676242980574,7.670286967076676,home_favorite,0-3,wk5-9
2023,7,Duke,NC State,ACC,ACC,False,1,0.747329782119063,0.7639246991448386,21.0,10.71047007540853,0.6537171385903878,0.08390719679035817,0.4355508201314138,0.5068269947116868,1.0474818720665344,0.4200053656030124,2.1637151643015224,-0.6102211048613418,0.252670217880937,10.28952992459147,home_favorite,7-14,wk5-9
2023,7,Oregon State,UCLA,Pac-12,Pac-12,False,1,0.71698224798728,0.7057813597120025,12.0,9.584744206950642,0.503259833260083,0.5284788902234026,0.6285137850640361,0.030251345268909574,0.9036913516381501,0.5256867225632731,0.04192947497496081,-1.087852515445676,0.28301775201271995,2.415255793049358,home_favorite,7-14,wk5-9
2023,7,UTSA,UAB,American Athletic,American Athletic,False,1,0.8351908266716849,0.6750402010402987,21.0,16.499685327850216,0.4789094632711999,0.1099561672139608,0.5310521922028699,-0.2539049759165775,0.971689909467077,-0.004387897256460743,1.5345276330510051,-0.5688876174069283,0.16480917332831513,4.500314672149784,home_favorite,14-21,wk5-9
2023,7,Colorado State,Boise State,Mountain West,Mountain West,False,1,0.17017936343416562,0.22384542465816928,1.0,-17.149673811109942,-1.1663785759655982,0.18706313489443946,-0.37180891169769514,0.23625377722406615,-0.6361179750245602,0.42865397025611873,1.8468250938176856,1.8514177035348427,0.8298206365658344,18.149673811109942,away_favorite,14-21,wk5-9
2023,7,Hawai'i,San Diego State,Mountain West,Mountain West,False,0,0.3971118189661256,0.25856647703070046,-7.0,-4.745586845484184,-0.49432823700963663,-0.7246783166714378,-0.7828893091982005,0.0673428206067119,-0.5794010462065664,-0.3473224899880366,0.4185234717818396,1.203859733415697,-0.3971118189661256,-2.2544131545158157,away_favorite,3-7,wk5-9
2023,8,Liberty,Middle Tennessee,Conference USA,Conference USA,False,1,0.46183752525452554,0.9047175302821824,7.0,-2.3636452661544496,-0.74433453293325,-0.4773380997970505,-0.20652313154832908,0.05140314936853929,-1.4034068984418524,-0.4911014072535398,-0.320886692680447,-0.8306663712848806,0.5381624747454745,9.36364526615445,away_favorite,0-3,wk5-9
2023,8,South Alabama,Southern Miss,Sun Belt,Sun Belt,False,1,0.8274317641245479,0.9338859386628043,52.0,15.72327651352598,0.26303546888487594,-0.6629724131015422,0.3771592240932874,0.09798411397243609,0.602163298983164,-0.5155972173386771,1.5528980719196335,0.28074518026712764,0.17256823587545211,36.27672348647402,home_favorite,14-21,wk5-9
2023,8,UTEP,New Mexico State,Conference USA,Conference USA,False,0,0.7534272853738616,0.41589904118632204,-21.0,11.79078470711459,-0.3427323649154572,-0.7457367963820141,-0.021993780992519515,-0.7424332523989321,-0.24132334451766319,-1.5668323626239595,0.08785557214653145,1.4931941455965916,-0.7534272853738616,-32.79078470711459,home_favorite,7-14,wk5-9
2023,8,Marshall,James Madison,Sun Belt,Sun Belt,False,0,0.6142708055680146,0.3882294992189357,-11.0,3.9680489283213163,-0.00859676233181892,-0.04378291406995144,0.6213016570785244,0.6790419599142155,0.14260519221753193,-0.178614733101724,-0.22903449833730574,-1.914522264533947,-0.6142708055680146,-14.968048928321316,home_favorite,3-7,wk5-9
2023,8,Tulsa,Rice,American Athletic,American Athletic,False,0,0.6279955810298334,0.7659946707664889,-32.0,5.453641015837974,-0.33541743882541974,-0.5695919779370359,-0.2671416908170505,-0.43250463665542915,-0.5085249949527217,-0.409505417121755,-1.1751121000716602,-0.4265167161750595,-0.6279955810298334,-37.453641015837974,home_favorite,3-7,wk5-9
2023,8,Temple,SMU,American Athletic,American Athletic,False,0,0.4575466731608768,0.07437628354834386,-55.0,-2.297672304671666,-0.22727217927643267,0.5241444555366424,0.056919427533824146,-0.01571127979144718,0.12848921091227408,0.6506435957671813,1.1028223196382416,-0.463257593912316,-0.4575466731608768,-52.702327695328336,away_favorite,0-3,wk5-9
2023,8,Navy,Air Force,American Athletic,Mountain West,False,0,0.4882802429463969,0.11354237633604944,-11.0,-1.2083157509979081,-0.5616604936600735,0.10314709812913568,0.18205457881268972,0.015034381095965652,-0.7111887929999674,-0.24719935216644,0.42770869121615374,-0.7342215672245825,-0.4882802429463969,-9.791684249002092,away_favorite,0-3,wk5-9
2023,8,UAB,Memphis,American Athletic,American Athletic,False,0,0.43839603169652996,0.4047569603484281,-24.0,-2.60474411036793,0.1099561672139608,0.254553768890951,-0.2539049759165775,0.06023239852888315,-0.004387897256460743,0.5657719276103006,-0.5688876174069283,-0.03155228049955222,-0.43839603169652996,-21.395255889632068,away_favorite,0-3,wk5-9
2023,8,Ohio State,Penn State,Big Ten,Big Ten,False,1,0.685623042347357,0.676301669492737,8.0,7.830250564305926,1.3093888220744065,0.6613864479356941,0.9906614612087419,1.2119182327426798,1.6789128210759592,1.0598032470221044,0.5792648118823368,-0.4127388870235883,0.31437695765264295,0.16974943569407408,home_favorite,7-14,wk5-9
2023,8,Arkansas,Mississippi State,SEC,SEC,False,0,0.5462331615652565,0.6838163141936586,-4.0,1.848282898057001,0.7004076706610693,0.6170267819556852,0.44942853514442527,0.598954471305835,1.3655497356407373,0.6930226992997115,0.2899303997014418,0.303708228852913,-0.5462331615652565,-5.8482828980570005,home_favorite,0-3,wk5-9
2023,8,Cincinnati,Baylor,Big 12,Big 12,False,0,0.4431110986630668,0.676301669492737,-3.0,-2.274036602145512,0.12287211845808432,0.5242238357458981,0.5968835587705881,0.34115604588644793,0.6288772967385176,0.6764725740707305,-2.070670994917287,0.5838574215994939,-0.4431110986630668,-0.7259633978544882,away_favorite,0-3,wk5-9
2023,8,Oklahoma,UCF,Big 12,Big 12,False,1,0.5341960154176915,0.9352934990460783,2.0,1.5859379574335415,0.866688739384244,0.7733345158510692,0.4561471669147359,0.5657689319585146,1.2886933332062627,1.2006562177678946,0.04192947497496081,0.7445987616999912,0.46580398458230854,0.4140620425664585,home_favorite,0-3,wk5-9
2023,8,Georgia Tech,Boston College,ACC,ACC,False,0,0.4958569344722675,0.6648579785547648,-15.0,-0.7847262359664668,-0.3311541351988871,-0.18280916848641673,0.1958606284113662,0.34712445159031347,-0.11958631362384058,0.6125562545199632,-0.697480689487326,-0.6699250311843836,-0.4958569344722675,-14.215273764033533,away_favorite,0-3,wk5-9
2023,8,Ohio,Western Michigan,Mid-American,Mid-American,False,1,0.814083151407165,0.8887546456176784,3.0,14.834678301100254,0.15144066625442495,-0.9725563663803848,-0.1436057425940429,-0.08662589036081991,0.3975104255425919,-0.6691449997450155,1.8514177035348427,0.23941169281271407,0.18591684859283497,-11.834678301100254,home_favorite,14-21,wk5-9
2023,8,Indiana,Rutgers,Big Ten,Big Ten,False,0,0.49726863231721974,0.42571979634547563,-17.0,-0.4414118379501577,-0.24971236616623382,-0.23493473784228922,-0.13162851358264788,0.09055722028728301,-0.3272073289184556,-0.04614707402672731,-0.7342215672245825,-0.3622201801348606,-0.49726863231721974,-16.558588162049844,away_favorite,0-3,wk5-9
2023,8,Bowling Green,Akron,Mid-American,Mid-American,False,1,0.5248301405246104,0.7414335229692995,27.0,1.0035256459769124,-0.6644267465678799,-0.710138182890411,-0.3551603333141783,-0.41561156800514676,-0.5945630836188007,-0.5959787031561681,-1.005185540536849,0.9420809795377444,0.4751698594753896,25.99647435402309,home_favorite,0-3,wk5-9
2023,8,East Carolina,Charlotte,American Athletic,American Athletic,False,0,0.7131749343750309,0.8038185194246843,-3.0,9.768447056655834,-0.11187386053759307,-0.28623906937172755,-0.2618147945413636,-0.8415237842100753,-0.5553698681804995,-0.669220057347783,-1.974226190856989,-1.7170400466961933,-0.7131749343750309,-12.768447056655834,home_favorite,7-14,wk5-9
2023,8,Georgia Southern,UL Monroe,Sun Belt,Sun Belt,False,1,0.7264954972654345,0.921145206889913,10.0,10.284774255147646,0.17467076819119243,-0.45717763213348583,-0.46560580741821067,-0.5277208163038407,-0.2671973459239507,-0.98689444337503,-0.29333103437750463,-0.9500742239309643,0.2735045027345655,-0.28477425514764576,home_favorite,7-14,wk5-9
2023,8,UConn,South Florida,FBS Independents,American Athletic,False,0,0.6036826373403839,0.6117705007810643,-3.0,4.472013079477328,-0.004798114176203461,0.27784674588446345,-0.17706372633717848,-0.5465027522197337,0.27224399511881137,-0.1586521649468116,0.5103756661249809,-0.25199754692309106,-0.6036826373403839,-7.472013079477328,home_favorite,3-7,wk5-9
2023,8,Oregon,Washington State,Pac-12,Pac-12,False,1,0.8874495055562517,0.9128258117454132,14.0,21.039115104283,1.1340125634988487,-0.16664090390986416,0.5284829862483077,0.08657978641373024,1.2883131135219028,-0.14851496917204193,1.3278601957789378,0.2899303997014418,0.11255049444374832,-7.039115104282999,home_favorite,21+,wk5-9
2023,8,Iowa,Minnesota,Big Ten,Big Ten,False,0,0.43607014283177514,0.7175917231915314,-2.0,-3.2132108158151516,-0.24347668644732437,0.7639970682812712,0.7779622545972127,0.32991054604468,0.4262783490162774,0.8815566522748837,-0.49999847164957256,-0.49999847164957256,-0.43607014283177514,1.2132108158151516,away_favorite,3-7,wk5-9
2023,8,Missouri,South Carolina,SEC,SEC,False,1,0.7096150986708512,0.6347433350523167,22.0,9.214449034739935,0.3545179088647726,0.2861779509896529,0.7303233668843929,0.11924918811234493,1.108127382449305,0.6040071113848782,0.6114130799024363,0.5425239341450803,0.29038490132914885,12.785550965260065,home_favorite,7-14,wk5-9
2023,8,Illinois,Wisconsin,Big Ten,Big Ten,False,0,0.5266408855729094,0.3338605754168779,-4.0,0.8030678060944487,0.34689241390513637,0.5821256967713808,1.0554650101786645,0.8237507245061261,0.6391265922933171,1.0962046434246095,-0.9041481267593937,0.2485969122470282,-0.5266408855729094,-4.8030678060944485,home_favorite,0-3,wk5-9
2023,8,Tulane,North Texas,American Athletic,American Athletic,False,1,0.758547207727102,0.8705002577432696,7.0,12.10653257839353,0.575718275558827,0.196728133855995,0.1394255042167716,-0.34498610300361005,0.7449443253797784,0.44085671000657123,0.25778213168134234,-0.4678502036294731,0.24145279227289795,-5.10653257839353,home_favorite,7-14,wk5-9
2023,8,Ball State,Central Michigan,Mid-American,Mid-American,False,1,0.5164686659102597,0.4047569603484281,7.0,0.528426553905815,-0.1826563577684907,-0.2862993756438244,-0.31972465127163585,-0.07692644732909146,-0.0021404372139848804,-0.11409494293397643,-1.1751121000716602,-0.7342215672245825,0.48353133408974025,6.471573446094185,home_favorite,0-3,wk5-9
2023,8,Wake Forest,Pittsburgh,ACC,ACC,False,1,0.45089999645903506,0.5186997779295586,4.0,-2.662129290181401,0.22446288101824607,0.27391270661730216,0.30250839911676397,0.8086069283255624,0.4004229278841898,0.6211069613383935,-0.4862206424981013,-0.9133333461937079,0.549100003540965,6.662129290181401,away_favorite,0-3,wk5-9
2023,8,Northern Illinois,Eastern Michigan,Mid-American,Mid-American,False,1,0.6268755454396322,0.6253513933075368,7.0,5.56111531065612,-0.10233230870151444,-0.011713218245868781,-0.397314361092139,-0.7113479378628454,0.10245656515656035,-0.2507992347021015,0.4782273981048814,-0.06829315823680873,0.3731244545603678,1.4388846893438796,home_favorite,3-7,wk5-9
2023,8,Nebraska,Northwestern,Big Ten,Big Ten,False,1,0.41161667124829004,0.7490830628775357,8.0,-3.5311544992681796,-0.2260394350752677,-0.11579932990230797,-0.39066608138210746,-0.18165323266884587,-0.4974626635503939,-0.056215076024159455,-1.7354104855648216,0.6389687382053787,0.58838332875171,11.53115449926818,away_favorite,3-7,wk5-9
2023,8,Alabama,Tennessee,SEC,SEC,False,1,0.536734406005393,0.6775605800851006,14.0,1.4388803091087217,0.6810517971092649,1.0841946847875303,0.9303818385923752,0.6205223225289204,1.037002366692919,0.9385520633441409,-0.5597023979726141,-0.4402945453265307,0.463265593994607,12.561119690891278,home_favorite,0-3,wk5-9
2023,8,Kent State,Buffalo,Mid-American,Mid-American,False,0,0.5016456413332814,0.2789217568024399,-18.0,0.32086388594777393,-0.270284374476359,-0.4569835719510263,-0.47497495272716855,-0.35239521736974583,-0.7012014745074868,-0.6621002665372103,-2.0385227268971877,0.26237474139849937,-0.5016456413332814,-18.320863885947773,home_favorite,0-3,wk5-9
2023,8,West Virginia,Oklahoma State,Big 12,Big 12,False,0,0.6709045416510477,0.5672288443429522,-14.0,7.371472703041518,0.48347859193720943,-0.07328944652684084,0.11196340492606535,0.20299360581490863,0.586269119046254,0.26474087176081285,-0.766369835244682,-1.0005929308196921,-0.6709045416510477,-21.37147270304152,home_favorite,7-14,wk5-9
2023,8,Miami (OH),Toledo,Mid-American,Mid-American,False,0,0.3280074780734499,0.5473485180458647,-4.0,-7.856810630719091,-0.4707185780773897,0.07066432455393393,-0.3524832274143823,0.08136302361814768,-0.41866249373963993,0.637383743679397,0.7216357131142058,1.2451932208701106,-0.3280074780734499,3.8568106307190906,away_favorite,7-14,wk5-9
2023,8,Houston,Texas,Big 12,Big 12,False,0,0.31127377396148415,0.14950969845319736,-7.0,-8.335025344674538,0.37940089591931603,0.8591961219118145,0.33739222858730844,0.7402555903609682,0.5731670654983456,1.191899003889607,-1.303705172152058,0.42311608149899665,-0.31127377396148415,1.3350253446745377,away_favorite,7-14,wk5-9
2023,8,Florida Atlantic,UTSA,American Athletic,American Athletic,False,0,0.2611133295182398,0.4712494361077314,-26.0,-10.825668644631259,0.14562229598969717,0.4789094632711999,-0.2575944295529683,0.5310521922028699,0.30958410237034184,0.971689909467077,-0.33007191211476117,1.5345276330510051,-0.2611133295182398,-15.174331355368741,away_favorite,7-14,wk5-9
2023,8,New Mexico,Hawai'i,Mountain West,Mountain West,False,1,0.4594005182801594,0.5172625244323762,21.0,-1.9530636198553664,-1.1174561076530456,-0.49432823700963663,-0.5026551145509015,-0.7828893091982005,-1.0919206815709228,-0.5794010462065664,-0.35762757041770354,0.4185234717818396,0.5405994817198406,22.953063619855367,away_favorite,0-3,wk5-9
2023,8,North Carolina,Virginia,ACC,ACC,False,0,0.8968796474744912,0.9490338639240656,-4.0,21.724826888471675,0.9153805926638405,-0.3791608999134578,0.24953352526748696,-0.08857421822997416,1.805777834083205,-0.4674149174628147,1.0844518807696135,-1.4093351956466704,-0.8968796474744912,-25.724826888471675,home_favorite,21+,wk5-9
2023,8,San José State,Utah State,Mountain West,Mountain West,False,1,0.728415872802366,0.5459219227804837,21.0,10.048756851146123,-0.22129810285033857,-0.5673467745519516,-0.19158699222919057,-0.49242249762486584,-0.2050266441664665,-0.7359548079670655,0.7675618102857765,-0.2336271080544628,0.27158412719763403,10.951243148853877,home_favorite,7-14,wk5-9
2023,8,Arkansas State,Coastal Carolina,Sun Belt,Sun Belt,False,0,0.19278439221675225,0.1753046865538316,-10.0,-14.650761510164179,-0.5929555798293826,0.1119415329892882,-0.6067508138288651,0.005508797484679015,-0.7060031731819316,-0.17839099639816575,-1.5562987065956964,1.8238620452319003,-0.19278439221675225,4.650761510164179,away_favorite,14-21,wk5-9
2023,8,UNLV,Colorado State,Mountain West,Mountain West,False,1,0.6397852842969047,0.7888870682101548,2.0,5.997889577923483,-0.37658442628790717,-1.1663785759655982,-0.6241061589448246,-0.37180891169769514,-0.6253307729291482,-0.6361179750245602,0.48741261753919557,1.8468250938176856,0.36021471570309527,-3.997889577923483,home_favorite,3-7,wk5-9
2023,8,Auburn,Ole Miss,SEC,SEC,False,0,0.38006013636201724,0.41310497662089996,-7.0,-5.507177324758112,0.5316184656724501,1.106632594639687,0.44989105507967875,0.7845764884392443,1.277960590513194,2.1937898823118824,1.2360080014357966,0.45985695923625314,-0.38006013636201724,-1.4928226752418876,away_favorite,3-7,wk5-9
2023,8,BYU,Texas Tech,Big 12,Big 12,False,1,0.13991463109546132,0.35860988804438204,13.0,-18.6221520412303,-0.023362613356900958,0.515509644039595,-0.6192321057770398,0.7168056618033802,-0.649146326516953,1.003357326786876,-1.0281485891226345,1.130377977941184,0.8600853689045387,31.6221520412303,away_favorite,14-21,wk5-9
2023,8,Kansas State,TCU,Big 12,Big 12,False,1,0.5931186892699253,0.7057813597120025,38.0,3.5920311990480465,0.33433431405661024,0.4499223930232929,0.2653449641523497,0.2366765924582746,0.7233731532028829,0.7442547505378025,-0.12799708455985057,-1.7170400466961933,0.4068813107300747,34.407968800951956,home_favorite,3-7,wk5-9
2023,8,Old Dominion,App State,Sun Belt,Sun Belt,False,1,0.22304042356193318,0.344179494087605,7.0,-13.23196047466166,-0.768384655628732,0.38833040228851906,-0.31024981927164536,-0.030334410072811322,-0.9291470876629488,-0.013756301848078478,-1.4093351956466704,-0.20147884003436362,0.7769595764380668,20.231960474661662,away_favorite,7-14,wk5-9
2023,8,LSU,Army,SEC,FBS Independents,False,1,0.9572810033692756,0.9223905105706245,62.0,30.656468965121178,1.3329528001992774,0.08708936107427481,1.0455562393080646,-0.347504719584344,1.928998589089033,-0.1311376446389739,1.5023793650309059,-0.08207098738827993,0.042718996630724426,31.343531034878822,home_favorite,21+,wk5-9
2023,8,Michigan State,Michigan,Big Ten,Big Ten,False,0,0.15184111623106555,0.03134505945150395,-49.0,-17.601498520302208,0.26927203437458447,1.102243714891112,0.055093826243264685,0.9387980903289125,0.3699298587787698,1.6173394655199231,-1.4139278053638276,1.1900819042642259,-0.15184111623106555,-31.398501479697792,away_favorite,14-21,wk5-9
2023,8,Florida State,Duke,ACC,ACC,False,1,0.7595616418690504,0.8452938106179996,18.0,12.354131350438207,1.2817186700217271,0.6537171385903878,0.9090674402168905,0.4355508201314138,2.1898556681842836,1.0474818720665344,1.2268227820014823,2.1637151643015224,0.2404383581309496,5.645868649561793,home_favorite,7-14,wk5-9
2023,8,Louisiana,Georgia State,Sun Belt,Sun Belt,False,0,0.4631990625654739,0.6062878237854281,-3.0,-1.7987877947009148,-0.23953314391495661,0.0024451543039760368,-0.1912765133313639,-0.026632666124038522,-0.05226613641080197,0.10088656550547889,0.593042641033808,0.7813396394372472,-0.4631990625654739,-1.2012122052990852,away_favorite,0-3,wk5-9
2023,8,USC,Utah,Pac-12,Pac-12,False,0,0.6472952665098587,0.5827018849642301,-2.0,6.507577859249764,0.9887590842273962,0.5679887824883925,0.3795999301950197,0.4210443555164438,1.606495467012095,0.5694159746748113,1.0293405641637285,0.9283031503862732,-0.6472952665098587,-8.507577859249764,home_favorite,3-7,wk5-9
2023,8,Miami,Clemson,ACC,ACC,False,1,0.5049020386830423,0.3338605754168779,8.0,-0.2698689858113652,0.5065919476536248,0.7025514192826063,0.7333269882611695,0.8664514561048966,1.17180381017046,1.0765060974408893,0.661931786791164,0.15215210818673036,0.4950979613169577,8.269868985811366,home_favorite,0-3,wk5-9
2023,8,San Diego State,Nevada,Mountain West,Mountain West,False,0,0.8092252451175772,0.7820980161313187,-6.0,14.232647832791907,-0.7246783166714378,-0.8658120132909504,0.0673428206067119,-0.6914754841197777,-0.3473224899880366,-1.016052467078713,1.203859733415697,-1.3450386596064716,-0.8092252451175772,-20.232647832791905,home_favorite,14-21,wk5-9
2023,8,Stanford,UCLA,Pac-12,Pac-12,False,0,0.3029013462304009,0.11124535438232165,-35.0,-9.068549478168162,-0.33610958925571993,0.5284788902234026,-0.3445386457235647,0.030251345268909574,-0.48308134945702524,0.5256867225632731,-0.5780728368412423,-1.087852515445676,-0.3029013462304009,-25.931450521831838,away_favorite,7-14,wk5-9
2023,8,Washington,Arizona State,Pac-12,Pac-12,False,1,0.8556269373936456,0.9641774124186709,8.0,18.35970782563811,0.9384573987940776,0.09457290815026191,0.41534463966606056,-0.17460659007691695,1.2963308045849096,0.27987129422579976,1.6952689731515025,0.43230130093331076,0.1443730626063544,-10.359707825638111,home_favorite,14-21,wk5-9
2023,9,Louisiana Tech,New Mexico State,Conference USA,Conference USA,False,0,0.5260227499626369,0.422907524174671,-3.0,1.3263708823583573,-0.6488891804823338,-0.7457367963820141,-0.6849193101661031,-0.7424332523989321,-0.8324157488424989,-1.5668323626239595,-0.7020732992044831,1.4931941455965916,-0.5260227499626369,-4.326370882358358,home_favorite,0-3,wk5-9
2023,9,Western Kentucky,Liberty,Conference USA,Conference USA,False,0,0.7890554134703307,0.4841750147352649,-13.0,13.57595013796728,0.1683396982586367,-0.74433453293325,0.0020392779701367825,-0.20652313154832908,0.34808086470443733,-1.4034068984418524,-0.22903449833730574,-0.320886692680447,-0.7890554134703307,-26.57595013796728,home_favorite,7-14,wk5-9
2023,9,Georgia Southern,Georgia State,Sun Belt,Sun Belt,False,1,0.46436259432934235,0.469815319996098,17.0,-1.3320675098371426,0.17467076819119243,0.0024451543039760368,-0.46560580741821067,-0.026632666124038522,-0.2671973459239507,0.10088656550547889,-0.29333103437750463,0.7813396394372472,0.5356374056706577,18.33206750983714,away_favorite,0-3,wk5-9
2023,9,Virginia Tech,Syracuse,ACC,ACC,False,1,0.5215116389223485,0.6131368201531431,28.0,0.7931250205978335,0.17707767997410462,0.4508137188956032,0.39369492627811786,0.22303625584532816,0.48086258903811563,0.7363255846632867,0.6114130799024363,1.1441558070926552,0.47848836107765147,27.206874979402166,home_favorite,0-3,wk5-9
2023,9,Charlotte,Florida Atlantic,American Athletic,American Athletic,False,0,0.29280778146591224,0.287097842594546,-22.0,-9.05516753409015,-0.28623906937172755,0.14562229598969717,-0.8415237842100753,-0.2575944295529683,-0.669220057347783,0.30958410237034184,-1.7170400466961933,-0.33007191211476117,-0.29280778146591224,-12.94483246590985,away_favorite,7-14,wk5-9
2023,9,SMU,Tulsa,American Athletic,American Athletic,False,1,0.8000427408472903,0.9464688789594631,59.0,14.422307694750087,0.5241444555366424,-0.33541743882541974,-0.01571127979144718,-0.2671416908170505,0.6506435957671813,-0.5085249949527217,-0.463257593912316,-1.1751121000716602,0.19995725915270968,44.57769230524991,home_favorite,14-21,wk5-9
2023,9,Northwestern,Maryland,Big Ten,Big Ten,False,1,0.3422130623714081,0.1655408182910169,6.0,-7.11126875784363,-0.11579932990230797,0.286051122574763,-0.18165323266884587,0.31296374516962955,-0.056215076024159455,0.49914807390511523,0.6389687382053787,1.2222301722843254,0.6577869376285919,13.11126875784363,away_favorite,7-14,wk5-9
2023,9,Kansas,Oklahoma,Big 12,Big 12,False,1,0.5288528451786362,0.1347802947714417,5.0,0.932468111407647,0.7600005008104023,0.866688739384244,0.11577506565104895,0.4561471669147359,1.1495282119357215,1.2886933332062627,2.228011700341721,0.04192947497496081,0.4711471548213638,4.067531888592353,home_favorite,0-3,wk5-9
2023,9,Kansas State,Houston,Big 12,Big 12,False,1,0.5735954126515348,0.9119053076034237,41.0,2.751828985846977,0.33433431405661024,0.37940089591931603,0.2653449641523497,0.33739222858730844,0.7233731532028829,0.5731670654983456,-0.12799708455985057,-1.303705172152058,0.4264045873484652,38.24817101415302,home_favorite,0-3,wk5-9
2023,9,UCF,West Virginia,Big 12,Big 12,False,0,0.7578137465388709,0.700977398610108,-13.0,11.78326598200263,0.7733345158510692,0.48347859193720943,0.5657689319585146,0.11196340492606535,1.2006562177678946,0.586269119046254,0.7445987616999912,-0.766369835244682,-0.7578137465388709,-24.783265982002632,home_favorite,7-14,wk5-9
2023,9,Boston College,UConn,ACC,FBS Independents,False,1,0.6032095615341704,0.7936407431881689,7.0,4.366311275262167,-0.18280916848641673,-0.004798114176203461,0.34712445159031347,-0.17706372633717848,0.6125562545199632,0.27224399511881137,-0.6699250311843836,0.5103756661249809,0.3967904384658296,2.6336887247378327,home_favorite,3-7,wk5-9
2023,9,Penn State,Indiana,Big Ten,Big Ten,False,1,0.9245376688559046,0.988713212775042,9.0,24.999587002976888,0.6613864479356941,-0.24971236616623382,1.2119182327426798,-0.13162851358264788,1.0598032470221044,-0.3272073289184556,-0.4127388870235883,-0.7342215672245825,0.0754623311440954,-15.999587002976888,home_favorite,21+,wk5-9
2023,9,Wake Forest,Florida State,ACC,ACC,False,0,0.17620326282479362,0.09429462645676252,-25.0,-16.015838651805787,0.22446288101824607,1.2817186700217271,0.30250839911676397,0.9090674402168905,0.4004229278841898,2.1898556681842836,-0.4862206424981013,1.2268227820014823,-0.17620326282479362,-8.984161348194213,away_favorite,14-21,wk5-9
2023,9,Army,Massachusetts,FBS Independents,FBS Independents,False,0,0.7456980861457481,0.9264124438824264,-7.0,11.215540722593424,0.08708936107427481,-0.8217606941638746,-0.347504719584344,-0.34242411991292127,-0.1311376446389739,-0.7040078748131353,-0.08207098738827993,0.06029991384358906,-0.7456980861457481,-18.215540722593424,home_favorite,7-14,wk5-9
2023,9,Texas A&M,South Carolina,SEC,SEC,False,1,0.5772683489943591,0.8519483458525737,13.0,3.0160211555404897,0.031102388922785135,0.2861779509896529,0.42944664754024253,0.11924918811234493,0.475528454441267,0.6040071113848782,0.5976352507509651,0.5425239341450803,0.4227316510056409,9.98397884445951,home_favorite,3-7,wk5-9
2023,9,Eastern Michigan,Western Michigan,Mid-American,Mid-American,False,0,0.6278264498281554,0.7597469266479578,-24.0,5.365987323537661,-0.011713218245868781,-0.9725563663803848,-0.7113479378628454,-0.08662589036081991,-0.2507992347021015,-0.6691449997450155,-0.06829315823680873,0.23941169281271407,-0.6278264498281554,-29.36598732353766,home_favorite,3-7,wk5-9
2023,9,NC State,Clemson,ACC,ACC,False,1,0.3214863596962728,0.2918336117187994,7.0,-8.282699945459056,0.08390719679035817,0.7025514192826063,0.5068269947116868,0.8664514561048966,0.4200053656030124,1.0765060974408893,-0.6102211048613418,0.15215210818673036,0.6785136403037272,15.282699945459056,away_favorite,7-14,wk5-9
2023,9,North Texas,Memphis,American Athletic,American Athletic,False,0,0.44021705646383336,0.30999379271968613,-3.0,-2.4835835404471966,0.196728133855995,0.254553768890951,-0.34498610300361005,0.06023239852888315,0.44085671000657123,0.5657719276103006,-0.4678502036294731,-0.03155228049955222,-0.44021705646383336,-0.5164164595528034,away_favorite,0-3,wk5-9
2023,9,Notre Dame,Pittsburgh,FBS Independents,ACC,False,1,0.566317892622771,0.9150891110604187,51.0,2.527993400946575,0.6989749573708443,0.27391270661730216,0.3811068112814033,0.8086069283255624,1.2167301559688055,0.6211069613383935,-0.7939254935476244,-0.9133333461937079,0.433682107377229,48.47200659905342,home_favorite,0-3,wk5-9
2023,9,App State,Southern Miss,Sun Belt,Sun Belt,False,1,0.7409875982111841,0.9383590868211533,10.0,10.924200951000898,0.38833040228851906,-0.6629724131015422,-0.030334410072811322,0.09798411397243609,-0.013756301848078478,-0.5155972173386771,-0.20147884003436362,0.28074518026712764,0.2590124017888159,-0.9242009510008984,home_favorite,7-14,wk5-9
2023,9,Miami,Virginia,ACC,ACC,False,1,0.898999695736559,0.8467934030726807,3.0,21.747537761137096,0.5065919476536248,-0.3791608999134578,0.7333269882611695,-0.08857421822997416,1.17180381017046,-0.4674149174628147,0.661931786791164,-1.4093351956466704,0.10100030426344098,-18.747537761137096,home_favorite,21+,wk5-9
2023,9,Utah,Oregon,Pac-12,Pac-12,False,0,0.39418015045484117,0.525880930891169,-29.0,-4.516962315700712,0.5679887824883925,1.1340125634988487,0.4210443555164438,0.5284829862483077,0.5694159746748113,1.2883131135219028,0.9283031503862732,1.3278601957789378,-0.39418015045484117,-24.483037684299287,away_favorite,3-7,wk5-9
2023,9,Nebraska,Purdue,Big Ten,Big Ten,False,1,0.3215974404032581,0.581301478368915,17.0,-7.871516988341856,-0.2260394350752677,0.3256225303921783,-0.39066608138210746,-0.0018334652117142618,-0.4974626635503939,0.028925308792110055,-1.7354104855648216,-0.7985181032647815,0.6784025595967419,24.871516988341856,away_favorite,7-14,wk5-9
2023,9,Auburn,Mississippi State,SEC,SEC,False,1,0.5390984359002737,0.6007782458900109,14.0,1.2925900626746767,0.5316184656724501,0.6170267819556852,0.44989105507967875,0.598954471305835,1.277960590513194,0.6930226992997115,1.2360080014357966,0.303708228852913,0.46090156409972627,12.707409937325323,home_favorite,0-3,wk5-9
2023,9,UTSA,East Carolina,American Athletic,American Athletic,False,1,0.8864365171236368,0.8793171534540078,14.0,20.429634216718142,0.4789094632711999,-0.11187386053759307,0.5310521922028699,-0.2618147945413636,0.971689909467077,-0.5553698681804995,1.5345276330510051,-1.974226190856989,0.1135634828763632,-6.429634216718142,home_favorite,14-21,wk5-9
2023,9,Baylor,Iowa State,Big 12,Big 12,False,0,0.7735921965586285,0.41031649686004995,-12.0,12.731606561419428,0.5242238357458981,-0.250339828894296,0.34115604588644793,0.0777884049207806,0.6764725740707305,-0.11473503093963174,0.5838574215994939,0.5517091535793944,-0.7735921965586285,-24.731606561419426,home_favorite,7-14,wk5-9
2023,9,Florida,Georgia,SEC,SEC,True,0,0.18576605180014388,0.06097834165795565,-23.0,-15.145797564854895,0.46056343904577124,1.1463451158952913,0.34335522046626216,1.1266941754761852,0.8758171764635061,1.3183855309383326,-0.692888079770169,-0.4035536675892742,-0.18576605180014388,-7.854202435145105,away_favorite,14-21,wk5-9
2023,9,Minnesota,Michigan State,Big Ten,Big Ten,False,1,0.7472452339867787,0.8019966441144332,15.0,11.330346524795619,0.7639970682812712,0.26927203437458447,0.32991054604468,0.055093826243264685,0.8815566522748837,0.3699298587787698,-0.49999847164957256,-1.4139278053638276,0.25275476601322133,3.669653475204381,home_favorite,7-14,wk5-9
2023,9,Texas,BYU,Big 12,Big 12,False,1,0.934058531092964,0.9306143375182546,29.0,26.566541553128488,0.8591961219118145,-0.023362613356900958,0.7402555903609682,-0.6192321057770398,1.191899003889607,-0.649146326516953,0.42311608149899665,-1.0281485891226345,0.065941468907036,2.433458446871512,home_favorite,21+,wk5-9
2023,9,Ohio,Miami (OH),Mid-American,Mid-American,False,0,0.7642992828647299,0.6936879164219654,-14.0,12.091883230593767,0.15144066625442495,-0.4707185780773897,-0.1436057425940429,-0.3524832274143823,0.3975104255425919,-0.41866249373963993,1.8514177035348427,0.7216357131142058,-0.7642992828647299,-26.091883230593766,home_favorite,7-14,wk5-9
2023,9,Louisville,Duke,ACC,ACC,False,1,0.5299267133469805,0.5430664920222119,23.0,1.6564206037500346,0.4918521824142142,0.6537171385903878,0.949316972200136,0.4355508201314138,1.118877762375842,1.0474818720665344,-1.3174830013035292,2.1637151643015224,0.4700732866530195,21.343579396249964,home_favorite,0-3,wk5-9
2023,9,California,USC,Pac-12,Pac-12,False,0,0.12587347587516387,0.22990332333901797,-1.0,-19.871970174731793,-0.3413840429136505,0.9887590842273962,-0.3941241063132336,0.3795999301950197,-0.15125254861746115,1.606495467012095,-0.34384974126623236,1.0293405641637285,-0.12587347587516387,18.871970174731793,away_favorite,14-21,wk5-9
2023,9,Rice,Tulane,American Athletic,American Athletic,False,0,0.18974630335882647,0.1663375308165619,-2.0,-15.294185194761303,-0.5695919779370359,0.575718275558827,-0.43250463665542915,0.1394255042167716,-0.409505417121755,0.7449443253797784,-0.4265167161750595,0.25778213168134234,-0.18974630335882647,13.294185194761303,away_favorite,14-21,wk5-9
2023,9,UL Monroe,Arkansas State,Sun Belt,Sun Belt,False,0,0.6290982992349367,0.6199413590445233,-10.0,5.338063902660064,-0.45717763213348583,-0.5929555798293826,-0.5277208163038407,-0.6067508138288651,-0.98689444337503,-0.7060031731819316,-0.9500742239309643,-1.5562987065956964,-0.6290982992349367,-15.338063902660064,home_favorite,3-7,wk5-9
2023,9,South Alabama,Louisiana,Sun Belt,Sun Belt,False,0,0.8002048782040186,0.8029091701538159,-13.0,14.181289545957032,0.26303546888487594,-0.23953314391495661,0.3771592240932874,-0.1912765133313639,0.602163298983164,-0.05226613641080197,1.5528980719196335,0.593042641033808,-0.8002048782040186,-27.181289545957032,home_favorite,14-21,wk5-9
2023,9,Boise State,Wyoming,Mountain West,Mountain West,False,1,0.7891183424861179,0.7210782431975601,25.0,13.624934918652793,0.18706313489443946,-0.17841761218288843,0.23625377722406615,-0.419967266354785,0.42865397025611873,-0.346481447349288,1.8514177035348427,1.0155627350122574,0.2108816575138821,11.375065081347207,home_favorite,7-14,wk5-9
2023,9,Coastal Carolina,Marshall,Sun Belt,Sun Belt,False,1,0.5176968584477968,0.4469531048305375,28.0,-0.0708531149179299,0.1119415329892882,-0.00859676233181892,0.005508797484679015,0.6213016570785244,-0.17839099639816575,0.14260519221753193,1.8238620452319003,-0.22903449833730574,0.4823031415522032,28.07085311491793,home_favorite,0-3,wk5-9
2023,9,Texas State,Troy,Sun Belt,Sun Belt,False,0,0.3596705863515086,0.24341940570494724,-18.0,-6.518223896302626,-0.37597069482241074,-0.02551863634277693,-0.1940869335517469,0.29897433417023855,-0.5644367009102549,0.487480394574488,-0.22444188862014894,0.198078205358301,-0.3596705863515086,-11.481776103697374,away_favorite,3-7,wk5-9
2023,9,Colorado State,Air Force,Mountain West,Mountain West,False,0,0.2822283778892196,0.07319608607220641,-17.0,-10.959423151168046,-1.1663785759655982,0.10314709812913568,-0.37180891169769514,0.015034381095965652,-0.6361179750245602,-0.24719935216644,1.8468250938176856,-0.7342215672245825,-0.2822283778892196,-6.040576848831954,away_favorite,7-14,wk5-9
2023,9,Stanford,Washington,Pac-12,Pac-12,False,0,0.11967160369511705,0.027258224711437025,-9.0,-20.30833408546546,-0.33610958925571993,0.9384573987940776,-0.3445386457235647,0.41534463966606056,-0.48308134945702524,1.2963308045849096,-0.5780728368412423,1.6952689731515025,-0.11967160369511705,11.30833408546546,away_favorite,14-21,wk5-9
2023,9,Kentucky,Tennessee,SEC,SEC,False,0,0.3414205214052506,0.2169225565903239,-6.0,-7.320763524997641,0.1247644512138836,1.0841946847875303,0.5576604614405278,0.6205223225289204,0.8526216638424875,0.9385520633441409,-0.16933057201426416,-0.4402945453265307,-0.3414205214052506,1.3207635249976413,away_favorite,7-14,wk5-9
2023,9,Ole Miss,Vanderbilt,SEC,SEC,False,1,0.9361258883999297,0.934593240137214,26.0,27.04729999333872,1.106632594639687,-0.0910247013457735,0.7845764884392443,-0.43193090812184237,2.1937898823118824,-0.37840538380705196,0.45985695923625314,0.0051885972377042925,0.06387411160007028,-1.0472999933387186,home_favorite,21+,wk5-9
2023,9,Wisconsin,Ohio State,Big Ten,Big Ten,False,0,0.3502054183546085,0.125024693001636,-14.0,-6.773043204982331,0.5821256967713808,1.3093888220744065,0.8237507245061261,0.9906614612087419,1.0962046434246095,1.6789128210759592,0.2485969122470282,0.5792648118823368,-0.3502054183546085,-7.226956795017669,away_favorite,3-7,wk5-9
2023,9,UCLA,Colorado,Pac-12,Pac-12,False,1,0.8777885638569599,0.946176473968739,12.0,20.200316526902853,0.5284788902234026,-0.5593401800157364,0.030251345268909574,-0.5489387139606516,0.5256867225632731,-0.23890555755661164,-1.087852515445676,-2.0247448977457165,0.12221143614304009,-8.200316526902853,home_favorite,14-21,wk5-9
2023,9,Arizona State,Washington State,Pac-12,Pac-12,False,1,0.5670051573225094,0.49280491829094863,11.0,2.6340720145872973,0.09457290815026191,-0.16664090390986416,-0.17460659007691695,0.08657978641373024,0.27987129422579976,-0.14851496917204193,0.43230130093331076,0.2899303997014418,0.43299484267749055,8.365927985412704,home_favorite,0-3,wk5-9
2023,9,Georgia Tech,North Carolina,ACC,ACC,False,1,0.23200156309339148,0.13411041754495612,4.0,-12.538113688249538,-0.3311541351988871,0.9153805926638405,0.1958606284113662,0.24953352526748696,-0.11958631362384058,1.805777834083205,-0.697480689487326,1.0844518807696135,0.7679984369066085,16.53811368824954,away_favorite,7-14,wk5-9
2023,9,James Madison,Old Dominion,Sun Belt,Sun Belt,False,1,0.86146759614956,0.8835282880564392,3.0,18.52739975029709,-0.04378291406995144,-0.768384655628732,0.6790419599142155,-0.31024981927164536,-0.178614733101724,-0.9291470876629488,-1.914522264533947,-1.4093351956466704,0.13853240385043997,-15.52739975029709,home_favorite,14-21,wk5-9
2023,9,Oklahoma State,Cincinnati,Big 12,Big 12,False,1,0.4643892011608981,0.6280448056219418,32.0,-2.254557664784059,-0.07328944652684084,0.12287211845808432,0.20299360581490863,0.5968835587705881,0.26474087176081285,0.6288772967385176,-1.0005929308196921,-2.070670994917287,0.5356107988391019,34.25455766478406,away_favorite,0-3,wk5-9
2023,9,Fresno State,UNLV,Mountain West,Mountain West,False,1,0.6675287767354925,0.8970095263772729,7.0,7.741150993327718,-0.07370906602024649,-0.37658442628790717,-0.1450177456853332,-0.6241061589448246,-0.23840285808829256,-0.6253307729291482,-1.5930395843329526,0.48741261753919557,0.3324712232645075,-0.741150993327718,home_favorite,7-14,wk5-9
2023,9,Nevada,New Mexico,Mountain West,Mountain West,False,1,0.5467742092218315,0.7222345336491706,10.0,1.697419885097826,-0.8658120132909504,-1.1174561076530456,-0.6914754841197777,-0.5026551145509015,-1.016052467078713,-1.0919206815709228,-1.3450386596064716,-0.35762757041770354,0.4532257907781685,8.302580114902174,home_favorite,0-3,wk5-9
2023,9,Arizona,Oregon State,Pac-12,Pac-12,False,1,0.32494564146055044,0.3351420214452352,3.0,-8.181568990857091,0.24324101097309347,0.503259833260083,-0.37819007028377194,0.6285137850640361,0.5258047151333497,0.9036913516381501,1.5069719747480628,0.04192947497496081,0.6750543585394495,11.181568990857091,away_favorite,7-14,wk5-9
2023,9,Hawai'i,San José State,Mountain West,Mountain West,False,0,0.3555402660678484,0.13545299458869567,-35.0,-6.458102742583279,-0.49432823700963663,-0.22129810285033857,-0.7828893091982005,-0.19158699222919057,-0.5794010462065664,-0.2050266441664665,0.4185234717818396,0.7675618102857765,-0.3555402660678484,-28.54189725741672,away_favorite,3-7,wk5-9
2023,10,Central Michigan,Northern Illinois,Mid-American,Mid-American,False,1,0.5538731517226123,0.38277496909505365,6.0,2.3544905393737485,-0.2862993756438244,-0.10233230870151444,-0.07692644732909146,-0.397314361092139,-0.11409494293397643,0.10245656515656035,-0.7342215672245825,0.4782273981048814,0.4461268482773877,3.6455094606262515,home_favorite,0-3,wk10+
2023,10,Toledo,Buffalo,Mid-American,Mid-American,False,1,0.7831764759398747,0.7436345220073278,18.0,13.135738277801178,0.07066432455393393,-0.4569835719510263,0.08136302361814768,-0.35239521736974583,0.637383743679397,-0.6621002665372103,1.2451932208701106,0.26237474139849937,0.21682352406012528,4.8642617221988225,home_favorite,7-14,wk10+
2023,10,Bowling Green,Ball State,Mid-American,Mid-American,False,1,0.45005279826895594,0.7369947605406894,3.0,-2.4932519219665092,-0.6644267465678799,-0.1826563577684907,-0.3551603333141783,-0.31972465127163585,-0.5945630836188007,-0.0021404372139848804,-1.005185540536849,-1.1751121000716602,0.549947201731044,5.493251921966509,away_favorite,0-3,wk10+
2023,10,Akron,Kent State,Mid-American,Mid-American,False,1,0.5727371306026136,0.5215733330511455,4.0,2.2912782292400067,-0.710138182890411,-0.270284374476359,-0.41561156800514676,-0.47497495272716855,-0.5959787031561681,-0.7012014745074868,0.9420809795377444,-2.0385227268971877,0.42726286939738645,1.7087217707599933,home_favorite,0-3,wk10+
2023,10,Texas Tech,TCU,Big 12,Big 12,False,1,0.7571789132988693,0.5658152030692333,7.0,11.316588305014744,0.515509644039595,0.4499223930232929,0.7168056618033802,0.2366765924582746,1.003357326786876,0.7442547505378025,1.130377977941184,-1.7170400466961933,0.24282108670113067,-4.3165883050147436,home_favorite,7-14,wk10+
2023,10,Troy,South Alabama,Sun Belt,Sun Belt,False,1,0.435453547115437,0.5728722513945045,18.0,-2.917606486736261,-0.02551863634277693,0.26303546888487594,0.29897433417023855,0.3771592240932874,0.487480394574488,0.602163298983164,0.198078205358301,1.5528980719196335,0.564546452884563,20.91760648673626,away_favorite,0-3,wk10+
2023,10,Duke,Wake Forest,ACC,ACC,False,1,0.7549944712673426,0.7711142606875975,3.0,11.270458149925178,0.6537171385903878,0.22446288101824607,0.4355508201314138,0.30250839911676397,1.0474818720665344,0.4004229278841898,2.1637151643015224,-0.4862206424981013,0.24500552873265735,-8.270458149925178,home_favorite,7-14,wk10+
2023,10,Syracuse,Boston College,ACC,ACC,False,0,0.724610239149908,0.6240017586176672,-7.0,9.631283903594078,0.4508137188956032,-0.18280916848641673,0.22303625584532816,0.34712445159031347,0.7363255846632867,0.6125562545199632,1.1441558070926552,-0.6699250311843836,-0.724610239149908,-16.631283903594078,home_favorite,7-14,wk10+
2023,10,Wyoming,Colorado State,Mountain West,Mountain West,False,1,0.7353818307660563,0.7256856462717871,9.0,10.618065216133434,-0.17841761218288843,-1.1663785759655982,-0.419967266354785,-0.37180891169769514,-0.346481447349288,-0.6361179750245602,1.0155627350122574,1.8468250938176856,0.26461816923394366,-1.6180652161334343,home_favorite,7-14,wk10+
2023,10,Texas,Kansas State,Big 12,Big 12,False,1,0.7789553364162572,0.5344839447268315,3.0,13.061201398471676,0.8591961219118145,0.33433431405661024,0.7402555903609682,0.2653449641523497,1.191899003889607,0.7233731532028829,0.42311608149899665,-0.12799708455985057,0.22104466358374275,-10.061201398471676,home_favorite,7-14,wk10+
2023,10,Indiana,Wisconsin,Big Ten,Big Ten,False,1,0.17432761495402554,0.15097955721132328,6.0,-16.501285947472738,-0.24971236616623382,0.5821256967713808,-0.13162851358264788,0.8237507245061261,-0.3272073289184556,1.0962046434246095,-0.7342215672245825,0.2485969122470282,0.8256723850459744,22.501285947472738,away_favorite,14-21,wk10+
2023,10,Florida,Arkansas,SEC,SEC,False,0,0.4500904020766775,0.5868950233791,-3.0,-2.0734210866686036,0.46056343904577124,0.7004076706610693,0.34335522046626216,0.44942853514442527,0.8758171764635061,1.3655497356407373,-0.692888079770169,0.2899303997014418,-0.4500904020766775,-0.9265789133313964,away_favorite,0-3,wk10+
2023,10,Ole Miss,Texas A&M,SEC,SEC,False,1,0.8302082444403184,0.5487743358597419,3.0,16.426663017824662,1.106632594639687,0.031102388922785135,0.7845764884392443,0.42944664754024253,2.1937898823118824,0.475528454441267,0.45985695923625314,0.5976352507509651,0.16979175555968162,-13.426663017824662,home_favorite,14-21,wk10+
2023,10,Tennessee,UConn,SEC,FBS Independents,False,1,0.8722989260863974,0.9866899192234028,56.0,20.114895432526794,1.0841946847875303,-0.004798114176203461,0.6205223225289204,-0.17706372633717848,0.9385520633441409,0.27224399511881137,-0.4402945453265307,0.5103756661249809,0.12770107391360264,35.885104567473206,home_favorite,14-21,wk10+
2023,10,Clemson,Notre Dame,ACC,FBS Independents,False,1,0.6959457622130893,0.2054180849637705,8.0,8.478788907573593,0.7025514192826063,0.6989749573708443,0.8664514561048966,0.3811068112814033,1.0765060974408893,1.2167301559688055,0.15215210818673036,-0.7939254935476244,0.30405423778691065,-0.47878890757359294,home_favorite,7-14,wk10+
2023,10,Rutgers,Ohio State,Big Ten,Big Ten,False,0,0.09803123816062415,0.04113917476348776,-19.0,-22.87168659175643,-0.23493473784228922,1.3093888220744065,0.09055722028728301,0.9906614612087419,-0.04614707402672731,1.6789128210759592,-0.3622201801348606,0.5792648118823368,-0.09803123816062415,3.871686591756429,away_favorite,21+,wk10+
2023,10,Michigan State,Nebraska,Big Ten,Big Ten,False,1,0.763164300995087,0.41171002813683716,3.0,12.245724988901207,0.26927203437458447,-0.2260394350752677,0.055093826243264685,-0.39066608138210746,0.3699298587787698,-0.4974626635503939,-1.4139278053638276,-1.7354104855648216,0.23683569900491297,-9.245724988901207,home_favorite,7-14,wk10+
2023,10,Utah,Arizona State,Pac-12,Pac-12,False,1,0.7886424135800714,0.871792578033144,52.0,13.732595776441883,0.5679887824883925,0.09457290815026191,0.4210443555164438,-0.17460659007691695,0.5694159746748113,0.27987129422579976,0.9283031503862732,0.43230130093331076,0.21135758641992863,38.26740422355812,home_favorite,7-14,wk10+
2023,10,Virginia,Georgia Tech,ACC,ACC,False,0,0.4652365370774043,0.6062878237854281,-28.0,-1.8851538565145356,-0.3791608999134578,-0.3311541351988871,-0.08857421822997416,0.1958606284113662,-0.4674149174628147,-0.11958631362384058,-1.4093351956466704,-0.697480689487326,-0.4652365370774043,-26.114846143485465,away_favorite,0-3,wk10+
2023,10,Temple,Navy,American Athletic,American Athletic,False,1,0.6326314079850374,0.11011215781886716,14.0,5.109676835434163,-0.22727217927643267,-0.5616604936600735,0.056919427533824146,0.18205457881268972,0.12848921091227408,-0.7111887929999674,1.1028223196382416,0.42770869121615374,0.36736859201496264,8.890323164565837,home_favorite,3-7,wk10+
2023,10,Air Force,Army,Mountain West,FBS Independents,True,0,0.5495193949434424,0.9506787811338805,-20.0,2.783383797767182,0.10314709812913568,0.08708936107427481,0.015034381095965652,-0.347504719584344,-0.24719935216644,-0.1311376446389739,-0.7342215672245825,-0.08207098738827993,-0.5495193949434424,-22.783383797767183,home_favorite,0-3,wk10+
2023,10,North Texas,UTSA,American Athletic,American Athletic,False,0,0.2507496403320987,0.2789217568024399,-8.0,-11.319952245147734,0.196728133855995,0.4789094632711999,-0.34498610300361005,0.5310521922028699,0.44085671000657123,0.971689909467077,-0.4678502036294731,1.5345276330510051,-0.2507496403320987,3.319952245147734,away_favorite,7-14,wk10+
2023,10,Arkansas State,Louisiana,Sun Belt,Sun Belt,False,1,0.32257151913008486,0.08491088893958132,20.0,-7.767727255655521,-0.5929555798293826,-0.23953314391495661,-0.6067508138288651,-0.1912765133313639,-0.7060031731819316,-0.05226613641080197,-1.5562987065956964,0.593042641033808,0.6774284808699151,27.767727255655522,away_favorite,7-14,wk10+
2023,10,UAB,Florida Atlantic,American Athletic,American Athletic,False,1,0.5453507713065209,0.4741190691088309,3.0,2.0281883743849467,0.1099561672139608,0.14562229598969717,-0.2539049759165775,-0.2575944295529683,-0.004387897256460743,0.30958410237034184,-0.5688876174069283,-0.33007191211476117,0.4546492286934791,0.9718116256150533,home_favorite,0-3,wk10+
2023,10,Memphis,South Florida,American Athletic,American Athletic,False,1,0.6923227423323944,0.936673124689052,9.0,8.732700388669905,0.254553768890951,0.27784674588446345,0.06023239852888315,-0.5465027522197337,0.5657719276103006,-0.1586521649468116,-0.03155228049955222,-0.25199754692309106,0.30767725766760556,0.2672996113300954,home_favorite,7-14,wk10+
2023,10,Pittsburgh,Florida State,ACC,ACC,False,0,0.25744175263332914,0.06164091317884652,-17.0,-11.14364615551559,0.27391270661730216,1.2817186700217271,0.8086069283255624,0.9090674402168905,0.6211069613383935,2.1898556681842836,-0.9133333461937079,1.2268227820014823,-0.25744175263332914,-5.85635384448441,away_favorite,7-14,wk10+
2023,10,Maryland,Penn State,Big Ten,Big Ten,False,0,0.3310973867042768,0.19257581832872078,-36.0,-8.298252740131808,0.286051122574763,0.6613864479356941,0.31296374516962955,1.2119182327426798,0.49914807390511523,1.0598032470221044,1.2222301722843254,-0.4127388870235883,-0.3310973867042768,-27.701747259868192,away_favorite,7-14,wk10+
2023,10,Georgia State,James Madison,Sun Belt,Sun Belt,False,0,0.5015680023695919,0.34158547908308745,-28.0,-0.9539332838076882,0.0024451543039760368,-0.04378291406995144,-0.026632666124038522,0.6790419599142155,0.10088656550547889,-0.178614733101724,0.7813396394372472,-1.914522264533947,-0.5015680023695919,-27.04606671619231,home_favorite,0-3,wk10+
2023,10,Northwestern,Iowa,Big Ten,Big Ten,True,0,0.3393519514732529,0.1562177520757074,-3.0,-7.359955186291822,-0.11579932990230797,-0.24347668644732437,-0.18165323266884587,0.7779622545972127,-0.056215076024159455,0.4262783490162774,0.6389687382053787,-0.49999847164957256,-0.3393519514732529,4.359955186291822,away_favorite,7-14,wk10+
2023,10,Oklahoma State,Oklahoma,Big 12,Big 12,False,1,0.2699853777123591,0.2179019838686814,3.0,-10.581972286162104,-0.07328944652684084,0.866688739384244,0.20299360581490863,0.4561471669147359,0.26474087176081285,1.2886933332062627,-1.0005929308196921,0.04192947497496081,0.7300146222876409,13.581972286162104,away_favorite,7-14,wk10+
2023,10,Louisville,Virginia Tech,ACC,ACC,False,1,0.6922571526085612,0.8029091701538159,31.0,8.570598852857849,0.4918521824142142,0.17707767997410462,0.949316972200136,0.39369492627811786,1.118877762375842,0.48086258903811563,-1.3174830013035292,0.6114130799024363,0.30774284739143876,22.42940114714215,home_favorite,7-14,wk10+
2023,10,Baylor,Houston,Big 12,Big 12,False,0,0.6535467274575617,0.550199353253537,-1.0,6.271302743662114,0.5242238357458981,0.37940089591931603,0.34115604588644793,0.33739222858730844,0.6764725740707305,0.5731670654983456,0.5838574215994939,-1.303705172152058,-0.6535467274575617,-7.271302743662114,home_favorite,3-7,wk10+
2023,10,Cincinnati,UCF,Big 12,Big 12,False,0,0.3343693857952791,0.48130022207044143,-2.0,-7.150380159455363,0.12287211845808432,0.7733345158510692,0.5968835587705881,0.5657689319585146,0.6288772967385176,1.2006562177678946,-2.070670994917287,0.7445987616999912,-0.3343693857952791,5.150380159455363,away_favorite,7-14,wk10+
2023,10,Old Dominion,Coastal Carolina,Sun Belt,Sun Belt,False,0,0.21582769560655252,0.4469531048305375,-4.0,-13.383554498162363,-0.768384655628732,0.1119415329892882,-0.31024981927164536,0.005508797484679015,-0.9291470876629488,-0.17839099639816575,-1.4093351956466704,1.8238620452319003,-0.21582769560655252,9.383554498162363,away_favorite,7-14,wk10+
2023,10,Georgia,Missouri,SEC,SEC,False,1,0.7742492756554387,0.9490338639240656,9.0,12.898024590924656,1.1463451158952913,0.3545179088647726,1.1266941754761852,0.7303233668843929,1.3183855309383326,1.108127382449305,-0.4035536675892742,0.6114130799024363,0.22575072434456134,-3.8980245909246563,home_favorite,7-14,wk10+
2023,10,East Carolina,Tulane,American Athletic,American Athletic,False,0,0.25721157631235025,0.21111293178984536,-3.0,-10.889952590580224,-0.11187386053759307,0.575718275558827,-0.2618147945413636,0.1394255042167716,-0.5553698681804995,0.7449443253797784,-1.974226190856989,0.25778213168134234,-0.25721157631235025,7.889952590580224,away_favorite,7-14,wk10+
2023,10,Minnesota,Illinois,Big Ten,Big Ten,False,0,0.5058596371114986,0.7117225243427553,-1.0,-0.1671393198590163,0.7639970682812712,0.34689241390513637,0.32991054604468,1.0554650101786645,0.8815566522748837,0.6391265922933171,-0.49999847164957256,-0.9041481267593937,-0.5058596371114986,-0.8328606801409837,home_favorite,0-3,wk10+
2023,10,Southern Miss,UL Monroe,Sun Belt,Sun Belt,False,1,0.6919733190383648,0.6532171672188698,17.0,7.946606275416534,-0.6629724131015422,-0.45717763213348583,0.09798411397243609,-0.5277208163038407,-0.5155972173386771,-0.98689444337503,0.28074518026712764,-0.9500742239309643,0.3080266809616352,9.053393724583465,home_favorite,7-14,wk10+
2023,10,Tulsa,Charlotte,American Athletic,American Athletic,False,0,0.6910132227804202,0.5014391117091528,-7.0,8.42399000174439,-0.33541743882541974,-0.28623906937172755,-0.2671416908170505,-0.8415237842100753,-0.5085249949527217,-0.669220057347783,-1.1751121000716602,-1.7170400466961933,-0.6910132227804202,-15.42399000174439,home_favorite,7-14,wk10+
2023,10,Nevada,Hawai'i,Mountain West,Mountain West,False,0,0.440389207546773,0.8391753178526756,-13.0,-2.4286758773080006,-0.8658120132909504,-0.49432823700963663,-0.6914754841197777,-0.7828893091982005,-1.016052467078713,-0.5794010462065664,-1.3450386596064716,0.4185234717818396,-0.440389207546773,-10.571324122692,away_favorite,0-3,wk10+
2023,10,Vanderbilt,Auburn,SEC,SEC,False,0,0.21060106248146496,0.19168232745054142,-16.0,-13.824162920009824,-0.0910247013457735,0.5316184656724501,-0.43193090812184237,0.44989105507967875,-0.37840538380705196,1.277960590513194,0.0051885972377042925,1.2360080014357966,-0.21060106248146496,-2.175837079990176,away_favorite,7-14,wk10+
2023,10,Texas State,Georgia Southern,Sun Belt,Sun Belt,False,1,0.49959242118509606,0.39646368147382194,21.0,-0.11468605419378441,-0.37597069482241074,0.17467076819119243,-0.1940869335517469,-0.46560580741821067,-0.5644367009102549,-0.2671973459239507,-0.22444188862014894,-0.29333103437750463,0.5004075788149039,21.114686054193783,away_favorite,0-3,wk10+
2023,10,Oregon,California,Pac-12,Pac-12,False,1,0.9456221101892252,0.934593240137214,44.0,28.364126873267992,1.1340125634988487,-0.3413840429136505,0.5284829862483077,-0.3941241063132336,1.2883131135219028,-0.15125254861746115,1.3278601957789378,-0.34384974126623236,0.05437788981077485,15.635873126732008,home_favorite,21+,wk10+
2023,10,New Mexico State,Middle Tennessee,Conference USA,Conference USA,False,1,0.39772154173730423,0.6775605800851006,6.0,-5.353286336900316,-0.7457367963820141,-0.4773380997970505,-0.7424332523989321,0.05140314936853929,-1.5668323626239595,-0.4911014072535398,1.4931941455965916,-0.8306663712848806,0.6022784582626958,11.353286336900316,away_favorite,3-7,wk10+
2023,10,App State,Marshall,Sun Belt,Sun Belt,False,1,0.5056743646002468,0.7117225243427553,22.0,-0.0781112017450516,0.38833040228851906,-0.00859676233181892,-0.030334410072811322,0.6213016570785244,-0.013756301848078478,0.14260519221753193,-0.20147884003436362,-0.22903449833730574,0.49432563539975316,22.078111201745052,home_favorite,0-3,wk10+
2023,10,New Mexico,UNLV,Mountain West,Mountain West,False,0,0.3949678665340699,0.18206236894188432,-42.0,-4.782041506313125,-1.1174561076530456,-0.37658442628790717,-0.5026551145509015,-0.6241061589448246,-1.0919206815709228,-0.6253307729291482,-0.35762757041770354,0.48741261753919557,-0.3949678665340699,-37.21795849368687,away_favorite,3-7,wk10+
2023,10,Liberty,Louisiana Tech,Conference USA,Conference USA,False,1,0.6594048168450788,0.9287326342558504,26.0,6.592872778232613,-0.74433453293325,-0.6488891804823338,-0.20652313154832908,-0.6849193101661031,-1.4034068984418524,-0.8324157488424989,-0.320886692680447,-0.7020732992044831,0.3405951831549212,19.407127221767386,home_favorite,3-7,wk10+
2023,10,West Virginia,BYU,Big 12,Big 12,False,1,0.8089667290915863,0.6212967231224545,30.0,15.247322760249492,0.48347859193720943,-0.023362613356900958,0.11196340492606535,-0.6192321057770398,0.586269119046254,-0.649146326516953,-0.766369835244682,-1.0281485891226345,0.1910332709084137,14.752677239750508,home_favorite,14-21,wk10+
2023,10,Iowa State,Kansas,Big 12,Big 12,False,0,0.27992693403049873,0.6479830132503057,-7.0,-9.876876871442558,-0.250339828894296,0.7600005008104023,0.0777884049207806,0.11577506565104895,-0.11473503093963174,1.1495282119357215,0.5517091535793944,2.228011700341721,-0.27992693403049873,2.8768768714425583,away_favorite,7-14,wk10+
2023,10,San Diego State,Utah State,Mountain West,Mountain West,False,0,0.6946629641749994,0.5316182978281073,-8.0,7.983846886016375,-0.7246783166714378,-0.5673467745519516,0.0673428206067119,-0.49242249762486584,-0.3473224899880366,-0.7359548079670655,1.203859733415697,-0.2336271080544628,-0.6946629641749994,-15.983846886016375,home_favorite,7-14,wk10+
2023,10,Mississippi State,Kentucky,SEC,SEC,False,0,0.6926401085579252,0.47986327796418354,-21.0,8.214532482943152,0.6170267819556852,0.1247644512138836,0.598954471305835,0.5576604614405278,0.6930226992997115,0.8526216638424875,0.303708228852913,-0.16933057201426416,-0.6926401085579252,-29.214532482943152,home_favorite,7-14,wk10+
2023,10,USC,Washington,Pac-12,Pac-12,False,0,0.5410460820040801,0.4540780772195163,-10.0,2.05435764434319,0.9887590842273962,0.9384573987940776,0.3795999301950197,0.41534463966606056,1.606495467012095,1.2963308045849096,1.0293405641637285,1.6952689731515025,-0.5410460820040801,-12.05435764434319,home_favorite,0-3,wk10+
2023,10,Rice,SMU,American Athletic,American Athletic,False,0,0.23984187880199795,0.09331596833848053,-5.0,-12.349611309606487,-0.5695919779370359,0.5241444555366424,-0.43250463665542915,-0.01571127979144718,-0.409505417121755,0.6506435957671813,-0.4265167161750595,-0.463257593912316,-0.23984187880199795,7.3496113096064875,away_favorite,7-14,wk10+
2023,10,Michigan,Purdue,Big Ten,Big Ten,False,1,0.8980876110495277,0.9903772181226684,28.0,21.975160568371784,1.102243714891112,0.3256225303921783,0.9387980903289125,-0.0018334652117142618,1.6173394655199231,0.028925308792110055,1.1900819042642259,-0.7985181032647815,0.10191238895047228,6.024839431628216,home_favorite,21+,wk10+
2023,10,Alabama,LSU,SEC,SEC,False,1,0.32532344426457804,0.6427130688326204,14.0,-7.626988365086371,0.6810517971092649,1.3329528001992774,0.9303818385923752,1.0455562393080646,1.037002366692919,1.928998589089033,-0.5597023979726141,1.5023793650309059,0.674676555735422,21.62698836508637,away_favorite,7-14,wk10+
2023,10,NC State,Miami,ACC,ACC,False,1,0.37578724532672647,0.5115108912177917,14.0,-5.660407054058943,0.08390719679035817,0.5065919476536248,0.5068269947116868,0.7333269882611695,0.4200053656030124,1.17180381017046,-0.6102211048613418,0.661931786791164,0.6242127546732735,19.660407054058943,away_favorite,3-7,wk10+
2023,10,Washington State,Stanford,Pac-12,Pac-12,False,0,0.7163504015139155,0.840723042661615,-3.0,9.396596140555781,-0.16664090390986416,-0.33610958925571993,0.08657978641373024,-0.3445386457235647,-0.14851496917204193,-0.48308134945702524,0.2899303997014418,-0.5780728368412423,-0.7163504015139155,-12.396596140555781,home_favorite,7-14,wk10+
2023,10,UTEP,Western Kentucky,Conference USA,Conference USA,False,0,0.4507121967042784,0.1753046865538316,-8.0,-2.487781228554823,-0.3427323649154572,0.1683396982586367,-0.021993780992519515,0.0020392779701367825,-0.24132334451766319,0.34808086470443733,0.08785557214653145,-0.22903449833730574,-0.4507121967042784,-5.512218771445177,away_favorite,0-3,wk10+
2023,10,Fresno State,Boise State,Mountain West,Mountain West,False,1,0.3108449984550473,0.7741479777018306,7.0,-8.072222693904052,-0.07370906602024649,0.18706313489443946,-0.1450177456853332,0.23625377722406615,-0.23840285808829256,0.42865397025611873,-1.5930395843329526,1.8514177035348427,0.6891550015449527,15.072222693904052,away_favorite,7-14,wk10+
2023,10,Colorado,Oregon State,Pac-12,Pac-12,False,0,0.10236484773970131,0.07885479311008708,-7.0,-22.245742993886516,-0.5593401800157364,0.503259833260083,-0.5489387139606516,0.6285137850640361,-0.23890555755661164,0.9036913516381501,-2.0247448977457165,0.04192947497496081,-0.10236484773970131,15.245742993886516,away_favorite,21+,wk10+
2023,10,Arizona,UCLA,Pac-12,Pac-12,False,1,0.48545318683628214,0.4512256641402582,17.0,-0.9961604871380842,0.24324101097309347,0.5284788902234026,-0.37819007028377194,0.030251345268909574,0.5258047151333497,0.5256867225632731,1.5069719747480628,-1.087852515445676,0.5145468131637179,17.996160487138084,away_favorite,0-3,wk10+
2023,11,Western Michigan,Central Michigan,Mid-American,Mid-American,False,1,0.4380819757850977,0.6453524504393825,10.0,-3.499189661506298,-0.9725563663803848,-0.2862993756438244,-0.08662589036081991,-0.07692644732909146,-0.6691449997450155,-0.11409494293397643,0.23941169281271407,-0.7342215672245825,0.5619180242149022,13.499189661506298,away_favorite,3-7,wk10+
2023,11,Northern Illinois,Ball State,Mid-American,Mid-American,False,0,0.6145665945789343,0.8460451004320948,-3.0,4.591731333601448,-0.10233230870151444,-0.1826563577684907,-0.397314361092139,-0.31972465127163585,0.10245656515656035,-0.0021404372139848804,0.4782273981048814,-1.1751121000716602,-0.6145665945789343,-7.591731333601448,home_favorite,3-7,wk10+
2023,11,Buffalo,Ohio,Mid-American,Mid-American,False,0,0.32851699686122815,0.3854986389914422,-10.0,-7.513422039166848,-0.4569835719510263,0.15144066625442495,-0.35239521736974583,-0.1436057425940429,-0.6621002665372103,0.3975104255425919,0.26237474139849937,1.8514177035348427,-0.32851699686122815,-2.486577960833152,away_favorite,7-14,wk10+
2023,11,Kent State,Bowling Green,Mid-American,Mid-American,False,0,0.5912510077912319,0.3351420214452352,-30.0,3.892413546883521,-0.270284374476359,-0.6644267465678799,-0.47497495272716855,-0.3551603333141783,-0.7012014745074868,-0.5945630836188007,-2.0385227268971877,-1.005185540536849,-0.5912510077912319,-33.89241354688352,home_favorite,3-7,wk10+
2023,11,Miami (OH),Akron,Mid-American,Mid-American,False,1,0.6237941220098878,0.9470491982010917,19.0,5.087439623610065,-0.4707185780773897,-0.710138182890411,-0.3524832274143823,-0.41561156800514676,-0.41866249373963993,-0.5959787031561681,0.7216357131142058,0.9420809795377444,0.3762058779901122,13.912560376389935,home_favorite,3-7,wk10+
2023,11,Toledo,Eastern Michigan,Mid-American,Mid-American,False,1,0.775357551378503,0.8437822479242926,26.0,12.869147975434354,0.07066432455393393,-0.011713218245868781,0.08136302361814768,-0.7113479378628454,0.637383743679397,-0.2507992347021015,1.2451932208701106,-0.06829315823680873,0.22464244862149696,13.130852024565646,home_favorite,7-14,wk10+
2023,11,Louisville,Virginia,ACC,ACC,False,1,0.8917347059853942,0.9635761343868098,7.0,21.281775115793458,0.4918521824142142,-0.3791608999134578,0.949316972200136,-0.08857421822997416,1.118877762375842,-0.4674149174628147,-1.3174830013035292,-1.4093351956466704,0.10826529401460583,-14.281775115793458,home_favorite,21+,wk10+
2023,11,Louisiana,Southern Miss,Sun Belt,Sun Belt,False,0,0.6045125228288153,0.9027140342685218,-3.0,3.976916324699241,-0.23953314391495661,-0.6629724131015422,-0.1912765133313639,0.09798411397243609,-0.05226613641080197,-0.5155972173386771,0.593042641033808,0.28074518026712764,-0.6045125228288153,-6.976916324699241,home_favorite,3-7,wk10+
2023,11,SMU,North Texas,American Athletic,American Athletic,False,1,0.7006197464935838,0.9185996494207047,24.0,9.20983288208599,0.5241444555366424,0.196728133855995,-0.01571127979144718,-0.34498610300361005,0.6506435957671813,0.44085671000657123,-0.463257593912316,-0.4678502036294731,0.29938025350641617,14.79016711791401,home_favorite,7-14,wk10+
2023,11,UNLV,Wyoming,Mountain West,Mountain West,False,1,0.451714013526338,0.7544540419421866,20.0,-2.051277145092171,-0.37658442628790717,-0.17841761218288843,-0.6241061589448246,-0.419967266354785,-0.6253307729291482,-0.346481447349288,0.48741261753919557,1.0155627350122574,0.548285986473662,22.051277145092172,away_favorite,0-3,wk10+
2023,11,Kentucky,Alabama,SEC,SEC,False,0,0.3667326341059688,0.14805165414742621,-28.0,-6.417664949568453,0.1247644512138836,0.6810517971092649,0.5576604614405278,0.9303818385923752,0.8526216638424875,1.037002366692919,-0.16933057201426416,-0.5597023979726141,-0.3667326341059688,-21.582335050431546,away_favorite,3-7,wk10+
2023,11,Kansas,Texas Tech,Big 12,Big 12,False,0,0.5156151518005467,0.5601501452319029,-3.0,0.36496729885051993,0.7600005008104023,0.515509644039595,0.11577506565104895,0.7168056618033802,1.1495282119357215,1.003357326786876,2.228011700341721,1.130377977941184,-0.5156151518005467,-3.36496729885052,home_favorite,0-3,wk10+
2023,11,Tulane,Tulsa,American Athletic,American Athletic,False,1,0.8443740272831477,0.9683034863911132,2.0,17.319007391057625,0.575718275558827,-0.33541743882541974,0.1394255042167716,-0.2671416908170505,0.7449443253797784,-0.5085249949527217,0.25778213168134234,-1.1751121000716602,0.1556259727168523,-15.319007391057625,home_favorite,14-21,wk10+
2023,11,Clemson,Georgia Tech,ACC,ACC,False,1,0.881554644340705,0.8948627896440804,21.0,20.190816493937305,0.7025514192826063,-0.3311541351988871,0.8664514561048966,0.1958606284113662,1.0765060974408893,-0.11958631362384058,0.15215210818673036,-0.697480689487326,0.11844535565929504,0.8091835060626948,home_favorite,14-21,wk10+
2023,11,Boston College,Virginia Tech,ACC,ACC,False,0,0.42967176498026965,0.44268836623770724,-26.0,-3.2925119526089324,-0.18280916848641673,0.17707767997410462,0.34712445159031347,0.39369492627811786,0.6125562545199632,0.48086258903811563,-0.6699250311843836,0.6114130799024363,-0.42967176498026965,-22.707488047391067,away_favorite,3-7,wk10+
2023,11,Illinois,Indiana,Big Ten,Big Ten,False,1,0.8746880268589858,0.7898441797581306,3.0,19.707003988084118,0.34689241390513637,-0.24971236616623382,1.0554650101786645,-0.13162851358264788,0.6391265922933171,-0.3272073289184556,-0.9041481267593937,-0.7342215672245825,0.12531197314101417,-16.707003988084118,home_favorite,14-21,wk10+
2023,11,South Carolina,Vanderbilt,SEC,SEC,False,1,0.7660316013020457,0.8597585194581956,41.0,12.41211309916807,0.2861779509896529,-0.0910247013457735,0.11924918811234493,-0.43193090812184237,0.6040071113848782,-0.37840538380705196,0.5425239341450803,0.0051885972377042925,0.23396839869795427,28.58788690083193,home_favorite,7-14,wk10+
2023,11,Penn State,Michigan,Big Ten,Big Ten,False,0,0.4726270277929282,0.39233893587318014,-9.0,-1.237990900108786,0.6613864479356941,1.102243714891112,1.2119182327426798,0.9387980903289125,1.0598032470221044,1.6173394655199231,-0.4127388870235883,1.1900819042642259,-0.4726270277929282,-7.762009099891214,away_favorite,0-3,wk10+
2023,11,Nebraska,Maryland,Big Ten,Big Ten,False,0,0.2182305615631706,0.46694860611555894,-3.0,-13.13010264198179,-0.2260394350752677,0.286051122574763,-0.39066608138210746,0.31296374516962955,-0.4974626635503939,0.49914807390511523,-1.7354104855648216,1.2222301722843254,-0.2182305615631706,10.13010264198179,away_favorite,7-14,wk10+
2023,11,South Florida,Temple,American Athletic,American Athletic,False,1,0.4941783916295299,0.7992399910868982,4.0,-0.03558486633688229,0.27784674588446345,-0.22727217927643267,-0.5465027522197337,0.056919427533824146,-0.1586521649468116,0.12848921091227408,-0.25199754692309106,1.1028223196382416,0.5058216083704701,4.035584866336882,away_favorite,0-3,wk10+
2023,11,Liberty,Old Dominion,Conference USA,Sun Belt,False,1,0.6276646345325786,0.8672208959675437,28.0,4.812865701639931,-0.74433453293325,-0.768384655628732,-0.20652313154832908,-0.31024981927164536,-1.4034068984418524,-0.9291470876629488,-0.320886692680447,-1.4093351956466704,0.3723353654674214,23.187134298360068,home_favorite,3-7,wk10+
2023,11,Colorado,Arizona,Pac-12,Pac-12,False,0,0.24493186136170536,0.16874608434795343,-3.0,-11.319667218299868,-0.5593401800157364,0.24324101097309347,-0.5489387139606516,-0.37819007028377194,-0.23890555755661164,0.5258047151333497,-2.0247448977457165,1.5069719747480628,-0.24493186136170536,8.319667218299868,away_favorite,7-14,wk10+
2023,11,Wake Forest,NC State,ACC,ACC,False,0,0.5533071232774103,0.4913661641789174,-20.0,1.861170734035756,0.22446288101824607,0.08390719679035817,0.30250839911676397,0.5068269947116868,0.4004229278841898,0.4200053656030124,-0.4862206424981013,-0.6102211048613418,-0.5533071232774103,-21.861170734035756,home_favorite,0-3,wk10+
2023,11,James Madison,UConn,Sun Belt,FBS Independents,False,1,0.6667188731035703,0.9805477980915618,38.0,7.469788166952544,-0.04378291406995144,-0.004798114176203461,0.6790419599142155,-0.17706372633717848,-0.178614733101724,0.27224399511881137,-1.914522264533947,0.5103756661249809,0.33328112689642975,30.530211833047456,home_favorite,7-14,wk10+
2023,11,Georgia State,App State,Sun Belt,Sun Belt,False,0,0.5059438983816423,0.42150324765525726,-28.0,-0.027044222711644306,0.0024451543039760368,0.38833040228851906,-0.026632666124038522,-0.030334410072811322,0.10088656550547889,-0.013756301848078478,0.7813396394372472,-0.20147884003436362,-0.5059438983816423,-27.972955777288355,home_favorite,0-3,wk10+
2023,11,UL Monroe,Troy,Sun Belt,Sun Belt,False,0,0.2559917386104481,0.033325766177210586,-31.0,-11.445246475624371,-0.45717763213348583,-0.02551863634277693,-0.5277208163038407,0.29897433417023855,-0.98689444337503,0.487480394574488,-0.9500742239309643,0.198078205358301,-0.2559917386104481,-19.554753524375627,away_favorite,7-14,wk10+
2023,11,Charlotte,Memphis,American Athletic,American Athletic,False,0,0.2096863958648829,0.12252748567058044,-6.0,-13.688100018843029,-0.28623906937172755,0.254553768890951,-0.8415237842100753,0.06023239852888315,-0.669220057347783,0.5657719276103006,-1.7170400466961933,-0.03155228049955222,-0.2096863958648829,7.688100018843029,away_favorite,7-14,wk10+
2023,11,Utah State,Nevada,Mountain West,Mountain West,False,1,0.7030871806556285,0.8279993802611698,17.0,8.67140261562787,-0.5673467745519516,-0.8658120132909504,-0.49242249762486584,-0.6914754841197777,-0.7359548079670655,-1.016052467078713,-0.2336271080544628,-1.3450386596064716,0.2969128193443715,8.32859738437213,home_favorite,7-14,wk10+
2023,11,Kansas State,Baylor,Big 12,Big 12,False,1,0.4776121601380776,0.9661133917396642,34.0,-0.9776097537509196,0.33433431405661024,0.5242238357458981,0.2653449641523497,0.34115604588644793,0.7233731532028829,0.6764725740707305,-0.12799708455985057,0.5838574215994939,0.5223878398619224,34.97760975375092,away_favorite,0-3,wk10+
2023,11,Purdue,Minnesota,Big Ten,Big Ten,False,1,0.37613092872627607,0.39233893587318014,19.0,-5.34845657644485,0.3256225303921783,0.7639970682812712,-0.0018334652117142618,0.32991054604468,0.028925308792110055,0.8815566522748837,-0.7985181032647815,-0.49999847164957256,0.6238690712737239,24.34845657644485,away_favorite,3-7,wk10+
2023,11,Navy,UAB,American Athletic,American Athletic,False,1,0.5421999813763428,0.5057562084111449,25.0,1.2480699448211339,-0.5616604936600735,0.1099561672139608,0.18205457881268972,-0.2539049759165775,-0.7111887929999674,-0.004387897256460743,0.42770869121615374,-0.5688876174069283,0.45780001862365716,23.751930055178867,home_favorite,0-3,wk10+
2023,11,Florida State,Miami,ACC,ACC,False,1,0.7711543614146303,0.94128855387098,7.0,12.584372006933279,1.2817186700217271,0.5065919476536248,0.9090674402168905,0.7333269882611695,2.1898556681842836,1.17180381017046,1.2268227820014823,0.661931786791164,0.22884563858536966,-5.584372006933279,home_favorite,7-14,wk10+
2023,11,Wisconsin,Northwestern,Big Ten,Big Ten,False,0,0.8610960361392188,0.8768522650807969,-14.0,18.79462878815888,0.5821256967713808,-0.11579932990230797,0.8237507245061261,-0.18165323266884587,1.0962046434246095,-0.056215076024159455,0.2485969122470282,0.6389687382053787,-0.8610960361392188,-32.79462878815888,home_favorite,14-21,wk10+
2023,11,Middle Tennessee,Florida International,Conference USA,Conference USA,False,1,0.6610447354251203,0.8445395282300351,34.0,7.0851591757652645,-0.4773380997970505,-0.48370284428682786,0.05140314936853929,-0.6126766173752338,-0.4911014072535398,-0.42403506926336265,-0.8306663712848806,0.7445987616999912,0.3389552645748797,26.914840824234737,home_favorite,7-14,wk10+
2023,11,Coastal Carolina,Texas State,Sun Belt,Sun Belt,False,1,0.7623546933473035,0.6813218351663937,8.0,11.728884364911424,0.1119415329892882,-0.37597069482241074,0.005508797484679015,-0.1940869335517469,-0.17839099639816575,-0.5644367009102549,1.8238620452319003,-0.22444188862014894,0.23764530665269645,-3.7288843649114245,home_favorite,7-14,wk10+
2023,11,Iowa,Rutgers,Big Ten,Big Ten,False,1,0.7060516936915711,0.7955199003127421,22.0,8.695004794156144,-0.24347668644732437,-0.23493473784228922,0.7779622545972127,0.09055722028728301,0.4262783490162774,-0.04614707402672731,-0.49999847164957256,-0.3622201801348606,0.29394830630842894,13.304995205843856,home_favorite,7-14,wk10+
2023,11,Western Kentucky,New Mexico State,Conference USA,Conference USA,False,0,0.8303221586664715,0.7586946201468556,-9.0,16.812678865542473,0.1683396982586367,-0.7457367963820141,0.0020392779701367825,-0.7424332523989321,0.34808086470443733,-1.5668323626239595,-0.22903449833730574,1.4931941455965916,-0.8303221586664715,-25.812678865542473,home_favorite,14-21,wk10+
2023,11,Syracuse,Pittsburgh,ACC,ACC,True,1,0.46005192751550905,0.38141587791096926,15.0,-1.9070600585141169,0.4508137188956032,0.27391270661730216,0.22303625584532816,0.8086069283255624,0.7363255846632867,0.6211069613383935,1.1441558070926552,-0.9133333461937079,0.539948072484491,16.907060058514116,away_favorite,0-3,wk10+
2023,11,UCF,Oklahoma State,Big 12,Big 12,False,1,0.8363051111257329,0.41869852163108506,42.0,16.52576085252447,0.7733345158510692,-0.07328944652684084,0.5657689319585146,0.20299360581490863,1.2006562177678946,0.26474087176081285,0.7445987616999912,-1.0005929308196921,0.16369488887426709,25.47423914747553,home_favorite,14-21,wk10+
2023,11,Washington,Utah,Pac-12,Pac-12,False,1,0.6643923451767593,0.6479830132503057,7.0,7.1522772583427185,0.9384573987940776,0.5679887824883925,0.41534463966606056,0.4210443555164438,1.2963308045849096,0.5694159746748113,1.6952689731515025,0.9283031503862732,0.33560765482324073,-0.15227725834271855,home_favorite,7-14,wk10+
2023,11,Missouri,Tennessee,SEC,SEC,False,1,0.4546700778764911,0.20076000891310175,29.0,-2.3782035164370567,0.3545179088647726,1.0841946847875303,0.7303233668843929,0.6205223225289204,1.108127382449305,0.9385520633441409,0.6114130799024363,-0.4402945453265307,0.5453299221235088,31.378203516437058,away_favorite,0-3,wk10+
2023,11,California,Washington State,Pac-12,Pac-12,False,1,0.39323890831091923,0.5784967523447427,3.0,-4.843394536048509,-0.3413840429136505,-0.16664090390986416,-0.3941241063132336,0.08657978641373024,-0.15125254861746115,-0.14851496917204193,-0.34384974126623236,0.2899303997014418,0.6067610916890808,7.843394536048509,away_favorite,3-7,wk10+
2023,11,Arkansas,Auburn,SEC,SEC,False,0,0.5690789138370624,0.6062878237854281,-38.0,3.050710087788082,0.7004076706610693,0.5316184656724501,0.44942853514442527,0.44989105507967875,1.3655497356407373,1.277960590513194,0.2899303997014418,1.2360080014357966,-0.5690789138370624,-41.05071008778808,home_favorite,3-7,wk10+
2023,11,Florida Atlantic,East Carolina,American Athletic,American Athletic,False,0,0.6691750541515937,0.718756829898782,-15.0,7.170832646798962,0.14562229598969717,-0.11187386053759307,-0.2575944295529683,-0.2618147945413636,0.30958410237034184,-0.5553698681804995,-0.33007191211476117,-1.974226190856989,-0.6691750541515937,-22.170832646798964,home_favorite,7-14,wk10+
2023,11,South Alabama,Arkansas State,Sun Belt,Sun Belt,False,1,0.9224340191146531,0.94128855387098,7.0,24.412630956560875,0.26303546888487594,-0.5929555798293826,0.3771592240932874,-0.6067508138288651,0.602163298983164,-0.7060031731819316,1.5528980719196335,-1.5562987065956964,0.07756598088534694,-17.412630956560875,home_favorite,21+,wk10+
2023,11,Oregon State,Stanford,Pac-12,Pac-12,False,1,0.8889813105989668,0.9659244284031272,45.0,21.114427210055688,0.503259833260083,-0.33610958925571993,0.6285137850640361,-0.3445386457235647,0.9036913516381501,-0.48308134945702524,0.04192947497496081,-0.5780728368412423,0.11101868940103321,23.885572789944312,home_favorite,21+,wk10+
2023,11,Georgia,Ole Miss,SEC,SEC,False,1,0.6192080910981033,0.9141902593095826,35.0,5.265484728599294,1.1463451158952913,1.106632594639687,1.1266941754761852,0.7845764884392443,1.3183855309383326,2.1937898823118824,-0.4035536675892742,0.45985695923625314,0.38079190890189674,29.734515271400706,home_favorite,3-7,wk10+
2023,11,Colorado State,San Diego State,Mountain West,Mountain West,False,1,0.3875360210757133,0.5186997779295586,3.0,-5.843539606639153,-1.1663785759655982,-0.7246783166714378,-0.37180891169769514,0.0673428206067119,-0.6361179750245602,-0.3473224899880366,1.8468250938176856,1.203859733415697,0.6124639789242867,8.843539606639153,away_favorite,3-7,wk10+
2023,11,Marshall,Georgia Southern,Sun Belt,Sun Belt,False,1,0.7508352377980554,0.515824985264735,5.0,11.477947094853572,-0.00859676233181892,0.17467076819119243,0.6213016570785244,-0.46560580741821067,0.14260519221753193,-0.2671973459239507,-0.22903449833730574,-0.29333103437750463,0.2491647622019446,-6.4779470948535725,home_favorite,7-14,wk10+
2023,11,Oklahoma,West Virginia,Big 12,Big 12,False,1,0.7365868759948103,0.9061958467735052,39.0,10.81601530760212,0.866688739384244,0.48347859193720943,0.4561471669147359,0.11196340492606535,1.2886933332062627,0.586269119046254,0.04192947497496081,-0.766369835244682,0.2634131240051897,28.18398469239788,home_favorite,7-14,wk10+
2023,11,Houston,Cincinnati,Big 12,Big 12,False,0,0.5875134466172418,0.6609990912463583,-10.0,3.2593693948017295,0.37940089591931603,0.12287211845808432,0.33739222858730844,0.5968835587705881,0.5731670654983456,0.6288772967385176,-1.303705172152058,-2.070670994917287,-0.5875134466172418,-13.25936939480173,home_favorite,3-7,wk10+
2023,11,Texas A&M,Mississippi State,SEC,SEC,False,1,0.4009344939172122,0.8711477984045555,41.0,-4.747687428259419,0.031102388922785135,0.6170267819556852,0.42944664754024253,0.598954471305835,0.475528454441267,0.6930226992997115,0.5976352507509651,0.303708228852913,0.5990655060827879,45.74768742825942,away_favorite,3-7,wk10+
2023,11,TCU,Texas,Big 12,Big 12,False,0,0.29329451549964913,0.1812067098656847,-3.0,-9.096069540969399,0.4499223930232929,0.8591961219118145,0.2366765924582746,0.7402555903609682,0.7442547505378025,1.191899003889607,-1.7170400466961933,0.42311608149899665,-0.29329451549964913,6.096069540969399,away_favorite,7-14,wk10+
2023,11,Ohio State,Michigan State,Big Ten,Big Ten,False,1,0.9204504656139378,0.9862286156434745,35.0,24.54726168812894,1.3093888220744065,0.26927203437458447,0.9906614612087419,0.055093826243264685,1.6789128210759592,0.3699298587787698,0.5792648118823368,-1.4139278053638276,0.07954953438606216,10.452738311871059,home_favorite,21+,wk10+
2023,11,LSU,Florida,SEC,SEC,False,1,0.8868957133247023,0.9109760314653452,17.0,20.7947195183286,1.3329528001992774,0.46056343904577124,1.0455562393080646,0.34335522046626216,1.928998589089033,0.8758171764635061,1.5023793650309059,-0.692888079770169,0.1131042866752977,-3.7947195183285984,home_favorite,14-21,wk10+
2023,11,UTSA,Rice,American Athletic,American Athletic,False,1,0.9233405030456285,0.8841193563384137,20.0,24.701181879037442,0.4789094632711999,-0.5695919779370359,0.5310521922028699,-0.43250463665542915,0.971689909467077,-0.409505417121755,1.5345276330510051,-0.4265167161750595,0.07665949695437146,-4.701181879037442,home_favorite,21+,wk10+
2023,11,North Carolina,Duke,ACC,ACC,False,1,0.5421858955622991,0.6850596089933503,2.0,2.099472376428252,0.9153805926638405,0.6537171385903878,0.24953352526748696,0.4355508201314138,1.805777834083205,1.0474818720665344,1.0844518807696135,2.1637151643015224,0.4578141044377009,-0.09947237642825213,home_favorite,0-3,wk10+
2023,11,UCLA,Arizona State,Pac-12,Pac-12,False,0,0.6531984919297165,0.9155353267032756,-10.0,7.1084194973483505,0.5284788902234026,0.09457290815026191,0.030251345268909574,-0.17460659007691695,0.5256867225632731,0.27987129422579976,-1.087852515445676,0.43230130093331076,-0.6531984919297165,-17.10841949734835,home_favorite,7-14,wk10+
2023,11,Boise State,New Mexico,Mountain West,Mountain West,False,1,0.928458696175861,0.9725887253726934,28.0,25.202944926375856,0.18706313489443946,-1.1174561076530456,0.23625377722406615,-0.5026551145509015,0.42865397025611873,-1.0919206815709228,1.8514177035348427,-0.35762757041770354,0.07154130382413904,2.7970550736241435,home_favorite,21+,wk10+
2023,11,BYU,Iowa State,Big 12,Big 12,False,0,0.4031774948439856,0.32243941991489944,-32.0,-4.049645768109729,-0.023362613356900958,-0.250339828894296,-0.6192321057770398,0.0777884049207806,-0.649146326516953,-0.11473503093963174,-1.0281485891226345,0.5517091535793944,-0.4031774948439856,-27.950354231890273,away_favorite,3-7,wk10+
2023,11,Oregon,USC,Pac-12,Pac-12,False,1,0.6339601376288997,0.8475387239958501,9.0,6.010539465599718,1.1340125634988487,0.9887590842273962,0.5284829862483077,0.3795999301950197,1.2883131135219028,1.606495467012095,1.3278601957789378,1.0293405641637285,0.3660398623711003,2.9894605344002816,home_favorite,3-7,wk10+
2023,11,San José State,Fresno State,Mountain West,Mountain West,False,1,0.5943176379165571,0.27431435372821295,24.0,3.4123077776242554,-0.22129810285033857,-0.07370906602024649,-0.19158699222919057,-0.1450177456853332,-0.2050266441664665,-0.23840285808829256,0.7675618102857765,-1.5930395843329526,0.4056823620834429,20.587692222375743,home_favorite,3-7,wk10+
2023,11,Hawai'i,Air Force,Mountain West,Mountain West,False,1,0.2905669649129252,0.04371084773568397,14.0,-9.861470390013077,-0.49432823700963663,0.10314709812913568,-0.7828893091982005,0.015034381095965652,-0.5794010462065664,-0.24719935216644,0.4185234717818396,-0.7342215672245825,0.7094330350870748,23.861470390013075,away_favorite,7-14,wk10+
2023,12,Northern Illinois,Western Michigan,Mid-American,Mid-American,False,1,0.691551713987018,0.654519994382466,24.0,8.146444549739925,-0.10233230870151444,-0.9725563663803848,-0.397314361092139,-0.08662589036081991,0.10245656515656035,-0.6691449997450155,0.4782273981048814,0.23941169281271407,0.308448286012982,15.853555450260075,home_favorite,7-14,wk10+
2023,12,Eastern Michigan,Akron,Mid-American,Mid-American,False,1,0.6190193588871393,0.820495207286423,3.0,5.308051675342607,-0.011713218245868781,-0.710138182890411,-0.7113479378628454,-0.41561156800514676,-0.2507992347021015,-0.5959787031561681,-0.06829315823680873,0.9420809795377444,0.3809806411128607,-2.3080516753426066,home_favorite,3-7,wk10+
2023,12,Bowling Green,Toledo,Mid-American,Mid-American,False,0,0.24359891282759985,0.2918336117187994,-1.0,-11.940724608352244,-0.6644267465678799,0.07066432455393393,-0.3551603333141783,0.08136302361814768,-0.5945630836188007,0.637383743679397,-1.005185540536849,1.2451932208701106,-0.24359891282759985,10.940724608352244,away_favorite,7-14,wk10+
2023,12,Ohio,Central Michigan,Mid-American,Mid-American,False,1,0.7183709202988944,0.8452938106179996,14.0,9.287791883050833,0.15144066625442495,-0.2862993756438244,-0.1436057425940429,-0.07692644732909146,0.3975104255425919,-0.11409494293397643,1.8514177035348427,-0.7342215672245825,0.2816290797011056,4.712208116949167,home_favorite,7-14,wk10+
2023,12,Miami (OH),Buffalo,Mid-American,Mid-American,False,1,0.5747056810857865,0.785026736998172,13.0,2.826636335088138,-0.4707185780773897,-0.4569835719510263,-0.3524832274143823,-0.35239521736974583,-0.41866249373963993,-0.6621002665372103,0.7216357131142058,0.26237474139849937,0.42529431891421354,10.173363664911863,home_favorite,0-3,wk10+
2023,12,Pittsburgh,Boston College,ACC,ACC,False,1,0.7475358360501501,0.7069752948085409,8.0,10.999936299854253,0.27391270661730216,-0.18280916848641673,0.8086069283255624,0.34712445159031347,0.6211069613383935,0.6125562545199632,-0.9133333461937079,-0.6699250311843836,0.25246416394984994,-2.9999362998542534,home_favorite,7-14,wk10+
2023,12,UTSA,South Florida,American Athletic,American Athletic,False,1,0.8453193378106209,0.9512158141101019,28.0,17.45513580699546,0.4789094632711999,0.27784674588446345,0.5310521922028699,-0.5465027522197337,0.971689909467077,-0.1586521649468116,1.5345276330510051,-0.25199754692309106,0.15468066218937915,10.544864193004539,home_favorite,14-21,wk10+
2023,12,Washington State,Colorado,Pac-12,Pac-12,False,1,0.8224359273051863,0.7256856462717871,42.0,15.37967634190991,-0.16664090390986416,-0.5593401800157364,0.08657978641373024,-0.5489387139606516,-0.14851496917204193,-0.23890555755661164,0.2899303997014418,-2.0247448977457165,0.17756407269481367,26.62032365809009,home_favorite,14-21,wk10+
2023,12,Memphis,SMU,American Athletic,American Athletic,False,0,0.5303709358640708,0.2942186402879975,-4.0,1.2352696845370674,0.254553768890951,0.5241444555366424,0.06023239852888315,-0.01571127979144718,0.5657719276103006,0.6506435957671813,-0.03155228049955222,-0.463257593912316,-0.5303709358640708,-5.235269684537068,home_favorite,0-3,wk10+
2023,12,Northwestern,Purdue,Big Ten,Big Ten,False,1,0.4661254460782325,0.5,8.0,-1.8526831042036962,-0.11579932990230797,0.3256225303921783,-0.18165323266884587,-0.0018334652117142618,-0.056215076024159455,0.028925308792110055,0.6389687382053787,-0.7985181032647815,0.5338745539217675,9.852683104203695,away_favorite,0-3,wk10+
2023,12,Indiana,Michigan State,Big Ten,Big Ten,False,0,0.4231140972546349,0.558731369324761,-3.0,-3.67718368984702,-0.24971236616623382,0.26927203437458447,-0.13162851358264788,0.055093826243264685,-0.3272073289184556,0.3699298587787698,-0.7342215672245825,-1.4139278053638276,-0.4231140972546349,0.6771836898470198,away_favorite,3-7,wk10+
2023,12,Maryland,Michigan,Big Ten,Big Ten,False,0,0.2523965421852592,0.04618126740085911,-7.0,-11.738985595030519,0.286051122574763,1.102243714891112,0.31296374516962955,0.9387980903289125,0.49914807390511523,1.6173394655199231,1.2222301722843254,1.1900819042642259,-0.2523965421852592,4.738985595030519,away_favorite,7-14,wk10+
2023,12,Navy,East Carolina,American Athletic,American Athletic,False,1,0.6381152794236118,0.5686413918836677,10.0,5.17801883368906,-0.5616604936600735,-0.11187386053759307,0.18205457881268972,-0.2618147945413636,-0.7111887929999674,-0.5553698681804995,0.42770869121615374,-1.974226190856989,0.3618847205763882,4.82198116631094,home_favorite,3-7,wk10+
2023,12,Penn State,Rutgers,Big Ten,Big Ten,False,1,0.9004061300054307,0.9774779981032126,21.0,22.1555249305098,0.6613864479356941,-0.23493473784228922,1.2119182327426798,0.09055722028728301,1.0598032470221044,-0.04614707402672731,-0.4127388870235883,-0.3622201801348606,0.09959386999456932,-1.1555249305097988,home_favorite,21+,wk10+
2023,12,Mississippi State,Southern Miss,SEC,Sun Belt,False,1,0.8773151083231484,0.8279993802611698,21.0,19.933587230182255,0.6170267819556852,-0.6629724131015422,0.598954471305835,0.09798411397243609,0.6930226992997115,-0.5155972173386771,0.303708228852913,0.28074518026712764,0.12268489167685159,1.0664127698177452,home_favorite,14-21,wk10+
2023,12,Army,Coastal Carolina,FBS Independents,Sun Belt,False,1,0.41265354526193365,0.39646368147382194,7.0,-3.470452040315985,0.08708936107427481,0.1119415329892882,-0.347504719584344,0.005508797484679015,-0.1311376446389739,-0.17839099639816575,-0.08207098738827993,1.8238620452319003,0.5873464547380663,10.470452040315985,away_favorite,3-7,wk10+
2023,12,Ole Miss,UL Monroe,SEC,Sun Belt,False,1,0.9662348386674443,0.9814070133603435,32.0,32.71501525592383,1.106632594639687,-0.45717763213348583,0.7845764884392443,-0.5277208163038407,2.1937898823118824,-0.98689444337503,0.45985695923625314,-0.9500742239309643,0.03376516133255569,-0.7150152559238308,home_favorite,21+,wk10+
2023,12,Miami,Louisville,ACC,ACC,False,0,0.5824327366825824,0.3124617517876582,-7.0,2.711526803473437,0.5065919476536248,0.4918521824142142,0.7333269882611695,0.949316972200136,1.17180381017046,1.118877762375842,0.661931786791164,-1.3174830013035292,-0.5824327366825824,-9.711526803473436,home_favorite,0-3,wk10+
2023,12,BYU,Oklahoma,Big 12,Big 12,False,0,0.14703277264857467,0.03503573483198627,-7.0,-18.054651228673173,-0.023362613356900958,0.866688739384244,-0.6192321057770398,0.4561471669147359,-0.649146326516953,1.2886933332062627,-1.0281485891226345,0.04192947497496081,-0.14703277264857467,11.054651228673173,away_favorite,14-21,wk10+
2023,12,Florida Atlantic,Tulane,American Athletic,American Athletic,False,0,0.35479865537885336,0.30265492141014677,-16.0,-6.245670352211375,0.14562229598969717,0.575718275558827,-0.2575944295529683,0.1394255042167716,0.30958410237034184,0.7449443253797784,-0.33007191211476117,0.25778213168134234,-0.35479865537885336,-9.754329647788625,away_favorite,3-7,wk10+
2023,12,Liberty,Massachusetts,Conference USA,FBS Independents,False,1,0.600686029757798,0.9892769607680245,24.0,3.8698495515751556,-0.74433453293325,-0.8217606941638746,-0.20652313154832908,-0.34242411991292127,-1.4034068984418524,-0.7040078748131353,-0.320886692680447,0.06029991384358906,0.39931397024220205,20.130150448424843,home_favorite,3-7,wk10+
2023,12,James Madison,App State,Sun Belt,Sun Belt,False,0,0.5706415848625604,0.7649612635526892,-3.0,3.0499848608236086,-0.04378291406995144,0.38833040228851906,0.6790419599142155,-0.030334410072811322,-0.178614733101724,-0.013756301848078478,-1.914522264533947,-0.20147884003436362,-0.5706415848625604,-6.049984860823608,home_favorite,3-7,wk10+
2023,12,Ball State,Kent State,Mid-American,Mid-American,False,1,0.6423779621681667,0.7751528656496841,31.0,5.987569748449797,-0.1826563577684907,-0.270284374476359,-0.31972465127163585,-0.47497495272716855,-0.0021404372139848804,-0.7012014745074868,-1.1751121000716602,-2.0385227268971877,0.35762203783183333,25.012430251550203,home_favorite,3-7,wk10+
2023,12,Wyoming,Hawai'i,Mountain West,Mountain West,False,1,0.7224002329861645,0.8246953134461684,33.0,10.02081273843502,-0.17841761218288843,-0.49432823700963663,-0.419967266354785,-0.7828893091982005,-0.346481447349288,-0.5794010462065664,1.0155627350122574,0.4185234717818396,0.2775997670138355,22.97918726156498,home_favorite,7-14,wk10+
2023,12,Charlotte,Rice,American Athletic,American Athletic,False,0,0.49033372662560476,0.4047569603484281,-21.0,-0.25641976979404024,-0.28623906937172755,-0.5695919779370359,-0.8415237842100753,-0.43250463665542915,-0.669220057347783,-0.409505417121755,-1.7170400466961933,-0.4265167161750595,-0.49033372662560476,-20.74358023020596,away_favorite,0-3,wk10+
2023,12,Middle Tennessee,UTEP,Conference USA,Conference USA,False,1,0.5208104510643408,0.7973863140277038,4.0,0.5399953673910236,-0.4773380997970505,-0.3427323649154572,0.05140314936853929,-0.021993780992519515,-0.4911014072535398,-0.24132334451766319,-0.8306663712848806,0.08785557214653145,0.47918954893565924,3.4600046326089764,home_favorite,0-3,wk10+
2023,12,West Virginia,Cincinnati,Big 12,Big 12,False,1,0.5766508403229412,0.6622877974308888,21.0,2.7873957578307578,0.48347859193720943,0.12287211845808432,0.11196340492606535,0.5968835587705881,0.586269119046254,0.6288772967385176,-0.766369835244682,-2.070670994917287,0.4233491596770588,18.212604242169242,home_favorite,0-3,wk10+
2023,12,Arizona,Utah,Pac-12,Pac-12,False,1,0.3276256788780978,0.34808796012533627,24.0,-7.782724879528805,0.24324101097309347,0.5679887824883925,-0.37819007028377194,0.4210443555164438,0.5258047151333497,0.5694159746748113,1.5069719747480628,0.9283031503862732,0.6723743211219022,31.782724879528807,away_favorite,7-14,wk10+
2023,12,Virginia,Duke,ACC,ACC,False,1,0.15532867839889397,0.17036717656865663,3.0,-17.302447389341374,-0.3791608999134578,0.6537171385903878,-0.08857421822997416,0.4355508201314138,-0.4674149174628147,1.0474818720665344,-1.4093351956466704,2.1637151643015224,0.844671321601106,20.302447389341374,away_favorite,14-21,wk10+
2023,12,UAB,Temple,American Athletic,American Athletic,False,1,0.5136928749258967,0.8774725143294195,10.0,0.7069950496314119,0.1099561672139608,-0.22727217927643267,-0.2539049759165775,0.056919427533824146,-0.004387897256460743,0.12848921091227408,-0.5688876174069283,1.1028223196382416,0.48630712507410334,9.293004950368587,home_favorite,0-3,wk10+
2023,12,Colorado State,Nevada,Mountain West,Mountain West,False,1,0.6675958785969103,0.7313778578393882,10.0,6.297999874919892,-1.1663785759655982,-0.8658120132909504,-0.37180891169769514,-0.6914754841197777,-0.6361179750245602,-1.016052467078713,1.8468250938176856,-1.3450386596064716,0.3324041214030897,3.702000125080108,home_favorite,3-7,wk10+
2023,12,Arkansas State,Texas State,Sun Belt,Sun Belt,False,1,0.37695369350797203,0.32243941991489944,46.0,-5.428314961003167,-0.5929555798293826,-0.37597069482241074,-0.6067508138288651,-0.1940869335517469,-0.7060031731819316,-0.5644367009102549,-1.5562987065956964,-0.22444188862014894,0.623046306492028,51.42831496100317,away_favorite,3-7,wk10+
2023,12,Tulsa,North Texas,American Athletic,American Athletic,False,0,0.4341280591142077,0.2248471343503159,-7.0,-2.78679971952222,-0.33541743882541974,0.196728133855995,-0.2671416908170505,-0.34498610300361005,-0.5085249949527217,0.44085671000657123,-1.1751121000716602,-0.4678502036294731,-0.4341280591142077,-4.21320028047778,away_favorite,0-3,wk10+
2023,12,Virginia Tech,NC State,ACC,ACC,False,0,0.5986511808555842,0.4971218004251891,-7.0,3.595303850618956,0.17707767997410462,0.08390719679035817,0.39369492627811786,0.5068269947116868,0.48086258903811563,0.4200053656030124,0.6114130799024363,-0.6102211048613418,-0.5986511808555842,-10.595303850618956,home_favorite,3-7,wk10+
2023,12,TCU,Baylor,Big 12,Big 12,False,1,0.4452231646705281,0.821341471737012,25.0,-2.0138265196629392,0.4499223930232929,0.5242238357458981,0.2366765924582746,0.34115604588644793,0.7442547505378025,0.6764725740707305,-1.7170400466961933,0.5838574215994939,0.554776835329472,27.01382651966294,away_favorite,0-3,wk10+
2023,12,USC,UCLA,Pac-12,Pac-12,False,0,0.7827034235467955,0.7607960909891424,-18.0,13.294142251640485,0.9887590842273962,0.5284788902234026,0.3795999301950197,0.030251345268909574,1.606495467012095,0.5256867225632731,1.0293405641637285,-1.087852515445676,-0.7827034235467955,-31.294142251640487,home_favorite,7-14,wk10+
2023,12,Tennessee,Georgia,SEC,SEC,False,0,0.4299722058041505,0.2198703960068415,-28.0,-3.0984076162613325,1.0841946847875303,1.1463451158952913,0.6205223225289204,1.1266941754761852,0.9385520633441409,1.3183855309383326,-0.4402945453265307,-0.4035536675892742,-0.4299722058041505,-24.901592383738667,away_favorite,3-7,wk10+
2023,12,Clemson,North Carolina,ACC,ACC,False,1,0.621510581681224,0.6571186864870786,11.0,5.439089606289109,0.7025514192826063,0.9153805926638405,0.8664514561048966,0.24953352526748696,1.0765060974408893,1.805777834083205,0.15215210818673036,1.0844518807696135,0.378489418318776,5.560910393710891,home_favorite,3-7,wk10+
2023,12,Iowa,Illinois,Big Ten,Big Ten,False,1,0.38327448843686407,0.7992399910868982,2.0,-6.038252902395351,-0.24347668644732437,0.34689241390513637,0.7779622545972127,1.0554650101786645,0.4262783490162774,0.6391265922933171,-0.49999847164957256,-0.9041481267593937,0.6167255115631359,8.038252902395351,away_favorite,3-7,wk10+
2023,12,Air Force,UNLV,Mountain West,Mountain West,False,0,0.7559827146396509,0.6212967231224545,-4.0,12.12109202378067,0.10314709812913568,-0.37658442628790717,0.015034381095965652,-0.6241061589448246,-0.24719935216644,-0.6253307729291482,-0.7342215672245825,0.48741261753919557,-0.7559827146396509,-16.12109202378067,home_favorite,7-14,wk10+
2023,12,Troy,Louisiana,Sun Belt,Sun Belt,False,1,0.7019356709344036,0.8631931113967899,7.0,8.859202185232975,-0.02551863634277693,-0.23953314391495661,0.29897433417023855,-0.1912765133313639,0.487480394574488,-0.05226613641080197,0.198078205358301,0.593042641033808,0.29806432906559643,-1.8592021852329754,home_favorite,7-14,wk10+
2023,12,Notre Dame,Wake Forest,FBS Independents,ACC,False,1,0.6726760017392592,0.9670431384326198,38.0,7.611281499680379,0.6989749573708443,0.22446288101824607,0.3811068112814033,0.30250839911676397,1.2167301559688055,0.4004229278841898,-0.7939254935476244,-0.4862206424981013,0.32732399826074077,30.38871850031962,home_favorite,7-14,wk10+
2023,12,Ohio State,Minnesota,Big Ten,Big Ten,False,1,0.8216841483702884,0.9722801162737278,34.0,15.874817930054508,1.3093888220744065,0.7639970682812712,0.9906614612087419,0.32991054604468,1.6789128210759592,0.8815566522748837,0.5792648118823368,-0.49999847164957256,0.17831585162971164,18.12518206994549,home_favorite,14-21,wk10+
2023,12,Arizona State,Oregon,Pac-12,Pac-12,False,0,0.18073569513081694,0.04205712781253946,-36.0,-15.66788711433326,0.09457290815026191,1.1340125634988487,-0.17460659007691695,0.5284829862483077,0.27987129422579976,1.2883131135219028,0.43230130093331076,1.3278601957789378,-0.18073569513081694,-20.33211288566674,away_favorite,14-21,wk10+
2023,12,Auburn,New Mexico State,SEC,Conference USA,False,0,0.9335141753759773,0.8985940288909822,-21.0,26.59705890816067,0.5316184656724501,-0.7457367963820141,0.44989105507967875,-0.7424332523989321,1.277960590513194,-1.5668323626239595,1.2360080014357966,1.4931941455965916,-0.9335141753759773,-47.59705890816067,home_favorite,21+,wk10+
2023,12,Houston,Oklahoma State,Big 12,Big 12,False,0,0.6808245532197766,0.5516235473109605,-13.0,7.84344634001249,0.37940089591931603,-0.07328944652684084,0.33739222858730844,0.20299360581490863,0.5731670654983456,0.26474087176081285,-1.303705172152058,-1.0005929308196921,-0.6808245532197766,-20.84344634001249,home_favorite,7-14,wk10+
2023,12,Texas Tech,UCF,Big 12,Big 12,False,1,0.5506751421787391,0.5373473171664928,1.0,1.8706037949059255,0.515509644039595,0.7733345158510692,0.7168056618033802,0.5657689319585146,1.003357326786876,1.2006562177678946,1.130377977941184,0.7445987616999912,0.44932485782126086,-0.8706037949059255,home_favorite,0-3,wk10+
2023,12,South Alabama,Marshall,Sun Belt,Sun Belt,False,1,0.6267165809113037,0.8452938106179996,28.0,4.72096436078003,0.26303546888487594,-0.00859676233181892,0.3771592240932874,0.6213016570785244,0.602163298983164,0.14260519221753193,1.5528980719196335,-0.22903449833730574,0.37328341908869633,23.27903563921997,home_favorite,3-7,wk10+
2023,12,Georgia Southern,Old Dominion,Sun Belt,Sun Belt,False,0,0.756405558801587,0.6961287704295998,-3.0,11.647624300459587,0.17467076819119243,-0.768384655628732,-0.46560580741821067,-0.31024981927164536,-0.2671973459239507,-0.9291470876629488,-0.29333103437750463,-1.4093351956466704,-0.756405558801587,-14.647624300459587,home_favorite,7-14,wk10+
2023,12,Stanford,California,Pac-12,Pac-12,False,0,0.5671293649861777,0.26524291068345335,-12.0,2.729729502499471,-0.33610958925571993,-0.3413840429136505,-0.3445386457235647,-0.3941241063132336,-0.48308134945702524,-0.15125254861746115,-0.5780728368412423,-0.34384974126623236,-0.5671293649861777,-14.72972950249947,home_favorite,0-3,wk10+
2023,12,Utah State,Boise State,Mountain West,Mountain West,False,0,0.19578093496698568,0.32622381211167784,-35.0,-14.776271070401966,-0.5673467745519516,0.18706313489443946,-0.49242249762486584,0.23625377722406615,-0.7359548079670655,0.42865397025611873,-0.2336271080544628,1.8514177035348427,-0.19578093496698568,-20.223728929598032,away_favorite,14-21,wk10+
2023,12,Kansas,Kansas State,Big 12,Big 12,False,0,0.6922870811376851,0.11470632394592116,-4.0,8.214469580547615,0.7600005008104023,0.33433431405661024,0.11577506565104895,0.2653449641523497,1.1495282119357215,0.7233731532028829,2.228011700341721,-0.12799708455985057,-0.6922870811376851,-12.214469580547615,home_favorite,7-14,wk10+
2023,12,Wisconsin,Nebraska,Big Ten,Big Ten,False,1,0.9243125284523939,0.700977398610108,7.0,24.85912247957959,0.5821256967713808,-0.2260394350752677,0.8237507245061261,-0.39066608138210746,1.0962046434246095,-0.4974626635503939,0.2485969122470282,-1.7354104855648216,0.07568747154760613,-17.85912247957959,home_favorite,21+,wk10+
2023,12,Arkansas,Florida International,SEC,Conference USA,False,1,0.9144996697568806,0.9606395144955483,24.0,24.216099607628173,0.7004076706610693,-0.48370284428682786,0.44942853514442527,-0.6126766173752338,1.3655497356407373,-0.42403506926336265,0.2899303997014418,0.7445987616999912,0.08550033024311943,-0.21609960762817337,home_favorite,21+,wk10+
2023,12,Missouri,Florida,SEC,SEC,False,1,0.6649390312836959,0.8038185194246843,2.0,6.760555124145279,0.3545179088647726,0.46056343904577124,0.7303233668843929,0.34335522046626216,1.108127382449305,0.8758171764635061,0.6114130799024363,-0.692888079770169,0.3350609687163041,-4.760555124145279,home_favorite,3-7,wk10+
2023,12,South Carolina,Kentucky,SEC,SEC,False,1,0.5231426883494092,0.5714631174083814,3.0,0.5196359689294479,0.2861779509896529,0.1247644512138836,0.11924918811234493,0.5576604614405278,0.6040071113848782,0.8526216638424875,0.5425239341450803,-0.16933057201426416,0.47685731165059075,2.480364031070552,home_favorite,0-3,wk10+
2023,12,Oregon State,Washington,Pac-12,Pac-12,False,0,0.4564272026772186,0.5344839447268315,-2.0,-1.6550404003466541,0.503259833260083,0.9384573987940776,0.6285137850640361,0.41534463966606056,0.9036913516381501,1.2963308045849096,0.04192947497496081,1.6952689731515025,-0.4564272026772186,-0.3449595996533459,away_favorite,0-3,wk10+
2023,12,LSU,Georgia State,SEC,Sun Belt,False,1,0.938031496831399,0.9733457099689408,42.0,27.177196631055907,1.3329528001992774,0.0024451543039760368,1.0455562393080646,-0.026632666124038522,1.928998589089033,0.10088656550547889,1.5023793650309059,0.7813396394372472,0.06196850316860103,14.822803368944093,home_favorite,21+,wk10+
2023,12,Georgia Tech,Syracuse,ACC,ACC,False,1,0.3239088869671545,0.5827018849642301,9.0,-7.853478135515887,-0.3311541351988871,0.4508137188956032,0.1958606284113662,0.22303625584532816,-0.11958631362384058,0.7363255846632867,-0.697480689487326,1.1441558070926552,0.6760911130328455,16.853478135515886,away_favorite,7-14,wk10+
2023,12,Iowa State,Texas,Big 12,Big 12,False,0,0.1999067716710008,0.24768500639431762,-10.0,-14.966432839101932,-0.250339828894296,0.8591961219118145,0.0777884049207806,0.7402555903609682,-0.11473503093963174,1.191899003889607,0.5517091535793944,0.42311608149899665,-0.1999067716710008,4.966432839101932,away_favorite,14-21,wk10+
2023,12,Fresno State,New Mexico,Mountain West,Mountain West,False,0,0.8038236789210106,0.9821282046277382,-8.0,14.696224642191304,-0.07370906602024649,-1.1174561076530456,-0.1450177456853332,-0.5026551145509015,-0.23840285808829256,-1.0919206815709228,-1.5930395843329526,-0.35762757041770354,-0.8038236789210106,-22.696224642191304,home_favorite,14-21,wk10+
2023,12,San José State,San Diego State,Mountain West,Mountain West,False,1,0.6053428202338491,0.8730738822502696,11.0,4.156018316362609,-0.22129810285033857,-0.7246783166714378,-0.19158699222919057,0.0673428206067119,-0.2050266441664665,-0.3473224899880366,0.7675618102857765,1.203859733415697,0.3946571797661509,6.843981683637391,home_favorite,3-7,wk10+
2023,13,Western Michigan,Bowling Green,Mid-American,Mid-American,False,0,0.5963759312542867,0.4884891087822083,-24.0,3.3005074807618895,-0.9725563663803848,-0.6644267465678799,-0.08662589036081991,-0.3551603333141783,-0.6691449997450155,-0.5945630836188007,0.23941169281271407,-1.005185540536849,-0.5963759312542867,-27.30050748076189,home_favorite,3-7,wk10+
2023,13,Buffalo,Eastern Michigan,Mid-American,Mid-American,False,0,0.551971015167103,0.6887735686687132,-13.0,2.1422985139276385,-0.4569835719510263,-0.011713218245868781,-0.35239521736974583,-0.7113479378628454,-0.6621002665372103,-0.2507992347021015,0.26237474139849937,-0.06829315823680873,-0.551971015167103,-15.142298513927638,home_favorite,0-3,wk10+
2023,13,Mississippi State,Ole Miss,SEC,SEC,False,0,0.40255577945289794,0.2509169371224644,-10.0,-4.3341760625832455,0.6170267819556852,1.106632594639687,0.598954471305835,0.7845764884392443,0.6930226992997115,2.1937898823118824,0.303708228852913,0.45985695923625314,-0.40255577945289794,-5.6658239374167545,away_favorite,3-7,wk10+
2023,13,Temple,Memphis,American Athletic,American Athletic,False,0,0.48873182514803865,0.05967313362891353,-24.0,-0.9858757775458309,-0.22727217927643267,0.254553768890951,0.056919427533824146,0.06023239852888315,0.12848921091227408,0.5657719276103006,1.1028223196382416,-0.03155228049955222,-0.48873182514803865,-23.014124222454168,away_favorite,0-3,wk10+
2023,13,Akron,Ohio,Mid-American,Mid-American,False,0,0.2851552514995149,0.09779267965490034,-11.0,-9.862028339432843,-0.710138182890411,0.15144066625442495,-0.41561156800514676,-0.1436057425940429,-0.5959787031561681,0.3975104255425919,0.9420809795377444,1.8514177035348427,-0.2851552514995149,-1.1379716605671568,away_favorite,7-14,wk10+
2023,13,Nebraska,Iowa,Big Ten,Big Ten,False,0,0.2747924358498913,0.34548000561753406,-3.0,-10.630318202067244,-0.2260394350752677,-0.24347668644732437,-0.39066608138210746,0.7779622545972127,-0.4974626635503939,0.4262783490162774,-1.7354104855648216,-0.49999847164957256,-0.2747924358498913,7.630318202067244,away_favorite,7-14,wk10+
2023,13,Oklahoma,TCU,Big 12,Big 12,False,1,0.7448733504664743,0.8823382970469413,24.0,11.03192246754236,0.866688739384244,0.4499223930232929,0.4561471669147359,0.2366765924582746,1.2886933332062627,0.7442547505378025,0.04192947497496081,-1.7170400466961933,0.2551266495335257,12.96807753245764,home_favorite,7-14,wk10+
2023,13,Boston College,Miami,ACC,ACC,False,0,0.2863760411529295,0.2487592064662893,-25.0,-9.976449545221675,-0.18280916848641673,0.5065919476536248,0.34712445159031347,0.7333269882611695,0.6125562545199632,1.17180381017046,-0.6699250311843836,0.661931786791164,-0.2863760411529295,-15.023550454778325,away_favorite,7-14,wk10+
2023,13,Central Michigan,Toledo,Mid-American,Mid-American,False,0,0.3818823957140792,0.21015582024186943,-15.0,-5.0948495721872975,-0.2862993756438244,0.07066432455393393,-0.07692644732909146,0.08136302361814768,-0.11409494293397643,0.637383743679397,-0.7342215672245825,1.2451932208701106,-0.3818823957140792,-9.905150427812703,away_favorite,3-7,wk10+
2023,13,New Mexico,Utah State,Mountain West,Mountain West,False,0,0.43212719524714377,0.27089003710224746,-3.0,-3.3965424542905893,-1.1174561076530456,-0.5673467745519516,-0.5026551145509015,-0.49242249762486584,-1.0919206815709228,-0.7359548079670655,-0.35762757041770354,-0.2336271080544628,-0.43212719524714377,0.3965424542905893,away_favorite,3-7,wk10+
2023,13,Tulane,UTSA,American Athletic,American Athletic,False,1,0.4521268403353708,0.5402082283237456,13.0,-1.9210756399958004,0.575718275558827,0.4789094632711999,0.1394255042167716,0.5310521922028699,0.7449443253797784,0.971689909467077,0.25778213168134234,1.5345276330510051,0.5478731596646291,14.9210756399958,away_favorite,0-3,wk10+
2023,13,Arkansas,Missouri,SEC,SEC,False,0,0.5670955946478898,0.24130537985314435,-34.0,2.6810553729495727,0.7004076706610693,0.3545179088647726,0.44942853514442527,0.7303233668843929,1.3655497356407373,1.108127382449305,0.2899303997014418,0.6114130799024363,-0.5670955946478898,-36.68105537294957,home_favorite,0-3,wk10+
2023,13,Boise State,Air Force,Mountain West,Mountain West,False,1,0.7057656602964929,0.730245413297424,8.0,8.624748250222403,0.18706313489443946,0.10314709812913568,0.23625377722406615,0.015034381095965652,0.42865397025611873,-0.24719935216644,1.8514177035348427,-0.7342215672245825,0.2942343397035071,-0.6247482502224031,home_favorite,7-14,wk10+
2023,13,Michigan State,Penn State,Big Ten,Big Ten,True,0,0.16093925222003586,0.02252200189678742,-42.0,-16.909236533766233,0.26927203437458447,0.6613864479356941,0.055093826243264685,1.2119182327426798,0.3699298587787698,1.0598032470221044,-1.4139278053638276,-0.4127388870235883,-0.16093925222003586,-25.090763466233767,away_favorite,14-21,wk10+
2023,13,Texas,Texas Tech,Big 12,Big 12,False,1,0.6219330496037243,0.8932269128257911,50.0,5.2116991167745805,0.8591961219118145,0.515509644039595,0.7402555903609682,0.7168056618033802,1.191899003889607,1.003357326786876,0.42311608149899665,1.130377977941184,0.3780669503962757,44.78830088322542,home_favorite,3-7,wk10+
2023,13,Oregon,Oregon State,Pac-12,Pac-12,False,1,0.7128991194725096,0.8001620559151359,24.0,9.380439388881356,1.1340125634988487,0.503259833260083,0.5284829862483077,0.6285137850640361,1.2883131135219028,0.9036913516381501,1.3278601957789378,0.04192947497496081,0.2871008805274904,14.619560611118644,home_favorite,7-14,wk10+
2023,13,UCF,Houston,Big 12,Big 12,False,1,0.7503801438507541,0.8352528323139615,14.0,11.1589709287418,0.7733345158510692,0.37940089591931603,0.5657689319585146,0.33739222858730844,1.2006562177678946,0.5731670654983456,0.7445987616999912,-1.303705172152058,0.24961985614924587,2.8410290712582,home_favorite,7-14,wk10+
2023,13,Ball State,Miami (OH),Mid-American,Mid-American,False,0,0.5736882619948372,0.2509169371224644,-2.0,3.3325179014487505,-0.1826563577684907,-0.4707185780773897,-0.31972465127163585,-0.3524832274143823,-0.0021404372139848804,-0.41866249373963993,-1.1751121000716602,0.7216357131142058,-0.5736882619948372,-5.3325179014487505,home_favorite,3-7,wk10+
2023,13,LSU,Texas A&M,SEC,SEC,False,1,0.9030404995666754,0.7830774434096761,12.0,22.505686157941525,1.3329528001992774,0.031102388922785135,1.0455562393080646,0.42944664754024253,1.928998589089033,0.475528454441267,1.5023793650309059,0.5976352507509651,0.09695950043332457,-10.505686157941525,home_favorite,21+,wk10+
2023,13,Massachusetts,UConn,FBS Independents,FBS Independents,False,0,0.32913708938580294,0.45836229728523653,-13.0,-7.878941973990605,-0.8217606941638746,-0.004798114176203461,-0.34242411991292127,-0.17706372633717848,-0.7040078748131353,0.27224399511881137,0.06029991384358906,0.5103756661249809,-0.32913708938580294,-5.121058026009395,away_favorite,7-14,wk10+
2023,13,Michigan,Ohio State,Big Ten,Big Ten,False,1,0.5219343066671677,0.655820505912395,6.0,0.7478510643042537,1.102243714891112,1.3093888220744065,0.9387980903289125,0.9906614612087419,1.6173394655199231,1.6789128210759592,1.1900819042642259,0.5792648118823368,0.47806569333283233,5.252148935695747,home_favorite,0-3,wk10+
2023,13,Louisville,Kentucky,ACC,SEC,False,0,0.6926101314627249,0.7751528656496841,-7.0,8.36399122593782,0.4918521824142142,0.1247644512138836,0.949316972200136,0.5576604614405278,1.118877762375842,0.8526216638424875,-1.3174830013035292,-0.16933057201426416,-0.6926101314627249,-15.36399122593782,home_favorite,7-14,wk10+
2023,13,Purdue,Indiana,Big Ten,Big Ten,False,1,0.7100696974603535,0.7731399130767673,4.0,9.403821105993533,0.3256225303921783,-0.24971236616623382,-0.0018334652117142618,-0.13162851358264788,0.028925308792110055,-0.3272073289184556,-0.7985181032647815,-0.7342215672245825,0.28993030253964647,-5.403821105993533,home_favorite,7-14,wk10+
2023,13,Duke,Pittsburgh,ACC,ACC,False,1,0.6603720927430761,0.8352528323139615,11.0,6.187170051191374,0.6537171385903878,0.27391270661730216,0.4355508201314138,0.8086069283255624,1.0474818720665344,0.6211069613383935,2.1637151643015224,-0.9133333461937079,0.33962790725692393,4.812829948808626,home_favorite,3-7,wk10+
2023,13,SMU,Navy,American Athletic,American Athletic,False,1,0.7234382736508969,0.9264124438824264,45.0,10.114145981377188,0.5241444555366424,-0.5616604936600735,-0.01571127979144718,0.18205457881268972,0.6506435957671813,-0.7111887929999674,-0.463257593912316,0.42770869121615374,0.27656172634910314,34.88585401862281,home_favorite,7-14,wk10+
2023,13,Southern Miss,Troy,Sun Belt,Sun Belt,False,0,0.37789850629918686,0.05776430503675303,-18.0,-5.988487305417635,-0.6629724131015422,-0.02551863634277693,0.09798411397243609,0.29897433417023855,-0.5155972173386771,0.487480394574488,0.28074518026712764,0.198078205358301,-0.37789850629918686,-12.011512694582365,away_favorite,3-7,wk10+
2023,13,Kent State,Northern Illinois,Mid-American,Mid-American,False,0,0.42287762684562835,0.09186506426819295,-10.0,-2.913242968298409,-0.270284374476359,-0.10233230870151444,-0.47497495272716855,-0.397314361092139,-0.7012014745074868,0.10245656515656035,-2.0385227268971877,0.4782273981048814,-0.42287762684562835,-7.086757031701591,away_favorite,0-3,wk10+
2023,13,Rice,Florida Atlantic,American Athletic,American Athletic,False,1,0.35771144073558325,0.554469374021676,3.0,-6.404882297727779,-0.5695919779370359,0.14562229598969717,-0.43250463665542915,-0.2575944295529683,-0.409505417121755,0.30958410237034184,-0.4265167161750595,-0.33007191211476117,0.6422885592644167,9.404882297727779,away_favorite,3-7,wk10+
2023,13,East Carolina,Tulsa,American Athletic,American Athletic,False,0,0.5880795409791783,0.8743442268185462,-2.0,3.77013214805332,-0.11187386053759307,-0.33541743882541974,-0.2618147945413636,-0.2671416908170505,-0.5553698681804995,-0.5085249949527217,-1.974226190856989,-1.1751121000716602,-0.5880795409791783,-5.77013214805332,home_favorite,3-7,wk10+
2023,13,North Texas,UAB,American Athletic,American Athletic,False,1,0.5623207136277084,0.6900062072803139,3.0,2.746600157414563,0.196728133855995,0.1099561672139608,-0.34498610300361005,-0.2539049759165775,0.44085671000657123,-0.004387897256460743,-0.4678502036294731,-0.5688876174069283,0.4376792863722916,0.2533998425854369,home_favorite,0-3,wk10+
2023,13,Syracuse,Wake Forest,ACC,ACC,False,1,0.6456284454940313,0.5868950233791,4.0,5.924698908582426,0.4508137188956032,0.22446288101824607,0.22303625584532816,0.30250839911676397,0.7363255846632867,0.4004229278841898,1.1441558070926552,-0.4862206424981013,0.3543715545059687,-1.9246989085824264,home_favorite,3-7,wk10+
2023,13,Old Dominion,Georgia State,Sun Belt,Sun Belt,False,1,0.2665304647019883,0.6360768996878818,1.0,-10.734237395484907,-0.768384655628732,0.0024451543039760368,-0.31024981927164536,-0.026632666124038522,-0.9291470876629488,0.10088656550547889,-1.4093351956466704,0.7813396394372472,0.7334695352980116,11.734237395484907,away_favorite,7-14,wk10+
2023,13,Louisiana,UL Monroe,Sun Belt,Sun Belt,False,1,0.725182390419725,0.9481920611104497,31.0,9.818053970283877,-0.23953314391495661,-0.45717763213348583,-0.1912765133313639,-0.5277208163038407,-0.05226613641080197,-0.98689444337503,0.593042641033808,-0.9500742239309643,0.274817609580275,21.181946029716123,home_favorite,7-14,wk10+
2023,13,UNLV,San José State,Mountain West,Mountain West,False,0,0.41845748319605636,0.5516235473109605,-6.0,-3.6480961660927633,-0.37658442628790717,-0.22129810285033857,-0.6241061589448246,-0.19158699222919057,-0.6253307729291482,-0.2050266441664665,0.48741261753919557,0.7675618102857765,-0.41845748319605636,-2.3519038339072367,away_favorite,3-7,wk10+
2023,13,Florida International,Western Kentucky,Conference USA,Conference USA,False,0,0.3111525968110092,0.08402058726172794,-13.0,-8.825055908635875,-0.48370284428682786,0.1683396982586367,-0.6126766173752338,0.0020392779701367825,-0.42403506926336265,0.34808086470443733,0.7445987616999912,-0.22903449833730574,-0.3111525968110092,-4.174944091364125,away_favorite,7-14,wk10+
2023,13,Utah,Colorado,Pac-12,Pac-12,False,1,0.9387074624933082,0.9655434476270603,6.0,26.824492805996385,0.5679887824883925,-0.5593401800157364,0.4210443555164438,-0.5489387139606516,0.5694159746748113,-0.23890555755661164,0.9283031503862732,-2.0247448977457165,0.061292537506691835,-20.824492805996385,home_favorite,21+,wk10+
2023,13,Tennessee,Vanderbilt,SEC,SEC,False,1,0.912696767266806,0.9801037131100339,24.0,24.141941707974283,1.0841946847875303,-0.0910247013457735,0.6205223225289204,-0.43193090812184237,0.9385520633441409,-0.37840538380705196,-0.4402945453265307,0.0051885972377042925,0.08730323273319396,-0.14194170797428285,home_favorite,21+,wk10+
2023,13,Arizona State,Arizona,Pac-12,Pac-12,False,0,0.5375784277082507,0.13680688860321,-36.0,1.901472074772299,0.09457290815026191,0.24324101097309347,-0.17460659007691695,-0.37819007028377194,0.27987129422579976,0.5258047151333497,0.43230130093331076,1.5069719747480628,-0.5375784277082507,-37.9014720747723,home_favorite,0-3,wk10+
2023,13,Rutgers,Maryland,Big Ten,Big Ten,False,0,0.3453139814510819,0.34548000561753406,-18.0,-6.902962741328828,-0.23493473784228922,0.286051122574763,0.09055722028728301,0.31296374516962955,-0.04614707402672731,0.49914807390511523,-0.3622201801348606,1.2222301722843254,-0.3453139814510819,-11.097037258671172,away_favorite,3-7,wk10+
2023,13,Minnesota,Wisconsin,Big Ten,Big Ten,False,0,0.46596446081149623,0.4555054269169921,-14.0,-1.4937557328301008,0.7639970682812712,0.5821256967713808,0.32991054604468,0.8237507245061261,0.8815566522748837,1.0962046434246095,-0.49999847164957256,0.2485969122470282,-0.46596446081149623,-12.5062442671699,away_favorite,0-3,wk10+
2023,13,Illinois,Northwestern,Big Ten,Big Ten,False,0,0.8405184048720906,0.6635740980412955,-2.0,17.25215590278114,0.34689241390513637,-0.11579932990230797,1.0554650101786645,-0.18165323266884587,0.6391265922933171,-0.056215076024159455,-0.9041481267593937,0.6389687382053787,-0.8405184048720906,-19.25215590278114,home_favorite,14-21,wk10+
2023,13,UTEP,Liberty,Conference USA,Conference USA,False,0,0.7021235163807107,0.07557395857407452,-14.0,8.554055979539395,-0.3427323649154572,-0.74433453293325,-0.021993780992519515,-0.20652313154832908,-0.24132334451766319,-1.4034068984418524,0.08785557214653145,-0.320886692680447,-0.7021235163807107,-22.554055979539395,home_favorite,7-14,wk10+
2023,13,Auburn,Alabama,SEC,SEC,False,0,0.4774073276248062,0.10622531982185358,-3.0,-1.6332553292732204,0.5316184656724501,0.6810517971092649,0.44989105507967875,0.9303818385923752,1.277960590513194,1.037002366692919,1.2360080014357966,-0.5597023979726141,-0.4774073276248062,-1.3667446707267796,away_favorite,0-3,wk10+
2023,13,Oklahoma State,BYU,Big 12,Big 12,False,1,0.7251880289007938,0.7731399130767673,6.0,10.205369337634675,-0.07328944652684084,-0.023362613356900958,0.20299360581490863,-0.6192321057770398,0.26474087176081285,-0.649146326516953,-1.0005929308196921,-1.0281485891226345,0.2748119710992062,-4.205369337634675,home_favorite,7-14,wk10+
2023,13,Coastal Carolina,James Madison,Sun Belt,Sun Belt,False,0,0.5674363835541055,0.24130537985314435,-42.0,1.7311427781550695,0.1119415329892882,-0.04378291406995144,0.005508797484679015,0.6790419599142155,-0.17839099639816575,-0.178614733101724,1.8238620452319003,-1.914522264533947,-0.5674363835541055,-43.73114277815507,home_favorite,0-3,wk10+
2023,13,Marshall,Arkansas State,Sun Belt,Sun Belt,False,1,0.899113484416127,0.5129491448928637,14.0,21.857719631029163,-0.00859676233181892,-0.5929555798293826,0.6213016570785244,-0.6067508138288651,0.14260519221753193,-0.7060031731819316,-0.22903449833730574,-1.5562987065956964,0.10088651558387296,-7.857719631029163,home_favorite,21+,wk10+
2023,13,Virginia,Virginia Tech,ACC,ACC,False,0,0.27419067183226836,0.2800809940528481,-38.0,-10.388269140233556,-0.3791608999134578,0.17707767997410462,-0.08857421822997416,0.39369492627811786,-0.4674149174628147,0.48086258903811563,-1.4093351956466704,0.6114130799024363,-0.27419067183226836,-27.611730859766446,away_favorite,7-14,wk10+
2023,13,App State,Georgia Southern,Sun Belt,Sun Belt,False,1,0.7015933242146226,0.8336624691834381,28.0,9.233782857860206,0.38833040228851906,0.17467076819119243,-0.030334410072811322,-0.46560580741821067,-0.013756301848078478,-0.2671973459239507,-0.20147884003436362,-0.29333103437750463,0.2984066757853774,18.766217142139794,home_favorite,7-14,wk10+
2023,13,Washington,Washington State,Pac-12,Pac-12,False,1,0.8586763240409734,0.9057053735432374,3.0,18.412108862416076,0.9384573987940776,-0.16664090390986416,0.41534463966606056,0.08657978641373024,1.2963308045849096,-0.14851496917204193,1.6952689731515025,0.2899303997014418,0.14132367595902662,-15.412108862416076,home_favorite,14-21,wk10+
2023,13,Florida,Florida State,SEC,ACC,False,0,0.21372197563056994,0.14660537788811823,-9.0,-13.481653482591076,0.46056343904577124,1.2817186700217271,0.34335522046626216,0.9090674402168905,0.8758171764635061,2.1898556681842836,-0.692888079770169,1.2268227820014823,-0.21372197563056994,4.481653482591076,away_favorite,7-14,wk10+
2023,13,Stanford,Notre Dame,Pac-12,FBS Independents,False,0,0.20268700136449,0.012015726423821198,-33.0,-14.625175887896857,-0.33610958925571993,0.6989749573708443,-0.3445386457235647,0.3811068112814033,-0.48308134945702524,1.2167301559688055,-0.5780728368412423,-0.7939254935476244,-0.20268700136449,-18.37482411210314,away_favorite,14-21,wk10+
2023,13,Texas State,South Alabama,Sun Belt,Sun Belt,False,1,0.24862221340874502,0.1158806436615864,8.0,-11.743063600591276,-0.37597069482241074,0.26303546888487594,-0.1940869335517469,0.3771592240932874,-0.5644367009102549,0.602163298983164,-0.22444188862014894,1.5528980719196335,0.751377786591255,19.743063600591277,away_favorite,7-14,wk10+
2023,13,Baylor,West Virginia,Big 12,Big 12,False,0,0.6622044194713097,0.34808796012533627,-3.0,6.895597796922943,0.5242238357458981,0.48347859193720943,0.34115604588644793,0.11196340492606535,0.6764725740707305,0.586269119046254,0.5838574215994939,-0.766369835244682,-0.6622044194713097,-9.895597796922942,home_favorite,3-7,wk10+
2023,13,Cincinnati,Kansas,Big 12,Big 12,False,0,0.3872114658903883,0.32875941918416823,-33.0,-4.266723655792594,0.12287211845808432,0.7600005008104023,0.5968835587705881,0.11577506565104895,0.6288772967385176,1.1495282119357215,-2.070670994917287,2.228011700341721,-0.3872114658903883,-28.733276344207404,away_favorite,3-7,wk10+
2023,13,South Carolina,Clemson,SEC,ACC,False,0,0.31586367307373475,0.3572869311673796,-9.0,-8.579986888163376,0.2861779509896529,0.7025514192826063,0.11924918811234493,0.8664514561048966,0.6040071113848782,1.0765060974408893,0.5425239341450803,0.15215210818673036,-0.31586367307373475,-0.4200131118366244,away_favorite,7-14,wk10+
2023,13,South Florida,Charlotte,American Athletic,American Athletic,False,1,0.7751059268121634,0.6212967231224545,34.0,13.05470520861918,0.27784674588446345,-0.28623906937172755,-0.5465027522197337,-0.8415237842100753,-0.1586521649468116,-0.669220057347783,-0.25199754692309106,-1.7170400466961933,0.2248940731878366,20.945294791380817,home_favorite,7-14,wk10+
2023,13,Georgia Tech,Georgia,ACC,SEC,False,0,0.11097545347816376,0.02023585424026805,-8.0,-21.843981905237385,-0.3311541351988871,1.1463451158952913,0.1958606284113662,1.1266941754761852,-0.11958631362384058,1.3183855309383326,-0.697480689487326,-0.4035536675892742,-0.11097545347816376,13.843981905237385,away_favorite,21+,wk10+
2023,13,NC State,North Carolina,ACC,ACC,False,1,0.3767305388286645,0.4841750147352649,19.0,-5.22508106537538,0.08390719679035817,0.9153805926638405,0.5068269947116868,0.24953352526748696,0.4200053656030124,1.805777834083205,-0.6102211048613418,1.0844518807696135,0.6232694611713355,24.22508106537538,away_favorite,3-7,wk10+
2023,13,Kansas State,Iowa State,Big 12,Big 12,False,0,0.7070782055256761,0.9027140342685218,-7.0,9.212132803604291,0.33433431405661024,-0.250339828894296,0.2653449641523497,0.0777884049207806,0.7233731532028829,-0.11473503093963174,-0.12799708455985057,0.5517091535793944,-0.7070782055256761,-16.21213280360429,home_favorite,7-14,wk10+
2023,13,Nevada,Wyoming,Mountain West,Mountain West,False,0,0.2789395608398201,0.23711501969474583,-36.0,-9.88059012262524,-0.8658120132909504,-0.17841761218288843,-0.6914754841197777,-0.419967266354785,-1.016052467078713,-0.346481447349288,-1.3450386596064716,1.0155627350122574,-0.2789395608398201,-26.11940987737476,away_favorite,7-14,wk10+
2023,13,San Diego State,Fresno State,Mountain West,Mountain West,False,1,0.5553125446004215,0.25526959313496533,15.0,1.3473978124945065,-0.7246783166714378,-0.07370906602024649,0.0673428206067119,-0.1450177456853332,-0.3473224899880366,-0.23840285808829256,1.203859733415697,-1.5930395843329526,0.44468745539957855,13.652602187505494,home_favorite,0-3,wk10+
2023,13,UCLA,California,Pac-12,Pac-12,False,0,0.7962572740103647,0.8497568518427462,-26.0,14.485832303111309,0.5284788902234026,-0.3413840429136505,0.030251345268909574,-0.3941241063132336,0.5256867225632731,-0.15125254861746115,-1.087852515445676,-0.34384974126623236,-0.7962572740103647,-40.48583230311131,home_favorite,14-21,wk10+
2023,13,Hawai'i,Colorado State,Mountain West,Mountain West,False,1,0.5766693735170403,0.3236983305072631,3.0,3.187883001432968,-0.49432823700963663,-1.1663785759655982,-0.7828893091982005,-0.37180891169769514,-0.5794010462065664,-0.6361179750245602,0.4185234717818396,1.8468250938176856,0.4233306264829597,-0.1878830014329682,home_favorite,3-7,wk10+
2023,14,Liberty,New Mexico State,Conference USA,Conference USA,False,1,0.6257536040245528,0.8083176725494586,14.0,5.445350950896636,-0.74433453293325,-0.7457367963820141,-0.20652313154832908,-0.7424332523989321,-1.4034068984418524,-1.5668323626239595,-0.320886692680447,1.4931941455965916,0.3742463959754472,8.554649049103364,home_favorite,3-7,wk10+
2023,14,Washington,Oregon,Pac-12,Pac-12,True,1,0.42418915634609766,0.2641225558985236,3.0,-2.638321134867221,0.9384573987940776,1.1340125634988487,0.41534463966606056,0.5284829862483077,1.2963308045849096,1.2883131135219028,1.6952689731515025,1.3278601957789378,0.5758108436539023,5.638321134867221,away_favorite,0-3,wk10+
2023,14,Toledo,Miami (OH),Mid-American,Mid-American,True,0,0.7144970652215904,0.5910755963149433,-9.0,9.963211275648932,0.07066432455393393,-0.4707185780773897,0.08136302361814768,-0.3524832274143823,0.637383743679397,-0.41866249373963993,1.2451932208701106,0.7216357131142058,-0.7144970652215904,-18.96321127564893,home_favorite,7-14,wk10+
2023,14,Texas,Oklahoma State,Big 12,Big 12,True,1,0.8200541090045113,0.9506787811338805,28.0,15.942220627557775,0.8591961219118145,-0.07328944652684084,0.7402555903609682,0.20299360581490863,1.191899003889607,0.26474087176081285,0.42311608149899665,-1.0005929308196921,0.17994589099548874,12.057779372442225,home_favorite,14-21,wk10+
2023,14,UNLV,Boise State,Mountain West,Mountain West,False,0,0.2210360025177971,0.41171002813683716,-24.0,-13.24171447346446,-0.37658442628790717,0.18706313489443946,-0.6241061589448246,0.23625377722406615,-0.6253307729291482,0.42865397025611873,0.48741261753919557,1.8514177035348427,-0.2210360025177971,-10.75828552653554,away_favorite,7-14,wk10+
2023,14,Alabama,Georgia,SEC,SEC,True,1,0.3346555436861748,0.3679299878999264,3.0,-7.0795776277803215,0.6810517971092649,1.1463451158952913,0.9303818385923752,1.1266941754761852,1.037002366692919,1.3183855309383326,-0.5597023979726141,-0.4035536675892742,0.6653444563138252,10.07957762778032,away_favorite,7-14,wk10+
2023,14,Troy,App State,Sun Belt,Sun Belt,False,1,0.555949269863051,0.615864104253756,26.0,2.127761954225017,-0.02551863634277693,0.38833040228851906,0.29897433417023855,-0.030334410072811322,0.487480394574488,-0.013756301848078478,0.198078205358301,-0.20147884003436362,0.44405073013694896,23.872238045774985,home_favorite,0-3,wk10+
2023,14,Tulane,SMU,American Athletic,American Athletic,False,0,0.6286979482227357,0.3211830802052434,-12.0,5.603496537578902,0.575718275558827,0.5241444555366424,0.1394255042167716,-0.01571127979144718,0.7449443253797784,0.6506435957671813,0.25778213168134234,-0.463257593912316,-0.6286979482227357,-17.603496537578902,home_favorite,3-7,wk10+
2023,14,Iowa,Michigan,Big Ten,Big Ten,True,0,0.15430663462900313,0.05621754784742674,-26.0,-17.446981904825186,-0.24347668644732437,1.102243714891112,0.7779622545972127,0.9387980903289125,0.4262783490162774,1.6173394655199231,-0.49999847164957256,1.1900819042642259,-0.15430663462900313,-8.553018095174814,away_favorite,14-21,wk10+
2023,14,Florida State,Louisville,ACC,ACC,True,1,0.7262169336084392,0.7670249181450214,10.0,10.19500403645523,1.2817186700217271,0.4918521824142142,0.9090674402168905,0.949316972200136,2.1898556681842836,1.118877762375842,1.2268227820014823,-1.3174830013035292,0.2737830663915608,-0.1950040364552308,home_favorite,7-14,wk10+
2023,15,Army,Navy,FBS Independents,American Athletic,True,1,0.49701450938017017,0.596629173305774,6.0,0.19753546936216654,0.08708936107427481,-0.5616604936600735,-0.347504719584344,0.18205457881268972,-0.1311376446389739,-0.7111887929999674,-0.08207098738827993,0.42770869121615374,0.5029854906198299,5.802464530637834,away_favorite,0-3,wk10+
2024,1,Georgia Tech,Florida State,ACC,ACC,True,1,0.3805943682410863,0.24554595805781354,3.0,-5.36197974163419,0.5377787989922762,0.45076413885518146,-0.06367204982660732,0.9388998174791834,0.522518652199219,0.9316652895064667,1.702211021289794,-1.1950372235957558,0.6194056317589137,8.36197974163419,away_favorite,3-7,wk1-4
2024,1,Nevada,SMU,Mountain West,ACC,False,0,0.024979760632390432,0.08949191595077233,-5.0,-35.200954389105334,-1.3832234499152747,0.7671653188368184,-0.6430385739956987,0.8622571235940013,-1.1242887057702242,1.31311355754822,0.08556466520945603,2.0427966300145846,-0.024979760632390432,30.200954389105334,away_favorite,21+,wk1-4
2024,1,Minnesota,North Carolina,Big Ten,ACC,False,0,0.2842313048366261,0.515824985264735,-2.0,-9.878092858320771,-0.07208842300681916,0.7123987045064115,-0.43063747408919906,0.21375180823570827,-0.15117852762579836,0.7702141018313953,0.3444097278402969,-0.10516327567642646,-0.2842313048366261,7.878092858320771,away_favorite,7-14,wk1-4
2024,1,Jacksonville State,Coastal Carolina,Conference USA,Sun Belt,False,0,0.6351751762319335,0.7093546305987634,-28.0,5.563336404144117,-0.3086835004555582,-0.21907299655811907,0.047140772557283606,-0.3160789166491237,-0.6900547496219359,-0.5451868974829734,-0.3413026310589477,-0.9361921609649149,-0.6351751762319335,-33.56333640414412,home_favorite,3-7,wk1-4
2024,1,Oklahoma,Temple,SEC,American Athletic,False,1,0.9699373878761103,0.9796497002785532,48.0,33.34561117854753,0.7317225909784375,-0.895493179739581,0.7731910543682914,-0.76762786830484,0.8912720206580607,-1.363592535187982,-0.3640083383072671,-1.0815086873541588,0.03006261212388972,14.654388821452471,home_favorite,21+,wk1-4
2024,1,Michigan State,Florida Atlantic,Big Ten,American Athletic,False,1,0.7565508120961666,0.550199353253537,6.0,11.503890241547996,-0.04046875076814646,-0.28928161232478894,0.12193965680616908,-0.429454327265791,0.3701422842124211,-0.4392179712359451,-0.7863344931260072,-2.0306072503339077,0.2434491879038334,-5.503890241547996,home_favorite,7-14,wk1-4
2024,1,Wisconsin,Western Michigan,Big Ten,Mid-American,False,1,0.767755908498444,0.8743442268185462,14.0,12.610651534099146,0.3778516711637109,-0.15165842385647368,0.04280801212241299,-0.5727773512160497,0.40970152526275616,-0.4813831214121962,0.16276406985374192,1.4524482415582813,0.232244091501556,1.389348465900854,home_favorite,7-14,wk1-4
2024,1,Stanford,TCU,ACC,Big 12,False,0,0.21982350285588742,0.20448009968725794,-7.0,-13.561691909645948,-0.5754018512247736,0.6891711551729265,-0.5686652404440202,0.07001125214639764,-0.30161430015595647,0.7714303518066584,1.6976698798401302,0.31716287914231367,-0.21982350285588742,6.561691909645948,away_favorite,7-14,wk1-4
2024,1,Maryland,UConn,Big Ten,FBS Independents,False,1,0.7582677142572771,0.9356410059682176,43.0,11.733341915569321,0.17415232623740778,-0.4783516906942704,0.027441881905464673,-0.25321731927486907,0.004852593001966651,-0.5714522706076628,-0.47299573309920007,-0.831745907622646,0.24173228574272287,31.26665808443068,home_favorite,7-14,wk1-4
2024,1,Georgia,Clemson,SEC,ACC,True,1,0.6907125759666335,0.8756036686409934,31.0,8.886644043256853,1.6430797216723505,0.5607070120970075,0.8988597188965645,0.9882718831349326,2.060023300220048,1.0628672533142367,0.5896313661221456,1.3616254125650038,0.3092874240333665,22.11335595674315,home_favorite,7-14,wk1-4
2024,1,Vanderbilt,Virginia Tech,SEC,ACC,False,1,0.3107434715605216,0.1872623183634652,7.0,-8.086809150434805,-0.12915234057708824,0.22299746219104594,-0.07469568524583706,0.313166507994596,0.4225405750750839,0.47715817047495124,-1.413012013179621,1.6522584653434913,0.6892565284394784,15.086809150434805,away_favorite,7-14,wk1-4
2024,1,Pittsburgh,Kent State,ACC,Mid-American,False,1,0.916485594309934,0.8780900739425958,31.0,24.02079176073533,-0.29989798620843905,-1.3183793280584086,0.20576315467012457,-1.1700991857546152,-0.3220724010762185,-1.3909788117260127,0.39436228378659954,1.061910076887188,0.08351440569006596,6.979208239264668,home_favorite,21+,wk1-4
2024,1,West Virginia,Penn State,Big 12,Big Ten,False,0,0.3345077186717385,0.24661392221438547,-22.0,-7.522525323675621,0.8552394781268736,1.177659695929489,0.4668665262941879,1.2990183403150155,1.1789365758221604,1.591173558664246,1.8566098305783658,1.1936031789274406,-0.3345077186717385,-14.477474676324379,away_favorite,7-14,wk1-4
2024,1,Florida,Miami,SEC,ACC,False,0,0.40161700078800994,0.6049129020079569,-24.0,-4.562239609595904,0.6908502218397348,1.0032521149524218,0.4084801613236756,0.9966866538579895,0.9693477586674184,1.6245189094055847,1.1300271986321462,-0.0007170223341575866,-0.40161700078800994,-19.437760390404094,away_favorite,3-7,wk1-4
2024,1,Massachusetts,Eastern Michigan,FBS Independents,Mid-American,False,0,0.6341309889500085,0.3854986389914422,-14.0,5.514675044253413,-0.49565387812129846,-0.9799171232733467,-0.7179968044772607,-0.5009727721922274,-0.824771900962719,-0.9224229666287989,-0.6137711180387799,-1.217742930844075,-0.6341309889500085,-19.514675044253412,home_favorite,3-7,wk1-4
2024,1,Indiana,Florida International,Big Ten,Conference USA,False,1,0.9376721245060582,0.8460451004320948,24.0,26.939799838155373,0.6880336710405608,-1.0526375008649564,0.3941065430926814,-0.5384268214218134,1.4744762471300321,-1.110937219543573,-0.1914449632200401,0.5669256588738263,0.06232787549394181,-2.9397998381553734,home_favorite,21+,wk1-4
2024,1,Northwestern,Miami (OH),Big Ten,Mid-American,True,1,0.3810005992752903,0.4884891087822083,7.0,-4.791447581477161,-0.332034998103514,-0.2680705606589783,-0.18564063113058688,0.11310157161454368,-0.08362040626967432,0.008973146806706828,-0.25047980206567044,0.5714668003234902,0.6189994007247097,11.791447581477161,away_favorite,3-7,wk1-4
2024,1,Texas,Colorado State,SEC,Mountain West,False,1,0.9497218513070742,0.9627593093435715,52.0,28.92663134979801,0.7820841510400872,-0.7075364691571274,1.050363778291889,-0.37631765316253374,1.3515452062762805,-0.8666528045523121,-0.03704615393146833,0.7304067510617258,0.050278148692925795,23.07336865020199,home_favorite,21+,wk1-4
2024,1,Nebraska,UTEP,Big Ten,Conference USA,False,1,0.8863886326382155,0.8304449113532372,33.0,20.452448030626023,-0.4957629953706532,-0.9869997009432215,0.3034008749056111,-0.9550840798444284,0.14613239100645203,-1.6690323607964186,0.684995336565087,-1.0815086873541588,0.11361136736178445,12.547551969373977,home_favorite,14-21,wk1-4
2024,1,Ohio State,Akron,Big Ten,Mid-American,False,1,0.9855947392719235,0.9851743717652754,46.0,39.744071612157015,1.2063423002491749,-1.0020185835321471,1.124832008684659,-0.6263015644846457,1.9847205317235916,-1.076684707571339,-1.1360023847501253,-0.9271098780655871,0.014405260728076463,6.255928387842985,home_favorite,21+,wk1-4
2024,1,Syracuse,Ohio,ACC,Mid-American,False,1,0.7299184032333602,0.3249597989597013,16.0,10.05746442290655,0.12344217342336274,-0.5031116552413977,0.2884738065713728,0.14912718036782224,0.36605205737926555,-0.9118315037896593,-0.7227585128307129,-1.562869681018529,0.2700815967666398,5.94253557709345,home_favorite,7-14,wk1-4
2024,1,Georgia Southern,Boise State,Sun Belt,Mountain West,False,0,0.4404526139153771,0.26524291068345335,-11.0,-2.6182140546750543,-0.08331268064815031,0.20990107290294924,-0.21757247537818755,0.011105649144847657,-0.17403023329921866,0.22071869590480447,-0.2731855093139898,0.11735265535710317,-0.4404526139153771,-8.381785945324946,away_favorite,0-3,wk1-4
2024,1,South Carolina,Old Dominion,SEC,Sun Belt,False,1,0.8884845510981807,0.7811154027299616,4.0,21.202188187163983,0.5391737586011777,-0.843477979774163,0.5046170788892397,-0.31630282770678275,1.3493649444355935,-1.0084638391364487,-1.285860052589033,0.39890342523626343,0.1115154489018193,-17.202188187163983,home_favorite,21+,wk1-4
2024,1,South Alabama,North Texas,Sun Belt,American Athletic,False,0,0.839037427926052,0.8512207976249028,-14.0,16.817334719055644,0.17139828026240692,-0.16427432426453253,0.2383339176276842,-0.7839426688581748,-0.1911509953945143,-0.5198286140710898,-0.45483116730054457,-1.2676954867903774,-0.839037427926052,-30.817334719055644,home_favorite,14-21,wk1-4
2024,1,Alabama,Western Kentucky,SEC,Conference USA,False,1,0.947922749264044,0.9313540665199443,63.0,28.424942932617114,0.9997273593571036,-0.20298743544222292,0.8412850886829762,-0.5172447439147035,1.582976222909049,-0.6024317824477987,0.580549083222818,-0.42304317715289746,0.05207725073595604,34.575057067382886,home_favorite,21+,wk1-4
2024,1,Troy,Nevada,Sun Belt,Mountain West,False,0,0.8094310401251654,0.9403268663710864,-2.0,14.899575253066697,-0.5621669578027381,-1.3832234499152747,0.08475198876917195,-0.6430385739956987,-1.1783300768077756,-1.1242887057702242,-0.9861447169112174,0.08556466520945603,-0.8094310401251654,-16.899575253066697,home_favorite,14-21,wk1-4
2024,1,Houston,UNLV,Big 12,Mountain West,False,0,0.7371731710027539,0.5230095872975623,-20.0,10.560162571740833,0.23979093902833853,-0.17211151306595868,-0.1263429349340014,-0.3991301449356891,0.5974293554408686,-0.5573541161256889,0.7349478925113897,-0.1869038217703762,-0.7371731710027539,-30.560162571740833,home_favorite,7-14,wk1-4
2024,1,Rice,Sam Houston,American Athletic,Conference USA,False,0,0.7748366728714731,0.5558909611168531,-20.0,12.722918201825019,-0.020752444868237727,-0.6903050218229474,-0.2500595115186565,-0.6151645327344423,-0.2985704198352858,-0.7982905916602123,-0.018881588132813088,-0.2232329533676872,-0.7748366728714731,-32.72291820182502,home_favorite,7-14,wk1-4
2024,1,Hawai'i,UCLA,Mountain West,Big Ten,False,0,0.32302789409429455,0.1695550886467628,-3.0,-8.299079284091267,-0.5247624976658892,-0.20344682461292024,-0.2632983269006847,0.6044901596393112,-0.2578676184601607,0.05260921213947928,1.9156446694239961,0.648666204967776,-0.32302789409429455,5.299079284091267,away_favorite,7-14,wk1-4
2024,1,Michigan,Fresno State,Big Ten,Mountain West,False,1,0.8589233329042801,0.9406490568972323,20.0,18.704996630226137,0.7055668582151313,-0.1708786977510432,0.8056056447460994,-0.24582955962441777,0.44541739919204715,-0.2634495222243654,-0.9725212925622259,0.9483815406455918,0.14107666709571987,1.2950033697738625,home_favorite,14-21,wk1-4
2024,1,Texas A&M,Notre Dame,SEC,FBS Independents,False,0,0.3885280172210426,0.31122643133128686,-10.0,-5.18813459380506,0.4533132085610834,1.0714168257883963,0.9243688559873142,1.1706877179545843,1.0925437273790324,1.485787112803546,0.44885598118256553,-0.45937230875020846,-0.3885280172210426,-4.81186540619494,away_favorite,3-7,wk1-4
2024,1,Kentucky,Southern Miss,SEC,Sun Belt,False,1,0.9214686287610071,0.9006730359903561,31.0,24.49328477769591,0.5768380169059657,-0.6227562238254986,0.5284445445183497,-0.5123636714859274,1.103301838503555,-0.676396894704634,-0.5184071475958388,-1.1405435261997892,0.0785313712389929,6.506715222304091,home_favorite,21+,wk1-4
2024,1,Georgia Tech,Georgia State,ACC,Sun Belt,False,1,0.8589700000943381,0.7175917231915314,23.0,18.106361792791787,0.5377787989922762,-0.3788463205857343,-0.06367204982660732,-0.4408524981423841,0.522518652199219,-0.8643595813129547,1.702211021289794,-0.7272996542803768,0.1410299999056619,4.8936382072082125,home_favorite,14-21,wk1-4
2024,1,Charlotte,James Madison,American Athletic,Sun Belt,False,0,0.5173112073838242,0.08054361757308826,-23.0,-0.018717405202128834,-0.6474052912586985,-0.6633122327300709,-0.2420413712412043,0.23646416848557567,-0.5834852477676895,-1.1286427372784467,0.6759130536657593,-1.9851958358372692,-0.5173112073838242,-22.98128259479787,home_favorite,0-3,wk1-4
2024,1,Arizona State,Wyoming,Big 12,Mountain West,False,1,0.6686847836557235,0.39233893587318014,41.0,6.970396044257933,-0.1725464916380705,-0.22551594060762864,-0.07532098966285952,-0.3017411846109438,-0.17785420053791007,-0.44169420046747154,0.6395839220684483,-0.9861447169112174,0.3313152163442765,34.02960395574207,home_favorite,3-7,wk1-4
2024,1,Arizona,New Mexico,Big 12,Mountain West,False,1,0.9217879594086811,0.9584042709678974,22.0,24.513702760127924,0.5883548895662951,-0.3679062548538256,0.33249495424246256,-0.8168830687408246,0.7693739122179926,-1.106728095962684,0.6441250635181122,-0.5683597035421415,0.07821204059131892,-2.5137027601279236,home_favorite,21+,wk1-4
2024,1,LSU,USC,SEC,Big Ten,True,0,0.7357872257534355,0.7325072897556676,-7.0,11.236925761710957,1.5485893844188192,0.6744337195453941,0.08338351539949124,-0.03809162246186454,1.119150681247804,0.70281705761773,-1.2313663551930665,-1.1405435261997892,-0.7357872257534355,-18.236925761710957,home_favorite,7-14,wk1-4
2024,1,Florida State,Boston College,ACC,ACC,False,0,0.6924960125892545,0.8793171534540078,-15.0,8.910176429108878,0.45076413885518146,0.593630247563864,0.9388998174791834,-0.20601189172485246,0.9316652895064667,0.2964399857423634,-1.1950372235957558,1.852068689128702,-0.6924960125892545,-23.91017642910888,home_favorite,7-14,wk1-4
2024,2,SMU,BYU,ACC,Big 12,False,0,0.9468334402004814,0.8665566437895401,-3.0,28.0726984458432,0.7671653188368184,-0.5171792199664021,0.8622571235940013,-0.36692165402036375,1.31311355754822,-0.5490658175662225,2.0427966300145846,0.40798570813559065,-0.9468334402004814,-31.0726984458432,home_favorite,21+,wk1-4
2024,2,Northwestern,Duke,Big Ten,ACC,True,0,0.3409267423692234,0.37599824138233284,-6.0,-6.660981931383141,-0.332034998103514,0.059918952643153944,-0.18564063113058688,0.06957051548647974,-0.08362040626967432,-0.2385255018488518,-0.25047980206567044,0.09918808955844767,-0.3409267423692234,0.6609819313831409,away_favorite,3-7,wk1-4
2024,2,Florida Atlantic,Army,American Athletic,American Athletic,False,0,0.6555449627306316,0.5756869523764296,-17.0,7.13293136541183,-0.28928161232478894,-0.8234693117968547,-0.429454327265791,-0.735711696883997,-0.4392179712359451,-1.6048292196959895,-2.0306072503339077,1.034663228189205,-0.6555449627306316,-24.132931365411828,home_favorite,7-14,wk1-4
2024,2,Penn State,Bowling Green,Big Ten,Mid-American,False,1,0.9683167592499267,0.9452901966235238,7.0,32.93042200834528,1.177659695929489,-0.45736684583855947,1.2990183403150155,-0.2478153119358207,1.591173558664246,-0.6823445854901828,1.1936031789274406,0.8439352873033227,0.03168324075007334,-25.930422008345282,home_favorite,21+,wk1-4
2024,2,Rutgers,Akron,Big Ten,Mid-American,False,1,0.9035427859361451,0.8904506387229247,32.0,22.3992149814406,0.3750513080587442,-1.0020185835321471,-0.002278977062819064,-0.6263015644846457,0.1707608368070326,-1.076684707571339,-0.1869038217703762,-0.9271098780655871,0.09645721406385488,9.6007850185594,home_favorite,21+,wk1-4
2024,2,Tulane,Kansas State,American Athletic,Big 12,False,0,0.29311264103933404,0.2800809940528481,-7.0,-9.385944863308534,-0.1947701433025493,0.6878728315475257,0.12498308737643017,0.4405724211706453,-0.06103337801661726,0.304069815899341,-0.7727110687770156,-0.3957963284549142,-0.29311264103933404,2.3859448633085343,away_favorite,7-14,wk1-4
2024,2,Michigan,Texas,Big Ten,SEC,False,0,0.456594479008634,0.6479830132503057,-19.0,-1.9056134761333543,0.7055668582151313,0.7820841510400872,0.8056056447460994,1.050363778291889,0.44541739919204715,1.3515452062762805,-0.9725212925622259,-0.03704615393146833,-0.456594479008634,-17.094386523866646,away_favorite,0-3,wk1-4
2024,2,Oklahoma State,Arkansas,Big 12,SEC,False,1,0.6731257210015953,0.6825703854747719,8.0,7.251663067684067,0.5982342907105223,0.12133104519857646,0.1682877302184203,0.32406018982922663,0.715786121529987,0.547290825507733,1.5750590606992054,0.2399634744980278,0.3268742789984047,0.748336932315933,home_favorite,7-14,wk1-4
2024,2,Memphis,Troy,American Athletic,Sun Belt,False,1,0.8460718959543719,0.5071950817090514,21.0,17.03158078998075,0.6489962790607708,-0.5621669578027381,0.12030352177016063,0.08475198876917195,0.7298069061337288,-1.1783300768077756,1.470612807356937,-0.9861447169112174,0.15392810404562807,3.968419210019249,home_favorite,14-21,wk1-4
2024,2,Cincinnati,Pittsburgh,Big 12,ACC,False,0,0.5412048647233303,0.46122190794282847,-1.0,1.7237647386474946,0.045807612635807876,-0.29989798620843905,-0.05162433583810177,0.20576315467012457,0.03161097078644558,-0.3220724010762185,-0.7545465029783601,0.39436228378659954,-0.5412048647233303,-2.7237647386474944,home_favorite,0-3,wk1-4
2024,2,Syracuse,Georgia Tech,ACC,ACC,False,1,0.4836013714526678,0.34548000561753406,3.0,-0.4265887006562865,0.12344217342336274,0.5377787989922762,0.2884738065713728,-0.06367204982660732,0.36605205737926555,0.522518652199219,-0.7227585128307129,1.702211021289794,0.5163986285473322,3.4265887006562865,away_favorite,0-3,wk1-4
2024,2,Auburn,California,SEC,ACC,False,0,0.7407749089287388,0.6887735686687132,-7.0,10.76205953234404,0.5740069444214645,0.296650788922859,0.6716477195407801,0.1498454060877932,1.0218050365699827,0.6859458472866004,1.0800746426858436,0.544219951625507,-0.7407749089287388,-17.76205953234404,home_favorite,7-14,wk1-4
2024,2,Navy,Temple,American Athletic,American Athletic,False,1,0.6373735394987998,0.8618278475799177,27.0,5.468032340079277,-1.0147088560953377,-0.895493179739581,-0.45810709424795143,-0.76762786830484,-1.4655784883704248,-1.363592535187982,0.4579382640818933,-1.0815086873541588,0.3626264605012002,21.531967659920724,home_favorite,3-7,wk1-4
2024,2,Iowa,Iowa State,Big Ten,Big 12,False,0,0.4251021799432889,0.5043172397550598,-1.0,-3.219781743336274,-0.3694047849019738,0.10552364601781568,0.5089646450642735,0.34705924744054945,0.7397554176523926,0.47642158192697304,0.32170402059197756,1.9383503766723156,-0.4251021799432889,2.219781743336274,away_favorite,3-7,wk1-4
2024,2,Maryland,Michigan State,Big Ten,Big Ten,False,0,0.5983774189954848,0.8921239139432269,-3.0,3.990891652748906,0.17415232623740778,-0.04046875076814646,0.027441881905464673,0.12193965680616908,0.004852593001966651,0.3701422842124211,-0.47299573309920007,-0.7863344931260072,-0.5983774189954848,-6.990891652748906,home_favorite,3-7,wk1-4
2024,2,Washington,Eastern Michigan,Big Ten,Mid-American,False,1,0.8616033191427415,0.9501361462210238,21.0,18.76616581405419,0.4742173410091143,-0.9799171232733467,-0.16621759586410975,-0.5009727721922274,0.1385420267186566,-0.9224229666287989,-2.0396895332332354,-1.217742930844075,0.13839668085725854,2.2338341859458097,home_favorite,14-21,wk1-4
2024,2,Louisville,Jacksonville State,ACC,Conference USA,False,1,0.8742629911629891,0.8001620559151359,35.0,19.817170719076834,0.8008970412490346,-0.3086835004555582,0.9282870193164992,0.047140772557283606,1.0944045218673226,-0.6900547496219359,-1.45842342767626,-0.3413026310589477,0.1257370088370109,15.182829280923166,home_favorite,14-21,wk1-4
2024,2,North Carolina,Charlotte,ACC,American Athletic,False,1,0.8647231793405499,0.9164213770695134,18.0,19.008942790573585,0.7123987045064115,-0.6474052912586985,0.21375180823570827,-0.2420413712412043,0.7702141018313953,-0.5834852477676895,-0.10516327567642646,0.6759130536657593,0.13527682065945013,-1.0089427905735846,home_favorite,14-21,wk1-4
2024,2,Utah,Baylor,Big 12,Big 12,False,1,0.5308851572238761,0.821341471737012,11.0,1.2555852882505705,-0.3404828804506783,-0.07266435305440802,0.21720073409987467,-0.09071599564921541,-0.1580960897908768,0.19994196079347726,-0.7045939470320575,0.35349201073962466,0.4691148427761239,9.74441471174943,home_favorite,0-3,wk1-4
2024,2,Notre Dame,Northern Illinois,FBS Independents,Mid-American,False,0,0.9661254452441037,0.9487547111474991,-2.0,32.59147769408225,1.0714168257883963,-0.49430446481950296,1.1706877179545843,-0.5448445711658041,1.485787112803546,-0.7998559430688249,-0.45937230875020846,0.5533022345248346,-0.9661254452441037,-34.59147769408225,home_favorite,21+,wk1-4
2024,2,Toledo,Massachusetts,Mid-American,FBS Independents,False,1,0.8531901345669306,0.936673124689052,15.0,17.89330740313273,0.16018875286556833,-0.49565387812129846,0.15740371867424674,-0.7179968044772607,0.11003644142600438,-0.824771900962719,-0.06883414407911546,-0.6137711180387799,0.1468098654330694,-2.893307403132731,home_favorite,14-21,wk1-4
2024,2,Kentucky,South Carolina,SEC,SEC,False,0,0.6005881930669055,0.6973450785898532,-25.0,4.022867881013526,0.5768380169059657,0.5391737586011777,0.5284445445183497,0.5046170788892397,1.103301838503555,1.3493649444355935,-0.5184071475958388,-1.285860052589033,-0.6005881930669055,-29.022867881013525,home_favorite,3-7,wk1-4
2024,2,Texas State,UTSA,Sun Belt,American Athletic,False,1,0.6537953613206592,0.29781739790947936,39.0,6.491986572992827,0.3737257654398134,-0.024067291852766612,0.16926812962405424,0.1828638681957904,0.3253544955298222,-0.1306856904841598,-0.3776317626562587,-0.6682648154347465,0.3462046386793408,32.50801342700717,home_favorite,3-7,wk1-4
2024,2,Ole Miss,Middle Tennessee,SEC,Conference USA,False,1,0.953404009004178,0.8652197052285583,49.0,29.401019653394,1.1037182203408216,-0.5006190242490017,0.7141886028314836,-0.3449418327564924,1.9076539171671296,-0.8408939279238054,1.5523533534508862,0.36711543508861627,0.04659599099582201,19.598980346606,home_favorite,21+,wk1-4
2024,2,Virginia Tech,Marshall,ACC,Sun Belt,False,1,0.7970942250252446,0.7936407431881689,17.0,13.62974502844973,0.22299746219104594,-0.4327877071279027,0.313166507994596,0.053851915211350326,0.47715817047495124,-0.5517330645195149,1.6522584653434913,-0.931651019515251,0.20290577497475537,3.3702549715502705,home_favorite,7-14,wk1-4
2024,2,Ohio,South Alabama,Mid-American,Sun Belt,False,1,0.3499651348594809,0.41589904118632204,7.0,-6.607597904505228,-0.5031116552413977,0.17139828026240692,0.14912718036782224,0.2383339176276842,-0.9118315037896593,-0.1911509953945143,-1.562869681018529,-0.45483116730054457,0.6500348651405191,13.607597904505228,away_favorite,3-7,wk1-4
2024,2,Florida International,Central Michigan,Conference USA,Mid-American,True,1,0.429484306389172,0.23607530085516135,36.0,-2.8195061246277366,-1.0526375008649564,-0.4301235857920978,-0.5384268214218134,-0.8292616799462602,-1.110937219543573,-0.9916554965700757,0.5669256588738263,0.19909320145105291,0.570515693610828,38.819506124627736,away_favorite,0-3,wk1-4
2024,2,Old Dominion,East Carolina,Sun Belt,American Athletic,False,0,0.509354684854943,0.5980137657693436,-6.0,-0.10813811844374888,-0.843477979774163,-0.9242106720606654,-0.31630282770678275,0.03303039781648437,-1.0084638391364487,-0.8772064429417238,0.39890342523626343,-0.6637236739850826,-0.509354684854943,-5.891861881556251,home_favorite,0-3,wk1-4
2024,2,UCF,Sam Houston,Big 12,Conference USA,False,1,0.8939495414029668,0.7670249181450214,31.0,21.561049864584678,0.5069214833823795,-0.6903050218229474,0.17871134801586178,-0.6151645327344423,0.8424460039901764,-0.7982905916602123,-0.3367614896092838,-0.2232329533676872,0.10605045859703321,9.438950135415322,home_favorite,21+,wk1-4
2024,2,Wake Forest,Virginia,ACC,ACC,False,0,0.5812382229154905,0.7447304068650347,-1.0,3.499669725537523,-0.1481233936568683,-0.16067688492180365,0.05441825902063295,-0.20590803231420646,0.43284019242899807,-0.0646451837006381,-0.6682648154347465,0.6532073464174399,-0.5812382229154905,-4.499669725537522,home_favorite,3-7,wk1-4
2024,2,Alabama,South Florida,SEC,American Athletic,False,1,0.8871108494238289,0.9725887253726934,26.0,21.040732243169327,0.9997273593571036,-0.17534938644549705,0.8412850886829762,-0.06207965588910159,1.582976222909049,-0.010441757883732208,0.580549083222818,1.7476224357864327,0.1128891505761711,4.959267756830673,home_favorite,21+,wk1-4
2024,2,Missouri,Buffalo,SEC,Mid-American,False,1,0.9648507836774811,0.9309851196318173,38.0,31.542680806474095,0.7572554268040366,-0.6899703834029445,0.9114851069582477,-0.3424245837443973,1.0656137678523592,-1.0659666955181284,1.8202806989810547,-1.5129171250722264,0.035149216322518884,6.457319193525905,home_favorite,21+,wk1-4
2024,2,Nevada,Georgia Southern,Mountain West,Sun Belt,False,0,0.21111553738001637,0.4355995097595788,-3.0,-14.032998254918525,-1.3832234499152747,-0.08331268064815031,-0.6430385739956987,-0.21757247537818755,-1.1242887057702242,-0.17403023329921866,0.08556466520945603,-0.2731855093139898,-0.21111553738001637,11.032998254918525,away_favorite,14-21,wk1-4
2024,2,Illinois,Kansas,Big Ten,Big 12,False,1,0.295518359073378,0.42571979634547563,6.0,-9.095772862906951,-0.06815209485515818,0.7484758006792365,-0.2607085741048837,0.11088833097429188,0.003999445606856347,0.7535181351347131,-0.12332784147508195,0.757653599759709,0.704481640926622,15.095772862906951,away_favorite,7-14,wk1-4
2024,2,UL Monroe,UAB,Sun Belt,American Athletic,False,1,0.31064862178720387,0.3063120835780346,26.0,-8.20729782557429,-0.8630381080844797,-0.08055273317407233,-0.5725318069955634,-0.478356607356137,-1.4409988290695188,-0.3243550842560769,-1.3993885888306297,0.7985238728066839,0.6893513782127961,34.20729782557429,away_favorite,7-14,wk1-4
2024,2,Arkansas State,Tulsa,Sun Belt,American Athletic,False,1,0.7114541849123852,0.7830774434096761,4.0,9.213375921648069,-0.057332136600882766,-0.3101890024843901,-0.011986414457855518,-0.3807595828095247,0.26185209666631626,-0.3649850763601723,1.7476224357864327,1.066451218336852,0.2885458150876148,-5.213375921648069,home_favorite,7-14,wk1-4
2024,2,Air Force,San José State,Mountain West,Mountain West,False,0,0.5402707223325564,0.6307302886162022,-10.0,1.4723031027900233,-0.7617353086206576,-0.5886251357645516,-0.745408053347792,-0.7450360489313024,-1.9204466555739974,-1.279267948043809,-0.6183122594884438,-1.0633441215555033,-0.5402707223325564,-11.472303102790024,home_favorite,0-3,wk1-4
2024,2,Nebraska,Colorado,Big Ten,Big 12,False,1,0.35300772838711536,0.8576633185538569,18.0,-6.599864975034329,-0.4957629953706532,0.4980576673601974,0.3034008749056111,0.20039125541009425,0.14613239100645203,1.3143750774978,0.684995336565087,0.866640994551642,0.6469922716128846,24.59986497503433,away_favorite,3-7,wk1-4
2024,2,NC State,Tennessee,ACC,SEC,True,0,0.39977084387273265,0.30265492141014677,-41.0,-4.0528877411903,0.29142787310553214,0.5669345542568669,0.3713195047471658,0.5253781985462637,0.3871969085601077,0.43926865763471673,-0.609229976589116,-0.6501002496360909,-0.39977084387273265,-36.947112258809696,away_favorite,3-7,wk1-4
2024,2,Ohio State,Western Michigan,Big Ten,Mid-American,False,1,0.9487224313814051,0.9807661828592751,56.0,29.1440571054399,1.2063423002491749,-0.15165842385647368,1.124832008684659,-0.5727773512160497,1.9847205317235916,-0.4813831214121962,-1.1360023847501253,1.4524482415582813,0.05127756861859489,26.8559428945601,home_favorite,21+,wk1-4
2024,2,Oklahoma,Houston,SEC,Big 12,False,1,0.805444116176122,0.9501361462210238,4.0,14.808069988098529,0.7317225909784375,0.23979093902833853,0.7731910543682914,-0.1263429349340014,0.8912720206580607,0.5974293554408686,-0.3640083383072671,0.7349478925113897,0.194555883823878,-10.808069988098529,home_favorite,14-21,wk1-4
2024,2,Clemson,App State,ACC,Sun Belt,False,1,0.7997051183404165,0.655820505912395,46.0,14.295533960224407,0.5607070120970075,0.22162316618535444,0.9882718831349326,0.014616352226844556,1.0628672533142367,0.2606076669647802,1.3616254125650038,1.8384452647797103,0.20029488165958353,31.704466039775593,home_favorite,14-21,wk1-4
2024,2,Oregon,Boise State,Big Ten,Mountain West,False,1,0.935850905335436,0.8762293189310646,3.0,26.775561441040438,1.8481905735826398,0.20990107290294924,0.8955401906557519,0.011105649144847657,1.9959101505146322,0.22071869590480447,-0.5365717133944944,0.11735265535710317,0.06414909466456398,-23.775561441040438,home_favorite,21+,wk1-4
2024,2,Washington State,Texas Tech,Pac-12,Big 12,False,1,0.27336838849850775,0.577092475825329,21.0,-10.22597025572651,-0.21367982818036663,0.46917545090947965,-0.18146690852008449,0.3312379812157443,-0.3930411104449563,0.5516567180056666,-0.8726161806696209,0.41252684958525454,0.7266316115014922,31.22597025572651,away_favorite,7-14,wk1-4
2024,2,New Mexico State,Liberty,Conference USA,Conference USA,False,0,0.19142392883051393,0.3937121762145718,-6.0,-14.65065239156747,-0.6423943110405166,0.5847544597988175,-0.5419851169677338,-0.22524832179386817,-1.3060394160590574,0.18694092935842374,-1.531081690870882,1.1981443203771045,-0.19142392883051393,8.65065239156747,away_favorite,14-21,wk1-4
2024,2,Arizona State,Mississippi State,Big 12,SEC,False,1,0.6455007674139759,0.6597079941447481,7.0,5.804065670954596,-0.1725464916380705,-0.3579197611369752,-0.07532098966285952,-0.04595746527958611,-0.17785420053791007,-0.37193624651821966,0.6395839220684483,-1.285860052589033,0.3544992325860241,1.1959343290454036,home_favorite,3-7,wk1-4
2024,2,San Diego State,Oregon State,Mountain West,Pac-12,False,0,0.3791674979694839,0.27661213056082945,-21.0,-5.616105267898451,-0.554330537700705,-0.1188606210002007,-0.7210320788976813,-0.12217123575567992,-0.8831614797475267,-0.745004377974634,-0.4185020357032336,-1.8353381679983614,-0.3791674979694839,-15.383894732101549,away_favorite,3-7,wk1-4
2024,2,USC,Utah State,Big Ten,Mountain West,False,1,0.8203052760313847,0.9027140342685218,48.0,15.826289500119682,0.6744337195453941,-0.3757415012231984,-0.03809162246186454,-0.4463746054193376,0.70281705761773,-0.563986216324726,-1.1405435261997892,-0.03704615393146833,0.1796947239686153,32.173710499880315,home_favorite,14-21,wk1-4
2024,3,Texas State,Arizona State,Sun Belt,Big 12,False,0,0.701457585453146,0.6479830132503057,-3.0,8.995880434079773,0.3737257654398134,-0.1725464916380705,0.16926812962405424,-0.07532098966285952,0.3253544955298222,-0.17785420053791007,-0.3776317626562587,0.6395839220684483,-0.701457585453146,-11.995880434079773,home_favorite,7-14,wk1-4
2024,3,Kansas,UNLV,Big 12,Mountain West,True,0,0.8128342500067547,0.5924662305843318,-3.0,15.434301085415745,0.7484758006792365,-0.17211151306595868,0.11088833097429188,-0.3991301449356891,0.7535181351347131,-0.5573541161256889,0.757653599759709,-0.1869038217703762,-0.8128342500067547,-18.434301085415747,home_favorite,14-21,wk1-4
2024,3,Kansas State,Arizona,Big 12,Big 12,False,1,0.586503745441044,0.6850596089933503,24.0,3.747378080929262,0.6878728315475257,0.5883548895662951,0.4405724211706453,0.33249495424246256,0.304069815899341,0.7693739122179926,-0.3957963284549142,0.6441250635181122,0.413496254558956,20.252621919070737,home_favorite,3-7,wk1-4
2024,3,Michigan,Arkansas State,Big Ten,Sun Belt,False,1,0.7955399606633969,0.9674080970792048,10.0,14.40162775594743,0.7055668582151313,-0.057332136600882766,0.8056056447460994,-0.011986414457855518,0.44541739919204715,0.26185209666631626,-0.9725212925622259,1.7476224357864327,0.20446003933660306,-4.40162775594743,home_favorite,14-21,wk1-4
2024,3,Tulsa,Oklahoma State,American Athletic,Big 12,False,0,0.25064611418456956,0.2248471343503159,-35.0,-11.521099278498793,-0.3101890024843901,0.5982342907105223,-0.3807595828095247,0.1682877302184203,-0.3649850763601723,0.715786121529987,1.066451218336852,1.5750590606992054,-0.25064611418456956,-23.478900721501205,away_favorite,7-14,wk1-4
2024,3,Florida State,Memphis,ACC,American Athletic,False,0,0.6205361823344615,0.5714631174083814,-8.0,5.473321363898542,0.45076413885518146,0.6489962790607708,0.9388998174791834,0.12030352177016063,0.9316652895064667,0.7298069061337288,-1.1950372235957558,1.470612807356937,-0.6205361823344615,-13.473321363898542,home_favorite,3-7,wk1-4
2024,3,NC State,Louisiana Tech,ACC,Conference USA,False,1,0.8886317864684455,0.8705002577432696,10.0,20.944738713274994,0.29142787310553214,-0.5932559645739184,0.3713195047471658,-0.6402018548200492,0.3871969085601077,-0.9477356041842548,-0.609229976589116,-0.967980151112562,0.11136821353155446,-10.944738713274994,home_favorite,14-21,wk1-4
2024,3,Miami (OH),Cincinnati,Mid-American,Big 12,False,0,0.5647250878471755,0.7129021574054539,-11.0,2.3327086574587717,-0.2680705606589783,0.045807612635807876,0.11310157161454368,-0.05162433583810177,0.008973146806706828,0.03161097078644558,0.5714668003234902,-0.7545465029783601,-0.5647250878471755,-13.332708657458772,home_favorite,0-3,wk1-4
2024,3,Texas Tech,North Texas,Big 12,American Athletic,False,1,0.8973629488324613,0.6212967231224545,45.0,21.680254393597846,0.46917545090947965,-0.16427432426453253,0.3312379812157443,-0.7839426688581748,0.5516567180056666,-0.5198286140710898,0.41252684958525454,-1.2676954867903774,0.10263705116753874,23.319745606402154,home_favorite,21+,wk1-4
2024,3,Wisconsin,Alabama,Big Ten,SEC,False,0,0.25925704623216766,0.11886221644630175,-32.0,-11.071934027313072,0.3778516711637109,0.9997273593571036,0.04280801212241299,0.8412850886829762,0.40970152526275616,1.582976222909049,0.16276406985374192,0.580549083222818,-0.25925704623216766,-20.92806597268693,away_favorite,7-14,wk1-4
2024,3,South Carolina,LSU,SEC,SEC,False,0,0.455961881317159,0.35860988804438204,-3.0,-1.8938914611277373,0.5391737586011777,1.5485893844188192,0.5046170788892397,0.08338351539949124,1.3493649444355935,1.119150681247804,-1.285860052589033,-1.2313663551930665,-0.455961881317159,-1.1061085388722627,away_favorite,0-3,wk1-4
2024,3,Illinois,Central Michigan,Big Ten,Mid-American,False,1,0.7511091542629103,0.9037204383519798,21.0,11.509796790653406,-0.06815209485515818,-0.4301235857920978,-0.2607085741048837,-0.8292616799462602,0.003999445606856347,-0.9916554965700757,-0.12332784147508195,0.19909320145105291,0.24889084573708975,9.490203209346594,home_favorite,7-14,wk1-4
2024,3,Missouri,Boston College,SEC,ACC,False,1,0.8139185397122325,0.9119053076034237,6.0,15.219297666602351,0.7572554268040366,0.593630247563864,0.9114851069582477,-0.20601189172485246,1.0656137678523592,0.2964399857423634,1.8202806989810547,1.852068689128702,0.1860814602877675,-9.219297666602351,home_favorite,14-21,wk1-4
2024,3,Buffalo,Massachusetts,Mid-American,FBS Independents,False,1,0.5741679888074513,0.7973863140277038,31.0,3.1259542729039724,-0.6899703834029445,-0.49565387812129846,-0.3424245837443973,-0.7179968044772607,-1.0659666955181284,-0.824771900962719,-1.5129171250722264,-0.6137711180387799,0.42583201119254865,27.87404572709603,home_favorite,3-7,wk1-4
2024,3,Temple,Coastal Carolina,American Athletic,Sun Belt,False,0,0.3134030242453152,0.09186506426819295,-8.0,-8.422863401136771,-0.895493179739581,-0.21907299655811907,-0.76762786830484,-0.3160789166491237,-1.363592535187982,-0.5451868974829734,-1.0815086873541588,-0.9361921609649149,-0.3134030242453152,0.42286340113677134,away_favorite,7-14,wk1-4
2024,3,Washington,Washington State,Big Ten,Pac-12,True,0,0.6251350845022292,0.7358774441014764,-5.0,5.929446846867846,0.4742173410091143,-0.21367982818036663,-0.16621759586410975,-0.18146690852008449,0.1385420267186566,-0.3930411104449563,-2.0396895332332354,-0.8726161806696209,-0.6251350845022292,-10.929446846867846,home_favorite,3-7,wk1-4
2024,3,Purdue,Notre Dame,Big Ten,FBS Independents,False,0,0.15426590513201888,0.15024314815725381,-59.0,-17.834481942167407,-0.03547156310347992,1.0714168257883963,0.09603648733447401,1.1706877179545843,0.18413862681553214,1.485787112803546,0.10372923100811154,-0.45937230875020846,-0.15426590513201888,-41.16551805783259,away_favorite,14-21,wk1-4
2024,3,Oklahoma,Tulane,SEC,American Athletic,False,1,0.8506224188595404,0.8737104209450813,15.0,17.66238836899435,0.7317225909784375,-0.1947701433025493,0.7731910543682914,0.12498308737643017,0.8912720206580607,-0.06103337801661726,-0.3640083383072671,-0.7727110687770156,0.14937758114045963,-2.6623883689943497,home_favorite,14-21,wk1-4
2024,3,Oregon State,Oregon,Pac-12,Big Ten,False,0,0.06442069634521465,0.28357630589706123,-35.0,-26.56947607885342,-0.1188606210002007,1.8481905735826398,-0.12217123575567992,0.8955401906557519,-0.745004377974634,1.9959101505146322,-1.8353381679983614,-0.5365717133944944,-0.06442069634521465,-8.43052392114658,away_favorite,21+,wk1-4
2024,3,Florida,Texas A&M,SEC,SEC,False,0,0.5182189689635731,0.34029200585525193,-13.0,0.4611437617100238,0.6908502218397348,0.4533132085610834,0.4084801613236756,0.9243688559873142,0.9693477586674184,1.0925437273790324,1.1300271986321462,0.44885598118256553,-0.5182189689635731,-13.461143761710023,home_favorite,0-3,wk1-4
2024,3,Minnesota,Nevada,Big Ten,Mountain West,False,1,0.8414061716948713,0.8368309660028946,27.0,16.990382610310164,-0.07208842300681916,-1.3832234499152747,-0.43063747408919906,-0.6430385739956987,-0.15117852762579836,-1.1242887057702242,0.3444097278402969,0.08556466520945603,0.1585938283051287,10.009617389689836,home_favorite,14-21,wk1-4
2024,3,Miami,Ball State,ACC,Mid-American,False,1,0.9654371453378233,0.8774725143294195,62.0,32.29559779038015,1.0032521149524218,-0.6893763031187243,0.9966866538579895,-0.49825187553794575,1.6245189094055847,-1.0663415674095078,-0.0007170223341575866,0.37619771798794405,0.03456285466217668,29.70440220961985,home_favorite,21+,wk1-4
2024,3,Pittsburgh,West Virginia,ACC,Big 12,False,1,0.22770024173051337,0.502878199574811,4.0,-12.713311124238107,-0.29989798620843905,0.8552394781268736,0.20576315467012457,0.4668665262941879,-0.3220724010762185,1.1789365758221604,0.39436228378659954,1.8566098305783658,0.7722997582694866,16.713311124238107,away_favorite,7-14,wk1-4
2024,3,East Carolina,App State,American Athletic,Sun Belt,False,0,0.24453846957036263,0.5487743358597419,-2.0,-11.656320666800838,-0.9242106720606654,0.22162316618535444,0.03303039781648437,0.014616352226844556,-0.8772064429417238,0.2606076669647802,-0.6637236739850826,1.8384452647797103,-0.24453846957036263,9.656320666800838,away_favorite,7-14,wk1-4
2024,3,Iowa,Troy,Big Ten,Sun Belt,False,1,0.7034898867353332,0.5629847281035958,17.0,8.566923704701408,-0.3694047849019738,-0.5621669578027381,0.5089646450642735,0.08475198876917195,0.7397554176523926,-1.1783300768077756,0.32170402059197756,-0.9861447169112174,0.2965101132646668,8.433076295298592,home_favorite,7-14,wk1-4
2024,3,Arkansas,UAB,SEC,American Athletic,False,1,0.7530341625650658,0.8001620559151359,10.0,11.61539006023545,0.12133104519857646,-0.08055273317407233,0.32406018982922663,-0.478356607356137,0.547290825507733,-0.3243550842560769,0.2399634744980278,0.7985238728066839,0.24696583743493417,-1.61539006023545,home_favorite,7-14,wk1-4
2024,3,Utah State,Utah,Mountain West,Big 12,False,0,0.4188493749909882,0.13954883824228792,-17.0,-3.8099256119837173,-0.3757415012231984,-0.3404828804506783,-0.4463746054193376,0.21720073409987467,-0.563986216324726,-0.1580960897908768,-0.03704615393146833,-0.7045939470320575,-0.4188493749909882,-13.190074388016283,away_favorite,3-7,wk1-4
2024,3,Florida Atlantic,Florida International,American Athletic,Conference USA,False,1,0.6681435786382582,0.7233878694391705,18.0,7.601176621106047,-0.28928161232478894,-1.0526375008649564,-0.429454327265791,-0.5384268214218134,-0.4392179712359451,-1.110937219543573,-2.0306072503339077,0.5669256588738263,0.33185642136174176,10.398823378893953,home_favorite,7-14,wk1-4
2024,3,Liberty,UTEP,Conference USA,Conference USA,False,1,0.9443116861763037,0.9119053076034237,18.0,27.634531724948285,0.5847544597988175,-0.9869997009432215,-0.22524832179386817,-0.9550840798444284,0.18694092935842374,-1.6690323607964186,1.1981443203771045,-1.0815086873541588,0.05568831382369632,-9.634531724948285,home_favorite,21+,wk1-4
2024,3,Old Dominion,Virginia Tech,Sun Belt,ACC,False,0,0.18288061491813667,0.3149403910066497,-20.0,-15.564159187198708,-0.843477979774163,0.22299746219104594,-0.31630282770678275,0.313166507994596,-1.0084638391364487,0.47715817047495124,0.39890342523626343,1.6522584653434913,-0.18288061491813667,-4.435840812801292,away_favorite,14-21,wk1-4
2024,3,Duke,UConn,ACC,FBS Independents,False,1,0.7569393121201566,0.9495878577870241,5.0,11.55472264347231,0.059918952643153944,-0.4783516906942704,0.06957051548647974,-0.25321731927486907,-0.2385255018488518,-0.5714522706076628,0.09918808955844767,-0.831745907622646,0.24306068787984336,-6.55472264347231,home_favorite,7-14,wk1-4
2024,3,Wake Forest,Ole Miss,ACC,SEC,False,0,0.14557903463756453,0.1655408182910169,-34.0,-18.023873851826718,-0.1481233936568683,1.1037182203408216,0.05441825902063295,0.7141886028314836,0.43284019242899807,1.9076539171671296,-0.6682648154347465,1.5523533534508862,-0.14557903463756453,-15.976126148173282,away_favorite,14-21,wk1-4
2024,3,Middle Tennessee,Western Kentucky,Conference USA,Conference USA,False,0,0.5616365143459118,0.5430664920222119,-28.0,2.3322768161153684,-0.5006190242490017,-0.20298743544222292,-0.3449418327564924,-0.5172447439147035,-0.8408939279238054,-0.6024317824477987,0.36711543508861627,-0.42304317715289746,-0.5616365143459118,-30.332276816115368,home_favorite,0-3,wk1-4
2024,3,Sam Houston,Hawai'i,Conference USA,Mountain West,False,1,0.3787679054377132,0.7523149936056823,18.0,-5.092276295405483,-0.6903050218229474,-0.5247624976658892,-0.6151645327344423,-0.2632983269006847,-0.7982905916602123,-0.2578676184601607,-0.2232329533676872,1.9156446694239961,0.6212320945622868,23.092276295405483,away_favorite,3-7,wk1-4
2024,3,Texas,UTSA,SEC,American Athletic,False,1,0.8649196531164209,0.9674080970792048,49.0,18.75786929453305,0.7820841510400872,-0.024067291852766612,1.050363778291889,0.1828638681957904,1.3515452062762805,-0.1306856904841598,-0.03704615393146833,-0.6682648154347465,0.13508034688357906,30.24213070546695,home_favorite,14-21,wk1-4
2024,3,Eastern Michigan,Jacksonville State,Mid-American,Conference USA,False,1,0.2656684894148007,0.4841750147352649,3.0,-10.78582360827673,-0.9799171232733467,-0.3086835004555582,-0.5009727721922274,0.047140772557283606,-0.9224229666287989,-0.6900547496219359,-1.217742930844075,-0.3413026310589477,0.7343315105851993,13.78582360827673,away_favorite,7-14,wk1-4
2024,3,Georgia State,Vanderbilt,Sun Belt,SEC,False,1,0.4462146959962518,0.6686949563073317,4.0,-2.5836797299817005,-0.3788463205857343,-0.12915234057708824,-0.4408524981423841,-0.07469568524583706,-0.8643595813129547,0.4225405750750839,-0.7272996542803768,-1.413012013179621,0.5537853040037481,6.5836797299817,away_favorite,0-3,wk1-4
2024,3,Southern Miss,South Florida,Sun Belt,American Athletic,False,0,0.2839234249922456,0.31122643133128686,-25.0,-9.457176743544133,-0.6227562238254986,-0.17534938644549705,-0.5123636714859274,-0.06207965588910159,-0.676396894704634,-0.010441757883732208,-1.1405435261997892,1.7476224357864327,-0.2839234249922456,-15.542823256455867,away_favorite,7-14,wk1-4
2024,3,Mississippi State,Toledo,SEC,Mid-American,False,0,0.36234673871215395,0.4726840269935071,-24.0,-5.982570396267937,-0.3579197611369752,0.16018875286556833,-0.04595746527958611,0.15740371867424674,-0.37193624651821966,0.11003644142600438,-1.285860052589033,-0.06883414407911546,-0.36234673871215395,-18.01742960373206,away_favorite,3-7,wk1-4
2024,3,Baylor,Air Force,Big 12,Mountain West,False,1,0.8342361089966732,0.4047569603484281,28.0,16.396964343428486,-0.07266435305440802,-0.7617353086206576,-0.09071599564921541,-0.745408053347792,0.19994196079347726,-1.9204466555739974,0.35349201073962466,-0.6183122594884438,0.16576389100332678,11.603035656571514,home_favorite,14-21,wk1-4
2024,3,UCLA,Indiana,Big Ten,Big Ten,False,0,0.4274115106232351,0.7469129214289432,-29.0,-3.4707432009005363,-0.20344682461292024,0.6880336710405608,0.6044901596393112,0.3941065430926814,0.05260921213947928,1.4744762471300321,0.648666204967776,-0.1914449632200401,-0.4274115106232351,-25.529256799099464,away_favorite,3-7,wk1-4
2024,3,Kentucky,Georgia,SEC,SEC,False,0,0.244260292942703,0.07437628354834386,-1.0,-11.747464051899804,0.5768380169059657,1.6430797216723505,0.5284445445183497,0.8988597188965645,1.103301838503555,2.060023300220048,-0.5184071475958388,0.5896313661221456,-0.244260292942703,10.747464051899804,away_favorite,7-14,wk1-4
2024,3,Colorado State,Colorado,Mountain West,Big 12,False,0,0.1989506260904414,0.527315973006493,-19.0,-14.647651471094974,-0.7075364691571274,0.4980576673601974,-0.37631765316253374,0.20039125541009425,-0.8666528045523121,1.3143750774978,0.7304067510617258,0.866640994551642,-0.1989506260904414,-4.352348528905026,away_favorite,14-21,wk1-4
2024,3,Auburn,New Mexico,SEC,Mountain West,False,1,0.9449449599780433,0.8959410508417222,26.0,27.797847035213724,0.5740069444214645,-0.3679062548538256,0.6716477195407801,-0.8168830687408246,1.0218050365699827,-1.106728095962684,1.0800746426858436,-0.5683597035421415,0.055055040021956714,-1.7978470352137244,home_favorite,21+,wk1-4
2024,3,TCU,UCF,Big 12,Big 12,False,0,0.6143777976041647,0.4985608882908471,-1.0,4.737018065677722,0.6891711551729265,0.5069214833823795,0.07001125214639764,0.17871134801586178,0.7714303518066584,0.8424460039901764,0.31716287914231367,-0.3367614896092838,-0.6143777976041647,-5.737018065677722,home_favorite,3-7,wk1-4
2024,3,Tennessee,Kent State,SEC,Mid-American,False,1,0.9727519396018355,0.9902112361810912,71.0,34.614246103112265,0.5669345542568669,-1.3183793280584086,0.5253781985462637,-1.1700991857546152,0.43926865763471673,-1.3909788117260127,-0.6501002496360909,1.061910076887188,0.02724806039816452,36.385753896887735,home_favorite,21+,wk1-4
2024,3,Virginia,Maryland,ACC,Big Ten,False,0,0.47331886585825067,0.15320659692731933,-14.0,-1.4823359097075568,-0.16067688492180365,0.17415232623740778,-0.20590803231420646,0.027441881905464673,-0.0646451837006381,0.004852593001966651,0.6532073464174399,-0.47299573309920007,-0.47331886585825067,-12.517664090292444,away_favorite,0-3,wk1-4
2024,3,Houston,Rice,Big 12,American Athletic,False,1,0.6758849400223552,0.7175917231915314,26.0,7.5126195075673365,0.23979093902833853,-0.020752444868237727,-0.1263429349340014,-0.2500595115186565,0.5974293554408686,-0.2985704198352858,0.7349478925113897,-0.018881588132813088,0.3241150599776448,18.487380492432663,home_favorite,7-14,wk1-4
2024,3,Wyoming,BYU,Mountain West,Big 12,False,0,0.5988263128677718,0.4841750147352649,-20.0,4.288193570724923,-0.22551594060762864,-0.5171792199664021,-0.3017411846109438,-0.36692165402036375,-0.44169420046747154,-0.5490658175662225,-0.9861447169112174,0.40798570813559065,-0.5988263128677718,-24.28819357072492,home_favorite,3-7,wk1-4
2024,3,California,San Diego State,ACC,Mountain West,False,1,0.8818487791562959,0.7369947605406894,21.0,20.250185916398856,0.296650788922859,-0.554330537700705,0.1498454060877932,-0.7210320788976813,0.6859458472866004,-0.8831614797475267,0.544219951625507,-0.4185020357032336,0.11815122084370411,0.7498140836011444,home_favorite,14-21,wk1-4
2024,3,Fresno State,New Mexico State,Mountain West,Conference USA,False,1,0.7785613644128659,0.7436345220073278,48.0,12.571895591831824,-0.1708786977510432,-0.6423943110405166,-0.24582955962441777,-0.5419851169677338,-0.2634495222243654,-1.3060394160590574,0.9483815406455918,-1.531081690870882,0.22143863558713406,35.428104408168174,home_favorite,7-14,wk1-4
2024,4,App State,South Alabama,Sun Belt,Sun Belt,False,0,0.5951460048769559,0.4089244036850566,-34.0,3.53805016626075,0.22162316618535444,0.17139828026240692,0.014616352226844556,0.2383339176276842,0.2606076669647802,-0.1911509953945143,1.8384452647797103,-0.45483116730054457,-0.5951460048769559,-37.53805016626075,home_favorite,3-7,wk1-4
2024,4,Syracuse,Stanford,ACC,ACC,False,0,0.7976452445360199,0.7105400123698378,-2.0,14.481022903275216,0.12344217342336274,-0.5754018512247736,0.2884738065713728,-0.5686652404440202,0.36605205737926555,-0.30161430015595647,-0.7227585128307129,1.6976698798401302,-0.7976452445360199,-16.481022903275218,home_favorite,14-21,wk1-4
2024,4,Nebraska,Illinois,Big Ten,Big Ten,False,0,0.6063693663322531,0.6661394245831221,-7.0,4.203715585199371,-0.4957629953706532,-0.06815209485515818,0.3034008749056111,-0.2607085741048837,0.14613239100645203,0.003999445606856347,0.684995336565087,-0.12332784147508195,-0.6063693663322531,-11.20371558519937,home_favorite,3-7,wk1-4
2024,4,Washington State,San José State,Pac-12,Mountain West,False,1,0.7580474172472549,0.5827018849642301,2.0,11.76672931538336,-0.21367982818036663,-0.5886251357645516,-0.18146690852008449,-0.7450360489313024,-0.3930411104449563,-1.279267948043809,-0.8726161806696209,-1.0633441215555033,0.24195258275274512,-9.76672931538336,home_favorite,7-14,wk1-4
2024,4,Indiana,Charlotte,Big Ten,American Athletic,False,1,0.8789370592788499,0.9114417700030158,38.0,20.226355820620117,0.6880336710405608,-0.6474052912586985,0.3941065430926814,-0.2420413712412043,1.4744762471300321,-0.5834852477676895,-0.1914449632200401,0.6759130536657593,0.12106294072115009,17.773644179379883,home_favorite,14-21,wk1-4
2024,4,West Virginia,Kansas,Big 12,Big 12,False,1,0.706793861409643,0.5043172397550598,4.0,9.007615228432844,0.8552394781268736,0.7484758006792365,0.4668665262941879,0.11088833097429188,1.1789365758221604,0.7535181351347131,1.8566098305783658,0.757653599759709,0.29320613859035705,-5.007615228432844,home_favorite,7-14,wk1-4
2024,4,Clemson,NC State,ACC,ACC,False,1,0.7806265059623708,0.8569591392644484,24.0,12.727795372881422,0.5607070120970075,0.29142787310553214,0.9882718831349326,0.3713195047471658,1.0628672533142367,0.3871969085601077,1.3616254125650038,-0.609229976589116,0.21937349403762918,11.272204627118578,home_favorite,7-14,wk1-4
2024,4,Ohio State,Marshall,Big Ten,Sun Belt,False,1,0.9434247439326682,0.9820268840033544,35.0,27.755295931931773,1.2063423002491749,-0.4327877071279027,1.124832008684659,0.053851915211350326,1.9847205317235916,-0.5517330645195149,-1.1360023847501253,-0.931651019515251,0.056575256067331825,7.244704068068227,home_favorite,21+,wk1-4
2024,4,Cincinnati,Houston,Big 12,Big 12,False,1,0.49958527580952994,0.5402082283237456,34.0,0.09819301190911656,0.045807612635807876,0.23979093902833853,-0.05162433583810177,-0.1263429349340014,0.03161097078644558,0.5974293554408686,-0.7545465029783601,0.7349478925113897,0.5004147241904701,33.90180698809088,away_favorite,0-3,wk1-4
2024,4,Mississippi State,Florida,SEC,SEC,False,0,0.195052605342166,0.4512256641402582,-17.0,-14.533938129883332,-0.3579197611369752,0.6908502218397348,-0.04595746527958611,0.4084801613236756,-0.37193624651821966,0.9693477586674184,-1.285860052589033,1.1300271986321462,-0.195052605342166,-2.4660618701166683,away_favorite,14-21,wk1-4
2024,4,Army,Rice,American Athletic,American Athletic,False,1,0.3162794077032348,0.8263535539440318,23.0,-8.465853660492218,-0.8234693117968547,-0.020752444868237727,-0.735711696883997,-0.2500595115186565,-1.6048292196959895,-0.2985704198352858,1.034663228189205,-0.018881588132813088,0.6837205922967652,31.46585366049222,away_favorite,7-14,wk1-4
2024,4,North Carolina,James Madison,ACC,Sun Belt,False,0,0.8469962146993261,0.3868631798468569,-20.0,17.16166442992524,0.7123987045064115,-0.6633122327300709,0.21375180823570827,0.23646416848557567,0.7702141018313953,-1.1286427372784467,-0.10516327567642646,-1.9851958358372692,-0.8469962146993261,-37.16166442992524,home_favorite,14-21,wk1-4
2024,4,Louisiana,Tulane,Sun Belt,American Athletic,False,0,0.5672172321826363,0.5882899718631628,-8.0,2.5521165471886795,0.051487432197694805,-0.1947701433025493,-0.20268768518740918,0.12498308737643017,0.06396964711089734,-0.06103337801661726,0.008365260565170164,-0.7727110687770156,-0.5672172321826363,-10.55211654718868,home_favorite,0-3,wk1-4
2024,4,Kentucky,Ohio,SEC,Mid-American,False,1,0.8443513755855858,0.7175917231915314,35.0,17.069645108060943,0.5768380169059657,-0.5031116552413977,0.5284445445183497,0.14912718036782224,1.103301838503555,-0.9118315037896593,-0.5184071475958388,-1.562869681018529,0.15564862441441418,17.930354891939057,home_favorite,14-21,wk1-4
2024,4,Central Michigan,Ball State,Mid-American,Mid-American,False,1,0.5454227755846632,0.5756869523764296,3.0,1.8029378910188185,-0.4301235857920978,-0.6893763031187243,-0.8292616799462602,-0.49825187553794575,-0.9916554965700757,-1.0663415674095078,0.19909320145105291,0.37619771798794405,0.45457722441533677,1.1970621089811815,home_favorite,0-3,wk1-4
2024,4,Temple,Utah State,American Athletic,Mountain West,False,1,0.34642056216082423,0.3800586409554767,16.0,-6.716632442767777,-0.895493179739581,-0.3757415012231984,-0.76762786830484,-0.4463746054193376,-1.363592535187982,-0.563986216324726,-1.0815086873541588,-0.03704615393146833,0.6535794378391757,22.716632442767775,away_favorite,3-7,wk1-4
2024,4,Iowa State,Arkansas State,Big 12,Sun Belt,False,1,0.6745066921222662,0.8118599983337865,45.0,7.453052696899409,0.10552364601781568,-0.057332136600882766,0.34705924744054945,-0.011986414457855518,0.47642158192697304,0.26185209666631626,1.9383503766723156,1.7476224357864327,0.3254933078777338,37.546947303100595,home_favorite,7-14,wk1-4
2024,4,Coastal Carolina,Virginia,Sun Belt,ACC,False,0,0.4798953139400488,0.8221846111535023,-19.0,-0.753035719483131,-0.21907299655811907,-0.16067688492180365,-0.3160789166491237,-0.20590803231420646,-0.5451868974829734,-0.0646451837006381,-0.9361921609649149,0.6532073464174399,-0.4798953139400488,-18.24696428051687,away_favorite,0-3,wk1-4
2024,4,Jacksonville State,Southern Miss,Conference USA,Sun Belt,False,1,0.7529382192880741,0.8083176725494586,37.0,11.332344127810764,-0.3086835004555582,-0.6227562238254986,0.047140772557283606,-0.5123636714859274,-0.6900547496219359,-0.676396894704634,-0.3413026310589477,-1.1405435261997892,0.24706178071192586,25.667655872189236,home_favorite,7-14,wk1-4
2024,4,Notre Dame,Miami (OH),FBS Independents,Mid-American,False,1,0.9139106681605345,0.9691750606956857,25.0,23.78648325277053,1.0714168257883963,-0.2680705606589783,1.1706877179545843,0.11310157161454368,1.485787112803546,0.008973146806706828,-0.45937230875020846,0.5714668003234902,0.08608933183946554,1.2135167472294697,home_favorite,21+,wk1-4
2024,4,Navy,Memphis,American Athletic,American Athletic,False,1,0.12419381244991029,0.2789217568024399,12.0,-20.00236241782455,-1.0147088560953377,0.6489962790607708,-0.45810709424795143,0.12030352177016063,-1.4655784883704248,0.7298069061337288,0.4579382640818933,1.470612807356937,0.8758061875500898,32.00236241782455,away_favorite,14-21,wk1-4
2024,4,Northern Illinois,Buffalo,Mid-American,Mid-American,False,0,0.6171035636040829,0.7392202541406678,-3.0,4.50529739242508,-0.49430446481950296,-0.6899703834029445,-0.5448445711658041,-0.3424245837443973,-0.7998559430688249,-1.0659666955181284,0.5533022345248346,-1.5129171250722264,-0.6171035636040829,-7.50529739242508,home_favorite,3-7,wk1-4
2024,4,Penn State,Kent State,Big Ten,Mid-American,False,1,0.995696757444477,0.9951260832183855,56.0,49.724554325808384,1.177659695929489,-1.3183793280584086,1.2990183403150155,-1.1700991857546152,1.591173558664246,-1.3909788117260127,1.1936031789274406,1.061910076887188,0.004303242555522946,6.275445674191616,home_favorite,21+,wk1-4
2024,4,Virginia Tech,Rutgers,ACC,Big Ten,False,0,0.6558336101734926,0.7381090325404187,-3.0,6.3629363050366,0.22299746219104594,0.3750513080587442,0.313166507994596,-0.002278977062819064,0.47715817047495124,0.1707608368070326,1.6522584653434913,-0.1869038217703762,-0.6558336101734926,-9.3629363050366,home_favorite,3-7,wk1-4
2024,4,Texas Tech,Arizona State,Big 12,Big 12,False,1,0.7660485349886055,0.7347570893165466,8.0,12.275168443939304,0.46917545090947965,-0.1725464916380705,0.3312379812157443,-0.07532098966285952,0.5516567180056666,-0.17785420053791007,0.41252684958525454,0.6395839220684483,0.23395146501139452,-4.275168443939304,home_favorite,7-14,wk1-4
2024,4,Michigan,USC,Big Ten,Big Ten,False,1,0.7531415925546954,0.7680520031675839,3.0,11.544952547123474,0.7055668582151313,0.6744337195453941,0.8056056447460994,-0.03809162246186454,0.44541739919204715,0.70281705761773,-0.9725212925622259,-1.1405435261997892,0.24685840744530463,-8.544952547123474,home_favorite,7-14,wk1-4
2024,4,Auburn,Arkansas,SEC,SEC,False,0,0.7433454779832166,0.7414335229692995,-10.0,10.819023260638446,0.5740069444214645,0.12133104519857646,0.6716477195407801,0.32406018982922663,1.0218050365699827,0.547290825507733,1.0800746426858436,0.2399634744980278,-0.7433454779832166,-20.819023260638446,home_favorite,7-14,wk1-4
2024,4,LSU,UCLA,SEC,Big Ten,False,1,0.7675551527555364,0.9123666522054631,17.0,12.68530466192773,1.5485893844188192,-0.20344682461292024,0.08338351539949124,0.6044901596393112,1.119150681247804,0.05260921213947928,-1.2313663551930665,0.648666204967776,0.23244484724446357,4.314695338072269,home_favorite,7-14,wk1-4
2024,4,Louisville,Georgia Tech,ACC,ACC,False,1,0.7394148741897979,0.7690759234333929,12.0,11.330025417628711,0.8008970412490346,0.5377787989922762,0.9282870193164992,-0.06367204982660732,1.0944045218673226,0.522518652199219,-1.45842342767626,1.702211021289794,0.2605851258102021,0.6699745823712888,home_favorite,7-14,wk1-4
2024,4,Oklahoma State,Utah,Big 12,Big 12,False,0,0.792407748816622,0.5416377027147634,-3.0,13.425980343286735,0.5982342907105223,-0.3404828804506783,0.1682877302184203,0.21720073409987467,0.715786121529987,-0.1580960897908768,1.5750590606992054,-0.7045939470320575,-0.792407748816622,-16.425980343286735,home_favorite,7-14,wk1-4
2024,4,Middle Tennessee,Duke,Conference USA,ACC,False,0,0.3535315463656211,0.1437479399018495,-28.0,-6.617344641772879,-0.5006190242490017,0.059918952643153944,-0.3449418327564924,0.06957051548647974,-0.8408939279238054,-0.2385255018488518,0.36711543508861627,0.09918808955844767,-0.3535315463656211,-21.38265535822712,away_favorite,3-7,wk1-4
2024,4,Missouri,Vanderbilt,SEC,SEC,False,1,0.918946149050339,0.9590873001033207,3.0,23.78513900999226,0.7572554268040366,-0.12915234057708824,0.9114851069582477,-0.07469568524583706,1.0656137678523592,0.4225405750750839,1.8202806989810547,-1.413012013179621,0.081053850949661,-20.78513900999226,home_favorite,21+,wk1-4
2024,4,SMU,TCU,ACC,Big 12,False,1,0.7857897837068119,0.6825703854747719,24.0,13.167953920542367,0.7671653188368184,0.6891711551729265,0.8622571235940013,0.07001125214639764,1.31311355754822,0.7714303518066584,2.0427966300145846,0.31716287914231367,0.21421021629318815,10.832046079457633,home_favorite,7-14,wk1-4
2024,4,Colorado State,UTEP,Mountain West,Conference USA,False,1,0.7744896242897357,0.5868950233791,10.0,12.404661534565378,-0.7075364691571274,-0.9869997009432215,-0.37631765316253374,-0.9550840798444284,-0.8666528045523121,-1.6690323607964186,0.7304067510617258,-1.0815086873541588,0.22551037571026433,-2.4046615345653777,home_favorite,7-14,wk1-4
2024,4,Liberty,East Carolina,Conference USA,American Athletic,False,1,0.8360586064336263,0.7926963841757685,11.0,16.380106706677445,0.5847544597988175,-0.9242106720606654,-0.22524832179386817,0.03303039781648437,0.18694092935842374,-0.8772064429417238,1.1981443203771045,-0.6637236739850826,0.16394139356637372,-5.380106706677445,home_favorite,14-21,wk1-4
2024,4,Western Kentucky,Toledo,Conference USA,Mid-American,False,1,0.3311826229635616,0.33771220256911116,5.0,-7.505435235426281,-0.20298743544222292,0.16018875286556833,-0.5172447439147035,0.15740371867424674,-0.6024317824477987,0.11003644142600438,-0.42304317715289746,-0.06883414407911546,0.6688173770364384,12.505435235426281,away_favorite,7-14,wk1-4
2024,4,Florida State,California,ACC,ACC,False,1,0.7053311842419181,0.667418421873223,5.0,9.262744479431088,0.45076413885518146,0.296650788922859,0.9388998174791834,0.1498454060877932,0.9316652895064667,0.6859458472866004,-1.1950372235957558,0.544219951625507,0.2946688157580819,-4.262744479431088,home_favorite,7-14,wk1-4
2024,4,Sam Houston,New Mexico State,Conference USA,Conference USA,False,1,0.5722297895551984,0.7164236941029388,20.0,2.6705934912766454,-0.6903050218229474,-0.6423943110405166,-0.6151645327344423,-0.5419851169677338,-0.7982905916602123,-1.3060394160590574,-0.2232329533676872,-1.531081690870882,0.42777021044480157,17.329406508723356,home_favorite,0-3,wk1-4
2024,4,North Texas,Wyoming,American Athletic,Mountain West,False,1,0.4725212816176313,0.6253513933075368,27.0,-1.2301769373901172,-0.16427432426453253,-0.22551594060762864,-0.7839426688581748,-0.3017411846109438,-0.5198286140710898,-0.44169420046747154,-1.2676954867903774,-0.9861447169112174,0.5274787183823687,28.230176937390116,away_favorite,0-3,wk1-4
2024,4,Louisiana Tech,Tulsa,Conference USA,American Athletic,False,0,0.3839563504220899,0.6750402010402987,-3.0,-4.833117097044543,-0.5932559645739184,-0.3101890024843901,-0.6402018548200492,-0.3807595828095247,-0.9477356041842548,-0.3649850763601723,-0.967980151112562,1.066451218336852,-0.3839563504220899,1.8331170970445427,away_favorite,3-7,wk1-4
2024,4,Washington,Northwestern,Big Ten,Big Ten,False,1,0.6939249954894459,0.8460451004320948,19.0,8.789557169990442,0.4742173410091143,-0.332034998103514,-0.16621759586410975,-0.18564063113058688,0.1385420267186566,-0.08362040626967432,-2.0396895332332354,-0.25047980206567044,0.30607500451055414,10.210442830009558,home_favorite,7-14,wk1-4
2024,4,South Florida,Miami,American Athletic,ACC,False,0,0.16913890458251452,0.20730361582423143,-35.0,-16.9372356279281,-0.17534938644549705,1.0032521149524218,-0.06207965588910159,0.9966866538579895,-0.010441757883732208,1.6245189094055847,1.7476224357864327,-0.0007170223341575866,-0.16913890458251452,-18.0627643720719,away_favorite,14-21,wk1-4
2024,4,UConn,Florida Atlantic,FBS Independents,American Athletic,False,1,0.5942359934682981,0.27431435372821295,34.0,3.6560488706242333,-0.4783516906942704,-0.28928161232478894,-0.25321731927486907,-0.429454327265791,-0.5714522706076628,-0.4392179712359451,-0.831745907622646,-2.0306072503339077,0.40576400653170186,30.343951129375768,home_favorite,3-7,wk1-4
2024,4,Oklahoma,Tennessee,SEC,SEC,False,0,0.6595295160115641,0.4271277486054956,-10.0,6.759612994703181,0.7317225909784375,0.5669345542568669,0.7731910543682914,0.5253781985462637,0.8912720206580607,0.43926865763471673,-0.3640083383072671,-0.6501002496360909,-0.6595295160115641,-16.759612994703183,home_favorite,3-7,wk1-4
2024,4,Texas A&M,Bowling Green,SEC,Mid-American,False,1,0.8920944896576359,0.8562520600981506,6.0,21.336027242234195,0.4533132085610834,-0.45736684583855947,0.9243688559873142,-0.2478153119358207,1.0925437273790324,-0.6823445854901828,0.44885598118256553,0.8439352873033227,0.10790551034236406,-15.336027242234195,home_favorite,21+,wk1-4
2024,4,South Carolina,Akron,SEC,Mid-American,False,1,0.9402848729946893,0.9688292506827381,43.0,27.274507858899728,0.5391737586011777,-1.0020185835321471,0.5046170788892397,-0.6263015644846457,1.3493649444355935,-1.076684707571339,-1.285860052589033,-0.9271098780655871,0.059715127005310675,15.725492141100272,home_favorite,21+,wk1-4
2024,4,Minnesota,Iowa,Big Ten,Big Ten,False,0,0.4116216208074572,0.515824985264735,-17.0,-4.0195870162982015,-0.07208842300681916,-0.3694047849019738,-0.43063747408919906,0.5089646450642735,-0.15117852762579836,0.7397554176523926,0.3444097278402969,0.32170402059197756,-0.4116216208074572,-12.980412983701799,away_favorite,3-7,wk1-4
2024,4,Ole Miss,Georgia Southern,SEC,Sun Belt,False,1,0.9276358383524241,0.9495878577870241,39.0,25.17212521746179,1.1037182203408216,-0.08331268064815031,0.7141886028314836,-0.21757247537818755,1.9076539171671296,-0.17403023329921866,1.5523533534508862,-0.2731855093139898,0.07236416164757586,13.82787478253821,home_favorite,21+,wk1-4
2024,4,Texas,UL Monroe,SEC,Sun Belt,False,1,0.9746917118943487,0.9938718359347175,48.0,34.691563690234375,0.7820841510400872,-0.8630381080844797,1.050363778291889,-0.5725318069955634,1.3515452062762805,-1.4409988290695188,-0.03704615393146833,-1.3993885888306297,0.025308288105651333,13.308436309765625,home_favorite,21+,wk1-4
2024,4,Boston College,Michigan State,ACC,Big Ten,False,1,0.7104617235637882,0.6532171672188698,4.0,8.910154208929878,0.593630247563864,-0.04046875076814646,-0.20601189172485246,0.12193965680616908,0.2964399857423634,0.3701422842124211,1.852068689128702,-0.7863344931260072,0.28953827643621177,-4.910154208929878,home_favorite,7-14,wk1-4
2024,4,Colorado,Baylor,Big 12,Big 12,False,1,0.7548725356111528,0.3692697113837977,7.0,11.557563210030091,0.4980576673601974,-0.07266435305440802,0.20039125541009425,-0.09071599564921541,1.3143750774978,0.19994196079347726,0.866640994551642,0.35349201073962466,0.24512746438884725,-4.557563210030091,home_favorite,7-14,wk1-4
2024,4,Oregon State,Purdue,Pac-12,Big Ten,False,1,0.43504656136159103,0.8569591392644484,17.0,-2.6382019438977697,-0.1188606210002007,-0.03547156310347992,-0.12217123575567992,0.09603648733447401,-0.745004377974634,0.18413862681553214,-1.8353381679983614,0.10372923100811154,0.564953438638409,19.63820194389777,away_favorite,0-3,wk1-4
2024,4,New Mexico,Fresno State,Mountain West,Mountain West,False,0,0.35773132009498365,0.08226538120060121,-17.0,-6.061673628280968,-0.3679062548538256,-0.1708786977510432,-0.8168830687408246,-0.24582955962441777,-1.106728095962684,-0.2634495222243654,-0.5683597035421415,0.9483815406455918,-0.35773132009498365,-10.938326371719032,away_favorite,3-7,wk1-4
2024,4,BYU,Kansas State,Big 12,Big 12,False,1,0.18506935851601986,0.14732704794388854,29.0,-15.680362368742866,-0.5171792199664021,0.6878728315475257,-0.36692165402036375,0.4405724211706453,-0.5490658175662225,0.304069815899341,0.40798570813559065,-0.3957963284549142,0.8149306414839801,44.68036236874286,away_favorite,14-21,wk1-4
2024,5,Temple,Army,American Athletic,American Athletic,False,0,0.47222250427220175,0.1562177520757074,-28.0,-1.0268794138309367,-0.895493179739581,-0.8234693117968547,-0.76762786830484,-0.735711696883997,-1.363592535187982,-1.6048292196959895,-1.0815086873541588,1.034663228189205,-0.47222250427220175,-26.973120586169063,away_favorite,0-3,wk5-9
2024,5,Miami,Virginia Tech,ACC,ACC,False,1,0.8003410262315236,0.8399506946347535,4.0,14.534597899285508,1.0032521149524218,0.22299746219104594,0.9966866538579895,0.313166507994596,1.6245189094055847,0.47715817047495124,-0.0007170223341575866,1.6522584653434913,0.1996589737684764,-10.534597899285508,home_favorite,14-21,wk5-9
2024,5,Rutgers,Washington,Big Ten,Big Ten,False,1,0.6476502995372331,0.2641225558985236,3.0,6.0525693973645724,0.3750513080587442,0.4742173410091143,-0.002278977062819064,-0.16621759586410975,0.1707608368070326,0.1385420267186566,-0.1869038217703762,-2.0396895332332354,0.3523497004627669,-3.0525693973645724,home_favorite,3-7,wk5-9
2024,5,Ole Miss,Kentucky,SEC,SEC,False,0,0.7665374208472608,0.8304449113532372,-3.0,11.980020718562514,1.1037182203408216,0.5768380169059657,0.7141886028314836,0.5284445445183497,1.9076539171671296,1.103301838503555,1.5523533534508862,-0.5184071475958388,-0.7665374208472608,-14.980020718562514,home_favorite,7-14,wk5-9
2024,5,Purdue,Nebraska,Big Ten,Big Ten,False,0,0.5855455900698854,0.28240827680846853,-18.0,3.4872792038430025,-0.03547156310347992,-0.4957629953706532,0.09603648733447401,0.3034008749056111,0.18413862681553214,0.14613239100645203,0.10372923100811154,0.684995336565087,-0.5855455900698854,-21.487279203843002,home_favorite,3-7,wk5-9
2024,5,UAB,Navy,American Athletic,American Athletic,False,0,0.7534582166648085,0.33258157812677697,-23.0,11.462093644208736,-0.08055273317407233,-1.0147088560953377,-0.478356607356137,-0.45810709424795143,-0.3243550842560769,-1.4655784883704248,0.7985238728066839,0.4579382640818933,-0.7534582166648085,-34.462093644208736,home_favorite,7-14,wk5-9
2024,5,Indiana,Maryland,Big Ten,Big Ten,False,1,0.7544353503170975,0.469815319996098,14.0,11.581921466056295,0.6880336710405608,0.17415232623740778,0.3941065430926814,0.027441881905464673,1.4744762471300321,0.004852593001966651,-0.1914449632200401,-0.47299573309920007,0.24556464968290248,2.4180785339437048,home_favorite,7-14,wk5-9
2024,5,UConn,Buffalo,FBS Independents,Mid-American,False,1,0.6381799531983312,0.48561281583400134,44.0,5.6553501190768305,-0.4783516906942704,-0.6899703834029445,-0.25321731927486907,-0.3424245837443973,-0.5714522706076628,-1.0659666955181284,-0.831745907622646,-1.5129171250722264,0.3618200468016688,38.34464988092317,home_favorite,3-7,wk5-9
2024,5,Tulane,South Florida,American Athletic,American Athletic,False,1,0.5171191442706543,0.7879267680774021,35.0,0.9256166582574772,-0.1947701433025493,-0.17534938644549705,0.12498308737643017,-0.06207965588910159,-0.06103337801661726,-0.010441757883732208,-0.7727110687770156,1.7476224357864327,0.4828808557293457,34.074383341742525,home_favorite,0-3,wk5-9
2024,5,Boston College,Western Kentucky,ACC,Conference USA,False,1,0.8375847866817239,0.676301669492737,1.0,16.54093348006323,0.593630247563864,-0.20298743544222292,-0.20601189172485246,-0.5172447439147035,0.2964399857423634,-0.6024317824477987,1.852068689128702,-0.42304317715289746,0.16241521331827613,-15.54093348006323,home_favorite,14-21,wk5-9
2024,5,Baylor,BYU,Big 12,Big 12,False,0,0.709195279379027,0.4327711556570478,-6.0,9.202696430558253,-0.07266435305440802,-0.5171792199664021,-0.09071599564921541,-0.36692165402036375,0.19994196079347726,-0.5490658175662225,0.35349201073962466,0.40798570813559065,-0.709195279379027,-15.202696430558253,home_favorite,7-14,wk5-9
2024,5,Kansas State,Oklahoma State,Big 12,Big 12,False,1,0.595725576712679,0.7447304068650347,22.0,4.323091414664868,0.6878728315475257,0.5982342907105223,0.4405724211706453,0.1682877302184203,0.304069815899341,0.715786121529987,-0.3957963284549142,1.5750590606992054,0.404274423287321,17.676908585335134,home_favorite,3-7,wk5-9
2024,5,Michigan,Minnesota,Big Ten,Big Ten,False,1,0.8801268006997336,0.9383590868211533,3.0,20.437666084081155,0.7055668582151313,-0.07208842300681916,0.8056056447460994,-0.43063747408919906,0.44541739919204715,-0.15117852762579836,-0.9725212925622259,0.3444097278402969,0.11987319930026641,-17.437666084081155,home_favorite,14-21,wk5-9
2024,5,NC State,Northern Illinois,ACC,Mid-American,False,1,0.8434874111245012,0.6117705007810643,7.0,17.396524670171704,0.29142787310553214,-0.49430446481950296,0.3713195047471658,-0.5448445711658041,0.3871969085601077,-0.7998559430688249,-0.609229976589116,0.5533022345248346,0.1565125888754988,-10.396524670171704,home_favorite,14-21,wk5-9
2024,5,James Madison,Ball State,Sun Belt,Mid-American,False,1,0.6402650783707955,0.9718108649534383,56.0,6.200366370734241,-0.6633122327300709,-0.6893763031187243,0.23646416848557567,-0.49825187553794575,-1.1286427372784467,-1.0663415674095078,-1.9851958358372692,0.37619771798794405,0.3597349216292045,49.799633629265756,home_favorite,3-7,wk5-9
2024,5,Sam Houston,Texas State,Conference USA,Sun Belt,True,1,0.154541384311772,0.35596614617770733,1.0,-17.300471484017987,-0.6903050218229474,0.3737257654398134,-0.6151645327344423,0.16926812962405424,-0.7982905916602123,0.3253544955298222,-0.2232329533676872,-0.3776317626562587,0.845458615688228,18.300471484017987,away_favorite,14-21,wk5-9
2024,5,Wake Forest,Louisiana,ACC,Sun Belt,False,0,0.5564811285537242,0.3493953720661275,-3.0,2.3443805732588694,-0.1481233936568683,0.051487432197694805,0.05441825902063295,-0.20268768518740918,0.43284019242899807,0.06396964711089734,-0.6682648154347465,0.008365260565170164,-0.5564811285537242,-5.344380573258869,home_favorite,0-3,wk5-9
2024,5,Notre Dame,Louisville,FBS Independents,ACC,False,1,0.6950519375660251,0.8847078164911643,7.0,8.321593175351646,1.0714168257883963,0.8008970412490346,1.1706877179545843,0.9282870193164992,1.485787112803546,1.0944045218673226,-0.45937230875020846,-1.45842342767626,0.3049480624339749,-1.321593175351646,home_favorite,7-14,wk5-9
2024,5,Ohio,Akron,Mid-American,Mid-American,False,1,0.7804544418915571,0.9150891110604187,20.0,13.073788373127224,-0.5031116552413977,-1.0020185835321471,0.14912718036782224,-0.6263015644846457,-0.9118315037896593,-1.076684707571339,-1.562869681018529,-0.9271098780655871,0.2195455581084429,6.926211626872776,home_favorite,7-14,wk5-9
2024,5,Texas A&M,Arkansas,SEC,SEC,True,1,0.6896252891261361,0.761842109917936,4.0,8.573067652661651,0.4533132085610834,0.12133104519857646,0.9243688559873142,0.32406018982922663,1.0925437273790324,0.547290825507733,0.44885598118256553,0.2399634744980278,0.3103747108738639,-4.573067652661651,home_favorite,7-14,wk5-9
2024,5,Central Michigan,San Diego State,Mid-American,Mountain West,False,1,0.5944967241957573,0.34548000561753406,1.0,3.8275026865567785,-0.4301235857920978,-0.554330537700705,-0.8292616799462602,-0.7210320788976813,-0.9916554965700757,-0.8831614797475267,0.19909320145105291,-0.4185020357032336,0.4055032758042427,-2.8275026865567785,home_favorite,3-7,wk5-9
2024,5,Georgia State,Georgia Southern,Sun Belt,Sun Belt,False,0,0.43687844359251227,0.655820505912395,-17.0,-2.774870296687928,-0.3788463205857343,-0.08331268064815031,-0.4408524981423841,-0.21757247537818755,-0.8643595813129547,-0.17403023329921866,-0.7272996542803768,-0.2731855093139898,-0.43687844359251227,-14.225129703312072,away_favorite,0-3,wk5-9
2024,5,Kent State,Eastern Michigan,Mid-American,Mid-American,False,0,0.3966303455995005,0.14877920237509723,-19.0,-5.066726904643909,-1.3183793280584086,-0.9799171232733467,-1.1700991857546152,-0.5009727721922274,-1.3909788117260127,-0.9224229666287989,1.061910076887188,-1.217742930844075,-0.3966303455995005,-13.93327309535609,away_favorite,3-7,wk5-9
2024,5,UNLV,Fresno State,Mountain West,Mountain West,False,1,0.4995759532743085,0.4061446147638222,45.0,0.02240900775934751,-0.17211151306595868,-0.1708786977510432,-0.3991301449356891,-0.24582955962441777,-0.5573541161256889,-0.2634495222243654,-0.1869038217703762,0.9483815406455918,0.5004240467256915,44.97759099224065,away_favorite,0-3,wk5-9
2024,5,Marshall,Western Michigan,Sun Belt,Mid-American,False,1,0.567238436112445,0.7628849803052542,7.0,3.0807640626530812,-0.4327877071279027,-0.15165842385647368,0.053851915211350326,-0.5727773512160497,-0.5517330645195149,-0.4813831214121962,-0.931651019515251,1.4524482415582813,0.43276156388755505,3.9192359373469188,home_favorite,3-7,wk5-9
2024,5,Auburn,Oklahoma,SEC,SEC,False,0,0.5463325990146674,0.2054180849637705,-6.0,1.5373919695854092,0.5740069444214645,0.7317225909784375,0.6716477195407801,0.7731910543682914,1.0218050365699827,0.8912720206580607,1.0800746426858436,-0.3640083383072671,-0.5463325990146674,-7.537391969585409,home_favorite,0-3,wk5-9
2024,5,UCF,Colorado,Big 12,Big 12,False,0,0.5349296121506996,0.8756036686409934,-27.0,1.5682725104900719,0.5069214833823795,0.4980576673601974,0.17871134801586178,0.20039125541009425,0.8424460039901764,1.3143750774978,-0.3367614896092838,0.866640994551642,-0.5349296121506996,-28.568272510490072,home_favorite,0-3,wk5-9
2024,5,USC,Wisconsin,Big Ten,Big Ten,False,1,0.5897577491169368,0.834459181708983,17.0,3.9873643490764237,0.6744337195453941,0.3778516711637109,-0.03809162246186454,0.04280801212241299,0.70281705761773,0.40970152526275616,-1.1405435261997892,0.16276406985374192,0.4102422508830632,13.012635650923576,home_favorite,3-7,wk5-9
2024,5,Miami (OH),Massachusetts,Mid-American,FBS Independents,False,1,0.795567537984376,0.9309851196318173,3.0,13.785184486072543,-0.2680705606589783,-0.49565387812129846,0.11310157161454368,-0.7179968044772607,0.008973146806706828,-0.824771900962719,0.5714668003234902,-0.6137711180387799,0.20443246201562404,-10.785184486072543,home_favorite,7-14,wk5-9
2024,5,Kansas,TCU,Big 12,Big 12,True,0,0.5519666282254032,0.5993967967092568,-11.0,2.527732192490722,0.7484758006792365,0.6891711551729265,0.11088833097429188,0.07001125214639764,0.7535181351347131,0.7714303518066584,0.757653599759709,0.31716287914231367,-0.5519666282254032,-13.527732192490722,home_favorite,0-3,wk5-9
2024,5,Duke,North Carolina,ACC,ACC,False,1,0.40042664967005637,0.7256856462717871,1.0,-4.43951599820128,0.059918952643153944,0.7123987045064115,0.06957051548647974,0.21375180823570827,-0.2385255018488518,0.7702141018313953,0.09918808955844767,-0.10516327567642646,0.5995733503299436,5.43951599820128,away_favorite,3-7,wk5-9
2024,5,East Carolina,UTSA,American Athletic,American Athletic,False,1,0.3153691386322703,0.615864104253756,10.0,-8.464553998739714,-0.9242106720606654,-0.024067291852766612,0.03303039781648437,0.1828638681957904,-0.8772064429417238,-0.1306856904841598,-0.6637236739850826,-0.6682648154347465,0.6846308613677297,18.464553998739714,away_favorite,7-14,wk5-9
2024,5,Texas,Mississippi State,SEC,SEC,False,1,0.9243149264361108,0.9910137257293588,22.0,24.71953889040051,0.7820841510400872,-0.3579197611369752,1.050363778291889,-0.04595746527958611,1.3515452062762805,-0.37193624651821966,-0.03704615393146833,-1.285860052589033,0.0756850735638892,-2.7195388904005107,home_favorite,21+,wk5-9
2024,5,Bowling Green,Old Dominion,Mid-American,Sun Belt,False,0,0.6607284225345385,0.6973450785898532,-3.0,6.7183129336026415,-0.45736684583855947,-0.843477979774163,-0.2478153119358207,-0.31630282770678275,-0.6823445854901828,-1.0084638391364487,0.8439352873033227,0.39890342523626343,-0.6607284225345385,-9.718312933602641,home_favorite,3-7,wk5-9
2024,5,Florida International,Louisiana Tech,Conference USA,Conference USA,True,1,0.4525534956580854,0.502878199574811,7.0,-2.0578595635412795,-1.0526375008649564,-0.5932559645739184,-0.5384268214218134,-0.6402018548200492,-1.110937219543573,-0.9477356041842548,0.5669256588738263,-0.967980151112562,0.5474465043419146,9.05785956354128,away_favorite,0-3,wk5-9
2024,5,Rice,Charlotte,American Athletic,American Athletic,False,0,0.6717602522406307,0.7245382428425361,-1.0,7.477777078163278,-0.020752444868237727,-0.6474052912586985,-0.2500595115186565,-0.2420413712412043,-0.2985704198352858,-0.5834852477676895,-0.018881588132813088,0.6759130536657593,-0.6717602522406307,-8.477777078163278,home_favorite,7-14,wk5-9
2024,5,Clemson,Stanford,ACC,ACC,False,1,0.9412758521552997,0.9599813179829412,26.0,27.421050441253914,0.5607070120970075,-0.5754018512247736,0.9882718831349326,-0.5686652404440202,1.0628672533142367,-0.30161430015595647,1.3616254125650038,1.6976698798401302,0.05872414784470026,-1.4210504412539144,home_favorite,21+,wk5-9
2024,5,North Texas,Tulsa,American Athletic,American Athletic,False,1,0.4471761884895641,0.8296328234313434,32.0,-1.9699988403657671,-0.16427432426453253,-0.3101890024843901,-0.7839426688581748,-0.3807595828095247,-0.5198286140710898,-0.3649850763601723,-1.2676954867903774,1.066451218336852,0.5528238115104359,33.96999884036577,away_favorite,0-3,wk5-9
2024,5,Troy,UL Monroe,Sun Belt,Sun Belt,False,0,0.7522434780412831,0.9037204383519798,-4.0,11.310663761879509,-0.5621669578027381,-0.8630381080844797,0.08475198876917195,-0.5725318069955634,-1.1783300768077756,-1.4409988290695188,-0.9861447169112174,-1.3993885888306297,-0.7522434780412831,-15.310663761879509,home_favorite,7-14,wk5-9
2024,5,Houston,Iowa State,Big 12,Big 12,False,0,0.4530994791717879,0.1608246821473244,-20.0,-1.9611069236744645,0.23979093902833853,0.10552364601781568,-0.1263429349340014,0.34705924744054945,0.5974293554408686,0.47642158192697304,0.7349478925113897,1.9383503766723156,-0.4530994791717879,-18.038893076325536,away_favorite,0-3,wk5-9
2024,5,Michigan State,Ohio State,Big Ten,Big Ten,False,0,0.14372261604088174,0.04046332603236435,-31.0,-18.59640706100048,-0.04046875076814646,1.2063423002491749,0.12193965680616908,1.124832008684659,0.3701422842124211,1.9847205317235916,-0.7863344931260072,-1.1360023847501253,-0.14372261604088174,-12.40359293899952,away_favorite,14-21,wk5-9
2024,5,Alabama,Georgia,SEC,SEC,False,1,0.42206303017939606,0.5924662305843318,7.0,-3.4186729629880195,0.9997273593571036,1.6430797216723505,0.8412850886829762,0.8988597188965645,1.582976222909049,2.060023300220048,0.580549083222818,0.5896313661221456,0.5779369698206039,10.418672962988019,away_favorite,3-7,wk5-9
2024,5,Memphis,Middle Tennessee,American Athletic,Conference USA,False,1,0.8729027853582323,0.9406490568972323,17.0,19.438347532316854,0.6489962790607708,-0.5006190242490017,0.12030352177016063,-0.3449418327564924,0.7298069061337288,-0.8408939279238054,1.470612807356937,0.36711543508861627,0.1270972146417677,-2.438347532316854,home_favorite,14-21,wk5-9
2024,5,Penn State,Illinois,Big Ten,Big Ten,False,1,0.9600703327676836,0.9177346187993988,14.0,30.764831992627396,1.177659695929489,-0.06815209485515818,1.2990183403150155,-0.2607085741048837,1.591173558664246,0.003999445606856347,1.1936031789274406,-0.12332784147508195,0.03992966723231639,-16.764831992627396,home_favorite,21+,wk5-9
2024,5,LSU,South Alabama,SEC,Sun Belt,False,1,0.799109600091865,0.7731399130767673,32.0,14.458473855675486,1.5485893844188192,0.17139828026240692,0.08338351539949124,0.2383339176276842,1.119150681247804,-0.1911509953945143,-1.2313663551930665,-0.45483116730054457,0.20089039990813495,17.541526144324514,home_favorite,14-21,wk5-9
2024,5,SMU,Florida State,ACC,ACC,False,1,0.6948398189006584,0.7222345336491706,26.0,7.922493107271059,0.7671653188368184,0.45076413885518146,0.8622571235940013,0.9388998174791834,1.31311355754822,0.9316652895064667,2.0427966300145846,-1.1950372235957558,0.3051601810993416,18.07750689272894,home_favorite,7-14,wk5-9
2024,5,Texas Tech,Cincinnati,Big 12,Big 12,False,1,0.7592667248048242,0.7199190059471519,3.0,11.691386610765973,0.46917545090947965,0.045807612635807876,0.3312379812157443,-0.05162433583810177,0.5516567180056666,0.03161097078644558,0.41252684958525454,-0.7545465029783601,0.24073327519517584,-8.691386610765973,home_favorite,7-14,wk5-9
2024,5,Wyoming,Air Force,Mountain West,Mountain West,False,1,0.7514028260462752,0.29781739790947936,12.0,11.482461483595156,-0.22551594060762864,-0.7617353086206576,-0.3017411846109438,-0.745408053347792,-0.44169420046747154,-1.9204466555739974,-0.9861447169112174,-0.6183122594884438,0.24859717395372483,0.5175385164048443,home_favorite,7-14,wk5-9
2024,5,New Mexico State,New Mexico,Conference USA,Mountain West,False,0,0.5403218167038615,0.6775605800851006,-10.0,1.7303064187746,-0.6423943110405166,-0.3679062548538256,-0.5419851169677338,-0.8168830687408246,-1.3060394160590574,-1.106728095962684,-1.531081690870882,-0.5683597035421415,-0.5403218167038615,-11.7303064187746,home_favorite,0-3,wk5-9
2024,5,Boise State,Washington State,Mountain West,Pac-12,False,1,0.720245114649426,0.6400649998028851,21.0,9.625119246238638,0.20990107290294924,-0.21367982818036663,0.011105649144847657,-0.18146690852008449,0.22071869590480447,-0.3930411104449563,0.11735265535710317,-0.8726161806696209,0.279754885350574,11.374880753761362,home_favorite,7-14,wk5-9
2024,5,Utah,Arizona,Big 12,Big 12,False,0,0.2941618129856501,0.5430664920222119,-13.0,-9.197022149575337,-0.3404828804506783,0.5883548895662951,0.21720073409987467,0.33249495424246256,-0.1580960897908768,0.7693739122179926,-0.7045939470320575,0.6441250635181122,-0.2941618129856501,-3.8029778504246625,away_favorite,7-14,wk5-9
2024,5,UCLA,Oregon,Big Ten,Big Ten,False,0,0.14821657479881467,0.0661140613371956,-21.0,-18.35861608568668,-0.20344682461292024,1.8481905735826398,0.6044901596393112,0.8955401906557519,0.05260921213947928,1.9959101505146322,0.648666204967776,-0.5365717133944944,-0.14821657479881467,-2.6413839143133195,away_favorite,14-21,wk5-9
2024,6,Troy,Texas State,Sun Belt,Sun Belt,False,0,0.31599444067616594,0.550199353253537,-21.0,-8.261844343079515,-0.5621669578027381,0.3737257654398134,0.08475198876917195,0.16926812962405424,-1.1783300768077756,0.3253544955298222,-0.9861447169112174,-0.3776317626562587,-0.31599444067616594,-12.738155656920485,away_favorite,7-14,wk5-9
2024,6,UTEP,Sam Houston,Conference USA,Conference USA,False,0,0.39402632322715503,0.27546175715746396,-20.0,-4.6035131534072455,-0.9869997009432215,-0.6903050218229474,-0.9550840798444284,-0.6151645327344423,-1.6690323607964186,-0.7982905916602123,-1.0815086873541588,-0.2232329533676872,-0.39402632322715503,-15.396486846592754,away_favorite,3-7,wk5-9
2024,6,TCU,Houston,Big 12,Big 12,False,0,0.7022192486053771,0.820495207286423,-11.0,9.021173506738128,0.6891711551729265,0.23979093902833853,0.07001125214639764,-0.1263429349340014,0.7714303518066584,0.5974293554408686,0.31716287914231367,0.7349478925113897,-0.7022192486053771,-20.02117350673813,home_favorite,7-14,wk5-9
2024,6,UNLV,Syracuse,Mountain West,ACC,False,0,0.36307298255322484,0.9032184042951807,-3.0,-6.204129353449272,-0.17211151306595868,0.12344217342336274,-0.3991301449356891,0.2884738065713728,-0.5573541161256889,0.36605205737926555,-0.1869038217703762,-0.7227585128307129,-0.36307298255322484,3.2041293534492716,away_favorite,3-7,wk5-9
2024,6,Oregon,Michigan State,Big Ten,Big Ten,False,1,0.9492552490499463,0.9743714204068619,21.0,28.811314718138917,1.8481905735826398,-0.04046875076814646,0.8955401906557519,0.12193965680616908,1.9959101505146322,0.3701422842124211,-0.5365717133944944,-0.7863344931260072,0.05074475095005371,-7.811314718138917,home_favorite,21+,wk5-9
2024,6,Texas A&M,Missouri,SEC,SEC,False,1,0.44578240672265074,0.4398498547680971,31.0,-2.3209443666043588,0.4533132085610834,0.7572554268040366,0.9243688559873142,0.9114851069582477,1.0925437273790324,1.0656137678523592,0.44885598118256553,1.8202806989810547,0.5542175932773492,33.32094436660436,away_favorite,0-3,wk5-9
2024,6,Louisville,SMU,ACC,ACC,False,0,0.47588485774676736,0.5387780920571715,-7.0,-0.6404617175839471,0.8008970412490346,0.7671653188368184,0.9282870193164992,0.8622571235940013,1.0944045218673226,1.31311355754822,-1.45842342767626,2.0427966300145846,-0.47588485774676736,-6.359538282416053,away_favorite,0-3,wk5-9
2024,6,Northern Illinois,Massachusetts,Mid-American,FBS Independents,False,1,0.6392175478594164,0.9313540665199443,14.0,5.705545677753374,-0.49430446481950296,-0.49565387812129846,-0.5448445711658041,-0.7179968044772607,-0.7998559430688249,-0.824771900962719,0.5533022345248346,-0.6137711180387799,0.3607824521405836,8.294454322246626,home_favorite,3-7,wk5-9
2024,6,Air Force,Navy,Mountain West,American Athletic,False,0,0.5130790645473784,0.48992755307256153,-27.0,0.49838877816580585,-0.7617353086206576,-1.0147088560953377,-0.745408053347792,-0.45810709424795143,-1.9204466555739974,-1.4655784883704248,-0.6183122594884438,0.4579382640818933,-0.5130790645473784,-27.498388778165804,home_favorite,0-3,wk5-9
2024,6,NC State,Wake Forest,ACC,ACC,False,0,0.7165799630798766,0.7336337024138074,-4.0,9.543742314970824,0.29142787310553214,-0.1481233936568683,0.3713195047471658,0.05441825902063295,0.3871969085601077,0.43284019242899807,-0.609229976589116,-0.6682648154347465,-0.7165799630798766,-13.543742314970824,home_favorite,7-14,wk5-9
2024,6,North Carolina,Pittsburgh,ACC,ACC,False,0,0.7544351416112303,0.6374083767444845,-10.0,11.66386094685097,0.7123987045064115,-0.29989798620843905,0.21375180823570827,0.20576315467012457,0.7702141018313953,-0.3220724010762185,-0.10516327567642646,0.39436228378659954,-0.7544351416112303,-21.66386094685097,home_favorite,7-14,wk5-9
2024,6,Virginia,Boston College,ACC,ACC,False,1,0.37490422856644945,0.47555453887933863,10.0,-5.304553627849222,-0.16067688492180365,0.593630247563864,-0.20590803231420646,-0.20601189172485246,-0.0646451837006381,0.2964399857423634,0.6532073464174399,1.852068689128702,0.6250957714335506,15.304553627849222,away_favorite,3-7,wk5-9
2024,6,Penn State,UCLA,Big Ten,Big Ten,False,1,0.9013132171492831,0.9525342236676632,16.0,22.10893751332496,1.177659695929489,-0.20344682461292024,1.2990183403150155,0.6044901596393112,1.591173558664246,0.05260921213947928,1.1936031789274406,0.648666204967776,0.09868678285071686,-6.10893751332496,home_favorite,21+,wk5-9
2024,6,Tulsa,Army,American Athletic,American Athletic,False,0,0.740117739985917,0.1256557731814538,-42.0,10.800847287530296,-0.3101890024843901,-0.8234693117968547,-0.3807595828095247,-0.735711696883997,-0.3649850763601723,-1.6048292196959895,1.066451218336852,1.034663228189205,-0.740117739985917,-52.800847287530296,home_favorite,7-14,wk5-9
2024,6,Wisconsin,Purdue,Big Ten,Big Ten,False,1,0.645697976751202,0.8328626902603795,46.0,6.1766041461736245,0.3778516711637109,-0.03547156310347992,0.04280801212241299,0.09603648733447401,0.40970152526275616,0.18413862681553214,0.16276406985374192,0.10372923100811154,0.354302023248798,39.823395853826376,home_favorite,3-7,wk5-9
2024,6,UAB,Tulane,American Athletic,American Athletic,False,0,0.502527047190893,0.11067748628905313,-51.0,-0.32755050581998546,-0.08055273317407233,-0.1947701433025493,-0.478356607356137,0.12498308737643017,-0.3243550842560769,-0.06103337801661726,0.7985238728066839,-0.7727110687770156,-0.502527047190893,-50.672449494180015,home_favorite,0-3,wk5-9
2024,6,Ball State,Western Michigan,Mid-American,Mid-American,False,0,0.4312040754836278,0.4047569603484281,-3.0,-2.9121172214395465,-0.6893763031187243,-0.15165842385647368,-0.49825187553794575,-0.5727773512160497,-1.0663415674095078,-0.4813831214121962,0.37619771798794405,1.4524482415582813,-0.4312040754836278,-0.08788277856045346,away_favorite,0-3,wk5-9
2024,6,Northwestern,Indiana,Big Ten,Big Ten,True,0,0.18454339131220168,0.3149403910066497,-17.0,-15.155307860639677,-0.332034998103514,0.6880336710405608,-0.18564063113058688,0.3941065430926814,-0.08362040626967432,1.4744762471300321,-0.25047980206567044,-0.1914449632200401,-0.18454339131220168,-1.8446921393603226,away_favorite,14-21,wk5-9
2024,6,Charlotte,East Carolina,American Athletic,American Athletic,False,1,0.5798411211804295,0.21015582024186943,31.0,2.8788127124028677,-0.6474052912586985,-0.9242106720606654,-0.2420413712412043,0.03303039781648437,-0.5834852477676895,-0.8772064429417238,0.6759130536657593,-0.6637236739850826,0.4201588788195705,28.12118728759713,home_favorite,0-3,wk5-9
2024,6,Ohio State,Iowa,Big Ten,Big Ten,False,1,0.8879370924070698,0.944691725284387,28.0,21.086494046525697,1.2063423002491749,-0.3694047849019738,1.124832008684659,0.5089646450642735,1.9847205317235916,0.7397554176523926,-1.1360023847501253,0.32170402059197756,0.11206290759293025,6.913505953474303,home_favorite,21+,wk5-9
2024,6,Georgia,Auburn,SEC,SEC,False,1,0.8071609286874522,0.9604212774283489,18.0,14.852047480622437,1.6430797216723505,0.5740069444214645,0.8988597188965645,0.6716477195407801,2.060023300220048,1.0218050365699827,0.5896313661221456,1.0800746426858436,0.19283907131254785,3.1479525193775633,home_favorite,14-21,wk5-9
2024,6,South Carolina,Ole Miss,SEC,SEC,False,0,0.3187792415034939,0.36392310031211805,-24.0,-7.680096285827595,0.5391737586011777,1.1037182203408216,0.5046170788892397,0.7141886028314836,1.3493649444355935,1.9076539171671296,-1.285860052589033,1.5523533534508862,-0.3187792415034939,-16.319903714172405,away_favorite,7-14,wk5-9
2024,6,Marshall,App State,Sun Belt,Sun Belt,False,1,0.34155731712053394,0.5868950233791,15.0,-6.681201924602387,-0.4327877071279027,0.22162316618535444,0.053851915211350326,0.014616352226844556,-0.5517330645195149,0.2606076669647802,-0.931651019515251,1.8384452647797103,0.6584426828794661,21.681201924602387,away_favorite,3-7,wk5-9
2024,6,Toledo,Miami (OH),Mid-American,Mid-American,False,1,0.6400743464092811,0.7425355589430698,10.0,5.977330506867178,0.16018875286556833,-0.2680705606589783,0.15740371867424674,0.11310157161454368,0.11003644142600438,0.008973146806706828,-0.06883414407911546,0.5714668003234902,0.35992565359071893,4.022669493132822,home_favorite,3-7,wk5-9
2024,6,Akron,Bowling Green,Mid-American,Mid-American,False,0,0.30224973303804165,0.12756539636424022,-7.0,-8.754697797178462,-1.0020185835321471,-0.45736684583855947,-0.6263015644846457,-0.2478153119358207,-1.076684707571339,-0.6823445854901828,-0.9271098780655871,0.8439352873033227,-0.30224973303804165,1.754697797178462,away_favorite,7-14,wk5-9
2024,6,UConn,Temple,FBS Independents,American Athletic,False,1,0.7517733169140217,0.9090909090909091,9.0,11.365506671898578,-0.4783516906942704,-0.895493179739581,-0.25321731927486907,-0.76762786830484,-0.5714522706076628,-1.363592535187982,-0.831745907622646,-1.0815086873541588,0.24822668308597828,-2.3655066718985776,home_favorite,7-14,wk5-9
2024,6,Stanford,Virginia Tech,ACC,ACC,False,0,0.2179197205630127,0.17950479271357694,-24.0,-13.525582773471157,-0.5754018512247736,0.22299746219104594,-0.5686652404440202,0.313166507994596,-0.30161430015595647,0.47715817047495124,1.6976698798401302,1.6522584653434913,-0.2179197205630127,-10.474417226528843,away_favorite,7-14,wk5-9
2024,6,Oklahoma State,West Virginia,Big 12,Big 12,False,0,0.4446102386867861,0.6021580931747169,-24.0,-2.4096528602186784,0.5982342907105223,0.8552394781268736,0.1682877302184203,0.4668665262941879,0.715786121529987,1.1789365758221604,1.5750590606992054,1.8566098305783658,-0.4446102386867861,-21.590347139781322,away_favorite,0-3,wk5-9
2024,6,Nebraska,Rutgers,Big Ten,Big Ten,False,1,0.4556711470880184,0.6775605800851006,7.0,-2.2532078263612125,-0.4957629953706532,0.3750513080587442,0.3034008749056111,-0.002278977062819064,0.14613239100645203,0.1707608368070326,0.684995336565087,-0.1869038217703762,0.5443288529119816,9.253207826361212,away_favorite,0-3,wk5-9
2024,6,Vanderbilt,Alabama,SEC,SEC,False,1,0.13269497490441973,0.02023585424026805,5.0,-19.109034584887205,-0.12915234057708824,0.9997273593571036,-0.07469568524583706,0.8412850886829762,0.4225405750750839,1.582976222909049,-1.413012013179621,0.580549083222818,0.8673050250955803,24.109034584887205,away_favorite,14-21,wk5-9
2024,6,Oregon State,Colorado State,Pac-12,Mountain West,False,1,0.6637555354118159,0.9294909043747703,8.0,7.3944081800983685,-0.1188606210002007,-0.7075364691571274,-0.12217123575567992,-0.37631765316253374,-0.745004377974634,-0.8666528045523121,-1.8353381679983614,0.7304067510617258,0.33624446458818413,0.6055918199016315,home_favorite,7-14,wk5-9
2024,6,Arkansas State,South Alabama,Sun Belt,Sun Belt,False,1,0.5205515622868071,0.22990332333901797,2.0,0.3140254037319168,-0.057332136600882766,0.17139828026240692,-0.011986414457855518,0.2383339176276842,0.26185209666631626,-0.1911509953945143,1.7476224357864327,-0.45483116730054457,0.4794484377131929,1.6859745962680832,home_favorite,0-3,wk5-9
2024,6,Florida State,Clemson,ACC,ACC,False,0,0.43455097350986893,0.24448111792880314,-16.0,-2.634821339082747,0.45076413885518146,0.5607070120970075,0.9388998174791834,0.9882718831349326,0.9316652895064667,1.0628672533142367,-1.1950372235957558,1.3616254125650038,-0.43455097350986893,-13.365178660917254,away_favorite,0-3,wk5-9
2024,6,Southern Miss,Louisiana,Sun Belt,Sun Belt,False,0,0.3178632394773224,0.10843133312663336,-10.0,-8.025800016070745,-0.6227562238254986,0.051487432197694805,-0.5123636714859274,-0.20268768518740918,-0.676396894704634,0.06396964711089734,-1.1405435261997892,0.008365260565170164,-0.3178632394773224,-1.974199983929255,away_favorite,7-14,wk5-9
2024,6,UL Monroe,James Madison,Sun Belt,Sun Belt,False,1,0.3390108730251459,0.04643549472211808,2.0,-7.4438214598295644,-0.8630381080844797,-0.6633122327300709,-0.5725318069955634,0.23646416848557567,-1.4409988290695188,-1.1286427372784467,-1.3993885888306297,-1.9851958358372692,0.6609891269748541,9.443821459829564,away_favorite,7-14,wk5-9
2024,6,Boise State,Utah State,Mountain West,Mountain West,False,1,0.7766015572353384,0.9593125811096264,32.0,12.844548027316229,0.20990107290294924,-0.3757415012231984,0.011105649144847657,-0.4463746054193376,0.22071869590480447,-0.563986216324726,0.11735265535710317,-0.03704615393146833,0.2233984427646616,19.15545197268377,home_favorite,7-14,wk5-9
2024,6,Coastal Carolina,Old Dominion,Sun Belt,Sun Belt,False,1,0.6513870688424456,0.6863002576833125,8.0,6.605705176144211,-0.21907299655811907,-0.843477979774163,-0.3160789166491237,-0.31630282770678275,-0.5451868974829734,-1.0084638391364487,-0.9361921609649149,0.39890342523626343,0.34861293115755443,1.3942948238557893,home_favorite,3-7,wk5-9
2024,6,Washington,Michigan,Big Ten,Big Ten,False,1,0.28367637028579895,0.3882294992189357,10.0,-9.68967869902954,0.4742173410091143,0.7055668582151313,-0.16621759586410975,0.8056056447460994,0.1385420267186566,0.44541739919204715,-2.0396895332332354,-0.9725212925622259,0.716323629714201,19.689678699029542,away_favorite,7-14,wk5-9
2024,6,Arkansas,Tennessee,SEC,SEC,False,1,0.44252725380231794,0.07969511932764055,5.0,-2.792965777227821,0.12133104519857646,0.5669345542568669,0.32406018982922663,0.5253781985462637,0.547290825507733,0.43926865763471673,0.2399634744980278,-0.6501002496360909,0.5574727461976821,7.7929657772278205,away_favorite,0-3,wk5-9
2024,6,Minnesota,USC,Big Ten,Big Ten,False,1,0.3737415764850571,0.2248471343503159,7.0,-5.780638872298937,-0.07208842300681916,0.6744337195453941,-0.43063747408919906,-0.03809162246186454,-0.15117852762579836,0.70281705761773,0.3444097278402969,-1.1405435261997892,0.6262584235149429,12.780638872298937,away_favorite,3-7,wk5-9
2024,6,Iowa State,Baylor,Big 12,Big 12,False,1,0.7292447910085262,0.8576633185538569,22.0,9.960547887731131,0.10552364601781568,-0.07266435305440802,0.34705924744054945,-0.09071599564921541,0.47642158192697304,0.19994196079347726,1.9383503766723156,0.35349201073962466,0.27075520899147376,12.039452112268869,home_favorite,7-14,wk5-9
2024,6,San José State,Nevada,Mountain West,Mountain West,False,1,0.6679470408009762,0.9256237164516561,4.0,7.3322196672486335,-0.5886251357645516,-1.3832234499152747,-0.7450360489313024,-0.6430385739956987,-1.279267948043809,-1.1242887057702242,-1.0633441215555033,0.08556466520945603,0.3320529591990238,-3.3322196672486335,home_favorite,7-14,wk5-9
2024,6,Florida,UCF,SEC,Big 12,False,1,0.700645932492574,0.5714631174083814,11.0,8.602640825555333,0.6908502218397348,0.5069214833823795,0.4084801613236756,0.17871134801586178,0.9693477586674184,0.8424460039901764,1.1300271986321462,-0.3367614896092838,0.299354067507426,2.3973591744446665,home_favorite,7-14,wk5-9
2024,6,Arizona State,Kansas,Big 12,Big 12,False,1,0.32711050992074797,0.49424379158885506,4.0,-7.715000694882832,-0.1725464916380705,0.7484758006792365,-0.07532098966285952,0.11088833097429188,-0.17785420053791007,0.7535181351347131,0.6395839220684483,0.757653599759709,0.672889490079252,11.715000694882832,away_favorite,7-14,wk5-9
2024,6,Georgia Tech,Duke,ACC,ACC,False,1,0.6905217743069836,0.4841750147352649,10.0,8.081132575898183,0.5377787989922762,0.059918952643153944,-0.06367204982660732,0.06957051548647974,0.522518652199219,-0.2385255018488518,1.702211021289794,0.09918808955844767,0.3094782256930164,1.9188674241018173,home_favorite,7-14,wk5-9
2024,6,San Diego State,Hawai'i,Mountain West,Mountain West,False,1,0.3835959236854296,0.7544540419421866,3.0,-4.820591640081549,-0.554330537700705,-0.5247624976658892,-0.7210320788976813,-0.2632983269006847,-0.8831614797475267,-0.2578676184601607,-0.4185020357032336,1.9156446694239961,0.6164040763145704,7.820591640081549,away_favorite,3-7,wk5-9
2024,6,California,Miami,ACC,ACC,False,0,0.2539071140520024,0.20825116249181558,-1.0,-11.549298905108074,0.296650788922859,1.0032521149524218,0.1498454060877932,0.9966866538579895,0.6859458472866004,1.6245189094055847,0.544219951625507,-0.0007170223341575866,-0.2539071140520024,10.549298905108074,away_favorite,7-14,wk5-9
2024,6,Arizona,Texas Tech,Big 12,Big 12,False,0,0.6029601247081233,0.6800706757372215,-6.0,4.246522993619413,0.5883548895662951,0.46917545090947965,0.33249495424246256,0.3312379812157443,0.7693739122179926,0.5516567180056666,0.6441250635181122,0.41252684958525454,-0.6029601247081233,-10.246522993619413,home_favorite,3-7,wk5-9
2024,7,Liberty,Florida International,Conference USA,Conference USA,False,1,0.8997660750261012,0.9076535681936819,7.0,22.043298967256057,0.5847544597988175,-1.0526375008649564,-0.22524832179386817,-0.5384268214218134,0.18694092935842374,-1.110937219543573,1.1981443203771045,0.5669256588738263,0.10023392497389882,-15.043298967256057,home_favorite,21+,wk5-9
2024,7,Jacksonville State,New Mexico State,Conference USA,Conference USA,False,1,0.7702464721182203,0.9027140342685218,41.0,12.246459441648064,-0.3086835004555582,-0.6423943110405166,0.047140772557283606,-0.5419851169677338,-0.6900547496219359,-1.3060394160590574,-0.3413026310589477,-1.531081690870882,0.22975352788177972,28.753540558351936,home_favorite,7-14,wk5-9
2024,7,James Madison,Coastal Carolina,Sun Belt,Sun Belt,False,1,0.5418265434665019,0.9232106803028998,32.0,1.6943505659731095,-0.6633122327300709,-0.21907299655811907,0.23646416848557567,-0.3160789166491237,-1.1286427372784467,-0.5451868974829734,-1.9851958358372692,-0.9361921609649149,0.45817345653349806,30.30564943402689,home_favorite,0-3,wk5-9
2024,7,Western Kentucky,UTEP,Conference USA,Conference USA,False,1,0.8145671460088,0.8445395282300351,27.0,15.121243635645774,-0.20298743544222292,-0.9869997009432215,-0.5172447439147035,-0.9550840798444284,-0.6024317824477987,-1.6690323607964186,-0.42304317715289746,-1.0815086873541588,0.18543285399120002,11.878756364354226,home_favorite,14-21,wk5-9
2024,7,Louisiana Tech,Middle Tennessee,Conference USA,Conference USA,False,1,0.4343072219931523,0.6492949471109635,27.0,-2.7687935192964486,-0.5932559645739184,-0.5006190242490017,-0.6402018548200492,-0.3449418327564924,-0.9477356041842548,-0.8408939279238054,-0.967980151112562,0.36711543508861627,0.5656927780068477,29.768793519296448,away_favorite,0-3,wk5-9
2024,7,Maryland,Northwestern,Big Ten,Big Ten,False,0,0.7065993719526769,0.7936407431881689,-27.0,9.11240368465525,0.17415232623740778,-0.332034998103514,0.027441881905464673,-0.18564063113058688,0.004852593001966651,-0.08362040626967432,-0.47299573309920007,-0.25047980206567044,-0.7065993719526769,-36.11240368465525,home_favorite,7-14,wk5-9
2024,7,Utah State,UNLV,Mountain West,Mountain West,False,0,0.5167883728409626,0.07050909562522961,-16.0,0.5375678514544076,-0.3757415012231984,-0.17211151306595868,-0.4463746054193376,-0.3991301449356891,-0.563986216324726,-0.5573541161256889,-0.03704615393146833,-0.1869038217703762,-0.5167883728409626,-16.53756785145441,home_favorite,0-3,wk5-9
2024,7,Arizona State,Utah,Big 12,Big 12,False,1,0.5643103671984738,0.4555054269169921,8.0,2.275201560633768,-0.1725464916380705,-0.3404828804506783,-0.07532098966285952,0.21720073409987467,-0.17785420053791007,-0.1580960897908768,0.6395839220684483,-0.7045939470320575,0.43568963280152617,5.724798439366232,home_favorite,0-3,wk5-9
2024,7,Iowa,Washington,Big Ten,Big Ten,False,1,0.5918376777195755,0.3274903566650149,24.0,3.3447570449296853,-0.3694047849019738,0.4742173410091143,0.5089646450642735,-0.16621759586410975,0.7397554176523926,0.1385420267186566,0.32170402059197756,-2.0396895332332354,0.4081623222804245,20.655242955070314,home_favorite,3-7,wk5-9
2024,7,Rutgers,Wisconsin,Big Ten,Big Ten,False,0,0.5542813426025646,0.41729811503576986,-35.0,2.2611302414229324,0.3750513080587442,0.3778516711637109,-0.002278977062819064,0.04280801212241299,0.1707608368070326,0.40970152526275616,-0.1869038217703762,0.16276406985374192,-0.5542813426025646,-37.26113024142293,home_favorite,0-3,wk5-9
2024,7,Army,UAB,American Athletic,American Athletic,False,1,0.3550844447989463,0.9579428721874605,34.0,-6.493755767663714,-0.8234693117968547,-0.08055273317407233,-0.735711696883997,-0.478356607356137,-1.6048292196959895,-0.3243550842560769,1.034663228189205,0.7985238728066839,0.6449155552010537,40.493755767663714,away_favorite,3-7,wk5-9
2024,7,Massachusetts,Missouri,FBS Independents,SEC,False,0,0.057188146717419244,0.038927468747573586,-42.0,-27.609193188114425,-0.49565387812129846,0.7572554268040366,-0.7179968044772607,0.9114851069582477,-0.824771900962719,1.0656137678523592,-0.6137711180387799,1.8202806989810547,-0.057188146717419244,-14.390806811885575,away_favorite,21+,wk5-9
2024,7,Buffalo,Toledo,Mid-American,Mid-American,False,1,0.23619251764488083,0.1655408182910169,15.0,-12.253027175435149,-0.6899703834029445,0.16018875286556833,-0.3424245837443973,0.15740371867424674,-1.0659666955181284,0.11003644142600438,-1.5129171250722264,-0.06883414407911546,0.7638074823551192,27.25302717543515,away_favorite,7-14,wk5-9
2024,7,Alabama,South Carolina,SEC,SEC,False,1,0.7728442409664973,0.9203048806723595,2.0,12.351658969925312,0.9997273593571036,0.5391737586011777,0.8412850886829762,0.5046170788892397,1.582976222909049,1.3493649444355935,0.580549083222818,-1.285860052589033,0.2271557590335027,-10.351658969925312,home_favorite,7-14,wk5-9
2024,7,North Carolina,Georgia Tech,ACC,ACC,False,0,0.6268758785931484,0.4913661641789174,-7.0,5.71947249557763,0.7123987045064115,0.5377787989922762,0.21375180823570827,-0.06367204982660732,0.7702141018313953,0.522518652199219,-0.10516327567642646,1.702211021289794,-0.6268758785931484,-12.71947249557763,home_favorite,3-7,wk5-9
2024,7,Wake Forest,Clemson,ACC,ACC,False,0,0.17559019612914906,0.11067748628905313,-35.0,-15.935524869875117,-0.1481233936568683,0.5607070120970075,0.05441825902063295,0.9882718831349326,0.43284019242899807,1.0628672533142367,-0.6682648154347465,1.3616254125650038,-0.17559019612914906,-19.064475130124883,away_favorite,14-21,wk5-9
2024,7,Kent State,Ball State,Mid-American,Mid-American,False,0,0.2968796681977468,0.3546475495606176,-2.0,-9.399927294395585,-1.3183793280584086,-0.6893763031187243,-1.1700991857546152,-0.49825187553794575,-1.3909788117260127,-1.0663415674095078,1.061910076887188,0.37619771798794405,-0.2968796681977468,7.399927294395585,away_favorite,7-14,wk5-9
2024,7,Eastern Michigan,Miami (OH),Mid-American,Mid-American,False,0,0.22578659308120114,0.41171002813683716,-24.0,-12.842496158499898,-0.9799171232733467,-0.2680705606589783,-0.5009727721922274,0.11310157161454368,-0.9224229666287989,0.008973146806706828,-1.217742930844075,0.5714668003234902,-0.22578659308120114,-11.157503841500102,away_favorite,7-14,wk5-9
2024,7,Oklahoma,Texas,SEC,SEC,True,0,0.40657091906855786,0.17950479271357694,-31.0,-3.720171514415677,0.7317225909784375,0.7820841510400872,0.7731910543682914,1.050363778291889,0.8912720206580607,1.3515452062762805,-0.3640083383072671,-0.03704615393146833,-0.40657091906855786,-27.279828485584325,away_favorite,3-7,wk5-9
2024,7,Notre Dame,Stanford,FBS Independents,ACC,False,1,0.9641104476353333,0.9899855099808834,42.0,32.263622105477076,1.0714168257883963,-0.5754018512247736,1.1706877179545843,-0.5686652404440202,1.485787112803546,-0.30161430015595647,-0.45937230875020846,1.6976698798401302,0.03588955236466673,9.736377894522924,home_favorite,21+,wk5-9
2024,7,Bowling Green,Northern Illinois,Mid-American,Mid-American,False,0,0.640865860794926,0.5530468951694625,-10.0,5.882024181000496,-0.45736684583855947,-0.49430446481950296,-0.2478153119358207,-0.5448445711658041,-0.6823445854901828,-0.7998559430688249,0.8439352873033227,0.5533022345248346,-0.640865860794926,-15.882024181000496,home_favorite,3-7,wk5-9
2024,7,USC,Penn State,Big Ten,Big Ten,False,0,0.1565659243432233,0.39096739659576046,-3.0,-17.13230205889579,0.6744337195453941,1.177659695929489,-0.03809162246186454,1.2990183403150155,0.70281705761773,1.591173558664246,-1.1405435261997892,1.1936031789274406,-0.1565659243432233,14.132302058895789,away_favorite,14-21,wk5-9
2024,7,Georgia State,Old Dominion,Sun Belt,Sun Belt,False,0,0.5964245123281622,0.5301846800039021,-7.0,4.099416649476742,-0.3788463205857343,-0.843477979774163,-0.4408524981423841,-0.31630282770678275,-0.8643595813129547,-1.0084638391364487,-0.7272996542803768,0.39890342523626343,-0.5964245123281622,-11.099416649476742,home_favorite,3-7,wk5-9
2024,7,Illinois,Purdue,Big Ten,Big Ten,False,1,0.47017987554419693,0.9100379198115163,1.0,-1.4022241616681606,-0.06815209485515818,-0.03547156310347992,-0.2607085741048837,0.09603648733447401,0.003999445606856347,0.18413862681553214,-0.12332784147508195,0.10372923100811154,0.5298201244558031,2.4022241616681606,away_favorite,0-3,wk5-9
2024,7,Wyoming,San Diego State,Mountain West,Mountain West,False,0,0.706866644545076,0.5115108912177917,-3.0,9.205122868231484,-0.22551594060762864,-0.554330537700705,-0.3017411846109438,-0.7210320788976813,-0.44169420046747154,-0.8831614797475267,-0.9861447169112174,-0.4185020357032336,-0.706866644545076,-12.205122868231484,home_favorite,7-14,wk5-9
2024,7,Pittsburgh,California,ACC,ACC,False,1,0.43158830287377026,0.5402082283237456,2.0,-3.1089589246297646,-0.29989798620843905,0.296650788922859,0.20576315467012457,0.1498454060877932,-0.3220724010762185,0.6859458472866004,0.39436228378659954,0.544219951625507,0.5684116971262297,5.108958924629764,away_favorite,3-7,wk5-9
2024,7,Colorado State,San José State,Mountain West,Mountain West,False,1,0.6648396225896915,0.163956574457953,7.0,6.747208044425657,-0.7075364691571274,-0.5886251357645516,-0.37631765316253374,-0.7450360489313024,-0.8666528045523121,-1.279267948043809,0.7304067510617258,-1.0633441215555033,0.33516037741030846,0.2527919555743434,home_favorite,3-7,wk5-9
2024,7,Virginia,Louisville,ACC,ACC,False,0,0.19668579857213014,0.21015582024186943,-4.0,-15.16178917633362,-0.16067688492180365,0.8008970412490346,-0.20590803231420646,0.9282870193164992,-0.0646451837006381,1.0944045218673226,0.6532073464174399,-1.45842342767626,-0.19668579857213014,11.16178917633362,away_favorite,14-21,wk5-9
2024,7,South Florida,Memphis,American Athletic,American Athletic,True,0,0.2952947293449173,0.1812067098656847,-18.0,-8.905358269136228,-0.17534938644549705,0.6489962790607708,-0.06207965588910159,0.12030352177016063,-0.010441757883732208,0.7298069061337288,1.7476224357864327,1.470612807356937,-0.2952947293449173,-9.094641730863772,away_favorite,7-14,wk5-9
2024,7,UCF,Cincinnati,Big 12,Big 12,False,0,0.7237256171371089,0.5658152030692333,-6.0,9.920412264803716,0.5069214833823795,0.045807612635807876,0.17871134801586178,-0.05162433583810177,0.8424460039901764,0.03161097078644558,-0.3367614896092838,-0.7545465029783601,-0.7237256171371089,-15.920412264803716,home_favorite,7-14,wk5-9
2024,7,Western Michigan,Akron,Mid-American,Mid-American,False,1,0.7987075155624528,0.7869632793894692,10.0,13.81721802377625,-0.15165842385647368,-1.0020185835321471,-0.5727773512160497,-0.6263015644846457,-0.4813831214121962,-1.076684707571339,1.4524482415582813,-0.9271098780655871,0.20129248443754721,-3.8172180237762507,home_favorite,7-14,wk5-9
2024,7,BYU,Arizona,Big 12,Big 12,False,1,0.19516105817705176,0.48561281583400134,22.0,-14.858140859863994,-0.5171792199664021,0.5883548895662951,-0.36692165402036375,0.33249495424246256,-0.5490658175662225,0.7693739122179926,0.40798570813559065,0.6441250635181122,0.8048389418229482,36.858140859863994,away_favorite,14-21,wk5-9
2024,7,Central Michigan,Ohio,Mid-American,Mid-American,False,0,0.4099529608695811,0.27431435372821295,-2.0,-4.357709859710631,-0.4301235857920978,-0.5031116552413977,-0.8292616799462602,0.14912718036782224,-0.9916554965700757,-0.9118315037896593,0.19909320145105291,-1.562869681018529,-0.4099529608695811,2.3577098597106314,away_favorite,3-7,wk5-9
2024,7,Georgia,Mississippi State,SEC,SEC,False,1,0.9692768100340423,0.9850052732662415,10.0,33.028659925953534,1.6430797216723505,-0.3579197611369752,0.8988597188965645,-0.04595746527958611,2.060023300220048,-0.37193624651821966,0.5896313661221456,-1.285860052589033,0.030723189965957687,-23.028659925953534,home_favorite,21+,wk5-9
2024,7,UL Monroe,Southern Miss,Sun Belt,Sun Belt,False,1,0.48110794985889616,0.7512407935337106,17.0,-0.978320600979369,-0.8630381080844797,-0.6227562238254986,-0.5725318069955634,-0.5123636714859274,-1.4409988290695188,-0.676396894704634,-1.3993885888306297,-1.1405435261997892,0.5188920501411038,17.97832060097937,away_favorite,0-3,wk5-9
2024,7,Fresno State,Washington State,Mountain West,Pac-12,False,0,0.6125557275044196,0.5473485180458647,-8.0,4.375574731619281,-0.1708786977510432,-0.21367982818036663,-0.24582955962441777,-0.18146690852008449,-0.2634495222243654,-0.3930411104449563,0.9483815406455918,-0.8726161806696209,-0.6125557275044196,-12.375574731619281,home_favorite,3-7,wk5-9
2024,7,Florida Atlantic,North Texas,American Athletic,American Athletic,False,0,0.6037181939698694,0.32875941918416823,-4.0,4.481103910283439,-0.28928161232478894,-0.16427432426453253,-0.429454327265791,-0.7839426688581748,-0.4392179712359451,-0.5198286140710898,-2.0306072503339077,-1.2676954867903774,-0.6037181939698694,-8.481103910283439,home_favorite,3-7,wk5-9
2024,7,New Mexico,Air Force,Mountain West,Mountain West,False,1,0.641305844361016,0.4145013213281905,15.0,5.999440378567762,-0.3679062548538256,-0.7617353086206576,-0.8168830687408246,-0.745408053347792,-1.106728095962684,-1.9204466555739974,-0.5683597035421415,-0.6183122594884438,0.358694155638984,9.000559621432238,home_favorite,3-7,wk5-9
2024,7,Tennessee,Florida,SEC,SEC,False,1,0.513540898655284,0.9390216583420443,6.0,0.7252096106704751,0.5669345542568669,0.6908502218397348,0.5253781985462637,0.4084801613236756,0.43926865763471673,0.9693477586674184,-0.6501002496360909,1.1300271986321462,0.48645910134471604,5.2747903893295245,home_favorite,0-3,wk5-9
2024,7,Rice,UTSA,American Athletic,American Athletic,False,1,0.48700299564964633,0.373300918333268,2.0,-0.8378314258695592,-0.020752444868237727,-0.024067291852766612,-0.2500595115186565,0.1828638681957904,-0.2985704198352858,-0.1306856904841598,-0.018881588132813088,-0.6682648154347465,0.5129970043503537,2.837831425869559,away_favorite,0-3,wk5-9
2024,7,Texas State,Arkansas State,Sun Belt,Sun Belt,False,1,0.636204372273579,0.8711477984045555,32.0,6.100246186096193,0.3737257654398134,-0.057332136600882766,0.16926812962405424,-0.011986414457855518,0.3253544955298222,0.26185209666631626,-0.3776317626562587,1.7476224357864327,0.36379562772642104,25.899753813903807,home_favorite,3-7,wk5-9
2024,7,LSU,Ole Miss,SEC,SEC,False,1,0.4697567121254682,0.5473485180458647,3.0,-0.8147440114193869,1.5485893844188192,1.1037182203408216,0.08338351539949124,0.7141886028314836,1.119150681247804,1.9076539171671296,-1.2313663551930665,1.5523533534508862,0.5302432878745318,3.814744011419387,away_favorite,0-3,wk5-9
2024,7,Oregon,Ohio State,Big Ten,Big Ten,False,1,0.684182574601681,0.43701527189640416,1.0,7.978136941226186,1.8481905735826398,1.2063423002491749,0.8955401906557519,1.124832008684659,1.9959101505146322,1.9847205317235916,-0.5365717133944944,-1.1360023847501253,0.31581742539831903,-6.978136941226186,home_favorite,7-14,wk5-9
2024,7,Louisiana,App State,Sun Belt,Sun Belt,False,1,0.4294601587297689,0.8118599983337865,10.0,-2.8389234353401087,0.051487432197694805,0.22162316618535444,-0.20268768518740918,0.014616352226844556,0.06396964711089734,0.2606076669647802,0.008365260565170164,1.8384452647797103,0.5705398412702312,12.838923435340108,away_favorite,0-3,wk5-9
2024,7,Nevada,Oregon State,Mountain West,Pac-12,False,1,0.23396693726251894,0.14445792510730254,5.0,-12.967042561356605,-1.3832234499152747,-0.1188606210002007,-0.6430385739956987,-0.12217123575567992,-1.1242887057702242,-0.745004377974634,0.08556466520945603,-1.8353381679983614,0.7660330627374811,17.967042561356607,away_favorite,7-14,wk5-9
2024,7,Kentucky,Vanderbilt,SEC,SEC,False,0,0.8280798775156317,0.9052126040268039,-7.0,15.974251550178483,0.5768380169059657,-0.12915234057708824,0.5284445445183497,-0.07469568524583706,1.103301838503555,0.4225405750750839,-0.5184071475958388,-1.413012013179621,-0.8280798775156317,-22.974251550178483,home_favorite,14-21,wk5-9
2024,7,NC State,Syracuse,ACC,ACC,False,0,0.6168685631132768,0.6838163141936586,-7.0,4.820009394771602,0.29142787310553214,0.12344217342336274,0.3713195047471658,0.2884738065713728,0.3871969085601077,0.36605205737926555,-0.609229976589116,-0.7227585128307129,-0.6168685631132768,-11.820009394771603,home_favorite,3-7,wk5-9
2024,7,West Virginia,Iowa State,Big 12,Big 12,False,0,0.7399201953886239,0.3800586409554767,-12.0,10.824041451972269,0.8552394781268736,0.10552364601781568,0.4668665262941879,0.34705924744054945,1.1789365758221604,0.47642158192697304,1.8566098305783658,1.9383503766723156,-0.7399201953886239,-22.82404145197227,home_favorite,7-14,wk5-9
2024,7,Georgia Southern,Marshall,Sun Belt,Sun Belt,False,1,0.5936461567774597,0.558731369324761,1.0,3.6930585709988906,-0.08331268064815031,-0.4327877071279027,-0.21757247537818755,0.053851915211350326,-0.17403023329921866,-0.5517330645195149,-0.2731855093139898,-0.931651019515251,0.4063538432225403,-2.6930585709988906,home_favorite,3-7,wk5-9
2024,7,UCLA,Minnesota,Big Ten,Big Ten,False,0,0.7468810134481287,0.47842666694885455,-4.0,11.08080405923723,-0.20344682461292024,-0.07208842300681916,0.6044901596393112,-0.43063747408919906,0.05260921213947928,-0.15117852762579836,0.648666204967776,0.3444097278402969,-0.7468810134481287,-15.08080405923723,home_favorite,7-14,wk5-9
2024,7,Colorado,Kansas State,Big 12,Big 12,False,0,0.5145876008228476,0.22990332333901797,-3.0,0.28273426332531315,0.4980576673601974,0.6878728315475257,0.20039125541009425,0.4405724211706453,1.3143750774978,0.304069815899341,0.866640994551642,-0.3957963284549142,-0.5145876008228476,-3.282734263325313,home_favorite,0-3,wk5-9
2024,7,Hawai'i,Boise State,Mountain West,Mountain West,False,0,0.3917431292359197,0.07843767494302172,-21.0,-5.144572118610233,-0.5247624976658892,0.20990107290294924,-0.2632983269006847,0.011105649144847657,-0.2578676184601607,0.22071869590480447,1.9156446694239961,0.11735265535710317,-0.3917431292359197,-15.855427881389767,away_favorite,3-7,wk5-9
2024,8,South Alabama,Troy,Sun Belt,Sun Belt,False,1,0.7456639854232848,0.7544540419421866,16.0,10.954089809917297,0.17139828026240692,-0.5621669578027381,0.2383339176276842,0.08475198876917195,-0.1911509953945143,-1.1783300768077756,-0.45483116730054457,-0.9861447169112174,0.2543360145767152,5.045910190082703,home_favorite,7-14,wk5-9
2024,8,New Mexico State,Louisiana Tech,Conference USA,Conference USA,False,1,0.5561972804977636,0.41171002813683716,3.0,2.302813878932205,-0.6423943110405166,-0.5932559645739184,-0.5419851169677338,-0.6402018548200492,-1.3060394160590574,-0.9477356041842548,-1.531081690870882,-0.967980151112562,0.4438027195022364,0.6971861210677952,home_favorite,0-3,wk5-9
2024,8,Sam Houston,Western Kentucky,Conference USA,Conference USA,False,0,0.4424485677912405,0.6062878237854281,-17.0,-2.640654756551236,-0.6903050218229474,-0.20298743544222292,-0.6151645327344423,-0.5172447439147035,-0.7982905916602123,-0.6024317824477987,-0.2232329533676872,-0.42304317715289746,-0.4424485677912405,-14.359345243448765,away_favorite,0-3,wk5-9
2024,8,UTEP,Florida International,Conference USA,Conference USA,False,1,0.42561715092700775,0.41031649686004995,9.0,-3.135210259533731,-0.9869997009432215,-1.0526375008649564,-0.9550840798444284,-0.5384268214218134,-1.6690323607964186,-1.110937219543573,-1.0815086873541588,0.5669256588738263,0.5743828490729923,12.13521025953373,away_favorite,3-7,wk5-9
2024,8,Marshall,Georgia State,Sun Belt,Sun Belt,False,1,0.6449227256306581,0.6949097127295025,15.0,6.1228705707082,-0.4327877071279027,-0.3788463205857343,0.053851915211350326,-0.4408524981423841,-0.5517330645195149,-0.8643595813129547,-0.931651019515251,-0.7272996542803768,0.3550772743693419,8.8771294292918,home_favorite,3-7,wk5-9
2024,8,Virginia Tech,Boston College,ACC,ACC,False,1,0.6017825115318702,0.8179376310581157,21.0,4.297263314090861,0.22299746219104594,0.593630247563864,0.313166507994596,-0.20601189172485246,0.47715817047495124,0.2964399857423634,1.6522584653434913,1.852068689128702,0.39821748846812977,16.702736685909137,home_favorite,3-7,wk5-9
2024,8,Duke,Florida State,ACC,ACC,False,1,0.31844951741618005,0.6800706757372215,7.0,-8.46537717367043,0.059918952643153944,0.45076413885518146,0.06957051548647974,0.9388998174791834,-0.2385255018488518,0.9316652895064667,0.09918808955844767,-1.1950372235957558,0.6815504825838199,15.46537717367043,away_favorite,7-14,wk5-9
2024,8,Purdue,Oregon,Big Ten,Big Ten,False,0,0.10843579926818611,0.018910739908896634,-35.0,-21.64258515936654,-0.03547156310347992,1.8481905735826398,0.09603648733447401,0.8955401906557519,0.18413862681553214,1.9959101505146322,0.10372923100811154,-0.5365717133944944,-0.10843579926818611,-13.35741484063346,away_favorite,21+,wk5-9
2024,8,BYU,Oklahoma State,Big 12,Big 12,False,1,0.20168479429785158,0.8001620559151359,3.0,-14.282427526128387,-0.5171792199664021,0.5982342907105223,-0.36692165402036375,0.1682877302184203,-0.5490658175662225,0.715786121529987,0.40798570813559065,1.5750590606992054,0.7983152057021484,17.282427526128387,away_favorite,14-21,wk5-9
2024,8,Nevada,Fresno State,Mountain West,Mountain West,False,0,0.20289613527639477,0.25856647703070046,-3.0,-14.344976975547485,-1.3832234499152747,-0.1708786977510432,-0.6430385739956987,-0.24582955962441777,-1.1242887057702242,-0.2634495222243654,0.08556466520945603,0.9483815406455918,-0.20289613527639477,11.344976975547485,away_favorite,14-21,wk5-9
2024,8,Northwestern,Wisconsin,Big Ten,Big Ten,True,0,0.2873462210034642,0.2847472489508014,-20.0,-9.215929455845218,-0.332034998103514,0.3778516711637109,-0.18564063113058688,0.04280801212241299,-0.08362040626967432,0.40970152526275616,-0.25047980206567044,0.16276406985374192,-0.2873462210034642,-10.784070544154782,away_favorite,7-14,wk5-9
2024,8,Rutgers,UCLA,Big Ten,Big Ten,False,0,0.5241966942955296,0.5700528235839882,-3.0,0.9446595100603927,0.3750513080587442,-0.20344682461292024,-0.002278977062819064,0.6044901596393112,0.1707608368070326,0.05260921213947928,-0.1869038217703762,0.648666204967776,-0.5241966942955296,-3.9446595100603927,home_favorite,0-3,wk5-9
2024,8,Cincinnati,Arizona State,Big 12,Big 12,False,1,0.5750035131164406,0.6049129020079569,10.0,3.257131939424217,0.045807612635807876,-0.1725464916380705,-0.05162433583810177,-0.07532098966285952,0.03161097078644558,-0.17785420053791007,-0.7545465029783601,0.6395839220684483,0.4249964868835594,6.742868060575783,home_favorite,3-7,wk5-9
2024,8,Coastal Carolina,Louisiana,Sun Belt,Sun Belt,False,0,0.4548183739284208,0.42994717641601177,-10.0,-1.9083248717617836,-0.21907299655811907,0.051487432197694805,-0.3160789166491237,-0.20268768518740918,-0.5451868974829734,0.06396964711089734,-0.9361921609649149,0.008365260565170164,-0.4548183739284208,-8.091675128238217,away_favorite,0-3,wk5-9
2024,8,UConn,Wake Forest,FBS Independents,ACC,False,0,0.40866825978439036,0.7105400123698378,-3.0,-4.1081664057495875,-0.4783516906942704,-0.1481233936568683,-0.25321731927486907,0.05441825902063295,-0.5714522706076628,0.43284019242899807,-0.831745907622646,-0.6682648154347465,-0.40866825978439036,1.1081664057495875,away_favorite,3-7,wk5-9
2024,8,Missouri,Auburn,SEC,SEC,False,1,0.6700416752205833,0.8100951586047567,4.0,7.155398385811367,0.7572554268040366,0.5740069444214645,0.9114851069582477,0.6716477195407801,1.0656137678523592,1.0218050365699827,1.8202806989810547,1.0800746426858436,0.32995832477941667,-3.155398385811367,home_favorite,7-14,wk5-9
2024,8,Army,East Carolina,American Athletic,American Athletic,False,1,0.44682964424484806,0.9137376073691662,17.0,-2.832749284313993,-0.8234693117968547,-0.9242106720606654,-0.735711696883997,0.03303039781648437,-1.6048292196959895,-0.8772064429417238,1.034663228189205,-0.6637236739850826,0.5531703557551519,19.832749284313994,away_favorite,0-3,wk5-9
2024,8,Indiana,Nebraska,Big Ten,Big Ten,False,1,0.7818816265917758,0.6609990912463583,49.0,13.245489476109999,0.6880336710405608,-0.4957629953706532,0.3941065430926814,0.3034008749056111,1.4744762471300321,0.14613239100645203,-0.1914449632200401,0.684995336565087,0.21811837340822415,35.754510523890005,home_favorite,7-14,wk5-9
2024,8,Louisville,Miami,ACC,ACC,False,0,0.4564417339042072,0.41171002813683716,-7.0,-1.8001937340479697,0.8008970412490346,1.0032521149524218,0.9282870193164992,0.9966866538579895,1.0944045218673226,1.6245189094055847,-1.45842342767626,-0.0007170223341575866,-0.4564417339042072,-5.199806265952031,away_favorite,0-3,wk5-9
2024,8,Clemson,Virginia,ACC,ACC,False,1,0.8923976676432361,0.9481920611104497,17.0,21.226453886833895,0.5607070120970075,-0.16067688492180365,0.9882718831349326,-0.20590803231420646,1.0628672533142367,-0.0646451837006381,1.3616254125650038,0.6532073464174399,0.10760233235676386,-4.226453886833895,home_favorite,21+,wk5-9
2024,8,Oklahoma,South Carolina,SEC,SEC,False,0,0.686268510159926,0.7458232083504994,-26.0,7.92652916007899,0.7317225909784375,0.5391737586011777,0.7731910543682914,0.5046170788892397,0.8912720206580607,1.3493649444355935,-0.3640083383072671,-1.285860052589033,-0.686268510159926,-33.92652916007899,home_favorite,7-14,wk5-9
2024,8,Temple,Tulsa,American Athletic,American Athletic,False,1,0.29105394276319163,0.6635740980412955,10.0,-9.199508613509664,-0.895493179739581,-0.3101890024843901,-0.76762786830484,-0.3807595828095247,-1.363592535187982,-0.3649850763601723,-1.0815086873541588,1.066451218336852,0.7089460572368084,19.199508613509664,away_favorite,7-14,wk5-9
2024,8,Eastern Michigan,Central Michigan,Mid-American,Mid-American,False,1,0.4693870687178486,0.6875382482123418,4.0,-1.250934235171345,-0.9799171232733467,-0.4301235857920978,-0.5009727721922274,-0.8292616799462602,-0.9224229666287989,-0.9916554965700757,-1.217742930844075,0.19909320145105291,0.5306129312821515,5.250934235171345,away_favorite,0-3,wk5-9
2024,8,Washington State,Hawai'i,Pac-12,Mountain West,False,1,0.5617389496347119,0.9164213770695134,32.0,2.8889740556526147,-0.21367982818036663,-0.5247624976658892,-0.18146690852008449,-0.2632983269006847,-0.3930411104449563,-0.2578676184601607,-0.8726161806696209,1.9156446694239961,0.43826105036528806,29.111025944347386,home_favorite,0-3,wk5-9
2024,8,Old Dominion,Texas State,Sun Belt,Sun Belt,False,1,0.22739152996375456,0.24554595805781354,10.0,-13.112812088690937,-0.843477979774163,0.3737257654398134,-0.31630282770678275,0.16926812962405424,-1.0084638391364487,0.3253544955298222,0.39890342523626343,-0.3776317626562587,0.7726084700362454,23.112812088690937,away_favorite,7-14,wk5-9
2024,8,Georgia Tech,Notre Dame,ACC,FBS Independents,True,0,0.20802956550275242,0.06975828735890625,-18.0,-13.97726797091031,0.5377787989922762,1.0714168257883963,-0.06367204982660732,1.1706877179545843,0.522518652199219,1.485787112803546,1.702211021289794,-0.45937230875020846,-0.20802956550275242,-4.02273202908969,away_favorite,7-14,wk5-9
2024,8,Tulane,Rice,American Athletic,American Athletic,False,1,0.5834040403728113,0.9683034863911132,14.0,3.5058851642724185,-0.1947701433025493,-0.020752444868237727,0.12498308737643017,-0.2500595115186565,-0.06103337801661726,-0.2985704198352858,-0.7727110687770156,-0.018881588132813088,0.41659595962718865,10.494114835727581,home_favorite,3-7,wk5-9
2024,8,Kansas,Houston,Big 12,Big 12,True,1,0.6735608301765681,0.7325072897556676,28.0,7.998957070002831,0.7484758006792365,0.23979093902833853,0.11088833097429188,-0.1263429349340014,0.7535181351347131,0.5974293554408686,0.757653599759709,0.7349478925113897,0.3264391698234319,20.00104292999717,home_favorite,7-14,wk5-9
2024,8,Tennessee,Alabama,SEC,SEC,False,1,0.364565738460013,0.48705085510713625,7.0,-5.82941530612027,0.5669345542568669,0.9997273593571036,0.5253781985462637,0.8412850886829762,0.43926865763471673,1.582976222909049,-0.6501002496360909,0.580549083222818,0.635434261539987,12.82941530612027,away_favorite,3-7,wk5-9
2024,8,California,NC State,ACC,ACC,False,0,0.5507494521327362,0.7140789025853503,-1.0,1.7952767821276168,0.296650788922859,0.29142787310553214,0.1498454060877932,0.3713195047471658,0.6859458472866004,0.3871969085601077,0.544219951625507,-0.609229976589116,-0.5507494521327362,-2.7952767821276168,home_favorite,0-3,wk5-9
2024,8,South Florida,UAB,American Athletic,American Athletic,False,1,0.663641544076917,0.8482810687127118,10.0,6.8716990923514665,-0.17534938644549705,-0.08055273317407233,-0.06207965588910159,-0.478356607356137,-0.010441757883732208,-0.3243550842560769,1.7476224357864327,0.7985238728066839,0.336358455923083,3.1283009076485335,home_favorite,3-7,wk5-9
2024,8,Navy,Charlotte,American Athletic,American Athletic,False,1,0.4098918491080039,0.8921239139432269,34.0,-4.098855279908726,-1.0147088560953377,-0.6474052912586985,-0.45810709424795143,-0.2420413712412043,-1.4655784883704248,-0.5834852477676895,0.4579382640818933,0.6759130536657593,0.5901081508919961,38.098855279908726,away_favorite,3-7,wk5-9
2024,8,Northern Illinois,Toledo,Mid-American,Mid-American,False,0,0.29041130209905985,0.5387780920571715,-7.0,-9.673435770585746,-0.49430446481950296,0.16018875286556833,-0.5448445711658041,0.15740371867424674,-0.7998559430688249,0.11003644142600438,0.5533022345248346,-0.06883414407911546,-0.29041130209905985,2.673435770585746,away_favorite,7-14,wk5-9
2024,8,UTSA,Florida Atlantic,American Athletic,American Athletic,False,1,0.7716222784301356,0.7105400123698378,14.0,12.33500265974586,-0.024067291852766612,-0.28928161232478894,0.1828638681957904,-0.429454327265791,-0.1306856904841598,-0.4392179712359451,-0.6682648154347465,-2.0306072503339077,0.22837772156986436,1.6649973402541391,home_favorite,7-14,wk5-9
2024,8,Buffalo,Western Michigan,Mid-American,Mid-American,False,0,0.4067582002054343,0.6863002576833125,-7.0,-3.6764342644290697,-0.6899703834029445,-0.15165842385647368,-0.3424245837443973,-0.5727773512160497,-1.0659666955181284,-0.4813831214121962,-1.5129171250722264,1.4524482415582813,-0.4067582002054343,-3.3235657355709303,away_favorite,3-7,wk5-9
2024,8,Illinois,Michigan,Big Ten,Big Ten,False,1,0.21202566541104062,0.17282198303686044,14.0,-13.99018113293987,-0.06815209485515818,0.7055668582151313,-0.2607085741048837,0.8056056447460994,0.003999445606856347,0.44541739919204715,-0.12332784147508195,-0.9725212925622259,0.7879743345889594,27.99018113293987,away_favorite,7-14,wk5-9
2024,8,Bowling Green,Kent State,Mid-American,Mid-American,False,1,0.8655779277117863,0.9579428721874605,21.0,18.951693946441594,-0.45736684583855947,-1.3183793280584086,-0.2478153119358207,-1.1700991857546152,-0.6823445854901828,-1.3909788117260127,0.8439352873033227,1.061910076887188,0.13442207228821368,2.048306053558406,home_favorite,14-21,wk5-9
2024,8,Miami (OH),Ohio,Mid-American,Mid-American,False,1,0.6501052311383275,0.698558626418023,10.0,5.922787962144877,-0.2680705606589783,-0.5031116552413977,0.11310157161454368,0.14912718036782224,0.008973146806706828,-0.9118315037896593,0.5714668003234902,-1.562869681018529,0.3498947688616725,4.077212037855123,home_favorite,3-7,wk5-9
2024,8,Utah State,New Mexico,Mountain West,Mountain West,False,0,0.6643260571317767,0.4512256641402582,-5.0,6.99458088698889,-0.3757415012231984,-0.3679062548538256,-0.4463746054193376,-0.8168830687408246,-0.563986216324726,-1.106728095962684,-0.03704615393146833,-0.5683597035421415,-0.6643260571317767,-11.99458088698889,home_favorite,3-7,wk5-9
2024,8,San José State,Wyoming,Mountain West,Mountain West,False,1,0.3858449345397169,0.8780900739425958,10.0,-5.06238625046908,-0.5886251357645516,-0.22551594060762864,-0.7450360489313024,-0.3017411846109438,-1.279267948043809,-0.44169420046747154,-1.0633441215555033,-0.9861447169112174,0.6141550654602831,15.06238625046908,away_favorite,3-7,wk5-9
2024,8,Texas Tech,Baylor,Big 12,Big 12,False,0,0.759774917679449,0.8100951586047567,-24.0,11.887029386787445,0.46917545090947965,-0.07266435305440802,0.3312379812157443,-0.09071599564921541,0.5516567180056666,0.19994196079347726,0.41252684958525454,0.35349201073962466,-0.759774917679449,-35.88702938678745,home_favorite,7-14,wk5-9
2024,8,Arizona,Colorado,Big 12,Big 12,False,0,0.6144058535393644,0.750163481828642,-27.0,4.8443630492086545,0.5883548895662951,0.4980576673601974,0.33249495424246256,0.20039125541009425,0.7693739122179926,1.3143750774978,0.6441250635181122,0.866640994551642,-0.6144058535393644,-31.844363049208653,home_favorite,3-7,wk5-9
2024,8,Georgia Southern,James Madison,Sun Belt,Sun Belt,False,1,0.627400490072012,0.07760948942937546,14.0,4.979950568697164,-0.08331268064815031,-0.6633122327300709,-0.21757247537818755,0.23646416848557567,-0.17403023329921866,-1.1286427372784467,-0.2731855093139898,-1.9851958358372692,0.37259950992798796,9.020049431302837,home_favorite,3-7,wk5-9
2024,8,Maryland,USC,Big Ten,Big Ten,False,1,0.5009974279430256,0.2942186402879975,1.0,-0.16344274008243698,0.17415232623740778,0.6744337195453941,0.027441881905464673,-0.03809162246186454,0.004852593001966651,0.70281705761773,-0.47299573309920007,-1.1405435261997892,0.4990025720569744,1.163442740082437,home_favorite,0-3,wk5-9
2024,8,Mississippi State,Texas A&M,SEC,SEC,False,0,0.16056504772099756,0.13612852365814215,-10.0,-17.056874375790077,-0.3579197611369752,0.4533132085610834,-0.04595746527958611,0.9243688559873142,-0.37193624651821966,1.0925437273790324,-1.285860052589033,0.44885598118256553,-0.16056504772099756,7.056874375790077,away_favorite,14-21,wk5-9
2024,8,Vanderbilt,Ball State,SEC,Mid-American,False,1,0.7131785945087247,0.8991173716432768,10.0,9.67419074065984,-0.12915234057708824,-0.6893763031187243,-0.07469568524583706,-0.49825187553794575,0.4225405750750839,-1.0663415674095078,-1.413012013179621,0.37619771798794405,0.2868214054912753,0.3258092593401596,home_favorite,7-14,wk5-9
2024,8,Arkansas,LSU,SEC,SEC,False,0,0.36645629514780476,0.15320659692731933,-24.0,-6.087649211520333,0.12133104519857646,1.5485893844188192,0.32406018982922663,0.08338351539949124,0.547290825507733,1.119150681247804,0.2399634744980278,-1.2313663551930665,-0.36645629514780476,-17.912350788479667,away_favorite,3-7,wk5-9
2024,8,Southern Miss,Arkansas State,Sun Belt,Sun Belt,False,0,0.25436211852998736,0.3572869311673796,-16.0,-11.001404509237089,-0.6227562238254986,-0.057332136600882766,-0.5123636714859274,-0.011986414457855518,-0.676396894704634,0.26185209666631626,-1.1405435261997892,1.7476224357864327,-0.25436211852998736,-4.998595490762911,away_favorite,7-14,wk5-9
2024,8,Iowa State,UCF,Big 12,Big 12,False,1,0.5807302892737145,0.8743442268185462,3.0,2.9055925763074817,0.10552364601781568,0.5069214833823795,0.34705924744054945,0.17871134801586178,0.47642158192697304,0.8424460039901764,1.9383503766723156,-0.3367614896092838,0.4192697107262855,0.09440742369251831,home_favorite,0-3,wk5-9
2024,8,Texas,Georgia,SEC,SEC,False,0,0.39482411232817904,0.7533860777856145,-15.0,-4.549048532827975,0.7820841510400872,1.6430797216723505,1.050363778291889,0.8988597188965645,1.3515452062762805,2.060023300220048,-0.03704615393146833,0.5896313661221456,-0.39482411232817904,-10.450951467172025,away_favorite,3-7,wk5-9
2024,8,West Virginia,Kansas State,Big 12,Big 12,False,0,0.67862660996893,0.3854986389914422,-27.0,7.40593785563312,0.8552394781268736,0.6878728315475257,0.4668665262941879,0.4405724211706453,1.1789365758221604,0.304069815899341,1.8566098305783658,-0.3957963284549142,-0.67862660996893,-34.40593785563312,home_favorite,7-14,wk5-9
2024,8,Michigan State,Iowa,Big Ten,Big Ten,False,1,0.4986212258399791,0.23194799683241596,12.0,-0.15651182091835825,-0.04046875076814646,-0.3694047849019738,0.12193965680616908,0.5089646450642735,0.3701422842124211,0.7397554176523926,-0.7863344931260072,0.32170402059197756,0.5013787741600209,12.156511820918357,away_favorite,0-3,wk5-9
2024,8,Memphis,North Texas,American Athletic,American Athletic,False,1,0.9098105974831232,0.7751528656496841,8.0,22.8948256991191,0.6489962790607708,-0.16427432426453253,0.12030352177016063,-0.7839426688581748,0.7298069061337288,-0.5198286140710898,1.470612807356937,-1.2676954867903774,0.0901894025168768,-14.8948256991191,home_favorite,21+,wk5-9
2024,8,Florida,Kentucky,SEC,SEC,False,1,0.6157297096254735,0.4540780772195163,28.0,4.573344042155654,0.6908502218397348,0.5768380169059657,0.4084801613236756,0.5284445445183497,0.9693477586674184,1.103301838503555,1.1300271986321462,-0.5184071475958388,0.38427029037452654,23.426655957844346,home_favorite,3-7,wk5-9
2024,8,Stanford,SMU,ACC,ACC,False,0,0.08258235809801098,0.062310206273834975,-30.0,-24.37977089188146,-0.5754018512247736,0.7671653188368184,-0.5686652404440202,0.8622571235940013,-0.30161430015595647,1.31311355754822,1.6976698798401302,2.0427966300145846,-0.08258235809801098,-5.62022910811854,away_favorite,21+,wk5-9
2024,8,Air Force,Colorado State,Mountain West,Mountain West,False,0,0.42200838989283956,0.6374083767444845,-8.0,-3.32176663106562,-0.7617353086206576,-0.7075364691571274,-0.745408053347792,-0.37631765316253374,-1.9204466555739974,-0.8666528045523121,-0.6183122594884438,0.7304067510617258,-0.42200838989283956,-4.6782333689343805,away_favorite,3-7,wk5-9
2024,8,Oregon State,UNLV,Pac-12,Mountain West,False,0,0.5907249254890987,0.48130022207044143,-8.0,4.005945073818166,-0.1188606210002007,-0.17211151306595868,-0.12217123575567992,-0.3991301449356891,-0.745004377974634,-0.5573541161256889,-1.8353381679983614,-0.1869038217703762,-0.5907249254890987,-12.005945073818166,home_favorite,3-7,wk5-9
2024,8,Utah,TCU,Big 12,Big 12,False,0,0.34044072058517355,0.698558626418023,-6.0,-6.986439459624782,-0.3404828804506783,0.6891711551729265,0.21720073409987467,0.07001125214639764,-0.1580960897908768,0.7714303518066584,-0.7045939470320575,0.31716287914231367,-0.34044072058517355,0.9864394596247816,away_favorite,3-7,wk5-9
2024,9,Florida International,Sam Houston,Conference USA,Conference USA,True,0,0.4441180360449309,0.2607797458593321,-3.0,-2.306929380523547,-1.0526375008649564,-0.6903050218229474,-0.5384268214218134,-0.6151645327344423,-1.110937219543573,-0.7982905916602123,0.5669256588738263,-0.2232329533676872,-0.4441180360449309,-0.6930706194764529,away_favorite,0-3,wk5-9
2024,9,Louisiana Tech,UTEP,Conference USA,Conference USA,False,1,0.713342335356015,0.7479995411960544,4.0,9.398990116020633,-0.5932559645739184,-0.9869997009432215,-0.6402018548200492,-0.9550840798444284,-0.9477356041842548,-1.6690323607964186,-0.967980151112562,-1.0815086873541588,0.286657664643985,-5.398990116020633,home_favorite,7-14,wk5-9
2024,9,Jacksonville State,Middle Tennessee,Conference USA,Conference USA,False,1,0.6590702751657745,0.9617134961177454,22.0,6.85101476951932,-0.3086835004555582,-0.5006190242490017,0.047140772557283606,-0.3449418327564924,-0.6900547496219359,-0.8408939279238054,-0.3413026310589477,0.36711543508861627,0.34092972483422546,15.14898523048068,home_favorite,3-7,wk5-9
2024,9,Old Dominion,Georgia Southern,Sun Belt,Sun Belt,False,1,0.38583367853764133,0.5459219227804837,28.0,-5.250391171422203,-0.843477979774163,-0.08331268064815031,-0.31630282770678275,-0.21757247537818755,-1.0084638391364487,-0.17403023329921866,0.39890342523626343,-0.2731855093139898,0.6141663214623587,33.2503911714222,away_favorite,3-7,wk5-9
2024,9,Pittsburgh,Syracuse,ACC,ACC,False,1,0.47194583507427995,0.7093546305987634,28.0,-1.6253932801058704,-0.29989798620843905,0.12344217342336274,0.20576315467012457,0.2884738065713728,-0.3220724010762185,0.36605205737926555,0.39436228378659954,-0.7227585128307129,0.52805416492572,29.62539328010587,away_favorite,0-3,wk5-9
2024,9,Boston College,Louisville,ACC,ACC,False,0,0.37650174577376805,0.23194799683241596,-4.0,-6.004043705337924,0.593630247563864,0.8008970412490346,-0.20601189172485246,0.9282870193164992,0.2964399857423634,1.0944045218673226,1.852068689128702,-1.45842342767626,-0.37650174577376805,2.0040437053379243,away_favorite,3-7,wk5-9
2024,9,UNLV,Boise State,Mountain West,Mountain West,False,0,0.3855379855011072,0.5402082283237456,-5.0,-5.019053959610453,-0.17211151306595868,0.20990107290294924,-0.3991301449356891,0.011105649144847657,-0.5573541161256889,0.22071869590480447,-0.1869038217703762,0.11735265535710317,-0.3855379855011072,0.019053959610452864,away_favorite,3-7,wk5-9
2024,9,USC,Rutgers,Big Ten,Big Ten,False,1,0.6110528677676357,0.9037204383519798,22.0,4.869864685455735,0.6744337195453941,0.3750513080587442,-0.03809162246186454,-0.002278977062819064,0.70281705761773,0.1707608368070326,-1.1405435261997892,-0.1869038217703762,0.3889471322323643,17.130135314544265,home_favorite,3-7,wk5-9
2024,9,Ole Miss,Oklahoma,SEC,SEC,False,1,0.6888322314185482,0.8304449113532372,12.0,7.925374928341684,1.1037182203408216,0.7317225909784375,0.7141886028314836,0.7731910543682914,1.9076539171671296,0.8912720206580607,1.5523533534508862,-0.3640083383072671,0.3111677685814518,4.074625071658316,home_favorite,7-14,wk5-9
2024,9,Indiana,Washington,Big Ten,Big Ten,False,1,0.778180247645857,0.7021826020905207,14.0,12.734315558422699,0.6880336710405608,0.4742173410091143,0.3941065430926814,-0.16621759586410975,1.4744762471300321,0.1385420267186566,-0.1914449632200401,-2.0396895332332354,0.22181975235414297,1.2656844415773012,home_favorite,7-14,wk5-9
2024,9,North Texas,Tulane,American Athletic,American Athletic,False,0,0.3597795412190217,0.22284689468527405,-8.0,-6.158903592093253,-0.16427432426453253,-0.1947701433025493,-0.7839426688581748,0.12498308737643017,-0.5198286140710898,-0.06103337801661726,-1.2676954867903774,-0.7727110687770156,-0.3597795412190217,-1.841096407906747,away_favorite,3-7,wk5-9
2024,9,Virginia,North Carolina,ACC,ACC,False,0,0.31374090847921454,0.5014391117091528,-27.0,-8.499379640918995,-0.16067688492180365,0.7123987045064115,-0.20590803231420646,0.21375180823570827,-0.0646451837006381,0.7702141018313953,0.6532073464174399,-0.10516327567642646,-0.31374090847921454,-18.500620359081005,away_favorite,7-14,wk5-9
2024,9,Ohio,Buffalo,Mid-American,Mid-American,False,1,0.688083245426701,0.7425355589430698,31.0,8.07591411841487,-0.5031116552413977,-0.6899703834029445,0.14912718036782224,-0.3424245837443973,-0.9118315037896593,-1.0659666955181284,-1.562869681018529,-1.5129171250722264,0.31191675457329904,22.92408588158513,home_favorite,7-14,wk5-9
2024,9,Navy,Notre Dame,American Athletic,FBS Independents,True,0,0.02596848000596054,0.08671720584338255,-37.0,-34.8857877203942,-1.0147088560953377,1.0714168257883963,-0.45810709424795143,1.1706877179545843,-1.4655784883704248,1.485787112803546,0.4579382640818933,-0.45937230875020846,-0.02596848000596054,-2.114212279605802,away_favorite,21+,wk5-9
2024,9,Memphis,Charlotte,American Athletic,American Athletic,False,1,0.8710335344394313,0.9409696170394709,5.0,19.30145439240645,0.6489962790607708,-0.6474052912586985,0.12030352177016063,-0.2420413712412043,0.7298069061337288,-0.5834852477676895,1.470612807356937,0.6759130536657593,0.12896646556056868,-14.301454392406448,home_favorite,14-21,wk5-9
2024,9,Ohio State,Nebraska,Big Ten,Big Ten,False,1,0.9140924517003706,0.9811957652105315,4.0,23.908599945768273,1.2063423002491749,-0.4957629953706532,1.124832008684659,0.3034008749056111,1.9847205317235916,0.14613239100645203,-1.1360023847501253,0.684995336565087,0.08590754829962943,-19.908599945768273,home_favorite,21+,wk5-9
2024,9,Virginia Tech,Georgia Tech,ACC,ACC,False,1,0.5840018597763484,0.7129021574054539,15.0,3.474445091800394,0.22299746219104594,0.5377787989922762,0.313166507994596,-0.06367204982660732,0.47715817047495124,0.522518652199219,1.6522584653434913,1.702211021289794,0.41599814022365156,11.525554908199606,home_favorite,3-7,wk5-9
2024,9,Mississippi State,Arkansas,SEC,SEC,False,0,0.32435569721180996,0.4712494361077314,-33.0,-7.717688594512241,-0.3579197611369752,0.12133104519857646,-0.04595746527958611,0.32406018982922663,-0.37193624651821966,0.547290825507733,-1.285860052589033,0.2399634744980278,-0.32435569721180996,-25.28231140548776,away_favorite,7-14,wk5-9
2024,9,App State,Georgia State,Sun Belt,Sun Belt,False,1,0.8268485907053669,0.6453524504393825,7.0,15.661528445231216,0.22162316618535444,-0.3788463205857343,0.014616352226844556,-0.4408524981423841,0.2606076669647802,-0.8643595813129547,1.8384452647797103,-0.7272996542803768,0.17315140929463313,-8.661528445231216,home_favorite,14-21,wk5-9
2024,9,East Carolina,Temple,American Athletic,American Athletic,False,1,0.716736323764436,0.7907981027972382,22.0,9.417942125281128,-0.9242106720606654,-0.895493179739581,0.03303039781648437,-0.76762786830484,-0.8772064429417238,-1.363592535187982,-0.6637236739850826,-1.0815086873541588,0.28326367623556403,12.582057874718872,home_favorite,7-14,wk5-9
2024,9,Miami (OH),Central Michigan,Mid-American,Mid-American,False,1,0.7879397461870433,0.8959410508417222,39.0,13.460769513135546,-0.2680705606589783,-0.4301235857920978,0.11310157161454368,-0.8292616799462602,0.008973146806706828,-0.9916554965700757,0.5714668003234902,0.19909320145105291,0.21206025381295668,25.539230486864454,home_favorite,7-14,wk5-9
2024,9,Minnesota,Maryland,Big Ten,Big Ten,False,1,0.43910800146317175,0.5658152030692333,25.0,-2.861049127109331,-0.07208842300681916,0.17415232623740778,-0.43063747408919906,0.027441881905464673,-0.15117852762579836,0.004852593001966651,0.3444097278402969,-0.47299573309920007,0.5608919985368283,27.861049127109332,away_favorite,0-3,wk5-9
2024,9,UConn,Rice,FBS Independents,American Athletic,False,1,0.4357122116708404,0.8118599983337865,7.0,-2.7842335673110026,-0.4783516906942704,-0.020752444868237727,-0.25321731927486907,-0.2500595115186565,-0.5714522706076628,-0.2985704198352858,-0.831745907622646,-0.018881588132813088,0.5642877883291596,9.784233567311002,away_favorite,0-3,wk5-9
2024,9,Tulsa,UTSA,American Athletic,American Athletic,False,1,0.42332794871421336,0.16713730973962054,1.0,-3.7599599783435775,-0.3101890024843901,-0.024067291852766612,-0.3807595828095247,0.1828638681957904,-0.3649850763601723,-0.1306856904841598,1.066451218336852,-0.6682648154347465,0.5766720512857866,4.759959978343577,away_favorite,3-7,wk5-9
2024,9,Iowa,Northwestern,Big Ten,Big Ten,False,1,0.6998122060025544,0.7140789025853503,26.0,8.548619632111363,-0.3694047849019738,-0.332034998103514,0.5089646450642735,-0.18564063113058688,0.7397554176523926,-0.08362040626967432,0.32170402059197756,-0.25047980206567044,0.30018779399744555,17.45138036788864,home_favorite,7-14,wk5-9
2024,9,Alabama,Missouri,SEC,SEC,False,1,0.5642691179443255,0.8672208959675437,34.0,2.7684161050860157,0.9997273593571036,0.7572554268040366,0.8412850886829762,0.9114851069582477,1.582976222909049,1.0656137678523592,0.580549083222818,1.8202806989810547,0.43573088205567445,31.231583894913985,home_favorite,0-3,wk5-9
2024,9,Stanford,Wake Forest,ACC,ACC,False,0,0.3969179358473873,0.3868631798468569,-3.0,-5.02659891933301,-0.5754018512247736,-0.1481233936568683,-0.5686652404440202,0.05441825902063295,-0.30161430015595647,0.43284019242899807,1.6976698798401302,-0.6682648154347465,-0.3969179358473873,2.0265989193330096,away_favorite,3-7,wk5-9
2024,9,UCF,BYU,Big 12,Big 12,False,0,0.8356493068586572,0.3652566649476832,-13.0,16.77877481825067,0.5069214833823795,-0.5171792199664021,0.17871134801586178,-0.36692165402036375,0.8424460039901764,-0.5490658175662225,-0.3367614896092838,0.40798570813559065,-0.8356493068586572,-29.77877481825067,home_favorite,14-21,wk5-9
2024,9,TCU,Texas Tech,Big 12,Big 12,False,1,0.5641309096440661,0.5487743358597419,1.0,2.6463507911770145,0.6891711551729265,0.46917545090947965,0.07001125214639764,0.3312379812157443,0.7714303518066584,0.5516567180056666,0.31716287914231367,0.41252684958525454,0.4358690903559339,-1.6463507911770145,home_favorite,0-3,wk5-9
2024,9,Western Michigan,Kent State,Mid-American,Mid-American,False,1,0.8779249846982715,0.9006730359903561,31.0,19.978279364879455,-0.15165842385647368,-1.3183793280584086,-0.5727773512160497,-1.1700991857546152,-0.4813831214121962,-1.3909788117260127,1.4524482415582813,1.061910076887188,0.12207501530172848,11.021720635120545,home_favorite,14-21,wk5-9
2024,9,Baylor,Oklahoma State,Big 12,Big 12,False,1,0.33145895649639157,0.6661394245831221,10.0,-7.336917450957531,-0.07266435305440802,0.5982342907105223,-0.09071599564921541,0.1682877302184203,0.19994196079347726,0.715786121529987,0.35349201073962466,1.5750590606992054,0.6685410435036084,17.33691745095753,away_favorite,7-14,wk5-9
2024,9,Oregon,Illinois,Big Ten,Big Ten,False,1,0.9648298369378776,0.9302417126410938,29.0,32.276948754861834,1.8481905735826398,-0.06815209485515818,0.8955401906557519,-0.2607085741048837,1.9959101505146322,0.003999445606856347,-0.5365717133944944,-0.12332784147508195,0.035170163062122395,-3.2769487548618343,home_favorite,21+,wk5-9
2024,9,Toledo,Bowling Green,Mid-American,Mid-American,False,0,0.7424291806209593,0.730245413297424,-15.0,11.057862396156905,0.16018875286556833,-0.45736684583855947,0.15740371867424674,-0.2478153119358207,0.11003644142600438,-0.6823445854901828,-0.06883414407911546,0.8439352873033227,-0.7424291806209593,-26.057862396156906,home_favorite,7-14,wk5-9
2024,9,Ball State,Northern Illinois,Mid-American,Mid-American,False,1,0.5222170726595229,0.14660537788811823,2.0,0.7792888609396666,-0.6893763031187243,-0.49430446481950296,-0.49825187553794575,-0.5448445711658041,-1.0663415674095078,-0.7998559430688249,0.37619771798794405,0.5533022345248346,0.4777829273404771,1.2207111390603334,home_favorite,0-3,wk5-9
2024,9,Akron,Eastern Michigan,Mid-American,Mid-American,False,1,0.5241475509891496,0.29902260138989206,4.0,0.7121988263508197,-1.0020185835321471,-0.9799171232733467,-0.6263015644846457,-0.5009727721922274,-1.076684707571339,-0.9224229666287989,-0.9271098780655871,-1.217742930844075,0.47585244901085044,3.2878011736491803,home_favorite,0-3,wk5-9
2024,9,James Madison,Southern Miss,Sun Belt,Sun Belt,False,1,0.6726522964061721,0.9888409698268935,17.0,7.463358289639755,-0.6633122327300709,-0.6227562238254986,0.23646416848557567,-0.5123636714859274,-1.1286427372784467,-0.676396894704634,-1.9851958358372692,-1.1405435261997892,0.3273477035938279,9.536641710360245,home_favorite,7-14,wk5-9
2024,9,California,Oregon State,ACC,Pac-12,False,1,0.7654558748294875,0.5416377027147634,37.0,11.844344939104682,0.296650788922859,-0.1188606210002007,0.1498454060877932,-0.12217123575567992,0.6859458472866004,-0.745004377974634,0.544219951625507,-1.8353381679983614,0.23454412517051249,25.15565506089532,home_favorite,7-14,wk5-9
2024,9,Vanderbilt,Texas,SEC,SEC,False,0,0.13935531735715317,0.02620989947288227,-3.0,-18.695629961646752,-0.12915234057708824,0.7820841510400872,-0.07469568524583706,1.050363778291889,0.4225405750750839,1.3515452062762805,-1.413012013179621,-0.03704615393146833,-0.13935531735715317,15.695629961646752,away_favorite,14-21,wk5-9
2024,9,Colorado State,New Mexico,Mountain West,Mountain West,False,1,0.6249253479484318,0.6226501957872621,11.0,5.021688239824295,-0.7075364691571274,-0.3679062548538256,-0.37631765316253374,-0.8168830687408246,-0.8666528045523121,-1.106728095962684,0.7304067510617258,-0.5683597035421415,0.3750746520515682,5.978311760175705,home_favorite,3-7,wk5-9
2024,9,South Alabama,UL Monroe,Sun Belt,Sun Belt,False,1,0.8887777169403402,0.9086140467149137,29.0,20.842049304011482,0.17139828026240692,-0.8630381080844797,0.2383339176276842,-0.5725318069955634,-0.1911509953945143,-1.4409988290695188,-0.45483116730054457,-1.3993885888306297,0.11122228305965975,8.157950695988518,home_favorite,14-21,wk5-9
2024,9,Wyoming,Utah State,Mountain West,Mountain West,False,0,0.6021166443773855,0.7403284195148304,-2.0,4.380773226301388,-0.22551594060762864,-0.3757415012231984,-0.3017411846109438,-0.4463746054193376,-0.44169420046747154,-0.563986216324726,-0.9861447169112174,-0.03704615393146833,-0.6021166443773855,-6.380773226301388,home_favorite,3-7,wk5-9
2024,9,Miami,Florida State,ACC,ACC,False,1,0.7147998710657308,0.8910109110457655,22.0,9.253027949839407,1.0032521149524218,0.45076413885518146,0.9966866538579895,0.9388998174791834,1.6245189094055847,0.9316652895064667,-0.0007170223341575866,-1.1950372235957558,0.28520012893426916,12.746972050160593,home_favorite,7-14,wk5-9
2024,9,Arkansas State,Troy,Sun Belt,Sun Belt,False,1,0.7124377077332184,0.38141587791096926,3.0,8.870932757060059,-0.057332136600882766,-0.5621669578027381,-0.011986414457855518,0.08475198876917195,0.26185209666631626,-1.1783300768077756,1.7476224357864327,-0.9861447169112174,0.28756229226678165,-5.870932757060059,home_favorite,7-14,wk5-9
2024,9,Houston,Utah,Big 12,Big 12,False,1,0.6521965729909018,0.269754586702576,3.0,6.212669108302708,0.23979093902833853,-0.3404828804506783,-0.1263429349340014,0.21720073409987467,0.5974293554408686,-0.1580960897908768,0.7349478925113897,-0.7045939470320575,0.34780342700909817,-3.212669108302708,home_favorite,3-7,wk5-9
2024,9,Arizona,West Virginia,Big 12,Big 12,False,0,0.4479940630439503,0.5714631174083814,-5.0,-2.1264369423501006,0.5883548895662951,0.8552394781268736,0.33249495424246256,0.4668665262941879,0.7693739122179926,1.1789365758221604,0.6441250635181122,1.8566098305783658,-0.4479940630439503,-2.8735630576498994,away_favorite,0-3,wk5-9
2024,9,Texas A&M,LSU,SEC,SEC,False,1,0.5739947631596617,0.41171002813683716,15.0,2.800698898566613,0.4533132085610834,1.5485893844188192,0.9243688559873142,0.08338351539949124,1.0925437273790324,1.119150681247804,0.44885598118256553,-1.2313663551930665,0.4260052368403383,12.199301101433388,home_favorite,0-3,wk5-9
2024,9,Michigan,Michigan State,Big Ten,Big Ten,False,1,0.8220008640808403,0.9207260613687934,7.0,15.699286939954817,0.7055668582151313,-0.04046875076814646,0.8056056447460994,0.12193965680616908,0.44541739919204715,0.3701422842124211,-0.9725212925622259,-0.7863344931260072,0.17799913591915972,-8.699286939954817,home_favorite,14-21,wk5-9
2024,9,Wisconsin,Penn State,Big Ten,Big Ten,False,0,0.14760823118707833,0.39096739659576046,-15.0,-18.047085107173633,0.3778516711637109,1.177659695929489,0.04280801212241299,1.2990183403150155,0.40970152526275616,1.591173558664246,0.16276406985374192,1.1936031789274406,-0.14760823118707833,3.0470851071736327,away_favorite,14-21,wk5-9
2024,9,Kentucky,Auburn,SEC,SEC,False,0,0.48260445888728676,0.6021580931747169,-14.0,-0.6554890740024137,0.5768380169059657,0.5740069444214645,0.5284445445183497,0.6716477195407801,1.103301838503555,1.0218050365699827,-0.5184071475958388,1.0800746426858436,-0.48260445888728676,-13.344510925997586,away_favorite,0-3,wk5-9
2024,9,Kansas State,Kansas,Big 12,Big 12,False,1,0.6029989597269141,0.7926963841757685,2.0,4.5268339448501145,0.6878728315475257,0.7484758006792365,0.4405724211706453,0.11088833097429188,0.304069815899341,0.7535181351347131,-0.3957963284549142,0.757653599759709,0.3970010402730859,-2.5268339448501145,home_favorite,3-7,wk5-9
2024,9,Fresno State,San José State,Mountain West,Mountain West,False,1,0.795447588792872,0.4985608882908471,23.0,13.686781064880439,-0.1708786977510432,-0.5886251357645516,-0.24582955962441777,-0.7450360489313024,-0.2634495222243654,-1.279267948043809,0.9483815406455918,-1.0633441215555033,0.20455241120712797,9.313218935119561,home_favorite,7-14,wk5-9
2024,9,Duke,SMU,ACC,ACC,False,0,0.20423016289594714,0.33771220256911116,-1.0,-14.037995342634634,0.059918952643153944,0.7671653188368184,0.06957051548647974,0.8622571235940013,-0.2385255018488518,1.31311355754822,0.09918808955844767,2.0427966300145846,-0.20423016289594714,13.037995342634634,away_favorite,14-21,wk5-9
2024,9,Colorado,Cincinnati,Big 12,Big 12,False,1,0.7543512929890098,0.6280448056219418,11.0,11.361920434008619,0.4980576673601974,0.045807612635807876,0.20039125541009425,-0.05162433583810177,1.3143750774978,0.03161097078644558,0.866640994551642,-0.7545465029783601,0.24564870701099017,-0.36192043400861884,home_favorite,7-14,wk5-9
2024,9,San Diego State,Washington State,Mountain West,Pac-12,False,0,0.3837493961007945,0.24130537985314435,-3.0,-5.254042713611964,-0.554330537700705,-0.21367982818036663,-0.7210320788976813,-0.18146690852008449,-0.8831614797475267,-0.3930411104449563,-0.4185020357032336,-0.8726161806696209,-0.3837493961007945,2.2540427136119643,away_favorite,3-7,wk5-9
2024,9,Hawai'i,Nevada,Mountain West,Mountain West,False,1,0.8246683729289884,0.449800646746463,21.0,15.507868248266005,-0.5247624976658892,-1.3832234499152747,-0.2632983269006847,-0.6430385739956987,-0.2578676184601607,-1.1242887057702242,1.9156446694239961,0.08556466520945603,0.17533162707101158,5.492131751733995,home_favorite,14-21,wk5-9
2024,10,Florida International,New Mexico State,Conference USA,Conference USA,True,1,0.4559935842650966,0.6185841220890307,21.0,-2.01973269214614,-1.0526375008649564,-0.6423943110405166,-0.5384268214218134,-0.5419851169677338,-1.110937219543573,-1.3060394160590574,0.5669256588738263,-1.531081690870882,0.5440064157349034,23.01973269214614,away_favorite,0-3,wk10+
2024,10,Texas State,Louisiana,Sun Belt,Sun Belt,False,0,0.7044500370267911,0.6775605800851006,-6.0,9.075850679262537,0.3737257654398134,0.051487432197694805,0.16926812962405424,-0.20268768518740918,0.3253544955298222,0.06396964711089734,-0.3776317626562587,0.008365260565170164,-0.7044500370267911,-15.075850679262537,home_favorite,7-14,wk10+
2024,10,Sam Houston,Louisiana Tech,Conference USA,Conference USA,False,1,0.5688532305195274,0.7555188820711969,6.0,2.6324666198815048,-0.6903050218229474,-0.5932559645739184,-0.6151645327344423,-0.6402018548200492,-0.7982905916602123,-0.9477356041842548,-0.2232329533676872,-0.967980151112562,0.4311467694804726,3.3675333801184952,home_favorite,0-3,wk10+
2024,10,Liberty,Jacksonville State,Conference USA,Conference USA,False,0,0.7386415565001316,0.4971218004251891,-10.0,10.527529956172966,0.5847544597988175,-0.3086835004555582,-0.22524832179386817,0.047140772557283606,0.18694092935842374,-0.6900547496219359,1.1981443203771045,-0.3413026310589477,-0.7386415565001316,-20.527529956172966,home_favorite,7-14,wk10+
2024,10,Charlotte,Tulane,American Athletic,American Athletic,False,0,0.4114316664227883,0.0661140613371956,-31.0,-4.287774234118954,-0.6474052912586985,-0.1947701433025493,-0.2420413712412043,0.12498308737643017,-0.5834852477676895,-0.06103337801661726,0.6759130536657593,-0.7727110687770156,-0.4114316664227883,-26.712225765881044,away_favorite,3-7,wk10+
2024,10,UConn,Georgia State,FBS Independents,Sun Belt,False,1,0.57660094670441,0.7639246991448386,7.0,3.095316375127198,-0.4783516906942704,-0.3788463205857343,-0.25321731927486907,-0.4408524981423841,-0.5714522706076628,-0.8643595813129547,-0.831745907622646,-0.7272996542803768,0.42339905329559,3.904683624872802,home_favorite,3-7,wk10+
2024,10,Florida Atlantic,South Florida,American Athletic,American Athletic,False,0,0.34612507286263705,0.4985608882908471,-23.0,-6.275388521665727,-0.28928161232478894,-0.17534938644549705,-0.429454327265791,-0.06207965588910159,-0.4392179712359451,-0.010441757883732208,-2.0306072503339077,1.7476224357864327,-0.34612507286263705,-16.724611478334275,away_favorite,3-7,wk10+
2024,10,Boise State,San Diego State,Mountain West,Mountain West,False,1,0.8501007610455911,0.921145206889913,32.0,17.668897669246324,0.20990107290294924,-0.554330537700705,0.011105649144847657,-0.7210320788976813,0.22071869590480447,-0.8831614797475267,0.11735265535710317,-0.4185020357032336,0.14989923895440893,14.331102330753676,home_favorite,14-21,wk10+
2024,10,Akron,Buffalo,Mid-American,Mid-American,False,0,0.435050037843211,0.384135895746244,-11.0,-3.1195010755309327,-1.0020185835321471,-0.6899703834029445,-0.6263015644846457,-0.3424245837443973,-1.076684707571339,-1.0659666955181284,-0.9271098780655871,-1.5129171250722264,-0.435050037843211,-7.880498924469068,away_favorite,3-7,wk10+
2024,10,Syracuse,Virginia Tech,ACC,ACC,False,1,0.4591936135385025,0.17282198303686044,7.0,-1.5428877174586408,0.12344217342336274,0.22299746219104594,0.2884738065713728,0.313166507994596,0.36605205737926555,0.47715817047495124,-0.7227585128307129,1.6522584653434913,0.5408063864614975,8.54288771745864,away_favorite,0-3,wk10+
2024,10,Arkansas,Ole Miss,SEC,SEC,False,0,0.2424329159307876,0.17200061973883018,-32.0,-11.873854036220191,0.12133104519857646,1.1037182203408216,0.32406018982922663,0.7141886028314836,0.547290825507733,1.9076539171671296,0.2399634744980278,1.5523533534508862,-0.2424329159307876,-20.12614596377981,away_favorite,7-14,wk10+
2024,10,Army,Air Force,American Athletic,Mountain West,False,1,0.5986669227361678,0.9190290491945513,17.0,3.7741329489273236,-0.8234693117968547,-0.7617353086206576,-0.735711696883997,-0.745408053347792,-1.6048292196959895,-1.9204466555739974,1.034663228189205,-0.6183122594884438,0.40133307726383216,13.225867051072676,home_favorite,3-7,wk10+
2024,10,NC State,Stanford,ACC,ACC,False,1,0.8365955874437319,0.8583646041738978,31.0,17.068669081566533,0.29142787310553214,-0.5754018512247736,0.3713195047471658,-0.5686652404440202,0.3871969085601077,-0.30161430015595647,-0.609229976589116,1.6976698798401302,0.16340441255626814,13.931330918433467,home_favorite,14-21,wk10+
2024,10,Miami,Duke,ACC,ACC,False,1,0.8799735952527309,0.8504903015468027,22.0,20.211835317406837,1.0032521149524218,0.059918952643153944,0.9966866538579895,0.06957051548647974,1.6245189094055847,-0.2385255018488518,-0.0007170223341575866,0.09918808955844767,0.12002640474726911,1.7881646825931625,home_favorite,14-21,wk10+
2024,10,UTSA,Memphis,American Athletic,American Athletic,False,1,0.3699096364565434,0.29064536940123664,8.0,-5.4259342968836215,-0.024067291852766612,0.6489962790607708,0.1828638681957904,0.12030352177016063,-0.1306856904841598,0.7298069061337288,-0.6682648154347465,1.470612807356937,0.6300903635434566,13.425934296883621,away_favorite,3-7,wk10+
2024,10,Penn State,Ohio State,Big Ten,Big Ten,False,0,0.6604094798088489,0.3868631798468569,-7.0,6.466020178991743,1.177659695929489,1.2063423002491749,1.2990183403150155,1.124832008684659,1.591173558664246,1.9847205317235916,1.1936031789274406,-1.1360023847501253,-0.6604094798088489,-13.466020178991743,home_favorite,3-7,wk10+
2024,10,Purdue,Northwestern,Big Ten,Big Ten,False,0,0.6901368553310387,0.22990332333901797,-6.0,8.17996787333738,-0.03547156310347992,-0.332034998103514,0.09603648733447401,-0.18564063113058688,0.18413862681553214,-0.08362040626967432,0.10372923100811154,-0.25047980206567044,-0.6901368553310387,-14.17996787333738,home_favorite,7-14,wk10+
2024,10,Illinois,Minnesota,Big Ten,Big Ten,False,0,0.5967741706078153,0.550199353253537,-8.0,4.105921848300103,-0.06815209485515818,-0.07208842300681916,-0.2607085741048837,-0.43063747408919906,0.003999445606856347,-0.15117852762579836,-0.12332784147508195,0.3444097278402969,-0.5967741706078153,-12.105921848300103,home_favorite,3-7,wk10+
2024,10,Eastern Michigan,Toledo,Mid-American,Mid-American,False,0,0.17201987208989078,0.29064536940123664,-1.0,-16.305500710573465,-0.9799171232733467,0.16018875286556833,-0.5009727721922274,0.15740371867424674,-0.9224229666287989,0.11003644142600438,-1.217742930844075,-0.06883414407911546,-0.17201987208989078,15.305500710573465,away_favorite,14-21,wk10+
2024,10,Auburn,Vanderbilt,SEC,SEC,False,0,0.8704441572006157,0.7820980161313187,-10.0,18.97533282541174,0.5740069444214645,-0.12915234057708824,0.6716477195407801,-0.07469568524583706,1.0218050365699827,0.4225405750750839,1.0800746426858436,-1.413012013179621,-0.8704441572006157,-28.97533282541174,home_favorite,14-21,wk10+
2024,10,App State,Old Dominion,Sun Belt,Sun Belt,False,1,0.8458380067827408,0.37061145278249774,8.0,17.147116772157457,0.22162316618535444,-0.843477979774163,0.014616352226844556,-0.31630282770678275,0.2606076669647802,-1.0084638391364487,1.8384452647797103,0.39890342523626343,0.1541619932172592,-9.147116772157457,home_favorite,14-21,wk10+
2024,10,UAB,Tulsa,American Athletic,American Athletic,False,1,0.5921366000666979,0.6374083767444845,38.0,3.8613542459075,-0.08055273317407233,-0.3101890024843901,-0.478356607356137,-0.3807595828095247,-0.3243550842560769,-0.3649850763601723,0.7985238728066839,1.066451218336852,0.4078633999333021,34.1386457540925,home_favorite,3-7,wk10+
2024,10,Oklahoma State,Arizona State,Big 12,Big 12,False,0,0.7895041928099441,0.5416377027147634,-21.0,13.497068718827048,0.5982342907105223,-0.1725464916380705,0.1682877302184203,-0.07532098966285952,0.715786121529987,-0.17785420053791007,1.5750590606992054,0.6395839220684483,-0.7895041928099441,-34.49706871882705,home_favorite,7-14,wk10+
2024,10,Houston,Kansas State,Big 12,Big 12,False,1,0.3824090958471938,0.09380415322649488,5.0,-5.379210520013615,0.23979093902833853,0.6878728315475257,-0.1263429349340014,0.4405724211706453,0.5974293554408686,0.304069815899341,0.7349478925113897,-0.3957963284549142,0.6175909041528063,10.379210520013615,away_favorite,3-7,wk10+
2024,10,Florida State,North Carolina,ACC,ACC,False,0,0.6318252063543126,0.5201367220358165,-24.0,5.715350416039103,0.45076413885518146,0.7123987045064115,0.9388998174791834,0.21375180823570827,0.9316652895064667,0.7702141018313953,-1.1950372235957558,-0.10516327567642646,-0.6318252063543126,-29.7153504160391,home_favorite,3-7,wk10+
2024,10,Georgia,Florida,SEC,SEC,True,1,0.7862009129438923,0.9198816569709808,14.0,14.024924054693999,1.6430797216723505,0.6908502218397348,0.8988597188965645,0.4084801613236756,2.060023300220048,0.9693477586674184,0.5896313661221456,1.1300271986321462,0.21379908705610773,-0.024924054693999054,home_favorite,14-21,wk10+
2024,10,UCF,Arizona,Big 12,Big 12,False,1,0.49106325892672514,0.5516235473109605,44.0,-0.33655239700071826,0.5069214833823795,0.5883548895662951,0.17871134801586178,0.33249495424246256,0.8424460039901764,0.7693739122179926,-0.3367614896092838,0.6441250635181122,0.5089367410732748,44.336552397000716,away_favorite,0-3,wk10+
2024,10,Iowa State,Texas Tech,Big 12,Big 12,False,0,0.5296476261213166,0.8352528323139615,-1.0,0.8149253018067744,0.10552364601781568,0.46917545090947965,0.34705924744054945,0.3312379812157443,0.47642158192697304,0.5516567180056666,1.9383503766723156,0.41252684958525454,-0.5296476261213166,-1.8149253018067744,home_favorite,0-3,wk10+
2024,10,UTEP,Middle Tennessee,Conference USA,Conference USA,False,0,0.28340856003873416,0.626699081666732,-7.0,-9.71176113715858,-0.9869997009432215,-0.5006190242490017,-0.9550840798444284,-0.3449418327564924,-1.6690323607964186,-0.8408939279238054,-1.0815086873541588,0.36711543508861627,-0.28340856003873416,2.7117611371585806,away_favorite,7-14,wk10+
2024,10,Nebraska,UCLA,Big Ten,Big Ten,False,0,0.404260027770182,0.6076610641268197,-7.0,-4.45217889410306,-0.4957629953706532,-0.20344682461292024,0.3034008749056111,0.6044901596393112,0.14613239100645203,0.05260921213947928,0.684995336565087,0.648666204967776,-0.404260027770182,-2.54782110589694,away_favorite,3-7,wk10+
2024,10,Michigan,Oregon,Big Ten,Big Ten,False,0,0.2988280470254569,0.3002305967379419,-21.0,-9.001754060842758,0.7055668582151313,1.8481905735826398,0.8056056447460994,0.8955401906557519,0.44541739919204715,1.9959101505146322,-0.9725212925622259,-0.5365717133944944,-0.2988280470254569,-11.998245939157242,away_favorite,7-14,wk10+
2024,10,Michigan State,Indiana,Big Ten,Big Ten,False,0,0.3292251330184326,0.16474716768603853,-37.0,-7.576397400099182,-0.04046875076814646,0.6880336710405608,0.12193965680616908,0.3941065430926814,0.3701422842124211,1.4744762471300321,-0.7863344931260072,-0.1914449632200401,-0.3292251330184326,-29.423602599900818,away_favorite,7-14,wk10+
2024,10,Marshall,UL Monroe,Sun Belt,Sun Belt,False,1,0.7722435148097333,0.8065275228171078,5.0,12.444259139160058,-0.4327877071279027,-0.8630381080844797,0.053851915211350326,-0.5725318069955634,-0.5517330645195149,-1.4409988290695188,-0.931651019515251,-1.3993885888306297,0.2277564851902667,-7.444259139160058,home_favorite,7-14,wk10+
2024,10,Troy,Coastal Carolina,Sun Belt,Sun Belt,False,1,0.5648878257614531,0.6293885472175023,14.0,2.5417926447462267,-0.5621669578027381,-0.21907299655811907,0.08475198876917195,-0.3160789166491237,-1.1783300768077756,-0.5451868974829734,-0.9861447169112174,-0.9361921609649149,0.43511217423854687,11.458207355253773,home_favorite,0-3,wk10+
2024,10,New Mexico,Wyoming,Mountain West,Mountain West,False,0,0.43787048617985147,0.5601501452319029,-4.0,-2.8453021464922448,-0.3679062548538256,-0.22551594060762864,-0.8168830687408246,-0.3017411846109438,-1.106728095962684,-0.44169420046747154,-0.5683597035421415,-0.9861447169112174,-0.43787048617985147,-1.1546978535077552,away_favorite,0-3,wk10+
2024,10,Rice,Navy,American Athletic,American Athletic,False,1,0.7810724526540703,0.18035418550531074,14.0,13.151086038626824,-0.020752444868237727,-1.0147088560953377,-0.2500595115186565,-0.45810709424795143,-0.2985704198352858,-1.4655784883704248,-0.018881588132813088,0.4579382640818933,0.21892754734592967,0.8489139613731762,home_favorite,7-14,wk10+
2024,10,Mississippi State,Massachusetts,SEC,FBS Independents,False,1,0.7109791926662568,0.8893225137109468,25.0,9.396411052071183,-0.3579197611369752,-0.49565387812129846,-0.04595746527958611,-0.7179968044772607,-0.37193624651821966,-0.824771900962719,-1.285860052589033,-0.6137711180387799,0.28902080733374325,15.603588947928817,home_favorite,7-14,wk10+
2024,10,Fresno State,Hawai'i,Mountain West,Mountain West,False,0,0.6124776641206529,0.9071699361527149,-1.0,4.809025805149695,-0.1708786977510432,-0.5247624976658892,-0.24582955962441777,-0.2632983269006847,-0.2634495222243654,-0.2578676184601607,0.9483815406455918,1.9156446694239961,-0.6124776641206529,-5.809025805149695,home_favorite,3-7,wk10+
2024,10,Clemson,Louisville,ACC,ACC,False,0,0.5973050648858075,0.8056276940436502,-12.0,3.479021511128483,0.5607070120970075,0.8008970412490346,0.9882718831349326,0.9282870193164992,1.0628672533142367,1.0944045218673226,1.3616254125650038,-1.45842342767626,-0.5973050648858075,-15.479021511128483,home_favorite,3-7,wk10+
2024,10,Iowa,Wisconsin,Big Ten,Big Ten,False,1,0.49561196463616,0.5344839447268315,32.0,-0.4466821110119539,-0.3694047849019738,0.3778516711637109,0.5089646450642735,0.04280801212241299,0.7397554176523926,0.40970152526275616,0.32170402059197756,0.16276406985374192,0.50438803536384,32.44668211101195,away_favorite,0-3,wk10+
2024,10,Washington,USC,Big Ten,Big Ten,False,1,0.48605338753914096,0.4640840730548977,5.0,-0.48628925474724616,0.4742173410091143,0.6744337195453941,-0.16621759586410975,-0.03809162246186454,0.1385420267186566,0.70281705761773,-2.0396895332332354,-1.1405435261997892,0.513946612460859,5.486289254747247,away_favorite,0-3,wk10+
2024,10,South Alabama,Georgia Southern,Sun Belt,Sun Belt,False,0,0.7069933328911371,0.8749753069983639,-4.0,9.131962116321192,0.17139828026240692,-0.08331268064815031,0.2383339176276842,-0.21757247537818755,-0.1911509953945143,-0.17403023329921866,-0.45483116730054457,-0.2731855093139898,-0.7069933328911371,-13.131962116321192,home_favorite,7-14,wk10+
2024,10,South Carolina,Texas A&M,SEC,SEC,False,1,0.42870560961067217,0.49280491829094863,24.0,-2.9764035383455885,0.5391737586011777,0.4533132085610834,0.5046170788892397,0.9243688559873142,1.3493649444355935,1.0925437273790324,-1.285860052589033,0.44885598118256553,0.5712943903893278,26.97640353834559,away_favorite,0-3,wk10+
2024,10,Tennessee,Kentucky,SEC,SEC,False,1,0.5578125559022518,0.9434762493459331,10.0,2.314473645209362,0.5669345542568669,0.5768380169059657,0.5253781985462637,0.5284445445183497,0.43926865763471673,1.103301838503555,-0.6501002496360909,-0.5184071475958388,0.44218744409774824,7.685526354790638,home_favorite,0-3,wk10+
2024,10,Baylor,TCU,Big 12,Big 12,False,1,0.37107382706903946,0.6347433350523167,3.0,-5.702048094742583,-0.07266435305440802,0.6891711551729265,-0.09071599564921541,0.07001125214639764,0.19994196079347726,0.7714303518066584,0.35349201073962466,0.31716287914231367,0.6289261729309605,8.702048094742583,away_favorite,3-7,wk10+
2024,10,SMU,Pittsburgh,ACC,ACC,False,1,0.883984833623108,0.8238615285055724,23.0,20.264750524792852,0.7671653188368184,-0.29989798620843905,0.8622571235940013,0.20576315467012457,1.31311355754822,-0.3220724010762185,2.0427966300145846,0.39436228378659954,0.11601516637689202,2.735249475207148,home_favorite,14-21,wk10+
2024,10,Nevada,Colorado State,Mountain West,Mountain West,False,0,0.32078348668985823,0.4398498547680971,-17.0,-8.087843407664598,-1.3832234499152747,-0.7075364691571274,-0.6430385739956987,-0.37631765316253374,-1.1242887057702242,-0.8666528045523121,0.08556466520945603,0.7304067510617258,-0.32078348668985823,-8.912156592335402,away_favorite,7-14,wk10+
2024,11,Central Michigan,Bowling Green,Mid-American,Mid-American,False,0,0.42327865083555316,0.17036717656865663,-10.0,-3.330758342758792,-0.4301235857920978,-0.45736684583855947,-0.8292616799462602,-0.2478153119358207,-0.9916554965700757,-0.6823445854901828,0.19909320145105291,0.8439352873033227,-0.42327865083555316,-6.6692416572412085,away_favorite,3-7,wk10+
2024,11,Ball State,Miami (OH),Mid-American,Mid-American,False,0,0.3226123709513498,0.08626239263083382,-6.0,-8.025705580372057,-0.6893763031187243,-0.2680705606589783,-0.49825187553794575,0.11310157161454368,-1.0663415674095078,0.008973146806706828,0.37619771798794405,0.5714668003234902,-0.3226123709513498,2.0257055803720565,away_favorite,7-14,wk10+
2024,11,Kent State,Ohio,Mid-American,Mid-American,False,0,0.19288424535989718,0.0477267210342039,-41.0,-15.560575045125038,-1.3183793280584086,-0.5031116552413977,-1.1700991857546152,0.14912718036782224,-1.3909788117260127,-0.9118315037896593,1.061910076887188,-1.562869681018529,-0.19288424535989718,-25.439424954874962,away_favorite,14-21,wk10+
2024,11,Western Michigan,Northern Illinois,Mid-American,Mid-American,False,0,0.6638692467722909,0.3572869311673796,-14.0,6.908609599438359,-0.15165842385647368,-0.49430446481950296,-0.5727773512160497,-0.5448445711658041,-0.4813831214121962,-0.7998559430688249,1.4524482415582813,0.5533022345248346,-0.6638692467722909,-20.908609599438357,home_favorite,3-7,wk10+
2024,11,East Carolina,Florida Atlantic,American Athletic,American Athletic,False,1,0.5515916399031329,0.7447304068650347,35.0,1.7084843240067826,-0.9242106720606654,-0.28928161232478894,0.03303039781648437,-0.429454327265791,-0.8772064429417238,-0.4392179712359451,-0.6637236739850826,-2.0306072503339077,0.44840836009686713,33.29151567599322,home_favorite,0-3,wk10+
2024,11,Coastal Carolina,App State,Sun Belt,Sun Belt,False,1,0.3191525771940289,0.615864104253756,14.0,-7.683955646092619,-0.21907299655811907,0.22162316618535444,-0.3160789166491237,0.014616352226844556,-0.5451868974829734,0.2606076669647802,-0.9361921609649149,1.8384452647797103,0.6808474228059711,21.68395564609262,away_favorite,7-14,wk10+
2024,11,Wake Forest,California,ACC,ACC,False,0,0.40542899312965497,0.20168525584502242,-10.0,-4.03795905136128,-0.1481233936568683,0.296650788922859,0.05441825902063295,0.1498454060877932,0.43284019242899807,0.6859458472866004,-0.6682648154347465,0.544219951625507,-0.40542899312965497,-5.96204094863872,away_favorite,3-7,wk10+
2024,11,UCLA,Iowa,Big Ten,Big Ten,False,1,0.6012080139664242,0.19079200251416192,3.0,3.949142378280287,-0.20344682461292024,-0.3694047849019738,0.6044901596393112,0.5089646450642735,0.05260921213947928,0.7397554176523926,0.648666204967776,0.32170402059197756,0.3987919860335758,-0.9491423782802868,home_favorite,3-7,wk10+
2024,11,Memphis,Rice,American Athletic,American Athletic,False,1,0.8097043235410359,0.8780900739425958,7.0,14.718601773184874,0.6489962790607708,-0.020752444868237727,0.12030352177016063,-0.2500595115186565,0.7298069061337288,-0.2985704198352858,1.470612807356937,-0.018881588132813088,0.19029567645896406,-7.718601773184874,home_favorite,14-21,wk10+
2024,11,San Diego State,New Mexico,Mountain West,Mountain West,False,0,0.5580898017833478,0.6737761878883222,-5.0,2.3316438150478342,-0.554330537700705,-0.3679062548538256,-0.7210320788976813,-0.8168830687408246,-0.8831614797475267,-1.106728095962684,-0.4185020357032336,-0.5683597035421415,-0.5580898017833478,-7.331643815047834,home_favorite,0-3,wk10+
2024,11,Ohio State,Purdue,Big Ten,Big Ten,False,1,0.903668958675119,0.9947191905535706,45.0,22.710009717514378,1.2063423002491749,-0.03547156310347992,1.124832008684659,0.09603648733447401,1.9847205317235916,0.18413862681553214,-1.1360023847501253,0.10372923100811154,0.09633104132488102,22.289990282485622,home_favorite,21+,wk10+
2024,11,Texas,Florida,SEC,SEC,False,1,0.684863009031906,0.9428591346675568,32.0,8.200107969105922,0.7820841510400872,0.6908502218397348,1.050363778291889,0.4084801613236756,1.3515452062762805,0.9693477586674184,-0.03704615393146833,1.1300271986321462,0.315136990968094,23.79989203089408,home_favorite,7-14,wk10+
2024,11,Georgia Tech,Miami,ACC,ACC,False,1,0.29416893566297847,0.18814000166621347,5.0,-9.610024977097472,0.5377787989922762,1.0032521149524218,-0.06367204982660732,0.9966866538579895,0.522518652199219,1.6245189094055847,1.702211021289794,-0.0007170223341575866,0.7058310643370216,14.610024977097472,away_favorite,7-14,wk10+
2024,11,Rutgers,Minnesota,Big Ten,Big Ten,False,1,0.7384310555638409,0.3149403910066497,7.0,10.87329909676624,0.3750513080587442,-0.07208842300681916,-0.002278977062819064,-0.43063747408919906,0.1707608368070326,-0.15117852762579836,-0.1869038217703762,0.3444097278402969,0.2615689444361591,-3.8732990967662406,home_favorite,7-14,wk10+
2024,11,Cincinnati,West Virginia,Big 12,Big 12,False,0,0.22469769506711137,0.5742802036545245,-7.0,-12.64958963962151,0.045807612635807876,0.8552394781268736,-0.05162433583810177,0.4668665262941879,0.03161097078644558,1.1789365758221604,-0.7545465029783601,1.8566098305783658,-0.22469769506711137,5.64958963962151,away_favorite,7-14,wk10+
2024,11,Boston College,Syracuse,ACC,ACC,False,1,0.6430997398716234,0.6427130688326204,6.0,5.68932553799258,0.593630247563864,0.12344217342336274,-0.20601189172485246,0.2884738065713728,0.2964399857423634,0.36605205737926555,1.852068689128702,-0.7227585128307129,0.3569002601283766,0.31067446200742044,home_favorite,3-7,wk10+
2024,11,South Florida,Navy,American Athletic,American Athletic,False,0,0.817841355132422,0.4145013213281905,-21.0,15.155762779208086,-0.17534938644549705,-1.0147088560953377,-0.06207965588910159,-0.45810709424795143,-0.010441757883732208,-1.4655784883704248,1.7476224357864327,0.4579382640818933,-0.817841355132422,-36.15576277920809,home_favorite,14-21,wk10+
2024,11,UL Monroe,Texas State,Sun Belt,Sun Belt,False,0,0.1545083443637405,0.16238454162860258,-21.0,-17.550965312471757,-0.8630381080844797,0.3737257654398134,-0.5725318069955634,0.16926812962405424,-1.4409988290695188,0.3253544955298222,-1.3993885888306297,-0.3776317626562587,-0.1545083443637405,-3.4490346875282434,away_favorite,14-21,wk10+
2024,11,Middle Tennessee,Liberty,Conference USA,Conference USA,False,0,0.29097626059629145,0.12190992605740426,-20.0,-9.348068077951567,-0.5006190242490017,0.5847544597988175,-0.3449418327564924,-0.22524832179386817,-0.8408939279238054,0.18694092935842374,0.36711543508861627,1.1981443203771045,-0.29097626059629145,-10.651931922048433,away_favorite,7-14,wk10+
2024,11,UAB,UConn,American Athletic,FBS Independents,False,0,0.6501345438547891,0.2789217568024399,-8.0,6.121545239643517,-0.08055273317407233,-0.4783516906942704,-0.478356607356137,-0.25321731927486907,-0.3243550842560769,-0.5714522706076628,0.7985238728066839,-0.831745907622646,-0.6501345438547891,-14.121545239643517,home_favorite,3-7,wk10+
2024,11,Southern Miss,Marshall,Sun Belt,Sun Belt,False,0,0.37899421517245546,0.18814000166621347,-34.0,-5.428225976654236,-0.6227562238254986,-0.4327877071279027,-0.5123636714859274,0.053851915211350326,-0.676396894704634,-0.5517330645195149,-1.1405435261997892,-0.931651019515251,-0.37899421517245546,-28.571774023345764,away_favorite,3-7,wk10+
2024,11,NC State,Duke,ACC,ACC,False,0,0.6554083735297099,0.49568276024494023,-10.0,6.721995878954006,0.29142787310553214,0.059918952643153944,0.3713195047471658,0.06957051548647974,0.3871969085601077,-0.2385255018488518,-0.609229976589116,0.09918808955844767,-0.6554083735297099,-16.721995878954004,home_favorite,3-7,wk10+
2024,11,Indiana,Michigan,Big Ten,Big Ten,False,1,0.4941103015686569,0.7175917231915314,5.0,-0.5410577234156051,0.6880336710405608,0.7055668582151313,0.3941065430926814,0.8056056447460994,1.4744762471300321,0.44541739919204715,-0.1914449632200401,-0.9725212925622259,0.5058896984313431,5.541057723415605,away_favorite,0-3,wk10+
2024,11,Virginia Tech,Clemson,ACC,ACC,False,0,0.3407258546886762,0.37599824138233284,-10.0,-7.247734454100762,0.22299746219104594,0.5607070120970075,0.313166507994596,0.9882718831349326,0.47715817047495124,1.0628672533142367,1.6522584653434913,1.3616254125650038,-0.3407258546886762,-2.752265545899238,away_favorite,7-14,wk10+
2024,11,James Madison,Georgia State,Sun Belt,Sun Belt,False,1,0.5977326223765903,0.9593125811096264,31.0,4.141833114654531,-0.6633122327300709,-0.3788463205857343,0.23646416848557567,-0.4408524981423841,-1.1286427372784467,-0.8643595813129547,-1.9851958358372692,-0.7272996542803768,0.4022673776234097,26.85816688534547,home_favorite,3-7,wk10+
2024,11,Oregon State,San José State,Pac-12,Mountain West,False,0,0.7627807790739263,0.550199353253537,-11.0,12.18847791395401,-0.1188606210002007,-0.5886251357645516,-0.12217123575567992,-0.7450360489313024,-0.745004377974634,-1.279267948043809,-1.8353381679983614,-1.0633441215555033,-0.7627807790739263,-23.18847791395401,home_favorite,7-14,wk10+
2024,11,North Texas,Army,American Athletic,American Athletic,False,0,0.6369941620040562,0.3249597989597013,-11.0,6.202630359312961,-0.16427432426453253,-0.8234693117968547,-0.7839426688581748,-0.735711696883997,-0.5198286140710898,-1.6048292196959895,-1.2676954867903774,1.034663228189205,-0.6369941620040562,-17.202630359312963,home_favorite,3-7,wk10+
2024,11,Kansas,Iowa State,Big 12,Big 12,True,1,0.5566116110237143,0.32622381211167784,9.0,2.9130315900004464,0.7484758006792365,0.10552364601781568,0.11088833097429188,0.34705924744054945,0.7535181351347131,0.47642158192697304,0.757653599759709,1.9383503766723156,0.44338838897628574,6.086968409999553,home_favorite,0-3,wk10+
2024,11,Ole Miss,Georgia,SEC,SEC,False,1,0.4499335514414723,0.4540780772195163,18.0,-2.35839981791027,1.1037182203408216,1.6430797216723505,0.7141886028314836,0.8988597188965645,1.9076539171671296,2.060023300220048,1.5523533534508862,0.5896313661221456,0.5500664485585277,20.35839981791027,away_favorite,0-3,wk10+
2024,11,Tulane,Temple,American Athletic,American Athletic,False,1,0.8504385507830308,0.9854245035095257,46.0,17.655625403482,-0.1947701433025493,-0.895493179739581,0.12498308737643017,-0.76762786830484,-0.06103337801661726,-1.363592535187982,-0.7727110687770156,-1.0815086873541588,0.14956144921696923,28.344374596518,home_favorite,14-21,wk10+
2024,11,Texas Tech,Colorado,Big 12,Big 12,False,0,0.5795167110184276,0.5473485180458647,-14.0,3.3392468564523305,0.46917545090947965,0.4980576673601974,0.3312379812157443,0.20039125541009425,0.5516567180056666,1.3143750774978,0.41252684958525454,0.866640994551642,-0.5795167110184276,-17.33924685645233,home_favorite,3-7,wk10+
2024,11,Vanderbilt,South Carolina,SEC,SEC,False,0,0.2908875069759399,0.16316903399710528,-21.0,-9.533234237117027,-0.12915234057708824,0.5391737586011777,-0.07469568524583706,0.5046170788892397,0.4225405750750839,1.3493649444355935,-1.413012013179621,-1.285860052589033,-0.2908875069759399,-11.466765762882973,away_favorite,7-14,wk10+
2024,11,Louisiana Tech,Jacksonville State,Conference USA,Conference USA,False,0,0.3272482178418978,0.14445792510730254,-7.0,-7.708011652754687,-0.5932559645739184,-0.3086835004555582,-0.6402018548200492,0.047140772557283606,-0.9477356041842548,-0.6900547496219359,-0.967980151112562,-0.3413026310589477,-0.3272482178418978,0.7080116527546867,away_favorite,7-14,wk10+
2024,11,Louisiana,Arkansas State,Sun Belt,Sun Belt,False,1,0.4959679922920444,0.871792578033144,36.0,-0.038897154175618454,0.051487432197694805,-0.057332136600882766,-0.20268768518740918,-0.011986414457855518,0.06396964711089734,0.26185209666631626,0.008365260565170164,1.7476224357864327,0.5040320077079556,36.038897154175615,away_favorite,0-3,wk10+
2024,11,New Mexico State,Western Kentucky,Conference USA,Conference USA,False,0,0.42977032101204543,0.12885220159544447,-13.0,-2.9703074975005355,-0.6423943110405166,-0.20298743544222292,-0.5419851169677338,-0.5172447439147035,-1.3060394160590574,-0.6024317824477987,-1.531081690870882,-0.42304317715289746,-0.42977032101204543,-10.029692502499465,away_favorite,0-3,wk10+
2024,11,TCU,Oklahoma State,Big 12,Big 12,False,1,0.5418581822692995,0.7199190059471519,25.0,1.9150792730110697,0.6891711551729265,0.5982342907105223,0.07001125214639764,0.1682877302184203,0.7714303518066584,0.715786121529987,0.31716287914231367,1.5750590606992054,0.4581418177307005,23.08492072698893,home_favorite,0-3,wk10+
2024,11,Oregon,Maryland,Big Ten,Big Ten,False,1,0.9416213638136774,0.9736427772744867,21.0,27.57657007049718,1.8481905735826398,0.17415232623740778,0.8955401906557519,0.027441881905464673,1.9959101505146322,0.004852593001966651,-0.5365717133944944,-0.47299573309920007,0.05837863618632255,-6.57657007049718,home_favorite,21+,wk10+
2024,11,Tennessee,Mississippi State,SEC,SEC,False,1,0.8454649165843893,0.9769654773084295,19.0,17.244640531965064,0.5669345542568669,-0.3579197611369752,0.5253781985462637,-0.04595746527958611,0.43926865763471673,-0.37193624651821966,-0.6501002496360909,-1.285860052589033,0.15453508341561073,1.7553594680349356,home_favorite,14-21,wk10+
2024,11,Arizona State,UCF,Big 12,Big 12,False,1,0.38904037691816906,0.5043172397550598,4.0,-5.0968044324014254,-0.1725464916380705,0.5069214833823795,-0.07532098966285952,0.17871134801586178,-0.17785420053791007,0.8424460039901764,0.6395839220684483,-0.3367614896092838,0.6109596230818309,9.096804432401425,away_favorite,3-7,wk10+
2024,11,Notre Dame,Florida State,FBS Independents,ACC,False,1,0.7461139426257666,0.9811957652105315,49.0,10.958141535297122,1.0714168257883963,0.45076413885518146,1.1706877179545843,0.9388998174791834,1.485787112803546,0.9316652895064667,-0.45937230875020846,-1.1950372235957558,0.2538860573742334,38.04185846470288,home_favorite,7-14,wk10+
2024,11,LSU,Alabama,SEC,SEC,False,0,0.48991430761175114,0.31122643133128686,-29.0,-0.14273993482138314,1.5485893844188192,0.9997273593571036,0.08338351539949124,0.8412850886829762,1.119150681247804,1.582976222909049,-1.2313663551930665,0.580549083222818,-0.48991430761175114,-28.857260065178618,away_favorite,0-3,wk10+
2024,11,Missouri,Oklahoma,SEC,SEC,False,1,0.6576865640731531,0.5714631174083814,7.0,6.34719815416593,0.7572554268040366,0.7317225909784375,0.9114851069582477,0.7731910543682914,1.0656137678523592,0.8912720206580607,1.8202806989810547,-0.3640083383072671,0.34231343592684693,0.6528018458340696,home_favorite,3-7,wk10+
2024,11,Boise State,Nevada,Mountain West,Mountain West,False,1,0.9128594263538108,0.9768355779567848,7.0,23.496099677267704,0.20990107290294924,-1.3832234499152747,0.011105649144847657,-0.6430385739956987,0.22071869590480447,-1.1242887057702242,0.11735265535710317,0.08556466520945603,0.08714057364618921,-16.496099677267704,home_favorite,21+,wk10+
2024,11,Penn State,Washington,Big Ten,Big Ten,False,1,0.9427747529149785,0.8383969073869433,29.0,27.21684740062914,1.177659695929489,0.4742173410091143,1.2990183403150155,-0.16621759586410975,1.591173558664246,0.1385420267186566,1.1936031789274406,-2.0396895332332354,0.057225247085021524,1.7831525993708617,home_favorite,21+,wk10+
2024,11,Pittsburgh,Virginia,ACC,ACC,False,0,0.6071525233969206,0.8056276940436502,-5.0,4.428669852269039,-0.29989798620843905,-0.16067688492180365,0.20576315467012457,-0.20590803231420646,-0.3220724010762185,-0.0646451837006381,0.39436228378659954,0.6532073464174399,-0.6071525233969206,-9.428669852269039,home_favorite,3-7,wk10+
2024,11,Hawai'i,UNLV,Mountain West,Mountain West,False,0,0.5771283456499706,0.11412305741415048,-2.0,2.7655613103622527,-0.5247624976658892,-0.17211151306595868,-0.2632983269006847,-0.3991301449356891,-0.2578676184601607,-0.5573541161256889,1.9156446694239961,-0.1869038217703762,-0.5771283456499706,-4.765561310362253,home_favorite,0-3,wk10+
2024,11,Air Force,Fresno State,Mountain West,Mountain West,False,1,0.2851789350868336,0.2530870785710568,8.0,-9.578900198948505,-0.7617353086206576,-0.1708786977510432,-0.745408053347792,-0.24582955962441777,-1.9204466555739974,-0.2634495222243654,-0.6183122594884438,0.9483815406455918,0.7148210649131663,17.578900198948503,away_favorite,7-14,wk10+
2024,11,Utah,BYU,Big 12,Big 12,False,0,0.6806545671720428,0.4355995097595788,-1.0,7.918305065676055,-0.3404828804506783,-0.5171792199664021,0.21720073409987467,-0.36692165402036375,-0.1580960897908768,-0.5490658175662225,-0.7045939470320575,0.40798570813559065,-0.6806545671720428,-8.918305065676055,home_favorite,7-14,wk10+
2024,11,Washington State,Utah State,Pac-12,Mountain West,False,1,0.6318014469203819,0.941605874447001,21.0,5.674951763199794,-0.21367982818036663,-0.3757415012231984,-0.18146690852008449,-0.4463746054193376,-0.3930411104449563,-0.563986216324726,-0.8726161806696209,-0.03704615393146833,0.36819855307961813,15.325048236800207,home_favorite,3-7,wk10+
2024,12,Buffalo,Ball State,Mid-American,Mid-American,False,1,0.5315783147700291,0.7233878694391705,3.0,1.4242054997057565,-0.6899703834029445,-0.6893763031187243,-0.3424245837443973,-0.49825187553794575,-1.0659666955181284,-1.0663415674095078,-1.5129171250722264,0.37619771798794405,0.46842168522997085,1.5757945002942435,home_favorite,0-3,wk10+
2024,12,Toledo,Central Michigan,Mid-American,Mid-American,False,1,0.8471172308152771,0.9114417700030158,27.0,17.56889243019573,0.16018875286556833,-0.4301235857920978,0.15740371867424674,-0.8292616799462602,0.11003644142600438,-0.9916554965700757,-0.06883414407911546,0.19909320145105291,0.15288276918472288,9.431107569804269,home_favorite,14-21,wk10+
2024,12,Bowling Green,Western Michigan,Mid-American,Mid-American,False,1,0.5527899909556582,0.8010809398289457,18.0,2.1906180986212824,-0.45736684583855947,-0.15165842385647368,-0.2478153119358207,-0.5727773512160497,-0.6823445854901828,-0.4813831214121962,0.8439352873033227,1.4524482415582813,0.4472100090443418,15.809381901378718,home_favorite,0-3,wk10+
2024,12,Northern Illinois,Akron,Mid-American,Mid-American,False,1,0.7202902362512746,0.9431684791599028,13.0,9.503171647137437,-0.49430446481950296,-1.0020185835321471,-0.5448445711658041,-0.6263015644846457,-0.7998559430688249,-1.076684707571339,0.5533022345248346,-0.9271098780655871,0.27970976374872536,3.496828352862563,home_favorite,7-14,wk10+
2024,12,Miami (OH),Kent State,Mid-American,Mid-American,False,1,0.9142911816117579,0.9890299291108944,27.0,23.74387179655981,-0.2680705606589783,-1.3183793280584086,0.11310157161454368,-1.1700991857546152,0.008973146806706828,-1.3909788117260127,0.5714668003234902,1.061910076887188,0.08570881838824207,3.2561282034401913,home_favorite,21+,wk10+
2024,12,Ohio,Eastern Michigan,Mid-American,Mid-American,False,1,0.7611658914597464,0.8590630023766738,25.0,11.907614020296622,-0.5031116552413977,-0.9799171232733467,0.14912718036782224,-0.5009727721922274,-0.9118315037896593,-0.9224229666287989,-1.562869681018529,-1.217742930844075,0.23883410854025355,13.092385979703378,home_favorite,7-14,wk10+
2024,12,Tulsa,East Carolina,American Athletic,American Athletic,False,0,0.6414961262745985,0.09429462645676252,-7.0,5.605900282645907,-0.3101890024843901,-0.9242106720606654,-0.3807595828095247,0.03303039781648437,-0.3649850763601723,-0.8772064429417238,1.066451218336852,-0.6637236739850826,-0.6414961262745985,-12.605900282645907,home_favorite,3-7,wk10+
2024,12,UTSA,North Texas,American Athletic,American Athletic,False,1,0.7978603356696641,0.525880930891169,21.0,14.07094414774485,-0.024067291852766612,-0.16427432426453253,0.1828638681957904,-0.7839426688581748,-0.1306856904841598,-0.5198286140710898,-0.6682648154347465,-1.2676954867903774,0.20213966433033592,6.92905585225515,home_favorite,14-21,wk10+
2024,12,Colorado State,Wyoming,Mountain West,Mountain West,False,1,0.4859824088485066,0.672509643334985,14.0,-1.0876237755241478,-0.7075364691571274,-0.22551594060762864,-0.37631765316253374,-0.3017411846109438,-0.8666528045523121,-0.44169420046747154,0.7304067510617258,-0.9861447169112174,0.5140175911514935,15.087623775524147,away_favorite,0-3,wk10+
2024,12,Washington,UCLA,Big Ten,Big Ten,False,1,0.4582499978805511,0.7926963841757685,12.0,-1.5222153044954152,0.4742173410091143,-0.20344682461292024,-0.16621759586410975,0.6044901596393112,0.1385420267186566,0.05260921213947928,-2.0396895332332354,0.648666204967776,0.5417500021194489,13.522215304495415,away_favorite,0-3,wk10+
2024,12,Arizona,Houston,Big 12,Big 12,False,1,0.7352224398597952,0.6172250309049463,24.0,10.621345709180527,0.5883548895662951,0.23979093902833853,0.33249495424246256,-0.1263429349340014,0.7693739122179926,0.5974293554408686,0.6441250635181122,0.7349478925113897,0.2647775601402048,13.378654290819473,home_favorite,7-14,wk10+
2024,12,Massachusetts,Liberty,FBS Independents,Conference USA,False,0,0.20943389542025528,0.0506884227090081,-1.0,-13.633011254650263,-0.49565387812129846,0.5847544597988175,-0.7179968044772607,-0.22524832179386817,-0.824771900962719,0.18694092935842374,-0.6137711180387799,1.1981443203771045,-0.20943389542025528,12.633011254650263,away_favorite,7-14,wk10+
2024,12,Pittsburgh,Clemson,ACC,ACC,False,0,0.19256078061555792,0.19800335588556686,-4.0,-15.0065247431436,-0.29989798620843905,0.5607070120970075,0.20576315467012457,0.9882718831349326,-0.3220724010762185,1.0628672533142367,0.39436228378659954,1.3616254125650038,-0.19256078061555792,11.0065247431436,away_favorite,14-21,wk10+
2024,12,Arkansas,Texas,SEC,SEC,False,0,0.2685403614406393,0.0518079388895503,-10.0,-10.788445336381733,0.12133104519857646,0.7820841510400872,0.32406018982922663,1.050363778291889,0.547290825507733,1.3515452062762805,0.2399634744980278,-0.03704615393146833,-0.2685403614406393,0.7884453363817325,away_favorite,7-14,wk10+
2024,12,Northwestern,Ohio State,Big Ten,Big Ten,True,0,0.06726113557544285,0.028347259532676354,-24.0,-26.175317521540975,-0.332034998103514,1.2063423002491749,-0.18564063113058688,1.124832008684659,-0.08362040626967432,1.9847205317235916,-0.25047980206567044,-1.1360023847501253,-0.06726113557544285,2.1753175215409755,away_favorite,21+,wk10+
2024,12,Colorado,Utah,Big 12,Big 12,False,1,0.7644554474378447,0.6661394245831221,25.0,11.874613891641637,0.4980576673601974,-0.3404828804506783,0.20039125541009425,0.21720073409987467,1.3143750774978,-0.1580960897908768,0.866640994551642,-0.7045939470320575,0.23554455256215534,13.125386108358363,home_favorite,7-14,wk10+
2024,12,Western Kentucky,Louisiana Tech,Conference USA,Conference USA,False,0,0.6921891556999015,0.8288176477542757,-5.0,8.310777801062297,-0.20298743544222292,-0.5932559645739184,-0.5172447439147035,-0.6402018548200492,-0.6024317824477987,-0.9477356041842548,-0.42304317715289746,-0.967980151112562,-0.6921891556999015,-13.310777801062297,home_favorite,7-14,wk10+
2024,12,Navy,Tulane,American Athletic,American Athletic,False,0,0.2835048060766262,0.2423608251377483,-35.0,-10.2151904694739,-1.0147088560953377,-0.1947701433025493,-0.45810709424795143,0.12498308737643017,-1.4655784883704248,-0.06103337801661726,0.4579382640818933,-0.7727110687770156,-0.2835048060766262,-24.7848095305261,away_favorite,7-14,wk10+
2024,12,Auburn,UL Monroe,SEC,Sun Belt,False,1,0.9598337769730236,0.9066840316615196,34.0,30.494229446395803,0.5740069444214645,-0.8630381080844797,0.6716477195407801,-0.5725318069955634,1.0218050365699827,-1.4409988290695188,1.0800746426858436,-1.3993885888306297,0.040166223026976366,3.505770553604197,home_favorite,21+,wk10+
2024,12,Marshall,Coastal Carolina,Sun Belt,Sun Belt,False,1,0.5908561718196432,0.6838163141936586,12.0,3.6753880220267776,-0.4327877071279027,-0.21907299655811907,0.053851915211350326,-0.3160789166491237,-0.5517330645195149,-0.5451868974829734,-0.931651019515251,-0.9361921609649149,0.4091438281803568,8.324611977973223,home_favorite,3-7,wk10+
2024,12,Temple,Florida Atlantic,American Athletic,American Athletic,False,1,0.3822768960391473,0.4712494361077314,3.0,-5.414648356958313,-0.895493179739581,-0.28928161232478894,-0.76762786830484,-0.429454327265791,-1.363592535187982,-0.4392179712359451,-1.0815086873541588,-2.0306072503339077,0.6177231039608527,8.414648356958313,away_favorite,3-7,wk10+
2024,12,Jacksonville State,Florida International,Conference USA,Conference USA,False,1,0.7854269651906516,0.9141902593095826,3.0,13.427565647144169,-0.3086835004555582,-1.0526375008649564,0.047140772557283606,-0.5384268214218134,-0.6900547496219359,-1.110937219543573,-0.3413026310589477,0.5669256588738263,0.21457303480934842,-10.427565647144169,home_favorite,7-14,wk10+
2024,12,Illinois,Michigan State,Big Ten,Big Ten,False,1,0.49187598034254315,0.7791406208194696,22.0,-0.632457295826232,-0.06815209485515818,-0.04046875076814646,-0.2607085741048837,0.12193965680616908,0.003999445606856347,0.3701422842124211,-0.12332784147508195,-0.7863344931260072,0.5081240196574568,22.63245729582623,away_favorite,0-3,wk10+
2024,12,California,Syracuse,ACC,ACC,False,0,0.6075876041701436,0.8685409999758518,-8.0,4.239872163705179,0.296650788922859,0.12344217342336274,0.1498454060877932,0.2884738065713728,0.6859458472866004,0.36605205737926555,0.544219951625507,-0.7227585128307129,-0.6075876041701436,-12.23987216370518,home_favorite,3-7,wk10+
2024,12,Utah State,Hawai'i,Mountain West,Mountain West,False,1,0.4932666729855387,0.4569335079777882,45.0,-0.1576545681404946,-0.3757415012231984,-0.5247624976658892,-0.4463746054193376,-0.2632983269006847,-0.563986216324726,-0.2578676184601607,-0.03704615393146833,1.9156446694239961,0.5067333270144613,45.157654568140494,away_favorite,0-3,wk10+
2024,12,SMU,Boston College,ACC,ACC,False,1,0.8132057498728736,0.9287326342558504,10.0,15.143180295809982,0.7671653188368184,0.593630247563864,0.8622571235940013,-0.20601189172485246,1.31311355754822,0.2964399857423634,2.0427966300145846,1.852068689128702,0.18679425012712636,-5.143180295809982,home_favorite,14-21,wk10+
2024,12,Stanford,Louisville,ACC,ACC,False,1,0.11580865451577091,0.05266287413392589,3.0,-21.44370108286273,-0.5754018512247736,0.8008970412490346,-0.5686652404440202,0.9282870193164992,-0.30161430015595647,1.0944045218673226,1.6976698798401302,-1.45842342767626,0.8841913454842291,24.44370108286273,away_favorite,21+,wk10+
2024,12,Air Force,Oregon State,Mountain West,Pac-12,False,1,0.32270088001804953,0.4075337694156682,28.0,-8.200965784757623,-0.7617353086206576,-0.1188606210002007,-0.745408053347792,-0.12217123575567992,-1.9204466555739974,-0.745004377974634,-0.6183122594884438,-1.8353381679983614,0.6772991199819505,36.20096578475762,away_favorite,7-14,wk10+
2024,12,Notre Dame,Virginia,FBS Independents,ACC,False,1,0.931273083346447,0.9910137257293588,21.0,26.069025551057056,1.0714168257883963,-0.16067688492180365,1.1706877179545843,-0.20590803231420646,1.485787112803546,-0.0646451837006381,-0.45937230875020846,0.6532073464174399,0.06872691665355302,-5.069025551057056,home_favorite,21+,wk10+
2024,12,Charlotte,South Florida,American Athletic,American Athletic,False,0,0.3777037088385445,0.37061145278249774,-35.0,-5.334560169790299,-0.6474052912586985,-0.17534938644549705,-0.2420413712412043,-0.06207965588910159,-0.5834852477676895,-0.010441757883732208,0.6759130536657593,1.7476224357864327,-0.3777037088385445,-29.6654398302097,away_favorite,3-7,wk10+
2024,12,Purdue,Penn State,Big Ten,Big Ten,False,0,0.10377128631904717,0.016510855279369158,-39.0,-21.93500027775815,-0.03547156310347992,1.177659695929489,0.09603648733447401,1.2990183403150155,0.18413862681553214,1.591173558664246,0.10372923100811154,1.1936031789274406,-0.10377128631904717,-17.06499972224185,away_favorite,21+,wk10+
2024,12,Florida,LSU,SEC,SEC,False,1,0.5456769804546867,0.3124617517876582,11.0,1.5436558389278763,0.6908502218397348,1.5485893844188192,0.4084801613236756,0.08338351539949124,0.9693477586674184,1.119150681247804,1.1300271986321462,-1.2313663551930665,0.4543230195453133,9.456344161072124,home_favorite,0-3,wk10+
2024,12,Georgia Southern,Troy,Sun Belt,Sun Belt,False,0,0.6137765764818006,0.5100724469274385,-8.0,4.5573553269198115,-0.08331268064815031,-0.5621669578027381,-0.21757247537818755,0.08475198876917195,-0.17403023329921866,-1.1783300768077756,-0.2731855093139898,-0.9861447169112174,-0.6137765764818006,-12.557355326919811,home_favorite,3-7,wk10+
2024,12,West Virginia,Baylor,Big 12,Big 12,False,0,0.864615682312977,0.5952430396515719,-14.0,18.680766802337896,0.8552394781268736,-0.07266435305440802,0.4668665262941879,-0.09071599564921541,1.1789365758221604,0.19994196079347726,1.8566098305783658,0.35349201073962466,-0.864615682312977,-32.6807668023379,home_favorite,14-21,wk10+
2024,12,Old Dominion,James Madison,Sun Belt,Sun Belt,False,0,0.44638332453120294,0.18551641249528777,-3.0,-3.005668236048747,-0.843477979774163,-0.6633122327300709,-0.31630282770678275,0.23646416848557567,-1.0084638391364487,-1.1286427372784467,0.39890342523626343,-1.9851958358372692,-0.44638332453120294,0.005668236048747222,away_favorite,3-7,wk10+
2024,12,USC,Nebraska,Big Ten,Big Ten,False,1,0.684686966319801,0.8985940288909822,8.0,8.289977422705364,0.6744337195453941,-0.4957629953706532,-0.03809162246186454,0.3034008749056111,0.70281705761773,0.14613239100645203,-1.1405435261997892,0.684995336565087,0.31531303368019903,-0.2899774227053644,home_favorite,7-14,wk10+
2024,12,South Carolina,Missouri,SEC,SEC,False,1,0.3329288579675461,0.7711142606875975,4.0,-7.015534726298711,0.5391737586011777,0.7572554268040366,0.5046170788892397,0.9114851069582477,1.3493649444355935,1.0656137678523592,-1.285860052589033,1.8202806989810547,0.6670711420324539,11.01553472629871,away_favorite,7-14,wk10+
2024,12,Georgia State,Arkansas State,Sun Belt,Sun Belt,False,0,0.32689748224524495,0.6400649998028851,-7.0,-7.390217891595595,-0.3788463205857343,-0.057332136600882766,-0.4408524981423841,-0.011986414457855518,-0.8643595813129547,0.26185209666631626,-0.7272996542803768,1.7476224357864327,-0.32689748224524495,0.3902178915955954,away_favorite,7-14,wk10+
2024,12,Maryland,Rutgers,Big Ten,Big Ten,False,0,0.5254134881324235,0.6686949563073317,-14.0,0.9996022779112423,0.17415232623740778,0.3750513080587442,0.027441881905464673,-0.002278977062819064,0.004852593001966651,0.1707608368070326,-0.47299573309920007,-0.1869038217703762,-0.5254134881324235,-14.999602277911242,home_favorite,0-3,wk10+
2024,12,San José State,Boise State,Mountain West,Mountain West,False,0,0.2173399670950409,0.287097842594546,-21.0,-13.320220699627606,-0.5886251357645516,0.20990107290294924,-0.7450360489313024,0.011105649144847657,-1.279267948043809,0.22071869590480447,-1.0633441215555033,0.11735265535710317,-0.2173399670950409,-7.6797793003723935,away_favorite,7-14,wk10+
2024,12,Louisiana,South Alabama,Sun Belt,Sun Belt,False,0,0.45486371685466676,0.596629173305774,-2.0,-2.1583292189999868,0.051487432197694805,0.17139828026240692,-0.20268768518740918,0.2383339176276842,0.06396964711089734,-0.1911509953945143,0.008365260565170164,-0.45483116730054457,-0.45486371685466676,0.15832921899998675,away_favorite,0-3,wk10+
2024,12,Kansas State,Arizona State,Big 12,Big 12,False,0,0.8024001379746013,0.8238615285055724,-10.0,14.588124575907026,0.6878728315475257,-0.1725464916380705,0.4405724211706453,-0.07532098966285952,0.304069815899341,-0.17785420053791007,-0.3957963284549142,0.6395839220684483,-0.8024001379746013,-24.588124575907024,home_favorite,14-21,wk10+
2024,12,Texas State,Southern Miss,Sun Belt,Sun Belt,False,1,0.8724546886799578,0.9737901005271177,55.0,19.425817575227516,0.3737257654398134,-0.6227562238254986,0.16926812962405424,-0.5123636714859274,0.3253544955298222,-0.676396894704634,-0.3776317626562587,-1.1405435261997892,0.1275453113200422,35.57418242477249,home_favorite,14-21,wk10+
2024,12,Wisconsin,Oregon,Big Ten,Big Ten,False,0,0.1536923520680431,0.12314773491920303,-3.0,-17.754669988782023,0.3778516711637109,1.8481905735826398,0.04280801212241299,0.8955401906557519,0.40970152526275616,1.9959101505146322,0.16276406985374192,-0.5365717133944944,-0.1536923520680431,14.754669988782023,away_favorite,14-21,wk10+
2024,12,Georgia,Tennessee,SEC,SEC,False,1,0.8598235015160056,0.6936879164219654,14.0,18.363488270262565,1.6430797216723505,0.5669345542568669,0.8988597188965645,0.5253781985462637,2.060023300220048,0.43926865763471673,0.5896313661221456,-0.6501002496360909,0.14017649848399438,-4.363488270262565,home_favorite,14-21,wk10+
2024,12,Texas A&M,New Mexico State,SEC,Conference USA,False,1,0.9504588918123482,0.9815117626201699,35.0,28.646830708754617,0.4533132085610834,-0.6423943110405166,0.9243688559873142,-0.5419851169677338,1.0925437273790324,-1.3060394160590574,0.44885598118256553,-1.531081690870882,0.04954110818765178,6.353169291245383,home_favorite,21+,wk10+
2024,12,Memphis,UAB,American Athletic,American Athletic,False,1,0.8365193612924922,0.9252264436735518,35.0,16.690699666013376,0.6489962790607708,-0.08055273317407233,0.12030352177016063,-0.478356607356137,0.7298069061337288,-0.3243550842560769,1.470612807356937,0.7985238728066839,0.16348063870750784,18.309300333986624,home_favorite,14-21,wk10+
2024,12,Iowa State,Cincinnati,Big 12,Big 12,False,1,0.7286782274020862,0.8246953134461684,17.0,9.764905111709659,0.10552364601781568,0.045807612635807876,0.34705924744054945,-0.05162433583810177,0.47642158192697304,0.03161097078644558,1.9383503766723156,-0.7545465029783601,0.2713217725979138,7.235094888290341,home_favorite,7-14,wk10+
2024,12,North Carolina,Wake Forest,ACC,ACC,False,1,0.7820199790468886,0.8658895824550439,7.0,13.102157332913423,0.7123987045064115,-0.1481233936568683,0.21375180823570827,0.05441825902063295,0.7702141018313953,0.43284019242899807,-0.10516327567642646,-0.6682648154347465,0.21798002095311142,-6.102157332913423,home_favorite,7-14,wk10+
2024,12,New Mexico,Washington State,Mountain West,Pac-12,False,1,0.40365540096072766,0.16794015946966684,3.0,-4.321676659803597,-0.3679062548538256,-0.21367982818036663,-0.8168830687408246,-0.18146690852008449,-1.106728095962684,-0.3930411104449563,-0.5683597035421415,-0.8726161806696209,0.5963445990392724,7.321676659803597,away_favorite,3-7,wk10+
2024,12,BYU,Kansas,Big 12,Big 12,False,0,0.20676224619307648,0.6062878237854281,-4.0,-14.078684995943139,-0.5171792199664021,0.7484758006792365,-0.36692165402036375,0.11088833097429188,-0.5490658175662225,0.7535181351347131,0.40798570813559065,0.757653599759709,-0.20676224619307648,10.078684995943139,away_favorite,14-21,wk10+
2024,12,UNLV,San Diego State,Mountain West,Mountain West,False,1,0.7209873047963216,0.9168612275957299,21.0,9.806184399244406,-0.17211151306595868,-0.554330537700705,-0.3991301449356891,-0.7210320788976813,-0.5573541161256889,-0.8831614797475267,-0.1869038217703762,-0.4185020357032336,0.27901269520367844,11.193815600755594,home_favorite,7-14,wk10+
2024,13,Kent State,Akron,Mid-American,Mid-American,False,0,0.4219685310485133,0.29064536940123664,-21.0,-3.900552551813306,-1.3183793280584086,-1.0020185835321471,-1.1700991857546152,-0.6263015644846457,-1.3909788117260127,-1.076684707571339,1.061910076887188,-0.9271098780655871,-0.4219685310485133,-17.099447448186694,away_favorite,3-7,wk10+
2024,13,Central Michigan,Western Michigan,Mid-American,Mid-American,False,1,0.42025968696080207,0.3692697113837977,2.0,-3.2977018731160084,-0.4301235857920978,-0.15165842385647368,-0.8292616799462602,-0.5727773512160497,-0.9916554965700757,-0.4813831214121962,0.19909320145105291,1.4524482415582813,0.5797403130391979,5.297701873116008,away_favorite,3-7,wk10+
2024,13,Miami (OH),Northern Illinois,Mid-American,Mid-American,False,1,0.7382603132811804,0.6973450785898532,11.0,10.674202031118714,-0.2680705606589783,-0.49430446481950296,0.11310157161454368,-0.5448445711658041,0.008973146806706828,-0.7998559430688249,0.5714668003234902,0.5533022345248346,0.26173968671881964,0.325797968881286,home_favorite,7-14,wk10+
2024,13,Eastern Michigan,Buffalo,Mid-American,Mid-American,False,0,0.4573129651343492,0.6035363185261781,-17.0,-2.1267675475626384,-0.9799171232733467,-0.6899703834029445,-0.5009727721922274,-0.3424245837443973,-0.9224229666287989,-1.0659666955181284,-1.217742930844075,-1.5129171250722264,-0.4573129651343492,-14.873232452437362,away_favorite,0-3,wk10+
2024,13,Toledo,Ohio,Mid-American,Mid-American,False,0,0.7310755010982053,0.5201367220358165,-17.0,10.030910879205063,0.16018875286556833,-0.5031116552413977,0.15740371867424674,0.14912718036782224,0.11003644142600438,-0.9118315037896593,-0.06883414407911546,-1.562869681018529,-0.7310755010982053,-27.030910879205063,home_favorite,7-14,wk10+
2024,13,Georgia Tech,NC State,ACC,ACC,False,1,0.598833866839332,0.6949097127295025,1.0,3.734550710138218,0.5377787989922762,0.29142787310553214,-0.06367204982660732,0.3713195047471658,0.522518652199219,0.3871969085601077,1.702211021289794,-0.609229976589116,0.40116613316066796,-2.734550710138218,home_favorite,3-7,wk10+
2024,13,UTSA,Temple,American Athletic,American Athletic,False,1,0.8793116655934342,0.9425482089233579,24.0,20.044460461020208,-0.024067291852766612,-0.895493179739581,0.1828638681957904,-0.76762786830484,-0.1306856904841598,-1.363592535187982,-0.6682648154347465,-1.0815086873541588,0.12068833440656579,3.9555395389797923,home_favorite,14-21,wk10+
2024,13,Michigan State,Purdue,Big Ten,Big Ten,False,1,0.5359329699300939,0.8153518152833006,7.0,1.4670038500703217,-0.04046875076814646,-0.03547156310347992,0.12193965680616908,0.09603648733447401,0.3701422842124211,0.18413862681553214,-0.7863344931260072,0.10372923100811154,0.46406703006990613,5.532996149929678,home_favorite,0-3,wk10+
2024,13,San José State,UNLV,Mountain West,Mountain West,False,0,0.37475434595225166,0.34548000561753406,-11.0,-5.410087270655119,-0.5886251357645516,-0.17211151306595868,-0.7450360489313024,-0.3991301449356891,-1.279267948043809,-0.5573541161256889,-1.0633441215555033,-0.1869038217703762,-0.37475434595225166,-5.589912729344881,away_favorite,3-7,wk10+
2024,13,Syracuse,UConn,ACC,FBS Independents,False,1,0.7834712773861476,0.5952430396515719,7.0,13.195642150237996,0.12344217342336274,-0.4783516906942704,0.2884738065713728,-0.25321731927486907,0.36605205737926555,-0.5714522706076628,-0.7227585128307129,-0.831745907622646,0.21652872261385236,-6.195642150237996,home_favorite,7-14,wk10+
2024,13,Jacksonville State,Sam Houston,Conference USA,Conference USA,False,1,0.7615508554762938,0.8430219644140362,10.0,11.959262753270655,-0.3086835004555582,-0.6903050218229474,0.047140772557283606,-0.6151645327344423,-0.6900547496219359,-0.7982905916602123,-0.3413026310589477,-0.2232329533676872,0.23844914452370625,-1.9592627532706555,home_favorite,7-14,wk10+
2024,13,Ohio State,Indiana,Big Ten,Big Ten,False,1,0.7873501474469282,0.8296328234313434,23.0,13.666608467344876,1.2063423002491749,0.6880336710405608,1.124832008684659,0.3941065430926814,1.9847205317235916,1.4744762471300321,-1.1360023847501253,-0.1914449632200401,0.21264985255307178,9.333391532655124,home_favorite,7-14,wk10+
2024,13,Maryland,Iowa,Big Ten,Big Ten,False,0,0.5403895648068309,0.1812067098656847,-16.0,1.597609115918298,0.17415232623740778,-0.3694047849019738,0.027441881905464673,0.5089646450642735,0.004852593001966651,0.7397554176523926,-0.47299573309920007,0.32170402059197756,-0.5403895648068309,-17.5976091159183,home_favorite,0-3,wk10+
2024,13,Florida,Ole Miss,SEC,SEC,False,1,0.40211792331446716,0.1430408607355515,7.0,-4.2425489857719825,0.6908502218397348,1.1037182203408216,0.4084801613236756,0.7141886028314836,0.9693477586674184,1.9076539171671296,1.1300271986321462,1.5523533534508862,0.5978820766855328,11.242548985771982,away_favorite,3-7,wk10+
2024,13,Rutgers,Illinois,Big Ten,Big Ten,False,0,0.7157020829921154,0.42010023964211857,-7.0,9.600553989362824,0.3750513080587442,-0.06815209485515818,-0.002278977062819064,-0.2607085741048837,0.1707608368070326,0.003999445606856347,-0.1869038217703762,-0.12332784147508195,-0.7157020829921154,-16.600553989362822,home_favorite,7-14,wk10+
2024,13,Boston College,North Carolina,ACC,ACC,False,1,0.5243897618356365,0.3572869311673796,20.0,0.6583658300767012,0.593630247563864,0.7123987045064115,-0.20601189172485246,0.21375180823570827,0.2964399857423634,0.7702141018313953,1.852068689128702,-0.10516327567642646,0.47561023816436354,19.3416341699233,home_favorite,0-3,wk10+
2024,13,Miami,Wake Forest,ACC,ACC,False,1,0.9093802651939459,0.9629651516287524,28.0,23.033581753423654,1.0032521149524218,-0.1481233936568683,0.9966866538579895,0.05441825902063295,1.6245189094055847,0.43284019242899807,-0.0007170223341575866,-0.6682648154347465,0.09061973480605412,4.966418246576346,home_favorite,21+,wk10+
2024,13,Virginia,SMU,ACC,ACC,False,0,0.14654978445379396,0.12252748567058044,-26.0,-18.09785898535235,-0.16067688492180365,0.7671653188368184,-0.20590803231420646,0.8622571235940013,-0.0646451837006381,1.31311355754822,0.6532073464174399,2.0427966300145846,-0.14654978445379396,-7.9021410146476505,away_favorite,14-21,wk10+
2024,13,Georgia,Massachusetts,SEC,FBS Independents,False,1,0.9869452047692355,0.9979740941066234,38.0,40.43957818661346,1.6430797216723505,-0.49565387812129846,0.8988597188965645,-0.7179968044772607,2.060023300220048,-0.824771900962719,0.5896313661221456,-0.6137711180387799,0.013054795230764471,-2.43957818661346,home_favorite,21+,wk10+
2024,13,Liberty,Western Kentucky,Conference USA,Conference USA,False,1,0.8220406386690244,0.676301669492737,17.0,15.550944513932064,0.5847544597988175,-0.20298743544222292,-0.22524832179386817,-0.5172447439147035,0.18694092935842374,-0.6024317824477987,1.1981443203771045,-0.42304317715289746,0.17795936133097556,1.4490554860679357,home_favorite,14-21,wk10+
2024,13,Tennessee,UTEP,SEC,Conference USA,False,1,0.9643249737068944,0.9905404124990876,56.0,31.903256215357928,0.5669345542568669,-0.9869997009432215,0.5253781985462637,-0.9550840798444284,0.43926865763471673,-1.6690323607964186,-0.6501002496360909,-1.0815086873541588,0.035675026293105594,24.096743784642072,home_favorite,21+,wk10+
2024,13,Ball State,Bowling Green,Mid-American,Mid-American,False,0,0.4342507649692713,0.15697803558596385,-25.0,-2.9451736910823283,-0.6893763031187243,-0.45736684583855947,-0.49825187553794575,-0.2478153119358207,-1.0663415674095078,-0.6823445854901828,0.37619771798794405,0.8439352873033227,-0.4342507649692713,-22.054826308917672,away_favorite,0-3,wk10+
2024,13,UAB,Rice,American Athletic,American Athletic,False,1,0.5343482975833147,0.3719551943780582,26.0,1.2059320645236127,-0.08055273317407233,-0.020752444868237727,-0.478356607356137,-0.2500595115186565,-0.3243550842560769,-0.2985704198352858,0.7985238728066839,-0.018881588132813088,0.4656517024166853,24.794067935476388,home_favorite,0-3,wk10+
2024,13,Middle Tennessee,New Mexico State,Conference USA,Conference USA,False,0,0.684148140165338,0.655820505912395,-15.0,7.643525063943249,-0.5006190242490017,-0.6423943110405166,-0.3449418327564924,-0.5419851169677338,-0.8408939279238054,-1.3060394160590574,0.36711543508861627,-1.531081690870882,-0.684148140165338,-22.64352506394325,home_favorite,7-14,wk10+
2024,13,App State,James Madison,Sun Belt,Sun Belt,False,1,0.782064881034956,0.09932696400964386,14.0,12.517552761366243,0.22162316618535444,-0.6633122327300709,0.014616352226844556,0.23646416848557567,0.2606076669647802,-1.1286427372784467,1.8384452647797103,-1.9851958358372692,0.21793511896504403,1.4824472386337568,home_favorite,7-14,wk10+
2024,13,Southern Miss,South Alabama,Sun Belt,Sun Belt,False,0,0.22292331852117941,0.029314241270450396,-21.0,-13.120836574061457,-0.6227562238254986,0.17139828026240692,-0.5123636714859274,0.2383339176276842,-0.676396894704634,-0.1911509953945143,-1.1405435261997892,-0.45483116730054457,-0.22292331852117941,-7.879163425938543,away_favorite,7-14,wk10+
2024,13,Florida Atlantic,Charlotte,American Athletic,American Athletic,False,0,0.5150988185557989,0.6226501957872621,-12.0,0.8877326035707929,-0.28928161232478894,-0.6474052912586985,-0.429454327265791,-0.2420413712412043,-0.4392179712359451,-0.5834852477676895,-2.0306072503339077,0.6759130536657593,-0.5150988185557989,-12.887732603570793,home_favorite,0-3,wk10+
2024,13,Arkansas State,UL Monroe,Sun Belt,Sun Belt,False,1,0.8691982846101769,0.6838163141936586,7.0,18.75889225115424,-0.057332136600882766,-0.8630381080844797,-0.011986414457855518,-0.5725318069955634,0.26185209666631626,-1.4409988290695188,1.7476224357864327,-1.3993885888306297,0.1308017153898231,-11.75889225115424,home_favorite,14-21,wk10+
2024,13,TCU,Arizona,Big 12,Big 12,False,1,0.532415011921387,0.7628849803052542,21.0,1.3393659392754635,0.6891711551729265,0.5883548895662951,0.07001125214639764,0.33249495424246256,0.7714303518066584,0.7693739122179926,0.31716287914231367,0.6441250635181122,0.46758498807861304,19.660634060724536,home_favorite,0-3,wk10+
2024,13,North Texas,East Carolina,American Athletic,American Athletic,False,0,0.5263711230404355,0.6049129020079569,-12.0,1.0076833544285713,-0.16427432426453253,-0.9242106720606654,-0.7839426688581748,0.03303039781648437,-0.5198286140710898,-0.8772064429417238,-1.2676954867903774,-0.6637236739850826,-0.5263711230404355,-13.007683354428572,home_favorite,0-3,wk10+
2024,13,Texas,Kentucky,SEC,SEC,False,1,0.7225747738310778,0.9691750606956857,17.0,9.789372003644809,0.7820841510400872,0.5768380169059657,1.050363778291889,0.5284445445183497,1.3515452062762805,1.103301838503555,-0.03704615393146833,-0.5184071475958388,0.2774252261689222,7.210627996355191,home_favorite,7-14,wk10+
2024,13,Michigan,Northwestern,Big Ten,Big Ten,False,1,0.8857925605015696,0.8858769425858495,44.0,20.82079897186116,0.7055668582151313,-0.332034998103514,0.8056056447460994,-0.18564063113058688,0.44541739919204715,-0.08362040626967432,-0.9725212925622259,-0.25047980206567044,0.11420743949843037,23.17920102813884,home_favorite,14-21,wk10+
2024,13,Minnesota,Penn State,Big Ten,Big Ten,False,0,0.06500205312678392,0.12885220159544447,-1.0,-26.61976059865678,-0.07208842300681916,1.177659695929489,-0.43063747408919906,1.2990183403150155,-0.15117852762579836,1.591173558664246,0.3444097278402969,1.1936031789274406,-0.06500205312678392,25.61976059865678,away_favorite,21+,wk10+
2024,13,West Virginia,UCF,Big 12,Big 12,False,1,0.7601552741559385,0.4626526828335072,10.0,11.625811490914248,0.8552394781268736,0.5069214833823795,0.4668665262941879,0.17871134801586178,1.1789365758221604,0.8424460039901764,1.8566098305783658,-0.3367614896092838,0.23984472584406147,-1.6258114909142485,home_favorite,7-14,wk10+
2024,13,Nebraska,Wisconsin,Big Ten,Big Ten,False,1,0.43382461826235347,0.3149403910066497,19.0,-3.135708162740521,-0.4957629953706532,0.3778516711637109,0.3034008749056111,0.04280801212241299,0.14613239100645203,0.40970152526275616,0.684995336565087,0.16276406985374192,0.5661753817376465,22.13570816274052,away_favorite,3-7,wk10+
2024,13,South Florida,Tulsa,American Athletic,American Athletic,False,1,0.6778156049877045,0.9506787811338805,33.0,7.555023380906849,-0.17534938644549705,-0.3101890024843901,-0.06207965588910159,-0.3807595828095247,-0.010441757883732208,-0.3649850763601723,1.7476224357864327,1.066451218336852,0.32218439501229545,25.44497661909315,home_favorite,7-14,wk10+
2024,13,Arizona State,BYU,Big 12,Big 12,False,1,0.6986636844136506,0.5086338358210827,5.0,8.620870656447707,-0.1725464916380705,-0.5171792199664021,-0.07532098966285952,-0.36692165402036375,-0.17785420053791007,-0.5490658175662225,0.6395839220684483,0.40798570813559065,0.30133631558634943,-3.620870656447707,home_favorite,7-14,wk10+
2024,13,Oklahoma State,Texas Tech,Big 12,Big 12,False,0,0.5996335204238038,0.36392310031211805,-8.0,3.9633070757508335,0.5982342907105223,0.46917545090947965,0.1682877302184203,0.3312379812157443,0.715786121529987,0.5516567180056666,1.5750590606992054,0.41252684958525454,-0.5996335204238038,-11.963307075750834,home_favorite,3-7,wk10+
2024,13,Coastal Carolina,Georgia Southern,Sun Belt,Sun Belt,False,0,0.49474709586072985,0.5924662305843318,-20.0,-0.26858177002046135,-0.21907299655811907,-0.08331268064815031,-0.3160789166491237,-0.21757247537818755,-0.5451868974829734,-0.17403023329921866,-0.9361921609649149,-0.2731855093139898,-0.49474709586072985,-19.73141822997954,away_favorite,0-3,wk10+
2024,13,California,Stanford,ACC,ACC,False,1,0.8307041681156971,0.9487547111474991,3.0,16.48853185050011,0.296650788922859,-0.5754018512247736,0.1498454060877932,-0.5686652404440202,0.6859458472866004,-0.30161430015595647,0.544219951625507,1.6976698798401302,0.16929583188430286,-13.48853185050011,home_favorite,14-21,wk10+
2024,13,Utah State,San Diego State,Mountain West,Mountain West,False,1,0.6740838170137775,0.6440338538222926,21.0,7.45267278133678,-0.3757415012231984,-0.554330537700705,-0.4463746054193376,-0.7210320788976813,-0.563986216324726,-0.8831614797475267,-0.03704615393146833,-0.4185020357032336,0.3259161829862225,13.54732721866322,home_favorite,7-14,wk10+
2024,13,Kansas,Colorado,Big 12,Big 12,True,1,0.5434128563996246,0.48130022207044143,16.0,2.2219744100309575,0.7484758006792365,0.4980576673601974,0.11088833097429188,0.20039125541009425,0.7535181351347131,1.3143750774978,0.757653599759709,0.866640994551642,0.45658714360037544,13.778025589969042,home_favorite,0-3,wk10+
2024,13,Arkansas,Louisiana Tech,SEC,Conference USA,False,1,0.8768362743244139,0.8422586724704255,21.0,19.72035572727253,0.12133104519857646,-0.5932559645739184,0.32406018982922663,-0.6402018548200492,0.547290825507733,-0.9477356041842548,0.2399634744980278,-0.967980151112562,0.12316372567558609,1.2796442727274702,home_favorite,14-21,wk10+
2024,13,Louisville,Pittsburgh,ACC,ACC,False,1,0.8411291361769615,0.8074241816712792,28.0,17.27441386890205,0.8008970412490346,-0.29989798620843905,0.9282870193164992,0.20576315467012457,1.0944045218673226,-0.3220724010762185,-1.45842342767626,0.39436228378659954,0.1588708638230385,10.725586131097948,home_favorite,14-21,wk10+
2024,13,Mississippi State,Missouri,SEC,SEC,False,0,0.10932752893605294,0.18551641249528777,-19.0,-21.096005563743198,-0.3579197611369752,0.7572554268040366,-0.04595746527958611,0.9114851069582477,-0.37193624651821966,1.0656137678523592,-1.285860052589033,1.8202806989810547,-0.10932752893605294,2.096005563743198,away_favorite,21+,wk10+
2024,13,Louisiana,Troy,Sun Belt,Sun Belt,False,1,0.6550680821728623,0.777153105314726,21.0,6.3985781343281545,0.051487432197694805,-0.5621669578027381,-0.20268768518740918,0.08475198876917195,0.06396964711089734,-1.1783300768077756,0.008365260565170164,-0.9861447169112174,0.3449319178271377,14.601421865671846,home_favorite,3-7,wk10+
2024,13,Houston,Baylor,Big 12,Big 12,False,0,0.6403279684522052,0.2198703960068415,-10.0,5.895618426691161,0.23979093902833853,-0.07266435305440802,-0.1263429349340014,-0.09071599564921541,0.5974293554408686,0.19994196079347726,0.7349478925113897,0.35349201073962466,-0.6403279684522052,-15.895618426691161,home_favorite,3-7,wk10+
2024,13,Texas State,Georgia State,Sun Belt,Sun Belt,False,0,0.8283902240544914,0.9522732789657962,-8.0,16.104292400242286,0.3737257654398134,-0.3788463205857343,0.16926812962405424,-0.4408524981423841,0.3253544955298222,-0.8643595813129547,-0.3776317626562587,-0.7272996542803768,-0.8283902240544914,-24.104292400242286,home_favorite,14-21,wk10+
2024,13,Oregon State,Washington State,Pac-12,Pac-12,False,1,0.5679446352713154,0.2630052394593107,3.0,2.8772715806928506,-0.1188606210002007,-0.21367982818036663,-0.12217123575567992,-0.18146690852008449,-0.745004377974634,-0.3930411104449563,-1.8353381679983614,-0.8726161806696209,0.43205536472868455,0.1227284193071494,home_favorite,0-3,wk10+
2024,13,Notre Dame,Army,FBS Independents,American Athletic,True,1,0.9707133732697597,0.9317211857068733,35.0,34.406374608417636,1.0714168257883963,-0.8234693117968547,1.1706877179545843,-0.735711696883997,1.485787112803546,-1.6048292196959895,-0.45937230875020846,1.034663228189205,0.029286626730240295,0.5936253915823642,home_favorite,21+,wk10+
2024,13,Wyoming,Boise State,Mountain West,Mountain West,False,0,0.3694920850179555,0.07164931798655375,-4.0,-5.620115490623375,-0.22551594060762864,0.20990107290294924,-0.3017411846109438,0.011105649144847657,-0.44169420046747154,0.22071869590480447,-0.9861447169112174,0.11735265535710317,-0.3694920850179555,1.620115490623375,away_favorite,3-7,wk10+
2024,13,Oklahoma,Alabama,SEC,SEC,False,1,0.4614322589075785,0.10622531982185358,21.0,-1.6492711876911863,0.7317225909784375,0.9997273593571036,0.7731910543682914,0.8412850886829762,0.8912720206580607,1.582976222909049,-0.3640083383072671,0.580549083222818,0.5385677410924214,22.649271187691188,away_favorite,0-3,wk10+
2024,13,Utah,Iowa State,Big 12,Big 12,False,0,0.34481214900013735,0.2777654663508294,-3.0,-6.601140062115055,-0.3404828804506783,0.10552364601781568,0.21720073409987467,0.34705924744054945,-0.1580960897908768,0.47642158192697304,-0.7045939470320575,1.9383503766723156,-0.34481214900013735,3.6011400621150553,away_favorite,3-7,wk10+
2024,13,Auburn,Texas A&M,SEC,SEC,False,1,0.5428203216848104,0.35860988804438204,2.0,1.4798374793606108,0.5740069444214645,0.4533132085610834,0.6716477195407801,0.9243688559873142,1.0218050365699827,1.0925437273790324,1.0800746426858436,0.44885598118256553,0.4571796783151896,0.5201625206393892,home_favorite,0-3,wk10+
2024,13,Old Dominion,Marshall,Sun Belt,Sun Belt,False,0,0.41152992886677986,0.5882899718631628,-7.0,-4.29256023374702,-0.843477979774163,-0.4327877071279027,-0.31630282770678275,0.053851915211350326,-1.0084638391364487,-0.5517330645195149,0.39890342523626343,-0.931651019515251,-0.41152992886677986,-2.70743976625298,away_favorite,3-7,wk10+
2024,13,LSU,Vanderbilt,SEC,SEC,False,1,0.8915447398599603,0.9006730359903561,7.0,21.38444408211375,1.5485893844188192,-0.12915234057708824,0.08338351539949124,-0.07469568524583706,1.119150681247804,0.4225405750750839,-1.2313663551930665,-1.413012013179621,0.1084552601400397,-14.384444082113749,home_favorite,21+,wk10+
2024,13,Duke,Virginia Tech,ACC,ACC,False,1,0.42383890795274015,0.5057562084111449,3.0,-3.1838072242243283,0.059918952643153944,0.22299746219104594,0.06957051548647974,0.313166507994596,-0.2385255018488518,0.47715817047495124,0.09918808955844767,1.6522584653434913,0.5761610920472598,6.183807224224328,away_favorite,3-7,wk10+
2024,13,Kansas State,Cincinnati,Big 12,Big 12,False,1,0.7962874639636914,0.8414923669232418,26.0,14.004342742733696,0.6878728315475257,0.045807612635807876,0.4405724211706453,-0.05162433583810177,0.304069815899341,0.03161097078644558,-0.3957963284549142,-0.7545465029783601,0.20371253603630857,11.995657257266304,home_favorite,14-21,wk10+
2024,13,Nevada,Air Force,Mountain West,Mountain West,False,0,0.45507666570462935,0.30265492141014677,-3.0,-2.2838629686987564,-1.3832234499152747,-0.7617353086206576,-0.6430385739956987,-0.745408053347792,-1.1242887057702242,-1.9204466555739974,0.08556466520945603,-0.6183122594884438,-0.45507666570462935,-0.7161370313012436,away_favorite,0-3,wk10+
2024,13,UCLA,USC,Big Ten,Big Ten,False,0,0.5627189440744254,0.21015582024186943,-6.0,2.1880905222795515,-0.20344682461292024,0.6744337195453941,0.6044901596393112,-0.03809162246186454,0.05260921213947928,0.70281705761773,0.648666204967776,-1.1405435261997892,-0.5627189440744254,-8.188090522279552,home_favorite,0-3,wk10+
2024,13,Fresno State,Colorado State,Mountain West,Mountain West,False,1,0.7041162768424447,0.770096676660982,6.0,8.892711331024797,-0.1708786977510432,-0.7075364691571274,-0.24582955962441777,-0.37631765316253374,-0.2634495222243654,-0.8666528045523121,0.9483815406455918,0.7304067510617258,0.2958837231575553,-2.892711331024797,home_favorite,7-14,wk10+
2024,14,Akron,Toledo,Mid-American,Mid-American,False,1,0.1586229728483039,0.14445792510730254,7.0,-17.29823423854176,-1.0020185835321471,0.16018875286556833,-0.6263015644846457,0.15740371867424674,-1.076684707571339,0.11003644142600438,-0.9271098780655871,-0.06883414407911546,0.841377027151696,24.29823423854176,away_favorite,14-21,wk10+
2024,14,Buffalo,Kent State,Mid-American,Mid-American,False,1,0.7744806235186801,0.9520109719849302,36.0,13.084641583391239,-0.6899703834029445,-1.3183793280584086,-0.3424245837443973,-1.1700991857546152,-1.0659666955181284,-1.3909788117260127,-1.5129171250722264,1.061910076887188,0.22551937648131992,22.91535841660876,home_favorite,7-14,wk10+
2024,14,Tulane,Memphis,American Athletic,American Athletic,False,0,0.3184111035411007,0.8618278475799177,-10.0,-7.814769354421829,-0.1947701433025493,0.6489962790607708,0.12498308737643017,0.12030352177016063,-0.06103337801661726,0.7298069061337288,-0.7727110687770156,1.470612807356937,-0.3184111035411007,-2.185230645578171,away_favorite,7-14,wk10+
2024,14,Bowling Green,Miami (OH),Mid-American,Mid-American,False,0,0.43808818710849623,0.5071950817090514,-16.0,-2.9229702603112266,-0.45736684583855947,-0.2680705606589783,-0.2478153119358207,0.11310157161454368,-0.6823445854901828,0.008973146806706828,0.8439352873033227,0.5714668003234902,-0.43808818710849623,-13.077029739688774,away_favorite,0-3,wk10+
2024,14,Ohio,Ball State,Mid-American,Mid-American,False,1,0.6708636197229358,0.9612873220528224,21.0,7.574413630544946,-0.5031116552413977,-0.6893763031187243,0.14912718036782224,-0.49825187553794575,-0.9118315037896593,-1.0663415674095078,-1.562869681018529,0.37619771798794405,0.32913638027706416,13.425586369455054,home_favorite,7-14,wk10+
2024,14,East Carolina,Navy,American Athletic,American Athletic,False,0,0.6308009385040683,0.5086338358210827,-14.0,5.524363465756669,-0.9242106720606654,-1.0147088560953377,0.03303039781648437,-0.45810709424795143,-0.8772064429417238,-1.4655784883704248,-0.6637236739850826,0.4579382640818933,-0.6308009385040683,-19.524363465756668,home_favorite,3-7,wk10+
2024,14,Colorado,Oklahoma State,Big 12,Big 12,False,1,0.5392703094157467,0.8724346036357598,52.0,1.6806691059397911,0.4980576673601974,0.5982342907105223,0.20039125541009425,0.1682877302184203,1.3143750774978,0.715786121529987,0.866640994551642,1.5750590606992054,0.4607296905842533,50.31933089406021,home_favorite,0-3,wk10+
2024,14,Boise State,Oregon State,Mountain West,Pac-12,False,1,0.7160885551307561,0.9309851196318173,16.0,9.26305669195215,0.20990107290294924,-0.1188606210002007,0.011105649144847657,-0.12217123575567992,0.22071869590480447,-0.745004377974634,0.11735265535710317,-1.8353381679983614,0.2839114448692439,6.7369433080478505,home_favorite,7-14,wk10+
2024,14,Wisconsin,Minnesota,Big Ten,Big Ten,False,0,0.7545257028080834,0.5756869523764296,-17.0,11.684750156141888,0.3778516711637109,-0.07208842300681916,0.04280801212241299,-0.43063747408919906,0.40970152526275616,-0.15117852762579836,0.16276406985374192,0.3444097278402969,-0.7545257028080834,-28.684750156141888,home_favorite,7-14,wk10+
2024,14,Colorado State,Utah State,Mountain West,Mountain West,False,1,0.5232956647095104,0.5910755963149433,5.0,0.6554304922420893,-0.7075364691571274,-0.3757415012231984,-0.37631765316253374,-0.4463746054193376,-0.8666528045523121,-0.563986216324726,0.7304067510617258,-0.03704615393146833,0.4767043352904896,4.34456950775791,home_favorite,0-3,wk10+
2024,14,Sam Houston,Liberty,Conference USA,Conference USA,False,1,0.19974627588809746,0.3612622508882752,2.0,-14.32099965061817,-0.6903050218229474,0.5847544597988175,-0.6151645327344423,-0.22524832179386817,-0.7982905916602123,0.18694092935842374,-0.2232329533676872,1.1981443203771045,0.8002537241119025,16.32099965061817,away_favorite,14-21,wk10+
2024,14,Ole Miss,Mississippi State,SEC,SEC,False,1,0.9407634496841142,0.9819249995331694,12.0,26.910187605318217,1.1037182203408216,-0.3579197611369752,0.7141886028314836,-0.04595746527958611,1.9076539171671296,-0.37193624651821966,1.5523533534508862,-1.285860052589033,0.059236550315885816,-14.910187605318217,home_favorite,21+,wk10+
2024,14,South Alabama,Texas State,Sun Belt,Sun Belt,False,0,0.533478876625543,0.554469374021676,-7.0,1.2695411990524572,0.17139828026240692,0.3737257654398134,0.2383339176276842,0.16926812962405424,-0.1911509953945143,0.3253544955298222,-0.45483116730054457,-0.3776317626562587,-0.533478876625543,-8.269541199052457,home_favorite,0-3,wk10+
2024,14,San José State,Stanford,Mountain West,ACC,False,1,0.44009473000179383,0.8959410508417222,3.0,-2.2566364066714937,-0.5886251357645516,-0.5754018512247736,-0.7450360489313024,-0.5686652404440202,-1.279267948043809,-0.30161430015595647,-1.0633441215555033,1.6976698798401302,0.5599052699982061,5.256636406671493,away_favorite,0-3,wk10+
2024,14,Iowa,Nebraska,Big Ten,Big Ten,False,1,0.5964836200083188,0.8678823457606359,3.0,3.855930962616987,-0.3694047849019738,-0.4957629953706532,0.5089646450642735,0.3034008749056111,0.7397554176523926,0.14613239100645203,0.32170402059197756,0.684995336565087,0.4035163799916812,-0.8559309626169869,home_favorite,3-7,wk10+
2024,14,Georgia,Georgia Tech,SEC,ACC,False,1,0.8966992909604672,0.9504081671359688,2.0,22.093128539122954,1.6430797216723505,0.5377787989922762,0.8988597188965645,-0.06367204982660732,2.060023300220048,0.522518652199219,0.5896313661221456,1.702211021289794,0.10330070903953281,-20.093128539122954,home_favorite,21+,wk10+
2024,14,UCF,Utah,Big 12,Big 12,False,0,0.734582265103467,0.6875382482123418,-14.0,10.433105722436734,0.5069214833823795,-0.3404828804506783,0.17871134801586178,0.21720073409987467,0.8424460039901764,-0.1580960897908768,-0.3367614896092838,-0.7045939470320575,-0.734582265103467,-24.433105722436736,home_favorite,7-14,wk10+
2024,14,Clemson,South Carolina,ACC,SEC,False,0,0.7325191131444,0.5742802036545245,-3.0,9.950714733837836,0.5607070120970075,0.5391737586011777,0.9882718831349326,0.5046170788892397,1.0628672533142367,1.3493649444355935,1.3616254125650038,-1.285860052589033,-0.7325191131444,-12.950714733837836,home_favorite,7-14,wk10+
2024,14,Vanderbilt,Tennessee,SEC,SEC,False,0,0.2661341823730877,0.06575952658553816,-13.0,-10.700150402492838,-0.12915234057708824,0.5669345542568669,-0.07469568524583706,0.5253781985462637,0.4225405750750839,0.43926865763471673,-1.413012013179621,-0.6501002496360909,-0.2661341823730877,-2.299849597507162,away_favorite,7-14,wk10+
2024,14,UL Monroe,Louisiana,Sun Belt,Sun Belt,False,0,0.25247557948387156,0.07885479311008708,-14.0,-11.328287496944345,-0.8630381080844797,0.051487432197694805,-0.5725318069955634,-0.20268768518740918,-1.4409988290695188,0.06396964711089734,-1.3993885888306297,0.008365260565170164,-0.25247557948387156,-2.671712503055655,away_favorite,7-14,wk10+
2024,14,Texas Tech,West Virginia,Big 12,Big 12,False,1,0.41252736494984443,0.5742802036545245,37.0,-3.6315531351064227,0.46917545090947965,0.8552394781268736,0.3312379812157443,0.4668665262941879,0.5516567180056666,1.1789365758221604,0.41252684958525454,1.8566098305783658,0.5874726350501556,40.63155313510642,away_favorite,3-7,wk10+
2024,14,Kentucky,Louisville,SEC,ACC,False,0,0.4505618712329117,0.2882774756572447,-27.0,-2.448825341695827,0.5768380169059657,0.8008970412490346,0.5284445445183497,0.9282870193164992,1.103301838503555,1.0944045218673226,-0.5184071475958388,-1.45842342767626,-0.4505618712329117,-24.551174658304173,away_favorite,0-3,wk10+
2024,14,Northwestern,Illinois,Big Ten,Big Ten,True,0,0.44912043411839386,0.23920390901085772,-10.0,-1.8765057079053256,-0.332034998103514,-0.06815209485515818,-0.18564063113058688,-0.2607085741048837,-0.08362040626967432,0.003999445606856347,-0.25047980206567044,-0.12332784147508195,-0.44912043411839386,-8.123494292094675,away_favorite,0-3,wk10+
2024,14,Temple,North Texas,American Athletic,American Athletic,False,0,0.4177653763639835,0.16474716768603853,-7.0,-3.6787068689593263,-0.895493179739581,-0.16427432426453253,-0.76762786830484,-0.7839426688581748,-1.363592535187982,-0.5198286140710898,-1.0815086873541588,-1.2676954867903774,-0.4177653763639835,-3.3212931310406737,away_favorite,3-7,wk10+
2024,14,Ohio State,Michigan,Big Ten,Big Ten,False,0,0.7266378750087447,0.8618278475799177,-3.0,10.122052746242671,1.2063423002491749,0.7055668582151313,1.124832008684659,0.8056056447460994,1.9847205317235916,0.44541739919204715,-1.1360023847501253,-0.9725212925622259,-0.7266378750087447,-13.122052746242671,home_favorite,7-14,wk10+
2024,14,Army,UTSA,American Athletic,American Athletic,False,1,0.24630571596215328,0.7565805942950526,5.0,-12.198609545303482,-0.8234693117968547,-0.024067291852766612,-0.735711696883997,0.1828638681957904,-1.6048292196959895,-0.1306856904841598,1.034663228189205,-0.6682648154347465,0.7536942840378467,17.198609545303484,away_favorite,7-14,wk10+
2024,14,Massachusetts,UConn,FBS Independents,FBS Independents,False,0,0.4617795039264977,0.13277910403245627,-5.0,-1.8409953688962681,-0.49565387812129846,-0.4783516906942704,-0.7179968044772607,-0.25321731927486907,-0.824771900962719,-0.5714522706076628,-0.6137711180387799,-0.831745907622646,-0.4617795039264977,-3.159004631103732,away_favorite,0-3,wk10+
2024,14,Wake Forest,Duke,ACC,ACC,False,0,0.48633388297595853,0.24448111792880314,-6.0,-0.652406922654984,-0.1481233936568683,0.059918952643153944,0.05441825902063295,0.06957051548647974,0.43284019242899807,-0.2385255018488518,-0.6682648154347465,0.09918808955844767,-0.48633388297595853,-5.3475930773450155,away_favorite,0-3,wk10+
2024,14,Baylor,Kansas,Big 12,Big 12,False,1,0.3382282251943834,0.41310497662089996,28.0,-7.133174920772285,-0.07266435305440802,0.7484758006792365,-0.09071599564921541,0.11088833097429188,0.19994196079347726,0.7535181351347131,0.35349201073962466,0.757653599759709,0.6617717748056167,35.133174920772284,away_favorite,7-14,wk10+
2024,14,Western Michigan,Eastern Michigan,Mid-American,Mid-American,False,1,0.7804405525155172,0.676301669492737,8.0,12.651043670945647,-0.15165842385647368,-0.9799171232733467,-0.5727773512160497,-0.5009727721922274,-0.4813831214121962,-0.9224229666287989,1.4524482415582813,-1.217742930844075,0.21955944748448275,-4.651043670945647,home_favorite,7-14,wk10+
2024,14,Rice,South Florida,American Athletic,American Athletic,False,1,0.5044103440542274,0.26524291068345335,7.0,0.31465595292675896,-0.020752444868237727,-0.17534938644549705,-0.2500595115186565,-0.06207965588910159,-0.2985704198352858,-0.010441757883732208,-0.018881588132813088,1.7476224357864327,0.49558965594577264,6.685344047073241,home_favorite,0-3,wk10+
2024,14,Georgia State,Coastal Carolina,Sun Belt,Sun Belt,False,0,0.5086038794378511,0.5373473171664928,-21.0,0.16634577386907967,-0.3788463205857343,-0.21907299655811907,-0.4408524981423841,-0.3160789166491237,-0.8643595813129547,-0.5451868974829734,-0.7272996542803768,-0.9361921609649149,-0.5086038794378511,-21.16634577386908,home_favorite,0-3,wk10+
2024,14,Troy,Southern Miss,Sun Belt,Sun Belt,False,1,0.6930992410077963,0.956289152264316,32.0,8.310800368412874,-0.5621669578027381,-0.6227562238254986,0.08475198876917195,-0.5123636714859274,-1.1783300768077756,-0.676396894704634,-0.9861447169112174,-1.1405435261997892,0.3069007589922037,23.689199631587126,home_favorite,7-14,wk10+
2024,14,Florida International,Middle Tennessee,Conference USA,Conference USA,True,1,0.32785320935796713,0.7523149936056823,11.0,-7.415177364274882,-1.0526375008649564,-0.5006190242490017,-0.5384268214218134,-0.3449418327564924,-1.110937219543573,-0.8408939279238054,0.5669256588738263,0.36711543508861627,0.6721467906420329,18.415177364274882,away_favorite,7-14,wk10+
2024,14,Arkansas State,Old Dominion,Sun Belt,Sun Belt,False,0,0.7987900362320806,0.27661213056082945,-8.0,13.923092009628622,-0.057332136600882766,-0.843477979774163,-0.011986414457855518,-0.31630282770678275,0.26185209666631626,-1.0084638391364487,1.7476224357864327,0.39890342523626343,-0.7987900362320806,-21.923092009628622,home_favorite,7-14,wk10+
2024,14,Boston College,Pittsburgh,ACC,ACC,False,1,0.7086728532690068,0.6293885472175023,11.0,8.97476207212935,0.593630247563864,-0.29989798620843905,-0.20601189172485246,0.20576315467012457,0.2964399857423634,-0.3220724010762185,1.852068689128702,0.39436228378659954,0.29132714673099325,2.0252379278706503,home_favorite,7-14,wk10+
2024,14,UCLA,Fresno State,Big Ten,Mountain West,False,1,0.7124399843260882,0.5430664920222119,7.0,9.348134605382217,-0.20344682461292024,-0.1708786977510432,0.6044901596393112,-0.24582955962441777,0.05260921213947928,-0.2634495222243654,0.648666204967776,0.9483815406455918,0.28756001567391176,-2.348134605382217,home_favorite,7-14,wk10+
2024,14,Syracuse,Miami,ACC,ACC,False,1,0.2154168388227261,0.10193172098897373,4.0,-13.55680785233297,0.12344217342336274,1.0032521149524218,0.2884738065713728,0.9966866538579895,0.36605205737926555,1.6245189094055847,-0.7227585128307129,-0.0007170223341575866,0.7845831611772739,17.55680785233297,away_favorite,7-14,wk10+
2024,14,Missouri,Arkansas,SEC,SEC,False,1,0.8250464921001707,0.7479995411960544,7.0,15.628829445218964,0.7572554268040366,0.12133104519857646,0.9114851069582477,0.32406018982922663,1.0656137678523592,0.547290825507733,1.8202806989810547,0.2399634744980278,0.17495350789982933,-8.628829445218964,home_favorite,14-21,wk10+
2024,14,Charlotte,UAB,American Athletic,American Athletic,False,1,0.48533909579244244,0.4469531048305375,2.0,-0.7821937709468547,-0.6474052912586985,-0.08055273317407233,-0.2420413712412043,-0.478356607356137,-0.5834852477676895,-0.3243550842560769,0.6759130536657593,0.7985238728066839,0.5146609042075576,2.7821937709468547,away_favorite,0-3,wk10+
2024,14,Northern Illinois,Central Michigan,Mid-American,Mid-American,False,1,0.6287451346575299,0.9185996494207047,8.0,5.381130704816375,-0.49430446481950296,-0.4301235857920978,-0.5448445711658041,-0.8292616799462602,-0.7998559430688249,-0.9916554965700757,0.5533022345248346,0.19909320145105291,0.3712548653424701,2.618869295183625,home_favorite,3-7,wk10+
2024,14,Arizona,Arizona State,Big 12,Big 12,False,0,0.7920314960212711,0.30144137358197703,-42.0,13.780284636695628,0.5883548895662951,-0.1725464916380705,0.33249495424246256,-0.07532098966285952,0.7693739122179926,-0.17785420053791007,0.6441250635181122,0.6395839220684483,-0.7920314960212711,-55.780284636695626,home_favorite,7-14,wk10+
2024,14,Tulsa,Florida Atlantic,American Athletic,American Athletic,False,0,0.6613938553460676,0.3652566649476832,-47.0,6.413078344402917,-0.3101890024843901,-0.28928161232478894,-0.3807595828095247,-0.429454327265791,-0.3649850763601723,-0.4392179712359451,1.066451218336852,-2.0306072503339077,-0.6613938553460676,-53.41307834440292,home_favorite,3-7,wk10+
2024,14,North Carolina,NC State,ACC,ACC,False,0,0.6415311285391627,0.6492949471109635,-5.0,5.933829031136638,0.7123987045064115,0.29142787310553214,0.21375180823570827,0.3713195047471658,0.7702141018313953,0.3871969085601077,-0.10516327567642646,-0.609229976589116,-0.6415311285391627,-10.93382903113664,home_favorite,3-7,wk10+
2024,14,Alabama,Auburn,SEC,SEC,False,1,0.6760613406393672,0.9370137212880922,14.0,7.673302014909371,0.9997273593571036,0.5740069444214645,0.8412850886829762,0.6716477195407801,1.582976222909049,1.0218050365699827,0.580549083222818,1.0800746426858436,0.3239386593606328,6.326697985090629,home_favorite,7-14,wk10+
2024,14,Michigan State,Rutgers,Big Ten,Big Ten,False,0,0.48358876659801825,0.4441090388831469,-27.0,-0.7545186589254134,-0.04046875076814646,0.3750513080587442,0.12193965680616908,-0.002278977062819064,0.3701422842124211,0.1707608368070326,-0.7863344931260072,-0.1869038217703762,-0.48358876659801825,-26.245481341074587,away_favorite,0-3,wk10+
2024,14,Penn State,Maryland,Big Ten,Big Ten,False,1,0.9341320938837077,0.9674080970792048,37.0,26.06445330826274,1.177659695929489,0.17415232623740778,1.2990183403150155,0.027441881905464673,1.591173558664246,0.004852593001966651,1.1936031789274406,-0.47299573309920007,0.06586790611629234,10.935546691737262,home_favorite,21+,wk10+
2024,14,SMU,California,ACC,ACC,False,1,0.8223838408838586,0.840723042661615,32.0,15.495748346132192,0.7671653188368184,0.296650788922859,0.8622571235940013,0.1498454060877932,1.31311355754822,0.6859458472866004,2.0427966300145846,0.544219951625507,0.17761615911614137,16.504251653867808,home_favorite,14-21,wk10+
2024,14,USC,Notre Dame,Big Ten,FBS Independents,False,0,0.22316825884333935,0.11826064065809262,-14.0,-13.031783723305047,0.6744337195453941,1.0714168257883963,-0.03809162246186454,1.1706877179545843,0.70281705761773,1.485787112803546,-1.1405435261997892,-0.45937230875020846,-0.22316825884333935,-0.9682162766949531,away_favorite,7-14,wk10+
2024,14,Western Kentucky,Jacksonville State,Conference USA,Conference USA,False,1,0.4573010692337751,0.3274903566650149,2.0,-1.985758133129544,-0.20298743544222292,-0.3086835004555582,-0.5172447439147035,0.047140772557283606,-0.6024317824477987,-0.6900547496219359,-0.42304317715289746,-0.3413026310589477,0.5426989307662249,3.985758133129544,away_favorite,0-3,wk10+
2024,14,New Mexico State,UTEP,Conference USA,Conference USA,False,0,0.7061377067701614,0.6506046279338725,-7.0,9.113279713515682,-0.6423943110405166,-0.9869997009432215,-0.5419851169677338,-0.9550840798444284,-1.3060394160590574,-1.6690323607964186,-1.531081690870882,-1.0815086873541588,-0.7061377067701614,-16.11327971351568,home_favorite,7-14,wk10+
2024,14,Georgia Southern,App State,Sun Belt,Sun Belt,False,1,0.38661209414648,0.6360768996878818,9.0,-4.6801462427484495,-0.08331268064815031,0.22162316618535444,-0.21757247537818755,0.014616352226844556,-0.17403023329921866,0.2606076669647802,-0.2731855093139898,1.8384452647797103,0.61338790585352,13.68014624274845,away_favorite,3-7,wk10+
2024,14,Cincinnati,TCU,Big 12,Big 12,False,0,0.37412879161044266,0.38141587791096926,-7.0,-5.373031865602993,0.045807612635807876,0.6891711551729265,-0.05162433583810177,0.07001125214639764,0.03161097078644558,0.7714303518066584,-0.7545465029783601,0.31716287914231367,-0.37412879161044266,-1.626968134397007,away_favorite,3-7,wk10+
2024,14,Washington State,Wyoming,Pac-12,Mountain West,False,0,0.5961474896895842,0.8980682790110263,-1.0,3.931897495433557,-0.21367982818036663,-0.22551594060762864,-0.18146690852008449,-0.3017411846109438,-0.3930411104449563,-0.44169420046747154,-0.8726161806696209,-0.9861447169112174,-0.5961474896895842,-4.931897495433557,home_favorite,3-7,wk10+
2024,14,LSU,Oklahoma,SEC,SEC,False,1,0.589632301965116,0.5601501452319029,20.0,3.946503226287418,1.5485893844188192,0.7317225909784375,0.08338351539949124,0.7731910543682914,1.119150681247804,0.8912720206580607,-1.2313663551930665,-0.3640083383072671,0.41036769803488404,16.05349677371258,home_favorite,3-7,wk10+
2024,14,Florida State,Florida,ACC,SEC,False,0,0.5543621146293737,0.22085937918053045,-20.0,2.5034586723544003,0.45076413885518146,0.6908502218397348,0.9388998174791834,0.4084801613236756,0.9316652895064667,0.9693477586674184,-1.1950372235957558,1.1300271986321462,-0.5543621146293737,-22.5034586723544,home_favorite,0-3,wk10+
2024,14,Indiana,Purdue,Big Ten,Big Ten,False,1,0.7616121083352041,0.9855889434351226,66.0,12.046899247856103,0.6880336710405608,-0.03547156310347992,0.3941065430926814,0.09603648733447401,1.4744762471300321,0.18413862681553214,-0.1914449632200401,0.10372923100811154,0.2383878916647959,53.9531007521439,home_favorite,7-14,wk10+
2024,14,Texas A&M,Texas,SEC,SEC,False,0,0.4631714330438926,0.20920189720276192,-10.0,-1.9000972262947884,0.4533132085610834,0.7820841510400872,0.9243688559873142,1.050363778291889,1.0925437273790324,1.3515452062762805,0.44885598118256553,-0.03704615393146833,-0.4631714330438926,-8.099902773705212,away_favorite,0-3,wk10+
2024,14,Oregon,Washington,Big Ten,Big Ten,False,1,0.9494620931643978,0.9264124438824264,28.0,28.728964162863583,1.8481905735826398,0.4742173410091143,0.8955401906557519,-0.16621759586410975,1.9959101505146322,0.1385420267186566,-0.5365717133944944,-2.0396895332332354,0.05053790683560222,-0.7289641628635835,home_favorite,21+,wk10+
2024,14,Iowa State,Kansas State,Big 12,Big 12,False,1,0.48247185815888055,0.5430664920222119,8.0,-1.3142810589736476,0.10552364601781568,0.6878728315475257,0.34705924744054945,0.4405724211706453,0.47642158192697304,0.304069815899341,1.9383503766723156,-0.3957963284549142,0.5175281418411195,9.314281058973648,away_favorite,0-3,wk10+
2024,14,James Madison,Marshall,Sun Belt,Sun Belt,False,0,0.4965250896202101,0.8255259873611817,-2.0,-0.2890345669087133,-0.6633122327300709,-0.4327877071279027,0.23646416848557567,0.053851915211350326,-1.1286427372784467,-0.5517330645195149,-1.9851958358372692,-0.931651019515251,-0.4965250896202101,-1.7109654330912867,away_favorite,0-3,wk10+
2024,14,UNLV,Nevada,Mountain West,Mountain West,False,1,0.8211725527195126,0.9558053735135885,24.0,15.633386407265785,-0.17211151306595868,-1.3832234499152747,-0.3991301449356891,-0.6430385739956987,-0.5573541161256889,-1.1242887057702242,-0.1869038217703762,0.08556466520945603,0.17882744728048738,8.366613592734215,home_favorite,14-21,wk10+
2024,14,Virginia Tech,Virginia,ACC,ACC,False,1,0.7680363809712758,0.8799266880106169,20.0,12.187460141311876,0.22299746219104594,-0.16067688492180365,0.313166507994596,-0.20590803231420646,0.47715817047495124,-0.0646451837006381,1.6522584653434913,0.6532073464174399,0.2319636190287242,7.812539858688124,home_favorite,7-14,wk10+
2024,14,BYU,Houston,Big 12,Big 12,False,1,0.3385032874515336,0.9164213770695134,12.0,-7.1763332924013294,-0.5171792199664021,0.23979093902833853,-0.36692165402036375,-0.1263429349340014,-0.5490658175662225,0.5974293554408686,0.40798570813559065,0.7349478925113897,0.6614967125484664,19.17633329240133,away_favorite,7-14,wk10+
2024,14,San Diego State,Air Force,Mountain West,Mountain West,False,0,0.6218452670614467,0.3652566649476832,-11.0,5.067074324759396,-0.554330537700705,-0.7617353086206576,-0.7210320788976813,-0.745408053347792,-0.8831614797475267,-1.9204466555739974,-0.4185020357032336,-0.6183122594884438,-0.6218452670614467,-16.067074324759396,home_favorite,3-7,wk10+
2024,14,Hawai'i,New Mexico,Mountain West,Mountain West,False,1,0.7169620833103592,0.373300918333268,8.0,9.222574345896735,-0.5247624976658892,-0.3679062548538256,-0.2632983269006847,-0.8168830687408246,-0.2578676184601607,-1.106728095962684,1.9156446694239961,-0.5683597035421415,0.28303791668964084,-1.222574345896735,home_favorite,7-14,wk10+
2024,15,Jacksonville State,Western Kentucky,Conference USA,Conference USA,False,1,0.6626588173063763,0.8074241816712792,40.0,6.935211193820182,-0.3086835004555582,-0.20298743544222292,0.047140772557283606,-0.5172447439147035,-0.6900547496219359,-0.6024317824477987,-0.3413026310589477,-0.42304317715289746,0.3373411826936237,33.06478880617982,home_favorite,3-7,wk10+
2024,15,Boise State,UNLV,Mountain West,Mountain West,False,1,0.739261946988684,0.676301669492737,14.0,10.753792739363952,0.20990107290294924,-0.17211151306595868,0.011105649144847657,-0.3991301449356891,0.22071869590480447,-0.5573541161256889,0.11735265535710317,-0.1869038217703762,0.26073805301131603,3.246207260636048,home_favorite,7-14,wk10+
2024,15,Army,Tulane,American Athletic,American Athletic,False,1,0.28875920981085,0.293024705191459,21.0,-9.999336230835816,-0.8234693117968547,-0.1947701433025493,-0.735711696883997,0.12498308737643017,-1.6048292196959895,-0.06103337801661726,1.034663228189205,-0.7727110687770156,0.71124079018915,30.999336230835816,away_favorite,7-14,wk10+
2024,15,Miami (OH),Ohio,Mid-American,Mid-American,True,0,0.5849021732199022,0.5071950817090514,-35.0,3.4384830121799332,-0.2680705606589783,-0.5031116552413977,0.11310157161454368,0.14912718036782224,0.008973146806706828,-0.9118315037896593,0.5714668003234902,-1.562869681018529,-0.5849021732199022,-38.43848301217993,home_favorite,3-7,wk10+
2024,15,Arizona State,Iowa State,Big 12,Big 12,True,1,0.3021873528574491,0.4441090388831469,26.0,-8.382879421308349,-0.1725464916380705,0.10552364601781568,-0.07532098966285952,0.34705924744054945,-0.17785420053791007,0.47642158192697304,0.6395839220684483,1.9383503766723156,0.697812647142551,34.382879421308346,away_favorite,7-14,wk10+
2024,15,Texas,Georgia,SEC,SEC,True,0,0.33074731360645104,0.5601501452319029,-3.0,-7.0333534827929185,0.7820841510400872,1.6430797216723505,1.050363778291889,0.8988597188965645,1.3515452062762805,2.060023300220048,-0.03704615393146833,0.5896313661221456,-0.33074731360645104,4.0333534827929185,away_favorite,7-14,wk10+
2024,15,Louisiana,Marshall,Sun Belt,Sun Belt,False,0,0.63572114240277,0.7469129214289432,-28.0,5.534281378407233,0.051487432197694805,-0.4327877071279027,-0.20268768518740918,0.053851915211350326,0.06396964711089734,-0.5517330645195149,0.008365260565170164,-0.931651019515251,-0.63572114240277,-33.53428137840723,home_favorite,3-7,wk10+
2024,15,SMU,Clemson,ACC,ACC,True,0,0.523926528435112,0.6117705007810643,-3.0,1.113877577653413,0.7671653188368184,0.5607070120970075,0.8622571235940013,0.9882718831349326,1.31311355754822,1.0628672533142367,2.0427966300145846,1.3616254125650038,-0.523926528435112,-4.1138775776534136,home_favorite,0-3,wk10+
2024,15,Oregon,Penn State,Big Ten,Big Ten,True,1,0.5164088365997728,0.5700528235839882,8.0,1.3335536489847883,1.8481905735826398,1.177659695929489,0.8955401906557519,1.2990183403150155,1.9959101505146322,1.591173558664246,-0.5365717133944944,1.1936031789274406,0.48359116340022723,6.666446351015212,home_favorite,0-3,wk10+
2024,16,Army,Navy,American Athletic,American Athletic,True,0,0.481217822235837,0.7414335229692995,-18.0,-0.693997030772038,-0.8234693117968547,-1.0147088560953377,-0.735711696883997,-0.45810709424795143,-1.6048292196959895,-1.4655784883704248,1.034663228189205,0.4579382640818933,-0.481217822235837,-17.30600296922796,away_favorite,0-3,wk10+
2025,1,Kansas State,Iowa State,Big 12,Big 12,True,0,0.7392275044891758,0.5756869523764296,-3.0,11.250186619075102,0.7084131592311763,0.12347875934473701,0.6082450928847217,0.03891225630374049,0.7973878344101674,0.11689727697563768,0.6416676646661305,0.2503806896557099,-0.7392275044891758,-14.250186619075102,home_favorite,7-14,wk1-4
2025,1,Kansas,Fresno State,Big 12,Mountain West,False,1,0.8243114952041115,0.7129021574054539,24.0,15.840823258462446,0.6880459362361474,-0.2365806536797485,0.1632141625081478,-0.22426853273631947,0.34167388021826683,-0.43930313326097353,-0.39192057121045215,-1.2704705717055476,0.1756885047958885,8.159176741537554,home_favorite,14-21,wk1-4
2025,1,Western Kentucky,Sam Houston,Conference USA,Conference USA,False,1,0.5082627777393944,0.5316182978281073,17.0,0.7563897604539846,-0.73518440102469,-0.8797921675739598,-0.7961847171252758,-0.623677949613525,-1.0808599085452566,-1.3120820048466135,-0.6798487226332144,1.42055022813027,0.49173722226060557,16.243610239546015,home_favorite,0-3,wk1-4
2025,1,Hawai'i,Stanford,Mountain West,ACC,False,1,0.5120326627385864,0.5558909611168531,3.0,0.2799696092970292,-0.5422270530525075,-0.3833393042322958,-0.33801737405212784,-0.160330920009547,-0.6073904244756116,-0.08911918980730754,-0.21104262993205,-1.207717000241612,0.4879673372614136,2.720030390702971,home_favorite,0-3,wk1-4
2025,1,South Florida,Boise State,American Athletic,Mountain West,False,1,0.4950920120464264,0.29064536940123664,27.0,-0.6122296654199699,-0.05280318006783792,0.42879493284380843,0.241052246079346,0.25799098124998987,0.0075308021578257625,0.16407130868443756,1.782306110687074,0.23192375687219952,0.5049079879535736,27.61222966541997,away_favorite,0-3,wk1-4
2025,1,Rutgers,Ohio,Big Ten,Mid-American,False,1,0.7508907529522302,0.4512256641402582,3.0,11.523701689912883,0.6260125841479508,-0.10675224489091092,0.19729345268553625,0.007783344654597207,1.1788180651718725,-0.5757328346530897,0.5826054797588975,0.48662942928464337,0.24910924704776982,-8.523701689912883,home_favorite,7-14,wk1-4
2025,1,UCF,Jacksonville State,Big 12,Conference USA,False,1,0.848567410945962,0.4327711556570478,7.0,18.18633199122065,0.5220435039516178,-0.3746183407772852,0.28488102417700334,-0.6341232146381584,0.30677628511442556,-1.1119227514328105,-0.7610592268806602,1.206449807841549,0.151432589054038,-11.186331991220651,home_favorite,14-21,wk1-4
2025,1,Akron,Wyoming,Mid-American,Mountain West,False,0,0.4392792756431243,0.41869852163108506,-10.0,-2.3208918237697755,-0.7333489603771948,-0.7482808984071666,-0.7776153298832882,-0.35560719940453056,-1.0512420569649519,-0.7597045644095228,-0.5358846469218332,0.9517441354291056,-0.4392792756431243,-7.6791081762302245,away_favorite,0-3,wk1-4
2025,1,NC State,East Carolina,ACC,American Athletic,False,1,0.7777680929959241,0.6800706757372215,7.0,12.804417931146276,0.3842901959133668,-0.17779171172561892,0.34391806205974484,-0.044170827662308086,0.8663260189596693,-0.2772786641883975,1.5940453962952674,-0.037547461767052245,0.2222319070040759,-5.804417931146276,home_favorite,7-14,wk1-4
2025,1,Minnesota,Buffalo,Big Ten,Mid-American,False,1,0.8491192521052333,0.821341471737012,13.0,18.13895534847976,0.4158367655195719,-0.5524515931283356,0.6109934467114793,-0.1880344000518289,0.5375817696289584,-0.6112904826386858,-0.27379620139598543,0.5272346814083663,0.1508807478947667,-5.138955348479762,home_favorite,14-21,wk1-4
2025,1,Wisconsin,Miami (OH),Big Ten,Mid-American,False,1,0.8232160355982192,0.6035363185261781,17.0,16.05729753933668,0.4736139123604267,-0.47704268206455464,0.19892114849692372,-0.3100294759972375,0.6786757831856352,-0.5410219854229629,-0.4214516636640686,-0.13352351224130643,0.1767839644017808,0.9427024606633196,home_favorite,14-21,wk1-4
2025,1,Cincinnati,Nebraska,Big 12,Big Ten,True,0,0.44434346103912886,0.42994717641601177,-3.0,-2.216709716874825,0.4274892504646441,0.4149396265570865,0.26046483589872527,0.6009174431253974,0.5430207242616326,0.6913657973853132,1.0255718665631472,0.2836031686660287,-0.44434346103912886,-0.7832902831251749,away_favorite,0-3,wk1-4
2025,1,Wake Forest,Kennesaw State,ACC,Conference USA,False,1,0.844629680915119,0.7555188820711969,1.0,17.710445619602655,-0.16326144584781255,-1.237707123428915,-0.36154219030493084,-0.973803279672907,-0.023463342335829335,-1.3743418419804394,-0.93824578160236,-0.2147340164887521,0.15537031908488097,-16.710445619602655,home_favorite,14-21,wk1-4
2025,1,Charlotte,App State,American Athletic,Sun Belt,True,0,0.5761265629110556,0.2686221421606117,-23.0,3.5551933061047962,-0.5739489877939088,-0.5965783814841096,-0.37594272505639315,-0.6905450765007092,-0.7498676927965588,-0.9683639803035357,-1.0268390589632101,-1.384903554963312,-0.5761265629110556,-26.555193306104798,home_favorite,3-7,wk1-4
2025,1,Michigan State,Western Michigan,Big Ten,Mid-American,False,1,0.6768576689219077,0.6240017586176672,17.0,7.985825617652158,-0.1215653812078787,-0.11799985386382023,0.035003850829694746,-0.6138110235322233,0.2659220839949454,-0.6753410774058406,0.6305935049960246,1.782306110687074,0.3231423310780923,9.014174382347843,home_favorite,7-14,wk1-4
2025,1,Baylor,Auburn,Big 12,SEC,False,0,0.5719445854557861,0.6334077000711676,-14.0,2.4813555244204752,0.8714110606957501,0.7038763752078554,0.40122921116118404,0.8178696164602219,1.1803637612517588,1.3377895464438465,1.1400048498209114,-1.1006667900972518,-0.5719445854557861,-16.481355524420476,home_favorite,0-3,wk1-4
2025,1,Colorado,Georgia Tech,Big 12,ACC,False,0,0.3198453256344922,0.718756829898782,-7.0,-7.564093512843595,0.11589694242818481,1.0699217492437327,0.5336828631488871,0.47750322650377947,0.27866154682881494,1.3817128660974938,-1.6359178408190533,1.0883254380270828,-0.3198453256344922,0.5640935128435949,away_favorite,7-14,wk1-4
2025,1,Sam Houston,UNLV,Conference USA,Mountain West,True,0,0.2621547301373155,0.23194799683241596,-17.0,-11.12784985387244,-0.8797921675739598,-0.21398707375791814,-0.623677949613525,0.14941206423936595,-1.3120820048466135,-0.24342381853653788,1.42055022813027,-1.344298302839589,-0.2621547301373155,-5.872150146127559,away_favorite,7-14,wk1-4
2025,1,San José State,Central Michigan,Mountain West,Mid-American,False,0,0.720629787116482,0.8590630023766738,-2.0,9.687810486593552,-0.462221423089014,-0.7987423636173936,-0.18454673569309463,-0.474276017856499,-0.5734557469568007,-1.1238691231378248,0.2614548493258162,-1.525176244117991,-0.720629787116482,-11.687810486593552,home_favorite,7-14,wk1-4
2025,1,Southern Miss,Mississippi State,Sun Belt,SEC,False,0,0.3455858252897096,0.2120732319225979,-17.0,-6.967300266012124,-0.734698983868505,0.211664320127957,-0.3065232273265034,-0.16091482187481757,-0.13852255471943886,0.5471856370965203,0.025206109696883194,-0.36977225187023965,-0.3455858252897096,-10.032699733987876,away_favorite,3-7,wk1-4
2025,1,Purdue,Ball State,Big Ten,Mid-American,False,1,0.7954319827662899,0.5686413918836677,31.0,13.800047210404223,-0.2459339459806703,-0.6600552702154514,-0.32147251315145814,-0.9335088144391184,0.09753976442086111,-1.3272644815359924,0.09903384083092488,-1.6211522945922452,0.2045680172337101,17.199952789595777,home_favorite,7-14,wk1-4
2025,1,Tennessee,Syracuse,SEC,ACC,True,1,0.7623350600020147,0.8312539156520465,19.0,12.539897650034785,0.5986492246668447,0.18316391680226965,0.7189988884410801,-0.16642430927585616,0.601031538139353,-0.284143791787164,-1.0895926304271455,-1.3775207818499078,0.23766493999798532,6.460102349965215,home_favorite,7-14,wk1-4
2025,1,Ohio State,Texas,Big Ten,SEC,False,1,0.5963460729594222,0.7358774441014764,7.0,4.075602641874207,1.229031845615601,1.0330099802845472,1.121124211220414,1.183879022945504,1.342121218993581,1.824200982587858,-0.7684419999940644,-0.8607266639116165,0.4036539270405778,2.924397358125793,home_favorite,3-7,wk1-4
2025,1,Tulane,Northwestern,American Athletic,Big Ten,False,1,0.6876606854325658,0.8083176725494586,20.0,8.784083270603219,0.45291208642090436,-0.14880800397226757,0.4272788468526554,0.1896100176677179,0.532049685001788,0.4082032389868948,-1.3664466221798015,0.6047537990991101,0.31233931456743425,11.215916729396781,home_favorite,7-14,wk1-4
2025,1,Maryland,Florida Atlantic,Big Ten,American Athletic,False,1,0.6385382675415168,0.7512407935337106,32.0,6.07447042961288,-0.1932535162035939,-0.41987572700448106,-0.15403644759675914,-0.31705243053153276,-0.4983630645694563,-0.31957680379953685,-1.432891580200439,-1.1375806556642727,0.36146173245848323,25.92552957038712,home_favorite,3-7,wk1-4
2025,1,Kentucky,Toledo,SEC,Mid-American,False,1,0.7008616233162797,0.6519120398746636,8.0,9.41532871120614,0.018551069733229016,-0.49282420711351876,0.36021612598260055,-0.025539495803157886,0.15886642095227493,-0.1258852447093334,-0.9087146891487434,0.6232107318826204,0.29913837668372034,-1.41532871120614,home_favorite,7-14,wk1-4
2025,1,Indiana,Old Dominion,Big Ten,Sun Belt,False,1,0.939555006735321,0.9016982546021951,13.0,27.802691031479593,1.2422463509082853,-0.3037174705655894,0.9451939866900845,-0.363353108655311,1.4432246215992346,-0.8005428852570526,-0.978851033726083,0.8336197656146389,0.060444993264679,-14.802691031479593,home_favorite,21+,wk1-4
2025,1,Florida State,Alabama,ACC,SEC,False,1,0.18490117496285563,0.11706539587431786,14.0,-15.361565623656077,-0.04272106663224845,1.1796809297978934,0.3630059133676533,1.0033222845350602,0.8204564650975007,1.664860651107222,-1.4218174205303327,-0.3070186804063042,0.8150988250371444,29.361565623656077,away_favorite,14-21,wk1-4
2025,1,Massachusetts,Temple,Mid-American,American Athletic,False,0,0.5946156350955524,0.5938553852361779,-32.0,4.219509002324422,-0.590249961649425,-1.1026933261458312,-0.922168944199321,-0.6470089730199495,-1.1852268361760392,-0.919482457584853,0.9111388833053827,1.782306110687074,-0.5946156350955524,-36.21950900232442,home_favorite,3-7,wk1-4
2025,1,Georgia,Marshall,SEC,Sun Belt,False,1,0.87709386710238,0.9434762493459331,38.0,20.683310306066268,0.8630109775148891,-0.3249255067410036,0.7171753075013958,-0.2372294293006896,0.9921259312855266,-0.853691281652078,-0.524810487251727,1.8007630434705841,0.12290613289761998,17.316689693933732,home_favorite,14-21,wk1-4
2025,1,Penn State,Nevada,Big Ten,Mountain West,False,1,0.9716861668223924,0.9918446304274158,35.0,34.43930025662723,1.3688727680924382,-0.27228002007891683,1.2691728948355543,-0.536731971808911,1.9344308292078876,-0.8381248312824254,0.18024434507837034,0.5235432948516642,0.028313833177607606,0.5606997433727727,home_favorite,21+,wk1-4
2025,1,Virginia,Coastal Carolina,ACC,Sun Belt,False,1,0.7226250414798974,0.626699081666732,41.0,10.631143696697038,-0.04253883968415184,-0.5549305623368663,0.023989580387639375,-0.5406604398045117,0.40237167999980045,-0.9097623986524599,-0.8718008235817225,1.6715645139860114,0.27737495852010263,30.368856303302962,home_favorite,7-14,wk1-4
2025,1,Texas A&M,UTSA,SEC,American Athletic,False,1,0.7974991783253582,0.770096676660982,18.0,14.549301789298688,0.9495940509682228,-0.07080424903368346,0.8336084444499188,0.48577885448716374,1.2464131550638042,0.12390482050035928,0.8742250177383618,1.6457248080890967,0.20250082167464178,3.4506982107013116,home_favorite,14-21,wk1-4
2025,1,Clemson,LSU,ACC,SEC,False,0,0.5980812417790364,0.5728722513945045,-7.0,3.938436560293094,1.1524222859315225,1.0302111126302989,0.7280285424056598,0.8149472115647907,1.8655403006745177,1.4540275296944891,1.1436962363776135,0.5309260679650684,-0.5980812417790364,-10.938436560293095,home_favorite,3-7,wk1-4
2025,1,Utah State,UTEP,Mountain West,Conference USA,False,1,0.678877067115788,0.7926963841757685,12.0,8.17205909763045,-0.13876755563492807,-0.9909018788257972,-0.6643531154309612,-0.5121892865549666,-0.778991453308417,-0.9088656403952472,0.4238758578207079,1.785997497243776,0.321122932884212,3.8279409023695496,home_favorite,7-14,wk1-4
2025,1,Michigan,New Mexico,Big Ten,Mountain West,False,1,0.9460485471097284,0.9484741124025332,17.0,28.285472540095604,0.29035811338720796,-0.3913795716402913,0.680144229426719,-1.2918806982170912,0.6079780052146484,-1.7411798645869194,-0.4472913695609832,-1.4439657398705452,0.05395145289027159,-11.285472540095604,home_favorite,21+,wk1-4
2025,1,Ole Miss,Georgia State,SEC,Sun Belt,False,1,0.9221951031471889,0.9641774124186709,56.0,25.443293160431526,0.5252184517062783,-0.5844435177834937,0.913057317120291,-0.620758067811821,0.6580247638268034,-0.7271718151450907,-1.2593964120354413,0.6232107318826204,0.07780489685281111,30.556706839568474,home_favorite,21+,wk1-4
2025,1,Louisiana,Rice,Sun Belt,American Athletic,False,0,0.5874519468207691,0.7731399130767673,-2.0,3.849951340799273,-0.2505806114343202,-0.8185376783157735,-0.6952687131531011,-0.30318800896001835,-0.7690596846526245,-0.898416555306877,0.20608405097528493,0.8668422446249576,-0.5874519468207691,-5.849951340799273,home_favorite,3-7,wk1-4
2025,1,Texas State,Eastern Michigan,Sun Belt,Mid-American,False,1,0.8576161556933954,0.8964765078981858,25.0,18.12445888906662,0.05965098135161566,-0.8048633463990421,0.12867298030440388,-0.47586249370378975,-0.23313819387399654,-0.9487263006141853,1.5165262786045242,-0.9862338068394871,0.14238384430660456,6.87554111093338,home_favorite,14-21,wk1-4
2025,1,Fresno State,Georgia Southern,Mountain West,Sun Belt,False,1,0.5150528417790896,0.5700528235839882,28.0,1.1123362600226563,-0.2365806536797485,-0.07602022018264759,-0.22426853273631947,-0.4244220711140161,-0.43930313326097353,-0.4952750713357625,-1.2704705717055476,1.4980693458210137,0.4849471582209104,26.887663739977345,home_favorite,0-3,wk1-4
2025,1,Oregon State,California,Pac-12,ACC,False,0,0.5641384353988502,0.43135860811633236,-19.0,2.427745969031341,0.01837425593207967,-0.2831254298741182,-0.3943665458769685,0.047252258905695586,-0.17137947558926647,-0.052691314542877316,0.02151472314018111,-1.0748270842003371,-0.5641384353988502,-21.427745969031342,home_favorite,0-3,wk1-4
2025,1,Arizona,Hawai'i,Big 12,Mountain West,False,1,0.7272427242056634,0.7358774441014764,34.0,10.256751208539228,-0.00865474859649007,-0.5422270530525075,-0.08705074938026863,-0.33801737405212784,0.21696886507720117,-0.6073904244756116,0.16547879885156241,-0.21104262993205,0.2727572757943366,23.743248791460772,home_favorite,7-14,wk1-4
2025,1,Washington,Colorado State,Big Ten,Mountain West,False,1,0.78572855527858,0.8238615285055724,17.0,13.641221877776847,0.28815612105794985,-0.4245473080603209,0.1038191695802356,-0.37952427851777853,0.43231312989326626,-0.647988392022429,-0.340241159416623,-0.044930234880456416,0.21427144472142,3.3587781222231534,home_favorite,7-14,wk1-4
2025,1,UCLA,Utah,Big Ten,Big 12,False,0,0.3136850215795152,0.5215733330511455,-33.0,-8.280659955022948,-0.41451465098988494,-0.02554181395604249,0.05117290206038952,0.8184997632235893,-0.04692093510170553,0.8274733826875964,-1.0969754035405497,-1.388594941520014,-0.3136850215795152,-24.719340044977052,away_favorite,7-14,wk1-4
2025,1,South Carolina,Virginia Tech,SEC,ACC,True,1,0.6094852407962518,0.6506046279338725,13.0,5.125807812411302,0.37330042482220743,0.08172848638363803,0.8140540943477095,0.5631581454543608,0.774626197445033,0.5441954540159473,0.4017275384804954,-0.07815271389077517,0.39051475920374823,7.874192187588698,home_favorite,3-7,wk1-4
2025,1,Miami,Notre Dame,ACC,FBS Independents,False,1,0.6280218683309352,0.10513721035591964,3.0,5.591794133571764,1.4322229964906352,1.0346653162485375,0.8366716538976384,0.8932156398494558,1.763032500476799,1.5159773199399198,-1.4439657398705452,-0.5469588065919395,0.3719781316690648,-2.5917941335717636,home_favorite,3-7,wk1-4
2025,1,North Carolina,TCU,ACC,Big 12,False,0,0.48946051543326086,0.399221754109989,-34.0,-0.31179870649432795,0.40060281741729614,0.6752128359514915,0.10671858591968719,0.07546250853823852,0.6715055677779196,0.7700299467727646,-1.3184585969426743,0.3315911939031558,-0.48946051543326086,-33.68820129350567,away_favorite,0-3,wk1-4
2025,2,Louisville,James Madison,ACC,Sun Belt,False,1,0.7530798102303577,0.6961287704295998,14.0,11.977076977462499,0.6957096219307739,-0.125254645941418,0.4918203537704797,0.20562328686910367,0.9182631499150185,-0.27378750134629326,-0.1925856971485396,0.9886580009961264,0.24692018976964225,2.0229230225375012,home_favorite,7-14,wk1-4
2025,2,Maryland,Northern Illinois,Big Ten,Mid-American,False,1,0.6033916877933241,0.6453524504393825,11.0,4.789545502986184,-0.1932535162035939,-0.55644059156056,-0.15403644759675914,-0.16094036291672678,-0.4983630645694563,-0.9450962470028557,-1.432891580200439,0.05473720215049987,0.3966083122066759,6.210454497013816,home_favorite,3-7,wk1-4
2025,2,Duke,Illinois,ACC,Big Ten,False,0,0.5564562248173076,0.5186997779295586,-26.0,2.6614246348503596,0.10728525996515623,0.4434558682104096,0.6328722964040288,0.18535727915109668,0.5031593247651899,0.8754422212025454,-1.244630865808633,0.032588882810287365,-0.5564562248173076,-28.66142463485036,home_favorite,0-3,wk1-4
2025,2,Indiana,Kennesaw State,Big Ten,Conference USA,False,1,0.9889796232780894,0.9686549405484961,47.0,42.696254135428674,1.2422463509082853,-1.237707123428915,0.9451939866900845,-0.973803279672907,1.4432246215992346,-1.3743418419804394,-0.978851033726083,-0.2147340164887521,0.011020376721910585,4.303745864571326,home_favorite,21+,wk1-4
2025,2,Penn State,Florida International,Big Ten,Conference USA,False,1,0.9866492164869691,0.9879842735761788,34.0,40.751044385648264,1.3688727680924382,-0.7823259235665265,1.2691728948355543,-0.6579398561856871,1.9344308292078876,-0.933048814961539,0.18024434507837034,-0.34762393253002716,0.013350783513030873,-6.751044385648264,home_favorite,21+,wk1-4
2025,2,SMU,Baylor,ACC,Big 12,False,0,0.5465278589117177,0.7731399130767673,-3.0,2.1054110028596096,0.6300087145715739,0.8714110606957501,0.6466393309125587,0.40122921116118404,1.145678535310898,1.1803637612517588,-0.056004394550562664,1.1400048498209114,-0.5465278589117177,-5.10541100285961,home_favorite,0-3,wk1-4
2025,2,Syracuse,UConn,ACC,FBS Independents,False,1,0.5056411068436324,0.6226501957872621,7.0,0.5568384051882331,0.18316391680226965,-0.019612497080642846,-0.16642430927585616,0.11868565309047575,-0.284143791787164,-0.024874087649063154,-1.3775207818499078,0.6047537990991101,0.4943588931563676,6.443161594811767,home_favorite,0-3,wk1-4
2025,2,Iowa State,Iowa,Big 12,Big Ten,False,1,0.48954236769858694,0.502878199574811,3.0,-0.6477416663855404,0.12347875934473701,0.37770006175058957,0.03891225630374049,0.20399539633870495,0.11689727697563768,0.45908832692665813,0.2503806896557099,-0.10399241978768976,0.5104576323014131,3.6477416663855404,away_favorite,0-3,wk1-4
2025,2,Texas Tech,Kent State,Big 12,Mid-American,False,1,0.9896790609413642,0.9740823468931378,48.0,42.6160035123874,0.9309581180031918,-1.5595862563572478,0.5943445404895336,-1.0946725692352561,1.6897159580700634,-1.66544448826741,0.2688376224392204,-1.4882623785509703,0.010320939058635847,5.383996487612599,home_favorite,21+,wk1-4
2025,2,NC State,Virginia,ACC,ACC,False,1,0.7606409089086859,0.5728722513945045,4.0,11.634921502252329,0.3842901959133668,-0.04253883968415184,0.34391806205974484,0.023989580387639375,0.8663260189596693,0.40237167999980045,1.5940453962952674,-0.8718008235817225,0.23935909109131415,-7.634921502252329,home_favorite,7-14,wk1-4
2025,2,Pittsburgh,Central Michigan,ACC,Mid-American,False,1,0.9042052158195619,0.836043425542047,28.0,22.51171689344197,0.1443745103738715,-0.7987423636173936,0.5572884531032432,-0.474276017856499,0.5292547963897177,-1.1238691231378248,0.8594594715115534,-1.525176244117991,0.09579478418043808,5.488283106558029,home_favorite,21+,wk1-4
2025,2,Jacksonville State,Liberty,Conference USA,Conference USA,False,1,0.4244860094651382,0.7565805942950526,10.0,-3.26003524812561,-0.3746183407772852,-0.17956074297012423,-0.6341232146381584,-0.2047070106361706,-1.1119227514328105,-0.2158608757405748,1.206449807841549,1.7712319510169676,0.5755139905348619,13.260035248125611,away_favorite,3-7,wk1-4
2025,2,Texas,San José State,SEC,Mountain West,False,1,0.9412219289998042,0.9324499710034239,31.0,28.040723143087508,1.0330099802845472,-0.462221423089014,1.183879022945504,-0.18454673569309463,1.824200982587858,-0.5734557469568007,-0.8607266639116165,0.2614548493258162,0.05877807100019583,2.959276856912492,home_favorite,21+,wk1-4
2025,2,Texas A&M,Utah State,SEC,Mountain West,False,1,0.9395427504921356,0.8805335622474012,22.0,27.2931937147179,0.9495940509682228,-0.13876755563492807,0.8336084444499188,-0.6643531154309612,1.2464131550638042,-0.778991453308417,0.8742250177383618,0.4238758578207079,0.06045724950786435,-5.293193714717901,home_favorite,21+,wk1-4
2025,2,UTSA,Texas State,American Athletic,Sun Belt,False,0,0.6078870985318576,0.42150324765525726,-7.0,4.668320495008599,-0.07080424903368346,0.05965098135161566,0.48577885448716374,0.12867298030440388,0.12390482050035928,-0.23313819387399654,1.6457248080890967,1.5165262786045242,-0.6078870985318576,-11.668320495008599,home_favorite,3-7,wk1-4
2025,2,Oregon State,Fresno State,Pac-12,Mountain West,False,0,0.6201614286662844,0.3868631798468569,-9.0,4.817559029383537,0.01837425593207967,-0.2365806536797485,-0.3943665458769685,-0.22426853273631947,-0.17137947558926647,-0.43930313326097353,0.02151472314018111,-1.2704705717055476,-0.6201614286662844,-13.817559029383537,home_favorite,3-7,wk1-4
2025,2,Missouri,Kansas,SEC,Big 12,False,1,0.6885428491867539,0.6035363185261781,11.0,8.423245434288424,0.8170429739727139,0.6880459362361474,0.6757962592442617,0.1632141625081478,1.1122071985893935,0.34167388021826683,-1.163420361561187,-0.39192057121045215,0.3114571508132461,2.5767545657115765,home_favorite,7-14,wk1-4
2025,2,Cincinnati,Bowling Green,Big 12,Mid-American,False,1,0.8922804402499206,0.6145013610085578,14.0,21.13401328800667,0.4274892504646441,-0.6421712411591837,0.26046483589872527,-0.4342090217647746,0.5430207242616326,-1.2231558411779195,1.0255718665631472,-1.613769521478841,0.10771955975007941,-7.1340132880066705,home_favorite,21+,wk1-4
2025,2,Rutgers,Miami (OH),Big Ten,Mid-American,False,1,0.8569375933680832,0.6374083767444845,28.0,18.328711033772073,0.6260125841479508,-0.47704268206455464,0.19729345268553625,-0.3100294759972375,1.1788180651718725,-0.5410219854229629,0.5826054797588975,-0.13352351224130643,0.14306240663191683,9.671288966227927,home_favorite,14-21,wk1-4
2025,2,Oregon,Oklahoma State,Big Ten,Big 12,False,1,0.8976074504240602,0.9677691489361132,66.0,22.25747096925023,1.0426057205503683,0.022806808264553224,0.6910383964941871,-0.44103006954944046,1.0973934339172096,-0.5690879692422373,-1.2150997733550162,-0.2627220417258792,0.1023925495759398,43.742529030749765,home_favorite,21+,wk1-4
2025,2,Western Michigan,North Texas,Mid-American,American Athletic,False,0,0.5995452790173428,0.4483764526890395,-3.0,3.767122777015051,-0.11799985386382023,-0.17574879465285495,-0.6138110235322233,-0.47722012707754025,-0.6753410774058406,-0.5807768598714267,1.782306110687074,0.17286157196496615,-0.5995452790173428,-6.767122777015051,home_favorite,3-7,wk1-4
2025,2,Clemson,Troy,ACC,Sun Belt,False,1,0.9455935367756635,0.834459181708983,11.0,28.07173594343218,1.1524222859315225,-0.3964284809356777,0.7280285424056598,-0.29279044995577685,1.8655403006745177,-0.7477934046493179,1.1436962363776135,-0.6724659495198102,0.05440646322433651,-17.07173594343218,home_favorite,21+,wk1-4
2025,2,Kentucky,Ole Miss,SEC,SEC,False,0,0.3415277642022667,0.10787608605677308,-7.0,-7.046962850218733,0.018551069733229016,0.5252184517062783,0.36021612598260055,0.913057317120291,0.15886642095227493,0.6580247638268034,-0.9087146891487434,-1.2593964120354413,-0.3415277642022667,0.046962850218733365,away_favorite,7-14,wk1-4
2025,2,Wisconsin,Middle Tennessee,Big Ten,Conference USA,False,1,0.894074359340392,0.9137376073691662,32.0,22.195971566625694,0.4736139123604267,-0.6913408430903526,0.19892114849692372,-0.9054682796477774,0.6786757831856352,-0.776486559372275,-0.4214516636640686,1.749083631676755,0.10592564065960797,9.804028433374306,home_favorite,21+,wk1-4
2025,2,Ohio,West Virginia,Mid-American,Big 12,False,1,0.5966368214865561,0.7741479777018306,7.0,3.7684005024171916,-0.10675224489091092,0.11165114514350964,0.007783344654597207,-0.18185608517542295,-0.5757328346530897,-0.2263357964236148,0.48662942928464337,-0.9419371681590621,0.40336317851344394,3.2315994975828084,home_favorite,3-7,wk1-4
2025,2,Florida,South Florida,SEC,American Athletic,False,0,0.7606358926962663,0.7479995411960544,-2.0,12.509959630920296,0.7520742235517278,-0.05280318006783792,0.6460629101244557,0.241052246079346,0.9617819208485201,0.0075308021578257625,0.12487354672783947,1.782306110687074,-0.7606358926962663,-14.509959630920296,home_favorite,7-14,wk1-4
2025,2,Arkansas,Arkansas State,SEC,Sun Belt,True,1,0.8298446715929187,0.7898441797581306,42.0,16.974853882021883,0.597082227760068,-0.30355359343147165,0.3721374561684962,-0.5916282970143838,0.8711939456545713,-0.3332249193057294,-0.572798512488854,0.2577634627691141,0.17015532840708125,25.025146117978117,home_favorite,14-21,wk1-4
2025,2,Kansas State,Army,Big 12,American Athletic,False,0,0.9017074098262163,0.6712405808158318,-3.0,22.226287314796803,0.7084131592311763,-0.11807283584369249,0.6082450928847217,-0.5079590091620493,0.7973878344101674,-1.1277859086801876,0.6416676646661305,-0.9751596471693809,-0.9017074098262163,-25.226287314796803,home_favorite,21+,wk1-4
2025,2,South Alabama,Tulane,Sun Belt,American Athletic,False,0,0.3128772417847963,0.46551605527316847,-2.0,-8.544972167870608,-0.18297626478401013,0.45291208642090436,-0.20628567941983073,0.4272788468526554,-0.8175621509144814,0.532049685001788,-0.9677768740559768,-1.3664466221798015,-0.3128772417847963,6.544972167870608,away_favorite,7-14,wk1-4
2025,2,Rice,Houston,American Athletic,Big 12,False,0,0.30309047428434754,0.5387780920571715,-26.0,-8.539856238881285,-0.8185376783157735,-0.3090673754459802,-0.30318800896001835,0.2619681348681837,-0.898416555306877,0.5118642829546829,0.8668422446249576,1.9779495981922843,-0.30309047428434754,-17.460143761118715,away_favorite,7-14,wk1-4
2025,2,Charlotte,North Carolina,American Athletic,ACC,False,0,0.276978262620048,0.31992932426277854,-17.0,-10.33538241504392,-0.5739489877939088,0.40060281741729614,-0.37594272505639315,0.10671858591968719,-0.7498676927965588,0.6715055677779196,-1.0268390589632101,-1.3184585969426743,-0.276978262620048,-6.66461758495608,away_favorite,7-14,wk1-4
2025,2,Toledo,Western Kentucky,Mid-American,Conference USA,False,1,0.7785298245939273,0.5854986786718095,24.0,12.960109133610263,-0.49282420711351876,-0.73518440102469,-0.025539495803157886,-0.7961847171252758,-0.1258852447093334,-1.0808599085452566,0.6232107318826204,-0.6798487226332144,0.22147017540607272,11.039890866389737,home_favorite,7-14,wk1-4
2025,2,Georgia State,Memphis,Sun Belt,American Athletic,False,0,0.24271781600397396,0.14445792510730254,-22.0,-12.61015064268842,-0.5844435177834937,0.5105037091018312,-0.620758067811821,0.16121059751949374,-0.7271718151450907,0.4805793960696425,0.6232107318826204,-1.4661140592107578,-0.24271781600397396,-9.38984935731158,away_favorite,7-14,wk1-4
2025,2,Nebraska,Akron,Big Ten,Mid-American,False,1,0.9350903531885881,0.8835282880564392,68.0,26.642761128521187,0.4149396265570865,-0.7333489603771948,0.6009174431253974,-0.7776153298832882,0.6913657973853132,-1.0512420569649519,0.2836031686660287,-0.5358846469218332,0.06490964681141187,41.35723887147881,home_favorite,21+,wk1-4
2025,2,Mississippi State,Arizona State,SEC,Big 12,False,1,0.35529748592761967,0.22888573931240266,4.0,-6.339778227059032,0.211664320127957,0.720075913473169,-0.16091482187481757,0.278460472163814,0.5471856370965203,0.8363291100517947,-0.36977225187023965,0.6601245974496409,0.6447025140723803,10.339778227059032,away_favorite,3-7,wk1-4
2025,2,Oklahoma,Michigan,SEC,Big Ten,False,1,0.6879552140419789,0.42010023964211857,11.0,8.344736339912494,0.5773022900229218,0.29035811338720796,0.9979220451629414,0.680144229426719,1.2629399716363487,0.6079780052146484,0.04366304248039362,-0.4472913695609832,0.3120447859580211,2.655263660087506,home_favorite,7-14,wk1-4
2025,2,Virginia Tech,Vanderbilt,ACC,SEC,False,0,0.5246887913333664,0.6949097127295025,-24.0,1.3084268871338989,0.08172848638363803,0.43977855258602877,0.5631581454543608,0.23447284814137156,0.5441954540159473,0.7167285329809041,-0.07815271389077517,1.2655119927487823,-0.5246887913333664,-25.308426887133898,home_favorite,0-3,wk1-4
2025,2,Auburn,Ball State,SEC,Mid-American,False,1,0.9632885303324992,0.956289152264316,39.0,31.97374898391455,0.7038763752078554,-0.6600552702154514,0.8178696164602219,-0.9335088144391184,1.3377895464438465,-1.3272644815359924,-1.1006667900972518,-1.6211522945922452,0.03671146966750083,7.02625101608545,home_favorite,21+,wk1-4
2025,2,LSU,Louisiana Tech,SEC,Conference USA,False,1,0.9769018568946114,0.908134935731807,16.0,36.1344299847318,1.0302111126302989,-1.0974985435622586,0.8149472115647907,-0.6537842786511074,1.4540275296944891,-1.105562315806668,0.5309260679650684,0.09903384083092488,0.023098143105388602,-20.134429984731803,home_favorite,21+,wk1-4
2025,2,Michigan State,Boston College,Big Ten,ACC,False,1,0.5133460065372607,0.44268836623770724,2.0,0.47973243962513035,-0.1215653812078787,0.013428754623269173,0.035003850829694746,0.15666011354935433,0.2659220839949454,0.18145114685774577,0.6305935049960246,0.383270605696985,0.4866539934627393,1.5202675603748697,home_favorite,0-3,wk1-4
2025,2,USC,Georgia Southern,Big Ten,Sun Belt,False,1,0.8208504909273509,0.9533089469470878,39.0,16.16699217392005,0.7444766340074311,-0.07602022018264759,0.34420891687912447,-0.4244220711140161,0.944175113169041,-0.4952750713357625,-0.5469588065919395,1.4980693458210137,0.17914950907264915,22.83300782607995,home_favorite,14-21,wk1-4
2025,2,Alabama,UL Monroe,SEC,Sun Belt,False,1,0.962842988399624,0.9570053549512674,73.0,32.24307093457174,1.1796809297978934,-0.5283427783809462,1.0033222845350602,-0.586609002901215,1.664860651107222,-0.9935876424926702,-0.3070186804063042,0.9812752278827223,0.03715701160037599,40.75692906542826,home_favorite,21+,wk1-4
2025,2,UNLV,UCLA,Mountain West,Big Ten,False,1,0.6111634613010161,0.8445395282300351,7.0,4.926735058106788,-0.21398707375791814,-0.41451465098988494,0.14941206423936595,0.05117290206038952,-0.24342381853653788,-0.04692093510170553,-1.344298302839589,-1.0969754035405497,0.38883653869898394,2.0732649418932123,home_favorite,3-7,wk1-4
2025,2,New Mexico State,Tulsa,Conference USA,American Athletic,False,1,0.40773633179691193,0.8255259873611817,7.0,-3.6761919087819868,-1.1480052655705493,-0.9673364671087639,-1.0642647566853034,-0.7010134891988424,-1.527401066202203,-0.9720944880278479,0.1433304795113499,1.749083631676755,0.5922636682030881,10.676191908781988,away_favorite,3-7,wk1-4
2025,2,Washington State,San Diego State,Pac-12,Mountain West,False,1,0.7379036510679802,0.8230246289217321,23.0,11.265744732190281,-0.004868703049602907,-0.754115393139992,-0.3832097337819783,-0.7134017002213537,-0.41982807742069533,-0.7353831590203235,-0.9862338068394871,1.058794345573466,0.26209634893201983,11.734255267809719,home_favorite,7-14,wk1-4
2025,2,BYU,Stanford,Big 12,ACC,False,1,0.7779995185002601,0.921145206889913,24.0,12.66879685118938,0.12771273294339158,-0.3833393042322958,0.19794804204172242,-0.160330920009547,-0.062179366246140726,-0.08911918980730754,1.3098086314292074,-1.207717000241612,0.22200048149973994,11.33120314881062,home_favorite,7-14,wk1-4
2025,2,Hawai'i,Sam Houston,Mountain West,Conference USA,False,1,0.6510960039403737,0.2918336117187994,17.0,6.991361487799644,-0.5422270530525075,-0.8797921675739598,-0.33801737405212784,-0.623677949613525,-0.6073904244756116,-1.3120820048466135,-0.21104262993205,1.42055022813027,0.3489039960596263,10.008638512200356,home_favorite,3-7,wk1-4
2025,3,Wake Forest,NC State,ACC,ACC,False,0,0.2603372608343477,0.4271277486054956,-10.0,-10.647156885565117,-0.16326144584781255,0.3842901959133668,-0.36154219030493084,0.34391806205974484,-0.023463342335829335,0.8663260189596693,-0.93824578160236,1.5940453962952674,-0.2603372608343477,0.6471568855651171,away_favorite,7-14,wk1-4
2025,3,Houston,Colorado,Big 12,Big 12,False,1,0.4882690519594983,0.2918336117187994,16.0,-1.2223729900529632,-0.3090673754459802,0.11589694242818481,0.2619681348681837,0.5336828631488871,0.5118642829546829,0.27866154682881494,1.9779495981922843,-1.6359178408190533,0.5117309480405017,17.222372990052964,away_favorite,0-3,wk1-4
2025,3,Arizona,Kansas State,Big 12,Big 12,False,1,0.2710258509701936,0.3063120835780346,6.0,-10.496069684720137,-0.00865474859649007,0.7084131592311763,-0.08705074938026863,0.6082450928847217,0.21696886507720117,0.7973878344101674,0.16547879885156241,0.6416676646661305,0.7289741490298064,16.496069684720137,away_favorite,7-14,wk1-4
2025,3,UCLA,New Mexico,Big Ten,Mountain West,False,0,0.8168116282840283,0.691236152414763,-25.0,15.446950774412624,-0.41451465098988494,-0.3913795716402913,0.05117290206038952,-1.2918806982170912,-0.04692093510170553,-1.7411798645869194,-1.0969754035405497,-1.4439657398705452,-0.8168116282840283,-40.44695077441263,home_favorite,14-21,wk1-4
2025,3,Kent State,Buffalo,Mid-American,Mid-American,False,0,0.15982118935518813,0.08902396853465472,-3.0,-16.859107304776558,-1.5595862563572478,-0.5524515931283356,-1.0946725692352561,-0.1880344000518289,-1.66544448826741,-0.6112904826386858,-1.4882623785509703,0.5272346814083663,-0.15982118935518813,13.859107304776558,away_favorite,14-21,wk1-4
2025,3,Alabama,Wisconsin,SEC,Big Ten,False,1,0.838652334630158,0.8915686668733666,24.0,17.02288920832451,1.1796809297978934,0.4736139123604267,1.0033222845350602,0.19892114849692372,1.664860651107222,0.6786757831856352,-0.3070186804063042,-0.4214516636640686,0.16134766536984202,6.977110791675489,home_favorite,14-21,wk1-4
2025,3,Michigan,Central Michigan,Big Ten,Mid-American,False,1,0.9146428965055658,0.969855570799269,60.0,23.950568695661843,0.29035811338720796,-0.7987423636173936,0.680144229426719,-0.474276017856499,0.6079780052146484,-1.1238691231378248,-0.4472913695609832,-1.525176244117991,0.08535710349443415,36.04943130433816,home_favorite,21+,wk1-4
2025,3,Temple,Oklahoma,American Athletic,SEC,False,0,0.06707856955873566,0.13015005092569085,-39.0,-26.86354095726416,-1.1026933261458312,0.5773022900229218,-0.6470089730199495,0.9979220451629414,-0.919482457584853,1.2629399716363487,1.782306110687074,0.04366304248039362,-0.06707856955873566,-12.13645904273584,away_favorite,21+,wk1-4
2025,3,Northwestern,Oregon,Big Ten,Big Ten,False,0,0.26423967225619177,0.046691053052912136,-20.0,-11.321255085125635,-0.14880800397226757,1.0426057205503683,0.1896100176677179,0.6910383964941871,0.4082032389868948,1.0973934339172096,0.6047537990991101,-1.2150997733550162,-0.26423967225619177,-8.678744914874365,away_favorite,7-14,wk1-4
2025,3,Georgia Tech,Clemson,ACC,ACC,False,1,0.5100258052529059,0.3950870979920432,3.0,0.20403955077996372,1.0699217492437327,1.1524222859315225,0.47750322650377947,0.7280285424056598,1.3817128660974938,1.8655403006745177,1.0883254380270828,1.1436962363776135,0.48997419474709414,2.7959604492200363,home_favorite,0-3,wk1-4
2025,3,Troy,Memphis,Sun Belt,American Athletic,False,0,0.3065414598913666,0.38141587791096926,-21.0,-8.97029444413348,-0.3964284809356777,0.5105037091018312,-0.29279044995577685,0.16121059751949374,-0.7477934046493179,0.4805793960696425,-0.6724659495198102,-1.4661140592107578,-0.3065414598913666,-12.02970555586652,away_favorite,7-14,wk1-4
2025,3,Auburn,South Alabama,SEC,Sun Belt,False,1,0.876925059939589,0.7256856462717871,16.0,20.23610909502861,0.7038763752078554,-0.18297626478401013,0.8178696164602219,-0.20628567941983073,1.3377895464438465,-0.8175621509144814,-1.1006667900972518,-0.9677768740559768,0.12307494006041098,-4.23610909502861,home_favorite,14-21,wk1-4
2025,3,Missouri,Louisiana,SEC,Sun Belt,False,1,0.9161753886088873,0.8179376310581157,42.0,24.4466108231687,0.8170429739727139,-0.2505806114343202,0.6757962592442617,-0.6952687131531011,1.1122071985893935,-0.7690596846526245,-1.163420361561187,0.20608405097528493,0.08382461139111275,17.5533891768313,home_favorite,21+,wk1-4
2025,3,North Texas,Washington State,American Athletic,Pac-12,False,1,0.548202114197368,0.3854986389914422,49.0,1.6335320757798122,-0.17574879465285495,-0.004868703049602907,-0.47722012707754025,-0.3832097337819783,-0.5807768598714267,-0.41982807742069533,0.17286157196496615,-0.9862338068394871,0.451797885802632,47.36646792422019,home_favorite,0-3,wk1-4
2025,3,Tennessee,Georgia,SEC,SEC,False,0,0.4977747626492871,0.2520004588039456,-3.0,-0.06006977722732465,0.5986492246668447,0.8630109775148891,0.7189988884410801,0.7171753075013958,0.601031538139353,0.9921259312855266,-1.0895926304271455,-0.524810487251727,-0.4977747626492871,-2.9399302227726754,away_favorite,0-3,wk1-4
2025,3,Purdue,USC,Big Ten,Big Ten,False,0,0.2540170838020198,0.04347085741139391,-16.0,-11.68869173044289,-0.2459339459806703,0.7444766340074311,-0.32147251315145814,0.34420891687912447,0.09753976442086111,0.944175113169041,0.09903384083092488,-0.5469588065919395,-0.2540170838020198,-4.311308269557109,away_favorite,7-14,wk1-4
2025,3,West Virginia,Pittsburgh,Big 12,ACC,False,1,0.3601165553437724,0.5230095872975623,7.0,-5.814085932516733,0.11165114514350964,0.1443745103738715,-0.18185608517542295,0.5572884531032432,-0.2263357964236148,0.5292547963897177,-0.9419371681590621,0.8594594715115534,0.6398834446562276,12.814085932516733,away_favorite,3-7,wk1-4
2025,3,Texas Tech,Oregon State,Big 12,Pac-12,False,1,0.8859969464726836,0.8756036686409934,31.0,20.87909914336103,0.9309581180031918,0.01837425593207967,0.5943445404895336,-0.3943665458769685,1.6897159580700634,-0.17137947558926647,0.2688376224392204,0.02151472314018111,0.11400305352731643,10.120900856638968,home_favorite,14-21,wk1-4
2025,3,Arkansas State,Iowa State,Sun Belt,Big 12,False,0,0.349975009436718,0.1423366814461431,-8.0,-6.743460327458784,-0.30355359343147165,0.12347875934473701,-0.5916282970143838,0.03891225630374049,-0.3332249193057294,0.11689727697563768,0.2577634627691141,0.2503806896557099,-0.349975009436718,-1.2565396725412157,away_favorite,3-7,wk1-4
2025,3,Texas,UTEP,SEC,Conference USA,False,1,0.9699309996026215,0.9853415916855764,17.0,34.59905128500791,1.0330099802845472,-0.9909018788257972,1.183879022945504,-0.5121892865549666,1.824200982587858,-0.9088656403952472,-0.8607266639116165,1.785997497243776,0.030069000397378476,-17.59905128500791,home_favorite,21+,wk1-4
2025,3,Miami,South Florida,ACC,American Athletic,False,1,0.8616389656858159,0.8029091701538159,37.0,19.51712505952505,1.4322229964906352,-0.05280318006783792,0.8366716538976384,0.241052246079346,1.763032500476799,0.0075308021578257625,-1.4439657398705452,1.782306110687074,0.13836103431418412,17.48287494047495,home_favorite,14-21,wk1-4
2025,3,Bowling Green,Liberty,Mid-American,Conference USA,False,1,0.3406001881489098,0.5071950817090514,10.0,-6.38191355683464,-0.6421712411591837,-0.17956074297012423,-0.4342090217647746,-0.2047070106361706,-1.2231558411779195,-0.2158608757405748,-1.613769521478841,1.7712319510169676,0.6593998118510902,16.38191355683464,away_favorite,3-7,wk1-4
2025,3,Nevada,Middle Tennessee,Mountain West,Conference USA,False,0,0.7039165527172255,0.7233878694391705,-1.0,9.309798017689287,-0.27228002007891683,-0.6913408430903526,-0.536731971808911,-0.9054682796477774,-0.8381248312824254,-0.776486559372275,0.5235432948516642,1.749083631676755,-0.7039165527172255,-10.309798017689287,home_favorite,7-14,wk1-4
2025,3,Florida International,Florida Atlantic,Conference USA,American Athletic,False,1,0.43174173405686495,0.7414335229692995,10.0,-3.1602966008815896,-0.7823259235665265,-0.41987572700448106,-0.6579398561856871,-0.31705243053153276,-0.933048814961539,-0.31957680379953685,-0.34762393253002716,-1.1375806556642727,0.568258265943135,13.16029660088159,away_favorite,3-7,wk1-4
2025,3,Georgia Southern,Jacksonville State,Sun Belt,Conference USA,False,1,0.6846994850904865,0.19257581832872078,7.0,8.019129947158508,-0.07602022018264759,-0.3746183407772852,-0.4244220711140161,-0.6341232146381584,-0.4952750713357625,-1.1119227514328105,1.4980693458210137,1.206449807841549,0.3153005149095135,-1.0191299471585076,home_favorite,7-14,wk1-4
2025,3,Southern Miss,App State,Sun Belt,Sun Belt,False,1,0.6446490643971774,0.15927695733838498,16.0,6.0208985572142275,-0.734698983868505,-0.5965783814841096,-0.3065232273265034,-0.6905450765007092,-0.13852255471943886,-0.9683639803035357,0.025206109696883194,-1.384903554963312,0.3553509356028226,9.979101442785772,home_favorite,3-7,wk1-4
2025,3,Ole Miss,Arkansas,SEC,SEC,False,1,0.6454692878623474,0.8583646041738978,6.0,6.481213809665686,0.5252184517062783,0.597082227760068,0.913057317120291,0.3721374561684962,0.6580247638268034,0.8711939456545713,-1.2593964120354413,-0.572798512488854,0.35453071213765264,-0.48121380966568594,home_favorite,3-7,wk1-4
2025,3,Ohio State,Ohio,Big Ten,Mid-American,False,1,0.9147160672251372,0.9190290491945513,28.0,24.33284961891392,1.229031845615601,-0.10675224489091092,1.121124211220414,0.007783344654597207,1.342121218993581,-0.5757328346530897,-0.7684419999940644,0.48662942928464337,0.08528393277486279,3.6671503810860813,home_favorite,21+,wk1-4
2025,3,Illinois,Western Michigan,Big Ten,Mid-American,False,1,0.793049874941844,0.9066840316615196,38.0,14.302907225488422,0.4434558682104096,-0.11799985386382023,0.18535727915109668,-0.6138110235322233,0.8754422212025454,-0.6753410774058406,0.032588882810287365,1.782306110687074,0.20695012505815602,23.697092774511578,home_favorite,14-21,wk1-4
2025,3,Virginia Tech,Old Dominion,ACC,Sun Belt,False,0,0.7870020057882766,0.6226501957872621,-19.0,13.928388339622803,0.08172848638363803,-0.3037174705655894,0.5631581454543608,-0.363353108655311,0.5441954540159473,-0.8005428852570526,-0.07815271389077517,0.8336197656146389,-0.7870020057882766,-32.9283883396228,home_favorite,7-14,wk1-4
2025,3,LSU,Florida,SEC,SEC,False,1,0.6715229305116148,0.6813218351663937,10.0,7.400893266736204,1.0302111126302989,0.7520742235517278,0.8149472115647907,0.6460629101244557,1.4540275296944891,0.9617819208485201,0.5309260679650684,0.12487354672783947,0.3284770694883852,2.5991067332637963,home_favorite,7-14,wk1-4
2025,3,Louisiana Tech,New Mexico State,Conference USA,Conference USA,False,1,0.6527582718004705,0.7731399130767673,35.0,6.736395086105604,-1.0974985435622586,-1.1480052655705493,-0.6537842786511074,-1.0642647566853034,-1.105562315806668,-1.527401066202203,0.09903384083092488,0.1433304795113499,0.3472417281995295,28.263604913894397,home_favorite,3-7,wk1-4
2025,3,Kentucky,Eastern Michigan,SEC,Mid-American,False,1,0.8467654249450578,0.8737104209450813,25.0,17.79426177200949,0.018551069733229016,-0.8048633463990421,0.36021612598260055,-0.47586249370378975,0.15886642095227493,-0.9487263006141853,-0.9087146891487434,-0.9862338068394871,0.1532345750549422,7.2057382279905084,home_favorite,14-21,wk1-4
2025,3,Notre Dame,Texas A&M,FBS Independents,SEC,False,0,0.5681302952960962,0.9487547111474991,-1.0,3.1200194088826034,1.0346653162485375,0.9495940509682228,0.8932156398494558,0.8336084444499188,1.5159773199399198,1.2464131550638042,-0.5469588065919395,0.8742250177383618,-0.5681302952960962,-4.120019408882603,home_favorite,3-7,wk1-4
2025,3,Iowa,Massachusetts,Big Ten,Mid-American,False,1,0.8896566758269091,0.9760410337244223,40.0,21.51783208804483,0.37770006175058957,-0.590249961649425,0.20399539633870495,-0.922168944199321,0.45908832692665813,-1.1852268361760392,-0.10399241978768976,0.9111388833053827,0.1103433241730909,18.48216791195517,home_favorite,21+,wk1-4
2025,3,Coastal Carolina,East Carolina,Sun Belt,American Athletic,False,0,0.4185086833307856,0.3572869311673796,-38.0,-3.9505797688371462,-0.5549305623368663,-0.17779171172561892,-0.5406604398045117,-0.044170827662308086,-0.9097623986524599,-0.2772786641883975,1.6715645139860114,-0.037547461767052245,-0.4185086833307856,-34.049420231162856,away_favorite,3-7,wk1-4
2025,3,South Carolina,Vanderbilt,SEC,SEC,False,0,0.6492968298578983,0.784053683887815,-24.0,6.707699628836867,0.37330042482220743,0.43977855258602877,0.8140540943477095,0.23447284814137156,0.774626197445033,0.7167285329809041,0.4017275384804954,1.2655119927487823,-0.6492968298578983,-30.707699628836867,home_favorite,3-7,wk1-4
2025,3,Wyoming,Utah,Mountain West,Big 12,False,0,0.22527635673619256,0.2530870785710568,-25.0,-13.418048999002995,-0.7482808984071666,-0.02554181395604249,-0.35560719940453056,0.8184997632235893,-0.7597045644095228,0.8274733826875964,0.9517441354291056,-1.388594941520014,-0.22527635673619256,-11.581951000997005,away_favorite,7-14,wk1-4
2025,3,Tulane,Duke,American Athletic,ACC,False,1,0.5859889709629501,0.8038185194246843,7.0,3.733632301309952,0.45291208642090436,0.10728525996515623,0.4272788468526554,0.6328722964040288,0.532049685001788,0.5031593247651899,-1.3664466221798015,-1.244630865808633,0.4140110290370499,3.266367698690048,home_favorite,3-7,wk1-4
2025,3,UAB,Akron,American Athletic,Mid-American,False,1,0.6089394504817219,0.8604511617577122,3.0,4.3577133676899376,-0.7188043802316813,-0.7333489603771948,-0.7407039353696859,-0.7776153298832882,-1.1850372359823287,-1.0512420569649519,0.7782489672641076,-0.5358846469218332,0.39106054951827807,-1.3577133676899376,home_favorite,3-7,wk1-4
2025,3,California,Minnesota,ACC,Big Ten,False,1,0.28231670011439614,0.4913661641789174,13.0,-9.737161757511082,-0.2831254298741182,0.4158367655195719,0.047252258905695586,0.6109934467114793,-0.052691314542877316,0.5375817696289584,-1.0748270842003371,-0.27379620139598543,0.7176832998856039,22.737161757511082,away_favorite,7-14,wk1-4
2025,3,Stanford,Boston College,ACC,ACC,False,1,0.3729276053122968,0.2607797458593321,10.0,-5.2360722940156785,-0.3833393042322958,0.013428754623269173,-0.160330920009547,0.15666011354935433,-0.08911918980730754,0.18145114685774577,-1.207717000241612,0.383270605696985,0.6270723946877033,15.236072294015678,away_favorite,3-7,wk1-4
2025,3,Arizona State,Texas State,Big 12,Sun Belt,False,1,0.714011040297688,0.6737761878883222,19.0,9.758185104056292,0.720075913473169,0.05965098135161566,0.278460472163814,0.12867298030440388,0.8363291100517947,-0.23313819387399654,0.6601245974496409,1.5165262786045242,0.285988959702312,9.241814895943708,home_favorite,7-14,wk1-4
2025,4,Charlotte,Rice,American Athletic,American Athletic,False,0,0.5479837271322621,0.4913661641789174,-11.0,2.4970568782516835,-0.5739489877939088,-0.8185376783157735,-0.37594272505639315,-0.30318800896001835,-0.7498676927965588,-0.898416555306877,-1.0268390589632101,0.8668422446249576,-0.5479837271322621,-13.497056878251684,home_favorite,0-3,wk1-4
2025,4,Oklahoma State,Tulsa,Big 12,American Athletic,False,0,0.7652873534646317,0.7811154027299616,-7.0,12.792373488922482,0.022806808264553224,-0.9673364671087639,-0.44103006954944046,-0.7010134891988424,-0.5690879692422373,-0.9720944880278479,-0.2627220417258792,1.749083631676755,-0.7652873534646317,-19.792373488922482,home_favorite,7-14,wk1-4
2025,4,Rutgers,Iowa,Big Ten,Big Ten,False,0,0.6412298733469816,0.4075337694156682,-10.0,5.877983960201597,0.6260125841479508,0.37770006175058957,0.19729345268553625,0.20399539633870495,1.1788180651718725,0.45908832692665813,0.5826054797588975,-0.10399241978768976,-0.6412298733469816,-15.877983960201597,home_favorite,3-7,wk1-4
2025,4,Louisville,Bowling Green,ACC,Mid-American,False,1,0.9226137060621844,0.8737104209450813,23.0,24.774982492449368,0.6957096219307739,-0.6421712411591837,0.4918203537704797,-0.4342090217647746,0.9182631499150185,-1.2231558411779195,-0.1925856971485396,-1.613769521478841,0.0773862939378156,-1.774982492449368,home_favorite,21+,wk1-4
2025,4,Army,North Texas,American Athletic,American Athletic,False,0,0.556174478766002,0.6334077000711676,-7.0,2.4760022103166954,-0.11807283584369249,-0.17574879465285495,-0.5079590091620493,-0.47722012707754025,-1.1277859086801876,-0.5807768598714267,-0.9751596471693809,0.17286157196496615,-0.556174478766002,-9.476002210316695,home_favorite,0-3,wk1-4
2025,4,TCU,SMU,Big 12,ACC,False,1,0.4724389399696044,0.5952430396515719,11.0,-1.4377246924371105,0.6752128359514915,0.6300087145715739,0.07546250853823852,0.6466393309125587,0.7700299467727646,1.145678535310898,0.3315911939031558,-0.056004394550562664,0.5275610600303956,12.437724692437111,away_favorite,0-3,wk1-4
2025,4,Clemson,Syracuse,ACC,ACC,False,0,0.9049486070944589,0.8288176477542757,-13.0,22.368892780177838,1.1524222859315225,0.18316391680226965,0.7280285424056598,-0.16642430927585616,1.8655403006745177,-0.284143791787164,1.1436962363776135,-1.3775207818499078,-0.9049486070944589,-35.36889278017784,home_favorite,21+,wk1-4
2025,4,Wisconsin,Maryland,Big Ten,Big Ten,False,0,0.7816667839727729,0.6788169197947567,-17.0,13.115692369227585,0.4736139123604267,-0.1932535162035939,0.19892114849692372,-0.15403644759675914,0.6786757831856352,-0.4983630645694563,-0.4214516636640686,-1.432891580200439,-0.7816667839727729,-30.115692369227585,home_favorite,7-14,wk1-4
2025,4,Utah,Texas Tech,Big 12,Big 12,False,0,0.36566807851132255,0.5615679389736461,-24.0,-5.532301367143045,-0.02554181395604249,0.9309581180031918,0.8184997632235893,0.5943445404895336,0.8274733826875964,1.6897159580700634,-1.388594941520014,0.2688376224392204,-0.36566807851132255,-18.467698632856955,away_favorite,3-7,wk1-4
2025,4,Memphis,Arkansas,American Athletic,SEC,False,1,0.49090254137653944,0.5644004902404213,1.0,-0.36609869413868834,0.5105037091018312,0.597082227760068,0.16121059751949374,0.3721374561684962,0.4805793960696425,0.8711939456545713,-1.4661140592107578,-0.572798512488854,0.5090974586234606,1.3660986941386883,away_favorite,0-3,wk1-4
2025,4,Miami (OH),UNLV,Mid-American,Mountain West,False,0,0.4329447388062062,0.30509028727049736,-3.0,-3.1535725688052816,-0.47704268206455464,-0.21398707375791814,-0.3100294759972375,0.14941206423936595,-0.5410219854229629,-0.24342381853653788,-0.13352351224130643,-1.344298302839589,-0.4329447388062062,0.15357256880528158,away_favorite,3-7,wk1-4
2025,4,Tennessee,UAB,SEC,American Athletic,False,1,0.9325284807325431,0.9631698996766197,32.0,26.814545628390864,0.5986492246668447,-0.7188043802316813,0.7189988884410801,-0.7407039353696859,0.601031538139353,-1.1850372359823287,-1.0895926304271455,0.7782489672641076,0.06747151926745687,5.185454371609136,home_favorite,21+,wk1-4
2025,4,Oregon,Oregon State,Big Ten,Pac-12,False,1,0.8905637145049689,0.9856704765188247,34.0,21.614794229669986,1.0426057205503683,0.01837425593207967,0.6910383964941871,-0.3943665458769685,1.0973934339172096,-0.17137947558926647,-1.2150997733550162,0.02151472314018111,0.10943628549503115,12.385205770330014,home_favorite,21+,wk1-4
2025,4,Florida State,Kent State,ACC,Mid-American,False,1,0.9521157495517883,0.9663013437531566,56.0,29.789561053455188,-0.04272106663224845,-1.5595862563572478,0.3630059133676533,-1.0946725692352561,0.8204564650975007,-1.66544448826741,-1.4218174205303327,-1.4882623785509703,0.04788425044821165,26.210438946544812,home_favorite,21+,wk1-4
2025,4,Ole Miss,Tulane,SEC,American Athletic,False,1,0.6771570099067508,0.8768522650807969,35.0,7.835703645302988,0.5252184517062783,0.45291208642090436,0.913057317120291,0.4272788468526554,0.6580247638268034,0.532049685001788,-1.2593964120354413,-1.3664466221798015,0.32284299009324924,27.16429635469701,home_favorite,7-14,wk1-4
2025,4,UCF,North Carolina,Big 12,ACC,False,1,0.6489155739680184,0.7392202541406678,25.0,6.2719244186867185,0.5220435039516178,0.40060281741729614,0.28488102417700334,0.10671858591968719,0.30677628511442556,0.6715055677779196,-0.7610592268806602,-1.3184585969426743,0.35108442603198164,18.72807558131328,home_favorite,3-7,wk1-4
2025,4,Nebraska,Michigan,Big Ten,Big Ten,False,0,0.5847690306092059,0.37599824138233284,-3.0,3.507181521005808,0.4149396265570865,0.29035811338720796,0.6009174431253974,0.680144229426719,0.6913657973853132,0.6079780052146484,0.2836031686660287,-0.4472913695609832,-0.5847690306092059,-6.507181521005808,home_favorite,3-7,wk1-4
2025,4,Notre Dame,Purdue,FBS Independents,Big Ten,False,1,0.924176690149173,0.9942785242829096,26.0,25.35998733887643,1.0346653162485375,-0.2459339459806703,0.8932156398494558,-0.32147251315145814,1.5159773199399198,0.09753976442086111,-0.5469588065919395,0.09903384083092488,0.07582330985082697,0.6400126611235706,home_favorite,21+,wk1-4
2025,4,Western Michigan,Toledo,Mid-American,Mid-American,False,1,0.5492237552458357,0.24661392221438547,1.0,1.775626301343146,-0.11799985386382023,-0.49282420711351876,-0.6138110235322233,-0.025539495803157886,-0.6753410774058406,-0.1258852447093334,1.782306110687074,0.6232107318826204,0.45077624475416433,-0.7756263013431459,home_favorite,0-3,wk1-4
2025,4,Liberty,James Madison,Conference USA,Sun Belt,False,0,0.481299550160172,0.4019862342306564,-18.0,-1.0087696509721846,-0.17956074297012423,-0.125254645941418,-0.2047070106361706,0.20562328686910367,-0.2158608757405748,-0.27378750134629326,1.7712319510169676,0.9886580009961264,-0.481299550160172,-16.991230349027816,away_favorite,0-3,wk1-4
2025,4,Buffalo,Troy,Mid-American,Sun Belt,False,0,0.5769818872372969,0.5230095872975623,-4.0,3.04842585735045,-0.5524515931283356,-0.3964284809356777,-0.1880344000518289,-0.29279044995577685,-0.6112904826386858,-0.7477934046493179,0.5272346814083663,-0.6724659495198102,-0.5769818872372969,-7.04842585735045,home_favorite,3-7,wk1-4
2025,4,Eastern Michigan,Louisiana,Mid-American,Sun Belt,False,1,0.46872540916753125,0.384135895746244,3.0,-1.1832538618857873,-0.8048633463990421,-0.2505806114343202,-0.47586249370378975,-0.6952687131531011,-0.9487263006141853,-0.7690596846526245,-0.9862338068394871,0.20608405097528493,0.5312745908324688,4.183253861885787,away_favorite,0-3,wk1-4
2025,4,UConn,Ball State,FBS Independents,Mid-American,False,1,0.8822958903728338,0.9198816569709808,6.0,20.232116675455018,-0.019612497080642846,-0.6600552702154514,0.11868565309047575,-0.9335088144391184,-0.024874087649063154,-1.3272644815359924,0.6047537990991101,-1.6211522945922452,0.11770410962716615,-14.232116675455018,home_favorite,14-21,wk1-4
2025,4,Oklahoma,Auburn,SEC,SEC,False,1,0.5966057475647465,0.667418421873223,7.0,3.934408020359794,0.5773022900229218,0.7038763752078554,0.9979220451629414,0.8178696164602219,1.2629399716363487,1.3377895464438465,0.04366304248039362,-1.1006667900972518,0.4033942524352535,3.065591979640206,home_favorite,3-7,wk1-4
2025,4,Duke,NC State,ACC,ACC,False,1,0.4948004387187185,0.5086338358210827,12.0,0.38360962791834075,0.10728525996515623,0.3842901959133668,0.6328722964040288,0.34391806205974484,0.5031593247651899,0.8663260189596693,-1.244630865808633,1.5940453962952674,0.5051995612812815,11.616390372081659,away_favorite,0-3,wk1-4
2025,4,Mississippi State,Northern Illinois,SEC,Mid-American,False,1,0.7099020121334016,0.5686413918836677,28.0,9.515788771505019,0.211664320127957,-0.55644059156056,-0.16091482187481757,-0.16094036291672678,0.5471856370965203,-0.9450962470028557,-0.36977225187023965,0.05473720215049987,0.29009798786659835,18.48421122849498,home_favorite,7-14,wk1-4
2025,4,Georgia Tech,Temple,ACC,American Athletic,False,1,0.9649820635527163,0.9109760314653452,21.0,32.66215849925237,1.0699217492437327,-1.1026933261458312,0.47750322650377947,-0.6470089730199495,1.3817128660974938,-0.919482457584853,1.0883254380270828,1.782306110687074,0.03501793644728368,-11.66215849925237,home_favorite,21+,wk1-4
2025,4,Kansas,West Virginia,Big 12,Big 12,False,1,0.7647480617428399,0.7565805942950526,31.0,12.136896826225989,0.6880459362361474,0.11165114514350964,0.1632141625081478,-0.18185608517542295,0.34167388021826683,-0.2263357964236148,-0.39192057121045215,-0.9419371681590621,0.23525193825716006,18.86310317377401,home_favorite,7-14,wk1-4
2025,4,Kennesaw State,Arkansas State,Conference USA,Sun Belt,False,1,0.2861982520325267,0.5115108912177917,7.0,-9.687618277951948,-1.237707123428915,-0.30355359343147165,-0.973803279672907,-0.5916282970143838,-1.3743418419804394,-0.3332249193057294,-0.2147340164887521,0.2577634627691141,0.7138017479674733,16.687618277951948,away_favorite,7-14,wk1-4
2025,4,Missouri,South Carolina,SEC,SEC,False,1,0.590187761163723,0.7325072897556676,9.0,4.2014600839996294,0.8170429739727139,0.37330042482220743,0.6757962592442617,0.8140540943477095,1.1122071985893935,0.774626197445033,-1.163420361561187,0.4017275384804954,0.40981223883627704,4.7985399160003706,home_favorite,3-7,wk1-4
2025,4,Middle Tennessee,Marshall,Conference USA,Sun Belt,False,0,0.34973131395926743,0.1872623183634652,-14.0,-6.705145040071887,-0.6913408430903526,-0.3249255067410036,-0.9054682796477774,-0.2372294293006896,-0.776486559372275,-0.853691281652078,1.749083631676755,1.8007630434705841,-0.34973131395926743,-7.294854959928113,away_favorite,3-7,wk1-4
2025,4,Western Kentucky,Nevada,Conference USA,Mountain West,False,1,0.3899956734104879,0.7347570893165466,15.0,-4.652400709672202,-0.73518440102469,-0.27228002007891683,-0.7961847171252758,-0.536731971808911,-1.0808599085452566,-0.8381248312824254,-0.6798487226332144,0.5235432948516642,0.6100043265895121,19.6524007096722,away_favorite,3-7,wk1-4
2025,4,South Alabama,Coastal Carolina,Sun Belt,Sun Belt,False,0,0.6521188249778118,0.9203048806723595,-18.0,7.187243713616323,-0.18297626478401013,-0.5549305623368663,-0.20628567941983073,-0.5406604398045117,-0.8175621509144814,-0.9097623986524599,-0.9677768740559768,1.6715645139860114,-0.6521188249778118,-25.187243713616322,home_favorite,7-14,wk1-4
2025,4,East Carolina,BYU,American Athletic,Big 12,False,0,0.4151071874761767,0.384135895746244,-21.0,-3.4286827159219726,-0.17779171172561892,0.12771273294339158,-0.044170827662308086,0.19794804204172242,-0.2772786641883975,-0.062179366246140726,-0.037547461767052245,1.3098086314292074,-0.4151071874761767,-17.571317284078027,away_favorite,3-7,wk1-4
2025,4,Virginia,Stanford,ACC,ACC,False,1,0.6766674771895296,0.8391753178526756,28.0,7.752741924330557,-0.04253883968415184,-0.3833393042322958,0.023989580387639375,-0.160330920009547,0.40237167999980045,-0.08911918980730754,-0.8718008235817225,-1.207717000241612,0.3233325228104704,20.247258075669443,home_favorite,7-14,wk1-4
2025,4,Baylor,Arizona State,Big 12,Big 12,False,0,0.6475529472704078,0.39096739659576046,-3.0,6.1688162515183524,0.8714110606957501,0.720075913473169,0.40122921116118404,0.278460472163814,1.1803637612517588,0.8363291100517947,1.1400048498209114,0.6601245974496409,-0.6475529472704078,-9.168816251518352,home_favorite,3-7,wk1-4
2025,4,Louisiana Tech,Southern Miss,Conference USA,Sun Belt,False,1,0.404005534207347,0.8870357268841216,10.0,-4.124505248137261,-1.0974985435622586,-0.734698983868505,-0.6537842786511074,-0.3065232273265034,-1.105562315806668,-0.13852255471943886,0.09903384083092488,0.025206109696883194,0.595994465792653,14.124505248137261,away_favorite,3-7,wk1-4
2025,4,Miami,Florida,ACC,SEC,False,1,0.7150036381007797,0.7936407431881689,19.0,9.911732910479346,1.4322229964906352,0.7520742235517278,0.8366716538976384,0.6460629101244557,1.763032500476799,0.9617819208485201,-1.4439657398705452,0.12487354672783947,0.2849963618992203,9.088267089520654,home_favorite,7-14,wk1-4
2025,4,Vanderbilt,Georgia State,SEC,Sun Belt,False,1,0.8845712011112039,0.9484741124025332,49.0,20.73631300601013,0.43977855258602877,-0.5844435177834937,0.23447284814137156,-0.620758067811821,0.7167285329809041,-0.7271718151450907,1.2655119927487823,0.6232107318826204,0.11542879888879609,28.26368699398987,home_favorite,14-21,wk1-4
2025,4,Indiana,Illinois,Big Ten,Big Ten,False,1,0.830027531583468,0.7859966022821575,53.0,16.616466637192918,1.2422463509082853,0.4434558682104096,0.9451939866900845,0.18535727915109668,1.4432246215992346,0.8754422212025454,-0.978851033726083,0.032588882810287365,0.16997246841653202,36.383533362807086,home_favorite,14-21,wk1-4
2025,4,Washington State,Washington,Pac-12,Big Ten,False,0,0.39430058871486434,0.2847472489508014,-35.0,-4.615868686318033,-0.004868703049602907,0.28815612105794985,-0.3832097337819783,0.1038191695802356,-0.41982807742069533,0.43231312989326626,-0.9862338068394871,-0.340241159416623,-0.39430058871486434,-30.384131313681966,away_favorite,3-7,wk1-4
2025,4,Texas,Sam Houston,SEC,Conference USA,False,1,0.9716819623035996,0.9703563781310416,55.0,35.008854363204115,1.0330099802845472,-0.8797921675739598,1.183879022945504,-0.623677949613525,1.824200982587858,-1.3120820048466135,-0.8607266639116165,1.42055022813027,0.0283180376964004,19.991145636795885,home_favorite,21+,wk1-4
2025,4,UTEP,UL Monroe,Conference USA,Sun Belt,False,0,0.4964913752545776,0.7565805942950526,-6.0,-0.3451874836787394,-0.9909018788257972,-0.5283427783809462,-0.5121892865549666,-0.586609002901215,-0.9088656403952472,-0.9935876424926702,1.785997497243776,0.9812752278827223,-0.4964913752545776,-5.654812516321261,away_favorite,0-3,wk1-4
2025,4,Colorado State,UTSA,Mountain West,American Athletic,False,0,0.271832755513556,0.399221754109989,-1.0,-10.087298707658523,-0.4245473080603209,-0.07080424903368346,-0.37952427851777853,0.48577885448716374,-0.647988392022429,0.12390482050035928,-0.044930234880456416,1.6457248080890967,-0.271832755513556,9.087298707658523,away_favorite,7-14,wk1-4
2025,4,Colorado,Wyoming,Big 12,Mountain West,False,1,0.819928316513238,0.8698499490743091,17.0,16.451233159821204,0.11589694242818481,-0.7482808984071666,0.5336828631488871,-0.35560719940453056,0.27866154682881494,-0.7597045644095228,-1.6359178408190533,0.9517441354291056,0.18007168348676195,0.5487668401787964,home_favorite,14-21,wk1-4
2025,4,San Diego State,California,Mountain West,ACC,False,1,0.35154497983371624,0.20261368597229626,34.0,-7.019582943403105,-0.754115393139992,-0.2831254298741182,-0.7134017002213537,0.047252258905695586,-0.7353831590203235,-0.052691314542877316,1.058794345573466,-1.0748270842003371,0.6484550201662838,41.01958294340311,away_favorite,7-14,wk1-4
2025,4,USC,Michigan State,Big Ten,Big Ten,False,1,0.7685424234289884,0.9567678748368029,14.0,12.795477791507341,0.7444766340074311,-0.1215653812078787,0.34420891687912447,0.035003850829694746,0.944175113169041,0.2659220839949454,-0.5469588065919395,0.6305935049960246,0.23145757657101163,1.2045222084926586,home_favorite,7-14,wk1-4
2025,4,Hawai'i,Fresno State,Mountain West,Mountain West,False,0,0.49897758195485964,0.22085937918053045,-2.0,-0.3249033807768682,-0.5422270530525075,-0.2365806536797485,-0.33801737405212784,-0.22426853273631947,-0.6073904244756116,-0.43930313326097353,-0.21104262993205,-1.2704705717055476,-0.49897758195485964,-1.6750966192231318,away_favorite,0-3,wk1-4
2025,5,East Carolina,Army,American Athletic,American Athletic,False,1,0.6736153269999967,0.42571979634547563,22.0,7.398616696934248,-0.17779171172561892,-0.11807283584369249,-0.044170827662308086,-0.5079590091620493,-0.2772786641883975,-1.1277859086801876,-0.037547461767052245,-0.9751596471693809,0.3263846730000033,14.601383303065752,home_favorite,7-14,wk5-9
2025,5,Virginia,Florida State,ACC,ACC,False,1,0.5002290236219131,0.5756869523764296,8.0,-0.12189363649278295,-0.04253883968415184,-0.04272106663224845,0.023989580387639375,0.3630059133676533,0.40237167999980045,0.8204564650975007,-0.8718008235817225,-1.4218174205303327,0.4997709763780869,8.121893636492782,home_favorite,0-3,wk5-9
2025,5,Arizona State,TCU,Big 12,Big 12,False,1,0.6408552462783175,0.5756869523764296,3.0,5.87182525886535,0.720075913473169,0.6752128359514915,0.278460472163814,0.07546250853823852,0.8363291100517947,0.7700299467727646,0.6601245974496409,0.3315911939031558,0.35914475372168253,-2.87182525886535,home_favorite,3-7,wk5-9
2025,5,Oregon State,Houston,Pac-12,Big 12,False,0,0.44776770602122334,0.3149403910066497,-3.0,-1.8802981414427373,0.01837425593207967,-0.3090673754459802,-0.3943665458769685,0.2619681348681837,-0.17137947558926647,0.5118642829546829,0.02151472314018111,1.9779495981922843,-0.44776770602122334,-1.1197018585572627,away_favorite,0-3,wk5-9
2025,5,Arkansas,Notre Dame,SEC,FBS Independents,False,0,0.3689398211824835,0.0988131708783323,-43.0,-5.862727449041294,0.597082227760068,1.0346653162485375,0.3721374561684962,0.8932156398494558,0.8711939456545713,1.5159773199399198,-0.572798512488854,-0.5469588065919395,-0.3689398211824835,-37.137272550958706,away_favorite,3-7,wk5-9
2025,5,Illinois,USC,Big Ten,Big Ten,False,1,0.49234895542309787,0.2035453002882742,2.0,-0.6370178449748343,0.4434558682104096,0.7444766340074311,0.18535727915109668,0.34420891687912447,0.8754422212025454,0.944175113169041,0.032588882810287365,-0.5469588065919395,0.5076510445769021,2.6370178449748343,away_favorite,0-3,wk5-9
2025,5,Wake Forest,Georgia Tech,ACC,ACC,False,0,0.15417212999174426,0.3236983305072631,-1.0,-17.50215499703465,-0.16326144584781255,1.0699217492437327,-0.36154219030493084,0.47750322650377947,-0.023463342335829335,1.3817128660974938,-0.93824578160236,1.0883254380270828,-0.15417212999174426,16.50215499703465,away_favorite,14-21,wk5-9
2025,5,Kansas State,UCF,Big 12,Big 12,False,1,0.7040633460979977,0.641390111955618,14.0,8.785526323226094,0.7084131592311763,0.5220435039516178,0.6082450928847217,0.28488102417700334,0.7973878344101674,0.30677628511442556,0.6416676646661305,-0.7610592268806602,0.2959366539020023,5.214473676773906,home_favorite,7-14,wk5-9
2025,5,Kansas,Cincinnati,Big 12,Big 12,False,0,0.5787168813309271,0.8001620559151359,-3.0,3.5155608917162056,0.6880459362361474,0.4274892504646441,0.1632141625081478,0.26046483589872527,0.34167388021826683,0.5430207242616326,-0.39192057121045215,1.0255718665631472,-0.5787168813309271,-6.515560891716206,home_favorite,3-7,wk5-9
2025,5,Pittsburgh,Louisville,ACC,ACC,False,0,0.4846370084102206,0.25746444105693017,-7.0,-0.9389262575973203,0.1443745103738715,0.6957096219307739,0.5572884531032432,0.4918203537704797,0.5292547963897177,0.9182631499150185,0.8594594715115534,-0.1925856971485396,-0.4846370084102206,-6.06107374240268,away_favorite,0-3,wk5-9
2025,5,North Texas,South Alabama,American Athletic,Sun Belt,False,1,0.542598805879065,0.7811154027299616,14.0,1.4489317817550926,-0.17574879465285495,-0.18297626478401013,-0.47722012707754025,-0.20628567941983073,-0.5807768598714267,-0.8175621509144814,0.17286157196496615,-0.9677768740559768,0.45740119412093505,12.551068218244907,home_favorite,0-3,wk5-9
2025,5,Minnesota,Rutgers,Big Ten,Big Ten,False,1,0.5932587516012608,0.6062878237854281,3.0,4.102436041422173,0.4158367655195719,0.6260125841479508,0.6109934467114793,0.19729345268553625,0.5375817696289584,1.1788180651718725,-0.27379620139598543,0.5826054797588975,0.40674124839873915,-1.1024360414221732,home_favorite,3-7,wk5-9
2025,5,Syracuse,Duke,ACC,ACC,False,0,0.40684454839941875,0.654519994382466,-35.0,-4.059038740257594,0.18316391680226965,0.10728525996515623,-0.16642430927585616,0.6328722964040288,-0.284143791787164,0.5031593247651899,-1.3775207818499078,-1.244630865808633,-0.40684454839941875,-30.940961259742405,away_favorite,3-7,wk5-9
2025,5,Ohio,Bowling Green,Mid-American,Mid-American,False,1,0.7872832579372384,0.784053683887815,15.0,13.314404138999926,-0.10675224489091092,-0.6421712411591837,0.007783344654597207,-0.4342090217647746,-0.5757328346530897,-1.2231558411779195,0.48662942928464337,-1.613769521478841,0.2127167420627616,1.685595861000074,home_favorite,7-14,wk5-9
2025,5,Vanderbilt,Utah State,SEC,Mountain West,False,1,0.8467382033476616,0.8904506387229247,20.0,17.44372628252953,0.43977855258602877,-0.13876755563492807,0.23447284814137156,-0.6643531154309612,0.7167285329809041,-0.778991453308417,1.2655119927487823,0.4238758578207079,0.1532617966523384,2.5562737174704715,home_favorite,14-21,wk5-9
2025,5,Central Michigan,Eastern Michigan,Mid-American,Mid-American,False,1,0.5458958739867233,0.4089244036850566,11.0,2.102889456701419,-0.7987423636173936,-0.8048633463990421,-0.474276017856499,-0.47586249370378975,-1.1238691231378248,-0.9487263006141853,-1.525176244117991,-0.9862338068394871,0.45410412601327665,8.89711054329858,home_favorite,0-3,wk5-9
2025,5,James Madison,Georgia Southern,Sun Belt,Sun Belt,False,1,0.6736837578276605,0.8787049512118514,25.0,7.743891212676971,-0.125254645941418,-0.07602022018264759,0.20562328686910367,-0.4244220711140161,-0.27378750134629326,-0.4952750713357625,0.9886580009961264,1.4980693458210137,0.32631624217233945,17.25610878732303,home_favorite,7-14,wk5-9
2025,5,UL Monroe,Arkansas State,Sun Belt,Sun Belt,False,1,0.5424603527943033,0.4398498547680971,12.0,1.5299178609315793,-0.5283427783809462,-0.30355359343147165,-0.586609002901215,-0.5916282970143838,-0.9935876424926702,-0.3332249193057294,0.9812752278827223,0.2577634627691141,0.45753964720569673,10.47008213906842,home_favorite,0-3,wk5-9
2025,5,Northern Illinois,San Diego State,Mid-American,Mountain West,False,0,0.6893206924851527,0.5287505638922686,-3.0,8.675099460188159,-0.55644059156056,-0.754115393139992,-0.16094036291672678,-0.7134017002213537,-0.9450962470028557,-0.7353831590203235,0.05473720215049987,1.058794345573466,-0.6893206924851527,-11.675099460188159,home_favorite,7-14,wk5-9
2025,5,Iowa,Indiana,Big Ten,Big Ten,False,0,0.2669097487183591,0.22787132653141615,-5.0,-11.044272882035571,0.37770006175058957,1.2422463509082853,0.20399539633870495,0.9451939866900845,0.45908832692665813,1.4432246215992346,-0.10399241978768976,-0.978851033726083,-0.2669097487183591,6.044272882035571,away_favorite,7-14,wk5-9
2025,5,Ole Miss,LSU,SEC,SEC,False,1,0.43490122015661614,0.8482810687127118,5.0,-2.4723224458847257,0.5252184517062783,1.0302111126302989,0.913057317120291,0.8149472115647907,0.6580247638268034,1.4540275296944891,-1.2593964120354413,0.5309260679650684,0.5650987798433839,7.472322445884726,away_favorite,0-3,wk5-9
2025,5,Texas A&M,Auburn,SEC,SEC,False,1,0.664603355638617,0.6838163141936586,6.0,6.788059102361393,0.9495940509682228,0.7038763752078554,0.8336084444499188,0.8178696164602219,1.2464131550638042,1.3377895464438465,0.8742250177383618,-1.1006667900972518,0.33539664436138295,-0.7880591023613928,home_favorite,3-7,wk5-9
2025,5,Washington,Ohio State,Big Ten,Big Ten,False,0,0.20058376854300408,0.1753046865538316,-18.0,-14.73768332602009,0.28815612105794985,1.229031845615601,0.1038191695802356,1.121124211220414,0.43231312989326626,1.342121218993581,-0.340241159416623,-0.7684419999940644,-0.20058376854300408,-3.2623166739799103,away_favorite,14-21,wk5-9
2025,5,Northwestern,UCLA,Big Ten,Big Ten,False,1,0.6752608607937965,0.6973450785898532,3.0,7.472298583822908,-0.14880800397226757,-0.41451465098988494,0.1896100176677179,0.05117290206038952,0.4082032389868948,-0.04692093510170553,0.6047537990991101,-1.0969754035405497,0.32473913920620345,-4.472298583822908,home_favorite,7-14,wk5-9
2025,5,Toledo,Akron,Mid-American,Mid-American,False,1,0.7726959211823585,0.9473371258660742,42.0,12.64831896238207,-0.49282420711351876,-0.7333489603771948,-0.025539495803157886,-0.7776153298832882,-0.1258852447093334,-1.0512420569649519,0.6232107318826204,-0.5358846469218332,0.22730407881764148,29.35168103761793,home_favorite,7-14,wk5-9
2025,5,Boston College,California,ACC,ACC,False,0,0.6749857930238805,0.6240017586176672,-4.0,7.461898469013261,0.013428754623269173,-0.2831254298741182,0.15666011354935433,0.047252258905695586,0.18145114685774577,-0.052691314542877316,0.383270605696985,-1.0748270842003371,-0.6749857930238805,-11.46189846901326,home_favorite,7-14,wk5-9
2025,5,Oklahoma State,Baylor,Big 12,Big 12,False,0,0.21735174925496148,0.12007331198938315,-18.0,-13.418272005989245,0.022806808264553224,0.8714110606957501,-0.44103006954944046,0.40122921116118404,-0.5690879692422373,1.1803637612517588,-0.2627220417258792,1.1400048498209114,-0.21735174925496148,-4.581727994010755,away_favorite,7-14,wk5-9
2025,5,West Virginia,Utah,Big 12,Big 12,False,0,0.38564855932396763,0.3236983305072631,-34.0,-5.07142088774822,0.11165114514350964,-0.02554181395604249,-0.18185608517542295,0.8184997632235893,-0.2263357964236148,0.8274733826875964,-0.9419371681590621,-1.388594941520014,-0.38564855932396763,-28.928579112251782,away_favorite,3-7,wk5-9
2025,5,Buffalo,UConn,Mid-American,FBS Independents,False,0,0.37932509866152536,0.5172625244323762,-3.0,-5.250087311751144,-0.5524515931283356,-0.019612497080642846,-0.1880344000518289,0.11868565309047575,-0.6112904826386858,-0.024874087649063154,0.5272346814083663,0.6047537990991101,-0.37932509866152536,2.2500873117511437,away_favorite,3-7,wk5-9
2025,5,Tulsa,Tulane,American Athletic,American Athletic,False,0,0.1559902467783807,0.07280653489759949,-17.0,-18.288858477538394,-0.9673364671087639,0.45291208642090436,-0.7010134891988424,0.4272788468526554,-0.9720944880278479,0.532049685001788,1.749083631676755,-1.3664466221798015,-0.1559902467783807,1.288858477538394,away_favorite,14-21,wk5-9
2025,5,New Mexico,New Mexico State,Mountain West,Conference USA,False,1,0.6515291978757862,0.8548291775317596,18.0,6.809538482773898,-0.3913795716402913,-1.1480052655705493,-1.2918806982170912,-1.0642647566853034,-1.7411798645869194,-1.527401066202203,-1.4439657398705452,0.1433304795113499,0.3484708021242138,11.190461517226101,home_favorite,3-7,wk5-9
2025,5,Mississippi State,Tennessee,SEC,SEC,False,0,0.32286582120638035,0.18206236894188432,-7.0,-8.160490342399218,0.211664320127957,0.5986492246668447,-0.16091482187481757,0.7189988884410801,0.5471856370965203,0.601031538139353,-0.36977225187023965,-1.0895926304271455,-0.32286582120638035,1.1604903423992177,away_favorite,7-14,wk5-9
2025,5,Kennesaw State,Middle Tennessee,Conference USA,Conference USA,False,1,0.3893577782091213,0.6307302886162022,8.0,-4.462050417954823,-1.237707123428915,-0.6913408430903526,-0.973803279672907,-0.9054682796477774,-1.3743418419804394,-0.776486559372275,-0.2147340164887521,1.749083631676755,0.6106422217908787,12.462050417954824,away_favorite,3-7,wk5-9
2025,5,Old Dominion,Liberty,Sun Belt,Conference USA,False,1,0.48546624172605,0.7069752948085409,14.0,-0.5153818216076482,-0.3037174705655894,-0.17956074297012423,-0.363353108655311,-0.2047070106361706,-0.8005428852570526,-0.2158608757405748,0.8336197656146389,1.7712319510169676,0.51453375827395,14.515381821607647,away_favorite,0-3,wk5-9
2025,5,NC State,Virginia Tech,ACC,ACC,False,0,0.6161416021746123,0.6492949471109635,-2.0,4.680005041141993,0.3842901959133668,0.08172848638363803,0.34391806205974484,0.5631581454543608,0.8663260189596693,0.5441954540159473,1.5940453962952674,-0.07815271389077517,-0.6161416021746123,-6.680005041141993,home_favorite,3-7,wk5-9
2025,5,Florida Atlantic,Memphis,American Athletic,American Athletic,False,0,0.2883330350142691,0.11011215781886716,-29.0,-9.782012652162233,-0.41987572700448106,0.5105037091018312,-0.31705243053153276,0.16121059751949374,-0.31957680379953685,0.4805793960696425,-1.1375806556642727,-1.4661140592107578,-0.2883330350142691,-19.217987347837767,away_favorite,7-14,wk5-9
2025,5,Iowa State,Arizona,Big 12,Big 12,False,1,0.6248687756668915,0.7639246991448386,25.0,5.323631848503109,0.12347875934473701,-0.00865474859649007,0.03891225630374049,-0.08705074938026863,0.11689727697563768,0.21696886507720117,0.2503806896557099,0.16547879885156241,0.3751312243331085,19.67636815149689,home_favorite,3-7,wk5-9
2025,5,Southern Miss,Jacksonville State,Sun Belt,Conference USA,False,1,0.5295292500561075,0.10787608605677308,17.0,1.464663785582863,-0.734698983868505,-0.3746183407772852,-0.3065232273265034,-0.6341232146381584,-0.13852255471943886,-1.1119227514328105,0.025206109696883194,1.206449807841549,0.4704707499438925,15.535336214417137,home_favorite,0-3,wk5-9
2025,5,Colorado State,Washington State,Mountain West,Pac-12,False,0,0.505372206672665,0.6737761878883222,-17.0,-0.10845324754873831,-0.4245473080603209,-0.004868703049602907,-0.37952427851777853,-0.3832097337819783,-0.647988392022429,-0.41982807742069533,-0.044930234880456416,-0.9862338068394871,-0.505372206672665,-16.891546752451262,home_favorite,0-3,wk5-9
2025,5,Missouri,Massachusetts,SEC,Mid-American,False,1,0.9466862348054781,0.9881875662675944,36.0,29.039559950887565,0.8170429739727139,-0.590249961649425,0.6757962592442617,-0.922168944199321,1.1122071985893935,-1.1852268361760392,-1.163420361561187,0.9111388833053827,0.05331376519452191,6.960440049112435,home_favorite,21+,wk5-9
2025,5,Boise State,App State,Mountain West,Sun Belt,False,1,0.90303998775789,0.8187932901343153,33.0,22.399022566261593,0.42879493284380843,-0.5965783814841096,0.25799098124998987,-0.6905450765007092,0.16407130868443756,-0.9683639803035357,0.23192375687219952,-1.384903554963312,0.09696001224211004,10.600977433738407,home_favorite,21+,wk5-9
2025,5,Penn State,Oregon,Big Ten,Big Ten,False,0,0.7725887337206809,0.704584592662721,-6.0,12.470788018715183,1.3688727680924382,1.0426057205503683,1.2691728948355543,0.6910383964941871,1.9344308292078876,1.0973934339172096,0.18024434507837034,-1.2150997733550162,-0.7725887337206809,-18.470788018715183,home_favorite,7-14,wk5-9
2025,5,Georgia,Alabama,SEC,SEC,False,0,0.43774832578060696,0.7152527510491987,-3.0,-2.7633384977692375,0.8630109775148891,1.1796809297978934,0.7171753075013958,1.0033222845350602,0.9921259312855266,1.664860651107222,-0.524810487251727,-0.3070186804063042,-0.43774832578060696,-0.23666150223076254,away_favorite,0-3,wk5-9
2025,5,Stanford,San José State,ACC,Mountain West,False,1,0.5466089446981002,0.34029200585525193,1.0,2.3129136007019326,-0.3833393042322958,-0.462221423089014,-0.160330920009547,-0.18454673569309463,-0.08911918980730754,-0.5734557469568007,-1.207717000241612,0.2614548493258162,0.4533910553018998,-1.3129136007019326,home_favorite,0-3,wk5-9
2025,5,South Carolina,Kentucky,SEC,SEC,False,1,0.7410498156895388,0.698558626418023,22.0,10.892781123578203,0.37330042482220743,0.018551069733229016,0.8140540943477095,0.36021612598260055,0.774626197445033,0.15886642095227493,0.4017275384804954,-0.9087146891487434,0.25895018431046124,11.107218876421797,home_favorite,7-14,wk5-9
2025,5,Louisiana,Marshall,Sun Belt,Sun Belt,False,1,0.4524771441601548,0.384135895746244,3.0,-1.8324617682299769,-0.2505806114343202,-0.3249255067410036,-0.6952687131531011,-0.2372294293006896,-0.7690596846526245,-0.853691281652078,0.20608405097528493,1.8007630434705841,0.5475228558398453,4.832461768229977,away_favorite,0-3,wk5-9
2025,5,UTEP,Louisiana Tech,Conference USA,Conference USA,False,0,0.6428230216354884,0.2663662975861926,-19.0,5.9645909442614835,-0.9909018788257972,-1.0974985435622586,-0.5121892865549666,-0.6537842786511074,-0.9088656403952472,-1.105562315806668,1.785997497243776,0.09903384083092488,-0.6428230216354884,-24.964590944261484,home_favorite,3-7,wk5-9
2025,5,Colorado,BYU,Big 12,Big 12,False,0,0.5589778089808113,0.469815319996098,-3.0,3.168245585139552,0.11589694242818481,0.12771273294339158,0.5336828631488871,0.19794804204172242,0.27866154682881494,-0.062179366246140726,-1.6359178408190533,1.3098086314292074,-0.5589778089808113,-6.168245585139552,home_favorite,3-7,wk5-9
2025,6,New Mexico State,Sam Houston,Conference USA,Conference USA,False,1,0.3813541439642976,0.4555054269169921,27.0,-4.9254067066089116,-1.1480052655705493,-0.8797921675739598,-1.0642647566853034,-0.623677949613525,-1.527401066202203,-1.3120820048466135,0.1433304795113499,1.42055022813027,0.6186458560357024,31.92540670660891,away_favorite,3-7,wk5-9
2025,6,South Florida,Charlotte,American Athletic,American Athletic,False,1,0.8196044335909743,0.8904506387229247,28.0,15.27611501346566,-0.05280318006783792,-0.5739489877939088,0.241052246079346,-0.37594272505639315,0.0075308021578257625,-0.7498676927965588,1.782306110687074,-1.0268390589632101,0.18039556640902565,12.72388498653434,home_favorite,14-21,wk5-9
2025,6,San José State,New Mexico,Mountain West,Mountain West,False,1,0.7995229077617081,0.5882899718631628,7.0,14.02271433102731,-0.462221423089014,-0.3913795716402913,-0.18454673569309463,-1.2918806982170912,-0.5734557469568007,-1.7411798645869194,0.2614548493258162,-1.4439657398705452,0.2004770922382919,-7.022714331027309,home_favorite,14-21,wk5-9
2025,6,BYU,West Virginia,Big 12,Big 12,False,1,0.6987436900890869,0.9207260613687934,14.0,8.359997428879026,0.12771273294339158,0.11165114514350964,0.19794804204172242,-0.18185608517542295,-0.062179366246140726,-0.2263357964236148,1.3098086314292074,-0.9419371681590621,0.3012563099109131,5.640002571120974,home_favorite,7-14,wk5-9
2025,6,San Diego State,Colorado State,Mountain West,Mountain West,False,1,0.4497447541209555,0.7256856462717871,21.0,-2.4694742779770618,-0.754115393139992,-0.4245473080603209,-0.7134017002213537,-0.37952427851777853,-0.7353831590203235,-0.647988392022429,1.058794345573466,-0.044930234880456416,0.5502552458790445,23.469474277977064,away_favorite,0-3,wk5-9
2025,6,Baylor,Kansas State,Big 12,Big 12,False,1,0.5778398295456374,0.48561281583400134,1.0,3.081299403976412,0.8714110606957501,0.7084131592311763,0.40122921116118404,0.6082450928847217,1.1803637612517588,0.7973878344101674,1.1400048498209114,0.6416676646661305,0.4221601704543626,-2.081299403976412,home_favorite,3-7,wk5-9
2025,6,Pittsburgh,Boston College,ACC,ACC,False,1,0.6772186973646472,0.6584145209169125,41.0,7.788927729016356,0.1443745103738715,0.013428754623269173,0.5572884531032432,0.15666011354935433,0.5292547963897177,0.18145114685774577,0.8594594715115534,0.383270605696985,0.32278130263535276,33.21107227098364,home_favorite,7-14,wk5-9
2025,6,Cincinnati,Iowa State,Big 12,Big 12,False,1,0.693151100798986,0.40060320329074317,8.0,8.38444072059386,0.4274892504646441,0.12347875934473701,0.26046483589872527,0.03891225630374049,0.5430207242616326,0.11689727697563768,1.0255718665631472,0.2503806896557099,0.306848899201014,-0.3844407205938598,home_favorite,7-14,wk5-9
2025,6,Purdue,Illinois,Big Ten,Big Ten,False,0,0.32369095346695204,0.2607797458593321,-16.0,-7.992294274548179,-0.2459339459806703,0.4434558682104096,-0.32147251315145814,0.18535727915109668,0.09753976442086111,0.8754422212025454,0.09903384083092488,0.032588882810287365,-0.32369095346695204,-8.007705725451821,away_favorite,7-14,wk5-9
2025,6,North Carolina,Clemson,ACC,ACC,False,0,0.24713118600069686,0.2520004588039456,-28.0,-11.45257692985587,0.40060281741729614,1.1524222859315225,0.10671858591968719,0.7280285424056598,0.6715055677779196,1.8655403006745177,-1.3184585969426743,1.1436962363776135,-0.24713118600069686,-16.54742307014413,away_favorite,7-14,wk5-9
2025,6,UAB,Army,American Athletic,American Athletic,False,0,0.4364984009431729,0.2509169371224644,-18.0,-3.2605829099844277,-0.7188043802316813,-0.11807283584369249,-0.7407039353696859,-0.5079590091620493,-1.1850372359823287,-1.1277859086801876,0.7782489672641076,-0.9751596471693809,-0.4364984009431729,-14.739417090015571,away_favorite,3-7,wk5-9
2025,6,Ball State,Ohio,Mid-American,Mid-American,False,1,0.2273587809840666,0.07203315850384262,6.0,-12.571302888716982,-0.6600552702154514,-0.10675224489091092,-0.9335088144391184,0.007783344654597207,-1.3272644815359924,-0.5757328346530897,-1.6211522945922452,0.48662942928464337,0.7726412190159334,18.571302888716982,away_favorite,7-14,wk5-9
2025,6,Georgia,Kentucky,SEC,SEC,False,1,0.7941309521219162,0.9666742338227894,21.0,14.064708141132112,0.8630109775148891,0.018551069733229016,0.7171753075013958,0.36021612598260055,0.9921259312855266,0.15886642095227493,-0.524810487251727,-0.9087146891487434,0.2058690478780838,6.935291858867888,home_favorite,14-21,wk5-9
2025,6,Michigan,Wisconsin,Big Ten,Big Ten,False,1,0.6264428334354588,0.8937746801781464,14.0,5.460356917422372,0.29035811338720796,0.4736139123604267,0.680144229426719,0.19892114849692372,0.6079780052146484,0.6786757831856352,-0.4472913695609832,-0.4214516636640686,0.3735571665645412,8.539643082577628,home_favorite,3-7,wk5-9
2025,6,Temple,UTSA,American Athletic,American Athletic,False,1,0.15614137618681911,0.21594631611218493,6.0,-17.536391340965224,-1.1026933261458312,-0.07080424903368346,-0.6470089730199495,0.48577885448716374,-0.919482457584853,0.12390482050035928,1.782306110687074,1.6457248080890967,0.8438586238131809,23.536391340965224,away_favorite,14-21,wk5-9
2025,6,Virginia Tech,Wake Forest,ACC,ACC,False,0,0.79621523094421,0.6800706757372215,-7.0,14.109995871056224,0.08172848638363803,-0.16326144584781255,0.5631581454543608,-0.36154219030493084,0.5441954540159473,-0.023463342335829335,-0.07815271389077517,-0.93824578160236,-0.79621523094421,-21.109995871056224,home_favorite,14-21,wk5-9
2025,6,Massachusetts,Western Michigan,Mid-American,Mid-American,False,0,0.3929660270558082,0.29661499652817136,-18.0,-4.666619416406219,-0.590249961649425,-0.11799985386382023,-0.922168944199321,-0.6138110235322233,-1.1852268361760392,-0.6753410774058406,0.9111388833053827,1.782306110687074,-0.3929660270558082,-13.333380583593781,away_favorite,3-7,wk5-9
2025,6,Arizona,Oklahoma State,Big 12,Big 12,False,1,0.6507902905054459,0.8590630023766738,28.0,6.384969537982722,-0.00865474859649007,0.022806808264553224,-0.08705074938026863,-0.44103006954944046,0.21696886507720117,-0.5690879692422373,0.16547879885156241,-0.2627220417258792,0.3492097094945541,21.615030462017277,home_favorite,3-7,wk5-9
2025,6,Notre Dame,Boise State,FBS Independents,Mountain West,False,1,0.78638360610556,0.970521514499255,21.0,13.756205454683716,1.0346653162485375,0.42879493284380843,0.8932156398494558,0.25799098124998987,1.5159773199399198,0.16407130868443756,-0.5469588065919395,0.23192375687219952,0.21361639389443998,7.243794545316284,home_favorite,7-14,wk5-9
2025,6,Florida,Texas,SEC,SEC,False,1,0.41475745140024145,0.16794015946966684,8.0,-3.9730858291440256,0.7520742235517278,1.0330099802845472,0.6460629101244557,1.183879022945504,0.9617819208485201,1.824200982587858,0.12487354672783947,-0.8607266639116165,0.5852425485997585,11.973085829144026,away_favorite,3-7,wk5-9
2025,6,SMU,Syracuse,ACC,ACC,False,1,0.82207889433429,0.8698499490743091,13.0,15.624065841018378,0.6300087145715739,0.18316391680226965,0.6466393309125587,-0.16642430927585616,1.145678535310898,-0.284143791787164,-0.056004394550562664,-1.3775207818499078,0.17792110566570996,-2.6240658410183784,home_favorite,14-21,wk5-9
2025,6,Akron,Central Michigan,Mid-American,Mid-American,False,1,0.5352640370094595,0.4089244036850566,6.0,1.2568182229341107,-0.7333489603771948,-0.7987423636173936,-0.7776153298832882,-0.474276017856499,-1.0512420569649519,-1.1238691231378248,-0.5358846469218332,-1.525176244117991,0.46473596299054054,4.743181777065889,home_favorite,0-3,wk5-9
2025,6,Northwestern,UL Monroe,Big Ten,Sun Belt,False,1,0.7734994880178967,0.8548291775317596,35.0,12.99168962051175,-0.14880800397226757,-0.5283427783809462,0.1896100176677179,-0.586609002901215,0.4082032389868948,-0.9935876424926702,0.6047537990991101,0.9812752278827223,0.2265005119821033,22.00831037948825,home_favorite,7-14,wk5-9
2025,6,UConn,Florida International,FBS Independents,Conference USA,False,1,0.847244919767778,0.7403284195148304,41.0,17.597280400773204,-0.019612497080642846,-0.7823259235665265,0.11868565309047575,-0.6579398561856871,-0.024874087649063154,-0.933048814961539,0.6047537990991101,-0.34762393253002716,0.15275508023222195,23.402719599226796,home_favorite,14-21,wk5-9
2025,6,Maryland,Washington,Big Ten,Big Ten,False,0,0.38638466641332025,0.4626526828335072,-4.0,-4.811039123808761,-0.1932535162035939,0.28815612105794985,-0.15403644759675914,0.1038191695802356,-0.4983630645694563,0.43231312989326626,-1.432891580200439,-0.340241159416623,-0.38638466641332025,0.8110391238087606,away_favorite,3-7,wk5-9
2025,6,Alabama,Vanderbilt,SEC,SEC,False,1,0.8133659952801253,0.821341471737012,16.0,15.619140327394621,1.1796809297978934,0.43977855258602877,1.0033222845350602,0.23447284814137156,1.664860651107222,0.7167285329809041,-0.3070186804063042,1.2655119927487823,0.18663400471987468,0.38085967260537856,home_favorite,14-21,wk5-9
2025,6,Louisville,Virginia,ACC,ACC,False,0,0.8029592727394536,0.7964546997117258,-3.0,14.51397281480299,0.6957096219307739,-0.04253883968415184,0.4918203537704797,0.023989580387639375,0.9182631499150185,0.40237167999980045,-0.1925856971485396,-0.8718008235817225,-0.8029592727394536,-17.51397281480299,home_favorite,14-21,wk5-9
2025,6,Georgia State,James Madison,Sun Belt,Sun Belt,False,0,0.2897806415929821,0.059996961629975955,-7.0,-9.480854701940103,-0.5844435177834937,-0.125254645941418,-0.620758067811821,0.20562328686910367,-0.7271718151450907,-0.27378750134629326,0.6232107318826204,0.9886580009961264,-0.2897806415929821,2.4808547019401033,away_favorite,7-14,wk5-9
2025,6,App State,Oregon State,Sun Belt,Pac-12,False,1,0.34996708572105495,0.6199413590445233,4.0,-6.460735588145237,-0.5965783814841096,0.01837425593207967,-0.6905450765007092,-0.3943665458769685,-0.9683639803035357,-0.17137947558926647,-1.384903554963312,0.02151472314018111,0.650032914278945,10.460735588145237,away_favorite,3-7,wk5-9
2025,6,Northern Illinois,Miami (OH),Mid-American,Mid-American,False,0,0.5774823892208545,0.5143871841659987,-11.0,3.3028674685685595,-0.55644059156056,-0.47704268206455464,-0.16094036291672678,-0.3100294759972375,-0.9450962470028557,-0.5410219854229629,0.05473720215049987,-0.13352351224130643,-0.5774823892208545,-14.302867468568559,home_favorite,3-7,wk5-9
2025,6,Buffalo,Eastern Michigan,Mid-American,Mid-American,False,1,0.6984489968499594,0.8118599983337865,1.0,8.630542837923358,-0.5524515931283356,-0.8048633463990421,-0.1880344000518289,-0.47586249370378975,-0.6112904826386858,-0.9487263006141853,0.5272346814083663,-0.9862338068394871,0.3015510031500406,-7.6305428379233575,home_favorite,7-14,wk5-9
2025,6,UCLA,Penn State,Big Ten,Big Ten,False,1,0.06896518603807406,0.02023585424026805,5.0,-26.04357288282176,-0.41451465098988494,1.3688727680924382,0.05117290206038952,1.2691728948355543,-0.04692093510170553,1.9344308292078876,-1.0969754035405497,0.18024434507837034,0.931034813961926,31.04357288282176,away_favorite,21+,wk5-9
2025,6,Nebraska,Michigan State,Big Ten,Big Ten,False,1,0.7648080548764242,0.8847078164911643,11.0,12.492623898919494,0.4149396265570865,-0.1215653812078787,0.6009174431253974,0.035003850829694746,0.6913657973853132,0.2659220839949454,0.2836031686660287,0.6305935049960246,0.23519194512357577,-1.4926238989194935,home_favorite,7-14,wk5-9
2025,6,Oklahoma,Kent State,SEC,Mid-American,False,1,0.9893028672116315,0.9958959375485713,44.0,42.50961875206471,0.5773022900229218,-1.5595862563572478,0.9979220451629414,-1.0946725692352561,1.2629399716363487,-1.66544448826741,0.04366304248039362,-1.4882623785509703,0.01069713278836848,1.4903812479352894,home_favorite,21+,wk5-9
2025,6,Arkansas State,Texas State,Sun Belt,Sun Belt,False,1,0.3157807154969488,0.1423366814461431,1.0,-8.07557649381221,-0.30355359343147165,0.05965098135161566,-0.5916282970143838,0.12867298030440388,-0.3332249193057294,-0.23313819387399654,0.2577634627691141,1.5165262786045242,0.6842192845030513,9.07557649381221,away_favorite,7-14,wk5-9
2025,6,Old Dominion,Coastal Carolina,Sun Belt,Sun Belt,False,1,0.6370024998318347,0.8864576236639505,40.0,6.092697973270955,-0.3037174705655894,-0.5549305623368663,-0.363353108655311,-0.5406604398045117,-0.8005428852570526,-0.9097623986524599,0.8336197656146389,1.6715645139860114,0.36299750016816534,33.90730202672904,home_favorite,3-7,wk5-9
2025,6,Rice,Florida Atlantic,American Athletic,American Athletic,False,0,0.5226779052742676,0.7093546305987634,-6.0,0.5468806444784855,-0.8185376783157735,-0.41987572700448106,-0.30318800896001835,-0.31705243053153276,-0.898416555306877,-0.31957680379953685,0.8668422446249576,-1.1375806556642727,-0.5226779052742676,-6.5468806444784855,home_favorite,0-3,wk5-9
2025,6,Troy,South Alabama,Sun Belt,Sun Belt,False,1,0.5085653036634981,0.6035363185261781,7.0,0.23124472052266354,-0.3964284809356777,-0.18297626478401013,-0.29279044995577685,-0.20628567941983073,-0.7477934046493179,-0.8175621509144814,-0.6724659495198102,-0.9677768740559768,0.49143469633650194,6.768755279477336,home_favorite,0-3,wk5-9
2025,6,Houston,Texas Tech,Big 12,Big 12,False,0,0.28012578129975496,0.24448111792880314,-24.0,-10.427316815867144,-0.3090673754459802,0.9309581180031918,0.2619681348681837,0.5943445404895336,0.5118642829546829,1.6897159580700634,1.9779495981922843,0.2688376224392204,-0.28012578129975496,-13.572683184132856,away_favorite,7-14,wk5-9
2025,6,Wyoming,UNLV,Mountain West,Mountain West,False,0,0.38849571493369583,0.20920189720276192,-14.0,-5.314751366331417,-0.7482808984071666,-0.21398707375791814,-0.35560719940453056,0.14941206423936595,-0.7597045644095228,-0.24342381853653788,0.9517441354291056,-1.344298302839589,-0.38849571493369583,-8.685248633668582,away_favorite,3-7,wk5-9
2025,6,Texas A&M,Mississippi State,SEC,SEC,False,1,0.8781172830870738,0.8452938106179996,22.0,19.991209297463154,0.9495940509682228,0.211664320127957,0.8336084444499188,-0.16091482187481757,1.2464131550638042,0.5471856370965203,0.8742250177383618,-0.36977225187023965,0.12188271691292618,2.008790702536846,home_favorite,14-21,wk5-9
2025,6,TCU,Colorado,Big 12,Big 12,False,1,0.6353290669903453,0.7369947605406894,14.0,5.397503295348357,0.6752128359514915,0.11589694242818481,0.07546250853823852,0.5336828631488871,0.7700299467727646,0.27866154682881494,0.3315911939031558,-1.6359178408190533,0.3646709330096547,8.602496704651642,home_favorite,3-7,wk5-9
2025,6,Ohio State,Minnesota,Big Ten,Big Ten,False,1,0.7990471893699556,0.9443901832417966,39.0,14.537772590404021,1.229031845615601,0.4158367655195719,1.121124211220414,0.6109934467114793,1.342121218993581,0.5375817696289584,-0.7684419999940644,-0.27379620139598543,0.20095281063004444,24.46222740959598,home_favorite,14-21,wk5-9
2025,6,Florida State,Miami,ACC,ACC,False,0,0.19447422774938344,0.2169225565903239,-6.0,-15.02728277665825,-0.04272106663224845,1.4322229964906352,0.3630059133676533,0.8366716538976384,0.8204564650975007,1.763032500476799,-1.4218174205303327,-1.4439657398705452,-0.19447422774938344,9.02728277665825,away_favorite,14-21,wk5-9
2025,6,UCF,Kansas,Big 12,Big 12,False,0,0.5604161001246478,0.4712494361077314,-7.0,2.4803591144824986,0.5220435039516178,0.6880459362361474,0.28488102417700334,0.1632141625081478,0.30677628511442556,0.34167388021826683,-0.7610592268806602,-0.39192057121045215,-0.5604161001246478,-9.480359114482498,home_favorite,0-3,wk5-9
2025,6,Memphis,Tulsa,American Athletic,American Athletic,False,1,0.8871778766993009,0.9798779608453038,38.0,21.802811926948603,0.5105037091018312,-0.9673364671087639,0.16121059751949374,-0.7010134891988424,0.4805793960696425,-0.9720944880278479,-1.4661140592107578,1.749083631676755,0.11282212330069907,16.197188073051397,home_favorite,21+,wk5-9
2025,6,Fresno State,Nevada,Mountain West,Mountain West,False,1,0.6020296984134169,0.8618278475799177,3.0,4.691598518349012,-0.2365806536797485,-0.27228002007891683,-0.22426853273631947,-0.536731971808911,-0.43930313326097353,-0.8381248312824254,-1.2704705717055476,0.5235432948516642,0.3979703015865831,-1.6915985183490116,home_favorite,3-7,wk5-9
2025,6,California,Duke,ACC,ACC,False,0,0.35226912767545193,0.389597577905311,-24.0,-6.487885112785165,-0.2831254298741182,0.10728525996515623,0.047252258905695586,0.6328722964040288,-0.052691314542877316,0.5031593247651899,-1.0748270842003371,-1.244630865808633,-0.35226912767545193,-17.512114887214835,away_favorite,3-7,wk5-9
2025,7,UTEP,Liberty,Conference USA,Conference USA,False,0,0.3266480280057814,0.29541540733727906,-11.0,-7.7218993822926265,-0.9909018788257972,-0.17956074297012423,-0.5121892865549666,-0.2047070106361706,-0.9088656403952472,-0.2158608757405748,1.785997497243776,1.7712319510169676,-0.3266480280057814,-3.2781006177073735,away_favorite,7-14,wk5-9
2025,7,Kennesaw State,Louisiana Tech,Conference USA,Conference USA,False,1,0.4501052378528922,0.238157890082064,28.0,-2.0517907371285267,-1.237707123428915,-1.0974985435622586,-0.973803279672907,-0.6537842786511074,-1.3743418419804394,-1.105562315806668,-0.2147340164887521,0.09903384083092488,0.5498947621471078,30.051790737128528,away_favorite,0-3,wk5-9
2025,7,Tulane,East Carolina,American Athletic,American Athletic,False,1,0.7497585278897558,0.6253513933075368,7.0,11.822254398546402,0.45291208642090436,-0.17779171172561892,0.4272788468526554,-0.044170827662308086,0.532049685001788,-0.2772786641883975,-1.3664466221798015,-0.037547461767052245,0.25024147211024417,-4.822254398546402,home_favorite,7-14,wk5-9
2025,7,Georgia Southern,Southern Miss,Sun Belt,Sun Belt,False,0,0.7057313479178081,0.6712405808158318,-3.0,8.91527587497992,-0.07602022018264759,-0.734698983868505,-0.4244220711140161,-0.3065232273265034,-0.4952750713357625,-0.13852255471943886,1.4980693458210137,0.025206109696883194,-0.7057313479178081,-11.91527587497992,home_favorite,7-14,wk5-9
2025,7,Sam Houston,Jacksonville State,Conference USA,Conference USA,True,0,0.3974129714305138,0.10732333999384593,-2.0,-4.16433621276849,-0.8797921675739598,-0.3746183407772852,-0.623677949613525,-0.6341232146381584,-1.3120820048466135,-1.1119227514328105,1.42055022813027,1.206449807841549,-0.3974129714305138,2.1643362127684904,away_favorite,3-7,wk5-9
2025,7,North Texas,South Florida,American Athletic,American Athletic,False,0,0.35232555653070624,0.7152527510491987,-27.0,-6.233942406346156,-0.17574879465285495,-0.05280318006783792,-0.47722012707754025,0.241052246079346,-0.5807768598714267,0.0075308021578257625,0.17286157196496615,1.782306110687074,-0.35232555653070624,-20.766057593653844,away_favorite,3-7,wk5-9
2025,7,Colorado State,Fresno State,Mountain West,Mountain West,False,1,0.5217343618197865,0.28240827680846853,28.0,0.5905315451593025,-0.4245473080603209,-0.2365806536797485,-0.37952427851777853,-0.22426853273631947,-0.647988392022429,-0.43930313326097353,-0.044930234880456416,-1.2704705717055476,0.4782656381802135,27.4094684548407,home_favorite,0-3,wk5-9
2025,7,Washington,Rutgers,Big Ten,Big Ten,False,1,0.46209787248468714,0.7021826020905207,19.0,-1.6019761192833917,0.28815612105794985,0.6260125841479508,0.1038191695802356,0.19729345268553625,0.43231312989326626,1.1788180651718725,-0.340241159416623,0.5826054797588975,0.5379021275153129,20.601976119283393,away_favorite,0-3,wk5-9
2025,7,Akron,Miami (OH),Mid-American,Mid-American,False,0,0.40134143816114676,0.10352349210181416,-13.0,-4.252367109233223,-0.7333489603771948,-0.47704268206455464,-0.7776153298832882,-0.3100294759972375,-1.0512420569649519,-0.5410219854229629,-0.5358846469218332,-0.13352351224130643,-0.40134143816114676,-8.747632890766777,away_favorite,3-7,wk5-9
2025,7,Florida State,Pittsburgh,ACC,ACC,False,0,0.4191206350360896,0.5201367220358165,-3.0,-2.9600117500970295,-0.04272106663224845,0.1443745103738715,0.3630059133676533,0.5572884531032432,0.8204564650975007,0.5292547963897177,-1.4218174205303327,0.8594594715115534,-0.4191206350360896,-0.03998824990297045,away_favorite,0-3,wk5-9
2025,7,Bowling Green,Toledo,Mid-American,Mid-American,False,1,0.38565032425811185,0.3787032768775454,5.0,-4.477592431722038,-0.6421712411591837,-0.49282420711351876,-0.4342090217647746,-0.025539495803157886,-1.2231558411779195,-0.1258852447093334,-1.613769521478841,0.6232107318826204,0.6143496757418881,9.477592431722037,away_favorite,3-7,wk5-9
2025,7,Missouri,Alabama,SEC,SEC,False,0,0.4044732683884952,0.3236983305072631,-3.0,-4.081811881076511,0.8170429739727139,1.1796809297978934,0.6757962592442617,1.0033222845350602,1.1122071985893935,1.664860651107222,-1.163420361561187,-0.3070186804063042,-0.4044732683884952,1.0818118810765114,away_favorite,3-7,wk5-9
2025,7,Army,Charlotte,American Athletic,American Athletic,False,1,0.6378170332907063,0.9380252840746419,17.0,5.917108802730846,-0.11807283584369249,-0.5739489877939088,-0.5079590091620493,-0.37594272505639315,-1.1277859086801876,-0.7498676927965588,-0.9751596471693809,-1.0268390589632101,0.36218296670929373,11.082891197269154,home_favorite,3-7,wk5-9
2025,7,Cincinnati,UCF,Big 12,Big 12,False,1,0.5894358150036327,0.5487743358597419,9.0,3.339713801728268,0.4274892504646441,0.5220435039516178,0.26046483589872527,0.28488102417700334,0.5430207242616326,0.30677628511442556,1.0255718665631472,-0.7610592268806602,0.41056418499636727,5.6602861982717325,home_favorite,3-7,wk5-9
2025,7,Oklahoma State,Houston,Big 12,Big 12,False,0,0.4329305076076615,0.18035418550531074,-22.0,-2.470963348307227,0.022806808264553224,-0.3090673754459802,-0.44103006954944046,0.2619681348681837,-0.5690879692422373,0.5118642829546829,-0.2627220417258792,1.9779495981922843,-0.4329305076076615,-19.529036651692774,away_favorite,0-3,wk5-9
2025,7,SMU,Stanford,ACC,ACC,False,1,0.8808378204385165,0.9481920611104497,24.0,20.355449821441802,0.6300087145715739,-0.3833393042322958,0.6466393309125587,-0.160330920009547,1.145678535310898,-0.08911918980730754,-0.056004394550562664,-1.207717000241612,0.11916217956148345,3.644550178558198,home_favorite,14-21,wk5-9
2025,7,James Madison,Louisiana,Sun Belt,Sun Belt,False,1,0.7774635613147014,0.8780900739425958,10.0,12.929112891636748,-0.125254645941418,-0.2505806114343202,0.20562328686910367,-0.6952687131531011,-0.27378750134629326,-0.7690596846526245,0.9886580009961264,0.20608405097528493,0.2225364386852986,-2.9291128916367484,home_favorite,7-14,wk5-9
2025,7,Illinois,Ohio State,Big Ten,Big Ten,False,0,0.2446613422847571,0.07843767494302172,-18.0,-12.220943305003992,0.4434558682104096,1.229031845615601,0.18535727915109668,1.121124211220414,0.8754422212025454,1.342121218993581,0.032588882810287365,-0.7684419999940644,-0.2446613422847571,-5.779056694996008,away_favorite,7-14,wk5-9
2025,7,Michigan State,UCLA,Big Ten,Big Ten,False,0,0.6536065360864382,0.6492949471109635,-25.0,6.413100515369657,-0.1215653812078787,-0.41451465098988494,0.035003850829694746,0.05117290206038952,0.2659220839949454,-0.04692093510170553,0.6305935049960246,-1.0969754035405497,-0.6536065360864382,-31.413100515369656,home_favorite,3-7,wk5-9
2025,7,Ole Miss,Washington State,SEC,Pac-12,False,1,0.8669364514567249,0.9811957652105315,3.0,19.3856599716415,0.5252184517062783,-0.004868703049602907,0.913057317120291,-0.3832097337819783,0.6580247638268034,-0.41982807742069533,-1.2593964120354413,-0.9862338068394871,0.13306354854327507,-16.3856599716415,home_favorite,14-21,wk5-9
2025,7,Eastern Michigan,Northern Illinois,Mid-American,Mid-American,False,1,0.4111065732716548,0.3692697113837977,6.0,-3.5927328950627286,-0.8048633463990421,-0.55644059156056,-0.47586249370378975,-0.16094036291672678,-0.9487263006141853,-0.9450962470028557,-0.9862338068394871,0.05473720215049987,0.5888934267283452,9.592732895062728,away_favorite,3-7,wk5-9
2025,7,Kent State,Massachusetts,Mid-American,Mid-American,False,1,0.2776071901519809,0.34158547908308745,36.0,-9.70634127304514,-1.5595862563572478,-0.590249961649425,-1.0946725692352561,-0.922168944199321,-1.66544448826741,-1.1852268361760392,-1.4882623785509703,0.9111388833053827,0.7223928098480191,45.70634127304514,away_favorite,7-14,wk5-9
2025,7,Oregon,Indiana,Big Ten,Big Ten,False,0,0.4741111389486674,0.6172250309049463,-10.0,-1.2401612165312352,1.0426057205503683,1.2422463509082853,0.6910383964941871,0.9451939866900845,1.0973934339172096,1.4432246215992346,-1.2150997733550162,-0.978851033726083,-0.4741111389486674,-8.759838783468766,away_favorite,0-3,wk5-9
2025,7,Western Michigan,Ball State,Mid-American,Mid-American,False,1,0.8022927439066434,0.770096676660982,42.0,13.85016501082195,-0.11799985386382023,-0.6600552702154514,-0.6138110235322233,-0.9335088144391184,-0.6753410774058406,-1.3272644815359924,1.782306110687074,-1.6211522945922452,0.1977072560933566,28.14983498917805,home_favorite,7-14,wk5-9
2025,7,Maryland,Nebraska,Big Ten,Big Ten,False,0,0.2512507529315066,0.4089244036850566,-3.0,-11.24298846043925,-0.1932535162035939,0.4149396265570865,-0.15403644759675914,0.6009174431253974,-0.4983630645694563,0.6913657973853132,-1.432891580200439,0.2836031686660287,-0.2512507529315066,8.24298846043925,away_favorite,7-14,wk5-9
2025,7,Colorado,Iowa State,Big 12,Big 12,False,1,0.6198905864917968,0.5430664920222119,7.0,5.599510925290656,0.11589694242818481,0.12347875934473701,0.5336828631488871,0.03891225630374049,0.27866154682881494,0.11689727697563768,-1.6359178408190533,0.2503806896557099,0.38010941350820315,1.400489074709344,home_favorite,3-7,wk5-9
2025,7,Penn State,Northwestern,Big Ten,Big Ten,False,0,0.9305198994007509,0.9718108649534383,-1.0,26.244218685827565,1.3688727680924382,-0.14880800397226757,1.2691728948355543,0.1896100176677179,1.9344308292078876,0.4082032389868948,0.18024434507837034,0.6047537990991101,-0.9305198994007509,-27.244218685827565,home_favorite,21+,wk5-9
2025,7,Texas,Oklahoma,SEC,SEC,True,1,0.6034833381913103,0.7233878694391705,17.0,5.107543002494255,1.0330099802845472,0.5773022900229218,1.183879022945504,0.9979220451629414,1.824200982587858,1.2629399716363487,-0.8607266639116165,0.04366304248039362,0.3965166618086897,11.892456997505745,home_favorite,3-7,wk5-9
2025,7,Georgia Tech,Virginia Tech,ACC,ACC,False,1,0.7644904470003067,0.7533860777856145,15.0,12.09694021434197,1.0699217492437327,0.08172848638363803,0.47750322650377947,0.5631581454543608,1.3817128660974938,0.5441954540159473,1.0883254380270828,-0.07815271389077517,0.23550955299969334,2.90305978565803,home_favorite,7-14,wk5-9
2025,7,Marshall,Old Dominion,Sun Belt,Sun Belt,False,1,0.6106764540303742,0.42150324765525726,24.0,4.523667348609736,-0.3249255067410036,-0.3037174705655894,-0.2372294293006896,-0.363353108655311,-0.853691281652078,-0.8005428852570526,1.8007630434705841,0.8336197656146389,0.3893235459696258,19.476332651390265,home_favorite,3-7,wk5-9
2025,7,Oregon State,Wake Forest,Pac-12,ACC,False,0,0.6287588574345669,0.4398498547680971,-25.0,5.24710427230441,0.01837425593207967,-0.16326144584781255,-0.3943665458769685,-0.36154219030493084,-0.17137947558926647,-0.023463342335829335,0.02151472314018111,-0.93824578160236,-0.6287588574345669,-30.247104272304412,home_favorite,3-7,wk5-9
2025,7,Notre Dame,NC State,FBS Independents,ACC,False,1,0.7545302469711084,0.9882545723943449,29.0,12.21632928307767,1.0346653162485375,0.3842901959133668,0.8932156398494558,0.34391806205974484,1.5159773199399198,0.8663260189596693,-0.5469588065919395,1.5940453962952674,0.24546975302889162,16.78367071692233,home_favorite,7-14,wk5-9
2025,7,Georgia State,App State,Sun Belt,Sun Belt,False,0,0.6316340280675665,0.34548000561753406,-21.0,5.227249687273471,-0.5844435177834937,-0.5965783814841096,-0.620758067811821,-0.6905450765007092,-0.7271718151450907,-0.9683639803035357,0.6232107318826204,-1.384903554963312,-0.6316340280675665,-26.22724968727347,home_favorite,3-7,wk5-9
2025,7,Kansas State,TCU,Big 12,Big 12,False,1,0.6970922539726802,0.46551605527316847,13.0,8.611777230547318,0.7084131592311763,0.6752128359514915,0.6082450928847217,0.07546250853823852,0.7973878344101674,0.7700299467727646,0.6416676646661305,0.3315911939031558,0.30290774602731985,4.388222769452682,home_favorite,7-14,wk5-9
2025,7,Tennessee,Arkansas,SEC,SEC,False,1,0.6288641748869291,0.8368309660028946,3.0,5.643044308717038,0.5986492246668447,0.597082227760068,0.7189988884410801,0.3721374561684962,0.601031538139353,0.8711939456545713,-1.0895926304271455,-0.572798512488854,0.37113582511307086,-2.6430443087170383,home_favorite,3-7,wk5-9
2025,7,Florida Atlantic,UAB,American Athletic,American Athletic,False,1,0.669701424632607,0.5344839447268315,20.0,7.871181964216637,-0.41987572700448106,-0.7188043802316813,-0.31705243053153276,-0.7407039353696859,-0.31957680379953685,-1.1850372359823287,-1.1375806556642727,0.7782489672641076,0.33029857536739304,12.128818035783363,home_favorite,7-14,wk5-9
2025,7,Coastal Carolina,UL Monroe,Sun Belt,Sun Belt,False,1,0.5876734942460864,0.698558626418023,15.0,3.550763141744669,-0.5549305623368663,-0.5283427783809462,-0.5406604398045117,-0.586609002901215,-0.9097623986524599,-0.9935876424926702,1.6715645139860114,0.9812752278827223,0.4123265057539136,11.44923685825533,home_favorite,3-7,wk5-9
2025,7,Wyoming,San José State,Mountain West,Mountain West,False,1,0.4751072169103843,0.4327711556570478,7.0,-1.1991453837091828,-0.7482808984071666,-0.462221423089014,-0.35560719940453056,-0.18454673569309463,-0.7597045644095228,-0.5734557469568007,0.9517441354291056,0.2614548493258162,0.5248927830896157,8.199145383709183,away_favorite,0-3,wk5-9
2025,7,Texas A&M,Florida,SEC,SEC,False,1,0.6654854786987552,0.7403284195148304,17.0,7.055280618236802,0.9495940509682228,0.7520742235517278,0.8336084444499188,0.6460629101244557,1.2464131550638042,0.9617819208485201,0.8742250177383618,0.12487354672783947,0.3345145213012448,9.944719381763198,home_favorite,7-14,wk5-9
2025,7,Wisconsin,Iowa,Big Ten,Big Ten,False,0,0.5853846742145443,0.31122643133128686,-37.0,3.606570465766203,0.4736139123604267,0.37770006175058957,0.19892114849692372,0.20399539633870495,0.6786757831856352,0.45908832692665813,-0.4214516636640686,-0.10399241978768976,-0.5853846742145443,-40.606570465766204,home_favorite,3-7,wk5-9
2025,7,USC,Michigan,Big Ten,Big Ten,False,1,0.5895791437007312,0.6117705007810643,18.0,3.810035413593657,0.7444766340074311,0.29035811338720796,0.34420891687912447,0.680144229426719,0.944175113169041,0.6079780052146484,-0.5469588065919395,-0.4472913695609832,0.41042085629926883,14.189964586406344,home_favorite,3-7,wk5-9
2025,7,Texas Tech,Kansas,Big 12,Big 12,False,1,0.7256209174323758,0.7369947605406894,25.0,9.96993415064107,0.9309581180031918,0.6880459362361474,0.5943445404895336,0.1632141625081478,1.6897159580700634,0.34167388021826683,0.2688376224392204,-0.39192057121045215,0.2743790825676242,15.03006584935893,home_favorite,7-14,wk5-9
2025,7,UTSA,Rice,American Athletic,American Athletic,False,1,0.8375471972927258,0.8196458144946892,48.0,17.022005052131846,-0.07080424903368346,-0.8185376783157735,0.48577885448716374,-0.30318800896001835,0.12390482050035928,-0.898416555306877,1.6457248080890967,0.8668422446249576,0.16245280270727425,30.977994947868154,home_favorite,14-21,wk5-9
2025,7,Boston College,Clemson,ACC,ACC,False,0,0.21805294163917768,0.17118235224572423,-31.0,-13.415038068606982,0.013428754623269173,1.1524222859315225,0.15666011354935433,0.7280285424056598,0.18145114685774577,1.8655403006745177,0.383270605696985,1.1436962363776135,-0.21805294163917768,-17.584961931393018,away_favorite,7-14,wk5-9
2025,7,Minnesota,Purdue,Big Ten,Big Ten,False,1,0.8374290378043425,0.8422586724704255,7.0,17.112894799476088,0.4158367655195719,-0.2459339459806703,0.6109934467114793,-0.32147251315145814,0.5375817696289584,0.09753976442086111,-0.27379620139598543,0.09903384083092488,0.16257096219565748,-10.112894799476088,home_favorite,14-21,wk5-9
2025,7,Auburn,Georgia,SEC,SEC,False,0,0.5413947064460966,0.15697803558596385,-10.0,1.8131491411331528,0.7038763752078554,0.8630109775148891,0.8178696164602219,0.7171753075013958,1.3377895464438465,0.9921259312855266,-1.1006667900972518,-0.524810487251727,-0.5413947064460966,-11.813149141133152,home_favorite,0-3,wk5-9
2025,7,LSU,South Carolina,SEC,SEC,False,1,0.6982087075585572,0.6838163141936586,10.0,8.841027770530593,1.0302111126302989,0.37330042482220743,0.8149472115647907,0.8140540943477095,1.4540275296944891,0.774626197445033,0.5309260679650684,0.4017275384804954,0.30179129244144276,1.1589722294694074,home_favorite,7-14,wk5-9
2025,7,Texas State,Troy,Sun Belt,Sun Belt,False,0,0.7750364439948011,0.7565805942950526,-7.0,12.542341908493714,0.05965098135161566,-0.3964284809356777,0.12867298030440388,-0.29279044995577685,-0.23313819387399654,-0.7477934046493179,1.5165262786045242,-0.6724659495198102,-0.7750364439948011,-19.542341908493714,home_favorite,7-14,wk5-9
2025,7,Arizona,BYU,Big 12,Big 12,False,0,0.4497384003495818,0.27431435372821295,-6.0,-1.9957013277385807,-0.00865474859649007,0.12771273294339158,-0.08705074938026863,0.19794804204172242,0.21696886507720117,-0.062179366246140726,0.16547879885156241,1.3098086314292074,-0.4497384003495818,-4.004298672261419,away_favorite,0-3,wk5-9
2025,7,Boise State,New Mexico,Mountain West,Mountain West,False,1,0.9363642065391289,0.8512207976249028,16.0,26.50358725029027,0.42879493284380843,-0.3913795716402913,0.25799098124998987,-1.2918806982170912,0.16407130868443756,-1.7411798645869194,0.23192375687219952,-1.4439657398705452,0.06363579346087112,-10.50358725029027,home_favorite,21+,wk5-9
2025,7,Utah,Arizona State,Big 12,Big 12,False,1,0.46817171855007045,0.5330513938844411,32.0,-0.9433491631005233,-0.02554181395604249,0.720075913473169,0.8184997632235893,0.278460472163814,0.8274733826875964,0.8363291100517947,-1.388594941520014,0.6601245974496409,0.5318282814499296,32.94334916310052,away_favorite,0-3,wk5-9
2025,7,Nevada,San Diego State,Mountain West,Mountain West,False,0,0.6906799839686157,0.30999379271968613,-34.0,8.543355982019872,-0.27228002007891683,-0.754115393139992,-0.536731971808911,-0.7134017002213537,-0.8381248312824254,-0.7353831590203235,0.5235432948516642,1.058794345573466,-0.6906799839686157,-42.543355982019875,home_favorite,7-14,wk5-9
2025,7,Hawai'i,Utah State,Mountain West,Mountain West,False,1,0.5404422949322596,0.3868631798468569,18.0,1.741158291824519,-0.5422270530525075,-0.13876755563492807,-0.33801737405212784,-0.6643531154309612,-0.6073904244756116,-0.778991453308417,-0.21104262993205,0.4238758578207079,0.4595577050677404,16.25884170817548,home_favorite,0-3,wk5-9
2025,8,Liberty,New Mexico State,Conference USA,Conference USA,False,1,0.8878879466222419,0.8187932901343153,3.0,20.90014622867431,-0.17956074297012423,-1.1480052655705493,-0.2047070106361706,-1.0642647566853034,-0.2158608757405748,-1.527401066202203,1.7712319510169676,0.1433304795113499,0.11211205337775809,-17.90014622867431,home_favorite,14-21,wk5-9
2025,8,South Alabama,Arkansas State,Sun Belt,Sun Belt,False,0,0.6477074466801074,0.8187932901343153,-1.0,6.6298267044684085,-0.18297626478401013,-0.30355359343147165,-0.20628567941983073,-0.5916282970143838,-0.8175621509144814,-0.3332249193057294,-0.9677768740559768,0.2577634627691141,-0.6477074466801074,-7.6298267044684085,home_favorite,3-7,wk5-9
2025,8,Western Kentucky,Florida International,Conference USA,Conference USA,False,0,0.5387177226278794,0.8279993802611698,-19.0,1.6593434193488383,-0.73518440102469,-0.7823259235665265,-0.7961847171252758,-0.6579398561856871,-1.0808599085452566,-0.933048814961539,-0.6798487226332144,-0.34762393253002716,-0.5387177226278794,-20.65934341934884,home_favorite,0-3,wk5-9
2025,8,Sam Houston,UTEP,Conference USA,Conference USA,True,0,0.4771755602380995,0.46122190794282847,-18.0,-0.45391572932980884,-0.8797921675739598,-0.9909018788257972,-0.623677949613525,-0.5121892865549666,-1.3120820048466135,-0.9088656403952472,1.42055022813027,1.785997497243776,-0.4771755602380995,-17.546084270670192,away_favorite,0-3,wk5-9
2025,8,East Carolina,Tulsa,American Athletic,American Athletic,False,1,0.7929677770118936,0.9617134961177454,14.0,14.475557653699095,-0.17779171172561892,-0.9673364671087639,-0.044170827662308086,-0.7010134891988424,-0.2772786641883975,-0.9720944880278479,-0.037547461767052245,1.749083631676755,0.20703222298810642,-0.4755576536990951,home_favorite,14-21,wk5-9
2025,8,Miami,Louisville,ACC,ACC,False,0,0.7584407283234271,0.730245413297424,-3.0,12.154878101487675,1.4322229964906352,0.6957096219307739,0.8366716538976384,0.4918203537704797,1.763032500476799,0.9182631499150185,-1.4439657398705452,-0.1925856971485396,-0.7584407283234271,-15.154878101487675,home_favorite,7-14,wk5-9
2025,8,Minnesota,Nebraska,Big Ten,Big Ten,False,1,0.5503213990437004,0.35993500019711494,18.0,2.2567592558899428,0.4158367655195719,0.4149396265570865,0.6109934467114793,0.6009174431253974,0.5375817696289584,0.6913657973853132,-0.27379620139598543,0.2836031686660287,0.44967860095629963,15.743240744110057,home_favorite,0-3,wk5-9
2025,8,Utah State,San José State,Mountain West,Mountain West,False,1,0.5412417047156648,0.525880930891169,5.0,1.6137309557100519,-0.13876755563492807,-0.462221423089014,-0.6643531154309612,-0.18454673569309463,-0.778991453308417,-0.5734557469568007,0.4238758578207079,0.2614548493258162,0.4587582952843352,3.386269044289948,home_favorite,0-3,wk5-9
2025,8,California,North Carolina,ACC,ACC,False,1,0.41350374139815926,0.6800706757372215,3.0,-3.8681932367348777,-0.2831254298741182,0.40060281741729614,0.047252258905695586,0.10671858591968719,-0.052691314542877316,0.6715055677779196,-1.0748270842003371,-1.3184585969426743,0.5864962586018407,6.868193236734878,away_favorite,3-7,wk5-9
2025,8,Michigan,Washington,Big Ten,Big Ten,False,1,0.678690842599254,0.7336337024138074,17.0,7.932001936605797,0.29035811338720796,0.28815612105794985,0.680144229426719,0.1038191695802356,0.6079780052146484,0.43231312989326626,-0.4472913695609832,-0.340241159416623,0.32130915740074595,9.067998063394203,home_favorite,7-14,wk5-9
2025,8,TCU,Baylor,Big 12,Big 12,False,1,0.45244417557479666,0.7490830628775357,6.0,-2.112041942274349,0.6752128359514915,0.8714110606957501,0.07546250853823852,0.40122921116118404,0.7700299467727646,1.1803637612517588,0.3315911939031558,1.1400048498209114,0.5475558244252033,8.112041942274349,away_favorite,0-3,wk5-9
2025,8,Duke,Georgia Tech,ACC,ACC,False,0,0.3441488405339641,0.6686949563073317,-9.0,-6.471388483551195,0.10728525996515623,1.0699217492437327,0.6328722964040288,0.47750322650377947,0.5031593247651899,1.3817128660974938,-1.244630865808633,1.0883254380270828,-0.3441488405339641,-2.528611516448805,away_favorite,3-7,wk5-9
2025,8,Houston,Arizona,Big 12,Big 12,False,1,0.6114440201937923,0.5980137657693436,3.0,4.446645628151373,-0.3090673754459802,-0.00865474859649007,0.2619681348681837,-0.08705074938026863,0.5118642829546829,0.21696886507720117,1.9779495981922843,0.16547879885156241,0.3885559798062077,-1.4466456281513729,home_favorite,3-7,wk5-9
2025,8,Boston College,UConn,ACC,FBS Independents,False,0,0.5724543504067676,0.269754586702576,-15.0,3.1295305331686825,0.013428754623269173,-0.019612497080642846,0.15666011354935433,0.11868565309047575,0.18145114685774577,-0.024874087649063154,0.383270605696985,0.6047537990991101,-0.5724543504067676,-18.129530533168683,home_favorite,3-7,wk5-9
2025,8,Bowling Green,Central Michigan,Mid-American,Mid-American,False,0,0.5980749476123915,0.8975401141287239,-21.0,4.264828393771493,-0.6421712411591837,-0.7987423636173936,-0.4342090217647746,-0.474276017856499,-1.2231558411779195,-1.1238691231378248,-1.613769521478841,-1.525176244117991,-0.5980749476123915,-25.264828393771495,home_favorite,3-7,wk5-9
2025,8,Vanderbilt,LSU,SEC,SEC,False,1,0.3441553436375677,0.5629847281035958,7.0,-7.179302600306123,0.43977855258602877,1.0302111126302989,0.23447284814137156,0.8149472115647907,0.7167285329809041,1.4540275296944891,1.2655119927487823,0.5309260679650684,0.6558446563624323,14.179302600306123,away_favorite,7-14,wk5-9
2025,8,Tulane,Army,American Athletic,American Athletic,False,1,0.8307455384515419,0.6307302886162022,7.0,16.56022915259114,0.45291208642090436,-0.11807283584369249,0.4272788468526554,-0.5079590091620493,0.532049685001788,-1.1277859086801876,-1.3664466221798015,-0.9751596471693809,0.16925446154845813,-9.560229152591141,home_favorite,14-21,wk5-9
2025,8,Miami (OH),Eastern Michigan,Mid-American,Mid-American,False,1,0.6787116309693931,0.8430219644140362,14.0,7.772348918834775,-0.47704268206455464,-0.8048633463990421,-0.3100294759972375,-0.47586249370378975,-0.5410219854229629,-0.9487263006141853,-0.13352351224130643,-0.9862338068394871,0.32128836903060687,6.227651081165225,home_favorite,7-14,wk5-9
2025,8,South Carolina,Oklahoma,SEC,SEC,False,0,0.4791335915075768,0.4913661641789174,-19.0,-0.925256499278444,0.37330042482220743,0.5773022900229218,0.8140540943477095,0.9979220451629414,0.774626197445033,1.2629399716363487,0.4017275384804954,0.04366304248039362,-0.4791335915075768,-18.074743500721556,away_favorite,0-3,wk5-9
2025,8,UCF,West Virginia,Big 12,Big 12,False,1,0.7474642731787088,0.8320598405303332,32.0,11.286364252042574,0.5220435039516178,0.11165114514350964,0.28488102417700334,-0.18185608517542295,0.30677628511442556,-0.2263357964236148,-0.7610592268806602,-0.9419371681590621,0.2525357268212912,20.713635747957426,home_favorite,7-14,wk5-9
2025,8,Toledo,Kent State,Mid-American,Mid-American,False,1,0.9137983577799185,0.9768355779567848,35.0,23.677621767018916,-0.49282420711351876,-1.5595862563572478,-0.025539495803157886,-1.0946725692352561,-0.1258852447093334,-1.66544448826741,0.6232107318826204,-1.4882623785509703,0.08620164222008153,11.322378232981084,home_favorite,21+,wk5-9
2025,8,Massachusetts,Buffalo,Mid-American,Mid-American,False,0,0.41079960855088443,0.08054361757308826,-7.0,-4.01824343310435,-0.590249961649425,-0.5524515931283356,-0.922168944199321,-0.1880344000518289,-1.1852268361760392,-0.6112904826386858,0.9111388833053827,0.5272346814083663,-0.41079960855088443,-2.9817565668956503,away_favorite,3-7,wk5-9
2025,8,Northwestern,Purdue,Big Ten,Big Ten,False,1,0.6962017606779093,0.8179376310581157,19.0,8.667339120403604,-0.14880800397226757,-0.2459339459806703,0.1896100176677179,-0.32147251315145814,0.4082032389868948,0.09753976442086111,0.6047537990991101,0.09903384083092488,0.3037982393220907,10.332660879596396,home_favorite,7-14,wk5-9
2025,8,UL Monroe,Troy,Sun Belt,Sun Belt,False,0,0.5143817097296195,0.1308031345449462,-23.0,0.1803922805439342,-0.5283427783809462,-0.3964284809356777,-0.586609002901215,-0.29279044995577685,-0.9935876424926702,-0.7477934046493179,0.9812752278827223,-0.6724659495198102,-0.5143817097296195,-23.180392280543934,home_favorite,0-3,wk5-9
2025,8,Arkansas,Texas A&M,SEC,SEC,False,0,0.3660963889986627,0.3174296145252281,-3.0,-5.683348812180309,0.597082227760068,0.9495940509682228,0.3721374561684962,0.8336084444499188,0.8711939456545713,1.2464131550638042,-0.572798512488854,0.8742250177383618,-0.3660963889986627,2.6833488121803093,away_favorite,3-7,wk5-9
2025,8,Wisconsin,Ohio State,Big Ten,Big Ten,False,0,0.24381233580257416,0.04046332603236435,-34.0,-12.17406364538699,0.4736139123604267,1.229031845615601,0.19892114849692372,1.121124211220414,0.6786757831856352,1.342121218993581,-0.4214516636640686,-0.7684419999940644,-0.24381233580257416,-21.82593635461301,away_favorite,7-14,wk5-9
2025,8,Charlotte,Temple,American Athletic,American Athletic,False,0,0.6574473640625345,0.45265148195413535,-35.0,7.574353201048357,-0.5739489877939088,-1.1026933261458312,-0.37594272505639315,-0.6470089730199495,-0.7498676927965588,-0.919482457584853,-1.0268390589632101,1.782306110687074,-0.6574473640625345,-42.57435320104835,home_favorite,7-14,wk5-9
2025,8,App State,Coastal Carolina,Sun Belt,Sun Belt,False,0,0.45475335209807677,0.7791406208194696,-8.0,-1.37669424862829,-0.5965783814841096,-0.5549305623368663,-0.6905450765007092,-0.5406604398045117,-0.9683639803035357,-0.9097623986524599,-1.384903554963312,1.6715645139860114,-0.45475335209807677,-6.62330575137171,away_favorite,0-3,wk5-9
2025,8,North Texas,UTSA,American Athletic,American Athletic,False,1,0.3079372939800265,0.5100724469274385,38.0,-8.34531338432997,-0.17574879465285495,-0.07080424903368346,-0.47722012707754025,0.48577885448716374,-0.5807768598714267,0.12390482050035928,0.17286157196496615,1.6457248080890967,0.6920627060199736,46.34531338432997,away_favorite,7-14,wk5-9
2025,8,Boise State,UNLV,Mountain West,Mountain West,False,1,0.7433666614772514,0.6492949471109635,25.0,10.879274153526278,0.42879493284380843,-0.21398707375791814,0.25799098124998987,0.14941206423936595,0.16407130868443756,-0.24342381853653788,0.23192375687219952,-1.344298302839589,0.2566333385227486,14.120725846473722,home_favorite,7-14,wk5-9
2025,8,James Madison,Old Dominion,Sun Belt,Sun Belt,False,1,0.7144884781582418,0.7081663882812006,36.0,9.663616784040453,-0.125254645941418,-0.3037174705655894,0.20562328686910367,-0.363353108655311,-0.27378750134629326,-0.8005428852570526,0.9886580009961264,0.8336197656146389,0.2855115218417582,26.336383215959547,home_favorite,7-14,wk5-9
2025,8,Ohio,Northern Illinois,Mid-American,Mid-American,False,1,0.6933125549373542,0.8430219644140362,27.0,8.576281720560452,-0.10675224489091092,-0.55644059156056,0.007783344654597207,-0.16094036291672678,-0.5757328346530897,-0.9450962470028557,0.48662942928464337,0.05473720215049987,0.3066874450626458,18.423718279439548,home_favorite,7-14,wk5-9
2025,8,Georgia,Ole Miss,SEC,SEC,False,1,0.6098608260315546,0.6648579785547648,8.0,4.568874918641731,0.8630109775148891,0.5252184517062783,0.7171753075013958,0.913057317120291,0.9921259312855266,0.6580247638268034,-0.524810487251727,-1.2593964120354413,0.39013917396844544,3.431125081358269,home_favorite,3-7,wk5-9
2025,8,Indiana,Michigan State,Big Ten,Big Ten,False,1,0.8978243071292691,0.9863841089712181,25.0,22.511451077703402,1.2422463509082853,-0.1215653812078787,0.9451939866900845,0.035003850829694746,1.4432246215992346,0.2659220839949454,-0.978851033726083,0.6305935049960246,0.10217569287073092,2.488548922296598,home_favorite,21+,wk5-9
2025,8,Clemson,SMU,ACC,ACC,False,0,0.7179386598968457,0.626699081666732,-11.0,9.524555191856306,1.1524222859315225,0.6300087145715739,0.7280285424056598,0.6466393309125587,1.8655403006745177,1.145678535310898,1.1436962363776135,-0.056004394550562664,-0.7179386598968457,-20.524555191856308,home_favorite,7-14,wk5-9
2025,8,Ball State,Akron,Mid-American,Mid-American,False,1,0.528543330809571,0.6062878237854281,14.0,1.327789856454591,-0.6600552702154514,-0.7333489603771948,-0.9335088144391184,-0.7776153298832882,-1.3272644815359924,-1.0512420569649519,-1.6211522945922452,-0.5358846469218332,0.47145666919042895,12.67221014354541,home_favorite,0-3,wk5-9
2025,8,Marshall,Texas State,Sun Belt,Sun Belt,False,1,0.41111671239905434,0.6293885472175023,3.0,-3.9638818922976675,-0.3249255067410036,0.05965098135161566,-0.2372294293006896,0.12867298030440388,-0.853691281652078,-0.23313819387399654,1.8007630434705841,1.5165262786045242,0.5888832876009457,6.9638818922976675,away_favorite,3-7,wk5-9
2025,8,Arizona State,Texas Tech,Big 12,Big 12,False,1,0.4753580150830252,0.3075366074204823,4.0,-1.342767783223521,0.720075913473169,0.9309581180031918,0.278460472163814,0.5943445404895336,0.8363291100517947,1.6897159580700634,0.6601245974496409,0.2688376224392204,0.5246419849169748,5.342767783223521,away_favorite,0-3,wk5-9
2025,8,UAB,Memphis,American Athletic,American Athletic,False,1,0.20543361568846497,0.07013276255157504,7.0,-14.83424587101192,-0.7188043802316813,0.5105037091018312,-0.7407039353696859,0.16121059751949374,-1.1850372359823287,0.4805793960696425,0.7782489672641076,-1.4661140592107578,0.794566384311535,21.83424587101192,away_favorite,14-21,wk5-9
2025,8,Florida,Mississippi State,SEC,SEC,False,1,0.823127800933878,0.770096676660982,2.0,15.84049616110094,0.7520742235517278,0.211664320127957,0.6460629101244557,-0.16091482187481757,0.9617819208485201,0.5471856370965203,0.12487354672783947,-0.36977225187023965,0.17687219906612195,-13.84049616110094,home_favorite,14-21,wk5-9
2025,8,Louisiana,Southern Miss,Sun Belt,Sun Belt,False,0,0.5913809495201141,0.7164236941029388,-12.0,3.828065547859019,-0.2505806114343202,-0.734698983868505,-0.6952687131531011,-0.3065232273265034,-0.7690596846526245,-0.13852255471943886,0.20608405097528493,0.025206109696883194,-0.5913809495201141,-15.828065547859019,home_favorite,3-7,wk5-9
2025,8,Rutgers,Oregon,Big Ten,Big Ten,False,0,0.42688166296217356,0.0988131708783323,-46.0,-3.7450783916902175,0.6260125841479508,1.0426057205503683,0.19729345268553625,0.6910383964941871,1.1788180651718725,1.0973934339172096,0.5826054797588975,-1.2150997733550162,-0.42688166296217356,-42.254921608309786,away_favorite,3-7,wk5-9
2025,8,Virginia,Washington State,ACC,Pac-12,False,1,0.6499972328376853,0.8467934030726807,2.0,6.448884141548618,-0.04253883968415184,-0.004868703049602907,0.023989580387639375,-0.3832097337819783,0.40237167999980045,-0.41982807742069533,-0.8718008235817225,-0.9862338068394871,0.3500027671623147,-4.448884141548618,home_favorite,3-7,wk5-9
2025,8,Kentucky,Texas,SEC,SEC,False,0,0.20234376024212902,0.09779267965490034,-3.0,-14.413692116366565,0.018551069733229016,1.0330099802845472,0.36021612598260055,1.183879022945504,0.15886642095227493,1.824200982587858,-0.9087146891487434,-0.8607266639116165,-0.20234376024212902,11.413692116366565,away_favorite,14-21,wk5-9
2025,8,Iowa,Penn State,Big Ten,Big Ten,False,1,0.17577014438244878,0.3507050528890364,1.0,-16.222233753390498,0.37770006175058957,1.3688727680924382,0.20399539633870495,1.2691728948355543,0.45908832692665813,1.9344308292078876,-0.10399241978768976,0.18024434507837034,0.8242298556175512,17.222233753390498,away_favorite,14-21,wk5-9
2025,8,Colorado State,Hawai'i,Mountain West,Mountain West,False,0,0.5830438526327277,0.6584145209169125,-12.0,3.504223378219481,-0.4245473080603209,-0.5422270530525075,-0.37952427851777853,-0.33801737405212784,-0.647988392022429,-0.6073904244756116,-0.044930234880456416,-0.21104262993205,-0.5830438526327277,-15.504223378219482,home_favorite,3-7,wk5-9
2025,8,UCLA,Maryland,Big Ten,Big Ten,False,1,0.5636984447452951,0.4061446147638222,3.0,2.6612564277024355,-0.41451465098988494,-0.1932535162035939,0.05117290206038952,-0.15403644759675914,-0.04692093510170553,-0.4983630645694563,-1.0969754035405497,-1.432891580200439,0.43630155525470493,0.33874357229756447,home_favorite,0-3,wk5-9
2025,8,Georgia Southern,Georgia State,Sun Belt,Sun Belt,False,1,0.729188390591193,0.821341471737012,17.0,10.181737036298866,-0.07602022018264759,-0.5844435177834937,-0.4244220711140161,-0.620758067811821,-0.4952750713357625,-0.7271718151450907,1.4980693458210137,0.6232107318826204,0.270811609408807,6.818262963701134,home_favorite,7-14,wk5-9
2025,8,Notre Dame,USC,FBS Independents,Big Ten,False,1,0.73778906125135,0.8864576236639505,10.0,10.797746834114978,1.0346653162485375,0.7444766340074311,0.8932156398494558,0.34420891687912447,1.5159773199399198,0.944175113169041,-0.5469588065919395,-0.5469588065919395,0.26221093874865,-0.797746834114978,home_favorite,7-14,wk5-9
2025,8,South Florida,Florida Atlantic,American Athletic,American Athletic,False,1,0.7920098759734386,0.9100379198115163,35.0,13.452875565238724,-0.05280318006783792,-0.41987572700448106,0.241052246079346,-0.31705243053153276,0.0075308021578257625,-0.31957680379953685,1.782306110687074,-1.1375806556642727,0.20799012402656136,21.547124434761276,home_favorite,7-14,wk5-9
2025,8,Syracuse,Pittsburgh,ACC,ACC,False,0,0.36874075152206015,0.31122643133128686,-17.0,-5.334415610217408,0.18316391680226965,0.1443745103738715,-0.16642430927585616,0.5572884531032432,-0.284143791787164,0.5292547963897177,-1.3775207818499078,0.8594594715115534,-0.36874075152206015,-11.665584389782591,away_favorite,3-7,wk5-9
2025,8,Alabama,Tennessee,SEC,SEC,False,1,0.7508877625813085,0.7670249181450214,17.0,11.418839740398646,1.1796809297978934,0.5986492246668447,1.0033222845350602,0.7189988884410801,1.664860651107222,0.601031538139353,-0.3070186804063042,-1.0895926304271455,0.24911223741869148,5.581160259601354,home_favorite,7-14,wk5-9
2025,8,Auburn,Missouri,SEC,SEC,False,0,0.5748698940796362,0.4441090388831469,-6.0,3.1269513516890015,0.7038763752078554,0.8170429739727139,0.8178696164602219,0.6757962592442617,1.3377895464438465,1.1122071985893935,-1.1006667900972518,-1.163420361561187,-0.5748698940796362,-9.126951351689002,home_favorite,3-7,wk5-9
2025,8,Oklahoma State,Cincinnati,Big 12,Big 12,False,0,0.31643133611408614,0.09779267965490034,-32.0,-8.098368544227196,0.022806808264553224,0.4274892504646441,-0.44103006954944046,0.26046483589872527,-0.5690879692422373,0.5430207242616326,-0.2627220417258792,1.0255718665631472,-0.31643133611408614,-23.901631455772804,away_favorite,7-14,wk5-9
2025,8,BYU,Utah,Big 12,Big 12,False,1,0.5168999890332924,0.48130022207044143,3.0,0.19315389428157914,0.12771273294339158,-0.02554181395604249,0.19794804204172242,0.8184997632235893,-0.062179366246140726,0.8274733826875964,1.3098086314292074,-1.388594941520014,0.4831000109667076,2.806846105718421,home_favorite,0-3,wk5-9
2025,8,New Mexico,Nevada,Mountain West,Mountain West,False,1,0.354334402360039,0.8336624691834381,2.0,-6.236074687781681,-0.3913795716402913,-0.27228002007891683,-1.2918806982170912,-0.536731971808911,-1.7411798645869194,-0.8381248312824254,-1.4439657398705452,0.5235432948516642,0.645665597639961,8.23607468778168,away_favorite,3-7,wk5-9
2025,8,Stanford,Florida State,ACC,ACC,False,1,0.3790822761165943,0.17781538884649767,7.0,-5.304982618507418,-0.3833393042322958,-0.04272106663224845,-0.160330920009547,0.3630059133676533,-0.08911918980730754,0.8204564650975007,-1.207717000241612,-1.4218174205303327,0.6209177238834057,12.304982618507417,away_favorite,3-7,wk5-9
2025,9,Florida International,Kennesaw State,Conference USA,Conference USA,False,0,0.7115631703215832,0.5301846800039021,-19.0,9.592324502021443,-0.7823259235665265,-1.237707123428915,-0.6579398561856871,-0.973803279672907,-0.933048814961539,-1.3743418419804394,-0.34762393253002716,-0.2147340164887521,-0.7115631703215832,-28.59232450202144,home_favorite,7-14,wk5-9
2025,9,Louisiana Tech,Western Kentucky,Conference USA,Conference USA,False,0,0.5325684752458915,0.6320700121000735,-1.0,1.2019326756408495,-1.0974985435622586,-0.73518440102469,-0.6537842786511074,-0.7961847171252758,-1.105562315806668,-1.0808599085452566,0.09903384083092488,-0.6798487226332144,-0.5325684752458915,-2.2019326756408493,home_favorite,0-3,wk5-9
2025,9,Georgia State,South Alabama,Sun Belt,Sun Belt,False,0,0.4310472776953179,0.19347247718289215,-7.0,-3.4086114780322783,-0.5844435177834937,-0.18297626478401013,-0.620758067811821,-0.20628567941983073,-0.7271718151450907,-0.8175621509144814,0.6232107318826204,-0.9677768740559768,-0.4310472776953179,-3.5913885219677217,away_favorite,3-7,wk5-9
2025,9,Charlotte,North Texas,American Athletic,American Athletic,False,0,0.4764968898608748,0.045426509677844375,-34.0,-0.8460035811053261,-0.5739489877939088,-0.17574879465285495,-0.37594272505639315,-0.47722012707754025,-0.7498676927965588,-0.5807768598714267,-1.0268390589632101,0.17286157196496615,-0.4764968898608748,-33.15399641889467,away_favorite,0-3,wk5-9
2025,9,Virginia Tech,California,ACC,ACC,False,1,0.7470921007167006,0.6076610641268197,8.0,11.290637567783154,0.08172848638363803,-0.2831254298741182,0.5631581454543608,0.047252258905695586,0.5441954540159473,-0.052691314542877316,-0.07815271389077517,-1.0748270842003371,0.2529078992832994,-3.290637567783154,home_favorite,7-14,wk5-9
2025,9,Nevada,Boise State,Mountain West,Mountain West,False,0,0.27444263082858533,0.06264739145388692,-21.0,-10.517853113725497,-0.27228002007891683,0.42879493284380843,-0.536731971808911,0.25799098124998987,-0.8381248312824254,0.16407130868443756,0.5235432948516642,0.23192375687219952,-0.27444263082858533,-10.482146886274503,away_favorite,7-14,wk5-9
2025,9,Kent State,Bowling Green,Mid-American,Mid-American,False,1,0.24384456317597203,0.13277910403245627,3.0,-11.970647015501466,-1.5595862563572478,-0.6421712411591837,-1.0946725692352561,-0.4342090217647746,-1.66544448826741,-1.2231558411779195,-1.4882623785509703,-1.613769521478841,0.756155436824028,14.970647015501466,away_favorite,7-14,wk5-9
2025,9,Memphis,South Florida,American Athletic,American Athletic,False,1,0.593716643159917,0.615864104253756,3.0,4.670872985711159,0.5105037091018312,-0.05280318006783792,0.16121059751949374,0.241052246079346,0.4805793960696425,0.0075308021578257625,-1.4661140592107578,1.782306110687074,0.406283356840083,-1.670872985711159,home_favorite,3-7,wk5-9
2025,9,Wake Forest,SMU,ACC,ACC,False,1,0.20133679278743719,0.23297508185497873,1.0,-14.40190377450493,-0.16326144584781255,0.6300087145715739,-0.36154219030493084,0.6466393309125587,-0.023463342335829335,1.145678535310898,-0.93824578160236,-0.056004394550562664,0.7986632072125628,15.40190377450493,away_favorite,14-21,wk5-9
2025,9,Oklahoma,Ole Miss,SEC,SEC,False,0,0.6134104939486008,0.33900090875364175,-8.0,4.690705491364419,0.5773022900229218,0.5252184517062783,0.9979220451629414,0.913057317120291,1.2629399716363487,0.6580247638268034,0.04366304248039362,-1.2593964120354413,-0.6134104939486008,-12.690705491364419,home_favorite,3-7,wk5-9
2025,9,Nebraska,Northwestern,Big Ten,Big Ten,False,1,0.7420195450883713,0.7291099628977525,7.0,11.248318968858896,0.4149396265570865,-0.14880800397226757,0.6009174431253974,0.1896100176677179,0.6913657973853132,0.4082032389868948,0.2836031686660287,0.6047537990991101,0.2579804549116287,-4.2483189688588965,home_favorite,7-14,wk5-9
2025,9,Old Dominion,App State,Sun Belt,Sun Belt,False,1,0.7371146803802457,0.7576391748622517,3.0,10.361699289403564,-0.3037174705655894,-0.5965783814841096,-0.363353108655311,-0.6905450765007092,-0.8005428852570526,-0.9683639803035357,0.8336197656146389,-1.384903554963312,0.26288531961975425,-7.361699289403564,home_favorite,7-14,wk5-9
2025,9,North Carolina,Virginia,ACC,ACC,False,0,0.6673123856395594,0.25856647703070046,-1.0,7.395240194816469,0.40060281741729614,-0.04253883968415184,0.10671858591968719,0.023989580387639375,0.6715055677779196,0.40237167999980045,-1.3184585969426743,-0.8718008235817225,-0.6673123856395594,-8.39524019481647,home_favorite,7-14,wk5-9
2025,9,Eastern Michigan,Ohio,Mid-American,Mid-American,False,0,0.2846510397243411,0.12190992605740426,-7.0,-9.48894543882815,-0.8048633463990421,-0.10675224489091092,-0.47586249370378975,0.007783344654597207,-0.9487263006141853,-0.5757328346530897,-0.9862338068394871,0.48662942928464337,-0.2846510397243411,2.48894543882815,away_favorite,7-14,wk5-9
2025,9,Purdue,Rutgers,Big Ten,Big Ten,False,0,0.27879445529203495,0.34288131351292145,-3.0,-10.136909983735354,-0.2459339459806703,0.6260125841479508,-0.32147251315145814,0.19729345268553625,0.09753976442086111,1.1788180651718725,0.09903384083092488,0.5826054797588975,-0.27879445529203495,7.136909983735354,away_favorite,7-14,wk5-9
2025,9,Georgia Tech,Syracuse,ACC,ACC,False,1,0.8741390312495474,0.8288176477542757,25.0,19.344278158402876,1.0699217492437327,0.18316391680226965,0.47750322650377947,-0.16642430927585616,1.3817128660974938,-0.284143791787164,1.0883254380270828,-1.3775207818499078,0.1258609687504526,5.655721841597124,home_favorite,14-21,wk5-9
2025,9,Indiana,UCLA,Big Ten,Big Ten,False,1,0.9316717211769268,0.9746573536119648,50.0,26.287269149478966,1.2422463509082853,-0.41451465098988494,0.9451939866900845,0.05117290206038952,1.4432246215992346,-0.04692093510170553,-0.978851033726083,-1.0969754035405497,0.06832827882307324,23.712730850521034,home_favorite,21+,wk5-9
2025,9,Kansas,Kansas State,Big 12,Big 12,False,0,0.4523886787455177,0.48705085510713625,-25.0,-1.9983058017367403,0.6880459362361474,0.7084131592311763,0.1632141625081478,0.6082450928847217,0.34167388021826683,0.7973878344101674,-0.39192057121045215,0.6416676646661305,-0.4523886787455177,-23.00169419826326,away_favorite,0-3,wk5-9
2025,9,Arkansas,Auburn,SEC,SEC,False,0,0.46282413971172154,0.5014391117091528,-9.0,-1.8100101880091222,0.597082227760068,0.7038763752078554,0.3721374561684962,0.8178696164602219,0.8711939456545713,1.3377895464438465,-0.572798512488854,-1.1006667900972518,-0.46282413971172154,-7.189989811990878,away_favorite,0-3,wk5-9
2025,9,Buffalo,Akron,Mid-American,Mid-American,False,0,0.7354947757949452,0.9223905105706245,-8.0,10.578928671758584,-0.5524515931283356,-0.7333489603771948,-0.1880344000518289,-0.7776153298832882,-0.6112904826386858,-1.0512420569649519,0.5272346814083663,-0.5358846469218332,-0.7354947757949452,-18.578928671758582,home_favorite,7-14,wk5-9
2025,9,New Mexico,Utah State,Mountain West,Mountain West,False,1,0.3590695259266574,0.6253513933075368,19.0,-6.077487413630617,-0.3913795716402913,-0.13876755563492807,-1.2918806982170912,-0.6643531154309612,-1.7411798645869194,-0.778991453308417,-1.4439657398705452,0.4238758578207079,0.6409304740733426,25.077487413630617,away_favorite,3-7,wk5-9
2025,9,Rice,UConn,American Athletic,FBS Independents,False,1,0.3097508865755664,0.12885220159544447,3.0,-8.564180064251786,-0.8185376783157735,-0.019612497080642846,-0.30318800896001835,0.11868565309047575,-0.898416555306877,-0.024874087649063154,0.8668422446249576,0.6047537990991101,0.6902491134244336,11.564180064251786,away_favorite,7-14,wk5-9
2025,9,Miami (OH),Western Michigan,Mid-American,Mid-American,False,1,0.5148476868667881,0.6850596089933503,9.0,0.91914069712637,-0.47704268206455464,-0.11799985386382023,-0.3100294759972375,-0.6138110235322233,-0.5410219854229629,-0.6753410774058406,-0.13352351224130643,1.782306110687074,0.48515231313321194,8.08085930287363,home_favorite,0-3,wk5-9
2025,9,Tulsa,Temple,American Athletic,American Athletic,False,0,0.5723682358133153,0.22990332333901797,-1.0,3.1514519920081208,-0.9673364671087639,-1.1026933261458312,-0.7010134891988424,-0.6470089730199495,-0.9720944880278479,-0.919482457584853,1.749083631676755,1.782306110687074,-0.5723682358133153,-4.151451992008121,home_favorite,3-7,wk5-9
2025,9,Northern Illinois,Ball State,Mid-American,Mid-American,False,1,0.7665418552794778,0.8541133619456244,14.0,12.144170684721164,-0.55644059156056,-0.6600552702154514,-0.16094036291672678,-0.9335088144391184,-0.9450962470028557,-1.3272644815359924,0.05473720215049987,-1.6211522945922452,0.23345814472052218,1.8558293152788359,home_favorite,7-14,wk5-9
2025,9,Washington State,Toledo,Pac-12,Mid-American,False,1,0.5553845169131542,0.29661499652817136,21.0,2.6602772472444842,-0.004868703049602907,-0.49282420711351876,-0.3832097337819783,-0.025539495803157886,-0.41982807742069533,-0.1258852447093334,-0.9862338068394871,0.6232107318826204,0.44461548308684584,18.339722752755517,home_favorite,0-3,wk5-9
2025,9,Pittsburgh,NC State,ACC,ACC,False,1,0.5382563731791574,0.7830774434096761,19.0,1.7736782855428201,0.1443745103738715,0.3842901959133668,0.5572884531032432,0.34391806205974484,0.5292547963897177,0.8663260189596693,0.8594594715115534,1.5940453962952674,0.4617436268208426,17.22632171445718,home_favorite,0-3,wk5-9
2025,9,Washington,Illinois,Big Ten,Big Ten,False,1,0.5142903524503024,0.7033850034718286,17.0,0.5426395899037821,0.28815612105794985,0.4434558682104096,0.1038191695802356,0.18535727915109668,0.43231312989326626,0.8754422212025454,-0.340241159416623,0.032588882810287365,0.4857096475496976,16.457360410096218,home_favorite,0-3,wk5-9
2025,9,Iowa,Minnesota,Big Ten,Big Ten,False,1,0.4753016902043643,0.8512207976249028,38.0,-1.1758856451262933,0.37770006175058957,0.4158367655195719,0.20399539633870495,0.6109934467114793,0.45908832692665813,0.5375817696289584,-0.10399241978768976,-0.27379620139598543,0.5246983097956357,39.17588564512629,away_favorite,0-3,wk5-9
2025,9,Iowa State,BYU,Big 12,Big 12,False,0,0.5071682388471317,0.48561281583400134,-14.0,0.45147311796673106,0.12347875934473701,0.12771273294339158,0.03891225630374049,0.19794804204172242,0.11689727697563768,-0.062179366246140726,0.2503806896557099,1.3098086314292074,-0.5071682388471317,-14.451473117966732,home_favorite,0-3,wk5-9
2025,9,Central Michigan,Massachusetts,Mid-American,Mid-American,False,1,0.5605753097043862,0.8870357268841216,25.0,3.0508232500262995,-0.7987423636173936,-0.590249961649425,-0.474276017856499,-0.922168944199321,-1.1238691231378248,-1.1852268361760392,-1.525176244117991,0.9111388833053827,0.4394246902956138,21.949176749973702,home_favorite,3-7,wk5-9
2025,9,South Carolina,Alabama,SEC,SEC,False,0,0.36874952765418023,0.15395489956790523,-7.0,-5.935265515323145,0.37330042482220743,1.1796809297978934,0.8140540943477095,1.0033222845350602,0.774626197445033,1.664860651107222,0.4017275384804954,-0.3070186804063042,-0.36874952765418023,-1.0647344846768547,away_favorite,3-7,wk5-9
2025,9,Southern Miss,UL Monroe,Sun Belt,Sun Belt,False,1,0.5544568544849411,0.8590630023766738,28.0,2.520529344816903,-0.734698983868505,-0.5283427783809462,-0.3065232273265034,-0.586609002901215,-0.13852255471943886,-0.9935876424926702,0.025206109696883194,0.9812752278827223,0.4455431455150589,25.479470655183096,home_favorite,0-3,wk5-9
2025,9,Vanderbilt,Missouri,SEC,SEC,False,1,0.4545907048493072,0.5387780920571715,7.0,-2.615078220144226,0.43977855258602877,0.8170429739727139,0.23447284814137156,0.6757962592442617,0.7167285329809041,1.1122071985893935,1.2655119927487823,-1.163420361561187,0.5454092951506928,9.615078220144227,away_favorite,0-3,wk5-9
2025,9,Fresno State,San Diego State,Mountain West,Mountain West,False,0,0.7146324532072454,0.4089244036850566,-23.0,10.16910769751886,-0.2365806536797485,-0.754115393139992,-0.22426853273631947,-0.7134017002213537,-0.43930313326097353,-0.7353831590203235,-1.2704705717055476,1.058794345573466,-0.7146324532072454,-33.16910769751886,home_favorite,7-14,wk5-9
2025,9,Texas Tech,Oklahoma State,Big 12,Big 12,False,1,0.8932462412720388,0.9911662217501868,42.0,21.521775882941274,0.9309581180031918,0.022806808264553224,0.5943445404895336,-0.44103006954944046,1.6897159580700634,-0.5690879692422373,0.2688376224392204,-0.2627220417258792,0.10675375872796122,20.478224117058726,home_favorite,21+,wk5-9
2025,9,Cincinnati,Baylor,Big 12,Big 12,False,1,0.4488356371366094,0.5952430396515719,21.0,-2.353229744847906,0.4274892504646441,0.8714110606957501,0.26046483589872527,0.40122921116118404,0.5430207242616326,1.1803637612517588,1.0255718665631472,1.1400048498209114,0.5511643628633907,23.353229744847905,away_favorite,0-3,wk5-9
2025,9,Mississippi State,Texas,SEC,SEC,False,0,0.17200191597816522,0.0988131708783323,-7.0,-16.637670749300113,0.211664320127957,1.0330099802845472,-0.16091482187481757,1.183879022945504,0.5471856370965203,1.824200982587858,-0.36977225187023965,-0.8607266639116165,-0.17200191597816522,9.637670749300113,away_favorite,14-21,wk5-9
2025,9,West Virginia,TCU,Big 12,Big 12,False,0,0.3765662403410779,0.10459685263267142,-6.0,-5.326622295525213,0.11165114514350964,0.6752128359514915,-0.18185608517542295,0.07546250853823852,-0.2263357964236148,0.7700299467727646,-0.9419371681590621,0.3315911939031558,-0.3765662403410779,-0.6733777044747873,away_favorite,3-7,wk5-9
2025,9,Oregon,Wisconsin,Big Ten,Big Ten,False,1,0.7613310996466192,0.983015207846485,14.0,12.247285946674989,1.0426057205503683,0.4736139123604267,0.6910383964941871,0.19892114849692372,1.0973934339172096,0.6786757831856352,-1.2150997733550162,-0.4214516636640686,0.23866890035338084,1.7527140533250112,home_favorite,7-14,wk5-9
2025,9,Miami,Stanford,ACC,ACC,False,1,0.946813450943175,0.9734946484719849,35.0,28.68845732443296,1.4322229964906352,-0.3833393042322958,0.8366716538976384,-0.160330920009547,1.763032500476799,-0.08911918980730754,-1.4439657398705452,-1.207717000241612,0.05318654905682496,6.31154267556704,home_favorite,21+,wk5-9
2025,9,Troy,Louisiana,Sun Belt,Sun Belt,False,1,0.605369384444117,0.7801296039931584,12.0,4.62826362633917,-0.3964284809356777,-0.2505806114343202,-0.29279044995577685,-0.6952687131531011,-0.7477934046493179,-0.7690596846526245,-0.6724659495198102,0.20608405097528493,0.39463061555588297,7.37173637366083,home_favorite,3-7,wk5-9
2025,9,Arkansas State,Georgia Southern,Sun Belt,Sun Belt,False,1,0.4627684945770327,0.449800646746463,10.0,-1.5077528242682883,-0.30355359343147165,-0.07602022018264759,-0.5916282970143838,-0.4244220711140161,-0.3332249193057294,-0.4952750713357625,0.2577634627691141,1.4980693458210137,0.5372315054229673,11.507752824268287,away_favorite,0-3,wk5-9
2025,9,Wyoming,Colorado State,Mountain West,Mountain West,False,1,0.5197626300349065,0.5686413918836677,28.0,0.6130165729047552,-0.7482808984071666,-0.4245473080603209,-0.35560719940453056,-0.37952427851777853,-0.7597045644095228,-0.647988392022429,0.9517441354291056,-0.044930234880456416,0.4802373699650935,27.386983427095245,home_favorite,0-3,wk5-9
2025,9,LSU,Texas A&M,SEC,SEC,False,0,0.5769594365383994,0.5230095872975623,-24.0,3.260333126689609,1.0302111126302989,0.9495940509682228,0.8149472115647907,0.8336084444499188,1.4540275296944891,1.2464131550638042,0.5309260679650684,0.8742250177383618,-0.5769594365383994,-27.26033312668961,home_favorite,3-7,wk5-9
2025,9,Michigan State,Michigan,Big Ten,Big Ten,False,0,0.36054237071219536,0.07927393863120663,-11.0,-6.34815993431959,-0.1215653812078787,0.29035811338720796,0.035003850829694746,0.680144229426719,0.2659220839949454,0.6079780052146484,0.6305935049960246,-0.4472913695609832,-0.36054237071219536,-4.65184006568041,away_favorite,3-7,wk5-9
2025,9,Louisville,Boston College,ACC,ACC,False,1,0.7514583530092207,0.9522732789657962,14.0,11.732053041845383,0.6957096219307739,0.013428754623269173,0.4918203537704797,0.15666011354935433,0.9182631499150185,0.18145114685774577,-0.1925856971485396,0.383270605696985,0.2485416469907793,2.267946958154617,home_favorite,7-14,wk5-9
2025,9,Kentucky,Tennessee,SEC,SEC,False,0,0.3655737757603441,0.23711501969474583,-22.0,-5.93651170946567,0.018551069733229016,0.5986492246668447,0.36021612598260055,0.7189988884410801,0.15886642095227493,0.601031538139353,-0.9087146891487434,-1.0895926304271455,-0.3655737757603441,-16.06348829053433,away_favorite,3-7,wk5-9
2025,9,Arizona State,Houston,Big 12,Big 12,False,0,0.740140905669125,0.785026736998172,-8.0,11.29993946264997,0.720075913473169,-0.3090673754459802,0.278460472163814,0.2619681348681837,0.8363291100517947,0.5118642829546829,0.6601245974496409,1.9779495981922843,-0.740140905669125,-19.29993946264997,home_favorite,7-14,wk5-9
2025,9,Utah,Colorado,Big 12,Big 12,False,1,0.5838052010369925,0.785026736998172,46.0,3.6726424586711346,-0.02554181395604249,0.11589694242818481,0.8184997632235893,0.5336828631488871,0.8274733826875964,0.27866154682881494,-1.388594941520014,-1.6359178408190533,0.4161947989630075,42.327357541328865,home_favorite,3-7,wk5-9
2025,10,Texas State,James Madison,Sun Belt,Sun Belt,False,0,0.5957787097828986,0.34158547908308745,-32.0,4.010181424948305,0.05965098135161566,-0.125254645941418,0.12867298030440388,0.20562328686910367,-0.23313819387399654,-0.27378750134629326,1.5165262786045242,0.9886580009961264,-0.5957787097828986,-36.01018142494831,home_favorite,3-7,wk10+
2025,10,Kennesaw State,UTEP,Conference USA,Conference USA,False,1,0.3595310729238657,0.7649612635526892,13.0,-5.707014240864108,-1.237707123428915,-0.9909018788257972,-0.973803279672907,-0.5121892865549666,-1.3743418419804394,-0.9088656403952472,-0.2147340164887521,1.785997497243776,0.6404689270761343,18.70701424086411,away_favorite,3-7,wk10+
2025,10,Middle Tennessee,Jacksonville State,Conference USA,Conference USA,False,0,0.46113809205664885,0.15774132752957445,-3.0,-1.940763651804306,-0.6913408430903526,-0.3746183407772852,-0.9054682796477774,-0.6341232146381584,-0.776486559372275,-1.1119227514328105,1.749083631676755,1.206449807841549,-0.46113809205664885,-1.059236348195694,away_favorite,0-3,wk10+
2025,10,UTSA,Tulane,American Athletic,American Athletic,False,1,0.5306613339513017,0.4243130476235704,22.0,0.6589909053819993,-0.07080424903368346,0.45291208642090436,0.48577885448716374,0.4272788468526554,0.12390482050035928,0.532049685001788,1.6457248080890967,-1.3664466221798015,0.46933866604869834,21.341009094618002,home_favorite,0-3,wk10+
2025,10,Coastal Carolina,Marshall,Sun Belt,Sun Belt,False,1,0.44811171000890215,0.163956574457953,17.0,-2.2694838057569537,-0.5549305623368663,-0.3249255067410036,-0.5406604398045117,-0.2372294293006896,-0.9097623986524599,-0.853691281652078,1.6715645139860114,1.8007630434705841,0.5518882899910978,19.269483805756956,away_favorite,0-3,wk10+
2025,10,Rice,Memphis,American Athletic,American Athletic,False,0,0.2545486274544189,0.06864593348005557,-24.0,-11.927123319443915,-0.8185376783157735,0.5105037091018312,-0.30318800896001835,0.16121059751949374,-0.898416555306877,0.4805793960696425,0.8668422446249576,-1.4661140592107578,-0.2545486274544189,-12.072876680556085,away_favorite,7-14,wk10+
2025,10,Syracuse,North Carolina,ACC,ACC,False,0,0.4703518958869176,0.6062878237854281,-17.0,-1.4393468642073035,0.18316391680226965,0.40060281741729614,-0.16642430927585616,0.10671858591968719,-0.284143791787164,0.6715055677779196,-1.3775207818499078,-1.3184585969426743,-0.4703518958869176,-15.560653135792696,away_favorite,0-3,wk10+
2025,10,Louisiana Tech,Sam Houston,Conference USA,Conference USA,False,1,0.47178937586955155,0.8519483458525737,41.0,-0.9004276143237862,-1.0974985435622586,-0.8797921675739598,-0.6537842786511074,-0.623677949613525,-1.105562315806668,-1.3120820048466135,0.09903384083092488,1.42055022813027,0.5282106241304485,41.90042761432379,away_favorite,0-3,wk10+
2025,10,Clemson,Duke,ACC,ACC,False,0,0.8174235073070398,0.704584592662721,-1.0,15.157345628884759,1.1524222859315225,0.10728525996515623,0.7280285424056598,0.6328722964040288,1.8655403006745177,0.5031593247651899,1.1436962363776135,-1.244630865808633,-0.8174235073070398,-16.15734562888476,home_favorite,14-21,wk10+
2025,10,Bowling Green,Buffalo,Mid-American,Mid-American,False,0,0.4356684927107587,0.6131368201531431,-25.0,-2.3034916093252216,-0.6421712411591837,-0.5524515931283356,-0.4342090217647746,-0.1880344000518289,-1.2231558411779195,-0.6112904826386858,-1.613769521478841,0.5272346814083663,-0.4356684927107587,-22.69650839067478,away_favorite,0-3,wk10+
2025,10,Illinois,Rutgers,Big Ten,Big Ten,False,1,0.5229321312003546,0.718756829898782,22.0,0.9147639017327045,0.4434558682104096,0.6260125841479508,0.18535727915109668,0.19729345268553625,0.8754422212025454,1.1788180651718725,0.032588882810287365,0.5826054797588975,0.47706786879964536,21.085236098267295,home_favorite,0-3,wk10+
2025,10,Texas,Vanderbilt,SEC,SEC,False,1,0.8062756449503334,0.785026736998172,3.0,15.320565753626152,1.0330099802845472,0.43977855258602877,1.183879022945504,0.23447284814137156,1.824200982587858,0.7167285329809041,-0.8607266639116165,1.2655119927487823,0.19372435504966656,-12.320565753626152,home_favorite,14-21,wk10+
2025,10,UConn,UAB,FBS Independents,American Athletic,False,1,0.8357000116572143,0.8876112598598545,19.0,16.946132238291806,-0.019612497080642846,-0.7188043802316813,0.11868565309047575,-0.7407039353696859,-0.024874087649063154,-1.1850372359823287,0.6047537990991101,0.7782489672641076,0.1642999883427857,2.0538677617081937,home_favorite,14-21,wk10+
2025,10,Baylor,UCF,Big 12,Big 12,False,1,0.7107384103449741,0.48705085510713625,27.0,8.96820618224348,0.8714110606957501,0.5220435039516178,0.40122921116118404,0.28488102417700334,1.1803637612517588,0.30677628511442556,1.1400048498209114,-0.7610592268806602,0.2892615896550259,18.031793817756522,home_favorite,7-14,wk10+
2025,10,Houston,West Virginia,Big 12,Big 12,False,0,0.6341267906541206,0.8271780169631395,-10.0,5.209321168596169,-0.3090673754459802,0.11165114514350964,0.2619681348681837,-0.18185608517542295,0.5118642829546829,-0.2263357964236148,1.9779495981922843,-0.9419371681590621,-0.6341267906541206,-15.20932116859617,home_favorite,3-7,wk10+
2025,10,Ohio State,Penn State,Big Ten,Big Ten,False,1,0.4860023758418919,0.730245413297424,24.0,-0.5085755178601836,1.229031845615601,1.3688727680924382,1.121124211220414,1.2691728948355543,1.342121218993581,1.9344308292078876,-0.7684419999940644,0.18024434507837034,0.5139976241581081,24.508575517860184,away_favorite,0-3,wk10+
2025,10,SMU,Miami,ACC,ACC,False,1,0.3972260163198621,0.399221754109989,6.0,-4.930129206795738,0.6300087145715739,1.4322229964906352,0.6466393309125587,0.8366716538976384,1.145678535310898,1.763032500476799,-0.056004394550562664,-1.4439657398705452,0.6027739836801379,10.930129206795737,away_favorite,3-7,wk10+
2025,10,Iowa State,Arizona State,Big 12,Big 12,False,0,0.38758870612759644,0.5756869523764296,-5.0,-4.961378391472883,0.12347875934473701,0.720075913473169,0.03891225630374049,0.278460472163814,0.11689727697563768,0.8363291100517947,0.2503806896557099,0.6601245974496409,-0.38758870612759644,-0.03862160852711671,away_favorite,3-7,wk10+
2025,10,Temple,East Carolina,American Athletic,American Athletic,False,0,0.2857721506075933,0.30144137358197703,-31.0,-10.10799713255355,-1.1026933261458312,-0.17779171172561892,-0.6470089730199495,-0.044170827662308086,-0.919482457584853,-0.2772786641883975,1.782306110687074,-0.037547461767052245,-0.2857721506075933,-20.89200286744645,away_favorite,7-14,wk10+
2025,10,UNLV,New Mexico,Mountain West,Mountain West,False,0,0.8523581347629701,0.7490830628775357,-5.0,18.05105999122163,-0.21398707375791814,-0.3913795716402913,0.14941206423936595,-1.2918806982170912,-0.24342381853653788,-1.7411798645869194,-1.344298302839589,-1.4439657398705452,-0.8523581347629701,-23.05105999122163,home_favorite,14-21,wk10+
2025,10,Virginia Tech,Louisville,ACC,ACC,False,0,0.449212417525641,0.19800335588556686,-12.0,-2.2482556047360305,0.08172848638363803,0.6957096219307739,0.5631581454543608,0.4918203537704797,0.5441954540159473,0.9182631499150185,-0.07815271389077517,-0.1925856971485396,-0.449212417525641,-9.75174439526397,away_favorite,0-3,wk10+
2025,10,Boston College,Notre Dame,ACC,FBS Independents,False,0,0.2367295158295084,0.00839151229967492,-15.0,-12.640078671421836,0.013428754623269173,1.0346653162485375,0.15666011354935433,0.8932156398494558,0.18145114685774577,1.5159773199399198,0.383270605696985,-0.5469588065919395,-0.2367295158295084,-2.3599213285781637,away_favorite,7-14,wk10+
2025,10,Maryland,Indiana,Big Ten,Big Ten,False,0,0.11786888549230015,0.06864593348005557,-45.0,-20.770131306198408,-0.1932535162035939,1.2422463509082853,-0.15403644759675914,0.9451939866900845,-0.4983630645694563,1.4432246215992346,-1.432891580200439,-0.978851033726083,-0.11786888549230015,-24.229868693801592,away_favorite,14-21,wk10+
2025,10,Boise State,Fresno State,Mountain West,Mountain West,False,0,0.8076195552392127,0.9219774236826269,-23.0,14.646746487688606,0.42879493284380843,-0.2365806536797485,0.25799098124998987,-0.22426853273631947,0.16407130868443756,-0.43930313326097353,0.23192375687219952,-1.2704705717055476,-0.8076195552392127,-37.6467464876886,home_favorite,14-21,wk10+
2025,10,Stanford,Pittsburgh,ACC,ACC,False,0,0.2597652339024338,0.10732333999384593,-15.0,-10.64865505936039,-0.3833393042322958,0.1443745103738715,-0.160330920009547,0.5572884531032432,-0.08911918980730754,0.5292547963897177,-1.207717000241612,0.8594594715115534,-0.2597652339024338,-4.35134494063961,away_favorite,7-14,wk10+
2025,10,Western Kentucky,New Mexico State,Conference USA,Conference USA,False,1,0.68560876300303,0.7544540419421866,19.0,8.393212460883376,-0.73518440102469,-1.1480052655705493,-0.7961847171252758,-1.0642647566853034,-1.0808599085452566,-1.527401066202203,-0.6798487226332144,0.1433304795113499,0.31439123699697,10.606787539116624,home_favorite,7-14,wk10+
2025,10,UL Monroe,Old Dominion,Sun Belt,Sun Belt,False,0,0.47633083145234895,0.09932696400964386,-25.0,-1.1480021808734344,-0.5283427783809462,-0.3037174705655894,-0.586609002901215,-0.363353108655311,-0.9935876424926702,-0.8005428852570526,0.9812752278827223,0.8336197656146389,-0.47633083145234895,-23.851997819126566,away_favorite,0-3,wk10+
2025,10,Florida,Georgia,SEC,SEC,True,0,0.4774722873972405,0.09283006384728522,-4.0,-0.8101927578905004,0.7520742235517278,0.8630109775148891,0.6460629101244557,0.7171753075013958,0.9617819208485201,0.9921259312855266,0.12487354672783947,-0.524810487251727,-0.4774722873972405,-3.1898072421094996,away_favorite,0-3,wk10+
2025,10,South Alabama,Louisiana,Sun Belt,Sun Belt,False,0,0.6610203766878522,0.6949097127295025,-9.0,7.21740277025969,-0.18297626478401013,-0.2505806114343202,-0.20628567941983073,-0.6952687131531011,-0.8175621509144814,-0.7690596846526245,-0.9677768740559768,0.20608405097528493,-0.6610203766878522,-16.21740277025969,home_favorite,7-14,wk10+
2025,10,Minnesota,Michigan State,Big Ten,Big Ten,False,1,0.7565014271700954,0.7761545753418307,3.0,12.142036191119832,0.4158367655195719,-0.1215653812078787,0.6109934467114793,0.035003850829694746,0.5375817696289584,0.2659220839949454,-0.27379620139598543,0.6305935049960246,0.2434985728299046,-9.142036191119832,home_favorite,7-14,wk10+
2025,10,Kansas State,Texas Tech,Big 12,Big 12,False,0,0.5379350112083787,0.4469531048305375,-23.0,1.3971841884584466,0.7084131592311763,0.9309581180031918,0.6082450928847217,0.5943445404895336,0.7973878344101674,1.6897159580700634,0.6416676646661305,0.2688376224392204,-0.5379350112083787,-24.397184188458446,home_favorite,0-3,wk10+
2025,10,California,Virginia,ACC,ACC,False,0,0.509587888675575,0.33642590195870453,-10.0,0.4312405555573351,-0.2831254298741182,-0.04253883968415184,0.047252258905695586,0.023989580387639375,-0.052691314542877316,0.40237167999980045,-1.0748270842003371,-0.8718008235817225,-0.509587888675575,-10.431240555557334,home_favorite,0-3,wk10+
2025,10,Kansas,Oklahoma State,Big 12,Big 12,False,1,0.8079991328919343,0.9668591818340627,17.0,14.882733420966119,0.6880459362361474,0.022806808264553224,0.1632141625081478,-0.44103006954944046,0.34167388021826683,-0.5690879692422373,-0.39192057121045215,-0.2627220417258792,0.19200086710806574,2.117266579033881,home_favorite,14-21,wk10+
2025,10,Arkansas,Mississippi State,SEC,SEC,False,0,0.7481357318410065,0.7093546305987634,-3.0,11.393140007092637,0.597082227760068,0.211664320127957,0.3721374561684962,-0.16091482187481757,0.8711939456545713,0.5471856370965203,-0.572798512488854,-0.36977225187023965,-0.7481357318410065,-14.393140007092637,home_favorite,7-14,wk10+
2025,10,Western Michigan,Central Michigan,Mid-American,Mid-American,False,1,0.7440774005665216,0.7597469266479578,3.0,10.518047126836677,-0.11799985386382023,-0.7987423636173936,-0.6138110235322233,-0.474276017856499,-0.6753410774058406,-1.1238691231378248,1.782306110687074,-1.525176244117991,0.2559225994334784,-7.518047126836677,home_favorite,7-14,wk10+
2025,10,Michigan,Purdue,Big Ten,Big Ten,False,1,0.825898605970677,0.9679482219721289,5.0,16.356188143561454,0.29035811338720796,-0.2459339459806703,0.680144229426719,-0.32147251315145814,0.6079780052146484,0.09753976442086111,-0.4472913695609832,0.09903384083092488,0.174101394029323,-11.356188143561454,home_favorite,14-21,wk10+
2025,10,Ole Miss,South Carolina,SEC,SEC,False,1,0.5684964389965101,0.9016982546021951,16.0,3.352927844264216,0.5252184517062783,0.37330042482220743,0.913057317120291,0.8140540943477095,0.6580247638268034,0.774626197445033,-1.2593964120354413,0.4017275384804954,0.43150356100348985,12.647072155735785,home_favorite,3-7,wk10+
2025,10,Colorado,Arizona,Big 12,Big 12,False,0,0.6729497857366649,0.6240017586176672,-35.0,8.04040431567593,0.11589694242818481,-0.00865474859649007,0.5336828631488871,-0.08705074938026863,0.27866154682881494,0.21696886507720117,-1.6359178408190533,0.16547879885156241,-0.6729497857366649,-43.04040431567593,home_favorite,7-14,wk10+
2025,10,San Diego State,Wyoming,Mountain West,Mountain West,False,1,0.48496253672608164,0.7917488375081845,17.0,-0.6855430115868857,-0.754115393139992,-0.7482808984071666,-0.7134017002213537,-0.35560719940453056,-0.7353831590203235,-0.7597045644095228,1.058794345573466,0.9517441354291056,0.5150374632739183,17.685543011586887,away_favorite,0-3,wk10+
2025,10,Florida State,Wake Forest,ACC,ACC,False,1,0.7202013905935611,0.6863002576833125,35.0,10.08296850442626,-0.04272106663224845,-0.16326144584781255,0.3630059133676533,-0.36154219030493084,0.8204564650975007,-0.023463342335829335,-1.4218174205303327,-0.93824578160236,0.27979860940643886,24.917031495573738,home_favorite,7-14,wk10+
2025,10,Nebraska,USC,Big Ten,Big Ten,False,0,0.5741391004019224,0.24341940570494724,-4.0,2.9012420025142966,0.4149396265570865,0.7444766340074311,0.6009174431253974,0.34420891687912447,0.6913657973853132,0.944175113169041,0.2836031686660287,-0.5469588065919395,-0.5741391004019224,-6.901242002514296,home_favorite,0-3,wk10+
2025,10,Tennessee,Oklahoma,SEC,SEC,False,0,0.47660268186306287,0.6571186864870786,-6.0,-0.7585046057158698,0.5986492246668447,0.5773022900229218,0.7189988884410801,0.9979220451629414,0.601031538139353,1.2629399716363487,-1.0895926304271455,0.04366304248039362,-0.47660268186306287,-5.24149539428413,away_favorite,0-3,wk10+
2025,10,Auburn,Kentucky,SEC,SEC,False,0,0.7727126596285161,0.8109791581199478,-7.0,12.932751935501255,0.7038763752078554,0.018551069733229016,0.8178696164602219,0.36021612598260055,1.3377895464438465,0.15886642095227493,-1.1006667900972518,-0.9087146891487434,-0.7727126596285161,-19.932751935501255,home_favorite,7-14,wk10+
2025,10,Oregon State,Washington State,Pac-12,Pac-12,False,1,0.6045356117562779,0.3274903566650149,3.0,4.118574236675496,0.01837425593207967,-0.004868703049602907,-0.3943665458769685,-0.3832097337819783,-0.17137947558926647,-0.41982807742069533,0.02151472314018111,-0.9862338068394871,0.3954643882437221,-1.1185742366754958,home_favorite,3-7,wk10+
2025,10,NC State,Georgia Tech,ACC,ACC,False,1,0.4137130883241804,0.3249597989597013,12.0,-4.017245825648349,0.3842901959133668,1.0699217492437327,0.34391806205974484,0.47750322650377947,0.8663260189596693,1.3817128660974938,1.5940453962952674,1.0883254380270828,0.5862869116758196,16.01724582564835,away_favorite,3-7,wk10+
2025,10,Troy,Arkansas State,Sun Belt,Sun Belt,False,0,0.5913296782403618,0.8519483458525737,-13.0,4.04068756054789,-0.3964284809356777,-0.30355359343147165,-0.29279044995577685,-0.5916282970143838,-0.7477934046493179,-0.3332249193057294,-0.6724659495198102,0.2577634627691141,-0.5913296782403618,-17.04068756054789,home_favorite,3-7,wk10+
2025,10,Utah,Cincinnati,Big 12,Big 12,False,1,0.521910639141001,0.8548291775317596,31.0,1.4830006828104818,-0.02554181395604249,0.4274892504646441,0.8184997632235893,0.26046483589872527,0.8274733826875964,0.5430207242616326,-1.388594941520014,1.0255718665631472,0.478089360858999,29.51699931718952,home_favorite,0-3,wk10+
2025,10,San José State,Hawai'i,Mountain West,Mountain West,False,1,0.6191788475228672,0.6519120398746636,7.0,5.079565401485823,-0.462221423089014,-0.5422270530525075,-0.18454673569309463,-0.33801737405212784,-0.5734557469568007,-0.6073904244756116,0.2614548493258162,-0.21104262993205,0.3808211524771328,1.920434598514177,home_favorite,3-7,wk10+
2025,11,Akron,Massachusetts,Mid-American,Mid-American,False,1,0.538861453186244,0.7859966022821575,34.0,1.8412642515688113,-0.7333489603771948,-0.590249961649425,-0.7776153298832882,-0.922168944199321,-1.0512420569649519,-1.1852268361760392,-0.5358846469218332,0.9111388833053827,0.461138546813756,32.15873574843119,home_favorite,0-3,wk10+
2025,11,Ohio,Miami (OH),Mid-American,Mid-American,False,1,0.7128773866277076,0.761842109917936,4.0,9.485078520654222,-0.10675224489091092,-0.47704268206455464,0.007783344654597207,-0.3100294759972375,-0.5757328346530897,-0.5410219854229629,0.48662942928464337,-0.13352351224130643,0.2871226133722924,-5.485078520654222,home_favorite,7-14,wk10+
2025,11,Ball State,Kent State,Mid-American,Mid-American,False,1,0.7636006066610246,0.7233878694391705,4.0,12.35709266109144,-0.6600552702154514,-1.5595862563572478,-0.9335088144391184,-1.0946725692352561,-1.3272644815359924,-1.66544448826741,-1.6211522945922452,-1.4882623785509703,0.23639939333897542,-8.35709266109144,home_favorite,7-14,wk10+
2025,11,Toledo,Northern Illinois,Mid-American,Mid-American,False,1,0.6086972176359957,0.821341471737012,39.0,4.645438760975921,-0.49282420711351876,-0.55644059156056,-0.025539495803157886,-0.16094036291672678,-0.1258852447093334,-0.9450962470028557,0.6232107318826204,0.05473720215049987,0.3913027823640043,34.35456123902408,home_favorite,3-7,wk10+
2025,11,App State,Georgia Southern,Sun Belt,Sun Belt,False,0,0.3415748698683364,0.6226501957872621,-2.0,-6.531756870944701,-0.5965783814841096,-0.07602022018264759,-0.6905450765007092,-0.4244220711140161,-0.9683639803035357,-0.4952750713357625,-1.384903554963312,1.4980693458210137,-0.3415748698683364,4.531756870944701,away_favorite,3-7,wk10+
2025,11,South Florida,UTSA,American Athletic,American Athletic,False,1,0.508656340365719,0.7490830628775357,32.0,0.38616559988740073,-0.05280318006783792,-0.07080424903368346,0.241052246079346,0.48577885448716374,0.0075308021578257625,0.12390482050035928,1.782306110687074,1.6457248080890967,0.49134365963428095,31.613834400112598,home_favorite,0-3,wk10+
2025,11,UCF,Houston,Big 12,Big 12,False,0,0.6739665474806082,0.6850596089933503,-3.0,8.292433513452755,0.5220435039516178,-0.3090673754459802,0.28488102417700334,0.2619681348681837,0.30677628511442556,0.5118642829546829,-0.7610592268806602,1.9779495981922843,-0.6739665474806082,-11.292433513452755,home_favorite,7-14,wk10+
2025,11,USC,Northwestern,Big Ten,Big Ten,False,1,0.7459532553556757,0.9232106803028998,21.0,11.551172861446748,0.7444766340074311,-0.14880800397226757,0.34420891687912447,0.1896100176677179,0.944175113169041,0.4082032389868948,-0.5469588065919395,0.6047537990991101,0.2540467446443243,9.448827138553252,home_favorite,7-14,wk10+
2025,11,Memphis,Tulane,American Athletic,American Athletic,False,0,0.5258267709782425,0.7926963841757685,-6.0,0.988391141498614,0.5105037091018312,0.45291208642090436,0.16121059751949374,0.4272788468526554,0.4805793960696425,0.532049685001788,-1.4661140592107578,-1.3664466221798015,-0.5258267709782425,-6.988391141498614,home_favorite,0-3,wk10+
2025,11,Penn State,Indiana,Big Ten,Big Ten,False,0,0.6889491443895148,0.29541540733727906,-3.0,8.076103834899111,1.3688727680924382,1.2422463509082853,1.2691728948355543,0.9451939866900845,1.9344308292078876,1.4432246215992346,0.18024434507837034,-0.978851033726083,-0.6889491443895148,-11.076103834899111,home_favorite,7-14,wk10+
2025,11,Texas Tech,BYU,Big 12,Big 12,False,1,0.7750373713940516,0.8047246934992595,22.0,13.141105017219967,0.9309581180031918,0.12771273294339158,0.5943445404895336,0.19794804204172242,1.6897159580700634,-0.062179366246140726,0.2688376224392204,1.3098086314292074,0.2249626286059484,8.858894982780033,home_favorite,7-14,wk10+
2025,11,Marshall,James Madison,Sun Belt,Sun Belt,False,0,0.44224319087371217,0.21303672061053083,-12.0,-2.6800986735183026,-0.3249255067410036,-0.125254645941418,-0.2372294293006896,0.20562328686910367,-0.853691281652078,-0.27378750134629326,1.8007630434705841,0.9886580009961264,-0.44224319087371217,-9.319901326481698,away_favorite,0-3,wk10+
2025,11,Army,Temple,American Athletic,American Athletic,False,1,0.7268682933122775,0.8787049512118514,1.0,10.896358992470379,-0.11807283584369249,-1.1026933261458312,-0.5079590091620493,-0.6470089730199495,-1.1277859086801876,-0.919482457584853,-0.9751596471693809,1.782306110687074,0.27313170668772246,-9.896358992470379,home_favorite,7-14,wk10+
2025,11,Boston College,SMU,ACC,ACC,False,0,0.3422126889006378,0.1256557731814538,-32.0,-7.119137049305596,0.013428754623269173,0.6300087145715739,0.15666011354935433,0.6466393309125587,0.18145114685774577,1.145678535310898,0.383270605696985,-0.056004394550562664,-0.3422126889006378,-24.880862950694404,away_favorite,7-14,wk10+
2025,11,West Virginia,Colorado,Big 12,Big 12,False,1,0.4275818753537989,0.5230095872975623,7.0,-3.336271511799903,0.11165114514350964,0.11589694242818481,-0.18185608517542295,0.5336828631488871,-0.2263357964236148,0.27866154682881494,-0.9419371681590621,-1.6359178408190533,0.5724181246462011,10.336271511799904,away_favorite,3-7,wk10+
2025,11,Mississippi State,Georgia,SEC,SEC,False,0,0.2669596085338346,0.07843767494302172,-20.0,-10.894711055030005,0.211664320127957,0.8630109775148891,-0.16091482187481757,0.7171753075013958,0.5471856370965203,0.9921259312855266,-0.36977225187023965,-0.524810487251727,-0.2669596085338346,-9.105288944969995,away_favorite,7-14,wk10+
2025,11,Arkansas State,Southern Miss,Sun Belt,Sun Belt,False,0,0.6007710497740532,0.5359159269451023,-6.0,4.256222270370779,-0.30355359343147165,-0.734698983868505,-0.5916282970143838,-0.3065232273265034,-0.3332249193057294,-0.13852255471943886,0.2577634627691141,0.025206109696883194,-0.6007710497740532,-10.25622227037078,home_favorite,3-7,wk10+
2025,11,Purdue,Ohio State,Big Ten,Big Ten,False,0,0.09550368029524739,0.01167879707961596,-24.0,-23.272617190472047,-0.2459339459806703,1.229031845615601,-0.32147251315145814,1.121124211220414,0.09753976442086111,1.342121218993581,0.09903384083092488,-0.7684419999940644,-0.09550368029524739,-0.7273828095279526,away_favorite,21+,wk10+
2025,11,Eastern Michigan,Bowling Green,Mid-American,Mid-American,False,1,0.5299474752996227,0.5459219227804837,6.0,1.1453895233767484,-0.8048633463990421,-0.6421712411591837,-0.47586249370378975,-0.4342090217647746,-0.9487263006141853,-1.2231558411779195,-0.9862338068394871,-1.613769521478841,0.4700525247003773,4.854610476623252,home_favorite,0-3,wk10+
2025,11,Rice,UAB,American Athletic,American Athletic,False,1,0.6315791879008622,0.47555453887933863,7.0,5.726071296934954,-0.8185376783157735,-0.7188043802316813,-0.30318800896001835,-0.7407039353696859,-0.898416555306877,-1.1850372359823287,0.8668422446249576,0.7782489672641076,0.3684208120991378,1.273928703065046,home_favorite,3-7,wk10+
2025,11,Rutgers,Maryland,Big Ten,Big Ten,False,1,0.8207194252027483,0.46838170217189273,15.0,15.387105863662978,0.6260125841479508,-0.1932535162035939,0.19729345268553625,-0.15403644759675914,1.1788180651718725,-0.4983630645694563,0.5826054797588975,-1.432891580200439,0.17928057479725168,-0.3871058636629776,home_favorite,14-21,wk10+
2025,11,East Carolina,Charlotte,American Athletic,American Athletic,False,1,0.7265419333283032,0.9737901005271177,26.0,10.122197148056092,-0.17779171172561892,-0.5739489877939088,-0.044170827662308086,-0.37594272505639315,-0.2772786641883975,-0.7498676927965588,-0.037547461767052245,-1.0268390589632101,0.2734580666716968,15.877802851943908,home_favorite,7-14,wk10+
2025,11,UTEP,Jacksonville State,Conference USA,Conference USA,False,0,0.4714349516492048,0.20076000891310175,-3.0,-1.4010530429127792,-0.9909018788257972,-0.3746183407772852,-0.5121892865549666,-0.6341232146381584,-0.9088656403952472,-1.1119227514328105,1.785997497243776,1.206449807841549,-0.4714349516492048,-1.5989469570872208,away_favorite,0-3,wk10+
2025,11,Middle Tennessee,Florida International,Conference USA,Conference USA,False,0,0.5840407332946078,0.5330513938844411,-26.0,3.082413568725436,-0.6913408430903526,-0.7823259235665265,-0.9054682796477774,-0.6579398561856871,-0.776486559372275,-0.933048814961539,1.749083631676755,-0.34762393253002716,-0.5840407332946078,-29.082413568725435,home_favorite,3-7,wk10+
2025,11,Florida Atlantic,Tulsa,American Athletic,American Athletic,False,1,0.6851262490579719,0.777153105314726,19.0,8.868591265630105,-0.41987572700448106,-0.9673364671087639,-0.31705243053153276,-0.7010134891988424,-0.31957680379953685,-0.9720944880278479,-1.1375806556642727,1.749083631676755,0.3148737509420281,10.131408734369895,home_favorite,7-14,wk10+
2025,11,UConn,Duke,FBS Independents,ACC,False,1,0.4632947582742585,0.4985608882908471,3.0,-1.9599962683407623,-0.019612497080642846,0.10728525996515623,0.11868565309047575,0.6328722964040288,-0.024874087649063154,0.5031593247651899,0.6047537990991101,-1.244630865808633,0.5367052417257415,4.959996268340762,away_favorite,0-3,wk10+
2025,11,Miami,Syracuse,ACC,ACC,False,1,0.9147161321707401,0.9683034863911132,28.0,23.957073344009537,1.4322229964906352,0.18316391680226965,0.8366716538976384,-0.16642430927585616,1.763032500476799,-0.284143791787164,-1.4439657398705452,-1.3775207818499078,0.0852838678292599,4.042926655990463,home_favorite,21+,wk10+
2025,11,Arizona,Kansas,Big 12,Big 12,False,1,0.3879421287632166,0.6226501957872621,4.0,-5.166872194317481,-0.00865474859649007,0.6880459362361474,-0.08705074938026863,0.1632141625081478,0.21696886507720117,0.34167388021826683,0.16547879885156241,-0.39192057121045215,0.6120578712367835,9.166872194317481,away_favorite,3-7,wk10+
2025,11,TCU,Iowa State,Big 12,Big 12,False,0,0.6963583168372103,0.7336337024138074,-3.0,8.625628523167418,0.6752128359514915,0.12347875934473701,0.07546250853823852,0.03891225630374049,0.7700299467727646,0.11689727697563768,0.3315911939031558,0.2503806896557099,-0.6963583168372103,-11.625628523167418,home_favorite,7-14,wk10+
2025,11,Missouri,Texas A&M,SEC,SEC,False,0,0.4604123757234042,0.47842666694885455,-21.0,-1.379234559841354,0.8170429739727139,0.9495940509682228,0.6757962592442617,0.8336084444499188,1.1122071985893935,1.2464131550638042,-1.163420361561187,0.8742250177383618,-0.4604123757234042,-19.620765440158646,away_favorite,0-3,wk10+
2025,11,Iowa,Oregon,Big Ten,Big Ten,False,0,0.3576705148799223,0.38277496909505365,-2.0,-6.6495886982195,0.37770006175058957,1.0426057205503683,0.20399539633870495,0.6910383964941871,0.45908832692665813,1.0973934339172096,-0.10399241978768976,-1.2150997733550162,-0.3576705148799223,4.6495886982195,away_favorite,3-7,wk10+
2025,11,Vanderbilt,Auburn,SEC,SEC,False,1,0.4430528122670986,0.7222345336491706,7.0,-3.0614083298269783,0.43977855258602877,0.7038763752078554,0.23447284814137156,0.8178696164602219,0.7167285329809041,1.3377895464438465,1.2655119927487823,-1.1006667900972518,0.5569471877329014,10.061408329826978,away_favorite,3-7,wk10+
2025,11,Coastal Carolina,Georgia State,Sun Belt,Sun Belt,False,1,0.614212286383768,0.8230246289217321,13.0,4.6575046716509885,-0.5549305623368663,-0.5844435177834937,-0.5406604398045117,-0.620758067811821,-0.9097623986524599,-0.7271718151450907,1.6715645139860114,0.6232107318826204,0.385787713616232,8.342495328349012,home_favorite,3-7,wk10+
2025,11,New Mexico State,Kennesaw State,Conference USA,Conference USA,False,0,0.5698351878632749,0.32243941991489944,-3.0,2.899829240251108,-1.1480052655705493,-1.237707123428915,-1.0642647566853034,-0.973803279672907,-1.527401066202203,-1.3743418419804394,0.1433304795113499,-0.2147340164887521,-0.5698351878632749,-5.899829240251108,home_favorite,0-3,wk10+
2025,11,Wisconsin,Washington,Big Ten,Big Ten,False,1,0.629993187497212,0.25856647703070046,3.0,5.547916112447965,0.4736139123604267,0.28815612105794985,0.19892114849692372,0.1038191695802356,0.6786757831856352,0.43231312989326626,-0.4214516636640686,-0.340241159416623,0.370006812502788,-2.5479161124479646,home_favorite,3-7,wk10+
2025,11,North Carolina,Stanford,ACC,ACC,False,1,0.7654322975835676,0.7741479777018306,5.0,12.419045658190466,0.40060281741729614,-0.3833393042322958,0.10671858591968719,-0.160330920009547,0.6715055677779196,-0.08911918980730754,-1.3184585969426743,-1.207717000241612,0.23456770241643243,-7.419045658190466,home_favorite,7-14,wk10+
2025,11,Louisiana,Texas State,Sun Belt,Sun Belt,False,1,0.307291384225268,0.3950870979920432,3.0,-8.503733216323972,-0.2505806114343202,0.05965098135161566,-0.6952687131531011,0.12867298030440388,-0.7690596846526245,-0.23313819387399654,0.20608405097528493,1.5165262786045242,0.692708615774732,11.503733216323972,away_favorite,7-14,wk10+
2025,11,Virginia,Wake Forest,ACC,ACC,False,0,0.6731229470834864,0.8238615285055724,-7.0,7.577414177177533,-0.04253883968415184,-0.16326144584781255,0.023989580387639375,-0.36154219030493084,0.40237167999980045,-0.023463342335829335,-0.8718008235817225,-0.93824578160236,-0.6731229470834864,-14.577414177177534,home_favorite,7-14,wk10+
2025,11,Louisville,California,ACC,ACC,False,0,0.8330423055496088,0.9137376073691662,-3.0,16.54309222775089,0.6957096219307739,-0.2831254298741182,0.4918203537704797,0.047252258905695586,0.9182631499150185,-0.052691314542877316,-0.1925856971485396,-1.0748270842003371,-0.8330423055496088,-19.54309222775089,home_favorite,14-21,wk10+
2025,11,Clemson,Florida State,ACC,ACC,False,1,0.8716142990276232,0.6875382482123418,14.0,19.225641199777918,1.1524222859315225,-0.04272106663224845,0.7280285424056598,0.3630059133676533,1.8655403006745177,0.8204564650975007,1.1436962363776135,-1.4218174205303327,0.12838570097237678,-5.225641199777918,home_favorite,14-21,wk10+
2025,11,Alabama,LSU,SEC,SEC,False,1,0.623684918428015,0.8817393593419074,11.0,5.43419685816181,1.1796809297978934,1.0302111126302989,1.0033222845350602,0.8149472115647907,1.664860651107222,1.4540275296944891,-0.3070186804063042,0.5309260679650684,0.376315081571985,5.56580314183819,home_favorite,3-7,wk10+
2025,11,Utah State,Nevada,Mountain West,Mountain West,False,1,0.5777452638103111,0.770096676660982,37.0,3.17307170570047,-0.13876755563492807,-0.27228002007891683,-0.6643531154309612,-0.536731971808911,-0.778991453308417,-0.8381248312824254,0.4238758578207079,0.5235432948516642,0.4222547361896889,33.82692829429953,home_favorite,3-7,wk10+
2025,11,Kentucky,Florida,SEC,SEC,False,1,0.32654705792399685,0.42150324765525726,31.0,-7.53603880534795,0.018551069733229016,0.7520742235517278,0.36021612598260055,0.6460629101244557,0.15886642095227493,0.9617819208485201,-0.9087146891487434,0.12487354672783947,0.6734529420760031,38.53603880534795,away_favorite,7-14,wk10+
2025,11,UCLA,Nebraska,Big Ten,Big Ten,False,0,0.24966318225728068,0.22384542465816928,-7.0,-11.338469165707671,-0.41451465098988494,0.4149396265570865,0.05117290206038952,0.6009174431253974,-0.04692093510170553,0.6913657973853132,-1.0969754035405497,0.2836031686660287,-0.24966318225728068,4.3384691657076715,away_favorite,7-14,wk10+
2025,11,Colorado State,UNLV,Mountain West,Mountain West,False,0,0.4332763098629789,0.23297508185497873,-32.0,-3.176940789003025,-0.4245473080603209,-0.21398707375791814,-0.37952427851777853,0.14941206423936595,-0.647988392022429,-0.24342381853653788,-0.044930234880456416,-1.344298302839589,-0.4332763098629789,-28.823059210996973,away_favorite,3-7,wk10+
2025,11,Oregon State,Sam Houston,Pac-12,Conference USA,False,0,0.7558211170645375,0.821341471737012,-4.0,12.133823897960049,0.01837425593207967,-0.8797921675739598,-0.3943665458769685,-0.623677949613525,-0.17137947558926647,-1.3120820048466135,0.02151472314018111,1.42055022813027,-0.7558211170645375,-16.13382389796005,home_favorite,7-14,wk10+
2025,11,Hawai'i,San Diego State,Mountain West,Mountain West,False,1,0.6549472113417723,0.26524291068345335,32.0,7.060080196843305,-0.5422270530525075,-0.754115393139992,-0.33801737405212784,-0.7134017002213537,-0.6073904244756116,-0.7353831590203235,-0.21104262993205,1.058794345573466,0.34505278865822775,24.939919803156695,home_favorite,7-14,wk10+
2025,12,Akron,Kent State,Mid-American,Mid-American,False,0,0.7923612345788589,0.7936407431881689,-7.0,13.871019096716001,-0.7333489603771948,-1.5595862563572478,-0.7776153298832882,-1.0946725692352561,-1.0512420569649519,-1.66544448826741,-0.5358846469218332,-1.4882623785509703,-0.7923612345788589,-20.871019096716,home_favorite,7-14,wk10+
2025,12,Western Michigan,Ohio,Mid-American,Mid-American,False,1,0.46798620303880256,0.28240827680846853,4.0,-1.7961475491898469,-0.11799985386382023,-0.10675224489091092,-0.6138110235322233,0.007783344654597207,-0.6753410774058406,-0.5757328346530897,1.782306110687074,0.48662942928464337,0.5320137969611974,5.796147549189847,away_favorite,0-3,wk10+
2025,12,Massachusetts,Northern Illinois,Mid-American,Mid-American,False,0,0.4164478435151325,0.11826064065809262,-42.0,-3.8679055622687377,-0.590249961649425,-0.55644059156056,-0.922168944199321,-0.16094036291672678,-1.1852268361760392,-0.9450962470028557,0.9111388833053827,0.05473720215049987,-0.4164478435151325,-38.13209443773126,away_favorite,3-7,wk10+
2025,12,Central Michigan,Buffalo,Mid-American,Mid-American,False,1,0.39486362688430476,0.39233893587318014,19.0,-4.101942781705116,-0.7987423636173936,-0.5524515931283356,-0.474276017856499,-0.1880344000518289,-1.1238691231378248,-0.6112904826386858,-1.525176244117991,0.5272346814083663,0.6051363731156952,23.101942781705116,away_favorite,3-7,wk10+
2025,12,Miami (OH),Toledo,Mid-American,Mid-American,False,0,0.4817190017103382,0.4061446147638222,-21.0,-0.6065841419685758,-0.47704268206455464,-0.49282420711351876,-0.3100294759972375,-0.025539495803157886,-0.5410219854229629,-0.1258852447093334,-0.13352351224130643,0.6232107318826204,-0.4817190017103382,-20.393415858031425,away_favorite,0-3,wk10+
2025,12,Old Dominion,Troy,Sun Belt,Sun Belt,False,1,0.6056429519390807,0.6400649998028851,33.0,4.185755383735396,-0.3037174705655894,-0.3964284809356777,-0.363353108655311,-0.29279044995577685,-0.8005428852570526,-0.7477934046493179,0.8336197656146389,-0.6724659495198102,0.3943570480609193,28.814244616264602,home_favorite,3-7,wk10+
2025,12,Louisville,Clemson,ACC,ACC,False,0,0.397512053175882,0.5700528235839882,-1.0,-4.3338443098693515,0.6957096219307739,1.1524222859315225,0.4918203537704797,0.7280285424056598,0.9182631499150185,1.8655403006745177,-0.1925856971485396,1.1436962363776135,-0.397512053175882,3.3338443098693515,away_favorite,3-7,wk10+
2025,12,Oregon,Minnesota,Big Ten,Big Ten,False,1,0.6904420456472959,0.9695171549812919,29.0,8.62822602037804,1.0426057205503683,0.4158367655195719,0.6910383964941871,0.6109934467114793,1.0973934339172096,0.5375817696289584,-1.2150997733550162,-0.27379620139598543,0.30955795435270406,20.37177397962196,home_favorite,7-14,wk10+
2025,12,Pittsburgh,Notre Dame,ACC,FBS Independents,False,0,0.3381603982453923,0.06864593348005557,-22.0,-7.502010225513235,0.1443745103738715,1.0346653162485375,0.5572884531032432,0.8932156398494558,0.5292547963897177,1.5159773199399198,0.8594594715115534,-0.5469588065919395,-0.3381603982453923,-14.497989774486765,away_favorite,7-14,wk10+
2025,12,Ball State,Eastern Michigan,Mid-American,Mid-American,False,0,0.48405046513612315,0.33771220256911116,-15.0,-0.6205959773806353,-0.6600552702154514,-0.8048633463990421,-0.9335088144391184,-0.47586249370378975,-1.3272644815359924,-0.9487263006141853,-1.6211522945922452,-0.9862338068394871,-0.48405046513612315,-14.379404022619365,away_favorite,0-3,wk10+
2025,12,Northwestern,Michigan,Big Ten,Big Ten,True,0,0.31884218289440125,0.1562177520757074,-2.0,-7.869028488882923,-0.14880800397226757,0.29035811338720796,0.1896100176677179,0.680144229426719,0.4082032389868948,0.6079780052146484,0.6047537990991101,-0.4472913695609832,-0.31884218289440125,5.869028488882923,away_favorite,7-14,wk10+
2025,12,Cincinnati,Arizona,Big 12,Big 12,False,0,0.740815046356746,0.6062878237854281,-6.0,10.825334110979135,0.4274892504646441,-0.00865474859649007,0.26046483589872527,-0.08705074938026863,0.5430207242616326,0.21696886507720117,1.0255718665631472,0.16547879885156241,-0.740815046356746,-16.825334110979135,home_favorite,7-14,wk10+
2025,12,Oklahoma State,Kansas State,Big 12,Big 12,False,0,0.21495572654156725,0.03223085106388676,-8.0,-13.612235237680139,0.022806808264553224,0.7084131592311763,-0.44103006954944046,0.6082450928847217,-0.5690879692422373,0.7973878344101674,-0.2627220417258792,0.6416676646661305,-0.21495572654156725,5.612235237680139,away_favorite,7-14,wk10+
2025,12,Texas A&M,South Carolina,SEC,SEC,False,1,0.6923998894476581,0.8711477984045555,1.0,8.49541512203119,0.9495940509682228,0.37330042482220743,0.8336084444499188,0.8140540943477095,1.2464131550638042,0.774626197445033,0.8742250177383618,0.4017275384804954,0.30760011055234193,-7.49541512203119,home_favorite,7-14,wk10+
2025,12,Charlotte,UTSA,American Athletic,American Athletic,False,0,0.22796125479022977,0.10088262835672335,-21.0,-12.294846402269432,-0.5739489877939088,-0.07080424903368346,-0.37594272505639315,0.48577885448716374,-0.7498676927965588,0.12390482050035928,-1.0268390589632101,1.6457248080890967,-0.22796125479022977,-8.705153597730568,away_favorite,7-14,wk10+
2025,12,Indiana,Wisconsin,Big Ten,Big Ten,False,1,0.8309510537711579,0.9872813524037093,24.0,16.586478459920578,1.2422463509082853,0.4736139123604267,0.9451939866900845,0.19892114849692372,1.4432246215992346,0.6786757831856352,-0.978851033726083,-0.4214516636640686,0.16904894622884215,7.413521540079422,home_favorite,14-21,wk10+
2025,12,LSU,Arkansas,SEC,SEC,False,1,0.7628469552401527,0.7222345336491706,1.0,11.969313735932062,1.0302111126302989,0.597082227760068,0.8149472115647907,0.3721374561684962,1.4540275296944891,0.8711939456545713,0.5309260679650684,-0.572798512488854,0.23715304475984733,-10.969313735932062,home_favorite,7-14,wk10+
2025,12,Tulsa,Oregon State,American Athletic,Pac-12,False,1,0.33804434722100685,0.3211830802052434,17.0,-7.640683935568415,-0.9673364671087639,0.01837425593207967,-0.7010134891988424,-0.3943665458769685,-0.9720944880278479,-0.17137947558926647,1.749083631676755,0.02151472314018111,0.6619556527789932,24.640683935568415,away_favorite,7-14,wk10+
2025,12,Arizona State,West Virginia,Big 12,Big 12,False,1,0.8036952016710017,0.8698499490743091,2.0,14.293870201239788,0.720075913473169,0.11165114514350964,0.278460472163814,-0.18185608517542295,0.8363291100517947,-0.2263357964236148,0.6601245974496409,-0.9419371681590621,0.19630479832899828,-12.293870201239788,home_favorite,14-21,wk10+
2025,12,Georgia State,Marshall,Sun Belt,Sun Belt,False,0,0.40140132547391416,0.12068284654599212,-12.0,-4.093366472625476,-0.5844435177834937,-0.3249255067410036,-0.620758067811821,-0.2372294293006896,-0.7271718151450907,-0.853691281652078,0.6232107318826204,1.8007630434705841,-0.40140132547391416,-7.906633527374524,away_favorite,3-7,wk10+
2025,12,UAB,North Texas,American Athletic,American Athletic,False,0,0.41403003662022464,0.08996208018848378,-29.0,-3.9781090512767348,-0.7188043802316813,-0.17574879465285495,-0.7407039353696859,-0.47722012707754025,-1.1850372359823287,-0.5807768598714267,0.7782489672641076,0.17286157196496615,-0.41403003662022464,-25.021890948723264,away_favorite,3-7,wk10+
2025,12,New Mexico,Colorado State,Mountain West,Mountain West,False,1,0.361450217837753,0.8519483458525737,3.0,-5.983253481158162,-0.3913795716402913,-0.4245473080603209,-1.2918806982170912,-0.37952427851777853,-1.7411798645869194,-0.647988392022429,-1.4439657398705452,-0.044930234880456416,0.638549782162247,8.983253481158162,away_favorite,3-7,wk10+
2025,12,Duke,Virginia,ACC,ACC,False,0,0.7017969693050049,0.6850596089933503,-17.0,9.180778844349485,0.10728525996515623,-0.04253883968415184,0.6328722964040288,0.023989580387639375,0.5031593247651899,0.40237167999980045,-1.244630865808633,-0.8718008235817225,-0.7017969693050049,-26.180778844349483,home_favorite,7-14,wk10+
2025,12,Alabama,Oklahoma,SEC,SEC,False,0,0.6786177265169602,0.8065275228171078,-2.0,7.986184199279314,1.1796809297978934,0.5773022900229218,1.0033222845350602,0.9979220451629414,1.664860651107222,1.2629399716363487,-0.3070186804063042,0.04366304248039362,-0.6786177265169602,-9.986184199279315,home_favorite,7-14,wk10+
2025,12,USC,Iowa,Big Ten,Big Ten,False,1,0.6685281396311702,0.5910755963149433,5.0,7.400804546226179,0.7444766340074311,0.37770006175058957,0.34420891687912447,0.20399539633870495,0.944175113169041,0.45908832692665813,-0.5469588065919395,-0.10399241978768976,0.3314718603688298,-2.400804546226179,home_favorite,7-14,wk10+
2025,12,Boston College,Georgia Tech,ACC,ACC,False,0,0.2761489602153217,0.19257581832872078,-2.0,-10.21938827183532,0.013428754623269173,1.0699217492437327,0.15666011354935433,0.47750322650377947,0.18145114685774577,1.3817128660974938,0.383270605696985,1.0883254380270828,-0.2761489602153217,8.21938827183532,away_favorite,7-14,wk10+
2025,12,Texas Tech,UCF,Big 12,Big 12,False,1,0.7368048483354056,0.9386912091783989,39.0,10.527643438505478,0.9309581180031918,0.5220435039516178,0.5943445404895336,0.28488102417700334,1.6897159580700634,0.30677628511442556,0.2688376224392204,-0.7610592268806602,0.2631951516645944,28.47235656149452,home_favorite,7-14,wk10+
2025,12,UL Monroe,South Alabama,Sun Belt,Sun Belt,False,0,0.4590075269706124,0.1423366814461431,-12.0,-2.2795249790936474,-0.5283427783809462,-0.18297626478401013,-0.586609002901215,-0.20628567941983073,-0.9935876424926702,-0.8175621509144814,0.9812752278827223,-0.9677768740559768,-0.4590075269706124,-9.720475020906353,away_favorite,0-3,wk10+
2025,12,Miami,NC State,ACC,ACC,False,1,0.7974461408879185,0.9232106803028998,34.0,14.867482644627817,1.4322229964906352,0.3842901959133668,0.8366716538976384,0.34391806205974484,1.763032500476799,0.8663260189596693,-1.4439657398705452,1.5940453962952674,0.20255385911208146,19.132517355372183,home_favorite,14-21,wk10+
2025,12,Southern Miss,Texas State,Sun Belt,Sun Belt,False,0,0.2751208374849022,0.42010023964211857,-27.0,-9.970989050778716,-0.734698983868505,0.05965098135161566,-0.3065232273265034,0.12867298030440388,-0.13852255471943886,-0.23313819387399654,0.025206109696883194,1.5165262786045242,-0.2751208374849022,-17.029010949221284,away_favorite,7-14,wk10+
2025,12,James Madison,App State,Sun Belt,Sun Belt,False,1,0.8453069697451553,0.9570053549512674,48.0,17.16795515112599,-0.125254645941418,-0.5965783814841096,0.20562328686910367,-0.6905450765007092,-0.27378750134629326,-0.9683639803035357,0.9886580009961264,-1.384903554963312,0.1546930302548447,30.83204484887401,home_favorite,14-21,wk10+
2025,12,Nevada,San José State,Mountain West,Mountain West,False,1,0.5383390751597259,0.21888459727003834,45.0,1.5065060528596042,-0.27228002007891683,-0.462221423089014,-0.536731971808911,-0.18454673569309463,-0.8381248312824254,-0.5734557469568007,0.5235432948516642,0.2614548493258162,0.4616609248402741,43.493493947140394,home_favorite,0-3,wk10+
2025,12,Western Kentucky,Middle Tennessee,Conference USA,Conference USA,False,1,0.5277271944610142,0.8611409356570433,16.0,1.5915505051670626,-0.73518440102469,-0.6913408430903526,-0.7961847171252758,-0.9054682796477774,-1.0808599085452566,-0.776486559372275,-0.6798487226332144,1.749083631676755,0.47227280553898576,14.408449494832936,home_favorite,0-3,wk10+
2025,12,Michigan State,Penn State,Big Ten,Big Ten,False,0,0.10700135071281625,0.0477267210342039,-18.0,-21.953098208749886,-0.1215653812078787,1.3688727680924382,0.035003850829694746,1.2691728948355543,0.2659220839949454,1.9344308292078876,0.6305935049960246,0.18024434507837034,-0.10700135071281625,3.9530982087498856,away_favorite,21+,wk10+
2025,12,Illinois,Maryland,Big Ten,Big Ten,False,1,0.7823718329733653,0.7607960909891424,18.0,13.06881270961058,0.4434558682104096,-0.1932535162035939,0.18535727915109668,-0.15403644759675914,0.8754422212025454,-0.4983630645694563,0.032588882810287365,-1.432891580200439,0.21762816702663468,4.9311872903894205,home_favorite,7-14,wk10+
2025,12,Tulane,Florida Atlantic,American Athletic,American Athletic,False,1,0.8426243460010854,0.8898878421811328,11.0,17.460570155486053,0.45291208642090436,-0.41987572700448106,0.4272788468526554,-0.31705243053153276,0.532049685001788,-0.31957680379953685,-1.3664466221798015,-1.1375806556642727,0.15737565399891462,-6.460570155486053,home_favorite,14-21,wk10+
2025,12,East Carolina,Memphis,American Athletic,American Athletic,False,1,0.41325947600540336,0.4985608882908471,4.0,-4.175046264093245,-0.17779171172561892,0.5105037091018312,-0.044170827662308086,0.16121059751949374,-0.2772786641883975,0.4805793960696425,-0.037547461767052245,-1.4661140592107578,0.5867405239945966,8.175046264093245,away_favorite,3-7,wk10+
2025,12,Tennessee,New Mexico State,SEC,Conference USA,False,1,0.9699388530772409,0.9802156568897962,33.0,34.1995628324068,0.5986492246668447,-1.1480052655705493,0.7189988884410801,-1.0642647566853034,0.601031538139353,-1.527401066202203,-1.0895926304271455,0.1433304795113499,0.030061146922759074,-1.199562832406798,home_favorite,21+,wk10+
2025,12,Wake Forest,North Carolina,ACC,ACC,False,1,0.3649991093785754,0.6185841220890307,16.0,-6.149421461426186,-0.16326144584781255,0.40060281741729614,-0.36154219030493084,0.10671858591968719,-0.023463342335829335,0.6715055677779196,-0.93824578160236,-1.3184585969426743,0.6350008906214246,22.149421461426186,away_favorite,3-7,wk10+
2025,12,Florida International,Liberty,Conference USA,Conference USA,False,1,0.2990647200532403,0.33771220256911116,7.0,-8.673981345853313,-0.7823259235665265,-0.17956074297012423,-0.6579398561856871,-0.2047070106361706,-0.933048814961539,-0.2158608757405748,-0.34762393253002716,1.7712319510169676,0.7009352799467596,15.673981345853313,away_favorite,7-14,wk10+
2025,12,Georgia Southern,Coastal Carolina,Sun Belt,Sun Belt,False,1,0.687745430587833,0.5868950233791,5.0,8.306363402657261,-0.07602022018264759,-0.5549305623368663,-0.4244220711140161,-0.5406604398045117,-0.4952750713357625,-0.9097623986524599,1.4980693458210137,1.6715645139860114,0.312254569412167,-3.3063634026572615,home_favorite,7-14,wk10+
2025,12,Baylor,Utah,Big 12,Big 12,False,0,0.7118311716301244,0.1872623183634652,-27.0,9.049658497341694,0.8714110606957501,-0.02554181395604249,0.40122921116118404,0.8184997632235893,1.1803637612517588,0.8274733826875964,1.1400048498209114,-1.388594941520014,-0.7118311716301244,-36.049658497341696,home_favorite,7-14,wk10+
2025,12,UNLV,Utah State,Mountain West,Mountain West,False,1,0.6792501435877978,0.8065275228171078,3.0,8.260280901221353,-0.21398707375791814,-0.13876755563492807,0.14941206423936595,-0.6643531154309612,-0.24342381853653788,-0.778991453308417,-1.344298302839589,0.4238758578207079,0.3207498564122022,-5.260280901221353,home_favorite,7-14,wk10+
2025,12,Ole Miss,Florida,SEC,SEC,False,1,0.5385242382006614,0.9403268663710864,10.0,1.912793340469828,0.5252184517062783,0.7520742235517278,0.913057317120291,0.6460629101244557,0.6580247638268034,0.9617819208485201,-1.2593964120354413,0.12487354672783947,0.4614757617993386,8.087206659530171,home_favorite,0-3,wk10+
2025,12,Washington,Purdue,Big Ten,Big Ten,False,1,0.746620369462408,0.9236177787081539,36.0,11.408482638770522,0.28815612105794985,-0.2459339459806703,0.1038191695802356,-0.32147251315145814,0.43231312989326626,0.09753976442086111,-0.340241159416623,0.09903384083092488,0.25337963053759205,24.591517361229478,home_favorite,7-14,wk10+
2025,12,Ohio State,UCLA,Big Ten,Big Ten,False,1,0.9420150162910041,0.9905941991218788,38.0,27.85762320625936,1.229031845615601,-0.41451465098988494,1.121124211220414,0.05117290206038952,1.342121218993581,-0.04692093510170553,-0.7684419999940644,-1.0969754035405497,0.05798498370899585,10.142376793740642,home_favorite,21+,wk10+
2025,12,Georgia,Texas,SEC,SEC,False,1,0.4385837916511023,0.7140789025853503,25.0,-2.7978543475060995,0.8630109775148891,1.0330099802845472,0.7171753075013958,1.183879022945504,0.9921259312855266,1.824200982587858,-0.524810487251727,-0.8607266639116165,0.5614162083488977,27.7978543475061,away_favorite,0-3,wk10+
2025,12,Florida State,Virginia Tech,ACC,ACC,False,1,0.45198967261260303,0.8019966441144332,20.0,-1.7204256729050469,-0.04272106663224845,0.08172848638363803,0.3630059133676533,0.5631581454543608,0.8204564650975007,0.5441954540159473,-1.4218174205303327,-0.07815271389077517,0.548010327387397,21.720425672905048,away_favorite,0-3,wk10+
2025,12,Missouri,Mississippi State,SEC,SEC,False,1,0.8172466686832852,0.8304449113532372,22.0,15.697254259431592,0.8170429739727139,0.211664320127957,0.6757962592442617,-0.16091482187481757,1.1122071985893935,0.5471856370965203,-1.163420361561187,-0.36977225187023965,0.18275333131671478,6.302745740568408,home_favorite,14-21,wk10+
2025,12,Jacksonville State,Kennesaw State,Conference USA,Conference USA,False,1,0.8125091333796841,0.7555188820711969,9.0,15.006270599749147,-0.3746183407772852,-1.237707123428915,-0.6341232146381584,-0.973803279672907,-1.1119227514328105,-1.3743418419804394,1.206449807841549,-0.2147340164887521,0.1874908666203159,-6.006270599749147,home_favorite,14-21,wk10+
2025,12,Washington State,Louisiana Tech,Pac-12,Conference USA,False,1,0.7956146441921945,0.5530468951694625,25.0,14.442446448685995,-0.004868703049602907,-1.0974985435622586,-0.3832097337819783,-0.6537842786511074,-0.41982807742069533,-1.105562315806668,-0.9862338068394871,0.09903384083092488,0.20438535580780548,10.557553551314005,home_favorite,14-21,wk10+
2025,12,BYU,TCU,Big 12,Big 12,False,1,0.5073343962265933,0.5910755963149433,31.0,-0.062047513495412154,0.12771273294339158,0.6752128359514915,0.19794804204172242,0.07546250853823852,-0.062179366246140726,0.7700299467727646,1.3098086314292074,0.3315911939031558,0.49266560377340674,31.06204751349541,home_favorite,0-3,wk10+
2025,12,San Diego State,Boise State,Mountain West,Mountain West,False,1,0.177616796871721,0.399221754109989,10.0,-16.305995401176105,-0.754115393139992,0.42879493284380843,-0.7134017002213537,0.25799098124998987,-0.7353831590203235,0.16407130868443756,1.058794345573466,0.23192375687219952,0.822383203128279,26.305995401176105,away_favorite,14-21,wk10+
2025,12,Fresno State,Wyoming,Mountain West,Mountain West,False,1,0.6428200679029084,0.6949097127295025,21.0,6.728350991362708,-0.2365806536797485,-0.7482808984071666,-0.22426853273631947,-0.35560719940453056,-0.43930313326097353,-0.7597045644095228,-1.2704705717055476,0.9517441354291056,0.35717993209709165,14.271649008637292,home_favorite,3-7,wk10+
2025,13,Northern Illinois,Western Michigan,Mid-American,Mid-American,False,0,0.5307530586256689,0.46551605527316847,-16.0,1.5953568143373082,-0.55644059156056,-0.11799985386382023,-0.16094036291672678,-0.6138110235322233,-0.9450962470028557,-0.6753410774058406,0.05473720215049987,1.782306110687074,-0.5307530586256689,-17.595356814337308,home_favorite,0-3,wk10+
2025,13,Bowling Green,Akron,Mid-American,Mid-American,False,0,0.6298591856943723,0.7820980161313187,-3.0,5.849726462916539,-0.6421712411591837,-0.7333489603771948,-0.4342090217647746,-0.7776153298832882,-1.2231558411779195,-1.0512420569649519,-1.613769521478841,-0.5358846469218332,-0.6298591856943723,-8.84972646291654,home_favorite,3-7,wk10+
2025,13,Ohio,Massachusetts,Mid-American,Mid-American,False,1,0.8159771940867893,0.9948682490580916,28.0,15.578709881456255,-0.10675224489091092,-0.590249961649425,0.007783344654597207,-0.922168944199321,-0.5757328346530897,-1.1852268361760392,0.48662942928464337,0.9111388833053827,0.18402280591321074,12.421290118543745,home_favorite,14-21,wk10+
2025,13,Kent State,Central Michigan,Mid-American,Mid-American,False,0,0.2742935756516064,0.18638778949441326,-12.0,-10.290787301679838,-1.5595862563572478,-0.7987423636173936,-1.0946725692352561,-0.474276017856499,-1.66544448826741,-1.1238691231378248,-1.4882623785509703,-1.525176244117991,-0.2742935756516064,-1.7092126983201616,away_favorite,7-14,wk10+
2025,13,Buffalo,Miami (OH),Mid-American,Mid-American,False,0,0.5840680615703105,0.44553062597832394,-17.0,3.484845270446204,-0.5524515931283356,-0.47704268206455464,-0.1880344000518289,-0.3100294759972375,-0.6112904826386858,-0.5410219854229629,0.5272346814083663,-0.13352351224130643,-0.5840680615703105,-20.484845270446204,home_favorite,3-7,wk10+
2025,13,Arkansas State,Louisiana,Sun Belt,Sun Belt,False,0,0.5897721847248847,0.5301846800039021,-4.0,3.6774688546914875,-0.30355359343147165,-0.2505806114343202,-0.5916282970143838,-0.6952687131531011,-0.3332249193057294,-0.7690596846526245,0.2577634627691141,0.20608405097528493,-0.5897721847248847,-7.6774688546914875,home_favorite,3-7,wk10+
2025,13,NC State,Florida State,ACC,ACC,False,1,0.7085972839467586,0.32875941918416823,10.0,8.784091404802984,0.3842901959133668,-0.04272106663224845,0.34391806205974484,0.3630059133676533,0.8663260189596693,0.8204564650975007,1.5940453962952674,-1.4218174205303327,0.2914027160532414,1.2159085951970159,home_favorite,7-14,wk10+
2025,13,UNLV,Hawai'i,Mountain West,Mountain West,False,1,0.6971385295787116,0.7479995411960544,28.0,9.107911061680143,-0.21398707375791814,-0.5422270530525075,0.14941206423936595,-0.33801737405212784,-0.24342381853653788,-0.6073904244756116,-1.344298302839589,-0.21104262993205,0.3028614704212884,18.89208893831986,home_favorite,7-14,wk10+
2025,13,Iowa State,Kansas,Big 12,Big 12,False,1,0.44407340136120077,0.654519994382466,24.0,-2.7196977486121687,0.12347875934473701,0.6880459362361474,0.03891225630374049,0.1632141625081478,0.11689727697563768,0.34167388021826683,0.2503806896557099,-0.39192057121045215,0.5559265986387992,26.71969774861217,away_favorite,0-3,wk10+
2025,13,Ohio State,Rutgers,Big Ten,Big Ten,False,1,0.8206924642446295,0.9869889516362479,33.0,16.04220498478614,1.229031845615601,0.6260125841479508,1.121124211220414,0.19729345268553625,1.342121218993581,1.1788180651718725,-0.7684419999940644,0.5826054797588975,0.1793075357553705,16.95779501521386,home_favorite,14-21,wk10+
2025,13,Oklahoma,Missouri,SEC,SEC,False,1,0.6077930257349877,0.6492949471109635,11.0,4.380738130042547,0.5773022900229218,0.8170429739727139,0.9979220451629414,0.6757962592442617,1.2629399716363487,1.1122071985893935,0.04366304248039362,-1.163420361561187,0.3922069742650123,6.619261869957453,home_favorite,3-7,wk10+
2025,13,SMU,Louisville,ACC,ACC,False,1,0.5916049455205916,0.6887735686687132,32.0,3.8218705984965204,0.6300087145715739,0.6957096219307739,0.6466393309125587,0.4918203537704797,1.145678535310898,0.9182631499150185,-0.056004394550562664,-0.1925856971485396,0.4083950544794084,28.17812940150348,home_favorite,3-7,wk10+
2025,13,Virginia Tech,Miami,ACC,ACC,False,0,0.26872971425256187,0.0708872941587333,-17.0,-11.000255410028288,0.08172848638363803,1.4322229964906352,0.5631581454543608,0.8366716538976384,0.5441954540159473,1.763032500476799,-0.07815271389077517,-1.4439657398705452,-0.26872971425256187,-5.999744589971712,away_favorite,7-14,wk10+
2025,13,Northwestern,Minnesota,Big Ten,Big Ten,True,1,0.30725886434274596,0.5430664920222119,3.0,-8.427618655049013,-0.14880800397226757,0.4158367655195719,0.1896100176677179,0.6109934467114793,0.4082032389868948,0.5375817696289584,0.6047537990991101,-0.27379620139598543,0.692741135657254,11.427618655049013,away_favorite,7-14,wk10+
2025,13,Army,Tulsa,American Athletic,American Athletic,False,0,0.7154610218354271,0.9467597847979775,-1.0,10.270469308373851,-0.11807283584369249,-0.9673364671087639,-0.5079590091620493,-0.7010134891988424,-1.1277859086801876,-0.9720944880278479,-0.9751596471693809,1.749083631676755,-0.7154610218354271,-11.270469308373851,home_favorite,7-14,wk10+
2025,13,Georgia,Charlotte,SEC,American Athletic,False,1,0.933536641301959,0.998435699798906,32.0,26.463769548152662,0.8630109775148891,-0.5739489877939088,0.7171753075013958,-0.37594272505639315,0.9921259312855266,-0.7498676927965588,-0.524810487251727,-1.0268390589632101,0.06646335869804099,5.536230451847338,home_favorite,21+,wk10+
2025,13,James Madison,Washington State,Sun Belt,Pac-12,False,1,0.704215147083596,0.9291127058412668,4.0,8.716694279844962,-0.125254645941418,-0.004868703049602907,0.20562328686910367,-0.3832097337819783,-0.27378750134629326,-0.41982807742069533,0.9886580009961264,-0.9862338068394871,0.295784852916404,-4.716694279844962,home_favorite,7-14,wk10+
2025,13,Arizona,Baylor,Big 12,Big 12,False,1,0.2737566252864456,0.6021580931747169,24.0,-10.302106453029243,-0.00865474859649007,0.8714110606957501,-0.08705074938026863,0.40122921116118404,0.21696886507720117,1.1803637612517588,0.16547879885156241,1.1400048498209114,0.7262433747135544,34.30210645302924,away_favorite,7-14,wk10+
2025,13,Georgia Southern,Old Dominion,Sun Belt,Sun Belt,False,0,0.6228350260147111,0.25967158048516964,-35.0,5.071026351704335,-0.07602022018264759,-0.3037174705655894,-0.4244220711140161,-0.363353108655311,-0.4952750713357625,-0.8005428852570526,1.4980693458210137,0.8336197656146389,-0.6228350260147111,-40.07102635170433,home_favorite,3-7,wk10+
2025,13,Toledo,Ball State,Mid-American,Mid-American,False,1,0.8052594550862487,0.9787110380196032,29.0,14.395538777222296,-0.49282420711351876,-0.6600552702154514,-0.025539495803157886,-0.9335088144391184,-0.1258852447093334,-1.3272644815359924,0.6232107318826204,-1.6211522945922452,0.19474054491375126,14.604461222777704,home_favorite,14-21,wk10+
2025,13,Wyoming,Nevada,Mountain West,Mountain West,False,0,0.512079170988528,0.672509643334985,-6.0,0.36019536628123516,-0.7482808984071666,-0.27228002007891683,-0.35560719940453056,-0.536731971808911,-0.7597045644095228,-0.8381248312824254,0.9517441354291056,0.5235432948516642,-0.512079170988528,-6.360195366281236,home_favorite,0-3,wk10+
2025,13,App State,Marshall,Sun Belt,Sun Belt,False,1,0.341077819959585,0.25526959313496533,2.0,-6.4283090923946276,-0.5965783814841096,-0.3249255067410036,-0.6905450765007092,-0.2372294293006896,-0.9683639803035357,-0.853691281652078,-1.384903554963312,1.8007630434705841,0.658922180040415,8.428309092394628,away_favorite,3-7,wk10+
2025,13,UAB,South Florida,American Athletic,American Athletic,False,0,0.2175516588973356,0.06366918853058397,-30.0,-13.315580894457025,-0.7188043802316813,-0.05280318006783792,-0.7407039353696859,0.241052246079346,-1.1850372359823287,0.0075308021578257625,0.7782489672641076,1.782306110687074,-0.2175516588973356,-16.684419105542975,away_favorite,7-14,wk10+
2025,13,Florida Atlantic,UConn,American Athletic,FBS Independents,False,0,0.34696045734055636,0.18814000166621347,-3.0,-6.419069396970105,-0.41987572700448106,-0.019612497080642846,-0.31705243053153276,0.11868565309047575,-0.31957680379953685,-0.024874087649063154,-1.1375806556642727,0.6047537990991101,-0.34696045734055636,3.419069396970105,away_favorite,3-7,wk10+
2025,13,UTEP,New Mexico State,Conference USA,Conference USA,False,0,0.7329014403994318,0.6387377491117249,-3.0,10.3559932191515,-0.9909018788257972,-1.1480052655705493,-0.5121892865549666,-1.0642647566853034,-0.9088656403952472,-1.527401066202203,1.785997497243776,0.1433304795113499,-0.7329014403994318,-13.3559932191515,home_favorite,7-14,wk10+
2025,13,Middle Tennessee,Sam Houston,Conference USA,Conference USA,False,1,0.5541615087903218,0.6307302886162022,14.0,2.179459909830582,-0.6913408430903526,-0.8797921675739598,-0.9054682796477774,-0.623677949613525,-0.776486559372275,-1.3120820048466135,1.749083631676755,1.42055022813027,0.4458384912096782,11.820540090169418,home_favorite,0-3,wk10+
2025,13,Louisiana Tech,Liberty,Conference USA,Conference USA,False,1,0.24912894049542292,0.48992755307256153,6.0,-11.34149751533852,-1.0974985435622586,-0.17956074297012423,-0.6537842786511074,-0.2047070106361706,-1.105562315806668,-0.2158608757405748,0.09903384083092488,1.7712319510169676,0.7508710595045771,17.34149751533852,away_favorite,7-14,wk10+
2025,13,South Alabama,Southern Miss,Sun Belt,Sun Belt,False,1,0.6712881288462396,0.6800706757372215,7.0,7.796156185938981,-0.18297626478401013,-0.734698983868505,-0.20628567941983073,-0.3065232273265034,-0.8175621509144814,-0.13852255471943886,-0.9677768740559768,0.025206109696883194,0.32871187115376044,-0.7961561859389814,home_favorite,7-14,wk10+
2025,13,Iowa,Michigan State,Big Ten,Big Ten,False,1,0.6856048903650368,0.9684796873667971,3.0,8.368146898953482,0.37770006175058957,-0.1215653812078787,0.20399539633870495,0.035003850829694746,0.45908832692665813,0.2659220839949454,-0.10399241978768976,0.6305935049960246,0.3143951096349632,-5.368146898953482,home_favorite,7-14,wk10+
2025,13,Oregon,USC,Big Ten,Big Ten,False,1,0.6924558606707008,0.777153105314726,15.0,8.580876668052621,1.0426057205503683,0.7444766340074311,0.6910383964941871,0.34420891687912447,1.0973934339172096,0.944175113169041,-1.2150997733550162,-0.5469588065919395,0.30754413932929925,6.419123331947379,home_favorite,7-14,wk10+
2025,13,North Carolina,Duke,ACC,ACC,False,0,0.5118739031932834,0.29661499652817136,-7.0,0.476114526473967,0.40060281741729614,0.10728525996515623,0.10671858591968719,0.6328722964040288,0.6715055677779196,0.5031593247651899,-1.3184585969426743,-1.244630865808633,-0.5118739031932834,-7.4761145264739675,home_favorite,0-3,wk10+
2025,13,Notre Dame,Syracuse,FBS Independents,ACC,False,1,0.8912329589003193,0.9958007430852935,63.0,21.305919982459386,1.0346653162485375,0.18316391680226965,0.8932156398494558,-0.16642430927585616,1.5159773199399198,-0.284143791787164,-0.5469588065919395,-1.3775207818499078,0.10876704109968072,41.694080017540614,home_favorite,21+,wk10+
2025,13,Vanderbilt,Kentucky,SEC,SEC,False,1,0.6734833560527878,0.7597469266479578,28.0,7.190722363668029,0.43977855258602877,0.018551069733229016,0.23447284814137156,0.36021612598260055,0.7167285329809041,0.15886642095227493,1.2655119927487823,-0.9087146891487434,0.32651664394721225,20.80927763633197,home_favorite,7-14,wk10+
2025,13,Florida International,Jacksonville State,Conference USA,Conference USA,False,1,0.4398810130752241,0.3249597989597013,6.0,-2.3531350064734653,-0.7823259235665265,-0.3746183407772852,-0.6579398561856871,-0.6341232146381584,-0.933048814961539,-1.1119227514328105,-0.34762393253002716,1.206449807841549,0.5601189869247759,8.353135006473465,away_favorite,0-3,wk10+
2025,13,UTSA,East Carolina,American Athletic,American Athletic,False,1,0.719406609414301,0.4047569603484281,34.0,9.658495980022401,-0.07080424903368346,-0.17779171172561892,0.48577885448716374,-0.044170827662308086,0.12390482050035928,-0.2772786641883975,1.6457248080890967,-0.037547461767052245,0.280593390585699,24.3415040199776,home_favorite,7-14,wk10+
2025,13,Texas,Arkansas,SEC,SEC,False,1,0.7929210517066094,0.8768522650807969,15.0,14.08915853994375,1.0330099802845472,0.597082227760068,1.183879022945504,0.3721374561684962,1.824200982587858,0.8711939456545713,-0.8607266639116165,-0.572798512488854,0.20707894829339057,0.9108414600562504,home_favorite,14-21,wk10+
2025,13,Temple,Tulane,American Athletic,American Athletic,False,0,0.14507542632619935,0.22787132653141615,-24.0,-19.10750220719395,-1.1026933261458312,0.45291208642090436,-0.6470089730199495,0.4272788468526554,-0.919482457584853,0.532049685001788,1.782306110687074,-1.3664466221798015,-0.14507542632619935,-4.892497792806051,away_favorite,14-21,wk10+
2025,13,Houston,TCU,Big 12,Big 12,False,0,0.43572069894192594,0.4089244036850566,-3.0,-3.2127237737782712,-0.3090673754459802,0.6752128359514915,0.2619681348681837,0.07546250853823852,0.5118642829546829,0.7700299467727646,1.9779495981922843,0.3315911939031558,-0.43572069894192594,0.21272377377827123,away_favorite,3-7,wk10+
2025,13,Troy,Georgia State,Sun Belt,Sun Belt,False,1,0.6427665976305978,0.8611409356570433,12.0,6.473478203337407,-0.3964284809356777,-0.5844435177834937,-0.29279044995577685,-0.620758067811821,-0.7477934046493179,-0.7271718151450907,-0.6724659495198102,0.6232107318826204,0.35723340236940215,5.526521796662593,home_favorite,3-7,wk10+
2025,13,Utah,Kansas State,Big 12,Big 12,False,1,0.3963794948209788,0.8926766600061541,4.0,-4.030866010642463,-0.02554181395604249,0.7084131592311763,0.8184997632235893,0.6082450928847217,0.8274733826875964,0.7973878344101674,-1.388594941520014,0.6416676646661305,0.6036205051790212,8.030866010642463,away_favorite,3-7,wk10+
2025,13,Maryland,Michigan,Big Ten,Big Ten,False,0,0.27022033049468525,0.15546047176996494,-25.0,-10.343153903123042,-0.1932535162035939,0.29035811338720796,-0.15403644759675914,0.680144229426719,-0.4983630645694563,0.6079780052146484,-1.432891580200439,-0.4472913695609832,-0.27022033049468525,-14.656846096876958,away_favorite,7-14,wk10+
2025,13,UCF,Oklahoma State,Big 12,Big 12,False,1,0.7927536796790591,0.9313540665199443,3.0,14.0322008467827,0.5220435039516178,0.022806808264553224,0.28488102417700334,-0.44103006954944046,0.30677628511442556,-0.5690879692422373,-0.7610592268806602,-0.2627220417258792,0.20724632032094092,-11.0322008467827,home_favorite,14-21,wk10+
2025,13,South Carolina,Coastal Carolina,SEC,Sun Belt,False,1,0.898171066594013,0.9076535681936819,44.0,22.5629981322787,0.37330042482220743,-0.5549305623368663,0.8140540943477095,-0.5406604398045117,0.774626197445033,-0.9097623986524599,0.4017275384804954,1.6715645139860114,0.10182893340598698,21.4370018677213,home_favorite,21+,wk10+
2025,13,Texas State,UL Monroe,Sun Belt,Sun Belt,False,1,0.8130080135022408,0.969855570799269,17.0,15.217916601764557,0.05965098135161566,-0.5283427783809462,0.12867298030440388,-0.586609002901215,-0.23313819387399654,-0.9935876424926702,1.5165262786045242,0.9812752278827223,0.18699198649775917,1.782083398235443,home_favorite,14-21,wk10+
2025,13,Boise State,Colorado State,Mountain West,Mountain West,False,1,0.8355117477670535,0.9228015935156195,28.0,16.807042092762448,0.42879493284380843,-0.4245473080603209,0.25799098124998987,-0.37952427851777853,0.16407130868443756,-0.647988392022429,0.23192375687219952,-0.044930234880456416,0.1644882522329465,11.192957907237552,home_favorite,14-21,wk10+
2025,13,Georgia Tech,Pittsburgh,ACC,ACC,False,0,0.7388086096292519,0.4985608882908471,-14.0,10.857354137149986,1.0699217492437327,0.1443745103738715,0.47750322650377947,0.5572884531032432,1.3817128660974938,0.5292547963897177,1.0883254380270828,0.8594594715115534,-0.7388086096292519,-24.857354137149986,home_favorite,7-14,wk10+
2025,13,Penn State,Nebraska,Big Ten,Big Ten,False,1,0.8448501900967001,0.8852936760540788,27.0,17.603246680658273,1.3688727680924382,0.4149396265570865,1.2691728948355543,0.6009174431253974,1.9344308292078876,0.6913657973853132,0.18024434507837034,0.2836031686660287,0.15514980990329985,9.396753319341727,home_favorite,14-21,wk10+
2025,13,Wisconsin,Illinois,Big Ten,Big Ten,False,1,0.5735806044669659,0.36259162325551547,17.0,3.106259270536883,0.4736139123604267,0.4434558682104096,0.19892114849692372,0.18535727915109668,0.6786757831856352,0.8754422212025454,-0.4214516636640686,0.032588882810287365,0.4264193955330341,13.893740729463117,home_favorite,3-7,wk10+
2025,13,Florida,Tennessee,SEC,SEC,False,0,0.6114647015702295,0.23607530085516135,-20.0,4.50409457775687,0.7520742235517278,0.5986492246668447,0.6460629101244557,0.7189988884410801,0.9617819208485201,0.601031538139353,0.12487354672783947,-1.0895926304271455,-0.6114647015702295,-24.50409457775687,home_favorite,3-7,wk10+
2025,13,Stanford,California,ACC,ACC,False,1,0.4894009716536116,0.34808796012533627,21.0,-0.42503310811017014,-0.3833393042322958,-0.2831254298741182,-0.160330920009547,0.047252258905695586,-0.08911918980730754,-0.052691314542877316,-1.207717000241612,-1.0748270842003371,0.5105990283463884,21.42503310811017,away_favorite,0-3,wk10+
2025,13,Rice,North Texas,American Athletic,American Athletic,False,0,0.47972397755093926,0.05871144612901999,-32.0,-1.0709864997087326,-0.8185376783157735,-0.17574879465285495,-0.30318800896001835,-0.47722012707754025,-0.898416555306877,-0.5807768598714267,0.8668422446249576,0.17286157196496615,-0.47972397755093926,-30.92901350029127,away_favorite,0-3,wk10+
2025,13,LSU,Western Kentucky,SEC,Conference USA,False,1,0.9743927621430495,0.8881842302218831,3.0,34.99136984915707,1.0302111126302989,-0.73518440102469,0.8149472115647907,-0.7961847171252758,1.4540275296944891,-1.0808599085452566,0.5309260679650684,-0.6798487226332144,0.025607237856950515,-31.991369849157067,home_favorite,21+,wk10+
2025,13,Colorado,Arizona State,Big 12,Big 12,False,0,0.43830973345947877,0.27089003710224746,-25.0,-2.244605924300063,0.11589694242818481,0.720075913473169,0.5336828631488871,0.278460472163814,0.27866154682881494,0.8363291100517947,-1.6359178408190533,0.6601245974496409,-0.43830973345947877,-22.755394075699936,away_favorite,0-3,wk10+
2025,13,Cincinnati,BYU,Big 12,Big 12,False,0,0.6367251202466002,0.32243941991489944,-12.0,5.953175380442756,0.4274892504646441,0.12771273294339158,0.26046483589872527,0.19794804204172242,0.5430207242616326,-0.062179366246140726,1.0255718665631472,1.3098086314292074,-0.6367251202466002,-17.953175380442758,home_favorite,3-7,wk10+
2025,13,Fresno State,Utah State,Mountain West,Mountain West,False,0,0.6069662396583417,0.7057813597120025,-11.0,4.850185792500074,-0.2365806536797485,-0.13876755563492807,-0.22426853273631947,-0.6643531154309612,-0.43930313326097353,-0.778991453308417,-1.2704705717055476,0.4238758578207079,-0.6069662396583417,-15.850185792500074,home_favorite,3-7,wk10+
2025,13,UCLA,Washington,Big Ten,Big Ten,False,0,0.38444516332241185,0.1314590000241483,-34.0,-4.906519829077183,-0.41451465098988494,0.28815612105794985,0.05117290206038952,0.1038191695802356,-0.04692093510170553,0.43231312989326626,-1.0969754035405497,-0.340241159416623,-0.38444516332241185,-29.093480170922817,away_favorite,3-7,wk10+
2025,13,San Diego State,San José State,Mountain West,Mountain West,False,1,0.405884016816893,0.8904506387229247,22.0,-4.281636234591,-0.754115393139992,-0.462221423089014,-0.7134017002213537,-0.18454673569309463,-0.7353831590203235,-0.5734557469568007,1.058794345573466,0.2614548493258162,0.594115983183107,26.281636234590998,away_favorite,3-7,wk10+
2025,14,Massachusetts,Bowling Green,Mid-American,Mid-American,False,0,0.5354087765593614,0.08313877240427012,-31.0,0.8702168561707386,-0.590249961649425,-0.6421712411591837,-0.922168944199321,-0.4342090217647746,-1.1852268361760392,-1.2231558411779195,0.9111388833053827,-1.613769521478841,-0.5354087765593614,-31.87021685617074,home_favorite,0-3,wk10+
2025,14,Eastern Michigan,Western Michigan,Mid-American,Mid-American,False,0,0.387826129362701,0.3652566649476832,-10.0,-4.3914467492002105,-0.8048633463990421,-0.11799985386382023,-0.47586249370378975,-0.6138110235322233,-0.9487263006141853,-0.6753410774058406,-0.9862338068394871,1.782306110687074,-0.387826129362701,-5.6085532507997895,away_favorite,3-7,wk10+
2025,14,Kansas,Utah,Big 12,Big 12,False,0,0.5974212414829096,0.08763334779453696,-10.0,3.970053291628542,0.6880459362361474,-0.02554181395604249,0.1632141625081478,0.8184997632235893,0.34167388021826683,0.8274733826875964,-0.39192057121045215,-1.388594941520014,-0.5974212414829096,-13.970053291628542,home_favorite,3-7,wk10+
2025,14,Buffalo,Ohio,Mid-American,Mid-American,False,0,0.4234752898132544,0.22085937918053045,-5.0,-3.320164073412986,-0.5524515931283356,-0.10675224489091092,-0.1880344000518289,0.007783344654597207,-0.6112904826386858,-0.5757328346530897,0.5272346814083663,0.48662942928464337,-0.4234752898132544,-1.679835926587014,away_favorite,3-7,wk10+
2025,14,Nebraska,Iowa,Big Ten,Big Ten,False,0,0.6640407425655714,0.21400339771784252,-24.0,7.097950653638329,0.4149396265570865,0.37770006175058957,0.6009174431253974,0.20399539633870495,0.6913657973853132,0.45908832692665813,0.2836031686660287,-0.10399241978768976,-0.6640407425655714,-31.09795065363833,home_favorite,7-14,wk10+
2025,14,Mississippi State,Ole Miss,SEC,SEC,False,0,0.30010219598750437,0.08996208018848378,-19.0,-9.270941483152285,0.211664320127957,0.5252184517062783,-0.16091482187481757,0.913057317120291,0.5471856370965203,0.6580247638268034,-0.36977225187023965,-1.2593964120354413,-0.30010219598750437,-9.729058516847715,away_favorite,7-14,wk10+
2025,14,Northern Illinois,Kent State,Mid-American,Mid-American,False,0,0.8919992769092,0.8829346041256821,-4.0,21.426253674517785,-0.55644059156056,-1.5595862563572478,-0.16094036291672678,-1.0946725692352561,-0.9450962470028557,-1.66544448826741,0.05473720215049987,-1.4882623785509703,-0.8919992769092,-25.426253674517785,home_favorite,21+,wk10+
2025,14,North Texas,Temple,American Athletic,American Athletic,False,1,0.74306834239509,0.9641774124186709,27.0,11.523886218987819,-0.17574879465285495,-1.1026933261458312,-0.47722012707754025,-0.6470089730199495,-0.5807768598714267,-0.919482457584853,0.17286157196496615,1.782306110687074,0.25693165760491,15.476113781012181,home_favorite,7-14,wk10+
2025,14,New Mexico,San Diego State,Mountain West,Mountain West,False,1,0.4746115963108942,0.5373473171664928,6.0,-0.7585655086118326,-0.3913795716402913,-0.754115393139992,-1.2918806982170912,-0.7134017002213537,-1.7411798645869194,-0.7353831590203235,-1.4439657398705452,1.058794345573466,0.5253884036891058,6.758565508611833,away_favorite,0-3,wk10+
2025,14,Georgia Tech,Georgia,ACC,SEC,True,0,0.5398884210211914,0.06097834165795565,-7.0,1.584177485107599,1.0699217492437327,0.8630109775148891,0.47750322650377947,0.7171753075013958,1.3817128660974938,0.9921259312855266,1.0883254380270828,-0.524810487251727,-0.5398884210211914,-8.584177485107599,home_favorite,0-3,wk10+
2025,14,Utah State,Boise State,Mountain West,Mountain West,False,0,0.27683860787290815,0.35860988804438204,-1.0,-10.410628210875053,-0.13876755563492807,0.42879493284380843,-0.6643531154309612,0.25799098124998987,-0.778991453308417,0.16407130868443756,0.4238758578207079,0.23192375687219952,-0.27683860787290815,9.410628210875053,away_favorite,7-14,wk10+
2025,14,Texas,Texas A&M,SEC,SEC,False,1,0.6167543233296137,0.5700528235839882,10.0,5.380177930701295,1.0330099802845472,0.9495940509682228,1.183879022945504,0.8336084444499188,1.824200982587858,1.2464131550638042,-0.8607266639116165,0.8742250177383618,0.38324567667038634,4.619822069298705,home_favorite,3-7,wk10+
2025,14,Purdue,Indiana,Big Ten,Big Ten,False,0,0.11354219145120564,0.009844718632770918,-53.0,-21.509729615026746,-0.2459339459806703,1.2422463509082853,-0.32147251315145814,0.9451939866900845,0.09753976442086111,1.4432246215992346,0.09903384083092488,-0.978851033726083,-0.11354219145120564,-31.490270384973254,away_favorite,21+,wk10+
2025,14,Arizona State,Arizona,Big 12,Big 12,False,0,0.7874764136510739,0.5952430396515719,-16.0,13.531194660794995,0.720075913473169,-0.00865474859649007,0.278460472163814,-0.08705074938026863,0.8363291100517947,0.21696886507720117,0.6601245974496409,0.16547879885156241,-0.7874764136510739,-29.531194660794995,home_favorite,7-14,wk10+
2025,14,West Virginia,Texas Tech,Big 12,Big 12,False,0,0.2322095975641829,0.03484163904670186,-49.0,-12.541215337614084,0.11165114514350964,0.9309581180031918,-0.18185608517542295,0.5943445404895336,-0.2263357964236148,1.6897159580700634,-0.9419371681590621,0.2688376224392204,-0.2322095975641829,-36.458784662385916,away_favorite,7-14,wk10+
2025,14,Louisville,Kentucky,ACC,SEC,False,1,0.7377642342208905,0.6635740980412955,41.0,10.745963041842973,0.6957096219307739,0.018551069733229016,0.4918203537704797,0.36021612598260055,0.9182631499150185,0.15886642095227493,-0.1925856971485396,-0.9087146891487434,0.26223576577910945,30.254036958157027,home_favorite,7-14,wk10+
2025,14,South Carolina,Clemson,SEC,ACC,False,0,0.40152290681742964,0.5993967967092568,-14.0,-4.187026228134119,0.37330042482220743,1.1524222859315225,0.8140540943477095,0.7280285424056598,0.774626197445033,1.8655403006745177,0.4017275384804954,1.1436962363776135,-0.40152290681742964,-9.812973771865881,away_favorite,3-7,wk10+
2025,14,Michigan,Ohio State,Big Ten,Big Ten,False,0,0.28660484603123376,0.1761384714944276,-18.0,-9.789977821229158,0.29035811338720796,1.229031845615601,0.680144229426719,1.121124211220414,0.6079780052146484,1.342121218993581,-0.4472913695609832,-0.7684419999940644,-0.28660484603123376,-8.210022178770842,away_favorite,7-14,wk10+
2025,14,Central Michigan,Toledo,Mid-American,Mid-American,False,0,0.34646201255823633,0.16160309261305672,-18.0,-6.2760436041019325,-0.7987423636173936,-0.49282420711351876,-0.474276017856499,-0.025539495803157886,-1.1238691231378248,-0.1258852447093334,-1.525176244117991,0.6232107318826204,-0.34646201255823633,-11.723956395898067,away_favorite,3-7,wk10+
2025,14,Miami (OH),Ball State,Mid-American,Mid-American,False,1,0.7544984328996971,0.946176473968739,21.0,11.467954567510226,-0.47704268206455464,-0.6600552702154514,-0.3100294759972375,-0.9335088144391184,-0.5410219854229629,-1.3272644815359924,-0.13352351224130643,-1.6211522945922452,0.2455015671003029,9.532045432489774,home_favorite,7-14,wk10+
2025,14,Pittsburgh,Miami,ACC,ACC,False,0,0.2984339794942896,0.29541540733727906,-31.0,-9.690926062889577,0.1443745103738715,1.4322229964906352,0.5572884531032432,0.8366716538976384,0.5292547963897177,1.763032500476799,0.8594594715115534,-1.4439657398705452,-0.2984339794942896,-21.309073937110423,away_favorite,7-14,wk10+
2025,14,Baylor,Houston,Big 12,Big 12,False,0,0.7928224980792051,0.655820505912395,-7.0,14.222571293349326,0.8714110606957501,-0.3090673754459802,0.40122921116118404,0.2619681348681837,1.1803637612517588,0.5118642829546829,1.1400048498209114,1.9779495981922843,-0.7928224980792051,-21.222571293349326,home_favorite,14-21,wk10+
2025,14,Kansas State,Colorado,Big 12,Big 12,False,1,0.7405636503791476,0.9123666522054631,10.0,10.602128014272626,0.7084131592311763,0.11589694242818481,0.6082450928847217,0.5336828631488871,0.7973878344101674,0.27866154682881494,0.6416676646661305,-1.6359178408190533,0.2594363496208524,-0.6021280142726262,home_favorite,7-14,wk10+
2025,14,Oklahoma State,Iowa State,Big 12,Big 12,False,0,0.4389655204233255,0.05152588759746676,-7.0,-2.68060154054748,0.022806808264553224,0.12347875934473701,-0.44103006954944046,0.03891225630374049,-0.5690879692422373,0.11689727697563768,-0.2627220417258792,0.2503806896557099,-0.4389655204233255,-4.31939845945252,away_favorite,0-3,wk10+
2025,14,Florida Atlantic,East Carolina,American Athletic,American Athletic,False,0,0.42722204056301477,0.2812431701012181,-39.0,-2.946324445179483,-0.41987572700448106,-0.17779171172561892,-0.31705243053153276,-0.044170827662308086,-0.31957680379953685,-0.2772786641883975,-1.1375806556642727,-0.037547461767052245,-0.42722204056301477,-36.053675554820515,away_favorite,0-3,wk10+
2025,14,BYU,UCF,Big 12,Big 12,False,1,0.515635327551109,0.9001568673004807,20.0,0.11170157918336399,0.12771273294339158,0.5220435039516178,0.19794804204172242,0.28488102417700334,-0.062179366246140726,0.30677628511442556,1.3098086314292074,-0.7610592268806602,0.48436467244889103,19.888298420816636,home_favorite,0-3,wk10+
2025,14,Sam Houston,Florida International,Conference USA,Conference USA,True,0,0.5198566499748895,0.17036717656865663,-40.0,0.8588410077612523,-0.8797921675739598,-0.7823259235665265,-0.623677949613525,-0.6579398561856871,-1.3120820048466135,-0.933048814961539,1.42055022813027,-0.34762393253002716,-0.5198566499748895,-40.85884100776125,home_favorite,0-3,wk10+
2025,14,Marshall,Georgia Southern,Sun Belt,Sun Belt,False,0,0.5648675731786159,0.8562520600981506,-5.0,2.603941777246254,-0.3249255067410036,-0.07602022018264759,-0.2372294293006896,-0.4244220711140161,-0.853691281652078,-0.4952750713357625,1.8007630434705841,1.4980693458210137,-0.5648675731786159,-7.603941777246254,home_favorite,0-3,wk10+
2025,14,Old Dominion,Georgia State,Sun Belt,Sun Belt,False,1,0.6817496760534395,0.9686549405484961,17.0,7.9680716069125594,-0.3037174705655894,-0.5844435177834937,-0.363353108655311,-0.620758067811821,-0.8005428852570526,-0.7271718151450907,0.8336197656146389,0.6232107318826204,0.3182503239465605,9.03192839308744,home_favorite,7-14,wk10+
2025,14,Jacksonville State,Western Kentucky,Conference USA,Conference USA,False,1,0.715755817367439,0.7210782431975601,3.0,9.28339494285376,-0.3746183407772852,-0.73518440102469,-0.6341232146381584,-0.7961847171252758,-1.1119227514328105,-1.0808599085452566,1.206449807841549,-0.6798487226332144,0.284244182632561,-6.283394942853761,home_favorite,7-14,wk10+
2025,14,App State,Arkansas State,Sun Belt,Sun Belt,False,0,0.4499715987399817,0.5215733330511455,-1.0,-1.9341112577762036,-0.5965783814841096,-0.30355359343147165,-0.6905450765007092,-0.5916282970143838,-0.9683639803035357,-0.3332249193057294,-1.384903554963312,0.2577634627691141,-0.4499715987399817,0.9341112577762036,away_favorite,0-3,wk10+
2025,14,Texas State,South Alabama,Sun Belt,Sun Belt,False,1,0.7323702648344999,0.7830774434096761,23.0,10.082424648856133,0.05965098135161566,-0.18297626478401013,0.12867298030440388,-0.20628567941983073,-0.23313819387399654,-0.8175621509144814,1.5165262786045242,-0.9677768740559768,0.26762973516550015,12.917575351143867,home_favorite,7-14,wk10+
2025,14,Louisiana,UL Monroe,Sun Belt,Sun Belt,False,1,0.5919796049356792,0.9119053076034237,3.0,3.987785179271645,-0.2505806114343202,-0.5283427783809462,-0.6952687131531011,-0.586609002901215,-0.7690596846526245,-0.9935876424926702,0.20608405097528493,0.9812752278827223,0.40802039506432075,-0.9877851792716452,home_favorite,3-7,wk10+
2025,14,New Mexico State,Middle Tennessee,Conference USA,Conference USA,False,0,0.40001189861548375,0.6466688423256146,-7.0,-4.090245961895833,-1.1480052655705493,-0.6913408430903526,-1.0642647566853034,-0.9054682796477774,-1.527401066202203,-0.776486559372275,0.1433304795113499,1.749083631676755,-0.40001189861548375,-2.9097540381041673,away_favorite,3-7,wk10+
2025,14,Tulsa,UAB,American Athletic,American Athletic,False,0,0.5415958545894137,0.5129491448928637,-7.0,1.5281530064981248,-0.9673364671087639,-0.7188043802316813,-0.7010134891988424,-0.7407039353696859,-0.9720944880278479,-1.1850372359823287,1.749083631676755,0.7782489672641076,-0.5415958545894137,-8.528153006498124,home_favorite,0-3,wk10+
2025,14,Syracuse,Boston College,ACC,ACC,False,0,0.49557412325006933,0.4769904127024377,-22.0,0.0781671551273031,0.18316391680226965,0.013428754623269173,-0.16642430927585616,0.15666011354935433,-0.284143791787164,0.18145114685774577,-1.3775207818499078,0.383270605696985,-0.49557412325006933,-22.078167155127304,away_favorite,0-3,wk10+
2025,14,Duke,Wake Forest,ACC,ACC,False,1,0.7909491499768609,0.6347433350523167,17.0,14.029256560570456,0.10728525996515623,-0.16326144584781255,0.6328722964040288,-0.36154219030493084,0.5031593247651899,-0.023463342335829335,-1.244630865808633,-0.93824578160236,0.20905085002313906,2.970743439429544,home_favorite,14-21,wk10+
2025,14,Washington,Oregon,Big Ten,Big Ten,False,0,0.3157644474616963,0.22085937918053045,-12.0,-8.580111566758713,0.28815612105794985,1.0426057205503683,0.1038191695802356,0.6910383964941871,0.43231312989326626,1.0973934339172096,-0.340241159416623,-1.2150997733550162,-0.3157644474616963,-3.4198884332412867,away_favorite,7-14,wk10+
2025,14,Tennessee,Vanderbilt,SEC,SEC,False,0,0.646965993661047,0.6320700121000735,-21.0,6.874451522399441,0.5986492246668447,0.43977855258602877,0.7189988884410801,0.23447284814137156,0.601031538139353,0.7167285329809041,-1.0895926304271455,1.2655119927487823,-0.646965993661047,-27.87445152239944,home_favorite,3-7,wk10+
2025,14,TCU,Cincinnati,Big 12,Big 12,False,1,0.5755250034452677,0.6374083767444845,22.0,3.207861519487704,0.6752128359514915,0.4274892504646441,0.07546250853823852,0.26046483589872527,0.7700299467727646,0.5430207242616326,0.3315911939031558,1.0255718665631472,0.4244749965547323,18.792138480512296,home_favorite,3-7,wk10+
2025,14,Oklahoma,LSU,SEC,SEC,False,1,0.49447110469236666,0.7586946201468556,4.0,-0.18348625011934994,0.5773022900229218,1.0302111126302989,0.9979220451629414,0.8149472115647907,1.2629399716363487,1.4540275296944891,0.04366304248039362,0.5309260679650684,0.5055288953076333,4.1834862501193495,away_favorite,0-3,wk10+
2025,14,Liberty,Kennesaw State,Conference USA,Conference USA,False,0,0.890293136828208,0.6875382482123418,-6.0,21.088559475104937,-0.17956074297012423,-1.237707123428915,-0.2047070106361706,-0.973803279672907,-0.2158608757405748,-1.3743418419804394,1.7712319510169676,-0.2147340164887521,-0.890293136828208,-27.088559475104937,home_favorite,21+,wk10+
2025,14,Rutgers,Penn State,Big Ten,Big Ten,False,0,0.22441183827440614,0.06435899403178226,-4.0,-13.317723446861216,0.6260125841479508,1.3688727680924382,0.19729345268553625,1.2691728948355543,1.1788180651718725,1.9344308292078876,0.5826054797588975,0.18024434507837034,-0.22441183827440614,9.317723446861216,away_favorite,7-14,wk10+
2025,14,Southern Miss,Troy,Sun Belt,Sun Belt,False,0,0.4999937523552984,0.5,-10.0,-0.1550453484539407,-0.734698983868505,-0.3964284809356777,-0.3065232273265034,-0.29279044995577685,-0.13852255471943886,-0.7477934046493179,0.025206109696883194,-0.6724659495198102,-0.4999937523552984,-9.84495465154606,away_favorite,0-3,wk10+
2025,14,UTSA,Army,American Athletic,American Athletic,False,0,0.8064721041023244,0.698558626418023,-3.0,14.39647073406714,-0.07080424903368346,-0.11807283584369249,0.48577885448716374,-0.5079590091620493,0.12390482050035928,-1.1277859086801876,1.6457248080890967,-0.9751596471693809,-0.8064721041023244,-17.39647073406714,home_favorite,14-21,wk10+
2025,14,Minnesota,Wisconsin,Big Ten,Big Ten,False,1,0.6444090323986416,0.550199353253537,10.0,6.217063573337004,0.4158367655195719,0.4736139123604267,0.6109934467114793,0.19892114849692372,0.5375817696289584,0.6786757831856352,-0.27379620139598543,-0.4214516636640686,0.35559096760135844,3.782936426662996,home_favorite,3-7,wk10+
2025,14,Arkansas,Missouri,SEC,SEC,False,0,0.47442675557010916,0.3665922999288324,-14.0,-1.363680078326369,0.597082227760068,0.8170429739727139,0.3721374561684962,0.6757962592442617,0.8711939456545713,1.1122071985893935,-0.572798512488854,-1.163420361561187,-0.47442675557010916,-12.636319921673632,away_favorite,0-3,wk10+
2025,14,Coastal Carolina,James Madison,Sun Belt,Sun Belt,False,0,0.33134975876953116,0.034075571596872786,-49.0,-7.656972035071583,-0.5549305623368663,-0.125254645941418,-0.5406604398045117,0.20562328686910367,-0.9097623986524599,-0.27378750134629326,1.6715645139860114,0.9886580009961264,-0.33134975876953116,-41.34302796492842,away_favorite,7-14,wk10+
2025,14,Florida,Florida State,SEC,ACC,False,1,0.7935351732012137,0.502878199574811,19.0,13.80665633500486,0.7520742235517278,-0.04272106663224845,0.6460629101244557,0.3630059133676533,0.9617819208485201,0.8204564650975007,0.12487354672783947,-1.4218174205303327,0.2064648267987863,5.19334366499514,home_favorite,7-14,wk10+
2025,14,Washington State,Oregon State,Pac-12,Pac-12,False,1,0.5526971767446094,0.908134935731807,24.0,2.279994577493538,-0.004868703049602907,0.01837425593207967,-0.3832097337819783,-0.3943665458769685,-0.41982807742069533,-0.17137947558926647,-0.9862338068394871,0.02151472314018111,0.4473028232553906,21.72000542250646,home_favorite,0-3,wk10+
2025,14,South Florida,Rice,American Athletic,American Athletic,False,1,0.8118658391818293,0.9795346210617804,49.0,15.178068880408517,-0.05280318006783792,-0.8185376783157735,0.241052246079346,-0.30318800896001835,0.0075308021578257625,-0.898416555306877,1.782306110687074,0.8668422446249576,0.1881341608181707,33.82193111959148,home_favorite,14-21,wk10+
2025,14,Michigan State,Maryland,Big Ten,Big Ten,True,1,0.598221658728084,0.4540780772195163,10.0,4.171664478757728,-0.1215653812078787,-0.1932535162035939,0.035003850829694746,-0.15403644759675914,0.2659220839949454,-0.4983630645694563,0.6305935049960246,-1.432891580200439,0.40177834127191603,5.828335521242272,home_favorite,3-7,wk10+
2025,14,Virginia,Virginia Tech,ACC,ACC,False,1,0.3985997576496756,0.8170788341999742,20.0,-4.225980000153774,-0.04253883968415184,0.08172848638363803,0.023989580387639375,0.5631581454543608,0.40237167999980045,0.5441954540159473,-0.8718008235817225,-0.07815271389077517,0.6014002423503244,24.225980000153776,away_favorite,3-7,wk10+
2025,14,NC State,North Carolina,ACC,ACC,False,1,0.6810353368248119,0.7403284195148304,23.0,7.335487709960117,0.3842901959133668,0.40060281741729614,0.34391806205974484,0.10671858591968719,0.8663260189596693,0.6715055677779196,1.5940453962952674,-1.3184585969426743,0.3189646631751881,15.664512290039884,home_favorite,7-14,wk10+
2025,14,Tulane,Charlotte,American Athletic,American Athletic,False,1,0.8652883226876973,0.9701903450946798,27.0,19.283809603712985,0.45291208642090436,-0.5739489877939088,0.4272788468526554,-0.37594272505639315,0.532049685001788,-0.7498676927965588,-1.3664466221798015,-1.0268390589632101,0.1347116773123027,7.716190396287015,home_favorite,14-21,wk10+
2025,14,Auburn,Alabama,SEC,SEC,False,0,0.4081316881953999,0.20261368597229626,-7.0,-3.8952947034000944,0.7038763752078554,1.1796809297978934,0.8178696164602219,1.0033222845350602,1.3377895464438465,1.664860651107222,-1.1006667900972518,-0.3070186804063042,-0.4081316881953999,-3.1047052965999056,away_favorite,3-7,wk10+
2025,14,Illinois,Northwestern,Big Ten,Big Ten,False,1,0.6723924698277692,0.6532171672188698,7.0,7.710059121369767,0.4434558682104096,-0.14880800397226757,0.18535727915109668,0.1896100176677179,0.8754422212025454,0.4082032389868948,0.032588882810287365,0.6047537990991101,0.32760753017223077,-0.7100591213697669,home_favorite,7-14,wk10+
2025,14,USC,UCLA,Big Ten,Big Ten,False,1,0.832624896053517,0.9768355779567848,19.0,16.571295863282902,0.7444766340074311,-0.41451465098988494,0.34420891687912447,0.05117290206038952,0.944175113169041,-0.04692093510170553,-0.5469588065919395,-1.0969754035405497,0.16737510394648303,2.428704136717098,home_favorite,14-21,wk10+
2025,14,California,SMU,ACC,ACC,False,1,0.23779899649061223,0.07203315850384262,3.0,-12.120675549813622,-0.2831254298741182,0.6300087145715739,0.047252258905695586,0.6466393309125587,-0.052691314542877316,1.145678535310898,-1.0748270842003371,-0.056004394550562664,0.7622010035093878,15.120675549813622,away_favorite,7-14,wk10+
2025,14,Nevada,UNLV,Mountain West,Mountain West,False,0,0.4503224261626191,0.1547061893820004,-25.0,-2.609099929762631,-0.27228002007891683,-0.21398707375791814,-0.536731971808911,0.14941206423936595,-0.8381248312824254,-0.24342381853653788,0.5235432948516642,-1.344298302839589,-0.4503224261626191,-22.390900070237368,away_favorite,0-3,wk10+
2025,14,San José State,Fresno State,Mountain West,Mountain West,False,0,0.5589859168433161,0.2120732319225979,-27.0,2.1658735684256443,-0.462221423089014,-0.2365806536797485,-0.18454673569309463,-0.22426853273631947,-0.5734557469568007,-0.43930313326097353,0.2614548493258162,-1.2704705717055476,-0.5589859168433161,-29.165873568425646,home_favorite,0-3,wk10+
2025,14,Stanford,Notre Dame,ACC,FBS Independents,False,0,0.11953855796940319,0.006163324294720701,-29.0,-20.52701024854527,-0.3833393042322958,1.0346653162485375,-0.160330920009547,0.8932156398494558,-0.08911918980730754,1.5159773199399198,-1.207717000241612,-0.5469588065919395,-0.11953855796940319,-8.47298975145473,away_favorite,14-21,wk10+
2025,14,Hawai'i,Wyoming,Mountain West,Mountain West,False,1,0.5778958018894494,0.7069752948085409,20.0,3.6193234906871536,-0.5422270530525075,-0.7482808984071666,-0.33801737405212784,-0.35560719940453056,-0.6073904244756116,-0.7597045644095228,-0.21104262993205,0.9517441354291056,0.42210419811055055,16.380676509312845,home_favorite,3-7,wk10+
2025,15,James Madison,Troy,Sun Belt,Sun Belt,False,1,0.7451223226042397,0.9733457099689408,17.0,10.992011245457824,-0.125254645941418,-0.3964284809356777,0.20562328686910367,-0.29279044995577685,-0.27378750134629326,-0.7477934046493179,0.9886580009961264,-0.6724659495198102,0.2548776773957603,6.0079887545421755,home_favorite,7-14,wk10+
2025,15,Jacksonville State,Kennesaw State,Conference USA,Conference USA,False,0,0.8125091333796841,0.7210782431975601,-4.0,15.006270599749147,-0.3746183407772852,-1.237707123428915,-0.6341232146381584,-0.973803279672907,-1.1119227514328105,-1.3743418419804394,1.206449807841549,-0.2147340164887521,-0.8125091333796841,-19.006270599749147,home_favorite,14-21,wk10+
2025,15,Boise State,UNLV,Mountain West,Mountain West,False,1,0.7433666614772514,0.48561281583400134,17.0,10.879274153526278,0.42879493284380843,-0.21398707375791814,0.25799098124998987,0.14941206423936595,0.16407130868443756,-0.24342381853653788,0.23192375687219952,-1.344298302839589,0.2566333385227486,6.1207258464737215,home_favorite,7-14,wk10+
2025,15,Tulane,North Texas,American Athletic,American Athletic,False,1,0.8167071635288964,0.3546475495606176,13.0,15.842703011298834,0.45291208642090436,-0.17574879465285495,0.4272788468526554,-0.47722012707754025,0.532049685001788,-0.5807768598714267,-1.3664466221798015,0.17286157196496615,0.18329283647110362,-2.842703011298834,home_favorite,14-21,wk10+
2025,15,Texas Tech,BYU,Big 12,Big 12,True,1,0.7205123737232801,0.820495207286423,27.0,10.561038394203383,0.9309581180031918,0.12771273294339158,0.5943445404895336,0.19794804204172242,1.6897159580700634,-0.062179366246140726,0.2688376224392204,1.3098086314292074,0.27948762627671986,16.438961605796617,home_favorite,7-14,wk10+
2025,15,Western Michigan,Miami (OH),Mid-American,Mid-American,True,1,0.5595192150249041,0.4355995097595788,10.0,2.428795171652759,-0.11799985386382023,-0.47704268206455464,-0.6138110235322233,-0.3100294759972375,-0.6753410774058406,-0.5410219854229629,1.782306110687074,-0.13352351224130643,0.4404807849750959,7.571204828347241,home_favorite,0-3,wk10+
2025,15,Alabama,Georgia,SEC,SEC,True,0,0.6340669588317587,0.399221754109989,-21.0,6.104552404751275,1.1796809297978934,0.8630109775148891,1.0033222845350602,0.7171753075013958,1.664860651107222,0.9921259312855266,-0.3070186804063042,-0.524810487251727,-0.6340669588317587,-27.104552404751274,home_favorite,3-7,wk10+
2025,15,Virginia,Duke,ACC,ACC,True,0,0.33924053147025923,0.5344839447268315,-7.0,-6.770255830402525,-0.04253883968415184,0.10728525996515623,0.023989580387639375,0.6328722964040288,0.40237167999980045,0.5031593247651899,-0.8718008235817225,-1.244630865808633,-0.33924053147025923,-0.2297441695974749,away_favorite,3-7,wk10+
2025,15,Ohio State,Indiana,Big Ten,Big Ten,True,0,0.5433702443598751,0.46838170217189273,-3.0,2.08931873047816,1.229031845615601,1.2422463509082853,1.121124211220414,0.9451939866900845,1.342121218993581,1.4432246215992346,-0.7684419999940644,-0.978851033726083,-0.5433702443598751,-5.08931873047816,home_favorite,0-3,wk10+
