event_id,observed_at,effective_at,team,player,status,source_type,source_ref,note
nd-jagusah-out-20260803,2026-08-03T14:47:00Z,2026-08-03,Notre Dame,Charles Jagusah,out,manual_audit,git:57d118d,Injured again in camp; Sullivan Absher takes right guard
nd-absher-starter-20260803,2026-08-03T14:47:00Z,2026-08-03,Notre Dame,Sullivan Absher,starter,manual_audit,git:57d118d,Starts at RG with Jagusah out
nd-porter-out-20260928,2026-09-28T18:00:00Z,2026-09-28,Notre Dame,Quincy Porter,out,team_press_conference,https://fightingirish.com/news/2026/09/28/north-carolina-marcus-freeman-weekly-press-conference-92826-notre-dame-football,Season-ending knee surgery announced by Marcus Freeman
rpt-air-force-jonah-dawson-202610041816,2026-10-04T18:16:40Z,2026-10-04,Air Force,Jonah Dawson,questionable,injury_report,mygamesim,mygamesim: Questionable
rpt-akron-cameron-monteiro-202610041816,2026-10-04T18:16:40Z,2026-10-04,Akron,Cameron Monteiro,out,injury_report,covers+mygamesim,"mygamesim: Out; covers: Out - Undisclosed - Monteiro is nursing an undisclosed injury, and is left out for Saturday's game against the Central Michigan."
rpt-akron-reese-poffenbarger-202610041816,2026-10-04T18:16:40Z,2026-10-04,Akron,Reese Poffenbarger,out,injury_report,mygamesim,mygamesim: Out
rpt-alabama-desmond-umeozulu-202610041816,2026-10-04T18:16:40Z,2026-10-04,Alabama,Desmond Umeozulu,out,injury_report,mygamesim,mygamesim: Out
rpt-alabama-jayvin-james-202610041816,2026-10-04T18:16:40Z,2026-10-04,Alabama,Jayvin James,questionable,injury_report,mygamesim,mygamesim: Questionable
rpt-app-state-alex-sanchez-202610041816,2026-10-04T18:16:40Z,2026-10-04,App State,Alex Sanchez,questionable,injury_report,mygamesim,mygamesim: Questionable
rpt-arizona-chris-hunter-202610041816,2026-10-04T18:16:40Z,2026-10-04,Arizona,Chris Hunter,out,injury_report,mygamesim,mygamesim: Out
rpt-arizona-cole-rusk-202610041816,2026-10-04T18:16:40Z,2026-10-04,Arizona,Cole Rusk,out,injury_report,covers+mygamesim,"mygamesim: Out; covers: Out - Leg - Rusk is laid up with an lower leg injury, and is not expected to play against the Cincinnati on Saturday."
rpt-arizona-daylen-austin-202610041816,2026-10-04T18:16:40Z,2026-10-04,Arizona,Daylen Austin,out,injury_report,covers+mygamesim,mygamesim: Out; covers: Out - Undisclosed - Austin has been shut down for the remainder of the season due to an undisclosed injury.
rpt-arizona-giovanni-richardson-202610041816,2026-10-04T18:16:40Z,2026-10-04,Arizona,Giovanni Richardson,doubtful,injury_report,covers+mygamesim,"mygamesim: Questionable; covers: Out - Lower Body - Richardson is nursing with a lower body injury, and he will miss an extended period."
rpt-arizona-tre-spivey-202610041816,2026-10-04T18:16:40Z,2026-10-04,Arizona,Tre Spivey,out,injury_report,mygamesim,mygamesim: Out
rpt-arizona-state-khamari-anderson-202610041816,2026-10-04T18:16:40Z,2026-10-04,Arizona State,Khamari Anderson,out,injury_report,covers+mygamesim,"mygamesim: Out; covers: Out - Leg - Anderson is sidelined with a leg injury, and it is anticipated that he will miss the remainder of the season."
rpt-arizona-state-mykeil-gardner-202610041816,2026-10-04T18:16:40Z,2026-10-04,Arizona State,MyKeil Gardner,out,injury_report,mygamesim,mygamesim: Out
rpt-arizona-state-wade-helton-202610041816,2026-10-04T18:16:40Z,2026-10-04,Arizona State,Wade Helton,out,injury_report,covers+mygamesim,"mygamesim: Out; covers: Out - Leg - Helton is sidelined with a leg injury, and he will miss an extended period."
rpt-arizona-state-zyrus-fiaseu-202610041816,2026-10-04T18:16:40Z,2026-10-04,Arizona State,Zyrus Fiaseu,out,injury_report,covers+mygamesim,"mygamesim: Out; covers: IR - Knee - Fiaseu is sidelined with a knee injury, and he is projected to miss the remainder of the season."
rpt-arkansas-steven-soles-202610041816,2026-10-04T18:16:40Z,2026-10-04,Arkansas,Steven Soles Jr.,questionable,injury_report,mygamesim,mygamesim: Questionable
rpt-arkansas-state-devin-spencer-202610041816,2026-10-04T18:16:40Z,2026-10-04,Arkansas State,Devin Spencer,out,injury_report,covers+mygamesim,"mygamesim: Out; covers: Out - Knee - Spencer is dealing with a knee injury, and he is projected to miss the remainder of the season."
rpt-arkansas-state-kenyon-clay-202610041816,2026-10-04T18:16:40Z,2026-10-04,Arkansas State,Kenyon Clay,questionable,injury_report,covers+mygamesim,"mygamesim: Questionable; covers: Questionable - Ankle - Clay is dealing with an ankle injury, and it is yet to be established if he will suit up against Louisiana on Saturday, October 3th."
rpt-army-godspower-nwawuihe-202610041816,2026-10-04T18:16:40Z,2026-10-04,Army,Godspower Nwawuihe,questionable,injury_report,mygamesim,mygamesim: Questionable
rpt-byu-andrew-gentry-202610041816,2026-10-04T18:16:40Z,2026-10-04,BYU,Andrew Gentry,out,injury_report,covers,"covers: Out - Undisclosed - Gentry is sidelined with an undisclosed injury, and is unlikely to to face the Frogs on Saturday."
rpt-byu-lj-martin-202610041816,2026-10-04T18:16:40Z,2026-10-04,BYU,LJ Martin,questionable,injury_report,mygamesim,mygamesim: Questionable
rpt-byu-raider-damuni-202610041816,2026-10-04T18:16:40Z,2026-10-04,BYU,Raider Damuni,out,injury_report,covers+mygamesim,"mygamesim: Out; covers: Out - Lower Body - Damuni is out of commission due to a lower body injury, and he will miss an extended period."
rpt-byu-roger-saleapaga-202610041816,2026-10-04T18:16:40Z,2026-10-04,BYU,Roger Saleapaga II,questionable,injury_report,covers,"covers: Questionable - Undisclosed - Saleapaga is nursing an undisclosed injury, and it has yet to be established if he will play against Frogs on Friday, October 2nd."
rpt-byu-siale-esera-202610041816,2026-10-04T18:16:40Z,2026-10-04,BYU,Siale Esera,out,injury_report,covers+mygamesim,"mygamesim: Out; covers: Out - Undisclosed - Esera is sidelined due to an undisclosed injury, and is not expected to face the Frogs on Saturday."
rpt-byu-sione-moa-202610041816,2026-10-04T18:16:40Z,2026-10-04,BYU,Sione Moa,out,injury_report,covers+mygamesim,"mygamesim: Out; covers: Out - Undisclosed - Moa is dealing with an undisclosed injury, and there is no timetable for his return."
rpt-ball-state-corey-thompson-202610041816,2026-10-04T18:16:40Z,2026-10-04,Ball State,Corey Thompson Jr.,questionable,injury_report,covers,"covers: Questionable - Undisclosed - Thompson is dealing with an undisclosed injury, and it is unclear if he will play Saturday against the Northwestern"
rpt-ball-state-isaiah-thacker-202610041816,2026-10-04T18:16:40Z,2026-10-04,Ball State,Isaiah Thacker,out,injury_report,covers+mygamesim,"mygamesim: Out; covers: Out - Undisclosed - Thacker is dealing with an undisclosed injury, and there is no timetable for return."
rpt-ball-state-jalen-bonds-202610041816,2026-10-04T18:16:40Z,2026-10-04,Ball State,Jalen Bonds,questionable,injury_report,covers+mygamesim,"mygamesim: Questionable; covers: Questionable - Undisclosed - Bonds is dealing with an undisclosed injury, and it is unclear if he will play Saturday against the Northwestern"
rpt-ball-state-sean-ward-202610041816,2026-10-04T18:16:40Z,2026-10-04,Ball State,Sean Ward,out,injury_report,mygamesim,mygamesim: Out
rpt-baylor-ashton-jones-202610041816,2026-10-04T18:16:40Z,2026-10-04,Baylor,Ashton Jones,doubtful,injury_report,covers+mygamesim,"mygamesim: Out; covers: Questionable - Undisclosed - Jones is nursing an undisclosed injury, and it has yet to be determined if he will suit up against Arizona St. on Saturday, October 3rd."
rpt-baylor-jacob-redding-202610041816,2026-10-04T18:16:40Z,2026-10-04,Baylor,Jacob Redding,out,injury_report,mygamesim,mygamesim: Out
rpt-baylor-taz-williams-202610041816,2026-10-04T18:16:40Z,2026-10-04,Baylor,Taz Williams Jr.,out,injury_report,covers,"covers: Out - Collarbone - Williams who is dealing with a collarbone injury, and he will miss an extended period."
rpt-boise-state-cameron-bates-202610041816,2026-10-04T18:16:40Z,2026-10-04,Boise State,Cameron Bates,doubtful,injury_report,covers+mygamesim,"mygamesim: Out; covers: Questionable - Undisclosed - Bates is dealing with an undisclosed injury, and it has yet to be determined if he will play against Utah St. on Saturday."
rpt-boise-state-darren-morris-202610041816,2026-10-04T18:16:40Z,2026-10-04,Boise State,Darren Morris,out,injury_report,mygamesim,mygamesim: Out
rpt-boise-state-sire-gaines-202610041816,2026-10-04T18:16:40Z,2026-10-04,Boise State,Sire Gaines,questionable,injury_report,covers+mygamesim,"mygamesim: Probable; covers: Questionable - Upper Body - Gaines is dealing with a upper body injury, and it has yet to be determined if he will play against Utah St. on Saturday, October 3rd."
rpt-boston-college-bodie-kahoun-202610041816,2026-10-04T18:16:40Z,2026-10-04,Boston College,Bodie Kahoun,out,injury_report,mygamesim,mygamesim: Out
rpt-boston-college-cameron-martinez-202610041816,2026-10-04T18:16:40Z,2026-10-04,Boston College,Cameron Martinez,out,injury_report,mygamesim,mygamesim: Out
rpt-boston-college-chris-marable-202610041816,2026-10-04T18:16:40Z,2026-10-04,Boston College,Chris Marable Jr.,out,injury_report,mygamesim,mygamesim: Out
rpt-boston-college-kaelan-chudzinski-202610041816,2026-10-04T18:16:40Z,2026-10-04,Boston College,Kaelan Chudzinski,out,injury_report,mygamesim,mygamesim: Out
rpt-bowling-green-austin-clay-202610041816,2026-10-04T18:16:40Z,2026-10-04,Bowling Green,Austin Clay,out,injury_report,covers+mygamesim,"mygamesim: Out; covers: Out - Undisclosed - Clay is dealing with an undisclosed injury, and he has been shut down for the remainder of the season."
rpt-bowling-green-isaiah-dawson-202610041816,2026-10-04T18:16:40Z,2026-10-04,Bowling Green,Isaiah Dawson,doubtful,injury_report,covers+mygamesim,"mygamesim: Out; covers: Questionable - Undisclosed - Dawson is dealing with an undisclosed injury, and it is unknown if he will suit up against Sacramento State on Saturday, October 10th."
rpt-bowling-green-nick-sowell-202610041816,2026-10-04T18:16:40Z,2026-10-04,Bowling Green,Nick Sowell,out,injury_report,mygamesim,mygamesim: Out
rpt-buffalo-elijah-holmes-202610041816,2026-10-04T18:16:40Z,2026-10-04,Buffalo,Elijah Holmes,out,injury_report,covers+mygamesim,"mygamesim: Out; covers: Out - Knee - Holmes is nursing with an undisclosed injury, and he is not projected to face against Robert Morris on Saturday."
rpt-buffalo-jasaiah-gathings-202610041816,2026-10-04T18:16:40Z,2026-10-04,Buffalo,Jasaiah Gathings,out,injury_report,covers+mygamesim,"mygamesim: Out; covers: Out - Undisclosed - Gathings is dealing with an undisclosed injury, and it is yet to be established if he will suit up against Robert Morris on Saturday."
rpt-buffalo-terrance-shelton-202610041816,2026-10-04T18:16:40Z,2026-10-04,Buffalo,Terrance Shelton Jr.,out,injury_report,covers+mygamesim,"mygamesim: Out; covers: Out - Undisclosed - Shelton Jr. is nursing an undisclosed injury, and he is not projected to play against Western Michigan on Saturday."
rpt-california-adam-mohammed-202610041816,2026-10-04T18:16:40Z,2026-10-04,California,Adam Mohammed,questionable,injury_report,mygamesim,mygamesim: Questionable
rpt-california-jaron-keawe-sagapolutele-202610041816,2026-10-04T18:16:40Z,2026-10-04,California,Jaron-Keawe Sagapolutele,questionable,injury_report,mygamesim,mygamesim: Questionable
rpt-central-michigan-rusty-vanwetzinga-202610041816,2026-10-04T18:16:40Z,2026-10-04,Central Michigan,Rusty VanWetzinga IV,doubtful,injury_report,covers+mygamesim,"mygamesim: Out; covers: Questionable - Knee - VanWetzinga is dealing with an undisclosed injury, and it remains to be seen if he will be available against Ohio on Saturday, October 10th"
rpt-central-michigan-tommy-mcintosh-202610041816,2026-10-04T18:16:40Z,2026-10-04,Central Michigan,Tommy McIntosh,out,injury_report,mygamesim,mygamesim: Out
rpt-charlotte-conner-harrell-202610041816,2026-10-04T18:16:40Z,2026-10-04,Charlotte,Conner Harrell,out,injury_report,covers,"covers: Out - Undisclosed - Harrell is nursing an undisclosed injury, and he is not projected to play against Memphis on Saturday, October 3rd."
rpt-clemson-christopher-vizzina-202610041816,2026-10-04T18:16:40Z,2026-10-04,Clemson,Christopher Vizzina,questionable,injury_report,covers,"covers: Questionable - Elbow - Vizzina is dealing with an elbow injury, and it is uncertain if he will play against the Hurricanes on Saturday, October 3rd."
rpt-clemson-corian-gipson-202610041816,2026-10-04T18:16:40Z,2026-10-04,Clemson,Corian Gipson,out,injury_report,covers,"covers: Out - Undisclosed - Gipson is dealing with an Undisclosed injury, and it is unclear if he will play against California on Friday, September 25th."
rpt-coastal-carolina-colton-hinton-202610041816,2026-10-04T18:16:40Z,2026-10-04,Coastal Carolina,Colton Hinton,questionable,injury_report,covers+mygamesim,"mygamesim: Questionable; covers: Questionable - Undisclosed - Hinton is bothred by an undisclosed injury, and it is unknown if he will play Saturday versus the Southern Eagles."
rpt-colorado-danny-scudero-202610041816,2026-10-04T18:16:40Z,2026-10-04,Colorado,Danny Scudero,out,injury_report,covers+mygamesim,"mygamesim: Out; covers: Out - Undisclosed - Scudero is sidelined due to an undisclosed injury, and is not expected to face the Red Raiders on Saturday."
rpt-colorado-zach-atkins-202610041816,2026-10-04T18:16:40Z,2026-10-04,Colorado,Zach Atkins,out,injury_report,covers+mygamesim,"mygamesim: Out; covers: Out - Undisclosed - Atkins is sidelined due to an undisclosed injury, and is not expected to face the Red Raiders on Saturday."
rpt-colorado-state-hauss-hejny-202610041816,2026-10-04T18:16:40Z,2026-10-04,Colorado State,Hauss Hejny,questionable,injury_report,covers+mygamesim,"mygamesim: Questionable; covers: Questionable - Hamstring - Hejny is nursing an undisclosed injury, and he is not projected to play against Oregon State on Saturday"
rpt-delaware-brandon-rehmann-202610041816,2026-10-04T18:16:40Z,2026-10-04,Delaware,Brandon Rehmann,questionable,injury_report,covers,"covers: Questionable - Undisclosed - Rehmann is dealing with an undisclosed injury, and it is unclear whether he will play against Liberty on Friday, October 2th."
rpt-delaware-nick-minicucci-202610041816,2026-10-04T18:16:40Z,2026-10-04,Delaware,Nick Minicucci,doubtful,injury_report,covers+mygamesim,"mygamesim: Questionable; covers: Out - Leg - Minicucci is hampered by a leg injury, and it is not anticipated that he will suit up against Liberty on Friday, October 2nd."
rpt-duke-kendall-johnson-202610041816,2026-10-04T18:16:40Z,2026-10-04,Duke,Kendall Johnson,questionable,injury_report,mygamesim,mygamesim: Questionable
rpt-east-carolina-ashton-gray-202610041816,2026-10-04T18:16:40Z,2026-10-04,East Carolina,Ashton Gray,questionable,injury_report,covers+mygamesim,"mygamesim: Questionable; covers: Questionable - Undisclosed - Gray is bothred by an undisclosed injury, and it is unknown if he will play Saturday versus N.C. Central."
rpt-east-carolina-brock-spalding-202610041816,2026-10-04T18:16:40Z,2026-10-04,East Carolina,Brock Spalding,questionable,injury_report,covers+mygamesim,"mygamesim: Questionable; covers: Questionable - Undisclosed - Spalding is nursing with an undisclosed injury, and it is unclear if he will face Eagles on Saturday, September 26th."
rpt-east-carolina-jeremiah-melvin-202610041816,2026-10-04T18:16:40Z,2026-10-04,East Carolina,Jeremiah Melvin,doubtful,injury_report,covers+mygamesim,"mygamesim: Questionable; covers: Out - Back - Melvin is dealing with a back injury, and is not expected to face N.C. Central on Saturday."
rpt-east-carolina-landon-sides-202610041816,2026-10-04T18:16:40Z,2026-10-04,East Carolina,Landon Sides,questionable,injury_report,covers,"covers: Questionable - Undisclosed - Sides is dealing with an undisclosed injury, and it remains to be seen if he will suit up against Eagles on Saturday, September 26th."
rpt-eastern-michigan-nick-devereaux-202610041816,2026-10-04T18:16:40Z,2026-10-04,Eastern Michigan,Nick Devereaux,out,injury_report,covers+mygamesim,"mygamesim: Out; covers: Out - Undisclosed - Devereaux is laid up with an undisclosed injury, and he will miss an undetermined length of time."
rpt-florida-vernell-brown-202610041816,2026-10-04T18:16:40Z,2026-10-04,Florida,Vernell Brown III,out,injury_report,mygamesim,mygamesim: Out
rpt-florida-atlantic-brooks-johnson-202610041816,2026-10-04T18:16:40Z,2026-10-04,Florida Atlantic,Brooks Johnson,questionable,injury_report,mygamesim,mygamesim: Questionable
rpt-florida-international-kevin-schaeffer-202610041816,2026-10-04T18:16:40Z,2026-10-04,Florida International,Kevin Schaeffer,questionable,injury_report,covers+mygamesim,"mygamesim: Questionable; covers: Questionable - Undisclosed - Schaeffer is dealing with an undisclosed injury, and it remains to be seen if he will be available against New Mexico State on Wednesday, October 7th."
rpt-florida-international-kyle-mcneal-202610041816,2026-10-04T18:16:40Z,2026-10-04,Florida International,Kyle McNeal,questionable,injury_report,mygamesim,mygamesim: Questionable
rpt-florida-state-blake-nichelson-202610041816,2026-10-04T18:16:40Z,2026-10-04,Florida State,Blake Nichelson,out,injury_report,mygamesim,mygamesim: Out
rpt-florida-state-devin-carter-202610041816,2026-10-04T18:16:40Z,2026-10-04,Florida State,Devin Carter,out,injury_report,covers+mygamesim,"mygamesim: Out; covers: Out - Back - Carter is laid up with an undisclosed injury, and is not expected to play against the Cavaliers on Saturday."
rpt-florida-state-taeshaun-gelsey-202610041816,2026-10-04T18:16:40Z,2026-10-04,Florida State,Tae'Shaun Gelsey,questionable,injury_report,covers,"covers: Questionable - Undisclosed - Gelsey is dealing with an undisclosed injury, and it is uncertain if he will play against Louisville on Friday, October 9th."
rpt-fresno-state-harold-duvall-202610041816,2026-10-04T18:16:40Z,2026-10-04,Fresno State,Harold Duvall,questionable,injury_report,mygamesim,mygamesim: Questionable
rpt-fresno-state-rayshon-luke-202610041816,2026-10-04T18:16:40Z,2026-10-04,Fresno State,Rayshon Luke,questionable,injury_report,mygamesim,mygamesim: Questionable
rpt-georgia-amaris-williams-202610041816,2026-10-04T18:16:40Z,2026-10-04,Georgia,Amaris Williams,out,injury_report,mygamesim,mygamesim: Out
rpt-georgia-isiah-canion-202610041816,2026-10-04T18:16:40Z,2026-10-04,Georgia,Isiah Canion,doubtful,injury_report,covers+mygamesim,"mygamesim: Out; covers: Questionable - Leg - Conan is dealing with a leg injury, and it is unclear if he will face Alabama on Saturday, October 10th."
rpt-georgia-nate-frazier-202610041816,2026-10-04T18:16:40Z,2026-10-04,Georgia,Nate Frazier,questionable,injury_report,mygamesim,mygamesim: Questionable
rpt-georgia-southern-terrance-gibbs-202610041816,2026-10-04T18:16:40Z,2026-10-04,Georgia Southern,Terrance Gibbs,questionable,injury_report,covers+mygamesim,"mygamesim: Out; covers: Probable - Undisclosed - Gibbs is managing with an undisclosed injury , but it is expected to play against Coastal Carolina on Saturday."
rpt-georgia-tech-a-j-hoffler-202610041816,2026-10-04T18:16:40Z,2026-10-04,Georgia Tech,A.J. Hoffler,out,injury_report,covers+mygamesim,"mygamesim: Out; covers: Out - Undisclosed - Hoffler is sidelined due to an undisclosed injury, and is not expected to face the Stanford on Saturday."
rpt-georgia-tech-ethan-mackenny-202610041816,2026-10-04T18:16:40Z,2026-10-04,Georgia Tech,Ethan Mackenny,out,injury_report,covers+mygamesim,"mygamesim: Out; covers: Out - Undisclosed - MacKenny is sidelined due to an undisclosed injury, and is not expected to play against the Stanford on Saturday."
rpt-georgia-tech-jaylen-mbakwe-202610041816,2026-10-04T18:16:40Z,2026-10-04,Georgia Tech,Jaylen Mbakwe,out,injury_report,mygamesim,mygamesim: Out
rpt-georgia-tech-jordan-walker-202610041816,2026-10-04T18:16:40Z,2026-10-04,Georgia Tech,Jordan Walker,out,injury_report,covers+mygamesim,"mygamesim: Out; covers: Out - Undisclosed - Walker is sidelined due to an undisclosed injury, and is not expected to be active against the Stanford on Saturday."
rpt-georgia-tech-kealan-jones-202610041816,2026-10-04T18:16:40Z,2026-10-04,Georgia Tech,Kealan Jones,out,injury_report,mygamesim,mygamesim: Out
rpt-georgia-tech-kyle-efford-202610041816,2026-10-04T18:16:40Z,2026-10-04,Georgia Tech,Kyle Efford,out,injury_report,mygamesim,mygamesim: Out
rpt-georgia-tech-malachi-hosley-202610041816,2026-10-04T18:16:40Z,2026-10-04,Georgia Tech,Malachi Hosley,questionable,injury_report,covers+mygamesim,"mygamesim: Questionable; covers: Questionable - Undisclosed - Richardson is battling with a Undisclosed injury, and it has yet to be determined if he will be active against the Stanford on Saturday."
rpt-georgia-tech-savion-riley-202610041816,2026-10-04T18:16:40Z,2026-10-04,Georgia Tech,Savion Riley,out,injury_report,covers+mygamesim,"mygamesim: Out; covers: Out - Undisclosed - Riley has been out of the lineup due to an undisclosed injury, and is not expected to be available against the Stanford on Saturday."
rpt-hawaii-micah-alejado-202610041816,2026-10-04T18:16:40Z,2026-10-04,Hawai'i,Micah Alejado,questionable,injury_report,covers,"covers: Questionable - Arm - Alejado is nursing a arm injury, and it is uncertain if he will kit up against Wyoming on Saturday, September 26th."
rpt-hawaii-oakie-salavea-202610041816,2026-10-04T18:16:40Z,2026-10-04,Hawai'i,Oakie Salave'a,questionable,injury_report,covers,"covers: Questionable - Undisclosed - Salave'a sat out the game due to an undisclosed injury, and it is uncertain if he will kit up against Wyoming on Saturday, September 26th."
rpt-hawaii-tre-griffiths-202610041816,2026-10-04T18:16:40Z,2026-10-04,Hawai'i,Tre' Griffiths,questionable,injury_report,covers+mygamesim+rotowire,mygamesim: Questionable; covers: Questionable - Undisclosed - Griffiths is dealing with an undisclosed injury and it is unclear if he will play Saturday against the San Jose State; rotowire: Questionable - Return Oct 10th
rpt-houston-muizz-tounkara-202610041816,2026-10-04T18:16:40Z,2026-10-04,Houston,Muizz Tounkara,out,injury_report,covers,"covers: Out - Foot - Tounkara is nursing with a foot injury, and team officials have yet to provide an exact return date."
rpt-illinois-alex-perry-202610041816,2026-10-04T18:16:40Z,2026-10-04,Illinois,Alex Perry,out,injury_report,covers+mygamesim,"mygamesim: Out; covers: Out - Shoulder - Perry is batting with a shoulder injury and will undergo surgery, and team officials have yet to provide an exact return date."
rpt-illinois-calil-valentine-202610041816,2026-10-04T18:16:40Z,2026-10-04,Illinois,Ca'Lil Valentine,out,injury_report,mygamesim,mygamesim: Out
rpt-illinois-champ-smith-202610041816,2026-10-04T18:16:40Z,2026-10-04,Illinois,Champ Smith,out,injury_report,mygamesim,mygamesim: Out
rpt-illinois-jayshon-platt-202610041816,2026-10-04T18:16:40Z,2026-10-04,Illinois,Jayshon Platt,doubtful,injury_report,covers+mygamesim,"mygamesim: Out; covers: Questionable - Undisclosed - Platt is managing with an undisclosed injury, and it is unknown if he will partake against Michigan State on Sunday, October 11th."
rpt-illinois-kaden-feagin-202610041816,2026-10-04T18:16:40Z,2026-10-04,Illinois,Kaden Feagin,doubtful,injury_report,covers+mygamesim,"mygamesim: Out; covers: Questionable - Undisclosed - Feagin is dealing with an undisclosed injury, and it remains to be seen if he will suit up against Michigan State on Sunday."
rpt-indiana-a-j-harris-202610041816,2026-10-04T18:16:40Z,2026-10-04,Indiana,A.J. Harris,out,injury_report,mygamesim,mygamesim: Out
rpt-indiana-khobie-martin-202610041816,2026-10-04T18:16:40Z,2026-10-04,Indiana,Khobie Martin,out,injury_report,mygamesim,mygamesim: Out
rpt-indiana-lebron-bond-202610041816,2026-10-04T18:16:40Z,2026-10-04,Indiana,Lebron Bond,out,injury_report,covers+mygamesim,"mygamesim: Out; covers: Out - Undisclosed - Bond is nursing an undisclosed injury, and he is not projected to play against W. Kentucky on Saturday, September 19th."
rpt-iowa-hank-brown-202610041816,2026-10-04T18:16:40Z,2026-10-04,Iowa,Hank Brown,questionable,injury_report,mygamesim,mygamesim: Questionable
rpt-iowa-state-caden-crawford-202610041816,2026-10-04T18:16:40Z,2026-10-04,Iowa State,Caden Crawford,out,injury_report,covers+mygamesim,"mygamesim: Out; covers: Out - Undisclosed - Crawford is sidelined due to an undisclosed injury, and is not expected to face the West Virginia on Saturday."
rpt-iowa-state-carter-pabst-202610041816,2026-10-04T18:16:40Z,2026-10-04,Iowa State,Carter Pabst,out,injury_report,covers+mygamesim,"mygamesim: Out; covers: Out - Knee - Pabst is sidelined due to knee injury, and he is expected to miss the remainder of the season."
rpt-iowa-state-evan-boyd-202610041816,2026-10-04T18:16:40Z,2026-10-04,Iowa State,Evan Boyd,out,injury_report,mygamesim,mygamesim: Out
rpt-iowa-state-jaheim-singletary-202610041816,2026-10-04T18:16:40Z,2026-10-04,Iowa State,Jaheim Singletary,out,injury_report,covers,"covers: Out - Undisclosed - Singletary is nursing with an undisclosed injury, and he will miss an undetermined length of time."
rpt-iowa-state-jordyn-bailey-202610041816,2026-10-04T18:16:40Z,2026-10-04,Iowa State,Jordyn Bailey,out,injury_report,covers,"covers: Out - Undisclosed - Bailey is dealing with an undisclosed injury, and it is unclear when he will return."
rpt-jacksonville-state-andrew-paul-202610041816,2026-10-04T18:16:40Z,2026-10-04,Jacksonville State,Andrew Paul,questionable,injury_report,covers+mygamesim,"mygamesim: Questionable; covers: Questionable - Undisclosed - Paul is battling with an undisclosed injury, and it remains to be seen if he will be available against Kennesaw State on Wednesday, October 7th."
rpt-jacksonville-state-franklin-baret-202610041816,2026-10-04T18:16:40Z,2026-10-04,Jacksonville State,Franklin Baret Jr.,questionable,injury_report,covers+mygamesim,"mygamesim: Questionable; covers: Questionable - Undisclosed - Baret Jr has been out of the lineup due to undisclosed injury, and it is uncertain if he will play against Kennesaw State on Wednesday, October 7th."
rpt-jacksonville-state-gabe-glover-202610041816,2026-10-04T18:16:40Z,2026-10-04,Jacksonville State,Gabe Glover,questionable,injury_report,mygamesim,mygamesim: Questionable
rpt-james-madison-jc-evans-202610041816,2026-10-04T18:16:40Z,2026-10-04,James Madison,JC Evans,doubtful,injury_report,covers+mygamesim,"mygamesim: Out; covers: Questionable - Wrist - Evans is dealing with a wrist injury, and it remains to be seen if he will be active against Georgia Southern on Saturday, October 11th."
rpt-james-madison-zaron-collins-202610041816,2026-10-04T18:16:40Z,2026-10-04,James Madison,Za'Ron Collins,doubtful,injury_report,covers+mygamesim,"mygamesim: Out; covers: Questionable - Undisclosed - Collins is dealing with an undisclosed injury, and it remains to be seen if he will be active against Georgia Southern on Saturday."
rpt-kansas-carson-bruhn-202610041816,2026-10-04T18:16:40Z,2026-10-04,Kansas,Carson Bruhn,questionable,injury_report,covers+mygamesim,"mygamesim: Questionable; covers: Questionable - Undisclosed - Bruhn is battling an undisclosed injury, and it is yet to be determined if he will be available against Utah Utes on Saturday, October 10rd."
rpt-kansas-cole-ballard-202610041816,2026-10-04T18:16:40Z,2026-10-04,Kansas,Cole Ballard,out,injury_report,covers+mygamesim,"mygamesim: Out; covers: Out - Shoulder - Ballard is dealing with a shoulder injury, and there is no timetable for return."
rpt-kansas-yasin-willis-202610041816,2026-10-04T18:16:40Z,2026-10-04,Kansas,Yasin Willis,out,injury_report,covers+mygamesim,"mygamesim: Out; covers: Out - Foot - Willis has been out of the lineup with an foot injury, and he is expected to miss the remainder of the season."
rpt-kansas-state-jacob-knuth-202610041816,2026-10-04T18:16:40Z,2026-10-04,Kansas State,Jacob Knuth,questionable,injury_report,covers,"covers: Questionable - Undisclosed - Knuth is dealing with an undisclosed injury, and it is unclear if he will play against Houston Saturday, October 10th."
rpt-kansas-state-john-pastore-202610041816,2026-10-04T18:16:40Z,2026-10-04,Kansas State,John Pastore,out,injury_report,covers+mygamesim,mygamesim: Out; covers: Out - Leg - Pastore has been shut down for the remainder of the season with a lower leg injury.
rpt-kennesaw-state-gerard-bullock-202610041816,2026-10-04T18:16:40Z,2026-10-04,Kennesaw State,Gerard Bullock Jr.,questionable,injury_report,covers+mygamesim,"mygamesim: Questionable; covers: Questionable - Undisclosed - Bullock Jr. is nursing with an undisclosed injury, and it remains to be seen if he will be active against Jax State on Wednesday, October 7th."
rpt-kennesaw-state-zion-booker-202610041816,2026-10-04T18:16:40Z,2026-10-04,Kennesaw State,Zion Booker,questionable,injury_report,mygamesim,mygamesim: Questionable
rpt-kent-state-maurice-stephens-202610041816,2026-10-04T18:16:40Z,2026-10-04,Kent State,Maurice Stephens,questionable,injury_report,covers,"covers: Questionable - Undisclosed - Stephens is bothered by an undisclosed injury, and it remains to be seen if he will be active against Western Michigan on Saturday, October 10th."
rpt-kentucky-dj-miller-202610041816,2026-10-04T18:16:40Z,2026-10-04,Kentucky,DJ Miller,out,injury_report,covers+mygamesim,"mygamesim: Out; covers: Out - Leg - Miller has been out of the lineup due to a leg injury, and he will be not available against Gamecocks on Saturday."
rpt-lsu-dashawn-spears-202610041816,2026-10-04T18:16:40Z,2026-10-04,LSU,Dashawn Spears,out,injury_report,covers+mygamesim,"mygamesim: Out; covers: Out - Knee - Spears has been sidelined due to a torn ACL, and he is likely to miss the remainder of the season."
rpt-lsu-jordan-ross-202610041816,2026-10-04T18:16:40Z,2026-10-04,LSU,Jordan Ross,out,injury_report,mygamesim,mygamesim: Out
rpt-lsu-tj-dottery-202610041816,2026-10-04T18:16:40Z,2026-10-04,LSU,TJ Dottery,questionable,injury_report,covers,"covers: Questionable - Undisclosed - Dottery is managing with an undisclosed injury, and it is unclear whether he will play against McNeese on Saturday, October 3th."
rpt-lsu-treydez-green-202610041816,2026-10-04T18:16:40Z,2026-10-04,LSU,Trey'Dez Green,out,injury_report,mygamesim,mygamesim: Out
rpt-lsu-whit-weeks-202610041816,2026-10-04T18:16:40Z,2026-10-04,LSU,Whit Weeks,out,injury_report,mygamesim,mygamesim: Out
rpt-liberty-caleb-ryan-202610041816,2026-10-04T18:16:40Z,2026-10-04,Liberty,Caleb Ryan,questionable,injury_report,covers,"covers: Questionable - Undisclosed - Ryan is nursing an undisclosed injury, and it is unknown if he will play against Sam Houston on Thursday, October 8th."
rpt-liberty-jiquavious-marshall-202610041816,2026-10-04T18:16:40Z,2026-10-04,Liberty,Jiquavious Marshall,questionable,injury_report,covers+mygamesim,"mygamesim: Questionable; covers: Questionable - Leg - Marshall is hampered by leg injury, and it has yet to be determined if he will face the Sam Houston on Thursday, October 8th."
rpt-louisiana-shelton-sampson-202610041816,2026-10-04T18:16:40Z,2026-10-04,Louisiana,Shelton Sampson Jr.,questionable,injury_report,covers,"covers: Questionable - Knee - Sampson Jr. is nursing with a knee injury, and it has yet to be determined if he will be available against Arkansas State on Saturday, October 3th."
rpt-louisiana-tech-blake-baker-202610041816,2026-10-04T18:16:40Z,2026-10-04,Louisiana Tech,Blake Baker,out,injury_report,covers,"covers: Out - Hand - Baker fractured his hand, and he will miss an undetermined length of time."
rpt-louisiana-tech-trey-kukuk-202610041816,2026-10-04T18:16:40Z,2026-10-04,Louisiana Tech,Trey Kukuk,questionable,injury_report,mygamesim,mygamesim: Questionable
rpt-louisville-antonio-watts-202610041816,2026-10-04T18:16:40Z,2026-10-04,Louisville,Antonio Watts,out,injury_report,covers+mygamesim,"mygamesim: Out; covers: Out - Knee - Watts has been out of commission due to a knee injury, and it is anticipated that he will miss the remainder of the season."
rpt-louisville-anwar-oneal-202610041816,2026-10-04T18:16:40Z,2026-10-04,Louisville,Anwar O'neal,questionable,injury_report,covers,"covers: Questionable - Undisclosed - O'Neal is dealing with an undisclosed injury, and it remains to be seen if he will suit up against SMU on Saturday, September 19th."
rpt-louisville-koen-entringer-202610041816,2026-10-04T18:16:40Z,2026-10-04,Louisville,Koen Entringer,questionable,injury_report,mygamesim,mygamesim: Questionable
rpt-louisville-lawayne-mccoy-202610041816,2026-10-04T18:16:40Z,2026-10-04,Louisville,Lawayne McCoy,questionable,injury_report,covers,"covers: Questionable - Undisclosed - McCoy is dealing with an undisclosed injury, and it remains to be seen if he will suit up against North Carolina State on Saturday."
rpt-louisville-lincoln-kienholz-202610041816,2026-10-04T18:16:40Z,2026-10-04,Louisville,Lincoln Kienholz,questionable,injury_report,covers,"covers: Questionable - Lower Body - Kienholz is dealing with a lower body injury, and it remains to be seen if he will suit up against North Carolina State on Saturday."
rpt-marshall-adrian-norton-202610041816,2026-10-04T18:16:40Z,2026-10-04,Marshall,Adrian Norton,questionable,injury_report,covers,"covers: Questionable - Undisclosed - Norton is battling with an undisclsoed injury, and it is unclear whether he will play against Coastal Carolina on Sunday."
rpt-maryland-dejuan-williams-202610041816,2026-10-04T18:16:40Z,2026-10-04,Maryland,DeJuan Williams,out,injury_report,mygamesim,mygamesim: Out
rpt-maryland-harry-dalton-202610041816,2026-10-04T18:16:40Z,2026-10-04,Maryland,Harry Dalton III,out,injury_report,mygamesim,mygamesim: Out
rpt-maryland-lavon-johnson-202610041816,2026-10-04T18:16:40Z,2026-10-04,Maryland,Lavon Johnson,out,injury_report,covers+mygamesim,"mygamesim: Out; covers: Out - Undisclosed - Johnson is dealing with an undisclosed injury, and is not expected to be available on Saturday against UCLA."
rpt-maryland-preston-howard-202610041816,2026-10-04T18:16:40Z,2026-10-04,Maryland,Preston Howard,doubtful,injury_report,covers+mygamesim,"mygamesim: Out; covers: Questionable - Undisclosed - Howard is dealing with an undisclosed injury, and it is unclear whether he will face against Nebraska on Saturday."
rpt-maryland-trey-reddick-202610041816,2026-10-04T18:16:40Z,2026-10-04,Maryland,Trey Reddick,doubtful,injury_report,mygamesim,mygamesim: Doubtful
rpt-maryland-zahir-mathis-202610041816,2026-10-04T18:16:40Z,2026-10-04,Maryland,Zahir Mathis,out,injury_report,covers+mygamesim,"mygamesim: Out; covers: Out - Leg - Mathis is battling with a leg injury, and he will be idle for the remainder of the season."
rpt-massachusetts-jordan-washington-202610041816,2026-10-04T18:16:40Z,2026-10-04,Massachusetts,Jordan Washington,out,injury_report,covers+mygamesim,"mygamesim: Out; covers: Out - Undisclosed - Washington is dealing with an undisclosed injury, and is left out of Saturday's game against Eastern Michigan."
rpt-massachusetts-joseph-griffin-202610041816,2026-10-04T18:16:40Z,2026-10-04,Massachusetts,Joseph Griffin Jr.,questionable,injury_report,covers+mygamesim,"mygamesim: Questionable; covers: Questionable - Undisclosed - Griffin is dealing with an undisclosed injury, and it remains to be seen if he will be available against E. Michigan on Saturday, October 3rd."
rpt-miami-charmar-brown-202610041816,2026-10-04T18:16:40Z,2026-10-04,Miami,CharMar Brown,out,injury_report,covers+mygamesim,"mygamesim: Out; covers: Out - Lower Body - Brown is dealing with a lower body injury, and he has been shut down for the remainder of the season."
rpt-miami-joshua-moore-202610041816,2026-10-04T18:16:40Z,2026-10-04,Miami,Joshua Moore,out,injury_report,covers+mygamesim,"mygamesim: Out; covers: Out - Upper Body - Moore is battling with an upper body injury, and he will be idle for the remainder of the season."
rpt-miami-luka-gilbert-202610041816,2026-10-04T18:16:40Z,2026-10-04,Miami,Luka Gilbert,out,injury_report,covers+mygamesim,"mygamesim: Out; covers: Out - Undisclosed - Gilbert has been out of commission due to an undisclosed injury, and he will be idle for the remainder of the season"
rpt-miami-mark-fletcher-202610041816,2026-10-04T18:16:40Z,2026-10-04,Miami,Mark Fletcher Jr.,questionable,injury_report,covers,"covers: Questionable - Upper Body - Fletcher Jr is hampered by upper body injury, and it has yet to be established if he will be active against Clemson on Saturday, October 3th."
rpt-miami-romanas-frederique-202610041816,2026-10-04T18:16:40Z,2026-10-04,Miami,Romanas Frederique Jr.,out,injury_report,mygamesim,mygamesim: Out
rpt-miami-xavier-lucas-202610041816,2026-10-04T18:16:40Z,2026-10-04,Miami,Xavier Lucas,out,injury_report,mygamesim,mygamesim: Out
rpt-miami-oh-brady-simmons-202610041816,2026-10-04T18:16:40Z,2026-10-04,Miami (OH),Brady Simmons,out,injury_report,mygamesim,mygamesim: Out
rpt-miami-oh-christian-ross-202610041816,2026-10-04T18:16:40Z,2026-10-04,Miami (OH),Christian Ross,out,injury_report,covers+mygamesim,"mygamesim: Out; covers: Out - Undisclosed - Ross is nursing with an undisclosed injury, and he is not projected to face against the the Bowling Green on Saturday."
rpt-miami-oh-david-mccomb-202610041816,2026-10-04T18:16:40Z,2026-10-04,Miami (OH),David McComb,out,injury_report,covers+mygamesim,"mygamesim: Out; covers: Out - Upper Body - McComb is nursing an upper body injury, and he is not expected to be active against Bowling Green on Saturday, October 3rd."
rpt-miami-oh-keith-reynolds-202610041816,2026-10-04T18:16:40Z,2026-10-04,Miami (OH),Keith Reynolds,out,injury_report,covers+mygamesim,"mygamesim: Out; covers: Out - Undisclosed - Reynolds has been sidelined due to an undisclosed injury, and has been shut down for the remainder of the season."
rpt-miami-oh-thomas-gotkowski-202610041816,2026-10-04T18:16:40Z,2026-10-04,Miami (OH),Thomas Gotkowski,out,injury_report,covers+mygamesim,"mygamesim: Out; covers: Out - Undisclosed - Gotkowski is battling with an undisclosed injury, and he will be idle for the remainder of the season."
rpt-michigan-andrew-babalola-202610041816,2026-10-04T18:16:40Z,2026-10-04,Michigan,Andrew Babalola,out,injury_report,mygamesim,mygamesim: Out
rpt-michigan-andrew-sprague-202610041816,2026-10-04T18:16:40Z,2026-10-04,Michigan,Andrew Sprague,out,injury_report,covers+mygamesim,"mygamesim: Out; covers: Out - Undisclosed - Sprague is sidelined due to an undisclosed injury, and is not expected to play against the Hawkeyes on Saturday."
rpt-michigan-john-henry-daley-202610041816,2026-10-04T18:16:40Z,2026-10-04,Michigan,John Henry Daley,questionable,injury_report,covers+mygamesim,"mygamesim: Questionable; covers: Questionable - Lower Body - Daley is dealing with a lower body injury, and it is unclear if he will suit up against the Minnesota on Tuesday."
rpt-michigan-state-cam-edwards-202610041816,2026-10-04T18:16:40Z,2026-10-04,Michigan State,Cam Edwards,doubtful,injury_report,covers+mygamesim,"mygamesim: Out; covers: Questionable - Knee - Edwards exited the game with a knee injury, and it remains to be seen if he will be available against the Illinois on Sunday, October 11th."
rpt-michigan-state-cam-fancher-202610041816,2026-10-04T18:16:40Z,2026-10-04,Michigan State,Cam Fancher,questionable,injury_report,covers+mygamesim,"mygamesim: Questionable; covers: Questionable - Knee - Fancher exited the game with a knee injury, and it remains to be seen if he will be available against the Kent State on Sunday, October 11th."
rpt-michigan-state-jay-coyne-202610041816,2026-10-04T18:16:40Z,2026-10-04,Michigan State,Jay Coyne,out,injury_report,mygamesim,mygamesim: Out
rpt-michigan-state-jordan-hall-202610041816,2026-10-04T18:16:40Z,2026-10-04,Michigan State,Jordan Hall,out,injury_report,mygamesim,mygamesim: Out
rpt-middle-tennessee-landon-collins-202610041816,2026-10-04T18:16:40Z,2026-10-04,Middle Tennessee,Landon Collins,questionable,injury_report,mygamesim,mygamesim: Questionable
rpt-minnesota-a-j-turner-202610041816,2026-10-04T18:16:40Z,2026-10-04,Minnesota,A.J. Turner,questionable,injury_report,covers,"covers: Questionable - Undisclosed - Turner is nursing with an undisclosed injury, and it is unclear if he will play Saturday against the Purdue"
rpt-minnesota-ashton-beers-202610041816,2026-10-04T18:16:40Z,2026-10-04,Minnesota,Ashton Beers,out,injury_report,mygamesim,mygamesim: Out
rpt-mississippi-state-ayden-williams-202610041816,2026-10-04T18:16:40Z,2026-10-04,Mississippi State,Ayden Williams,out,injury_report,mygamesim,mygamesim: Out
rpt-mississippi-state-fluff-bothwell-202610041816,2026-10-04T18:16:40Z,2026-10-04,Mississippi State,Fluff Bothwell,questionable,injury_report,mygamesim,mygamesim: Questionable
rpt-mississippi-state-kamario-taylor-202610041816,2026-10-04T18:16:40Z,2026-10-04,Mississippi State,Kamario Taylor,questionable,injury_report,mygamesim,mygamesim: Questionable
rpt-mississippi-state-trevion-williams-202610041816,2026-10-04T18:16:40Z,2026-10-04,Mississippi State,Trevion Williams,out,injury_report,covers+mygamesim,"mygamesim: Out; covers: Out - Leg - Williams is sidelined due to Leg injury, and he is expected to miss the remainder of the season."
rpt-mississippi-state-zakari-tillman-202610041816,2026-10-04T18:16:40Z,2026-10-04,Mississippi State,Zakari Tillman,out,injury_report,mygamesim,mygamesim: Out
rpt-missouri-ahmad-hardy-202610041816,2026-10-04T18:16:40Z,2026-10-04,Missouri,Ahmad Hardy,out,injury_report,covers+mygamesim,"mygamesim: Out; covers: Out - Leg - Hardy is dealing with a leg injury, and and a timetable for return has yet to be established."
rpt-missouri-cayden-green-202610041816,2026-10-04T18:16:40Z,2026-10-04,Missouri,Cayden Green,out,injury_report,covers,"covers: Out - Undisclosed - Green is dealing with an undisclosed injury, and there is no timetable for his return."
rpt-missouri-darris-smith-202610041816,2026-10-04T18:16:40Z,2026-10-04,Missouri,Darris Smith,out,injury_report,covers+mygamesim,"mygamesim: Out; covers: Out - Undisclosed - Smith is dealing with an undisclosed injury, and he is not projected to play against the Gators on Saturday, October 3rd."
rpt-missouri-langden-kitchen-202610041816,2026-10-04T18:16:40Z,2026-10-04,Missouri,Langden Kitchen,out,injury_report,covers+mygamesim,"mygamesim: Out; covers: Out - Undisclosed - Kitchen is hobbled by an undisclosed injury, and he is unlikely to suit up against the Gators on Saturday, October 3rd ."
rpt-missouri-state-jmariyae-robinson-202610041816,2026-10-04T18:16:40Z,2026-10-04,Missouri State,Jmariyae Robinson,questionable,injury_report,mygamesim,mygamesim: Questionable
rpt-missouri-state-makai-cope-202610041816,2026-10-04T18:16:40Z,2026-10-04,Missouri State,Makai Cope,questionable,injury_report,covers,"covers: Questionable - Undisclosed - Cope is nursing with an undisclosed injury, and it is unclear if he will face Mustangs on Saturday, September 26th."
rpt-nc-state-duke-scott-202610041816,2026-10-04T18:16:40Z,2026-10-04,NC State,Duke Scott,questionable,injury_report,mygamesim,mygamesim: Questionable
rpt-nc-state-jojo-trader-202610041816,2026-10-04T18:16:40Z,2026-10-04,NC State,JoJo Trader,questionable,injury_report,mygamesim,mygamesim: Questionable
rpt-nc-state-tyreek-copper-202610041816,2026-10-04T18:16:40Z,2026-10-04,NC State,Tyreek Copper,questionable,injury_report,covers+mygamesim,"mygamesim: Questionable; covers: Questionable - Undisclosed - Copper is bothered by a undisclosed injury, and it has yet to be established if he will play against Louisville on Saturday, October 3th."
rpt-nc-state-vander-ploog-202610041816,2026-10-04T18:16:40Z,2026-10-04,NC State,Vander Ploog,questionable,injury_report,mygamesim,mygamesim: Questionable
rpt-nebraska-carter-nelson-202610041816,2026-10-04T18:16:40Z,2026-10-04,Nebraska,Carter Nelson,doubtful,injury_report,covers+mygamesim,"mygamesim: Out; covers: Questionable - Leg - Nelson is dealing with an undisclosed injury, but he is expected to play Saturday against the Indiana."
rpt-new-mexico-jack-layne-202610041816,2026-10-04T18:16:40Z,2026-10-04,New Mexico,Jack Layne,out,injury_report,covers+mygamesim,"mygamesim: Out; covers: Out - Elbow - Layne is laid up with an elbow injury, and he will miss an undetermined length of time."
rpt-new-mexico-massiah-mingo-202610041816,2026-10-04T18:16:40Z,2026-10-04,New Mexico,Massiah Mingo,out,injury_report,covers,"covers: Out - Foot - Mingo is nursing with a foot injury, and he is not projected to face against the Aggies on Saturday."
rpt-new-mexico-miles-williams-202610041816,2026-10-04T18:16:40Z,2026-10-04,New Mexico,Miles Williams,out,injury_report,mygamesim,mygamesim: Out
rpt-new-mexico-shawn-miller-202610041816,2026-10-04T18:16:40Z,2026-10-04,New Mexico,Shawn Miller,out,injury_report,covers+mygamesim,"mygamesim: Out; covers: Out - Undisclosed - Miller is dealing with an undisclosed injury, and there is no timetable for recovery."
rpt-new-mexico-troy-omeire-202610041816,2026-10-04T18:16:40Z,2026-10-04,New Mexico,Troy Omeire,out,injury_report,covers+mygamesim,"mygamesim: Out; covers: Out - Undisclosed - Omeire is laid up with an undisclosed injury, and he will miss an undetermined length of time."
rpt-north-carolina-jaxxon-warren-202610041816,2026-10-04T18:16:40Z,2026-10-04,North Carolina,Jaxxon Warren,doubtful,injury_report,covers+mygamesim,"mygamesim: Out; covers: Out - Undisclosed - Warren is managing with an undisclosed injury, and he will miss an undetermined length of time."
rpt-north-dakota-state-dj-scott-202610041816,2026-10-04T18:16:40Z,2026-10-04,North Dakota State,DJ Scott,out,injury_report,covers,"covers: Out - Foot - is nursing with a Foot injury, and he is not projected to play against Louisville on Saturday"
rpt-north-dakota-state-myles-mitchell-202610041816,2026-10-04T18:16:40Z,2026-10-04,North Dakota State,Myles Mitchell,questionable,injury_report,covers,"covers: Questionable - Undisclosed - Mitchell is dealing with an undisclosed injury, and it is unclear if he will play Saturday against Rebels, 10th October."
rpt-north-dakota-state-najee-nelson-202610041816,2026-10-04T18:16:40Z,2026-10-04,North Dakota State,Najee Nelson,questionable,injury_report,covers,"covers: Questionable - Undisclosed - Nelson is managing with an undisclosed injury, and it is yet to established if he will face the Rebels on Saturday, October 10th."
rpt-north-texas-brendon-haygood-202610041816,2026-10-04T18:16:40Z,2026-10-04,North Texas,Brendon Haygood,questionable,injury_report,covers+mygamesim,"mygamesim: Questionable; covers: Questionable - Undisclosed - Haygood is dealing with an undisclosed injury, and it remains to be seen if he will be active against 49ers on Saturday, October 10th."
rpt-north-texas-james-tyre-202610041816,2026-10-04T18:16:40Z,2026-10-04,North Texas,James Tyre,questionable,injury_report,covers+mygamesim,"mygamesim: Questionable; covers: Questionable - Undisclosed - Tyre is dealing with an undisclosed injury, and it remains to be seen if he will be active against 49ers on Saturday, October 10th."
rpt-northwestern-braden-turner-202610041816,2026-10-04T18:16:40Z,2026-10-04,Northwestern,Braden Turner,out,injury_report,covers+mygamesim,"mygamesim: Out; covers: Out - Undisclosed - Turner is bothered by a Undisclosed injury, and is not expected to be active against the Indiana on Friday."
rpt-northwestern-damon-walters-202610041816,2026-10-04T18:16:40Z,2026-10-04,Northwestern,Damon Walters,doubtful,injury_report,mygamesim,mygamesim: Doubtful
rpt-northwestern-josh-fussell-202610041816,2026-10-04T18:16:40Z,2026-10-04,Northwestern,Josh Fussell,out,injury_report,covers+mygamesim,"mygamesim: Out; covers: Out - Undisclosed - Fussell is dealing with an undisclosed injury, and there is no timetable for recovery."
rpt-northwestern-luke-dehnicke-202610041816,2026-10-04T18:16:40Z,2026-10-04,Northwestern,Luke Dehnicke,out,injury_report,covers+mygamesim,"mygamesim: Out; covers: Out - Undisclosed - Dehnicke is dealing with an undisclosed injury, and he is not projected to play against Penn State on Friday, October 2nd."
rpt-notre-dame-blake-hebert-202610041816,2026-10-04T18:16:40Z,2026-10-04,Notre Dame,Blake Hebert,questionable,injury_report,covers,"covers: Questionable - Undisclosed - Hebert is bothered by an undisclosed injury, and it remains to be seen if he will be active against Stanford on Saturday, October 10th."
rpt-notre-dame-brauntae-johnson-202610041816,2026-10-04T18:16:40Z,2026-10-04,Notre Dame,Brauntae Johnson,out,injury_report,mygamesim,mygamesim: Out
rpt-notre-dame-jason-onye-202610041816,2026-10-04T18:16:40Z,2026-10-04,Notre Dame,Jason Onye,out,injury_report,mygamesim,mygamesim: Out
rpt-ohio-nick-poulos-202610041816,2026-10-04T18:16:40Z,2026-10-04,Ohio,Nick Poulos,doubtful,injury_report,covers+mygamesim,"mygamesim: Doubtful; covers: Questionable - Undisclosed - Poulos is nursing an undisclosed injury, and it is uncertain if he will face Central Michigan on Saturday, October 10th."
rpt-ohio-state-kyle-parker-202610041816,2026-10-04T18:16:40Z,2026-10-04,Ohio State,Kyle Parker,questionable,injury_report,covers,"covers: Questionable - Undisclosed - Parker is nursing with an undisclosed injury, and it is unclear if he will play against Iowa on Saturday, October 3rd."
rpt-ohio-state-phillip-daniels-202610041816,2026-10-04T18:16:40Z,2026-10-04,Ohio State,Phillip Daniels,out,injury_report,mygamesim,mygamesim: Out
rpt-oklahoma-david-stone-202610041816,2026-10-04T18:16:40Z,2026-10-04,Oklahoma,David Stone,questionable,injury_report,covers,"covers: Questionable - Undisclosed - Stone is dealing with an undisclosed injury, and it is yet to be established if he will suit up against the Bulldogs on Saturday."
rpt-oklahoma-jermichael-carter-202610041816,2026-10-04T18:16:40Z,2026-10-04,Oklahoma,Jer'Michael Carter,questionable,injury_report,covers+mygamesim,"mygamesim: Questionable; covers: Questionable - Undisclosed - Carter is dealing with an undisclosed injury, and it is unclear if he will play against Georgia on Saturday, September 26th."
rpt-oklahoma-kip-lewis-202610041816,2026-10-04T18:16:40Z,2026-10-04,Oklahoma,Kip Lewis,questionable,injury_report,covers,"covers: Questionable - Knee - Lewis is nursing an knee injury, and he is expected to kit up against Bulldogs on Saturday, September 26th."
rpt-oklahoma-michael-boganowski-202610041816,2026-10-04T18:16:40Z,2026-10-04,Oklahoma,Michael Boganowski,out,injury_report,mygamesim,mygamesim: Out
rpt-oklahoma-michael-fasusi-202610041816,2026-10-04T18:16:40Z,2026-10-04,Oklahoma,Michael Fasusi,out,injury_report,mygamesim,mygamesim: Out
rpt-oklahoma-trell-harris-202610041816,2026-10-04T18:16:40Z,2026-10-04,Oklahoma,Trell Harris,out,injury_report,covers+mygamesim,"mygamesim: Out; covers: Out - Back - Harris sustained a back injury, and there is no timetable for return."
rpt-oklahoma-state-jacob-sexton-202610041816,2026-10-04T18:16:40Z,2026-10-04,Oklahoma State,Jacob Sexton,doubtful,injury_report,covers+mygamesim,"mygamesim: Out; covers: Questionable - Leg - Sexton is dealing with a leg injury, and it is unknown if he will face UCF on Saturday, October 10th."
rpt-oklahoma-state-oscar-hammond-202610041816,2026-10-04T18:16:40Z,2026-10-04,Oklahoma State,Oscar Hammond,out,injury_report,covers,"covers: Out - Undisclosed - Hammond is hobbled by an undisclosed injury, and there is no timetable for his return."
rpt-old-dominion-sidney-mbanasor-202610041816,2026-10-04T18:16:40Z,2026-10-04,Old Dominion,Sidney Mbanasor,out,injury_report,mygamesim,mygamesim: Out
rpt-ole-miss-kewan-lacy-202610041816,2026-10-04T18:16:40Z,2026-10-04,Ole Miss,Kewan Lacy,doubtful,injury_report,covers+mygamesim,"mygamesim: Questionable; covers: Out - Shoulder - Lacy is nursing with a shoulder injury, and he is not projected to face against Gators on Saturday."
rpt-ole-miss-makhi-frazier-202610041816,2026-10-04T18:16:40Z,2026-10-04,Ole Miss,Makhi Frazier,questionable,injury_report,covers,"covers: Questionable - Undisclosed - Frazier is hampered by an undisclosed injury, and it is unclear if he will play against the Gators on Saturday."
rpt-oregon-dante-moore-202610041816,2026-10-04T18:16:40Z,2026-10-04,Oregon,Dante Moore,questionable,injury_report,mygamesim,mygamesim: Questionable
rpt-oregon-dillon-gresham-202610041816,2026-10-04T18:16:40Z,2026-10-04,Oregon,Dillon Gresham,questionable,injury_report,covers,"covers: Questionable - Neck - Gresham is hampered by a neck injury, and it has yet to be established if he will be active against UCLA on Saturday, October 10th."
rpt-oregon-iverson-hooks-202610041816,2026-10-04T18:16:40Z,2026-10-04,Oregon,Iverson Hooks,questionable,injury_report,covers,"covers: Questionable - Undisclosed - Hooks is dealing with an undisclosed injury, and it is unknown if he will face UCLA on Saturday, October 10th."
rpt-oregon-jamari-johnson-202610041816,2026-10-04T18:16:40Z,2026-10-04,Oregon,Jamari Johnson,questionable,injury_report,covers,"covers: Questionable - Undisclosed - Johnson is dealing with an undisclosed injury, and it is unclear if he will face UCLA on Saturday, October 10th."
rpt-oregon-jeremiah-mcclellan-202610041816,2026-10-04T18:16:40Z,2026-10-04,Oregon,Jeremiah McClellan,out,injury_report,covers+mygamesim,"mygamesim: Out; covers: Out - Foot - McClellan is sidelined due to a foot injury, and there is no timetable for recovery."
rpt-oregon-trent-ferguson-202610041816,2026-10-04T18:16:40Z,2026-10-04,Oregon,Trent Ferguson,out,injury_report,mygamesim,mygamesim: Out
rpt-penn-state-koby-howard-202610041816,2026-10-04T18:16:40Z,2026-10-04,Penn State,Koby Howard,out,injury_report,covers+mygamesim,"mygamesim: Out; covers: Out - Undisclosed - Howard is tending to an undisclosed injury, and there is no timetable for recovery."
rpt-penn-state-max-granville-202610041816,2026-10-04T18:16:40Z,2026-10-04,Penn State,Max Granville,out,injury_report,covers+mygamesim,mygamesim: Out; covers: Out - Undisclosed - Granville has been shut down for the remainder of the season with an undisclosed injury.
rpt-pittsburgh-elijah-lagg-202610041816,2026-10-04T18:16:40Z,2026-10-04,Pittsburgh,Elijah Lagg,questionable,injury_report,covers+mygamesim,"mygamesim: Questionable; covers: Questionable - Undisclosed - Lagg is nursing with an undisclosed injury, and it is up in the air if he will play against North Carolina on Saturday, October 10th."
rpt-pittsburgh-josh-guerrier-202610041816,2026-10-04T18:16:40Z,2026-10-04,Pittsburgh,Josh Guerrier,out,injury_report,mygamesim,mygamesim: Out
rpt-pittsburgh-malik-knight-202610041816,2026-10-04T18:16:40Z,2026-10-04,Pittsburgh,Malik Knight,out,injury_report,covers+mygamesim,"mygamesim: Out; covers: Out - Undisclosed - Knight is dealing with an undisclosed injury, and there is no timetable for his return."
rpt-pittsburgh-mason-heintschel-202610041816,2026-10-04T18:16:40Z,2026-10-04,Pittsburgh,Mason Heintschel,doubtful,injury_report,covers+mygamesim,"mygamesim: Out; covers: Questionable - Leg - Heintschel exited the game with a leg injury, and it remains to be seen if he will be available against the North Carolina on Saturday, October 10th."
rpt-pittsburgh-tony-kinsler-202610041816,2026-10-04T18:16:40Z,2026-10-04,Pittsburgh,Tony Kinsler,questionable,injury_report,covers,"covers: Questionable - Undisclosed - Kinsler is nursing with an undisclosed injury, and it is up in the air if he will play against North Carolina on Saturday, October 10th."
rpt-purdue-joey-tanona-202610041816,2026-10-04T18:16:40Z,2026-10-04,Purdue,Joey Tanona,out,injury_report,mygamesim,mygamesim: Out
rpt-purdue-kylan-fox-202610041816,2026-10-04T18:16:40Z,2026-10-04,Purdue,Kylan Fox,out,injury_report,covers+mygamesim,"mygamesim: Out; covers: Out - Knee - Fox is laid up with a knee injury, and there is no timetable for his return."
rpt-purdue-mister-clark-202610041816,2026-10-04T18:16:40Z,2026-10-04,Purdue,Mister Clark,out,injury_report,mygamesim,mygamesim: Out
rpt-rice-davis-lane-202610041816,2026-10-04T18:16:40Z,2026-10-04,Rice,Davis Lane,doubtful,injury_report,covers+mygamesim,"mygamesim: Out; covers: Questionable - Undisclosed - Lane is battling with an undisclosed injury, and it is uncertain if he will play against Fresno State on Saturday."
rpt-rice-james-falk-202610041816,2026-10-04T18:16:40Z,2026-10-04,Rice,James Falk,questionable,injury_report,covers,"covers: Questionable - Undisclosed - Falk is laid up with an undisclosed injury, and it remains to be seen if he will be active against Fresno State on Saturday, September 26th."
rpt-rice-preston-zinter-202610041816,2026-10-04T18:16:40Z,2026-10-04,Rice,Preston Zinter,questionable,injury_report,covers,"covers: Questionable - Leg - Zinter is laid up with a leg injury, and it remains to be seen if he will be active against Fresno State on Saturday, September 26th."
rpt-rice-quinton-jackson-202610041816,2026-10-04T18:16:40Z,2026-10-04,Rice,Quinton Jackson,out,injury_report,mygamesim,mygamesim: Out
rpt-rutgers-antwan-raymond-202610041816,2026-10-04T18:16:40Z,2026-10-04,Rutgers,Antwan Raymond,questionable,injury_report,covers+mygamesim,"mygamesim: Probable; covers: Questionable - Undisclosed - Raymond is dealing with undisclosed injury, and it is uncertain if he will be available Saturday against the Indiana."
rpt-rutgers-davoun-fuse-202610041816,2026-10-04T18:16:40Z,2026-10-04,Rutgers,Davoun Fuse,out,injury_report,mygamesim,mygamesim: Out
rpt-rutgers-kevin-levy-202610041816,2026-10-04T18:16:40Z,2026-10-04,Rutgers,Kevin Levy,out,injury_report,covers+mygamesim,"mygamesim: Out; covers: Out - Undisclosed - Levy is battling with an undisclsoed injury, and he will be out of the lineup against USC on Saturday."
rpt-rutgers-kevyn-humes-202610041816,2026-10-04T18:16:40Z,2026-10-04,Rutgers,Kevyn Humes,questionable,injury_report,mygamesim,mygamesim: Questionable
rpt-smu-abel-hoopii-202610041816,2026-10-04T18:16:40Z,2026-10-04,SMU,Abel Hoopii,out,injury_report,mygamesim,mygamesim: Out
rpt-smu-ira-singleton-202610041816,2026-10-04T18:16:40Z,2026-10-04,SMU,Ira Singleton,out,injury_report,covers+mygamesim,"mygamesim: Out; covers: Out - Undisclosed - Singleton is sidelined with an undisclosed injury, and he is expected to miss the remainder of the season."
rpt-smu-link-rhodes-202610041816,2026-10-04T18:16:40Z,2026-10-04,SMU,Link Rhodes,out,injury_report,covers+mygamesim,"mygamesim: Out; covers: Out - Knee - Rhodes has been out of the lineup with a tore ACL injury, and he will be out of commission for the remainder of the season."
rpt-smu-marcellus-barnes-202610041816,2026-10-04T18:16:40Z,2026-10-04,SMU,Marcellus Barnes Jr.,questionable,injury_report,mygamesim,mygamesim: Questionable
rpt-smu-yamir-knight-202610041816,2026-10-04T18:16:40Z,2026-10-04,SMU,Yamir Knight,questionable,injury_report,covers,"covers: Questionable - Undisclosed - Knight is dealing with un undisclosed injury, and it is unclear if he will play Saturday against the Boston College."
rpt-smu-yannick-smith-202610041816,2026-10-04T18:16:40Z,2026-10-04,SMU,Yannick Smith,questionable,injury_report,covers,"covers: Questionable - Undisclosed - Smith is dealing with an undisclosed injury, and it is unclear if he will play Saturday against the Boston"
rpt-sacramento-state-ajon-bryant-202610041816,2026-10-04T18:16:40Z,2026-10-04,Sacramento State,Ajon Bryant,questionable,injury_report,covers,"covers: Questionable - Undisclosed - Bryant is dealing with an undisclosed injury, and it has yet to be established if he will suit up against Bowling Green on Saturday, October 10th."
rpt-sacramento-state-davion-godley-202610041816,2026-10-04T18:16:40Z,2026-10-04,Sacramento State,Davion Godley,questionable,injury_report,covers,"covers: Questionable - Undisclosed - Godley is dealing with an undisclosed injury, and it has yet to be established if he will suit up against Bowling Green on Saturday, October 10th."
rpt-san-diego-state-jackson-ford-202610041816,2026-10-04T18:16:40Z,2026-10-04,San Diego State,Jackson Ford,doubtful,injury_report,covers+mygamesim,"mygamesim: Out; covers: Questionable - Undisclosed - Ford is dealing with an undisclosed injury, and it is unclear if he will play against the Bobcats on Saturday."
rpt-san-diego-state-kalan-ellis-202610041816,2026-10-04T18:16:40Z,2026-10-04,San Diego State,Kalan Ellis,out,injury_report,mygamesim,mygamesim: Out
rpt-san-diego-state-lucky-sutton-202610041816,2026-10-04T18:16:40Z,2026-10-04,San Diego State,Lucky Sutton,doubtful,injury_report,covers+mygamesim,"mygamesim: Out; covers: Questionable - Ankle - Sutton is dealing with an ankle injury, and it is unclear if he will play against the Bobcats on Saturday."
rpt-san-diego-state-ryan-wolfer-202610041816,2026-10-04T18:16:40Z,2026-10-04,San Diego State,Ryan Wolfer,questionable,injury_report,covers+mygamesim,"mygamesim: Questionable; covers: Questionable - Undisclosed - Wolfer is dealing with an undisclosed injury, and it is unclear if he will play against the Bobcats on Saturday."
rpt-san-diego-state-stone-saunders-202610041816,2026-10-04T18:16:40Z,2026-10-04,San Diego State,Stone Saunders,out,injury_report,mygamesim,mygamesim: Out
rpt-south-alabama-devin-white-202610041816,2026-10-04T18:16:40Z,2026-10-04,South Alabama,Devin White,out,injury_report,covers+mygamesim,"mygamesim: Out; covers: Out - Undisclosed - White is dealing with an undisclosed injury, and he is not projected to face against Louisiana-Monroe on Saturday."
rpt-south-alabama-khatori-marion-202610041816,2026-10-04T18:16:40Z,2026-10-04,South Alabama,Khatori Marion,out,injury_report,covers+mygamesim,"mygamesim: Out; covers: Out - Undisclosed - Marion has been out of commission due to an undisclosed injury, and it is anticipated that he will miss the remainder of the season."
rpt-south-carolina-dylan-stewart-202610041816,2026-10-04T18:16:40Z,2026-10-04,South Carolina,Dylan Stewart,out,injury_report,covers+mygamesim,"mygamesim: Out; covers: Out - Back - Stewart is dealing with a back injury, and he will miss an undetermined length of time."
rpt-south-carolina-gabriel-brownlow-dindy-202610041816,2026-10-04T18:16:40Z,2026-10-04,South Carolina,Gabriel Brownlow-Dindy,questionable,injury_report,covers+mygamesim,"mygamesim: Questionable; covers: Questionable - Upper Body - Brownlow-Dindy is nursing with a upper body injury, and it is uncertain if he will play against Kentucky Wildcats on Saturday, October 3th."
rpt-south-carolina-jacarrius-peak-202610041816,2026-10-04T18:16:40Z,2026-10-04,South Carolina,Jacarrius Peak,questionable,injury_report,covers,"covers: Questionable - Undisclosed - Peak is nursing with an undisclosed injury, and it is unclear if he will play against Kentucky Wildcats on Saturday, October 3th."
rpt-south-carolina-jayden-sellers-202610041816,2026-10-04T18:16:40Z,2026-10-04,South Carolina,Jayden Sellers,out,injury_report,covers+mygamesim,"mygamesim: Out; covers: Out - Lower Body - Sellers is fighting off a lower body injury, and he has been shut down for the remainder of the season."
rpt-south-florida-arhmad-branch-202610041816,2026-10-04T18:16:40Z,2026-10-04,South Florida,Arhmad Branch,questionable,injury_report,covers,"covers: Questionable - Undisclosed - Branch is battling with an undisclosed injury, and it remains to be seen if he will be active against Temple on Saturday."
rpt-stanford-brandon-nicholson-202610041816,2026-10-04T18:16:40Z,2026-10-04,Stanford,Brandon Nicholson,out,injury_report,mygamesim,mygamesim: Out
rpt-stanford-carter-shaw-202610041816,2026-10-04T18:16:40Z,2026-10-04,Stanford,Carter Shaw,questionable,injury_report,covers,"covers: Questionable - Undisclosed - Shaw is dealing with an undisclosed injury, and it remains to be seen if he will be available against Notre Dame on Saturday, October 10th."
rpt-stanford-jahsiah-galvan-202610041816,2026-10-04T18:16:40Z,2026-10-04,Stanford,Jahsiah Galvan,out,injury_report,covers+mygamesim,"mygamesim: Out; covers: Out - Undisclosed - Galvan is sidelined with an undisclosed injury, and there is no timetable for return."
rpt-stanford-matt-rose-202610041816,2026-10-04T18:16:40Z,2026-10-04,Stanford,Matt Rose,out,injury_report,mygamesim,mygamesim: Out
rpt-stanford-niki-prongos-202610041816,2026-10-04T18:16:40Z,2026-10-04,Stanford,Niki Prongos,questionable,injury_report,covers,"covers: Questionable - Undisclosed - Prongos is dealing with an undisclosed injury, and it is undetermined if he will suit up against Notre Dame on Saturday, October 10th."
rpt-syracuse-jujuan-johnson-202610041816,2026-10-04T18:16:40Z,2026-10-04,Syracuse,Ju'Juan Johnson,questionable,injury_report,covers+mygamesim,"mygamesim: Questionable; covers: Questionable - Hand - Johnson is battling with an hand injury, and it remains to be seen if he will be active against UConn on Saturday, 03rd October."
rpt-syracuse-steve-angeli-202610041816,2026-10-04T18:16:40Z,2026-10-04,Syracuse,Steve Angeli,questionable,injury_report,mygamesim,mygamesim: Questionable
rpt-tcu-jordan-dwyer-202610041816,2026-10-04T18:16:40Z,2026-10-04,TCU,Jordan Dwyer,out,injury_report,covers,"covers: Out - Foot - Dwyer is dealing with a foot injury, and he will miss an undetermined length of time."
rpt-tcu-michael-short-202610041816,2026-10-04T18:16:40Z,2026-10-04,TCU,Michael Short,out,injury_report,covers+mygamesim,"mygamesim: Out; covers: Out - Undisclosed - Short is sidelined with an undisclosed injury, and there is no timetable for return."
rpt-temple-jaxon-smolik-202610041816,2026-10-04T18:16:40Z,2026-10-04,Temple,Jaxon Smolik,questionable,injury_report,covers+mygamesim,"mygamesim: Probable; covers: Questionable - Foot - Smolik is suffering with a foot injury, and it is undetermined if he will face South Florida on Saturday, October 3rd."
rpt-temple-rameir-hardy-202610041816,2026-10-04T18:16:40Z,2026-10-04,Temple,Rameir Hardy,questionable,injury_report,covers,"covers: Questionable - Undisclosed - Hardy is tending to an undisclosed injury, and it is unclear if he will face South Florida on Saturday, October 3rd."
rpt-temple-reis-stocksdale-202610041816,2026-10-04T18:16:40Z,2026-10-04,Temple,Reis Stocksdale,questionable,injury_report,covers,"covers: Questionable - Hamstring - Stocksdale is dealing with a hamstring injury, and it is unclear if he will face South Florida on Saturday, October 3rd."
rpt-temple-sam-brown-202610041816,2026-10-04T18:16:40Z,2026-10-04,Temple,Sam Brown V,questionable,injury_report,covers+mygamesim,"mygamesim: Questionable; covers: Questionable - Undisclosed - Brown is suffering with a undisclosed injury, and it is undetermined if he will face South Florida on Saturday"
rpt-tennessee-ethan-davis-202610041816,2026-10-04T18:16:40Z,2026-10-04,Tennessee,Ethan Davis,out,injury_report,mygamesim,mygamesim: Out
rpt-tennessee-jadais-richard-202610041816,2026-10-04T18:16:40Z,2026-10-04,Tennessee,Jadais Richard,out,injury_report,mygamesim,mygamesim: Out
rpt-tennessee-joakim-dodson-202610041816,2026-10-04T18:16:40Z,2026-10-04,Tennessee,Joakim Dodson,out,injury_report,mygamesim,mygamesim: Out
rpt-tennessee-nathan-robinson-202610041816,2026-10-04T18:16:40Z,2026-10-04,Tennessee,Nathan Robinson,questionable,injury_report,mygamesim,mygamesim: Questionable
rpt-tennessee-qua-moss-202610041816,2026-10-04T18:16:40Z,2026-10-04,Tennessee,Qua Moss,out,injury_report,covers+mygamesim,"mygamesim: Out; covers: Out - Undisclosed - Moss is nursing an undisclosed injury, and he is not projected to play against Auburn on Saturday"
rpt-tennessee-wendell-moe-202610041816,2026-10-04T18:16:40Z,2026-10-04,Tennessee,Wendell Moe Jr.,out,injury_report,covers+mygamesim,mygamesim: Out; covers: Out - Undisclosed - Moe Jr has been shut down for the remainder of the season due to an undisclosed injury.
rpt-texas-daylan-mccutcheon-202610041816,2026-10-04T18:16:40Z,2026-10-04,Texas,Daylan McCutcheon,questionable,injury_report,covers,"covers: Questionable - Illness - McCutcheon is ailing from an illness, and it is unclear if he will play against Oklahoma on Saturday, October 10th."
rpt-texas-hollywood-smothers-202610041816,2026-10-04T18:16:40Z,2026-10-04,Texas,Hollywood Smothers,questionable,injury_report,covers+mygamesim,"mygamesim: Questionable; covers: Questionable - Ankle - Smothers is dealing with an Ankle injury, and it is unknown if he will suit up against Oklahoma on Saturday, October 10th."
rpt-texas-nick-townsend-202610041816,2026-10-04T18:16:40Z,2026-10-04,Texas,Nick Townsend,questionable,injury_report,covers+mygamesim,"mygamesim: Questionable; covers: Questionable - Knee - Townsend is hampered by a knee injury, and it is up in the air if he will suit up against Oklahoma on Saturday, October 10th."
rpt-texas-trevor-goosby-202610041816,2026-10-04T18:16:40Z,2026-10-04,Texas,Trevor Goosby,questionable,injury_report,covers,"covers: Questionable - Knee - Goosby is dealing with a knee injury, and it is unknown if he will suit up against Oklahoma on Saturday, October 10th."
rpt-texas-am-jamarion-morrow-202610041816,2026-10-04T18:16:40Z,2026-10-04,Texas A&M,Jamarion Morrow,questionable,injury_report,covers+mygamesim,"mygamesim: Questionable; covers: Questionable - Undisclosed - Morrow is dealing with an undisclosed injury, and it is unclear whether he will play against Arkansas on Saturday, October 3th."
rpt-texas-am-mario-craver-202610041816,2026-10-04T18:16:40Z,2026-10-04,Texas A&M,Mario Craver,questionable,injury_report,covers+mygamesim,"mygamesim: Probable; covers: Questionable - Undisclosed - Craver is dealing with an undisclosed injury, and it is unclear if he will play against Arkansas on Saturday, October 3rd."
rpt-texas-am-tk-norman-202610041816,2026-10-04T18:16:40Z,2026-10-04,Texas A&M,TK Norman,questionable,injury_report,covers,"covers: Questionable - Undisclosed - Norman is dealing with an undisclsoed injury, and it remains to be seen if he will be active agaisnt Arkansas on Saturday, October 3th."
rpt-texas-am-terry-bussey-202610041816,2026-10-04T18:16:40Z,2026-10-04,Texas A&M,Terry Bussey,out,injury_report,covers+mygamesim,"mygamesim: Out; covers: Out - Undisclosed - Bussey is tending to an undisclosed injury, and he has been shut down for the remainder of the season."
rpt-texas-state-blake-smith-202610041816,2026-10-04T18:16:40Z,2026-10-04,Texas State,Blake Smith,questionable,injury_report,mygamesim,mygamesim: Questionable
rpt-texas-state-kylen-evans-202610041816,2026-10-04T18:16:40Z,2026-10-04,Texas State,Kylen Evans,questionable,injury_report,covers+mygamesim,"mygamesim: Probable; covers: Questionable - Shoulder - vans is nursing with a shoulder injury, and it is unclear if he will face San Diego State on Saturday, October 3th."
rpt-texas-tech-amier-boyd-202610041816,2026-10-04T18:16:40Z,2026-10-04,Texas Tech,Amier Boyd,questionable,injury_report,covers,"covers: Questionable - Undisclosed - Boyd is nursing with an undisclosed injury, and it remains to be seen if he will be active against Colorado on Saturday, October 3rd."
rpt-texas-tech-trey-white-202610041816,2026-10-04T18:16:40Z,2026-10-04,Texas Tech,Trey White,questionable,injury_report,covers,"covers: Questionable - Knee - White is battling with a knee injury, and it is unclear if he will play against Colorado on Saturday, October 3rd."
rpt-toledo-corey-smith-202610041816,2026-10-04T18:16:40Z,2026-10-04,Toledo,Corey Smith,out,injury_report,mygamesim,mygamesim: Out
rpt-toledo-kalvin-gilbert-202610041816,2026-10-04T18:16:40Z,2026-10-04,Toledo,Kalvin Gilbert Jr.,questionable,injury_report,covers,"covers: Questionable - Undisclosed - Gilbert is nursing with an undisclosed injury, and it remains to be seen if he will be available against Buffalo on Saturday, October 10th"
rpt-toledo-trenton-jones-202610041816,2026-10-04T18:16:40Z,2026-10-04,Toledo,Trenton Jones,doubtful,injury_report,covers+mygamesim,"mygamesim: Out; covers: Questionable - Undisclosed - Jones is nursing with an undisclosed injury, and it remains to be seen if he will be available against Buffalo on Saturday, October 10th"
rpt-troy-fabian-rogosch-202610041816,2026-10-04T18:16:40Z,2026-10-04,Troy,Fabian Rogosch,questionable,injury_report,covers+mygamesim,"mygamesim: Questionable; covers: Questionable - Undisclosed - Rogosch is bothered by an undisclosed injury, and it is unclear whether he will play against Southern Miss on Tuesday, October 6th."
rpt-troy-jackson-worley-202610041816,2026-10-04T18:16:40Z,2026-10-04,Troy,Jackson Worley,out,injury_report,covers+mygamesim,"mygamesim: Out; covers: Out - Undisclosed - Worley has been out of the lineup due to undisclosed injury, and he is expected to miss the remainder of the season."
rpt-troy-joe-lott-202610041816,2026-10-04T18:16:40Z,2026-10-04,Troy,Joe Lott,questionable,injury_report,covers,"covers: Questionable - Undisclosed - Lott is laid up with an undisclosed injury, and it is unclear whether he will play against Southern Miss on Tuesday, October 6th."
rpt-tulane-jamauri-mcclure-202610041816,2026-10-04T18:16:40Z,2026-10-04,Tulane,Jamauri McClure,doubtful,injury_report,covers+mygamesim,"mygamesim: Questionable; covers: Out - Foot - McClure is managing a foot injury, and there is no timetable for his return."
rpt-tulane-zycarl-lewis-202610041816,2026-10-04T18:16:40Z,2026-10-04,Tulane,Zycarl Lewis Jr.,questionable,injury_report,covers+mygamesim,"mygamesim: Questionable; covers: Questionable - Leg - Lewis Jr. is bothered by a lef injury, and his status is unknown against Army on Saturday, October 10th."
rpt-tulsa-grayson-tempest-202610041816,2026-10-04T18:16:40Z,2026-10-04,Tulsa,Grayson Tempest,questionable,injury_report,covers+mygamesim,"mygamesim: Questionable; covers: Questionable - Undisclosed - Tempest is dealing with an undisclosed injury, and it has yet to be established if he will be available against the Navy on Saturday, October 10th."
rpt-tulsa-jimmy-calloway-202610041816,2026-10-04T18:16:40Z,2026-10-04,Tulsa,Jimmy Calloway,questionable,injury_report,covers+mygamesim,"mygamesim: Questionable; covers: Questionable - Undisclosed - Calloway is dealing with an undisclosed injury, and it has yet to be established if he will be available against the Navy on Saturday, October 10th."
rpt-uab-jaylen-elder-202610041816,2026-10-04T18:16:40Z,2026-10-04,UAB,Jaylen Elder,questionable,injury_report,mygamesim,mygamesim: Questionable
rpt-uab-kaleb-brown-202610041816,2026-10-04T18:16:40Z,2026-10-04,UAB,Kaleb Brown,out,injury_report,mygamesim,mygamesim: Out
rpt-ucf-alonza-barnett-202610041816,2026-10-04T18:16:40Z,2026-10-04,UCF,Alonza Barnett III,out,injury_report,covers,"covers: Out - Hamstring - Barnett III is managing with an hamstring injury, and he will not face Houston on Saturday."
rpt-ucf-duane-thomas-202610041816,2026-10-04T18:16:40Z,2026-10-04,UCF,Duane Thomas Jr.,questionable,injury_report,covers,"covers: Questionable - Undisclosed - Thomas Jr. is dealing with an Undisclosed injury, and it is unclear if he will play against TCU on Saturday."
rpt-ucf-dylan-wade-202610041816,2026-10-04T18:16:40Z,2026-10-04,UCF,Dylan Wade,questionable,injury_report,covers,"covers: Questionable - Shoulder - Wade is dealing with an Shoulder injury, and it is unclear if he will play against Houston on Saturday."
rpt-ucf-lewis-carter-202610041816,2026-10-04T18:16:40Z,2026-10-04,UCF,Lewis Carter,out,injury_report,covers,"covers: Out - Undisclosed - Carter has been placed on the injured list with a undisclosed injury, and team officials have yet to provide an exact return date."
rpt-ucla-aidan-mizell-202610041816,2026-10-04T18:16:40Z,2026-10-04,UCLA,Aidan Mizell,questionable,injury_report,covers,"covers: Questionable - Undisclosed - Mizell is dealing with an undisclosed injury, and it remains to be seen if he will suit up against Terrapins on Friday, September 25th."
rpt-ucla-joshua-phifer-202610041816,2026-10-04T18:16:40Z,2026-10-04,UCLA,Joshua Phifer,questionable,injury_report,covers,"covers: Questionable - Undisclosed - Phifer is dealing with an undisclosed injury, and it remains to be seen if he will suit up against Terrapins on Friday, September 25th."
rpt-ucla-leland-smith-202610041816,2026-10-04T18:16:40Z,2026-10-04,UCLA,Leland Smith,questionable,injury_report,mygamesim,mygamesim: Questionable
rpt-ucla-mikey-matthews-202610041816,2026-10-04T18:16:40Z,2026-10-04,UCLA,Mikey Matthews,out,injury_report,covers+mygamesim,"mygamesim: Out; covers: Out - Undisclosed - Matthews is dealing with a lower-leg injury, and he has been shut down for the remainder of the season."
rpt-ucla-sam-yoon-202610041816,2026-10-04T18:16:40Z,2026-10-04,UCLA,Sam Yoon,doubtful,injury_report,covers+mygamesim,"mygamesim: Out; covers: Questionable - Undisclosed - Yoon is sidelined with an undisclosed injury, and it remains to be seen if he will suit up against Terrapins on Friday, September 25th."
rpt-ucla-tao-johnson-202610041816,2026-10-04T18:16:40Z,2026-10-04,UCLA,Tao Johnson,doubtful,injury_report,covers+mygamesim,"mygamesim: Out; covers: Questionable - Undisclosed - Johnson is bothered by an undisclosed injury, and it remains to be seen if he will suit up against Terrapins on Friday, September 25th."
rpt-uconn-jake-merklinger-202610041816,2026-10-04T18:16:40Z,2026-10-04,UConn,Jake Merklinger,questionable,injury_report,covers+mygamesim,"mygamesim: Questionable; covers: Questionable - Undisclosed - Merklinger is dealing with an undisclosed injury, and it is unknown if he will face Gardner-Webb on Monday, November 2nd."
rpt-ul-monroe-derrick-jameson-202610041816,2026-10-04T18:16:40Z,2026-10-04,UL Monroe,Derrick Jameson,doubtful,injury_report,covers+mygamesim,"mygamesim: Out; covers: Questionable - Undisclosed - Jameson is battling with an undisclosed injury, and it remains to be seen if he will be active against the South Alabama on Saturday."
rpt-unlv-deangelo-irvin-202610041816,2026-10-04T18:16:40Z,2026-10-04,UNLV,DeAngelo Irvin Jr.,questionable,injury_report,covers+mygamesim,"mygamesim: Questionable; covers: Questionable - Undisclosed - Irvin Jr. is bothered by an undisclosed injury, and it is to be seen if he will play against California on Saturday, October 3rd."
rpt-unlv-jaylon-glover-202610041816,2026-10-04T18:16:40Z,2026-10-04,UNLV,Jaylon Glover,questionable,injury_report,mygamesim,mygamesim: Questionable
rpt-unlv-kayden-mcgee-202610041816,2026-10-04T18:16:40Z,2026-10-04,UNLV,Kayden McGee,questionable,injury_report,covers+mygamesim,"mygamesim: Questionable; covers: Questionable - Undisclosed - McGee is dealing with an undisclosed injury, and it is to be seen if he will play against California on Saturday, October 3rd."
rpt-usc-alex-graham-202610041816,2026-10-04T18:16:40Z,2026-10-04,USC,Alex Graham,questionable,injury_report,mygamesim,mygamesim: Questionable
rpt-usc-alex-vansumeren-202610041816,2026-10-04T18:16:40Z,2026-10-04,USC,Alex VanSumeren,questionable,injury_report,mygamesim,mygamesim: Questionable
rpt-usc-corey-simms-202610041816,2026-10-04T18:16:40Z,2026-10-04,USC,Corey Simms,out,injury_report,covers+mygamesim,"mygamesim: Out; covers: Out - Knee - Simms is sidelined due to knee injury, and he is expected to miss the remainder of the season."
rpt-usc-desman-stephens-202610041816,2026-10-04T18:16:40Z,2026-10-04,USC,Desman Stephens II,out,injury_report,mygamesim,mygamesim: Out
rpt-usc-kendarius-reddick-202610041816,2026-10-04T18:16:40Z,2026-10-04,USC,Kendarius Reddick,questionable,injury_report,covers,"covers: Questionable - Undisclosed - Reddick is dealing with an undisclsoed injury, and it is unclear whether he will play against Washington on Saturday, October 3th."
rpt-usc-kilian-oconnor-202610041816,2026-10-04T18:16:40Z,2026-10-04,USC,Kilian O'Connor,out,injury_report,covers+mygamesim,"mygamesim: Out; covers: Out - Undisclosed - O'Connor has been sidelined due to an undisclosed injury, and he has been shut down for the remainder of the season."
rpt-usc-mark-bowman-202610041816,2026-10-04T18:16:40Z,2026-10-04,USC,Mark Bowman,doubtful,injury_report,covers+mygamesim,"mygamesim: Out; covers: Questionable - Undisclosed - Bowman is dealing with an undisclosed injury, and it is unclear if he will play against Washington on Saturday."
rpt-usc-sam-huard-202610041816,2026-10-04T18:16:40Z,2026-10-04,USC,Sam Huard,questionable,injury_report,covers,"covers: Questionable - Undisclosed - Huard is battling with an undisclosed injury, and it remains to be seen if he will suit up against Washington on Saturday, October 3th."
rpt-usc-trent-mosley-202610041816,2026-10-04T18:16:40Z,2026-10-04,USC,Trent Mosley,out,injury_report,covers+mygamesim,"mygamesim: Out; covers: Doubtful - Knee - Mosley is dealing with a knee injury, and he is unlikely to play against Washington on Saturday."
rpt-utep-ej-colson-202610041816,2026-10-04T18:16:40Z,2026-10-04,UTEP,EJ Colson,questionable,injury_report,mygamesim,mygamesim: Questionable
rpt-utep-tavorus-jones-202610041816,2026-10-04T18:16:40Z,2026-10-04,UTEP,Tavorus Jones,questionable,injury_report,covers+mygamesim,"mygamesim: Questionable; covers: Questionable - Undisclosed - Jones is dealing with an undisclosed injury, and it is unclear if he will play Saturday against the Nevada"
rpt-utah-state-jackson-nelson-202610041816,2026-10-04T18:16:40Z,2026-10-04,Utah State,Jackson Nelson,out,injury_report,covers+mygamesim,"mygamesim: Out; covers: Out - Undisclosed - Nelson is dealing with an undisclosed injury, and he is projected to miss the remainder of the season."
rpt-vanderbilt-jared-curtis-202610041816,2026-10-04T18:16:40Z,2026-10-04,Vanderbilt,Jared Curtis,out,injury_report,mygamesim,mygamesim: Out
rpt-vanderbilt-mitchell-smith-202610041816,2026-10-04T18:16:40Z,2026-10-04,Vanderbilt,Mitchell Smith,out,injury_report,mygamesim,mygamesim: Out
rpt-virginia-dillon-newton-short-202610041816,2026-10-04T18:16:40Z,2026-10-04,Virginia,Dillon Newton-Short,doubtful,injury_report,covers+mygamesim,"mygamesim: Out; covers: Questionable - Hamstring - Newton-Short is managing a hamstring injury, and it is unknown if he will play against Syracuse on Saturday, October 10th."
rpt-virginia-jason-hammond-202610041816,2026-10-04T18:16:40Z,2026-10-04,Virginia,Jason Hammond,out,injury_report,covers+mygamesim,"mygamesim: Out; covers: Out - Undisclosed - Jason is nursing with an undisclosed injury, and he will miss an extended period."
rpt-virginia-peyton-lewis-202610041816,2026-10-04T18:16:40Z,2026-10-04,Virginia,Peyton Lewis,doubtful,injury_report,covers+mygamesim,"mygamesim: Out; covers: Questionable - Undisclosed - Lewis is hampered by an undisclosed injury, and it remains to be seen if he will be available against Syracuse on Saturday, October 3rd."
rpt-virginia-tech-kyle-altuner-202610041816,2026-10-04T18:16:40Z,2026-10-04,Virginia Tech,Kyle Altuner,questionable,injury_report,covers,"covers: Questionable - Undisclosed - Altuner is dealing with an undisclosed injury, and it is unknown if he will suit up against the Golden Bears on Saturday, October 10th."
rpt-virginia-tech-takye-heath-202610041816,2026-10-04T18:16:40Z,2026-10-04,Virginia Tech,Takye Heath,questionable,injury_report,covers+mygamesim,"mygamesim: Questionable; covers: Questionable - Undisclosed - Heath is dealing with an undisclosed injury, and it is unknown if he will suit up against the Golden Bears on Saturday, October 10th."
rpt-wake-forest-ny-carr-202610041816,2026-10-04T18:16:40Z,2026-10-04,Wake Forest,Ny Carr,out,injury_report,covers+mygamesim,"mygamesim: Out; covers: Out - Undisclosed - Carr is laid up with an undisclosed injury, and is not expected to play against the Miami on Saturday, September 19th."
rpt-washington-christian-moss-202610041816,2026-10-04T18:16:40Z,2026-10-04,Washington,Christian Moss,doubtful,injury_report,covers+mygamesim,"mygamesim: Out; covers: Questionable - Undisclosed - Moss is tending to an undisclosed injury, and it remains to be seen if he will play against Golden Gophers on Saturday, September 26th."
rpt-washington-jayden-limar-202610041816,2026-10-04T18:16:40Z,2026-10-04,Washington,Jayden Limar,out,injury_report,covers+mygamesim,"mygamesim: Out; covers: Out - Upper Body - Limar will undergo surgery due to an upper body injury, and he will miss an undetermined length of time."
rpt-washington-state-ryan-mckendry-202610041816,2026-10-04T18:16:40Z,2026-10-04,Washington State,Ryan McKendry,questionable,injury_report,covers,"covers: Questionable - Undisclosed - McKendry is tending to an undisclosed injury, and it has yet to be established if he will take the field against Fresno State on Saturday, October 3th."
rpt-washington-state-tony-freeman-202610041816,2026-10-04T18:16:40Z,2026-10-04,Washington State,Tony Freeman,out,injury_report,covers+mygamesim,mygamesim: Out; covers: Out - Leg - Freeman has been shut down for the remainder of the season with a torn ACL.
rpt-west-virginia-armoni-weaver-bomar-202610041816,2026-10-04T18:16:40Z,2026-10-04,West Virginia,Armoni Weaver-Bomar,out,injury_report,mygamesim,mygamesim: Out
rpt-west-virginia-cam-ball-202610041816,2026-10-04T18:16:40Z,2026-10-04,West Virginia,Cam Ball,questionable,injury_report,covers,"covers: Questionable - Undisclosed - Ball is hampered by an undisclosed injury, and it has yet to be established if he will face Arizona on Saturday, October 10th."
rpt-western-kentucky-k-d-hutchinson-202610041816,2026-10-04T18:16:40Z,2026-10-04,Western Kentucky,K.D. Hutchinson,questionable,injury_report,covers+mygamesim,"mygamesim: Questionable; covers: Questionable - Undisclosed - Hutchinson is dealing with an undisclosed injury, and it is unclear if he will suit up against Missouri State on Thursday, October 8th."
rpt-wisconsin-abu-sama-202610041816,2026-10-04T18:16:40Z,2026-10-04,Wisconsin,Abu Sama III,doubtful,injury_report,covers+mygamesim,"mygamesim: Doubtful; covers: Questionable - Upper Body - Sama III is nursing an upper body injury, and it is unclear whether he will play against UCLA on Saturday, October 17th."
rpt-wisconsin-jaylon-domingeaux-202610041816,2026-10-04T18:16:40Z,2026-10-04,Wisconsin,Jaylon Domingeaux,doubtful,injury_report,covers+mygamesim,"mygamesim: Out; covers: Questionable - Undisclosed - Domingeaux is tending to an undisclosed injury, and it has yet to be determined if he will be active against UCLA on Saturday, October 17th."
rpt-air-force-jalen-rashad-turner-202610091403,2026-10-09T14:03:59Z,2026-10-09,Air Force,Jalen Rashad Turner,questionable,injury_report,mygamesim,mygamesim: Questionable
rpt-air-force-liam-szarka-202610091403,2026-10-09T14:03:59Z,2026-10-09,Air Force,Liam Szarka,out,injury_report,covers+mygamesim,"mygamesim: Out; covers: Out - Leg - Szarka is battling with a lower leg injury, and has been shut down for the remainder of the season."
rpt-air-force-sylas-maiava-alaimalo-202610091403,2026-10-09T14:03:59Z,2026-10-09,Air Force,Sylas Maiava-Alaimalo,questionable,injury_report,mygamesim,mygamesim: Questionable
rpt-akron-cameron-monteiro-202610091403,2026-10-09T14:03:59Z,2026-10-09,Akron,Cameron Monteiro,doubtful,injury_report,covers+mygamesim,"mygamesim: Questionable; covers: Out - Undisclosed - Monteiro is nursing an undisclosed injury, and is left out for Saturday's game against the Central Michigan."
rpt-akron-cibastian-broughton-202610091403,2026-10-09T14:03:59Z,2026-10-09,Akron,Cibastian Broughton,doubtful,injury_report,covers+mygamesim,"mygamesim: Questionable; covers: Out - Knee - Gee is dealing with a knee injury, and has been left out for the game against C. Michigan on Saturday."
rpt-akron-luke-sivon-202610091403,2026-10-09T14:03:59Z,2026-10-09,Akron,Luke Sivon,questionable,injury_report,covers+mygamesim,"mygamesim: Questionable; covers: Questionable - Undisclosed - Sivon is dealing with an undisclosed injury, and it has yet to be determined if he will be active against C. Michigan on Saturday, October 10th."
rpt-akron-reese-poffenbarger-202610091403,2026-10-09T14:03:59Z,2026-10-09,Akron,Reese Poffenbarger,questionable,injury_report,mygamesim,mygamesim: Questionable
rpt-alabama-jayvin-james-202610091403,2026-10-09T14:03:59Z,2026-10-09,Alabama,Jayvin James,out,injury_report,mygamesim,mygamesim: Out
rpt-alabama-josh-ford-202610091403,2026-10-09T14:03:59Z,2026-10-09,Alabama,Josh Ford,questionable,injury_report,covers+mygamesim,"mygamesim: Questionable; covers: Questionable - Arm - Ford is nursing with a arm injury, and it is unclear if he will be active against Georgia on Saturday."
rpt-app-state-alexander-sanchez-202610091403,2026-10-09T14:03:59Z,2026-10-09,App State,Alexander Sanchez,questionable,injury_report,mygamesim,mygamesim: Questionable
rpt-app-state-dazmin-james-202610091403,2026-10-09T14:03:59Z,2026-10-09,App State,Dazmin James,out,injury_report,mygamesim,mygamesim: Out
rpt-app-state-dillon-galloway-202610091403,2026-10-09T14:03:59Z,2026-10-09,App State,Dillon Galloway,out,injury_report,mygamesim,mygamesim: Out
rpt-arizona-ismail-mahdi-202610091403,2026-10-09T14:03:59Z,2026-10-09,Arizona,Ismail Mahdi,out,injury_report,mygamesim,mygamesim: Out
rpt-arizona-shane-king-202610091403,2026-10-09T14:03:59Z,2026-10-09,Arizona,Shane King,questionable,injury_report,covers,"covers: Questionable - Undisclosed - King is dealing with an undisclosed injury, and it is unclear if he will play against the Bearcats on Saturday."
rpt-arizona-state-grayson-rigdon-202610091403,2026-10-09T14:03:59Z,2026-10-09,Arizona State,Grayson Rigdon,questionable,injury_report,covers+mygamesim,"mygamesim: Questionable; covers: Questionable - Undisclosed - Rigdon is battling with an undisclosed injury, and it has yet to be determined if he will be active against the Baylor on Saturday."
rpt-arizona-state-james-giggey-202610091403,2026-10-09T14:03:59Z,2026-10-09,Arizona State,James Giggey,questionable,injury_report,mygamesim,mygamesim: Questionable
rpt-arizona-state-lyrik-rawls-202610091403,2026-10-09T14:03:59Z,2026-10-09,Arizona State,Lyrik Rawls,out,injury_report,covers+mygamesim,"mygamesim: Out; covers: Out - Leg - Rawls is managing with a leg injury, and he will miss an undetermined length of time."
rpt-army-brady-mott-202610091403,2026-10-09T14:03:59Z,2026-10-09,Army,Brady Mott,out,injury_report,covers,"covers: Out - Undisclosed - Mott is managing with a undisclosed injury, and it is unclear if he will face the Temple on Friday, September 25th."
rpt-auburn-jake-johnson-202610091403,2026-10-09T14:03:59Z,2026-10-09,Auburn,Jake Johnson,questionable,injury_report,mygamesim,mygamesim: Questionable
rpt-byu-isaiah-glasker-202610091403,2026-10-09T14:03:59Z,2026-10-09,BYU,Isaiah Glasker,out,injury_report,mygamesim,mygamesim: Out
rpt-byu-lj-martin-202610091403,2026-10-09T14:03:59Z,2026-10-09,BYU,LJ Martin,out,injury_report,covers+mygamesim,"mygamesim: Out; covers: Out - Ankle - Martin is managing with an ankle injury, and there is no timetable for his return."
rpt-ball-state-isaiah-thacker-202610091403,2026-10-09T14:03:59Z,2026-10-09,Ball State,Isaiah Thacker,doubtful,injury_report,covers+mygamesim,"mygamesim: Questionable; covers: Out - Undisclosed - Thacker is dealing with an undisclosed injury, and there is no timetable for return."
rpt-ball-state-sean-ward-202610091403,2026-10-09T14:03:59Z,2026-10-09,Ball State,Sean Ward,questionable,injury_report,mygamesim,mygamesim: Questionable
rpt-baylor-ashton-jones-202610091403,2026-10-09T14:03:59Z,2026-10-09,Baylor,Ashton Jones,questionable,injury_report,covers+mygamesim,"mygamesim: Questionable; covers: Questionable - Undisclosed - Jones is nursing an undisclosed injury, and it has yet to be determined if he will suit up against Arizona St. on Saturday, October 3rd."
rpt-boise-state-cameron-bates-202610091403,2026-10-09T14:03:59Z,2026-10-09,Boise State,Cameron Bates,out,injury_report,mygamesim,mygamesim: Out
rpt-boise-state-rasean-jones-202610091403,2026-10-09T14:03:59Z,2026-10-09,Boise State,Rasean Jones,questionable,injury_report,mygamesim,mygamesim: Questionable
rpt-boston-college-bo-maccormack-202610091403,2026-10-09T14:03:59Z,2026-10-09,Boston College,Bo MacCormack III,out,injury_report,covers,"covers: Out - Shoulder - MacCormack III is dealing with an shoulder injury, and he will miss an extended period."
rpt-boston-college-brady-clough-202610091403,2026-10-09T14:03:59Z,2026-10-09,Boston College,Brady Clough,doubtful,injury_report,covers+mygamesim,"mygamesim: Questionable; covers: Out - Undisclosed - Clough has been out of the lineup due to undisclosed injury, and he will be not available against SMU on Saturday."
rpt-bowling-green-isaiah-dawson-202610091403,2026-10-09T14:03:59Z,2026-10-09,Bowling Green,Isaiah Dawson,questionable,injury_report,covers+mygamesim,"mygamesim: Questionable; covers: Questionable - Undisclosed - Dawson is dealing with an undisclosed injury, and it is unknown if he will suit up against Sacramento State on Saturday, October 10th."
rpt-bowling-green-kemarion-baldwin-202610091403,2026-10-09T14:03:59Z,2026-10-09,Bowling Green,Ke'Marion Baldwin,doubtful,injury_report,covers+mygamesim,"mygamesim: Questionable; covers: Out - Undisclosed - Baldwin is tending to an undisclosed injury, and is left out for Saturday's game against the Redhawks."
rpt-bowling-green-nick-sowell-202610091403,2026-10-09T14:03:59Z,2026-10-09,Bowling Green,Nick Sowell,questionable,injury_report,mygamesim,mygamesim: Questionable
rpt-buffalo-james-mcneil-202610091403,2026-10-09T14:03:59Z,2026-10-09,Buffalo,James McNeil Jr.,out,injury_report,covers,"covers: Out - Undisclosed - McNeil Jr is dealing with an undisclosed injury, and it is yet to be established if he will suit up against Robert Morris on Saturday."
rpt-buffalo-jasaiah-gathings-202610091403,2026-10-09T14:03:59Z,2026-10-09,Buffalo,Jasaiah Gathings,doubtful,injury_report,covers+mygamesim,"mygamesim: Questionable; covers: Out - Undisclosed - Gathings is dealing with an undisclosed injury, and it is yet to be established if he will suit up against Robert Morris on Saturday."
rpt-buffalo-terrance-shelton-202610091403,2026-10-09T14:03:59Z,2026-10-09,Buffalo,Terrance Shelton Jr.,doubtful,injury_report,covers+mygamesim,"mygamesim: Questionable; covers: Out - Undisclosed - Shelton Jr. is nursing an undisclosed injury, and he is not projected to play against Western Michigan on Saturday."
rpt-california-chase-hendricks-202610091403,2026-10-09T14:03:59Z,2026-10-09,California,Chase Hendricks,questionable,injury_report,mygamesim,mygamesim: Questionable
rpt-california-kamar-mothudi-202610091403,2026-10-09T14:03:59Z,2026-10-09,California,Kamar Mothudi,questionable,injury_report,mygamesim,mygamesim: Questionable
rpt-california-kingston-lopa-202610091403,2026-10-09T14:03:59Z,2026-10-09,California,Kingston Lopa,questionable,injury_report,mygamesim,mygamesim: Questionable
rpt-california-nate-burrell-202610091403,2026-10-09T14:03:59Z,2026-10-09,California,Nate Burrell,out,injury_report,mygamesim,mygamesim: Out
rpt-colorado-charlie-williams-202610091403,2026-10-09T14:03:59Z,2026-10-09,Colorado,Charlie Williams,questionable,injury_report,covers,"covers: Questionable - Undisclosed - Williams is battling with an undisclosed injury, and it has yet to be determined if he will be active against the Red Raiders on Saturday."
rpt-colorado-danny-scudero-202610091403,2026-10-09T14:03:59Z,2026-10-09,Colorado,Danny Scudero,doubtful,injury_report,covers+mygamesim,"mygamesim: Questionable; covers: Out - Undisclosed - Scudero is sidelined due to an undisclosed injury, and is not expected to face the Red Raiders on Saturday."
rpt-colorado-makari-vickers-202610091403,2026-10-09T14:03:59Z,2026-10-09,Colorado,Makari Vickers,out,injury_report,covers+mygamesim,"mygamesim: Out; covers: Out - Undisclosed - Vickers is sidelined due to an undisclosed injury, and is not expected to face the Red Raiders on Saturday."
rpt-colorado-quentin-gibson-202610091403,2026-10-09T14:03:59Z,2026-10-09,Colorado,Quentin Gibson,questionable,injury_report,covers,"covers: Questionable - Undisclosed - Gibson is dealing with an undisclosed injury, and it is unknown if he will play against the Red-raiders on Saturday."
rpt-colorado-zach-atkins-202610091403,2026-10-09T14:03:59Z,2026-10-09,Colorado,Zach Atkins,doubtful,injury_report,covers+mygamesim,"mygamesim: Questionable; covers: Out - Undisclosed - Atkins is sidelined due to an undisclosed injury, and is not expected to face the Red Raiders on Saturday."
rpt-duke-jamien-little-202610091403,2026-10-09T14:03:59Z,2026-10-09,Duke,Jamien Little,out,injury_report,mygamesim,mygamesim: Out
rpt-duke-kendall-johnson-202610091403,2026-10-09T14:03:59Z,2026-10-09,Duke,Kendall Johnson,out,injury_report,mygamesim,mygamesim: Out
rpt-eastern-michigan-nick-devereaux-202610091403,2026-10-09T14:03:59Z,2026-10-09,Eastern Michigan,Nick Devereaux,doubtful,injury_report,covers+mygamesim,"mygamesim: Questionable; covers: Out - Undisclosed - Devereaux is laid up with an undisclosed injury, and he will miss an undetermined length of time."
rpt-florida-vernell-brown-202610091403,2026-10-09T14:03:59Z,2026-10-09,Florida,Vernell Brown III,questionable,injury_report,mygamesim,mygamesim: Questionable
rpt-florida-state-samuel-singleton-202610091403,2026-10-09T14:03:59Z,2026-10-09,Florida State,Samuel Singleton Jr.,out,injury_report,covers+mygamesim,"mygamesim: Out; covers: Out - Lower Body - Singleton is managing a lower body injury, and he will miss an undetermined length of time."
rpt-georgia-chauncey-bowens-202610091403,2026-10-09T14:03:59Z,2026-10-09,Georgia,Chauncey Bowens,out,injury_report,mygamesim,mygamesim: Out
rpt-georgia-isiah-canion-202610091403,2026-10-09T14:03:59Z,2026-10-09,Georgia,Isiah Canion,questionable,injury_report,covers+mygamesim,"mygamesim: Questionable; covers: Questionable - Leg - Conan is dealing with a leg injury, and it is unclear if he will face Alabama on Saturday, October 10th."
rpt-georgia-thomas-blackshear-202610091403,2026-10-09T14:03:59Z,2026-10-09,Georgia,Thomas Blackshear,doubtful,injury_report,covers+mygamesim,"mygamesim: Out; covers: Questionable - Upper Body - Blackshear is dealing with a upper-body injury, and it remains to be seen if he will be active against the Alabama on Saturday."
rpt-georgia-southern-ashton-hollins-202610091403,2026-10-09T14:03:59Z,2026-10-09,Georgia Southern,Ashton Hollins,out,injury_report,covers+mygamesim,"mygamesim: Out; covers: Out - Shoulder - Hollins is liad up with a shoulder injury, and he will be idle for the remainder of the season."
rpt-georgia-southern-jeremiah-ware-202610091403,2026-10-09T14:03:59Z,2026-10-09,Georgia Southern,Jeremiah Ware,questionable,injury_report,covers,"covers: Questionable - Undisclosed - Ware is dealing with an undiscloed injury, and it is unclear whether he will face against Coastal Carolina on Saturday."
rpt-georgia-southern-josh-dallas-202610091403,2026-10-09T14:03:59Z,2026-10-09,Georgia Southern,Josh Dallas,questionable,injury_report,covers+mygamesim,"mygamesim: Probable; covers: Questionable - Undisclosed - Dallas is dealing with an undiscloed injury, and it is unclear whether he will face against Coastal Carolina on Saturday."
rpt-georgia-tech-daiquan-white-202610091403,2026-10-09T14:03:59Z,2026-10-09,Georgia Tech,Daiquan White,out,injury_report,mygamesim,mygamesim: Out
rpt-georgia-tech-malachi-hosley-202610091403,2026-10-09T14:03:59Z,2026-10-09,Georgia Tech,Malachi Hosley,doubtful,injury_report,covers+mygamesim,"mygamesim: Out; covers: Questionable - Undisclosed - Richardson is battling with a Undisclosed injury, and it has yet to be determined if he will be active against the Stanford on Saturday."
rpt-georgia-tech-noah-carter-202610091403,2026-10-09T14:03:59Z,2026-10-09,Georgia Tech,Noah Carter,out,injury_report,mygamesim,mygamesim: Out
rpt-georgia-tech-shymeik-jones-202610091403,2026-10-09T14:03:59Z,2026-10-09,Georgia Tech,Shymeik Jones,out,injury_report,covers+mygamesim,"mygamesim: Out; covers: Out - Undisclosed - Jones is out of commission due to an undisclosed injury, and is not expected to face the Stanford on Saturday."
rpt-hawaii-carson-brown-202610091403,2026-10-09T14:03:59Z,2026-10-09,Hawai'i,Carson Brown,questionable,injury_report,mygamesim,mygamesim: Questionable
rpt-houston-jaden-yates-202610091403,2026-10-09T14:03:59Z,2026-10-09,Houston,Jaden Yates,out,injury_report,mygamesim,mygamesim: Out
rpt-houston-luke-mcgary-202610091403,2026-10-09T14:03:59Z,2026-10-09,Houston,Luke McGary,out,injury_report,covers,"covers: Out - Shoulder - McGary has been sidelined due to shoulder injury, and he will miss an undetermined length of time."
rpt-illinois-jayshon-platt-202610091403,2026-10-09T14:03:59Z,2026-10-09,Illinois,Jayshon Platt,questionable,injury_report,covers+mygamesim,"mygamesim: Probable; covers: Questionable - Undisclosed - Platt is managing with an undisclosed injury, and it is unknown if he will partake against Michigan State on Sunday, October 11th."
rpt-illinois-kaden-feagin-202610091403,2026-10-09T14:03:59Z,2026-10-09,Illinois,Kaden Feagin,questionable,injury_report,covers,"covers: Questionable - Undisclosed - Feagin is dealing with an undisclosed injury, and it remains to be seen if he will suit up against Michigan State on Sunday."
rpt-indiana-andrew-barker-202610091403,2026-10-09T14:03:59Z,2026-10-09,Indiana,Andrew Barker,out,injury_report,mygamesim,mygamesim: Out
rpt-indiana-lebron-bond-202610091403,2026-10-09T14:03:59Z,2026-10-09,Indiana,Lebron Bond,doubtful,injury_report,covers+mygamesim,"mygamesim: Questionable; covers: Out - Undisclosed - Bond is nursing an undisclosed injury, and he is not projected to play against W. Kentucky on Saturday, September 19th."
rpt-indiana-lee-beebe-202610091403,2026-10-09T14:03:59Z,2026-10-09,Indiana,Lee Beebe Jr.,questionable,injury_report,covers,"covers: Questionable - Undisclosed - Beebe Jr. is dealing with an undisclosed injury, and it is unclear if he will return"
rpt-iowa-tyler-brown-202610091403,2026-10-09T14:03:59Z,2026-10-09,Iowa,Tyler Brown,out,injury_report,mygamesim,mygamesim: Out
rpt-iowa-state-arnold-barnes-202610091403,2026-10-09T14:03:59Z,2026-10-09,Iowa State,Arnold Barnes III,out,injury_report,mygamesim,mygamesim: Out
rpt-iowa-state-christian-greenlaw-202610091403,2026-10-09T14:03:59Z,2026-10-09,Iowa State,Christian Greenlaw,questionable,injury_report,covers+mygamesim,"mygamesim: Probable; covers: Questionable - Undisclosed - Greenlaw is nursing with an undisclosed injury, and it is undetermined if he will face BYU on Friday."
rpt-iowa-state-drew-surges-202610091403,2026-10-09T14:03:59Z,2026-10-09,Iowa State,Drew Surges,out,injury_report,mygamesim,mygamesim: Out
rpt-iowa-state-easton-miller-202610091403,2026-10-09T14:03:59Z,2026-10-09,Iowa State,Easton Miller,questionable,injury_report,covers,"covers: Questionable - Undisclosed - Miller is dealing with a Undisclosed injury, but he is expected to suit up against the Cougars on Saturday."
rpt-jacksonville-state-andrew-paul-202610091403,2026-10-09T14:03:59Z,2026-10-09,Jacksonville State,Andrew Paul,out,injury_report,covers+mygamesim,"mygamesim: Out; covers: Out - Undisclosed - Paul is battling with an undisclosed injury, and he is likely to miss the remainder of the season."
rpt-james-madison-corey-scott-202610091403,2026-10-09T14:03:59Z,2026-10-09,James Madison,Corey Scott,out,injury_report,mygamesim,mygamesim: Out
rpt-james-madison-jc-evans-202610091403,2026-10-09T14:03:59Z,2026-10-09,James Madison,JC Evans,questionable,injury_report,covers,"covers: Questionable - Wrist - Evans is dealing with a wrist injury, and it remains to be seen if he will be active against Georgia Southern on Saturday, October 11th."
rpt-james-madison-zaron-collins-202610091403,2026-10-09T14:03:59Z,2026-10-09,James Madison,Za'Ron Collins,questionable,injury_report,covers,"covers: Questionable - Undisclosed - Collins is dealing with an undisclosed injury, and it remains to be seen if he will be active against Georgia Southern on Saturday."
rpt-kansas-carter-moses-202610091403,2026-10-09T14:03:59Z,2026-10-09,Kansas,Carter Moses,out,injury_report,covers+mygamesim,"mygamesim: Doubtful; covers: Out - Undisclosed - Moses is dealing with an undisclosed injury, and it is unclear if he will play against Middle Tennessee State on Saturday."
rpt-kansas-jailen-butler-202610091403,2026-10-09T14:03:59Z,2026-10-09,Kansas,Jailen Butler,questionable,injury_report,covers,"covers: Questionable - Undisclosed - Butler exited the game with an undisclosed injury, and it is yet to be established if he will suit up against Utah Utes on October 10rd."
rpt-kansas-tate-nagy-202610091403,2026-10-09T14:03:59Z,2026-10-09,Kansas,Tate Nagy,questionable,injury_report,covers,"covers: Questionable - Undisclosed - Nagy is managing with an undisclsoed injury, and it has yet to be determined if he will face Utah on Saturday."
rpt-kansas-state-will-anciaux-202610091403,2026-10-09T14:03:59Z,2026-10-09,Kansas State,Will Anciaux,out,injury_report,covers+mygamesim,"mygamesim: Out; covers: Out - Leg - Anciaux is nursing with a lower leg injury, and he will be idle for the remainder of the season."
rpt-kentucky-antwan-smith-202610091403,2026-10-09T14:03:59Z,2026-10-09,Kentucky,Antwan Smith,out,injury_report,mygamesim,mygamesim: Out
rpt-kentucky-dj-miller-202610091403,2026-10-09T14:03:59Z,2026-10-09,Kentucky,DJ Miller,questionable,injury_report,covers,"covers: Questionable - Leg - Miller has been out of the lineup due to a leg injury, and it remains to be seen if he will be available against LSU on Saturday."
rpt-lsu-charles-ross-202610091403,2026-10-09T14:03:59Z,2026-10-09,LSU,Charles Ross II,out,injury_report,mygamesim,mygamesim: Out
rpt-lsu-phillip-wright-202610091403,2026-10-09T14:03:59Z,2026-10-09,LSU,Phillip Wright III,out,injury_report,covers+mygamesim,"mygamesim: Out; covers: Out - Undisclosed - Wright III is hampered by an undisclosed injury, and he is likely to miss the remainder of the season."
rpt-lsu-treydez-green-202610091403,2026-10-09T14:03:59Z,2026-10-09,LSU,Trey'Dez Green,doubtful,injury_report,covers+mygamesim,"mygamesim: Out; covers: Questionable - Undisclosed - Green is dealing with an undisclosed injury, and it remains to be seen if he will play against Kentucky on Saturday."
rpt-liberty-jiquavious-marshall-202610091403,2026-10-09T14:03:59Z,2026-10-09,Liberty,Jiquavious Marshall,out,injury_report,covers+mygamesim,"mygamesim: Out; covers: Out - Leg - Marshall is hampered by leg injury, and he will be idle for the remainder of the season."
rpt-louisiana-darrell-smith-202610091403,2026-10-09T14:03:59Z,2026-10-09,Louisiana,Darrell Smith,out,injury_report,covers,"covers: Out - Undisclosed - Smith is fighting off an undisclosed injury, and he will be idle for the remainder of the season."
rpt-louisiana-jacorian-norris-202610091403,2026-10-09T14:03:59Z,2026-10-09,Louisiana,Ja'Corian Norris,out,injury_report,covers,"covers: Out - Undisclosed - Norris is laid up with an undisclosed injury, and he is unlikely to suit up against Louisiana Tech on Saturday."
rpt-louisiana-tech-jaden-miller-202610091403,2026-10-09T14:03:59Z,2026-10-09,Louisiana Tech,Jaden Miller,questionable,injury_report,covers,"covers: Questionable - Undisclosed - Miller is nursing an undisclosed injury, and is left out for Sunday's game against the Ragin Cajuns."
rpt-louisville-cason-henry-202610091403,2026-10-09T14:03:59Z,2026-10-09,Louisville,Cason Henry,questionable,injury_report,mygamesim,mygamesim: Questionable
rpt-louisville-daylen-russell-202610091403,2026-10-09T14:03:59Z,2026-10-09,Louisville,Daylen Russell,questionable,injury_report,mygamesim,mygamesim: Questionable
rpt-louisville-keyjuan-brown-202610091403,2026-10-09T14:03:59Z,2026-10-09,Louisville,Keyjuan Brown,questionable,injury_report,covers+mygamesim+rotowire,"mygamesim: Questionable; covers: Probable - Undisclosed - Brown is managing with an undisclosed injury , but it is expected to play against the North Carolina State on Saturday.; rotowire: Questionable - Return Oct 9th"
rpt-maryland-amari-jackson-202610091403,2026-10-09T14:03:59Z,2026-10-09,Maryland,Amari Jackson,questionable,injury_report,mygamesim,mygamesim: Questionable
rpt-maryland-bryce-jenkins-202610091403,2026-10-09T14:03:59Z,2026-10-09,Maryland,Bryce Jenkins,doubtful,injury_report,mygamesim,mygamesim: Doubtful
rpt-maryland-jamare-glasker-202610091403,2026-10-09T14:03:59Z,2026-10-09,Maryland,Jamare Glasker,questionable,injury_report,mygamesim,mygamesim: Questionable
rpt-maryland-preston-howard-202610091403,2026-10-09T14:03:59Z,2026-10-09,Maryland,Preston Howard,questionable,injury_report,covers+mygamesim,"mygamesim: Probable; covers: Questionable - Undisclosed - Howard is dealing with an undisclosed injury, and it is unclear whether he will face against the Ohio State on Saturday."
rpt-massachusetts-jordan-washington-202610091403,2026-10-09T14:03:59Z,2026-10-09,Massachusetts,Jordan Washington,questionable,injury_report,mygamesim,mygamesim: Questionable
rpt-miami-oh-christian-ross-202610091403,2026-10-09T14:03:59Z,2026-10-09,Miami (OH),Christian Ross,doubtful,injury_report,covers+mygamesim,"mygamesim: Questionable; covers: Out - Undisclosed - Ross is nursing with an undisclosed injury, and he is not projected to face against the the Bowling Green on Saturday."
rpt-miami-oh-david-mccomb-202610091403,2026-10-09T14:03:59Z,2026-10-09,Miami (OH),David McComb,doubtful,injury_report,covers+mygamesim,"mygamesim: Questionable; covers: Out - Upper Body - McComb is nursing an upper body injury, and he is not expected to be active against Bowling Green on Saturday, October 3rd."
rpt-michigan-state-caleb-wheatland-202610091403,2026-10-09T14:03:59Z,2026-10-09,Michigan State,Caleb Wheatland,out,injury_report,covers+mygamesim,"mygamesim: Out; covers: Out - Undisclosed - Wheatland is tending to an undisclosed injury, and he is not expected to be active against Illinois on Saturday."
rpt-michigan-state-jordan-hall-202610091403,2026-10-09T14:03:59Z,2026-10-09,Michigan State,Jordan Hall,questionable,injury_report,mygamesim,mygamesim: Questionable
rpt-minnesota-donielle-hayes-202610091403,2026-10-09T14:03:59Z,2026-10-09,Minnesota,Donielle Hayes,out,injury_report,mygamesim,mygamesim: Out
rpt-mississippi-state-ayden-williams-202610091403,2026-10-09T14:03:59Z,2026-10-09,Mississippi State,Ayden Williams,questionable,injury_report,mygamesim,mygamesim: Questionable
rpt-mississippi-state-jamari-freeman-202610091403,2026-10-09T14:03:59Z,2026-10-09,Mississippi State,Jamari Freeman,questionable,injury_report,covers,"covers: Questionable - Undisclosed - Freeman is managing with an undisclosed injury, and it remains to be seen if he will be active against LSU on Saturday, October 10th."
rpt-missouri-damarion-fowlkes-202610091403,2026-10-09T14:03:59Z,2026-10-09,Missouri,DaMarion Fowlkes,questionable,injury_report,mygamesim,mygamesim: Questionable
rpt-missouri-darris-smith-202610091403,2026-10-09T14:03:59Z,2026-10-09,Missouri,Darris Smith,doubtful,injury_report,covers+mygamesim,"mygamesim: Questionable; covers: Out - Undisclosed - Smith is dealing with an undisclosed injury, and he is not projected to play against the Gators on Saturday, October 3rd."
rpt-missouri-langden-kitchen-202610091403,2026-10-09T14:03:59Z,2026-10-09,Missouri,Langden Kitchen,doubtful,injury_report,covers+mygamesim,"mygamesim: Questionable; covers: Out - Undisclosed - Kitchen is hobbled by an undisclosed injury, and he is unlikely to suit up against the Gators on Saturday, October 3rd ."
rpt-nc-state-duke-scott-202610091403,2026-10-09T14:03:59Z,2026-10-09,NC State,Duke Scott,out,injury_report,mygamesim,mygamesim: Out
rpt-nc-state-kamen-smith-202610091403,2026-10-09T14:03:59Z,2026-10-09,NC State,Kamen Smith,questionable,injury_report,mygamesim,mygamesim: Questionable
rpt-nc-state-tristan-teasdell-202610091403,2026-10-09T14:03:59Z,2026-10-09,NC State,Tristan Teasdell,out,injury_report,mygamesim,mygamesim: Out
rpt-nc-state-vander-ploog-202610091403,2026-10-09T14:03:59Z,2026-10-09,NC State,Vander Ploog,out,injury_report,mygamesim,mygamesim: Out
rpt-nc-state-yousef-mugharbil-202610091403,2026-10-09T14:03:59Z,2026-10-09,NC State,Yousef Mugharbil,out,injury_report,mygamesim,mygamesim: Out
rpt-navy-landon-walker-202610091403,2026-10-09T14:03:59Z,2026-10-09,Navy,Landon Walker,questionable,injury_report,covers+mygamesim,"mygamesim: Questionable; covers: Questionable - Undisclosed - Walker is nursing with an undisclosed injury, and it is unclear whether he will play against Tulsa on Saturday, October 10rd."
rpt-nebraska-carter-nelson-202610091403,2026-10-09T14:03:59Z,2026-10-09,Nebraska,Carter Nelson,questionable,injury_report,covers+mygamesim,"mygamesim: Questionable; covers: Questionable - Leg - Nelson is dealing with an undisclosed injury, but he is expected to play Saturday against the Indiana."
rpt-nebraska-jamal-rule-202610091403,2026-10-09T14:03:59Z,2026-10-09,Nebraska,Jamal Rule,questionable,injury_report,covers,"covers: Questionable - Undisclosed - Rule is dealing with an undisclosed injury, but he is expected to play Saturday against the Indiana."
rpt-nebraska-riley-van-poppel-202610091403,2026-10-09T14:03:59Z,2026-10-09,Nebraska,Riley Van Poppel,questionable,injury_report,mygamesim,mygamesim: Questionable
rpt-new-mexico-darrion-bowers-202610091403,2026-10-09T14:03:59Z,2026-10-09,New Mexico,Darrion Bowers,questionable,injury_report,covers,"covers: Questionable - Undisclosed - Bowers is battling with an undisclsoed injury, and it remains to be seen if he will be active against New Mexico State on Saturday."
rpt-new-mexico-miles-williams-202610091403,2026-10-09T14:03:59Z,2026-10-09,New Mexico,Miles Williams,questionable,injury_report,mygamesim,mygamesim: Questionable
rpt-new-mexico-shawn-miller-202610091403,2026-10-09T14:03:59Z,2026-10-09,New Mexico,Shawn Miller,doubtful,injury_report,covers+mygamesim,"mygamesim: Questionable; covers: Out - Undisclosed - Miller is dealing with an undisclosed injury, and there is no timetable for recovery."
rpt-north-carolina-ade-willie-202610091403,2026-10-09T14:03:59Z,2026-10-09,North Carolina,Ade Willie,questionable,injury_report,mygamesim,mygamesim: Questionable
rpt-north-carolina-isaiah-johnson-202610091403,2026-10-09T14:03:59Z,2026-10-09,North Carolina,Isaiah Johnson,questionable,injury_report,mygamesim,mygamesim: Questionable
rpt-north-carolina-jaxxon-warren-202610091403,2026-10-09T14:03:59Z,2026-10-09,North Carolina,Jaxxon Warren,out,injury_report,covers+mygamesim,"mygamesim: Out; covers: Out - Undisclosed - Warren is managing with an undisclosed injury, and he will miss an undetermined length of time."
rpt-north-carolina-jaylen-harvey-202610091403,2026-10-09T14:03:59Z,2026-10-09,North Carolina,Jaylen Harvey,questionable,injury_report,mygamesim,mygamesim: Questionable
rpt-north-texas-josiah-martin-202610091403,2026-10-09T14:03:59Z,2026-10-09,North Texas,Josiah Martin,questionable,injury_report,covers,"covers: Questionable - Undisclosed - Martin is dealing with an undisclosed injury, and it remains to be seen if he will be active against 49ers on Saturday, October 10th."
rpt-northern-illinois-rickey-taylor-202610091403,2026-10-09T14:03:59Z,2026-10-09,Northern Illinois,Rickey Taylor Jr.,out,injury_report,mygamesim,mygamesim: Out
rpt-northwestern-damon-walters-202610091403,2026-10-09T14:03:59Z,2026-10-09,Northwestern,Damon Walters,out,injury_report,mygamesim,mygamesim: Out
rpt-northwestern-luke-dehnicke-202610091403,2026-10-09T14:03:59Z,2026-10-09,Northwestern,Luke Dehnicke,doubtful,injury_report,covers+mygamesim,"mygamesim: Questionable; covers: Out - Undisclosed - Dehnicke is dealing with an undisclosed injury, and he is not projected to play against Penn State on Friday, October 2nd."
rpt-notre-dame-kyngstonn-viliamu-asa-202610091403,2026-10-09T14:03:59Z,2026-10-09,Notre Dame,Kyngstonn Viliamu-Asa,out,injury_report,covers+mygamesim,"mygamesim: Out; covers: Out - Thumb - Viliamu-Asa is nursing with a thumb injury, and it is not anticipated that he will suit up against Stanford on Saturday."
rpt-notre-dame-leonard-moore-202610091403,2026-10-09T14:03:59Z,2026-10-09,Notre Dame,Leonard Moore,questionable,injury_report,covers+mygamesim,"mygamesim: Questionable; covers: Questionable - Concussion - Moore is dealing with a concussion injury, and it has yet to be established if he will play against Stanford on Saturday."
rpt-ohio-nick-poulos-202610091403,2026-10-09T14:03:59Z,2026-10-09,Ohio,Nick Poulos,questionable,injury_report,covers+mygamesim,"mygamesim: Questionable; covers: Questionable - Undisclosed - Poulos is nursing an undisclosed injury, and it is uncertain if he will face Central Michigan on Saturday, October 10th."
rpt-ohio-state-bennett-christian-202610091403,2026-10-09T14:03:59Z,2026-10-09,Ohio State,Bennett Christian,questionable,injury_report,covers,"covers: Questionable - Undisclosed - Bennett is dealing with an undisclosed injury, and it is unclear if he will suit up against Maryland on Sunday October 11th."
rpt-ohio-state-brandon-inniss-202610091403,2026-10-09T14:03:59Z,2026-10-09,Ohio State,Brandon Inniss,questionable,injury_report,mygamesim,mygamesim: Questionable
rpt-ohio-state-christian-alliegro-202610091403,2026-10-09T14:03:59Z,2026-10-09,Ohio State,Christian Alliegro,questionable,injury_report,mygamesim,mygamesim: Questionable
rpt-ohio-state-devin-mccuin-202610091403,2026-10-09T14:03:59Z,2026-10-09,Ohio State,Devin McCuin,questionable,injury_report,mygamesim,mygamesim: Questionable
rpt-ohio-state-phillip-daniels-202610091403,2026-10-09T14:03:59Z,2026-10-09,Ohio State,Phillip Daniels,questionable,injury_report,mygamesim,mygamesim: Questionable
rpt-ohio-state-terry-moore-202610091403,2026-10-09T14:03:59Z,2026-10-09,Ohio State,Terry Moore,questionable,injury_report,mygamesim,mygamesim: Questionable
rpt-oklahoma-jacobe-johnson-202610091403,2026-10-09T14:03:59Z,2026-10-09,Oklahoma,Jacobe Johnson,out,injury_report,mygamesim,mygamesim: Out
rpt-oklahoma-michael-fasusi-202610091403,2026-10-09T14:03:59Z,2026-10-09,Oklahoma,Michael Fasusi,doubtful,injury_report,mygamesim,mygamesim: Doubtful
rpt-oklahoma-trynae-washington-202610091403,2026-10-09T14:03:59Z,2026-10-09,Oklahoma,Trynae Washington,doubtful,injury_report,mygamesim,mygamesim: Doubtful
rpt-oklahoma-xavier-robinson-202610091403,2026-10-09T14:03:59Z,2026-10-09,Oklahoma,Xavier Robinson,out,injury_report,mygamesim,mygamesim: Out
rpt-oklahoma-state-johnny-dickson-202610091403,2026-10-09T14:03:59Z,2026-10-09,Oklahoma State,Johnny Dickson III,questionable,injury_report,mygamesim,mygamesim: Questionable
rpt-oklahoma-state-wyatt-young-202610091403,2026-10-09T14:03:59Z,2026-10-09,Oklahoma State,Wyatt Young,questionable,injury_report,mygamesim,mygamesim: Questionable
rpt-old-dominion-jj-harrell-202610091403,2026-10-09T14:03:59Z,2026-10-09,Old Dominion,JJ Harrell,out,injury_report,mygamesim,mygamesim: Out
rpt-old-dominion-tj-johnson-202610091403,2026-10-09T14:03:59Z,2026-10-09,Old Dominion,TJ Johnson,questionable,injury_report,mygamesim,mygamesim: Questionable
rpt-oregon-aaron-flowers-202610091403,2026-10-09T14:03:59Z,2026-10-09,Oregon,Aaron Flowers,doubtful,injury_report,mygamesim,mygamesim: Doubtful
rpt-oregon-aaron-scott-202610091403,2026-10-09T14:03:59Z,2026-10-09,Oregon,Aaron Scott Jr.,questionable,injury_report,mygamesim,mygamesim: Questionable
rpt-oregon-dante-moore-202610091403,2026-10-09T14:03:59Z,2026-10-09,Oregon,Dante Moore,out,injury_report,mygamesim,mygamesim: Out
rpt-oregon-kendre-harrison-202610091403,2026-10-09T14:03:59Z,2026-10-09,Oregon,Kendre Harrison,questionable,injury_report,covers,"covers: Questionable - Undisclosed - Harrison is dealing with an undisclosed injury, and it is unclear whether he will play against UCLA on Saturday, October 10th."
rpt-oregon-state-kourdey-glass-202610091403,2026-10-09T14:03:59Z,2026-10-09,Oregon State,Kourdey Glass,out,injury_report,covers,"covers: Out - Undisclosed - Glass is sidelined due to an undisclosed injury, and is not expected to face the Colorado State on Saturday."
rpt-oregon-state-xayvion-noland-202610091403,2026-10-09T14:03:59Z,2026-10-09,Oregon State,Xayvion Noland,questionable,injury_report,mygamesim,mygamesim: Questionable
rpt-penn-state-brian-kortovich-202610091403,2026-10-09T14:03:59Z,2026-10-09,Penn State,Brian Kortovich,questionable,injury_report,covers,"covers: Questionable - Undisclosed - Kortovich is hobbled by an undisclosed injury, and it remains to be seen if he will be available against Northwestern on Friday, October 2th."
rpt-pittsburgh-elijah-lagg-202610091403,2026-10-09T14:03:59Z,2026-10-09,Pittsburgh,Elijah Lagg,doubtful,injury_report,covers+mygamesim,"mygamesim: Out; covers: Questionable - Undisclosed - Lagg is nursing with an undisclosed injury, and it is up in the air if he will play against North Carolina on Saturday, October 10th."
rpt-pittsburgh-josh-guerrier-202610091403,2026-10-09T14:03:59Z,2026-10-09,Pittsburgh,Josh Guerrier,questionable,injury_report,mygamesim,mygamesim: Questionable
rpt-pittsburgh-justin-cook-202610091403,2026-10-09T14:03:59Z,2026-10-09,Pittsburgh,Justin Cook,questionable,injury_report,covers,"covers: Questionable - Undisclosed - Cook is nursing with an undisclosed injury, and it is up in the air if he will play against North Carolina on Saturday, October 10th."
rpt-pittsburgh-malik-knight-202610091403,2026-10-09T14:03:59Z,2026-10-09,Pittsburgh,Malik Knight,doubtful,injury_report,covers+mygamesim,"mygamesim: Questionable; covers: Out - Undisclosed - Knight is dealing with an undisclosed injury, and there is no timetable for his return."
rpt-rice-davis-lane-202610091403,2026-10-09T14:03:59Z,2026-10-09,Rice,Davis Lane,questionable,injury_report,covers+mygamesim,"mygamesim: Questionable; covers: Questionable - Undisclosed - Lane is battling with an undisclosed injury, and it is uncertain if he will play against Fresno State on Saturday."
rpt-rutgers-dylan-lonergan-202610091403,2026-10-09T14:03:59Z,2026-10-09,Rutgers,Dylan Lonergan,doubtful,injury_report,covers+mygamesim,"mygamesim: Questionable; covers: Out - Head - Lonergan is dealing with an head injury, and there is no timetable for his return."
rpt-rutgers-kevyn-humes-202610091403,2026-10-09T14:03:59Z,2026-10-09,Rutgers,Kevyn Humes,out,injury_report,mygamesim,mygamesim: Out
rpt-smu-jaylen-moses-202610091403,2026-10-09T14:03:59Z,2026-10-09,SMU,Jaylen Moses,out,injury_report,mygamesim,mygamesim: Out
rpt-smu-link-rhodes-202610091403,2026-10-09T14:03:59Z,2026-10-09,SMU,Link Rhodes,doubtful,injury_report,covers+mygamesim,"mygamesim: Out; covers: Out - Knee - Rhodes has been out of the lineup with a tore ACL injury, and he will be out of commission for the remainder of the season."
rpt-sam-houston-max-whisner-202610091403,2026-10-09T14:03:59Z,2026-10-09,Sam Houston,Max Whisner,questionable,injury_report,mygamesim,mygamesim: Questionable
rpt-san-diego-state-donovan-brown-202610091403,2026-10-09T14:03:59Z,2026-10-09,San Diego State,Donovan Brown,questionable,injury_report,covers+mygamesim,"mygamesim: Questionable; covers: Questionable - Undisclosed - Brown is dealing with an undisclosed injury, and it is unclear if he will play against the Oregon State on Saturday."
rpt-san-diego-state-javion-kinnard-202610091403,2026-10-09T14:03:59Z,2026-10-09,San Diego State,Javion Kinnard,questionable,injury_report,covers+mygamesim,"mygamesim: Questionable; covers: Questionable - Knee - Kinnard is dealing with a knee injury, and it is unclear if he will play against the Beavers on Sunday"
rpt-san-diego-state-justius-lowe-202610091403,2026-10-09T14:03:59Z,2026-10-09,San Diego State,Justius Lowe,questionable,injury_report,mygamesim,mygamesim: Questionable
rpt-san-diego-state-kime-fangupo-202610091403,2026-10-09T14:03:59Z,2026-10-09,San Diego State,Kime Fangupo,doubtful,injury_report,mygamesim,mygamesim: Doubtful
rpt-san-diego-state-lucky-sutton-202610091403,2026-10-09T14:03:59Z,2026-10-09,San Diego State,Lucky Sutton,questionable,injury_report,covers+mygamesim,"mygamesim: Questionable; covers: Questionable - Ankle - Sutton is dealing with an ankle injury, and it is unclear if he will play against the Bobcats on Saturday."
rpt-san-diego-state-nathan-acevedo-202610091403,2026-10-09T14:03:59Z,2026-10-09,San Diego State,Nathan Acevedo,doubtful,injury_report,covers+mygamesim,mygamesim: Doubtful; covers: Doubtful - Undisclosed - Acevedo is nursing with an undisclosed injury and he is not projected to be active against the Oregon State on Saturday.
rpt-san-diego-state-ryan-wolfer-202610091403,2026-10-09T14:03:59Z,2026-10-09,San Diego State,Ryan Wolfer,doubtful,injury_report,covers+mygamesim,"mygamesim: Doubtful; covers: Questionable - Undisclosed - Wolfer is dealing with an undisclosed injury, and it is unclear if he will play against the Bobcats on Saturday."
rpt-san-jose-state-cooper-hoch-202610091403,2026-10-09T14:03:59Z,2026-10-09,San José State,Cooper Hoch,questionable,injury_report,mygamesim,mygamesim: Questionable
rpt-south-alabama-devin-white-202610091403,2026-10-09T14:03:59Z,2026-10-09,South Alabama,Devin White,questionable,injury_report,covers+mygamesim,"mygamesim: Questionable; covers: Questionable - Undisclosed - White is dealing with an undisclosed injury, and it is unclear if he will play against the Marshall on Tuesday, October 22nd."
rpt-south-carolina-carter-miller-202610091403,2026-10-09T14:03:59Z,2026-10-09,South Carolina,Carter Miller,doubtful,injury_report,mygamesim,mygamesim: Doubtful
rpt-south-carolina-gabriel-brownlow-dindy-202610091403,2026-10-09T14:03:59Z,2026-10-09,South Carolina,Gabriel Brownlow-Dindy,doubtful,injury_report,covers+mygamesim,"mygamesim: Doubtful; covers: Questionable - Upper Body - Brownlow-Dindy is nursing with a upper body injury, and it is uncertain if he will play against Florida on Saturday."
rpt-south-carolina-mazeo-bennett-202610091403,2026-10-09T14:03:59Z,2026-10-09,South Carolina,Mazeo Bennett Jr.,questionable,injury_report,covers+mygamesim,"mygamesim: Probable; covers: Questionable - Undisclosed - Bennett is dealing with an undisclosed injury, and it is unclear if he will suit up against the Florida on Saturday."
rpt-south-carolina-quaysheed-scott-202610091403,2026-10-09T14:03:59Z,2026-10-09,South Carolina,Quay'sheed Scott,doubtful,injury_report,mygamesim,mygamesim: Doubtful
rpt-southern-miss-ethan-hampton-202610091403,2026-10-09T14:03:59Z,2026-10-09,Southern Miss,Ethan Hampton,out,injury_report,covers+mygamesim,"mygamesim: Out; covers: Out - Hand - Hampton is nursing with a hand injury, and a timetable for return has yet to be established."
rpt-southern-miss-grant-page-202610091403,2026-10-09T14:03:59Z,2026-10-09,Southern Miss,Grant Page,doubtful,injury_report,covers+mygamesim,"mygamesim: Questionable; covers: Out - Elbow - Page is sidelined due to a dislocated elbow, and team officials have yet to provide an exact return date."
rpt-southern-miss-jaylen-himes-202610091403,2026-10-09T14:03:59Z,2026-10-09,Southern Miss,Jaylen Himes,out,injury_report,covers+mygamesim,"mygamesim: Out; covers: Out - Foot - Himes is out of commission due to a foot injury, and he will miss an extended period."
rpt-syracuse-ahmad-miller-202610091403,2026-10-09T14:03:59Z,2026-10-09,Syracuse,Ahmad Miller,questionable,injury_report,mygamesim,mygamesim: Questionable
rpt-syracuse-amari-odom-202610091403,2026-10-09T14:03:59Z,2026-10-09,Syracuse,Amari Odom,questionable,injury_report,covers+mygamesim,"mygamesim: Questionable; covers: Questionable - Undisclosed - Odom is bothered by an undisclosed injury, and it is unclear if he will suit up against the Virginia on Saturday."
rpt-syracuse-darien-williams-202610091403,2026-10-09T14:03:59Z,2026-10-09,Syracuse,Darien Williams,out,injury_report,mygamesim,mygamesim: Out
rpt-syracuse-nazir-ward-202610091403,2026-10-09T14:03:59Z,2026-10-09,Syracuse,Nazir Ward,questionable,injury_report,mygamesim,mygamesim: Questionable
rpt-tcu-jeremy-scott-202610091403,2026-10-09T14:03:59Z,2026-10-09,TCU,Jeremy Scott,questionable,injury_report,mygamesim,mygamesim: Questionable
rpt-tcu-joe-pitchford-202610091403,2026-10-09T14:03:59Z,2026-10-09,TCU,Joe Pitchford,doubtful,injury_report,covers+mygamesim,"mygamesim: Questionable; covers: Out - Undisclosed - Pitchford has been out of the lineup due to an undisclosed injury, and he will be not available against Cougars on Saturday."
rpt-tennessee-faizon-brandon-202610091403,2026-10-09T14:03:59Z,2026-10-09,Tennessee,Faizon Brandon,questionable,injury_report,mygamesim,mygamesim: Questionable
rpt-tennessee-javin-gordon-202610091403,2026-10-09T14:03:59Z,2026-10-09,Tennessee,Javin Gordon,questionable,injury_report,covers+mygamesim,"mygamesim: Questionable; covers: Questionable - Leg - Gordon is dealing with a leg injury, and it is unclear whether he will play against Auburn on Saturday, October 3rd."
rpt-texas-kaliq-lockett-202610091403,2026-10-09T14:03:59Z,2026-10-09,Texas,Kaliq Lockett,out,injury_report,covers+mygamesim,"mygamesim: Out; covers: Out - Undisclosed - Lockett is hampered by an undisclosed injury, and he is not expected to play against the Oklahoma on Saturday."
rpt-texas-am-blake-ivy-202610091403,2026-10-09T14:03:59Z,2026-10-09,Texas A&M,Blake Ivy,out,injury_report,covers+mygamesim,"mygamesim: Out; covers: Out - Undisclosed - Ivy is dealing with an undisclosed injury, and he will be out of the lineup against Missouri on Saturday."
rpt-texas-state-jordan-sample-202610091403,2026-10-09T14:03:59Z,2026-10-09,Texas State,Jordan Sample,questionable,injury_report,covers,"covers: Questionable - Undisclosed - Sample is dealing with an undisclosed injury, and it is unknown if he will play against San Diego State on Saturday, October 3th."
rpt-texas-tech-cameron-dickey-202610091403,2026-10-09T14:03:59Z,2026-10-09,Texas Tech,Cameron Dickey,doubtful,injury_report,covers+mygamesim,"mygamesim: Questionable; covers: Out - Ankle - Dickey is battling with a sprained ankle injury, and there is no timetable for his return."
rpt-texas-tech-thomas-castellanos-202610091403,2026-10-09T14:03:59Z,2026-10-09,Texas Tech,Thomas Castellanos,questionable,injury_report,mygamesim,mygamesim: Questionable
rpt-toledo-corey-smith-202610091403,2026-10-09T14:03:59Z,2026-10-09,Toledo,Corey Smith,questionable,injury_report,mygamesim,mygamesim: Questionable
rpt-toledo-trenton-jones-202610091403,2026-10-09T14:03:59Z,2026-10-09,Toledo,Trenton Jones,questionable,injury_report,covers+mygamesim,"mygamesim: Questionable; covers: Questionable - Undisclosed - Jones is nursing with an undisclosed injury, and it remains to be seen if he will be available against Buffalo on Saturday, October 10th"
rpt-uab-antonio-ferguson-202610091403,2026-10-09T14:03:59Z,2026-10-09,UAB,Antonio Ferguson,questionable,injury_report,covers+mygamesim,"mygamesim: Questionable; covers: Questionable - Undisclosed - Ferguson is dealing with an undisclosed injury, and it is uncertain if he will play against Tigers on Sunday, October 11th."
rpt-uab-kaleb-brown-202610091403,2026-10-09T14:03:59Z,2026-10-09,UAB,Kaleb Brown,questionable,injury_report,mygamesim,mygamesim: Questionable
rpt-ucf-alonza-barnett-202610091403,2026-10-09T14:03:59Z,2026-10-09,UCF,Alonza Barnett III,questionable,injury_report,covers,"covers: Questionable - Hamstring - Barnett III is managing with an hamstring injury, and it is unclear if he will face Oklahoma St on Saturday."
rpt-ucla-leland-smith-202610091403,2026-10-09T14:03:59Z,2026-10-09,UCLA,Leland Smith,out,injury_report,mygamesim,mygamesim: Out
rpt-ucla-tao-johnson-202610091403,2026-10-09T14:03:59Z,2026-10-09,UCLA,Tao Johnson,questionable,injury_report,covers+mygamesim,"mygamesim: Probable; covers: Questionable - Undisclosed - Johnson is bothered by an undisclosed injury, and it remains to be seen if he will suit up against Terrapins on Friday, September 25th."
rpt-uconn-javon-brown-202610091403,2026-10-09T14:03:59Z,2026-10-09,UConn,Javon Brown,doubtful,injury_report,covers+mygamesim,"mygamesim: Questionable; covers: Out - Concussion - Brown is bothered by a concussion protocol, and he is without a definitive timetable for return."
rpt-uconn-kenji-christian-202610091403,2026-10-09T14:03:59Z,2026-10-09,UConn,Kenji Christian,questionable,injury_report,covers+mygamesim,"mygamesim: Questionable; covers: Questionable - Hamstring - Christian is nursing an Hamstring injury, and it is unclear if he will face Owls on Saturday, October 10th."
rpt-ul-monroe-derrick-jameson-202610091403,2026-10-09T14:03:59Z,2026-10-09,UL Monroe,Derrick Jameson,questionable,injury_report,covers+mygamesim,"mygamesim: Questionable; covers: Questionable - Undisclosed - Jameson is battling with an undisclosed injury, and it remains to be seen if he will be active against the South Alabama on Saturday."
rpt-unlv-deangelo-irvin-202610091403,2026-10-09T14:03:59Z,2026-10-09,UNLV,DeAngelo Irvin Jr.,doubtful,injury_report,covers+mygamesim,"mygamesim: Out; covers: Questionable - Undisclosed - Irvin Jr. is bothered by an undisclosed injury, and it is unclear if he will play against the North Dakota State on Saturday."
rpt-unlv-jaylon-glover-202610091403,2026-10-09T14:03:59Z,2026-10-09,UNLV,Jaylon Glover,out,injury_report,mygamesim,mygamesim: Out
rpt-unlv-taeshaun-lyons-202610091403,2026-10-09T14:03:59Z,2026-10-09,UNLV,Taeshaun Lyons,questionable,injury_report,covers,"covers: Questionable - Undisclosed - Lyons is dealing with an undisclosed injury, and it remains to be seen if he will be available against Bison on Sunday, October 11th."
rpt-usc-jide-abasiri-202610091403,2026-10-09T14:03:59Z,2026-10-09,USC,Jide Abasiri,questionable,injury_report,mygamesim,mygamesim: Questionable
rpt-usc-mark-bowman-202610091403,2026-10-09T14:03:59Z,2026-10-09,USC,Mark Bowman,questionable,injury_report,covers+mygamesim,"mygamesim: Questionable; covers: Questionable - Undisclosed - Bowman is dealing with an undisclosed injury, and it is unclear if he will play against Washington on Saturday."
rpt-usc-terrell-anderson-202610091403,2026-10-09T14:03:59Z,2026-10-09,USC,Terrell Anderson,questionable,injury_report,mygamesim,mygamesim: Questionable
rpt-usc-trent-mosley-202610091403,2026-10-09T14:03:59Z,2026-10-09,USC,Trent Mosley,doubtful,injury_report,covers+mygamesim,"mygamesim: Questionable; covers: Doubtful - Knee - Mosley is dealing with a knee injury, and he is unlikely to play against Washington on Saturday."
rpt-utep-lamar-sperling-202610091403,2026-10-09T14:03:59Z,2026-10-09,UTEP,Lamar Sperling,questionable,injury_report,covers,"covers: Questionable - Undisclosed - Sperling is dealing with an undisclosed injury, and it is unclear if he will play Saturday against the Nevada"
rpt-utah-state-kache-kaio-202610091403,2026-10-09T14:03:59Z,2026-10-09,Utah State,Kache Kaio,questionable,injury_report,covers+mygamesim,"mygamesim: Out; covers: Probable - Undisclosed - Kaio is dealing with an undisclosed injury, but he is expected to suit up Saturday against the Boise State."
rpt-utah-state-nehemiah-washington-202610091403,2026-10-09T14:03:59Z,2026-10-09,Utah State,Nehemiah Washington,out,injury_report,covers+mygamesim,"mygamesim: Out; covers: Out - Undisclosed - Washington is dealing with an undisclosed injury, and he is not expected to suit up against the Washington State on Friday."
rpt-utah-state-nikko-boncore-202610091403,2026-10-09T14:03:59Z,2026-10-09,Utah State,Nikko Boncore,out,injury_report,covers+mygamesim,"mygamesim: Out; covers: Out - Undisclosed - Boncore is dealing with an undisclosed injury, and he has been shut down for the remainder of the season."
rpt-utah-state-rex-haynes-202610091403,2026-10-09T14:03:59Z,2026-10-09,Utah State,Rex Haynes,out,injury_report,covers+mygamesim,"mygamesim: Out; covers: Out - Undisclosed - Haynes is nursing with an undisclosed injury, and is not expected to be active against Washington State on Friday."
rpt-vanderbilt-aaron-bryant-202610091403,2026-10-09T14:03:59Z,2026-10-09,Vanderbilt,Aaron Bryant,out,injury_report,mygamesim,mygamesim: Out
rpt-virginia-devon-baxter-202610091403,2026-10-09T14:03:59Z,2026-10-09,Virginia,Devon Baxter,out,injury_report,mygamesim,mygamesim: Out
rpt-virginia-evan-ward-202610091403,2026-10-09T14:03:59Z,2026-10-09,Virginia,Evan Ward,out,injury_report,mygamesim,mygamesim: Out
rpt-virginia-omillio-agard-202610091403,2026-10-09T14:03:59Z,2026-10-09,Virginia,Omillio Agard,doubtful,injury_report,mygamesim,mygamesim: Doubtful
rpt-virginia-peyton-lewis-202610091403,2026-10-09T14:03:59Z,2026-10-09,Virginia,Peyton Lewis,questionable,injury_report,covers,"covers: Questionable - Undisclosed - Lewis is hampered by an undisclosed injury, and it remains to be seen if he will be available against Syracuse on Saturday, October 3rd."
rpt-virginia-tech-brody-meadows-202610091403,2026-10-09T14:03:59Z,2026-10-09,Virginia Tech,Brody Meadows,questionable,injury_report,mygamesim,mygamesim: Questionable
rpt-west-virginia-cam-ball-202610091403,2026-10-09T14:03:59Z,2026-10-09,West Virginia,Cam Ball,doubtful,injury_report,covers+mygamesim,"mygamesim: Doubtful; covers: Questionable - Undisclosed - Ball is hampered by an undisclosed injury, and it has yet to be established if he will face Arizona on Saturday, October 10th."
rpt-west-virginia-john-neider-202610091403,2026-10-09T14:03:59Z,2026-10-09,West Virginia,John Neider,questionable,injury_report,covers+mygamesim,mygamesim: Probable; covers: Out - Undisclosed - Neider is hampered by an undisclosed injury and he is not expected to play against the Arizona on Saturday.
rpt-western-kentucky-nigel-johnson-202610091403,2026-10-09T14:03:59Z,2026-10-09,Western Kentucky,Nigel Johnson,questionable,injury_report,mygamesim,mygamesim: Questionable
rpt-wisconsin-abu-sama-202610091403,2026-10-09T14:03:59Z,2026-10-09,Wisconsin,Abu Sama III,questionable,injury_report,covers+mygamesim,"mygamesim: Questionable; covers: Questionable - Upper Body - Sama III is nursing an upper body injury, and it is unclear whether he will play against UCLA on Saturday, October 17th."
rpt-wisconsin-jaylon-domingeaux-202610091403,2026-10-09T14:03:59Z,2026-10-09,Wisconsin,Jaylon Domingeaux,questionable,injury_report,covers+mygamesim,"mygamesim: Questionable; covers: Questionable - Undisclosed - Domingeaux is tending to an undisclosed injury, and it has yet to be determined if he will be active against UCLA on Saturday, October 17th."
rpt-wyoming-deion-deblanc-202610091403,2026-10-09T14:03:59Z,2026-10-09,Wyoming,Deion DeBlanc,out,injury_report,covers+mygamesim,"mygamesim: Out; covers: Out - Toe - DeBlanc is dealing with a toe injury, and is not projected to suit up against San Jose State on Friday."
rpt-air-force-jonah-dawson-202610091403-clear,2026-10-09T14:03:59Z,2026-10-09,Air Force,Jonah Dawson,clear,injury_report,absent,No longer on any injury report
rpt-app-state-alex-sanchez-202610091403-clear,2026-10-09T14:03:59Z,2026-10-09,App State,Alex Sanchez,clear,injury_report,absent,No longer on any injury report
rpt-arkansas-state-kenyon-clay-202610091403-clear,2026-10-09T14:03:59Z,2026-10-09,Arkansas State,Kenyon Clay,clear,injury_report,absent,No longer on any injury report
rpt-florida-international-kyle-mcneal-202610091403-clear,2026-10-09T14:03:59Z,2026-10-09,Florida International,Kyle McNeal,clear,injury_report,absent,No longer on any injury report
rpt-georgia-nate-frazier-202610091403-clear,2026-10-09T14:03:59Z,2026-10-09,Georgia,Nate Frazier,clear,injury_report,absent,No longer on any injury report
rpt-georgia-southern-terrance-gibbs-202610091403-clear,2026-10-09T14:03:59Z,2026-10-09,Georgia Southern,Terrance Gibbs,clear,injury_report,absent,No longer on any injury report
rpt-georgia-tech-jaylen-mbakwe-202610091403-clear,2026-10-09T14:03:59Z,2026-10-09,Georgia Tech,Jaylen Mbakwe,clear,injury_report,absent,No longer on any injury report
rpt-georgia-tech-kealan-jones-202610091403-clear,2026-10-09T14:03:59Z,2026-10-09,Georgia Tech,Kealan Jones,clear,injury_report,absent,No longer on any injury report
rpt-georgia-tech-kyle-efford-202610091403-clear,2026-10-09T14:03:59Z,2026-10-09,Georgia Tech,Kyle Efford,clear,injury_report,absent,No longer on any injury report
rpt-hawaii-micah-alejado-202610091403-clear,2026-10-09T14:03:59Z,2026-10-09,Hawai'i,Micah Alejado,clear,injury_report,absent,No longer on any injury report
rpt-indiana-a-j-harris-202610091403-clear,2026-10-09T14:03:59Z,2026-10-09,Indiana,A.J. Harris,clear,injury_report,absent,No longer on any injury report
rpt-lsu-jordan-ross-202610091403-clear,2026-10-09T14:03:59Z,2026-10-09,LSU,Jordan Ross,clear,injury_report,absent,No longer on any injury report
rpt-louisville-koen-entringer-202610091403-clear,2026-10-09T14:03:59Z,2026-10-09,Louisville,Koen Entringer,clear,injury_report,absent,No longer on any injury report
rpt-maryland-dejuan-williams-202610091403-clear,2026-10-09T14:03:59Z,2026-10-09,Maryland,DeJuan Williams,clear,injury_report,absent,No longer on any injury report
rpt-maryland-trey-reddick-202610091403-clear,2026-10-09T14:03:59Z,2026-10-09,Maryland,Trey Reddick,clear,injury_report,absent,No longer on any injury report
rpt-missouri-state-jmariyae-robinson-202610091403-clear,2026-10-09T14:03:59Z,2026-10-09,Missouri State,Jmariyae Robinson,clear,injury_report,absent,No longer on any injury report
rpt-oklahoma-michael-boganowski-202610091403-clear,2026-10-09T14:03:59Z,2026-10-09,Oklahoma,Michael Boganowski,clear,injury_report,absent,No longer on any injury report
rpt-smu-marcellus-barnes-202610091403-clear,2026-10-09T14:03:59Z,2026-10-09,SMU,Marcellus Barnes Jr.,clear,injury_report,absent,No longer on any injury report
rpt-san-diego-state-jackson-ford-202610091403-clear,2026-10-09T14:03:59Z,2026-10-09,San Diego State,Jackson Ford,clear,injury_report,absent,No longer on any injury report
rpt-syracuse-steve-angeli-202610091403-clear,2026-10-09T14:03:59Z,2026-10-09,Syracuse,Steve Angeli,clear,injury_report,absent,No longer on any injury report
rpt-tennessee-nathan-robinson-202610091403-clear,2026-10-09T14:03:59Z,2026-10-09,Tennessee,Nathan Robinson,clear,injury_report,absent,No longer on any injury report
rpt-texas-am-tk-norman-202610091403-clear,2026-10-09T14:03:59Z,2026-10-09,Texas A&M,TK Norman,clear,injury_report,absent,No longer on any injury report
rpt-troy-joe-lott-202610091403-clear,2026-10-09T14:03:59Z,2026-10-09,Troy,Joe Lott,clear,injury_report,absent,No longer on any injury report
rpt-ucla-joshua-phifer-202610091403-clear,2026-10-09T14:03:59Z,2026-10-09,UCLA,Joshua Phifer,clear,injury_report,absent,No longer on any injury report
rpt-usc-alex-graham-202610091403-clear,2026-10-09T14:03:59Z,2026-10-09,USC,Alex Graham,clear,injury_report,absent,No longer on any injury report
rpt-usc-alex-vansumeren-202610091403-clear,2026-10-09T14:03:59Z,2026-10-09,USC,Alex VanSumeren,clear,injury_report,absent,No longer on any injury report
rpt-vanderbilt-jared-curtis-202610091403-clear,2026-10-09T14:03:59Z,2026-10-09,Vanderbilt,Jared Curtis,clear,injury_report,absent,No longer on any injury report
