season,team,f,massey,fbs_games,adj_wins,adj_win_pct,fbs_wins,fbs_win_pct
2014,Air Force,0.12134674635323668,-0.0109147539407037,12,8.0,0.6666666666666666,9,0.75
2014,Akron,-0.3146138858755926,-0.0513752335721978,11,5.0,0.4545454545454545,4,0.3636363636363636
2014,Alabama,0.7126293112772787,0.09141949851284926,13,10.5,0.8076923076923077,11,0.8461538461538461
2014,App State,0.15290595981710492,0.004169834184085464,10,5.5,0.55,6,0.6
2014,Arizona,-0.04263146935997347,-0.0022242080773807278,14,8.0,0.5714285714285714,10,0.7142857142857143
2014,Arizona State,-0.16917553237065142,-0.013532465504191902,12,8.5,0.7083333333333334,9,0.75
2014,Arkansas,0.1961455816948684,0.05582427778989474,12,8.0,0.6666666666666666,6,0.5
2014,Arkansas State,0.0384698552140119,-0.0027796458182243484,12,6.0,0.5,6,0.5
2014,Army,-0.10948549314145878,-0.024202681123175498,10,3.5,0.35,3,0.3
2014,Auburn,0.34382062074929126,0.06850381665912499,12,6.5,0.5416666666666666,7,0.5833333333333334
2014,BYU,0.020669809945798843,-0.006054933879811815,12,7.0,0.5833333333333334,7,0.5833333333333334
2014,Ball State,-0.16920553479131564,-0.03440720334035492,10,4.5,0.45,4,0.4
2014,Baylor,0.37857983454600685,0.04840834153540818,12,9.5,0.7916666666666666,10,0.8333333333333334
2014,Boise State,0.382312688682332,0.015170937900821352,14,11.0,0.7857142857142857,12,0.8571428571428571
2014,Boston College,-0.055908018647418234,0.005919966421949578,12,6.5,0.5416666666666666,6,0.5
2014,Bowling Green,-0.1053449241805493,-0.018987764658604394,13,5.5,0.4230769230769231,7,0.5384615384615384
2014,Buffalo,0.19824667955916475,-0.0008078253341903622,9,4.0,0.4444444444444444,3,0.3333333333333333
2014,California,-0.20046303717944375,-0.012193648574366812,11,4.5,0.4090909090909091,4,0.3636363636363636
2014,Central Michigan,0.04887061902173241,-0.011693739650484553,12,6.0,0.5,6,0.5
2014,Cincinnati,0.10700893748707366,0.000872300938474183,13,7.0,0.5384615384615384,9,0.6923076923076923
2014,Clemson,0.563567196389321,0.05928252002049292,12,8.5,0.7083333333333334,9,0.75
2014,Colorado,-0.19286446629791812,-0.0173374848417311,12,3.5,0.2916666666666667,2,0.1666666666666666
2014,Colorado State,0.3298572746246442,0.005886565388054786,12,7.5,0.625,9,0.75
2014,Duke,-0.1480961306792903,-0.019340629175871756,12,7.5,0.625,8,0.6666666666666666
2014,East Carolina,0.20069116712785406,0.00494641863454522,12,8.0,0.6666666666666666,7,0.5833333333333334
2014,Eastern Michigan,-0.579910039770257,-0.059303899448224194,11,1.0,0.0909090909090909,1,0.0909090909090909
2014,Florida,0.08291625866927038,0.03312693943431251,11,6.0,0.5454545454545454,6,0.5454545454545454
2014,Florida Atlantic,-0.20746149745590262,-0.028287745548131692,12,4.0,0.3333333333333333,3,0.25
2014,Florida International,-0.3969227160558989,-0.050194504452661715,10,4.5,0.45,3,0.3
2014,Florida State,0.22935988649524675,0.03565894855345328,13,8.5,0.6538461538461539,12,0.9230769230769232
2014,Fresno State,-0.13252196147148435,-0.02793990900830292,13,5.0,0.3846153846153846,5,0.3846153846153846
2014,Georgia,0.26682041983601656,0.0520323888271908,12,9.5,0.7916666666666666,9,0.75
2014,Georgia Southern,0.12430110578114087,-0.002943957656662246,11,7.5,0.6818181818181818,8,0.7272727272727273
2014,Georgia State,-0.45696729880760256,-0.04533912572360589,11,1.5,0.1363636363636363,0,0.0
2014,Georgia Tech,-0.18224935951923207,0.0010923808697634685,13,10.0,0.7692307692307693,10,0.7692307692307693
2014,Hawai'i,-0.456236525424686,-0.06092868213965788,12,4.5,0.375,3,0.25
2014,Houston,0.2362447333432881,0.0008025271178099427,12,8.0,0.6666666666666666,7,0.5833333333333334
2014,Idaho,-0.1950285966992379,-0.03035517431112272,11,2.0,0.1818181818181818,1,0.0909090909090909
2014,Illinois,-0.21292093553204608,-0.012447189563787354,12,3.0,0.25,5,0.4166666666666667
2014,Indiana,-0.0757601048936808,-0.002233300757037098,11,3.0,0.2727272727272727,3,0.2727272727272727
2014,Iowa,0.031012014025072015,0.0002848495559549279,12,7.0,0.5833333333333334,6,0.5
2014,Iowa State,-0.5008991394028361,-0.01843160672957566,11,2.5,0.2272727272727272,2,0.1818181818181818
2014,Kansas,-0.31050820921230643,-0.006157730007676669,11,3.0,0.2727272727272727,2,0.1818181818181818
2014,Kansas State,0.20149219582656488,0.04318806921940468,12,7.5,0.625,8,0.6666666666666666
2014,Kent State,-0.3943929736476465,-0.046487618664013935,11,3.0,0.2727272727272727,2,0.1818181818181818
2014,Kentucky,-0.0532932823926838,0.02292012218338138,11,4.5,0.4090909090909091,4,0.3636363636363636
2014,LSU,0.14660085579950902,0.04687721072793477,12,6.5,0.5416666666666666,7,0.5833333333333334
2014,Louisiana,0.30714919389291173,0.01806000783565252,12,7.0,0.5833333333333334,8,0.6666666666666666
2014,Louisiana Tech,0.27945233126989455,0.02094239636045637,13,9.5,0.7307692307692307,9,0.6923076923076923
2014,Louisville,0.4301493210996195,0.04852460360018565,12,8.0,0.6666666666666666,8,0.6666666666666666
2014,Marshall,0.32260210105330234,0.004910855571394232,13,11.5,0.8846153846153846,12,0.9230769230769232
2014,Maryland,-0.11301814244842287,0.0035819857247006122,12,5.0,0.4166666666666667,6,0.5
2014,Massachusetts,0.009257903265505879,-0.022005233786484,12,5.5,0.4583333333333333,3,0.25
2014,Memphis,0.38927175151111615,0.02043558827803662,12,9.0,0.75,9,0.75
2014,Miami,0.18507239571518763,0.024107268847113936,12,6.0,0.5,5,0.4166666666666667
2014,Miami (OH),-0.4199907613850295,-0.0504019935408264,11,3.0,0.2727272727272727,2,0.1818181818181818
2014,Michigan,0.03396816610954348,0.007478217330179507,12,5.0,0.4166666666666667,5,0.4166666666666667
2014,Michigan State,0.34155006378123537,0.03229794279566118,12,9.0,0.75,10,0.8333333333333334
2014,Middle Tennessee,-0.15242136995201358,-0.02412127558421452,11,4.0,0.3636363636363636,5,0.4545454545454545
2014,Minnesota,-0.06686468386370507,0.002414903547019626,12,6.5,0.5416666666666666,7,0.5833333333333334
2014,Mississippi State,0.30926509194668916,0.05409557207120233,12,8.5,0.7083333333333334,9,0.75
2014,Missouri,0.06663863719608118,0.03353722939091325,13,8.5,0.6538461538461539,10,0.7692307692307693
2014,NC State,0.2211307139659334,0.022742119700545307,12,5.5,0.4583333333333333,7,0.5833333333333334
2014,Navy,0.018025846843303373,-0.004398929647195185,12,5.5,0.4583333333333333,7,0.5833333333333334
2014,Nebraska,0.13222836939608937,0.01196202569946234,12,9.0,0.75,8,0.6666666666666666
2014,Nevada,-0.21694542478024353,-0.033999683983186306,12,7.0,0.5833333333333334,6,0.5
2014,New Mexico,-0.3029054714546557,-0.04429262426048537,12,4.0,0.3333333333333333,4,0.3333333333333333
2014,New Mexico State,-0.42700900234939243,-0.048978856059500316,11,2.0,0.1818181818181818,1,0.0909090909090909
2014,North Carolina,-0.12080722068596,-0.00218032025078855,12,3.5,0.2916666666666667,5,0.4166666666666667
2014,North Texas,-0.31755235173376034,-0.042301236897322694,11,3.0,0.2727272727272727,3,0.2727272727272727
2014,Northern Illinois,0.25436222098638406,0.000961669695405719,13,8.0,0.6153846153846154,10,0.7692307692307693
2014,Northwestern,-0.19209679002344618,-0.01617120523877985,11,5.0,0.4545454545454545,4,0.3636363636363636
2014,Notre Dame,0.05833691683292741,0.013018043693211176,13,8.0,0.6153846153846154,8,0.6153846153846154
2014,Ohio,0.006142422505930451,-0.01595490332228935,11,4.0,0.3636363636363636,5,0.4545454545454545
2014,Ohio State,0.7619097874579519,0.06011497735525487,15,12.5,0.8333333333333334,14,0.9333333333333332
2014,Oklahoma,0.2735281297630667,0.04388089949598562,13,9.0,0.6923076923076923,8,0.6153846153846154
2014,Oklahoma State,-0.05969413083054906,0.0172685425252893,12,5.0,0.4166666666666667,6,0.5
2014,Old Dominion,-0.1885787051528102,-0.029985704777453225,11,3.5,0.3181818181818182,5,0.4545454545454545
2014,Ole Miss,0.1670831951311915,0.05600193229146778,12,8.5,0.7083333333333334,8,0.6666666666666666
2014,Oregon,0.49307184729489495,0.042465011278850155,14,12.0,0.8571428571428571,12,0.8571428571428571
2014,Oregon State,-0.25372376286112025,-0.0240953979393348,11,3.5,0.3181818181818182,4,0.3636363636363636
2014,Penn State,-0.05133006359490819,-0.004334540642133535,13,7.0,0.5384615384615384,7,0.5384615384615384
2014,Pittsburgh,0.06925866627728139,-0.002733556252856415,12,7.0,0.5833333333333334,5,0.4166666666666667
2014,Purdue,-0.2939862680565848,-0.022484532757441385,11,3.0,0.2727272727272727,2,0.1818181818181818
2014,Rice,0.01225779316542135,-0.01480583959963347,13,8.5,0.6538461538461539,8,0.6153846153846154
2014,Rutgers,-0.07204602058528957,0.0020066693691103933,12,5.5,0.4583333333333333,7,0.5833333333333334
2014,SMU,-0.6233218979271798,-0.04841132999371399,12,1.0,0.0833333333333333,1,0.0833333333333333
2014,San Diego State,0.12678583633861684,-0.016444246263271255,12,7.0,0.5833333333333334,6,0.5
2014,San José State,-0.26365287547650573,-0.03953939909851849,11,2.0,0.1818181818181818,2,0.1818181818181818
2014,South Alabama,-0.11023605256334994,-0.01524505984790515,13,6.0,0.4615384615384615,6,0.4615384615384615
2014,South Carolina,-0.024020623180111077,0.027172334052867515,12,6.5,0.5416666666666666,6,0.5
2014,South Florida,-0.2944348658986686,-0.029918565133907924,11,2.0,0.1818181818181818,3,0.2727272727272727
2014,Southern Miss,-0.3010096674114537,-0.02123050615494816,11,2.5,0.2272727272727272,2,0.1818181818181818
2014,Stanford,0.3701339072372679,0.03509484628576168,12,8.0,0.6666666666666666,7,0.5833333333333334
2014,Syracuse,-0.3190075298205108,-0.017144034906344835,11,2.5,0.2272727272727272,2,0.1818181818181818
2014,TCU,0.6021339102408816,0.06767609492555365,12,10.0,0.8333333333333334,11,0.9166666666666666
2014,Temple,-0.13343013144687035,-0.020192563315927975,11,6.0,0.5454545454545454,5,0.4545454545454545
2014,Tennessee,0.057707054540756544,0.03380212590167358,12,6.5,0.5416666666666666,6,0.5
2014,Texas,0.016603662580996673,0.023295280920673886,13,6.5,0.5,6,0.4615384615384615
2014,Texas A&M,0.0750866625689633,0.04065716399209528,12,6.0,0.5,7,0.5833333333333334
2014,Texas State,-0.05119711105216619,-0.021519455539876765,11,5.5,0.5,6,0.5454545454545454
2014,Texas Tech,-0.24421181281718451,0.005720750582512143,11,3.0,0.2727272727272727,3,0.2727272727272727
2014,Toledo,0.3204774625861957,0.011785191145430703,12,7.5,0.625,8,0.6666666666666666
2014,Troy,-0.11747991156217655,-0.01863580158391929,11,3.5,0.3181818181818182,3,0.2727272727272727
2014,Tulane,-0.25403075033300615,-0.030236432091376927,11,3.0,0.2727272727272727,2,0.1818181818181818
2014,Tulsa,-0.39586067435722405,-0.04087239704843306,12,2.5,0.2083333333333333,2,0.1666666666666666
2014,UAB,0.051024163906910336,0.000643238112498086,11,4.5,0.4090909090909091,5,0.4545454545454545
2014,UCF,0.2503907979000307,0.008006002484530154,12,7.5,0.625,8,0.6666666666666666
2014,UCLA,0.2827989383522929,0.03441234534913501,13,7.5,0.5769230769230769,10,0.7692307692307693
2014,UConn,-0.29000405176444316,-0.036326300824177246,11,1.5,0.1363636363636363,1,0.0909090909090909
2014,UL Monroe,0.014466804282430416,-0.0002165720456944968,12,5.0,0.4166666666666667,4,0.3333333333333333
2014,UNLV,-0.4850442245757099,-0.06064285481939732,12,1.5,0.125,1,0.0833333333333333
2014,USC,0.3548430516627376,0.027981152585678206,13,8.5,0.6538461538461539,9,0.6923076923076923
2014,UTEP,0.031804272848113976,-0.010613275929106995,13,6.5,0.5,7,0.5384615384615384
2014,UTSA,-0.03250095398491627,-0.016865667095184382,12,4.0,0.3333333333333333,4,0.3333333333333333
2014,Utah,0.0729761384168891,0.011307125362344201,12,6.5,0.5416666666666666,8,0.6666666666666666
2014,Utah State,0.2198340999549813,-0.0020957894189549387,13,9.5,0.7307692307692307,9,0.6923076923076923
2014,Vanderbilt,-0.32391046678573704,-0.007582302228417548,11,2.0,0.1818181818181818,2,0.1818181818181818
2014,Virginia,0.027117522756591482,0.008340199998884565,11,5.5,0.5,4,0.3636363636363636
2014,Virginia Tech,-0.08475797501404808,-0.0023738117651701213,12,7.5,0.625,6,0.5
2014,Wake Forest,-0.3766629244921036,-0.024537116784608057,11,2.0,0.1818181818181818,2,0.1818181818181818
2014,Washington,0.03498385914897838,-0.002257915745501421,13,8.0,0.6153846153846154,7,0.5384615384615384
2014,Washington State,-0.09082386112802449,-0.005479306915476541,11,2.5,0.2272727272727272,2,0.1818181818181818
2014,West Virginia,0.15310681505038862,0.04280117547896741,12,6.5,0.5416666666666666,6,0.5
2014,Western Kentucky,0.22074999239763649,0.0050494237588190275,13,8.5,0.6538461538461539,8,0.6153846153846154
2014,Western Michigan,0.2401750346561325,-0.0003296567698544005,12,7.0,0.5833333333333334,7,0.5833333333333334
2014,Wisconsin,0.28846136608768586,0.02955373441336365,13,10.0,0.7692307692307693,10,0.7692307692307693
2014,Wyoming,-0.33981430808437546,-0.04163570492143107,11,3.0,0.2727272727272727,3,0.2727272727272727
2015,Air Force,0.07070102771765095,-0.010322492628548256,13,6.5,0.5,7,0.5384615384615384
2015,Akron,0.2190610059268988,0.008840168080037864,12,7.0,0.5833333333333334,7,0.5833333333333334
2015,Alabama,0.9969407060874917,0.10421702877723305,14,12.5,0.8928571428571429,13,0.9285714285714286
2015,App State,0.3897886696227558,0.027466534012579837,12,8.5,0.7083333333333334,10,0.8333333333333334
2015,Arizona,-0.09779145534756264,-0.004725938980916959,12,5.5,0.4583333333333333,6,0.5
2015,Arizona State,0.06976493284117265,0.020907494378072246,12,6.5,0.5416666666666666,5,0.4166666666666667
2015,Arkansas,0.340901067622199,0.060034752591384355,12,7.0,0.5833333333333334,7,0.5833333333333334
2015,Arkansas State,0.24890477572844752,0.01752952415445756,12,8.5,0.7083333333333334,8,0.6666666666666666
2015,Army,-0.25328578293904686,-0.0464955149984191,10,4.0,0.4,1,0.1
2015,Auburn,0.009156246641428396,0.036326077047672344,12,7.0,0.5833333333333334,6,0.5
2015,BYU,0.0037612276523834288,0.003798527397617273,12,8.0,0.6666666666666666,8,0.6666666666666666
2015,Ball State,-0.3491593661733556,-0.033502442264447194,11,3.0,0.2727272727272727,2,0.1818181818181818
2015,Baylor,0.5252486203048512,0.044421248203737745,12,9.5,0.7916666666666666,9,0.75
2015,Boise State,0.36349434757143273,0.011318578500120377,12,8.5,0.7083333333333334,8,0.6666666666666666
2015,Boston College,0.1400674790324668,0.02958319515023216,10,3.0,0.3,1,0.1
2015,Bowling Green,0.21655883249371555,0.01198277906329123,14,9.5,0.6785714285714286,10,0.7142857142857143
2015,Buffalo,-0.06031749670837132,-0.017720838640445286,11,4.5,0.4090909090909091,4,0.3636363636363636
2015,California,0.02577706096633305,0.017839772425830736,12,6.0,0.5,7,0.5833333333333334
2015,Central Michigan,-0.1328224350153181,-0.01607088372942242,12,6.5,0.5416666666666666,6,0.5
2015,Charlotte,-0.3594475412966099,-0.05414457082098021,11,1.5,0.1363636363636363,1,0.0909090909090909
2015,Cincinnati,0.017500821049819044,-0.007006382862257377,12,6.5,0.5416666666666666,6,0.5
2015,Clemson,0.6883642278006412,0.07272224350819004,14,11.5,0.8214285714285714,13,0.9285714285714286
2015,Colorado,-0.1797110244195345,-0.01209844821735535,12,4.5,0.375,3,0.25
2015,Colorado State,-0.04763426501452485,-0.022786207761586564,12,6.0,0.5,6,0.5
2015,Duke,-0.07344604891597327,-0.01241218342519055,12,6.0,0.5,7,0.5833333333333334
2015,East Carolina,-0.04204966485386717,-0.015269374635415544,11,5.5,0.5,4,0.3636363636363636
2015,Eastern Michigan,-0.47831645990113414,-0.05158918370277564,12,2.0,0.1666666666666666,1,0.0833333333333333
2015,Florida,0.10727715334273175,0.032512265912006885,14,8.0,0.5714285714285714,10,0.7142857142857143
2015,Florida Atlantic,-0.10403225379807314,-0.03171822340842914,12,4.5,0.375,3,0.25
2015,Florida International,-0.29745692064333373,-0.05111834803303428,11,4.0,0.3636363636363636,4,0.3636363636363636
2015,Florida State,0.378453696260343,0.04482125406366201,12,8.5,0.7083333333333334,9,0.75
2015,Fresno State,-0.3592617740196005,-0.03720736259269583,11,2.0,0.1818181818181818,2,0.1818181818181818
2015,Georgia,0.37589236228102546,0.04908539878045943,12,7.0,0.5833333333333334,9,0.75
2015,Georgia Southern,0.1510582280880984,0.011261239285170485,12,8.5,0.7083333333333334,8,0.6666666666666666
2015,Georgia State,0.08610201088404192,-0.0012633205863753945,12,6.5,0.5416666666666666,6,0.5
2015,Georgia Tech,-0.3085234577181219,-0.01664408343006956,11,4.5,0.4090909090909091,2,0.1818181818181818
2015,Hawai'i,-0.5458862231333234,-0.05670253086206654,12,1.5,0.125,2,0.1666666666666666
2015,Houston,0.4092582336576439,0.01937901339579795,13,11.0,0.8461538461538461,12,0.9230769230769232
2015,Idaho,-0.2394066135218749,-0.022519495000653585,11,3.0,0.2727272727272727,3,0.2727272727272727
2015,Illinois,0.024272916587596362,0.007513060650876305,11,3.0,0.2727272727272727,4,0.3636363636363636
2015,Indiana,0.1121017315687657,0.010402489752134942,12,6.5,0.5416666666666666,5,0.4166666666666667
2015,Iowa,0.2737944668760957,0.019939554966993962,13,9.0,0.6923076923076923,11,0.8461538461538461
2015,Iowa State,-0.35128417249613647,-0.015359223647861374,11,3.5,0.3181818181818182,2,0.1818181818181818
2015,Kansas,-0.7760362126948347,-0.05643064381347615,11,0.5,0.0454545454545454,0,0.0
2015,Kansas State,-0.2922518839030929,-0.01177243494073279,12,5.0,0.4166666666666667,5,0.4166666666666667
2015,Kent State,-0.17794623941691656,-0.0232790514256331,11,2.5,0.2272727272727272,2,0.1818181818181818
2015,Kentucky,0.03167515725356036,0.01966926934838765,11,4.0,0.3636363636363636,4,0.3636363636363636
2015,LSU,0.2410367736006719,0.04866192273966127,12,8.0,0.6666666666666666,9,0.75
2015,Louisiana,0.022999390983645555,-0.002158085725340263,11,3.5,0.3181818181818182,3,0.2727272727272727
2015,Louisiana Tech,0.27367937065645676,0.005225762599934164,12,8.0,0.6666666666666666,8,0.6666666666666666
2015,Louisville,0.1775206627928959,0.03468133635574879,12,6.0,0.5,7,0.5833333333333334
2015,Marshall,-0.010922430909336634,-0.02746299887747833,12,8.5,0.7083333333333334,9,0.75
2015,Maryland,-0.34990490195593815,-0.014682793147284164,11,2.5,0.2272727272727272,2,0.1818181818181818
2015,Massachusetts,-0.24910973977007514,-0.032948747760258155,12,4.5,0.375,3,0.25
2015,Memphis,0.12248967941385008,0.007441153992767185,12,7.0,0.5833333333333334,8,0.6666666666666666
2015,Miami,-0.06623894170253164,-0.0005783729815553206,12,6.0,0.5,7,0.5833333333333334
2015,Miami (OH),-0.2376423147648551,-0.029754048397459452,11,3.0,0.2727272727272727,2,0.1818181818181818
2015,Michigan,0.4344316709334589,0.03604782142796875,13,10.0,0.7692307692307693,10,0.7692307692307693
2015,Michigan State,0.09375933565198827,0.020636479608376192,14,9.5,0.6785714285714286,12,0.8571428571428571
2015,Middle Tennessee,-0.07569820752328792,-0.016929667090830783,12,5.5,0.4583333333333333,6,0.5
2015,Minnesota,-0.1687981315349141,-0.0073968522605033305,13,5.5,0.4230769230769231,6,0.4615384615384615
2015,Mississippi State,-0.04021907060363835,0.031953528498647,12,7.5,0.625,8,0.6666666666666666
2015,Missouri,-0.12586641446175134,0.010809175238936248,11,4.0,0.3636363636363636,4,0.3636363636363636
2015,NC State,0.21551417720469973,0.030995038187058326,12,6.5,0.5416666666666666,6,0.5
2015,Navy,0.028684573486885887,-0.00896984421684234,12,9.5,0.7916666666666666,10,0.8333333333333334
2015,Nebraska,0.2423302050635744,0.02090403513205272,13,7.5,0.5769230769230769,6,0.4615384615384615
2015,Nevada,0.010838159595808913,-0.01852732453268939,12,6.0,0.5,6,0.5
2015,New Mexico,-0.19347065161258742,-0.03411470513278896,12,5.5,0.4583333333333333,6,0.5
2015,New Mexico State,-0.4483263493974539,-0.040693597009350775,12,3.5,0.2916666666666667,3,0.25
2015,North Carolina,0.2252731673293227,0.026015697631498916,12,8.5,0.7083333333333334,9,0.75
2015,North Texas,-0.6932872836309129,-0.07406680913515715,11,1.0,0.0909090909090909,1,0.0909090909090909
2015,Northern Illinois,0.020399663605897574,-0.0031528794814643327,13,7.0,0.5384615384615384,7,0.5384615384615384
2015,Northwestern,-0.052494253452542265,0.0046196545117014745,12,6.5,0.5416666666666666,9,0.75
2015,Notre Dame,0.1407065416122521,0.021318144350137905,13,9.0,0.6923076923076923,10,0.7692307692307693
2015,Ohio,0.01554775112609116,-0.0075356004600790095,12,7.0,0.5833333333333334,7,0.5833333333333334
2015,Ohio State,0.572924224454586,0.044078794961686346,13,11.5,0.8846153846153846,12,0.9230769230769232
2015,Oklahoma,0.5204620434424982,0.05169459342277331,13,10.5,0.8076923076923077,11,0.8461538461538461
2015,Oklahoma State,0.1480653301613533,0.021737413440375154,12,7.0,0.5833333333333334,9,0.75
2015,Old Dominion,-0.21910142097740823,-0.039394162866437626,11,3.0,0.2727272727272727,4,0.3636363636363636
2015,Ole Miss,0.6189017410324281,0.07664221381069793,12,8.5,0.7083333333333334,9,0.75
2015,Oregon,0.24750032144663928,0.0350462126694238,12,8.0,0.6666666666666666,8,0.6666666666666666
2015,Oregon State,-0.5167201713184186,-0.03055341454285491,11,1.5,0.1363636363636363,1,0.0909090909090909
2015,Penn State,0.019428589382454498,0.007552083715579071,13,7.0,0.5384615384615384,7,0.5384615384615384
2015,Pittsburgh,0.061379115482223,0.006398415012944511,12,6.5,0.5416666666666666,7,0.5833333333333334
2015,Purdue,-0.3869257074288471,-0.029308676829616624,11,2.5,0.2272727272727272,1,0.0909090909090909
2015,Rice,-0.3186354049987398,-0.04774530927490981,11,3.5,0.3181818181818182,4,0.3636363636363636
2015,Rutgers,-0.28457400078269873,-0.023175964748059236,11,4.0,0.3636363636363636,3,0.2727272727272727
2015,SMU,-0.38191067353882746,-0.040646079701262716,11,2.0,0.1818181818181818,2,0.1818181818181818
2015,San Diego State,0.3697823649822206,0.01022451099281047,13,10.0,0.7692307692307693,10,0.7692307692307693
2015,San José State,-0.028800020246826995,-0.01674631076198252,12,5.5,0.4583333333333333,5,0.4166666666666667
2015,South Alabama,-0.11833262501451214,-0.0059344171685691135,11,2.5,0.2272727272727272,4,0.3636363636363636
2015,South Carolina,-0.2718998318841559,0.0006021793595119755,11,4.5,0.4090909090909091,3,0.2727272727272727
2015,South Florida,0.29563398938857843,0.015748111237807498,12,6.5,0.5416666666666666,7,0.5833333333333334
2015,Southern Miss,0.27775267464227443,0.0022582064928327477,13,8.0,0.6153846153846154,8,0.6153846153846154
2015,Stanford,0.5065540262387045,0.043584790788047854,14,11.5,0.8214285714285714,12,0.8571428571428571
2015,Syracuse,-0.42333507392334524,-0.01755578770280063,11,3.0,0.2727272727272727,3,0.2727272727272727
2015,TCU,0.24083127638002022,0.026341373444314684,12,7.5,0.625,10,0.8333333333333334
2015,Temple,0.1389060547105238,-0.0017846002317326631,14,9.5,0.6785714285714286,10,0.7142857142857143
2015,Tennessee,0.24065881081452972,0.042833738432084614,12,9.0,0.75,8,0.6666666666666666
2015,Texas,-0.01660543541237573,0.0068777284443920185,12,5.5,0.4583333333333333,5,0.4166666666666667
2015,Texas A&M,0.03944801631802126,0.033635878798289214,12,6.5,0.5416666666666666,7,0.5833333333333334
2015,Texas State,-0.3647803525147064,-0.03457203124682334,11,3.0,0.2727272727272727,2,0.1818181818181818
2015,Texas Tech,0.0001313305906053804,0.014086393043971098,12,6.5,0.5416666666666666,6,0.5
2015,Toledo,0.46678342068604134,0.03243063606639301,12,9.5,0.7916666666666666,10,0.8333333333333334
2015,Troy,-0.05604333214183293,-0.0048139130446849055,11,4.5,0.4090909090909091,3,0.2727272727272727
2015,Tulane,-0.25877773719486735,-0.04269929199794218,11,2.0,0.1818181818181818,2,0.1818181818181818
2015,Tulsa,-0.25609126222140677,-0.0357371832323975,13,6.0,0.4615384615384615,6,0.4615384615384615
2015,UCF,-0.5659443374614429,-0.059607548050683724,11,0.5,0.0454545454545454,0,0.0
2015,UCLA,0.2814793396992468,0.02487587475390237,13,7.5,0.5769230769230769,8,0.6153846153846154
2015,UConn,-0.025690530012952864,-0.015437604884463763,12,5.0,0.4166666666666667,5,0.4166666666666667
2015,UL Monroe,-0.47067064611236686,-0.038192313101981956,12,1.5,0.125,1,0.0833333333333333
2015,UNLV,-0.3839069807456319,-0.045132251957164485,11,3.5,0.3181818181818182,2,0.1818181818181818
2015,USC,0.17303304669423064,0.030850666046294373,14,7.5,0.5357142857142857,8,0.5714285714285714
2015,UTEP,-0.1996052162174766,-0.040308194038439785,11,3.0,0.2727272727272727,4,0.3636363636363636
2015,UTSA,-0.2051910860971291,-0.0406535832061649,12,4.5,0.375,3,0.25
2015,Utah,0.29729259124955276,0.031530988426898617,13,9.0,0.6923076923076923,10,0.7692307692307693
2015,Utah State,0.043329850068952847,-0.00199833662404021,12,6.0,0.5,5,0.4166666666666667
2015,Vanderbilt,-0.2662370313272388,0.0021857624999570852,11,2.5,0.2272727272727272,3,0.2727272727272727
2015,Virginia,-0.40358062352612056,-0.030449647451352615,11,4.0,0.3636363636363636,3,0.2727272727272727
2015,Virginia Tech,-0.10206902899976636,-0.008783117503495324,12,6.5,0.5416666666666666,6,0.5
2015,Wake Forest,-0.2696412475741579,-0.0068695758819913725,11,3.0,0.2727272727272727,2,0.1818181818181818
2015,Washington,0.20641920367057315,0.029827390158882996,12,7.0,0.5833333333333334,6,0.5
2015,Washington State,-0.11565193136215421,-0.0045495413436858366,12,7.5,0.625,9,0.75
2015,West Virginia,0.2969998129775804,0.03300685009091937,12,7.0,0.5833333333333334,7,0.5833333333333334
2015,Western Kentucky,0.542280651541366,0.022040952841425498,14,11.5,0.8214285714285714,12,0.8571428571428571
2015,Western Michigan,0.1644347986831987,0.010524168545136428,12,6.5,0.5416666666666666,7,0.5833333333333334
2015,Wisconsin,0.1360680835730091,0.01217517725911436,13,9.5,0.7307692307692307,10,0.7692307692307693
2015,Wyoming,-0.2988011449426639,-0.039891960465493995,11,1.0,0.0909090909090909,2,0.1818181818181818
2016,Air Force,0.10506571886596289,-0.024838409162861588,12,8.0,0.6666666666666666,9,0.75
2016,Akron,-0.3755369668220428,-0.043687884213571684,11,4.5,0.4090909090909091,4,0.3636363636363636
2016,Alabama,1.13770982105498,0.11700207842890044,14,13.0,0.9285714285714286,13,0.9285714285714286
2016,App State,0.2156137834179876,0.003570441199424323,13,10.0,0.7692307692307693,10,0.7692307692307693
2016,Arizona,-0.27713618006091656,-0.016230487658992092,11,3.0,0.2727272727272727,2,0.1818181818181818
2016,Arizona State,-0.1500008173263998,-0.004170776670961431,11,3.5,0.3181818181818182,4,0.3636363636363636
2016,Arkansas,0.030699294357211526,0.03313140521615503,12,5.0,0.4166666666666667,6,0.5
2016,Arkansas State,0.275142965955429,0.00756026572125799,12,8.0,0.6666666666666666,8,0.6666666666666666
2016,Army,-0.1375417176742979,-0.03737562853128146,11,5.5,0.5,6,0.5454545454545454
2016,Auburn,0.10869939186812619,0.04603667466225057,12,7.0,0.5833333333333334,7,0.5833333333333334
2016,BYU,0.008950413159698906,-0.005265892132856163,12,8.0,0.6666666666666666,8,0.6666666666666666
2016,Ball State,-0.19935451821361702,-0.03363019683307285,11,4.5,0.4090909090909091,3,0.2727272727272727
2016,Baylor,0.04263550680407202,0.014365306697287526,12,6.5,0.5416666666666666,6,0.5
2016,Boise State,0.23990667538435798,-0.006975648414557992,13,9.5,0.7307692307692307,10,0.7692307692307693
2016,Boston College,-0.10684386984089989,0.0018142416779730601,12,5.5,0.4583333333333333,6,0.5
2016,Bowling Green,-0.36310318150372123,-0.04030725445856741,11,4.0,0.3636363636363636,3,0.2727272727272727
2016,Buffalo,-0.41000722669196754,-0.05888989359972618,11,2.0,0.1818181818181818,2,0.1818181818181818
2016,California,-0.25381703253005333,-0.014069033802350335,12,4.5,0.375,5,0.4166666666666667
2016,Central Michigan,-0.021803732466787698,-0.006990020184699391,12,4.0,0.3333333333333333,5,0.4166666666666667
2016,Charlotte,-0.30235275998664374,-0.048153176576842836,11,3.5,0.3181818181818182,3,0.2727272727272727
2016,Cincinnati,-0.126481292981609,-0.017888674801165155,11,3.0,0.2727272727272727,3,0.2727272727272727
2016,Clemson,0.711247892026638,0.08346773613058953,14,10.0,0.7142857142857143,13,0.9285714285714286
2016,Colorado,0.3690902188076725,0.04239251728078596,13,8.0,0.6153846153846154,9,0.6923076923076923
2016,Colorado State,0.06541376366684246,-0.016208375377325446,12,7.0,0.5833333333333334,6,0.5
2016,Duke,-0.2223099398659552,-0.005432034338470983,11,2.5,0.2272727272727272,3,0.2727272727272727
2016,East Carolina,-0.08295882439802443,-0.003334145354668086,11,2.0,0.1818181818181818,2,0.1818181818181818
2016,Eastern Michigan,-0.18875118657108975,-0.026592537028298058,12,4.5,0.375,6,0.5
2016,Florida,0.0790434775053675,0.031154025869327206,13,8.0,0.6153846153846154,9,0.6923076923076923
2016,Florida Atlantic,-0.25021179117042364,-0.038870699555112256,11,3.5,0.3181818181818182,2,0.1818181818181818
2016,Florida International,-0.41079345623253916,-0.05038317592516039,12,4.0,0.3333333333333333,4,0.3333333333333333
2016,Florida State,0.1928219746404752,0.0463117301808792,12,8.5,0.7083333333333334,9,0.75
2016,Fresno State,-0.47202219080610314,-0.06595784417771804,11,2.0,0.1818181818181818,0,0.0
2016,Georgia,0.28046145164452047,0.04034427146734023,12,6.5,0.5416666666666666,7,0.5833333333333334
2016,Georgia Southern,-0.2000727293480851,-0.025045664193372355,11,4.0,0.3636363636363636,4,0.3636363636363636
2016,Georgia State,-0.10510438181784224,-0.02409175518832271,11,2.5,0.2272727272727272,2,0.1818181818181818
2016,Georgia Tech,-0.16895636544145803,0.005268578064905836,12,7.0,0.5833333333333334,8,0.6666666666666666
2016,Hawai'i,-0.40751075712572027,-0.05485634152872967,13,5.5,0.4230769230769231,6,0.4615384615384615
2016,Houston,0.04529892267364317,0.0008228586668447623,12,8.0,0.6666666666666666,8,0.6666666666666666
2016,Idaho,-0.11811253739909502,-0.025385511512839198,12,6.5,0.5416666666666666,8,0.6666666666666666
2016,Illinois,-0.25419023823989284,-0.007743132528810024,11,2.0,0.1818181818181818,2,0.1818181818181818
2016,Indiana,0.0535619722001001,0.007677322547359891,13,5.5,0.4230769230769231,6,0.4615384615384615
2016,Iowa,0.29002655281372686,0.03381030158119751,12,7.5,0.625,8,0.6666666666666666
2016,Iowa State,-0.2593608342400303,-0.004974979399858561,11,4.0,0.3636363636363636,3,0.2727272727272727
2016,Kansas,-0.19139780188952202,0.0021817928917174214,11,1.5,0.1363636363636363,1,0.0909090909090909
2016,Kansas State,0.1478164912371948,0.028669385061668808,12,7.0,0.5833333333333334,8,0.6666666666666666
2016,Kent State,-0.013674298810186223,-0.003380053077940372,10,3.0,0.3,2,0.2
2016,Kentucky,-0.1646529318644259,0.007740069860239142,12,4.5,0.375,6,0.5
2016,LSU,0.4104916658617021,0.07262944513787828,11,8.0,0.7272727272727273,7,0.6363636363636364
2016,Louisiana,-0.15783002907061444,-0.029708837915989907,12,5.0,0.4166666666666667,5,0.4166666666666667
2016,Louisiana Tech,0.10151369808070922,-0.004459064099812527,13,8.0,0.6153846153846154,8,0.6153846153846154
2016,Louisville,0.36813307711829063,0.03863837086684703,13,9.5,0.7307692307692307,9,0.6923076923076923
2016,Marshall,-0.38206831430896887,-0.04841385227948665,11,2.0,0.1818181818181818,2,0.1818181818181818
2016,Maryland,-0.1631373645141499,-0.007275315434969964,12,5.5,0.4583333333333333,5,0.4166666666666667
2016,Massachusetts,-0.3350516608904601,-0.03619641067849515,11,2.0,0.1818181818181818,1,0.0909090909090909
2016,Memphis,0.04339455137909041,0.0017316997330024159,12,6.5,0.5416666666666666,7,0.5833333333333334
2016,Miami,0.26595680902709906,0.03631231018632958,12,9.5,0.7916666666666666,8,0.6666666666666666
2016,Miami (OH),-0.14210161156841053,-0.024397142069594428,12,6.5,0.5416666666666666,6,0.5
2016,Michigan,0.6262748540894679,0.06149381247427184,13,11.0,0.8461538461538461,10,0.7692307692307693
2016,Michigan State,-0.19883998663944097,-0.0009018077882912627,11,3.0,0.2727272727272727,2,0.1818181818181818
2016,Middle Tennessee,0.1966791116064283,-0.00969437479398879,12,5.5,0.4583333333333333,7,0.5833333333333334
2016,Minnesota,0.07103817149732378,0.010389671780881014,12,7.5,0.625,8,0.6666666666666666
2016,Mississippi State,-0.12083593917075969,0.011943423681074209,12,6.0,0.5,5,0.4166666666666667
2016,Missouri,-0.04915888186608482,0.015366361487025039,11,3.5,0.3181818181818182,3,0.2727272727272727
2016,NC State,0.25795156910722444,0.0401606539098823,12,7.0,0.5833333333333334,6,0.5
2016,Navy,0.04408191755268137,-0.0055176779367786715,13,7.0,0.5384615384615384,8,0.6153846153846154
2016,Nebraska,-0.00763596519574013,0.003974443051817485,13,8.0,0.6153846153846154,9,0.6923076923076923
2016,Nevada,-0.2657268281531309,-0.0619073735771218,11,4.0,0.3636363636363636,4,0.3636363636363636
2016,New Mexico,-0.04830814428373132,-0.03996504525496189,12,6.0,0.5,8,0.6666666666666666
2016,New Mexico State,-0.30650638835658195,-0.03954132794117437,12,3.0,0.25,3,0.25
2016,North Carolina,0.053289697884924436,0.026489247970004105,11,6.0,0.5454545454545454,6,0.5454545454545454
2016,North Texas,-0.38440037564080876,-0.0498395323307068,12,3.5,0.2916666666666667,4,0.3333333333333333
2016,Northern Illinois,-0.03573337958698563,-0.014068768083621112,11,5.5,0.5,5,0.4545454545454545
2016,Northwestern,0.0965578008271491,0.021626351798333786,12,7.0,0.5833333333333334,7,0.5833333333333334
2016,Notre Dame,-0.028626605405343224,0.003974492447768784,12,7.0,0.5833333333333334,4,0.3333333333333333
2016,Ohio,0.13682091879610211,-0.0008554840586005503,13,7.5,0.5769230769230769,7,0.5384615384615384
2016,Ohio State,0.538951401972816,0.060238029546794775,13,9.5,0.7307692307692307,11,0.8461538461538461
2016,Oklahoma,0.581552228825072,0.061300389422142346,13,9.5,0.7307692307692307,11,0.8461538461538461
2016,Oklahoma State,0.22597921196887247,0.03900745910783391,12,7.5,0.625,9,0.75
2016,Old Dominion,0.18666896022802884,-0.0050087762022252924,12,8.5,0.7083333333333334,9,0.75
2016,Ole Miss,-0.01355564477762518,0.032836545759726984,11,4.5,0.4090909090909091,4,0.3636363636363636
2016,Oregon,-0.16122289157228334,-0.00238043489604644,11,4.0,0.3636363636363636,3,0.2727272727272727
2016,Oregon State,-0.26122314325254514,-0.013697715621875016,11,4.0,0.3636363636363636,3,0.2727272727272727
2016,Penn State,0.23225959932826357,0.032054195949884845,14,10.0,0.7142857142857143,11,0.7857142857142857
2016,Pittsburgh,0.1320766919357333,0.029012158421152474,12,7.5,0.625,7,0.5833333333333334
2016,Purdue,-0.38688232331908606,-0.03002041706606924,11,2.0,0.1818181818181818,2,0.1818181818181818
2016,Rice,-0.3000646863304794,-0.044356766807715234,11,2.5,0.2272727272727272,2,0.1818181818181818
2016,Rutgers,-0.42242099031427816,-0.019799708924457284,11,2.5,0.2272727272727272,1,0.0909090909090909
2016,SMU,-0.20559705199757583,-0.021257205432790114,11,4.5,0.4090909090909091,4,0.3636363636363636
2016,San Diego State,0.5324405836859815,0.005852879681132399,13,9.5,0.7307692307692307,10,0.7692307692307693
2016,San José State,-0.26410847559504647,-0.050852321055199164,11,2.5,0.2272727272727272,3,0.2727272727272727
2016,South Alabama,-0.08221916085741841,-0.023067627040644238,11,4.5,0.4090909090909091,4,0.3636363636363636
2016,South Carolina,-0.04675458223957635,0.01502332655893087,12,4.0,0.3333333333333333,5,0.4166666666666667
2016,South Florida,0.2414978836535529,0.017228806956613413,12,8.0,0.6666666666666666,10,0.8333333333333334
2016,Southern Miss,0.10047759534232525,-0.00830115018242325,12,6.5,0.5416666666666666,6,0.5
2016,Stanford,0.1179139214262166,0.018368563562723875,13,9.5,0.7307692307692307,10,0.7692307692307693
2016,Syracuse,-0.39533408310056056,-0.009799714331015884,11,2.0,0.1818181818181818,3,0.2727272727272727
2016,TCU,0.0278424507213665,0.02282800176060006,12,6.5,0.5416666666666666,5,0.4166666666666667
2016,Temple,0.07882023456683716,-0.00346213267816154,13,10.0,0.7692307692307693,9,0.6923076923076923
2016,Tennessee,0.0341873199948651,0.02864777770718723,12,8.0,0.6666666666666666,8,0.6666666666666666
2016,Texas,0.09244878881578243,0.020041991452689607,12,6.0,0.5,5,0.4166666666666667
2016,Texas A&M,0.02523756213420289,0.028684549641158887,12,7.5,0.625,7,0.5833333333333334
2016,Texas State,-0.4773543123055627,-0.05273836889794367,11,1.0,0.0909090909090909,1,0.0909090909090909
2016,Texas Tech,-0.09447718167598694,0.009466339872414022,11,5.5,0.5,4,0.3636363636363636
2016,Toledo,0.6780487151902288,0.03931979010502368,12,8.5,0.7083333333333334,8,0.6666666666666666
2016,Troy,0.3671565480200511,0.018877640948125624,12,8.0,0.6666666666666666,9,0.75
2016,Tulane,-0.12736819754680928,-0.021948265419633663,11,3.5,0.3181818181818182,3,0.2727272727272727
2016,Tulsa,0.11837106015632425,-0.0011071278575150423,12,8.5,0.7083333333333334,9,0.75
2016,UCF,0.031644367284662335,-0.0007030280304944162,12,6.0,0.5,5,0.4166666666666667
2016,UCLA,-0.005404568141621045,0.003485387060008789,12,5.5,0.4583333333333333,4,0.3333333333333333
2016,UConn,-0.18677101478364264,-0.02178760999830946,11,3.0,0.2727272727272727,2,0.1818181818181818
2016,UL Monroe,-0.41708680877468296,-0.04714744070669836,11,3.0,0.2727272727272727,3,0.2727272727272727
2016,UNLV,-0.19765198929541347,-0.04628142632692296,11,3.0,0.2727272727272727,3,0.2727272727272727
2016,USC,0.2836982978452279,0.036777337363439945,13,9.5,0.7307692307692307,10,0.7692307692307693
2016,UTEP,-0.13464483651579104,-0.03851145949196509,11,3.0,0.2727272727272727,3,0.2727272727272727
2016,UTSA,-0.1306611051270661,-0.030887087772902992,12,6.0,0.5,5,0.4166666666666667
2016,Utah,0.03041905839844368,0.005744260006970745,12,7.5,0.625,8,0.6666666666666666
2016,Utah State,-0.31013152756676,-0.04660983310109293,11,4.0,0.3636363636363636,2,0.1818181818181818
2016,Vanderbilt,-0.26483168012721275,0.0019880341793551484,12,6.0,0.5,5,0.4166666666666667
2016,Virginia,-0.25900181437772923,-0.010104963947275199,11,3.5,0.3181818181818182,2,0.1818181818181818
2016,Virginia Tech,0.37327354263338863,0.04559389480646335,13,8.0,0.6153846153846154,9,0.6923076923076923
2016,Wake Forest,-0.09247431535338031,0.003122750059526006,12,5.0,0.4166666666666667,6,0.5
2016,Washington,0.5734716657586842,0.05484615927189138,13,10.0,0.7692307692307693,11,0.8461538461538461
2016,Washington State,0.13315511626859294,0.014977317220605127,12,7.5,0.625,8,0.6666666666666666
2016,West Virginia,0.046510502183814306,0.023817414049234018,12,7.0,0.5833333333333334,9,0.75
2016,Western Kentucky,0.624614972268776,0.03580417972664763,13,10.0,0.7692307692307693,10,0.7692307692307693
2016,Western Michigan,0.37817877083835216,0.02001394032037798,13,11.5,0.8846153846153846,12,0.9230769230769232
2016,Wisconsin,0.3773740382924608,0.04193994522491666,14,10.0,0.7142857142857143,11,0.7857142857142857
2016,Wyoming,-0.13839779973242972,-0.03164853121368973,13,7.0,0.5384615384615384,7,0.5384615384615384
2017,Air Force,-0.0986442715857744,-0.020869312107959618,11,3.5,0.3181818181818182,4,0.3636363636363636
2017,Akron,-0.4174480937375387,-0.04427836029909538,13,5.0,0.3846153846153846,6,0.4615384615384615
2017,Alabama,0.7463401783373357,0.08684338966901749,13,10.5,0.8076923076923077,12,0.9230769230769232
2017,App State,0.37694543915263884,0.012389841451799812,12,8.0,0.6666666666666666,8,0.6666666666666666
2017,Arizona,-0.11355209039847053,-0.007977616968598035,12,6.5,0.5416666666666666,6,0.5
2017,Arizona State,0.10392965740330024,0.0189326212418665,13,6.5,0.5,7,0.5384615384615384
2017,Arkansas,-0.20147358042772195,0.010613986248259686,11,3.5,0.3181818181818182,3,0.2727272727272727
2017,Arkansas State,0.31036383977933946,-0.0018227170303036784,11,8.0,0.7272727272727273,6,0.5454545454545454
2017,Army,0.003642732423837637,-0.011942070562091608,12,7.0,0.5833333333333334,9,0.75
2017,Auburn,0.3518758943009138,0.05958704203304279,13,10.5,0.8076923076923077,9,0.6923076923076923
2017,BYU,-0.013925006863510133,-0.007802975465184,12,4.5,0.375,3,0.25
2017,Ball State,-0.40792084510916454,-0.06273881732824256,11,1.5,0.1363636363636363,1,0.0909090909090909
2017,Baylor,-0.34085869210208,-0.0009290968016697216,11,2.5,0.2272727272727272,1,0.0909090909090909
2017,Boise State,0.20754430768446003,0.0111853006729796,14,10.5,0.75,11,0.7857142857142857
2017,Boston College,0.06789455208492177,0.0297574823840453,13,7.0,0.5384615384615384,7,0.5384615384615384
2017,Bowling Green,-0.4624050552498735,-0.06197899425691494,11,2.0,0.1818181818181818,2,0.1818181818181818
2017,Buffalo,-0.050709092484788804,-0.030707447145579148,11,6.0,0.5454545454545454,5,0.4545454545454545
2017,California,-0.11535891101489935,0.001593057288622851,11,5.0,0.4545454545454545,4,0.3636363636363636
2017,Central Michigan,0.17053236796958002,-0.004471181327187555,12,5.5,0.4583333333333333,7,0.5833333333333334
2017,Charlotte,-0.4999773043734264,-0.06511652542419435,11,1.5,0.1363636363636363,1,0.0909090909090909
2017,Cincinnati,-0.1828704780765229,-0.016990185551174587,11,2.0,0.1818181818181818,3,0.2727272727272727
2017,Clemson,0.4058228824676709,0.0626881315967027,13,10.5,0.8076923076923077,11,0.8461538461538461
2017,Coastal Carolina,-0.36640110403885967,-0.05244945756155658,11,5.0,0.4545454545454545,3,0.2727272727272727
2017,Colorado,-0.12194067656143616,-0.0062410018029431065,11,4.5,0.4090909090909091,4,0.3636363636363636
2017,Colorado State,0.3564748793579703,0.013934876023661254,12,6.5,0.5416666666666666,6,0.5
2017,Duke,0.06387973615633934,0.02066885583153001,12,7.5,0.625,6,0.5
2017,East Carolina,-0.5313379912705155,-0.03905950692621997,11,3.0,0.2727272727272727,3,0.2727272727272727
2017,Eastern Michigan,-0.10680561717901055,-0.03389993656371537,12,6.5,0.5416666666666666,5,0.4166666666666667
2017,Florida,-0.1693698514814318,0.005770066696638997,11,4.5,0.4090909090909091,4,0.3636363636363636
2017,Florida Atlantic,0.49101530957441464,0.01317494911541049,13,10.0,0.7692307692307693,10,0.7692307692307693
2017,Florida International,-0.17575918519157965,-0.036240561718283056,12,6.0,0.5,7,0.5833333333333334
2017,Florida State,0.24219251150734974,0.04842896848868579,12,6.0,0.5,6,0.5
2017,Fresno State,0.3047709053704888,0.015814829524054386,13,8.0,0.6153846153846154,9,0.6923076923076923
2017,Georgia,0.6130354330013132,0.07191057685218094,14,11.5,0.8214285714285714,12,0.8571428571428571
2017,Georgia Southern,-0.3728620440319515,-0.046561125433432535,11,3.0,0.2727272727272727,2,0.1818181818181818
2017,Georgia State,-0.050117026019807054,-0.031490096687866766,11,5.0,0.4545454545454545,7,0.6363636363636364
2017,Georgia Tech,-0.25776813157921424,0.0016184438065303347,10,5.0,0.5,4,0.4
2017,Hawai'i,-0.31680533081762935,-0.046697814739783586,11,2.5,0.2272727272727272,2,0.1818181818181818
2017,Houston,0.03996356831600688,0.0020594857207700008,12,7.5,0.625,7,0.5833333333333334
2017,Idaho,-0.17285517138350626,-0.037764559426689506,11,4.5,0.4090909090909091,3,0.2727272727272727
2017,Illinois,-0.6595671895463253,-0.05109003945490155,12,2.0,0.1666666666666666,2,0.1666666666666666
2017,Indiana,-0.12485566840071562,-0.0007169348613829998,11,6.0,0.5454545454545454,4,0.3636363636363636
2017,Iowa,0.23782713799452085,0.0299800364755186,13,8.0,0.6153846153846154,8,0.6153846153846154
2017,Iowa State,0.14925547997616545,0.038685119296815305,12,7.5,0.625,7,0.5833333333333334
2017,Kansas,-0.4865252322070302,-0.013683877036225171,11,0.0,0.0,0,0.0
2017,Kansas State,0.08069262441517575,0.02710639350884218,12,7.5,0.625,7,0.5833333333333334
2017,Kent State,-0.39942152696178995,-0.048161755758691215,11,0.5,0.0454545454545454,1,0.0909090909090909
2017,Kentucky,-0.24997637621198812,-0.00872690123146245,12,5.5,0.4583333333333333,6,0.5
2017,LSU,0.3364287911070789,0.04963691529392008,12,8.0,0.6666666666666666,8,0.6666666666666666
2017,Louisiana,-0.1701776732514974,-0.03497525926814841,11,3.5,0.3181818181818182,4,0.3636363636363636
2017,Louisiana Tech,-0.123988967939537,-0.026114354770576508,12,7.5,0.625,6,0.5
2017,Louisville,0.017458893143241564,0.02179888819614016,12,7.0,0.5833333333333334,7,0.5833333333333334
2017,Marshall,0.09789666724576235,-0.012625358866421243,13,8.0,0.6153846153846154,8,0.6153846153846154
2017,Maryland,-0.38164914793089466,-0.01023021223557706,11,2.5,0.2272727272727272,3,0.2727272727272727
2017,Massachusetts,-0.03705847477692016,-0.02455294928196346,11,4.0,0.3636363636363636,3,0.2727272727272727
2017,Memphis,0.35322335534788346,0.03001183305464157,12,8.0,0.6666666666666666,9,0.75
2017,Miami,0.23823946018053482,0.0416175125226976,12,7.0,0.5833333333333334,9,0.75
2017,Miami (OH),0.03808017017444312,-0.022786666093185855,11,6.5,0.5909090909090909,4,0.3636363636363636
2017,Michigan,0.30823493795260976,0.035537924205243106,13,8.5,0.6538461538461539,8,0.6153846153846154
2017,Michigan State,0.03246477343832689,0.0135867402089739,13,8.0,0.6153846153846154,10,0.7692307692307693
2017,Middle Tennessee,-0.1254295694035645,-0.03561329193510351,13,7.0,0.5384615384615384,7,0.5384615384615384
2017,Minnesota,-0.10156965594482076,-0.01036431274549871,12,6.0,0.5,5,0.4166666666666667
2017,Mississippi State,0.12128617855387475,0.03335490538289699,12,8.0,0.6666666666666666,8,0.6666666666666666
2017,Missouri,0.2693615112940096,0.030817732986330774,12,6.0,0.5,6,0.5
2017,NC State,0.38145932781563163,0.05629525153880123,12,8.0,0.6666666666666666,8,0.6666666666666666
2017,Navy,0.019134603575768155,0.0044225992124983585,13,7.5,0.5769230769230769,7,0.5384615384615384
2017,Nebraska,-0.3610040642006075,-0.015908124188785323,12,4.5,0.375,4,0.3333333333333333
2017,Nevada,-0.10124411130812981,-0.020807190481505228,11,3.5,0.3181818181818182,3,0.2727272727272727
2017,New Mexico,-0.3461615871814196,-0.043122470633035495,11,3.0,0.2727272727272727,2,0.1818181818181818
2017,New Mexico State,-0.06199939591466139,-0.02844103812180973,13,5.5,0.4230769230769231,7,0.5384615384615384
2017,North Carolina,-0.12731539697217112,0.005345764646449865,11,3.0,0.2727272727272727,2,0.1818181818181818
2017,North Texas,-0.10868018682346323,-0.020718878773581726,13,5.5,0.4230769230769231,8,0.6153846153846154
2017,Northern Illinois,0.17944489372399788,-0.006044963201561189,12,6.5,0.5416666666666666,7,0.5833333333333334
2017,Northwestern,0.13096233561903156,0.010012656454955362,13,8.0,0.6153846153846154,10,0.7692307692307693
2017,Notre Dame,0.17228026451605824,0.03826621244938714,13,9.5,0.7307692307692307,10,0.7692307692307693
2017,Ohio,0.17094493640170297,-0.011147672551852705,12,8.5,0.7083333333333334,8,0.6666666666666666
2017,Ohio State,0.8392194266495563,0.06940281505992218,14,11.0,0.7857142857142857,12,0.8571428571428571
2017,Oklahoma,0.7083060451503552,0.07932072587273913,14,11.5,0.8214285714285714,12,0.8571428571428571
2017,Oklahoma State,0.38790735609602445,0.04937224364333379,13,9.0,0.6923076923076923,10,0.7692307692307693
2017,Old Dominion,-0.20490669717066193,-0.03918409221798847,11,3.5,0.3181818181818182,4,0.3636363636363636
2017,Ole Miss,0.05193266362193052,0.020336805287257276,11,5.0,0.4545454545454545,5,0.4545454545454545
2017,Oregon,0.29487957189840214,0.029873240485727898,12,6.0,0.5,6,0.5
2017,Oregon State,-0.4090437607094786,-0.02345206874377843,11,1.0,0.0909090909090909,0,0.0
2017,Penn State,0.6670033238031186,0.05899061101614053,13,11.0,0.8461538461538461,11,0.8461538461538461
2017,Pittsburgh,-0.19328882237797,0.0037173145436907805,11,5.0,0.4545454545454545,4,0.3636363636363636
2017,Purdue,0.0009455617563791331,0.005218381869909417,13,8.0,0.6153846153846154,7,0.5384615384615384
2017,Rice,-0.2614035945073399,-0.040626236579149835,12,2.0,0.1666666666666666,1,0.0833333333333333
2017,Rutgers,-0.2781018755791744,-0.013912482482686265,11,2.5,0.2272727272727272,3,0.2727272727272727
2017,SMU,0.05433763727110346,0.006588223714818326,12,5.5,0.4583333333333333,6,0.5
2017,San Diego State,0.031820501194176336,-0.013417186662997035,12,8.0,0.6666666666666666,9,0.75
2017,San José State,-0.5761401140364707,-0.0570073688800792,12,0.5,0.0416666666666666,1,0.0833333333333333
2017,South Alabama,-0.3566574091003633,-0.04678938178054673,11,4.5,0.4090909090909091,3,0.2727272727272727
2017,South Carolina,0.053005387572056153,0.024009554360283677,12,5.5,0.4583333333333333,8,0.6666666666666666
2017,South Florida,0.47202560095031026,0.02835931819596899,11,8.5,0.7727272727272727,9,0.8181818181818182
2017,Southern Miss,0.1694808550899586,-0.009732275637502546,12,6.0,0.5,7,0.5833333333333334
2017,Stanford,0.04630412049093731,0.017979170232982494,14,9.0,0.6428571428571429,9,0.6428571428571429
2017,Syracuse,-0.3135864412092201,0.0011694718085271,11,4.0,0.3636363636363636,3,0.2727272727272727
2017,TCU,0.514810764944972,0.06908931661893859,13,9.5,0.7307692307692307,10,0.7692307692307693
2017,Temple,-0.10640375016571697,-0.014367424198226113,12,6.5,0.5416666666666666,6,0.5
2017,Tennessee,-0.4902802242097601,-0.02431759027306781,11,3.5,0.3181818181818182,3,0.2727272727272727
2017,Texas,-0.03456453777119485,0.020438650762504246,13,8.5,0.6538461538461539,7,0.5384615384615384
2017,Texas A&M,0.036980306371769286,0.025442263210257162,12,5.5,0.4583333333333333,6,0.5
2017,Texas State,-0.3946696553398771,-0.055698583860700916,11,2.0,0.1818181818181818,1,0.0909090909090909
2017,Texas Tech,0.023484878895804223,0.03159798966967526,12,5.0,0.4166666666666667,5,0.4166666666666667
2017,Toledo,0.14736626272578462,-0.010323184691336083,13,9.0,0.6923076923076923,10,0.7692307692307693
2017,Troy,0.42459936748383387,0.00995061537292919,12,7.5,0.625,10,0.8333333333333334
2017,Tulane,-0.07517654571872599,-0.0048883694226073875,11,4.5,0.4090909090909091,4,0.3636363636363636
2017,Tulsa,-0.29316144161046626,-0.025125378943622424,12,4.5,0.375,2,0.1666666666666666
2017,UAB,0.22823895140563935,-0.015091036439950712,12,6.0,0.5,7,0.5833333333333334
2017,UCF,0.41472072120652664,0.036277798233414746,12,10.0,0.8333333333333334,12,1.0
2017,UCLA,-0.12451794269770805,0.003677277280557966,13,5.0,0.3846153846153846,6,0.4615384615384615
2017,UConn,-0.30871442909241203,-0.021480101041680476,11,2.0,0.1818181818181818,2,0.1818181818181818
2017,UL Monroe,-0.24589100237897926,-0.03051630405034373,12,3.5,0.2916666666666667,4,0.3333333333333333
2017,UNLV,-0.3595109518310381,-0.050247472216007893,11,5.0,0.4545454545454545,5,0.4545454545454545
2017,USC,0.10991814801088669,0.019187934924211135,14,9.5,0.6785714285714286,11,0.7857142857142857
2017,UTEP,-0.5548225650622423,-0.06194705781907125,12,0.5,0.0416666666666666,0,0.0
2017,UTSA,-0.009245428741646036,-0.02889688700085537,10,6.0,0.6,5,0.5
2017,Utah,-0.014444928668808027,0.008939123695336027,12,7.0,0.5833333333333334,6,0.5
2017,Utah State,-0.21914735417413422,-0.030940008731791754,12,6.5,0.5416666666666666,5,0.4166666666666667
2017,Vanderbilt,-0.20831361345834262,-0.004807822307959775,11,4.0,0.3636363636363636,4,0.3636363636363636
2017,Virginia,-0.077537969145857,0.00616342468394996,12,3.5,0.2916666666666667,5,0.4166666666666667
2017,Virginia Tech,0.22312160264595926,0.03356393943975802,12,7.5,0.625,8,0.6666666666666666
2017,Wake Forest,0.3435518755768923,0.05259463980062562,12,6.5,0.5416666666666666,7,0.5833333333333334
2017,Washington,0.5179060481956167,0.05417334321379855,12,10.0,0.8333333333333334,9,0.75
2017,Washington State,0.14171627888321364,0.01997969263408511,12,6.0,0.5,8,0.6666666666666666
2017,West Virginia,0.13884013165315273,0.03694009611641504,12,5.5,0.4583333333333333,6,0.5
2017,Western Kentucky,-0.09871694478639084,-0.04270916785013248,12,4.5,0.375,5,0.4166666666666667
2017,Western Michigan,0.01676974382547255,-0.020804162434858227,11,5.5,0.5,5,0.4545454545454545
2017,Wisconsin,0.6201951968109172,0.04986334748796091,14,13.0,0.9285714285714286,13,0.9285714285714286
2017,Wyoming,-0.14825109204622078,-0.02552246242873471,12,6.5,0.5416666666666666,7,0.5833333333333334
2018,Air Force,-0.008465611053871594,-0.022485214316094744,11,5.5,0.5,4,0.3636363636363636
2018,Akron,-0.22000797243080086,-0.04413217199262349,11,1.5,0.1363636363636363,3,0.2727272727272727
2018,Alabama,1.0936755345525941,0.118339808498251,14,12.5,0.8928571428571429,13,0.9285714285714286
2018,App State,0.2905835709432861,0.0286976700817913,12,10.5,0.875,10,0.8333333333333334
2018,Arizona,-0.05444491679471173,0.0024245617375904535,11,5.0,0.4545454545454545,4,0.3636363636363636
2018,Arizona State,-0.0176497926555438,0.004248231761419508,13,7.5,0.5769230769230769,7,0.5384615384615384
2018,Arkansas,-0.29997028319247476,0.006763464579247877,11,3.0,0.2727272727272727,1,0.0909090909090909
2018,Arkansas State,0.3133303764835368,0.030640150099475214,12,8.0,0.6666666666666666,7,0.5833333333333334
2018,Army,0.17567259392008602,0.0006565106077663546,11,7.5,0.6818181818181818,9,0.8181818181818182
2018,Auburn,0.21116543169218654,0.057926271362001604,12,7.0,0.5833333333333334,7,0.5833333333333334
2018,BYU,0.005205677660210653,-0.00019816465158845953,12,7.0,0.5833333333333334,6,0.5
2018,Ball State,-0.36036258067804544,-0.06205457944034489,11,3.5,0.3181818181818182,3,0.2727272727272727
2018,Baylor,-0.06036228165420255,0.00517081573166139,12,5.5,0.4583333333333333,6,0.5
2018,Boise State,0.1437958798944655,-0.00264218755961732,13,9.5,0.7307692307692307,10,0.7692307692307693
2018,Boston College,0.0693661472767054,0.012270035881576989,11,6.5,0.5909090909090909,6,0.5454545454545454
2018,Bowling Green,-0.5995825676338963,-0.08016345893400514,11,3.0,0.2727272727272727,2,0.1818181818181818
2018,Buffalo,0.1978502292506191,-0.01608689457474231,13,8.5,0.6538461538461539,9,0.6923076923076923
2018,California,-0.048145621243083095,0.009289037518598038,12,5.5,0.4583333333333333,6,0.5
2018,Central Michigan,-0.46666911149532203,-0.0711661305447305,11,1.5,0.1363636363636363,0,0.0
2018,Charlotte,-0.14379322629843308,-0.014758020095194115,11,3.5,0.3181818181818182,4,0.3636363636363636
2018,Cincinnati,0.36349828864885997,0.016681242182182494,12,9.0,0.75,10,0.8333333333333334
2018,Clemson,0.8840457483826388,0.08381169386003064,14,13.0,0.9285714285714286,14,1.0
2018,Coastal Carolina,-0.3672990806515535,-0.02334006340072994,11,3.5,0.3181818181818182,4,0.3636363636363636
2018,Colorado,0.09967628048317154,0.013658445325509881,11,4.0,0.3636363636363636,4,0.3636363636363636
2018,Colorado State,-0.5059520102013357,-0.05623202785416583,11,3.0,0.2727272727272727,3,0.2727272727272727
2018,Duke,0.04160400990018638,0.016739756062899073,12,6.0,0.5,7,0.5833333333333334
2018,East Carolina,-0.1041453202573042,-0.010352809744368141,11,3.5,0.3181818181818182,3,0.2727272727272727
2018,Eastern Michigan,-0.09417889584211302,-0.03802123548033611,12,7.0,0.5833333333333334,6,0.5
2018,Florida,0.29883096729887865,0.053143664211141445,11,6.5,0.5909090909090909,8,0.7272727272727273
2018,Florida Atlantic,0.039953470885697825,0.00267427176746607,11,5.5,0.5,4,0.3636363636363636
2018,Florida International,0.11342170541631603,-0.008419934974389722,12,6.5,0.5416666666666666,8,0.6666666666666666
2018,Florida State,-0.23009781232391863,-0.0023186778323607752,11,3.5,0.3181818181818182,4,0.3636363636363636
2018,Fresno State,0.5386366491112929,0.017817545435802277,13,11.5,0.8846153846153846,11,0.8461538461538461
2018,Georgia,0.5645521565734728,0.07365149364799325,13,11.0,0.8461538461538461,10,0.7692307692307693
2018,Georgia Southern,0.06621336769011858,0.010736234101383026,12,7.5,0.625,9,0.75
2018,Georgia State,-0.22777037543437859,-0.008250943979698847,11,1.5,0.1363636363636363,1,0.0909090909090909
2018,Georgia Tech,-0.22419550739670455,-0.009309919797652097,12,5.5,0.4583333333333333,6,0.5
2018,Hawai'i,-0.3601379441741057,-0.04724100936712575,13,5.5,0.4230769230769231,7,0.5384615384615384
2018,Houston,-0.0004931134256327598,-0.011851625033868675,12,7.0,0.5833333333333334,7,0.5833333333333334
2018,Illinois,-0.28627275437033034,-0.04529909721991596,11,3.5,0.3181818181818182,3,0.2727272727272727
2018,Indiana,-0.294497249966768,-0.03565881850479967,12,5.0,0.4166666666666667,5,0.4166666666666667
2018,Iowa,0.26674703661274135,0.012420866258808396,12,8.5,0.7083333333333334,8,0.6666666666666666
2018,Iowa State,0.30245912361873484,0.033364965378306764,12,7.0,0.5833333333333334,7,0.5833333333333334
2018,Kansas,-0.2437360924402776,-0.019583006299022147,11,3.5,0.3181818181818182,3,0.2727272727272727
2018,Kansas State,-0.3082079187692773,-0.012916646736886037,11,5.5,0.5,4,0.3636363636363636
2018,Kent State,-0.3222343365485816,-0.056951334146430395,11,2.5,0.2272727272727272,1,0.0909090909090909
2018,Kentucky,0.16150439043169498,0.031823295669044314,12,8.0,0.6666666666666666,9,0.75
2018,LSU,0.24718111631172804,0.059164794479252616,12,8.5,0.7083333333333334,9,0.75
2018,Liberty,-0.0067132060997535745,0.0005728476141154336,10,4.0,0.4,4,0.4
2018,Louisiana,0.06928895674960292,0.024166794242532003,13,5.5,0.4230769230769231,6,0.4615384615384615
2018,Louisiana Tech,-0.011467799790463076,-0.005222706336531766,12,5.5,0.4583333333333333,7,0.5833333333333334
2018,Louisville,-0.7062262774448799,-0.04009512891881785,11,1.0,0.0909090909090909,1,0.0909090909090909
2018,Marshall,0.19373793915606374,0.007172195949736711,12,7.0,0.5833333333333334,8,0.6666666666666666
2018,Maryland,-0.28499380837058774,-0.03845609560505181,12,5.5,0.4583333333333333,5,0.4166666666666667
2018,Massachusetts,-0.304934356038509,-0.030582822329640016,11,2.0,0.1818181818181818,3,0.2727272727272727
2018,Memphis,0.2176482424379752,0.008205372950397494,13,8.5,0.6538461538461539,7,0.5384615384615384
2018,Miami,0.21769641752712313,0.02584474597872001,12,7.0,0.5833333333333334,6,0.5
2018,Miami (OH),0.04982877999433902,-0.020770788589704697,12,6.5,0.5416666666666666,6,0.5
2018,Michigan,0.4688963664876078,0.02875583446206238,13,10.0,0.7692307692307693,10,0.7692307692307693
2018,Michigan State,-0.11115215214937636,-0.018245846484325107,13,7.0,0.5384615384615384,7,0.5384615384615384
2018,Middle Tennessee,-0.05213963225522298,-0.0006787135543289131,13,7.0,0.5384615384615384,7,0.5384615384615384
2018,Minnesota,-0.08327480580578904,-0.017529283969762787,13,6.0,0.4615384615384615,7,0.5384615384615384
2018,Mississippi State,0.19559979864148766,0.05321158481200324,12,8.0,0.6666666666666666,7,0.5833333333333334
2018,Missouri,0.15268075549310164,0.03960412365755423,12,7.5,0.625,7,0.5833333333333334
2018,NC State,0.2877460000894598,0.038299926750117924,12,7.5,0.625,8,0.6666666666666666
2018,Navy,-0.3657249609516114,-0.03688550884310917,12,3.0,0.25,2,0.1666666666666666
2018,Nebraska,-0.014178931782623243,-0.0032046552307888262,11,5.0,0.4545454545454545,3,0.2727272727272727
2018,Nevada,0.013175743407134847,-0.0191497091038587,12,6.0,0.5,7,0.5833333333333334
2018,New Mexico,-0.4192627831389067,-0.05221446195410493,11,3.0,0.2727272727272727,2,0.1818181818181818
2018,New Mexico State,-0.01606877517041423,-0.008188014881779357,11,2.0,0.1818181818181818,2,0.1818181818181818
2018,North Carolina,0.17583067447602146,0.0291581858868751,10,3.0,0.3,1,0.1
2018,North Texas,0.52877312021904,0.03569301314400429,12,8.0,0.6666666666666666,8,0.6666666666666666
2018,Northern Illinois,-0.02477874868493872,-0.019000134587554708,14,6.0,0.4285714285714285,8,0.5714285714285714
2018,Northwestern,-0.0974199416703621,-0.0109439204258015,14,7.5,0.5357142857142857,9,0.6428571428571429
2018,Notre Dame,0.2765641733636246,0.02670711640720517,13,9.5,0.7307692307692307,12,0.9230769230769232
2018,Ohio,0.2765385406733652,-0.005899429373771285,12,9.0,0.75,8,0.6666666666666666
2018,Ohio State,0.5343185697432267,0.028371417689875274,14,11.0,0.7857142857142857,13,0.9285714285714286
2018,Oklahoma,0.4857791593929183,0.049857010522635935,14,10.5,0.75,12,0.8571428571428571
2018,Oklahoma State,0.009170067503859573,0.012600632578083753,12,6.5,0.5416666666666666,6,0.5
2018,Old Dominion,-0.14420355907104918,-0.0201440117613453,11,3.5,0.3181818181818182,3,0.2727272727272727
2018,Ole Miss,0.08789696679959774,0.03991748534840553,11,4.5,0.4090909090909091,4,0.3636363636363636
2018,Oregon,0.3742753234487922,0.03125157635735025,12,7.5,0.625,8,0.6666666666666666
2018,Oregon State,-0.48442507536960805,-0.027550702565803817,11,1.0,0.0909090909090909,1,0.0909090909090909
2018,Penn State,0.0726771394831642,-0.0027967812235561826,13,9.0,0.6923076923076923,9,0.6923076923076923
2018,Pittsburgh,-0.05360100644976015,0.01565730230366263,13,6.5,0.5,6,0.4615384615384615
2018,Purdue,-0.26563853527218295,-0.022523791619158257,13,7.0,0.5384615384615384,6,0.4615384615384615
2018,Rice,-0.4104747155884798,-0.03742416813997132,12,1.5,0.125,1,0.0833333333333333
2018,Rutgers,-0.48497380763640746,-0.05128987658315501,12,2.5,0.2083333333333333,1,0.0833333333333333
2018,SMU,-0.08982436232358237,-0.012065204629333885,11,4.0,0.3636363636363636,4,0.3636363636363636
2018,San Diego State,-0.14417060098295276,-0.03085934535268133,12,4.5,0.375,6,0.5
2018,San José State,-0.34888642816796844,-0.042278315229325125,11,2.0,0.1818181818181818,1,0.0909090909090909
2018,South Alabama,-0.27657674067302707,-0.013519804066605086,11,2.0,0.1818181818181818,2,0.1818181818181818
2018,South Carolina,-0.12583832262930303,0.02019244179071237,12,5.5,0.4583333333333333,6,0.5
2018,South Florida,0.040679078789736325,-0.011881829192887942,12,4.0,0.3333333333333333,6,0.5
2018,Southern Miss,0.11737040436681079,0.011066215027118706,10,5.5,0.55,5,0.5
2018,Stanford,0.15912729830038638,0.025788557288393712,12,7.0,0.5833333333333334,8,0.6666666666666666
2018,Syracuse,0.026523442235439825,0.012300152220579457,12,9.5,0.7916666666666666,9,0.75
2018,TCU,-0.0815883468067976,0.005784840596326094,12,4.5,0.375,6,0.5
2018,Temple,0.0410106658139301,-0.010442135053780733,12,7.5,0.625,8,0.6666666666666666
2018,Tennessee,-0.07615208895841548,0.027049919203321438,11,4.0,0.3636363636363636,4,0.3636363636363636
2018,Texas,0.061873876957269064,0.015397840672520917,14,8.0,0.5714285714285714,10,0.7142857142857143
2018,Texas A&M,0.15013981341238436,0.057412127527284244,12,7.0,0.5833333333333334,8,0.6666666666666666
2018,Texas State,0.07642175184476854,0.008299110134785499,11,3.5,0.3181818181818182,2,0.1818181818181818
2018,Texas Tech,-0.03520986600590466,0.010337668190710804,11,5.0,0.4545454545454545,4,0.3636363636363636
2018,Toledo,0.0020413741844176425,-0.028923387581558217,12,7.0,0.5833333333333334,6,0.5
2018,Troy,0.21010446713738284,0.0191237135376148,12,8.0,0.6666666666666666,9,0.75
2018,Tulane,-0.014064263281977735,-0.0027835004651558157,12,6.0,0.5,6,0.5
2018,Tulsa,-0.3675559543246109,-0.0415153443986495,11,3.5,0.3181818181818182,2,0.1818181818181818
2018,UAB,0.2794029577680829,0.015402961814389698,13,8.0,0.6153846153846154,10,0.7692307692307693
2018,UCF,0.2660407413832638,0.019232645950758687,12,11.0,0.9166666666666666,11,0.9166666666666666
2018,UCLA,-0.3412576148375557,-0.006188457079281243,12,3.5,0.2916666666666667,3,0.25
2018,UConn,-0.6432455309800645,-0.06420985914403858,11,1.0,0.0909090909090909,0,0.0
2018,UL Monroe,-0.0027791511042982954,0.013951987951569707,11,5.0,0.4545454545454545,5,0.4545454545454545
2018,UNLV,-0.282416572491568,-0.04406431535060455,11,3.5,0.3181818181818182,3,0.2727272727272727
2018,USC,-0.161478685203068,-0.005639355016280678,12,6.0,0.5,5,0.4166666666666667
2018,UTEP,-0.44240572177163956,-0.04825033888037266,11,2.0,0.1818181818181818,1,0.0909090909090909
2018,UTSA,-0.3492121588780346,-0.03119945086525587,12,3.0,0.25,3,0.25
2018,Utah,0.3639904162758333,0.04229540123898127,13,8.0,0.6153846153846154,8,0.6153846153846154
2018,Utah State,0.4840505624382853,0.017369157319484404,12,9.5,0.7916666666666666,10,0.8333333333333334
2018,Vanderbilt,-0.1740367137289793,0.010846556988260005,12,6.5,0.5416666666666666,5,0.4166666666666667
2018,Virginia,0.16588858928397285,0.018359499398169776,12,8.0,0.6666666666666666,7,0.5833333333333334
2018,Virginia Tech,-0.14973554623563676,-0.001076506297997249,12,4.5,0.375,5,0.4166666666666667
2018,Wake Forest,0.01727160687521619,0.012386790662948313,12,5.0,0.4166666666666667,6,0.5
2018,Washington,0.5182226584043609,0.0593238755339976,13,9.0,0.6923076923076923,9,0.6923076923076923
2018,Washington State,0.2572045791704753,0.031800708053170645,12,8.5,0.7083333333333334,10,0.8333333333333334
2018,West Virginia,0.20363674474292112,0.03118190334555994,11,7.0,0.6363636363636364,7,0.6363636363636364
2018,Western Kentucky,-0.35997262614595926,-0.050782745972822084,11,4.0,0.3636363636363636,3,0.2727272727272727
2018,Western Michigan,0.03214140898570143,-0.021770904791245816,12,4.5,0.375,6,0.5
2018,Wisconsin,0.07457335910857077,-0.008860613310960962,13,8.0,0.6153846153846154,8,0.6153846153846154
2018,Wyoming,-0.0680757344010024,-0.017524130099745603,11,5.5,0.5,5,0.4545454545454545
2019,Air Force,0.5772213655912609,0.03904552111983233,12,9.0,0.75,10,0.8333333333333334
2019,Akron,-0.6820233560017707,-0.09780476758187723,12,1.0,0.0833333333333333,0,0.0
2019,Alabama,0.9525485449944839,0.10519277825174285,12,11.0,0.9166666666666666,10,0.8333333333333334
2019,App State,0.4095078064617079,0.02247791670532618,13,11.0,0.8461538461538461,12,0.9230769230769232
2019,Arizona,-0.2067999939019318,-0.01646679786383594,11,2.5,0.2272727272727272,3,0.2727272727272727
2019,Arizona State,-0.1593479125571069,-0.013292376404650884,12,6.0,0.5,7,0.5833333333333334
2019,Arkansas,-0.3814597157869713,-0.004118706430387554,11,2.5,0.2272727272727272,1,0.0909090909090909
2019,Arkansas State,-0.2901938924644854,-0.03700337109968652,12,5.5,0.4583333333333333,7,0.5833333333333334
2019,Army,-0.001405029211177006,-0.012570732790076486,11,4.5,0.4090909090909091,3,0.2727272727272727
2019,Auburn,0.05923114262844931,0.04107912519724902,12,7.5,0.625,8,0.6666666666666666
2019,BYU,0.0021414497790992644,-0.012678526882499298,12,5.5,0.4583333333333333,6,0.5
2019,Ball State,0.011550175174701562,-0.024461908801594198,11,4.5,0.4090909090909091,4,0.3636363636363636
2019,Baylor,0.2253786499723603,0.04641668450246994,13,8.5,0.6538461538461539,10,0.7692307692307693
2019,Boise State,0.3331112144266551,0.013238600888364462,13,9.5,0.7307692307692307,11,0.8461538461538461
2019,Boston College,0.05950694648773384,0.013297936175043807,12,5.5,0.4583333333333333,5,0.4166666666666667
2019,Bowling Green,-0.5790754688786184,-0.07439311548358334,11,2.0,0.1818181818181818,2,0.1818181818181818
2019,Buffalo,0.30904142386520944,-0.005295143881029807,12,8.0,0.6666666666666666,7,0.5833333333333334
2019,California,-0.08328199932368274,-0.004114454035518288,12,6.0,0.5,7,0.5833333333333334
2019,Central Michigan,0.06219588056990113,-0.02309114526696562,13,7.5,0.5769230769230769,7,0.5384615384615384
2019,Charlotte,0.02022122256609532,-0.012937050567592862,12,5.0,0.4166666666666667,6,0.5
2019,Cincinnati,0.06471848451529849,0.011900614546744258,14,9.5,0.6785714285714286,11,0.7857142857142857
2019,Clemson,0.8301935137316896,0.07708435735608171,14,12.0,0.8571428571428571,13,0.9285714285714286
2019,Coastal Carolina,-0.26058287535426494,-0.048585327945541296,11,4.5,0.4090909090909091,4,0.3636363636363636
2019,Colorado,-0.2920995862543624,-0.018329049568047498,12,4.5,0.375,5,0.4166666666666667
2019,Colorado State,-0.027701159601200707,-0.013971457787566194,11,4.0,0.3636363636363636,3,0.2727272727272727
2019,Duke,-0.17274113346163836,-0.0015581514240132707,11,5.0,0.4545454545454545,4,0.3636363636363636
2019,East Carolina,-0.24998919104581743,-0.02413317081210167,10,2.0,0.2,2,0.2
2019,Eastern Michigan,-0.19521258378241704,-0.0480521613674715,12,5.5,0.4583333333333333,5,0.4166666666666667
2019,Florida,0.1488708714743028,0.038141662732497084,11,8.0,0.7272727272727273,9,0.8181818181818182
2019,Florida Atlantic,0.23092906566871765,0.016371547659603632,13,10.5,0.8076923076923077,10,0.7692307692307693
2019,Florida International,-0.136628950377807,-0.03372587312382197,12,5.5,0.4583333333333333,5,0.4166666666666667
2019,Florida State,-0.15406256193844295,-0.002613318695669042,12,6.0,0.5,5,0.4166666666666667
2019,Fresno State,-0.06607281386031047,-0.01760411420682155,11,5.0,0.4545454545454545,3,0.2727272727272727
2019,Georgia,0.5553410562939441,0.06684260576668999,13,9.5,0.7307692307692307,11,0.8461538461538461
2019,Georgia Southern,-0.03273192719686682,-0.007170560551385314,12,6.0,0.5,6,0.5
2019,Georgia State,-0.13985675709078296,-0.02748667524255154,12,5.5,0.4583333333333333,6,0.5
2019,Georgia Tech,-0.4887365301148274,-0.028161062663621957,11,2.0,0.1818181818181818,3,0.2727272727272727
2019,Hawai'i,-0.3645144593071701,-0.034620807610233666,14,7.0,0.5,9,0.6428571428571429
2019,Houston,-0.06675561828452008,0.010754951992993192,11,4.0,0.3636363636363636,3,0.2727272727272727
2019,Illinois,-0.3652961379259754,-0.039731669389227606,13,5.5,0.4230769230769231,6,0.4615384615384615
2019,Indiana,0.1869484030477564,0.017052701357339856,12,6.5,0.5416666666666666,7,0.5833333333333334
2019,Iowa,0.32816692312838547,0.026125850145150762,13,9.5,0.7307692307692307,10,0.7692307692307693
2019,Iowa State,0.2977665310799574,0.054582337228598725,12,7.5,0.625,6,0.5
2019,Kansas,-0.5028018368383435,-0.016298659303022676,11,3.0,0.2727272727272727,2,0.1818181818181818
2019,Kansas State,0.09165699160669508,0.032504835503500924,12,6.5,0.5416666666666666,7,0.5833333333333334
2019,Kent State,-0.23019724977125453,-0.04453564755997936,12,6.0,0.5,6,0.5
2019,Kentucky,0.08290512480306307,0.01598971212234776,12,7.0,0.5833333333333334,7,0.5833333333333334
2019,LSU,0.9199777418422369,0.10025401346232164,14,12.5,0.8928571428571429,14,1.0
2019,Liberty,0.007896769176247077,-0.018004514533455765,11,5.0,0.4545454545454545,6,0.5454545454545454
2019,Louisiana,0.3841538197614928,0.013818961584146961,13,10.0,0.7692307692307693,10,0.7692307692307693
2019,Louisiana Tech,0.21047783481640123,-0.010772141579973011,12,9.0,0.75,9,0.75
2019,Louisville,-0.10411704610773508,0.006193290487684477,12,5.5,0.4583333333333333,7,0.5833333333333334
2019,Marshall,0.075910841425978,-0.0021708387092492913,12,5.5,0.4583333333333333,7,0.5833333333333334
2019,Maryland,-0.3114000705841424,-0.01770553200241678,11,3.5,0.3181818181818182,2,0.1818181818181818
2019,Massachusetts,-0.8372743877404681,-0.10760478245746374,11,0.5,0.0454545454545454,1,0.0909090909090909
2019,Memphis,0.47353499921445324,0.045856234848138624,13,9.5,0.7307692307692307,11,0.8461538461538461
2019,Miami,-0.07215977192464645,-0.005084277127231923,12,6.0,0.5,5,0.4166666666666667
2019,Miami (OH),-0.08325040810920413,-0.025881929751949938,13,4.5,0.3461538461538461,7,0.5384615384615384
2019,Michigan,0.20326773693674877,0.033054036286046355,13,8.5,0.6538461538461539,9,0.6923076923076923
2019,Michigan State,0.034633558519264286,0.008870313746143022,13,7.0,0.5384615384615384,7,0.5384615384615384
2019,Middle Tennessee,-0.350714698343025,-0.03613812050844106,11,4.5,0.4090909090909091,3,0.2727272727272727
2019,Minnesota,0.24057002765752006,0.019408273291255267,12,8.0,0.6666666666666666,10,0.8333333333333334
2019,Mississippi State,-0.08251131642474945,0.026762680096927092,12,5.0,0.4166666666666667,5,0.4166666666666667
2019,Missouri,0.06833714579240065,0.01919502822901326,11,6.5,0.5909090909090909,5,0.4545454545454545
2019,NC State,-0.22671384673111364,-0.014520620268582371,11,3.0,0.2727272727272727,3,0.2727272727272727
2019,Navy,0.3279072924292773,0.03603098835290436,12,8.5,0.7083333333333334,10,0.8333333333333334
2019,Nebraska,-0.1458619151383715,-0.012279639690239087,12,6.0,0.5,5,0.4166666666666667
2019,Nevada,-0.22372261047951714,-0.03953203571300428,12,4.5,0.375,6,0.5
2019,New Mexico,-0.21169701803963759,-0.024394666450505153,11,1.0,0.0909090909090909,1,0.0909090909090909
2019,New Mexico State,-0.011656875380002575,-0.004426479354280082,11,2.0,0.1818181818181818,1,0.0909090909090909
2019,North Carolina,0.19901862989398722,0.028774300034944134,12,7.5,0.625,6,0.5
2019,North Texas,-0.08389356522454361,-0.021563044894289052,11,4.5,0.4090909090909091,3,0.2727272727272727
2019,Northern Illinois,-0.15397079470132327,-0.04467151332504639,11,4.0,0.3636363636363636,4,0.3636363636363636
2019,Northwestern,-0.06943610022928595,-0.009616167771365038,12,4.0,0.3333333333333333,3,0.25
2019,Notre Dame,0.504043558975746,0.04892954214666181,13,10.5,0.8076923076923077,11,0.8461538461538461
2019,Ohio,-0.11000626812846889,-0.0398311856276913,12,7.0,0.5833333333333334,6,0.5
2019,Ohio State,0.875640095111859,0.07630961960940787,14,13.5,0.9642857142857144,13,0.9285714285714286
2019,Oklahoma,0.6112300475518903,0.0786840686391966,13,9.0,0.6923076923076923,11,0.8461538461538461
2019,Oklahoma State,0.18322074110560826,0.04258988205325689,12,6.5,0.5416666666666666,7,0.5833333333333334
2019,Old Dominion,-0.18806083459679204,-0.025362305104460452,11,1.5,0.1363636363636363,0,0.0
2019,Ole Miss,-0.09663944936073116,0.022505121126082182,11,5.5,0.5,3,0.2727272727272727
2019,Oregon,0.584536120848876,0.048085671423028664,13,10.5,0.8076923076923077,11,0.8461538461538461
2019,Oregon State,-0.09874857689771123,-0.0031252216047035694,11,4.5,0.4090909090909091,4,0.3636363636363636
2019,Penn State,0.45369584635751153,0.04977731871069387,12,8.5,0.7083333333333334,10,0.8333333333333334
2019,Pittsburgh,0.02735191344690085,0.00424527684316775,12,6.0,0.5,7,0.5833333333333334
2019,Purdue,-0.2996207573696316,-0.020868024108970963,12,5.0,0.4166666666666667,4,0.3333333333333333
2019,Rice,-0.28471621601880603,-0.03022829754780715,12,4.0,0.3333333333333333,3,0.25
2019,Rutgers,-0.5819090864995263,-0.04342162796341743,12,2.0,0.1666666666666666,2,0.1666666666666666
2019,SMU,0.35083669309050997,0.029023670926003775,13,8.5,0.6538461538461539,10,0.7692307692307693
2019,San Diego State,0.21863514548868207,-0.0025825479931883026,12,9.5,0.7916666666666666,9,0.75
2019,San José State,-0.177787362213747,-0.02906310844847275,11,4.0,0.3636363636363636,4,0.3636363636363636
2019,South Alabama,-0.29326707379226125,-0.03321254285087042,11,1.5,0.1363636363636363,1,0.0909090909090909
2019,South Carolina,-0.130844139842835,0.0259688087832985,11,3.5,0.3181818181818182,3,0.2727272727272727
2019,South Florida,-0.3118158447657793,-0.018891228829677996,11,3.5,0.3181818181818182,3,0.2727272727272727
2019,Southern Miss,0.06875114405832525,0.002936679732682594,12,5.5,0.4583333333333333,6,0.5
2019,Stanford,-0.22697989326605644,-0.010170430018941409,12,4.5,0.375,4,0.3333333333333333
2019,Syracuse,-0.25870951376873674,-0.019620722090673996,11,5.0,0.4545454545454545,4,0.3636363636363636
2019,TCU,0.08693183955673686,0.0364660669455282,11,6.5,0.5909090909090909,4,0.3636363636363636
2019,Temple,0.0726832795013036,0.008356969409973108,12,6.0,0.5,7,0.5833333333333334
2019,Tennessee,0.044716945218266274,0.024287113778046848,12,6.5,0.5416666666666666,7,0.5833333333333334
2019,Texas,0.04109057338313915,0.03391518285966962,13,8.0,0.6153846153846154,8,0.6153846153846154
2019,Texas A&M,0.0714160752528087,0.04302055277245684,12,6.5,0.5416666666666666,7,0.5833333333333334
2019,Texas State,-0.20290880334538064,-0.02598134687815979,11,1.5,0.1363636363636363,2,0.1818181818181818
2019,Texas Tech,-0.060120601289864975,0.016765739614066296,11,5.0,0.4545454545454545,3,0.2727272727272727
2019,Toledo,-0.20559892373712355,-0.046185920817667175,11,3.0,0.2727272727272727,5,0.4545454545454545
2019,Troy,-0.16396416180362264,-0.03479819706386598,11,5.5,0.5,4,0.3636363636363636
2019,Tulane,0.03605084923290822,0.012159354805904205,12,7.0,0.5833333333333334,6,0.5
2019,Tulsa,-0.3233744639248646,-0.011952922553590914,12,4.0,0.3333333333333333,4,0.3333333333333333
2019,UAB,0.19704241538725292,-0.003747363806481555,13,7.5,0.5769230769230769,8,0.6153846153846154
2019,UCF,0.5337970241871821,0.04033380499749951,12,10.0,0.8333333333333334,9,0.75
2019,UCLA,-0.17916440149231913,-0.009584053533491205,12,4.0,0.3333333333333333,4,0.3333333333333333
2019,UConn,-0.4551049080470266,-0.04626148855201261,11,2.5,0.2272727272727272,1,0.0909090909090909
2019,UL Monroe,-0.018007727200456247,-0.005756856372555376,11,5.0,0.4545454545454545,4,0.3636363636363636
2019,UNLV,-0.31531446401901975,-0.04681441897984194,11,2.5,0.2272727272727272,3,0.2727272727272727
2019,USC,-0.08707632090156918,-0.0011599510427017339,13,7.0,0.5384615384615384,8,0.6153846153846154
2019,UTEP,-0.5414408389418655,-0.06472904245007233,11,0.5,0.0454545454545454,0,0.0
2019,UTSA,-0.30660890494677473,-0.03334876076842922,11,2.0,0.1818181818181818,3,0.2727272727272727
2019,Utah,0.4269599195731876,0.031963095345124926,13,10.0,0.7692307692307693,10,0.7692307692307693
2019,Utah State,-0.18286829776532765,-0.013855429896525252,12,5.0,0.4166666666666667,6,0.5
2019,Vanderbilt,-0.470385013776749,-0.02450499129002828,11,1.0,0.0909090909090909,2,0.1818181818181818
2019,Virginia,-0.026470032106434973,0.009273598357127459,13,8.0,0.6153846153846154,8,0.6153846153846154
2019,Virginia Tech,0.1847694044443054,0.02444201069650732,11,6.5,0.5909090909090909,6,0.5454545454545454
2019,Wake Forest,0.20871205771458665,0.023748143857310007,12,6.0,0.5,7,0.5833333333333334
2019,Washington,0.2261202714824558,0.01913260080028656,12,9.0,0.75,7,0.5833333333333334
2019,Washington State,0.04424593292972412,0.0108488090909464,12,5.5,0.4583333333333333,5,0.4166666666666667
2019,West Virginia,-0.14462957778134847,0.016879178929304264,11,3.5,0.3181818181818182,4,0.3636363636363636
2019,Western Kentucky,0.19482877055164577,0.005189500030606475,12,7.5,0.625,9,0.75
2019,Western Michigan,0.032192899712514426,-0.0272852970238276,12,7.0,0.5833333333333334,6,0.5
2019,Wisconsin,0.49327024706209177,0.04374429346829328,14,10.5,0.75,10,0.7142857142857143
2019,Wyoming,0.08248262653084869,-0.004384143727239752,12,8.5,0.7083333333333334,7,0.5833333333333334
2021,Air Force,0.4427480829722642,0.03206806499883895,12,9.0,0.75,9,0.75
2021,Akron,-0.8216063873726152,-0.09490981319531056,11,2.0,0.1818181818181818,1,0.0909090909090909
2021,Alabama,0.6592328147506545,0.08264918802822059,14,10.5,0.75,12,0.8571428571428571
2021,App State,0.40904433234639276,0.016182364171339676,13,9.0,0.6923076923076923,9,0.6923076923076923
2021,Arizona,-0.5118497259705279,-0.03928729980234041,11,2.0,0.1818181818181818,1,0.0909090909090909
2021,Arizona State,0.2941886924788976,0.02247415649042921,12,7.0,0.5833333333333334,7,0.5833333333333334
2021,Arkansas,0.2804717681293777,0.04945207617809412,12,8.0,0.6666666666666666,8,0.6666666666666666
2021,Arkansas State,-0.34779314351597346,-0.049789501052466344,11,3.0,0.2727272727272727,1,0.0909090909090909
2021,Army,0.24835349364012166,0.007394551302898217,12,7.5,0.625,8,0.6666666666666666
2021,Auburn,0.11734567072209927,0.03750684447234894,12,6.5,0.5416666666666666,5,0.4166666666666667
2021,BYU,0.023714271422539727,0.0018719579450834191,12,7.5,0.625,9,0.75
2021,Ball State,-0.3463527438458526,-0.052162867965369154,12,5.0,0.4166666666666667,5,0.4166666666666667
2021,Baylor,0.3027160463133999,0.04727642021588048,13,9.5,0.7307692307692307,11,0.8461538461538461
2021,Boise State,0.23882631767832702,0.02531021898125353,12,8.5,0.7083333333333334,7,0.5833333333333334
2021,Boston College,0.0936269750376158,0.013964702557077264,11,5.5,0.5,5,0.4545454545454545
2021,Bowling Green,-0.39133750795673533,-0.06719244306906057,11,4.0,0.3636363636363636,3,0.2727272727272727
2021,Buffalo,-0.058554215051272625,-0.041929210115379985,11,3.5,0.3181818181818182,3,0.2727272727272727
2021,California,0.06205215636558867,0.0015880949121426203,11,6.5,0.5909090909090909,4,0.3636363636363636
2021,Central Michigan,0.33852478683040743,0.001747457192235648,12,6.5,0.5416666666666666,8,0.6666666666666666
2021,Charlotte,-0.44695608413650273,-0.0709125301117475,11,2.5,0.2272727272727272,4,0.3636363636363636
2021,Cincinnati,0.6375281801689061,0.058400376239782316,13,11.0,0.8461538461538461,12,0.9230769230769232
2021,Clemson,0.2243407688576394,0.040187827520275346,12,7.5,0.625,9,0.75
2021,Coastal Carolina,0.4133522893769332,-0.0037316338933368527,12,9.0,0.75,10,0.8333333333333334
2021,Colorado,-0.3551590656794026,-0.021446934625944065,11,2.5,0.2272727272727272,3,0.2727272727272727
2021,Colorado State,-0.0640099620391879,-0.008401148161419394,11,4.5,0.4090909090909091,3,0.2727272727272727
2021,Duke,-0.42000244389687597,-0.04254407678122254,11,2.5,0.2272727272727272,2,0.1818181818181818
2021,East Carolina,-0.1461503814934681,-0.004124648807252967,11,6.0,0.5454545454545454,6,0.5454545454545454
2021,Eastern Michigan,-0.37960880870448704,-0.06301968126388152,12,6.0,0.5,6,0.5
2021,Florida,-0.029796906334826914,0.018552670171364156,12,6.5,0.5416666666666666,5,0.4166666666666667
2021,Florida Atlantic,-0.18326936990985293,-0.03919344386471785,11,3.5,0.3181818181818182,4,0.3636363636363636
2021,Florida International,-0.5009250351732001,-0.07254296224262409,11,1.0,0.0909090909090909,0,0.0
2021,Florida State,0.10248172332199777,0.023187523350205682,11,5.0,0.4545454545454545,5,0.4545454545454545
2021,Fresno State,0.2791847995843618,0.01799612797943995,12,8.0,0.6666666666666666,9,0.75
2021,Georgia,0.9412532355602051,0.09721128568137581,14,12.5,0.8928571428571429,13,0.9285714285714286
2021,Georgia Southern,-0.5886799830172874,-0.0642709396913927,11,3.0,0.2727272727272727,2,0.1818181818181818
2021,Georgia State,0.13410352474050324,-0.010842232789956538,13,7.0,0.5384615384615384,8,0.6153846153846154
2021,Georgia Tech,-0.20969932988338147,-0.004689063138788522,11,3.5,0.3181818181818182,2,0.1818181818181818
2021,Hawai'i,0.10134945000293384,0.007485632298732542,12,5.0,0.4166666666666667,5,0.4166666666666667
2021,Houston,0.45911998421955785,0.03692154211871294,13,9.0,0.6923076923076923,11,0.8461538461538461
2021,Illinois,-0.15721034311632323,-0.011504862200572537,12,5.5,0.4583333333333333,5,0.4166666666666667
2021,Indiana,-0.5064647504944011,-0.021146344641005385,11,1.5,0.1363636363636363,1,0.0909090909090909
2021,Iowa,0.07033869547815892,0.016725931484341008,14,8.5,0.6071428571428571,10,0.7142857142857143
2021,Iowa State,0.38394166876822805,0.055292401634305745,12,8.0,0.6666666666666666,6,0.5
2021,Kansas,-0.5705284471391816,-0.025738400649850172,11,1.5,0.1363636363636363,1,0.0909090909090909
2021,Kansas State,0.12005807376263879,0.034424300755498065,12,7.5,0.625,7,0.5833333333333334
2021,Kent State,-0.03851377608879346,-0.026406949864429707,13,4.0,0.3076923076923077,6,0.4615384615384615
2021,Kentucky,0.2848176123138785,0.03876924018150718,12,7.5,0.625,9,0.75
2021,LSU,0.09479308688886012,0.03536183496131489,12,5.0,0.4166666666666667,5,0.4166666666666667
2021,Liberty,0.021365044800021295,-0.01956109619292188,12,7.5,0.625,7,0.5833333333333334
2021,Louisiana,0.4935143070245885,0.014199515717408557,13,9.0,0.6923076923076923,12,0.9230769230769232
2021,Louisiana Tech,-0.26334467036360804,-0.03574313426513069,11,4.0,0.3636363636363636,2,0.1818181818181818
2021,Louisville,0.13933821723903325,0.030733079744922228,12,6.0,0.5,5,0.4166666666666667
2021,Marshall,0.22458739080954387,-0.003390348459246365,12,7.5,0.625,6,0.5
2021,Maryland,0.0033903160486200242,0.013120898763655455,12,4.5,0.375,6,0.5
2021,Massachusetts,-0.7655281651517734,-0.0862683970742516,10,1.0,0.1,1,0.1
2021,Memphis,0.02245596961306998,0.005893589611855604,11,5.0,0.4545454545454545,5,0.4545454545454545
2021,Miami,-0.06105566911722881,0.01206717858540641,11,5.5,0.5,6,0.5454545454545454
2021,Miami (OH),0.05797083573772738,-0.024210948689289694,12,7.5,0.625,6,0.5
2021,Michigan,0.5413461078587696,0.050180736272588386,14,11.0,0.7857142857142857,12,0.8571428571428571
2021,Michigan State,0.22686967390850796,0.030712758085961817,12,8.0,0.6666666666666666,10,0.8333333333333334
2021,Middle Tennessee,-0.03159730721899442,-0.03435994198121528,12,6.0,0.5,6,0.5
2021,Minnesota,0.2421808094396013,0.019685203665106538,13,9.0,0.6923076923076923,9,0.6923076923076923
2021,Mississippi State,0.01717831299285439,0.02974665901818967,12,6.5,0.5416666666666666,6,0.5
2021,Missouri,-0.08888373629383188,0.012329199992129834,12,5.5,0.4583333333333333,5,0.4166666666666667
2021,NC State,0.4402965497751985,0.05186821906428304,11,7.5,0.6818181818181818,8,0.7272727272727273
2021,Navy,-0.2827937905652609,-0.006960147696003241,12,4.5,0.375,4,0.3333333333333333
2021,Nebraska,-0.02379996019437248,0.015237915772071835,11,6.0,0.5454545454545454,2,0.1818181818181818
2021,Nevada,0.019757517761523465,0.008377876277494156,12,7.5,0.625,7,0.5833333333333334
2021,New Mexico,-0.40510372519001325,-0.03272201511238773,11,2.5,0.2272727272727272,2,0.1818181818181818
2021,New Mexico State,-0.014203432472704844,-0.0015158789885652863,11,1.5,0.1363636363636363,1,0.0909090909090909
2021,North Carolina,0.06631963952986723,0.014921988807635352,12,5.5,0.4583333333333333,5,0.4166666666666667
2021,North Texas,-0.1806263007166648,-0.032111855196371386,12,4.5,0.375,5,0.4166666666666667
2021,Northern Illinois,-0.2315111326679257,-0.03816965414260478,13,6.0,0.4615384615384615,8,0.6153846153846154
2021,Northwestern,-0.5147828400651185,-0.040009054087221205,11,3.0,0.2727272727272727,2,0.1818181818181818
2021,Notre Dame,0.34726358967543813,0.03897465115970061,13,10.0,0.7692307692307693,11,0.8461538461538461
2021,Ohio,-0.28211361716698186,-0.05799698773942352,11,3.5,0.3181818181818182,3,0.2727272727272727
2021,Ohio State,0.6433980804962234,0.058018835731747403,13,11.0,0.8461538461538461,11,0.8461538461538461
2021,Oklahoma,0.24178909624166192,0.04595201232135959,12,7.5,0.625,10,0.8333333333333334
2021,Oklahoma State,0.40782538213992214,0.05935252517258707,13,9.5,0.7307692307692307,11,0.8461538461538461
2021,Old Dominion,-0.2458240639260663,-0.04682362754447446,12,5.5,0.4583333333333333,5,0.4166666666666667
2021,Ole Miss,0.18023978661545706,0.04291761936845202,12,8.0,0.6666666666666666,9,0.75
2021,Oregon,0.17721794870644933,0.023575540340635356,13,7.5,0.5769230769230769,9,0.6923076923076923
2021,Oregon State,0.04507447702411648,0.006539206061751892,12,6.0,0.5,6,0.5
2021,Penn State,-0.020428283233434357,0.015421625438796622,12,7.0,0.5833333333333334,6,0.5
2021,Pittsburgh,0.35401272734856387,0.027203037525631957,13,10.0,0.7692307692307693,10,0.7692307692307693
2021,Purdue,0.1314788373109393,0.01960284422963044,13,8.0,0.6153846153846154,9,0.6923076923076923
2021,Rice,-0.32820215432103655,-0.03752092247768876,11,2.5,0.2272727272727272,3,0.2727272727272727
2021,Rutgers,-0.24496703719749888,-0.009398055982397315,12,4.0,0.3333333333333333,4,0.3333333333333333
2021,SMU,0.296650529791434,0.03131384750307022,11,7.0,0.6363636363636364,7,0.6363636363636364
2021,San Diego State,0.16706515361931507,0.013561413816415215,13,8.0,0.6153846153846154,11,0.8461538461538461
2021,San José State,-0.034130387893713886,-0.005442186594841504,11,3.0,0.2727272727272727,4,0.3636363636363636
2021,South Alabama,-0.06429323594810873,-0.03291558198515634,11,5.5,0.5,4,0.3636363636363636
2021,South Carolina,-0.1685970126612589,0.009077626559057219,12,5.5,0.4583333333333333,6,0.5
2021,South Florida,-0.37975647677337127,-0.016391078380518082,11,2.5,0.2272727272727272,1,0.0909090909090909
2021,Southern Miss,-0.3527670336448811,-0.04844200823287725,11,2.5,0.2272727272727272,2,0.1818181818181818
2021,Stanford,-0.4197343583963029,-0.02422522519551199,12,3.5,0.2916666666666667,3,0.25
2021,Syracuse,-0.07570445500964891,0.003440444809844544,11,4.5,0.4090909090909091,4,0.3636363636363636
2021,TCU,-0.23312524392624123,0.008976670708709217,11,3.5,0.3181818181818182,4,0.3636363636363636
2021,Temple,-0.26919900999487856,-0.02416517924867253,11,1.5,0.1363636363636363,2,0.1818181818181818
2021,Tennessee,0.14428668140123943,0.02965682292903093,12,7.0,0.5833333333333334,6,0.5
2021,Texas,-0.04974192415412605,0.021871699636863598,12,6.5,0.5416666666666666,5,0.4166666666666667
2021,Texas A&M,0.21855441839550804,0.039729051579141264,11,7.0,0.6363636363636364,7,0.6363636363636364
2021,Texas State,-0.27515244976003506,-0.052931615792734726,11,3.0,0.2727272727272727,4,0.3636363636363636
2021,Texas Tech,0.0617566778478037,0.02798655898135547,12,6.0,0.5,6,0.5
2021,Toledo,0.2573081273081701,-0.017562565401592456,12,8.5,0.7083333333333334,6,0.5
2021,Troy,0.13746723044601558,-0.010602258221589753,11,3.5,0.3181818181818182,4,0.3636363636363636
2021,Tulane,-0.13372789560459156,0.008830257807766726,11,3.5,0.3181818181818182,1,0.0909090909090909
2021,Tulsa,-0.07133748141630167,0.0036053299039238364,12,6.0,0.5,7,0.5833333333333334
2021,UAB,0.24489159220331605,0.009991899721028843,12,7.5,0.625,8,0.6666666666666666
2021,UCF,0.13268468133402375,0.016380241889611177,12,7.0,0.5833333333333334,8,0.6666666666666666
2021,UCLA,0.1253730690063358,0.01491029445479886,12,8.5,0.7083333333333334,8,0.6666666666666666
2021,UConn,-0.6091718347238444,-0.06351476458625759,10,1.0,0.1,0,0.0
2021,UL Monroe,-0.5935601913856602,-0.06085646875293202,11,4.0,0.3636363636363636,3,0.2727272727272727
2021,UNLV,-0.4308666908909533,-0.029997556542408654,11,4.5,0.4090909090909091,2,0.1818181818181818
2021,USC,-0.045112192410672915,-0.0009059137103082076,12,4.0,0.3333333333333333,4,0.3333333333333333
2021,UTEP,0.009504288599579688,-0.017554602976704088,12,6.5,0.5416666666666666,6,0.5
2021,UTSA,0.22301686054141878,0.0006151146804621991,13,8.0,0.6153846153846154,11,0.8461538461538461
2021,Utah,0.5152679501506008,0.045158145362835585,13,10.5,0.8076923076923077,9,0.6923076923076923
2021,Utah State,-0.23923219031110854,-0.01881301754443063,13,8.0,0.6153846153846154,10,0.7692307692307693
2021,Vanderbilt,-0.5848244082541446,-0.036609492936020595,11,1.5,0.1363636363636363,2,0.1818181818181818
2021,Virginia,-0.1345120795893936,-0.0049197354428464615,11,4.0,0.3636363636363636,5,0.4545454545454545
2021,Virginia Tech,-0.07906008746836404,-0.0007775701137212718,12,5.5,0.4583333333333333,5,0.4166666666666667
2021,Wake Forest,0.07458680746026246,0.014138668184007348,13,9.0,0.6923076923076923,10,0.7692307692307693
2021,Washington,-0.13410607573687675,-0.014223694560174827,11,4.5,0.4090909090909091,4,0.3636363636363636
2021,Washington State,-0.08798299486590562,-0.006873632281129834,12,6.5,0.5416666666666666,6,0.5
2021,West Virginia,0.0831672137742084,0.03254916123882986,12,4.5,0.375,5,0.4166666666666667
2021,Western Kentucky,0.2883596900852769,0.0013838055141293414,13,10.0,0.7692307692307693,8,0.6153846153846154
2021,Western Michigan,0.1764927906353042,-0.006300085886679605,12,6.0,0.5,7,0.5833333333333334
2021,Wisconsin,0.4899979356133244,0.04398183829960113,13,8.0,0.6153846153846154,9,0.6923076923076923
2021,Wyoming,0.07611918945972415,-0.007221114187812705,12,5.5,0.4583333333333333,6,0.5
2022,Air Force,0.5157391793296439,0.001686457392065534,12,9.5,0.7916666666666666,9,0.75
2022,Akron,-0.5539722086797715,-0.07233203995726785,11,3.5,0.3181818181818182,1,0.0909090909090909
2022,Alabama,0.5881034103705198,0.07115417017026938,12,9.5,0.7916666666666666,10,0.8333333333333334
2022,App State,0.29714597372565915,0.03838018043566757,10,5.5,0.55,4,0.4
2022,Arizona,-0.30357859803331855,-0.03759551577180365,11,3.5,0.3181818181818182,4,0.3636363636363636
2022,Arizona State,-0.10277532102058035,-0.02038039300531973,11,2.0,0.1818181818181818,2,0.1818181818181818
2022,Arkansas,0.28381202193946875,0.05025936695467721,12,7.0,0.5833333333333334,6,0.5
2022,Arkansas State,-0.2739140306713083,-0.02249224980201134,11,3.0,0.2727272727272727,2,0.1818181818181818
2022,Army,-0.03420922759927843,-0.007585571275963183,10,5.0,0.5,4,0.4
2022,Auburn,-0.28844359390240293,0.004999027459867004,11,3.5,0.3181818181818182,4,0.3636363636363636
2022,BYU,0.00615494092536357,0.002401239509400662,12,6.5,0.5416666666666666,7,0.5833333333333334
2022,Ball State,-0.2002934666443374,-0.041365933651706294,11,4.0,0.3636363636363636,4,0.3636363636363636
2022,Baylor,0.07701887243197554,0.03780963949989025,12,5.5,0.4583333333333333,5,0.4166666666666667
2022,Boise State,0.29020150298308584,-0.015599808762639597,13,8.0,0.6153846153846154,9,0.6923076923076923
2022,Boston College,-0.24570153945939976,0.0010971015862348882,11,2.0,0.1818181818181818,2,0.1818181818181818
2022,Bowling Green,-0.18126687040871217,-0.03570599283524066,12,4.0,0.3333333333333333,6,0.5
2022,Buffalo,-0.2046880866757746,-0.04612154760639771,12,6.0,0.5,7,0.5833333333333334
2022,California,-0.42218294302739456,-0.047748743738810565,11,4.5,0.4090909090909091,3,0.2727272727272727
2022,Central Michigan,-0.03185202134845049,-0.028353462721780905,11,3.0,0.2727272727272727,3,0.2727272727272727
2022,Charlotte,-0.31791119154816383,-0.05397150470016017,11,2.5,0.2272727272727272,3,0.2727272727272727
2022,Cincinnati,0.26814749616492384,0.03138788222465514,12,8.0,0.6666666666666666,8,0.6666666666666666
2022,Clemson,0.4098701128451661,0.05422397663378454,13,9.0,0.6923076923076923,10,0.7692307692307693
2022,Coastal Carolina,0.0443639894310653,0.004195931630730706,12,6.0,0.5,8,0.6666666666666666
2022,Colorado,-1.039468963157787,-0.07960912290948556,12,1.0,0.0833333333333333,1,0.0833333333333333
2022,Colorado State,-0.2471457309316621,-0.06059675300967148,11,3.0,0.2727272727272727,3,0.2727272727272727
2022,Duke,0.2857280894169022,0.03810886447170713,12,8.5,0.7083333333333334,8,0.6666666666666666
2022,East Carolina,0.053540340384268886,0.018463734366519612,12,7.0,0.5833333333333334,7,0.5833333333333334
2022,Eastern Michigan,-0.1331411391505145,-0.04786688274105412,12,6.5,0.5416666666666666,8,0.6666666666666666
2022,Florida,0.210388551691181,0.047355807209425976,12,5.0,0.4166666666666667,5,0.4166666666666667
2022,Florida Atlantic,-0.19254337941239788,-0.039474827660590496,11,5.0,0.4545454545454545,4,0.3636363636363636
2022,Florida International,-0.36379581564169666,-0.059029046919520496,11,3.0,0.2727272727272727,3,0.2727272727272727
2022,Florida State,0.4263485738980788,0.06451067916503084,12,8.0,0.6666666666666666,9,0.75
2022,Fresno State,0.10165427444837448,-0.030139527230794556,13,8.5,0.6538461538461539,9,0.6923076923076923
2022,Georgia,0.8187307455468043,0.08647105454902512,14,13.0,0.9285714285714286,14,1.0
2022,Georgia Southern,-0.2423236236259255,-0.0237677134430397,12,5.0,0.4166666666666667,5,0.4166666666666667
2022,Georgia State,-0.2452190559543913,-0.01768447583311445,12,6.0,0.5,4,0.3333333333333333
2022,Georgia Tech,-0.30362124472877183,0.007872880684306848,11,2.5,0.2272727272727272,4,0.3636363636363636
2022,Hawai'i,-0.4837754388614983,-0.07868022317290208,12,3.5,0.2916666666666667,2,0.1666666666666666
2022,Houston,0.3588967974903512,0.03478089499208063,13,7.0,0.5384615384615384,8,0.6153846153846154
2022,Illinois,0.5538306180990215,0.04834792497309384,12,8.5,0.7083333333333334,7,0.5833333333333334
2022,Indiana,-0.48091323254672574,-0.028412010858979084,11,2.5,0.2272727272727272,3,0.2727272727272727
2022,Iowa,-0.019216155011476135,0.009207703398470712,12,8.0,0.6666666666666666,7,0.5833333333333334
2022,Iowa State,-0.16596634126233667,0.01937421539807402,11,5.5,0.5,3,0.2727272727272727
2022,James Madison,0.417383063233887,0.041483182355036986,10,6.5,0.65,7,0.7
2022,Kansas,-0.13000634818289547,0.030518464069835265,12,5.0,0.4166666666666667,5,0.4166666666666667
2022,Kansas State,0.2133948198721863,0.058684855930062646,13,8.5,0.6538461538461539,9,0.6923076923076923
2022,Kent State,0.01273991174006322,-0.014550068056735761,11,4.0,0.3636363636363636,4,0.3636363636363636
2022,Kentucky,0.05394051003060327,0.023601905548043277,12,6.0,0.5,6,0.5
2022,LSU,0.38680465183586793,0.05793620485911929,13,8.0,0.6153846153846154,9,0.6923076923076923
2022,Liberty,0.004890187313124925,-0.011930607008926746,12,7.5,0.625,7,0.5833333333333334
2022,Louisiana,-0.06777169788099972,-0.00700082591356477,12,7.0,0.5833333333333334,5,0.4166666666666667
2022,Louisiana Tech,-0.3404746985405438,-0.0450694006834143,11,3.5,0.3181818181818182,2,0.1818181818181818
2022,Louisville,0.05838796798356372,0.03216104975267124,13,8.5,0.6538461538461539,8,0.6153846153846154
2022,Marshall,0.28974999924967115,0.026765831529279506,11,6.0,0.5454545454545454,7,0.6363636363636364
2022,Maryland,0.01437637081978538,0.004572433521611046,13,7.0,0.5384615384615384,8,0.6153846153846154
2022,Massachusetts,-0.577833342506021,-0.06611486540651523,11,1.0,0.0909090909090909,0,0.0
2022,Memphis,0.0586648786558702,0.010574782630225885,12,8.0,0.6666666666666666,6,0.5
2022,Miami,0.04847745854902185,0.023039614642073304,11,4.0,0.3636363636363636,4,0.3636363636363636
2022,Miami (OH),-0.26190923546033507,-0.0452153088107343,12,5.0,0.4166666666666667,5,0.4166666666666667
2022,Michigan,0.6085132773117574,0.041927809423995835,14,12.5,0.8928571428571429,13,0.9285714285714286
2022,Michigan State,-0.14394381102428733,-0.003857108446452018,12,4.0,0.3333333333333333,5,0.4166666666666667
2022,Middle Tennessee,-0.06125190363117073,-0.02995787975330236,12,6.0,0.5,7,0.5833333333333334
2022,Minnesota,0.4365404155846661,0.03345768043888059,12,7.0,0.5833333333333334,8,0.6666666666666666
2022,Mississippi State,0.029007324905716125,0.030039219084955854,12,7.0,0.5833333333333334,8,0.6666666666666666
2022,Missouri,0.1001161981199373,0.03193212094248008,12,6.0,0.5,5,0.4166666666666667
2022,NC State,0.029476234446629695,0.024059251188404497,12,6.0,0.5,7,0.5833333333333334
2022,Navy,-0.03880665404928555,0.011348134669357737,11,4.5,0.4090909090909091,4,0.3636363636363636
2022,Nebraska,-0.37188106462420195,-0.022043645721650094,11,4.5,0.4090909090909091,3,0.2727272727272727
2022,Nevada,-0.5016558270986586,-0.0783716914233205,11,3.5,0.3181818181818182,2,0.1818181818181818
2022,New Mexico,-0.592388998619223,-0.08465924077723645,11,1.0,0.0909090909090909,1,0.0909090909090909
2022,New Mexico State,0.007387702028977271,-0.03178462465379611,11,5.0,0.4545454545454545,5,0.4545454545454545
2022,North Carolina,0.05502817379335329,0.02804236212477371,13,6.5,0.5,8,0.6153846153846154
2022,North Texas,0.03344545293247731,-0.017756724419979192,13,6.5,0.5,6,0.4615384615384615
2022,Northern Illinois,-0.10619976213343357,-0.03823693289384043,11,4.0,0.3636363636363636,2,0.1818181818181818
2022,Northwestern,-0.4532822641086932,-0.023252338747467814,11,2.5,0.2272727272727272,1,0.0909090909090909
2022,Notre Dame,0.37045703318229956,0.03717710075658145,13,8.0,0.6153846153846154,9,0.6923076923076923
2022,Ohio,0.19624437714858273,-0.01434803203153482,13,8.0,0.6153846153846154,9,0.6923076923076923
2022,Ohio State,0.6863302938944409,0.06360639759589055,13,11.5,0.8846153846153846,11,0.8461538461538461
2022,Oklahoma,0.2942550565390998,0.048831568193511504,13,8.5,0.6538461538461539,6,0.4615384615384615
2022,Oklahoma State,-0.04315010989079256,0.026609531068064258,12,6.5,0.5416666666666666,6,0.5
2022,Old Dominion,-0.24822441127663764,-0.016973403693240973,12,3.5,0.2916666666666667,3,0.25
2022,Ole Miss,0.07205193649969469,0.02968095604627573,12,6.5,0.5416666666666666,7,0.5833333333333334
2022,Oregon,0.45230405712752647,0.0335834296964489,12,8.5,0.7083333333333334,9,0.75
2022,Oregon State,0.2701779596725382,0.013120117487276445,12,8.5,0.7083333333333334,9,0.75
2022,Penn State,0.3204442420038704,0.0293442498440259,13,10.5,0.8076923076923077,11,0.8461538461538461
2022,Pittsburgh,0.2971197863413499,0.038042937302047615,12,7.5,0.625,8,0.6666666666666666
2022,Purdue,-0.11053506845596674,0.003909623344812278,13,5.5,0.4230769230769231,7,0.5384615384615384
2022,Rice,-0.42479212436129565,-0.04909278806341441,12,4.0,0.3333333333333333,4,0.3333333333333333
2022,Rutgers,-0.2900097109779677,-0.015059899867666865,11,2.5,0.2272727272727272,3,0.2727272727272727
2022,SMU,0.03150150470753711,0.018681728960713167,12,7.0,0.5833333333333334,6,0.5
2022,San Diego State,-0.25393181151663485,-0.05815694845539662,12,5.5,0.4583333333333333,6,0.5
2022,San José State,-0.010017519175533266,-0.05136931222573061,11,7.0,0.6363636363636364,6,0.5454545454545454
2022,South Alabama,0.16633871516913845,0.0010755524855530548,12,7.5,0.625,9,0.75
2022,South Carolina,-0.07424175868731532,0.01944228462852426,12,6.5,0.5416666666666666,7,0.5833333333333334
2022,South Florida,-0.3463480291168477,-0.009157941383722395,11,2.0,0.1818181818181818,0,0.0
2022,Southern Miss,-0.061696618976830514,-0.007679137886816503,12,6.0,0.5,6,0.5
2022,Stanford,-0.362496978038885,-0.028367613042020165,11,2.0,0.1818181818181818,2,0.1818181818181818
2022,Syracuse,-0.10758591715725674,0.015538373637576996,12,6.0,0.5,6,0.5
2022,TCU,0.3642525071018028,0.05960040584856021,14,9.5,0.6785714285714286,12,0.8571428571428571
2022,Temple,-0.12739829224273913,-0.004549798348396253,11,4.0,0.3636363636363636,2,0.1818181818181818
2022,Tennessee,0.23566736906038596,0.044505712302522524,12,8.5,0.7083333333333334,10,0.8333333333333334
2022,Texas,0.45442575660153384,0.06650083674189704,13,9.5,0.7307692307692307,8,0.6153846153846154
2022,Texas A&M,-0.067038351252121,0.02173941953020176,11,5.5,0.5,4,0.3636363636363636
2022,Texas State,0.13015467040058218,0.006821489492842584,11,4.0,0.3636363636363636,3,0.2727272727272727
2022,Texas Tech,-0.05564585476938989,0.0335748078561277,12,5.0,0.4166666666666667,7,0.5833333333333334
2022,Toledo,0.2645981756244055,-0.009284483749436342,13,8.5,0.6538461538461539,8,0.6153846153846154
2022,Troy,0.16233649257468044,0.016033206937546337,13,8.5,0.6538461538461539,11,0.8461538461538461
2022,Tulane,0.3758134416263008,0.04190921151509252,13,10.0,0.7692307692307693,11,0.8461538461538461
2022,Tulsa,-0.24869338040963196,-0.01502936336563968,11,3.5,0.3181818181818182,4,0.3636363636363636
2022,UAB,0.21584300857950697,-0.003599783707144391,12,8.0,0.6666666666666666,6,0.5
2022,UCF,0.29539281863428546,0.03804828707937832,13,7.0,0.5384615384615384,8,0.6153846153846154
2022,UCLA,0.18197321679242143,0.004131061913111801,12,8.0,0.6666666666666666,8,0.6666666666666666
2022,UConn,-0.20556876794634063,-0.031463042824958876,12,4.5,0.375,5,0.4166666666666667
2022,UL Monroe,-0.2719369799728864,-0.01532709574777435,11,2.5,0.2272727272727272,3,0.2727272727272727
2022,UNLV,-0.09680412951270694,-0.05182123133031469,11,5.5,0.5,4,0.3636363636363636
2022,USC,0.42549028429472563,0.018317162849581684,14,10.0,0.7142857142857143,11,0.7857142857142857
2022,UTEP,-0.14097827487949172,-0.042127321888872624,12,4.5,0.375,5,0.4166666666666667
2022,UTSA,0.3376058316307379,0.013014690413562473,13,8.5,0.6538461538461539,10,0.7692307692307693
2022,Utah,0.36000769650492487,0.02184088685729041,13,9.0,0.6923076923076923,9,0.6923076923076923
2022,Utah State,-0.4511052444764329,-0.06521056182523094,12,4.0,0.3333333333333333,6,0.5
2022,Vanderbilt,-0.47856583524104046,-0.01806130966386088,11,3.5,0.3181818181818182,4,0.3636363636363636
2022,Virginia,-0.2663313751915051,-0.005794530144055039,9,2.5,0.2777777777777778,2,0.2222222222222222
2022,Virginia Tech,-0.19496462750258797,-0.004151269613894152,10,3.5,0.35,2,0.2
2022,Wake Forest,0.25987859175104766,0.04266457360874673,12,8.0,0.6666666666666666,7,0.5833333333333334
2022,Washington,0.1806719444776154,0.004146938276678802,12,9.0,0.75,10,0.8333333333333334
2022,Washington State,-0.0940173965062147,-0.016135566025576576,12,6.5,0.5416666666666666,6,0.5
2022,West Virginia,-0.17237376156524947,0.022092930066266087,11,3.0,0.2727272727272727,4,0.3636363636363636
2022,Western Kentucky,0.1460431126327873,-0.013754553794359725,13,8.5,0.6538461538461539,8,0.6153846153846154
2022,Western Michigan,-0.2301069612867681,-0.04615158855383918,11,3.0,0.2727272727272727,4,0.3636363636363636
2022,Wisconsin,0.31788936721939426,0.03421061483043959,12,6.5,0.5416666666666666,6,0.5
2022,Wyoming,-0.15338521977133504,-0.04304853502484633,12,5.0,0.4166666666666667,6,0.5
2023,Air Force,0.3518849498550157,0.004267321165672155,12,8.5,0.7083333333333334,8,0.6666666666666666
2023,Akron,-0.4325263467253702,-0.07408011044954421,11,3.0,0.2727272727272727,1,0.0909090909090909
2023,Alabama,0.5967835686909736,0.08524096151469653,13,9.5,0.7307692307692307,11,0.8461538461538461
2023,App State,0.07785001341851477,0.0036079289240150483,13,8.5,0.6538461538461539,8,0.6153846153846154
2023,Arizona,0.33577297746283274,0.019553345770548573,12,9.0,0.75,9,0.75
2023,Arizona State,-0.371007821236456,-0.03281467960885523,11,3.5,0.3181818181818182,2,0.1818181818181818
2023,Arkansas,-0.09920860285565594,0.019789140530018904,11,5.0,0.4545454545454545,3,0.2727272727272727
2023,Arkansas State,-0.1833817496487789,-0.017562749427214298,12,5.5,0.4583333333333333,5,0.4166666666666667
2023,Army,-0.23857993874693909,-0.021665028792237938,10,4.0,0.4,4,0.4
2023,Auburn,0.05096310353685854,0.0329411540171967,12,6.0,0.5,5,0.4166666666666667
2023,BYU,-0.309810218438202,-0.007757453958224549,11,4.0,0.3636363636363636,4,0.3636363636363636
2023,Ball State,-0.1808061348180696,-0.03680349499032849,11,3.5,0.3181818181818182,3,0.2727272727272727
2023,Baylor,-0.19483760933253325,0.004977805613781047,11,2.5,0.2272727272727272,2,0.1818181818181818
2023,Boise State,0.1936409754024097,-0.00290345007537485,13,7.5,0.5769230769230769,7,0.5384615384615384
2023,Boston College,-0.058762182332053714,0.010549915353510804,12,5.5,0.4583333333333333,6,0.5
2023,Bowling Green,-0.12368584937302109,-0.03491975914084797,12,6.5,0.5416666666666666,6,0.5
2023,Buffalo,-0.1561659591528429,-0.047620466910850326,11,3.0,0.2727272727272727,3,0.2727272727272727
2023,California,-0.14150345409934642,-0.012517269471544145,12,5.0,0.4166666666666667,5,0.4166666666666667
2023,Central Michigan,-0.17469362374887876,-0.03998924832021515,11,2.5,0.2272727272727272,4,0.3636363636363636
2023,Charlotte,-0.21496753885710315,-0.016497333406191545,11,1.5,0.1363636363636363,2,0.1818181818181818
2023,Cincinnati,-0.09381626253534128,0.006674086342137352,11,3.5,0.3181818181818182,2,0.1818181818181818
2023,Clemson,0.2686600685924108,0.05474153795811193,12,8.0,0.6666666666666666,8,0.6666666666666666
2023,Coastal Carolina,-0.006320591667743443,-0.007886437175126057,12,6.0,0.5,7,0.5833333333333334
2023,Colorado,-0.2682089201059853,-0.02919133013242495,12,5.0,0.4166666666666667,4,0.3333333333333333
2023,Colorado State,-0.16149527034780803,-0.04965377601174935,11,4.0,0.3636363636363636,4,0.3636363636363636
2023,Duke,-0.025286083425574424,0.024557171259407908,12,7.5,0.625,7,0.5833333333333334
2023,East Carolina,-0.22466038222306475,-0.013392578481133465,11,3.0,0.2727272727272727,1,0.0909090909090909
2023,Eastern Michigan,-0.3080018688873668,-0.061588975082107734,12,5.0,0.4166666666666667,5,0.4166666666666667
2023,Florida,0.17839080888859665,0.0569414967365748,11,4.5,0.4090909090909091,4,0.3636363636363636
2023,Florida Atlantic,-0.1407305198045775,-0.015535706396230245,11,4.5,0.4090909090909091,3,0.2727272727272727
2023,Florida International,-0.4105937803153577,-0.06721781610209218,11,2.0,0.1818181818181818,3,0.2727272727272727
2023,Florida State,0.5867612062117694,0.07805767477068835,13,10.5,0.8076923076923077,12,0.9230769230769232
2023,Fresno State,0.028203509226479795,-0.03609976859995715,12,7.0,0.5833333333333334,8,0.6666666666666666
2023,Georgia,0.7027548503992832,0.09292825017632775,13,11.5,0.8846153846153846,12,0.9230769230769232
2023,Georgia Southern,-0.14925532007430103,-0.020077230002379376,12,6.0,0.5,5,0.4166666666666667
2023,Georgia State,-0.18651760194621014,-0.014279140194088033,12,6.0,0.5,6,0.5
2023,Georgia Tech,-0.06942596969501931,0.02440919454245034,12,6.0,0.5,6,0.5
2023,Hawai'i,-0.24829819805677358,-0.04875803522505679,12,4.0,0.3333333333333333,4,0.3333333333333333
2023,Houston,-0.11067838945571487,0.007479292062072733,12,3.5,0.2916666666666667,4,0.3333333333333333
2023,Illinois,-0.019762570491940093,-0.002300144525740157,12,4.0,0.3333333333333333,5,0.4166666666666667
2023,Indiana,-0.26924463380939045,-0.014310878108820518,11,3.0,0.2727272727272727,2,0.1818181818181818
2023,Iowa,0.010133420870421501,0.00019624331592622138,14,8.0,0.5714285714285714,10,0.7142857142857143
2023,Iowa State,0.09294673102056474,0.025474101446424015,12,6.5,0.5416666666666666,6,0.5
2023,Jacksonville State,0.14285895564026851,-0.0205438753893726,12,6.5,0.5416666666666666,8,0.6666666666666666
2023,James Madison,0.4989639041595018,0.037559336070468664,12,8.0,0.6666666666666666,10,0.8333333333333334
2023,Kansas,0.19927969364672027,0.0282272251428059,12,8.0,0.6666666666666666,8,0.6666666666666666
2023,Kansas State,0.26237225594530317,0.05124642506695336,12,9.5,0.7916666666666666,8,0.6666666666666666
2023,Kent State,-0.5967400670262498,-0.08388530243321506,11,0.5,0.0454545454545454,0,0.0
2023,Kentucky,0.0053028168243266435,0.03513113379065197,12,7.0,0.5833333333333334,6,0.5
2023,LSU,0.551606371198297,0.0836533841693918,12,8.5,0.7083333333333334,9,0.75
2023,Liberty,0.406944072564111,-0.0062148674108413494,14,12.0,0.8571428571428571,13,0.9285714285714286
2023,Louisiana,-0.02295064024073574,-0.012961780208929937,12,6.5,0.5416666666666666,5,0.4166666666666667
2023,Louisiana Tech,-0.1410973199921145,-0.04354469924516615,11,3.5,0.3181818181818182,2,0.1818181818181818
2023,Louisville,0.2682525510061616,0.04855433350543319,13,7.0,0.5384615384615384,9,0.6923076923076923
2023,Marshall,0.09567354723903147,0.01203943386881204,12,4.0,0.3333333333333333,5,0.4166666666666667
2023,Maryland,0.05146051926058156,0.012414489787124245,12,8.0,0.6666666666666666,7,0.5833333333333334
2023,Massachusetts,-0.4304053388039161,-0.052203731767108956,11,2.5,0.2272727272727272,2,0.1818181818181818
2023,Memphis,0.19436924403380576,0.017536395926891553,12,8.0,0.6666666666666666,9,0.75
2023,Miami,0.4500450647505198,0.0616649001549015,12,7.0,0.5833333333333334,6,0.5
2023,Miami (OH),0.08354405444171815,-0.020150001994674795,13,10.0,0.7692307692307693,10,0.7692307692307693
2023,Michigan,0.7413229833046351,0.05436652992956237,15,13.5,0.9,15,1.0
2023,Michigan State,-0.42200580449140895,-0.028454083403426485,11,2.5,0.2272727272727272,3,0.2727272727272727
2023,Middle Tennessee,-0.29654660328153104,-0.04638035267806718,11,4.5,0.4090909090909091,3,0.2727272727272727
2023,Minnesota,-0.20620458465450534,-0.019593172433372743,13,5.5,0.4230769230769231,6,0.4615384615384615
2023,Mississippi State,-0.10165425187205453,0.0245012883046151,11,3.5,0.3181818181818182,4,0.3636363636363636
2023,Missouri,0.4045703966548416,0.07157499926036105,12,8.0,0.6666666666666666,10,0.8333333333333334
2023,NC State,0.13053796552554053,0.04222685781051297,12,6.5,0.5416666666666666,8,0.6666666666666666
2023,Navy,0.032923882883113695,0.000646997201636655,11,4.5,0.4090909090909091,4,0.3636363636363636
2023,Nebraska,-0.10337115540031634,-0.01892179368432989,12,7.0,0.5833333333333334,5,0.4166666666666667
2023,Nevada,-0.6677445189554209,-0.08769320310460536,11,2.0,0.1818181818181818,2,0.1818181818181818
2023,New Mexico,-0.36589211935158694,-0.058954553152158744,11,2.5,0.2272727272727272,3,0.2727272727272727
2023,New Mexico State,0.09455925822511302,-0.029460690502093118,14,8.0,0.5714285714285714,9,0.6428571428571429
2023,North Carolina,0.19304290750201536,0.03719167951759142,12,7.0,0.5833333333333334,7,0.5833333333333334
2023,North Texas,-0.28385063640832536,-0.03583814517054133,11,5.0,0.4545454545454545,4,0.3636363636363636
2023,Northern Illinois,0.0051151135597518275,-0.03565743430358804,12,7.5,0.625,7,0.5833333333333334
2023,Northwestern,-0.2583462385572943,-0.022885853629895953,12,5.5,0.4583333333333333,7,0.5833333333333334
2023,Notre Dame,0.6780637782042025,0.06966127786753278,12,9.5,0.7916666666666666,9,0.75
2023,Ohio,0.11881318498368558,-0.02995582540084497,12,8.0,0.6666666666666666,9,0.75
2023,Ohio State,0.4560970141417251,0.05081219410349864,12,9.5,0.7916666666666666,10,0.8333333333333334
2023,Oklahoma,0.27839427803643585,0.03997510611578399,13,9.5,0.7307692307692307,10,0.7692307692307693
2023,Oklahoma State,-0.03863932283140732,0.022988916393037646,13,7.0,0.5384615384615384,9,0.6923076923076923
2023,Old Dominion,-0.24876413690141402,-0.023786687766398217,12,5.0,0.4166666666666667,5,0.4166666666666667
2023,Ole Miss,0.3290988248537421,0.06613958981403738,12,8.0,0.6666666666666666,10,0.8333333333333334
2023,Oregon,0.8424203306517372,0.055004065979150876,13,11.5,0.8846153846153846,11,0.8461538461538461
2023,Oregon State,0.2709388243008508,0.016680589561234457,12,8.0,0.6666666666666666,7,0.5833333333333334
2023,Penn State,0.5371448746373516,0.0537597582958009,12,9.5,0.7916666666666666,9,0.75
2023,Pittsburgh,-0.36182424205613567,-0.003477162982568073,11,2.5,0.2272727272727272,2,0.1818181818181818
2023,Purdue,-0.07936696379402808,-0.007276169680660367,12,4.5,0.375,4,0.3333333333333333
2023,Rice,-0.10910907841376803,-0.0064132069393565095,12,5.0,0.4166666666666667,5,0.4166666666666667
2023,Rutgers,-0.06561321672601249,0.005792921540296962,12,5.0,0.4166666666666667,6,0.5
2023,SMU,0.6077581987996954,0.04050068152357509,13,9.0,0.6923076923076923,10,0.7692307692307693
2023,Sam Houston,-0.32669480763853725,-0.05749045516563337,11,4.0,0.3636363636363636,2,0.1818181818181818
2023,San Diego State,-0.5581717649380502,-0.07816675045851786,11,4.0,0.3636363636363636,3,0.2727272727272727
2023,San José State,0.07567426537158682,-0.01610174684608315,12,6.5,0.5416666666666666,6,0.5
2023,South Alabama,0.48342767225292377,0.03513474766516489,12,7.0,0.5833333333333334,6,0.5
2023,South Carolina,-0.023642839773014977,0.039687670382634856,11,3.5,0.3181818181818182,4,0.3636363636363636
2023,South Florida,-0.191354340908755,-0.01997955977297401,12,5.0,0.4166666666666667,6,0.5
2023,Southern Miss,-0.22929026828144808,-0.012049623298691947,11,2.5,0.2272727272727272,2,0.1818181818181818
2023,Stanford,-0.6947383390269583,-0.05678674439568261,11,2.5,0.2272727272727272,3,0.2727272727272727
2023,Syracuse,-0.31918694252859076,-0.016183513820775784,12,5.0,0.4166666666666667,5,0.4166666666666667
2023,TCU,-0.043215836616160005,0.019027407934578196,11,6.0,0.5454545454545454,4,0.3636363636363636
2023,Temple,-0.5223162443996601,-0.04940811031510364,11,2.0,0.1818181818181818,2,0.1818181818181818
2023,Tennessee,0.21226089626677858,0.05389537151310047,12,7.0,0.5833333333333334,8,0.6666666666666666
2023,Texas,0.5144177577880498,0.05960615384369776,14,11.5,0.8214285714285714,12,0.8571428571428571
2023,Texas A&M,0.2530784654935184,0.05475684736252225,12,8.0,0.6666666666666666,6,0.5
2023,Texas State,0.10305571551450833,-0.0018658538054575102,12,7.5,0.625,7,0.5833333333333334
2023,Texas Tech,-0.016484281721615195,0.021801594458076126,12,6.0,0.5,6,0.5
2023,Toledo,0.3899125030025453,-0.002148561935309011,13,8.5,0.6538461538461539,10,0.7692307692307693
2023,Troy,0.2338010067488429,0.018112054289180793,13,10.0,0.7692307692307693,10,0.7692307692307693
2023,Tulane,0.1962718962606633,0.02105191003489581,13,8.0,0.6153846153846154,10,0.7692307692307693
2023,Tulsa,-0.22764200332362033,-0.024942998003023933,11,4.0,0.3636363636363636,3,0.2727272727272727
2023,UAB,0.002209020016903514,-0.000991834210600133,11,3.0,0.2727272727272727,3,0.2727272727272727
2023,UCF,0.21366539815799093,0.031088436603608743,12,5.5,0.4583333333333333,5,0.4166666666666667
2023,UCLA,0.14487464905391106,-0.0056410410738338985,12,7.0,0.5833333333333334,7,0.5833333333333334
2023,UConn,-0.10359478389340397,-0.012791194650642693,11,3.5,0.3181818181818182,2,0.1818181818181818
2023,UL Monroe,-0.3945542311519676,-0.02754412078472347,11,1.5,0.1363636363636363,1,0.0909090909090909
2023,UNLV,-0.01683710084283146,-0.021657010614198273,13,7.5,0.5769230769230769,8,0.6153846153846154
2023,USC,0.19578705483719638,0.012534983479254453,13,7.0,0.5384615384615384,8,0.6153846153846154
2023,UTEP,-0.25349599184177124,-0.053805443661158345,11,3.0,0.2727272727272727,2,0.1818181818181818
2023,UTSA,0.18135518491247749,0.008517782192901802,13,9.0,0.6923076923076923,9,0.6923076923076923
2023,Utah,-0.19924340454949496,-0.009343120724771512,12,6.0,0.5,7,0.5833333333333334
2023,Utah State,-0.23502197139945216,-0.045803554495046875,12,4.5,0.375,5,0.4166666666666667
2023,Vanderbilt,-0.3962213346105416,-0.000911515248485956,11,1.0,0.0909090909090909,1,0.0909090909090909
2023,Virginia,-0.336441321457949,0.0032108870569583256,11,3.5,0.3181818181818182,2,0.1818181818181818
2023,Virginia Tech,0.06546133769358572,0.018737829569989067,13,8.5,0.6538461538461539,7,0.5384615384615384
2023,Wake Forest,-0.18696214667923655,0.0073700470255662455,11,3.5,0.3181818181818182,3,0.2727272727272727
2023,Washington,0.29399652927243924,0.024483842628246776,15,10.0,0.6666666666666666,14,0.9333333333333332
2023,Washington State,-0.2763413245503494,-0.03172627870865812,11,5.5,0.5,4,0.3636363636363636
2023,West Virginia,0.22712990788599066,0.03840494785680551,12,7.0,0.5833333333333334,8,0.6666666666666666
2023,Western Kentucky,-0.21075916226879268,-0.04252161346415914,12,6.0,0.5,7,0.5833333333333334
2023,Western Michigan,-0.3377277057638984,-0.053675180830186284,11,3.5,0.3181818181818182,3,0.2727272727272727
2023,Wisconsin,0.021315566185849448,-0.001764744489980334,13,7.0,0.5384615384615384,7,0.5384615384615384
2023,Wyoming,0.25838190286506757,0.0033163785448433025,12,6.5,0.5416666666666666,8,0.6666666666666666
2024,Air Force,-0.06306447352736931,-0.025516927119439616,11,3.5,0.3181818181818182,4,0.3636363636363636
2024,Akron,-0.42026696390795654,-0.03972589773404642,11,2.5,0.2272727272727272,3,0.2727272727272727
2024,Alabama,0.47982935265069826,0.06104326390818834,12,8.5,0.7083333333333334,8,0.6666666666666666
2024,App State,-0.17126910084123143,-0.03389470810503757,10,2.5,0.25,4,0.4
2024,Arizona,-0.15196153084001807,0.0022625103144947732,11,4.0,0.3636363636363636,3,0.2727272727272727
2024,Arizona State,0.031488596321789124,0.015520030415480578,14,9.0,0.6428571428571429,11,0.7857142857142857
2024,Arkansas,0.029038980399891477,0.018136879510258132,12,7.0,0.5833333333333334,6,0.5
2024,Arkansas State,-0.37227614973970585,-0.05459142171608126,12,4.5,0.375,7,0.5833333333333334
2024,Army,0.4582669970105443,0.016539322843616554,13,10.5,0.8076923076923077,11,0.8461538461538461
2024,Auburn,0.39939240692170636,0.04794737445666911,11,5.0,0.4545454545454545,4,0.3636363636363636
2024,BYU,0.16105744610768094,0.0318313512351298,12,9.0,0.75,10,0.8333333333333334
2024,Ball State,-0.276633245954889,-0.027936108594632966,11,3.0,0.2727272727272727,2,0.1818181818181818
2024,Baylor,0.1738250983142949,0.0326042231794369,12,7.5,0.625,7,0.5833333333333334
2024,Boise State,0.26654170491952883,0.010050372580547187,13,10.0,0.7692307692307693,11,0.8461538461538461
2024,Boston College,0.09725565629746451,0.027575024742665946,12,6.0,0.5,6,0.5
2024,Bowling Green,0.3035767365880166,0.0113076000735661,12,7.5,0.625,6,0.5
2024,Buffalo,-0.014257692582157882,-0.020328560060931068,12,7.5,0.625,8,0.6666666666666666
2024,California,-0.04962156705048453,0.007638422767549344,12,6.5,0.5416666666666666,5,0.4166666666666667
2024,Central Michigan,-0.15488816571092742,-0.026496340275648123,11,3.0,0.2727272727272727,3,0.2727272727272727
2024,Charlotte,-0.4946951369710722,-0.0448116189355104,11,3.5,0.3181818181818182,4,0.3636363636363636
2024,Cincinnati,-0.05360030605710024,0.01361014294494832,11,5.5,0.5,4,0.3636363636363636
2024,Clemson,0.27853917803766953,0.03917904625093997,13,8.5,0.6538461538461539,9,0.6923076923076923
2024,Coastal Carolina,-0.1339496153788191,-0.03622587636471326,12,4.0,0.3333333333333333,5,0.4166666666666667
2024,Colorado,0.31088801313407805,0.04345182926926096,12,8.0,0.6666666666666666,8,0.6666666666666666
2024,Colorado State,-0.005139793202026994,-0.021362135741069547,12,6.5,0.5416666666666666,7,0.5833333333333334
2024,Duke,0.14343855720484452,0.03222479430516737,12,5.5,0.4583333333333333,8,0.6666666666666666
2024,East Carolina,0.1223666629101564,-0.012997704056950582,12,6.0,0.5,7,0.5833333333333334
2024,Eastern Michigan,-0.17953310946470352,-0.03687685133951993,11,4.5,0.4090909090909091,4,0.3636363636363636
2024,Florida,0.19557950583025177,0.04868691809339013,12,7.0,0.5833333333333334,7,0.5833333333333334
2024,Florida Atlantic,-0.09523760332793071,-0.02863109528492431,11,3.5,0.3181818181818182,2,0.1818181818181818
2024,Florida International,0.04384056832079136,-0.039759378767485705,11,5.5,0.5,4,0.3636363636363636
2024,Florida State,-0.3019339682554512,0.009011728967439393,11,2.0,0.1818181818181818,1,0.0909090909090909
2024,Fresno State,-0.05214734720984453,-0.022331094517119923,12,6.5,0.5416666666666666,5,0.4166666666666667
2024,Georgia,0.14933837758233792,0.04439052312080996,13,9.0,0.6923076923076923,10,0.7692307692307693
2024,Georgia Southern,-0.23752898066851902,-0.03710668908082836,12,6.5,0.5416666666666666,7,0.5833333333333334
2024,Georgia State,-0.3301366460624347,-0.04362647354490124,11,3.0,0.2727272727272727,2,0.1818181818181818
2024,Georgia Tech,0.11246793626921266,0.0363483230712048,12,5.5,0.4583333333333333,6,0.5
2024,Hawai'i,-0.20004064793303558,-0.04134893162764241,10,3.5,0.35,3,0.3
2024,Houston,-0.2539292197002557,-0.001956640683899432,12,3.5,0.2916666666666667,4,0.3333333333333333
2024,Illinois,0.055465168804348534,0.031480505763177236,12,7.0,0.5833333333333334,9,0.75
2024,Indiana,0.6864433746930785,0.07421612978779586,12,9.5,0.7916666666666666,10,0.8333333333333334
2024,Iowa,0.24454022405234999,0.04162234738295404,12,8.0,0.6666666666666666,7,0.5833333333333334
2024,Iowa State,-0.05602218088800747,0.016160879208776933,13,8.0,0.6153846153846154,10,0.7692307692307693
2024,Jacksonville State,0.09195817182012112,-0.03627503358939637,14,9.5,0.6785714285714286,9,0.6428571428571429
2024,James Madison,0.4382106990822472,0.0004464890548702585,12,8.5,0.7083333333333334,8,0.6666666666666666
2024,Kansas,0.20343220207624135,0.044364453739526286,11,6.0,0.5454545454545454,4,0.3636363636363636
2024,Kansas State,0.26007225269555123,0.04070252121144203,12,7.0,0.5833333333333334,8,0.6666666666666666
2024,Kennesaw State,-0.45154260696905035,-0.08437023604081882,11,2.0,0.1818181818181818,2,0.1818181818181818
2024,Kent State,-0.6430266454780379,-0.06189607327209178,11,0.5,0.0454545454545454,0,0.0
2024,Kentucky,-0.3145738803070499,-0.0011481525820063992,11,3.5,0.3181818181818182,3,0.2727272727272727
2024,LSU,0.22468325647517662,0.0477494508543109,12,7.0,0.5833333333333334,8,0.6666666666666666
2024,Liberty,0.019029074872351937,-0.047483991844847924,11,6.5,0.5909090909090909,7,0.6363636363636364
2024,Louisiana,0.062337969189681576,-0.022249215857053254,13,9.0,0.6923076923076923,9,0.6923076923076923
2024,Louisiana Tech,-0.3032561462446316,-0.06511674231075487,12,5.5,0.4583333333333333,4,0.3333333333333333
2024,Louisville,0.45917154704973073,0.06080174176753959,12,8.5,0.7083333333333334,8,0.6666666666666666
2024,Marshall,0.10080638692997239,-0.014008021856999977,12,7.5,0.625,9,0.75
2024,Maryland,-0.027585502710970707,0.029989482163354706,11,3.0,0.2727272727272727,3,0.2727272727272727
2024,Massachusetts,-0.40594041997540586,-0.04498971266364092,10,1.5,0.15,0,0.0
2024,Memphis,0.28393809788735686,0.006474638336390349,12,8.0,0.6666666666666666,10,0.8333333333333334
2024,Miami,0.6425326849538514,0.07061190705840273,12,9.0,0.75,9,0.75
2024,Miami (OH),0.07448635125244538,-0.0044318433410032,14,8.5,0.6071428571428571,9,0.6428571428571429
2024,Michigan,0.12205188875913676,0.04037515335817897,13,6.0,0.4615384615384615,8,0.6153846153846154
2024,Michigan State,-0.24861854606575867,0.012244637847014538,11,3.5,0.3181818181818182,4,0.3636363636363636
2024,Middle Tennessee,-0.32908978833402214,-0.06120532419354172,11,1.5,0.1363636363636363,2,0.1818181818181818
2024,Minnesota,0.28104130330793875,0.04592701437966157,12,7.5,0.625,7,0.5833333333333334
2024,Mississippi State,-0.5437009279488744,-0.021976515352044118,11,1.5,0.1363636363636363,1,0.0909090909090909
2024,Missouri,0.3092236644497003,0.042054422526931756,12,6.5,0.5416666666666666,9,0.75
2024,NC State,0.11274711414087778,0.0167062654982905,12,5.5,0.4583333333333333,5,0.4166666666666667
2024,Navy,0.2412314261298128,0.013363291609947595,12,8.5,0.7083333333333334,9,0.75
2024,Nebraska,0.0607752004781022,0.028581316381140417,12,7.5,0.625,6,0.5
2024,Nevada,-0.22735819951091235,-0.029852362352247284,12,4.0,0.3333333333333333,2,0.1666666666666666
2024,New Mexico,-0.20030796397223705,-0.04372693951758423,11,4.5,0.4090909090909091,5,0.4545454545454545
2024,New Mexico State,-0.45143620964229264,-0.08114496846305758,11,2.5,0.2272727272727272,2,0.1818181818181818
2024,North Carolina,0.0892374528404589,0.018803380626473912,12,5.5,0.4583333333333333,5,0.4166666666666667
2024,North Texas,-0.22520365642708723,-0.02924434215453751,12,5.5,0.4583333333333333,5,0.4166666666666667
2024,Northern Illinois,0.14340278363748193,0.0025956920533108598,12,7.5,0.625,7,0.5833333333333334
2024,Northwestern,-0.3341887382698748,0.0021682853197923894,11,2.5,0.2272727272727272,3,0.2727272727272727
2024,Notre Dame,0.5854298988918901,0.06378261378234072,16,13.5,0.84375,14,0.875
2024,Ohio,0.2275610839609968,-0.0020515980018955995,13,8.5,0.6538461538461539,10,0.7692307692307693
2024,Ohio State,0.6824465263869777,0.07313627058087628,16,14.0,0.875,14,0.875
2024,Oklahoma,-0.14184384690049526,0.0194509262834387,12,5.0,0.4166666666666667,5,0.4166666666666667
2024,Oklahoma State,-0.21010260373679931,-0.002750400544412033,11,3.0,0.2727272727272727,2,0.1818181818181818
2024,Old Dominion,-0.2278316494784822,-0.03333276192816388,12,6.5,0.5416666666666666,5,0.4166666666666667
2024,Ole Miss,0.796782254299082,0.07561181130315903,12,10.5,0.875,9,0.75
2024,Oregon,0.6492035816748646,0.07616086339388127,13,10.0,0.7692307692307693,12,0.9230769230769232
2024,Oregon State,-0.3526040700539186,-0.03716978046518363,11,4.0,0.3636363636363636,4,0.3636363636363636
2024,Penn State,0.5458716439342766,0.06071849164881398,16,13.0,0.8125,13,0.8125
2024,Pittsburgh,-0.08902801040493562,0.00849872148792265,12,6.0,0.5,6,0.5
2024,Purdue,-0.3602519908368595,0.003050014596359603,11,1.5,0.1363636363636363,0,0.0
2024,Rice,-0.1975404417812724,-0.02804408587607265,11,3.5,0.3181818181818182,3,0.2727272727272727
2024,Rutgers,-0.06768639882081402,0.014334865898599138,12,6.5,0.5416666666666666,6,0.5
2024,SMU,0.38732024485286976,0.04973791786275927,13,9.5,0.7307692307692307,10,0.7692307692307693
2024,Sam Houston,-0.19645634317877958,-0.05595239660656402,13,7.0,0.5384615384615384,10,0.7692307692307693
2024,San Diego State,-0.3657390588066107,-0.05308819400179236,11,2.5,0.2272727272727272,2,0.1818181818181818
2024,San José State,-0.17741429566894656,-0.03698435979824153,12,6.5,0.5416666666666666,6,0.5
2024,South Alabama,0.2269916753977599,-0.007756772825344031,12,7.0,0.5833333333333334,6,0.5
2024,South Carolina,-0.03797311944789198,0.02087214406645846,12,8.0,0.6666666666666666,8,0.6666666666666666
2024,South Florida,-0.06674779649880072,-0.018562380176331342,12,6.0,0.5,6,0.5
2024,Southern Miss,-0.6194201961719064,-0.07923115034217851,11,0.0,0.0,0,0.0
2024,Stanford,-0.43711477306531316,-0.015310572663411341,11,3.0,0.2727272727272727,2,0.1818181818181818
2024,Syracuse,0.04425488215860659,0.019407693280038062,12,6.5,0.5416666666666666,9,0.75
2024,TCU,0.18780896992799567,0.027400945299733456,12,7.0,0.5833333333333334,8,0.6666666666666666
2024,Temple,-0.2685562788447315,-0.03388537655118194,12,3.5,0.2916666666666667,3,0.25
2024,Tennessee,0.15480387159157138,0.024471212201626923,12,8.5,0.7083333333333334,9,0.75
2024,Texas,0.51846296679256,0.04939112025918197,16,12.5,0.78125,13,0.8125
2024,Texas A&M,0.14737317856568605,0.035022128619245765,12,7.0,0.5833333333333334,7,0.5833333333333334
2024,Texas State,0.5081699210520353,0.007119507127707573,12,8.0,0.6666666666666666,7,0.5833333333333334
2024,Texas Tech,-0.052157302476943335,0.008093935400400102,12,5.0,0.4166666666666667,7,0.5833333333333334
2024,Toledo,0.13403834821519664,-0.006336074310054097,12,6.5,0.5416666666666666,7,0.5833333333333334
2024,Troy,-0.15363260100950252,-0.03921058765602656,11,4.0,0.3636363636363636,3,0.2727272727272727
2024,Tulane,0.455181173418341,0.028592888350366986,13,7.5,0.5769230769230769,8,0.6153846153846154
2024,Tulsa,-0.4430841910453464,-0.06649022095243555,11,2.0,0.1818181818181818,2,0.1818181818181818
2024,UAB,-0.43458479968337077,-0.05189422369110842,11,3.0,0.2727272727272727,2,0.1818181818181818
2024,UCF,0.12472058003509234,0.026935408489936728,11,4.0,0.3636363636363636,3,0.2727272727272727
2024,UCLA,-0.2896195642630583,0.007499201600846502,12,3.5,0.2916666666666667,5,0.4166666666666667
2024,UConn,0.20372755362044462,0.004436491886344338,12,7.5,0.625,8,0.6666666666666666
2024,UL Monroe,-0.5607186396229902,-0.0658868675153958,11,4.0,0.3636363636363636,4,0.3636363636363636
2024,UNLV,0.48869377670361414,0.024445052466528432,13,9.5,0.7307692307692307,10,0.7692307692307693
2024,USC,-0.031559468992049644,0.026085325057257486,13,7.5,0.5769230769230769,7,0.5384615384615384
2024,UTEP,-0.31713251518784835,-0.06873373594137613,11,3.0,0.2727272727272727,3,0.2727272727272727
2024,UTSA,0.1542778392493906,-0.0071738757887789585,12,7.0,0.5833333333333334,6,0.5
2024,Utah,-0.08950536369623716,0.005660611486079601,11,6.0,0.5454545454545454,4,0.3636363636363636
2024,Utah State,-0.26298033381882135,-0.03968804614082594,11,3.5,0.3181818181818182,3,0.2727272727272727
2024,Vanderbilt,-0.14506097760383618,0.01105410498021842,12,6.0,0.5,6,0.5
2024,Virginia,-0.2880613464127859,-0.0004446460942421045,11,3.5,0.3181818181818182,4,0.3636363636363636
2024,Virginia Tech,0.033500818240450266,0.020543660743425462,13,8.5,0.6538461538461539,6,0.4615384615384615
2024,Wake Forest,-0.2218778956340685,0.0004845263134138185,11,3.5,0.3181818181818182,3,0.2727272727272727
2024,Washington,-0.0215708340181931,0.027894204833564102,12,6.0,0.5,5,0.4166666666666667
2024,Washington State,0.11485369373794545,-0.010804261855177005,12,6.5,0.5416666666666666,7,0.5833333333333334
2024,West Virginia,0.017557574904094552,0.022936091693480966,12,4.5,0.375,5,0.4166666666666667
2024,Western Kentucky,-0.008918392980826043,-0.035595934781916104,13,7.0,0.5384615384615384,7,0.5384615384615384
2024,Western Michigan,0.0017983236358279492,-0.011475326854872259,12,5.0,0.4166666666666667,5,0.4166666666666667
2024,Wisconsin,-0.2549054701829504,0.008482817357165964,11,4.5,0.4090909090909091,4,0.3636363636363636
2024,Wyoming,-0.1887372041910093,-0.035613696026229005,11,3.5,0.3181818181818182,3,0.2727272727272727
2025,Air Force,0.13800650897652805,-0.013124709353151486,11,4.0,0.3636363636363636,3,0.2727272727272727
2025,Akron,-0.3698935654640351,-0.06848749095828814,11,3.5,0.3181818181818182,4,0.3636363636363636
2025,Alabama,0.4491979718778303,0.07450474146867929,14,8.5,0.6071428571428571,10,0.7142857142857143
2025,App State,-0.1607342413482528,-0.046997597633842536,12,5.0,0.4166666666666667,4,0.3333333333333333
2025,Arizona,0.22271820014843907,0.03403670898480472,12,8.0,0.6666666666666666,8,0.6666666666666666
2025,Arizona State,-0.1531161473577069,0.009601810828041487,12,6.0,0.5,7,0.5833333333333334
2025,Arkansas,-0.14497517772978502,0.022170149970960118,11,4.0,0.3636363636363636,1,0.0909090909090909
2025,Arkansas State,-0.26982096299380437,-0.05341889725831344,12,6.0,0.5,6,0.5
2025,Army,0.13287636967488936,0.008077738885515417,12,7.0,0.5833333333333334,7,0.5833333333333334
2025,Auburn,0.054360180441878084,0.03459457774157426,11,7.0,0.6363636363636364,4,0.3636363636363636
2025,BYU,0.352975214821047,0.05441393209703242,13,9.0,0.6923076923076923,11,0.8461538461538461
2025,Ball State,-0.4379731889667204,-0.06217391767127268,11,2.5,0.2272727272727272,3,0.2727272727272727
2025,Baylor,-0.12298312167046556,0.014211088314526919,11,4.5,0.4090909090909091,4,0.3636363636363636
2025,Boise State,-0.1951321045808215,-0.027013916390791346,13,7.5,0.5769230769230769,8,0.6153846153846154
2025,Boston College,-0.4178234964647732,-0.020084117793793547,11,2.5,0.2272727272727272,1,0.0909090909090909
2025,Bowling Green,-0.06509859013801705,-0.03527149745088262,11,4.0,0.3636363636363636,3,0.2727272727272727
2025,Buffalo,-0.04194772913181519,-0.04043022299496827,11,4.5,0.4090909090909091,4,0.3636363636363636
2025,California,-0.27840744285814495,-0.019393177107351247,12,5.0,0.4166666666666667,6,0.5
2025,Central Michigan,-0.03556569449520296,-0.03146696201812824,12,6.5,0.5416666666666666,6,0.5
2025,Charlotte,-0.7499228551907342,-0.06151606137326167,11,0.0,0.0,0,0.0
2025,Cincinnati,0.1865818880118854,0.03428904121039703,12,6.0,0.5,6,0.5
2025,Clemson,0.2961414516009109,0.04212754891668816,12,7.0,0.5833333333333334,6,0.5
2025,Coastal Carolina,-0.5069593325999253,-0.05942020603281816,12,5.0,0.4166666666666667,5,0.4166666666666667
2025,Colorado,-0.1964420690025129,-0.001967077028450089,12,4.0,0.3333333333333333,3,0.25
2025,Colorado State,-0.47562248478402663,-0.060033340388034886,11,2.0,0.1818181818181818,1,0.0909090909090909
2025,Delaware,-0.01691777327333096,-0.03912916106950362,12,5.0,0.4166666666666667,6,0.5
2025,Duke,0.08783186194074322,0.02173926250055413,13,7.0,0.5384615384615384,8,0.6153846153846154
2025,East Carolina,0.08691018257612973,0.006123257558011807,12,8.0,0.6666666666666666,8,0.6666666666666666
2025,Eastern Michigan,-0.23480226896143286,-0.04985683878456003,11,3.5,0.3181818181818182,4,0.3636363636363636
2025,Florida,-0.03523947466051287,0.04312664494097917,11,3.0,0.2727272727272727,3,0.2727272727272727
2025,Florida Atlantic,-0.17343756696600854,-0.01707374830276309,11,3.0,0.2727272727272727,3,0.2727272727272727
2025,Florida International,-0.1627428983507942,-0.04519166624614536,12,5.5,0.4583333333333333,6,0.5
2025,Florida State,0.27168013910886957,0.05133765032768132,11,6.0,0.5454545454545454,4,0.3636363636363636
2025,Fresno State,-0.04136983605945238,-0.03476091445315735,12,7.0,0.5833333333333334,8,0.6666666666666666
2025,Georgia,0.3439771388049406,0.05786574759321464,13,10.0,0.7692307692307693,11,0.8461538461538461
2025,Georgia Southern,-0.2803794308746998,-0.050489808248678575,12,4.5,0.375,6,0.5
2025,Georgia State,-0.3909181085337207,-0.04612009753754502,11,1.0,0.0909090909090909,0,0.0
2025,Georgia Tech,0.1602885940798652,0.031078094739479204,12,7.0,0.5833333333333334,8,0.6666666666666666
2025,Hawai'i,-0.14117498918676757,-0.042072027556179385,12,8.0,0.6666666666666666,8,0.6666666666666666
2025,Houston,-0.0006273471415275279,0.012333790941667129,12,6.5,0.5416666666666666,9,0.75
2025,Illinois,0.12450139944773475,0.03645162250044424,12,6.5,0.5416666666666666,8,0.6666666666666666
2025,Indiana,1.021603154427331,0.10274399027220545,15,13.0,0.8666666666666667,15,1.0
2025,Iowa,0.19002778439066764,0.03951174876150962,12,8.5,0.7083333333333334,8,0.6666666666666666
2025,Iowa State,-0.05327572016223246,0.013129544556028846,11,6.0,0.5454545454545454,7,0.6363636363636364
2025,Jacksonville State,0.1246181897047137,-0.033427028510112845,13,7.5,0.5769230769230769,8,0.6153846153846154
2025,James Madison,0.6493116236519855,0.030172470151458446,13,10.0,0.7692307692307693,11,0.8461538461538461
2025,Kansas,0.06281089680935997,0.028856548906083038,11,4.5,0.4090909090909091,4,0.3636363636363636
2025,Kansas State,-0.03338674957974936,0.021268065633560027,11,7.0,0.6363636363636364,5,0.4545454545454545
2025,Kennesaw State,-0.07371464678379594,-0.036107392992797,13,6.5,0.5,9,0.6923076923076923
2025,Kent State,-0.3561284704420205,-0.04788115583188608,11,3.5,0.3181818181818182,4,0.3636363636363636
2025,Kentucky,-0.06917045889320667,0.025699356703001677,11,4.0,0.3636363636363636,4,0.3636363636363636
2025,LSU,-0.11194019974127939,0.022755705567672833,12,6.5,0.5416666666666666,6,0.5
2025,Liberty,-0.21084692117027617,-0.05560883704488698,11,4.5,0.4090909090909091,3,0.2727272727272727
2025,Louisiana,-0.4468336018508633,-0.057664965168213615,12,4.5,0.375,5,0.4166666666666667
2025,Louisiana Tech,-0.053189767911781455,-0.0466042090424128,12,7.5,0.625,7,0.5833333333333334
2025,Louisville,0.2671462026751842,0.04103235085614256,12,8.0,0.6666666666666666,8,0.6666666666666666
2025,Marshall,0.08621702752746917,-0.019628204194331523,11,5.5,0.5,4,0.3636363636363636
2025,Maryland,-0.16150073633291406,0.001947110495298676,11,4.5,0.4090909090909091,3,0.2727272727272727
2025,Massachusetts,-0.7607833211826254,-0.08862978088918089,11,0.5,0.0454545454545454,0,0.0
2025,Memphis,0.2984947627395558,0.022285003429301238,12,7.5,0.625,7,0.5833333333333334
2025,Miami,0.6818608941278451,0.08923155230257447,15,11.5,0.7666666666666667,12,0.8
2025,Miami (OH),0.07868899278384603,-0.02139573951307406,13,7.0,0.5384615384615384,6,0.4615384615384615
2025,Michigan,0.2680110994811125,0.03792333558888966,13,7.5,0.5769230769230769,9,0.6923076923076923
2025,Michigan State,-0.08644350671363826,0.011753556155917255,11,3.5,0.3181818181818182,3,0.2727272727272727
2025,Middle Tennessee,-0.14365443160158936,-0.05405139762041743,11,4.0,0.3636363636363636,3,0.2727272727272727
2025,Minnesota,-0.08401127155162062,0.00702498052422396,12,5.5,0.4583333333333333,7,0.5833333333333334
2025,Mississippi State,-0.2202893809142545,0.010957127860741772,12,4.5,0.375,4,0.3333333333333333
2025,Missouri,0.489103782718749,0.06284410869145661,12,8.0,0.6666666666666666,7,0.5833333333333334
2025,Missouri State,-0.33397752294380084,-0.06075108277852576,12,5.0,0.4166666666666667,6,0.5
2025,NC State,0.12903624482954126,0.04205627460309996,12,6.5,0.5416666666666666,7,0.5833333333333334
2025,Navy,0.15570244954514872,0.023037871020288588,12,7.5,0.625,10,0.8333333333333334
2025,Nebraska,-0.03798349785464473,0.00999703008329389,12,5.0,0.4166666666666667,6,0.5
2025,Nevada,-0.17588040844562014,-0.04351149887257737,11,3.0,0.2727272727272727,2,0.1818181818181818
2025,New Mexico,-0.02826038768075824,-0.02719345770992856,12,7.0,0.5833333333333334,8,0.6666666666666666
2025,New Mexico State,-0.2893383690887675,-0.06550764888581521,11,4.0,0.3636363636363636,3,0.2727272727272727
2025,North Carolina,-0.02403255059888836,0.004225005245719639,11,4.0,0.3636363636363636,3,0.2727272727272727
2025,North Texas,0.6059302935029947,0.03652650386018639,13,9.5,0.7307692307692307,11,0.8461538461538461
2025,Northern Illinois,-0.24010172169301516,-0.048468056843047745,11,3.5,0.3181818181818182,2,0.1818181818181818
2025,Northwestern,-0.1864496148031247,-0.00208779270715248,12,6.0,0.5,6,0.5
2025,Notre Dame,0.7288536410989574,0.07594193897789522,12,11.0,0.9166666666666666,10,0.8333333333333334
2025,Ohio,-0.010224236371957159,-0.025300441725659054,12,7.0,0.5833333333333334,8,0.6666666666666666
2025,Ohio State,0.8729032643324826,0.09529130470884295,13,11.0,0.8461538461538461,11,0.8461538461538461
2025,Oklahoma,0.24129443191321404,0.05505803950133668,12,7.5,0.625,9,0.75
2025,Oklahoma State,-0.4436912958467926,-0.00904812802200396,11,2.0,0.1818181818181818,0,0.0
2025,Old Dominion,0.040050954126272915,-0.010288287423062483,12,8.5,0.7083333333333334,9,0.75
2025,Ole Miss,0.47459578310333034,0.059754653272256104,14,10.0,0.7142857142857143,12,0.8571428571428571
2025,Oregon,0.9075140076401496,0.09778919780335349,14,11.0,0.7857142857142857,12,0.8571428571428571
2025,Oregon State,-0.30240918369524233,-0.02569577376591832,11,2.0,0.1818181818181818,1,0.0909090909090909
2025,Penn State,0.16817820742502715,0.039033329339063734,12,8.0,0.6666666666666666,6,0.5
2025,Pittsburgh,-0.07972483290191906,0.012581638866925236,12,8.0,0.6666666666666666,7,0.5833333333333334
2025,Purdue,-0.5269285921257395,-0.014415449398593544,11,2.5,0.2272727272727272,1,0.0909090909090909
2025,Rice,-0.21664542287064037,-0.021634805893018708,12,3.5,0.2916666666666667,4,0.3333333333333333
2025,Rutgers,-0.2351314703863846,0.0061110789420098345,11,4.0,0.3636363636363636,4,0.3636363636363636
2025,SMU,0.474341362021656,0.05070571778851411,12,8.5,0.7083333333333334,8,0.6666666666666666
2025,Sam Houston,-0.570100457216319,-0.08343989480030613,12,1.5,0.125,2,0.1666666666666666
2025,San Diego State,0.2825788806589282,-0.007397261860446895,12,8.5,0.7083333333333334,8,0.6666666666666666
2025,San José State,-0.3722399932188653,-0.056582038900761425,11,3.0,0.2727272727272727,2,0.1818181818181818
2025,South Alabama,-0.3075976407830558,-0.05075111528054554,11,3.5,0.3181818181818182,3,0.2727272727272727
2025,South Carolina,-0.07786971223794031,0.03137991633738101,11,4.0,0.3636363636363636,3,0.2727272727272727
2025,South Florida,0.4241006940053277,0.03889816625637921,12,8.5,0.7083333333333334,8,0.6666666666666666
2025,Southern Miss,0.0864661958230603,-0.02932833993591712,12,5.5,0.4583333333333333,6,0.5
2025,Stanford,-0.5130597914449614,-0.02380887723095137,12,4.0,0.3333333333333333,4,0.3333333333333333
2025,Syracuse,-0.5987611906113642,-0.02370728678694114,11,1.5,0.1363636363636363,2,0.1818181818181818
2025,TCU,0.2519854982816372,0.04015695616588898,12,7.0,0.5833333333333334,8,0.6666666666666666
2025,Temple,-0.07203003375342654,-0.006425836208672537,11,4.0,0.3636363636363636,4,0.3636363636363636
2025,Tennessee,0.12849673297307268,0.03184769885372869,12,7.5,0.625,7,0.5833333333333334
2025,Texas,0.2907172504745736,0.0435995551530671,13,9.5,0.7307692307692307,10,0.7692307692307693
2025,Texas A&M,0.5243836746441928,0.07768535512096593,12,8.5,0.7083333333333334,10,0.8333333333333334
2025,Texas State,0.26195143876407995,-0.0043820489666853875,12,7.5,0.625,6,0.5
2025,Texas Tech,0.9103126097583406,0.08851553892869783,13,11.5,0.8846153846153846,11,0.8461538461538461
2025,Toledo,0.41539015160774295,0.009452456359326409,12,9.0,0.75,7,0.5833333333333334
2025,Troy,-0.26023176990411895,-0.04010649272212679,13,6.0,0.4615384615384615,7,0.5384615384615384
2025,Tulane,-0.08926678672343095,-0.0014180063774727931,14,8.5,0.6071428571428571,11,0.7857142857142857
2025,Tulsa,0.04267862164476831,-0.004997828265709569,11,3.5,0.3181818181818182,3,0.2727272727272727
2025,UAB,-0.39916988532083814,-0.03200946189804472,11,2.0,0.1818181818181818,3,0.2727272727272727
2025,UCF,-0.15657638201078225,0.004730190591339695,11,4.0,0.3636363636363636,4,0.3636363636363636
2025,UCLA,-0.4922470220096651,-0.014312753174207812,12,3.5,0.2916666666666667,3,0.25
2025,UConn,0.26778244330424683,-0.0014133044432738588,12,7.5,0.625,8,0.6666666666666666
2025,UL Monroe,-0.037505017859909846,-0.029926654905613356,11,2.0,0.1818181818181818,2,0.1818181818181818
2025,UNLV,0.0809637539931182,-0.0287595555899723,13,8.0,0.6153846153846154,9,0.6923076923076923
2025,USC,0.11384512084650744,0.024716432352041674,13,9.0,0.6923076923076923,9,0.6923076923076923
2025,UTEP,-0.21252355041985044,-0.058744782075681484,11,2.5,0.2272727272727272,1,0.0909090909090909
2025,UTSA,0.009362825358257849,-0.0019939932011645398,12,7.0,0.5833333333333334,6,0.5
2025,Utah,0.36545206888112935,0.04663636126647825,12,10.0,0.8333333333333334,10,0.8333333333333334
2025,Utah State,-0.11100492958042282,-0.026766697535739414,12,5.5,0.4583333333333333,5,0.4166666666666667
2025,Vanderbilt,0.28197596099581856,0.0490666203031152,12,8.5,0.7083333333333334,9,0.75
2025,Virginia,0.18039788051075958,0.02704719042528803,13,9.0,0.6923076923076923,10,0.7692307692307693
2025,Virginia Tech,-0.21092222015725012,0.012972868436777165,11,1.5,0.1363636363636363,2,0.1818181818181818
2025,Wake Forest,0.10172018706977352,0.021075587597450825,12,6.5,0.5416666666666666,8,0.6666666666666666
2025,Washington,0.39105720641473635,0.046415675253082656,12,8.0,0.6666666666666666,8,0.6666666666666666
2025,Washington State,-0.07939007740709637,-0.005184515370330748,12,8.0,0.6666666666666666,6,0.5
2025,West Virginia,-0.3478823883685765,-0.007029376230048337,11,3.5,0.3181818181818182,3,0.2727272727272727
2025,Western Kentucky,0.04159874369558119,-0.035594585178262764,12,7.5,0.625,8,0.6666666666666666
2025,Western Michigan,0.12462072481755461,-0.012768462019797302,13,8.0,0.6153846153846154,9,0.6923076923076923
2025,Wisconsin,-0.3276299145785365,0.01137722130537518,12,3.5,0.2916666666666667,4,0.3333333333333333
2025,Wyoming,-0.1701958620809479,-0.043659583252317204,11,3.5,0.3181818181818182,3,0.2727272727272727
