team,roster_position,broad_group,unit,depth,player,class,is_transfer,redshirt
Air Force,WR-X,WR,OFF,1,Jonah Dawson,JR,False,False
Air Force,WR-X,WR,OFF,2,Adam Hrynciw,SR,False,False
Air Force,WR-Z,WR,OFF,1,Matt Long,JR,False,False
Air Force,LT,OL,OFF,1,Nathan Elwood,SR,False,False
Air Force,LT,OL,OFF,2,Brandon Nazworth,JR,False,False
Air Force,LG,OL,OFF,1,Alec Falk,SR,False,False
Air Force,LG,OL,OFF,2,TJ Tarascio,SR,False,False
Air Force,LG,OL,OFF,3,Johnique Thomas,JR,False,False
Air Force,C,OL,OFF,1,Rudy Varela,SR,False,False
Air Force,RG,OL,OFF,1,Jon Ashford,JR,False,False
Air Force,RG,OL,OFF,2,Brody Smith,JR,False,False
Air Force,RT,OL,OFF,1,Luke Vonderhaar,SR,False,False
Air Force,RT,OL,OFF,2,Griffin Stalfort,SR,False,False
Air Force,TE,TE,OFF,1,Simon Kibbee,SR,False,False
Air Force,QB,QB,OFF,1,Liam Szarka,JR,False,False
Air Force,QB,QB,OFF,2,Josh Johnson,SR,False,False
Air Force,QB,QB,OFF,3,Kemper Hodges,SR,False,False
Air Force,RB,RB,OFF,1,Owen Allen,SR,False,False
Air Force,RB,RB,OFF,2,Jalen Rashad Turner,SR,False,False
Air Force,FB,RB,OFF,1,Rocco Conti,SR,False,False
Air Force,FB,RB,OFF,2,Gage LaDue,JR,False,False
Air Force,FB,RB,OFF,3,Omari Elias,JR,False,False
Air Force,DE,EDGE,DEF,1,DeSean Davis,JR,False,False
Air Force,DE,EDGE,DEF,2,Grady Forsythe,JR,False,False
Air Force,DE,EDGE,DEF,3,Antonio Menard,JR,False,False
Air Force,NT,DT,DEF,1,Lukia Rawls Jr.,SR,False,False
Air Force,NT,DT,DEF,2,Jayden Oquendo,SR,False,False
Air Force,DT,DT,DEF,1,Andrew Tillett,SR,False,False
Air Force,DT,DT,DEF,2,Chaz Barnett,JR,False,False
Air Force,OLB,LB,DEF,1,Isaac Hubert,SR,False,False
Air Force,OLB,LB,DEF,2,Jaylin Reese,JR,False,False
Air Force,WLB,LB,DEF,1,Blake Fletcher,SR,False,False
Air Force,WLB,LB,DEF,2,Brody Bujnoch,SR,False,False
Air Force,WLB,LB,DEF,3,Vinnie Canosa,JR,False,False
Air Force,MLB,LB,DEF,1,Dallas Daley,SR,False,False
Air Force,MLB,LB,DEF,2,Luke Fisher,SR,False,False
Air Force,MLB,LB,DEF,3,Brodie Mitchell,JR,False,False
Air Force,SPUR,CB,DEF,1,Alexander Perez,SO,False,False
Air Force,SPUR,CB,DEF,2,Nick Beckwith,JR,False,False
Air Force,LCB,CB,DEF,1,Korey Johnson,JR,False,False
Air Force,LCB,CB,DEF,2,RJ Reedus,SO,False,False
Air Force,SS,SAF,DEF,1,Max Mustell,SO,False,False
Air Force,SS,SAF,DEF,2,Houston Hendrix,SR,False,False
Air Force,SS,SAF,DEF,3,JT Tomescko,JR,False,False
Air Force,FS,SAF,DEF,1,Roger Jones Jr.,JR,False,False
Air Force,FS,SAF,DEF,2,Jet Wiley,SR,False,False
Air Force,RCB,CB,DEF,1,Mikhail Seiken,JR,False,False
Air Force,RCB,CB,DEF,2,Ehimen Oyamendan,SO,False,False
Air Force,RCB,CB,DEF,3,Jordan Elie-Stuart,SO,False,False
Akron,WR-X,WR,OFF,1,Cameron Monteiro,SO,True,True
Akron,WR-X,WR,OFF,2,Miles Burris,JR,True,False
Akron,WR-X,WR,OFF,3,Brandon Hills,JR,True,True
Akron,WR-Z,WR,OFF,1,Marcel Williams,SO,True,True
Akron,WR-Z,WR,OFF,2,Titus Myers,JR,True,False
Akron,WR-Z,WR,OFF,3,Luke Sivon,FR,False,True
Akron,WR-SL,WR,OFF,1,Kyan Mason,SO,False,True
Akron,WR-SL,WR,OFF,2,Jean Louis III,JR,False,True
Akron,WR-SL,WR,OFF,3,Gentz Hilburn,SO,True,False
Akron,LT,OL,OFF,1,Ian Falkner,SR,True,True
Akron,LT,OL,OFF,2,Dayne Shor,SR,True,True
Akron,LG,OL,OFF,1,Amarie Archer,SR,True,True
Akron,LG,OL,OFF,2,Nate Hampton,SO,True,False
Akron,LG,OL,OFF,3,Nick Stopiak,SR,False,True
Akron,C,OL,OFF,1,Colin Lyons,GR,False,False
Akron,C,OL,OFF,2,Brandon Smith,JR,True,True
Akron,C,OL,OFF,3,Max Mobley,JR,False,True
Akron,RG,OL,OFF,1,Carlos Slayden,SR,True,True
Akron,RG,OL,OFF,2,Melvin Puckett,SO,True,True
Akron,RG,OL,OFF,3,Alex Fox,SR,True,True
Akron,RT,OL,OFF,1,Allen Jones Jr.,SR,True,True
Akron,RT,OL,OFF,2,Jonas Mann,JR,False,True
Akron,TE,TE,OFF,1,Conner Cravaack,JR,False,True
Akron,TE,TE,OFF,2,Elijah Alexander,SO,True,False
Akron,TE,TE,OFF,3,Wyatt Hook,SO,True,True
Akron,QB,QB,OFF,1,Reese Poffenbarger,GR,True,False
Akron,QB,QB,OFF,2,Brayden Roggow,SO,False,True
Akron,QB,QB,OFF,3,Cibastian Broughton,FR,False,True
Akron,RB,RB,OFF,1,Jordan Gant,SR,True,True
Akron,RB,RB,OFF,2,Sean Patrick,SO,False,True
Akron,RB,RB,OFF,3,Marquese Williams,JR,True,True
Akron,LDE,EDGE,DEF,1,Cyrus Durham,SR,True,True
Akron,LDE,EDGE,DEF,2,Jahvon Frazier,SO,False,True
Akron,NT,DT,DEF,1,Ronald Hull,JR,False,False
Akron,NT,DT,DEF,2,Elijah Davis,SO,False,True
Akron,DT,DT,DEF,1,Vaughn Highland,SR,True,True
Akron,DT,DT,DEF,2,Jon'Trell Mixon,JR,False,True
Akron,RDE,EDGE,DEF,1,Kurtis Waye,SR,True,False
Akron,RDE,EDGE,DEF,2,Dahvon Frazier,SO,False,True
Akron,WLB,LB,DEF,1,Dwight Nunoo,SR,True,True
Akron,WLB,LB,DEF,2,Jason Hocker,SO,False,True
Akron,MLB,LB,DEF,1,Jeremiah Jones,JR,True,False
Akron,MLB,LB,DEF,2,Jude Buchanan,SR,True,True
Akron,LCB,CB,DEF,1,Catrell White,JR,False,True
Akron,LCB,CB,DEF,2,Zach Hobson,SR,True,True
Akron,LCB,CB,DEF,3,Dawayne Galloway Jr.,FR,True,True
Akron,SS,SAF,DEF,1,Daymon David,GR,True,False
Akron,SS,SAF,DEF,2,Jamari Somerville,JR,True,True
Akron,FS,SAF,DEF,1,Mehki Flowers,SR,True,True
Akron,FS,SAF,DEF,2,Rodrick Hunter,SO,False,True
Akron,RCB,CB,DEF,1,Terence Thomas,SR,False,True
Akron,RCB,CB,DEF,2,Shamar McNeil,JR,True,True
Akron,RCB,CB,DEF,3,Caiden Newsome,JR,True,False
Akron,NB,CB,DEF,1,Alex Branch,SR,True,True
Akron,NB,CB,DEF,2,Aamii Branch,JR,True,False
Akron,NB,CB,DEF,3,Tairan Davis Jr.,SO,False,False
Alabama,WR-X,WR,OFF,1,Noah Rogers,JR,True,True
Alabama,WR-X,WR,OFF,2,Derek Meadows,SO,False,False
Alabama,WR-Z,WR,OFF,1,Ryan Coleman-Williams,JR,False,False
Alabama,WR-Z,WR,OFF,2,Cederian Morgan,FR,False,False
Alabama,WR-H,WR,OFF,1,Lotzeir Brooks,SO,False,False
Alabama,WR-H,WR,OFF,2,Rico Scott,SO,False,True
Alabama,LT,OL,OFF,1,Jackson Lloyd,FR,False,True
Alabama,LT,OL,OFF,2,Jayvin James,JR,True,True
Alabama,LT,OL,OFF,3,Bryson Cooley,FR,False,False
Alabama,LG,OL,OFF,1,William Sanders,SO,False,True
Alabama,LG,OL,OFF,2,Nick Brooks,SO,True,False
Alabama,C,OL,OFF,1,Racin Delgatty,JR,True,True
Alabama,C,OL,OFF,2,Kaden Strayhorn,FR,True,True
Alabama,C,OL,OFF,3,Mal Waldrep Jr.,FR,False,True
Alabama,RG,OL,OFF,1,Ethan Fields,JR,True,True
Alabama,RG,OL,OFF,2,Casey Poe,SO,False,True
Alabama,RG,OL,OFF,3,Chris Booker,FR,False,False
Alabama,RT,OL,OFF,1,Michael Carroll,SO,False,False
Alabama,RT,OL,OFF,2,Ty Haywood,FR,True,True
Alabama,RT,OL,OFF,3,Jared Doughty,FR,False,False
Alabama,TE,TE,OFF,1,Kaleb Edwards,SO,False,False
Alabama,TE,TE,OFF,2,Jay Lindsey,SO,False,True
Alabama,TE,TE,OFF,3,Marshall Pritchett,SO,False,False
Alabama,QB,QB,OFF,1,Austin Mack,JR,True,True
Alabama,QB,QB,OFF,2,Keelon Russell,FR,False,True
Alabama,QB,QB,OFF,3,Jett Thomalla,FR,False,False
Alabama,RB,RB,OFF,1,Daniel Hill,SO,False,True
Alabama,RB,RB,OFF,2,Kevin Riley,SO,False,True
Alabama,RB,RB,OFF,3,AK Dear,FR,False,True
Alabama,DE,EDGE,DEF,1,Jah-Marien Latham,GR,False,False
Alabama,DE,EDGE,DEF,2,Devan Thompkins,SR,True,True
Alabama,DE,EDGE,DEF,3,Fatutoa Henry,SR,True,True
Alabama,NT,DT,DEF,1,London Simmons,SO,False,False
Alabama,NT,DT,DEF,2,Jeremiah Beaman,SO,False,True
Alabama,NT,DT,DEF,3,Isaia Faga,SO,False,True
Alabama,DT,DT,DEF,1,Kedrick Bingley-Jones,SR,True,True
Alabama,DT,DT,DEF,2,Edric Hill,JR,False,True
Alabama,DT,DT,DEF,3,Terrance Green,JR,True,True
Alabama,WOLF,EDGE,DEF,1,Yhonzae Pierre,JR,False,True
Alabama,WOLF,EDGE,DEF,2,Justin Hill,SO,False,False
Alabama,WOLF,EDGE,DEF,3,Desmond Umeozulu,SR,True,False
Alabama,STING,EDGE,DEF,1,Cayden Jones,JR,False,False
Alabama,STING,EDGE,DEF,2,Caleb Woodson,SR,True,False
Alabama,STING,EDGE,DEF,3,Xavier Griffin,FR,False,False
Alabama,MLB,LB,DEF,1,QB Reese,SO,False,True
Alabama,MLB,LB,DEF,2,Luke Metz,SO,False,False
Alabama,MLB,LB,DEF,3,Duke Johnson II,SO,False,False
Alabama,LCB,CB,DEF,1,Zabien Brown,JR,False,False
Alabama,LCB,CB,DEF,2,Chuck McDonald III,FR,False,True
Alabama,LCB,CB,DEF,3,Nick Sherman,JR,True,False
Alabama,SS,SAF,DEF,1,Bray Hubbard,SR,False,False
Alabama,SS,SAF,DEF,2,Ivan Taylor,SO,False,False
Alabama,SS,SAF,DEF,3,Jireh Edwards,FR,False,False
Alabama,FS,SAF,DEF,1,Keon Sabb,SR,True,True
Alabama,FS,SAF,DEF,2,Dre Kirkpatrick Jr.,SO,False,True
Alabama,RCB,CB,DEF,1,Dijon Lee Jr.,SO,False,False
Alabama,RCB,CB,DEF,2,Carmelo O'Neal,JR,True,False
Alabama,RCB,CB,DEF,3,Jorden Edmonds,FR,False,False
Alabama,HUSKY,CB,DEF,1,Red Morgan,JR,False,False
Alabama,HUSKY,CB,DEF,2,Zavier Mincey,JR,False,False
Alabama,HUSKY,CB,DEF,3,Rihyael Kelley,FR,False,False
App State,WR-X,WR,OFF,1,Sam Mbake,SR,True,True
App State,WR-X,WR,OFF,2,Chris Lofton,JR,True,True
App State,WR-X,WR,OFF,3,Zach Taylor,SO,True,True
App State,WR-Z,WR,OFF,1,Alex Sanchez,SO,False,False
App State,WR-Z,WR,OFF,2,Dazmin James,JR,True,True
App State,WR-Z,WR,OFF,3,Sam Pickett III,SO,True,False
App State,WR-SL,WR,OFF,1,Nate Branch,SO,True,True
App State,WR-SL,WR,OFF,2,Doopah Coleman,SO,False,False
App State,WR-SL,WR,OFF,3,Semaj Fleming,FR,True,True
App State,LT,OL,OFF,1,Devon Manuel,SR,True,True
App State,LT,OL,OFF,2,Kamron Burris,JR,True,True
App State,LG,OL,OFF,1,Cayden Sweatt,JR,False,True
App State,LG,OL,OFF,2,Danny Stevens,JR,False,True
App State,C,OL,OFF,1,Jayden Thomas,SO,True,True
App State,RG,OL,OFF,1,Trent Ramsey,SR,True,True
App State,RG,OL,OFF,2,Lance Williams,JR,True,True
App State,RT,OL,OFF,1,Tyriq Poindexter,SR,True,True
App State,RT,OL,OFF,2,Mac Walters,SR,True,True
App State,TE,TE,OFF,1,Dillon Galloway,SO,False,False
App State,TE,TE,OFF,2,Darrin Fugitt,SR,True,True
App State,TE,TE,OFF,3,Luke Douglas,SO,True,True
App State,QB,QB,OFF,1,Malachi Singleton,JR,True,True
App State,QB,QB,OFF,2,Henry Hasselbeck,SO,True,True
App State,QB,QB,OFF,3,Tommy Ulatowski,SR,True,True
App State,RB,RB,OFF,1,Jaquari Lewis,SO,False,False
App State,RB,RB,OFF,2,Kanye Roberts,SR,False,True
App State,RB,RB,OFF,3,Treyaun Webb,JR,True,True
App State,LDE,EDGE,DEF,1,Aiden Benton,JR,True,True
App State,LDE,EDGE,DEF,2,Caleb Pitts,SO,False,False
App State,NT,DT,DEF,1,Jehchys Brown,JR,True,True
App State,NT,DT,DEF,2,Ki'Shawn Harvey,JR,True,True
App State,DT,DT,DEF,1,Nick Campbell,SR,True,True
App State,DT,DT,DEF,2,Aaron Clark,SO,True,True
App State,DT,DT,DEF,3,Kaden Ellis,FR,False,True
App State,RDE,EDGE,DEF,1,Caleb Sandstrom,JR,True,True
App State,RDE,EDGE,DEF,2,Keaton Braddock,JR,True,False
App State,WLB,LB,DEF,1,Carson Sloan,JR,True,False
App State,WLB,LB,DEF,2,Kevin Henderson,JR,True,False
App State,WLB,LB,DEF,3,Bryant Junius,FR,False,False
App State,MLB,LB,DEF,1,Colton Phares,JR,False,True
App State,MLB,LB,DEF,2,Keshawn Thomas,SR,True,False
App State,MLB,LB,DEF,3,Alex Mitchell,SR,True,True
App State,LCB,CB,DEF,1,Juan Berchal,SO,False,False
App State,LCB,CB,DEF,2,Josh Williams,JR,True,True
App State,LCB,CB,DEF,3,Khalil Conley,SO,True,True
App State,SS,SAF,DEF,1,Eric Adams,JR,True,True
App State,SS,SAF,DEF,2,Kaleb Purdy,SR,True,True
App State,SS,SAF,DEF,3,Jakob Gude,SO,True,True
App State,FS,SAF,DEF,1,Dylan Hasz,SR,True,False
App State,FS,SAF,DEF,2,Cary Grant,SR,True,True
App State,FS,SAF,DEF,3,Devin Henderson,SO,True,True
App State,RCB,CB,DEF,1,Ja'Cari Henderson,SR,True,True
App State,RCB,CB,DEF,2,Ahmad Robinson,SR,True,True
App State,RCB,CB,DEF,3,Joe Reddish,JR,True,True
App State,NB,CB,DEF,1,Ja'Den McBurrows,SR,True,True
App State,NB,CB,DEF,2,Cam Fleming,JR,True,True
Arizona,WR-X,WR,OFF,1,Tre Spivey,JR,True,True
Arizona,WR-X,WR,OFF,2,Jordan Ross,JR,True,False
Arizona,WR-X,WR,OFF,3,Brandon Phelps,SO,False,True
Arizona,WR-Z,WR,OFF,1,Chris Hunter,SR,False,True
Arizona,WR-Z,WR,OFF,2,DJ Jordan,SO,True,True
Arizona,WR-Z,WR,OFF,3,R.J. Mosley,FR,False,False
Arizona,WR-SL,WR,OFF,1,Giovanni Richardson,SO,False,False
Arizona,WR-SL,WR,OFF,2,Rodney Gallagher III,SR,True,False
Arizona,WR-SL,WR,OFF,3,Isaiah Mizell,SO,False,False
Arizona,LT,OL,OFF,1,Matthew Lado,SO,False,True
Arizona,LT,OL,OFF,2,Jaxon Griffin,FR,False,True
Arizona,LG,OL,OFF,1,Rhino Tapa'atoutai,JR,False,True
Arizona,LG,OL,OFF,2,Jake Griffin,JR,True,True
Arizona,LG,OL,OFF,3,Javian Goo,FR,False,True
Arizona,C,OL,OFF,1,Zach Henning,JR,True,True
Arizona,C,OL,OFF,2,Grayson Stovall,SR,False,True
Arizona,C,OL,OFF,3,Keona Peat,JR,True,True
Arizona,RG,OL,OFF,1,Alexander Doost,JR,True,True
Arizona,RG,OL,OFF,2,Isaac Perez,SR,True,False
Arizona,RT,OL,OFF,1,Tristan Bounds,SR,True,True
Arizona,RT,OL,OFF,2,Louis Akpa,FR,False,True
Arizona,RT,OL,OFF,3,Nathan Hale,JR,True,True
Arizona,TE,TE,OFF,1,Cole Rusk,SR,True,True
Arizona,TE,TE,OFF,2,Tyler Powell,SR,False,True
Arizona,TE,TE,OFF,3,Arthur Ban,SO,True,True
Arizona,QB,QB,OFF,1,Noah Fifita,SR,False,True
Arizona,QB,QB,OFF,2,Sawyer Anderson,FR,False,True
Arizona,QB,QB,OFF,3,Luke Haugo,FR,False,True
Arizona,RB,RB,OFF,1,Kedrick Reescano,SR,True,False
Arizona,RB,RB,OFF,2,Quincy Craig,SR,True,True
Arizona,RB,RB,OFF,3,Antwan Roberts,SR,True,True
Arizona,DE,EDGE,DEF,1,Tre Smith,SR,True,True
Arizona,DE,EDGE,DEF,2,Dominic Lolesio,JR,False,True
Arizona,DE,EDGE,DEF,3,Kevin Moorer II,JR,True,False
Arizona,NT,DT,DEF,1,Leroy Palu,SR,True,False
Arizona,NT,DT,DEF,2,Zac Siulepa,JR,True,True
Arizona,NT,DT,DEF,3,Keytrin Harris,FR,False,False
Arizona,DT,DT,DEF,1,Mays Pese,SO,False,False
Arizona,DT,DT,DEF,2,Julian Savaiinaea,JR,False,True
Arizona,DT,DT,DEF,3,Ezra Funa,JR,True,True
Arizona,WLB,LB,DEF,1,Chase Kennedy,SR,True,True
Arizona,WLB,LB,DEF,2,Cooper Blomstrom,SR,True,False
Arizona,WLB,LB,DEF,3,Dash Fifita,FR,False,False
Arizona,MLB,LB,DEF,1,Taye Brown,SR,False,False
Arizona,MLB,LB,DEF,2,Myron Robinson,SO,False,False
Arizona,MLB,LB,DEF,3,Dominic Hanger,JR,False,True
Arizona,SLB,LB,DEF,1,Everett Roussaw Jr.,SR,True,False
Arizona,SLB,LB,DEF,2,Jabari Mann,SO,False,True
Arizona,SLB,LB,DEF,3,Coleman Patmon,SO,False,False
Arizona,LCB,CB,DEF,1,Tyrese Boss,SO,True,True
Arizona,LCB,CB,DEF,2,Zuri Watson,SO,True,True
Arizona,LCB,CB,DEF,3,Johno Price,JR,True,True
Arizona,SS,SAF,DEF,1,Malcolm Hartzog,SR,True,True
Arizona,SS,SAF,DEF,2,Lee Molette III,SR,True,True
Arizona,SS,SAF,DEF,3,Matai Tagoa'i,SO,True,False
Arizona,FS,SAF,DEF,1,Daylen Austin,JR,True,True
Arizona,FS,SAF,DEF,2,Cam Chapa,JR,True,False
Arizona,FS,SAF,DEF,3,Hannibal Navies II,FR,False,False
Arizona,RCB,CB,DEF,1,Jay'Vion Cole,SR,True,True
Arizona,RCB,CB,DEF,2,Dwight Bootle,JR,True,True
Arizona,RCB,CB,DEF,3,Xaier Hiler,FR,False,False
Arizona,NB,CB,DEF,1,Gavin Hunter,JR,False,True
Arizona,NB,CB,DEF,2,Dajon Hinton,FR,False,True
Arizona,NB,CB,DEF,3,Swayde Griffin,FR,False,True
Arizona State,WR-X,WR,OFF,1,Reed Harris,JR,True,True
Arizona State,WR-X,WR,OFF,2,Jalen Moss,SR,True,True
Arizona State,WR-X,WR,OFF,3,Uriah Neloms,FR,False,True
Arizona State,WR-Z,WR,OFF,1,Omarion Miller,SR,True,False
Arizona State,WR-Z,WR,OFF,2,Jaren Hamilton,JR,True,True
Arizona State,WR-Z,WR,OFF,3,Harry Hassmann,FR,False,True
Arizona State,WR-F,WR,OFF,1,Raiden Vines-Bright,SO,True,False
Arizona State,WR-F,WR,OFF,2,Derek Eusebio,JR,False,True
Arizona State,WR-F,WR,OFF,3,Cory Butler Jr.,FR,False,True
Arizona State,LT,OL,OFF,1,Jalen Klemm,SR,True,True
Arizona State,LT,OL,OFF,2,Champ Westbrooks,SO,False,True
Arizona State,LT,OL,OFF,3,Desean Bryant Jr.,FR,False,True
Arizona State,LG,OL,OFF,1,Maki Stewart,SO,False,False
Arizona State,LG,OL,OFF,2,Terrell Kim,SO,False,True
Arizona State,LG,OL,OFF,3,Brent Helton,SO,True,True
Arizona State,C,OL,OFF,1,Tana Alo-Tupuola,JR,True,False
Arizona State,C,OL,OFF,2,Makua Pule,JR,False,True
Arizona State,C,OL,OFF,3,Marques Uini,FR,False,False
Arizona State,RG,OL,OFF,1,Wade Helton,SO,True,True
Arizona State,RG,OL,OFF,2,Manamo'ui Muti,FR,False,True
Arizona State,RG,OL,OFF,3,Rob Lapuaho,FR,False,True
Arizona State,RT,OL,OFF,1,Luke Baklenko,SR,True,False
Arizona State,RT,OL,OFF,2,Jarmaine Mitchell,JR,True,False
Arizona State,RT,OL,OFF,3,Siosaia Lapuaho,JR,True,False
Arizona State,TE,TE,OFF,1,Khamari Anderson,SR,True,False
Arizona State,TE,TE,OFF,2,AJ Ia,SO,False,False
Arizona State,TE,TE,OFF,3,Anthony Miller,JR,True,True
Arizona State,QB,QB,OFF,1,Cutter Boley,SO,True,True
Arizona State,QB,QB,OFF,2,Mikey Keene,SR,True,True
Arizona State,QB,QB,OFF,3,Jake Fette,FR,False,False
Arizona State,RB,RB,OFF,1,Kyson Brown,SR,False,False
Arizona State,RB,RB,OFF,2,Demarius Robinson,SO,False,False
Arizona State,RB,RB,OFF,3,Jason Brown Jr.,SO,False,True
Arizona State,LDE,EDGE,DEF,1,Emar'rion Winston,SR,True,True
Arizona State,LDE,EDGE,DEF,2,Roman Pitre,SR,True,True
Arizona State,LDE,EDGE,DEF,3,Albert Smith III,SO,False,True
Arizona State,LDT,DT,DEF,1,C.J. Fite,SR,False,False
Arizona State,LDT,DT,DEF,2,Blazen Lono-Wong,SR,False,True
Arizona State,LDT,DT,DEF,3,Rashad McKenzie,SR,True,True
Arizona State,RDT,DT,DEF,1,Zac Swanson,SR,True,True
Arizona State,RDT,DT,DEF,2,MyKeil Gardner,JR,True,True
Arizona State,RDT,DT,DEF,3,Jeffrey Manns,JR,True,False
Arizona State,RDE,EDGE,DEF,1,Jalen Thompson,SR,True,False
Arizona State,RDE,EDGE,DEF,2,Clayton Smith,GR,True,False
Arizona State,RDE,EDGE,DEF,3,Julian Hugo,FR,False,False
Arizona State,WLB,LB,DEF,1,Martell Hughes,JR,False,False
Arizona State,WLB,LB,DEF,2,Zyrus Fiaseu,SR,True,True
Arizona State,WLB,LB,DEF,3,Ramere Davis,SO,True,True
Arizona State,MLB,LB,DEF,1,Owen Long,JR,True,False
Arizona State,MLB,LB,DEF,2,Prayer Young-Blackgoat,SO,False,True
Arizona State,MLB,LB,DEF,3,Isaiah Iosefa,SO,False,False
Arizona State,LCB,CB,DEF,1,Rodney Bimage Jr.,SO,False,True
Arizona State,LCB,CB,DEF,2,Caleb Chester,FR,True,True
Arizona State,LCB,CB,DEF,3,Daquwan Dunn,FR,False,True
Arizona State,SS,SAF,DEF,1,Lyrik Rawls,SR,True,True
Arizona State,SS,SAF,DEF,2,Antoine Belgrave-Shorter,SO,True,True
Arizona State,SS,SAF,DEF,3,Maurice Williams,JR,True,False
Arizona State,FS,SAF,DEF,1,Jessiah McGrew,SO,True,False
Arizona State,FS,SAF,DEF,2,Kyan McDonald,JR,False,False
Arizona State,FS,SAF,DEF,3,Ben Alefaio-Lilii,SO,False,False
Arizona State,RCB,CB,DEF,1,Ashton Stamps,JR,True,True
Arizona State,RCB,CB,DEF,2,Joseph Smith,SO,False,False
Arizona State,RCB,CB,DEF,3,Chance Rucker,JR,True,True
Arizona State,NB,CB,DEF,1,Adrian Wilson,JR,True,True
Arizona State,NB,CB,DEF,2,Montana Warren,JR,False,True
Arkansas,WR-X,WR,OFF,1,Chris Marshall,SR,True,True
Arkansas,WR-X,WR,OFF,2,Courtney Crutchfield,SO,True,True
Arkansas,WR-X,WR,OFF,3,Antonio Jordan,FR,False,True
Arkansas,WR-Z,WR,OFF,1,CJ Brown,JR,False,False
Arkansas,WR-Z,WR,OFF,2,Donovan Faupel,SR,True,False
Arkansas,WR-Z,WR,OFF,3,Jelani Watkins,SO,True,True
Arkansas,WR-SL,WR,OFF,1,Ismael Cisse,JR,True,True
Arkansas,WR-SL,WR,OFF,2,Jamari Hawkins,SR,True,True
Arkansas,WR-SL,WR,OFF,3,Dequane Prevo,FR,False,False
Arkansas,LT,OL,OFF,1,Kavion Broussard,SO,True,True
Arkansas,LT,OL,OFF,2,Terence Roberson Jr.,SO,True,True
Arkansas,LT,OL,OFF,3,Josiah Clemons,FR,True,True
Arkansas,LG,OL,OFF,1,Malachi Breland,JR,True,True
Arkansas,LG,OL,OFF,2,Alex Johnson,SO,False,True
Arkansas,C,OL,OFF,1,Caden Kitler,SR,True,True
Arkansas,C,OL,OFF,2,Kash Courtney,FR,False,True
Arkansas,C,OL,OFF,3,Carey Clayton,FR,False,False
Arkansas,RG,OL,OFF,1,Kobe Branham,SO,False,True
Arkansas,RG,OL,OFF,2,Brooks Edmonson,SR,False,True
Arkansas,RG,OL,OFF,3,Payton Parks-Smith,SR,True,True
Arkansas,RT,OL,OFF,1,Bryant Williams,SR,True,True
Arkansas,RT,OL,OFF,2,Adam Hawkes,SO,True,True
Arkansas,RT,OL,OFF,3,Jonas Nantze,SO,False,True
Arkansas,TE,TE,OFF,1,Jaden Platt,JR,True,True
Arkansas,TE,TE,OFF,2,Ty Lockwood,JR,True,True
Arkansas,TE,TE,OFF,3,Matt Adcock,SR,True,False
Arkansas,QB,QB,OFF,1,KJ Jackson,SO,False,True
Arkansas,QB,QB,OFF,2,AJ Hill,FR,True,True
Arkansas,QB,QB,OFF,3,Braeden Fuller,SR,True,True
Arkansas,RB,RB,OFF,1,Braylen Russell,JR,False,False
Arkansas,RB,RB,OFF,2,Sutton Smith,SR,True,True
Arkansas,RB,RB,OFF,3,Jasper Parker,SO,True,False
Arkansas,DE,EDGE,DEF,1,Quincy Rhodes Jr.,SR,False,False
Arkansas,DE,EDGE,DEF,2,Trajen Odom,FR,True,True
Arkansas,DE,EDGE,DEF,3,Caleb Bell,FR,False,True
Arkansas,NT,DT,DEF,1,David Oke,SR,True,True
Arkansas,NT,DT,DEF,2,Carlon Jones,SO,True,True
Arkansas,NT,DT,DEF,3,Danny Beale III,FR,False,False
Arkansas,DT,DT,DEF,1,Hunter Osborne,JR,True,True
Arkansas,DT,DT,DEF,2,Xadavien Sims,SO,True,True
Arkansas,DT,DT,DEF,3,Reginald Vaughn,FR,False,True
Arkansas,JACK,EDGE,DEF,1,Charlie Collins,JR,False,False
Arkansas,JACK,EDGE,DEF,2,Steven Soles Jr.,JR,True,False
Arkansas,JACK,EDGE,DEF,3,Jamonta Waller,SO,True,True
Arkansas,WLB,LB,DEF,1,Ja'Quavion Smith,JR,True,False
Arkansas,WLB,LB,DEF,2,Phoenix Jackson,SR,True,True
Arkansas,WLB,LB,DEF,3,Jeremy Evans,SR,True,True
Arkansas,MLB,LB,DEF,1,Bradley Shaw,JR,False,False
Arkansas,MLB,LB,DEF,2,Wyatt Simmons,SO,False,True
Arkansas,MLB,LB,DEF,3,Ben Bogle,SR,True,True
Arkansas,LCB,CB,DEF,1,Joker Johnson,JR,True,True
Arkansas,LCB,CB,DEF,2,Shelton Lewis,JR,True,True
Arkansas,LCB,CB,DEF,3,Brandon Ford,FR,False,False
Arkansas,SS,SAF,DEF,1,Miguel Mitchell,SR,True,True
Arkansas,SS,SAF,DEF,2,Kyeaure Magloire,SR,True,True
Arkansas,SS,SAF,DEF,3,Nsongbeh Ginyui,SO,True,False
Arkansas,FS,SAF,DEF,1,Christian Harrison,SR,True,True
Arkansas,FS,SAF,DEF,2,Ian Williams,SO,True,False
Arkansas,FS,SAF,DEF,3,Tay Lockett,FR,False,False
Arkansas,RCB,CB,DEF,1,La'khi Roland,JR,True,False
Arkansas,RCB,CB,DEF,2,DJ Hairston Jr.,SO,True,False
Arkansas,RCB,CB,DEF,3,Braydon Lee,SO,True,True
Arkansas,NB,CB,DEF,1,Khmori House,JR,True,False
Arkansas,NB,CB,DEF,2,Carter Stoutmire,SR,True,False
Arkansas,NB,CB,DEF,3,Tyler Scott,JR,True,True
Arkansas State,WR-X,WR,OFF,1,Corey Rucker,SR,True,True
Arkansas State,WR-Z,WR,OFF,1,Hunter Summers,SO,True,True
Arkansas State,WR-Z,WR,OFF,2,Jaylen Bonelli,JR,True,False
Arkansas State,WR-SL,WR,OFF,1,Chauncy Cobb,SO,False,True
Arkansas State,WR-SL,WR,OFF,2,Jordan Smart,SR,True,True
Arkansas State,LT,OL,OFF,2,Noah Smith,SR,False,True
Arkansas State,LT,OL,OFF,3,Cameron Ambrose,JR,False,True
Arkansas State,LG,OL,OFF,1,Baker North,FR,False,True
Arkansas State,LG,OL,OFF,2,Cade Channell,FR,False,False
Arkansas State,C,OL,OFF,1,Mason Myers,SO,False,True
Arkansas State,C,OL,OFF,3,Gabe Fortson,SO,True,True
Arkansas State,RG,OL,OFF,1,Wil Saxton,JR,True,True
Arkansas State,RT,OL,OFF,1,Aleric Watson,JR,False,True
Arkansas State,RT,OL,OFF,2,Chace Stratford,SO,True,True
Arkansas State,TE,TE,OFF,2,Tyler Little,JR,False,False
Arkansas State,TE,TE,OFF,3,Ezra Burgess,SO,False,False
Arkansas State,QB,QB,OFF,3,Ethan Crawford,JR,True,False
Arkansas State,RB,RB,OFF,1,Kenyon Clay,JR,True,True
Arkansas State,RB,RB,OFF,2,Devin Spencer,SO,False,False
Arkansas State,DE,EDGE,DEF,1,Demarcus Hendricks,SR,True,True
Arkansas State,DE,EDGE,DEF,3,Marcus Bradley,SR,True,True
Arkansas State,NT,DT,DEF,1,Simeon Mitchell,SR,True,False
Arkansas State,NT,DT,DEF,2,Chris Boti,SR,True,True
Arkansas State,NT,DT,DEF,3,Lucas Banks,SR,True,False
Arkansas State,DT,DT,DEF,2,Gavin Ransaw,SR,True,True
Arkansas State,DT,DT,DEF,3,Ryan Reese,FR,False,False
Arkansas State,JACK,EDGE,DEF,1,Ethan Hassler,SR,False,True
Arkansas State,JACK,EDGE,DEF,2,Tony Carter,FR,False,False
Arkansas State,MLB,LB,DEF,1,Kyle Taylor,SR,True,True
Arkansas State,MLB,LB,DEF,2,Nigel Nelson,FR,False,False
Arkansas State,LCB,CB,DEF,1,Avante Dickerson,SR,True,True
Arkansas State,LCB,CB,DEF,2,Kyle Williams,FR,False,True
Arkansas State,SS,SAF,DEF,1,AG McGhee,SR,True,False
Arkansas State,SS,SAF,DEF,2,James Reed III,JR,False,True
Arkansas State,FS,SAF,DEF,1,Brandon Barnes,SO,False,False
Arkansas State,FS,SAF,DEF,2,Malekhi Weedon,FR,False,False
Arkansas State,FS,SAF,DEF,3,BJ Wagner,SR,True,True
Arkansas State,RCB,CB,DEF,2,Braden Jackson,SO,False,False
Arkansas State,NB,CB,DEF,1,Joe Drew,FR,False,False
Arkansas State,NB,CB,DEF,2,Brandon Greil,JR,False,False
Army,WR,WR,OFF,1,Brady Anderson,JR,False,False
Army,LT,OL,OFF,1,Henry Appleton,SR,False,False
Army,LT,OL,OFF,2,Xavier Archawski,JR,False,False
Army,LG,OL,OFF,1,Lane Parks,SR,False,False
Army,C,OL,OFF,1,Brady Small,SR,False,False
Army,C,OL,OFF,2,Kyle Kloska,SR,True,False
Army,RG,OL,OFF,1,Paolo Gennarelli,SR,False,False
Army,RT,OL,OFF,1,Teddy Williams,SR,False,False
Army,RT,OL,OFF,2,Tyler Lee,SR,False,False
Army,TE,TE,OFF,1,Parker Poloskey,SR,False,False
Army,TE,TE,OFF,2,Tex Brannan,JR,False,False
Army,QB,QB,OFF,1,Cale Hellums,SR,False,False
Army,QB,QB,OFF,2,Ethan Washington,SO,False,False
Army,RB-A,RB,OFF,1,Jake Rendina,SR,False,False
Army,RB-A,RB,OFF,2,Carson Smith,SR,False,False
Army,RB-B,RB,OFF,1,Godspower Nwawuihe,SO,False,False
Army,RB-B,RB,OFF,2,Aden Self,JR,False,False
Army,RB-B,RB,OFF,3,Stroman Bridges,SO,False,False
Army,SB,RB,OFF,1,Samari Howard,SR,False,False
Army,SB,RB,OFF,2,David Clerk,SR,False,False
Army,LDE,EDGE,DEF,1,Javon Smith,JR,False,False
Army,NT,DT,DEF,1,Kody Harris-Miller,SR,False,False
Army,NT,DT,DEF,2,Sean Donovan,JR,False,False
Army,RDE,EDGE,DEF,1,Jack Bousum,JR,False,False
Army,OLB,LB,DEF,1,Noah Nixon,SR,False,False
Army,MLB,LB,DEF,1,Bryson Banks,SO,False,False
Army,WLB,LB,DEF,1,Baylor Newsom,SR,False,False
Army,LCB,CB,DEF,1,Jaydan Mayes,SR,False,False
Army,SS,SAF,DEF,1,Stephen Nnadozie,SR,False,False
Army,FS,SAF,DEF,1,Caleb Williams,JR,False,False
Army,FS,SAF,DEF,2,Christopher Williams,SR,False,False
Army,RCB,CB,DEF,1,Jaxon Hammond,SR,False,False
Army,NB,CB,DEF,1,Cole Searight,JR,False,False
Auburn,WR-X,WR,OFF,1,Jeremiah Koger,SO,True,False
Auburn,WR-X,WR,OFF,2,Brian Williams Jr.,FR,False,False
Auburn,WR-X,WR,OFF,3,Sam Turner,FR,False,True
Auburn,WR-Z,WR,OFF,1,Keshaun Singleton,JR,True,True
Auburn,WR-Z,WR,OFF,2,Duke Smith,FR,False,True
Auburn,WR-Z,WR,OFF,3,Christian Neptune,SO,True,False
Auburn,WR-H,WR,OFF,1,Chas Nimrod,SR,True,True
Auburn,WR-H,WR,OFF,2,Bryce Cain,SO,False,True
Auburn,WR-H,WR,OFF,3,DeShawn Spencer,FR,False,False
Auburn,LT,OL,OFF,1,Stanton Ramil,JR,True,True
Auburn,LT,OL,OFF,2,Tai Buster,FR,False,True
Auburn,LT,OL,OFF,3,Jacob Strand,SR,True,True
Auburn,LG,OL,OFF,1,Deryc Plazz,SO,True,True
Auburn,LG,OL,OFF,2,Jack Leyrer,SR,True,True
Auburn,LG,OL,OFF,3,Kenneth McManus IV,SO,True,False
Auburn,C,OL,OFF,1,Cole Best,SR,True,True
Auburn,C,OL,OFF,2,Kail Ellis,SO,False,False
Auburn,C,OL,OFF,3,Bear McWhorter,FR,False,False
Auburn,RG,OL,OFF,1,Cole Skinner,SR,True,False
Auburn,RG,OL,OFF,2,Jacobe' Ward,FR,False,True
Auburn,RG,OL,OFF,3,Parker Pritchett,FR,False,False
Auburn,RT,OL,OFF,1,Jo Simmons,SR,True,True
Auburn,RT,OL,OFF,2,Wilson Zierer,FR,False,False
Auburn,RT,OL,OFF,3,TJ Hedrick,FR,True,True
Auburn,LTE,TE,OFF,1,Jake Johnson,SR,True,True
Auburn,LTE,TE,OFF,2,Arlis Boardingham,SR,True,True
Auburn,LTE,TE,OFF,3,DJ Broughton Jr.,FR,False,False
Auburn,RTE,TE,OFF,1,Jonathan Echols,SO,True,True
Auburn,RTE,TE,OFF,2,Xavier Newsom,SO,True,False
Auburn,RTE,TE,OFF,3,Ryan Ghea,SO,False,False
Auburn,QB,QB,OFF,1,Byrum Brown,SR,True,True
Auburn,QB,QB,OFF,2,Tristan Ti'a,FR,True,True
Auburn,QB,QB,OFF,3,Locklan Hewlett,FR,True,True
Auburn,RB,RB,OFF,1,Jeremiah Cobb,SR,False,False
Auburn,RB,RB,OFF,2,Bryson Washington,JR,True,True
Auburn,RB,RB,OFF,3,Omar Mabson II,SO,False,False
Auburn,DE,EDGE,DEF,1,Da'Shawn Womack,SR,True,False
Auburn,DE,EDGE,DEF,2,Nate Johnson,SR,True,False
Auburn,DE,EDGE,DEF,3,Darrion Smith,SO,False,False
Auburn,NT,DT,DEF,1,Dallas Walker IV,SR,True,True
Auburn,NT,DT,DEF,2,Jourdin Crawford,SO,False,False
Auburn,NT,DT,DEF,3,Saint Farrior,JR,True,True
Auburn,DT,DT,DEF,1,Cody Sigler,SR,True,True
Auburn,DT,DT,DEF,2,Malik Autry,SO,False,False
Auburn,DT,DT,DEF,3,Walter Mathis Jr.,SO,True,False
Auburn,BUCK,EDGE,DEF,1,Jared Smith,SO,False,False
Auburn,BUCK,EDGE,DEF,2,Chris Murray,SR,True,True
Auburn,BUCK,EDGE,DEF,3,J.J. Faulk,FR,False,True
Auburn,WLB,LB,DEF,1,Xavier Atkins,SO,True,True
Auburn,WLB,LB,DEF,2,Demarcus Riddick,JR,False,False
Auburn,WLB,LB,DEF,3,Adam Balogoun-Ali,FR,False,False
Auburn,MLB,LB,DEF,1,Elijah Melendez,SO,False,False
Auburn,MLB,LB,DEF,2,Bryce Deas,SO,False,False
Auburn,MLB,LB,DEF,3,Michael Matthews-Canty,JR,True,False
Auburn,LCB,CB,DEF,1,Rayshawn Pleasant,SR,True,True
Auburn,LCB,CB,DEF,2,Gavin Jenkins,FR,True,True
Auburn,LCB,CB,DEF,3,Shamar Arnoux,SO,True,False
Auburn,SS,SAF,DEF,1,Kaleb Harris,JR,False,False
Auburn,SS,SAF,DEF,2,Jacoby Mathews,SR,True,True
Auburn,SS,SAF,DEF,3,Shadrick Toodle Jr.,JR,True,False
Auburn,FS,SAF,DEF,1,Eric Winters,SO,False,False
Auburn,FS,SAF,DEF,2,Champ Anthony,SR,True,True
Auburn,FS,SAF,DEF,3,Wayne Henry,FR,False,False
Auburn,RCB,CB,DEF,1,Andre Jordan Jr.,SR,True,False
Auburn,RCB,CB,DEF,2,Blake Woodby,SO,False,False
Auburn,RCB,CB,DEF,3,Kamari Todd,SO,True,False
Auburn,NB,CB,DEF,1,Sylvester Smith-Reed,JR,False,True
Auburn,NB,CB,DEF,2,AnQuon Fegans,SO,False,False
Auburn,NB,CB,DEF,3,Fred Gaskin III,JR,True,False
BYU,WR-X,WR,OFF,1,Kyler Kasper,JR,True,True
BYU,WR-X,WR,OFF,2,Tei Nacua,SO,False,True
BYU,WR-X,WR,OFF,3,Terrance Saryon,FR,False,False
BYU,WR-Z,WR,OFF,1,Jojo Phillips,JR,False,True
BYU,WR-Z,WR,OFF,2,Reggie Frischknecht,JR,True,False
BYU,WR-SL,WR,OFF,1,Tiger Bachmeier,SR,True,False
BYU,WR-SL,WR,OFF,2,Legend Glasker,FR,False,False
BYU,WR-SL,WR,OFF,3,Jaron Pula,FR,False,False
BYU,LT,OL,OFF,1,Paki Finau,SO,True,True
BYU,LT,OL,OFF,2,Siosiua Latu-Finau,FR,False,True
BYU,LT,OL,OFF,3,Bott Mulitalo,FR,False,False
BYU,LG,OL,OFF,1,Sonny Makasini,SR,False,True
BYU,LG,OL,OFF,2,Zak Yamauchi,SO,True,False
BYU,C,OL,OFF,1,Bruce Mitchell,SR,False,True
BYU,C,OL,OFF,2,Trevor Pay,SO,False,True
BYU,RG,OL,OFF,1,Kyle Sfarcioc,SR,True,True
BYU,RG,OL,OFF,2,Joe Brown,SO,False,True
BYU,RG,OL,OFF,3,Trevin Ostler,SR,False,True
BYU,RT,OL,OFF,1,Andrew Gentry,SR,True,True
BYU,RT,OL,OFF,2,Jr Sia,JR,True,True
BYU,RT,OL,OFF,3,Ethan Thomason,FR,False,True
BYU,TE,TE,OFF,1,Walker Lyons,JR,True,False
BYU,TE,TE,OFF,2,Roger Saleapaga II,JR,True,False
BYU,TE,TE,OFF,3,Keayen Nead,SR,True,True
BYU,QB,QB,OFF,1,Bear Bachmeier,SO,False,False
BYU,QB,QB,OFF,2,Treyson Bourguet,SR,True,True
BYU,QB,QB,OFF,3,Enoch Watson,FR,False,False
BYU,RB,RB,OFF,1,LJ Martin,SR,False,False
BYU,RB,RB,OFF,2,Sione Moa,SO,False,True
BYU,RB,RB,OFF,3,Preston Rex,SR,False,True
BYU,LDE,EDGE,DEF,1,Bodie Schoonover,SR,False,True
BYU,LDE,EDGE,DEF,2,Viliami Po'uha,JR,False,False
BYU,LDE,EDGE,DEF,3,Kinilau Fonohema,SO,False,True
BYU,NT,DT,DEF,1,Justin Kirkland,SR,True,True
BYU,NT,DT,DEF,2,Anisi Purcell,SR,True,True
BYU,DT,DT,DEF,1,Keanu Tanuvasa,SR,True,True
BYU,DT,DT,DEF,2,Ulavai Fetuli,FR,False,True
BYU,RDE,EDGE,DEF,1,Nusi Taumoepeau,SO,False,False
BYU,RDE,EDGE,DEF,2,Tausili Akana,JR,True,True
BYU,RDE,EDGE,DEF,3,Hunter Clegg,SO,False,False
BYU,SLB,LB,DEF,1,Isaiah Glasker,SR,False,True
BYU,SLB,LB,DEF,2,Ace Kaufusi,JR,False,True
BYU,SLB,LB,DEF,3,Ephraim Asiata,JR,False,False
BYU,MLB,LB,DEF,1,Siale Esera,JR,False,True
BYU,MLB,LB,DEF,2,Miles Hall,JR,False,True
BYU,MLB,LB,DEF,3,Pierson Watson,FR,False,True
BYU,ROVER,SAF,DEF,1,Cade Uluave,SR,True,False
BYU,ROVER,SAF,DEF,2,Jake Clifton,JR,True,False
BYU,ROVER,SAF,DEF,3,Maika Kaufusi,JR,False,True
BYU,LCB,CB,DEF,1,Evan Johnson,SR,False,True
BYU,LCB,CB,DEF,2,Jordyn Criss,FR,False,True
BYU,LCB,CB,DEF,3,Kevin Doe,JR,False,True
BYU,SS,SAF,DEF,1,Faletau Satuala,SO,False,True
BYU,SS,SAF,DEF,2,Matthias Leach,SO,False,True
BYU,FS,SAF,DEF,1,Raider Damuni,SR,False,False
BYU,FS,SAF,DEF,2,Jarinn Kalama,SO,False,True
BYU,RCB,CB,DEF,1,Therrian Alexander III,JR,False,False
BYU,RCB,CB,DEF,2,Jayven Williams,SR,True,True
BYU,NB,CB,DEF,1,Jonathan Kabeya,JR,False,False
BYU,NB,CB,DEF,2,Tommy Prassas,JR,False,False
BYU,NB,CB,DEF,3,Cannon DeVries,SO,False,False
Ball State,WR-X,WR,OFF,1,Elisha Durham,SO,False,False
Ball State,WR-X,WR,OFF,2,Corey Thompson Jr.,JR,True,True
Ball State,WR-X,WR,OFF,3,DJ Young,JR,True,False
Ball State,WR-Z,WR,OFF,1,Donovan Hamilton,SO,True,True
Ball State,WR-Z,WR,OFF,2,Isaiah Thacker,JR,False,True
Ball State,WR-Z,WR,OFF,3,Jamarion McDougle,JR,True,True
Ball State,WR-SL,WR,OFF,1,Jabari Smith Jr.,JR,True,True
Ball State,WR-SL,WR,OFF,2,CJ Nelson,SR,True,True
Ball State,WR-SL,WR,OFF,3,Derion Talbert,FR,False,True
Ball State,LT,OL,OFF,1,Chris Hood,SR,False,True
Ball State,LT,OL,OFF,2,Brady Barrowman,FR,False,True
Ball State,LG,OL,OFF,1,Zach Bandy,SO,False,True
Ball State,C,OL,OFF,1,Maxwell Wentz,SR,True,True
Ball State,C,OL,OFF,2,Jackson Ruess,JR,False,True
Ball State,RG,OL,OFF,1,Cole Mosier,SR,False,True
Ball State,RG,OL,OFF,2,Grant Haworth,SO,False,True
Ball State,RT,OL,OFF,1,Tristan Cook,JR,False,True
Ball State,RT,OL,OFF,2,Luke Dalton,SR,True,True
Ball State,TE,TE,OFF,1,Tate Hoover,JR,True,True
Ball State,TE,TE,OFF,2,Sean Ward,SR,True,True
Ball State,TE,TE,OFF,3,Alex Scherle,SR,True,True
Ball State,QB,QB,OFF,1,Tyler Mizzell,JR,True,True
Ball State,QB,QB,OFF,2,Keldric Luster,JR,True,True
Ball State,RB,RB,OFF,1,TJ Horton,JR,False,True
Ball State,RB,RB,OFF,2,Jalen Bonds,FR,False,True
Ball State,RB,RB,OFF,3,Johnny Thompson Jr.,JR,True,True
Ball State,DE,EDGE,DEF,1,Austin Stief,SR,True,False
Ball State,DE,EDGE,DEF,2,Maverick Gracio,JR,True,True
Ball State,DE,EDGE,DEF,3,Ben Marsh,JR,False,True
Ball State,NT,DT,DEF,1,Kendrick Gilbert,JR,True,True
Ball State,NT,DT,DEF,2,Khristian Zachary,SR,True,True
Ball State,NT,DT,DEF,3,Keilan Smith,JR,True,True
Ball State,DT,DT,DEF,1,Ameir Glenn,SO,True,True
Ball State,DT,DT,DEF,2,Ka'Shawn Thomas,JR,True,True
Ball State,DT,DT,DEF,3,Spencer Vaka,JR,True,True
Ball State,RUSH,EDGE,DEF,1,Jared Badie,SR,True,True
Ball State,RUSH,EDGE,DEF,2,Layton Starks,SO,False,True
Ball State,RUSH,EDGE,DEF,3,Justin Thomas,SR,True,True
Ball State,WLB,LB,DEF,1,Cincear Lewis,SR,True,True
Ball State,WLB,LB,DEF,2,Kaleb Stewart,SO,True,True
Ball State,WLB,LB,DEF,3,Lucas Szymborski,FR,False,True
Ball State,MLB,LB,DEF,1,Gavin Forsha,SR,True,True
Ball State,MLB,LB,DEF,2,Mikeah Webster,FR,False,True
Ball State,LCB,CB,DEF,1,Willizhuan Yates,JR,False,False
Ball State,LCB,CB,DEF,2,Jordan Suggs,SO,False,True
Ball State,SS,SAF,DEF,1,Derek Fields,JR,False,True
Ball State,SS,SAF,DEF,2,Deondre Shepherd,SO,True,True
Ball State,SS,SAF,DEF,3,Cole Earlewine,JR,False,True
Ball State,FS,SAF,DEF,1,Sterling Smith,JR,True,True
Ball State,FS,SAF,DEF,2,Tobi Adewoyin,SO,False,False
Ball State,RCB,CB,DEF,1,Dianté Griffin,SR,True,True
Ball State,RCB,CB,DEF,2,Cedric Franklin II,SO,True,True
Ball State,NB,CB,DEF,1,Chris Jackson,SR,True,True
Ball State,NB,CB,DEF,2,Avery Stuart,JR,True,True
Baylor,WR-X,WR,OFF,1,Louis Brown IV,SR,True,True
Baylor,WR-X,WR,OFF,2,Ashton Jones,FR,False,True
Baylor,WR-X,WR,OFF,3,London Smith,FR,False,False
Baylor,WR-Z,WR,OFF,1,Dre'lon Miller,JR,True,False
Baylor,WR-Z,WR,OFF,2,Taz Williams Jr.,FR,False,True
Baylor,WR-SL,WR,OFF,1,Gavin Freeman,SR,True,True
Baylor,WR-SL,WR,OFF,2,Jadon Porter,JR,False,False
Baylor,LT,OL,OFF,1,Logan Moore,JR,True,True
Baylor,LT,OL,OFF,2,Cole Rhett,JR,True,True
Baylor,LG,OL,OFF,1,Nate Kibble,SO,True,True
Baylor,LG,OL,OFF,2,Asher Hale,JR,True,False
Baylor,C,OL,OFF,1,Yakiri Walker,SR,True,True
Baylor,C,OL,OFF,2,Harrison Cluff,FR,False,True
Baylor,RG,OL,OFF,1,Koltin Sieracki,SO,False,True
Baylor,RG,OL,OFF,2,Lawson Petty,JR,True,True
Baylor,RT,OL,OFF,1,Kaden Sieracki,SR,False,True
Baylor,RT,OL,OFF,2,Matthew Parker,FR,False,True
Baylor,TE,TE,OFF,1,Tony Livingston,SR,True,False
Baylor,TE,TE,OFF,2,Matthew Klopfenstein,SR,False,False
Baylor,QB,QB,OFF,1,DJ Lagway,JR,True,False
Baylor,QB,QB,OFF,2,Nate Bennett,SO,False,True
Baylor,QB,QB,OFF,3,Edward Griffin,FR,False,True
Baylor,RB,RB,OFF,1,Dawson Pendergrass,JR,False,True
Baylor,RB,RB,OFF,2,Caden Knighten,SO,False,False
Baylor,RB,RB,OFF,3,Michael Turner,SO,False,False
Baylor,DE,EDGE,DEF,1,Jordan Mack,SR,True,True
Baylor,DE,EDGE,DEF,2,Zavion Hardy,JR,True,True
Baylor,DE,EDGE,DEF,3,Trent Thomas,JR,False,True
Baylor,NT,DT,DEF,1,Hosea Wheeler,SR,True,True
Baylor,NT,DT,DEF,2,Devonte Tezino,SR,False,True
Baylor,DT,DT,DEF,1,Kamren Washington,SR,True,True
Baylor,DT,DT,DEF,2,Jamaal Whyce Jr.,SR,True,True
Baylor,JACK,EDGE,DEF,1,Garrick Ponder,SR,True,True
Baylor,JACK,EDGE,DEF,2,Ryan Davis,JR,True,True
Baylor,JACK,EDGE,DEF,3,Kyler Jordan,SR,False,True
Baylor,WLB,LB,DEF,1,Kyland Reed,JR,False,False
Baylor,WLB,LB,DEF,2,Kaleb Burns,SO,False,False
Baylor,WLB,LB,DEF,3,Anthony Crenshaw Jr.,JR,True,True
Baylor,MLB,LB,DEF,1,Travion Barnes,SR,True,True
Baylor,MLB,LB,DEF,2,Kedrick Walker,SR,True,True
Baylor,LCB,CB,DEF,1,LeVar Thornton Jr.,JR,False,True
Baylor,LCB,CB,DEF,2,Calvin Simpson-Hunt,JR,True,True
Baylor,LCB,CB,DEF,3,Reggie Bush II,SR,False,True
Baylor,SS,SAF,DEF,1,Devin Turner,SR,True,True
Baylor,SS,SAF,DEF,2,Colby McCalister,SR,True,True
Baylor,SS,SAF,DEF,3,Austin Ausberry,SR,True,True
Baylor,FS,SAF,DEF,1,Jacob Redding,JR,False,True
Baylor,FS,SAF,DEF,2,Tyler Turner,JR,True,True
Baylor,FS,SAF,DEF,3,Micah Gifford,SR,False,False
Baylor,RCB,CB,DEF,1,Devon Jordan,JR,True,False
Baylor,RCB,CB,DEF,2,Jayden Rowe,SR,True,True
Baylor,NB,CB,DEF,1,Bo Onu,SO,False,False
Baylor,NB,CB,DEF,2,Daniel Cobbs,SR,True,True
Boise State,WR-X,WR,OFF,1,Rasean Jones,FR,False,False
Boise State,WR-X,WR,OFF,2,Darren Morris,SR,True,True
Boise State,WR-X,WR,OFF,3,Qumonte Williams Jr.,SO,False,False
Boise State,WR-Z,WR,OFF,1,Cameron Bates,JR,False,False
Boise State,WR-Z,WR,OFF,2,Akeem Wright,SR,True,False
Boise State,WR-Z,WR,OFF,3,AJ Jones,FR,False,True
Boise State,WR-F,WR,OFF,1,Ben Ford,SR,False,True
Boise State,WR-F,WR,OFF,2,Quinton Brown,SO,False,False
Boise State,WR-F,WR,OFF,3,Terrious Favors,FR,False,False
Boise State,LT,OL,OFF,1,Tyler Ethridge,SR,True,False
Boise State,LT,OL,OFF,2,Kyle Cox,JR,False,True
Boise State,LG,OL,OFF,1,Jason Steele,JR,False,True
Boise State,LG,OL,OFF,2,Carson Rasmussen,JR,False,True
Boise State,C,OL,OFF,1,Stewart Taufa,FR,False,True
Boise State,C,OL,OFF,2,Zander Esty,JR,True,True
Boise State,RG,OL,OFF,1,Roger Carreon,SR,False,True
Boise State,RG,OL,OFF,2,Jake Steele,SR,True,True
Boise State,RT,OL,OFF,1,Daylon Metoyer,SR,True,True
Boise State,RT,OL,OFF,2,Jacob Tracy,FR,False,True
Boise State,RT,OL,OFF,3,Alma Taleni,SO,True,True
Boise State,TE,TE,OFF,1,Matt Wagner,JR,False,True
Boise State,TE,TE,OFF,2,Austin Terry,SR,False,True
Boise State,TE,TE,OFF,3,Troy Grizzle,SO,False,True
Boise State,QB,QB,OFF,1,Maddux Madsen,SR,False,True
Boise State,QB,QB,OFF,2,Cash Herrera,FR,False,False
Boise State,QB,QB,OFF,3,Max Cutforth,JR,False,True
Boise State,RB,RB,OFF,1,Dylan Riley,JR,False,False
Boise State,RB,RB,OFF,2,Sire Gaines,SO,False,True
Boise State,RB,RB,OFF,3,Juelz Goff,SO,True,True
Boise State,DE,EDGE,DEF,1,Max Stege,SR,False,False
Boise State,DE,EDGE,DEF,2,Roman Caywood,SO,False,True
Boise State,DE,EDGE,DEF,3,Bol Bol,SO,False,False
Boise State,NT,DT,DEF,1,David Latu,SR,True,True
Boise State,NT,DT,DEF,2,Lopez Sanusi,SO,False,True
Boise State,NT,DT,DEF,3,Bethel Imasuen,FR,False,True
Boise State,DT,DT,DEF,1,Michael Madrie,JR,False,True
Boise State,DT,DT,DEF,2,Mikaio Edward,JR,True,True
Boise State,DT,DT,DEF,3,Andrew Rheubottom,SR,True,False
Boise State,STUD,EDGE,DEF,1,Jayden Virgin-Morgan,SR,False,True
Boise State,STUD,EDGE,DEF,2,Sterling Lane II,SR,True,True
Boise State,STUD,EDGE,DEF,3,Gustaf Henriks Ras,FR,False,False
Boise State,WLB,LB,DEF,1,Boen Phelps,JR,False,True
Boise State,WLB,LB,DEF,2,Syncere Brackett-Lambey,SO,False,False
Boise State,WLB,LB,DEF,3,Mana Tuioti,SO,False,False
Boise State,MLB,LB,DEF,1,Jake Ripp,SR,False,True
Boise State,MLB,LB,DEF,2,Logan Brantley,JR,True,True
Boise State,MLB,LB,DEF,3,Samuel Brooks,SR,True,False
Boise State,LCB,CB,DEF,1,Jaden Mickey,SR,True,True
Boise State,LCB,CB,DEF,2,Sherrod Smith,JR,True,False
Boise State,LCB,CB,DEF,3,Franklyn Johnson Jr.,JR,False,True
Boise State,SS,SAF,DEF,1,Derek Ganter Jr.,JR,True,True
Boise State,SS,SAF,DEF,2,Kyle Hall,JR,True,False
Boise State,SS,SAF,DEF,3,Cole Miller,JR,False,True
Boise State,FS,SAF,DEF,1,Travis Anderson,SO,False,True
Boise State,FS,SAF,DEF,2,Josiah Alanis,FR,False,True
Boise State,FS,SAF,DEF,3,Taebron Bennie-Powell,SO,True,True
Boise State,RCB,CB,DEF,1,JeRico Washington Jr.,JR,True,True
Boise State,RCB,CB,DEF,2,Demetrius Freeney Jr.,SR,True,True
Boise State,RCB,CB,DEF,3,Trey Tolmaire,SO,False,True
Boise State,NB,CB,DEF,1,Roman Tillmon,JR,True,True
Boise State,NB,CB,DEF,2,Arthur de Boachie,SO,False,False
Boston College,WR-X,WR,OFF,1,Dawson Pough,SO,False,False
Boston College,WR-X,WR,OFF,2,Reed Swanson,JR,True,True
Boston College,WR-X,WR,OFF,3,Bryce Dopson,JR,True,True
Boston College,WR-Z,WR,OFF,1,Jaedn Skeete,JR,False,True
Boston College,WR-Z,WR,OFF,2,Johnathan Montague Jr.,SO,False,True
Boston College,WR-Z,WR,OFF,3,Nedrick Boldin Jr.,FR,False,True
Boston College,WR-SL,WR,OFF,1,Javarius Green,SO,True,True
Boston College,WR-SL,WR,OFF,2,VJ Wilkins,SR,True,True
Boston College,WR-SL,WR,OFF,3,Jackson Wade,JR,True,True
Boston College,LT,OL,OFF,1,Pape Abdoulaye Sy,SO,False,True
Boston College,LT,OL,OFF,2,Reggie Jackson,JR,True,True
Boston College,LT,OL,OFF,3,Marc Antunes Jr.,FR,False,False
Boston College,LG,OL,OFF,1,Robert Smith IV,SO,False,False
Boston College,LG,OL,OFF,2,Judah Pruitt,SO,False,True
Boston College,LG,OL,OFF,3,Amir Johnson,JR,True,True
Boston College,C,OL,OFF,1,Michael Crounse,JR,False,True
Boston College,C,OL,OFF,2,Owen Snively,SR,True,True
Boston College,C,OL,OFF,3,DJ Williams,FR,False,True
Boston College,RG,OL,OFF,1,Kristian Phillips,SR,True,True
Boston College,RG,OL,OFF,2,Jani Norwood,SO,True,True
Boston College,RG,OL,OFF,3,Marek Jin,FR,False,False
Boston College,RT,OL,OFF,1,Veguer Jean-Jumeau,SO,True,True
Boston College,RT,OL,OFF,2,Trevon Humphrey,SR,True,True
Boston College,RT,OL,OFF,3,Bruno Werner,FR,False,False
Boston College,TE,TE,OFF,1,Kaelan Chudzinski,SO,False,False
Boston College,TE,TE,OFF,2,Zeke Moore,SR,True,False
Boston College,TE,TE,OFF,3,Cameron Kossmann,FR,True,True
Boston College,QB,QB,OFF,1,Mason McKenzie,JR,True,True
Boston College,QB,QB,OFF,2,Grayson Wilson,FR,True,True
Boston College,QB,QB,OFF,3,Femi Babalola,FR,False,False
Boston College,RB,RB,OFF,1,Evan Dickens,JR,True,True
Boston College,RB,RB,OFF,2,Nolan Ray,JR,True,True
Boston College,RB,RB,OFF,3,Bo MacCormack III,SO,False,False
Boston College,DE,EDGE,DEF,1,Onye Nwosisi,SR,True,True
Boston College,DE,EDGE,DEF,2,Demetrius Ballard,SO,True,True
Boston College,DE,EDGE,DEF,3,Favor Bate,JR,True,False
Boston College,NT,DT,DEF,1,Chris Marable Jr.,JR,True,True
Boston College,NT,DT,DEF,2,Christian Hudson,SO,True,False
Boston College,NT,DT,DEF,3,Chuck Nnaeto,SR,True,True
Boston College,DT,DT,DEF,1,KJ Sampson,JR,True,True
Boston College,DT,DT,DEF,2,Micah Amedee,SO,False,False
Boston College,DT,DT,DEF,3,Josiah Griffin,JR,False,True
Boston College,JACK,EDGE,DEF,1,Kris Jones,SO,True,True
Boston College,JACK,EDGE,DEF,2,E'Lla Boykin,JR,True,False
Boston College,JACK,EDGE,DEF,3,Israel Oladipupo,SO,False,False
Boston College,WLB,LB,DEF,1,Anthony Palano,SO,True,True
Boston College,WLB,LB,DEF,2,Justin Medlock,SR,True,True
Boston College,WLB,LB,DEF,3,Zacari Thomas,SO,False,False
Boston College,MLB,LB,DEF,1,Bodie Kahoun,SO,True,True
Boston College,MLB,LB,DEF,2,Griffin Collins,SO,False,False
Boston College,MLB,LB,DEF,3,Kemori Dixon,SO,False,True
Boston College,LCB,CB,DEF,1,Max Tucker,SR,False,False
Boston College,LCB,CB,DEF,2,Ashton Cunningham,SO,False,False
Boston College,LCB,CB,DEF,3,Marcelous Townsend,FR,False,True
Boston College,SS,SAF,DEF,1,KP Price,SR,False,False
Boston College,SS,SAF,DEF,2,Kameron Howard,JR,True,True
Boston College,SS,SAF,DEF,3,Rae Sykes Jr.,SO,False,False
Boston College,FS,SAF,DEF,1,Carter Davis,JR,False,True
Boston College,FS,SAF,DEF,2,Marcus Upton,SO,False,False
Boston College,FS,SAF,DEF,3,Charlie Comella,SO,False,True
Boston College,RCB,CB,DEF,1,Syair Torrence,SO,False,True
Boston College,RCB,CB,DEF,2,Isaiah Farris,SR,False,True
Boston College,RCB,CB,DEF,3,Michael Mankaka,SR,True,True
Boston College,NB,CB,DEF,1,TJ Green,SO,False,False
Boston College,NB,CB,DEF,2,Cameron Martinez,SR,True,True
Boston College,NB,CB,DEF,3,Chandler Jordan,SO,True,False
Bowling Green,WR-X,WR,OFF,1,Winn Sharp,FR,False,True
Bowling Green,WR-Z,WR,OFF,1,Trey Johnson,JR,False,True
Bowling Green,WR-SL,WR,OFF,1,Brennan Ridley,SO,True,False
Bowling Green,LT,OL,OFF,1,Alex Harris,FR,False,True
Bowling Green,LT,OL,OFF,2,Ethan Kraatz,FR,False,False
Bowling Green,LG,OL,OFF,1,Alexis Sanchez,JR,True,False
Bowling Green,C,OL,OFF,1,Brody Bolyn,SO,False,True
Bowling Green,RG,OL,OFF,1,Caden Campbell,FR,False,True
Bowling Green,RT,OL,OFF,1,James Thomas Jr.,SO,False,True
Bowling Green,TE,TE,OFF,1,Eli Jacon-Duffy,FR,False,True
Bowling Green,TE,TE,OFF,2,Jeremiah Scoby,FR,False,False
Bowling Green,QB,QB,OFF,1,Hunter Najm,FR,True,True
Bowling Green,QB,QB,OFF,2,Drew Pyne,GR,True,False
Bowling Green,RB,RB,OFF,1,Austyn Dendy,FR,True,True
Bowling Green,RB,RB,OFF,3,Nakai Amachree,FR,False,True
Bowling Green,FB,RB,OFF,1,Leo Kemp,JR,True,False
Bowling Green,DE,EDGE,DEF,1,Eriq George,JR,True,False
Bowling Green,NT,DT,DEF,1,Dayln White,SO,False,True
Bowling Green,NT,DT,DEF,2,Dior Garner,FR,False,False
Bowling Green,DT,DT,DEF,1,Dior Garner,FR,False,False
Bowling Green,DT,DT,DEF,2,Jaimion Olverson,FR,False,False
Bowling Green,WLB,LB,DEF,1,Dorian Pringle,SO,False,False
Bowling Green,WLB,LB,DEF,2,AJ Odom,JR,True,True
Bowling Green,MLB,LB,DEF,1,Andrew Hines III,FR,True,True
Bowling Green,SS,SAF,DEF,1,Preston EstoEsta,FR,False,False
Bowling Green,FS,SAF,DEF,1,Jahai Johnson,FR,False,False
Bowling Green,RCB,CB,DEF,1,Josira Andrews,FR,False,True
Buffalo,WR-X,WR,OFF,1,Chance Morrow,SR,True,True
Buffalo,WR-X,WR,OFF,2,Tyrell Simmons Jr.,SO,False,True
Buffalo,WR-X,WR,OFF,3,Jaylen Andrews,JR,True,False
Buffalo,WR-Z,WR,OFF,1,Jasaiah Gathings,GR,True,False
Buffalo,WR-Z,WR,OFF,2,Dwayne Early Jr.,FR,False,True
Buffalo,WR-Z,WR,OFF,3,Jeremiah Watkins,SO,False,True
Buffalo,WR-SL,WR,OFF,1,Patrick Clacks III,SO,False,True
Buffalo,WR-SL,WR,OFF,2,Phillip Folmar,FR,False,True
Buffalo,WR-SL,WR,OFF,3,Mark-Anthony Scott Jr.,SR,False,True
Buffalo,LT,OL,OFF,1,Nathan Natoli,SR,True,True
Buffalo,LT,OL,OFF,2,Gabriel Arena,JR,True,True
Buffalo,LG,OL,OFF,1,Alex Heininger,SR,True,True
Buffalo,LG,OL,OFF,2,Jackson Bellamy,SO,False,True
Buffalo,LG,OL,OFF,3,Paul Clark,SO,False,True
Buffalo,C,OL,OFF,1,Nino Francavilla,SO,True,True
Buffalo,C,OL,OFF,2,Thomas Barr,FR,False,True
Buffalo,RG,OL,OFF,1,Joe Crocker,JR,True,True
Buffalo,RG,OL,OFF,2,Ahmaan Thomas,SO,False,True
Buffalo,RT,OL,OFF,1,Tyrone Davis,SO,False,True
Buffalo,RT,OL,OFF,2,Jacob Merritt,SR,True,True
Buffalo,TE,TE,OFF,1,Trevor Wilson,GR,True,False
Buffalo,TE,TE,OFF,2,Clint Walker,SR,True,True
Buffalo,TE,TE,OFF,3,Michael Gelatko,FR,False,True
Buffalo,QB,QB,OFF,1,Jason Wright,FR,False,True
Buffalo,QB,QB,OFF,2,Elijah Holmes,JR,True,True
Buffalo,QB,QB,OFF,3,Mason Cumbie,JR,False,True
Buffalo,RB,RB,OFF,1,Terrance Shelton Jr.,JR,False,False
Buffalo,RB,RB,OFF,2,Messiah Burch,JR,False,True
Buffalo,RB,RB,OFF,3,James McNeil Jr.,SO,False,True
Buffalo,LDE,EDGE,DEF,1,Will Clark,SO,False,True
Buffalo,LDE,EDGE,DEF,2,Logan Goodwin,JR,True,False
Buffalo,LDT,DT,DEF,1,Cornell Evans,GR,False,False
Buffalo,LDT,DT,DEF,2,Mason Nickel,SO,True,True
Buffalo,RDT,DT,DEF,1,Stantavious Smith,JR,True,True
Buffalo,RDT,DT,DEF,2,Christopher Climes,FR,False,True
Buffalo,RDT,DT,DEF,3,Rex Stinchcomb,FR,False,True
Buffalo,RDE,EDGE,DEF,1,Caleb Oliver,JR,True,False
Buffalo,RDE,EDGE,DEF,2,Jacari Bennett,SO,False,True
Buffalo,RDE,EDGE,DEF,3,Sedrick Vessah,JR,True,False
Buffalo,WLB,LB,DEF,1,Zach Bergmann,GR,True,False
Buffalo,WLB,LB,DEF,2,Jordan Owens,JR,True,True
Buffalo,MLB,LB,DEF,1,Joey Cheshire,GR,True,False
Buffalo,MLB,LB,DEF,2,Stevie Bracey,GR,True,False
Buffalo,LCB,CB,DEF,1,Kobi Blackwell,SO,False,True
Buffalo,LCB,CB,DEF,2,Drayson Crane,SO,True,False
Buffalo,LCB,CB,DEF,3,Mikey Crawford,SO,False,True
Buffalo,SS,SAF,DEF,1,Miles Greer,SR,True,False
Buffalo,SS,SAF,DEF,2,Xavier Leonard,SO,False,True
Buffalo,FS,SAF,DEF,1,John Keough,JR,False,False
Buffalo,FS,SAF,DEF,2,Zae Jennings,JR,True,False
Buffalo,RCB,CB,DEF,1,Keontez Bradley,JR,True,True
Buffalo,RCB,CB,DEF,2,Oliver Bridges,SR,True,True
Buffalo,RCB,CB,DEF,3,Sayre Smothers,SO,True,False
Buffalo,NB,CB,DEF,1,SaVeon Brown,SR,True,True
Buffalo,NB,CB,DEF,2,Ronnell Davis,SO,False,True
Buffalo,NB,CB,DEF,3,Davion Coffee,SO,False,True
California,WR-X,WR,OFF,1,Ian Strong,SR,True,False
California,WR-X,WR,OFF,2,Jordan King,SR,False,True
California,WR-X,WR,OFF,3,Kyion Grayes,SR,True,True
California,WR-Z,WR,OFF,1,Chase Hendricks,SR,True,False
California,WR-Z,WR,OFF,2,Mark Hamper,JR,True,True
California,WR-Z,WR,OFF,3,Trevor Rogers,SO,False,True
California,WR-SL,WR,OFF,1,Cooper Perry,SO,True,False
California,WR-SL,WR,OFF,2,QuaRon Adams,SR,True,True
California,WR-SL,WR,OFF,3,Cole Boscia,SR,True,True
California,LT,OL,OFF,1,Jacob Arop,SO,True,True
California,LT,OL,OFF,2,Frederick Williams III,JR,False,True
California,LG,OL,OFF,1,Tyson Ruffins,JR,True,True
California,LG,OL,OFF,2,Kahlee Tafai,JR,True,True
California,C,OL,OFF,1,Bastian Swinney,SR,False,True
California,C,OL,OFF,2,Lamar Robinson,SR,True,True
California,RG,OL,OFF,1,Sioape Vatikani,SR,False,True
California,RG,OL,OFF,2,Ashton Rivera,SR,True,True
California,RT,OL,OFF,1,Jimothy Lewis Jr.,SO,True,True
California,RT,OL,OFF,2,Mykeal Rabess,JR,True,True
California,TE,TE,OFF,1,Dorian Thomas,JR,True,True
California,TE,TE,OFF,2,Mason Mini,JR,True,True
California,TE,TE,OFF,3,Rico Walker,SR,True,False
California,QB,QB,OFF,1,Jaron-Keawe Sagapolutele,SO,False,False
California,QB,QB,OFF,2,Jackson Brousseau,JR,True,True
California,QB,QB,OFF,3,EJ Caminong,SO,False,True
California,RB,RB,OFF,1,Adam Mohammed,JR,True,False
California,RB,RB,OFF,2,Ashten Emory,SO,True,True
California,RB,RB,OFF,3,Carter Vargas,SO,True,True
California,LDE,EDGE,DEF,1,Nate Burrell,SR,False,True
California,LDE,EDGE,DEF,2,Jayden Williams,JR,True,False
California,LDE,EDGE,DEF,3,BJ Canady,SO,False,True
California,NT,DT,DEF,1,Jericho Johnson,SO,True,True
California,NT,DT,DEF,2,Stanley Saole-McKenzie,SR,False,True
California,RDE,EDGE,DEF,1,Derek Wilkins,SR,False,True
California,RDE,EDGE,DEF,2,Ashun Shepphard,SR,True,True
California,RDE,EDGE,DEF,3,Legend Journey,SO,False,True
California,LOLB,LB,DEF,1,Jayden Wayne,SR,True,False
California,LOLB,LB,DEF,2,Justin Beadles,SR,True,True
California,LOLB,LB,DEF,3,Odera Okaka,SR,True,False
California,WLB,LB,DEF,1,Tristan Jernigan,SO,True,True
California,WLB,LB,DEF,2,Kamar Mothudi,SO,True,True
California,MLB,LB,DEF,1,Aaron Hampton,JR,False,False
California,MLB,LB,DEF,2,AJ Tuitele,FR,True,True
California,ROLB,LB,DEF,1,Solomon Williams,SO,True,True
California,ROLB,LB,DEF,2,Emmanuel Okoye,SO,True,True
California,ROLB,LB,DEF,3,Joshua Pierce,JR,True,True
California,LCB,CB,DEF,1,Daniel Harris,SR,True,False
California,LCB,CB,DEF,2,Marquis Groves-Killebrew,SR,True,True
California,LCB,CB,DEF,3,Khamani Hudson,SO,False,True
California,SS,SAF,DEF,1,Aiden Manutai,SO,False,False
California,SS,SAF,DEF,2,Cam Sidney,SR,False,True
California,SS,SAF,DEF,3,Michael Hurst Jr.,SR,True,True
California,FS,SAF,DEF,1,Isaiah Crosby,SR,True,True
California,FS,SAF,DEF,2,Kingston Lopa,SO,True,True
California,FS,SAF,DEF,3,Jordan Sanford,SR,True,False
California,RCB,CB,DEF,1,Ricky Fletcher,SR,True,True
California,RCB,CB,DEF,2,Jae'on Young,FR,False,True
California,NB,CB,DEF,1,Jasiah Wagoner,JR,True,True
California,NB,CB,DEF,2,Quimari Shemwell,JR,True,False
UCF,WR-X,WR,OFF,1,Jonathan Bibbs,SO,True,True
UCF,WR-X,WR,OFF,2,Ric'Darious Farmer,SO,True,True
UCF,WR-Z,WR,OFF,1,Waden Charles,SO,False,False
UCF,WR-Z,WR,OFF,2,Caleb Rollerson,SO,False,True
UCF,WR-SL,WR,OFF,1,Duane Thomas Jr.,SR,True,False
UCF,WR-SL,WR,OFF,2,Josh Derry,SR,True,False
UCF,WR-SL,WR,OFF,3,Jordyn Bridgewater,SO,False,True
UCF,LT,OL,OFF,1,Henry Tabansi,JR,True,True
UCF,LT,OL,OFF,2,Justin Royes,JR,True,True
UCF,LG,OL,OFF,1,Tyler Gibson,SR,True,True
UCF,C,OL,OFF,1,Cooper Terpstra,JR,True,True
UCF,RG,OL,OFF,1,Brady Wayburn,SR,True,True
UCF,RG,OL,OFF,2,Connor Meadows,SR,True,True
UCF,RT,OL,OFF,1,Preston Cushman,SR,True,True
UCF,RT,OL,OFF,2,Owen Spell,SR,True,False
UCF,RT,OL,OFF,3,LaParka Langston,JR,True,True
UCF,TE,TE,OFF,1,Dylan Wade,SR,True,False
UCF,TE,TE,OFF,2,Grayson Brousseau,SO,True,True
UCF,TE,TE,OFF,3,Caden Piening,FR,False,True
UCF,QB,QB,OFF,1,Alonza Barnett III,SR,True,True
UCF,QB,QB,OFF,2,Keyone Jenkins,SR,True,False
UCF,QB,QB,OFF,3,Kaleb Annett,SO,True,True
UCF,RB,RB,OFF,1,Landen Chambers,JR,True,True
UCF,RB,RB,OFF,2,Duke Watson,JR,True,False
UCF,RB,RB,OFF,3,Taevion Swint,FR,False,True
UCF,LDE,EDGE,DEF,1,Bruno Dall,JR,True,True
UCF,LDE,EDGE,DEF,2,Sincere Edwards,JR,True,False
UCF,LDE,EDGE,DEF,3,L A Jessie Harrold,FR,True,True
UCF,LDT,DT,DEF,1,Horace Lockett,SR,True,True
UCF,LDT,DT,DEF,2,Brad Gurley,SR,True,True
UCF,LDT,DT,DEF,3,Josh Schell,SR,True,True
UCF,RDT,DT,DEF,1,RJ Jackson Jr.,SR,True,False
UCF,RDT,DT,DEF,2,Thomas Collins,JR,True,True
UCF,RDT,DT,DEF,3,Artavius Jones,SO,True,True
UCF,RDE,EDGE,DEF,1,Ken Talley,SR,True,True
UCF,RDE,EDGE,DEF,2,Isaiah Nixon,JR,False,True
UCF,RDE,EDGE,DEF,3,Aymeric Koumba,JR,True,True
UCF,WLB,LB,DEF,1,Lewis Carter,SR,True,False
UCF,WLB,LB,DEF,2,Jayden Jennings,SR,True,True
UCF,WLB,LB,DEF,3,Rashad Henry,JR,True,True
UCF,MLB,LB,DEF,1,Tackett Curtis,SR,True,False
UCF,MLB,LB,DEF,2,Jahleel Culbreath,SR,True,True
UCF,LCB,CB,DEF,1,Antione Jackson,SR,True,False
UCF,LCB,CB,DEF,2,Jailen Duffie,JR,True,True
UCF,LCB,CB,DEF,3,Rukeem Stroud,FR,False,True
UCF,SS,SAF,DEF,1,Demari Henderson,SR,False,True
UCF,SS,SAF,DEF,2,Jayden Williams,SR,True,True
UCF,SS,SAF,DEF,3,Kahmel Johnson,SO,True,True
UCF,FS,SAF,DEF,1,Ty Bartrum,SR,True,True
UCF,FS,SAF,DEF,2,Caleb Flagg,SR,True,True
UCF,FS,SAF,DEF,3,Matt Irwin,JR,True,False
UCF,RCB,CB,DEF,1,Jayden Bellamy,SR,True,True
UCF,RCB,CB,DEF,2,DJ Bell,SR,True,True
UCF,NB,CB,DEF,1,Braeden Marshall,SR,False,False
Central Michigan,WR-X,WR,OFF,1,Tommy McIntosh,JR,True,True
Central Michigan,WR-X,WR,OFF,2,Collin Payne,JR,True,True
Central Michigan,WR-Z,WR,OFF,1,Langston Lewis,JR,False,True
Central Michigan,WR-Z,WR,OFF,2,Justin Ruffin Jr.,FR,False,False
Central Michigan,WR-SL,WR,OFF,2,Camden Kruisenga,FR,False,True
Central Michigan,LT,OL,OFF,1,Jacob Russell,SO,True,True
Central Michigan,LG,OL,OFF,1,Dasan Smith,FR,False,True
Central Michigan,LG,OL,OFF,2,Blake Schlegel,SR,True,False
Central Michigan,RG,OL,OFF,1,Brady Ploucha,JR,False,True
Central Michigan,RG,OL,OFF,2,Blake Schlegel,SR,True,False
Central Michigan,RT,OL,OFF,1,Martin Koivisto,JR,False,True
Central Michigan,RT,OL,OFF,3,Luis Martinez,SR,True,False
Central Michigan,TE,TE,OFF,2,Henry Dryden,SR,True,True
Central Michigan,TE,TE,OFF,3,Nathan VanTimmeren,SO,False,True
Central Michigan,QB,QB,OFF,1,Joe Labas,SR,True,True
Central Michigan,QB,QB,OFF,2,Angel Flores,JR,True,True
Central Michigan,QB,QB,OFF,3,Marcus Beamon,JR,True,True
Central Michigan,RB,RB,OFF,1,Nahree Biggins,SR,False,True
Central Michigan,RB,RB,OFF,3,Brock Townsend,FR,False,True
Central Michigan,FB,RB,OFF,1,Rusty VanWetzinga IV,SO,True,True
Central Michigan,LDE,EDGE,DEF,1,D.J. Bennett,SR,True,True
Central Michigan,LDE,EDGE,DEF,2,Joey VanWetzinga,FR,False,False
Central Michigan,NT,DT,DEF,1,Jonathan Decker,SR,False,True
Central Michigan,NT,DT,DEF,2,Quavion Bird,FR,False,True
Central Michigan,RDE,EDGE,DEF,1,Michael Heldman,SR,False,True
Central Michigan,RDE,EDGE,DEF,2,Malik Denkins,JR,True,True
Central Michigan,RDE,EDGE,DEF,3,JJ Douglas,FR,False,False
Central Michigan,LOLB,LB,DEF,1,Korver Demma,SO,True,True
Central Michigan,LOLB,LB,DEF,2,Xavier White,SO,False,False
Central Michigan,WLB,LB,DEF,1,Lawai'a Brown,SR,False,True
Central Michigan,MLB,LB,DEF,1,Jordan Kwiatkowski,SR,False,False
Central Michigan,MLB,LB,DEF,2,Victor Earl,FR,False,True
Central Michigan,ROLB,LB,DEF,1,Dakota Cochran,SR,False,True
Central Michigan,ROLB,LB,DEF,2,Xavier White,SO,False,False
Central Michigan,LCB,CB,DEF,2,Aakeem Snell,SR,True,True
Central Michigan,SS,SAF,DEF,1,Caleb Spann,SR,False,True
Central Michigan,SS,SAF,DEF,2,Maddix Blackwell,SR,True,True
Central Michigan,FS,SAF,DEF,1,Elijah Rikard,SR,False,True
Central Michigan,FS,SAF,DEF,2,Elijah Gordon,SR,True,True
Central Michigan,RCB,CB,DEF,2,Kyle Krebs,JR,False,True
Central Michigan,NB,CB,DEF,1,Jaion Jackson,SO,False,False
Central Michigan,NB,CB,DEF,2,Keyton Jones,FR,False,True
Charlotte,WR-X,WR,OFF,1,Jaden Barnes,SR,True,False
Charlotte,WR-X,WR,OFF,2,Adam Hopkins IV,JR,True,True
Charlotte,WR-X,WR,OFF,3,Tank Boston,SO,True,True
Charlotte,WR-Z,WR,OFF,1,Jaylen Hampton,SO,True,True
Charlotte,WR-Z,WR,OFF,2,Zyheem Collick,SO,True,True
Charlotte,WR-Z,WR,OFF,3,KD Hunter-Gibson,JR,True,True
Charlotte,WR-SL,WR,OFF,1,Derrick Eley,SO,False,True
Charlotte,WR-SL,WR,OFF,2,Cam Pedro,SR,True,True
Charlotte,LT,OL,OFF,1,J'Ven Williams,JR,True,True
Charlotte,LG,OL,OFF,1,Luke Sandy,SR,True,True
Charlotte,LG,OL,OFF,2,Dom Silvia,SO,False,True
Charlotte,C,OL,OFF,1,Nic Cruji,SR,True,True
Charlotte,C,OL,OFF,2,Isaiah Bullerdick,SR,False,True
Charlotte,RG,OL,OFF,1,Rod Green,SR,True,True
Charlotte,RT,OL,OFF,1,Kristos Fernandez,GR,True,False
Charlotte,RT,OL,OFF,2,Mathias Nielsen,SR,True,False
Charlotte,TE,TE,OFF,1,Gus McGee,GR,True,False
Charlotte,TE,TE,OFF,2,Logan Mauldin,SR,True,True
Charlotte,TE,TE,OFF,3,Lane Wadle,JR,True,False
Charlotte,QB,QB,OFF,1,Cole Gonzales,SR,True,True
Charlotte,QB,QB,OFF,2,Conner Harrell,SR,True,True
Charlotte,QB,QB,OFF,3,Grayson Loftis,JR,True,True
Charlotte,RB,RB,OFF,1,Jariel Cobb,SO,False,False
Charlotte,RB,RB,OFF,2,Henry Rutledge,GR,False,False
Charlotte,RB,RB,OFF,3,Khamani Alexander,SO,True,True
Charlotte,LDE,EDGE,DEF,1,DJ Burgess,SR,True,True
Charlotte,LDE,EDGE,DEF,2,Curtis Simpson,SO,True,True
Charlotte,NT,DT,DEF,1,Macyo Williams,GR,True,False
Charlotte,NT,DT,DEF,2,Devin Ancrum,FR,True,True
Charlotte,NT,DT,DEF,3,D'Nas White,SO,True,True
Charlotte,DT,DT,DEF,1,Jamarrion Solomon,SR,True,True
Charlotte,DT,DT,DEF,2,Caleb Irving,SO,True,True
Charlotte,RDE,EDGE,DEF,1,Jaylon Johnson,SR,True,False
Charlotte,RDE,EDGE,DEF,2,Shaku Sangarie,JR,True,True
Charlotte,WLB,LB,DEF,1,Kadin Schmitz,SR,True,False
Charlotte,WLB,LB,DEF,2,Stellan Bowman,SO,True,True
Charlotte,MLB,LB,DEF,1,Gavin Willis,SR,True,False
Charlotte,MLB,LB,DEF,2,Parker Startz,SO,True,True
Charlotte,MLB,LB,DEF,3,Jerry Wall III,JR,True,False
Charlotte,LCB,CB,DEF,1,Jameel Croft Jr.,JR,True,True
Charlotte,LCB,CB,DEF,2,Nireek Sharpe,JR,True,True
Charlotte,SS,SAF,DEF,1,Shamar McIntosh,SO,True,True
Charlotte,SS,SAF,DEF,2,Cornell Allen,SO,False,True
Charlotte,FS,SAF,DEF,1,Dy'Lon Womack,SO,False,False
Charlotte,FS,SAF,DEF,2,Josh Hines,FR,False,False
Charlotte,RCB,CB,DEF,1,CJ Clinkscales Jr.,SR,True,True
Charlotte,RCB,CB,DEF,2,Tradarius Smith,JR,True,False
Charlotte,NB,CB,DEF,1,Collin Gill,JR,True,True
Cincinnati,WR-X,WR,OFF,1,JV Gibson,SR,True,True
Cincinnati,WR-X,WR,OFF,2,Elijah Jones,SO,False,True
Cincinnati,WR-X,WR,OFF,3,Flynn Schiele,SR,True,True
Cincinnati,WR-Z,WR,OFF,1,Malachi Henry,JR,True,True
Cincinnati,WR-Z,WR,OFF,2,Larenzo Fenner,JR,True,True
Cincinnati,WR-Z,WR,OFF,3,Giyahni Kontosis,FR,False,True
Cincinnati,WR-SL,WR,OFF,1,Isaiah Johnson,JR,True,False
Cincinnati,WR-SL,WR,OFF,2,Cade Wolford,SO,True,True
Cincinnati,WR-SL,WR,OFF,3,Pierce Ayers,SO,True,False
Cincinnati,LT,OL,OFF,1,Joe Cotton,SR,True,True
Cincinnati,LT,OL,OFF,2,Judea Milon,SR,True,True
Cincinnati,LG,OL,OFF,1,Evan Tengesdahl,JR,False,True
Cincinnati,LG,OL,OFF,2,Jake Wheelock,SO,False,True
Cincinnati,C,OL,OFF,1,Xavier Lozowicki,JR,True,True
Cincinnati,C,OL,OFF,2,Grant Edgington,JR,False,True
Cincinnati,RG,OL,OFF,1,Taran Tyo,SR,True,True
Cincinnati,RG,OL,OFF,2,Aiden Pastoriza,SO,False,True
Cincinnati,RT,OL,OFF,1,Nolan Latulippe,JR,True,True
Cincinnati,TE,TE,OFF,1,Gavin Grover,JR,False,False
Cincinnati,TE,TE,OFF,2,Devyn Zahursky,SO,False,True
Cincinnati,QB,QB,OFF,1,JC French IV,SR,True,True
Cincinnati,QB,QB,OFF,2,Liam O'Brien,SR,True,True
Cincinnati,QB,QB,OFF,3,Samaj Jones,SO,False,True
Cincinnati,RB,RB,OFF,1,Zion Johnson,FR,False,True
Cincinnati,RB,RB,OFF,2,Zylan Perry,SR,True,True
Cincinnati,RB,RB,OFF,3,Gi'Bran Payne,SR,True,True
Cincinnati,DE,EDGE,DEF,1,Marquaze Parker,JR,False,False
Cincinnati,DE,EDGE,DEF,2,Jaylon White-McClain,SR,True,True
Cincinnati,DE,EDGE,DEF,3,Drew Logan,SR,False,True
Cincinnati,NT,DT,DEF,1,Elijah Gunn,JR,True,True
Cincinnati,NT,DT,DEF,2,Chidera Otutu,JR,True,False
Cincinnati,DT,DT,DEF,1,Cam Roetherford,SR,True,True
Cincinnati,DT,DT,DEF,2,Josh Hough,SR,True,True
Cincinnati,DOG,EDGE,DEF,1,Thomas Johnson,SR,True,True
Cincinnati,DOG,EDGE,DEF,2,Patrick Bauer,JR,True,True
Cincinnati,DOG,EDGE,DEF,3,Kamron Neal,FR,False,True
Cincinnati,WLB,LB,DEF,1,Jonathan Thompson,SR,False,True
Cincinnati,WLB,LB,DEF,2,Simeon Coleman,JR,False,False
Cincinnati,WLB,LB,DEF,3,Damaine Wilson,SO,True,True
Cincinnati,MLB,LB,DEF,1,Filip Maciorowski,JR,True,True
Cincinnati,MLB,LB,DEF,2,Brian Simms III,JR,False,True
Cincinnati,MLB,LB,DEF,3,Myles Harrison,FR,False,True
Cincinnati,CAT,EDGE,DEF,1,MJ Cannon,SR,True,True
Cincinnati,CAT,EDGE,DEF,2,Montay Weedon,JR,False,False
Cincinnati,CAT,EDGE,DEF,3,Terrell Holcomb,FR,False,True
Cincinnati,LCB,CB,DEF,1,Daniel James,SO,False,True
Cincinnati,LCB,CB,DEF,2,Kenny Worthy,SO,True,True
Cincinnati,LCB,CB,DEF,3,Zay Johnson,SO,False,True
Cincinnati,SS,SAF,DEF,1,Antwan Peek Jr.,SR,False,True
Cincinnati,SS,SAF,DEF,2,CJ Jones,FR,False,True
Cincinnati,SS,SAF,DEF,3,Marqavious Saboor,JR,False,False
Cincinnati,FS,SAF,DEF,1,Jasper Beeler,SR,True,False
Cincinnati,FS,SAF,DEF,2,Ty Goodwill,JR,True,False
Cincinnati,FS,SAF,DEF,3,CJ Crite,FR,False,True
Cincinnati,RCB,CB,DEF,1,Jacob Finley,SR,True,True
Cincinnati,RCB,CB,DEF,2,KK Meier,SR,True,True
Cincinnati,RCB,CB,DEF,3,Patrick Williams,FR,False,True
Clemson,WR-X,WR,OFF,1,Bryant Wesco Jr.,JR,False,False
Clemson,WR-X,WR,OFF,2,Connor Salmin,FR,False,False
Clemson,WR-X,WR,OFF,3,Cole Turner,SR,False,True
Clemson,WR-Z,WR,OFF,1,T.J. Moore,JR,False,False
Clemson,WR-Z,WR,OFF,2,Tristan Smith,SR,True,False
Clemson,WR-Z,WR,OFF,3,Gordon Sellars III,FR,False,False
Clemson,WR-SL,WR,OFF,1,Naeem Burroughs,FR,False,False
Clemson,WR-SL,WR,OFF,2,Tyler Brown,JR,False,True
Clemson,WR-SL,WR,OFF,3,Juju Preston,FR,False,True
Clemson,LT,OL,OFF,1,Brayden Jacobs,SO,False,False
Clemson,LT,OL,OFF,2,Ian Reed,JR,False,True
Clemson,LG,OL,OFF,1,Elyjah Thurmon,SO,False,True
Clemson,LG,OL,OFF,2,Collin Sadler,SR,False,True
Clemson,LG,OL,OFF,3,Dietrick Pennington,SR,False,True
Clemson,C,OL,OFF,1,Harris Sewell,SR,False,False
Clemson,C,OL,OFF,2,Chapman Pendergrass,SR,False,True
Clemson,RG,OL,OFF,1,Ronan O'Connell,SO,False,True
Clemson,RG,OL,OFF,2,Tucker Kattus,FR,False,True
Clemson,RG,OL,OFF,3,Gavin Blanchard,FR,False,True
Clemson,RT,OL,OFF,1,Easton Ware,FR,False,True
Clemson,RT,OL,OFF,2,Mason Wade,SO,False,True
Clemson,TE,TE,OFF,1,Christian Bentancur,SO,False,True
Clemson,TE,TE,OFF,2,Olsen Patt-Henry,SR,False,False
Clemson,TE,TE,OFF,3,Logan Brooking,FR,False,True
Clemson,QB,QB,OFF,1,Christopher Vizzina,JR,False,True
Clemson,QB,QB,OFF,2,Chris Denson,FR,False,True
Clemson,QB,QB,OFF,3,Tait Reynolds,FR,False,False
Clemson,RB,RB,OFF,1,Gideon Davidson,SO,False,False
Clemson,RB,RB,OFF,2,Chris Johnson Jr.,JR,True,True
Clemson,RB,RB,OFF,3,David Eziomume,SO,False,True
Clemson,LDE,EDGE,DEF,1,Jahiem Lawson,SR,False,True
Clemson,LDE,EDGE,DEF,2,London Merritt,SO,True,False
Clemson,LDE,EDGE,DEF,3,C.J. Wesley,SR,True,True
Clemson,LDT,DT,DEF,1,Vic Burley,JR,False,True
Clemson,LDT,DT,DEF,2,Andy Burburija,JR,True,False
Clemson,LDT,DT,DEF,3,Champ Thompson,SO,False,True
Clemson,RDT,DT,DEF,1,Amare Adams,SO,False,False
Clemson,RDT,DT,DEF,2,Markus Strong,JR,True,True
Clemson,RDE,EDGE,DEF,1,Will Heldt,SR,True,False
Clemson,RDE,EDGE,DEF,2,Darien Mayo,SO,False,True
Clemson,RDE,EDGE,DEF,3,Ari Watford,FR,False,True
Clemson,WLB,LB,DEF,1,Jeremiah Alexander,SR,True,True
Clemson,WLB,LB,DEF,2,Kobe McCloud,SR,False,True
Clemson,WLB,LB,DEF,3,Fletcher Cothran,SR,False,True
Clemson,MLB,LB,DEF,1,Sammy Brown,JR,False,False
Clemson,MLB,LB,DEF,2,Drew Woodaz,SO,False,True
Clemson,MLB,LB,DEF,3,C.J. Kubah-Taylor,SO,False,True
Clemson,LCB,CB,DEF,1,Elliot Washington II,SR,True,False
Clemson,LCB,CB,DEF,2,Branden Strozier,JR,False,True
Clemson,SS,SAF,DEF,1,Jerome Carter III,JR,True,False
Clemson,SS,SAF,DEF,2,Ronan Hanafin,SR,False,False
Clemson,FS,SAF,DEF,1,Corey Myrick,JR,True,False
Clemson,FS,SAF,DEF,2,Kylon Griffin,SR,False,True
Clemson,FS,SAF,DEF,3,Polo Anderson,FR,False,False
Clemson,RCB,CB,DEF,1,Ashton Hampton,JR,False,False
Clemson,RCB,CB,DEF,2,Donovan Starr,SO,True,False
Clemson,NB,CB,DEF,1,Corian Gipson,SO,False,True
Clemson,NB,CB,DEF,2,Misun Kelley,JR,False,True
Clemson,NB,CB,DEF,3,Noah Dixon,SO,False,True
Coastal Carolina,WR-X,WR,OFF,1,Karmello English,JR,True,False
Coastal Carolina,WR-X,WR,OFF,2,Jameson Tucker,SR,False,True
Coastal Carolina,WR-X,WR,OFF,3,Trishstin Glass,FR,False,False
Coastal Carolina,WR-Z,WR,OFF,1,Malick Meiga,GR,True,False
Coastal Carolina,WR-Z,WR,OFF,2,Malcolm Gillie,SR,True,False
Coastal Carolina,WR-SL,WR,OFF,2,Robby Washington,SO,True,True
Coastal Carolina,LT,OL,OFF,1,Daniel Jones,FR,False,True
Coastal Carolina,LT,OL,OFF,2,Gavin McLaughlin,FR,False,True
Coastal Carolina,LT,OL,OFF,3,Johnathan Ashley,JR,True,False
Coastal Carolina,LG,OL,OFF,1,Heston Edwards,SR,True,True
Coastal Carolina,LG,OL,OFF,2,Thomas Johnson,SR,False,True
Coastal Carolina,C,OL,OFF,1,Zac Elam,GR,True,False
Coastal Carolina,C,OL,OFF,2,Kain McDonald,FR,True,True
Coastal Carolina,RG,OL,OFF,2,Anthony Walton,SR,False,True
Coastal Carolina,RT,OL,OFF,2,Tray Franklin,JR,True,True
Coastal Carolina,TE,TE,OFF,2,Zach Courtney,JR,True,True
Coastal Carolina,RB,RB,OFF,2,Dominic Knicely,FR,False,False
Coastal Carolina,RB,RB,OFF,3,Jevon Edwards,FR,False,False
Coastal Carolina,LDE,EDGE,DEF,1,Noah Arinze,SR,True,True
Coastal Carolina,LDE,EDGE,DEF,2,Ibrahim Diawara,JR,True,True
Coastal Carolina,NT,DT,DEF,1,Sawyer Goram-Welch,GR,True,False
Coastal Carolina,NT,DT,DEF,2,Aamarii Notice,SR,True,True
Coastal Carolina,RDE,EDGE,DEF,3,Travis Nesbitt,SR,False,True
Coastal Carolina,WLB,LB,DEF,1,Se'Von McDowell,SO,False,False
Coastal Carolina,WLB,LB,DEF,2,Wyatt Gedeon,JR,False,False
Coastal Carolina,MLB,LB,DEF,1,Tray Brown,JR,False,True
Coastal Carolina,SLB,LB,DEF,1,Dontae Lunan,SR,True,True
Coastal Carolina,LCB,CB,DEF,1,Lionell Whitaker,SR,True,False
Coastal Carolina,LCB,CB,DEF,2,Chase Jackson,FR,False,True
Coastal Carolina,ROVER,SAF,DEF,1,Dre Pinckney,SR,False,True
Coastal Carolina,ROVER,SAF,DEF,2,Chris Henry,FR,True,True
Coastal Carolina,SS,SAF,DEF,1,Avyonne Jones,JR,True,True
Coastal Carolina,SS,SAF,DEF,2,Jacob Robinson,SR,True,False
Coastal Carolina,SS,SAF,DEF,3,Jeffrey Ugochukwu,SR,True,False
Coastal Carolina,FS,SAF,DEF,1,Myles Woods,SO,False,False
Coastal Carolina,RCB,CB,DEF,1,Ja'Marion Wayne,JR,True,True
Colorado,WR-X,WR,OFF,1,DeAndre Moore Jr.,SR,True,False
Colorado,WR-X,WR,OFF,2,Hykeem Williams,SR,True,False
Colorado,WR-Z,WR,OFF,1,Joseph Williams,JR,True,False
Colorado,WR-Z,WR,OFF,2,Kam Perry,SR,True,True
Colorado,WR-Z,WR,OFF,3,Quanell Farrakhan Jr.,SO,False,False
Colorado,WR-SL,WR,OFF,1,Danny Scudero,SR,True,False
Colorado,WR-SL,WR,OFF,2,Ernest Campbell,SO,True,True
Colorado,WR-SL,WR,OFF,3,Quentin Gibson,SO,False,False
Colorado,LT,OL,OFF,1,Bo Hughley,JR,True,True
Colorado,LT,OL,OFF,2,Jayven Richardson,SR,True,True
Colorado,LT,OL,OFF,3,Andre Roye Jr.,SR,True,True
Colorado,LG,OL,OFF,1,Yahya Attia,SO,False,True
Colorado,LG,OL,OFF,2,Taj White,SR,True,True
Colorado,LG,OL,OFF,3,Chauncey Gooden,FR,False,True
Colorado,C,OL,OFF,1,Demetrius Hunter,GR,True,False
Colorado,C,OL,OFF,2,Sean Kinney,JR,True,False
Colorado,RG,OL,OFF,1,Jayvon McFadden,FR,True,True
Colorado,RG,OL,OFF,2,Jose Soto,JR,True,True
Colorado,RT,OL,OFF,1,Larry Johnson III,SR,True,True
Colorado,RT,OL,OFF,2,Leon Bell,GR,True,False
Colorado,RT,OL,OFF,3,Phillip Houston,SR,True,True
Colorado,TE,TE,OFF,1,Zach Atkins,SR,True,True
Colorado,TE,TE,OFF,2,Fisher Clements,GR,True,False
Colorado,TE,TE,OFF,3,Corbin Laisure,FR,False,True
Colorado,QB,QB,OFF,1,Julian Lewis,FR,False,True
Colorado,QB,QB,OFF,2,Isaac Wilson,SO,True,True
Colorado,RB,RB,OFF,1,Richard Young,JR,True,True
Colorado,RB,RB,OFF,2,Micah Welch,JR,False,False
Colorado,RB,RB,OFF,3,DeKalon Taylor,SR,True,True
Colorado,LDE,EDGE,DEF,1,Immanuel Ezeogu,SO,True,True
Colorado,LDE,EDGE,DEF,2,Toby Anene,SR,True,True
Colorado,LDE,EDGE,DEF,3,Lamont Lester Jr.,SO,True,True
Colorado,NT,DT,DEF,1,Dylan Manuel,JR,True,False
Colorado,NT,DT,DEF,2,Tyler Moore,JR,True,False
Colorado,NT,DT,DEF,3,Samu Taumanupepe,JR,True,True
Colorado,DT,DT,DEF,1,Santana Hopper,SR,True,True
Colorado,DT,DT,DEF,2,Ezra Christensen,SR,True,True
Colorado,DT,DT,DEF,3,Sedrick Smith,JR,True,True
Colorado,RDE,EDGE,DEF,1,Vili Taufatofua,SR,True,True
Colorado,RDE,EDGE,DEF,2,Balansama Kamara,SR,True,True
Colorado,RDE,EDGE,DEF,3,Yamil Talib,SO,True,True
Colorado,WLB,LB,DEF,1,Liona Lefau,SR,True,False
Colorado,WLB,LB,DEF,2,Carson Crawford,FR,False,False
Colorado,WLB,LB,DEF,3,Colby Johnson,FR,False,False
Colorado,MLB,LB,DEF,1,Gideon Lampron,SR,True,True
Colorado,MLB,LB,DEF,2,Tyler Martinez,SR,True,True
Colorado,MLB,LB,DEF,3,Rodney Colton Jr.,FR,False,False
Colorado,LCB,CB,DEF,1,Cree Thomas,FR,True,True
Colorado,LCB,CB,DEF,2,RJ Johnson,JR,True,True
Colorado,LCB,CB,DEF,3,Jason Stokes Jr.,SO,True,False
Colorado,SS,SAF,DEF,1,Randon Fontenette,SR,True,False
Colorado,SS,SAF,DEF,2,Ben Finneseth,SR,False,True
Colorado,FS,SAF,DEF,1,Naeten Mitchell,JR,True,True
Colorado,FS,SAF,DEF,2,Jaydan Hardy,JR,True,False
Colorado,FS,SAF,DEF,3,Jah Jah Boyd,SO,True,True
Colorado,RCB,CB,DEF,1,Justin Eaglin,SR,True,True
Colorado,RCB,CB,DEF,2,Emory Floyd,SR,True,True
Colorado,RCB,CB,DEF,3,Makari Vickers,JR,True,True
Colorado,NB,CB,DEF,1,Boo Carter,JR,True,False
Colorado,NB,CB,DEF,2,Paul Omodia,JR,True,True
Colorado State,WR-X,WR,OFF,1,Jordan Mosley,GR,True,False
Colorado State,WR-X,WR,OFF,2,RJ Vick,SR,True,True
Colorado State,WR-X,WR,OFF,3,Troy Foster,FR,False,False
Colorado State,WR-Z,WR,OFF,1,Lavon Brown,JR,False,True
Colorado State,WR-Z,WR,OFF,2,Kojo Antwi,SR,True,True
Colorado State,WR-Z,WR,OFF,3,Makih Johnson,FR,True,True
Colorado State,WR-SL,WR,OFF,1,Tommy Maher,JR,False,False
Colorado State,WR-SL,WR,OFF,2,Terrence Smith Jr.,SO,True,True
Colorado State,WR-SL,WR,OFF,3,Jackson Harper,JR,True,True
Colorado State,LT,OL,OFF,1,Toriyan Johnson,JR,True,True
Colorado State,LT,OL,OFF,2,Payton Stewart,SO,True,True
Colorado State,LT,OL,OFF,3,Kentez Allen,FR,False,True
Colorado State,LG,OL,OFF,1,Jayden Tuia,SO,True,True
Colorado State,LG,OL,OFF,2,Zach Smith,SO,False,True
Colorado State,C,OL,OFF,1,Phillip Ocon,SO,False,True
Colorado State,C,OL,OFF,2,Braden Hales,SO,False,True
Colorado State,RG,OL,OFF,1,Diego Rodriguez,SO,True,True
Colorado State,RG,OL,OFF,2,Berlin Lillard,SO,False,True
Colorado State,RT,OL,OFF,1,Quinton Harris,SR,True,True
Colorado State,RT,OL,OFF,2,John Holthaus,SO,False,True
Colorado State,TE,TE,OFF,1,Juice Vereen,JR,True,True
Colorado State,TE,TE,OFF,2,Dominic Toy,SO,True,True
Colorado State,TE,TE,OFF,3,Nader Chirchi,JR,True,True
Colorado State,QB,QB,OFF,1,Hauss Hejny,SO,True,True
Colorado State,QB,QB,OFF,2,K'saan Farrar,FR,True,True
Colorado State,QB,QB,OFF,3,Darius Curry,SO,False,True
Colorado State,RB,RB,OFF,1,Mel Brown,SR,True,True
Colorado State,RB,RB,OFF,2,Oliver Lundberg,SO,True,True
Colorado State,RB,RB,OFF,3,Durell Robinson,JR,True,True
Colorado State,DE,EDGE,DEF,1,Stephon Wright,GR,True,False
Colorado State,DE,EDGE,DEF,2,Brandon Kelley,JR,True,True
Colorado State,DE,EDGE,DEF,3,Mukendi Wa-Kalonji,GR,False,False
Colorado State,NT,DT,DEF,1,Robby Harrison,SR,True,True
Colorado State,NT,DT,DEF,2,Alton Tarber IV,JR,True,True
Colorado State,NT,DT,DEF,3,Keegan Shank,SO,False,True
Colorado State,DT,DT,DEF,1,Jack Moran,SO,False,True
Colorado State,DT,DT,DEF,2,Gabe Jones,JR,True,True
Colorado State,DT,DT,DEF,3,Cleto Chol,JR,True,True
Colorado State,JACK,EDGE,DEF,1,Kenyon Agurs,JR,False,True
Colorado State,JACK,EDGE,DEF,2,Khamani Potts,JR,True,True
Colorado State,JACK,EDGE,DEF,3,Nykobi Brown,FR,True,True
Colorado State,WLB,LB,DEF,1,Jaseim Mitchell,GR,False,False
Colorado State,WLB,LB,DEF,2,Marc Pretto,SR,True,True
Colorado State,WLB,LB,DEF,3,Caleb Otlewski,JR,True,True
Colorado State,MLB,LB,DEF,1,Oumar Diomande,JR,True,True
Colorado State,MLB,LB,DEF,2,Antarron Turner,SR,True,True
Colorado State,MLB,LB,DEF,3,Jaylen King,FR,False,False
Colorado State,LCB,CB,DEF,1,Jordan Lessard,SR,True,False
Colorado State,LCB,CB,DEF,2,Caleb Presley,JR,True,True
Colorado State,LCB,CB,DEF,3,Elijah Brown,JR,True,False
Colorado State,SS,SAF,DEF,1,Jace Bellah,SR,False,True
Colorado State,SS,SAF,DEF,2,AJ Noland,SO,False,True
Colorado State,SS,SAF,DEF,3,Jermaine Santana-Diaz,FR,False,False
Colorado State,FS,SAF,DEF,1,Elijah Mc-Cantos,SR,True,True
Colorado State,FS,SAF,DEF,2,Tre'Shawn Moore,JR,True,False
Colorado State,FS,SAF,DEF,3,Dagan Myers,SO,False,True
Colorado State,RCB,CB,DEF,1,Richard Mosley III,JR,True,True
Colorado State,RCB,CB,DEF,2,CJ Blocker,JR,True,True
Colorado State,NB,CB,DEF,1,Dylan Phelps,JR,False,True
Colorado State,NB,CB,DEF,2,D'Angelo Hagans Jr.,SO,False,False
UConn,WR-X,WR,OFF,1,Shamar Porter,JR,True,True
UConn,WR-X,WR,OFF,2,Javon Brown,SO,True,True
UConn,WR-X,WR,OFF,3,Zy'marion Lang,SO,True,True
UConn,WR-Z,WR,OFF,1,Ryder Treadway,SO,True,False
UConn,WR-Z,WR,OFF,2,Cam Abshire,SR,True,True
UConn,WR-Z,WR,OFF,3,Emanuel Ross,SO,True,True
UConn,WR-SL,WR,OFF,1,Ky Wilson,SR,True,False
UConn,WR-SL,WR,OFF,2,Jediyah Willoughby,JR,True,True
UConn,WR-SL,WR,OFF,3,Julian Allen,JR,True,True
UConn,LT,OL,OFF,1,Hannes Hammer,JR,True,True
UConn,LT,OL,OFF,2,Dominic Rivera,JR,True,True
UConn,LT,OL,OFF,3,Isiah Switzer,FR,True,True
UConn,LG,OL,OFF,1,Tamarus Walker,JR,True,True
UConn,LG,OL,OFF,2,Fred Johnson,SO,True,True
UConn,LG,OL,OFF,3,Hill Greenlee,FR,False,True
UConn,C,OL,OFF,1,Terrence Moore,SR,True,True
UConn,C,OL,OFF,2,Deron McLaughlin,SO,False,True
UConn,RG,OL,OFF,1,Ty Chan,SR,True,True
UConn,RG,OL,OFF,2,Raphael Greene-Nyarko,FR,True,True
UConn,RG,OL,OFF,3,Ben Mulholland,SO,True,True
UConn,RT,OL,OFF,1,Christian Richter,SR,True,True
UConn,RT,OL,OFF,2,Joe McGann,FR,False,True
UConn,RT,OL,OFF,3,Nathan Pahanich,FR,True,True
UConn,TE,TE,OFF,1,Matt Ragan,SR,True,True
UConn,TE,TE,OFF,2,Alex Godavitarne,SR,True,True
UConn,TE,TE,OFF,3,Mike Burton,SR,True,True
UConn,QB,QB,OFF,1,Jake Merklinger,SO,True,True
UConn,QB,QB,OFF,2,Kalieb Osborne,SO,True,True
UConn,QB,QB,OFF,3,Tucker McDonald,JR,False,True
UConn,RB,RB,OFF,1,Kenji Christian,SR,True,True
UConn,RB,RB,OFF,2,Dashun Reeder,SO,True,True
UConn,RB,RB,OFF,3,Cyncir Bowers,JR,True,False
UConn,LDE,EDGE,DEF,1,Avery Dunn,SR,True,True
UConn,LDE,EDGE,DEF,2,Anas Luqman,SR,True,True
UConn,LDE,EDGE,DEF,3,Shamar Riser-Pressley,SO,True,True
UConn,LDT,DT,DEF,1,Esean Carter,SR,True,True
UConn,LDT,DT,DEF,2,Tahjae Mullix,SR,True,True
UConn,RDT,DT,DEF,1,Melvin Hills III,SO,True,True
UConn,RDT,DT,DEF,2,Andrew Laurich,JR,True,True
UConn,RDT,DT,DEF,3,Desmond Aladuge,JR,True,True
UConn,RDE,EDGE,DEF,1,Joshua Mickens,JR,True,True
UConn,RDE,EDGE,DEF,2,Matt Hoffman,SR,False,True
UConn,RDE,EDGE,DEF,3,Chamberlain Campbell,JR,True,True
UConn,WLB,LB,DEF,1,K'Von Sherman,SR,True,False
UConn,WLB,LB,DEF,2,Zakaih Saez,JR,True,True
UConn,WLB,LB,DEF,3,Rickey Williams,SO,True,True
UConn,MLB,LB,DEF,1,John Lista,SR,True,True
UConn,MLB,LB,DEF,2,Luke Murphy,SR,True,True
UConn,MLB,LB,DEF,3,Ethan Hogg,SO,False,True
UConn,LCB,CB,DEF,1,Moussa Kane,JR,True,True
UConn,LCB,CB,DEF,2,Kylish Hicks,SR,False,True
UConn,SS,SAF,DEF,1,Jayden Davis,SR,True,True
UConn,SS,SAF,DEF,2,Jayden Price,FR,True,True
UConn,SS,SAF,DEF,3,Saxton Suchanic,FR,False,True
UConn,FS,SAF,DEF,1,Braedyn Moore,JR,True,True
UConn,FS,SAF,DEF,2,Steve Miller,FR,True,True
UConn,FS,SAF,DEF,3,Axavier Bridges-Brooks,FR,False,True
UConn,RCB,CB,DEF,1,Zion Paret,SO,True,False
UConn,RCB,CB,DEF,2,Renick Dorilas,FR,True,True
UConn,NB,CB,DEF,1,Tracy Revels,JR,True,True
UConn,NB,CB,DEF,2,Tyler McKinstry,JR,True,False
Delaware,WR-X,WR,OFF,1,Da'Wain Lofton,GR,True,False
Delaware,WR-X,WR,OFF,2,Donovan Lewis,JR,False,True
Delaware,WR-X,WR,OFF,3,Calvin Thomas,FR,False,True
Delaware,WR-Z,WR,OFF,1,Sean Wilson,SO,False,True
Delaware,WR-Z,WR,OFF,2,Brandon Rehmann,SO,True,True
Delaware,WR-SL,WR,OFF,1,Bryson Graves,SR,True,False
Delaware,WR-SL,WR,OFF,2,Nick Tyree,SO,False,True
Delaware,LT,OL,OFF,1,Noah Rosahac,SO,True,True
Delaware,LT,OL,OFF,2,Dylan Stewart,FR,False,True
Delaware,LG,OL,OFF,1,Mustafa Feika,SR,True,True
Delaware,LG,OL,OFF,2,Tyler Burnham,SO,False,True
Delaware,C,OL,OFF,1,Steven Demboski,GR,False,False
Delaware,C,OL,OFF,2,Patrick Methlie,GR,True,False
Delaware,RG,OL,OFF,1,Anthony Caccese,JR,False,True
Delaware,RG,OL,OFF,2,Wahkeem Roman,GR,True,False
Delaware,RT,OL,OFF,1,Jack Small,SO,True,True
Delaware,RT,OL,OFF,2,Carter Sareyka,SO,False,True
Delaware,TE,TE,OFF,1,Elijah Sessoms,GR,False,False
Delaware,TE,TE,OFF,2,Scott Moore,SO,False,False
Delaware,TE,TE,OFF,3,Josh Humes,SR,True,False
Delaware,QB,QB,OFF,1,Nick Minicucci,SR,False,False
Delaware,QB,QB,OFF,2,Braden Streeter,SO,False,True
Delaware,QB,QB,OFF,3,Riley Trujillo,SO,True,True
Delaware,RB,RB,OFF,1,Jo Silver,GR,False,False
Delaware,RB,RB,OFF,2,Viron Ellison Jr.,JR,True,False
Delaware,RB,RB,OFF,3,Kaderris Roberts,SR,True,True
Delaware,LDE,EDGE,DEF,1,Noah Matthews,GR,True,False
Delaware,LDE,EDGE,DEF,2,Kaeden Singleton,SO,False,True
Delaware,LDE,EDGE,DEF,3,Q'yaeir Price,GR,True,False
Delaware,NT,DT,DEF,1,Dominick Brogna,GR,False,False
Delaware,NT,DT,DEF,2,Dylan Mann,JR,True,True
Delaware,RDE,EDGE,DEF,1,Brandon Gorham,SO,False,False
Delaware,RDE,EDGE,DEF,2,Trace Scott III,SO,False,True
Delaware,RDE,EDGE,DEF,3,James Steel,FR,True,True
Delaware,WLB,LB,DEF,1,Colin Gallagher,SO,False,True
Delaware,WLB,LB,DEF,2,Julius Puryear,FR,False,True
Delaware,MLB,LB,DEF,1,Gavin Moul,SR,False,False
Delaware,MLB,LB,DEF,2,Jawarren Corbin,JR,True,True
Delaware,SLB,LB,DEF,1,Blake Matthews,GR,True,False
Delaware,SLB,LB,DEF,2,Jalen Bell,JR,True,False
Delaware,LCB,CB,DEF,1,Jamarion Kolagbodi,SO,False,False
Delaware,LCB,CB,DEF,2,Jaquise Alexander,SR,True,True
Delaware,SS,SAF,DEF,1,Kahlil Ali,JR,True,True
Delaware,SS,SAF,DEF,2,Nasir Eatmon,SO,False,False
Delaware,FS,SAF,DEF,1,KT Seay,SR,False,False
Delaware,FS,SAF,DEF,2,George Mullins,FR,True,True
Delaware,RCB,CB,DEF,1,Kshawn Cox Jr.,JR,False,True
Delaware,NB,CB,DEF,1,Noah Jefferson,SO,False,False
Duke,WR-X,WR,OFF,1,Jared Richardson,GR,True,False
Duke,WR-X,WR,OFF,2,Kavon Simmons,FR,False,True
Duke,WR-Z,WR,OFF,1,Jaivon Solomon,FR,False,True
Duke,WR-Z,WR,OFF,2,Jamien Little,FR,False,True
Duke,WR-Z,WR,OFF,3,Paxon Kettering,SO,False,True
Duke,WR-SL,WR,OFF,1,Javen Nicholas,GR,True,False
Duke,WR-SL,WR,OFF,2,Jayden Moore,SO,False,True
Duke,WR-SL,WR,OFF,3,Qeanu Johnson,FR,False,True
Duke,LT,OL,OFF,1,Nick Del Grande,GR,True,False
Duke,LT,OL,OFF,2,Caleb Dorris,JR,False,True
Duke,LT,OL,OFF,3,Roman Fina,FR,False,True
Duke,LG,OL,OFF,1,Jordan Larsen,SR,True,True
Duke,LG,OL,OFF,2,Micah Sahakian,GR,True,False
Duke,LG,OL,OFF,3,Reagan McCranie,JR,False,True
Duke,C,OL,OFF,1,Matt Craycraft,SR,False,True
Duke,C,OL,OFF,2,Ryan Daly,SO,False,True
Duke,C,OL,OFF,3,Sean Stover,FR,False,False
Duke,RG,OL,OFF,1,Bradley Smith,SO,False,True
Duke,RG,OL,OFF,2,Gemyel Allen,SO,False,True
Duke,RG,OL,OFF,3,Jamin Brown,FR,False,True
Duke,RT,OL,OFF,1,Braden Miller,GR,True,False
Duke,RT,OL,OFF,2,Cole Allen,FR,False,True
Duke,TE,TE,OFF,1,Jeremiah Hasley,SR,False,True
Duke,TE,TE,OFF,2,Nate Kurisky,GR,True,False
Duke,TE,TE,OFF,3,Jake Taylor,SR,False,True
Duke,QB,QB,OFF,1,Walker Eget,GR,True,False
Duke,QB,QB,OFF,2,Dan Mahan,FR,False,True
Duke,QB,QB,OFF,3,Terry Walker III,FR,False,False
Duke,RB,RB,OFF,1,Nate Sheppard,SO,False,False
Duke,RB,RB,OFF,2,CJ Campbell Jr.,GR,True,False
Duke,RB,RB,OFF,3,Wilhelm Daal II,GR,True,False
Duke,LDE,EDGE,DEF,1,Bryce Davis,SO,False,False
Duke,LDE,EDGE,DEF,2,Kevin O'Connor,JR,False,True
Duke,LDE,EDGE,DEF,3,Sampson Onuoha,FR,False,True
Duke,LDT,DT,DEF,1,Owen Wafle,SO,True,True
Duke,LDT,DT,DEF,2,Dakota Quiñonez,GR,True,False
Duke,LDT,DT,DEF,3,Julius Columbus,FR,False,True
Duke,RDT,DT,DEF,1,Preston Watson,JR,False,False
Duke,RDT,DT,DEF,2,David Anderson,JR,False,True
Duke,RDT,DT,DEF,3,Bariate Kara,FR,False,True
Duke,RDE,EDGE,DEF,1,Tyshon Reed,JR,False,False
Duke,RDE,EDGE,DEF,2,Semaj Turner,JR,False,True
Duke,RDE,EDGE,DEF,3,Kobe Smith,SO,False,True
Duke,WLB,LB,DEF,1,Nick Morris Jr.,GR,False,False
Duke,WLB,LB,DEF,2,Kendall Johnson,JR,False,True
Duke,WLB,LB,DEF,3,Will Felder Jr.,FR,False,True
Duke,MLB,LB,DEF,1,Luke Mergott,JR,False,True
Duke,MLB,LB,DEF,2,Bradley Gompers,SO,False,False
Duke,MLB,LB,DEF,3,Elliott Schaper,SO,False,False
Duke,LCB,CB,DEF,1,Kimari Robinson,JR,False,True
Duke,LCB,CB,DEF,2,Dylan Flowers,GR,True,False
Duke,LCB,CB,DEF,3,Evan Smith,GR,True,False
Duke,SS,SAF,DEF,1,Andrew Pellicciotta,SO,False,False
Duke,SS,SAF,DEF,2,Patrick Smith-Young,GR,True,False
Duke,FS,SAF,DEF,1,DaShawn Stone,JR,False,True
Duke,FS,SAF,DEF,2,Leon Griffin III,JR,False,True
Duke,RCB,CB,DEF,1,Landan Callahan,SO,False,True
Duke,RCB,CB,DEF,2,Kyon Loud,SO,True,True
Duke,NB,CB,DEF,1,Ché Ojarikre,JR,True,True
Duke,NB,CB,DEF,2,Kaleb Lanier,FR,False,True
East Carolina,WR-X,WR,OFF,1,Landon Sides,SR,True,False
East Carolina,WR-X,WR,OFF,2,Tyler Johnson,SR,True,True
East Carolina,WR-X,WR,OFF,3,Dillon Lorick,SO,False,True
East Carolina,WR-Z,WR,OFF,1,Brock Spalding,SR,False,True
East Carolina,WR-Z,WR,OFF,2,Jeremiah Melvin,SO,True,True
East Carolina,WR-Z,WR,OFF,3,Ja'Keith Hamilton,JR,True,True
East Carolina,WR-SL,WR,OFF,1,Ray Ray Joseph,JR,True,True
East Carolina,WR-SL,WR,OFF,2,Jaquaize Pettaway,SR,True,False
East Carolina,WR-SL,WR,OFF,3,Kyler Pearson,SR,True,True
East Carolina,LT,OL,OFF,1,Marleo Neolien,JR,False,True
East Carolina,LT,OL,OFF,2,Zach Caulder,SR,True,True
East Carolina,LG,OL,OFF,1,Bryce Weaver,JR,False,True
East Carolina,LG,OL,OFF,2,Kendall Walton,FR,False,True
East Carolina,LG,OL,OFF,3,Tre Hardison,SR,False,True
East Carolina,C,OL,OFF,1,Brandon Best,SR,True,True
East Carolina,C,OL,OFF,2,Jeremiah Williams,JR,True,True
East Carolina,RG,OL,OFF,1,Ethan Kramer,SR,True,True
East Carolina,RT,OL,OFF,1,Hayes Creel,SR,True,True
East Carolina,TE,TE,OFF,1,Kanen Hamlett,SR,True,True
East Carolina,TE,TE,OFF,2,Ismael Smith Flores,JR,True,True
East Carolina,TE,TE,OFF,3,Mason Brown,JR,False,True
East Carolina,QB,QB,OFF,1,Mitch Griffis,SR,True,True
East Carolina,QB,QB,OFF,2,Emory Williams,JR,True,True
East Carolina,QB,QB,OFF,3,Cole Hodge,FR,False,True
East Carolina,RB,RB,OFF,1,Ashton Gray,SO,True,True
East Carolina,RB,RB,OFF,2,Michael Allen,SR,True,True
East Carolina,RB,RB,OFF,3,TJ Engleman Jr.,SO,False,True
East Carolina,DE,EDGE,DEF,1,Jasiyah Robinson,SR,True,True
East Carolina,DE,EDGE,DEF,2,Kieran Davis,JR,False,True
East Carolina,DE,EDGE,DEF,3,Evan Powell,FR,False,True
East Carolina,NT,DT,DEF,1,Preston Carr,SR,False,True
East Carolina,NT,DT,DEF,2,Javon Williams,SO,False,True
East Carolina,NT,DT,DEF,3,Dominick Moody,FR,False,True
East Carolina,DT,DT,DEF,1,Rion Roseborough,JR,True,True
East Carolina,DT,DT,DEF,2,Torin Brazell,SO,False,True
East Carolina,DT,DT,DEF,3,Josiah Dwyer,FR,False,True
East Carolina,RUSH,EDGE,DEF,1,Julien Davis,JR,False,True
East Carolina,RUSH,EDGE,DEF,2,Kendrick DuJour,SR,True,True
East Carolina,RUSH,EDGE,DEF,3,Landon Lewis,FR,False,True
East Carolina,WLB,LB,DEF,1,Crews Law,SO,True,True
East Carolina,WLB,LB,DEF,2,Jordan Miles,SO,False,False
East Carolina,WLB,LB,DEF,3,Cade Law,SR,True,True
East Carolina,MLB,LB,DEF,1,DJ Johnson Jr.,JR,False,True
East Carolina,MLB,LB,DEF,2,Jackson Barker,SR,False,True
East Carolina,MLB,LB,DEF,3,Jayden Olden,SO,False,True
East Carolina,LCB,CB,DEF,1,Jaylen Bowden,SR,True,False
East Carolina,LCB,CB,DEF,2,Rae'mon Mosby,SO,True,True
East Carolina,LCB,CB,DEF,3,Derrion Horsley,FR,False,True
East Carolina,SS,SAF,DEF,1,Ayden Duncanson,JR,True,True
East Carolina,SS,SAF,DEF,2,Myles Pollard,SR,True,True
East Carolina,SS,SAF,DEF,3,Josh Benton,SR,False,True
East Carolina,FS,SAF,DEF,1,Zyeir Gamble,JR,True,True
East Carolina,FS,SAF,DEF,2,Kamaurri McKinley,JR,False,True
East Carolina,RCB,CB,DEF,1,Ashton Levells-Mitchell,SR,True,True
East Carolina,RCB,CB,DEF,2,Jonathan Akins,JR,True,True
East Carolina,RCB,CB,DEF,3,Angelo Ross,FR,False,True
East Carolina,NB,CB,DEF,1,Christian Peterson,JR,True,False
East Carolina,NB,CB,DEF,2,Kevon Merrell,JR,False,False
East Carolina,NB,CB,DEF,3,Alex Moye,SO,False,True
Eastern Michigan,WR-X,WR,OFF,1,Nick Devereaux,GR,True,False
Eastern Michigan,WR-X,WR,OFF,2,Harold Mack,FR,False,False
Eastern Michigan,WR-Z,WR,OFF,1,Porter Rooks,GR,True,False
Eastern Michigan,WR-Z,WR,OFF,2,Jamarien Wheeler,GR,True,False
Eastern Michigan,WR-H,WR,OFF,1,Ben Prosper,JR,True,True
Eastern Michigan,WR-H,WR,OFF,2,Mekhi Fox,JR,True,True
Eastern Michigan,LG,OL,OFF,2,Joshua Anderson,JR,False,True
Eastern Michigan,OC,OL,OFF,1,Nicholas Gallegos,JR,False,True
Eastern Michigan,RG,OL,OFF,1,Mickey Rewolinski,GR,False,False
Eastern Michigan,RT,OL,OFF,1,Joshua Anderson,JR,False,True
Eastern Michigan,TE-Y,TE,OFF,1,Joshua Long,SO,True,False
Eastern Michigan,TE-Y,TE,OFF,2,Tanner Lemaster,SO,True,True
Eastern Michigan,QB,QB,OFF,1,Noah Kim,GR,True,False
Eastern Michigan,QB,QB,OFF,2,Jeremiah Salem,JR,False,True
Eastern Michigan,QB,QB,OFF,3,Cameron Edge,JR,True,True
Eastern Michigan,RB,RB,OFF,1,Dontae McMillan,GR,True,False
Eastern Michigan,RB,RB,OFF,2,Tavierre Dunlap,SR,True,True
Eastern Michigan,RB,RB,OFF,3,Joey Mattord,SO,False,True
Eastern Michigan,DE,EDGE,DEF,1,Carter Evans,SR,False,True
Eastern Michigan,DE,EDGE,DEF,2,Hector Gonzalez,FR,False,False
Eastern Michigan,DE,EDGE,DEF,3,Quincy Byas,FR,False,False
Eastern Michigan,NT,DT,DEF,1,Donovan Green,SR,True,True
Eastern Michigan,NT,DT,DEF,2,Warren-Stevens Tayou,JR,True,True
Eastern Michigan,DT,DT,DEF,1,Tyrell Martin,SR,True,False
Eastern Michigan,DT,DT,DEF,2,Javon Thomas,FR,False,True
Eastern Michigan,EDGE,EDGE,DEF,2,Ronn Hardin,JR,True,False
Eastern Michigan,WLB,LB,DEF,1,Barry Manning,JR,False,True
Eastern Michigan,WLB,LB,DEF,2,Ja'Quel Mack,JR,True,True
Eastern Michigan,MLB,LB,DEF,1,Zach Mowchan,GR,False,False
Eastern Michigan,MLB,LB,DEF,3,Bryce Eliuk,SO,False,True
Eastern Michigan,LCB,CB,DEF,1,Caleb Coley,JR,True,True
Eastern Michigan,LCB,CB,DEF,2,Caleb Dobbs,SO,False,True
Eastern Michigan,SS,SAF,DEF,1,Bryce Llewellyn,SR,True,False
Eastern Michigan,SS,SAF,DEF,2,Ray Hester,FR,False,True
Eastern Michigan,FS,SAF,DEF,1,Jason Marshall,JR,False,True
Eastern Michigan,FS,SAF,DEF,2,Juan Salas,JR,True,True
Eastern Michigan,RCB,CB,DEF,2,Tyrelle Deener,GR,True,False
Eastern Michigan,NB,CB,DEF,1,Jaivian Norman,SO,False,True
Eastern Michigan,NB,CB,DEF,3,Donmiel Rogers,FR,False,False
Florida,WR-X,WR,OFF,1,Dallas Wilson,FR,False,True
Florida,WR-X,WR,OFF,2,Micah Mays Jr.,JR,True,True
Florida,WR-Z,WR,OFF,1,Eric Singleton Jr.,SR,True,False
Florida,WR-Z,WR,OFF,2,TJ Abrams,SO,False,True
Florida,WR-Y,WR,OFF,1,Vernell Brown III,SO,False,False
Florida,WR-Y,WR,OFF,2,Bailey Stockton,JR,True,True
Florida,WR-Y,WR,OFF,3,Jaylen Lloyd,JR,True,True
Florida,LT,OL,OFF,1,Emeka Ugorji,SO,True,False
Florida,LT,OL,OFF,2,Fletcher Westphal,SO,False,True
Florida,LT,OL,OFF,3,Mark Faircloth,SO,False,True
Florida,LG,OL,OFF,1,Knijeah Harris,SR,False,False
Florida,LG,OL,OFF,2,Roderick Kearney,JR,False,True
Florida,LG,OL,OFF,3,Daniel Pierre Louis,FR,False,True
Florida,C,OL,OFF,1,Harrison Moore,JR,True,False
Florida,C,OL,OFF,2,Jason Zandamela,SO,False,True
Florida,RG,OL,OFF,1,TJ Shanahan Jr.,JR,True,True
Florida,RG,OL,OFF,2,Bryce Lovett,JR,False,True
Florida,RG,OL,OFF,3,TJ Dice Jr.,FR,False,True
Florida,RT,OL,OFF,1,Caden Jones,JR,False,True
Florida,RT,OL,OFF,2,Eagan Boyer,SO,True,True
Florida,RT,OL,OFF,3,Jahari Medlock,FR,False,True
Florida,TE,TE,OFF,1,Luke Harpring,SO,True,True
Florida,TE,TE,OFF,2,Amir Jackson,SO,False,True
Florida,TE,TE,OFF,3,Lacota Dippre,JR,True,True
Florida,QB,QB,OFF,1,Aaron Philo,SO,True,True
Florida,QB,QB,OFF,2,Tramell Jones Jr.,FR,False,True
Florida,RB,RB,OFF,1,Jadan Baugh,JR,False,False
Florida,RB,RB,OFF,2,Evan Pryor,SR,True,True
Florida,RB,RB,OFF,3,Duke Clark,FR,False,True
Florida,DE,EDGE,DEF,1,Kamran James,SR,False,False
Florida,DE,EDGE,DEF,2,Emmanuel Oyebadejo,SO,True,True
Florida,DE,EDGE,DEF,3,LJ McCray,SO,False,True
Florida,NT,DT,DEF,1,Joseph Mbatchou,SO,False,False
Florida,NT,DT,DEF,2,DK Kalu,JR,True,True
Florida,NT,DT,DEF,3,Jamari Lyons,SR,False,True
Florida,DT,DT,DEF,1,Brendan Bett,JR,True,True
Florida,DT,DT,DEF,2,Jeramiah McCloud,SO,False,False
Florida,DT,DT,DEF,3,Mason Clinton,JR,True,True
Florida,JACK,EDGE,DEF,1,Jayden Woods,SO,False,False
Florida,JACK,EDGE,DEF,2,KJ Ford,FR,False,False
Florida,JACK,EDGE,DEF,3,Kofi Asare,SR,True,True
Florida,WLB,LB,DEF,1,Myles Graham,JR,False,False
Florida,WLB,LB,DEF,2,Ty Jackson,SO,False,False
Florida,MLB,LB,DEF,1,Jaden Robinson,SR,False,False
Florida,MLB,LB,DEF,2,Myles Johnson,SO,False,False
Florida,MLB,LB,DEF,3,TJ Bullard,SR,True,True
Florida,SLB,LB,DEF,1,Aaron Chiles,JR,False,False
Florida,SLB,LB,DEF,2,Malik Morris,FR,False,False
Florida,LCB,CB,DEF,1,Cormani McClain,JR,True,True
Florida,LCB,CB,DEF,2,J'Vari Flowers,SO,False,False
Florida,LCB,CB,DEF,3,Jordy Lowery,SR,True,True
Florida,SS,SAF,DEF,1,Bryce Thornton,SR,False,False
Florida,SS,SAF,DEF,2,Drake Stubbs,SO,False,False
Florida,SS,SAF,DEF,3,Lagonza Hayward,SO,False,False
Florida,FS,SAF,DEF,1,DJ Coleman,SR,True,False
Florida,FS,SAF,DEF,2,Cam Dooley,JR,True,False
Florida,FS,SAF,DEF,3,Alfonzo Allen Jr.,SR,True,True
Florida,RCB,CB,DEF,1,Dijon Johnson,JR,False,True
Florida,RCB,CB,DEF,2,Ben Hanks III,FR,False,True
Florida,NB,CB,DEF,1,Kanye Clark,JR,True,True
Florida,NB,CB,DEF,2,Elijah Owens,SO,True,False
Florida,NB,CB,DEF,3,Dylan Purter,FR,False,False
Florida Atlantic,WR-X,WR,OFF,1,Dominique Henry,SR,True,True
Florida Atlantic,WR-X,WR,OFF,2,RJ Garcia II,GR,True,False
Florida Atlantic,WR-Z,WR,OFF,1,Branden Hoch,SO,False,False
Florida Atlantic,WR-Z,WR,OFF,2,Tucker Holloway,SR,True,True
Florida Atlantic,WR-Y,WR,OFF,1,Easton Messer,SR,True,True
Florida Atlantic,WR-Y,WR,OFF,2,Antojuan Woody,JR,True,False
Florida Atlantic,WR-H,WR,OFF,1,Kelby Valsin,JR,True,True
Florida Atlantic,WR-H,WR,OFF,2,Jahmari Powell-Wonson,SO,True,True
Florida Atlantic,LT,OL,OFF,1,Ja'Kavion Nonar,SR,True,True
Florida Atlantic,LT,OL,OFF,2,Kortez Winslow,JR,True,True
Florida Atlantic,LT,OL,OFF,3,Keon Rohé,SO,False,True
Florida Atlantic,LG,OL,OFF,1,Carson Osmus,SO,True,True
Florida Atlantic,LG,OL,OFF,2,Alejandro Schmitt,FR,False,False
Florida Atlantic,C,OL,OFF,1,Braden Cunningham,SO,False,True
Florida Atlantic,C,OL,OFF,2,Aqil Meredith-Smith,SO,True,False
Florida Atlantic,RG,OL,OFF,1,Vincent Fiacable,SR,True,True
Florida Atlantic,RG,OL,OFF,2,Ovie Dubre,JR,False,True
Florida Atlantic,RT,OL,OFF,1,Ben Galloway,JR,True,True
Florida Atlantic,RT,OL,OFF,2,Mauricio Hinds,SO,False,True
Florida Atlantic,RT,OL,OFF,3,Vincent Forney,SO,True,True
Florida Atlantic,TE,TE,OFF,1,Brooks Johnson,SR,True,True
Florida Atlantic,TE,TE,OFF,2,AJ Johnson,SR,True,True
Florida Atlantic,TE,TE,OFF,3,Marcus Vinson,SR,True,True
Florida Atlantic,QB,QB,OFF,1,Caden Veltkamp,SR,True,True
Florida Atlantic,QB,QB,OFF,2,Jordan Magwood,FR,False,True
Florida Atlantic,QB,QB,OFF,3,Jeremiah Daoud,FR,False,False
Florida Atlantic,RB,RB,OFF,1,Kaden Shields-Dutton,JR,False,False
Florida Atlantic,RB,RB,OFF,2,Leonard Farrow,SR,True,True
Florida Atlantic,RB,RB,OFF,3,Ethan Ervin,FR,False,True
Florida Atlantic,DE,EDGE,DEF,1,Deshaun Batiste,SR,True,True
Florida Atlantic,DE,EDGE,DEF,2,Gavench Marcelin,JR,False,False
Florida Atlantic,DE,EDGE,DEF,3,Tyclean Luman,SO,True,True
Florida Atlantic,NT,DT,DEF,1,CJ Doggette Jr.,SR,True,True
Florida Atlantic,NT,DT,DEF,2,Enyce Sledge,SR,True,True
Florida Atlantic,NT,DT,DEF,3,Corey Clark,SR,True,True
Florida Atlantic,DT,DT,DEF,1,Blake Burris,GR,True,False
Florida Atlantic,DT,DT,DEF,2,Wilky Denaud,JR,True,True
Florida Atlantic,DT,DT,DEF,3,Tycoolhill Luman,SO,True,True
Florida Atlantic,RUSH,EDGE,DEF,1,Josh Roberts,SO,False,False
Florida Atlantic,RUSH,EDGE,DEF,2,Jay Crable,JR,True,True
Florida Atlantic,RUSH,EDGE,DEF,3,Jonathan Bax,SR,True,False
Florida Atlantic,WLB,LB,DEF,1,Leon Hart Jr.,SR,True,True
Florida Atlantic,WLB,LB,DEF,2,Khmari Johnson,SR,True,False
Florida Atlantic,WLB,LB,DEF,3,Char'Quez Lee,SO,False,True
Florida Atlantic,MLB,LB,DEF,1,Joseph Sipp Jr.,SR,True,True
Florida Atlantic,MLB,LB,DEF,2,Zyere Horton,SR,True,True
Florida Atlantic,MLB,LB,DEF,3,Nate Fischer,JR,True,False
Florida Atlantic,LCB,CB,DEF,1,Damarius McGhee,GR,True,False
Florida Atlantic,LCB,CB,DEF,2,Derrick Rogers,JR,True,True
Florida Atlantic,LCB,CB,DEF,3,Amar Reynolds,SO,True,True
Florida Atlantic,SS,SAF,DEF,1,Jayden Sweeney,SR,True,True
Florida Atlantic,SS,SAF,DEF,2,Bo Simpson-Nealy,JR,True,True
Florida Atlantic,FS,SAF,DEF,1,Tyson Rooks,SR,True,True
Florida Atlantic,RCB,CB,DEF,1,JK Johnson,SR,True,True
Florida Atlantic,RCB,CB,DEF,2,Wallace Foster IV,SO,True,True
Florida Atlantic,NB,CB,DEF,1,Damon Allen,SO,False,False
Florida Atlantic,NB,CB,DEF,2,Chris Tooley III,JR,False,True
Florida International,WR-X,WR,OFF,1,Maguire Anderson,JR,True,True
Florida International,WR-X,WR,OFF,2,Tyson Carter,SO,False,False
Florida International,WR-X,WR,OFF,3,Amari Isaac,FR,False,True
Florida International,WR-Z,WR,OFF,1,Greg Gaines III,SR,True,True
Florida International,WR-Z,WR,OFF,2,Eric Nelson,SO,False,True
Florida International,WR-Z,WR,OFF,3,Kenny Williams,FR,False,True
Florida International,WR-SL,WR,OFF,1,Kyle McNeal,JR,False,True
Florida International,WR-SL,WR,OFF,2,Jojo Stone,SO,True,True
Florida International,WR-SL,WR,OFF,3,Malik Penson,FR,False,False
Florida International,LT,OL,OFF,1,Jeremy Smith,FR,False,True
Florida International,LT,OL,OFF,2,Nickolas Molina,SR,True,True
Florida International,LG,OL,OFF,1,Zaire Flournoy,SR,True,True
Florida International,LG,OL,OFF,2,Akeem Neal,SO,False,True
Florida International,C,OL,OFF,1,Daveion Harley,JR,True,True
Florida International,C,OL,OFF,2,Jon Rodriguez,SO,False,True
Florida International,RG,OL,OFF,1,Antonio Tripp Jr.,JR,True,True
Florida International,RG,OL,OFF,2,Spencer Webb,JR,True,True
Florida International,RT,OL,OFF,1,Manasseh Ripert,SR,True,True
Florida International,RT,OL,OFF,2,Oscar Colon,SR,True,False
Florida International,RT,OL,OFF,3,Noah Fernandez,JR,False,True
Florida International,TE,TE,OFF,1,Jackson Verdugo,SO,False,False
Florida International,TE,TE,OFF,2,Kevin Schaeffer,GR,True,False
Florida International,TE,TE,OFF,3,James Resar,SO,True,True
Florida International,QB,QB,OFF,1,JJ Kohl,JR,True,True
Florida International,QB,QB,OFF,2,Zach Marker,GR,True,False
Florida International,QB,QB,OFF,3,DJ Alexander,FR,False,False
Florida International,RB,RB,OFF,1,Anthony Carrie,JR,True,False
Florida International,RB,RB,OFF,2,Devonte Lyons,SO,False,True
Florida International,RB,RB,OFF,3,Sterling Joseph,FR,False,True
Florida International,LDE,EDGE,DEF,1,Kenton Simmons,SR,True,False
Florida International,LDE,EDGE,DEF,2,DeeJay Holmes Jr.,JR,True,True
Florida International,LDE,EDGE,DEF,3,Lamont Green Jr.,JR,True,True
Florida International,NT,DT,DEF,1,Germaine Carter,JR,False,False
Florida International,NT,DT,DEF,2,Elijah Simmons,SR,True,True
Florida International,NT,DT,DEF,3,Nathan Jennings,SO,True,True
Florida International,DT,DT,DEF,1,RJ Moss Jr.,JR,True,True
Florida International,DT,DT,DEF,2,Jamorie Flagg,SO,True,True
Florida International,DT,DT,DEF,3,Anthony Cunningham,JR,True,True
Florida International,RDE,EDGE,DEF,1,Dante Anderson,SR,True,True
Florida International,RDE,EDGE,DEF,2,Robert Williams,SO,False,True
Florida International,RDE,EDGE,DEF,3,Elisha Baldridge,JR,True,True
Florida International,WLB,LB,DEF,1,Josiah Taylor,SO,False,True
Florida International,WLB,LB,DEF,2,Pickle Stewart,SO,True,True
Florida International,WLB,LB,DEF,3,Kani Smith,FR,False,True
Florida International,MLB,LB,DEF,1,Percy Courtney Jr.,SR,False,True
Florida International,MLB,LB,DEF,2,Brayshawn Littlejohn,JR,True,True
Florida International,MLB,LB,DEF,3,Cam Davis,FR,False,True
Florida International,LCB,CB,DEF,1,Lawrence Johnson,JR,True,False
Florida International,LCB,CB,DEF,2,Tyderick Brown,SO,True,True
Florida International,SS,SAF,DEF,1,Shamir Sterlin,SO,False,True
Florida International,SS,SAF,DEF,2,Ormond Wallace,SR,True,False
Florida International,FS,SAF,DEF,1,Demetrius Hill,SR,True,True
Florida International,FS,SAF,DEF,2,Wesley Miller,SR,True,True
Florida International,FS,SAF,DEF,3,Eric Johnson,FR,False,False
Florida International,RCB,CB,DEF,1,Ryan Gadson,JR,True,False
Florida International,RCB,CB,DEF,2,Jai-Ayviauynn Celestine,SR,True,True
Florida International,NB,CB,DEF,1,Da'Vontae Floyd,SO,True,True
Florida International,NB,CB,DEF,2,DeAndre Boykins,SR,True,True
Florida State,WR-X,WR,OFF,1,Duce Robinson,SR,True,False
Florida State,WR-X,WR,OFF,2,Tae'Shaun Gelsey,FR,False,True
Florida State,WR-Z,WR,OFF,1,Micahi Danzy,SO,False,True
Florida State,WR-Z,WR,OFF,2,Devin Carter,FR,False,False
Florida State,WR-Z,WR,OFF,3,Teriq Mallory,FR,False,True
Florida State,WR-SL,WR,OFF,1,Jayvan Boggs,SO,False,False
Florida State,WR-SL,WR,OFF,2,Jasen Lopez,FR,False,False
Florida State,LT,OL,OFF,1,Xavier Chaplin,SR,True,True
Florida State,LT,OL,OFF,2,Jonathan Daniels,SO,False,True
Florida State,LG,OL,OFF,1,Paul Bowling,SO,True,False
Florida State,C,OL,OFF,1,Bradyn Joiner,JR,True,True
Florida State,C,OL,OFF,2,Chavez Thompson,FR,False,True
Florida State,RG,OL,OFF,1,André Otto,JR,False,True
Florida State,RG,OL,OFF,2,Jayden Todd,SO,False,True
Florida State,RT,OL,OFF,1,Nate Pabst,SR,True,True
Florida State,RT,OL,OFF,2,Chimdia Nwaiwu,JR,True,True
Florida State,TE,TE,OFF,1,Desirrio Riles,SR,True,False
Florida State,TE,TE,OFF,2,Landen Thomas,JR,False,False
Florida State,TE,TE,OFF,3,Chase Loftin,FR,False,True
Florida State,QB,QB,OFF,1,Ashton Daniels,SR,True,True
Florida State,QB,QB,OFF,2,Kevin Sperry,FR,False,True
Florida State,QB,QB,OFF,3,Malachi Marshall,JR,True,False
Florida State,RB,RB,OFF,1,Quintrevion Wisner,SR,True,False
Florida State,RB,RB,OFF,2,Ousmane Kromah,SO,False,False
Florida State,RB,RB,OFF,3,Samuel Singleton Jr.,JR,False,True
Florida State,DE,EDGE,DEF,1,Mandrell Desir,SO,False,False
Florida State,DE,EDGE,DEF,2,Darryll Desir,SO,False,False
Florida State,DE,EDGE,DEF,3,Deamontae Diggs,SR,True,True
Florida State,NT,DT,DEF,1,Kevin Wynn,FR,False,True
Florida State,NT,DT,DEF,2,Jordan Sanders,SR,True,True
Florida State,DT,DT,DEF,1,Daniel Lyons,SR,False,True
Florida State,DT,DT,DEF,2,Deante McCray,SR,True,True
Florida State,DT,DT,DEF,3,Tylon Lee,FR,False,True
Florida State,JACK,EDGE,DEF,1,Rylan Kennedy,SR,True,False
Florida State,JACK,EDGE,DEF,2,Jalen Anderson,JR,True,False
Florida State,WLB,LB,DEF,1,Mikai Gbayor,SR,True,True
Florida State,WLB,LB,DEF,2,Blake Nichelson,SR,False,False
Florida State,WLB,LB,DEF,3,Caleb LaVallee,JR,True,True
Florida State,MLB,LB,DEF,1,Chris Jones,JR,True,False
Florida State,MLB,LB,DEF,2,Omar Graham Jr.,SR,False,True
Florida State,MLB,LB,DEF,3,Noah LaVallee,FR,False,False
Florida State,LCB,CB,DEF,1,Nehemiah Chandler,SO,True,True
Florida State,LCB,CB,DEF,2,Charles Lester III,SO,False,True
Florida State,LCB,CB,DEF,3,Ricky Knight III,SO,False,True
Florida State,SS,SAF,DEF,1,Ashlynd Barker,SR,True,True
Florida State,SS,SAF,DEF,2,Tre Bell III,FR,False,False
Florida State,SS,SAF,DEF,3,Max Redmon,FR,False,True
Florida State,FS,SAF,DEF,1,CJ Richard Jr.,SO,True,True
Florida State,FS,SAF,DEF,2,K.J. Kirkland,JR,False,True
Florida State,FS,SAF,DEF,3,Donny Hiebert,SR,False,False
Florida State,RCB,CB,DEF,1,Ja'Bril Rawls,JR,False,True
Florida State,RCB,CB,DEF,2,Quindarrius Jones,SR,False,False
Florida State,RCB,CB,DEF,3,Jamari Howard,SO,False,True
Florida State,NB,CB,DEF,1,Ma'Khi Jones,SO,True,False
Florida State,NB,CB,DEF,2,Karson Hobbs,JR,True,False
Florida State,NB,CB,DEF,3,Jarvis Boatwright Jr.,SO,True,True
Fresno State,WR-X,WR,OFF,1,Josiah Freeman,SR,True,True
Fresno State,WR-X,WR,OFF,2,Harold Duvall,SO,False,False
Fresno State,WR-Z,WR,OFF,1,Ezekiel Avit,JR,True,True
Fresno State,WR-Z,WR,OFF,2,Jayon Farrar,SR,True,False
Fresno State,WR-Z,WR,OFF,3,Xavier Owens,FR,False,False
Fresno State,WR-SL,WR,OFF,1,Jahlil McClain,JR,True,True
Fresno State,WR-SL,WR,OFF,2,Jordan Malau'ulu,SO,False,True
Fresno State,WR-SL,WR,OFF,3,Keynan Cotton,FR,False,True
Fresno State,LT,OL,OFF,1,Brayden Walton,SO,False,False
Fresno State,LT,OL,OFF,2,Marsel Akins,SO,False,True
Fresno State,LT,OL,OFF,3,Bode Stoddard,SO,True,False
Fresno State,LG,OL,OFF,1,Edward Fonua,SR,True,True
Fresno State,LG,OL,OFF,2,Gino Quinones,SR,True,True
Fresno State,C,OL,OFF,1,Braylan Henderson,SR,True,False
Fresno State,C,OL,OFF,2,Ben Baker,SO,False,True
Fresno State,C,OL,OFF,3,Oscar Weigel,SO,True,True
Fresno State,RG,OL,OFF,1,Marquise Thorpe-Taylor,SO,True,True
Fresno State,RG,OL,OFF,2,Jonah Leaupepetele,FR,False,True
Fresno State,RG,OL,OFF,3,Pat Barnett,SR,True,True
Fresno State,RT,OL,OFF,1,Rolan Fullwood,SR,False,True
Fresno State,RT,OL,OFF,2,Kyson Van Vugt,SR,True,True
Fresno State,TE,TE,OFF,1,Brock Lium,JR,False,True
Fresno State,TE,TE,OFF,2,Jake Appleget,SR,True,True
Fresno State,TE,TE,OFF,3,Dallas Gaius-Anyaegbu,FR,False,False
Fresno State,QB,QB,OFF,1,Khristian Martin,SO,True,True
Fresno State,QB,QB,OFF,2,Jayden Mandal,JR,False,True
Fresno State,QB,QB,OFF,3,Jonathan Craft,FR,False,True
Fresno State,RB,RB,OFF,1,Bryson Donelson,JR,False,False
Fresno State,RB,RB,OFF,2,Rayshon Luke,SR,True,True
Fresno State,RB,RB,OFF,3,Brandon Ramirez,JR,False,True
Fresno State,LDE,EDGE,DEF,1,Jahzon Jacks,SR,False,True
Fresno State,LDE,EDGE,DEF,2,Merhauti Xepera,SR,False,True
Fresno State,LDE,EDGE,DEF,3,Noah Yeh,JR,True,True
Fresno State,LDT,DT,DEF,1,Deijon Laffitte,JR,True,True
Fresno State,LDT,DT,DEF,2,Auckland Asiata,JR,False,True
Fresno State,LDT,DT,DEF,3,Jairus Satele,SR,True,True
Fresno State,RDT,DT,DEF,1,Martin Owusu,JR,True,True
Fresno State,RDT,DT,DEF,2,Mordecai Hines,JR,False,True
Fresno State,RDT,DT,DEF,3,Logan Goodspeed,SO,True,True
Fresno State,RDE,EDGE,DEF,1,Sione Noa,SR,False,True
Fresno State,RDE,EDGE,DEF,2,Dylan Hampsten,JR,True,True
Fresno State,RDE,EDGE,DEF,3,Micah Mosley,SO,True,False
Fresno State,WLB,LB,DEF,1,K'vion Thunderbird,JR,True,True
Fresno State,WLB,LB,DEF,2,Logan Studt,SO,False,True
Fresno State,WLB,LB,DEF,3,Lucas Blumling,FR,False,True
Fresno State,MLB,LB,DEF,1,Tytus Khajavi,SO,False,True
Fresno State,MLB,LB,DEF,2,Justin Johnson,JR,False,True
Fresno State,MLB,LB,DEF,3,Tommy Nix,SO,False,True
Fresno State,LCB,CB,DEF,1,Jomarion Briggs,SR,False,True
Fresno State,LCB,CB,DEF,2,Andre Cobb,SR,True,True
Fresno State,LCB,CB,DEF,3,Cam Cole,SO,False,True
Fresno State,SS,SAF,DEF,1,Ryan Wilson,SR,True,True
Fresno State,SS,SAF,DEF,2,RJ Regan,SR,True,True
Fresno State,SS,SAF,DEF,3,Taylor Powell,SO,True,True
Fresno State,FS,SAF,DEF,1,Ethan Tierney,JR,True,True
Fresno State,FS,SAF,DEF,2,Croix Stewart,SR,True,True
Fresno State,FS,SAF,DEF,3,Jaden Carrillo,JR,False,True
Fresno State,RCB,CB,DEF,1,Kiontre Harris,SO,False,True
Fresno State,RCB,CB,DEF,2,Loyall Mouzon,SO,False,True
Fresno State,RCB,CB,DEF,3,Preston Okafor,SO,True,True
Fresno State,NB,CB,DEF,1,Simeon Harris,SR,True,True
Fresno State,NB,CB,DEF,2,Tyger Canales,FR,False,True
Fresno State,NB,CB,DEF,3,Isaiah Lucero,FR,False,False
Georgia,WR-X,WR,OFF,1,Isiah Canion,JR,True,False
Georgia,WR-X,WR,OFF,2,CJ Wiley,SO,False,False
Georgia,WR-X,WR,OFF,3,Thomas Blackshear,FR,False,True
Georgia,WR-Z,WR,OFF,1,London Humphreys,SR,True,False
Georgia,WR-Z,WR,OFF,2,Talyn Taylor,FR,False,True
Georgia,WR-Z,WR,OFF,3,Landon Roldan,SO,False,False
Georgia,WR-SL,WR,OFF,1,Sacovie White-Helton,SO,False,True
Georgia,WR-SL,WR,OFF,2,Kaiden Prothro,FR,False,False
Georgia,WR-SL,WR,OFF,3,Dallas Dickerson,FR,False,False
Georgia,LT,OL,OFF,1,Earnest Greene III,SR,False,True
Georgia,LT,OL,OFF,2,Ekene Ogboko,FR,False,False
Georgia,LT,OL,OFF,3,Dennis Uzochukwu,FR,False,True
Georgia,LG,OL,OFF,1,Dontrell Glover,SO,False,False
Georgia,LG,OL,OFF,2,Daniel Calhoun,SO,False,True
Georgia,LG,OL,OFF,3,Graham Houston,FR,False,False
Georgia,C,OL,OFF,1,Drew Bobo,SR,False,True
Georgia,C,OL,OFF,2,Cortez Smith,FR,False,True
Georgia,C,OL,OFF,3,Malachi Toliver,SO,False,True
Georgia,RG,OL,OFF,1,Zykie Helton,FR,False,False
Georgia,RG,OL,OFF,2,Michael Uini,SO,False,True
Georgia,RG,OL,OFF,3,Marcus Harrison,SO,False,True
Georgia,RT,OL,OFF,1,Juan Gaston,SO,False,False
Georgia,RT,OL,OFF,2,Jahzare Jackson,JR,False,False
Georgia,RT,OL,OFF,3,TyQuez Richardson,SO,True,True
Georgia,TE,TE,OFF,1,Lawson Luckie,SR,False,False
Georgia,TE,TE,OFF,2,Jaden Reddell,SO,False,True
Georgia,TE,TE,OFF,3,Ethan Barbour,FR,False,True
Georgia,QB,QB,OFF,1,Gunner Stockton,SR,False,True
Georgia,QB,QB,OFF,2,Ryan Puglisi,SO,False,True
Georgia,QB,QB,OFF,3,Ryan Montgomery,FR,False,True
Georgia,RB,RB,OFF,1,Nate Frazier,JR,False,False
Georgia,RB,RB,OFF,2,Chauncey Bowens,SO,False,True
Georgia,RB,RB,OFF,3,Dante Dowdell,SR,True,False
Georgia,DE,EDGE,DEF,1,Gabe Harris Jr.,SR,False,False
Georgia,DE,EDGE,DEF,2,Joseph Jonah-Ajonye,SO,False,True
Georgia,DE,EDGE,DEF,3,JJ Hanne,SO,False,False
Georgia,NT,DT,DEF,1,Jordan Hall,JR,False,True
Georgia,NT,DT,DEF,2,Xzavier McLeod,JR,True,True
Georgia,NT,DT,DEF,3,Nnamdi Ogboko,SO,False,True
Georgia,DT,DT,DEF,1,Elijah Griffin,SO,False,False
Georgia,DT,DT,DEF,2,Josh Horton,JR,True,True
Georgia,DT,DT,DEF,3,London Seymour,FR,False,True
Georgia,JACK,EDGE,DEF,1,Quintavius Johnson,JR,False,False
Georgia,JACK,EDGE,DEF,2,Amaris Williams,JR,True,False
Georgia,JACK,EDGE,DEF,3,Chase Linton,FR,False,True
Georgia,MAC,LB,DEF,1,Raylen Wilson,SR,False,False
Georgia,MAC,LB,DEF,2,Justin Williams,JR,False,False
Georgia,MAC,LB,DEF,3,AJ Kruah,FR,False,True
Georgia,MONEY,CB,DEF,1,Chris Cole,JR,False,False
Georgia,MONEY,CB,DEF,2,Zayden Walker,SO,False,False
Georgia,MONEY,CB,DEF,3,Terrell Foster,SR,False,True
Georgia,LCB,CB,DEF,1,Ellis Robinson IV,SO,False,True
Georgia,LCB,CB,DEF,2,Braylon Conley,SO,True,True
Georgia,LCB,CB,DEF,3,Jontae Gilbert,FR,False,True
Georgia,SS,SAF,DEF,1,Ja'Marley Riddle,JR,True,False
Georgia,SS,SAF,DEF,2,Rasean Dinkins,SO,False,False
Georgia,SS,SAF,DEF,3,Daniel Okonkwo,FR,False,True
Georgia,FS,SAF,DEF,1,KJ Bolden,JR,False,False
Georgia,FS,SAF,DEF,2,Zion Branch,SR,True,True
Georgia,FS,SAF,DEF,3,Todd Robinson,FR,False,True
Georgia,RCB,CB,DEF,1,Demello Jones,SO,False,True
Georgia,RCB,CB,DEF,2,Gentry Williams,SR,True,True
Georgia,RCB,CB,DEF,3,Caden Harris,FR,False,False
Georgia,NB,CB,DEF,1,Khalil Barnes,SR,True,False
Georgia,NB,CB,DEF,2,Kyron Jones,JR,False,True
Georgia,NB,CB,DEF,3,Tyriq Green,FR,False,False
Georgia Southern,WR-X,WR,OFF,1,Marcus Sanders Jr.,SR,False,False
Georgia Southern,WR-Z,WR,OFF,1,Camden Brown,SR,True,False
Georgia Southern,WR-Y,WR,OFF,1,Taylor Bradshaw,SO,False,True
Georgia Southern,WR-Y,WR,OFF,2,Antavious Murphy,FR,False,True
Georgia Southern,WR-H,WR,OFF,1,Dalen Cobb,SR,False,False
Georgia Southern,WR-H,WR,OFF,2,Peyton Plott,FR,False,False
Georgia Southern,LT,OL,OFF,2,Matthew Williams,SO,False,True
Georgia Southern,LG,OL,OFF,1,Pichon Wimbley,SR,False,False
Georgia Southern,LG,OL,OFF,2,Ty Furnish,SR,True,True
Georgia Southern,C,OL,OFF,2,Chance Carroll,SR,True,True
Georgia Southern,RG,OL,OFF,2,Ethan Williams,SO,False,True
Georgia Southern,RT,OL,OFF,2,Colin Alexander,FR,False,True
Georgia Southern,TE,TE,OFF,1,Ahmon Green,SR,True,True
Georgia Southern,TE,TE,OFF,2,JP Mikhael,SO,False,True
Georgia Southern,QB,QB,OFF,2,Turner Helton,JR,True,True
Georgia Southern,RB,RB,OFF,1,OJ Arnold,SR,False,False
Georgia Southern,RB,RB,OFF,2,David Mbadinga,JR,False,False
Georgia Southern,RB,RB,OFF,3,Terrance Gibbs,JR,False,True
Georgia Southern,LDE,EDGE,DEF,1,Jacob Ferguson,SR,True,True
Georgia Southern,LDE,EDGE,DEF,2,MJ Stroud,JR,False,True
Georgia Southern,LDE,EDGE,DEF,3,Eli Anders,FR,False,True
Georgia Southern,LDT,DT,DEF,2,Elijah Fears,FR,False,False
Georgia Southern,RDT,DT,DEF,1,Caleb Moore,SO,True,False
Georgia Southern,RDT,DT,DEF,2,Uche Iloh,FR,True,True
Georgia Southern,RDE,EDGE,DEF,2,Kebba Secka,SO,False,True
Georgia Southern,WLB,LB,DEF,1,Brendan Harrington,SR,True,True
Georgia Southern,WLB,LB,DEF,2,CJ Allen Jr.,FR,False,True
Georgia Southern,MLB,LB,DEF,1,Brandon Tyson,JR,True,True
Georgia Southern,MLB,LB,DEF,2,Holden Trice,SO,False,True
Georgia Southern,MLB,LB,DEF,3,Jacob Hammonds,JR,False,True
Georgia Southern,LCB,CB,DEF,1,Tracy Hill Jr.,JR,True,True
Georgia Southern,LCB,CB,DEF,2,AJ Brown Sr.,SO,True,True
Georgia Southern,SS,SAF,DEF,1,Justin Meyers,SR,False,True
Georgia Southern,SS,SAF,DEF,2,Devin Collier,FR,False,True
Georgia Southern,SS,SAF,DEF,3,Chris Crouch,SR,True,True
Georgia Southern,FS,SAF,DEF,2,Prince Green III,SR,True,True
Georgia Southern,RCB,CB,DEF,1,Jaquari Brown,FR,False,True
Georgia Southern,RCB,CB,DEF,2,Fabo Chaney,FR,False,False
Georgia Southern,NB,CB,DEF,1,Dorrian Smith,SR,True,True
Georgia Southern,NB,CB,DEF,2,Phillip Gladney,FR,False,True
Georgia State,WR-X,WR,OFF,1,Kyle Washington,SO,False,False
Georgia State,WR-X,WR,OFF,2,Jaylin Marshall,SR,True,True
Georgia State,WR-X,WR,OFF,3,Rodshaun Dorsey,JR,True,True
Georgia State,WR-Z,WR,OFF,1,Derrick Avery Jr.,SO,False,False
Georgia State,WR-Z,WR,OFF,2,Owen Dupree,JR,True,True
Georgia State,WR-Z,WR,OFF,3,Keron Milton,SO,False,True
Georgia State,WR-SL,WR,OFF,1,DJ Riles,SR,True,True
Georgia State,WR-SL,WR,OFF,2,Chase Allen-Jackman,SR,True,False
Georgia State,WR-SL,WR,OFF,3,Isaiah Stone,JR,True,True
Georgia State,LT,OL,OFF,1,Jordan Brown,SR,True,True
Georgia State,LG,OL,OFF,1,Donovan Funsch,JR,False,False
Georgia State,LG,OL,OFF,2,Gage Stanaland,JR,True,True
Georgia State,LG,OL,OFF,3,Aidan Andrews,FR,False,True
Georgia State,C,OL,OFF,1,Tyhler Williams,SR,True,True
Georgia State,C,OL,OFF,2,Marcus Mascoll,SO,True,True
Georgia State,RG,OL,OFF,1,Deandre Duffus,JR,True,True
Georgia State,RG,OL,OFF,2,Pherleski Martin,FR,False,True
Georgia State,RT,OL,OFF,1,Kelton Smith,JR,True,True
Georgia State,RT,OL,OFF,2,Deylin Hasert,SR,True,True
Georgia State,TE,TE,OFF,1,Grant Hollier,SO,False,False
Georgia State,TE,TE,OFF,2,Wesley Campbell VI,SR,True,True
Georgia State,TE,TE,OFF,3,Avion McBride,SR,False,True
Georgia State,QB,QB,OFF,1,Cameran Brown,SR,True,True
Georgia State,QB,QB,OFF,2,Ayden Pereira,SR,True,True
Georgia State,QB,QB,OFF,3,TJ Stanley,FR,False,True
Georgia State,RB,RB,OFF,1,Savion Hart,SO,True,True
Georgia State,RB,RB,OFF,2,Lanear McCrary Jr.,JR,True,True
Georgia State,RB,RB,OFF,3,Jaylen Poe,JR,True,True
Georgia State,DE,EDGE,DEF,1,Jabriel Rhodes-Nelson,SR,True,False
Georgia State,DE,EDGE,DEF,2,Kelze Howard,JR,True,True
Georgia State,DE,EDGE,DEF,3,Richard Kramer,JR,True,False
Georgia State,NT,DT,DEF,1,AJ Vaughns,SR,True,True
Georgia State,NT,DT,DEF,2,Alex Mullings,SO,False,False
Georgia State,NT,DT,DEF,3,Samuel Chukwurah,JR,True,False
Georgia State,DT,DT,DEF,1,Mandjou Berte,SR,True,False
Georgia State,DT,DT,DEF,2,Tyrese Cathey,SO,True,True
Georgia State,DT,DT,DEF,3,Jalen Jordan,SR,True,True
Georgia State,JACK,EDGE,DEF,1,Kelan Butler,SO,False,False
Georgia State,JACK,EDGE,DEF,2,Xavier Esquillien,SR,True,False
Georgia State,JACK,EDGE,DEF,3,Zion Lawson,FR,False,True
Georgia State,WLB,LB,DEF,1,Coby Owens,JR,True,False
Georgia State,WLB,LB,DEF,2,Eric Butler Jr.,JR,True,False
Georgia State,WLB,LB,DEF,3,Chandler Covington,SO,False,False
Georgia State,MLB,LB,DEF,1,Jaydon Hood,SR,True,True
Georgia State,MLB,LB,DEF,2,Ryan Green,SR,True,True
Georgia State,MLB,LB,DEF,3,Jaden Kelly,SR,True,True
Georgia State,LCB,CB,DEF,1,Deuce Walker,JR,False,False
Georgia State,LCB,CB,DEF,2,Toby Bolton,SR,True,False
Georgia State,LCB,CB,DEF,3,Braylon Alexander,SR,True,True
Georgia State,SS,SAF,DEF,1,Eric Lee,SR,True,False
Georgia State,SS,SAF,DEF,2,Keenan Nelson,SR,True,True
Georgia State,SS,SAF,DEF,3,Joseph Holt,FR,False,True
Georgia State,FS,SAF,DEF,1,Tre Mittman,JR,True,False
Georgia State,FS,SAF,DEF,2,Donovan Faria,SO,True,False
Georgia State,FS,SAF,DEF,3,Ty Snead,FR,False,True
Georgia State,RCB,CB,DEF,1,Darius Johnson Jr.,SR,True,True
Georgia State,RCB,CB,DEF,2,Tyson McCrary,SO,False,False
Georgia State,NB,CB,DEF,1,Derrick Maxey III,JR,True,True
Georgia State,NB,CB,DEF,2,Demonte Gaston,SR,True,True
Georgia Tech,WR-X,WR,OFF,1,Isaiah Fuhrmann,JR,True,False
Georgia Tech,WR-X,WR,OFF,2,Jaiven Plummer,SR,True,True
Georgia Tech,WR-X,WR,OFF,3,Cal Faulkner,FR,False,True
Georgia Tech,WR-Z,WR,OFF,1,Dalen Penson,SO,False,False
Georgia Tech,WR-Z,WR,OFF,2,Debron Gatling,SO,True,True
Georgia Tech,WR-Z,WR,OFF,3,Evan Haynes,FR,False,True
Georgia Tech,WR-SL,WR,OFF,1,Jordan Allen,SO,False,False
Georgia Tech,WR-SL,WR,OFF,2,Chris Elko,JR,False,True
Georgia Tech,WR-SL,WR,OFF,3,Rahkeem Smith,SR,True,True
Georgia Tech,LT,OL,OFF,1,Ethan Mackenny,JR,False,True
Georgia Tech,LT,OL,OFF,2,Josh Petty,SO,False,False
Georgia Tech,LT,OL,OFF,3,Jordan Floyd,SO,False,True
Georgia Tech,LG,OL,OFF,1,Kevin Peay Jr.,FR,False,True
Georgia Tech,LG,OL,OFF,2,Courtlin Heard,FR,False,False
Georgia Tech,LG,OL,OFF,3,Xavier Canales,FR,False,True
Georgia Tech,C,OL,OFF,1,Joseph Ionata,SO,True,True
Georgia Tech,C,OL,OFF,2,Will Reed,SR,True,True
Georgia Tech,RG,OL,OFF,1,Malachi Carney,SR,True,True
Georgia Tech,RG,OL,OFF,2,Courtney Heard,FR,False,False
Georgia Tech,RG,OL,OFF,3,Jimmy Bryson,FR,False,True
Georgia Tech,RT,OL,OFF,1,Jameson Riggs,SO,False,True
Georgia Tech,RT,OL,OFF,2,Markell Samuel,SR,True,True
Georgia Tech,RT,OL,OFF,3,Favour Edwin,SO,True,True
Georgia Tech,TE,TE,OFF,1,Gavin Harris,SR,True,False
Georgia Tech,TE,TE,OFF,2,Chris Corbo,SR,True,True
Georgia Tech,TE,TE,OFF,3,Spencer Mermans,JR,True,True
Georgia Tech,QB,QB,OFF,1,Alberto Mendoza,SO,True,True
Georgia Tech,QB,QB,OFF,2,Grady Adamson,FR,False,True
Georgia Tech,QB,QB,OFF,3,Graham Knowles,SO,False,True
Georgia Tech,RB,RB,OFF,1,Justice Haynes,SR,True,False
Georgia Tech,RB,RB,OFF,2,Malachi Hosley,SR,True,False
Georgia Tech,RB,RB,OFF,3,J.P. Powell,SO,False,False
Georgia Tech,LDE,EDGE,DEF,1,Jordan Walker,SR,True,True
Georgia Tech,LDE,EDGE,DEF,2,Jordan Boyd,JR,False,False
Georgia Tech,LDE,EDGE,DEF,3,Brayden Manley,SR,True,False
Georgia Tech,NT,DT,DEF,1,Tawfiq Thomas,SR,True,True
Georgia Tech,NT,DT,DEF,2,Christian Speakman,FR,False,False
Georgia Tech,NT,DT,DEF,3,Vincent Carroll-Jackson,JR,True,True
Georgia Tech,DT,DT,DEF,1,Christian Garrett,FR,False,True
Georgia Tech,DT,DT,DEF,2,Landen Marshall,FR,False,True
Georgia Tech,DT,DT,DEF,3,Tim Griffin,FR,True,True
Georgia Tech,RDE,EDGE,DEF,1,Noah Carter,SO,True,True
Georgia Tech,RDE,EDGE,DEF,2,A.J. Hoffler,SR,True,False
Georgia Tech,RDE,EDGE,DEF,3,Amontrae Bradford,JR,False,False
Georgia Tech,WLB,LB,DEF,1,E.J. Lightsey,SR,True,True
Georgia Tech,WLB,LB,DEF,2,Cayman Spaulding,SR,True,False
Georgia Tech,WLB,LB,DEF,3,Braylon Outlaw,FR,False,False
Georgia Tech,MLB,LB,DEF,1,Kyle Efford,SR,False,True
Georgia Tech,MLB,LB,DEF,2,Melvin Jordan IV,SR,True,True
Georgia Tech,MLB,LB,DEF,3,Myles Forristall,JR,False,True
Georgia Tech,LCB,CB,DEF,1,Jaylen Mbakwe,JR,True,False
Georgia Tech,LCB,CB,DEF,2,Zachary Tobe,SR,True,False
Georgia Tech,LCB,CB,DEF,3,Jon Mitchell,SO,True,True
Georgia Tech,SS,SAF,DEF,1,Fenix Felton,FR,False,True
Georgia Tech,SS,SAF,DEF,2,Savion Riley,SR,True,True
Georgia Tech,SS,SAF,DEF,3,Jayden Barr,FR,False,True
Georgia Tech,FS,SAF,DEF,1,Tae Harris,SO,False,False
Georgia Tech,FS,SAF,DEF,2,Kealan Jones,FR,False,False
Georgia Tech,RCB,CB,DEF,1,Daiquan White,SR,True,False
Georgia Tech,RCB,CB,DEF,2,Jonas Duclona,JR,True,True
Georgia Tech,RCB,CB,DEF,3,Elgin Sessions,SO,False,False
Georgia Tech,NB,CB,DEF,1,Kelvin Hill,JR,True,False
Georgia Tech,NB,CB,DEF,2,Will Kiker,JR,False,True
Hawai'i,WR-X,WR,OFF,1,Karsyn Pupunu,SR,True,True
Hawai'i,WR-X,WR,OFF,2,Nick Delgadillo,SO,False,True
Hawai'i,WR-Z,WR,OFF,2,Max Ware,JR,True,True
Hawai'i,WR-Y,WR,OFF,1,Pofele Ashlock,JR,False,True
Hawai'i,WR-Y,WR,OFF,2,Blaze Kamoku,JR,True,False
Hawai'i,WR-H,WR,OFF,1,Nick Cenacle,SR,False,False
Hawai'i,WR-H,WR,OFF,2,Tama Uiliata,FR,False,True
Hawai'i,LT,OL,OFF,1,Dean Briski,JR,False,True
Hawai'i,LT,OL,OFF,2,Boogie Henderson,FR,False,True
Hawai'i,LG,OL,OFF,1,Zhen Sotelo,SR,False,True
Hawai'i,LG,OL,OFF,2,Lautaimi Manuma,FR,False,True
Hawai'i,C,OL,OFF,1,Ethan Spencer,JR,False,True
Hawai'i,C,OL,OFF,2,Tu'i Muti,FR,False,True
Hawai'i,RG,OL,OFF,1,Kuao Peihopa,SR,True,True
Hawai'i,RG,OL,OFF,2,Judah Kaio,JR,True,True
Hawai'i,RT,OL,OFF,1,James Milovale,SR,True,False
Hawai'i,RT,OL,OFF,2,KT Carter,SO,False,True
Hawai'i,TE,TE,OFF,1,Devon Tauaefa,JR,False,True
Hawai'i,TE,TE,OFF,2,Oakie Salave'a,JR,True,True
Hawai'i,QB,QB,OFF,1,Micah Alejado,FR,False,True
Hawai'i,RB,RB,OFF,1,Cam Barfield,JR,True,True
Hawai'i,RB,RB,OFF,2,Landon Sims,SR,False,True
Hawai'i,LDE,EDGE,DEF,1,Lesterlaisene Lagafuaina,SO,False,True
Hawai'i,LDE,EDGE,DEF,2,Ka'eo Akana,JR,True,True
Hawai'i,NT,DT,DEF,1,Carsen Stocklinski,SR,True,True
Hawai'i,NT,DT,DEF,2,Qwyn Williams,GR,True,False
Hawai'i,NT,DT,DEF,3,Jamar Sekona,SR,True,True
Hawai'i,DT,DT,DEF,1,De'Jon Benton,GR,True,False
Hawai'i,DT,DT,DEF,2,Luther McCoy,GR,True,False
Hawai'i,RDE,EDGE,DEF,1,Tariq Jones,SR,False,True
Hawai'i,RDE,EDGE,DEF,2,Jackie Johnson III,SR,True,True
Hawai'i,WLB,LB,DEF,1,Giovanni Iovino,GR,True,False
Hawai'i,WLB,LB,DEF,2,Matteus Ioane,FR,False,False
Hawai'i,MLB,LB,DEF,1,Jalen Smith,SR,True,True
Hawai'i,MLB,LB,DEF,2,Wynden Ho'ohuli,SR,True,True
Hawai'i,LCB,CB,DEF,1,Jaheim Wilson-Jones,SR,True,False
Hawai'i,LCB,CB,DEF,2,Elijah Gipson,JR,True,False
Hawai'i,SS,SAF,DEF,1,Peter Manuma,SR,False,False
Hawai'i,SS,SAF,DEF,2,Justin Sinclair,SR,True,False
Hawai'i,FS,SAF,DEF,1,Kilinahe Mendiola-Jensen,SR,True,True
Hawai'i,FS,SAF,DEF,2,Matagi Thompson,JR,False,True
Hawai'i,RCB,CB,DEF,1,Virdel Edwards II,SR,True,True
Hawai'i,RCB,CB,DEF,2,Devyn King,SR,True,True
Hawai'i,NB,CB,DEF,1,Elijah Palmer,JR,False,False
Hawai'i,NB,CB,DEF,2,Justin Sinclair,SR,True,False
Houston,WR-X,WR,OFF,1,Koby Young,SO,False,True
Houston,WR-X,WR,OFF,2,Harvey Broussard III,SR,True,False
Houston,WR-X,WR,OFF,3,Tyson Turner,SO,True,True
Houston,WR-Z,WR,OFF,1,Trent Walker,SR,True,True
Houston,WR-Z,WR,OFF,2,Muizz Tounkara,SO,True,False
Houston,WR-SL,WR,OFF,1,Amare Thomas,SR,True,False
Houston,WR-SL,WR,OFF,2,Jaquise Martin,SO,False,False
Houston,LT,OL,OFF,1,Alvin Ebosele,SR,True,True
Houston,LT,OL,OFF,2,Ronnell McLain,SO,False,True
Houston,LG,OL,OFF,1,Shadre Hurst,SR,True,True
Houston,LG,OL,OFF,2,Larry Crawford,JR,True,True
Houston,C,OL,OFF,1,Anthony Boswell,SO,True,True
Houston,RG,OL,OFF,1,McKenzie Agnello,SR,True,True
Houston,RG,OL,OFF,2,Hingano Hautau,GR,True,False
Houston,RT,OL,OFF,1,Drew Terrill,SR,True,True
Houston,RT,OL,OFF,2,Hayden Wright,FR,True,True
Houston,TE,TE,OFF,1,Patrick Overmyer,JR,True,True
Houston,TE,TE,OFF,2,Traville Frederick Jr.,JR,False,False
Houston,TE,TE,OFF,3,Kaleb Thomas,SO,False,True
Houston,QB,QB,OFF,1,Conner Weigman,SR,True,True
Houston,QB,QB,OFF,2,Keisean Henderson,FR,False,False
Houston,QB,QB,OFF,3,Luke Carney,FR,True,True
Houston,RB,RB,OFF,1,Makhi Hughes,SR,True,True
Houston,RB,RB,OFF,2,Re'Shaun Sanford II,JR,False,True
Houston,RB,RB,OFF,3,DJ Butler,JR,False,False
Houston,DE,EDGE,DEF,1,Ashton Porter,JR,True,True
Houston,DE,EDGE,DEF,2,Travis Buhake,FR,False,True
Houston,DE,EDGE,DEF,3,Darius Washington,SO,False,True
Houston,NT,DT,DEF,1,Ejiro Egodogbare,SR,True,True
Houston,NT,DT,DEF,2,De'Marion Thomas,JR,True,True
Houston,NT,DT,DEF,3,Myles Parker,JR,True,False
Houston,DT,DT,DEF,1,Khalil Laufau,SR,True,False
Houston,DT,DT,DEF,2,Quindario Lee,SR,True,True
Houston,JACK,EDGE,DEF,1,Brandon Mack II,SR,True,True
Houston,JACK,EDGE,DEF,2,Latreveon McCutchin,SR,False,False
Houston,JACK,EDGE,DEF,3,Chance Bryant,SO,False,False
Houston,WLB,LB,DEF,1,Jaden Yates,SR,True,False
Houston,WLB,LB,DEF,2,Miller Malone,JR,True,False
Houston,WLB,LB,DEF,3,Christian Brathwaite,JR,True,True
Houston,MLB,LB,DEF,1,Sione Fotu,SR,True,False
Houston,MLB,LB,DEF,2,Carmycah Glass,SR,True,True
Houston,MLB,LB,DEF,3,Richmond Ugochukwu,FR,False,True
Houston,LCB,CB,DEF,1,Will James,JR,True,True
Houston,LCB,CB,DEF,2,JD Rhym,SR,True,True
Houston,SS,SAF,DEF,1,Kentrell Webb,SR,True,True
Houston,SS,SAF,DEF,2,C.J. Douglas,SR,True,False
Houston,FS,SAF,DEF,1,Jordan Allen,SR,True,True
Houston,FS,SAF,DEF,2,Johnsley Barbas,JR,False,True
Houston,RCB,CB,DEF,1,Jalen Mayo,SR,True,True
Houston,RCB,CB,DEF,2,Keany Parks,SR,True,False
Houston,NB,CB,DEF,1,Javion White,JR,True,False
Houston,NB,CB,DEF,2,Paris Melvin Jr.,FR,False,False
Houston,NB,CB,DEF,3,Alvin Williamson Jr.,SO,True,True
Illinois,WR-X,WR,OFF,1,Collin Dixon,JR,False,True
Illinois,WR-X,WR,OFF,2,Alex Perry,SR,True,True
Illinois,WR-X,WR,OFF,3,Kenyon Alston,FR,False,False
Illinois,WR-Z,WR,OFF,1,Jayshon Platt,SR,True,True
Illinois,WR-Z,WR,OFF,2,Ty Robinson,SR,True,True
Illinois,WR-Z,WR,OFF,3,Nas Rankin,FR,False,False
Illinois,WR-SL,WR,OFF,1,Hudson Clement,SR,True,True
Illinois,WR-SL,WR,OFF,2,Brayden Trimble,FR,False,True
Illinois,WR-SL,WR,OFF,3,Eddie Kasper,SR,True,True
Illinois,LT,OL,OFF,1,Christian Martin,JR,True,True
Illinois,LT,OL,OFF,2,Champ Smith,FR,False,False
Illinois,LT,OL,OFF,3,Alfred Washington,JR,True,True
Illinois,LG,OL,OFF,1,Maika Matelau,SO,True,False
Illinois,LG,OL,OFF,2,Brandon Hansen,JR,False,False
Illinois,LG,OL,OFF,3,Dylan Frechette,FR,False,True
Illinois,C,OL,OFF,1,Jake Renfro,SR,True,True
Illinois,C,OL,OFF,2,TJ McMillen,JR,False,True
Illinois,C,OL,OFF,3,Michael McDonough,FR,False,True
Illinois,RG,OL,OFF,1,Brandon Henderson,SR,False,False
Illinois,RG,OL,OFF,2,Eddie Tuerk,SO,False,True
Illinois,RG,OL,OFF,3,Griffin Rousseau,FR,False,True
Illinois,RT,OL,OFF,1,Nathan Knapik,SO,True,True
Illinois,RT,OL,OFF,2,TJ Taylor,JR,True,False
Illinois,RT,OL,OFF,3,Zafir Stewart,SO,False,True
Illinois,TE,TE,OFF,1,Christian Abney,SR,True,False
Illinois,TE,TE,OFF,2,Kaden Feagin,SR,False,False
Illinois,TE,TE,OFF,3,Davin Stoffel,JR,True,True
Illinois,QB,QB,OFF,1,Katin Houser,SR,True,True
Illinois,QB,QB,OFF,2,Carson Boyd,FR,False,True
Illinois,QB,QB,OFF,3,Michael Clayton II,FR,False,False
Illinois,RB,RB,OFF,1,Ca'Lil Valentine,JR,False,False
Illinois,RB,RB,OFF,2,Aidan Laughery,SR,False,True
Illinois,RB,RB,OFF,3,Jordan Anderson,SR,False,True
Illinois,DE,EDGE,DEF,1,Joe Barna,JR,False,False
Illinois,DE,EDGE,DEF,2,Isaiah Thomison,JR,True,True
Illinois,DE,EDGE,DEF,3,Parker Crim,FR,False,False
Illinois,NT,DT,DEF,1,Darrell Prater,SR,True,True
Illinois,NT,DT,DEF,2,Demetrius John,SO,False,True
Illinois,NT,DT,DEF,3,Isaiah White,FR,False,True
Illinois,DT,DT,DEF,1,Carter Janki,SR,True,True
Illinois,DT,DT,DEF,2,Pat Farrell,JR,False,True
Illinois,DT,DT,DEF,3,Connor Sullivan,FR,True,True
Illinois,JACK,EDGE,DEF,1,Daniel Brown,SR,True,True
Illinois,JACK,EDGE,DEF,2,Mason Muragin,JR,False,True
Illinois,JACK,EDGE,DEF,3,Will Holmes,JR,True,False
Illinois,WLB,LB,DEF,1,Grant Beerman,SO,False,False
Illinois,WLB,LB,DEF,2,Ismael Kante,SR,True,True
Illinois,WLB,LB,DEF,3,Cameron Thomas,FR,False,False
Illinois,MLB,LB,DEF,1,James Kreutz,SR,False,True
Illinois,MLB,LB,DEF,2,Robert Edmonson,JR,True,True
Illinois,MLB,LB,DEF,3,Jack Paris,FR,False,True
Illinois,LCB,CB,DEF,1,Jakwon Morris,JR,True,False
Illinois,LCB,CB,DEF,2,Nick Hankins Jr.,FR,False,False
Illinois,LCB,CB,DEF,3,RJ Jones III,FR,False,True
Illinois,SS,SAF,DEF,1,Matthew Bailey,SR,False,True
Illinois,SS,SAF,DEF,2,Xanai Scott,FR,False,True
Illinois,SS,SAF,DEF,3,Jacob Eberhart,FR,False,False
Illinois,FS,SAF,DEF,1,Mac Resetich,SR,False,False
Illinois,FS,SAF,DEF,2,Lavon Williams,SR,True,True
Illinois,RCB,CB,DEF,1,Juice Clarke,SR,False,False
Illinois,RCB,CB,DEF,2,Tanner Heckel,JR,False,False
Illinois,RCB,CB,DEF,3,Almirian Thomas,FR,False,False
Illinois,NB,CB,DEF,1,Xavier Scott,SR,False,True
Illinois,NB,CB,DEF,2,Deuce Fillmore,SR,True,True
Illinois,NB,CB,DEF,3,Andre Lovett Jr.,FR,False,True
Indiana,WR-X,WR,OFF,1,Nick Marsh,JR,True,False
Indiana,WR-X,WR,OFF,2,Shazz Preston,SR,True,True
Indiana,WR-X,WR,OFF,3,Myles Kendrick,FR,False,True
Indiana,WR-Z,WR,OFF,1,Charlie Becker,JR,False,False
Indiana,WR-Z,WR,OFF,2,Davion Chandler,SO,False,False
Indiana,WR-SL,WR,OFF,1,Tyler Morris,SR,True,True
Indiana,WR-SL,WR,OFF,2,Lebron Bond,SO,False,False
Indiana,LT,OL,OFF,1,Carter Smith,SR,False,True
Indiana,LT,OL,OFF,2,Baylor Wilkin,FR,False,True
Indiana,LG,OL,OFF,1,Drew Evans,SR,True,True
Indiana,LG,OL,OFF,2,Evan Parker,FR,False,True
Indiana,C,OL,OFF,1,Bray Lynch,SR,False,True
Indiana,C,OL,OFF,2,Matt Marek,FR,False,True
Indiana,RG,OL,OFF,1,Joe Brunner,SR,True,True
Indiana,RG,OL,OFF,2,Sam Simpson,FR,False,False
Indiana,RT,OL,OFF,1,Adedamola Ajani,SO,False,True
Indiana,RT,OL,OFF,2,Austin Leibfried,SO,False,True
Indiana,TE,TE,OFF,1,Brock Schott,FR,True,True
Indiana,TE,TE,OFF,2,Andrew Barker,FR,False,True
Indiana,TE,TE,OFF,3,Blake Thiry,FR,False,True
Indiana,QB,QB,OFF,1,Josh Hoover,SR,True,True
Indiana,QB,QB,OFF,2,Grant Wilson,SR,True,True
Indiana,QB,QB,OFF,3,Tyler Cherry,FR,False,True
Indiana,RB,RB,OFF,1,Turbo Richard,JR,True,False
Indiana,RB,RB,OFF,2,Khobie Martin,SO,False,True
Indiana,RB,RB,OFF,3,Lee Beebe Jr.,SR,True,True
Indiana,DE,EDGE,DEF,1,Chiddi Obiazor,JR,True,True
Indiana,DE,EDGE,DEF,2,Josh Burnham,SR,True,True
Indiana,DE,EDGE,DEF,3,Tyrone Burrus Jr.,FR,False,True
Indiana,NT,DT,DEF,1,Tyrique Tucker,SR,True,True
Indiana,NT,DT,DEF,2,Jhrevious Hall,FR,False,True
Indiana,DT,DT,DEF,1,Mario Landino,JR,False,False
Indiana,DT,DT,DEF,2,Joe Hjelle,SR,True,True
Indiana,DT,DT,DEF,3,Kyler Garcia,FR,False,True
Indiana,STUD,EDGE,DEF,1,Tobi Osunsanmi,SR,True,True
Indiana,STUD,EDGE,DEF,2,Daniel Ndukwe,JR,False,False
Indiana,STUD,EDGE,DEF,3,Triston Abram,FR,False,True
Indiana,WLB,LB,DEF,1,Rolijah Hardy,JR,False,False
Indiana,WLB,LB,DEF,2,Jeff Utzinger,SR,False,True
Indiana,WLB,LB,DEF,3,Jacob Savage,FR,False,False
Indiana,MLB,LB,DEF,1,Isaiah Jones,SR,False,True
Indiana,MLB,LB,DEF,2,Kaiden Turner,SR,False,True
Indiana,MLB,LB,DEF,3,PJ Nelson,FR,False,True
Indiana,LCB,CB,DEF,1,Jamari Sharpe,SR,False,True
Indiana,LCB,CB,DEF,2,Ryland Gandy,SR,True,True
Indiana,LCB,CB,DEF,3,Carson Williams,SO,True,True
Indiana,SS,SAF,DEF,1,Preston Zachman,GR,True,False
Indiana,SS,SAF,DEF,2,Seaonta Stewart Jr.,FR,False,True
Indiana,SS,SAF,DEF,3,Anthony Chung,JR,False,True
Indiana,FS,SAF,DEF,1,Amare Ferrell,SR,False,False
Indiana,FS,SAF,DEF,2,Garrett Reese,FR,False,True
Indiana,FS,SAF,DEF,3,Jamar Owens,FR,False,False
Indiana,RCB,CB,DEF,1,AJ Harris,SR,True,False
Indiana,RCB,CB,DEF,2,Jaylen Bell,SO,False,False
Indiana,NB,CB,DEF,1,Byron Baldwin Jr.,SO,False,False
Indiana,NB,CB,DEF,2,Quan Sanks,JR,True,False
Iowa,WR-X,WR,OFF,1,Reece Vander Zee,JR,False,False
Iowa,WR-X,WR,OFF,2,Dayton Howard,JR,False,True
Iowa,WR-Z,WR,OFF,1,Tony Diaz,SO,True,True
Iowa,WR-Z,WR,OFF,2,Jarriett Buie,JR,False,True
Iowa,WR-SL,WR,OFF,1,Evan James,SO,True,False
Iowa,WR-SL,WR,OFF,2,KJ Parker,SO,False,True
Iowa,LT,OL,OFF,1,Trevor Lauck,JR,False,True
Iowa,LT,OL,OFF,2,Will Nolan,SO,False,True
Iowa,LG,OL,OFF,1,Leighton Jones,JR,False,True
Iowa,LG,OL,OFF,2,Cael Winter,JR,False,True
Iowa,C,OL,OFF,1,Kade Pieper,JR,False,True
Iowa,C,OL,OFF,2,Michael Myslinski,GR,False,False
Iowa,RG,OL,OFF,1,Trent Wilson,SO,True,False
Iowa,RG,OL,OFF,2,Lucas Allgeyer,FR,False,True
Iowa,RT,OL,OFF,1,Jack Dotzler,SR,False,True
Iowa,RT,OL,OFF,2,Cannon Leonard,JR,False,True
Iowa,TE,TE,OFF,1,DJ Vonnahme,SO,False,True
Iowa,TE,TE,OFF,2,Addison Ostrenga,SR,False,True
Iowa,TE,TE,OFF,3,Zach Ortwerth,SR,False,False
Iowa,QB,QB,OFF,1,Jeremy Hecklinski,SO,True,True
Iowa,QB,QB,OFF,2,Hank Brown,JR,True,True
Iowa,QB,QB,OFF,3,Jimmy Sullivan,FR,False,True
Iowa,RB,RB,OFF,1,Kamari Moulton,JR,False,True
Iowa,RB,RB,OFF,2,Lendon Phillips Jr.,JR,True,True
Iowa,RB,RB,OFF,3,Xavier Williams,SO,False,True
Iowa,LDE,EDGE,DEF,1,Kenneth Merrieweather,JR,False,True
Iowa,LDE,EDGE,DEF,2,Joseph Anderson,SO,False,True
Iowa,LDE,EDGE,DEF,3,Lance Ingold,SO,True,True
Iowa,LDT,DT,DEF,1,Brice Stevenson,JR,True,True
Iowa,LDT,DT,DEF,2,Will Hubert,SR,False,True
Iowa,LDT,DT,DEF,3,Luke Gaffney,SR,False,True
Iowa,RDT,DT,DEF,1,Bryce Hawthorne,JR,True,True
Iowa,RDT,DT,DEF,2,Emmanuel Olagbaju,JR,True,True
Iowa,RDT,DT,DEF,3,Devan Kennedy,SO,False,True
Iowa,RDE,EDGE,DEF,1,Iose Epenesa,FR,False,True
Iowa,RDE,EDGE,DEF,2,Kahmari Brown,JR,True,False
Iowa,WLB,LB,DEF,1,Landyn Van Kekerix,SR,True,True
Iowa,WLB,LB,DEF,2,Derek Weisskopf,SO,False,True
Iowa,MLB,LB,DEF,1,Jayden Montgomery,SR,False,True
Iowa,MLB,LB,DEF,2,Cam Buffington,SO,False,True
Iowa,CASH,CB,DEF,1,Zach Lutmer,JR,False,True
Iowa,CASH,CB,DEF,2,Preston Ries,SO,False,True
Iowa,LCB,CB,DEF,1,Jaylen Watson,JR,False,False
Iowa,LCB,CB,DEF,2,Rashad Godfrey Jr.,SO,False,True
Iowa,SS,SAF,DEF,1,Anthony Hawkins,SO,True,True
Iowa,SS,SAF,DEF,2,Ty Hudkins,SO,True,True
Iowa,FS,SAF,DEF,1,Tyler Brown,JR,True,False
Iowa,FS,SAF,DEF,2,Xavier Styles,SO,True,True
Iowa,FS,SAF,DEF,3,Cody Haddad,FR,True,True
Iowa,RCB,CB,DEF,1,Deshaun Lee,SR,False,True
Iowa,RCB,CB,DEF,2,Jacob Wallace,FR,False,True
Iowa,RCB,CB,DEF,3,Alex Mota,JR,False,True
Iowa State,WR-X,WR,OFF,1,Evan Boyd,JR,True,True
Iowa State,WR-X,WR,OFF,2,Carter Pabst,SO,True,False
Iowa State,WR-X,WR,OFF,3,Trevor Fortenberry,JR,True,True
Iowa State,WR-Z,WR,OFF,1,Cody Jackson,SR,True,True
Iowa State,WR-Z,WR,OFF,2,Jordyn Bailey,JR,True,True
Iowa State,WR-Z,WR,OFF,3,Malcolm Watkins,FR,False,False
Iowa State,WR-H,WR,OFF,1,Dominic Overby,SO,False,True
Iowa State,WR-H,WR,OFF,2,Omari Hayes,SR,True,True
Iowa State,LT,OL,OFF,1,Jake Taylor,SR,True,True
Iowa State,LT,OL,OFF,2,Austin Barrett,JR,True,True
Iowa State,LT,OL,OFF,3,Gabriel Greenlee,SR,False,True
Iowa State,LG,OL,OFF,1,Caden Maas,SR,True,True
Iowa State,LG,OL,OFF,2,DeAndre Carter,SO,True,True
Iowa State,C,OL,OFF,1,Braden Smith,SO,True,True
Iowa State,C,OL,OFF,2,Gavin Broscious,JR,True,True
Iowa State,RG,OL,OFF,1,Colin Amick,SO,True,True
Iowa State,RG,OL,OFF,2,Cade Myer,SR,True,True
Iowa State,RG,OL,OFF,3,Trevor Bindel,FR,True,True
Iowa State,RT,OL,OFF,1,Garret Rutledge,SO,False,True
Iowa State,RT,OL,OFF,2,Maasai King,JR,True,True
Iowa State,RT,OL,OFF,3,Gavin Proudfoot,SR,True,True
Iowa State,TE,TE,OFF,1,Tyler Fortenberry,SR,True,True
Iowa State,TE,TE,OFF,2,Christian Greenlaw,JR,True,True
Iowa State,TE,TE,OFF,3,Keaton Roskop,SO,False,True
Iowa State,QB,QB,OFF,1,Jaylen Raynor,SR,True,False
Iowa State,QB,QB,OFF,2,Zane Flores,SO,True,True
Iowa State,QB,QB,OFF,3,Connor Moberly,SO,False,True
Iowa State,RB,RB,OFF,1,Cameron Pettaway,SO,True,True
Iowa State,RB,RB,OFF,2,Aiden Flora,SO,False,True
Iowa State,RB,RB,OFF,3,Arnold Barnes III,SR,True,False
Iowa State,LDE,EDGE,DEF,1,Isaac Terrell,SR,True,False
Iowa State,LDE,EDGE,DEF,2,Malaki Ta'ase,JR,True,False
Iowa State,LDE,EDGE,DEF,3,Jace Gilbert,SO,False,True
Iowa State,NT,DT,DEF,1,Zaimir Hawk,JR,False,True
Iowa State,NT,DT,DEF,2,Jareb Ramos,SR,True,True
Iowa State,NT,DT,DEF,3,Ka'Mori Moore,FR,False,True
Iowa State,DT,DT,DEF,1,Bryson Lamb,SR,True,True
Iowa State,DT,DT,DEF,2,Max Baloun,SR,True,True
Iowa State,DT,DT,DEF,3,Donovan Fitzmaurice,SO,True,False
Iowa State,RDE,EDGE,DEF,1,Caden Crawford,SR,True,True
Iowa State,RDE,EDGE,DEF,2,Jack Janikowski,JR,True,True
Iowa State,RDE,EDGE,DEF,3,Blake Hawkins,SO,True,True
Iowa State,WLB,LB,DEF,1,Montreze Smith Jr.,SO,True,True
Iowa State,WLB,LB,DEF,2,Willie Breland III,JR,True,False
Iowa State,MLB,LB,DEF,1,Sullivan Schlimgen,SO,True,False
Iowa State,MLB,LB,DEF,2,Tristan Exline,SR,True,False
Iowa State,MLB,LB,DEF,3,Rylan Barnes,JR,False,True
Iowa State,SLB,LB,DEF,1,Carson Willich,SR,False,True
Iowa State,SLB,LB,DEF,2,Beau Goodwin,JR,False,False
Iowa State,LCB,CB,DEF,1,Jaheim Singletary,SR,True,True
Iowa State,LCB,CB,DEF,2,Beni Ngoyi,JR,False,True
Iowa State,LCB,CB,DEF,3,Trillion Sorrell,FR,True,True
Iowa State,SS,SAF,DEF,1,Drew Surges,JR,False,True
Iowa State,SS,SAF,DEF,2,Damarius Russell,FR,True,True
Iowa State,FS,SAF,DEF,1,Micah Harper,SR,True,True
Iowa State,FS,SAF,DEF,2,Duhron Goodman,SR,True,True
Iowa State,RCB,CB,DEF,1,Keyon Washington,JR,True,True
Iowa State,RCB,CB,DEF,2,Seth Johnson,SO,True,True
Iowa State,NB,CB,DEF,1,David Coffey,SO,False,True
Iowa State,NB,CB,DEF,2,Malcolm Jones,SR,True,True
Jacksonville State,WR-X,WR,OFF,1,Deondre Johnson,JR,True,True
Jacksonville State,WR-X,WR,OFF,2,Franklin Baret Jr.,SO,True,True
Jacksonville State,WR-X,WR,OFF,3,Colton Pitchford,JR,False,True
Jacksonville State,WR-Z,WR,OFF,1,Ronnel Johnson,SR,True,False
Jacksonville State,WR-Z,WR,OFF,2,Gabe Glover,SO,False,False
Jacksonville State,WR-Z,WR,OFF,3,Jamill Williams,SR,True,True
Jacksonville State,WR-SL,WR,OFF,1,Dylan Gentry,SO,True,True
Jacksonville State,WR-SL,WR,OFF,2,Darius Cannon,JR,True,True
Jacksonville State,WR-SL,WR,OFF,3,Camdon Pitchford,FR,True,True
Jacksonville State,LT,OL,OFF,1,Lance Johnson,SO,False,False
Jacksonville State,LT,OL,OFF,2,Cam Stancil,JR,True,True
Jacksonville State,LT,OL,OFF,3,Nate Smith,JR,False,True
Jacksonville State,LG,OL,OFF,1,Britin Witt,JR,True,False
Jacksonville State,LG,OL,OFF,2,Hadine Diaby,JR,True,True
Jacksonville State,C,OL,OFF,1,Lucas Mrachkovskiy,SO,False,True
Jacksonville State,C,OL,OFF,2,Bo Burkes,SR,True,True
Jacksonville State,C,OL,OFF,3,Ryland Bragg,SO,False,True
Jacksonville State,RG,OL,OFF,1,Ryan Walker,JR,True,True
Jacksonville State,RG,OL,OFF,2,Caleb Holmes,FR,True,True
Jacksonville State,RG,OL,OFF,3,Markevian Blake,FR,False,True
Jacksonville State,RT,OL,OFF,1,Jeremiah Orr,SR,True,True
Jacksonville State,RT,OL,OFF,2,Amarii Atchison,JR,True,True
Jacksonville State,RT,OL,OFF,3,J.R. Jernigan,SO,False,False
Jacksonville State,TE,TE,OFF,1,David Alpers III,SR,True,True
Jacksonville State,TE,TE,OFF,2,Kam Bell,JR,True,True
Jacksonville State,TE,TE,OFF,3,Luke Gilbert,SO,False,False
Jacksonville State,QB,QB,OFF,1,Caden Creel,JR,False,True
Jacksonville State,QB,QB,OFF,2,Jack Moran,FR,False,True
Jacksonville State,QB,QB,OFF,3,Kadyn Mitchell,FR,False,True
Jacksonville State,RB,RB,OFF,1,Khristian Lando,SO,False,True
Jacksonville State,RB,RB,OFF,2,Andrew Paul,SR,True,True
Jacksonville State,RB,RB,OFF,3,Justus Savage,SO,False,True
Jacksonville State,DE,EDGE,DEF,1,Jawaun Campbell,JR,False,False
Jacksonville State,DE,EDGE,DEF,2,Angel Toombs,JR,True,True
Jacksonville State,DE,EDGE,DEF,3,Tae Floyd,JR,False,True
Jacksonville State,NT,DT,DEF,1,Quay Hood,SO,False,False
Jacksonville State,NT,DT,DEF,2,Nii Addy,SO,True,True
Jacksonville State,NT,DT,DEF,3,Christopher Johnson,FR,False,True
Jacksonville State,DT,DT,DEF,1,Khurtiss Perry,SR,True,True
Jacksonville State,DT,DT,DEF,2,Andrew Rumph,JR,True,True
Jacksonville State,DT,DT,DEF,3,Marquis Hood,SR,True,False
Jacksonville State,EDGE,EDGE,DEF,1,Jacob Cruz,SR,True,False
Jacksonville State,EDGE,EDGE,DEF,2,Ian Mitchell,SO,False,False
Jacksonville State,EDGE,EDGE,DEF,3,Tristan Lyles,FR,False,False
Jacksonville State,WLB,LB,DEF,1,Walker O'Steen,SR,False,True
Jacksonville State,WLB,LB,DEF,2,Morven Joseph,SR,True,True
Jacksonville State,WLB,LB,DEF,3,Mikey Rosa,JR,True,True
Jacksonville State,MLB,LB,DEF,1,Mac Sanders,SO,False,False
Jacksonville State,MLB,LB,DEF,2,Myles Butler,SR,True,False
Jacksonville State,MLB,LB,DEF,3,Aidan Thompson,JR,False,True
Jacksonville State,LCB,CB,DEF,1,Jaheim Jenkins,SR,True,True
Jacksonville State,LCB,CB,DEF,2,Jonavan Carr,JR,True,True
Jacksonville State,LCB,CB,DEF,3,Keiyon Turner,SR,True,True
Jacksonville State,SS,SAF,DEF,1,Marc Woods,SO,False,True
Jacksonville State,SS,SAF,DEF,2,Vernon Woodward III,SO,True,True
Jacksonville State,FS,SAF,DEF,1,Caleb Nix,SR,True,True
Jacksonville State,FS,SAF,DEF,2,Kaden Cook,FR,True,True
Jacksonville State,RCB,CB,DEF,1,Tre'Quon Fegans,SR,True,True
Jacksonville State,RCB,CB,DEF,2,RJ Rainer,SO,False,False
Jacksonville State,NB,CB,DEF,1,Rob Billings IV,JR,True,True
James Madison,WR-X,WR,OFF,1,Jeremiah Harrison,SO,True,False
James Madison,WR-X,WR,OFF,2,Kylan Billiot,SO,True,True
James Madison,WR-X,WR,OFF,3,Davi Belfort,SO,True,True
James Madison,WR-Z,WR,OFF,1,Corey Scott,JR,True,True
James Madison,WR-Z,WR,OFF,2,Za'Ron Collins,JR,True,True
James Madison,WR-Z,WR,OFF,3,Dylan Williams,SO,False,True
James Madison,WR-SL,WR,OFF,1,Braeden Wisloski,SR,True,False
James Madison,WR-SL,WR,OFF,2,Michael Scott,SO,False,False
James Madison,WR-SL,WR,OFF,3,Noah Grevious,SO,True,True
James Madison,LT,OL,OFF,1,Frankie Tinilau,JR,True,True
James Madison,LT,OL,OFF,2,Griffin Hart,JR,False,True
James Madison,LG,OL,OFF,1,Tyler Brown,SR,True,True
James Madison,LG,OL,OFF,2,Noel Portnjagin,SO,True,True
James Madison,C,OL,OFF,1,Zach Greenberg,GR,True,False
James Madison,C,OL,OFF,2,Evan Bushong,SO,False,True
James Madison,RG,OL,OFF,1,DJ Fox,SR,True,True
James Madison,RG,OL,OFF,2,JaKobe Campbell,SO,False,True
James Madison,RT,OL,OFF,1,Daniel Michel,JR,True,True
James Madison,RT,OL,OFF,2,Deacon Rawls,SO,False,True
James Madison,TE,TE,OFF,1,Cole Keller,SR,True,True
James Madison,TE,TE,OFF,2,KD Mosley,JR,True,False
James Madison,TE,TE,OFF,3,Thatcher Miller,SR,True,True
James Madison,QB,QB,OFF,1,Camden Coleman,JR,True,True
James Madison,QB,QB,OFF,2,JC Evans,SO,False,True
James Madison,QB,QB,OFF,3,Arrington Maiden,SO,True,True
James Madison,RB,RB,OFF,1,George Pettaway,SR,True,True
James Madison,RB,RB,OFF,2,Nick Herman,SO,True,False
James Madison,RB,RB,OFF,3,Seth Cromwell,SR,True,True
James Madison,LDE,EDGE,DEF,1,Kei'Trone Simpson,SR,True,False
James Madison,LDE,EDGE,DEF,2,Danny Royster,SR,True,True
James Madison,LDE,EDGE,DEF,3,Ernest Willor Jr.,SO,True,True
James Madison,LDT,DT,DEF,1,Kells Bush,SR,True,True
James Madison,LDT,DT,DEF,2,Rasheed Lovelace,SR,True,True
James Madison,LDT,DT,DEF,3,Jakolbi Wilson,SR,True,True
James Madison,RDT,DT,DEF,1,Mychal McMullin,JR,False,True
James Madison,RDT,DT,DEF,2,Kevin Roberts,JR,True,False
James Madison,RDT,DT,DEF,3,Chukwunedu Okeke,SO,True,True
James Madison,RDE,EDGE,DEF,1,Amar Thomas,SR,False,True
James Madison,RDE,EDGE,DEF,2,Mason Purham,JR,True,True
James Madison,RDE,EDGE,DEF,3,Turner Schmidt,SO,True,True
James Madison,WLB,LB,DEF,1,Gannon Weathersby,SR,False,False
James Madison,WLB,LB,DEF,2,Jayden Studio,SO,True,True
James Madison,MLB,LB,DEF,1,Nakian Jackson,SR,True,True
James Madison,MLB,LB,DEF,2,JT Hooten,SO,True,True
James Madison,LCB,CB,DEF,1,DJ Kelly,SO,True,False
James Madison,LCB,CB,DEF,2,Ken Willis,SR,True,True
James Madison,SS,SAF,DEF,1,Jayon Harvey,JR,True,False
James Madison,SS,SAF,DEF,2,Seth Gathers,FR,False,True
James Madison,SS,SAF,DEF,3,Terrence Jones,JR,True,False
James Madison,FS,SAF,DEF,1,Javis Mynatt,SR,True,True
James Madison,FS,SAF,DEF,2,TJ McGill,JR,True,True
James Madison,FS,SAF,DEF,3,Chase Regan,JR,False,False
James Madison,RCB,CB,DEF,1,Damier Minkah,JR,True,True
James Madison,RCB,CB,DEF,2,Jamal Olford,FR,False,True
James Madison,NB,CB,DEF,1,KJ Flowe,JR,False,False
Kansas,WR-X,WR,OFF,1,Nik McMillan,SR,True,True
Kansas,WR-X,WR,OFF,2,Jaden Nickens,FR,False,True
Kansas,WR-X,WR,OFF,3,Bryson Hayes,FR,False,True
Kansas,WR-Z,WR,OFF,1,Nahzae Cox,SR,True,False
Kansas,WR-Z,WR,OFF,2,Keaton Kubecka,JR,False,True
Kansas,WR-Z,WR,OFF,3,Jackson Cook,FR,False,True
Kansas,WR-SL,WR,OFF,1,Cam Pickett,SR,True,True
Kansas,WR-SL,WR,OFF,2,Tate Nagy,SO,False,False
Kansas,LT,OL,OFF,1,Calvin Clements,JR,False,True
Kansas,LT,OL,OFF,2,Jack Tanner,SO,True,True
Kansas,LT,OL,OFF,3,DeAndre Harper,SO,True,True
Kansas,LG,OL,OFF,1,Amir Herring,JR,True,True
Kansas,LG,OL,OFF,2,Tavake Tuikolovatu,JR,True,True
Kansas,LG,OL,OFF,3,Eli Richmond,SO,False,True
Kansas,C,OL,OFF,1,Kasen Carpenter,JR,True,True
Kansas,C,OL,OFF,2,Anderson Kopp,FR,False,True
Kansas,RG,OL,OFF,1,Connor Stroh,JR,True,True
Kansas,RG,OL,OFF,2,James Livingston,SR,False,True
Kansas,RG,OL,OFF,3,Trezelle Jenkins Jr.,SO,True,False
Kansas,RT,OL,OFF,1,Nick Morrow,JR,True,True
Kansas,RT,OL,OFF,2,Brandon Solis,JR,True,True
Kansas,RT,OL,OFF,3,Antonio Wilson,JR,True,True
Kansas,TE,TE,OFF,1,Carson Bruhn,SO,False,True
Kansas,TE,TE,OFF,2,Leyton Cure,SR,True,True
Kansas,TE,TE,OFF,3,Jailen Butler,SR,True,True
Kansas,QB,QB,OFF,1,Isaiah Marshall,SO,False,True
Kansas,QB,QB,OFF,2,Cole Ballard,JR,False,True
Kansas,QB,QB,OFF,3,Chase Jenkins,JR,True,True
Kansas,RB,RB,OFF,1,Dylan Edwards,JR,True,True
Kansas,RB,RB,OFF,2,Yasin Willis,JR,True,False
Kansas,RB,RB,OFF,3,Jalen Dupree,SO,True,True
Kansas,LDE,EDGE,DEF,1,Alex Bray,SR,True,False
Kansas,LDE,EDGE,DEF,2,David Santiago,JR,True,True
Kansas,LDE,EDGE,DEF,3,Adrian Holley,FR,False,True
Kansas,NT,DT,DEF,1,Tre'von McAlpine,SR,True,True
Kansas,NT,DT,DEF,2,Eamon Smalls,JR,True,True
Kansas,NT,DT,DEF,3,Jibriel Conde,JR,True,True
Kansas,DT,DT,DEF,1,Blake Herold,JR,False,True
Kansas,DT,DT,DEF,2,Marcus Calvin,JR,False,True
Kansas,DT,DT,DEF,3,Kevin Oatis,FR,True,True
Kansas,RDE,EDGE,DEF,1,Leroy Harris III,JR,True,False
Kansas,RDE,EDGE,DEF,2,Dakyus Brinkley,SO,False,True
Kansas,RDE,EDGE,DEF,3,Garrett Martin,FR,False,True
Kansas,WLB,LB,DEF,1,Daveon Crouch,SR,True,True
Kansas,WLB,LB,DEF,2,Jibreel Al-Amin,SR,True,True
Kansas,WLB,LB,DEF,3,Landyn Watson,SR,True,True
Kansas,MLB,LB,DEF,1,Trey Lathan,SR,True,True
Kansas,MLB,LB,DEF,2,Quincy Davis,JR,True,True
Kansas,MLB,LB,DEF,3,Jaron Willis,SR,True,True
Kansas,LCB,CB,DEF,1,Jalen Todd,JR,False,False
Kansas,LCB,CB,DEF,2,Roman Pearson,SR,True,True
Kansas,LCB,CB,DEF,3,Elijah Cannon,SO,True,True
Kansas,SS,SAF,DEF,1,Corey Gordon,SR,True,True
Kansas,SS,SAF,DEF,2,Khijohnn Cummings-Coleman,SO,True,True
Kansas,FS,SAF,DEF,1,Taylor Davis,JR,False,True
Kansas,FS,SAF,DEF,2,Jaden Harris,SR,True,True
Kansas,FS,SAF,DEF,3,Christian Pritchett,JR,True,True
Kansas,RCB,CB,DEF,1,Austin Alexander,SO,False,True
Kansas,RCB,CB,DEF,2,Jahlil Hurley,JR,True,True
Kansas,NB,CB,DEF,1,Syeed Gibbs,SR,True,True
Kansas,NB,CB,DEF,2,Mason Ellis,SR,False,True
Kansas State,WR-X,WR,OFF,1,Jaron Tibbs,SR,True,False
Kansas State,WR-X,WR,OFF,2,Adonis Moise,SO,False,False
Kansas State,WR-X,WR,OFF,3,Larry Porter IV,FR,False,True
Kansas State,WR-Z,WR,OFF,1,Josh Manning,SR,True,False
Kansas State,WR-Z,WR,OFF,2,Derrick Salley Jr.,JR,True,False
Kansas State,WR-Z,WR,OFF,3,Isaac Koch,SR,False,True
Kansas State,WR-SL,WR,OFF,1,Izaiah Williams,SO,True,True
Kansas State,WR-SL,WR,OFF,2,Brandon White,SR,True,True
Kansas State,WR-SL,WR,OFF,3,Sterling Lockett,SR,False,True
Kansas State,LT,OL,OFF,1,John Pastore,SR,False,True
Kansas State,LT,OL,OFF,2,Tyler Johnson,JR,True,True
Kansas State,LG,OL,OFF,1,Tanner Morley,JR,True,True
Kansas State,LG,OL,OFF,2,Charlie Adams,JR,True,False
Kansas State,LG,OL,OFF,3,Navarro Schunke,SO,False,True
Kansas State,C,OL,OFF,1,Delvin Morris,JR,True,True
Kansas State,C,OL,OFF,2,Kyle Rakers,SO,False,True
Kansas State,C,OL,OFF,3,Michael Capria,SR,False,True
Kansas State,RG,OL,OFF,1,Dylan Villarouel,FR,False,True
Kansas State,RG,OL,OFF,2,Chase Duarte,SO,True,False
Kansas State,RG,OL,OFF,3,Keiton Jones,FR,True,True
Kansas State,RT,OL,OFF,1,Gus Hawkins,SO,False,True
Kansas State,RT,OL,OFF,2,George Fitzpatrick,SR,True,True
Kansas State,TE,TE,OFF,1,Garrett Oakley,SR,False,True
Kansas State,TE,TE,OFF,2,Linkon Cure,SO,False,False
Kansas State,TE,TE,OFF,3,Will Anciaux,JR,False,True
Kansas State,QB,QB,OFF,1,Avery Johnson,SR,False,False
Kansas State,QB,QB,OFF,2,Jacob Knuth,SR,True,True
Kansas State,QB,QB,OFF,3,Blake Barnett,SO,False,True
Kansas State,RB,RB,OFF,1,Joe Jackson,JR,False,True
Kansas State,RB,RB,OFF,2,Rodney Fields Jr.,SO,True,True
Kansas State,RB,RB,OFF,3,Jay Harris,SR,True,True
Kansas State,LDE,EDGE,DEF,1,Wendell Gregory,SO,True,True
Kansas State,LDE,EDGE,DEF,2,Jayden Bryant,SO,True,True
Kansas State,LDE,EDGE,DEF,3,Brad Stanyer,FR,False,True
Kansas State,NT,DT,DEF,1,Kamari Burns,JR,True,True
Kansas State,NT,DT,DEF,2,Austin Ramsey,JR,True,True
Kansas State,NT,DT,DEF,3,Holden Bass,SO,False,True
Kansas State,DT,DT,DEF,1,Travis Bates,SR,True,False
Kansas State,DT,DT,DEF,2,De'Arieun Hicks,SO,True,True
Kansas State,DT,DT,DEF,3,Patrick Tackie,JR,True,True
Kansas State,RDE,EDGE,DEF,1,Jordan Allen,JR,False,True
Kansas State,RDE,EDGE,DEF,2,Elijah Hill,SO,True,False
Kansas State,RDE,EDGE,DEF,3,Dalton Knapp,FR,False,True
Kansas State,WLB,LB,DEF,1,Rex Van Wyhe,SR,True,True
Kansas State,WLB,LB,DEF,2,Jacobi Oliphant Jr.,SO,True,True
Kansas State,WLB,LB,DEF,3,Asa Newsom,JR,False,True
Kansas State,MLB,LB,DEF,1,Mekhi Mason,SR,True,True
Kansas State,MLB,LB,DEF,2,Gabe Powers,SR,True,True
Kansas State,MLB,LB,DEF,3,Darien Whitaker Jr.,FR,False,True
Kansas State,LCB,CB,DEF,1,Zashon Rich,JR,False,False
Kansas State,LCB,CB,DEF,2,Josiah Vilmael,FR,False,False
Kansas State,LCB,CB,DEF,3,JoJo Scott,FR,False,True
Kansas State,SS,SAF,DEF,1,Logan Bartley,SO,False,False
Kansas State,SS,SAF,DEF,2,Adrian Maddox,SR,True,True
Kansas State,SS,SAF,DEF,3,Wesley Fair,JR,False,True
Kansas State,FS,SAF,DEF,1,Koy Beasley,SO,True,True
Kansas State,FS,SAF,DEF,2,Micheal Graham Jr.,JR,True,False
Kansas State,FS,SAF,DEF,3,Jet Dineen,SR,False,True
Kansas State,RCB,CB,DEF,1,Donovan McIntosh,JR,False,True
Kansas State,RCB,CB,DEF,2,Kaleb Patterson,SR,True,True
Kansas State,RCB,CB,DEF,3,Garrick Dixon,FR,False,False
Kansas State,NB,CB,DEF,1,Ja'Son Prevard,SR,True,False
Kansas State,NB,CB,DEF,2,Jack Fabris,JR,False,True
Kennesaw State,WR-X,WR,OFF,1,Javon Rogers,SO,False,True
Kennesaw State,WR-X,WR,OFF,2,Dylan Gary,SR,True,True
Kennesaw State,WR-X,WR,OFF,3,Erik Ronning,SO,False,False
Kennesaw State,WR-Z,WR,OFF,1,Brayden Munroe,SR,True,False
Kennesaw State,WR-Z,WR,OFF,2,Navelle Dean,JR,False,True
Kennesaw State,WR-Z,WR,OFF,3,Keon Davis,JR,True,False
Kennesaw State,WR-SL,WR,OFF,1,Davis Bryson,SR,False,True
Kennesaw State,WR-SL,WR,OFF,2,Zion Booker,SR,True,False
Kennesaw State,WR-SL,WR,OFF,3,Devaughn Slaughter,SO,True,False
Kennesaw State,LT,OL,OFF,1,JaDarious Lee,SR,True,True
Kennesaw State,LT,OL,OFF,2,ZaMario Woodgett,FR,False,True
Kennesaw State,LG,OL,OFF,1,Mike Wallace Jr.,SO,True,False
Kennesaw State,LG,OL,OFF,2,Darius Neals,SO,True,True
Kennesaw State,C,OL,OFF,1,Mateo Guevara,SR,True,True
Kennesaw State,C,OL,OFF,2,Chase Stevens,SO,True,True
Kennesaw State,RG,OL,OFF,1,Precious Ekeh,JR,True,True
Kennesaw State,RG,OL,OFF,2,Luke Duska,SR,True,True
Kennesaw State,RG,OL,OFF,3,Havik Pettigrew,SR,False,True
Kennesaw State,RT,OL,OFF,1,Nikola Milovac,JR,True,True
Kennesaw State,RT,OL,OFF,2,Jamiel Williams,FR,False,True
Kennesaw State,TE,TE,OFF,1,Gerard Bullock Jr.,GR,True,False
Kennesaw State,TE,TE,OFF,2,Reed Jesiolowski,JR,True,False
Kennesaw State,TE,TE,OFF,3,Jamari Harrold,SO,False,False
Kennesaw State,QB,QB,OFF,1,Rickie Collins,JR,True,True
Kennesaw State,QB,QB,OFF,2,Landon Varnes,SO,True,False
Kennesaw State,QB,QB,OFF,3,Skyler Williams,FR,False,True
Kennesaw State,RB,RB,OFF,1,Latrelle Murrell,JR,True,True
Kennesaw State,RB,RB,OFF,2,Triston Morgan,SR,True,False
Kennesaw State,RB,RB,OFF,3,Boogie Woods III,SO,True,True
Kennesaw State,DE,EDGE,DEF,1,Marcus Patterson,SR,True,True
Kennesaw State,DE,EDGE,DEF,2,Ugonna Nwoha,SR,False,True
Kennesaw State,DE,EDGE,DEF,3,Nasir Smith,SO,True,True
Kennesaw State,NT,DT,DEF,1,Jackson Cooper,SO,False,False
Kennesaw State,NT,DT,DEF,2,Jaiden Crawford,SR,True,False
Kennesaw State,DT,DT,DEF,1,Jaiden Grimes,JR,False,False
Kennesaw State,DT,DT,DEF,2,Devin Morgan,SR,True,True
Kennesaw State,DT,DT,DEF,3,AJ Miller,JR,False,True
Kennesaw State,RUSH,EDGE,DEF,1,Donovan Westmoreland,SR,True,True
Kennesaw State,RUSH,EDGE,DEF,2,Corey Kelly,JR,True,True
Kennesaw State,RUSH,EDGE,DEF,3,Kai Russell,SR,True,True
Kennesaw State,WLB,LB,DEF,1,Tywon Christopher,SO,False,True
Kennesaw State,WLB,LB,DEF,2,Josh Anglin,JR,True,False
Kennesaw State,WLB,LB,DEF,3,Karson Moss,SO,False,False
Kennesaw State,MLB,LB,DEF,1,Baron Hopson,GR,True,False
Kennesaw State,MLB,LB,DEF,2,Alfred Thomas,JR,True,False
Kennesaw State,MLB,LB,DEF,3,Jeremy Greaves Jr.,SR,True,False
Kennesaw State,LCB,CB,DEF,1,Tay'vion Lawson,SO,False,False
Kennesaw State,LCB,CB,DEF,2,Ethan Tookes,JR,True,True
Kennesaw State,LCB,CB,DEF,3,Luke Evans,JR,True,True
Kennesaw State,SS,SAF,DEF,1,Alexander Ford,SR,True,True
Kennesaw State,SS,SAF,DEF,2,Perry Fisher,SR,True,True
Kennesaw State,FS,SAF,DEF,1,Isaac Paul,JR,False,True
Kennesaw State,FS,SAF,DEF,2,Cam Miller,SR,True,True
Kennesaw State,FS,SAF,DEF,3,Maliki Wright,FR,True,True
Kennesaw State,RCB,CB,DEF,1,Tyler Hallum,SR,True,True
Kennesaw State,RCB,CB,DEF,2,Kaleb Gray,JR,True,True
Kennesaw State,RCB,CB,DEF,3,Ja'Lyen Judson,FR,True,True
Kennesaw State,NB,CB,DEF,1,Kody Jones,GR,True,False
Kennesaw State,NB,CB,DEF,2,Tony Williams Jr.,FR,True,True
Kennesaw State,NB,CB,DEF,3,Jecari Bryson,SR,True,True
Kent State,WR-X,WR,OFF,1,Ardell Banks,JR,True,True
Kent State,WR-X,WR,OFF,2,Maurice Stephens,FR,False,True
Kent State,WR-X,WR,OFF,3,Teaunn Hunter,FR,False,True
Kent State,WR-Z,WR,OFF,1,Da'Realyst Clark,SR,True,True
Kent State,WR-Z,WR,OFF,2,Jay Jay Etheridge,JR,False,False
Kent State,WR-SL,WR,OFF,1,Wayne Harris,SO,False,True
Kent State,WR-SL,WR,OFF,2,Jared Kelley,JR,False,True
Kent State,LT,OL,OFF,1,Tyler Meadows,SO,False,False
Kent State,LT,OL,OFF,2,Cecil Wilson,JR,False,True
Kent State,LG,OL,OFF,1,Dustyn Morell,SR,False,True
Kent State,LG,OL,OFF,2,Boston Crowell,FR,False,True
Kent State,LG,OL,OFF,3,Donovan Dark,FR,True,True
Kent State,C,OL,OFF,1,Ben Midea,JR,True,False
Kent State,C,OL,OFF,2,Max Gembus,FR,False,True
Kent State,RG,OL,OFF,1,Jaxon Dunn,SO,False,True
Kent State,RG,OL,OFF,2,Mason Imbt,SR,True,True
Kent State,RG,OL,OFF,3,Rico Steele,SO,True,True
Kent State,RT,OL,OFF,1,Mofe Adewole,SR,True,True
Kent State,RT,OL,OFF,2,Hudson Chasko,SR,True,True
Kent State,TE,TE,OFF,1,Hunter Hopperton,SR,True,True
Kent State,TE,TE,OFF,2,Terik Mulder,SR,True,True
Kent State,TE,TE,OFF,3,Zy'aire Fletcher,FR,False,True
Kent State,QB,QB,OFF,1,Dru DeShields,JR,False,True
Kent State,QB,QB,OFF,2,Nolan Good,FR,False,True
Kent State,QB,QB,OFF,3,Deante Ruffin,FR,False,True
Kent State,RB,RB,OFF,1,Mason King,GR,True,False
Kent State,RB,RB,OFF,2,Jakorion Caffey,SO,True,True
Kent State,RB,RB,OFF,3,Brandon White,FR,False,False
Kent State,LDE,EDGE,DEF,1,Antonio Bottiggi,SO,False,True
Kent State,LDE,EDGE,DEF,2,Mohammed Hazime,SR,False,True
Kent State,LDT,DT,DEF,1,Thomas Aden,SR,True,True
Kent State,LDT,DT,DEF,2,Camdon Wilborn,SO,True,True
Kent State,LDT,DT,DEF,3,Aiden Burgess,SO,False,True
Kent State,RDT,DT,DEF,1,Darian Blachewicz,SO,False,False
Kent State,RDT,DT,DEF,2,Josue Cordoba,SO,False,True
Kent State,RDE,EDGE,DEF,1,Jaihien Roy,SO,False,True
Kent State,RDE,EDGE,DEF,2,Garrett Dial,SO,False,True
Kent State,RDE,EDGE,DEF,3,Bryce Griffin,FR,False,True
Kent State,WLB,LB,DEF,1,Hayden Dawahare,JR,True,True
Kent State,WLB,LB,DEF,2,Sayed Abuhamdeh,JR,False,True
Kent State,WLB,LB,DEF,3,Quan Rhodes-McKee,SO,True,True
Kent State,MLB,LB,DEF,1,Rocco Nicholl,SR,True,True
Kent State,MLB,LB,DEF,2,Nate Gregory,FR,True,True
Kent State,SLB,LB,DEF,1,Semaj Bridgeman,JR,True,True
Kent State,SLB,LB,DEF,2,Trey Rubinstein,SO,False,False
Kent State,LCB,CB,DEF,1,A'tiq Muhammad,SR,True,True
Kent State,LCB,CB,DEF,2,Lennox Lemon,FR,False,False
Kent State,LCB,CB,DEF,3,Lionel Burns III,FR,True,True
Kent State,SS,SAF,DEF,1,Derrick Jackson III,SO,False,False
Kent State,SS,SAF,DEF,2,Clinton Robinson,SO,False,True
Kent State,FS,SAF,DEF,1,Joel Cordoba,SO,False,False
Kent State,FS,SAF,DEF,2,Norey Johnson,SR,True,True
Kent State,FS,SAF,DEF,3,Martell Buchanan,SO,False,True
Kent State,RCB,CB,DEF,1,Davion Pritchard,SO,True,True
Kent State,RCB,CB,DEF,2,Angelo Stockstill,JR,True,True
Kent State,NB,CB,DEF,1,DJ Barnes,SR,True,False
Kentucky,WR-X,WR,OFF,1,DJ Miller,SO,False,False
Kentucky,WR-X,WR,OFF,2,Hardley Gilmore IV,JR,True,False
Kentucky,WR-X,WR,OFF,3,Xavier Daisy,JR,True,False
Kentucky,WR-Z,WR,OFF,1,Nic Anderson,SR,True,True
Kentucky,WR-Z,WR,OFF,2,Ja'Kayden Ferguson,SO,True,False
Kentucky,WR-Z,WR,OFF,3,Kenny Darby,FR,False,False
Kentucky,WR-F,WR,OFF,1,Shane Carr,JR,True,False
Kentucky,WR-F,WR,OFF,2,Denairius Gray,FR,False,False
Kentucky,WR-F,WR,OFF,3,Prince Jean,FR,False,False
Kentucky,LT,OL,OFF,1,Lance Heard,SR,True,False
Kentucky,LT,OL,OFF,2,Mark Robinson,JR,True,False
Kentucky,LT,OL,OFF,3,Jermiel Atkins,FR,False,True
Kentucky,LG,OL,OFF,1,Olaus Alinen,JR,True,True
Kentucky,LG,OL,OFF,2,Aba Selm,SO,False,True
Kentucky,LG,OL,OFF,3,Jordan Knox,JR,True,True
Kentucky,C,OL,OFF,1,Coleton Price,SR,True,True
Kentucky,C,OL,OFF,2,Hayes Johnson,SO,False,True
Kentucky,RG,OL,OFF,1,Tegra Tshabola,SR,True,True
Kentucky,RG,OL,OFF,2,Jay Clark,FR,False,True
Kentucky,RT,OL,OFF,1,Malachi Wood,JR,False,True
Kentucky,RT,OL,OFF,2,Max Anderson,SO,True,True
Kentucky,RT,OL,OFF,3,Cameron Jones,JR,True,True
Kentucky,TE,TE,OFF,1,Willie Rodriguez,JR,False,False
Kentucky,TE,TE,OFF,2,Henry Boyer,SR,True,True
Kentucky,TE,TE,OFF,3,Mikkel Skinner,FR,False,True
Kentucky,QB,QB,OFF,1,Kenny Minchey,JR,True,True
Kentucky,QB,QB,OFF,2,JacQai Long,SO,True,True
Kentucky,QB,QB,OFF,3,Matt Ponatoski,FR,False,False
Kentucky,RB,RB,OFF,1,CJ Baxter,JR,True,True
Kentucky,RB,RB,OFF,2,Jovantae Barnes,SR,True,True
Kentucky,RB,RB,OFF,3,Jason Patterson,SO,False,True
Kentucky,DE,EDGE,DEF,1,Mi'Quise Humphrey-Grace,SR,True,True
Kentucky,DE,EDGE,DEF,2,Brian Robinson,SO,False,True
Kentucky,DE,EDGE,DEF,3,Tyler Thomas,JR,True,True
Kentucky,NT,DT,DEF,1,Jamarrion Harkless,JR,True,True
Kentucky,NT,DT,DEF,2,Kalen Edwards,SO,False,False
Kentucky,NT,DT,DEF,3,Dominic Wiseman,SR,True,True
Kentucky,DT,DT,DEF,1,Tavion Gadson,JR,False,True
Kentucky,DT,DT,DEF,2,Ahmad Breaux,JR,True,False
Kentucky,DT,DT,DEF,3,Jaden Williams,SR,True,True
Kentucky,JACK,EDGE,DEF,1,Sam Greene,JR,True,True
Kentucky,JACK,EDGE,DEF,2,Lorenzo Cowan,SO,True,True
Kentucky,JACK,EDGE,DEF,3,Cedric Works,SO,False,False
Kentucky,WLB,LB,DEF,1,Elijah Barnes,FR,True,True
Kentucky,WLB,LB,DEF,2,Antwan Smith,JR,False,False
Kentucky,WLB,LB,DEF,3,Quintavion Norman,SO,False,True
Kentucky,MLB,LB,DEF,1,Grant Godfrey,JR,False,True
Kentucky,MLB,LB,DEF,2,Tavion Wallace,SO,True,False
Kentucky,MLB,LB,DEF,3,Devin Smith,SO,False,True
Kentucky,LCB,CB,DEF,1,Hasaan Sykes,JR,True,False
Kentucky,LCB,CB,DEF,2,Grant Grayton,SO,False,False
Kentucky,LCB,CB,DEF,3,Demarcus Gardner,FR,False,True
Kentucky,SS,SAF,DEF,1,Ty Bryant,SR,False,False
Kentucky,SS,SAF,DEF,2,Cyrus Reyes,JR,True,False
Kentucky,SS,SAF,DEF,3,Andrew Purcell,FR,False,True
Kentucky,FS,SAF,DEF,1,Jordan Castell,SR,True,False
Kentucky,FS,SAF,DEF,2,Jesse Anderson III,JR,True,True
Kentucky,FS,SAF,DEF,3,Dyllon Williams,FR,False,True
Kentucky,RCB,CB,DEF,1,Terhyon Nichols,JR,False,False
Kentucky,RCB,CB,DEF,2,Nasir Addison,SR,False,False
Kentucky,RCB,CB,DEF,3,Kevis Thomas,SR,True,False
Kentucky,NB,CB,DEF,1,Aaron Gates,JR,True,True
Kentucky,NB,CB,DEF,2,Jaden Smith,SO,False,True
LSU,WR-X,WR,OFF,1,Jayce Brown,SR,True,False
LSU,WR-X,WR,OFF,2,Malik Elzy,JR,True,True
LSU,WR-X,WR,OFF,3,Roman Mothershed,JR,True,True
LSU,WR-Z,WR,OFF,1,Jackson Harris,JR,True,True
LSU,WR-Z,WR,OFF,2,Tre' Brown,JR,True,True
LSU,WR-Z,WR,OFF,3,Phillip Wright III,FR,False,True
LSU,WR-SL,WR,OFF,1,Winston Watkins Jr.,SO,True,False
LSU,WR-SL,WR,OFF,2,Eugene Wilson III,JR,True,True
LSU,WR-SL,WR,OFF,3,Corey Barber Jr.,FR,False,False
LSU,LT,OL,OFF,1,Jordan Seaton,JR,True,False
LSU,LT,OL,OFF,2,Sean Thompkins Jr.,JR,True,True
LSU,LT,OL,OFF,3,JaKolby Jones,JR,True,False
LSU,LG,OL,OFF,1,Bo Bordelon,SR,False,True
LSU,LG,OL,OFF,2,Devin Harper,SO,True,False
LSU,LG,OL,OFF,3,Brett Bordelon,FR,False,True
LSU,C,OL,OFF,1,Braelin Moore,SR,True,True
LSU,C,OL,OFF,2,William Satterwhite II,SO,True,True
LSU,C,OL,OFF,3,Braden Augustus,JR,False,True
LSU,RG,OL,OFF,1,Aliou Bah,SR,True,True
LSU,RG,OL,OFF,2,Ja'Quan Sprinkle,JR,True,True
LSU,RG,OL,OFF,3,Solomon Thomas,FR,False,True
LSU,RT,OL,OFF,1,Weston Davis,SO,False,True
LSU,RT,OL,OFF,2,Darrin Strey,FR,True,True
LSU,RT,OL,OFF,3,Brysten Martinez,FR,False,False
LSU,TE,TE,OFF,1,Trey'Dez Green,JR,False,False
LSU,TE,TE,OFF,2,Zach Grace,JR,True,True
LSU,TE,TE,OFF,3,Malachi Thomas,JR,True,False
LSU,QB,QB,OFF,1,Sam Leavitt,JR,True,True
LSU,QB,QB,OFF,2,Husan Longstreet,FR,True,True
LSU,QB,QB,OFF,3,Landen Clark,SO,True,True
LSU,RB,RB,OFF,1,Dilin Jones,SO,True,True
LSU,RB,RB,OFF,2,Harlem Berry,SO,False,False
LSU,RB,RB,OFF,3,Caden Durham,JR,False,False
LSU,LDE,EDGE,DEF,1,Jordan Ross,JR,True,False
LSU,LDE,EDGE,DEF,2,Lamar Brown,FR,False,False
LSU,LDE,EDGE,DEF,3,Jaylen Brown,SO,True,True
LSU,LDT,DT,DEF,1,Malik Blocton,JR,True,False
LSU,LDT,DT,DEF,2,Dominick McKinley,JR,False,False
LSU,LDT,DT,DEF,3,Shone Washington,SR,True,True
LSU,RDT,DT,DEF,1,Deuce Geralds,FR,False,False
LSU,RDT,DT,DEF,2,Stephiylan Green,JR,True,True
LSU,RDT,DT,DEF,3,Richard Anderson,FR,False,False
LSU,RDE,EDGE,DEF,1,Princewill Umanmielen,SR,True,False
LSU,RDE,EDGE,DEF,2,Dylan Carpenter,JR,False,True
LSU,RDE,EDGE,DEF,3,Damien Shanklin,FR,False,True
LSU,WLB,LB,DEF,1,Whit Weeks,SR,False,False
LSU,WLB,LB,DEF,2,Davhon Keys,JR,False,False
LSU,WLB,LB,DEF,3,Charles Ross II,SO,False,False
LSU,MLB,LB,DEF,1,TJ Dottery,SR,True,True
LSU,MLB,LB,DEF,2,Tylen Singleton,SO,False,True
LSU,MLB,LB,DEF,3,Zach Weeks,FR,False,True
LSU,STAR,CB,DEF,1,Dashawn Spears,JR,False,False
LSU,STAR,CB,DEF,2,CJ Jimcoily,SO,False,False
LSU,LCB,CB,DEF,1,DJ Pickett,SO,False,False
LSU,LCB,CB,DEF,2,Ja'Keem Jackson,JR,True,True
LSU,LCB,CB,DEF,3,Havon Finney Jr.,FR,False,False
LSU,SS,SAF,DEF,1,Tamarcus Cooley,JR,True,True
LSU,SS,SAF,DEF,2,Jhase Thomas,FR,False,True
LSU,SS,SAF,DEF,3,Aiden Hall,FR,False,False
LSU,FS,SAF,DEF,1,Ty Benefield,SR,True,False
LSU,FS,SAF,DEF,2,Faheem Delane,SO,True,False
LSU,RCB,CB,DEF,1,PJ Woodland,JR,False,False
LSU,RCB,CB,DEF,2,Michael Turner Jr.,SO,False,True
LSU,RCB,CB,DEF,3,Dez Ellis,FR,False,False
Liberty,WR-X,WR,OFF,1,Rashawn Cunningham,SO,True,True
Liberty,WR-X,WR,OFF,2,Jon Monteiro,SO,False,True
Liberty,WR-X,WR,OFF,3,Nasir Newkirk,FR,False,True
Liberty,WR-Z,WR,OFF,1,Jamari Person,JR,True,True
Liberty,WR-Z,WR,OFF,2,Refeno Vangates,SR,True,True
Liberty,WR-Z,WR,OFF,3,Bryce Randolph,FR,False,True
Liberty,WR-SL,WR,OFF,1,Makai Jackson,SR,True,True
Liberty,WR-SL,WR,OFF,2,Darius Copeland,JR,False,True
Liberty,WR-SL,WR,OFF,3,Eric Smith,SO,False,True
Liberty,LT,OL,OFF,1,D.J. Geth,JR,True,True
Liberty,LT,OL,OFF,2,Jude Foster,SO,True,True
Liberty,LT,OL,OFF,3,Kevin Evehe,SO,True,False
Liberty,LG,OL,OFF,1,Joep Engbers,JR,True,True
Liberty,C,OL,OFF,1,Aaron Fenimore,JR,False,True
Liberty,C,OL,OFF,2,Gabe Smith,FR,False,True
Liberty,RG,OL,OFF,1,Alex Birchmeier,JR,True,True
Liberty,RG,OL,OFF,2,Val Erickson,SR,True,True
Liberty,RT,OL,OFF,1,Christian Williams,SR,True,True
Liberty,RT,OL,OFF,2,Austin Anderson,SR,False,True
Liberty,RT,OL,OFF,3,Erwil Anthony Jr.,SR,True,True
Liberty,TE,TE,OFF,1,Caleb Ryan,SR,False,True
Liberty,TE,TE,OFF,2,LaKelsey Johnson Jr.,SR,True,True
Liberty,TE,TE,OFF,3,Zeke Wimbush,JR,True,True
Liberty,QB,QB,OFF,1,Jaylen Henderson,SR,True,True
Liberty,QB,QB,OFF,2,Deshawn Purdie,SO,True,True
Liberty,QB,QB,OFF,3,Ethan Vasko,SR,True,True
Liberty,RB-A,RB,OFF,1,Jaylon Coleman,SO,False,False
Liberty,RB-A,RB,OFF,2,Peyton Jones,JR,True,True
Liberty,RB-A,RB,OFF,3,Justin Marshall,JR,True,True
Liberty,RB-B,RB,OFF,1,Kanye Udoh,JR,True,True
Liberty,RB-B,RB,OFF,2,Kam Davis,SO,True,True
Liberty,RB-B,RB,OFF,3,Terron Kellman,SR,True,True
Liberty,DE,EDGE,DEF,1,Aaron Hester,SR,True,True
Liberty,DE,EDGE,DEF,2,Samuel Cohen,SO,False,False
Liberty,DE,EDGE,DEF,3,Michael Floyde,SO,True,True
Liberty,NT,DT,DEF,1,Mike Jarvis,SR,True,True
Liberty,NT,DT,DEF,2,Joe Strickland,SR,True,True
Liberty,NT,DT,DEF,3,Kam Cullins,SO,False,False
Liberty,DT,DT,DEF,1,Nathan Pirolli,JR,False,True
Liberty,DT,DT,DEF,2,Markus Clark,SR,True,True
Liberty,DT,DT,DEF,3,Henry Hicks,JR,True,False
Liberty,JOKER,EDGE,DEF,1,Brenton Williams,JR,True,True
Liberty,JOKER,EDGE,DEF,2,Ethan Crisp,JR,True,True
Liberty,JOKER,EDGE,DEF,3,Lorenzo Payne,JR,True,False
Liberty,WLB,LB,DEF,1,Derrell Farrar,SR,True,True
Liberty,WLB,LB,DEF,2,Micah Pollard,SR,True,True
Liberty,WLB,LB,DEF,3,Kyle Ferm,SO,True,True
Liberty,MLB,LB,DEF,1,Aidan Vaughan,SR,True,True
Liberty,MLB,LB,DEF,2,Deuce Spurlock,SR,True,True
Liberty,MLB,LB,DEF,3,Dillano Glaud,SO,False,True
Liberty,LCB,CB,DEF,1,Elijah Hopkins,SR,True,True
Liberty,LCB,CB,DEF,2,Izaiah Guy,SR,True,True
Liberty,LCB,CB,DEF,3,Prince Cottonham,JR,True,False
Liberty,SS,SAF,DEF,1,Ashton Whitner,SR,True,True
Liberty,SS,SAF,DEF,2,Jayden Davis,JR,True,True
Liberty,FS,SAF,DEF,1,D-Icey Hopkins,SR,True,True
Liberty,FS,SAF,DEF,2,Jayden Whaley,SO,True,True
Liberty,FS,SAF,DEF,3,Davion Dean,FR,False,True
Liberty,RCB,CB,DEF,1,Ashton McShane,SO,True,True
Liberty,RCB,CB,DEF,2,Jiquavious Marshall,SO,True,True
Liberty,NB,CB,DEF,1,Tyrell Gainey,JR,True,True
Liberty,NB,CB,DEF,2,Elijah Hopkins,SR,True,True
Louisiana,WR-X,WR,OFF,1,Shelton Sampson Jr.,SO,True,True
Louisiana,WR-X,WR,OFF,2,Dale Martin,SR,False,True
Louisiana,WR-X,WR,OFF,3,KeDarius Wade,SO,False,True
Louisiana,WR-Z,WR,OFF,1,Robert Williams,SR,False,True
Louisiana,WR-Z,WR,OFF,2,Landon Strother,FR,False,True
Louisiana,WR-Z,WR,OFF,3,Rahji Dennis,FR,False,True
Louisiana,WR-H,WR,OFF,2,Jaydon Johnson,JR,False,True
Louisiana,WR-H,WR,OFF,3,Trenton Chaney,FR,False,False
Louisiana,LT,OL,OFF,1,Ryder Bentley,FR,False,True
Louisiana,LT,OL,OFF,2,Baylynn Williams,FR,False,False
Louisiana,LG,OL,OFF,1,Kaden Moreau,JR,False,True
Louisiana,LG,OL,OFF,2,Ryan Ebrahim,SR,True,True
Louisiana,C,OL,OFF,1,Andrew Martinez,SO,False,True
Louisiana,C,OL,OFF,2,Jackson Hammond,FR,False,True
Louisiana,RG,OL,OFF,1,Matthew Broussard,SO,False,True
Louisiana,RG,OL,OFF,2,Jayden McAllister,FR,False,False
Louisiana,RT,OL,OFF,1,Jax Harrington,SR,False,True
Louisiana,TE,TE,OFF,1,Caden Jensen,SO,False,True
Louisiana,TE,TE,OFF,2,Brock Chappell,JR,True,False
Louisiana,TE,TE,OFF,3,Trey Miller,GR,True,False
Louisiana,QB,QB,OFF,1,Lunch Winfield,SO,False,True
Louisiana,QB,QB,OFF,3,Daniel Beale,FR,False,True
Louisiana,RB,RB,OFF,3,Darrell Smith,FR,False,False
Louisiana,DE,EDGE,DEF,1,Jordan Lawson,SR,False,True
Louisiana,DE,EDGE,DEF,2,Priest Ashe,FR,False,True
Louisiana,DE,EDGE,DEF,3,Lance Williams,SO,False,True
Louisiana,NT,DT,DEF,1,Fitzgerald West Jr.,JR,True,True
Louisiana,NT,DT,DEF,2,Kadarius Miller,SR,True,True
Louisiana,NT,DT,DEF,3,Chase Edwards,SO,False,True
Louisiana,DT,DT,DEF,1,Jaelen Crider,GR,True,False
Louisiana,DT,DT,DEF,2,Maxie Baudoin IV,SR,True,True
Louisiana,DT,DT,DEF,3,Ashton Wright,FR,False,True
Louisiana,JACK,EDGE,DEF,1,Cameron Whitfield,SR,False,True
Louisiana,JACK,EDGE,DEF,2,Ashley Williams,SO,True,True
Louisiana,WLB,LB,DEF,1,Terrence Williams,SR,False,True
Louisiana,WLB,LB,DEF,2,Jake St. Andre,JR,False,True
Louisiana,MLB,LB,DEF,1,Jaden Dugger,SR,True,False
Louisiana,MLB,LB,DEF,2,Caleb Kibodi,SR,False,True
Louisiana,LCB,CB,DEF,1,Courtline Flowers,SR,False,True
Louisiana,LCB,CB,DEF,2,Avery Demery,FR,False,True
Louisiana,SS,SAF,DEF,1,Tyree Skipper,SR,False,True
Louisiana,SS,SAF,DEF,2,Jalen Clark,SR,False,True
Louisiana,SS,SAF,DEF,3,Steven Ranel II,FR,False,False
Louisiana,FS,SAF,DEF,1,Lake Bates,FR,False,True
Louisiana,FS,SAF,DEF,2,Kody Jackson,SO,False,True
Louisiana,RCB,CB,DEF,1,Brent Gordon Jr.,FR,False,False
Louisiana,RCB,CB,DEF,2,Lorenzell Dubose,JR,False,True
Louisiana,NB,CB,DEF,1,Maurion Eleam,JR,False,True
Louisiana,NB,CB,DEF,2,Trae Tomlinson,SR,True,False
Louisiana Tech,WR-X,WR,OFF,1,Jalen Mickens,SO,False,False
Louisiana Tech,WR-X,WR,OFF,2,Luke Watkins,SO,False,False
Louisiana Tech,WR-X,WR,OFF,3,Dane Benedix,SR,True,False
Louisiana Tech,WR-Z,WR,OFF,1,Talyn Shettron,SR,True,True
Louisiana Tech,WR-Z,WR,OFF,2,Jay Wilkerson,SR,True,True
Louisiana Tech,WR-H,WR,OFF,1,Marcus Calwise Jr.,JR,True,False
Louisiana Tech,WR-H,WR,OFF,2,Dedrick Latulas,JR,False,True
Louisiana Tech,WR-H,WR,OFF,3,David Pierro,SR,True,False
Louisiana Tech,LT,OL,OFF,1,Hayden Christman,JR,False,True
Louisiana Tech,LG,OL,OFF,1,Ashanti Cole,SR,True,True
Louisiana Tech,LG,OL,OFF,2,Will Hutchens,JR,True,True
Louisiana Tech,C,OL,OFF,1,Roy Brackins III,JR,False,True
Louisiana Tech,C,OL,OFF,2,Andrew Richard,SO,False,True
Louisiana Tech,RG,OL,OFF,1,Austin Ellis,SO,False,True
Louisiana Tech,RT,OL,OFF,1,Troy Smith III,JR,False,True
Louisiana Tech,TE,TE,OFF,1,Eli Finley,SR,False,False
Louisiana Tech,TE,TE,OFF,2,Brayden Bockler,JR,True,False
Louisiana Tech,TE,TE,OFF,3,Luke Seib,SR,True,True
Louisiana Tech,QB,QB,OFF,1,Blake Baker,JR,False,True
Louisiana Tech,QB,QB,OFF,2,Trey Kukuk,SR,True,False
Louisiana Tech,QB,QB,OFF,3,Mason Welch,JR,True,True
Louisiana Tech,RB,RB,OFF,1,Jaden Miller,JR,True,True
Louisiana Tech,RB,RB,OFF,2,Dylone Brooks,FR,False,True
Louisiana Tech,RB,RB,OFF,3,Kenny Thomas,FR,False,False
Louisiana Tech,LDE,EDGE,DEF,1,Donovan Rieman,SR,True,True
Louisiana Tech,LDE,EDGE,DEF,2,Judd Rouyea,JR,False,True
Louisiana Tech,NT,DT,DEF,1,Jacob Bradford,SO,False,True
Louisiana Tech,NT,DT,DEF,2,Justice Williams,SR,True,True
Louisiana Tech,RDE,EDGE,DEF,1,Emmanuel Oguns,SR,True,True
Louisiana Tech,RDE,EDGE,DEF,2,Jojo Odom,SO,False,False
Louisiana Tech,RDE,EDGE,DEF,3,Lane Condry,SO,True,True
Louisiana Tech,WLB,LB,DEF,1,Jadon Mayfield,SO,False,True
Louisiana Tech,WLB,LB,DEF,2,Cole Watson,SO,False,True
Louisiana Tech,MLB,LB,DEF,1,Zheric Hill,SO,False,False
Louisiana Tech,MLB,LB,DEF,2,Colton Deckard,JR,False,True
Louisiana Tech,SLB,LB,DEF,1,Kolbe Fields,GR,True,False
Louisiana Tech,SLB,LB,DEF,2,Alonzo Jackson Jr.,SO,False,True
Louisiana Tech,LCB,CB,DEF,1,Amari Butler,SR,True,False
Louisiana Tech,LCB,CB,DEF,2,Demario Bookhart,SO,True,True
Louisiana Tech,SS,SAF,DEF,1,Sam Fongang,SR,True,False
Louisiana Tech,SS,SAF,DEF,2,Kam Franklin,JR,True,True
Louisiana Tech,SS,SAF,DEF,3,Ty Jones,SR,True,False
Louisiana Tech,FS,SAF,DEF,1,MJ Moultrie II,JR,True,True
Louisiana Tech,FS,SAF,DEF,2,Janard Lockhardt,JR,True,True
Louisiana Tech,RCB,CB,DEF,1,Kameron Carter,SR,True,False
Louisiana Tech,RCB,CB,DEF,2,Jaitlin Hampton,JR,True,True
Louisiana Tech,NB,CB,DEF,1,Jacob McRae,FR,False,False
Louisiana Tech,NB,CB,DEF,2,Ahkhari Johnson,JR,True,False
UL Monroe,WR-X,WR,OFF,1,Nic Trujillo,SO,True,True
UL Monroe,WR-X,WR,OFF,2,Brandon Buckhaulter,SR,True,True
UL Monroe,WR-Z,WR,OFF,1,Tyler Griffin,JR,True,True
UL Monroe,WR-SL,WR,OFF,2,JP Coulter,JR,True,False
UL Monroe,LT,OL,OFF,1,Que McBroom,JR,True,True
UL Monroe,LT,OL,OFF,2,David Applewhite,FR,False,True
UL Monroe,LG,OL,OFF,1,Nate Green,FR,False,True
UL Monroe,LG,OL,OFF,2,Kaliem Croswell,JR,True,False
UL Monroe,C,OL,OFF,1,Elijah Fisher,SR,False,True
UL Monroe,C,OL,OFF,2,Drew Hutchinson,JR,False,True
UL Monroe,RG,OL,OFF,1,Jay Mickle,GR,True,False
UL Monroe,RT,OL,OFF,1,AJ Vinson,SO,True,True
UL Monroe,RT,OL,OFF,2,John Curtis Goodman Jr.,JR,False,True
UL Monroe,TE,TE,OFF,1,Rylan Green,SR,False,True
UL Monroe,TE,TE,OFF,2,Julian Nixon,SR,True,True
UL Monroe,QB,QB,OFF,1,Landon Graves,SO,False,True
UL Monroe,QB,QB,OFF,2,Bryson Kimbrough,FR,False,False
UL Monroe,RB,RB,OFF,1,Zach Palmer-Smith,SR,True,False
UL Monroe,DE,EDGE,DEF,1,Kevontay Wells,SR,True,False
UL Monroe,DE,EDGE,DEF,2,Davin Anderson,SR,True,False
UL Monroe,NT,DT,DEF,1,Jaden Hamlin,SR,True,False
UL Monroe,NT,DT,DEF,2,Dylan Howell,SR,True,False
UL Monroe,DT,DT,DEF,1,Cliff Mosley,SR,True,True
UL Monroe,DT,DT,DEF,2,Levontae Jacobs,GR,True,False
UL Monroe,BAN,EDGE,DEF,1,Billy Pullen,SR,True,False
UL Monroe,BAN,EDGE,DEF,2,Jaeden Calender,SO,False,False
UL Monroe,WLB,LB,DEF,1,Noah Flemmings,JR,True,False
UL Monroe,WLB,LB,DEF,2,Marcus Ross,JR,True,True
UL Monroe,MLB,LB,DEF,1,Seidrion Langston,JR,True,False
UL Monroe,MLB,LB,DEF,2,Jabari Tiller,JR,True,False
UL Monroe,LCB,CB,DEF,1,David Godsey Jr.,SR,False,True
UL Monroe,LCB,CB,DEF,2,Korian Wilson,SR,True,True
UL Monroe,SS,SAF,DEF,1,Andre Mack,SR,True,True
UL Monroe,SS,SAF,DEF,2,Carl Fauntroy,JR,True,True
UL Monroe,FS,SAF,DEF,1,Lynard Harris,SO,False,True
UL Monroe,FS,SAF,DEF,2,Korian Wilson,SR,True,True
UL Monroe,RCB,CB,DEF,1,D'Arco Perkins-McAllister,SR,True,True
UL Monroe,RCB,CB,DEF,2,Jay Harper,FR,True,True
UL Monroe,NB,CB,DEF,1,Kamrin Canterbury,JR,True,False
UL Monroe,NB,CB,DEF,2,Stephen Saywahn,SR,True,False
Louisville,WR-X,WR,OFF,1,TreyShun Hurry,SR,True,True
Louisville,WR-X,WR,OFF,2,Terrence McWilliams Jr.,JR,True,True
Louisville,WR-Z,WR,OFF,1,Lawayne McCoy,JR,True,False
Louisville,WR-Z,WR,OFF,2,Jakob Dixon,JR,True,True
Louisville,WR-SL,WR,OFF,1,Tre Richardson,SR,True,False
Louisville,WR-SL,WR,OFF,2,Jackson Voth,SO,True,True
Louisville,LT,OL,OFF,1,Anwar O'neal,JR,True,True
Louisville,LT,OL,OFF,2,Jarvis Strickland,FR,False,False
Louisville,LG,OL,OFF,1,Eryx Daugherty,JR,True,True
Louisville,LG,OL,OFF,2,Jimmy Williams III,SO,False,True
Louisville,LG,OL,OFF,3,Tyler Folmar,FR,False,True
Louisville,C,OL,OFF,1,Lance Robinson,GR,True,False
Louisville,C,OL,OFF,2,Evan Wibberley,SR,True,True
Louisville,C,OL,OFF,3,Sam Secrest,SR,True,True
Louisville,RG,OL,OFF,1,Johnnie Brown III,SR,True,True
Louisville,RG,OL,OFF,2,Naeer Jackson,SR,True,True
Louisville,RT,OL,OFF,1,Cason Henry,SR,True,True
Louisville,RT,OL,OFF,2,Cameron Gorin,FR,False,True
Louisville,TE,TE,OFF,1,Brody Foley,SR,True,True
Louisville,TE,TE,OFF,2,Justyn Reid,SR,True,False
Louisville,TE,TE,OFF,3,Jaleel Skinner,SR,True,True
Louisville,QB,QB,OFF,1,Lincoln Kienholz,JR,True,True
Louisville,QB,QB,OFF,2,Davin Wydner,SR,True,True
Louisville,QB,QB,OFF,3,Briggs Cherry,FR,False,False
Louisville,RB,RB,OFF,1,Isaac Brown,JR,False,False
Louisville,RB,RB,OFF,2,Keyjuan Brown,JR,False,True
Louisville,RB,RB,OFF,3,Marquise Davis,FR,True,True
Louisville,DE,EDGE,DEF,1,AJ Green,JR,False,True
Louisville,DE,EDGE,DEF,2,Jerod Smith II,JR,True,False
Louisville,DE,EDGE,DEF,3,Micah Carter,JR,False,True
Louisville,NT,DT,DEF,1,Demeco Kennedy,JR,True,False
Louisville,NT,DT,DEF,2,Joshua Donald,SR,True,True
Louisville,NT,DT,DEF,3,Keon Webb,SO,True,True
Louisville,DT,DT,DEF,1,Daylen Russell,SO,True,True
Louisville,DT,DT,DEF,2,Bailey Abercrombie,FR,False,True
Louisville,DT,DT,DEF,3,Dillon Smith,FR,False,True
Louisville,LEO,EDGE,DEF,1,Clev Lubin,SR,True,True
Louisville,LEO,EDGE,DEF,2,Tyler Thompson,JR,True,True
Louisville,LEO,EDGE,DEF,3,Maurice Davis,SO,False,True
Louisville,WLB,LB,DEF,1,T.J. Capers,JR,False,True
Louisville,WLB,LB,DEF,2,Trent Carter,SO,False,True
Louisville,WLB,LB,DEF,3,Jacob Smith,SO,True,True
Louisville,MLB,LB,DEF,1,Stanquan Clark,JR,False,True
Louisville,MLB,LB,DEF,2,Cameron White,FR,False,True
Louisville,MLB,LB,DEF,3,Caleb Matelau,FR,False,True
Louisville,STAR,CB,DEF,1,Antonio Watts,SR,False,True
Louisville,STAR,CB,DEF,2,Blake Ruffin,GR,True,False
Louisville,STAR,CB,DEF,3,Benjamin Perry,SR,True,True
Louisville,LCB,CB,DEF,1,DJ Waller Jr.,JR,True,True
Louisville,LCB,CB,DEF,2,Brycen Scott,JR,True,False
Louisville,LCB,CB,DEF,3,Antonio Harris,FR,False,True
Louisville,SS,SAF,DEF,1,Koen Entringer,SR,True,True
Louisville,SS,SAF,DEF,2,Micah Rice,FR,False,True
Louisville,SS,SAF,DEF,3,Jordan Vann,FR,False,False
Louisville,FS,SAF,DEF,1,Kaleb Beasley,JR,True,False
Louisville,FS,SAF,DEF,2,T.J. Banks,JR,True,False
Louisville,RCB,CB,DEF,1,Tayon Holloway,SR,True,True
Louisville,RCB,CB,DEF,2,Myles Norwood,SR,True,True
Louisville,RCB,CB,DEF,3,Santana Wilson,SO,True,True
Marshall,WR-X,WR,OFF,1,Adrian Norton,SR,True,False
Marshall,WR-X,WR,OFF,2,Owen Sweeney,SO,True,True
Marshall,WR-X,WR,OFF,3,Nico Wiedmann,SO,False,True
Marshall,WR-Z,WR,OFF,1,De'Andre Tamarez,SR,True,True
Marshall,WR-Z,WR,OFF,2,Christian Hamilton,JR,True,True
Marshall,WR-SL,WR,OFF,1,Chris Culliver,JR,True,True
Marshall,WR-SL,WR,OFF,2,Xayvion Turner-Bradshaw,JR,True,True
Marshall,WR-SL,WR,OFF,3,Tony Martin,JR,True,True
Marshall,LT,OL,OFF,1,Tariq Montgomery,SR,False,True
Marshall,LT,OL,OFF,2,Jack Laird,FR,False,True
Marshall,LG,OL,OFF,1,Robby Martin,SO,True,True
Marshall,LG,OL,OFF,2,Jaquez Joiner,FR,True,True
Marshall,C,OL,OFF,1,Logan Greer,JR,True,True
Marshall,C,OL,OFF,2,Evan Ferguson,SR,True,True
Marshall,C,OL,OFF,3,Andrew Dudley,FR,False,True
Marshall,RG,OL,OFF,1,Jalen Slappy,SR,False,True
Marshall,RG,OL,OFF,2,Eli Kaufman,FR,False,True
Marshall,RG,OL,OFF,3,Isaac Clary,JR,False,True
Marshall,RT,OL,OFF,1,J.T. Fagan,JR,True,False
Marshall,RT,OL,OFF,2,Xavier Bausley,SR,True,True
Marshall,TE,TE,OFF,1,Toby Payne,SR,False,True
Marshall,TE,TE,OFF,2,Tracy Stephens,JR,False,True
Marshall,TE,TE,OFF,3,Shawn Rouse,JR,False,True
Marshall,QB,QB,OFF,1,Carlos Del Rio-Wilson,SR,True,True
Marshall,QB,QB,OFF,2,Zion Turner,SR,True,True
Marshall,QB,QB,OFF,3,Khalil Wilkins,SO,True,True
Marshall,RB,RB,OFF,1,Jo'Shon Barbie,SR,True,True
Marshall,RB,RB,OFF,2,TJ Lester,SO,True,False
Marshall,RB,RB,OFF,3,Anthony Quinn Jr.,FR,False,True
Marshall,DE,EDGE,DEF,1,Braydin Ward,JR,False,True
Marshall,DE,EDGE,DEF,2,Cole Funderburk,FR,True,True
Marshall,DE,EDGE,DEF,3,Mickel Williams,SR,True,True
Marshall,NT,DT,DEF,1,Mikailin Warren,JR,False,True
Marshall,NT,DT,DEF,2,B.J. Carter,FR,True,True
Marshall,NT,DT,DEF,3,Terry Nwabuisi-Ezeala,FR,True,True
Marshall,DT,DT,DEF,1,Cam Chmura,SO,False,True
Marshall,DT,DT,DEF,2,Kenyatta Hardge,SO,True,True
Marshall,DT,DT,DEF,3,Simeon John,JR,True,True
Marshall,EDGE,EDGE,DEF,1,Kelvon McBride,JR,True,True
Marshall,EDGE,EDGE,DEF,2,Keydel Painter,JR,True,True
Marshall,EDGE,EDGE,DEF,3,Jaasai Simmons,FR,False,True
Marshall,WLB,LB,DEF,1,Javae Gilmore,SR,True,True
Marshall,WLB,LB,DEF,2,Chason Clark,JR,False,False
Marshall,WLB,LB,DEF,3,Ryan Ayers,SR,True,True
Marshall,MLB,LB,DEF,1,Jalen Marshall,GR,True,False
Marshall,MLB,LB,DEF,2,Cannon Lewis,SO,True,True
Marshall,MLB,LB,DEF,3,EahJay McAdams,FR,False,True
Marshall,LCB,CB,DEF,1,Caleb Clark-Glover,JR,False,True
Marshall,LCB,CB,DEF,2,Eddie Pleasant III,JR,True,True
Marshall,SS,SAF,DEF,1,Terrente Hinton,SR,True,True
Marshall,SS,SAF,DEF,2,Camron Nti,FR,False,True
Marshall,FS,SAF,DEF,1,Daytione Smith,SR,False,True
Marshall,FS,SAF,DEF,2,Kendell Anderson,JR,True,True
Marshall,RCB,CB,DEF,1,Charles McCartherens,JR,True,True
Marshall,RCB,CB,DEF,2,Brayden Hall,SR,True,True
Marshall,NB,CB,DEF,1,Josh Pierre-Louis,GR,True,False
Marshall,NB,CB,DEF,2,Aumad Edwards,FR,True,True
Maryland,WR-X,WR,OFF,1,Kaleb Webb,SR,True,True
Maryland,WR-X,WR,OFF,2,Jordan Scott,SR,True,False
Maryland,WR-X,WR,OFF,3,Sean Williams,JR,False,True
Maryland,WR-Z,WR,OFF,1,Na'eem Abdul-Rahim Gladding,JR,True,False
Maryland,WR-Z,WR,OFF,2,Zymear Smith,FR,False,True
Maryland,WR-Z,WR,OFF,3,Ejani Shakir,JR,True,False
Maryland,WR-SL,WR,OFF,1,Chris Durr Jr.,JR,True,False
Maryland,WR-SL,WR,OFF,2,Ryan Manning,JR,False,True
Maryland,LT,OL,OFF,1,Rahtrel Perry,SR,True,True
Maryland,LT,OL,OFF,2,Davon Watkins,SO,False,True
Maryland,LT,OL,OFF,3,Anthony Robsock,SO,False,True
Maryland,LG,OL,OFF,1,Isaiah Wright,GR,True,False
Maryland,LG,OL,OFF,2,Amory Hills,SO,False,False
Maryland,C,OL,OFF,1,Michael Hershey,JR,False,False
Maryland,C,OL,OFF,2,Trevor Szymanski,SO,False,True
Maryland,RG,OL,OFF,1,Tellek Lockette,SR,True,True
Maryland,RG,OL,OFF,2,Ryan Howerton,SO,False,True
Maryland,RG,OL,OFF,3,Logan Bennett,SO,False,True
Maryland,RT,OL,OFF,1,Carlos Moore,SR,True,True
Maryland,RT,OL,OFF,2,Jaylen Gilchrist,FR,False,True
Maryland,TE,TE,OFF,1,Dorian Fleming,JR,True,True
Maryland,TE,TE,OFF,2,Preston Howard,SR,True,True
Maryland,TE,TE,OFF,3,AJ Szymanski,SR,False,False
Maryland,QB,QB,OFF,1,Malik Washington,SO,False,False
Maryland,QB,QB,OFF,2,Devin Kargman,SR,True,True
Maryland,QB,QB,OFF,3,Jackson Hamilton,FR,False,True
Maryland,RB,RB,OFF,1,DeJuan Williams,SO,False,True
Maryland,RB,RB,OFF,2,Harry Dalton III,FR,True,True
Maryland,RB,RB,OFF,3,Iverson Howard,SO,False,False
Maryland,LDE,EDGE,DEF,1,Sidney Stewart,SO,False,False
Maryland,LDE,EDGE,DEF,2,DD Holmes,SO,True,True
Maryland,LDT,DT,DEF,1,Eyan Thomas,JR,True,True
Maryland,LDT,DT,DEF,2,EJ Moore Jr.,JR,True,False
Maryland,LDT,DT,DEF,3,Armon Parker,SR,True,True
Maryland,RDT,DT,DEF,1,Lavon Johnson,SR,True,False
Maryland,RDT,DT,DEF,2,Derrick LeBlanc,JR,True,True
Maryland,RDT,DT,DEF,3,Jayvon Parker,SR,True,True
Maryland,RDE,EDGE,DEF,1,Zahir Mathis,SO,False,False
Maryland,RDE,EDGE,DEF,2,Nahsir Taylor,SO,False,False
Maryland,WLB,LB,DEF,1,Trey Reddick,JR,False,False
Maryland,WLB,LB,DEF,2,Carlton Smith,SO,False,False
Maryland,WLB,LB,DEF,3,Darius Grimes,JR,False,True
Maryland,MLB,LB,DEF,1,Daniel Wingate,SR,False,False
Maryland,MLB,LB,DEF,2,Keyshawn Flowers,JR,False,False
Maryland,MLB,LB,DEF,3,Keyari James,SO,False,True
Maryland,LCB,CB,DEF,1,Jamare Glasker,SR,True,True
Maryland,LCB,CB,DEF,2,Lloyd Irvin III,SO,False,True
Maryland,SS,SAF,DEF,1,Lavain Scruggs,SR,False,True
Maryland,SS,SAF,DEF,2,Alex Moore,JR,False,True
Maryland,FS,SAF,DEF,1,Messiah Delhomme,SO,False,False
Maryland,FS,SAF,DEF,2,Gavin Edwards,JR,True,True
Maryland,RCB,CB,DEF,1,Amari Jackson,SR,True,True
Maryland,RCB,CB,DEF,2,Ricardo Cooper Jr.,JR,False,True
Maryland,NB,CB,DEF,1,Dontay Joyner,SR,True,False
Maryland,NB,CB,DEF,2,Jayden Shipps,SO,False,False
Maryland,NB,CB,DEF,3,Judah Jenkins,SO,False,True
Massachusetts,WR-X,WR,OFF,1,T.Y. Harding,SR,False,True
Massachusetts,WR-X,WR,OFF,2,Dallas Elliott,SR,False,True
Massachusetts,WR-X,WR,OFF,3,Jabari Lewis,SO,True,False
Massachusetts,WR-Z,WR,OFF,1,Joseph Griffin Jr.,SR,True,True
Massachusetts,WR-Z,WR,OFF,2,Kezion Dia-Johnson,SO,False,True
Massachusetts,WR-SL,WR,OFF,1,Devin Matthews,JR,True,True
Massachusetts,WR-SL,WR,OFF,2,Elijah Pedro,FR,False,True
Massachusetts,WR-SL,WR,OFF,3,David Moore Jr.,FR,False,False
Massachusetts,LT,OL,OFF,1,Greg Knox,SR,True,True
Massachusetts,LT,OL,OFF,2,Zachary Franks,GR,True,False
Massachusetts,LT,OL,OFF,3,Tanner Burlingame,SO,False,True
Massachusetts,LG,OL,OFF,1,Nick Dalessandro,GR,True,False
Massachusetts,LG,OL,OFF,2,Riley Bloch,SO,False,True
Massachusetts,C,OL,OFF,1,Aitor Urionabarrenechea,JR,True,True
Massachusetts,C,OL,OFF,2,Peyton Miller,JR,False,True
Massachusetts,RG,OL,OFF,1,Brock Taylor,SO,False,True
Massachusetts,RT,OL,OFF,1,Jaxon King,SR,True,True
Massachusetts,RT,OL,OFF,2,Greg Klingensmith,SR,True,True
Massachusetts,RT,OL,OFF,3,Garrett Cooper,FR,False,True
Massachusetts,TE,TE,OFF,1,Reece Adkins,GR,True,False
Massachusetts,TE,TE,OFF,2,Max Dowling,SR,True,True
Massachusetts,TE,TE,OFF,3,Jax Markovich,SO,False,False
Massachusetts,QB,QB,OFF,1,William Watson III,JR,True,True
Massachusetts,QB,QB,OFF,2,Logan Inagawa,SO,True,False
Massachusetts,QB,QB,OFF,3,Will Perry,SO,False,True
Massachusetts,RB,RB,OFF,1,Jordan Washington,SO,True,True
Massachusetts,RB,RB,OFF,2,Justin Williams-Thomas,SR,True,True
Massachusetts,RB,RB,OFF,3,Elijah Faulkner,SO,False,False
Massachusetts,LDE,EDGE,DEF,1,Andrew DePaepe,JR,True,True
Massachusetts,LDE,EDGE,DEF,2,Zachary Betts,JR,True,False
Massachusetts,LDE,EDGE,DEF,3,Joshua Nobles,GR,True,False
Massachusetts,NT,DT,DEF,1,Zakar Morris,SO,True,True
Massachusetts,NT,DT,DEF,2,Tim Passmore Jr.,SR,True,True
Massachusetts,NT,DT,DEF,3,Aubrey Melvin,FR,True,True
Massachusetts,DT,DT,DEF,1,Justin Krueger,SO,True,True
Massachusetts,DT,DT,DEF,2,Kamarion Thomas,FR,True,True
Massachusetts,DT,DT,DEF,3,Hollis Dirstine,GR,True,False
Massachusetts,RDE,EDGE,DEF,1,William DePaepe,SO,True,True
Massachusetts,RDE,EDGE,DEF,2,Colin Reynolds,GR,True,False
Massachusetts,RDE,EDGE,DEF,3,Romando Johnson,FR,False,True
Massachusetts,WLB,LB,DEF,1,Tyler Martin,SR,True,True
Massachusetts,WLB,LB,DEF,2,Khari Bendolph,SO,True,False
Massachusetts,WLB,LB,DEF,3,Joshua Iseah,SR,True,False
Massachusetts,MLB,LB,DEF,1,Timmy Hinspeter,SR,True,True
Massachusetts,MLB,LB,DEF,2,Kendric Council,JR,True,False
Massachusetts,STAR,CB,DEF,1,Michael Robinson,GR,True,False
Massachusetts,STAR,CB,DEF,2,Jahmad Harmon,SR,True,True
Massachusetts,LCB,CB,DEF,1,Isaiah Reed,GR,True,False
Massachusetts,LCB,CB,DEF,2,Raheim Sexil,SO,True,True
Massachusetts,LCB,CB,DEF,3,JC Clark,FR,False,True
Massachusetts,SS,SAF,DEF,1,Zeraun Daniel,SR,True,False
Massachusetts,SS,SAF,DEF,2,Keith Sarkodieh,SO,False,True
Massachusetts,SS,SAF,DEF,3,Michael Pangaro,SO,False,True
Massachusetts,FS,SAF,DEF,1,Kendall Bournes,SR,True,False
Massachusetts,FS,SAF,DEF,2,DD Snyder,GR,True,False
Massachusetts,RCB,CB,DEF,1,TJ Magee,SR,True,True
Massachusetts,RCB,CB,DEF,2,Chris Stanley,JR,True,False
Memphis,WR-X,WR,OFF,1,Terrell Timmons Jr.,SR,True,True
Memphis,WR-X,WR,OFF,2,Jemyri Davis,JR,True,True
Memphis,WR-Z,WR,OFF,1,Brady Kluse,JR,False,False
Memphis,WR-Z,WR,OFF,2,Alante Brown,SR,True,True
Memphis,WR-SL,WR,OFF,1,Tychaun Chapman,SR,True,True
Memphis,WR-SL,WR,OFF,2,Jermane Hayes,SO,True,False
Memphis,WR-SL,WR,OFF,3,Bryce Dorsey,SO,False,True
Memphis,LT,OL,OFF,1,Carde Smith,FR,True,True
Memphis,LT,OL,OFF,2,Xavier Allen,SR,True,False
Memphis,LT,OL,OFF,3,Jonathan Young,SR,True,True
Memphis,LG,OL,OFF,1,Skyler Grant,SR,True,True
Memphis,LG,OL,OFF,2,Brian Grant,SR,True,True
Memphis,C,OL,OFF,1,Koby Keenum,JR,True,True
Memphis,C,OL,OFF,2,Phillip Gray,SR,True,True
Memphis,RG,OL,OFF,1,Parker Mitchell,SR,True,True
Memphis,RG,OL,OFF,2,Maarten Woudsma,SR,True,True
Memphis,RT,OL,OFF,1,Aaron Karas,SR,True,True
Memphis,RT,OL,OFF,2,Riley McGehee,JR,True,False
Memphis,TE,TE,OFF,1,Hunter Tipton,SR,True,True
Memphis,TE,TE,OFF,2,TJ Johnson,JR,True,True
Memphis,TE,TE,OFF,3,Aidan O'Callaghan,SO,True,True
Memphis,QB,QB,OFF,1,Marcus Stokes,JR,True,True
Memphis,QB,QB,OFF,2,Air Noland,SO,True,True
Memphis,QB,QB,OFF,3,Denzel Gardner,FR,True,True
Memphis,RB,RB,OFF,1,Dallan Hayden,SR,True,True
Memphis,RB,RB,OFF,2,Jaylin Carter,SO,True,False
Memphis,RB,RB,OFF,3,Manny Covey,JR,True,True
Memphis,LDE,EDGE,DEF,1,J'Mond Tapp,SR,True,True
Memphis,LDE,EDGE,DEF,2,Jabari Ishmael,SR,True,True
Memphis,LDE,EDGE,DEF,3,Justin Wallace,SR,True,True
Memphis,NT,DT,DEF,1,J'Mari Monette,SR,True,True
Memphis,NT,DT,DEF,2,Devan Lowe,SR,True,False
Memphis,NT,DT,DEF,3,KJ Miles,SR,True,True
Memphis,DT,DT,DEF,1,Jaden McKinney,SR,True,False
Memphis,DT,DT,DEF,2,Taylor Burton,SR,True,False
Memphis,DT,DT,DEF,3,Xavier Miles,SO,True,True
Memphis,RDE,EDGE,DEF,1,Joseph Head Jr.,JR,True,True
Memphis,RDE,EDGE,DEF,2,DeAngelo Thompson,FR,True,True
Memphis,RDE,EDGE,DEF,3,Stone Chaney,SO,True,True
Memphis,WLB,LB,DEF,1,Jayden Parrish,SO,True,True
Memphis,WLB,LB,DEF,2,Trey McDonald,SR,True,True
Memphis,WLB,LB,DEF,3,Wolf Walker,FR,False,True
Memphis,MLB,LB,DEF,1,Mike Montgomery,SR,True,False
Memphis,MLB,LB,DEF,2,Donovan Mathena,SR,False,True
Memphis,MLB,LB,DEF,3,Christian Thatcher,FR,True,True
Memphis,LCB,CB,DEF,1,Ellis Ellis Jr.,SR,True,True
Memphis,LCB,CB,DEF,2,Chauncey Logan Jr.,GR,True,False
Memphis,SS,SAF,DEF,1,Dylan King,SR,True,True
Memphis,SS,SAF,DEF,2,Dylan Smith,JR,True,True
Memphis,FS,SAF,DEF,1,Ahmere Foster,SR,True,False
Memphis,FS,SAF,DEF,2,Khalil Foster,FR,True,True
Memphis,RCB,CB,DEF,1,Anthony Richard Jr.,SR,True,True
Memphis,RCB,CB,DEF,2,Dilan Williamson,SR,True,True
Memphis,NB,CB,DEF,1,Ian Foster,JR,True,True
Memphis,NB,CB,DEF,2,Darius Malcolm Jr.,SO,True,True
Miami,WR-X,WR,OFF,1,Vandrevius Jacobs,JR,True,True
Miami,WR-X,WR,OFF,2,Joshua Moore,SO,False,False
Miami,WR-Z,WR,OFF,1,Cooper Barkate,GR,True,False
Miami,WR-Z,WR,OFF,2,Cam Vaughn,JR,True,True
Miami,WR-SL,WR,OFF,1,Malachi Toney,SO,False,False
Miami,WR-SL,WR,OFF,2,Daylyn Upshaw,FR,False,True
Miami,LT,OL,OFF,1,Jackson Cantwell,FR,False,False
Miami,LT,OL,OFF,2,Juan Minaya,SO,False,True
Miami,LG,OL,OFF,1,Samson Okunlola,JR,False,True
Miami,LG,OL,OFF,2,Johnathan Cline,JR,True,True
Miami,C,OL,OFF,1,Ryan Rodriguez,SR,False,True
Miami,C,OL,OFF,2,Seuseu Alofaituli,SO,False,False
Miami,RG,OL,OFF,1,Max Buchanan,SO,False,False
Miami,RG,OL,OFF,2,Jamal Meriweather,JR,True,True
Miami,RT,OL,OFF,1,Matthew McCoy,SR,False,True
Miami,TE,TE,OFF,1,Elija Lofton,JR,False,False
Miami,TE,TE,OFF,2,Luka Gilbert,SO,False,False
Miami,TE,TE,OFF,3,Owen Ruskavich,JR,False,True
Miami,QB,QB,OFF,1,Darian Mensah,JR,True,True
Miami,QB,QB,OFF,2,Luke Nickel,FR,False,True
Miami,QB,QB,OFF,3,Judd Anderson,SO,False,True
Miami,RB,RB,OFF,1,Mark Fletcher Jr.,SR,False,False
Miami,RB,RB,OFF,2,CharMar Brown,JR,True,True
Miami,RB,RB,OFF,3,Girard Pringle Jr.,SO,False,False
Miami,LDE,EDGE,DEF,1,Marquise Lightfoot,JR,False,False
Miami,LDE,EDGE,DEF,2,Armondo Blount,JR,False,False
Miami,LDE,EDGE,DEF,3,Hayden Lowe,FR,False,True
Miami,NT,DT,DEF,1,Justin Scott,JR,False,False
Miami,NT,DT,DEF,2,Keona Davis,JR,True,False
Miami,DT,DT,DEF,1,Ahmad Moten Sr.,SR,False,True
Miami,DT,DT,DEF,2,Jarquez Carter,SO,True,False
Miami,RDE,EDGE,DEF,1,Damon Wilson II,SR,True,False
Miami,RDE,EDGE,DEF,2,Herbert Scroggins III,SO,False,False
Miami,RDE,EDGE,DEF,3,Booker Pickett Jr.,SO,False,True
Miami,WLB,LB,DEF,1,Mohamed Toure,SR,True,True
Miami,WLB,LB,DEF,2,Cam Pruitt,JR,False,False
Miami,MLB,LB,DEF,1,Chase Smith,SR,False,True
Miami,MLB,LB,DEF,2,Kamal Bonner,JR,True,True
Miami,MLB,LB,DEF,3,Kellen Wiley Jr.,FR,False,True
Miami,LCB,CB,DEF,1,Romanas Frederique Jr.,JR,False,False
Miami,LCB,CB,DEF,2,Damari Brown,JR,False,True
Miami,LCB,CB,DEF,3,Chris Ewald Jr.,FR,False,True
Miami,SS,SAF,DEF,1,Bryce Fitzgerald,SO,False,False
Miami,SS,SAF,DEF,2,Conrad Hussey,SR,True,False
Miami,SS,SAF,DEF,3,Dylan Day,JR,False,False
Miami,FS,SAF,DEF,1,Zechariah Poyser,JR,True,True
Miami,FS,SAF,DEF,2,JJ Dunnigan,FR,False,False
Miami,RCB,CB,DEF,1,Ethan O'Connor,JR,True,True
Miami,RCB,CB,DEF,2,Xavier Lucas,JR,True,False
Miami,RCB,CB,DEF,3,Ja'Boree Antoine,SO,False,False
Miami,NB,CB,DEF,1,Omar Thornton,JR,True,False
Miami,NB,CB,DEF,2,Isaiah Taylor,GR,True,False
Miami,NB,CB,DEF,3,Camdin Portis,FR,False,False
Miami (OH),WR-X,WR,OFF,2,Lynel Billups-Williams,SO,False,True
Miami (OH),WR-Z,WR,OFF,1,Braylon Isom,FR,False,True
Miami (OH),WR-Z,WR,OFF,2,Deion Colzie,SR,True,True
Miami (OH),WR-Z,WR,OFF,3,Brady Simmons,JR,True,True
Miami (OH),WR-SL,WR,OFF,2,Keith Reynolds,SO,True,True
Miami (OH),LT,OL,OFF,1,Eric Smith,JR,False,True
Miami (OH),LT,OL,OFF,2,Aiden Howard,FR,False,True
Miami (OH),LG,OL,OFF,1,Greg Smith Jr.,SO,False,True
Miami (OH),LG,OL,OFF,2,Brandon Lawhorn Moore,JR,False,True
Miami (OH),C,OL,OFF,1,Kris Manu,FR,False,True
Miami (OH),C,OL,OFF,2,Mitchell Butler,SO,True,True
Miami (OH),RG,OL,OFF,1,Gavin Rohrs,JR,False,True
Miami (OH),RG,OL,OFF,2,Austin Uke,SR,True,True
Miami (OH),RT,OL,OFF,1,Jacob Schorsch,FR,False,True
Miami (OH),RT,OL,OFF,2,Andrew Lowry,SO,False,True
Miami (OH),TE,TE,OFF,1,Brian Shane,SR,False,True
Miami (OH),TE,TE,OFF,2,Chase Becker,JR,False,True
Miami (OH),QB,QB,OFF,1,Thomas Gotkowski,FR,False,True
Miami (OH),QB,QB,OFF,2,Henry Hesson,SR,False,True
Miami (OH),RB,RB,OFF,1,Jordan Brunson,SR,True,True
Miami (OH),RB,RB,OFF,2,Josh Ringer,FR,False,True
Miami (OH),RB,RB,OFF,3,D'Shawntae Jones,FR,False,True
Miami (OH),LDE,EDGE,DEF,1,Grant Lyons,JR,False,True
Miami (OH),LDE,EDGE,DEF,2,Devin Bell,FR,False,True
Miami (OH),LDE,EDGE,DEF,3,James Schott,JR,True,True
Miami (OH),NT,DT,DEF,1,Roosevelt Andrews III,SO,False,True
Miami (OH),NT,DT,DEF,2,Brach Rice,FR,False,True
Miami (OH),NT,DT,DEF,3,William Goodvine III,FR,False,True
Miami (OH),DT,DT,DEF,1,Nasir Washington,SR,False,True
Miami (OH),DT,DT,DEF,2,OJ Alexander,FR,False,True
Miami (OH),RDE,EDGE,DEF,1,Bai Jobe,SO,True,True
Miami (OH),RDE,EDGE,DEF,2,James Schott,JR,True,True
Miami (OH),WLB,LB,DEF,1,Jackson Kuwatch,SR,True,True
Miami (OH),WLB,LB,DEF,2,Oscar McWood,SR,False,True
Miami (OH),MLB,LB,DEF,1,Malcolm McCain,SO,False,True
Miami (OH),MLB,LB,DEF,2,Oscar McWood,SR,False,True
Miami (OH),LCB,CB,DEF,1,Mychal Yharbrough,JR,False,False
Miami (OH),LCB,CB,DEF,2,Jerome Smith,FR,False,False
Miami (OH),SS,SAF,DEF,1,Eli Blakey,SR,False,True
Miami (OH),SS,SAF,DEF,2,Leo Colombi,FR,False,True
Miami (OH),FS,SAF,DEF,2,Eli Coppess,JR,False,True
Miami (OH),RCB,CB,DEF,1,Kaleb Martin,SO,False,False
Miami (OH),RCB,CB,DEF,2,Adrian Walker Jr.,FR,False,False
Miami (OH),NB,CB,DEF,1,Silas Walters,SR,False,True
Miami (OH),NB,CB,DEF,2,Eli Coppess,JR,False,True
Michigan,WR-X,WR,OFF,1,Andrew Marsh,SO,False,False
Michigan,WR-X,WR,OFF,2,Jamar Browder,SO,False,False
Michigan,WR-X,WR,OFF,3,Travis Johnson,FR,False,False
Michigan,WR-Z,WR,OFF,1,Jaime Ffrench,FR,True,True
Michigan,WR-Z,WR,OFF,2,Salesi Moa,FR,False,False
Michigan,WR-Z,WR,OFF,3,Kendrick Bell,JR,False,True
Michigan,WR-SL,WR,OFF,1,JJ Buchanan,SO,True,False
Michigan,WR-SL,WR,OFF,2,Channing Goodwin,SO,False,True
Michigan,WR-SL,WR,OFF,3,I'Marion Stewart,SO,False,True
Michigan,LT,OL,OFF,1,Blake Frazier,SO,False,True
Michigan,LT,OL,OFF,2,Andrew Babalola,FR,False,True
Michigan,LT,OL,OFF,3,Marky Walbridge,FR,False,False
Michigan,LG,OL,OFF,1,Evan Link,JR,False,True
Michigan,LG,OL,OFF,2,Luke Hamilton,SO,False,True
Michigan,C,OL,OFF,1,Jake Guarnera,SO,False,True
Michigan,C,OL,OFF,2,Houston Ka'aha'aina-Torres,FR,True,True
Michigan,RG,OL,OFF,1,Nathan Efobi,JR,False,True
Michigan,RG,OL,OFF,2,Brady Norton,JR,True,True
Michigan,RG,OL,OFF,3,Ace Hamilton,FR,False,False
Michigan,RT,OL,OFF,1,Andrew Sprague,SO,False,True
Michigan,RT,OL,OFF,2,Malakai Lee,FR,False,False
Michigan,RT,OL,OFF,3,Avery Gach,FR,False,True
Michigan,TE,TE,OFF,1,Zack Marshall,JR,False,True
Michigan,TE,TE,OFF,2,Hogan Hansen,SO,False,True
Michigan,TE,TE,OFF,3,Deakon Tonielli,JR,False,True
Michigan,QB,QB,OFF,1,Bryce Underwood,SO,False,False
Michigan,QB,QB,OFF,2,Brayden Fowler-Nicolosi,SR,True,True
Michigan,QB,QB,OFF,3,Tommy Carr,FR,False,False
Michigan,RB,RB,OFF,1,Jordan Marshall,SO,False,True
Michigan,RB,RB,OFF,2,Savion Hiter,FR,False,False
Michigan,RB,RB,OFF,3,Bryson Kuzdzal,JR,False,True
Michigan,LDE,EDGE,DEF,1,Cameron Brandt,SR,False,False
Michigan,LDE,EDGE,DEF,2,Dominic Nichols,SO,False,True
Michigan,LDE,EDGE,DEF,3,Lugard Edokpayi,SO,False,True
Michigan,LDT,DT,DEF,1,Trey Pierce,SR,False,False
Michigan,LDT,DT,DEF,2,Deyvid Palepale,SO,False,True
Michigan,LDT,DT,DEF,3,Chibi Anwunah,SR,False,True
Michigan,RDT,DT,DEF,1,Enow Etta,JR,False,True
Michigan,RDT,DT,DEF,2,Jonah Lea'ea,JR,True,True
Michigan,RDT,DT,DEF,3,Travis Moten,FR,False,True
Michigan,RDE,EDGE,DEF,1,John Henry Daley,JR,True,True
Michigan,RDE,EDGE,DEF,2,Nate Marshall,SO,False,False
Michigan,RDE,EDGE,DEF,3,Benny Patterson III,FR,False,True
Michigan,WLB,LB,DEF,1,Nathaniel Owusu-Boateng,SO,False,False
Michigan,WLB,LB,DEF,2,Nathaniel Staehling,SR,True,True
Michigan,WLB,LB,DEF,3,Aisea Moa,SR,True,True
Michigan,MLB,LB,DEF,1,Troy Bowles,JR,True,True
Michigan,MLB,LB,DEF,2,Chase Taylor,SO,False,False
Michigan,MLB,LB,DEF,3,Max Alford,SR,True,True
Michigan,LCB,CB,DEF,1,Zeke Berry,SR,False,True
Michigan,LCB,CB,DEF,2,Shamari Earls,SO,False,False
Michigan,LCB,CB,DEF,3,Jamarion Vincent,FR,False,False
Michigan,SS,SAF,DEF,1,Chris Bracy,JR,True,True
Michigan,SS,SAF,DEF,2,Mason Curtis,JR,False,False
Michigan,SS,SAF,DEF,3,Kainoa Winston,FR,False,True
Michigan,FS,SAF,DEF,1,Rod Moore,SR,False,True
Michigan,FS,SAF,DEF,2,Jordan Young,SO,False,False
Michigan,FS,SAF,DEF,3,Jacob Oden,SO,False,True
Michigan,RCB,CB,DEF,1,Jyaire Hill,JR,False,True
Michigan,RCB,CB,DEF,2,Jo'Ziah Edmond,SO,False,True
Michigan,RCB,CB,DEF,3,Joshua Nichols,SR,False,True
Michigan,NB,CB,DEF,1,Smith Snowden,SR,True,False
Michigan,NB,CB,DEF,2,Jamarion Vincent,FR,False,False
Michigan,NB,CB,DEF,3,Jeremiah Lowe,SO,False,True
Michigan State,WR-X,WR,OFF,1,Fredrick Moore,JR,True,True
Michigan State,WR-X,WR,OFF,2,Bryson Williams,FR,False,True
Michigan State,WR-Z,WR,OFF,1,KK Smith,JR,True,True
Michigan State,WR-Z,WR,OFF,2,Charles Taplin,FR,False,True
Michigan State,WR-F,WR,OFF,1,Chrishon McCray,SR,True,True
Michigan State,WR-F,WR,OFF,2,Rodney Bullard Jr.,SR,True,True
Michigan State,LT,OL,OFF,1,Ben Murawski,SR,True,True
Michigan State,LT,OL,OFF,2,Rustin Young,SO,False,True
Michigan State,LG,OL,OFF,1,Nick Sharpe,SR,True,True
Michigan State,C,OL,OFF,1,Trent Fraley,SR,True,True
Michigan State,RG,OL,OFF,1,Luka Vincic,SR,True,True
Michigan State,RG,OL,OFF,2,Rakeem Johnson,SO,False,True
Michigan State,RT,OL,OFF,1,Conner Moore,SR,True,True
Michigan State,RT,OL,OFF,2,Robert Wright Jr.,JR,True,True
Michigan State,TE,TE,OFF,1,Brennan Parachek,JR,False,True
Michigan State,TE,TE,OFF,2,Kai Rios,SR,True,True
Michigan State,TE,TE,OFF,3,Carson Gulker,SR,True,True
Michigan State,QB,QB,OFF,1,Alessio Milivojevic,SO,False,True
Michigan State,QB,QB,OFF,2,Cam Fancher,SR,True,True
Michigan State,QB,QB,OFF,3,Leo Hannan,FR,False,True
Michigan State,RB,RB,OFF,1,Cam Edwards,SR,True,True
Michigan State,RB,RB,OFF,2,Jaziun Patterson,SR,True,True
Michigan State,RB,RB,OFF,3,Brandon Tullis,JR,False,False
Michigan State,FB,RB,OFF,1,Jay Coyne,SR,False,True
Michigan State,LDE,EDGE,DEF,1,Isaac Smith,SR,True,True
Michigan State,LDE,EDGE,DEF,2,Kekai Burnett,SO,False,True
Michigan State,LDE,EDGE,DEF,3,Keahnist Thompson,SR,True,True
Michigan State,LDT,DT,DEF,1,Eli Coenen,JR,True,True
Michigan State,LDT,DT,DEF,2,Carlos Hazelwood,SO,True,True
Michigan State,LDT,DT,DEF,3,Mikeshun Beeler,SO,False,True
Michigan State,RDT,DT,DEF,1,Ben Roberts,SR,True,True
Michigan State,RDT,DT,DEF,2,Derrick Simmons,FR,False,True
Michigan State,RDE,EDGE,DEF,1,Kenny Soares Jr.,SR,True,True
Michigan State,RDE,EDGE,DEF,2,Anelu Lafaele,SO,True,True
Michigan State,RDE,EDGE,DEF,3,Trey Lisle,SO,True,True
Michigan State,WLB,LB,DEF,1,Dion Crawford,SR,True,False
Michigan State,WLB,LB,DEF,2,Cam Stodghill,SR,True,False
Michigan State,WLB,LB,DEF,3,Brady Pretzlaff,SO,False,True
Michigan State,MLB,LB,DEF,1,Jordan Hall,SR,False,False
Michigan State,MLB,LB,DEF,2,Caleb Wheatland,SR,True,True
Michigan State,LCB,CB,DEF,1,Tre Bell,SR,True,True
Michigan State,LCB,CB,DEF,2,NiJhay Burt,SR,True,True
Michigan State,LCB,CB,DEF,3,Dorian Davis,SR,False,True
Michigan State,SS,SAF,DEF,1,Aveon Grose,SR,True,True
Michigan State,SS,SAF,DEF,2,Devin Vaught,JR,True,True
Michigan State,FS,SAF,DEF,1,Nikai Martinez,SR,True,True
Michigan State,FS,SAF,DEF,2,Trevaughn Martinez,JR,True,True
Michigan State,RCB,CB,DEF,1,Charles Brantley,SR,True,True
Michigan State,RCB,CB,DEF,2,Tyran Chappell,SO,True,True
Michigan State,NB,CB,DEF,1,Michael Richard,SR,True,False
Michigan State,NB,CB,DEF,2,Khalil Majeed,SR,False,True
Middle Tennessee,WR-X,WR,OFF,1,Markus Allen,GR,True,False
Middle Tennessee,WR-X,WR,OFF,2,Tyree Patterson,JR,True,True
Middle Tennessee,WR-X,WR,OFF,3,Kason Stokes,SO,True,True
Middle Tennessee,WR-Z,WR,OFF,1,AJ Jones,SR,True,True
Middle Tennessee,WR-Z,WR,OFF,2,Landon Collins,SO,False,False
Middle Tennessee,WR-SL,WR,OFF,1,Cam'ron Lacy,JR,False,True
Middle Tennessee,WR-SL,WR,OFF,2,Hogan Wasson,SR,True,True
Middle Tennessee,WR-SL,WR,OFF,3,Zaidyn Moore,SO,False,True
Middle Tennessee,LT,OL,OFF,1,Reese Tripp,JR,True,True
Middle Tennessee,LT,OL,OFF,2,Tim Jacobs,JR,True,False
Middle Tennessee,LT,OL,OFF,3,Kyle Larkin,FR,False,True
Middle Tennessee,LG,OL,OFF,1,Adrian Crespin,JR,True,True
Middle Tennessee,LG,OL,OFF,2,Chris Moreno,JR,True,True
Middle Tennessee,C,OL,OFF,1,Otto Janse Van Rensburg,SO,False,False
Middle Tennessee,C,OL,OFF,2,Quentin Butler,JR,True,True
Middle Tennessee,RG,OL,OFF,1,Alex Gale,SO,False,True
Middle Tennessee,RG,OL,OFF,2,Trevaris Edwards,JR,True,False
Middle Tennessee,RT,OL,OFF,1,Brennan Smith,GR,True,False
Middle Tennessee,RT,OL,OFF,2,Diego Blattler,SR,True,True
Middle Tennessee,TE,TE,OFF,1,Tayvion Galloway,SO,True,True
Middle Tennessee,TE,TE,OFF,2,Evan Poticher,JR,False,False
Middle Tennessee,TE,TE,OFF,3,Jadin Hambrick,JR,True,False
Middle Tennessee,QB,QB,OFF,1,Roman Gagliano,SO,False,True
Middle Tennessee,QB,QB,OFF,2,Peter Costelli,GR,True,False
Middle Tennessee,QB,QB,OFF,3,Stanley Anderson-Lofton,FR,False,True
Middle Tennessee,RB,RB,OFF,1,Antonio Martin,SR,True,True
Middle Tennessee,RB,RB,OFF,2,Terrence Brown,SR,True,True
Middle Tennessee,RB,RB,OFF,3,DJ Taylor,SO,False,False
Middle Tennessee,DE,EDGE,DEF,1,Aidan Butts,JR,False,False
Middle Tennessee,DE,EDGE,DEF,2,Tiyyan Robinson,SO,False,True
Middle Tennessee,DE,EDGE,DEF,3,Matthew Blomquist,SO,False,True
Middle Tennessee,NT,DT,DEF,1,Felix Hixon,SR,True,True
Middle Tennessee,NT,DT,DEF,2,Emmanuel Gyamfi,JR,True,False
Middle Tennessee,NT,DT,DEF,3,Archie Roseman V,FR,False,True
Middle Tennessee,DT,DT,DEF,1,Zeion Simpson-Smith,SO,False,True
Middle Tennessee,DT,DT,DEF,2,Justin Bodford,SO,True,True
Middle Tennessee,EDGE,EDGE,DEF,1,Reggie Johnson,SR,True,True
Middle Tennessee,EDGE,EDGE,DEF,2,Mathias Malaki-Donaldson,SR,True,True
Middle Tennessee,EDGE,EDGE,DEF,3,Kaven Call,JR,True,True
Middle Tennessee,WLB,LB,DEF,1,Ashton Taylor,SR,True,True
Middle Tennessee,WLB,LB,DEF,2,Jaiyden Thompson,SR,True,False
Middle Tennessee,WLB,LB,DEF,3,Micah Smith,FR,False,True
Middle Tennessee,MLB,LB,DEF,1,Korey Smith,JR,False,False
Middle Tennessee,MLB,LB,DEF,2,Jayson Lowe,JR,True,True
Middle Tennessee,LCB,CB,DEF,1,Jason Hardy,SR,True,True
Middle Tennessee,LCB,CB,DEF,2,Aidan Singleton,SR,True,False
Middle Tennessee,LCB,CB,DEF,3,Devan Carlisle,JR,True,True
Middle Tennessee,SS,SAF,DEF,1,Christofer Noble,SO,False,False
Middle Tennessee,SS,SAF,DEF,2,James Johnson,SO,True,False
Middle Tennessee,SS,SAF,DEF,3,Locke Kennedy,SO,False,False
Middle Tennessee,FS,SAF,DEF,1,Kalen Woods,SR,True,True
Middle Tennessee,FS,SAF,DEF,2,Jordan Chestnut,SR,True,True
Middle Tennessee,FS,SAF,DEF,3,Bryce Williams,FR,False,False
Middle Tennessee,RCB,CB,DEF,1,Jackson Lowe,SO,False,True
Middle Tennessee,RCB,CB,DEF,2,Ricky Lee,JR,True,True
Middle Tennessee,RCB,CB,DEF,3,Camari Hall,SO,False,False
Middle Tennessee,NB,CB,DEF,1,Dyson McCutcheon,GR,True,False
Middle Tennessee,NB,CB,DEF,2,Gumbo Gaskins,SR,True,True
Middle Tennessee,NB,CB,DEF,3,KJ Miniefield,JR,True,True
Minnesota,WR-X,WR,OFF,1,Jalen Smith,SO,False,True
Minnesota,WR-X,WR,OFF,2,Noah Jennings,SR,True,False
Minnesota,WR-X,WR,OFF,3,Bradley Martino,FR,False,True
Minnesota,WR-Z,WR,OFF,1,Perry Thompson,JR,True,False
Minnesota,WR-Z,WR,OFF,2,Donielle Hayes,JR,False,True
Minnesota,WR-SL,WR,OFF,1,Javon Tracy,SR,True,True
Minnesota,WR-SL,WR,OFF,2,Zion Steptoe,SR,True,True
Minnesota,LT,OL,OFF,1,Nathan Roy,SO,False,True
Minnesota,LT,OL,OFF,2,Kaveon Lee,FR,False,True
Minnesota,LG,OL,OFF,1,Greg Johnson,SR,False,False
Minnesota,LG,OL,OFF,2,Jaden Ball,SO,True,True
Minnesota,C,OL,OFF,1,Ashton Beers,SR,False,True
Minnesota,C,OL,OFF,2,Brett Carroll,SO,False,True
Minnesota,RG,OL,OFF,1,Tony Nelson,SR,False,True
Minnesota,RG,OL,OFF,2,Jerome Williams,JR,False,True
Minnesota,RT,OL,OFF,1,Bennett Warren,SO,True,True
Minnesota,RT,OL,OFF,2,Daniel Shipp,FR,False,True
Minnesota,TE,TE,OFF,1,Kaden Helms,SR,True,True
Minnesota,TE,TE,OFF,2,Pierce Walsh,JR,False,True
Minnesota,TE,TE,OFF,3,Julian Johnson,SO,False,True
Minnesota,QB,QB,OFF,1,Drake Lindsey,SO,False,True
Minnesota,QB,QB,OFF,2,Max Shikenjanski,JR,False,True
Minnesota,QB,QB,OFF,3,Michael Merdinger,SO,True,True
Minnesota,RB,RB,OFF,1,Darius Taylor,SR,False,False
Minnesota,RB,RB,OFF,2,A.J. Turner,SR,True,True
Minnesota,RB,RB,OFF,3,TJ Thomas,JR,True,False
Minnesota,DE,EDGE,DEF,1,Anthony Smith,SR,False,True
Minnesota,DE,EDGE,DEF,2,TJ Bush Jr.,SR,True,False
Minnesota,DE,EDGE,DEF,3,Adam Kissayi,SO,True,True
Minnesota,NT,DT,DEF,1,Naquan Crowder,JR,True,True
Minnesota,NT,DT,DEF,2,Riley Sunram,SO,False,True
Minnesota,NT,DT,DEF,3,Mo Omonode,SR,True,True
Minnesota,DT,DT,DEF,1,Xion Chapman,JR,True,True
Minnesota,DT,DT,DEF,2,Sid Kaba,JR,True,True
Minnesota,DT,DT,DEF,3,Jaylin Hicks,SO,False,True
Minnesota,RUSH,EDGE,DEF,1,Jaxon Howard,JR,True,True
Minnesota,RUSH,EDGE,DEF,2,Karter Menz,JR,False,True
Minnesota,WLB,LB,DEF,1,Matt Kingsbury,JR,False,True
Minnesota,WLB,LB,DEF,2,Emmanuel Karmo,SO,False,False
Minnesota,WLB,LB,DEF,3,Mason Carrier,SO,False,True
Minnesota,MLB,LB,DEF,1,Maverick Baranowski,SR,False,True
Minnesota,MLB,LB,DEF,2,Joey Gerlach,SR,False,True
Minnesota,MLB,LB,DEF,3,Andrew Marshall,JR,True,True
Minnesota,LCB,CB,DEF,1,John Nestor,SR,True,False
Minnesota,LCB,CB,DEF,2,Mike Gerald,SO,False,True
Minnesota,SS,SAF,DEF,1,Kerry Brown,JR,False,True
Minnesota,SS,SAF,DEF,2,Mekhai Smith,JR,True,False
Minnesota,SS,SAF,DEF,3,Zahir Rainer,SO,False,True
Minnesota,FS,SAF,DEF,1,Aidan Gousby,SR,False,True
Minnesota,FS,SAF,DEF,2,Zack Harden,SO,False,False
Minnesota,RCB,CB,DEF,1,Aydan West,SO,True,False
Minnesota,RCB,CB,DEF,2,Naiim Parrish,SO,False,False
Minnesota,NB,CB,DEF,1,Parker Knutson,JR,True,True
Minnesota,NB,CB,DEF,2,Garrison Monroe,JR,False,True
Minnesota,NB,CB,DEF,3,Elisha West,SO,True,True
Ole Miss,WR-X,WR,OFF,1,Deuce Alexander,JR,True,True
Ole Miss,WR-X,WR,OFF,2,Horatio Fields,SR,True,True
Ole Miss,WR-X,WR,OFF,3,Isaiah Spencer,SR,True,False
Ole Miss,WR-Z,WR,OFF,1,Darrell Gill Jr.,SR,True,False
Ole Miss,WR-Z,WR,OFF,2,Caleb Cunningham,FR,False,True
Ole Miss,WR-Z,WR,OFF,3,Samari Reed,FR,False,True
Ole Miss,WR-SL,WR,OFF,1,Johntay Cook II,SR,True,False
Ole Miss,WR-SL,WR,OFF,2,Cameron Miller,SO,True,False
Ole Miss,WR-SL,WR,OFF,3,Dillon Alfred,FR,False,True
Ole Miss,LT,OL,OFF,1,Terez Davis,SO,True,True
Ole Miss,LT,OL,OFF,2,Enoch Wangoy,SO,True,True
Ole Miss,LG,OL,OFF,1,Delano Townsend,JR,True,True
Ole Miss,LG,OL,OFF,2,Troy Everett,SR,True,True
Ole Miss,C,OL,OFF,1,Brycen Sanders,JR,False,True
Ole Miss,C,OL,OFF,2,Joe Koury,SO,False,True
Ole Miss,C,OL,OFF,3,John Wayne Oliver,SO,False,True
Ole Miss,RG,OL,OFF,1,Patrick Kutas,SR,True,True
Ole Miss,RG,OL,OFF,2,Connor Howes,SO,False,False
Ole Miss,RT,OL,OFF,1,Tommy Kinsler IV,JR,True,True
Ole Miss,RT,OL,OFF,2,Carius Curne,SO,True,False
Ole Miss,TE,TE,OFF,1,Luke Hasz,SR,True,False
Ole Miss,TE,TE,OFF,2,Caleb Odom,JR,True,False
Ole Miss,TE,TE,OFF,3,Brady Prieskorn,SO,True,True
Ole Miss,QB,QB,OFF,1,Trinidad Chambliss,SR,True,True
Ole Miss,QB,QB,OFF,2,Deuce Knight,FR,True,True
Ole Miss,QB,QB,OFF,3,AJ Maddox,SO,False,True
Ole Miss,RB,RB,OFF,1,Kewan Lacy,JR,True,False
Ole Miss,RB,RB,OFF,2,Makhi Frazier,JR,True,False
Ole Miss,RB,RB,OFF,3,Joshua Dye,JR,True,True
Ole Miss,DE,EDGE,DEF,1,Kam Franklin,JR,False,False
Ole Miss,DE,EDGE,DEF,2,Jonathan Maldonado,SR,True,True
Ole Miss,DE,EDGE,DEF,3,Jordan Renaud,JR,True,True
Ole Miss,NT,DT,DEF,1,Michai Boireau,JR,True,False
Ole Miss,NT,DT,DEF,2,Jehiem Oatis,SR,True,True
Ole Miss,NT,DT,DEF,3,Andrew Maddox,SO,False,False
Ole Miss,DT,DT,DEF,1,Will Echoles,JR,False,False
Ole Miss,DT,DT,DEF,2,Jamarious Brown,JR,False,True
Ole Miss,DT,DT,DEF,3,Kamron Beavers,SO,False,True
Ole Miss,BUCK,EDGE,DEF,1,Suntarine Perkins,SR,False,False
Ole Miss,BUCK,EDGE,DEF,2,Blake Purchase,JR,True,True
Ole Miss,BUCK,EDGE,DEF,3,Talib Graham,FR,False,True
Ole Miss,WLB,LB,DEF,1,Keaton Thomas,SR,True,True
Ole Miss,WLB,LB,DEF,2,Jarcoby Hopson,FR,False,True
Ole Miss,WLB,LB,DEF,3,Tony Mitchell,SR,True,False
Ole Miss,MLB,LB,DEF,1,Luke Ferrelli,SO,True,True
Ole Miss,MLB,LB,DEF,2,Tah'j Butler,JR,True,False
Ole Miss,MLB,LB,DEF,3,Ant Davis,FR,False,False
Ole Miss,LCB,CB,DEF,1,Jalyn Crawford,JR,True,False
Ole Miss,LCB,CB,DEF,2,Jaylon Braxton,SR,True,False
Ole Miss,LCB,CB,DEF,3,Tavoy Feagin,SO,True,True
Ole Miss,SS,SAF,DEF,1,Edwin Joseph,JR,True,True
Ole Miss,SS,SAF,DEF,2,Andy Jaffe,SO,False,True
Ole Miss,SS,SAF,DEF,3,Cortez Thomas,FR,False,True
Ole Miss,FS,SAF,DEF,1,Joenel Aguero,SR,True,False
Ole Miss,FS,SAF,DEF,2,Nick Cull,SR,False,True
Ole Miss,FS,SAF,DEF,3,Keon Young,FR,False,True
Ole Miss,RCB,CB,DEF,1,Antonio Kite,SR,True,True
Ole Miss,RCB,CB,DEF,2,Dorian Barney,FR,False,False
Ole Miss,RCB,CB,DEF,3,Cedrick Beavers,SR,True,True
Ole Miss,NB,CB,DEF,1,Sharif Denson,SR,True,False
Ole Miss,NB,CB,DEF,2,Ladarian Clardy,SO,False,False
Ole Miss,NB,CB,DEF,3,Anthony Robinson III,SO,False,True
Mississippi State,WR-X,WR,OFF,1,Marquis Johnson,SR,True,False
Mississippi State,WR-X,WR,OFF,2,Sanfrisco Magee,SO,False,True
Mississippi State,WR-X,WR,OFF,3,Matt Mayfield,JR,True,False
Mississippi State,WR-Z,WR,OFF,1,Ayden Williams,SR,True,False
Mississippi State,WR-Z,WR,OFF,2,Zion Ragins,SO,True,True
Mississippi State,WR-SL,WR,OFF,1,Anthony Evans III,SR,True,False
Mississippi State,WR-SL,WR,OFF,2,Gracen Harris,FR,False,True
Mississippi State,LT,OL,OFF,1,Jakheem Shumpert-Perkins,JR,True,True
Mississippi State,LT,OL,OFF,2,Tyler Miller,FR,True,True
Mississippi State,LT,OL,OFF,3,Ja'Elyne Matthews,FR,True,True
Mississippi State,LG,OL,OFF,1,DJ Chester,JR,True,True
Mississippi State,LG,OL,OFF,2,TJ Lockhart,SO,False,True
Mississippi State,LG,OL,OFF,3,Jamari Freeman,SR,True,True
Mississippi State,C,OL,OFF,1,Canon Boone,GR,False,False
Mississippi State,C,OL,OFF,2,Mario Nash,FR,True,True
Mississippi State,C,OL,OFF,3,Wesley Davis,SR,False,True
Mississippi State,RG,OL,OFF,1,LJ Prudhomme,FR,True,True
Mississippi State,RG,OL,OFF,2,Miles McVay,JR,True,True
Mississippi State,RT,OL,OFF,1,Blake Steen,JR,True,True
Mississippi State,RT,OL,OFF,2,Saquon Miles,JR,True,True
Mississippi State,RT,OL,OFF,3,Isaiah Dent,SO,True,True
Mississippi State,TE,TE,OFF,1,Sam West,JR,True,True
Mississippi State,TE,TE,OFF,2,Riley Williams,JR,True,True
Mississippi State,TE,TE,OFF,3,Zayion Cotton,FR,False,False
Mississippi State,QB,QB,OFF,1,Kamario Taylor,SO,False,False
Mississippi State,QB,QB,OFF,2,AJ Swann,SR,True,True
Mississippi State,QB,QB,OFF,3,Jaden Rashada,JR,True,True
Mississippi State,RB,RB,OFF,1,Fluff Bothwell,JR,True,False
Mississippi State,RB,RB,OFF,2,Xavier Gayten,JR,False,False
Mississippi State,RB,RB,OFF,3,Kolin Wilson,FR,False,True
Mississippi State,DE,EDGE,DEF,1,Will Whitson,GR,True,False
Mississippi State,DE,EDGE,DEF,2,Trevion Williams,JR,False,True
Mississippi State,DE,EDGE,DEF,3,Jayson Jenkins,SR,True,True
Mississippi State,NT,DT,DEF,1,Jaray Bledsoe,SR,True,True
Mississippi State,NT,DT,DEF,2,Kalvin Dinkins,SR,False,True
Mississippi State,NT,DT,DEF,3,Diesel Moye,SR,True,True
Mississippi State,DT,DT,DEF,1,Dealyn Evans,SO,True,True
Mississippi State,DT,DT,DEF,2,DJ Reed,JR,True,True
Mississippi State,DT,DT,DEF,3,Colin Coates,JR,True,True
Mississippi State,JACK,EDGE,DEF,1,Amaree Williams,JR,True,False
Mississippi State,JACK,EDGE,DEF,2,Derion Gullette,JR,True,True
Mississippi State,JACK,EDGE,DEF,3,Tyshun Willis,FR,False,True
Mississippi State,WLB,LB,DEF,1,Tyler Lockhart,SO,False,False
Mississippi State,WLB,LB,DEF,2,Jalen Smith,JR,True,True
Mississippi State,WLB,LB,DEF,3,LaKendrick James,JR,True,True
Mississippi State,MLB,LB,DEF,1,Zakari Tillman,SR,False,False
Mississippi State,MLB,LB,DEF,2,Fatt Forrest,SO,False,True
Mississippi State,MLB,LB,DEF,3,AJ Rice,FR,False,True
Mississippi State,LCB,CB,DEF,1,Kelley Jones,JR,False,True
Mississippi State,LCB,CB,DEF,2,Kaylib Singleton,FR,True,True
Mississippi State,LCB,CB,DEF,3,Kyle Johnson,FR,False,True
Mississippi State,SS,SAF,DEF,1,Jardin Gilbert,GR,True,False
Mississippi State,SS,SAF,DEF,2,Tanner Johnson,SR,False,True
Mississippi State,SS,SAF,DEF,3,Ja'Bryis Stewart,JR,True,True
Mississippi State,FS,SAF,DEF,1,Marcus Williams,SR,True,True
Mississippi State,FS,SAF,DEF,2,Bralan Womack,FR,False,False
Mississippi State,FS,SAF,DEF,3,Dre Riley,JR,True,False
Mississippi State,RCB,CB,DEF,1,Quentin Taylor,SO,True,True
Mississippi State,RCB,CB,DEF,2,Jett Jefferson,JR,True,True
Mississippi State,RCB,CB,DEF,3,Jamroc Grimsley,SO,True,True
Mississippi State,NB,CB,DEF,1,Isaac Smith,SR,False,False
Mississippi State,NB,CB,DEF,2,Kendel Dolby,GR,True,False
Missouri,WR-X,WR,OFF,1,Donovan Olugbode,SO,False,False
Missouri,WR-X,WR,OFF,2,Kenric Lanier II,JR,True,True
Missouri,WR-Z,WR,OFF,1,Caleb Goodie,SR,True,False
Missouri,WR-Z,WR,OFF,2,Naeshaun Montgomery,FR,True,True
Missouri,WR-Z,WR,OFF,3,Jabari Brady,FR,False,False
Missouri,WR-H,WR,OFF,1,Cayden Lee,SR,True,False
Missouri,WR-H,WR,OFF,2,Shaun Terry II,FR,False,True
Missouri,WR-H,WR,OFF,3,DaMarion Fowlkes,SO,False,False
Missouri,LT,OL,OFF,1,Cayden Green,SR,True,False
Missouri,LT,OL,OFF,2,Jack Lange,FR,False,True
Missouri,LT,OL,OFF,3,DJ Jones,FR,False,False
Missouri,LG,OL,OFF,1,Zach Owens,JR,True,True
Missouri,LG,OL,OFF,2,Ryan Jostes,SO,False,True
Missouri,C,OL,OFF,1,Dominick Giudice,SR,True,True
Missouri,C,OL,OFF,2,Tristan Wilson,SR,False,True
Missouri,C,OL,OFF,3,Colin Sorensen,JR,True,False
Missouri,RG,OL,OFF,1,Curtis Peagler,SR,False,True
Missouri,RG,OL,OFF,2,Khalief Canty Jr.,FR,False,False
Missouri,RT,OL,OFF,1,Logan Reichert,JR,False,True
Missouri,RT,OL,OFF,2,Luke Work,JR,True,False
Missouri,RT,OL,OFF,3,Whit Hafer,SO,False,True
Missouri,TE,TE,OFF,1,Brett Norfleet,SR,False,False
Missouri,TE,TE,OFF,2,Jordon Harris,SR,False,False
Missouri,TE,TE,OFF,3,Jude James,SO,False,True
Missouri,QB,QB,OFF,1,Austin Simmons,JR,True,True
Missouri,QB,QB,OFF,2,Matt Zollers,SO,False,False
Missouri,QB,QB,OFF,3,Nick Evers,SR,True,True
Missouri,RB,RB,OFF,1,Ahmad Hardy,JR,True,False
Missouri,RB,RB,OFF,2,Jamal Roberts,JR,False,True
Missouri,RB,RB,OFF,3,Xai'Shaun Edwards,SO,True,True
Missouri,DE,EDGE,DEF,1,Langden Kitchen,SR,True,False
Missouri,DE,EDGE,DEF,2,Jaden Jones,SR,True,True
Missouri,DE,EDGE,DEF,3,Demarcus Johnson,JR,True,False
Missouri,NT,DT,DEF,1,Jalen Marshall,SR,False,True
Missouri,NT,DT,DEF,2,Donta Simpson,SO,True,False
Missouri,NT,DT,DEF,3,Sam Williams,JR,False,True
Missouri,DT,DT,DEF,1,Marquis Gracial,SR,False,True
Missouri,DT,DT,DEF,2,Jason Dowell,FR,False,True
Missouri,DT,DT,DEF,3,Tajh Overton,FR,False,False
Missouri,JACK,EDGE,DEF,1,Darris Smith,SR,True,True
Missouri,JACK,EDGE,DEF,2,Malik Bryant,JR,True,True
Missouri,JACK,EDGE,DEF,3,Daeden Hopkins,FR,False,True
Missouri,WLB,LB,DEF,1,Robert Woodyard Jr.,SR,True,True
Missouri,WLB,LB,DEF,2,Dante McClellan,SO,False,False
Missouri,WLB,LB,DEF,3,Bobby Washington,JR,True,True
Missouri,MLB,LB,DEF,1,Nicholas Rodriguez,JR,False,False
Missouri,MLB,LB,DEF,2,Jeremiah Beasley,JR,True,False
Missouri,MLB,LB,DEF,3,JJ Bush,FR,False,False
Missouri,LCB,CB,DEF,1,Jahlil Florence,SR,True,True
Missouri,LCB,CB,DEF,2,Sione Laulea,SR,True,True
Missouri,LCB,CB,DEF,3,Cameron Keys,SO,False,True
Missouri,SS,SAF,DEF,1,Santana Banner,JR,True,True
Missouri,SS,SAF,DEF,2,Jackson Hancock,SO,False,True
Missouri,SS,SAF,DEF,3,Jayden McGregory,FR,False,False
Missouri,FS,SAF,DEF,1,Trajen Greco,JR,False,False
Missouri,FS,SAF,DEF,2,Kensley Louidor-Faustin,JR,True,False
Missouri,FS,SAF,DEF,3,Brody Jones,FR,False,False
Missouri,RCB,CB,DEF,1,Chris Graves Jr.,SR,True,True
Missouri,RCB,CB,DEF,2,Nick DeLoach Jr.,JR,False,True
Missouri,RCB,CB,DEF,3,Jaxson Gates,FR,False,False
Missouri,NB,CB,DEF,1,Elijah Dotson,SO,True,False
Missouri,NB,CB,DEF,2,JaDon Blair,FR,True,True
Missouri,NB,CB,DEF,3,CJ Bass III,FR,False,True
Missouri State,WR-X,WR,OFF,1,Makai Cope,SR,True,True
Missouri State,WR-X,WR,OFF,2,James BlackStrain,SR,True,True
Missouri State,WR-Z,WR,OFF,1,Jmariyae Robinson,JR,False,True
Missouri State,WR-SL,WR,OFF,1,Dash Luke,SR,True,True
Missouri State,WR-SL,WR,OFF,2,Isaiah McMorris,FR,True,True
Missouri State,LT,OL,OFF,2,Makhete Gueye,JR,True,True
Missouri State,LG,OL,OFF,1,Mark Hutchinson,SR,True,True
Missouri State,C,OL,OFF,2,Logan Scrivner,FR,False,True
Missouri State,RG,OL,OFF,1,Justin Curtis,SR,True,True
Missouri State,RG,OL,OFF,2,Logan Scrivner,FR,False,True
Missouri State,RT,OL,OFF,1,Erick Cade,SR,True,True
Missouri State,RT,OL,OFF,2,Matthew Greene,SO,True,True
Missouri State,TE,TE,OFF,1,Jeron Askren,FR,False,True
Missouri State,TE,TE,OFF,2,Dillon Hipp,FR,True,True
Missouri State,QB,QB,OFF,1,Jacob Clark,SR,True,True
Missouri State,QB,QB,OFF,2,Deuce Bailey,FR,False,False
Missouri State,RB,RB,OFF,1,Shomari Lawrence,SR,True,True
Missouri State,RB,RB,OFF,2,Ramone Green Jr.,SO,False,True
Missouri State,FB,RB,OFF,1,Connor Lair,JR,False,True
Missouri State,LDE,EDGE,DEF,1,Caleb Dietlin,SR,False,True
Missouri State,LDE,EDGE,DEF,2,Caden Wiest,SO,False,True
Missouri State,LDT,DT,DEF,1,Tim Brantley Jr.,JR,False,False
Missouri State,LDT,DT,DEF,2,Dezmond Barnes,FR,False,False
Missouri State,RDT,DT,DEF,1,Sterling Smithson,SR,False,True
Missouri State,RDT,DT,DEF,2,Ahmad Poole,JR,True,True
Missouri State,RDE,EDGE,DEF,1,Davon Townley Jr.,SR,True,True
Missouri State,RDE,EDGE,DEF,2,Mitchell Toney,SO,False,True
Missouri State,WLB,LB,DEF,1,Kanye Young,SR,True,False
Missouri State,WLB,LB,DEF,2,Cooper Roy,SO,False,True
Missouri State,MLB,LB,DEF,1,Jared Lloyd,JR,False,True
Missouri State,MLB,LB,DEF,2,Jalen Brooks,SR,True,True
Missouri State,LCB,CB,DEF,1,Jordan Dunbar,SR,True,True
Missouri State,LCB,CB,DEF,2,Floyd Williams,SO,False,True
Missouri State,SS,SAF,DEF,1,Christian Ford,SO,True,True
Missouri State,SS,SAF,DEF,2,Antonio Smith,SO,True,True
Missouri State,FS,SAF,DEF,1,Maguire Neal,SR,True,False
Missouri State,FS,SAF,DEF,2,Khalil Anderson,SR,True,True
Missouri State,RCB,CB,DEF,1,Thomas Anderson,SR,True,True
Missouri State,RCB,CB,DEF,2,Darryon Taylor,JR,True,False
Missouri State,NB,CB,DEF,1,Dylan Dixson,JR,True,True
Missouri State,NB,CB,DEF,2,Devin Rutherford,FR,False,True
Missouri State,NB,CB,DEF,3,Don Quist,FR,False,False
Navy,WR-X,WR,OFF,1,Luke Hutchison,SR,False,False
Navy,WR-X,WR,OFF,2,Joshua Guerin,SR,False,False
Navy,WR-X,WR,OFF,3,Casey Smith,SR,False,False
Navy,LT,OL,OFF,1,Sean Crowley,JR,False,False
Navy,LT,OL,OFF,2,Connor Heater,JR,False,False
Navy,LT,OL,OFF,3,Hansen Collie,JR,False,False
Navy,LG,OL,OFF,1,Jake Polito,JR,False,False
Navy,LG,OL,OFF,2,Will Hampton,SO,False,False
Navy,LG,OL,OFF,3,Isaac Bunker,SR,False,False
Navy,C,OL,OFF,1,Cam Nichols,SR,False,False
Navy,C,OL,OFF,2,Toran Smith,JR,False,False
Navy,C,OL,OFF,3,Hunter Fay,SO,False,False
Navy,RG,OL,OFF,1,Hoke Smith II,SR,False,False
Navy,RG,OL,OFF,2,Matt Tomaszewski,SO,False,False
Navy,RG,OL,OFF,3,Jace Williams,SO,False,False
Navy,RT,OL,OFF,1,Malcolm Johnson,SO,False,False
Navy,RT,OL,OFF,2,Zarian Simms,SR,False,False
Navy,RT,OL,OFF,3,Logan Wegman,SO,False,False
Navy,TE,TE,OFF,1,Jake Norris,SR,False,False
Navy,TE,TE,OFF,2,Jordan Collins,SO,False,False
Navy,TE,TE,OFF,3,Theo Elwell,JR,False,False
Navy,QB,QB,OFF,1,Braxton Woodson,SR,False,False
Navy,QB,QB,OFF,2,Jackson Gutierrez,JR,False,False
Navy,QB,QB,OFF,3,Ryan Brass,SO,False,False
Navy,SB-A,RB,OFF,1,Isaiah Bryant,SR,False,False
Navy,SB-A,RB,OFF,2,Michael Barrow,JR,False,False
Navy,SB-A,RB,OFF,3,Andre Gilbert Jr.,JR,False,False
Navy,SB-Z,RB,OFF,1,Charles Robinson,JR,False,False
Navy,SB-Z,RB,OFF,2,Robert Jones III,JR,False,False
Navy,SB-Z,RB,OFF,3,Braeden George,SO,False,False
Navy,RB,RB,OFF,1,Vic Listorti,SR,False,False
Navy,RB,RB,OFF,2,Quinton Ezzard,JR,False,False
Navy,RB,RB,OFF,3,Christian Cromer,SO,False,False
Navy,DE,EDGE,DEF,1,Aiden Lyczek,JR,False,False
Navy,DE,EDGE,DEF,2,Ikenna Ozurumba,SR,False,False
Navy,DE,EDGE,DEF,3,Benjamin Franklin,JR,False,False
Navy,NT,DT,DEF,1,Xavyer Arrington,JR,False,False
Navy,NT,DT,DEF,2,Chris Herock,JR,False,False
Navy,NT,DT,DEF,3,Connor Young,SO,False,False
Navy,DT,DT,DEF,1,Griffen Willis,SR,False,False
Navy,DT,DT,DEF,2,Matt Reyes,SR,False,False
Navy,DT,DT,DEF,3,Clinton Anyagafu,SO,False,False
Navy,LOLB,LB,DEF,1,Christian Johnson,SO,False,False
Navy,LOLB,LB,DEF,2,Job Grant,SR,False,False
Navy,LOLB,LB,DEF,3,Daveon Jones,JR,False,False
Navy,LILB,LB,DEF,1,MarcAnthony Parker,JR,False,False
Navy,LILB,LB,DEF,2,Nolan McCamy,SR,False,False
Navy,LILB,LB,DEF,3,Brady O'Connor,SO,False,False
Navy,RILB,LB,DEF,1,Coleman Cauley,SR,False,False
Navy,RILB,LB,DEF,2,Marcus Bleazard,SR,False,False
Navy,RILB,LB,DEF,3,Noah Beck,JR,False,False
Navy,ROLB,LB,DEF,1,Will Miller,SO,False,False
Navy,ROLB,LB,DEF,2,Trent Gillis,SO,False,False
Navy,ROLB,LB,DEF,3,Seth English,SR,False,False
Navy,FCB,CB,DEF,1,Nick Bell,JR,False,False
Navy,FCB,CB,DEF,2,Bryce Allen,SR,False,False
Navy,FCB,CB,DEF,3,Xavier Le Jeune,JR,False,False
Navy,SS,SAF,DEF,1,Giuseppe Sessi,SR,False,False
Navy,SS,SAF,DEF,2,Matthew Seliga,SR,False,False
Navy,SS,SAF,DEF,3,Maxwell Williams,JR,False,False
Navy,FS,SAF,DEF,1,Phillip Hamilton,JR,False,False
Navy,FS,SAF,DEF,2,Aaron Rose,JR,False,False
Navy,FS,SAF,DEF,3,Kush'i Abraham,SR,False,False
Navy,BCB,CB,DEF,1,Irabonoise Oniha,SR,False,False
Navy,BCB,CB,DEF,2,Cam Robinson,SO,False,False
Navy,BCB,CB,DEF,3,Collin Seals,SO,False,False
Nebraska,WR-X,WR,OFF,1,Nyziah Hunter,JR,True,True
Nebraska,WR-X,WR,OFF,2,Quinn Clark,SO,False,True
Nebraska,WR-X,WR,OFF,3,Jeremiah Jones,FR,False,True
Nebraska,WR-Z,WR,OFF,1,Kwazi Gilmer,JR,True,False
Nebraska,WR-Z,WR,OFF,2,Cortez Mills Jr.,SO,False,False
Nebraska,WR-Z,WR,OFF,3,Larry Miles,FR,False,False
Nebraska,WR-SL,WR,OFF,1,Jacory Barney Jr.,JR,False,False
Nebraska,WR-SL,WR,OFF,2,Janiran Bonner,SR,False,True
Nebraska,WR-SL,WR,OFF,3,Keelan Smith,SO,False,True
Nebraska,LT,OL,OFF,1,Elijah Pritchett,SR,True,True
Nebraska,LT,OL,OFF,2,Gunnar Gottula,JR,False,True
Nebraska,LT,OL,OFF,3,Preston Taumua,SO,False,True
Nebraska,LG,OL,OFF,1,Paul Mubenga,JR,True,True
Nebraska,LG,OL,OFF,2,Grant Brix,SO,False,True
Nebraska,LG,OL,OFF,3,Brock Knutson,JR,False,True
Nebraska,C,OL,OFF,1,Justin Evans,SR,False,True
Nebraska,C,OL,OFF,2,Jake Peters,SO,False,True
Nebraska,RG,OL,OFF,1,Brendan Black,SR,True,False
Nebraska,RG,OL,OFF,2,Sam Sledge,JR,False,True
Nebraska,RT,OL,OFF,1,Tree Babalade,JR,True,True
Nebraska,RT,OL,OFF,2,Tyler Knaak,SR,True,True
Nebraska,RT,OL,OFF,3,Shawn Hammerbeck,FR,False,True
Nebraska,TE,TE,OFF,1,Luke Lindenmeyer,SR,False,True
Nebraska,TE,TE,OFF,2,Carter Nelson,JR,False,False
Nebraska,TE,TE,OFF,3,Cayden Echternach,JR,False,True
Nebraska,QB,QB,OFF,1,Anthony Colandrea,SR,True,False
Nebraska,QB,QB,OFF,2,TJ Lateef,SO,False,False
Nebraska,QB,QB,OFF,3,Daniel Kaelin,SO,True,True
Nebraska,RB,RB,OFF,1,Isaiah Mozee,SO,False,False
Nebraska,RB,RB,OFF,2,Mekhi Nelson,SO,False,True
Nebraska,RB,RB,OFF,3,Jamal Rule,FR,False,False
Nebraska,LDE,EDGE,DEF,1,Cameron Lenhardt,SR,False,False
Nebraska,LDE,EDGE,DEF,2,Kade Pietrzak,SO,False,False
Nebraska,LDE,EDGE,DEF,3,Dylan Rogers,JR,False,True
Nebraska,NT,DT,DEF,1,Riley Van Poppel,JR,False,True
Nebraska,NT,DT,DEF,2,Sua Lefotu,JR,False,True
Nebraska,NT,DT,DEF,3,Tyson Terry,FR,False,True
Nebraska,DT,DT,DEF,1,Owen Stoudmire,SR,True,True
Nebraska,DT,DT,DEF,2,Jahsear Whittington,SO,True,True
Nebraska,DT,DT,DEF,3,Malcolm Simpson,FR,False,True
Nebraska,RDE,EDGE,DEF,1,Williams Nwaneri,SO,True,True
Nebraska,RDE,EDGE,DEF,2,Anthony Jones Jr.,SR,True,True
Nebraska,RDE,EDGE,DEF,3,Willis McGahee IV,JR,False,False
Nebraska,WLB,LB,DEF,1,Owen Chambliss,JR,True,True
Nebraska,WLB,LB,DEF,2,Dawson Merritt,SO,False,False
Nebraska,WLB,LB,DEF,3,Will Hawthorne,FR,True,True
Nebraska,MLB,LB,DEF,1,Vincent Shavers Jr.,JR,False,False
Nebraska,MLB,LB,DEF,2,Dexter Foster,JR,True,False
Nebraska,MLB,LB,DEF,3,Pierce Mooberry,FR,False,True
Nebraska,LCB,CB,DEF,1,Jeremiah Charles,JR,False,True
Nebraska,LCB,CB,DEF,2,Danny Odem III,FR,False,False
Nebraska,LCB,CB,DEF,3,Amare Sanders,SO,False,True
Nebraska,SS,SAF,DEF,1,Jamir Conn,SR,True,False
Nebraska,SS,SAF,DEF,2,Rex Guthrie,SO,False,True
Nebraska,SS,SAF,DEF,3,Jasin Shiggs,JR,True,False
Nebraska,FS,SAF,DEF,1,Dwayne McDougle III,SR,True,True
Nebraska,FS,SAF,DEF,2,Caleb Benning,SO,False,True
Nebraska,FS,SAF,DEF,3,Justyn Rhett,JR,True,True
Nebraska,RCB,CB,DEF,1,Andrew Marshall,SR,True,False
Nebraska,RCB,CB,DEF,2,Victor Evans III,SR,True,False
Nebraska,NB,CB,DEF,1,Donovan Jones,SO,False,True
Nebraska,NB,CB,DEF,2,Mario Buford,SO,False,True
Nevada,WR-X,WR,OFF,1,Marshaun Brown,JR,False,True
Nevada,WR-X,WR,OFF,2,Donnie Cheers,JR,True,True
Nevada,WR-Z,WR,OFF,1,Gary Givens III,JR,True,False
Nevada,WR-Z,WR,OFF,2,Jaceon Doss,SR,True,True
Nevada,WR-SL,WR,OFF,1,Damien Morgan,SR,True,True
Nevada,WR-SL,WR,OFF,2,Daijon Calimon,SO,False,True
Nevada,LT,OL,OFF,1,Jack Foster,SR,True,True
Nevada,LG,OL,OFF,1,Ethan Newman,JR,True,True
Nevada,LG,OL,OFF,2,Elias Justice,JR,True,False
Nevada,C,OL,OFF,1,Jacob Norcross,JR,True,False
Nevada,C,OL,OFF,2,Ethan Lowell,SO,False,True
Nevada,RG,OL,OFF,1,Snoop Leota-Amaama,SR,True,True
Nevada,RG,OL,OFF,2,Tyler Miller,SO,False,True
Nevada,RT,OL,OFF,1,Zach Cochnauer,SR,True,True
Nevada,RT,OL,OFF,2,Henry Sellards,SO,False,True
Nevada,TE,TE,OFF,1,DJ Asiasi,FR,False,True
Nevada,TE,TE,OFF,2,Jayden O'Rourke,SR,False,False
Nevada,TE,TE,OFF,3,Carter Eck,SO,False,True
Nevada,QB,QB,OFF,1,Carter Jones,SO,False,False
Nevada,QB,QB,OFF,2,Luke Duncan,JR,True,True
Nevada,QB,QB,OFF,3,AJ Bianco,SR,False,True
Nevada,RB,RB,OFF,1,Herschel Turner,JR,True,False
Nevada,RB,RB,OFF,2,Dominic Kelley,SO,False,False
Nevada,RB,RB,OFF,3,Janerious Jackson,JR,True,False
Nevada,LDE,EDGE,DEF,1,Myles Williams,SR,True,True
Nevada,LDE,EDGE,DEF,2,Brandon Amaniampong,JR,True,True
Nevada,LDE,EDGE,DEF,3,Keegan Perea,FR,False,True
Nevada,NT,DT,DEF,1,Logologo Va'a,SR,True,True
Nevada,NT,DT,DEF,2,James Gillespie,SR,True,True
Nevada,NT,DT,DEF,3,Jakobus Seth,SR,True,True
Nevada,DT,DT,DEF,1,David Paine Jr.,SO,False,True
Nevada,DT,DT,DEF,2,Tanner Vaughan,SR,True,True
Nevada,DT,DT,DEF,3,Bryce Echols,JR,True,True
Nevada,RDE,EDGE,DEF,1,Dylan LaBarbera,SR,True,False
Nevada,RDE,EDGE,DEF,2,Kameron Brown,FR,False,True
Nevada,WLB,LB,DEF,1,Jeremy Naborne-Owens,SR,True,False
Nevada,WLB,LB,DEF,2,Poasa Utu,JR,True,True
Nevada,MLB,LB,DEF,1,EJ Smith,SR,True,False
Nevada,MLB,LB,DEF,2,Jake Silverman,SO,False,False
Nevada,LCB,CB,DEF,1,Bryson Snelling,JR,True,False
Nevada,LCB,CB,DEF,2,Selman Bridges,SO,True,True
Nevada,LCB,CB,DEF,3,Zavien Abercrombie,SO,True,True
Nevada,SS,SAF,DEF,1,Jaylen Webb,JR,True,True
Nevada,SS,SAF,DEF,2,Isaiah Jordan,FR,False,True
Nevada,SS,SAF,DEF,3,Tajean Stallworth,FR,False,True
Nevada,FS,SAF,DEF,1,Bishop Turner,JR,False,True
Nevada,FS,SAF,DEF,2,Larry Turner-Gooden,SR,True,True
Nevada,FS,SAF,DEF,3,Justin Wyatt Jr.,FR,False,True
Nevada,RCB,CB,DEF,1,Aiden Walker,SO,False,False
Nevada,RCB,CB,DEF,2,Cooper Wilson,JR,True,True
Nevada,NB,CB,DEF,1,Joshua Scott,GR,True,False
Nevada,NB,CB,DEF,2,Zion Jones,JR,True,True
Nevada,NB,CB,DEF,3,Mykel Ford,FR,False,True
New Mexico,WR-X,WR,OFF,1,Troy Omeire,SR,True,True
New Mexico,WR-X,WR,OFF,2,Shawn Miller,SR,True,True
New Mexico,WR-X,WR,OFF,3,Abraham Williams,SR,True,True
New Mexico,WR-Z,WR,OFF,1,Miles Williams,SR,True,True
New Mexico,WR-Z,WR,OFF,2,Massiah Mingo,FR,False,False
New Mexico,WR-Z,WR,OFF,3,Kader Diop,SR,True,True
New Mexico,WR-SL,WR,OFF,1,Zhaiel Smith,SO,False,False
New Mexico,WR-SL,WR,OFF,2,Evan Wysong,JR,False,True
New Mexico,LT,OL,OFF,1,Cole Millward,JR,True,True
New Mexico,LT,OL,OFF,2,Markus Fetcho,SO,True,False
New Mexico,LG,OL,OFF,1,Malik Aliane,SR,True,True
New Mexico,C,OL,OFF,1,Kaden Robnett,JR,True,True
New Mexico,C,OL,OFF,2,JoJo Matautia,FR,False,True
New Mexico,RG,OL,OFF,1,Jaymar Tasi,SO,False,False
New Mexico,RT,OL,OFF,1,Tyler Lawrence,JR,True,False
New Mexico,RT,OL,OFF,2,Tevin Shaw,SR,True,True
New Mexico,TE,TE,OFF,1,Cade Keith,SO,True,True
New Mexico,TE,TE,OFF,2,Simon Mapa,SR,True,False
New Mexico,TE,TE,OFF,3,Tripp Walsh,JR,True,True
New Mexico,QB,QB,OFF,1,Jack Layne,SR,True,True
New Mexico,QB,QB,OFF,2,Luke Moga,SO,True,True
New Mexico,QB,QB,OFF,3,Toa Fa'avae,FR,False,True
New Mexico,RB,RB,OFF,1,Scottre Humphrey,SR,True,False
New Mexico,RB,RB,OFF,2,Cameron Mathews,FR,True,True
New Mexico,RB,RB,OFF,3,Kiefer Sibley,JR,True,False
New Mexico,LDE,EDGE,DEF,1,Darren Agu,SR,True,True
New Mexico,LDE,EDGE,DEF,2,Jalen Charles,SO,True,True
New Mexico,LDE,EDGE,DEF,3,Brayden Ellis,JR,True,False
New Mexico,NT,DT,DEF,1,Brian Booker,SR,True,True
New Mexico,NT,DT,DEF,2,Jalen McIver,JR,True,False
New Mexico,DT,DT,DEF,1,Xavier Slayton,SR,True,True
New Mexico,DT,DT,DEF,2,AJ Robinson,JR,True,True
New Mexico,DT,DT,DEF,3,Deven Dyer,SR,True,True
New Mexico,RDE,EDGE,DEF,1,Albert Tuakalau,JR,True,False
New Mexico,RDE,EDGE,DEF,2,Elijah Brody,JR,False,False
New Mexico,RDE,EDGE,DEF,3,Cody Thumlert,FR,False,True
New Mexico,WLB,LB,DEF,1,Mercury Swaim,SR,True,True
New Mexico,WLB,LB,DEF,2,C.J. Johnson,JR,True,True
New Mexico,MLB,LB,DEF,1,Jaxton Eck,SR,True,False
New Mexico,MLB,LB,DEF,2,Clay Martineau,SO,True,True
New Mexico,LCB,CB,DEF,1,Ormanie Arnold,SR,True,True
New Mexico,LCB,CB,DEF,2,Jahmir Torres,SO,False,False
New Mexico,LCB,CB,DEF,3,Jayden Sheridan,SR,True,True
New Mexico,SS,SAF,DEF,1,Tavian Combs,SR,False,True
New Mexico,SS,SAF,DEF,2,Will Hicks,JR,True,True
New Mexico,SS,SAF,DEF,3,Chris Gant Jr.,SO,True,True
New Mexico,FS,SAF,DEF,1,Austin Brawley,SR,True,False
New Mexico,FS,SAF,DEF,2,CJ McBean,SO,False,False
New Mexico,RCB,CB,DEF,1,Frankie Edwards III,JR,True,False
New Mexico,RCB,CB,DEF,2,Eric McClain,JR,True,False
New Mexico,NB,CB,DEF,1,Drew Speech,SR,True,True
New Mexico,NB,CB,DEF,2,Kevin Longstreet,JR,True,True
New Mexico State,WR-X,WR,OFF,1,Brodie Malone-Bradford,SO,False,False
New Mexico State,WR-X,WR,OFF,2,Myles Libman,JR,True,True
New Mexico State,WR-Z,WR,OFF,1,TK King,SR,True,True
New Mexico State,WR-Z,WR,OFF,2,Lyndon Ravare,SR,True,False
New Mexico State,WR-SL,WR,OFF,1,TJ Pride,JR,False,False
New Mexico State,WR-SL,WR,OFF,2,Terrione Graves,JR,True,True
New Mexico State,LT,OL,OFF,1,Ma'Kyi Lee,GR,True,False
New Mexico State,LT,OL,OFF,2,Gavin Jones,FR,False,True
New Mexico State,LG,OL,OFF,1,James Williams,JR,True,False
New Mexico State,LG,OL,OFF,2,Luke Moise,JR,True,False
New Mexico State,LG,OL,OFF,3,Hayden Harlan,SR,True,True
New Mexico State,C,OL,OFF,1,Mark Chapman,GR,True,False
New Mexico State,C,OL,OFF,2,Caleb Pyfrom,SO,True,True
New Mexico State,C,OL,OFF,3,JR Hecklinski,FR,False,True
New Mexico State,RG,OL,OFF,1,Mateo Rodriguez,SO,False,True
New Mexico State,RG,OL,OFF,2,Tyler Keinath,GR,True,False
New Mexico State,RG,OL,OFF,3,Sam Garcia,FR,False,True
New Mexico State,RT,OL,OFF,1,Armond Owens,JR,True,False
New Mexico State,RT,OL,OFF,2,Merrick Becerra,SO,True,True
New Mexico State,TE,TE,OFF,1,Josiah Thomas,SO,True,False
New Mexico State,TE,TE,OFF,2,Jerry Lydiatt,JR,False,True
New Mexico State,TE,TE,OFF,3,Carson Su'esu'e,FR,True,True
New Mexico State,QB,QB,OFF,1,Trey Hedden,JR,True,False
New Mexico State,QB,QB,OFF,2,Adam Damante,JR,True,True
New Mexico State,RB,RB,OFF,1,James Jones,SR,True,True
New Mexico State,RB,RB,OFF,2,Dijon Stanley,SR,True,False
New Mexico State,RB,RB,OFF,3,TJ Washington Jr.,JR,True,True
New Mexico State,LDE,EDGE,DEF,1,Brad Vislisel,JR,True,True
New Mexico State,LDE,EDGE,DEF,2,Demanuel Brown,JR,True,True
New Mexico State,LDE,EDGE,DEF,3,Reeves Baller,JR,True,True
New Mexico State,LDT,DT,DEF,1,Kaian Roberts-Day,SR,True,True
New Mexico State,LDT,DT,DEF,2,Enzo-Pierre Tayou,SR,True,True
New Mexico State,LDT,DT,DEF,3,Jason Gwan,JR,True,True
New Mexico State,RDT,DT,DEF,1,Henry Davis III,SR,True,False
New Mexico State,RDT,DT,DEF,2,Jeremiah Sandiford,SR,True,False
New Mexico State,RDT,DT,DEF,3,Jordan-Lebron Downey,JR,True,False
New Mexico State,RDE,EDGE,DEF,1,Gabe Peterson,SR,True,True
New Mexico State,RDE,EDGE,DEF,2,Obinna Okeke,JR,True,True
New Mexico State,RDE,EDGE,DEF,3,Zhakius Thomas,JR,True,False
New Mexico State,WLB,LB,DEF,1,Tory Gethers,SR,True,False
New Mexico State,WLB,LB,DEF,2,Zaiden Davis,SO,False,False
New Mexico State,MLB,LB,DEF,1,Sone Aupiu,SR,False,True
New Mexico State,MLB,LB,DEF,2,Fa'apaia Fualema,JR,True,False
New Mexico State,LCB,CB,DEF,1,Josiah Charles,SR,False,False
New Mexico State,LCB,CB,DEF,2,Lorenzo Smith,SR,True,False
New Mexico State,LCB,CB,DEF,3,Izzy Clark-White,JR,True,True
New Mexico State,SS,SAF,DEF,1,Bernock Iya,SR,True,True
New Mexico State,SS,SAF,DEF,2,DJ Cloyd,SR,True,False
New Mexico State,SS,SAF,DEF,3,Walter Owens,JR,True,True
New Mexico State,FS,SAF,DEF,1,Nick Session,GR,True,False
New Mexico State,FS,SAF,DEF,2,RJ Chapman,SR,True,True
New Mexico State,FS,SAF,DEF,3,Jakobe Campbell,SO,False,True
New Mexico State,RCB,CB,DEF,1,Javon Gillespie,JR,True,True
New Mexico State,RCB,CB,DEF,2,De'Marcus Peters,SR,True,True
New Mexico State,NB,CB,DEF,1,Tayden Barnes,JR,True,True
North Carolina,WR-X,WR,OFF,1,Jordan Shipp,JR,False,False
North Carolina,WR-X,WR,OFF,2,Madrid Tucker,FR,False,True
North Carolina,WR-X,WR,OFF,3,Kymistrii Young,FR,False,False
North Carolina,WR-Z,WR,OFF,1,Mason Humphrey,SR,True,False
North Carolina,WR-Z,WR,OFF,2,Nathan Leacock,JR,True,True
North Carolina,WR-Z,WR,OFF,3,Carnell Warren,FR,False,False
North Carolina,WR-SL,WR,OFF,1,Trech Kekahuna,JR,True,True
North Carolina,WR-SL,WR,OFF,2,Dayton Sneed,JR,True,True
North Carolina,WR-SL,WR,OFF,3,C.J. Sadler,FR,False,False
North Carolina,LT,OL,OFF,1,Jordan Hall,JR,True,True
North Carolina,LT,OL,OFF,2,Eidan Buchanan,SO,False,False
North Carolina,LG,OL,OFF,1,Aidan Banfield,JR,False,False
North Carolina,LG,OL,OFF,2,Jonah Rodriguez,JR,True,True
North Carolina,LG,OL,OFF,3,Trey Blue,FR,False,True
North Carolina,C,OL,OFF,1,Christo Kelly,GR,True,False
North Carolina,RG,OL,OFF,1,Andrew Threatt,SR,True,False
North Carolina,RG,OL,OFF,2,Rowan Byrne,FR,True,True
North Carolina,RG,OL,OFF,3,Byron Nelson,FR,False,True
North Carolina,RT,OL,OFF,1,Jacqawn McRoy,SO,True,True
North Carolina,RT,OL,OFF,2,Brandon Homady,FR,True,True
North Carolina,TE,TE,OFF,1,Jaxxon Warren,SO,True,True
North Carolina,TE,TE,OFF,2,Shamar Easter,JR,True,True
North Carolina,TE,TE,OFF,3,Jelani Thurman,JR,True,True
North Carolina,QB,QB,OFF,1,Billy Edwards Jr.,GR,True,False
North Carolina,QB,QB,OFF,2,Miles O'Neill,SO,True,True
North Carolina,QB,QB,OFF,3,Au'Tori Newkirk,FR,False,True
North Carolina,RB,RB,OFF,1,Demon June,SO,False,False
North Carolina,RB,RB,OFF,2,Benjamin Hall,JR,True,True
North Carolina,RB,RB,OFF,3,Kaleb Jackson,JR,True,True
North Carolina,LDE,EDGE,DEF,1,Donovan Hoilette Jr.,GR,True,False
North Carolina,LDE,EDGE,DEF,2,Jaylen Harvey,SO,True,True
North Carolina,LDE,EDGE,DEF,3,Zavion Griffin-Haynes,FR,False,False
North Carolina,NT,DT,DEF,1,Isaiah Johnson,SR,True,True
North Carolina,NT,DT,DEF,2,Xavier Lewis,SO,False,False
North Carolina,NT,DT,DEF,3,Vodney Cleveland,FR,False,False
North Carolina,DT,DT,DEF,1,Leroy Jackson,SO,False,True
North Carolina,DT,DT,DEF,2,Tarvorise Brown,JR,True,True
North Carolina,DT,DT,DEF,3,Nicco Maggio,FR,False,True
North Carolina,RDE,EDGE,DEF,1,Melkart Abou Jaoude,SR,True,True
North Carolina,RDE,EDGE,DEF,2,Joseph Mupoyi,JR,True,True
North Carolina,RDE,EDGE,DEF,3,David Jackson,FR,False,False
North Carolina,WLB,LB,DEF,1,Peyton Seelmann,JR,True,False
North Carolina,WLB,LB,DEF,2,Jonathan Agumadu,SO,True,True
North Carolina,WLB,LB,DEF,3,Jake Bauer,FR,False,True
North Carolina,MLB,LB,DEF,1,Derek McDonald,GR,True,False
North Carolina,MLB,LB,DEF,2,Timir Hickman-Collins,SO,True,True
North Carolina,MLB,LB,DEF,3,Daniel Anderson,SO,False,True
North Carolina,LCB,CB,DEF,1,Jaiden Patterson,JR,False,False
North Carolina,LCB,CB,DEF,2,Jalon Thompson,JR,False,False
North Carolina,LCB,CB,DEF,3,Kenton Dopson III,FR,False,False
North Carolina,SS,SAF,DEF,1,Greg Smith,SO,True,True
North Carolina,SS,SAF,DEF,2,Javion Butts,FR,False,True
North Carolina,FS,SAF,DEF,1,Coleman Bryson,SR,True,True
North Carolina,FS,SAF,DEF,2,Peyton Waters,SO,True,True
North Carolina,FS,SAF,DEF,3,Jakob Weatherspoon,FR,False,False
North Carolina,RCB,CB,DEF,1,Ade Willie,SR,True,True
North Carolina,RCB,CB,DEF,2,Reggie Love II,JR,False,True
North Carolina,RCB,CB,DEF,3,Jaziel Hart,FR,False,False
North Carolina,NB,CB,DEF,1,Kaleb Cost,SR,False,False
North Carolina,NB,CB,DEF,2,Tre Miller,JR,False,True
NC State,WR-X,WR,OFF,1,Keenan Jackson,JR,False,False
NC State,WR-X,WR,OFF,2,Chance Robinson,SO,True,True
NC State,WR-X,WR,OFF,3,Tyran Warren,SR,True,False
NC State,WR-Z,WR,OFF,1,JoJo Trader,JR,True,False
NC State,WR-Z,WR,OFF,2,Tyreek Copper,FR,False,False
NC State,WR-Z,WR,OFF,3,Ethan Dowdy,JR,True,True
NC State,WR-SL,WR,OFF,1,Davion Dozier,JR,True,True
NC State,WR-SL,WR,OFF,2,Victor Snow,SR,True,True
NC State,WR-SL,WR,OFF,3,Je'rel Bolder,FR,False,True
NC State,LT,OL,OFF,1,Jimarion McCrimon,JR,True,True
NC State,LT,OL,OFF,2,Jai'Lun Hampton,GR,True,False
NC State,LG,OL,OFF,1,Kamen Smith,JR,False,True
NC State,LG,OL,OFF,2,Rico Jackson,JR,False,True
NC State,C,OL,OFF,1,Spike Sowells Jr.,SO,False,False
NC State,C,OL,OFF,2,Rylan Vann,SR,False,True
NC State,RG,OL,OFF,1,Daniel Cruz,SO,True,True
NC State,RG,OL,OFF,2,Yousef Mugharbil,SR,True,True
NC State,RT,OL,OFF,1,Teague Andersen,SR,True,True
NC State,RT,OL,OFF,2,TK Whitset,FR,False,True
NC State,TE,TE,OFF,1,Preston Douglas,SO,False,False
NC State,TE,TE,OFF,2,Vander Ploog,FR,True,True
NC State,TE,TE,OFF,3,Hunter Provience,JR,True,True
NC State,QB,QB,OFF,1,CJ Bailey,JR,False,False
NC State,QB,QB,OFF,2,Will Wilson,SO,False,False
NC State,QB,QB,OFF,3,Tad Hudson,JR,True,True
NC State,RB,RB,OFF,1,Duke Scott,SO,False,True
NC State,RB,RB,OFF,2,Davion Gause,JR,True,False
NC State,RB,RB,OFF,3,Jonathan Paylor,SO,False,True
NC State,DE,EDGE,DEF,1,Joseph Adedire,SR,True,True
NC State,DE,EDGE,DEF,2,Chase Bond,SO,False,True
NC State,DE,EDGE,DEF,3,Adrian Farrow,SO,False,False
NC State,NT,DT,DEF,1,Josiah Victor,SO,False,False
NC State,NT,DT,DEF,2,Katron Evans,GR,True,False
NC State,NT,DT,DEF,3,Omarian Abraham,FR,False,True
NC State,DT,DT,DEF,1,Isaiah Shirley,JR,False,True
NC State,DT,DT,DEF,2,AJ Prim,JR,True,True
NC State,DT,DT,DEF,3,Fabian Kimbrough,JR,True,True
NC State,JACK,EDGE,DEF,1,Harvey Dyson,SR,True,True
NC State,JACK,EDGE,DEF,2,Sterling Dixon,SO,True,True
NC State,JACK,EDGE,DEF,3,Ke'Von Carter,SO,False,False
NC State,WLB,LB,DEF,1,Da'Kaari Nelson,JR,True,True
NC State,WLB,LB,DEF,2,LaCorian Hodge,SO,False,False
NC State,WLB,LB,DEF,3,Bailey Benson,FR,False,True
NC State,MLB,LB,DEF,1,Popo Aguirre,SR,True,False
NC State,MLB,LB,DEF,2,AJ Richardson,JR,True,True
NC State,MLB,LB,DEF,3,Zane Williams,SO,False,True
NC State,LCB,CB,DEF,1,Ondre Evans,SO,True,True
NC State,LCB,CB,DEF,2,Ty White,SO,True,True
NC State,LCB,CB,DEF,3,Michael Tate,JR,False,True
NC State,SS,SAF,DEF,1,Tristan Teasdell,SO,False,False
NC State,SS,SAF,DEF,2,Brody Barnhardt,SO,False,True
NC State,FS,SAF,DEF,1,King Mack,SR,True,False
NC State,FS,SAF,DEF,2,Ronnie Royal III,SO,False,True
NC State,RCB,CB,DEF,1,Brian Nelson II,JR,True,True
NC State,RCB,CB,DEF,2,Caden Gordon,SO,False,False
NC State,NB,CB,DEF,1,Jackson Vick,SR,False,True
NC State,NB,CB,DEF,2,Asaad Brown Jr.,SO,False,True
NC State,NB,CB,DEF,3,Isaiah Crowell,SR,False,True
North Texas,WR-X,WR,OFF,1,Baron Tipton,SO,False,True
North Texas,WR-X,WR,OFF,2,TJ Chukwurah,SR,True,True
North Texas,WR-X,WR,OFF,3,Andy Jean,JR,True,True
North Texas,WR-Z,WR,OFF,1,Corri Milliner,JR,True,True
North Texas,WR-Z,WR,OFF,2,Justin Stevenson,JR,True,True
North Texas,WR-Z,WR,OFF,3,Josiah Martin,SO,True,True
North Texas,WR-SL,WR,OFF,1,James Tyre,JR,True,True
North Texas,WR-SL,WR,OFF,2,Dalton Carnes,SR,True,True
North Texas,WR-SL,WR,OFF,3,Grayson O'Bara,SR,True,True
North Texas,LT,OL,OFF,1,Johnny Williams IV,JR,True,True
North Texas,LG,OL,OFF,1,Dylan Shaw,JR,True,True
North Texas,LG,OL,OFF,2,Keon Johnson,JR,False,True
North Texas,C,OL,OFF,1,Chandler Strong,SR,True,True
North Texas,C,OL,OFF,2,Drew Cunningham,SO,True,True
North Texas,C,OL,OFF,3,Amarion Berry,SO,False,True
North Texas,RG,OL,OFF,1,Henry Fenuku,FR,True,True
North Texas,RG,OL,OFF,2,Willie Goodacre,SO,True,True
North Texas,RT,OL,OFF,1,Neto Umeozulu,SR,True,True
North Texas,RT,OL,OFF,2,Jahzari Priester,JR,True,True
North Texas,TE,TE,OFF,1,Max Reese,SR,True,True
North Texas,TE,TE,OFF,2,Brec Long,SR,True,False
North Texas,TE,TE,OFF,3,Drew Clemens,FR,True,True
North Texas,QB,QB,OFF,1,Tayven Jackson,SR,True,True
North Texas,QB,QB,OFF,2,Chaston Ditta,FR,True,True
North Texas,QB,QB,OFF,3,Chris Jimerson Jr.,FR,False,True
North Texas,RB,RB,OFF,1,Jahiem White,JR,True,True
North Texas,RB,RB,OFF,2,Jayden Becks,SR,True,True
North Texas,RB,RB,OFF,3,Colin Page,SR,True,True
North Texas,LDE,EDGE,DEF,1,David Onuoha,SR,True,True
North Texas,LDE,EDGE,DEF,2,Steven Curtis,JR,True,True
North Texas,LDE,EDGE,DEF,3,Udoka Ezeani,SR,True,True
North Texas,LDT,DT,DEF,1,Justin Benton,JR,True,True
North Texas,LDT,DT,DEF,2,Christian Lorenzo,SR,True,True
North Texas,LDT,DT,DEF,3,Rudy Vargas Jr.,SR,True,False
North Texas,RDT,DT,DEF,1,Terrell Washington,JR,True,False
North Texas,RDT,DT,DEF,2,Wesley Hudson,JR,True,True
North Texas,RDT,DT,DEF,3,AJ Brown,FR,False,True
North Texas,RDE,EDGE,DEF,1,Curlee Thomas IV,SR,True,True
North Texas,RDE,EDGE,DEF,2,Davion Rhodes,SR,True,True
North Texas,RDE,EDGE,DEF,3,Brayden Knox,SO,False,False
North Texas,WLB,LB,DEF,1,Zakye Barker,SR,True,True
North Texas,WLB,LB,DEF,2,Cedric Roberts,JR,True,False
North Texas,WLB,LB,DEF,3,S'Maje Burrell,JR,True,True
North Texas,MLB,LB,DEF,1,Aaron Alexander,SR,True,True
North Texas,MLB,LB,DEF,2,Chantz Johnson,JR,True,True
North Texas,MLB,LB,DEF,3,Kenton Allen,SR,True,True
North Texas,LCB,CB,DEF,1,Caden Jenkins,SR,True,False
North Texas,LCB,CB,DEF,2,Zach Johnson,SR,True,False
North Texas,LCB,CB,DEF,3,Taylor Starling,JR,False,True
North Texas,SS,SAF,DEF,1,Brandon Jones,SO,True,False
North Texas,SS,SAF,DEF,2,Bryce Garza,FR,False,True
North Texas,SS,SAF,DEF,3,Cameren Jenkins,JR,True,True
North Texas,FS,SAF,DEF,1,Taye Seymore,JR,True,True
North Texas,FS,SAF,DEF,2,Tyson Wilson,JR,True,False
North Texas,FS,SAF,DEF,3,Graham Gillespie,SR,True,True
North Texas,RCB,CB,DEF,1,Peyton Taylor,JR,True,True
North Texas,RCB,CB,DEF,2,Chase Canada,SR,True,False
North Texas,RCB,CB,DEF,3,Jaden Allen,SO,True,True
North Texas,NB,CB,DEF,1,Keshawn Davila,SR,True,False
North Texas,NB,CB,DEF,2,CJ Coombes,JR,True,True
North Texas,NB,CB,DEF,3,BJ Allen Jr.,SR,True,False
Northern Illinois,WR-X,WR,OFF,2,La'Don Bryant,FR,False,True
Northern Illinois,WR-Z,WR,OFF,1,Rickey Taylor Jr.,FR,False,True
Northern Illinois,WR-Z,WR,OFF,2,Kenji Lewis,JR,True,True
Northern Illinois,WR-SL,WR,OFF,1,DeAree Rogers,JR,True,False
Northern Illinois,WR-SL,WR,OFF,2,George Dimopoulos,SO,False,False
Northern Illinois,LT,OL,OFF,2,Ben Gustafson,FR,False,True
Northern Illinois,LG,OL,OFF,2,Jacob Welch,SO,False,True
Northern Illinois,C,OL,OFF,1,Landon Hron,SO,False,True
Northern Illinois,C,OL,OFF,2,Logan Gross,FR,False,True
Northern Illinois,RG,OL,OFF,1,Aidan Tweedy,SR,True,True
Northern Illinois,RG,OL,OFF,2,Lane Mahnesmith,FR,False,True
Northern Illinois,RT,OL,OFF,1,Ross Liegel,FR,False,True
Northern Illinois,RT,OL,OFF,2,Izuchukwu Ozoh,SR,False,True
Northern Illinois,TE,TE,OFF,2,Pierce Oppong,SR,False,True
Northern Illinois,QB,QB,OFF,1,Jalen Macon,JR,True,True
Northern Illinois,QB,QB,OFF,2,Brady Davidson,FR,False,False
Northern Illinois,RB,RB,OFF,1,Telly Johnson Jr.,SO,False,False
Northern Illinois,RB,RB,OFF,2,Chavon Wright,SR,True,True
Northern Illinois,LDE,EDGE,DEF,2,Jalonnie Williams,SR,False,True
Northern Illinois,LDT,DT,DEF,2,Dasean Dixon,SR,True,False
Northern Illinois,RDT,DT,DEF,1,Roy Williams,SR,False,False
Northern Illinois,RDE,EDGE,DEF,1,Jay'shon Thomas,SO,False,True
Northern Illinois,RDE,EDGE,DEF,2,Micah Cook,FR,False,False
Northern Illinois,MLB,LB,DEF,1,Quinn Urwiler,SR,True,True
Northern Illinois,MLB,LB,DEF,2,Danny Cronin,SR,True,True
Northern Illinois,MLB,LB,DEF,3,Jake Gassaway,JR,False,True
Northern Illinois,LCB,CB,DEF,1,Dev'ion Reynolds,FR,False,True
Northern Illinois,LCB,CB,DEF,2,Donte Harrison,SR,True,False
Northern Illinois,SS,SAF,DEF,1,Muhammed Jammeh,SR,False,True
Northern Illinois,SS,SAF,DEF,2,Broderick Windham,JR,True,False
Northern Illinois,FS,SAF,DEF,2,Malik Armstrong,JR,False,True
Northern Illinois,RCB,CB,DEF,2,Keshawn Lyons,JR,True,False
Northern Illinois,NB,CB,DEF,2,Ty Myles,SR,False,True
Northwestern,WR-X,WR,OFF,1,Hayden Eligon II,JR,False,False
Northwestern,WR-X,WR,OFF,2,Ricky Ahumaraeze,JR,False,True
Northwestern,WR-X,WR,OFF,3,Carson Grove,SO,False,True
Northwestern,WR-Z,WR,OFF,1,Griffin Wilde,SR,True,False
Northwestern,WR-Z,WR,OFF,2,Frank Covey IV,JR,False,True
Northwestern,WR-Z,WR,OFF,3,Jaden McDuffie,FR,False,False
Northwestern,WR-SL,WR,OFF,1,Drew Wagner,JR,False,False
Northwestern,WR-SL,WR,OFF,2,Carson Grove,SO,False,True
Northwestern,WR-SL,WR,OFF,3,Chase Farrell,SO,True,True
Northwestern,LT,OL,OFF,1,Grant Seagren,JR,True,True
Northwestern,LT,OL,OFF,2,Arkel Anugwom,JR,True,True
Northwestern,LT,OL,OFF,3,Leighton Burbach,FR,False,False
Northwestern,LG,OL,OFF,1,Dennis Rahouski,SO,False,True
Northwestern,LG,OL,OFF,2,Idrys Cotton,SO,False,True
Northwestern,LG,OL,OFF,3,Owen Fors,FR,False,False
Northwestern,C,OL,OFF,1,Ezomo Oratokhai,SO,False,True
Northwestern,RG,OL,OFF,1,Anthony Birsa,JR,False,True
Northwestern,RG,OL,OFF,2,Jace Borcherding,SO,False,True
Northwestern,RT,OL,OFF,1,Deuce McGuire,SR,False,True
Northwestern,RT,OL,OFF,2,David Anchondo,JR,True,True
Northwestern,RT,OL,OFF,3,Jack Fuchs,FR,False,False
Northwestern,TE,TE,OFF,1,Alex Honig,GR,True,False
Northwestern,TE,TE,OFF,2,Luke Dehnicke,SO,True,True
Northwestern,TE,TE,OFF,3,Blake Van Buren,GR,False,False
Northwestern,QB,QB,OFF,1,Aidan Chiles,SR,True,False
Northwestern,QB,QB,OFF,2,Nicco Marchiol,SR,True,True
Northwestern,QB,QB,OFF,3,Ryan Boe,SO,False,True
Northwestern,RB,RB,OFF,1,Caleb Komolafe,JR,False,True
Northwestern,RB,RB,OFF,2,Gavin Sawchuk,GR,True,False
Northwestern,RB,RB,OFF,3,Joseph Himon II,GR,False,False
Northwestern,LDE,EDGE,DEF,1,Michael Kilbane,JR,False,True
Northwestern,LDE,EDGE,DEF,2,Dominic Kirks,SO,True,True
Northwestern,LDT,DT,DEF,1,Brendan Flakes,SR,False,True
Northwestern,LDT,DT,DEF,2,Glory Stephen-Wangboje,JR,True,True
Northwestern,LDT,DT,DEF,3,Mason Mayne,FR,False,True
Northwestern,RDT,DT,DEF,1,Tyler Gant,JR,False,True
Northwestern,RDT,DT,DEF,2,Migo Jackson,GR,True,False
Northwestern,RDT,DT,DEF,3,Troy Regovich,SO,False,True
Northwestern,RDE,EDGE,DEF,1,Jamaal Johnson,GR,True,False
Northwestern,RDE,EDGE,DEF,2,Callen Campbell,SO,False,True
Northwestern,WLB,LB,DEF,1,Braydon Brus,SR,False,True
Northwestern,WLB,LB,DEF,2,Jack Sadowsky V,SR,True,False
Northwestern,WLB,LB,DEF,3,Payton Roth,JR,False,True
Northwestern,MLB,LB,DEF,1,Kobie McKinzie,GR,True,False
Northwestern,MLB,LB,DEF,2,Nigel Glover,JR,True,True
Northwestern,LCB,CB,DEF,1,Brenden Deasfernandes,GR,True,False
Northwestern,LCB,CB,DEF,2,Ore Adeyi,GR,False,False
Northwestern,LCB,CB,DEF,3,Marquet Dorsey Jr.,SO,False,False
Northwestern,SS,SAF,DEF,1,Damon Walters,JR,False,True
Northwestern,SS,SAF,DEF,2,Alijah Jones,SO,False,False
Northwestern,FS,SAF,DEF,1,Robert Fitzgerald,SR,False,True
Northwestern,FS,SAF,DEF,2,Jon Jon Stevens Jr.,SO,False,False
Northwestern,RCB,CB,DEF,1,Josh Fussell,JR,False,True
Northwestern,RCB,CB,DEF,2,Montae Pate,SR,True,True
Northwestern,NB,CB,DEF,1,Braden Turner,SR,False,True
Notre Dame,WR-X,WR,OFF,1,Jordan Faison,SR,False,False
Notre Dame,WR-X,WR,OFF,2,Cam Williams,SO,False,True
Notre Dame,WR-X,WR,OFF,3,Elijah Burress,FR,False,True
Notre Dame,WR-Z,WR,OFF,1,Quincy Porter,FR,True,True
Notre Dame,WR-Z,WR,OFF,2,Micah Gilbert,SO,False,True
Notre Dame,WR-Z,WR,OFF,3,Devin Fitzgerald,FR,False,False
Notre Dame,WR-SL,WR,OFF,1,Mylan Graham,SO,True,True
Notre Dame,WR-SL,WR,OFF,2,Jaden Greathouse,JR,False,True
Notre Dame,WR-SL,WR,OFF,3,Logan Saldate,SO,False,True
Notre Dame,LT,OL,OFF,1,Will Black,FR,False,True
Notre Dame,LT,OL,OFF,2,Styles Prescod,SO,False,True
Notre Dame,LG,OL,OFF,1,Anthonie Knapp,JR,False,False
Notre Dame,LG,OL,OFF,2,Devan Houstan,JR,False,True
Notre Dame,LG,OL,OFF,3,Chris Terek,JR,False,True
Notre Dame,C,OL,OFF,1,Ashton Craig,SR,False,True
Notre Dame,C,OL,OFF,2,Joe Otting,JR,False,True
Notre Dame,C,OL,OFF,3,Cam Herron,FR,False,True
Notre Dame,RG,OL,OFF,1,Charles Jagusah,JR,False,True
Notre Dame,RG,OL,OFF,2,Sullivan Absher,JR,False,True
Notre Dame,RG,OL,OFF,3,Peter Jones,SO,False,True
Notre Dame,RT,OL,OFF,1,Guerby Lambert,SO,False,True
Notre Dame,RT,OL,OFF,2,Matty Augustine,FR,False,True
Notre Dame,RT,OL,OFF,3,Owen Strebig,FR,False,True
Notre Dame,TE,TE,OFF,1,Cooper Flanagan,SR,False,False
Notre Dame,TE,TE,OFF,2,James Flanigan,FR,False,True
Notre Dame,TE,TE,OFF,3,Ty Washington,SR,True,True
Notre Dame,QB,QB,OFF,1,CJ Carr,SO,False,True
Notre Dame,QB,QB,OFF,2,Blake Hebert,FR,False,True
Notre Dame,QB,QB,OFF,3,Noah Grubbs,FR,False,False
Notre Dame,RB,RB,OFF,1,Aneyas Williams,JR,False,False
Notre Dame,RB,RB,OFF,2,Nolan James Jr.,FR,False,True
Notre Dame,RB,RB,OFF,3,Kedren Young,SO,False,True
Notre Dame,LDE,EDGE,DEF,1,Bryce Young,JR,False,False
Notre Dame,LDE,EDGE,DEF,2,Keon Keeley,JR,True,True
Notre Dame,LDE,EDGE,DEF,3,Christopher Burgess Jr.,FR,False,True
Notre Dame,LDT,DT,DEF,1,Jason Onye,SR,False,True
Notre Dame,LDT,DT,DEF,2,Tionne Gray,SO,True,True
Notre Dame,LDT,DT,DEF,3,Elijah Hughes,SR,True,False
Notre Dame,RDT,DT,DEF,1,Francis Brewu,JR,True,False
Notre Dame,RDT,DT,DEF,2,Armel Mukam,JR,False,True
Notre Dame,RDT,DT,DEF,3,Cole Mullins,SO,False,True
Notre Dame,RDE,EDGE,DEF,1,Boubacar Traore,JR,False,True
Notre Dame,RDE,EDGE,DEF,2,Rodney Dunham,FR,False,False
Notre Dame,RDE,EDGE,DEF,3,Loghan Thomas,SO,False,True
Notre Dame,WLB,LB,DEF,1,Jaiden Ausberry,JR,False,True
Notre Dame,WLB,LB,DEF,2,Jaylen Sneed,SR,False,True
Notre Dame,WLB,LB,DEF,3,Kahanu Kia,JR,False,True
Notre Dame,MLB,LB,DEF,1,Drayk Bowen,SR,False,False
Notre Dame,MLB,LB,DEF,2,Kyngstonn Viliamu-Asa,JR,False,False
Notre Dame,MLB,LB,DEF,3,Madden Faraimo,SO,False,False
Notre Dame,FCB,CB,DEF,1,DJ McKinney,SR,True,True
Notre Dame,FCB,CB,DEF,2,Mark Zackery IV,SO,False,False
Notre Dame,FCB,CB,DEF,3,Khary Adams,FR,False,False
Notre Dame,FS,SAF,DEF,1,Brauntae Johnson,SO,False,True
Notre Dame,FS,SAF,DEF,2,Ethan Long,FR,False,True
Notre Dame,FS,SAF,DEF,3,Joey O'Brien,FR,False,False
Notre Dame,BS,SAF,DEF,1,Adon Shuler,JR,False,True
Notre Dame,BS,SAF,DEF,2,Luke Talich,SR,False,False
Notre Dame,BCB,CB,DEF,1,Leonard Moore,JR,False,False
Notre Dame,BCB,CB,DEF,2,Jayden Sanders,SO,True,False
Notre Dame,NB,CB,DEF,1,Christian Gray,SR,False,False
Notre Dame,NB,CB,DEF,2,Dallas Golden,SO,False,False
Ohio,WR-X,WR,OFF,2,Delaney Crawford,JR,True,True
Ohio,WR-Z,WR,OFF,1,Dom Dorwart,FR,False,True
Ohio,WR-Z,WR,OFF,2,Eian Pugh,JR,True,True
Ohio,WR-SL,WR,OFF,2,Caleb Gossett,SR,True,True
Ohio,LT,OL,OFF,1,Shedrick Rhodes Jr.,GR,True,False
Ohio,LT,OL,OFF,2,Jarian Shelby,JR,False,True
Ohio,LG,OL,OFF,2,Kam Wright,JR,False,True
Ohio,C,OL,OFF,1,Nick Marinaro,GR,True,False
Ohio,C,OL,OFF,2,Bryce Parson,FR,False,True
Ohio,RG,OL,OFF,1,Trent Allen,SR,True,False
Ohio,RG,OL,OFF,2,Seth Anstead,FR,False,True
Ohio,RT,OL,OFF,2,Tigana Cisse,JR,True,True
Ohio,TE,TE,OFF,2,Jake Bruno,SR,True,True
Ohio,QB,QB,OFF,2,Nick Poulos,SR,True,True
Ohio,RB,RB,OFF,1,Sieh Bangura,SR,True,True
Ohio,RB,RB,OFF,2,Duncan Brune,SO,False,False
Ohio,DE,EDGE,DEF,2,Joseph Marsh,SO,True,True
Ohio,NT,DT,DEF,1,Pius Odjugo,SR,True,True
Ohio,NT,DT,DEF,2,Austin Mitchell,SO,False,True
Ohio,DT,DT,DEF,1,Nehemiah Dukes,JR,True,True
Ohio,DT,DT,DEF,2,Nathan Hale,SR,True,False
Ohio,JACK,EDGE,DEF,2,Joseph Marsh,SO,True,True
Ohio,WLB,LB,DEF,1,Jack Fries,JR,False,True
Ohio,WLB,LB,DEF,2,Makel Williams,GR,True,False
Ohio,WLB,LB,DEF,3,Jasen Kelly,FR,False,True
Ohio,MLB,LB,DEF,1,Cameron Hollobaugh,GR,True,False
Ohio,MLB,LB,DEF,2,Charlie Christopher,FR,False,False
Ohio,FCB,CB,DEF,1,Michael Mack II,SR,True,True
Ohio,FCB,CB,DEF,2,Jaymar Mundy,SR,True,True
Ohio,FCB,CB,DEF,3,Kendall Bannister,SO,False,True
Ohio,SS,SAF,DEF,1,DJ Walker,SO,False,True
Ohio,SS,SAF,DEF,2,JT Haskins,FR,False,True
Ohio,FS,SAF,DEF,1,Adonis Williams Jr.,SR,False,False
Ohio,FS,SAF,DEF,2,Rickey Hyatt Jr.,SR,True,True
Ohio,BCB,CB,DEF,1,Tank Pearson,GR,True,False
Ohio,BCB,CB,DEF,2,Ronald Jackson Jr.,GR,True,False
Ohio,NB,CB,DEF,2,Pierre Kemeni Jr.,GR,True,False
Ohio State,WR-X,WR,OFF,1,Chris Henry Jr.,FR,False,False
Ohio State,WR-X,WR,OFF,2,Brock Boyd,FR,False,False
Ohio State,WR-X,WR,OFF,3,Phillip Bell,FR,False,True
Ohio State,WR-Z,WR,OFF,1,Jeremiah Smith,JR,False,False
Ohio State,WR-Z,WR,OFF,2,Devin McCuin,SR,True,False
Ohio State,WR-Z,WR,OFF,3,Jerquaden Guilford,FR,False,False
Ohio State,WR-SL,WR,OFF,1,Brandon Inniss,SR,False,False
Ohio State,WR-SL,WR,OFF,2,Kyle Parker,JR,True,True
Ohio State,WR-SL,WR,OFF,3,De'Zie Jones,FR,False,True
Ohio State,LT,OL,OFF,1,Ian Moore,SO,False,True
Ohio State,LT,OL,OFF,2,Sam Greer,FR,False,False
Ohio State,LG,OL,OFF,1,Luke Montgomery,SR,False,False
Ohio State,LG,OL,OFF,2,Jake Cook,FR,False,True
Ohio State,C,OL,OFF,1,Carson Hinzman,SR,False,True
Ohio State,C,OL,OFF,2,Joshua Padilla,JR,False,True
Ohio State,RG,OL,OFF,1,Austin Siereveld,JR,False,True
Ohio State,RG,OL,OFF,2,Gabe VanSickle,SO,False,True
Ohio State,RT,OL,OFF,1,Phillip Daniels,JR,True,True
Ohio State,RT,OL,OFF,2,Carter Lowe,FR,False,True
Ohio State,RT,OL,OFF,3,Deontae Armstrong,SO,False,True
Ohio State,TE,TE,OFF,1,Nate Roberts,SO,False,False
Ohio State,TE,TE,OFF,2,Hunter Welcing,GR,True,False
Ohio State,TE,TE,OFF,3,Mason Williams,JR,True,True
Ohio State,QB,QB,OFF,1,Julian Sayin,SO,False,True
Ohio State,QB,QB,OFF,2,Tavien St. Clair,FR,False,True
Ohio State,QB,QB,OFF,3,Justyn Martin,SR,True,True
Ohio State,RB,RB,OFF,1,Bo Jackson,SO,False,False
Ohio State,RB,RB,OFF,2,Isaiah West,SO,False,False
Ohio State,RB,RB,OFF,3,Ja'Kobi Jackson,SR,True,True
Ohio State,LDE,EDGE,DEF,1,Kenyatta Jackson Jr.,SR,False,True
Ohio State,LDE,EDGE,DEF,2,Zion Grady,SO,False,False
Ohio State,LDE,EDGE,DEF,3,Khary Wilder,FR,False,False
Ohio State,NT,DT,DEF,1,John Walker,JR,True,True
Ohio State,NT,DT,DEF,2,Will Smith Jr.,JR,False,True
Ohio State,NT,DT,DEF,3,Jason Moore,JR,False,True
Ohio State,DT,DT,DEF,1,James Smith,SR,True,False
Ohio State,DT,DT,DEF,2,Eddrick Houston,JR,False,False
Ohio State,RDE,EDGE,DEF,1,Beau Atkinson,SR,True,True
Ohio State,RDE,EDGE,DEF,2,Qua Russaw,JR,True,True
Ohio State,RDE,EDGE,DEF,3,Epi Sitanilei,FR,False,True
Ohio State,WLB,LB,DEF,1,Christian Alliegro,SR,True,False
Ohio State,WLB,LB,DEF,2,Riley Pettijohn,SO,False,False
Ohio State,WLB,LB,DEF,3,Cincere Johnson,FR,False,False
Ohio State,MLB,LB,DEF,1,Payton Pierce,JR,False,False
Ohio State,MLB,LB,DEF,2,Tarvos Alford,SO,False,False
Ohio State,MLB,LB,DEF,3,Garrett Stover,JR,False,False
Ohio State,LCB,CB,DEF,1,Jermaine Mathews Jr.,SR,False,False
Ohio State,LCB,CB,DEF,2,Cam Calhoun,JR,True,True
Ohio State,LCB,CB,DEF,3,Jay Timmons,FR,False,False
Ohio State,SS,SAF,DEF,1,Jaylen McClain,JR,False,False
Ohio State,SS,SAF,DEF,2,Blaine Bradford,FR,False,False
Ohio State,FS,SAF,DEF,1,Terry Moore,SR,True,True
Ohio State,FS,SAF,DEF,2,Leroy Roker III,SO,False,True
Ohio State,FS,SAF,DEF,3,Khmari Bing,FR,False,False
Ohio State,RCB,CB,DEF,1,Devin Sanchez,SO,False,False
Ohio State,RCB,CB,DEF,2,Dominick Kelly,SO,True,False
Ohio State,RCB,CB,DEF,3,Jordan Thomas,FR,False,False
Ohio State,NB,CB,DEF,1,Earl Little Jr.,SR,True,True
Ohio State,NB,CB,DEF,2,Miles Lockhart,SO,False,True
Oklahoma,WR-X,WR,OFF,1,Trell Harris,SR,True,True
Oklahoma,WR-X,WR,OFF,2,Elijah Thomas,SO,False,False
Oklahoma,WR-X,WR,OFF,3,Ivan Carreon,JR,False,False
Oklahoma,WR-Z,WR,OFF,1,Parker Livingstone,SO,True,True
Oklahoma,WR-Z,WR,OFF,2,Jer'Michael Carter,JR,True,True
Oklahoma,WR-Z,WR,OFF,3,Manny Choice,SO,False,False
Oklahoma,WR-H,WR,OFF,1,Isaiah Sategna III,SR,True,True
Oklahoma,WR-H,WR,OFF,2,Mackenzie Alleyne,SO,True,True
Oklahoma,WR-H,WR,OFF,3,Jacob Jordan,JR,False,False
Oklahoma,LT,OL,OFF,1,Michael Fasusi,SO,False,False
Oklahoma,LT,OL,OFF,2,Fred Hinton,JR,True,False
Oklahoma,LG,OL,OFF,1,Eddy Pierre-Louis,SO,False,True
Oklahoma,LG,OL,OFF,2,Daniel Akinkunmi,SO,False,True
Oklahoma,C,OL,OFF,1,Jake Maikkula,SR,True,True
Oklahoma,C,OL,OFF,2,Caleb Nitta,JR,True,True
Oklahoma,RG,OL,OFF,1,Ryan Fodje,SO,False,False
Oklahoma,RG,OL,OFF,2,Heath Ozaeta,JR,False,True
Oklahoma,RT,OL,OFF,1,E'Marion Harris,SR,True,True
Oklahoma,RT,OL,OFF,2,Peyton Joseph,SO,True,False
Oklahoma,TE,TE,OFF,1,Hayden Hansen,SR,True,True
Oklahoma,TE,TE,OFF,2,Rocky Beers,SR,True,True
Oklahoma,TE,TE,OFF,3,Jack Van Dorselaer,SO,True,False
Oklahoma,QB,QB,OFF,1,John Mateer,SR,True,True
Oklahoma,QB,QB,OFF,2,Whitt Newbauer,JR,True,False
Oklahoma,QB,QB,OFF,3,Bowe Bentley,FR,False,False
Oklahoma,RB,RB,OFF,1,Xavier Robinson,JR,False,False
Oklahoma,RB,RB,OFF,2,Tory Blaylock,SO,False,False
Oklahoma,RB,RB,OFF,3,Lloyd Avant,JR,True,False
Oklahoma,LDE,EDGE,DEF,1,Taylor Wein,JR,False,True
Oklahoma,LDE,EDGE,DEF,2,Kenny Ozowalu,SO,True,True
Oklahoma,LDE,EDGE,DEF,3,Wyatt Gilmore,SO,False,True
Oklahoma,NT,DT,DEF,1,Jayden Jackson,JR,False,False
Oklahoma,NT,DT,DEF,2,Trent Wilson,FR,False,True
Oklahoma,DT,DT,DEF,1,David Stone,JR,False,False
Oklahoma,DT,DT,DEF,2,Bishop Thomas,SR,True,True
Oklahoma,DT,DT,DEF,3,Nigel Smith II,SO,False,True
Oklahoma,RDE,EDGE,DEF,1,Adepoju Adebawore,SR,False,False
Oklahoma,RDE,EDGE,DEF,2,Danny Okoye,SO,False,True
Oklahoma,WLB,LB,DEF,1,Owen Heinecke,SR,True,True
Oklahoma,WLB,LB,DEF,2,Taylor Heim,JR,False,True
Oklahoma,MLB,LB,DEF,1,Kip Lewis,SR,False,True
Oklahoma,MLB,LB,DEF,2,Cole Sullivan,SO,True,True
Oklahoma,MLB,LB,DEF,3,James Nesta,SO,False,True
Oklahoma,CHEET,CB,DEF,1,Reggie Powers III,JR,False,False
Oklahoma,CHEET,CB,DEF,2,Jeremiah Newcombe,SO,False,True
Oklahoma,LCB,CB,DEF,1,Courtland Guillory,SO,False,False
Oklahoma,LCB,CB,DEF,2,Jacobe Johnson,SR,False,False
Oklahoma,LCB,CB,DEF,3,Dakoda Fields,SO,True,True
Oklahoma,SS,SAF,DEF,1,Peyton Bowen,SR,False,False
Oklahoma,SS,SAF,DEF,2,Omarion Robinson,SO,False,False
Oklahoma,FS,SAF,DEF,1,Michael Boganowski,JR,False,False
Oklahoma,RCB,CB,DEF,1,Eli Bowen,JR,False,False
Oklahoma,RCB,CB,DEF,2,Trystan Haynes,FR,False,True
Oklahoma,RCB,CB,DEF,3,Prince Ijioma,JR,True,False
Oklahoma State,WR-X,WR,OFF,1,Justin Bowick,SR,True,True
Oklahoma State,WR-X,WR,OFF,2,Rodney Harris II,SR,True,True
Oklahoma State,WR-X,WR,OFF,3,Terrence Lewis,SO,True,False
Oklahoma State,WR-Z,WR,OFF,1,Wyatt Young,JR,True,False
Oklahoma State,WR-Z,WR,OFF,2,Israel Polk,JR,True,True
Oklahoma State,WR-SL,WR,OFF,1,Chris Barnes,SO,True,True
Oklahoma State,WR-SL,WR,OFF,2,Miles Coleman,JR,True,False
Oklahoma State,WR-SL,WR,OFF,3,Janí Weir,JR,True,True
Oklahoma State,LT,OL,OFF,1,Braydon Nelson,JR,True,False
Oklahoma State,LT,OL,OFF,2,Shaun Torgeson,SO,True,True
Oklahoma State,LG,OL,OFF,1,Jacob Sexton,SR,True,True
Oklahoma State,LG,OL,OFF,2,Desmond Magiya,JR,True,True
Oklahoma State,C,OL,OFF,1,Tyler Mercer,SO,True,True
Oklahoma State,C,OL,OFF,2,Jakobe Sanders,JR,False,True
Oklahoma State,RG,OL,OFF,1,Johnny Dickson III,SR,True,True
Oklahoma State,RG,OL,OFF,2,Louie Canepa,SR,True,True
Oklahoma State,RT,OL,OFF,1,Joseph Hanson,SR,True,False
Oklahoma State,RT,OL,OFF,2,Ashton Lepo,SR,True,True
Oklahoma State,RT,OL,OFF,3,Kai Holec,SO,True,True
Oklahoma State,TE,TE,OFF,1,Donovan Green,SR,True,True
Oklahoma State,TE,TE,OFF,2,Oscar Hammond,SR,True,True
Oklahoma State,QB,QB,OFF,1,Drew Mestemaker,SO,True,True
Oklahoma State,QB,QB,OFF,2,Grant Jordan,SR,True,True
Oklahoma State,QB,QB,OFF,3,Broderick Vehrs,FR,False,False
Oklahoma State,RB,RB,OFF,1,Caleb Hawkins,SO,True,False
Oklahoma State,RB,RB,OFF,2,Ayo Adeyi,SR,True,True
Oklahoma State,RB,RB,OFF,3,Tre Page III,SO,True,True
Oklahoma State,LDE,EDGE,DEF,1,Jaleel Johnson,SR,False,True
Oklahoma State,LDE,EDGE,DEF,2,Malik Charles,SR,True,True
Oklahoma State,LDE,EDGE,DEF,3,DeSean Brown,SR,False,True
Oklahoma State,NT,DT,DEF,1,Saadiq Clements,JR,True,True
Oklahoma State,NT,DT,DEF,2,Fatafehi Vailea II,SR,True,True
Oklahoma State,NT,DT,DEF,3,Dominic Macon,FR,True,True
Oklahoma State,DT,DT,DEF,1,Jerry Lawson,SR,True,False
Oklahoma State,DT,DT,DEF,2,Enai White,SR,True,True
Oklahoma State,DT,DT,DEF,3,Braylon Rigsby,JR,True,True
Oklahoma State,RDE,EDGE,DEF,1,James Williams,SR,True,True
Oklahoma State,RDE,EDGE,DEF,2,Keviyan Huddleston,JR,True,True
Oklahoma State,RDE,EDGE,DEF,3,Billy Walton III,JR,True,True
Oklahoma State,WLB,LB,DEF,1,Ethan Wesloski,SR,True,True
Oklahoma State,WLB,LB,DEF,2,Tate Romney,SR,True,True
Oklahoma State,WLB,LB,DEF,3,Carl'veon Young,FR,False,True
Oklahoma State,MLB,LB,DEF,1,Isaiah Chisom,JR,True,True
Oklahoma State,MLB,LB,DEF,2,Trip White,SR,True,True
Oklahoma State,MLB,LB,DEF,3,Jack Puckett,SR,True,True
Oklahoma State,LCB,CB,DEF,1,LaDainian Fields,SO,False,True
Oklahoma State,LCB,CB,DEF,2,Kollin Lewis,JR,True,True
Oklahoma State,LCB,CB,DEF,3,Kobi Foreman,SO,False,False
Oklahoma State,SS,SAF,DEF,1,Evan Jackson,SR,True,False
Oklahoma State,SS,SAF,DEF,2,Cameron Epps,SR,False,True
Oklahoma State,SS,SAF,DEF,3,Harrison Dempsey,SR,True,True
Oklahoma State,FS,SAF,DEF,1,Mose Phillips III,SR,True,False
Oklahoma State,FS,SAF,DEF,2,Vincent Holmes,JR,True,True
Oklahoma State,RCB,CB,DEF,1,Mo Horn,SR,True,True
Oklahoma State,RCB,CB,DEF,2,Kale Smith,SR,False,True
Oklahoma State,NB,CB,DEF,1,Quinton Hammonds,JR,True,False
Oklahoma State,NB,CB,DEF,2,Christian Bodnar,JR,True,True
Old Dominion,WR-X,WR,OFF,2,Sidney Mbanasor,JR,True,True
Old Dominion,WR-Z,WR,OFF,2,TJ Johnson,JR,True,False
Old Dominion,LT,OL,OFF,1,Zach Barlev,SR,True,True
Old Dominion,C,OL,OFF,1,Ryan Joyce,SR,True,True
Old Dominion,RG,OL,OFF,2,Elijah Hoskin,SR,False,True
Old Dominion,RT,OL,OFF,1,Stephon Dubose-Bourne,SR,False,True
Old Dominion,RT,OL,OFF,2,Griffin Duggan,SR,True,True
Old Dominion,QB,QB,OFF,1,Quinn Henicle,FR,False,True
Old Dominion,QB,QB,OFF,2,Ryan Huff,FR,False,False
Old Dominion,RB,RB,OFF,2,Devin Roche,SO,False,True
Old Dominion,RB,RB,OFF,3,Ke'Travion Hargrove,SR,True,True
Old Dominion,LDE,EDGE,DEF,1,Kris Trinidad,SR,False,True
Old Dominion,LDE,EDGE,DEF,2,Ricardo Williams Jr.,SR,True,False
Old Dominion,NT,DT,DEF,1,DeAndre Lynch,SO,False,True
Old Dominion,NT,DT,DEF,2,Cole Daniels,SR,True,True
Old Dominion,RDE,EDGE,DEF,1,Chris Forbes,FR,False,True
Old Dominion,RDE,EDGE,DEF,2,Fred Giles,JR,True,False
Old Dominion,WLB,LB,DEF,1,Jeremy Mack Jr.,SR,True,True
Old Dominion,WLB,LB,DEF,2,Mario Thompson,JR,False,False
Old Dominion,MLB,LB,DEF,1,Koa Naotala,JR,False,True
Old Dominion,MLB,LB,DEF,2,Seth Naotala,SR,True,True
Old Dominion,LCB,CB,DEF,1,Botros Alisandro,SR,True,False
Old Dominion,LCB,CB,DEF,2,Brandon Crutchfield,SO,False,False
Old Dominion,SS,SAF,DEF,1,Mario Easterly,JR,False,True
Old Dominion,SS,SAF,DEF,2,Lucas Struck,SO,True,True
Old Dominion,FS,SAF,DEF,3,Ryan Ramey,SO,False,True
Old Dominion,RCB,CB,DEF,1,Zion Frink,SO,False,True
Old Dominion,RCB,CB,DEF,2,Jorian Haynes,SO,True,False
Old Dominion,NB,CB,DEF,1,Nickendre Stiger,SR,True,True
Old Dominion,NB,CB,DEF,2,Daevon Iles,SO,False,False
Oregon,WR-X,WR,OFF,1,Dakorien Moore,SO,False,False
Oregon,WR-X,WR,OFF,2,Evan Stewart,SR,True,True
Oregon,WR-X,WR,OFF,3,Gatlin Bair,FR,False,False
Oregon,WR-Z,WR,OFF,1,Jeremiah McClellan,SO,False,True
Oregon,WR-Z,WR,OFF,2,Dillon Gresham,SO,False,True
Oregon,WR-Z,WR,OFF,3,Jalen Lott,FR,False,False
Oregon,WR-SL,WR,OFF,1,Iverson Hooks,SR,True,True
Oregon,WR-SL,WR,OFF,2,Messiah Hampton,FR,False,False
Oregon,WR-SL,WR,OFF,3,Jack Ressler,SO,False,True
Oregon,LT,OL,OFF,1,Fox Crader,SO,False,True
Oregon,LT,OL,OFF,2,Ziyare Addison,FR,False,True
Oregon,LT,OL,OFF,3,Immanuel Iheanacho,FR,False,False
Oregon,LG,OL,OFF,1,Kawika Rogers,SR,False,True
Oregon,LG,OL,OFF,2,Trent Ferguson,SO,False,True
Oregon,LG,OL,OFF,3,Demetri Manning,FR,False,True
Oregon,C,OL,OFF,1,Iapani Laloulu,SR,False,False
Oregon,C,OL,OFF,2,Devin Brooks,SO,False,True
Oregon,C,OL,OFF,3,Koloi Keli,FR,False,False
Oregon,RG,OL,OFF,1,Dave Iuli,SR,False,True
Oregon,RG,OL,OFF,2,Douglas Utu,FR,False,True
Oregon,RG,OL,OFF,3,Tommy Tofi,FR,False,False
Oregon,RT,OL,OFF,1,Michael Bennett III,SR,True,True
Oregon,RT,OL,OFF,2,Zac Stascausky,FR,False,True
Oregon,RT,OL,OFF,3,Gernorris Wilson,JR,False,True
Oregon,TE,TE,OFF,1,Jamari Johnson,JR,True,True
Oregon,TE,TE,OFF,2,Markus Dixon,JR,True,True
Oregon,TE,TE,OFF,3,Andrew Olesh,FR,True,True
Oregon,QB,QB,OFF,1,Dante Moore,JR,True,True
Oregon,QB,QB,OFF,2,Dylan Raiola,JR,True,False
Oregon,QB,QB,OFF,3,Brock Thomas,JR,False,True
Oregon,RB,RB,OFF,1,Jordon Davison,SO,False,False
Oregon,RB,RB,OFF,2,Dierre Hill Jr.,SO,False,False
Oregon,RB,RB,OFF,3,Simeon Price,SR,True,True
Oregon,DE,EDGE,DEF,1,Matayo Uiagalelei,SR,False,False
Oregon,DE,EDGE,DEF,2,Elijah Rushing,SO,False,True
Oregon,DE,EDGE,DEF,3,Anthony Jones Jr.,FR,False,False
Oregon,NT,DT,DEF,1,Bear Alexander,SR,True,True
Oregon,NT,DT,DEF,2,D'Antre Robinson,JR,True,False
Oregon,NT,DT,DEF,3,Jerome Simmons,SR,True,True
Oregon,DT,DT,DEF,1,A'Mauri Washington,SR,False,False
Oregon,DT,DT,DEF,2,Matthew Johnson,FR,False,True
Oregon,DT,DT,DEF,3,Aydin Breland,SO,False,True
Oregon,JACK,EDGE,DEF,1,Teitum Tuioti,SR,False,False
Oregon,JACK,EDGE,DEF,2,Nasir Wyatt,SO,False,False
Oregon,JACK,EDGE,DEF,3,Bleu Dantzler,FR,True,True
Oregon,MAC,LB,DEF,1,Devon Jackson,SR,False,True
Oregon,MAC,LB,DEF,2,Dylan Williams,SO,False,True
Oregon,MAC,LB,DEF,3,Brayden Platt,SO,False,True
Oregon,MONEY,CB,DEF,1,Jerry Mixon,SR,False,False
Oregon,MONEY,CB,DEF,2,Gavin Nix,SO,False,False
Oregon,LCB,CB,DEF,1,Ify Obidegwu,SO,False,True
Oregon,LCB,CB,DEF,2,Aaron Scott Jr.,SO,True,True
Oregon,LCB,CB,DEF,3,Tre Watson,JR,True,False
Oregon,SS,SAF,DEF,1,Koi Perich,JR,True,False
Oregon,SS,SAF,DEF,2,Jett Washington,FR,False,False
Oregon,FS,SAF,DEF,1,Aaron Flowers,SO,False,True
Oregon,FS,SAF,DEF,2,Peyton Woodyard,JR,False,False
Oregon,RCB,CB,DEF,1,Brandon Finney Jr.,SO,False,False
Oregon,RCB,CB,DEF,2,Na'eem Offord,SO,False,False
Oregon,NB,CB,DEF,1,Carl Williams IV,JR,True,True
Oregon,NB,CB,DEF,2,Davon Benjamin,FR,False,False
Oregon State,WR-X,WR,OFF,1,Eddie Freauff,SO,False,True
Oregon State,WR-X,WR,OFF,2,Aaron Butler,SO,True,True
Oregon State,WR-X,WR,OFF,3,Cynai Thomas,FR,False,False
Oregon State,WR-Z,WR,OFF,1,Xayvion Noland,JR,True,True
Oregon State,WR-Z,WR,OFF,2,Malachi Durant,SO,False,True
Oregon State,WR-Z,WR,OFF,3,Jesse Legree,FR,False,False
Oregon State,WR-SL,WR,OFF,1,Aeryn Hampton,SO,True,True
Oregon State,WR-SL,WR,OFF,2,Karson Boschma,SR,True,True
Oregon State,WR-SL,WR,OFF,3,Jameson Powell,FR,False,False
Oregon State,LT,OL,OFF,1,Kwan Johnson,SO,True,True
Oregon State,LT,OL,OFF,2,Jacob Anderson,JR,False,True
Oregon State,LG,OL,OFF,1,Carter Guillaume,SO,True,True
Oregon State,C,OL,OFF,1,Nathan Elu,SR,False,True
Oregon State,C,OL,OFF,2,Jake Normoyle,FR,False,True
Oregon State,RG,OL,OFF,1,Tyler Voltin,SR,False,True
Oregon State,RG,OL,OFF,2,Will Larkins,JR,True,True
Oregon State,RT,OL,OFF,1,Teko Shoats,JR,True,False
Oregon State,RT,OL,OFF,2,Josiah Timoteo,JR,True,True
Oregon State,TE,TE,OFF,1,Eric Olsen,SR,True,True
Oregon State,TE,TE,OFF,2,Gabe Milbourn,SR,False,True
Oregon State,TE,TE,OFF,3,DeCorion Temple,SR,True,True
Oregon State,QB,QB,OFF,1,Maalik Murphy,SR,True,True
Oregon State,QB,QB,OFF,2,Braden Atkinson,SO,True,False
Oregon State,QB,QB,OFF,3,Brady Jones,SR,True,False
Oregon State,RB,RB,OFF,1,Cornell Hatcher Jr.,SO,False,True
Oregon State,RB,RB,OFF,2,AJ Newberry,JR,True,True
Oregon State,RB,RB,OFF,3,Kourdey Glass,FR,False,True
Oregon State,LDE,EDGE,DEF,1,Takari Hickle,SR,False,True
Oregon State,LDE,EDGE,DEF,2,Niklas Fisher,FR,False,True
Oregon State,NT,DT,DEF,1,Tygee Hill,SR,True,True
Oregon State,NT,DT,DEF,2,Tevita Pome'e,JR,True,True
Oregon State,NT,DT,DEF,3,Tyler Bailey,JR,True,False
Oregon State,DT,DT,DEF,1,Jacob Schuster,SR,True,True
Oregon State,DT,DT,DEF,2,Daniel Matagi,SR,True,False
Oregon State,DT,DT,DEF,3,Jaylen Hill,FR,False,True
Oregon State,RDE,EDGE,DEF,1,Ish Findlayter,JR,True,True
Oregon State,RDE,EDGE,DEF,2,Will Haverland,SO,False,True
Oregon State,WLB,LB,DEF,1,Raesjon Davis,SR,True,True
Oregon State,WLB,LB,DEF,2,Tyree Blake,SR,False,True
Oregon State,WLB,LB,DEF,3,Jabari Odoemenem,SR,True,False
Oregon State,MLB,LB,DEF,1,Aiden Sullivan,SR,True,True
Oregon State,MLB,LB,DEF,2,Kord Shaw,SR,False,True
Oregon State,MLB,LB,DEF,3,Dylan Layne,SR,True,True
Oregon State,LCB,CB,DEF,1,Exodus Ayers,SO,False,True
Oregon State,LCB,CB,DEF,2,Isaiah Houi,JR,True,False
Oregon State,LCB,CB,DEF,3,Blake Thompson,FR,False,True
Oregon State,SS,SAF,DEF,1,RJ Whitten,SO,True,False
Oregon State,SS,SAF,DEF,2,Sean Craig,FR,False,True
Oregon State,SS,SAF,DEF,3,Tyjai Hopper,SO,True,True
Oregon State,FS,SAF,DEF,1,Harlem Howard,JR,True,True
Oregon State,FS,SAF,DEF,2,Kahanu Kalahiki,SO,True,False
Oregon State,RCB,CB,DEF,1,Trey Glasper,SO,False,False
Oregon State,RCB,CB,DEF,2,TJ Crandall,JR,True,True
Oregon State,RCB,CB,DEF,3,David Madison,FR,False,True
Oregon State,NB,CB,DEF,1,Sailasa Vadrawale III,JR,True,True
Oregon State,NB,CB,DEF,2,Noble Thomas Jr.,SR,False,True
Penn State,WR-X,WR,OFF,1,Chase Sowell,SR,True,True
Penn State,WR-X,WR,OFF,2,Karon Brookins,FR,True,True
Penn State,WR-X,WR,OFF,3,Peter Gonzalez,SO,False,True
Penn State,WR-Z,WR,OFF,1,Brett Eskildsen,JR,True,False
Penn State,WR-Z,WR,OFF,2,Lyrick Samuel,FR,False,True
Penn State,WR-Z,WR,OFF,3,Amarion Jackson,FR,False,False
Penn State,WR-F,WR,OFF,1,Koby Howard,SO,False,False
Penn State,WR-F,WR,OFF,2,Zay Robinson,FR,True,True
Penn State,WR-F,WR,OFF,3,Keith Jones Jr.,SO,True,True
Penn State,LT,OL,OFF,1,Malachi Goodman,FR,False,True
Penn State,LT,OL,OFF,2,Owen Aliciene,FR,False,True
Penn State,LT,OL,OFF,3,Kuol Kuol II,FR,True,True
Penn State,LG,OL,OFF,1,Trevor Buhr,JR,True,True
Penn State,LG,OL,OFF,2,Chimdy Onoh,JR,False,True
Penn State,LG,OL,OFF,3,Donnie Harbour,SO,False,True
Penn State,C,OL,OFF,1,Brock Riker,SO,True,True
Penn State,C,OL,OFF,2,Vaea Ikakoula,FR,True,True
Penn State,C,OL,OFF,3,Dominic Rulli,SR,False,True
Penn State,RG,OL,OFF,1,Cooper Cousins,JR,False,False
Penn State,RG,OL,OFF,2,Will Tompkins,FR,True,True
Penn State,RT,OL,OFF,1,Anthony Donkoh,JR,False,True
Penn State,RT,OL,OFF,2,Garrett Sexton,SO,False,True
Penn State,TE,TE,OFF,1,Andrew Rappleyea,JR,False,True
Penn State,TE,TE,OFF,2,Benjamin Brahmer,SR,True,False
Penn State,TE,TE,OFF,3,Gabe Burkle,SR,True,True
Penn State,QB,QB,OFF,1,Rocco Becht,SR,True,True
Penn State,QB,QB,OFF,2,Alex Manske,FR,True,True
Penn State,QB,QB,OFF,3,Connor Barry,SR,True,True
Penn State,RB,RB,OFF,1,Carson Hansen,SR,True,False
Penn State,RB,RB,OFF,2,James Peoples,JR,True,False
Penn State,RB,RB,OFF,3,Quinton Martin Jr.,SO,False,True
Penn State,LDE,EDGE,DEF,1,Yvan Kemajou,SO,False,False
Penn State,LDE,EDGE,DEF,2,Ikenna Ezeogu,SR,True,True
Penn State,LDE,EDGE,DEF,3,Dayshaun Burnett,FR,False,True
Penn State,LDT,DT,DEF,1,Armstrong Nnodim,SO,True,True
Penn State,LDT,DT,DEF,2,Alijah Carnell,SO,True,True
Penn State,LDT,DT,DEF,3,Dallas Vakalahi,JR,True,False
Penn State,RDT,DT,DEF,1,Keanu Williams,SR,True,True
Penn State,RDT,DT,DEF,2,Siale Taupaki,SR,True,True
Penn State,RDT,DT,DEF,3,Ty Blanding,JR,False,True
Penn State,RDE,EDGE,DEF,1,Max Granville,SO,False,True
Penn State,RDE,EDGE,DEF,2,Alexander McPherson,SO,True,False
Penn State,RDE,EDGE,DEF,3,LaVar Arrington II,SO,False,False
Penn State,WLB,LB,DEF,1,Tony Rojas,JR,False,True
Penn State,WLB,LB,DEF,2,Alex Tatsch,SO,False,False
Penn State,WLB,LB,DEF,3,Cam Smith,FR,False,True
Penn State,MLB,LB,DEF,1,Kooper Ebel,SR,True,False
Penn State,MLB,LB,DEF,2,Caleb Bacon,SR,True,True
Penn State,MLB,LB,DEF,3,Cael Brezina,JR,True,False
Penn State,LCB,CB,DEF,1,Daryus Dixson,SO,False,False
Penn State,LCB,CB,DEF,2,Joshua Johnson,FR,False,True
Penn State,LCB,CB,DEF,3,Hunter Sowell,FR,True,True
Penn State,SS,SAF,DEF,1,Marcus Neal Jr.,JR,True,False
Penn State,SS,SAF,DEF,2,Vaboue Toure,SO,False,True
Penn State,SS,SAF,DEF,3,Omarion Davis,SO,True,False
Penn State,FS,SAF,DEF,1,Jeremiah Cooper,SR,True,True
Penn State,FS,SAF,DEF,2,Jamison Patton,SR,True,False
Penn State,RCB,CB,DEF,1,Audavion Collins,SR,True,True
Penn State,RCB,CB,DEF,2,Jahmir Joseph,FR,False,True
Penn State,NB,CB,DEF,1,Zion Tracy,SR,False,False
Penn State,NB,CB,DEF,2,Ibn McDaniels,SO,True,True
Penn State,NB,CB,DEF,3,Xxavier Thomas,FR,False,True
Pittsburgh,WR-X,WR,OFF,1,Malik Knight,SR,True,True
Pittsburgh,WR-X,WR,OFF,2,Tony Kinsler,SO,False,False
Pittsburgh,WR-Z,WR,OFF,1,Cataurus Hicks,JR,True,True
Pittsburgh,WR-Z,WR,OFF,2,Censere Lee,SR,True,True
Pittsburgh,WR-SL,WR,OFF,1,Bryce Yates,SO,False,False
Pittsburgh,WR-SL,WR,OFF,2,Cam Sapp,FR,False,True
Pittsburgh,LT,OL,OFF,1,Kendall Stanley,SR,True,True
Pittsburgh,LT,OL,OFF,2,Netinho Olivieri,SR,True,True
Pittsburgh,LG,OL,OFF,1,Keylen Davis,SR,True,True
Pittsburgh,LG,OL,OFF,2,Keith Gouveia,SR,True,True
Pittsburgh,C,OL,OFF,1,Ryan Carretta,JR,False,True
Pittsburgh,C,OL,OFF,2,Isaiah Montgomery,SR,False,True
Pittsburgh,RG,OL,OFF,1,BJ Williams,SR,False,False
Pittsburgh,RG,OL,OFF,2,Torian Chester,FR,False,True
Pittsburgh,RT,OL,OFF,1,Ryan Baer,SR,False,True
Pittsburgh,RT,OL,OFF,2,Jiavani Cooley,SO,False,True
Pittsburgh,RT,OL,OFF,3,Akram Elnagmi,FR,False,True
Pittsburgh,TE,TE,OFF,1,Carson Kent,SR,True,True
Pittsburgh,TE,TE,OFF,2,Elijah Lagg,SR,True,False
Pittsburgh,TE,TE,OFF,3,Max Hunt,FR,False,True
Pittsburgh,QB,QB,OFF,1,Mason Heintschel,SO,False,False
Pittsburgh,QB,QB,OFF,2,Holden Geriner,SR,True,True
Pittsburgh,QB,QB,OFF,3,Corey Dailey,FR,False,False
Pittsburgh,RB,RB,OFF,1,Ja'Kyrian Turner,SO,False,False
Pittsburgh,RB,RB,OFF,2,La'Vell Wright,GR,True,False
Pittsburgh,RB,RB,OFF,3,Damon Ferguson Jr.,FR,False,False
Pittsburgh,LDE,EDGE,DEF,1,Isaiah Neal,JR,False,True
Pittsburgh,LDE,EDGE,DEF,2,Jaeden Moore,JR,True,True
Pittsburgh,LDE,EDGE,DEF,3,Reston Lehman,FR,False,False
Pittsburgh,NT,DT,DEF,1,Nick James,SR,True,True
Pittsburgh,NT,DT,DEF,2,Jeremiah Warren,JR,True,True
Pittsburgh,DT,DT,DEF,1,Sean FitzSimmons,SR,False,True
Pittsburgh,DT,DT,DEF,2,Eliyt Nairne,JR,True,True
Pittsburgh,RDE,EDGE,DEF,1,Jimmy Scott,SR,False,True
Pittsburgh,RDE,EDGE,DEF,2,Zach Crothers,SO,False,True
Pittsburgh,MONEY,CB,DEF,1,Alex Sanford Jr.,SR,True,False
Pittsburgh,MONEY,CB,DEF,2,DeMarco Ward,JR,True,True
Pittsburgh,MLB,LB,DEF,1,Braylan Lovelace,SR,False,False
Pittsburgh,MLB,LB,DEF,2,Jeremiah Marcelin,SO,False,True
Pittsburgh,MLB,LB,DEF,3,Abe Ibrahim,SR,False,True
Pittsburgh,STAR,CB,DEF,1,Cameron Lindsey,SO,False,True
Pittsburgh,STAR,CB,DEF,2,Emmanuel Taylor,SO,False,False
Pittsburgh,STAR,CB,DEF,3,Jayden Bonsu,JR,True,True
Pittsburgh,LCB,CB,DEF,1,Shadarian Harrison,JR,False,True
Pittsburgh,LCB,CB,DEF,2,Kanye Thompson,SR,True,True
Pittsburgh,LCB,CB,DEF,3,D'Angelo Stocker,SR,True,True
Pittsburgh,SS,SAF,DEF,1,Josh Guerrier,SO,False,False
Pittsburgh,SS,SAF,DEF,2,Allen Bryant,SO,False,True
Pittsburgh,FS,SAF,DEF,1,Cruce Brookins,JR,False,True
Pittsburgh,FS,SAF,DEF,2,Cole Woodson,FR,False,True
Pittsburgh,RCB,CB,DEF,1,Raion Strader,SR,True,False
Pittsburgh,RCB,CB,DEF,2,Shawn Lee Jr.,SO,False,False
Pittsburgh,RCB,CB,DEF,3,Rashan Murray,SR,True,True
Purdue,WR-X,WR,OFF,1,Xavier Townsend,SR,True,True
Purdue,WR-X,WR,OFF,2,Jaylan Hornsby,SO,True,True
Purdue,WR-X,WR,OFF,3,Jalil Hall,FR,False,True
Purdue,WR-Z,WR,OFF,1,Bisi Owens,SR,True,True
Purdue,WR-Z,WR,OFF,2,Corey Smith,JR,True,False
Purdue,WR-Z,WR,OFF,3,Chauncey Magwood,SR,True,True
Purdue,WR-SL,WR,OFF,1,Asaad Waseem,JR,True,True
Purdue,WR-SL,WR,OFF,2,Jesse Watson,SO,False,True
Purdue,WR-SL,WR,OFF,3,De'Nylon Morrissette,SR,True,True
Purdue,LT,OL,OFF,1,Joey Tanona,SR,True,True
Purdue,LT,OL,OFF,2,Jude McCoskey,SR,True,False
Purdue,LT,OL,OFF,3,Marc Nave Jr.,SO,True,True
Purdue,LG,OL,OFF,1,Micah Banuelos,JR,True,True
Purdue,LG,OL,OFF,2,Mason Vicari,JR,True,False
Purdue,LG,OL,OFF,3,Max Parrott,SO,False,True
Purdue,C,OL,OFF,1,Boaz Stanley,SR,True,True
Purdue,C,OL,OFF,2,Makai Saina,SO,True,True
Purdue,RG,OL,OFF,1,Marques Easley,SO,True,True
Purdue,RG,OL,OFF,2,Ethan Trent,JR,False,True
Purdue,RT,OL,OFF,1,Nuku Mafi,SO,True,True
Purdue,RT,OL,OFF,2,Jatavius Shivers,JR,True,True
Purdue,TE,TE,OFF,1,George Burhenn,JR,False,True
Purdue,TE,TE,OFF,2,Kylan Fox,JR,True,False
Purdue,TE,TE,OFF,3,Luca Puccinelli,SO,True,True
Purdue,QB,QB,OFF,1,Ryan Browne,JR,False,True
Purdue,QB,QB,OFF,2,Evans Chuba,SO,True,True
Purdue,QB,QB,OFF,3,Bennett Meredith,SR,True,True
Purdue,RB,RB,OFF,1,Fame Ijeboi,SO,True,True
Purdue,RB,RB,OFF,2,Jerrick Gibson,SO,True,True
Purdue,RB,RB,OFF,3,Antonio Harris,JR,False,False
Purdue,DE,EDGE,DEF,1,CJ Madden,SR,True,True
Purdue,DE,EDGE,DEF,2,Breeon Ishmail,JR,True,True
Purdue,NT,DT,DEF,1,Ian Jeffries,JR,True,True
Purdue,NT,DT,DEF,2,Curt Neal,SR,True,True
Purdue,NT,DT,DEF,3,Josiah Hope,FR,False,False
Purdue,DT,DT,DEF,1,Rodney Lora,JR,True,True
Purdue,DT,DT,DEF,2,TJ Lindsey,SO,True,True
Purdue,DT,DT,DEF,3,Wisdom Simms,SR,True,True
Purdue,RUSH,EDGE,DEF,1,Elo Modozie,SR,True,False
Purdue,RUSH,EDGE,DEF,2,Keyshawn Burgos,SR,True,True
Purdue,RUSH,EDGE,DEF,3,Trey Smith,JR,True,True
Purdue,WLB,LB,DEF,1,Charles Correa,JR,True,False
Purdue,WLB,LB,DEF,2,Anthony Speca,JR,True,False
Purdue,WLB,LB,DEF,3,Hudson Miller,SR,True,True
Purdue,MLB,LB,DEF,1,Jojo Hayden,JR,True,True
Purdue,MLB,LB,DEF,2,Tre Moore,SR,True,True
Purdue,MLB,LB,DEF,3,Winston Berglund,JR,False,True
Purdue,LCB,CB,DEF,1,Ryan Turner,SR,True,True
Purdue,LCB,CB,DEF,2,Dee Newsome,JR,True,True
Purdue,LCB,CB,DEF,3,Traveon Wright,JR,True,True
Purdue,SS,SAF,DEF,1,John Slaughter,SR,True,False
Purdue,SS,SAF,DEF,2,Vi'Naz Cobb,SO,False,False
Purdue,FS,SAF,DEF,1,Jaden Mangham,SR,True,True
Purdue,FS,SAF,DEF,2,Justin Denson Jr.,SO,True,True
Purdue,RCB,CB,DEF,1,Hudauri Hines,JR,False,False
Purdue,RCB,CB,DEF,2,Don Saunders,SR,True,True
Purdue,NB,CB,DEF,1,Mister Clark,JR,True,True
Purdue,NB,CB,DEF,2,Smiley Bradford,JR,False,False
Rice,WR-X,WR,OFF,1,Payton Matthews,SO,False,False
Rice,WR-X,WR,OFF,2,Keenan Arcega-Whiteside,FR,False,True
Rice,WR-Z,WR,OFF,1,Braylen Walker,SR,False,True
Rice,WR-Z,WR,OFF,2,Barry Jackson Jr.,JR,True,True
Rice,WR-Z,WR,OFF,3,Jordan Clark,FR,False,True
Rice,WR-SL,WR,OFF,1,Davis Lane,SR,True,True
Rice,WR-SL,WR,OFF,2,Colin Leahey,FR,False,True
Rice,WR-SL,WR,OFF,3,Owen Carter,SO,False,True
Rice,LT,OL,OFF,1,Luke Needham,JR,False,True
Rice,LT,OL,OFF,2,Justin Michaelis,FR,False,True
Rice,LT,OL,OFF,3,Cullen Witt,SO,False,True
Rice,LG,OL,OFF,1,Patrick Valent,SR,False,True
Rice,LG,OL,OFF,2,Leo Bluhm,SR,True,True
Rice,C,OL,OFF,1,Scott Becker,SR,True,True
Rice,C,OL,OFF,2,Nate Bledsoe,JR,False,True
Rice,RG,OL,OFF,1,Cole Principe,SO,False,False
Rice,RT,OL,OFF,1,Luke Miller,SO,False,True
Rice,RT,OL,OFF,2,Peyton Farmer,JR,False,True
Rice,TE,TE,OFF,1,James Falk,JR,False,True
Rice,TE,TE,OFF,2,Preston Zinter,JR,True,True
Rice,TE,TE,OFF,3,DD Oliver,FR,False,True
Rice,QB,QB,OFF,1,Jacurri Brown,SR,True,True
Rice,QB,QB,OFF,2,Gael Ochoa,SO,True,True
Rice,QB,QB,OFF,3,Lucas Scheerhorn,SO,True,True
Rice,RB,RB,OFF,1,Quinton Jackson,SR,False,True
Rice,RB,RB,OFF,2,D'Andre Hardeman Jr.,SO,False,False
Rice,RB,RB,OFF,3,Tyvonn Byars,SO,False,False
Rice,DE,EDGE,DEF,1,Joseph Mutombo,JR,False,True
Rice,DE,EDGE,DEF,2,Braden Bays,FR,False,True
Rice,NT,DT,DEF,1,Aquantis Clemmons,JR,False,True
Rice,NT,DT,DEF,2,Matthew Aribisala,SR,True,True
Rice,DT,DT,DEF,1,Dillan Botts,SR,True,False
Rice,DT,DT,DEF,2,Christopher Clark-Jolivet,JR,False,True
Rice,DT,DT,DEF,3,Robert Rooks,FR,False,True
Rice,RUSH,EDGE,DEF,1,Chibby Nwajuaku,SR,False,True
Rice,RUSH,EDGE,DEF,2,Tariq May,SR,True,True
Rice,WLB,LB,DEF,1,Cooper King,JR,False,True
Rice,WLB,LB,DEF,2,Beau Barton,JR,False,True
Rice,MLB,LB,DEF,1,Jesus Machado Jr.,GR,True,False
Rice,MLB,LB,DEF,2,Ty Thames,SO,False,False
Rice,VIPER,EDGE,DEF,1,Jo Chavez,JR,True,False
Rice,VIPER,EDGE,DEF,2,AJ Brown,SR,True,True
Rice,VIPER,EDGE,DEF,3,Caden VerMaas,FR,True,True
Rice,LCB,CB,DEF,1,Jerrick Harper,SR,True,False
Rice,LCB,CB,DEF,2,Zach Cody,SO,True,True
Rice,LCB,CB,DEF,3,Kyren Condoll,SO,True,True
Rice,SS,SAF,DEF,1,Daveon Hook,GR,False,False
Rice,SS,SAF,DEF,2,Ahran Ogbor,SO,False,False
Rice,SS,SAF,DEF,3,Michael Amey III,FR,False,True
Rice,FS,SAF,DEF,1,Koa Akui,SR,True,True
Rice,FS,SAF,DEF,2,Bailey Fletcher,SO,False,True
Rice,RCB,CB,DEF,1,Tariq Watson,SR,True,True
Rice,RCB,CB,DEF,2,Jamir Benjamin,SO,True,True
Rutgers,WR-X,WR,OFF,1,KJ Duff,JR,False,False
Rutgers,WR-X,WR,OFF,2,Michael Thomas III,FR,False,True
Rutgers,WR-X,WR,OFF,3,Sah'nye Degraffenreidt,FR,False,True
Rutgers,WR-Z,WR,OFF,1,Ben Black,JR,False,False
Rutgers,WR-Z,WR,OFF,2,Vernon Allen III,FR,False,True
Rutgers,WR-Z,WR,OFF,3,Famah Toure,JR,False,True
Rutgers,WR-SL,WR,OFF,1,Jourdin Houston,FR,False,True
Rutgers,WR-SL,WR,OFF,2,Dyzier Carter,FR,False,False
Rutgers,LT,OL,OFF,1,Moshood Giwa,JR,True,True
Rutgers,LT,OL,OFF,2,Ryder Langsdale,SR,True,True
Rutgers,LT,OL,OFF,3,Kenny Jones,SO,False,True
Rutgers,LG,OL,OFF,1,Dantae Chin,SR,False,True
Rutgers,LG,OL,OFF,2,Nick Oliveira,JR,False,True
Rutgers,C,OL,OFF,1,Terrence Salami,SR,False,True
Rutgers,C,OL,OFF,2,Hank Zilinskas,JR,True,True
Rutgers,RG,OL,OFF,1,Kwabena Asamoah,SR,False,True
Rutgers,RG,OL,OFF,2,Isaiah Cook,SR,True,True
Rutgers,RT,OL,OFF,1,Tyler Needham,SR,False,True
Rutgers,RT,OL,OFF,2,Everett Small,SO,True,True
Rutgers,RT,OL,OFF,3,Chris Vigna,FR,False,True
Rutgers,TE,TE,OFF,1,Logan Blake,JR,False,True
Rutgers,TE,TE,OFF,2,Kameron Anthony,SO,True,True
Rutgers,QB,QB,OFF,1,AJ Surace,SO,False,True
Rutgers,QB,QB,OFF,2,Dylan Lonergan,JR,True,True
Rutgers,QB,QB,OFF,3,Sean Ashenfelder,FR,False,True
Rutgers,RB,RB,OFF,1,Antwan Raymond,JR,False,False
Rutgers,RB,RB,OFF,2,Clay Thevenin,JR,True,True
Rutgers,RB,RB,OFF,3,Ja'shon Benjamin,SR,False,False
Rutgers,LDE,EDGE,DEF,1,Malachi Davis,SR,True,True
Rutgers,LDE,EDGE,DEF,2,Farell Gnago,SO,False,True
Rutgers,LDE,EDGE,DEF,3,RJ Johnson Jr.,FR,False,True
Rutgers,NT,DT,DEF,1,Doug Blue-Eli,SR,True,True
Rutgers,NT,DT,DEF,2,Rondo Porter,SR,True,True
Rutgers,NT,DT,DEF,3,Keshon Griffin,SR,False,True
Rutgers,DT,DT,DEF,1,Zaire Angoy,SR,False,True
Rutgers,DT,DT,DEF,2,Jaedin Lee,JR,True,False
Rutgers,DT,DT,DEF,3,Henry Hughes Jr.,SR,False,True
Rutgers,RDE,EDGE,DEF,1,J'Dan Burnett,SR,True,True
Rutgers,RDE,EDGE,DEF,2,DJ Allen,SR,False,True
Rutgers,RDE,EDGE,DEF,3,Wydeek Collier-Johnson,FR,False,True
Rutgers,WLB,LB,DEF,1,Sean Allison,SR,True,True
Rutgers,WLB,LB,DEF,2,Abram Wright,JR,False,True
Rutgers,WLB,LB,DEF,3,DJ McClary,SO,False,False
Rutgers,MLB,LB,DEF,1,Ty Morris,SR,True,False
Rutgers,MLB,LB,DEF,2,Moses Walker,SR,False,True
Rutgers,MLB,LB,DEF,3,Kamar Archie,SO,False,False
Rutgers,STUD,EDGE,DEF,1,DK Gilley,SO,False,True
Rutgers,STUD,EDGE,DEF,2,Jesse Ofurie,JR,False,True
Rutgers,STUD,EDGE,DEF,3,Sebastian Jusma,SR,False,True
Rutgers,LCB,CB,DEF,1,Mikey Munn,JR,True,False
Rutgers,LCB,CB,DEF,2,Kevyn Humes,JR,True,False
Rutgers,LCB,CB,DEF,3,Zahmir Dawud,JR,True,True
Rutgers,SS,SAF,DEF,1,Kaj Sanders,JR,False,False
Rutgers,SS,SAF,DEF,2,Davoun Fuse,JR,False,True
Rutgers,FS,SAF,DEF,1,Chris Joines,SR,True,False
Rutgers,FS,SAF,DEF,2,Tariq Hayer,FR,False,True
Rutgers,RCB,CB,DEF,1,Kevin Levy,SO,False,True
Rutgers,RCB,CB,DEF,2,Bradlee Jones,SR,True,False
Rutgers,RCB,CB,DEF,3,Sage Clawges,JR,False,True
SMU,WR-X,WR,OFF,1,Jalen Cooper,SO,False,False
SMU,WR-X,WR,OFF,2,Link Rhodes,SR,True,False
SMU,WR-X,WR,OFF,3,Daylon Singleton,SO,False,False
SMU,WR-Z,WR,OFF,1,Yannick Smith,JR,True,False
SMU,WR-Z,WR,OFF,2,Carterrious Brown,FR,False,True
SMU,WR-Z,WR,OFF,3,Isaiah Robertson,FR,False,True
SMU,WR-SL,WR,OFF,1,Yamir Knight,SR,True,False
SMU,WR-SL,WR,OFF,2,Jalen Hale,JR,True,True
SMU,LT,OL,OFF,1,Dramodd Odoms,FR,False,True
SMU,LT,OL,OFF,2,Sam Utu,FR,False,False
SMU,LG,OL,OFF,1,Andrew Chamblee,SR,True,True
SMU,LG,OL,OFF,2,Drew Evers,FR,False,False
SMU,C,OL,OFF,1,Joshua Bates,JR,True,True
SMU,C,OL,OFF,2,Graham Uter,SO,False,True
SMU,RG,OL,OFF,1,Addison Nichols,SR,True,True
SMU,RG,OL,OFF,2,Abel Hoopii,SO,False,False
SMU,RG,OL,OFF,3,Sione Ma'u,JR,True,True
SMU,RT,OL,OFF,1,PJ Williams,SR,True,True
SMU,RT,OL,OFF,2,Evan Goodwin,FR,False,False
SMU,TE,TE,OFF,1,Theo Melin Ohrstrom,SR,True,True
SMU,TE,TE,OFF,2,Randy Pittman Jr.,SR,True,False
SMU,TE,TE,OFF,3,Trey Jackson,SO,True,True
SMU,QB,QB,OFF,1,Kevin Jennings,SR,False,True
SMU,QB,QB,OFF,2,Ty Hawkins,FR,False,True
SMU,QB,QB,OFF,3,Charlie Fiser,SR,False,True
SMU,RB,RB,OFF,1,Kendrick Raphael,SR,True,False
SMU,RB,RB,OFF,2,Derrick McFall,SO,False,True
SMU,RB,RB,OFF,3,Dramekco Green,FR,False,True
SMU,LDE,EDGE,DEF,1,Ira Singleton,JR,True,False
SMU,LDE,EDGE,DEF,2,Jahkai Lang,JR,True,True
SMU,LDE,EDGE,DEF,3,Jalen Shivers,FR,False,True
SMU,LDT,DT,DEF,1,Malcolm Alcorn-Crowder,SR,True,True
SMU,LDT,DT,DEF,2,Christian Davis,JR,True,True
SMU,LDT,DT,DEF,3,Kevin Allen,JR,False,True
SMU,RDT,DT,DEF,1,David Chukwuemeka,JR,True,False
SMU,RDT,DT,DEF,2,Woo Spencer,JR,True,True
SMU,RDT,DT,DEF,3,Jonathan Jefferson,GR,True,False
SMU,RDE,EDGE,DEF,1,Marques White,GR,True,False
SMU,RDE,EDGE,DEF,2,Trey Wilson,SR,True,False
SMU,RDE,EDGE,DEF,3,Aakil Washington,GR,True,False
SMU,WLB,LB,DEF,1,Alexander Kilgore,SR,False,False
SMU,WLB,LB,DEF,2,Jamal Anderson,JR,True,True
SMU,WLB,LB,DEF,3,Kenneth Goodwin,FR,False,False
SMU,MLB,LB,DEF,1,Brandon Booker,JR,False,False
SMU,MLB,LB,DEF,2,Brandon Miyazono,SR,False,False
SMU,MLB,LB,DEF,3,Caden Marshall,SO,True,True
SMU,LCB,CB,DEF,1,Jayvon Thomas,SR,True,False
SMU,LCB,CB,DEF,2,Jaelyn Davis-Robinson,SR,True,True
SMU,LCB,CB,DEF,3,Zadian Gentry,FR,False,True
SMU,SS,SAF,DEF,1,Tyren Polley Jr.,SO,False,False
SMU,SS,SAF,DEF,2,Sael Reyes,SO,False,False
SMU,SS,SAF,DEF,3,Jaylen Moses,SO,False,True
SMU,FS,SAF,DEF,1,Jimmy Wyrick,GR,True,False
SMU,FS,SAF,DEF,2,Abdul Muhammad,JR,False,True
SMU,FS,SAF,DEF,3,Jaden Milliner-Jones,JR,True,True
SMU,RCB,CB,DEF,1,Marcellus Barnes Jr.,SO,True,True
SMU,RCB,CB,DEF,2,William Nettles,SO,False,True
SMU,RCB,CB,DEF,3,Javion Holiday,SO,False,False
SMU,NB,CB,DEF,1,Jarvis Lee,SR,True,False
SMU,NB,CB,DEF,2,La'Modrick Spencer,SR,True,False
Sam Houston,WR-X,WR,OFF,1,Tim Burns Jr.,SR,True,False
Sam Houston,WR-X,WR,OFF,2,Alijah Cason,JR,True,False
Sam Houston,WR-X,WR,OFF,3,Christian Zachary,SO,True,True
Sam Houston,WR-Z,WR,OFF,1,Chris Reed,SR,True,True
Sam Houston,WR-Z,WR,OFF,2,Kyan Berry-Johnson,SO,True,True
Sam Houston,WR-Z,WR,OFF,3,Kaleb Mitchell,FR,True,True
Sam Houston,WR-SL,WR,OFF,1,Grady O'Neill,SR,True,True
Sam Houston,WR-SL,WR,OFF,2,Aviyon Smith-Mack,JR,True,True
Sam Houston,WR-SL,WR,OFF,3,Darrick Bledsoe III,JR,False,True
Sam Houston,LT,OL,OFF,1,Denell Nix Jr.,SO,True,False
Sam Houston,LT,OL,OFF,2,Joe Warren,JR,True,False
Sam Houston,LG,OL,OFF,1,Brock Stukes,JR,True,True
Sam Houston,LG,OL,OFF,2,Logan Cahill,FR,False,True
Sam Houston,C,OL,OFF,1,Josiah Chenault,JR,True,True
Sam Houston,C,OL,OFF,2,Cam Todd,SR,True,True
Sam Houston,RG,OL,OFF,1,Elijah Collins,JR,True,False
Sam Houston,RG,OL,OFF,2,Zo'Maryon Bryan,JR,True,True
Sam Houston,RT,OL,OFF,1,Carter Kadow,SO,True,True
Sam Houston,RT,OL,OFF,2,Isaac Sohn,JR,True,True
Sam Houston,TE,TE,OFF,1,Max Whisner,SR,True,True
Sam Houston,TE,TE,OFF,2,Matt Smith,GR,True,False
Sam Houston,TE,TE,OFF,3,Brock Kuhl,FR,True,True
Sam Houston,QB,QB,OFF,1,Landyn Locke,SO,False,False
Sam Houston,QB,QB,OFF,2,DJ Bailey,SO,False,True
Sam Houston,QB,QB,OFF,3,Mason Holtzclaw,FR,False,False
Sam Houston,RB,RB,OFF,1,Landan Brown,JR,False,True
Sam Houston,RB,RB,OFF,2,Alton McCaskill,GR,True,False
Sam Houston,RB,RB,OFF,3,Jerrian Parker Jr.,JR,True,False
Sam Houston,LDE,EDGE,DEF,1,Josh Alexander-Felton,SO,True,True
Sam Houston,LDE,EDGE,DEF,2,Brody Henderson,SO,False,False
Sam Houston,LDE,EDGE,DEF,3,Bryen Spaulding,SR,True,False
Sam Houston,NT,DT,DEF,1,Darien Jackson,JR,True,True
Sam Houston,NT,DT,DEF,2,She'Fon Boyd,JR,True,False
Sam Houston,NT,DT,DEF,3,Justin Terrell,SO,True,True
Sam Houston,DT,DT,DEF,1,Dylan Frazier,SR,True,True
Sam Houston,DT,DT,DEF,2,Jarra Anderson,JR,True,True
Sam Houston,DT,DT,DEF,3,Dimitry Nicolas,SO,True,True
Sam Houston,RDE,EDGE,DEF,1,Chauncey Chidi,SR,True,True
Sam Houston,RDE,EDGE,DEF,2,Jayden Fry,FR,True,True
Sam Houston,RDE,EDGE,DEF,3,Zion Taylor,SO,True,True
Sam Houston,WLB,LB,DEF,1,Brian Bates Jr.,JR,True,True
Sam Houston,WLB,LB,DEF,2,Stacy Bey,SO,True,True
Sam Houston,WLB,LB,DEF,3,Tokyo Gordon,SR,True,False
Sam Houston,MLB,LB,DEF,1,Dean Ford,SO,False,True
Sam Houston,MLB,LB,DEF,2,Mike King,SO,True,True
Sam Houston,MLB,LB,DEF,3,Ca'lub Holloway,SR,False,True
Sam Houston,LCB,CB,DEF,1,Ishmel Atkins,SR,True,True
Sam Houston,LCB,CB,DEF,2,Joey Hunter,GR,True,False
Sam Houston,SS,SAF,DEF,1,Tyler Bailey,SR,False,True
Sam Houston,SS,SAF,DEF,2,Jalyn Stanford,JR,True,True
Sam Houston,FS,SAF,DEF,1,Jaylon Jones,JR,True,False
Sam Houston,FS,SAF,DEF,2,Dravon Wilson,SO,False,True
Sam Houston,RCB,CB,DEF,1,Caesar Magee,GR,True,False
Sam Houston,RCB,CB,DEF,2,Octavius Henderson,SR,True,True
Sam Houston,NB,CB,DEF,1,Jace Arnold,JR,True,True
San Diego State,WR-X,WR,OFF,1,Jacob Bostick,SR,True,True
San Diego State,WR-X,WR,OFF,2,Justius Lowe,SR,True,True
San Diego State,WR-X,WR,OFF,3,Will Cianfrini,SO,False,True
San Diego State,WR-Z,WR,OFF,1,Donovan Brown,SR,True,False
San Diego State,WR-Z,WR,OFF,2,Bert Emanuel Jr.,SR,True,True
San Diego State,WR-Z,WR,OFF,3,Ayo Shotomide-King,SR,True,True
San Diego State,WR-SL,WR,OFF,1,Jordan Napier,JR,False,True
San Diego State,WR-SL,WR,OFF,2,Nathan Acevedo,SR,True,True
San Diego State,WR-SL,WR,OFF,3,Jaylon Hawkins,FR,False,True
San Diego State,LT,OL,OFF,1,Joseph Borjon,SR,True,True
San Diego State,LT,OL,OFF,2,Matthew Montgomery,SO,True,True
San Diego State,LT,OL,OFF,3,Cam May,SR,True,True
San Diego State,LG,OL,OFF,1,Evan Lawrence,SO,True,True
San Diego State,LG,OL,OFF,2,Ikbahl Kassim,SO,False,False
San Diego State,C,OL,OFF,1,Michael Levelle Watkins,SO,True,True
San Diego State,C,OL,OFF,2,Saipale Fuimaono,SR,True,False
San Diego State,RG,OL,OFF,1,Kalan Ellis,SR,True,True
San Diego State,RG,OL,OFF,2,Isaac Lucas,JR,True,True
San Diego State,RG,OL,OFF,3,Dallas Fincher,SR,True,True
San Diego State,RT,OL,OFF,1,Dennis Jones,SR,True,True
San Diego State,RT,OL,OFF,2,Ashdon Wnetrzak,FR,False,True
San Diego State,TE,TE,OFF,1,Jackson Ford,SO,True,True
San Diego State,TE,TE,OFF,2,Ryan Wolfer,SO,False,True
San Diego State,QB,QB,OFF,1,Jayden Denegal,SR,True,True
San Diego State,QB,QB,OFF,2,Stone Saunders,FR,True,True
San Diego State,RB,RB,OFF,1,Lucky Sutton,SR,False,True
San Diego State,RB,RB,OFF,2,Christian Washington,SR,True,True
San Diego State,RB,RB,OFF,3,Javion Kinnard,SO,True,False
San Diego State,LDE,EDGE,DEF,1,Brady Nassar,SR,False,False
San Diego State,LDE,EDGE,DEF,2,Djibril Rahman,JR,True,True
San Diego State,LDE,EDGE,DEF,3,Charlie Stewart,SR,False,True
San Diego State,LDT,DT,DEF,1,Malachi Finau,SR,True,True
San Diego State,LDT,DT,DEF,2,Krishna Clay,SR,True,False
San Diego State,LDT,DT,DEF,3,Gavriel Lightfoot,SR,True,True
San Diego State,RDT,DT,DEF,1,Amari Comier,SR,True,False
San Diego State,RDT,DT,DEF,2,Tuaoa Tauili'ili,SR,True,True
San Diego State,RDT,DT,DEF,3,Kainoa Davis,SO,True,True
San Diego State,RDE,EDGE,DEF,1,Kai Wallin,SR,True,True
San Diego State,RDE,EDGE,DEF,2,Nate Henrich,JR,True,False
San Diego State,RDE,EDGE,DEF,3,Brian Townsend Jr.,FR,False,True
San Diego State,WLB,LB,DEF,1,Sione Hala,SR,True,True
San Diego State,WLB,LB,DEF,2,Jeramiah Lewis,SO,True,False
San Diego State,MLB,LB,DEF,1,Tano Letuli,SR,True,False
San Diego State,MLB,LB,DEF,2,Cameron Cooper,JR,True,False
San Diego State,LCB,CB,DEF,1,Jason Oliver,SR,True,True
San Diego State,LCB,CB,DEF,2,Mike Lindsay,SO,True,False
San Diego State,LCB,CB,DEF,3,Prince Williams,SO,False,True
San Diego State,SS,SAF,DEF,1,Dalesean Staley,SR,True,True
San Diego State,SS,SAF,DEF,2,Josh Hunter,JR,False,True
San Diego State,SS,SAF,DEF,3,Jelani McLaughlin,JR,False,True
San Diego State,FS,SAF,DEF,1,Solomon Davis,JR,True,True
San Diego State,FS,SAF,DEF,2,Isaiah Green,JR,True,True
San Diego State,RCB,CB,DEF,1,Caleb Ricks,SO,True,False
San Diego State,RCB,CB,DEF,2,Jamison Starks,SO,True,False
San Diego State,RCB,CB,DEF,3,Jelani Whitmore,SR,False,True
San Diego State,NB,CB,DEF,1,Jalen Thomeson,SR,True,False
San Diego State,NB,CB,DEF,2,Josiah Cox,SR,True,False
San Diego State,NB,CB,DEF,3,Carsten Mamaril,SR,True,True
San José State,WR-Z,WR,OFF,1,Malachi Riley,SO,True,True
San José State,WR-Z,WR,OFF,2,Cooper Hoch,SO,False,True
San José State,WR-SL,WR,OFF,2,Tuli Tagovailoa-Amosa,FR,False,False
San José State,LT,OL,OFF,1,Peseti Lapuaho,SR,True,False
San José State,LT,OL,OFF,2,Manuel Serna,SO,False,False
San José State,LG,OL,OFF,1,Sione Nomani,SR,True,True
San José State,C,OL,OFF,1,Joseph Harbert,JR,False,True
San José State,C,OL,OFF,2,Hudson Mesa,SR,False,True
San José State,RG,OL,OFF,1,Daniel Moleni,JR,True,True
San José State,RG,OL,OFF,2,Simeon Afalava,JR,True,False
San José State,RT,OL,OFF,1,Tyler Chen,SO,True,True
San José State,RT,OL,OFF,2,Manuel Serna,SO,False,False
San José State,TE,TE,OFF,1,Jackson Canaan,SR,False,True
San José State,TE,TE,OFF,2,Grant Norberg,SR,True,True
San José State,TE,TE,OFF,3,Ryan Boultwood,SO,True,True
San José State,QB,QB,OFF,2,Xavier Ward,SR,True,True
San José State,QB,QB,OFF,3,Tama Amisone,FR,False,False
San José State,RB,RB,OFF,1,Lamar Radcliffe,SO,False,False
San José State,RB,RB,OFF,2,Floyd Chalk IV,SR,True,False
San José State,RB,RB,OFF,3,Jabari Bates,JR,False,True
San José State,LDE,EDGE,DEF,1,Quincy Likio,SR,True,True
San José State,LDE,EDGE,DEF,2,Etu Finau,JR,True,True
San José State,NT,DT,DEF,1,Gafa Faga,SR,True,False
San José State,NT,DT,DEF,2,Solomone Langi,JR,True,False
San José State,RDE,EDGE,DEF,2,Mata Hola,SR,True,True
San José State,RDE,EDGE,DEF,3,Noa Siaosi,SO,False,False
San José State,OLB,LB,DEF,1,Taniela Latu,SR,True,True
San José State,OLB,LB,DEF,2,John Norwood,JR,False,True
San José State,WLB,LB,DEF,2,Dylan Lee,SO,False,True
San José State,MLB,LB,DEF,1,Jordan Pollard,SR,False,False
San José State,MLB,LB,DEF,2,Naseri Danielson,SO,True,True
San José State,STAR,CB,DEF,1,Ethan Powell,SR,False,True
San José State,STAR,CB,DEF,2,David Tuihalangingie,SR,True,True
San José State,LCB,CB,DEF,2,Runye Norton,JR,True,False
San José State,SS,SAF,DEF,1,Jalen Apalit-Williams,SR,False,True
San José State,SS,SAF,DEF,2,Charles Cox III,JR,True,False
San José State,SS,SAF,DEF,3,Hunter Nowell,SO,False,True
San José State,RCB,CB,DEF,1,Jalen Bainer,SR,False,True
South Alabama,WR-X,WR,OFF,1,Devin Voisin,GR,False,False
South Alabama,WR-X,WR,OFF,3,Noah Toster,SO,True,True
South Alabama,WR-Z,WR,OFF,1,Brendan Jenkins,JR,True,False
South Alabama,WR-Z,WR,OFF,2,Micah Woods,SR,True,True
South Alabama,WR-SL,WR,OFF,1,Anthony Eager,SO,False,True
South Alabama,WR-SL,WR,OFF,2,Jeremiah Jones-Thomas,FR,False,False
South Alabama,LT,OL,OFF,2,Daniel Foster-Allen,SR,True,True
South Alabama,LG,OL,OFF,1,Amaury Wiggins,SR,True,True
South Alabama,LG,OL,OFF,2,Devin White,FR,False,False
South Alabama,RG,OL,OFF,2,Kenton Jerido,JR,False,True
South Alabama,RT,OL,OFF,1,Ethan Hubbard,SO,True,True
South Alabama,LTE,TE,OFF,1,Miller McCrumby,SR,True,False
South Alabama,RTE,TE,OFF,2,Rod Gibbs,JR,True,False
South Alabama,QB,QB,OFF,1,Bishop Davenport,JR,True,True
South Alabama,QB,QB,OFF,2,Jared Hollins,FR,False,True
South Alabama,QB,QB,OFF,3,Zach Pyron,JR,True,True
South Alabama,RB,RB,OFF,1,Kentrel Bullock,SR,True,False
South Alabama,RB,RB,OFF,2,PJ Martin,SO,False,True
South Alabama,RB,RB,OFF,3,Keenan Phillips,SO,True,False
South Alabama,DE,EDGE,DEF,2,Emmanuel Waller,JR,True,False
South Alabama,DE,EDGE,DEF,3,E'Mauri Smiley,FR,False,False
South Alabama,NT,DT,DEF,2,Stephen Johnson,SO,True,True
South Alabama,EDGE,EDGE,DEF,1,Tirrell Johnson Jr.,JR,True,True
South Alabama,EDGE,EDGE,DEF,2,Tre'Mon Henry,SO,True,True
South Alabama,EDGE,EDGE,DEF,3,IBK Mafe,SR,True,True
South Alabama,WLB,LB,DEF,1,Darius McKenzie,SR,True,True
South Alabama,WLB,LB,DEF,2,Caleb Dozier,FR,True,True
South Alabama,WLB,LB,DEF,3,Parker Shattuck,SO,False,False
South Alabama,MLB,LB,DEF,3,Chrystyile Caldwell,JR,False,True
South Alabama,FCB,CB,DEF,1,Jayvon Henderson,JR,True,True
South Alabama,FCB,CB,DEF,2,Damyrion Darby,SO,False,False
South Alabama,SS,SAF,DEF,1,Christopher Wallace Jr.,SR,False,False
South Alabama,SS,SAF,DEF,2,Anthony Brown,JR,True,True
South Alabama,FS,SAF,DEF,3,Cole Blaylock,SO,False,True
South Alabama,NB,CB,DEF,1,Mike Harris,SR,True,True
South Alabama,NB,CB,DEF,2,Dallas Young,SO,True,True
South Carolina,WR-X,WR,OFF,1,Nitro Tuggle,JR,True,False
South Carolina,WR-X,WR,OFF,2,Donovan Murph,SO,False,False
South Carolina,WR-X,WR,OFF,3,Jayden Gibson,SR,True,True
South Carolina,WR-Z,WR,OFF,1,Nyck Harbor,SR,False,False
South Carolina,WR-Z,WR,OFF,2,DJ Black,SR,True,True
South Carolina,WR-Z,WR,OFF,3,Jordon Gidron,FR,False,True
South Carolina,WR-SL,WR,OFF,1,Mazeo Bennett Jr.,JR,False,False
South Carolina,WR-SL,WR,OFF,2,Jayden Sellers,SO,False,False
South Carolina,WR-SL,WR,OFF,3,Charly Mullaly,JR,True,True
South Carolina,LT,OL,OFF,1,Jacarrius Peak,SR,True,True
South Carolina,LT,OL,OFF,2,Shed Sarratt Jr.,SO,False,False
South Carolina,LT,OL,OFF,3,Seth Smith,SR,True,True
South Carolina,LG,OL,OFF,1,Hank Purvis,JR,True,False
South Carolina,LG,OL,OFF,2,Ebubedike Nnabugwu,JR,True,True
South Carolina,LG,OL,OFF,3,Darius Gray,FR,False,False
South Carolina,C,OL,OFF,1,Carter Miller,SR,True,True
South Carolina,C,OL,OFF,2,Nolan Hay,SR,True,True
South Carolina,RG,OL,OFF,1,Emmanuel Kojo Poku,SR,True,True
South Carolina,RG,OL,OFF,2,Adedamola Ajidahun,FR,False,True
South Carolina,RG,OL,OFF,3,Markee Anderson,JR,False,True
South Carolina,RT,OL,OFF,1,Dayne Arnett,SR,True,True
South Carolina,RT,OL,OFF,2,Armando Nieves,SR,True,True
South Carolina,RT,OL,OFF,3,Zyon Guiles,FR,False,False
South Carolina,TE,TE,OFF,1,Brady Hunt,GR,True,False
South Carolina,TE,TE,OFF,2,Mike Tyler,SO,False,False
South Carolina,TE,TE,OFF,3,Max Drag,JR,True,True
South Carolina,QB,QB,OFF,1,LaNorris Sellers,JR,False,True
South Carolina,QB,QB,OFF,2,Cutter Woods,FR,False,True
South Carolina,QB,QB,OFF,3,Lucian Anderson III,JR,True,True
South Carolina,RB,RB,OFF,1,Matt Fuller,SO,False,True
South Carolina,RB,RB,OFF,2,Christian Clark,SO,True,True
South Carolina,RB,RB,OFF,3,Jawarn Howell,JR,True,True
South Carolina,LDE,EDGE,DEF,1,Dylan Stewart,JR,False,False
South Carolina,LDE,EDGE,DEF,2,Drew Collins,SO,True,True
South Carolina,LDE,EDGE,DEF,3,George Wilson Jr.,GR,True,False
South Carolina,LDT,DT,DEF,1,Gabriel Brownlow-Dindy,SR,True,True
South Carolina,LDT,DT,DEF,2,Kelby Collins,SR,True,False
South Carolina,LDT,DT,DEF,3,Noah Clark,FR,False,False
South Carolina,RDT,DT,DEF,1,Troy Pikes,JR,True,True
South Carolina,RDT,DT,DEF,2,Tomiwa Durojaiye,SR,True,True
South Carolina,RDT,DT,DEF,3,Jordan Thomas,SO,True,True
South Carolina,RDE,EDGE,DEF,1,Anthony Addison,FR,False,True
South Carolina,RDE,EDGE,DEF,2,Caleb Herring,SR,True,False
South Carolina,RDE,EDGE,DEF,3,Julian Walker,FR,False,False
South Carolina,WLB,LB,DEF,1,Justin Okoronkwo,JR,True,False
South Carolina,WLB,LB,DEF,2,A.J. Holloway,FR,False,True
South Carolina,WLB,LB,DEF,3,Jamian Risher Jr.,SR,False,True
South Carolina,MLB,LB,DEF,1,Fred Johnson,JR,False,False
South Carolina,MLB,LB,DEF,2,Shawn Murphy,SR,True,True
South Carolina,MLB,LB,DEF,3,Donovan Darden,SO,False,False
South Carolina,LCB,CB,DEF,1,Vicari Swain,JR,False,True
South Carolina,LCB,CB,DEF,2,Damarcus Leach,SO,False,False
South Carolina,LCB,CB,DEF,3,Jalewis Solomon,SO,False,True
South Carolina,SS,SAF,DEF,1,David Bucey,JR,False,False
South Carolina,SS,SAF,DEF,2,J'Zavien Currence,FR,False,False
South Carolina,SS,SAF,DEF,3,Kelvin Hunter,SO,False,True
South Carolina,FS,SAF,DEF,1,Peyton Williams,SR,False,True
South Carolina,FS,SAF,DEF,2,Kendall Daniels Jr.,SO,False,False
South Carolina,RCB,CB,DEF,1,Judge Collier,SR,False,False
South Carolina,RCB,CB,DEF,2,Kosci Barnes,FR,False,False
South Carolina,NB,CB,DEF,1,Quay'sheed Scott,JR,True,False
South Carolina,NB,CB,DEF,2,Gerald Kilgore,SR,True,True
South Carolina,NB,CB,DEF,3,Jaquel Holman,SO,False,False
South Florida,WR-X,WR,OFF,1,Bryson Rodgers,JR,True,True
South Florida,WR-X,WR,OFF,2,Armani Winfield,SR,True,True
South Florida,WR-X,WR,OFF,3,JeyQuan Smith,JR,False,True
South Florida,WR-Z,WR,OFF,1,Arhmad Branch,JR,True,True
South Florida,WR-Z,WR,OFF,2,Kenny Odom,SR,True,True
South Florida,WR-Z,WR,OFF,3,Jaron Glover,SR,True,True
South Florida,WR-SL,WR,OFF,1,Mudia Reuben,SR,True,True
South Florida,WR-SL,WR,OFF,2,Cameron Seldon,SR,True,False
South Florida,WR-SL,WR,OFF,3,Joshua Porter,JR,False,False
South Florida,LT,OL,OFF,1,Michael Wooten,SR,True,True
South Florida,LT,OL,OFF,2,Kahari Finley,SR,True,False
South Florida,LT,OL,OFF,3,TJ Lawrence,SO,False,True
South Florida,LG,OL,OFF,1,Thomas Shrader,GR,True,False
South Florida,LG,OL,OFF,2,Khalil Collins,FR,False,True
South Florida,C,OL,OFF,1,Cash Hudson,SR,True,True
South Florida,RG,OL,OFF,1,Caleb Cook,GR,True,False
South Florida,RG,OL,OFF,2,Julius Tate,SO,True,True
South Florida,RT,OL,OFF,1,Ethan Green,SR,True,True
South Florida,RT,OL,OFF,2,Braden Carter,SO,False,True
South Florida,RT,OL,OFF,3,Caleb Harris,FR,False,True
South Florida,TE,TE,OFF,1,Wyatt Sullivan,SR,True,True
South Florida,TE,TE,OFF,2,Evan Dangler,SR,False,True
South Florida,TE,TE,OFF,3,Luke Clyburn,GR,True,False
South Florida,QB,QB,OFF,1,Michael Van Buren Jr.,JR,True,False
South Florida,QB,QB,OFF,2,Luke Kromenhoek,SO,True,True
South Florida,QB,QB,OFF,3,KJ Cooper,SR,True,True
South Florida,RB,RB,OFF,1,Alvon Isaac,SO,False,True
South Florida,RB,RB,OFF,2,D.J. Crowther,SR,True,True
South Florida,RB,RB,OFF,3,Jason Collins Jr.,JR,True,True
South Florida,DE,EDGE,DEF,1,C.J. Hicks,GR,True,False
South Florida,DE,EDGE,DEF,2,Michael Williams II,SR,False,True
South Florida,DE,EDGE,DEF,3,Terrell Jones,SR,True,True
South Florida,NT,DT,DEF,1,Terry Simmons Jr.,JR,True,True
South Florida,NT,DT,DEF,2,Jahari Grant,JR,False,False
South Florida,NT,DT,DEF,3,Iverson Garcia-Ponce,FR,False,False
South Florida,DT,DT,DEF,1,Asani Redwood,SR,True,True
South Florida,DT,DT,DEF,2,Major Dillard,SR,True,False
South Florida,DT,DT,DEF,3,Ryan Jenkins,JR,False,False
South Florida,JACK,EDGE,DEF,1,Marshon Oxley,SR,True,True
South Florida,JACK,EDGE,DEF,2,Shamar Meikle,JR,True,False
South Florida,JACK,EDGE,DEF,3,Ashton Mosley,SO,False,True
South Florida,WLB,LB,DEF,1,Zavier Hamilton,SO,False,True
South Florida,WLB,LB,DEF,2,Sam Robinson,SO,True,True
South Florida,WLB,LB,DEF,3,Gavin Leach,SO,False,False
South Florida,MLB,LB,DEF,1,Grayson Howard,JR,True,True
South Florida,MLB,LB,DEF,2,Rodney Hill,JR,False,False
South Florida,LCB,CB,DEF,1,Za'Quan Bryan,JR,True,True
South Florida,LCB,CB,DEF,2,Teddy Foster,SO,True,True
South Florida,LCB,CB,DEF,3,Herlin Perry Jr.,FR,False,True
South Florida,SS,SAF,DEF,1,A'Mon Lane-Ganus,SO,True,True
South Florida,SS,SAF,DEF,2,Israel Boyce,JR,True,False
South Florida,SS,SAF,DEF,3,Malcolm Ziglar,JR,True,False
South Florida,FS,SAF,DEF,1,Tavin Ward,SR,False,True
South Florida,FS,SAF,DEF,2,Cedrick Hawkins Jr.,JR,True,True
South Florida,FS,SAF,DEF,3,Victor Zidor,SR,True,True
South Florida,RCB,CB,DEF,1,Amarion Fortenberry,JR,True,False
South Florida,RCB,CB,DEF,2,Deylen Platt,SO,False,True
South Florida,NB,CB,DEF,1,Ayden Jackson,SR,True,False
South Florida,NB,CB,DEF,2,Tayvion Beasley,SR,True,True
South Florida,NB,CB,DEF,3,Jabari Smith,SO,False,False
Southern Miss,WR-X,WR,OFF,1,Carl Chester,SR,True,True
Southern Miss,WR-X,WR,OFF,2,Davis Dalton,JR,False,True
Southern Miss,WR-Z,WR,OFF,1,Micah Davis,SR,True,True
Southern Miss,WR-Z,WR,OFF,2,Bralon Brown,SR,True,True
Southern Miss,WR-SL,WR,OFF,1,Elijah Metcalf,GR,True,False
Southern Miss,LT,OL,OFF,1,Blake Bustard,GR,True,False
Southern Miss,LT,OL,OFF,2,Jez Janvier,SR,True,True
Southern Miss,LG,OL,OFF,1,Greg Nunnery,SR,True,False
Southern Miss,LG,OL,OFF,2,Luke Rogers,SO,False,True
Southern Miss,C,OL,OFF,1,Broderick Roman,SR,True,True
Southern Miss,C,OL,OFF,2,Cooper Frazier,GR,True,False
Southern Miss,RG,OL,OFF,1,Aloali'i Maui,SR,True,False
Southern Miss,RT,OL,OFF,2,RJ Whitehead,JR,True,True
Southern Miss,TE,TE,OFF,1,Kadinn Morris,SR,True,True
Southern Miss,TE,TE,OFF,2,Kyirin Heath,SR,True,False
Southern Miss,QB,QB,OFF,1,Braylon Braxton,SR,True,True
Southern Miss,QB,QB,OFF,2,Landry Lyddy,JR,True,True
Southern Miss,QB,QB,OFF,3,John White,FR,False,True
Southern Miss,RB,RB,OFF,1,Jeffery Pittman,JR,True,True
Southern Miss,RB,RB,OFF,2,Matt Jones,SR,True,True
Southern Miss,RB,RB,OFF,3,Robert Briggs,JR,True,True
Southern Miss,LDE,EDGE,DEF,2,JJ Hawkins,JR,True,True
Southern Miss,NT,DT,DEF,1,Isaiah Gibson Sr.,SR,True,True
Southern Miss,DT,DT,DEF,1,Brodarius Lewis,GR,True,False
Southern Miss,RDE,EDGE,DEF,2,Jameer Lewis,SR,True,False
Southern Miss,WLB,LB,DEF,2,Mathis Haygood,SO,True,True
Southern Miss,MLB,LB,DEF,2,Joseph Harper,SR,False,True
Southern Miss,LCB,CB,DEF,2,Brendan Toles,SR,False,True
Southern Miss,SS,SAF,DEF,2,Josh Battle,SR,True,True
Southern Miss,FS,SAF,DEF,2,Dominick Hill,SR,True,True
Southern Miss,RCB,CB,DEF,1,Josh Moten,SR,True,True
Southern Miss,NB,CB,DEF,2,MaLik Caswell,FR,True,True
Stanford,WR-X,WR,OFF,1,Carter Shaw,JR,True,True
Stanford,WR-X,WR,OFF,2,Jordan Onovughe,JR,True,True
Stanford,WR-Z,WR,OFF,1,JonAnthony Hall,FR,False,True
Stanford,WR-Z,WR,OFF,2,Zion Robinson,FR,False,False
Stanford,WR-Z,WR,OFF,3,Liam Thorpe,SO,False,False
Stanford,WR-SL,WR,OFF,1,Nico Brown,SR,True,True
Stanford,WR-SL,WR,OFF,2,Caden High,SR,True,False
Stanford,WR-SL,WR,OFF,3,Marcus Brown,SO,False,True
Stanford,LT,OL,OFF,1,Niki Prongos,SR,True,True
Stanford,LT,OL,OFF,2,Charlie Symonds,JR,False,True
Stanford,LG,OL,OFF,1,Nick Fattig,JR,True,True
Stanford,LG,OL,OFF,2,Josh Williams,SO,False,False
Stanford,C,OL,OFF,1,Fisher Anderson,SR,False,True
Stanford,C,OL,OFF,2,Nathan Mejia,SR,True,True
Stanford,C,OL,OFF,3,Carson Caplan,SO,False,True
Stanford,RG,OL,OFF,1,Simione Pale,JR,False,True
Stanford,RG,OL,OFF,2,Ziron Brown,SO,False,True
Stanford,RT,OL,OFF,1,Kahlil House,JR,False,False
Stanford,RT,OL,OFF,2,Dara Adeyemi,SO,True,True
Stanford,TE,TE,OFF,1,Benji Blackburn,JR,False,False
Stanford,TE,TE,OFF,2,Chico Holt,JR,True,True
Stanford,TE,TE,OFF,3,Reiman Zebert,FR,False,True
Stanford,QB,QB,OFF,1,Davis Warren,GR,True,False
Stanford,QB,QB,OFF,2,Dylan Rizk,JR,True,True
Stanford,QB,QB,OFF,3,Charlie Mirer,SR,False,True
Stanford,RB,RB,OFF,1,Micah Ford,JR,False,False
Stanford,RB,RB,OFF,2,Sedrick Irvin,SR,False,False
Stanford,RB,RB,OFF,3,Tuna Altahir,SR,True,True
Stanford,LDE,EDGE,DEF,1,Omar Staples,JR,False,True
Stanford,LDE,EDGE,DEF,2,Joe Asiain,SO,False,True
Stanford,NT,DT,DEF,1,Braden Marceau-Olayinka,JR,False,True
Stanford,NT,DT,DEF,2,Jacobi Murray,SO,False,True
Stanford,RDE,EDGE,DEF,1,Zach Rowell,SR,False,True
Stanford,RDE,EDGE,DEF,2,Connor Bachhuber,SO,False,True
Stanford,LOLB,LB,DEF,1,Tevarua Tafiti,SR,False,True
Stanford,LOLB,LB,DEF,2,Gabe Kaminski,FR,False,True
Stanford,LOLB,LB,DEF,3,Tre Williams,JR,False,True
Stanford,LILB,LB,DEF,1,Matt Rose,SR,False,True
Stanford,LILB,LB,DEF,2,Sam Mattingly,JR,False,False
Stanford,RILB,LB,DEF,1,Jahsiah Galvan,SR,True,True
Stanford,RILB,LB,DEF,2,Zach Johnson,JR,True,True
Stanford,ROLB,LB,DEF,1,Ernest Cooper,SR,False,True
Stanford,ROLB,LB,DEF,2,Dylan Stephenson,SO,False,True
Stanford,LCB,CB,DEF,1,Aaron Morris,JR,False,True
Stanford,LCB,CB,DEF,2,Leroy Bryant,JR,True,True
Stanford,LCB,CB,DEF,3,Sam Neely III,SO,True,True
Stanford,SS,SAF,DEF,1,Scotty Edwards,SR,False,True
Stanford,SS,SAF,DEF,2,Charlie Eckhardt,SO,False,True
Stanford,FS,SAF,DEF,1,Darrius Davis,JR,False,False
Stanford,FS,SAF,DEF,2,Jaylen'Dai Sumlin,SO,False,True
Stanford,RCB,CB,DEF,1,Brandon Nicholson,JR,False,False
Stanford,RCB,CB,DEF,2,Cam Richardson,SO,False,True
Stanford,RCB,CB,DEF,3,Chris Garland,FR,False,True
Stanford,NB,CB,DEF,1,Jay Green,SR,True,True
Stanford,NB,CB,DEF,2,Lonnie McAllister III,FR,False,True
Stanford,NB,CB,DEF,3,Breylan Thompson,JR,True,False
Syracuse,WR-X,WR,OFF,1,Calvin Russell III,FR,False,False
Syracuse,WR-X,WR,OFF,2,Cole Weaver,JR,True,True
Syracuse,WR-X,WR,OFF,3,Umari Hatcher,SR,False,True
Syracuse,WR-Z,WR,OFF,1,Zamondre Merriweather,SR,True,True
Syracuse,WR-Z,WR,OFF,2,Matthew Outten,FR,True,True
Syracuse,WR-Z,WR,OFF,3,Elijah Moore,SO,True,True
Syracuse,WR-SL,WR,OFF,1,Darien Williams,SO,False,False
Syracuse,WR-SL,WR,OFF,2,Darius Johnson,FR,False,True
Syracuse,WR-SL,WR,OFF,3,Tyshawn Russell,JR,True,True
Syracuse,LT,OL,OFF,1,Trevion Mack,JR,False,True
Syracuse,LT,OL,OFF,2,Naquil Betrand,JR,True,True
Syracuse,LT,OL,OFF,3,Vito Shevchenko,SO,False,True
Syracuse,LG,OL,OFF,1,Joe Cruz,SR,False,True
Syracuse,LG,OL,OFF,2,Oluwafunto Akinshilo,SR,True,True
Syracuse,LG,OL,OFF,3,Jayden Mann,FR,False,True
Syracuse,C,OL,OFF,1,Kahlil Stewart,FR,False,True
Syracuse,C,OL,OFF,2,Matthew Hawn,FR,False,True
Syracuse,RG,OL,OFF,1,Byron Washington,SO,False,False
Syracuse,RG,OL,OFF,2,Zach Rice,SR,True,True
Syracuse,RG,OL,OFF,3,Travis Brown-Miller,SO,False,True
Syracuse,RT,OL,OFF,1,Kam Pringle,SO,True,True
Syracuse,RT,OL,OFF,2,Kardiear Shepherd,FR,False,True
Syracuse,TE,TE,OFF,1,David Clement,SR,False,False
Syracuse,TE,TE,OFF,2,Noah Meyers,JR,True,True
Syracuse,TE,TE,OFF,3,Daunte Bacheyie,SO,False,False
Syracuse,QB,QB,OFF,1,Steve Angeli,SR,True,True
Syracuse,QB,QB,OFF,2,Amari Odom,JR,True,True
Syracuse,QB,QB,OFF,3,Danny Lauter,SR,True,True
Syracuse,RB,RB,OFF,1,Ahmad Miller,JR,True,True
Syracuse,RB,RB,OFF,2,Ju'Juan Johnson,JR,True,False
Syracuse,RB,RB,OFF,3,Tylik Hill,SO,False,False
Syracuse,DE,EDGE,DEF,1,Tunmise Adeleye,SR,True,True
Syracuse,DE,EDGE,DEF,2,Nathan Nyandoro,FR,False,True
Syracuse,NT,DT,DEF,1,Rashard Perry,SR,False,False
Syracuse,NT,DT,DEF,2,Jartavius Flounoy,SO,True,False
Syracuse,DT,DT,DEF,1,Dillan Fontus,SR,True,False
Syracuse,DT,DT,DEF,2,Isaiah Hastings,SR,True,True
Syracuse,DT,DT,DEF,3,Nissi Ogbebor,SO,False,False
Syracuse,JACK,EDGE,DEF,1,Keyshawn Johnson,SR,True,False
Syracuse,JACK,EDGE,DEF,2,David Omopariola,JR,False,True
Syracuse,JACK,EDGE,DEF,3,Jamie Tremble,JR,False,False
Syracuse,WLB,LB,DEF,1,Chris D'Appolonia,JR,True,True
Syracuse,WLB,LB,DEF,2,Gary Bryant III,SR,True,True
Syracuse,MLB,LB,DEF,1,Antoine Deslauriers,SO,False,False
Syracuse,MLB,LB,DEF,2,Zyian Moultrie-Goddard,JR,False,True
Syracuse,LCB,CB,DEF,1,Demetres Samuel Jr.,SO,False,False
Syracuse,LCB,CB,DEF,2,Nazir Ward,JR,True,True
Syracuse,LCB,CB,DEF,3,Ziyyon Bredell,FR,False,True
Syracuse,SS,SAF,DEF,1,Cornell Perry,SR,False,True
Syracuse,SS,SAF,DEF,2,Amare Snowden,JR,True,True
Syracuse,FS,SAF,DEF,1,Braheem Long Jr.,JR,False,False
Syracuse,FS,SAF,DEF,2,Tedarius Hughes,FR,False,False
Syracuse,FS,SAF,DEF,3,Rayshon Andrews,SO,False,False
Syracuse,RCB,CB,DEF,1,Chris Peal,JR,True,True
Syracuse,RCB,CB,DEF,2,Javon Lawrence,FR,False,True
Syracuse,NB,CB,DEF,1,Davien Kerr,JR,False,False
Syracuse,NB,CB,DEF,2,Jai Eugene Jr.,JR,True,True
TCU,WR-X,WR,OFF,1,Jordan Dwyer,SR,True,True
TCU,WR-X,WR,OFF,2,Terry Shelton,FR,False,True
TCU,WR-X,WR,OFF,3,Braylon James,JR,True,True
TCU,WR-Z,WR,OFF,1,Jeremy Scott,SO,True,True
TCU,WR-Z,WR,OFF,2,Dozie Ezukanma,SO,False,True
TCU,WR-Z,WR,OFF,3,James Scott,FR,False,False
TCU,WR-SL,WR,OFF,1,Ed Small,SO,False,False
TCU,WR-SL,WR,OFF,2,Major Everhart,SR,False,True
TCU,WR-SL,WR,OFF,3,Dane Jones,FR,False,True
TCU,LT,OL,OFF,1,Ben Taylor-Whitfield,SR,False,False
TCU,LT,OL,OFF,2,Wesley Harvey,SO,False,True
TCU,LG,OL,OFF,1,Cade Bennett,GR,True,False
TCU,LG,OL,OFF,2,Logan Schram,FR,False,True
TCU,LG,OL,OFF,3,Dylan Kinney,SR,True,True
TCU,C,OL,OFF,1,Cooper Powers,JR,False,True
TCU,C,OL,OFF,2,Jaheim Buchanon,JR,True,True
TCU,C,OL,OFF,3,Gannon Gaubert,SR,False,True
TCU,RG,OL,OFF,1,Noah McKinney,SR,True,True
TCU,RG,OL,OFF,2,Kilian Registe,FR,False,True
TCU,RT,OL,OFF,1,Witten Van Hoy,SO,False,False
TCU,RT,OL,OFF,2,Ryan Hughes,SO,False,True
TCU,RT,OL,OFF,3,Tobias Steppes,SO,False,True
TCU,TE,TE,OFF,1,Ka'Morreun Pimpton,JR,True,True
TCU,TE,TE,OFF,2,Lafayette Kaiuway,JR,False,True
TCU,TE,TE,OFF,3,Kari Ashley,JR,True,True
TCU,QB,QB,OFF,1,Jaden Craig,GR,True,False
TCU,QB,QB,OFF,2,Adam Schobel,FR,False,True
TCU,QB,QB,OFF,3,Jack Daulton,FR,False,False
TCU,RB,RB,OFF,1,Jeremy Payne,JR,False,False
TCU,RB,RB,OFF,2,Landon Walker,GR,True,False
TCU,RB,RB,OFF,3,Jon Denman,SO,False,False
TCU,LDE,EDGE,DEF,1,Paul Oyewale,SR,False,True
TCU,LDE,EDGE,DEF,2,Koron Hayward,JR,True,True
TCU,LDE,EDGE,DEF,3,Cheta Ofili,SO,True,True
TCU,NT,DT,DEF,1,Markis Deal,JR,False,True
TCU,NT,DT,DEF,2,Connor Lingren,SR,False,True
TCU,NT,DT,DEF,3,Floyd Guidry,FR,False,True
TCU,DT,DT,DEF,1,Ansel Din-Mbuh,SR,True,False
TCU,DT,DT,DEF,2,Tristan Johnson,SO,False,True
TCU,DT,DT,DEF,3,Perry Cole Jr.,JR,True,False
TCU,RDE,EDGE,DEF,1,Zach Chapman,JR,False,True
TCU,RDE,EDGE,DEF,2,John Schobel,FR,False,True
TCU,RDE,EDGE,DEF,3,Travis Jackson,SO,False,True
TCU,WLB,LB,DEF,1,Max Carroll,JR,False,True
TCU,WLB,LB,DEF,2,Michael Teason Jr.,JR,True,True
TCU,WLB,LB,DEF,3,Anthony Williams,FR,False,True
TCU,MLB,LB,DEF,1,Michael Short,JR,True,True
TCU,MLB,LB,DEF,2,Hudson Hooper,JR,False,True
TCU,MLB,LB,DEF,3,Sam Haley,FR,False,True
TCU,LCB,CB,DEF,1,Gil Jackson Jr.,SO,False,False
TCU,LCB,CB,DEF,2,Kalen Carroll,SR,True,True
TCU,LCB,CB,DEF,3,Teon Parks,SR,True,False
TCU,SS,SAF,DEF,1,Jamel Johnson,SR,False,False
TCU,SS,SAF,DEF,2,Kaden McFadden,JR,False,False
TCU,SS,SAF,DEF,3,Ryan Yaites,SR,True,False
TCU,FS,SAF,DEF,1,Jacob Fields,SR,True,False
TCU,FS,SAF,DEF,2,Jordan Lester,JR,False,True
TCU,RCB,CB,DEF,1,Vernon Glover Jr.,JR,False,True
TCU,RCB,CB,DEF,2,Devondre McGee,JR,False,False
TCU,NB,CB,DEF,1,Julius Simms,SO,False,False
TCU,NB,CB,DEF,2,Kylin Jackson,JR,True,True
Temple,WR-X,WR,OFF,1,Colin Chase,SR,True,True
Temple,WR-X,WR,OFF,2,Rameir Hardy,SO,False,False
Temple,WR-Z,WR,OFF,1,Jayce Freeman,SR,True,True
Temple,WR-Z,WR,OFF,2,Demonte Greene,JR,True,True
Temple,WR-SL,WR,OFF,1,JoJo Bermudez,SR,True,True
Temple,WR-SL,WR,OFF,2,Reis Stocksdale,SR,True,True
Temple,WR-SL,WR,OFF,3,Hunter Watson,FR,False,False
Temple,LT,OL,OFF,1,Giakoby Hills,SO,False,True
Temple,LT,OL,OFF,2,Kevin Terry,JR,False,True
Temple,LG,OL,OFF,1,Eric King,JR,False,True
Temple,LG,OL,OFF,2,Mausa Palu,SR,True,True
Temple,C,OL,OFF,1,Grayson Mains,SR,True,True
Temple,C,OL,OFF,2,John Stone,JR,True,True
Temple,RG,OL,OFF,1,Jackson Pruitt,SR,False,True
Temple,RG,OL,OFF,2,C.J. Van Buren,GR,True,False
Temple,RG,OL,OFF,3,Davray Venu,SO,False,True
Temple,RT,OL,OFF,1,Luke Watson,JR,False,True
Temple,RT,OL,OFF,2,Zach Aamland,JR,True,True
Temple,RT,OL,OFF,3,Ransom McDermott,SO,True,True
Temple,TE,TE,OFF,1,Ryder Kusch,SO,False,False
Temple,TE,TE,OFF,2,Peter Clarke,SR,False,False
Temple,TE,TE,OFF,3,Daniel Evert,JR,False,False
Temple,QB,QB,OFF,1,Jaxon Smolik,JR,True,True
Temple,QB,QB,OFF,2,Ajani Sheppard,JR,True,True
Temple,QB,QB,OFF,3,Camren Boykin,FR,False,True
Temple,RB,RB,OFF,1,Hunter Smith,GR,True,False
Temple,RB,RB,OFF,2,Sam Brown V,SR,True,True
Temple,RB,RB,OFF,3,Keveun Mason,SO,False,False
Temple,DE,EDGE,DEF,1,Quante Gillians,FR,True,True
Temple,DE,EDGE,DEF,2,Davier Bishop,JR,True,True
Temple,DE,EDGE,DEF,3,Cameron Jones,SO,False,True
Temple,NT,DT,DEF,1,Joseph Auzenne,SR,True,True
Temple,NT,DT,DEF,2,Kaleb Artis,SR,True,True
Temple,NT,DT,DEF,3,Troy Cunningham,FR,False,True
Temple,DT,DT,DEF,1,Russell Sykes IV,SO,False,True
Temple,DT,DT,DEF,2,Kevin Hornbeak,SR,True,True
Temple,DT,DT,DEF,3,Deshon Dodson,SO,True,False
Temple,RUSH,EDGE,DEF,1,Jaylon Joseph,SR,True,False
Temple,RUSH,EDGE,DEF,2,JaMair Diaz,JR,True,True
Temple,RUSH,EDGE,DEF,3,Josh Nengite,FR,False,False
Temple,WLB,LB,DEF,1,Curly Ordonez,SR,True,False
Temple,WLB,LB,DEF,2,Tyree Alualu,JR,False,False
Temple,WLB,LB,DEF,3,Wesley Brown,SO,False,True
Temple,MLB,LB,DEF,1,Eric Stuart,GR,True,False
Temple,MLB,LB,DEF,2,Jayvant Brown,JR,True,True
Temple,MLB,LB,DEF,3,Jordan Montgomery,JR,False,True
Temple,LCB,CB,DEF,1,Denzel Chavis,SO,False,True
Temple,LCB,CB,DEF,2,Earl Kulp,SO,True,True
Temple,LCB,CB,DEF,3,Nakeel Lawrence,JR,True,True
Temple,SS,SAF,DEF,1,Pooh Lawton,SR,True,True
Temple,SS,SAF,DEF,2,Jaeden Gould,SR,True,True
Temple,SS,SAF,DEF,3,Jamarcus Pierre,FR,False,True
Temple,FS,SAF,DEF,1,Avery Powell,SR,True,True
Temple,FS,SAF,DEF,2,Saboor Karriem,SR,True,False
Temple,FS,SAF,DEF,3,Josiah Jackson,SO,True,True
Temple,RCB,CB,DEF,1,Adrian Laing,SO,False,True
Temple,RCB,CB,DEF,2,Devontae Ward-Grant,FR,False,True
Temple,RCB,CB,DEF,3,Asa Locks,JR,True,True
Temple,NB,CB,DEF,1,Zyil Powell,JR,False,True
Temple,NB,CB,DEF,2,Kolin Dinkins,SR,True,True
Temple,NB,CB,DEF,3,Orel Gray,JR,True,True
Tennessee,WR-X,WR,OFF,1,Mike Matthews,JR,False,False
Tennessee,WR-X,WR,OFF,2,Travis Smith Jr.,SO,False,False
Tennessee,WR-X,WR,OFF,3,Tyreek King,FR,False,False
Tennessee,WR-Z,WR,OFF,1,Radarious Jackson,SO,False,False
Tennessee,WR-Z,WR,OFF,2,TK Keys,FR,False,False
Tennessee,WR-SL,WR,OFF,1,Braylon Staley,SO,False,True
Tennessee,WR-SL,WR,OFF,2,Joakim Dodson,FR,False,True
Tennessee,WR-SL,WR,OFF,3,Ian Duarte,JR,True,True
Tennessee,LT,OL,OFF,1,David Sanders Jr.,SO,False,False
Tennessee,LT,OL,OFF,2,Gabriel Osenda,FR,False,False
Tennessee,LG,OL,OFF,1,Wendell Moe Jr.,SR,True,True
Tennessee,LG,OL,OFF,2,Shamurad Umarov,JR,False,True
Tennessee,LG,OL,OFF,3,Antoni Ogumoro,SO,False,False
Tennessee,C,OL,OFF,1,Sam Pendleton,JR,True,True
Tennessee,C,OL,OFF,2,Nic Moore,FR,False,True
Tennessee,RG,OL,OFF,1,Jesse Perry,SO,False,True
Tennessee,RG,OL,OFF,2,Donovan Haslam,SR,True,True
Tennessee,RT,OL,OFF,1,Ory Williams,SO,True,True
Tennessee,RT,OL,OFF,2,Jeremias Heard,SO,False,True
Tennessee,TE,TE,OFF,1,Ethan Davis,JR,False,True
Tennessee,TE,TE,OFF,2,DaSaahn Brame,SO,False,False
Tennessee,TE,TE,OFF,3,Trent Thomas,JR,True,True
Tennessee,QB,QB,OFF,1,George MacIntyre,FR,False,True
Tennessee,QB,QB,OFF,2,Faizon Brandon,FR,False,False
Tennessee,QB,QB,OFF,3,Ryan Staub,JR,True,True
Tennessee,RB,RB,OFF,1,DeSean Bishop,JR,False,True
Tennessee,RB,RB,OFF,2,Daune Morris,SO,False,False
Tennessee,RB,RB,OFF,3,Javin Gordon,SO,True,False
Tennessee,DE,EDGE,DEF,1,Tyree Weathersby,JR,False,True
Tennessee,DE,EDGE,DEF,2,Mariyon Dye,SO,False,False
Tennessee,DE,EDGE,DEF,3,Carson Gentle,SO,False,True
Tennessee,NT,DT,DEF,1,Xavier Gilliam,SO,True,True
Tennessee,NT,DT,DEF,2,Nathan Robinson,JR,False,True
Tennessee,NT,DT,DEF,3,Ethan Utley,SO,False,False
Tennessee,DT,DT,DEF,1,Daevin Hobbs,SR,False,False
Tennessee,DT,DT,DEF,2,Isaiah Campbell,SO,False,False
Tennessee,DT,DT,DEF,3,Darryl Rivers,FR,False,False
Tennessee,LEO,EDGE,DEF,1,Jordan Norman,JR,True,True
Tennessee,LEO,EDGE,DEF,2,Chaz Coleman,SO,True,False
Tennessee,LEO,EDGE,DEF,3,Christian Gass,FR,False,True
Tennessee,WLB,LB,DEF,1,Arion Carter,SR,False,False
Tennessee,WLB,LB,DEF,2,Jadon Perlotte,SO,False,False
Tennessee,WLB,LB,DEF,3,Jaedon Harmon,SO,False,False
Tennessee,MLB,LB,DEF,1,Amare Campbell,SR,True,False
Tennessee,MLB,LB,DEF,2,Edwin Spillman,SO,False,True
Tennessee,MLB,LB,DEF,3,Jeremiah Telander,SR,False,False
Tennessee,LCB,CB,DEF,1,Kayin Lee,SR,True,False
Tennessee,LCB,CB,DEF,2,Tre Poteat III,SO,False,False
Tennessee,LCB,CB,DEF,3,Timothy Merritt,SO,False,False
Tennessee,SS,SAF,DEF,1,Edrees Farooq,JR,False,False
Tennessee,SS,SAF,DEF,2,Dejuan Lane,JR,True,False
Tennessee,SS,SAF,DEF,3,DJ Burks,SR,True,True
Tennessee,FS,SAF,DEF,1,TJ Metcalf,SR,True,False
Tennessee,FS,SAF,DEF,2,Dylan Lewis,SO,False,False
Tennessee,FS,SAF,DEF,3,Sidney Walton,SO,False,False
Tennessee,RCB,CB,DEF,1,Ty Redmond,SO,False,False
Tennessee,RCB,CB,DEF,2,Jadais Richard,SR,True,True
Tennessee,RCB,CB,DEF,3,Zay Anderson,FR,False,False
Tennessee,NB,CB,DEF,1,Qua Moss,SR,True,False
Tennessee,NB,CB,DEF,2,Isaiah Hardge,JR,True,True
Tennessee,NB,CB,DEF,3,Tevis Metcalf,SO,True,True
Texas,WR-X,WR,OFF,1,Cam Coleman,JR,True,False
Texas,WR-X,WR,OFF,2,Sterling Berkhalter,SR,True,True
Texas,WR-Z,WR,OFF,1,Ryan Wingo,JR,False,False
Texas,WR-Z,WR,OFF,2,Kaliq Lockett,FR,False,True
Texas,WR-H,WR,OFF,1,Emmett Mosley V,JR,True,False
Texas,WR-H,WR,OFF,2,Daylan McCutcheon,SO,False,False
Texas,WR-H,WR,OFF,3,Jermaine Bishop Jr.,FR,False,False
Texas,LT,OL,OFF,1,Trevor Goosby,JR,False,True
Texas,LT,OL,OFF,2,Jordan Coleman,FR,False,True
Texas,LT,OL,OFF,3,John Turntine III,FR,False,False
Texas,LG,OL,OFF,1,Laurence Seymore,SR,True,True
Texas,LG,OL,OFF,2,Jaydon Chatman,JR,False,True
Texas,LG,OL,OFF,3,Dylan Sikorski,SO,True,True
Texas,C,OL,OFF,1,Connor Robertson,SR,False,True
Texas,C,OL,OFF,2,Jackson Christian,FR,False,True
Texas,C,OL,OFF,3,Nicolas Robertson,FR,False,False
Texas,RG,OL,OFF,1,Brandon Baker,JR,False,False
Texas,RG,OL,OFF,2,Paris Patterson Jr.,JR,True,True
Texas,RG,OL,OFF,3,Devin Coleman,FR,False,True
Texas,RT,OL,OFF,1,Melvin Siani,JR,True,True
Texas,RT,OL,OFF,2,Andre Cojoe,JR,False,True
Texas,RT,OL,OFF,3,Jonte Newman,FR,True,True
Texas,TE-Y,TE,OFF,1,Spencer Shannon,JR,False,True
Texas,TE-Y,TE,OFF,2,Michael Masunas,SR,True,True
Texas,TE-Y,TE,OFF,3,Charlie Jilek,FR,False,False
Texas,TE-H,TE,OFF,1,Emaree Winston,SO,False,False
Texas,TE-H,TE,OFF,2,Nick Townsend,SO,False,False
Texas,TE-H,TE,OFF,3,Will Randle,JR,False,True
Texas,QB,QB,OFF,1,Arch Manning,JR,False,True
Texas,QB,QB,OFF,2,Karle Lacey Jr.,FR,False,True
Texas,QB,QB,OFF,3,Dia Bell,FR,False,False
Texas,RB,RB,OFF,1,Hollywood Smothers,JR,True,True
Texas,RB,RB,OFF,2,Raleek Brown,SR,True,True
Texas,RB,RB,OFF,3,Derrek Cooper,FR,False,False
Texas,DE,EDGE,DEF,1,Lance Jackson,SO,False,False
Texas,DE,EDGE,DEF,2,Zina Umeozulu,SO,False,True
Texas,DE,EDGE,DEF,3,Jamarion Carlton,FR,False,False
Texas,NT,DT,DEF,1,Ian Geffrard,JR,True,True
Texas,NT,DT,DEF,2,Maraad Watson,JR,True,False
Texas,NT,DT,DEF,3,Josiah Sharma,FR,False,True
Texas,DT,DT,DEF,1,Hero Kanu,SR,True,True
Texas,DT,DT,DEF,2,Alex January,JR,False,False
Texas,DT,DT,DEF,3,Justus Terry,SO,False,False
Texas,JACK,EDGE,DEF,1,Colin Simmons,JR,False,False
Texas,JACK,EDGE,DEF,2,Colton Vasek,JR,False,True
Texas,JACK,EDGE,DEF,3,Richard Wesley,FR,False,False
Texas,WLB,LB,DEF,1,Rasheem Biles,SR,True,False
Texas,WLB,LB,DEF,2,Tyler Atkinson,FR,False,False
Texas,MLB,LB,DEF,1,Ty'Anthony Smith,JR,False,False
Texas,MLB,LB,DEF,2,Justin Cryer,SR,True,False
Texas,MLB,LB,DEF,3,Rocky Cummings,FR,False,False
Texas,SLB,LB,DEF,1,Brad Spence,SR,True,False
Texas,SLB,LB,DEF,2,Markus Boswell,SO,True,False
Texas,SLB,LB,DEF,3,Kosi Okpala,FR,False,False
Texas,LCB,CB,DEF,1,Bo Mascoe,JR,True,True
Texas,LCB,CB,DEF,2,Warren Roberson,JR,False,True
Texas,LCB,CB,DEF,3,Samari Matthews,FR,False,False
Texas,SS,SAF,DEF,1,Jelani McDonald,SR,False,False
Texas,SS,SAF,DEF,2,Derek Williams Jr.,JR,False,True
Texas,SS,SAF,DEF,3,Jonah Williams,SO,False,False
Texas,FS,SAF,DEF,1,Xavier Filsaime,SO,False,True
Texas,FS,SAF,DEF,2,Jordon Johnson-Rubell,JR,False,False
Texas,FS,SAF,DEF,3,Jonathan Cunningham,FR,False,True
Texas,RCB,CB,DEF,1,Kade Phillips,SO,False,False
Texas,RCB,CB,DEF,2,Kobe Black,JR,False,False
Texas,RCB,CB,DEF,3,Hayward Howard Jr.,FR,False,False
Texas,NB,CB,DEF,1,Graceson Littleton,SO,False,False
Texas,NB,CB,DEF,2,Wardell Mack,SO,False,True
Texas A&M,WR-X,WR,OFF,1,Isaiah Horton,SR,True,True
Texas A&M,WR-X,WR,OFF,2,TK Norman,FR,False,True
Texas A&M,WR-X,WR,OFF,3,Aaron Gregory,FR,False,False
Texas A&M,WR-Z,WR,OFF,1,Ashton Bethel-Roman,SO,False,True
Texas A&M,WR-Z,WR,OFF,2,Jerome Myles,FR,False,True
Texas A&M,WR-Z,WR,OFF,3,Madden Williams,FR,False,False
Texas A&M,WR-SL,WR,OFF,1,Mario Craver,JR,True,False
Texas A&M,WR-SL,WR,OFF,2,Terry Bussey,JR,False,False
Texas A&M,WR-SL,WR,OFF,3,Kelshaun Johnson,FR,False,True
Texas A&M,LT,OL,OFF,1,Tyree Adams,JR,True,True
Texas A&M,LT,OL,OFF,2,Lamont Rogers,FR,False,True
Texas A&M,LG,OL,OFF,1,Coen Echols,SO,True,True
Texas A&M,LG,OL,OFF,2,Blake Ivy,SO,False,True
Texas A&M,LG,OL,OFF,3,Isendre Ahfua,SO,False,True
Texas A&M,C,OL,OFF,1,Mark Nabou Jr.,SR,False,True
Texas A&M,C,OL,OFF,2,Ashton Funk,SO,False,True
Texas A&M,RG,OL,OFF,1,Trovon Baugh,SR,True,False
Texas A&M,RG,OL,OFF,2,Tyler Thomas,FR,False,True
Texas A&M,RT,OL,OFF,1,Wilkin Formby,JR,True,True
Texas A&M,RT,OL,OFF,2,Robert Bourdon,SO,False,True
Texas A&M,TE,TE,OFF,1,Micah Riley,SR,True,True
Texas A&M,TE,TE,OFF,2,Houston Thomas,SR,True,True
Texas A&M,TE,TE,OFF,3,Richie Anderson,JR,True,True
Texas A&M,QB,QB,OFF,1,Marcel Reed,JR,False,True
Texas A&M,QB,QB,OFF,2,Brady Hart,FR,False,True
Texas A&M,QB,QB,OFF,3,Helaman Casuga,FR,False,False
Texas A&M,RB,RB,OFF,1,Rueben Owens II,JR,False,True
Texas A&M,RB,RB,OFF,2,Jamarion Morrow,SO,False,False
Texas A&M,RB,RB,OFF,3,Tiger Riden Jr.,FR,False,True
Texas A&M,DE,EDGE,DEF,1,Anto Saka,SR,True,True
Texas A&M,DE,EDGE,DEF,2,T.J. Searcy,SR,True,False
Texas A&M,DE,EDGE,DEF,3,Ryan Henderson,SR,True,True
Texas A&M,NT,DT,DEF,1,CJ Mims,SR,True,True
Texas A&M,NT,DT,DEF,2,Angelo McCullom,JR,True,False
Texas A&M,NT,DT,DEF,3,Brandon Davis-Swain,SO,True,True
Texas A&M,DT,DT,DEF,1,DJ Hicks,SR,False,False
Texas A&M,DT,DT,DEF,2,Landon Rink,SO,False,False
Texas A&M,DT,DT,DEF,3,DJ Sanders,FR,False,True
Texas A&M,JACK,EDGE,DEF,1,Marco Jones,SO,False,False
Texas A&M,JACK,EDGE,DEF,2,Sam M'Pemba,JR,True,True
Texas A&M,JACK,EDGE,DEF,3,Bryce Perry-Wright,FR,False,False
Texas A&M,WLB,LB,DEF,1,Daymion Sanford,SR,False,False
Texas A&M,WLB,LB,DEF,2,Noah Mikhail,SO,False,False
Texas A&M,WLB,LB,DEF,3,TJ Smith,JR,True,False
Texas A&M,MLB,LB,DEF,1,Ray Coney,SR,True,False
Texas A&M,MLB,LB,DEF,2,Jordan Lockhart,JR,False,False
Texas A&M,LCB,CB,DEF,1,Dezz Ricks,JR,True,True
Texas A&M,LCB,CB,DEF,2,Adonyss Currie,FR,False,True
Texas A&M,SS,SAF,DEF,1,Dalton Brooks,SR,False,False
Texas A&M,SS,SAF,DEF,2,Tawfiq Byard,JR,True,True
Texas A&M,FS,SAF,DEF,1,Marcus Ratcliffe,SR,True,False
Texas A&M,FS,SAF,DEF,2,Myles Davis,JR,False,False
Texas A&M,FS,SAF,DEF,3,Tom Tom Johnson Jr.,FR,False,True
Texas A&M,RCB,CB,DEF,1,Julio Humphrey,SR,True,True
Texas A&M,RCB,CB,DEF,2,Rickey Gibson III,JR,True,True
Texas A&M,NB,CB,DEF,1,Jordan Shaw,JR,True,True
Texas A&M,NB,CB,DEF,2,Bryce Anderson,JR,False,True
Texas A&M,NB,CB,DEF,3,Bravion Rogers,SR,False,False
Texas State,WR-X,WR,OFF,1,Beau Sparks,SR,True,False
Texas State,WR-X,WR,OFF,2,Jordan Martin,SO,False,True
Texas State,WR-Z,WR,OFF,1,Chris Dawn Jr.,SR,False,False
Texas State,WR-Z,WR,OFF,2,Tucker Cusano,FR,False,True
Texas State,WR-SL,WR,OFF,1,Kylen Evans,SO,False,True
Texas State,WR-SL,WR,OFF,2,Zechariah Sample,SO,True,True
Texas State,LT,OL,OFF,1,William Boone,JR,True,True
Texas State,LT,OL,OFF,2,Bamidele Badusi,JR,False,True
Texas State,LT,OL,OFF,3,Alan Grimme,JR,True,True
Texas State,LG,OL,OFF,1,Jaylen Early,SR,True,True
Texas State,LG,OL,OFF,2,Tyler Norris,SO,False,True
Texas State,C,OL,OFF,1,Ameer Ross,FR,False,True
Texas State,C,OL,OFF,2,Etueni Ropati,JR,True,True
Texas State,RG,OL,OFF,1,Justin DeLeon,JR,False,True
Texas State,RG,OL,OFF,2,Rasheed Jackson,JR,True,True
Texas State,RG,OL,OFF,3,Aidin Rhodes,JR,False,True
Texas State,RT,OL,OFF,1,Sully Burns,SR,True,True
Texas State,RT,OL,OFF,2,Cameron Schultz,JR,True,True
Texas State,RT,OL,OFF,3,Amari Smith,JR,True,True
Texas State,TE,TE,OFF,1,Blake Smith,SR,True,True
Texas State,TE,TE,OFF,2,Ty Stamey,JR,True,True
Texas State,TE,TE,OFF,3,Jake Simpson,JR,False,True
Texas State,QB,QB,OFF,1,Brad Jackson,SO,False,True
Texas State,QB,QB,OFF,2,Shaker Reisig,FR,True,True
Texas State,RB,RB,OFF,1,Greg Burrell,JR,True,False
Texas State,RB,RB,OFF,2,Torrance Burgess Jr.,SR,True,True
Texas State,RB,RB,OFF,3,Jaylen Jenkins,SR,True,True
Texas State,LDE,EDGE,DEF,1,Phillip Bradford,SR,True,True
Texas State,LDE,EDGE,DEF,2,Ta'Derius Collins,JR,True,True
Texas State,LDE,EDGE,DEF,3,Mekhi Buchanan,JR,True,True
Texas State,LDT,DT,DEF,1,Kaleb James,JR,True,True
Texas State,LDT,DT,DEF,2,Chancellor Owens,JR,True,True
Texas State,LDT,DT,DEF,3,J.P. Deeter,SR,True,True
Texas State,RDT,DT,DEF,1,Bryce Carter,SR,True,True
Texas State,RDT,DT,DEF,2,Tae Woody,SR,True,True
Texas State,RDE,EDGE,DEF,1,DonTerry Russell,SR,True,True
Texas State,RDE,EDGE,DEF,2,Jo'Laison Landry,JR,False,True
Texas State,RDE,EDGE,DEF,3,Jason Patterson,SR,True,False
Texas State,WLB,LB,DEF,1,Ayden Jones,JR,True,True
Texas State,WLB,LB,DEF,2,Javante Mackey,SR,True,True
Texas State,WLB,LB,DEF,3,Tice Williams,SO,False,True
Texas State,MLB,LB,DEF,1,Terrence Cooks II,SR,True,True
Texas State,MLB,LB,DEF,2,Cole Nilles,JR,True,False
Texas State,MLB,LB,DEF,3,Jordan Sample,JR,True,True
Texas State,LCB,CB,DEF,1,Craig Royal Jr.,SR,True,False
Texas State,LCB,CB,DEF,2,Jayden Lawton,SR,True,True
Texas State,LCB,CB,DEF,3,Trez Moore,SR,True,True
Texas State,SS,SAF,DEF,1,Will Mitchell II,SO,False,True
Texas State,SS,SAF,DEF,2,Amarion Atwood,JR,False,True
Texas State,FS,SAF,DEF,1,Ryan Nolan,SR,True,False
Texas State,FS,SAF,DEF,2,Chase Davis,JR,True,True
Texas State,RCB,CB,DEF,1,Dexter Ricks Jr.,SR,True,True
Texas State,RCB,CB,DEF,2,Christopher Jones,SO,False,True
Texas State,RCB,CB,DEF,3,Cordarian Powell,FR,False,True
Texas State,NB,CB,DEF,1,Michael Patterson,JR,True,True
Texas State,NB,CB,DEF,2,Malik Willis,JR,True,True
Texas State,NB,CB,DEF,3,Greg Gipson Jr.,FR,False,True
Texas Tech,WR-X,WR,OFF,1,Micah Hudson,JR,False,False
Texas Tech,WR-X,WR,OFF,2,Donte Lee Jr.,SR,True,True
Texas Tech,WR-X,WR,OFF,3,Leyton Stone,SO,False,False
Texas Tech,WR-Z,WR,OFF,1,Kenny Johnson,SR,True,False
Texas Tech,WR-Z,WR,OFF,2,Malcolm Simmons,JR,True,False
Texas Tech,WR-Z,WR,OFF,3,Bryson Jones,SO,False,False
Texas Tech,WR-SL,WR,OFF,1,Coy Eakin,SR,False,True
Texas Tech,WR-SL,WR,OFF,2,Jalen Jones,JR,True,True
Texas Tech,WR-SL,WR,OFF,3,Tristian Gentry,SO,False,False
Texas Tech,LT,OL,OFF,1,Howard Sampson,SR,True,True
Texas Tech,LT,OL,OFF,2,Felix Ojo,FR,False,False
Texas Tech,LT,OL,OFF,3,Elias Gillen,FR,False,True
Texas Tech,LG,OL,OFF,1,Hunter Zambrano,SR,True,True
Texas Tech,LG,OL,OFF,2,D'Anthis Upshaw Jr.,SO,False,True
Texas Tech,LG,OL,OFF,3,Connor Carty,FR,False,True
Texas Tech,C,OL,OFF,1,Sheridan Wilson,SR,False,True
Texas Tech,C,OL,OFF,2,Cash Cleveland,JR,True,False
Texas Tech,C,OL,OFF,3,Patrick McMath,FR,False,True
Texas Tech,RG,OL,OFF,1,Jordan Church,JR,True,True
Texas Tech,RG,OL,OFF,2,Holton Hendrix,SO,False,True
Texas Tech,RG,OL,OFF,3,Daniel Sill,JR,False,True
Texas Tech,RT,OL,OFF,1,Jacob Ponton,SO,False,True
Texas Tech,RT,OL,OFF,2,Ellis Davis,SO,False,True
Texas Tech,RT,OL,OFF,3,Bryce Gilmore,FR,False,False
Texas Tech,TE,TE,OFF,1,Terrance Carter Jr.,SR,True,True
Texas Tech,TE,TE,OFF,2,Jett Carpenter,SR,True,True
Texas Tech,TE,TE,OFF,3,Jason Llewellyn,SR,True,True
Texas Tech,QB,QB,OFF,1,Will Hammond,SO,False,True
Texas Tech,QB,QB,OFF,2,Lloyd Jones III,FR,False,True
Texas Tech,QB,QB,OFF,3,Kirk Francis,JR,True,True
Texas Tech,RB,RB,OFF,1,Cameron Dickey,JR,False,False
Texas Tech,RB,RB,OFF,2,J'Koby Williams,JR,False,False
Texas Tech,RB,RB,OFF,3,Quinten Joyner,JR,True,True
Texas Tech,LDE,EDGE,DEF,1,Trey White,SR,True,True
Texas Tech,LDE,EDGE,DEF,2,Ansel Nedore,JR,False,True
Texas Tech,LDE,EDGE,DEF,3,Charles Anderson Jr.,SO,False,True
Texas Tech,NT,DT,DEF,1,Bryce Butler,SR,True,True
Texas Tech,NT,DT,DEF,2,A.J. Holmes Jr.,SR,True,True
Texas Tech,NT,DT,DEF,3,Keyshawn Williams,SO,False,True
Texas Tech,DT,DT,DEF,1,Mateen Ibirogba,SR,True,True
Texas Tech,DT,DT,DEF,2,Julien Laventure,SR,True,True
Texas Tech,DT,DT,DEF,3,Jojo Johnson,JR,True,True
Texas Tech,RDE,EDGE,DEF,1,Adam Trick,SR,True,True
Texas Tech,RDE,EDGE,DEF,2,Jamond Mathis,JR,True,True
Texas Tech,WLB,LB,DEF,1,Austin Romaine,SR,True,False
Texas Tech,WLB,LB,DEF,2,Corey Platt Jr.,SR,True,True
Texas Tech,WLB,LB,DEF,3,Wesley Smith,SR,False,True
Texas Tech,MLB,LB,DEF,1,Ben Roberts,SR,False,True
Texas Tech,MLB,LB,DEF,2,Brock Golwas,SO,False,False
Texas Tech,MLB,LB,DEF,3,Adam Hill,SO,False,True
Texas Tech,STAR,CB,DEF,1,John Curry,JR,False,True
Texas Tech,STAR,CB,DEF,2,Marcus Ramon-Edwards,JR,False,True
Texas Tech,STAR,CB,DEF,3,Miquel Dingle Jr.,JR,False,True
Texas Tech,LCB,CB,DEF,1,Brice Pollock,SR,True,False
Texas Tech,LCB,CB,DEF,2,Ashton Hampton,SO,False,True
Texas Tech,LCB,CB,DEF,3,Tarrion Grant,SO,True,True
Texas Tech,SS,SAF,DEF,1,Malik Esquerra,SO,False,True
Texas Tech,SS,SAF,DEF,2,Oliver Miles III,SO,False,True
Texas Tech,FS,SAF,DEF,1,Brenden Jordan,SR,False,False
Texas Tech,FS,SAF,DEF,2,Peyton Morgan,SO,False,True
Texas Tech,RCB,CB,DEF,1,Amier Boyd,SR,True,True
Texas Tech,RCB,CB,DEF,2,Davin Martin,JR,True,True
Toledo,WR-X,WR,OFF,1,Adjatay Dabbs,JR,True,True
Toledo,WR-X,WR,OFF,2,Terrell Crosby Jr.,SR,True,True
Toledo,WR-X,WR,OFF,3,Tashi Braceful,SO,False,True
Toledo,WR-Z,WR,OFF,1,Anthony Simpson,SR,True,True
Toledo,WR-Z,WR,OFF,2,Kalvin Gilbert Jr.,JR,True,False
Toledo,WR-Z,WR,OFF,3,Thomas Zsiros,SR,False,True
Toledo,WR-SL,WR,OFF,1,Rico Bond,SO,True,True
Toledo,WR-SL,WR,OFF,2,Trenton Jones,FR,True,True
Toledo,WR-SL,WR,OFF,3,Cooper Rusk,SR,False,True
Toledo,LT,OL,OFF,1,Stephen Gales,SR,False,True
Toledo,LT,OL,OFF,2,Dylan Senda,JR,True,True
Toledo,LG,OL,OFF,1,Nick Thomas,SR,True,True
Toledo,LG,OL,OFF,2,Jonathan Harder,SR,True,True
Toledo,LG,OL,OFF,3,Christian Medlock,JR,True,True
Toledo,C,OL,OFF,1,Luke Rector,JR,True,True
Toledo,C,OL,OFF,2,Dominic Johnson,SO,True,True
Toledo,RG,OL,OFF,1,Ahmad Carwise,SO,True,True
Toledo,RG,OL,OFF,2,Grant Zimmerly,JR,False,True
Toledo,RG,OL,OFF,3,Jacob Kropchak,SO,False,True
Toledo,RT,OL,OFF,1,Ibrahim Traore,SR,True,True
Toledo,RT,OL,OFF,2,Matt Hofer,SO,False,True
Toledo,TE,TE,OFF,1,Jacob Newell,SR,True,True
Toledo,TE,TE,OFF,2,Peyton Strickland,SR,True,False
Toledo,TE,TE,OFF,3,Ethan Malafa,SR,True,True
Toledo,QB,QB,OFF,1,John Alan Richter,SR,False,True
Toledo,QB,QB,OFF,2,Khamoni Robinson,JR,True,True
Toledo,QB,QB,OFF,3,Walter Moses,FR,False,True
Toledo,RB,RB,OFF,1,CJ Miller,SR,True,True
Toledo,RB,RB,OFF,2,Corey Smith,SO,True,True
Toledo,RB,RB,OFF,3,Connor Walendzak,SR,False,False
Toledo,LDE,EDGE,DEF,1,Andrew Zock,JR,True,False
Toledo,LDE,EDGE,DEF,2,Zach Johnson,SO,True,False
Toledo,LDE,EDGE,DEF,3,Brian Stovall Jr.,FR,False,False
Toledo,LDT,DT,DEF,1,Caden Camese,SR,True,True
Toledo,LDT,DT,DEF,2,Lucas Lambert-Pipkin,JR,True,False
Toledo,LDT,DT,DEF,3,Jordin Farrow,FR,False,True
Toledo,RDT,DT,DEF,1,Nathaniel Chandler,JR,True,True
Toledo,RDT,DT,DEF,2,Leonard Sharp,SR,True,True
Toledo,RDT,DT,DEF,3,Cam Gwinn,FR,False,True
Toledo,RDE,EDGE,DEF,1,Ezra Odinjor,JR,True,True
Toledo,RDE,EDGE,DEF,2,Ben Sahakian,SR,True,True
Toledo,RDE,EDGE,DEF,3,Tommy Huss,JR,False,True
Toledo,WLB,LB,DEF,1,Isaac Prince,SR,True,True
Toledo,WLB,LB,DEF,2,Kari Jackson,SO,True,True
Toledo,WLB,LB,DEF,3,Damon Ollison II,SR,False,True
Toledo,MLB,LB,DEF,1,Langston Long,SR,True,True
Toledo,MLB,LB,DEF,2,Julian Fox,JR,True,True
Toledo,MLB,LB,DEF,3,Isaac Zay,SO,False,True
Toledo,LCB,CB,DEF,1,Cam Jones,JR,True,False
Toledo,LCB,CB,DEF,2,LaDavion Osborn,SR,True,False
Toledo,LCB,CB,DEF,3,Tyrell Russell,FR,False,True
Toledo,SS,SAF,DEF,1,Kaleb Hutchinson,SR,True,True
Toledo,SS,SAF,DEF,2,Armorion Smith,SR,True,True
Toledo,SS,SAF,DEF,3,Tyler Hackenbracht,FR,False,True
Toledo,FS,SAF,DEF,1,Nicholas Thompson,JR,False,True
Toledo,FS,SAF,DEF,2,Dylan Hohler,JR,False,True
Toledo,RCB,CB,DEF,1,KJ Thomas,SO,True,False
Toledo,RCB,CB,DEF,2,Israel Petite,SO,True,True
Toledo,RCB,CB,DEF,3,Hyajah Miller,SO,False,True
Toledo,NB,CB,DEF,1,Donovan Watkins,JR,True,False
Toledo,NB,CB,DEF,2,Mo Conteh,SR,True,True
Troy,WR-X,WR,OFF,1,RaRa Thomas,SR,True,False
Troy,WR-Z,WR,OFF,2,Ky McNulty,FR,False,True
Troy,WR-H,WR,OFF,1,Peyton Higgins,SR,False,True
Troy,WR-H,WR,OFF,3,Jywon Boyd,FR,False,True
Troy,LT,OL,OFF,1,Tra'jon Townsend,SO,True,False
Troy,LG,OL,OFF,1,Patrick Screws Jr.,SO,True,True
Troy,C,OL,OFF,1,Tyler Cappi,JR,False,True
Troy,C,OL,OFF,2,Tyler Bell,SO,False,True
Troy,RT,OL,OFF,1,Caleb Ash,FR,False,True
Troy,TE,TE,OFF,1,Ethan Conner,SR,True,True
Troy,TE,TE,OFF,2,Jackson Worley,SO,False,True
Troy,TE,TE,OFF,3,Trae Swartz,SR,True,False
Troy,QB,QB,OFF,1,Goose Crowder,SR,True,True
Troy,QB,QB,OFF,2,Tucker Kilcrease,JR,False,True
Troy,RB,RB,OFF,1,Jordan Lovett,SO,False,True
Troy,RB,RB,OFF,2,Jarris Williams,SR,False,True
Troy,RB,RB,OFF,3,Dennis Palmer,SO,True,False
Troy,DE,EDGE,DEF,1,Elijah Davis,SR,True,True
Troy,DE,EDGE,DEF,2,Jermaine Paramore,FR,False,True
Troy,NT,DT,DEF,1,Julian Peterson,SR,False,True
Troy,NT,DT,DEF,2,Jamel Fils-Aime,SR,True,False
Troy,NT,DT,DEF,3,Luis Medina,SR,False,True
Troy,DT,DT,DEF,1,Taleeq Robbins,SR,True,True
Troy,DT,DT,DEF,2,Kam Curry,SR,True,False
Troy,BAN,EDGE,DEF,1,Jah-Mal Williams,SR,True,True
Troy,BAN,EDGE,DEF,2,Donnie Smith,JR,True,False
Troy,BAN,EDGE,DEF,3,Jabril McNeill,SR,True,True
Troy,WLB,LB,DEF,1,Steven Cattledge,SR,True,True
Troy,WLB,LB,DEF,2,Luke Hodge,JR,False,True
Troy,WLB,LB,DEF,3,Keyshawn Campbell,SO,False,True
Troy,MLB,LB,DEF,1,Jordan Stringer,SR,False,True
Troy,MLB,LB,DEF,2,TJ Thompson,JR,True,True
Troy,SPEAR,EDGE,DEF,1,Devin Lafayette,SR,True,True
Troy,SPEAR,EDGE,DEF,2,Jordan Perry,JR,True,True
Troy,LCB,CB,DEF,1,Jabari Strait,SR,True,False
Troy,LCB,CB,DEF,2,Shemar Welch,FR,False,True
Troy,SS,SAF,DEF,1,Justin Powe,JR,False,True
Troy,FS,SAF,DEF,1,David Daniel-Sisavanh,SR,True,True
Troy,FS,SAF,DEF,2,Joe Lott,FR,False,True
Troy,RCB,CB,DEF,2,Marlin Odom,FR,False,True
Tulane,WR-X,WR,OFF,1,Destyn Hill,JR,True,True
Tulane,WR-X,WR,OFF,2,Bredell Richardson,SO,True,True
Tulane,WR-Z,WR,OFF,1,Anthony Brown-Stephens,SR,True,True
Tulane,WR-Z,WR,OFF,2,Gabe Daniels,SO,True,False
Tulane,WR-Z,WR,OFF,3,Kellen Tasby,SO,False,True
Tulane,WR-H,WR,OFF,1,Zycarl Lewis Jr.,SO,False,True
Tulane,WR-H,WR,OFF,2,Garrett Mmahat,SR,False,True
Tulane,WR-H,WR,OFF,3,Oliver Mitchell Jr.,SO,False,False
Tulane,LT,OL,OFF,1,Dominic Steward,SO,False,True
Tulane,LT,OL,OFF,2,Tristen Fortenberry,SO,False,True
Tulane,LT,OL,OFF,3,Juelz Baptiste,FR,False,True
Tulane,LG,OL,OFF,1,Elijah Baker,SO,False,True
Tulane,LG,OL,OFF,2,Mitch Hodnett,SO,True,True
Tulane,C,OL,OFF,1,John Bock II,SR,True,True
Tulane,C,OL,OFF,2,Gavin Marks,SO,True,False
Tulane,RG,OL,OFF,1,Reese Baker,SO,False,True
Tulane,RG,OL,OFF,2,Robbie Pizzolato,SR,True,True
Tulane,RT,OL,OFF,1,Ryan Mickow,JR,True,True
Tulane,RT,OL,OFF,2,Darion Reed,JR,False,True
Tulane,TE,TE,OFF,1,Gabe Lovorn,SO,False,False
Tulane,TE,TE,OFF,2,Ty Thompson,SR,True,True
Tulane,TE,TE,OFF,3,Dawson Johnson,SO,True,True
Tulane,QB,QB,OFF,1,Kadin Semonza,JR,True,True
Tulane,QB,QB,OFF,2,Zeon Chriss-Gremillion,SR,True,True
Tulane,QB,QB,OFF,3,Dagan Bruno,SO,False,True
Tulane,RB,RB,OFF,1,Jaylin Lucas,SR,True,True
Tulane,RB,RB,OFF,2,Jamauri McClure,SO,False,True
Tulane,RB,RB,OFF,3,Maurice Turner,SR,True,True
Tulane,DE,EDGE,DEF,1,Gerrod Henderson,SR,False,True
Tulane,DE,EDGE,DEF,2,Reshad Sterling,FR,True,True
Tulane,DE,EDGE,DEF,3,Josh Lewis,FR,False,True
Tulane,NT,DT,DEF,1,Derrick Shepard Jr.,SR,True,True
Tulane,NT,DT,DEF,2,Armondous Cooley,SR,True,True
Tulane,NT,DT,DEF,3,PaLanding Drammeh,FR,False,True
Tulane,DT,DT,DEF,1,Ed Smith,SR,True,True
Tulane,DT,DT,DEF,2,Geordan Guidry,SO,False,True
Tulane,BAN,EDGE,DEF,1,Jah'rie Garner,JR,False,True
Tulane,BAN,EDGE,DEF,2,Jordan McAllister,JR,True,True
Tulane,BAN,EDGE,DEF,3,Warren Roberts Jr.,FR,False,True
Tulane,WLB,LB,DEF,1,Chris Rodgers,SR,True,False
Tulane,WLB,LB,DEF,2,Dalton Hughes,SR,True,True
Tulane,WLB,LB,DEF,3,Jean Claude Joseph III,JR,False,True
Tulane,MLB,LB,DEF,1,Dickson Agu,JR,False,True
Tulane,MLB,LB,DEF,2,Makai Williams,SR,False,False
Tulane,MLB,LB,DEF,3,Chan Lumpkin,FR,False,False
Tulane,SPEAR,EDGE,DEF,1,Kajuan Banks,SR,True,True
Tulane,SPEAR,EDGE,DEF,2,Michael Igbinoghene,FR,False,True
Tulane,LCB,CB,DEF,1,Marquez Stevenson,JR,True,True
Tulane,LCB,CB,DEF,2,Justin Agu,GR,True,False
Tulane,LCB,CB,DEF,3,LJ Green,JR,True,True
Tulane,SS,SAF,DEF,1,Jack Tchienchou,JR,True,True
Tulane,SS,SAF,DEF,2,Dorion Jackson,JR,True,True
Tulane,SS,SAF,DEF,3,Carson Klein,SO,False,True
Tulane,FS,SAF,DEF,1,Kevin Adams III,JR,False,True
Tulane,FS,SAF,DEF,2,Joshua Moore,JR,False,True
Tulane,FS,SAF,DEF,3,Chase Green,SO,False,True
Tulane,RCB,CB,DEF,1,E'zaiah Shine,SO,False,True
Tulane,RCB,CB,DEF,2,TJ Smith,SR,True,True
Tulane,RCB,CB,DEF,3,Anthony Rogers,SO,True,True
Tulsa,WR-X,WR,OFF,1,Jimmy Calloway,GR,True,False
Tulsa,WR-X,WR,OFF,2,Donnell Gee Jr.,SO,False,False
Tulsa,WR-X,WR,OFF,3,Micah Tease,JR,True,True
Tulsa,WR-Z,WR,OFF,1,David Wells Jr.,JR,True,True
Tulsa,WR-Z,WR,OFF,2,Josh Smith,SO,False,True
Tulsa,WR-SL,WR,OFF,1,Grayson Tempest,SR,False,False
Tulsa,WR-SL,WR,OFF,2,Oran Singleton Jr.,SR,True,True
Tulsa,WR-SL,WR,OFF,3,Javon Ross,JR,True,False
Tulsa,LT,OL,OFF,1,Cam East,SR,True,True
Tulsa,LT,OL,OFF,2,Colten Christian,SO,False,True
Tulsa,LT,OL,OFF,3,Jack Hood,SO,True,True
Tulsa,LG,OL,OFF,1,Ian Mayes,SO,False,False
Tulsa,LG,OL,OFF,2,Ross Johnston,JR,True,False
Tulsa,LG,OL,OFF,3,Josh Love,SO,False,True
Tulsa,C,OL,OFF,1,Malachi Preciado,SR,True,True
Tulsa,C,OL,OFF,2,Will Morris,JR,False,True
Tulsa,RG,OL,OFF,1,Hunter Erb,SR,True,True
Tulsa,RG,OL,OFF,2,Alan Pond,JR,True,False
Tulsa,RG,OL,OFF,3,Evan McClure,SO,True,True
Tulsa,RT,OL,OFF,1,Brody Duffel,JR,False,False
Tulsa,RT,OL,OFF,2,Davis Dotson,SR,True,True
Tulsa,TE,TE,OFF,1,Jewlyen Roberts,SO,False,True
Tulsa,TE,TE,OFF,2,Grant McAtee,JR,True,False
Tulsa,QB,QB,OFF,1,Baylor Hayes,SO,True,True
Tulsa,QB,QB,OFF,2,Dexter Williams II,GR,True,False
Tulsa,QB,QB,OFF,3,Andrew Alford,FR,False,True
Tulsa,RB,RB,OFF,1,Damari Alston,SR,True,True
Tulsa,RB,RB,OFF,2,Seth Davis,JR,True,True
Tulsa,RB,RB,OFF,3,DJ McKinney,JR,True,True
Tulsa,LDE,EDGE,DEF,1,Kyran Duhon,JR,True,False
Tulsa,LDE,EDGE,DEF,2,Jayden Madkins,SR,True,True
Tulsa,LDE,EDGE,DEF,3,Will Upshaw,SO,False,True
Tulsa,NT,DT,DEF,1,Tai Newhouse,SR,False,True
Tulsa,NT,DT,DEF,2,Tyler Rich,JR,False,True
Tulsa,DT,DT,DEF,1,Jaylen George,SR,True,True
Tulsa,DT,DT,DEF,2,Arias Nash,SR,True,True
Tulsa,DT,DT,DEF,3,Dailen Howard,SR,True,False
Tulsa,RDE,EDGE,DEF,1,Thomas Davis,SR,True,True
Tulsa,RDE,EDGE,DEF,2,Hudson Ball,SO,False,False
Tulsa,WLB,LB,DEF,1,William Alexander,SR,False,True
Tulsa,WLB,LB,DEF,2,C.J. Turner,JR,False,True
Tulsa,WLB,LB,DEF,3,Dax Collins,JR,False,False
Tulsa,MLB,LB,DEF,1,Devin Hightower,GR,True,False
Tulsa,MLB,LB,DEF,2,Chris Thompson Jr.,GR,True,False
Tulsa,STAR,CB,DEF,1,Devin Robinson,JR,False,True
Tulsa,STAR,CB,DEF,2,Zane Woodham,SR,True,True
Tulsa,STAR,CB,DEF,3,Ty Williams,SR,True,True
Tulsa,LCB,CB,DEF,1,Caldra Williford,SR,True,True
Tulsa,LCB,CB,DEF,2,NuNu Campbell,SR,False,True
Tulsa,LCB,CB,DEF,3,Willie Goodwyn,SO,True,True
Tulsa,SS,SAF,DEF,1,Zach Williams,JR,False,False
Tulsa,SS,SAF,DEF,2,Ashton Williams,JR,False,False
Tulsa,FS,SAF,DEF,1,Rylan Leathers,SO,True,True
Tulsa,FS,SAF,DEF,2,Tyson Williams,SR,True,False
Tulsa,FS,SAF,DEF,3,Dedaunte Scott,SO,False,True
Tulsa,RCB,CB,DEF,1,Elijah Green,JR,False,False
Tulsa,RCB,CB,DEF,2,JD Drew,SR,True,True
Tulsa,RCB,CB,DEF,3,Korbyn Green,SR,True,True
UAB,WR-X,WR,OFF,1,Kaleb Brown,SR,True,True
UAB,WR-X,WR,OFF,2,EJ Reid,SO,True,True
UAB,WR-Z,WR,OFF,1,CJ Smith,SR,True,True
UAB,WR-Z,WR,OFF,2,Jaylen Elder,SO,False,False
UAB,WR-Z,WR,OFF,3,AJ Johnson,GR,True,False
UAB,WR-SL,WR,OFF,1,Ty Mims,SR,True,True
UAB,WR-SL,WR,OFF,2,KJ Daniels,SO,True,True
UAB,WR-SL,WR,OFF,3,Brogan McNab,FR,False,False
UAB,LT,OL,OFF,1,Payton Kirkland,JR,True,True
UAB,LT,OL,OFF,2,Keyon Cox,JR,True,True
UAB,LG,OL,OFF,1,Calib Perez,SR,True,True
UAB,LG,OL,OFF,2,Nelson Ramirez,JR,True,True
UAB,C,OL,OFF,1,Adam Lepkowski,GR,False,False
UAB,C,OL,OFF,2,Jaden Ligon,SO,False,True
UAB,RG,OL,OFF,1,Barry Walker,SO,False,True
UAB,RG,OL,OFF,2,Cooper Young,JR,True,True
UAB,RT,OL,OFF,1,Kyrik Mason,GR,True,False
UAB,RT,OL,OFF,2,Ryan Gunter,SR,False,True
UAB,TE,TE,OFF,1,Antonio Ferguson,JR,True,True
UAB,TE,TE,OFF,2,Sean Persson,SO,True,True
UAB,TE,TE,OFF,3,Scott Isacks,SR,True,True
UAB,QB,QB,OFF,1,Ryder Burton,JR,True,True
UAB,QB,QB,OFF,2,Adrian Posse,SO,False,True
UAB,QB,QB,OFF,3,Adrian Posse,SO,False,True
UAB,RB,RB,OFF,1,Rod Robinson II,JR,True,True
UAB,RB,RB,OFF,2,Bam McReynolds,SR,True,True
UAB,RB,RB,OFF,3,Ja'Vin Simpkins,JR,True,True
UAB,LDE,EDGE,DEF,1,Noah Nelson,SR,True,True
UAB,LDE,EDGE,DEF,2,Chris Burge,SO,False,True
UAB,LDE,EDGE,DEF,3,Tylin Jackson,JR,True,True
UAB,NT,DT,DEF,1,Cam Cunningham,SR,True,True
UAB,NT,DT,DEF,2,Raymond Macias,SO,True,True
UAB,NT,DT,DEF,3,Sterling Sanders,FR,True,True
UAB,DT,DT,DEF,1,Chris Spencer,SR,True,True
UAB,DT,DT,DEF,2,Kyle Mosley,SO,False,True
UAB,DT,DT,DEF,3,Elijah Hall,SR,True,True
UAB,RDE,EDGE,DEF,1,Blanche Gold,SR,True,True
UAB,RDE,EDGE,DEF,2,Marlin Dean,GR,True,False
UAB,RDE,EDGE,DEF,3,J'Quan Mason,SO,False,True
UAB,WLB,LB,DEF,1,Ike Esonwune,JR,True,True
UAB,WLB,LB,DEF,2,Colby Archie,JR,True,False
UAB,WLB,LB,DEF,3,Mantrez Walker,FR,True,True
UAB,MLB,LB,DEF,1,Muaaz Byard,SR,True,True
UAB,MLB,LB,DEF,2,Braden Sullivan,SR,True,False
UAB,LCB,CB,DEF,1,Delvon Gulley,JR,True,False
UAB,LCB,CB,DEF,2,Que Billingsley,JR,True,True
UAB,LCB,CB,DEF,3,Isaiah Crozier,JR,True,True
UAB,SS,SAF,DEF,1,Jeremiah Jordan,SR,True,True
UAB,SS,SAF,DEF,2,Diezel Wilkinson,JR,True,False
UAB,FS,SAF,DEF,1,Jotavian Pierce,FR,True,True
UAB,FS,SAF,DEF,2,Jaylen Thompson,SO,True,True
UAB,RCB,CB,DEF,1,Darrell Sweeting,JR,True,True
UAB,RCB,CB,DEF,2,Courage Ugochukwu,SR,True,True
UAB,RCB,CB,DEF,3,Guylijah Theodule,JR,True,False
UAB,NB,CB,DEF,1,Anta'Veon McKenzie,JR,True,True
UCLA,WR-X,WR,OFF,1,Leland Smith,SR,True,False
UCLA,WR-X,WR,OFF,2,Aidan Mizell,JR,True,True
UCLA,WR-X,WR,OFF,3,Marcus Harris,FR,True,True
UCLA,WR-Z,WR,OFF,1,Landon Ellis,SR,True,False
UCLA,WR-Z,WR,OFF,2,Brian Rowe Jr.,SO,True,False
UCLA,WR-SL,WR,OFF,1,Mikey Matthews,SR,True,False
UCLA,WR-SL,WR,OFF,2,Semaj Morgan,SR,True,False
UCLA,WR-SL,WR,OFF,3,Jackson Meehan,SR,True,True
UCLA,LT,OL,OFF,1,Jordan Davis,SR,True,True
UCLA,LT,OL,OFF,2,Mack Indestad,SR,True,True
UCLA,LT,OL,OFF,3,Jensen Somerville,SO,False,True
UCLA,LG,OL,OFF,1,Eugene Brooks,SO,True,True
UCLA,LG,OL,OFF,2,Sean Na'a,JR,True,True
UCLA,LG,OL,OFF,3,Nehemiah Johnson,FR,False,True
UCLA,C,OL,OFF,1,Riley Robell,JR,True,True
UCLA,C,OL,OFF,2,Sam Yoon,SR,False,True
UCLA,RG,OL,OFF,1,Carter Sweazie,SR,True,True
UCLA,RG,OL,OFF,2,Derek Osman,SR,True,True
UCLA,RG,OL,OFF,3,Julian Armella,SR,True,True
UCLA,RT,OL,OFF,1,Hall Schmidt,SR,True,True
UCLA,RT,OL,OFF,2,Michael McDonald,SO,True,False
UCLA,RT,OL,OFF,3,JD Rayner,FR,True,True
UCLA,TE,TE,OFF,1,Joshua Phifer,JR,True,True
UCLA,TE,TE,OFF,2,Brayden Loftin,SR,True,True
UCLA,TE,TE,OFF,3,Harry Lodge,SR,True,True
UCLA,QB,QB,OFF,1,Nico Iamaleava,JR,True,True
UCLA,QB,QB,OFF,2,Madden Iamaleava,FR,False,True
UCLA,QB,QB,OFF,3,Colton Gumino,FR,False,True
UCLA,RB,RB,OFF,1,Wayne Knight,SR,True,True
UCLA,RB,RB,OFF,2,Anthony Woods,SR,True,True
UCLA,RB,RB,OFF,3,Jaivian Thomas,SR,True,False
UCLA,LDE,EDGE,DEF,1,Sahir West,SO,True,True
UCLA,LDE,EDGE,DEF,2,Amier Washington,JR,True,True
UCLA,LDE,EDGE,DEF,3,Lucien Holland,FR,False,True
UCLA,LDT,DT,DEF,1,Maxwell Roy,FR,True,True
UCLA,LDT,DT,DEF,2,A.J. Fuimaono,JR,False,True
UCLA,LDT,DT,DEF,3,Gavin Blum,SO,True,False
UCLA,RDT,DT,DEF,1,Tyson Ford,JR,True,True
UCLA,RDT,DT,DEF,2,Darold DeNgohe,JR,True,True
UCLA,RDT,DT,DEF,3,Ashton Sanders,JR,True,True
UCLA,RDE,EDGE,DEF,1,Aiden Gobaira,SR,True,True
UCLA,RDE,EDGE,DEF,2,Ryan McCulloch,JR,True,True
UCLA,RDE,EDGE,DEF,3,Jewelous Walls,SO,False,False
UCLA,WLB,LB,DEF,1,Jalen Woods,SR,False,True
UCLA,WLB,LB,DEF,2,Donavyn Pellot,JR,False,True
UCLA,WLB,LB,DEF,3,Scott Taylor,SO,False,False
UCLA,MLB,LB,DEF,1,Sammy Omosigho,SR,True,False
UCLA,MLB,LB,DEF,2,Drew Spinogatti,SR,True,False
UCLA,MLB,LB,DEF,3,Anthony Sacca,FR,True,True
UCLA,LCB,CB,DEF,1,Scooter Jackson,SR,True,False
UCLA,LCB,CB,DEF,2,Dante Lovett,JR,True,True
UCLA,LCB,CB,DEF,3,Jhase McMillan,SO,True,True
UCLA,SS,SAF,DEF,1,Cole Martin,JR,True,True
UCLA,SS,SAF,DEF,2,Ta'Shawn James,JR,True,True
UCLA,FS,SAF,DEF,1,Tao Johnson,SR,True,True
UCLA,FS,SAF,DEF,2,Malik Hartford,JR,True,True
UCLA,FS,SAF,DEF,3,Aaron Williams,JR,True,True
UCLA,RCB,CB,DEF,1,Rodrick Pleasant,JR,True,True
UCLA,RCB,CB,DEF,2,Robert Stafford III,JR,True,True
UCLA,RCB,CB,DEF,3,Jamier Johnson,SR,True,True
UCLA,NB,CB,DEF,1,DJ Barksdale,SR,True,False
UNLV,WR-X,WR,OFF,1,Amorion Walker,SR,True,True
UNLV,WR-X,WR,OFF,2,Taz Reddicks,JR,True,True
UNLV,WR-X,WR,OFF,3,Tavian McNair,FR,False,True
UNLV,WR-Z,WR,OFF,1,Taeshaun Lyons,JR,True,True
UNLV,WR-Z,WR,OFF,2,Kayden McGee,SO,False,True
UNLV,WR-Z,WR,OFF,3,Cassidee Miles,FR,False,True
UNLV,WR-SL,WR,OFF,1,DeAngelo Irvin Jr.,SR,False,False
UNLV,WR-SL,WR,OFF,2,Troy Stellato,SR,True,True
UNLV,WR-SL,WR,OFF,3,Peyton Zachary,FR,False,False
UNLV,LT,OL,OFF,1,Will Thomas,SR,True,True
UNLV,LT,OL,OFF,2,Jesus Garcia II,FR,False,False
UNLV,LT,OL,OFF,3,Ed Haynes,JR,False,True
UNLV,LG,OL,OFF,1,Griffin Scroggs,SR,True,True
UNLV,LG,OL,OFF,2,Colton Thomasson,JR,True,True
UNLV,LG,OL,OFF,3,Eli Sanchez,FR,False,False
UNLV,C,OL,OFF,1,Austin Boyd,SR,False,False
UNLV,C,OL,OFF,2,Amare Taase,SO,False,True
UNLV,RG,OL,OFF,1,BJ Tolo,JR,True,True
UNLV,RG,OL,OFF,2,Joe Metzger,SR,True,True
UNLV,RG,OL,OFF,3,Chrysanthos Fetokakis,FR,False,True
UNLV,RT,OL,OFF,1,Jackson Brown,SR,True,True
UNLV,RT,OL,OFF,2,Mateo Bilaver,FR,False,False
UNLV,RT,OL,OFF,3,Malik White,FR,False,False
UNLV,TE,TE,OFF,1,Keyan Burnett,SR,True,True
UNLV,TE,TE,OFF,2,Matt Byrnes,SR,True,True
UNLV,TE,TE,OFF,3,Jae Beasley II,JR,False,False
UNLV,QB,QB,OFF,1,Jackson Arnold,SR,True,False
UNLV,QB,QB,OFF,2,Alex Orji,SR,True,True
UNLV,QB,QB,OFF,3,Derek Garcia,FR,False,False
UNLV,RB,RB,OFF,1,Jai'Den Thomas,SR,False,False
UNLV,RB,RB,OFF,2,Jaylon Glover,SR,True,True
UNLV,RB,RB,OFF,3,Darrien Jones,JR,False,True
UNLV,LDE,EDGE,DEF,1,Landen Thomas,JR,True,True
UNLV,LDE,EDGE,DEF,2,Andre Porter,SO,False,True
UNLV,LDE,EDGE,DEF,3,Prin Fox,FR,False,False
UNLV,LDT,DT,DEF,1,Herb Gray,SO,True,True
UNLV,LDT,DT,DEF,2,Eliah Logo,FR,False,True
UNLV,LDT,DT,DEF,3,Poe Purcell,FR,False,False
UNLV,RDT,DT,DEF,1,Lucas Conti,JR,False,True
UNLV,RDT,DT,DEF,2,Mo Abbasher,SO,True,True
UNLV,RDT,DT,DEF,3,Mohamed Altayeb,SR,True,True
UNLV,RDE,EDGE,DEF,1,Elias Rudolph,SO,True,True
UNLV,RDE,EDGE,DEF,2,Kenji Scanlan,FR,False,True
UNLV,RDE,EDGE,DEF,3,Cole Albrecht,FR,False,False
UNLV,WLB,LB,DEF,1,Blesyng Alualu-Tuiolemotu,JR,False,True
UNLV,WLB,LB,DEF,2,Dee Crayton,JR,True,True
UNLV,WLB,LB,DEF,3,Mark Iheanachor,FR,True,True
UNLV,MLB,LB,DEF,1,Cam Santee,SR,True,False
UNLV,MLB,LB,DEF,2,Kamuela Ka'aihue,SR,True,False
UNLV,MLB,LB,DEF,3,Justin Flowe,SR,True,True
UNLV,LCB,CB,DEF,1,Quandarius Keyes,SR,True,False
UNLV,LCB,CB,DEF,2,Tony-Louis Nkuba,SO,True,True
UNLV,LCB,CB,DEF,3,Jaylen Allen,SO,False,True
UNLV,SS,SAF,DEF,1,Jake Pope,SR,True,True
UNLV,SS,SAF,DEF,2,Landyn Cleveland,JR,True,False
UNLV,FS,SAF,DEF,1,Tre Fulton,SO,False,True
UNLV,FS,SAF,DEF,2,Logan Christensen,SO,False,False
UNLV,RCB,CB,DEF,1,Avery Helm,SR,True,True
UNLV,RCB,CB,DEF,2,Denver Harris,SR,True,True
UNLV,NB,CB,DEF,1,Mumu Bin-Wahad,SR,True,True
UNLV,NB,CB,DEF,2,Kyron Chambers,SR,True,True
UNLV,NB,CB,DEF,3,Joshua Tuchek,FR,False,True
USC,WR-X,WR,OFF,1,Terrell Anderson,JR,True,False
USC,WR-X,WR,OFF,2,Corey Simms,SO,False,False
USC,WR-X,WR,OFF,3,Ethan Feaster,FR,False,False
USC,WR-Z,WR,OFF,1,Tanook Hines,SO,False,False
USC,WR-Z,WR,OFF,2,Kayden Dixon-Wyatt,FR,False,False
USC,WR-SL,WR,OFF,1,Zacharyus Williams,SO,True,True
USC,WR-SL,WR,OFF,2,Trent Mosley,FR,False,False
USC,LT,OL,OFF,1,Elijah Paige,JR,False,True
USC,LT,OL,OFF,2,Elijah Vaikona,FR,False,True
USC,LT,OL,OFF,3,Aaron Dunn,FR,False,True
USC,LG,OL,OFF,1,Tobias Raymond,JR,False,True
USC,LG,OL,OFF,2,Hayden Treter,SO,False,True
USC,C,OL,OFF,1,Kilian O'Connor,SR,False,True
USC,C,OL,OFF,2,Willi Wascher,FR,False,True
USC,C,OL,OFF,3,Kannon Smith,FR,False,False
USC,RG,OL,OFF,1,Alani Noa,SR,False,False
USC,RG,OL,OFF,2,Kaylon Miller,SO,False,True
USC,RT,OL,OFF,1,Justin Tauanuu,SO,False,True
USC,RT,OL,OFF,2,Keenyi Pepe,FR,False,False
USC,TE,TE,OFF,1,Mark Bowman,FR,False,False
USC,TE,TE,OFF,2,Tucker Ashcraft,JR,True,True
USC,TE,TE,OFF,3,Carson Tabaracci,SR,True,True
USC,QB,QB,OFF,1,Jayden Maiava,SR,True,True
USC,QB,QB,OFF,2,Sam Huard,SR,True,True
USC,QB,QB,OFF,3,Jonas Williams,FR,False,False
USC,RB,RB,OFF,1,Waymond Jordan,SR,True,False
USC,RB,RB,OFF,2,King Miller,SO,False,True
USC,RB,RB,OFF,3,Riley Wormley,FR,False,True
USC,LDE,EDGE,DEF,1,Braylan Shelby,SR,False,False
USC,LDE,EDGE,DEF,2,Jadyn Ramos,FR,False,True
USC,LDE,EDGE,DEF,3,Luke Wafle,FR,False,False
USC,NT,DT,DEF,1,Alex VanSumeren,SR,True,True
USC,NT,DT,DEF,2,Jamaal Jarrett,JR,True,True
USC,NT,DT,DEF,3,Jaimeon Winfield,FR,False,False
USC,DT,DT,DEF,1,Jide Abasiri,JR,False,False
USC,DT,DT,DEF,2,Jahkeem Stewart,SO,False,False
USC,DT,DT,DEF,3,Floyd Boucard,SO,False,False
USC,RDE,EDGE,DEF,1,Kameryn Crawford,JR,False,False
USC,RDE,EDGE,DEF,2,Zuriah Fisher,SR,True,True
USC,WLB,LB,DEF,1,Deven Bryant,JR,True,True
USC,WLB,LB,DEF,2,Jadyn Walker,SO,False,True
USC,WLB,LB,DEF,3,Ta'Mere Robinson,JR,True,True
USC,MLB,LB,DEF,1,Desman Stephens II,JR,False,False
USC,MLB,LB,DEF,2,Elijah Newby,SO,False,True
USC,MLB,LB,DEF,3,Talanoa Ili,FR,False,False
USC,LCB,CB,DEF,1,Marcelles Williams,SO,False,True
USC,LCB,CB,DEF,2,Chasen Johnson,SO,True,True
USC,LCB,CB,DEF,3,RJ Sermons,FR,False,True
USC,SS,SAF,DEF,1,Kennedy Urlacher,JR,True,False
USC,SS,SAF,DEF,2,Kendarius Reddick,SO,False,False
USC,SS,SAF,DEF,3,Isaiah Rubin,SO,False,True
USC,FS,SAF,DEF,1,Christian Pierce,SR,False,False
USC,FS,SAF,DEF,2,Marquis Gallegos,SO,False,True
USC,RCB,CB,DEF,1,Jontez Williams,SR,True,True
USC,RCB,CB,DEF,2,Trestin Castro,FR,False,True
USC,RCB,CB,DEF,3,Elbert Hill IV,FR,False,False
USC,NB,CB,DEF,1,Alex Graham,FR,False,True
USC,NB,CB,DEF,2,Prophet Brown,SR,False,True
UTEP,WR-X,WR,OFF,1,Carver Cheeks,SR,True,False
UTEP,WR-X,WR,OFF,2,Jeremiah Nash,JR,True,False
UTEP,WR-X,WR,OFF,3,Mason Ferguson,SO,True,True
UTEP,WR-Z,WR,OFF,1,Jaylan Brown,SO,True,True
UTEP,WR-Z,WR,OFF,2,Rafeald Campbell,SO,False,True
UTEP,WR-Z,WR,OFF,3,Carmelo Taylor,JR,True,True
UTEP,WR-SL,WR,OFF,1,Jaden Smith,SR,True,True
UTEP,WR-SL,WR,OFF,2,Royal Capell,SO,True,False
UTEP,WR-SL,WR,OFF,3,Marcus Torres,SO,False,True
UTEP,LT,OL,OFF,1,Jaymon Lamb,JR,True,True
UTEP,LT,OL,OFF,2,Isaiah Maumalanga,SR,True,True
UTEP,LG,OL,OFF,1,Jackson Bradley,SR,True,True
UTEP,LG,OL,OFF,2,Rashad Smith,JR,True,False
UTEP,C,OL,OFF,1,Brian Williams Jr.,SO,True,True
UTEP,C,OL,OFF,2,Jayden Trapp,SO,True,True
UTEP,RG,OL,OFF,1,Omoruyi Aliu-Otokiti,JR,True,False
UTEP,RG,OL,OFF,2,Diego De La Cruz,FR,False,True
UTEP,RT,OL,OFF,1,Tyler Roberts,FR,False,True
UTEP,RT,OL,OFF,2,Juan Camacho Jr.,SR,False,True
UTEP,TE,TE,OFF,1,Judah Ezinwa,SR,True,True
UTEP,TE,TE,OFF,2,Cash Cheeks,JR,True,True
UTEP,TE,TE,OFF,3,Chance Bell,JR,True,False
UTEP,QB,QB,OFF,1,EJ Colson,SO,True,True
UTEP,QB,QB,OFF,2,Raymond Moore III,SO,True,True
UTEP,QB,QB,OFF,3,Chad Warner,FR,False,True
UTEP,RB,RB,OFF,1,Tavorus Jones,SR,True,True
UTEP,RB,RB,OFF,2,Kam Thomas,SR,True,True
UTEP,RB,RB,OFF,3,Elijah McCoy,SO,False,False
UTEP,DE,EDGE,DEF,1,Shakaun Bowser,SR,True,True
UTEP,DE,EDGE,DEF,2,Leander Parrish,FR,False,True
UTEP,DE,EDGE,DEF,3,Jaxon Smith,SO,False,False
UTEP,NT,DT,DEF,1,Ashton Coker,JR,False,False
UTEP,NT,DT,DEF,2,Jerrell Brasher,JR,True,False
UTEP,DT,DT,DEF,1,Preston Hickey,SR,True,True
UTEP,DT,DT,DEF,2,Elijah Fields,SR,True,False
UTEP,BAN,EDGE,DEF,1,Sterling Miles,SR,True,True
UTEP,BAN,EDGE,DEF,2,Ekow Taylor,JR,False,False
UTEP,WLB,LB,DEF,1,Jayden Wilson,SR,True,False
UTEP,WLB,LB,DEF,2,Vashon Brunswick II,SO,False,False
UTEP,MLB,LB,DEF,1,Isaiah Bogerty,SR,True,True
UTEP,MLB,LB,DEF,2,Shay Smith,SO,False,True
UTEP,SPUR,CB,DEF,1,LaTristan Thompson,SO,True,True
UTEP,SPUR,CB,DEF,2,Dylan Brown-Turner,JR,True,True
UTEP,SPUR,CB,DEF,3,Grant Stewart,FR,False,True
UTEP,LCB,CB,DEF,1,Justin Content,JR,False,False
UTEP,LCB,CB,DEF,2,Kaleb Miles,JR,True,False
UTEP,LCB,CB,DEF,3,Decorian Thompson,FR,False,False
UTEP,SS,SAF,DEF,1,Kode Lowe,SR,True,True
UTEP,SS,SAF,DEF,2,Esteban Guillory,SR,True,False
UTEP,SS,SAF,DEF,3,Darnell Williams,SO,False,False
UTEP,FS,SAF,DEF,1,Xavier Smith,SR,True,True
UTEP,FS,SAF,DEF,2,Donavan Howard,SR,True,True
UTEP,FS,SAF,DEF,3,Allen Gant,FR,False,True
UTEP,RCB,CB,DEF,1,TJ Tillman,SO,False,False
UTEP,RCB,CB,DEF,2,Darien Fantroy,FR,False,True
UTSA,WR-X,WR,OFF,1,AJ Wilson,SR,True,True
UTSA,WR-X,WR,OFF,2,Jamel Hardy Jr.,JR,False,True
UTSA,WR-Z,WR,OFF,1,TJ West,JR,True,True
UTSA,WR-Z,WR,OFF,2,James Madison II,SO,True,True
UTSA,WR-F,WR,OFF,1,David Amador II,JR,False,True
UTSA,WR-F,WR,OFF,2,DJ Allen Jr.,SR,True,True
UTSA,WR-F,WR,OFF,3,Mekhi Anderson,SO,False,True
UTSA,LT,OL,OFF,1,Jonah Miller,SR,True,True
UTSA,LT,OL,OFF,2,A'marion Breland,FR,False,True
UTSA,LG,OL,OFF,1,Devron Williams Jr.,SO,True,True
UTSA,C,OL,OFF,1,Ben Rios,SR,False,True
UTSA,C,OL,OFF,2,Luke Lapeze,SR,False,True
UTSA,RG,OL,OFF,1,Darrell Jones,SR,True,True
UTSA,RG,OL,OFF,2,Davion Hurth,SO,False,True
UTSA,RT,OL,OFF,1,Deandre Marshall,SR,False,True
UTSA,RT,OL,OFF,2,Jaylen Garth,SR,True,True
UTSA,TE-Y,TE,OFF,1,Brandon Young Jr.,JR,True,False
UTSA,TE-Y,TE,OFF,2,Miles Campbell,SR,True,True
UTSA,TE-Y,TE,OFF,3,Isaiah Butler-Tanner,FR,False,True
UTSA,QB,QB,OFF,1,Owen McCown,SR,True,True
UTSA,QB,QB,OFF,2,Brandon Tennison,JR,False,True
UTSA,QB,QB,OFF,3,Max Gerlich,FR,False,True
UTSA,RB,RB,OFF,1,Will Henderson III,SO,False,True
UTSA,RB,RB,OFF,2,Brandon High Jr.,JR,True,True
UTSA,RB,RB,OFF,3,A'Marion Peterson,JR,True,True
UTSA,DE,EDGE,DEF,1,Jeremiah Bailey,SR,True,True
UTSA,DE,EDGE,DEF,2,Drenon Fite III,SR,True,True
UTSA,DE,EDGE,DEF,3,Eddy Smith,SO,True,True
UTSA,NT,DT,DEF,1,Jameian Buxton,SR,False,False
UTSA,NT,DT,DEF,2,Jusiah Sampleton,SR,True,False
UTSA,NT,DT,DEF,3,Donald Quaite Jr.,JR,False,True
UTSA,DT,DT,DEF,1,Tai Leonard,SR,False,True
UTSA,DT,DT,DEF,2,Johnny Bowens III,JR,True,True
UTSA,WLB,LB,DEF,1,Elijah Baldwin,SO,True,True
UTSA,WLB,LB,DEF,2,Dylan Spencer,JR,True,True
UTSA,WLB,LB,DEF,3,Camron Cooper,SR,False,True
UTSA,JACK,EDGE,DEF,1,Owen Pewee,SR,False,True
UTSA,JACK,EDGE,DEF,2,James Walley Jr.,JR,False,True
UTSA,MLB,LB,DEF,1,Brandon Tucker,SR,True,True
UTSA,MLB,LB,DEF,2,Darion White,SR,True,True
UTSA,MLB,LB,DEF,3,Eze Osondu,SO,True,True
UTSA,MONEY,CB,DEF,1,Archie Chambers,JR,True,False
UTSA,MONEY,CB,DEF,2,Bryce Grays,SR,True,True
UTSA,MONEY,CB,DEF,3,Chris Bryson II,JR,False,True
UTSA,LCB,CB,DEF,1,Ahamad Chapman,SO,True,True
UTSA,LCB,CB,DEF,2,Jakevian Rodgers,JR,False,True
UTSA,LCB,CB,DEF,3,Zach Morris,SR,True,True
UTSA,SS,SAF,DEF,1,Xavier Walton,SR,True,True
UTSA,SS,SAF,DEF,2,Marcellus Wilkerson,SR,True,True
UTSA,FS,SAF,DEF,1,Nate Robinson Jr.,JR,True,False
UTSA,FS,SAF,DEF,2,Elijah Newell,SO,False,True
UTSA,FS,SAF,DEF,3,Joel Rogers,SO,True,True
UTSA,RCB,CB,DEF,1,Asaad Chapman,SO,True,True
UTSA,RCB,CB,DEF,2,Lawrence Brown Jr.,JR,True,True
Utah,WR-X,WR,OFF,1,Larry Simmons,SR,True,True
Utah,WR-X,WR,OFF,2,Tobias Merriweather,SR,True,True
Utah,WR-X,WR,OFF,3,Daidren Zipperer,JR,False,True
Utah,WR-Z,WR,OFF,1,Braden Pegan,SR,True,True
Utah,WR-Z,WR,OFF,2,Ricky Johnson,SO,True,True
Utah,WR-SL,WR,OFF,1,Kyri Shoels,SR,True,True
Utah,WR-SL,WR,OFF,2,Creed Whittemore,JR,True,True
Utah,LT,OL,OFF,1,Zereoue Williams,GR,False,False
Utah,LT,OL,OFF,2,Kelvin Obot,FR,False,False
Utah,LG,OL,OFF,1,Solatoa Moea'i,SR,False,False
Utah,LG,OL,OFF,2,Reece Parmenter,SO,False,True
Utah,C,OL,OFF,1,Alex Harrison,GR,False,False
Utah,C,OL,OFF,2,Isaiah Kema,FR,True,True
Utah,RG,OL,OFF,1,Keith Olson,SR,False,True
Utah,RG,OL,OFF,2,Roger Alderman,JR,False,True
Utah,RT,OL,OFF,1,Cedric Jefferson,JR,True,True
Utah,RT,OL,OFF,2,Isaiah Garcia,SO,False,True
Utah,TE,TE,OFF,1,Hunter Andrews,SO,False,True
Utah,TE,TE,OFF,2,Noah Bennee,SR,True,True
Utah,TE,TE,OFF,3,Will Monney,JR,True,True
Utah,QB,QB,OFF,1,Devon Dampier,SR,True,False
Utah,QB,QB,OFF,2,Byrd Ficklin,SO,False,False
Utah,RB,RB,OFF,1,Wayshawn Parker,JR,True,False
Utah,RB,RB,OFF,2,Daniel Bray,SO,False,False
Utah,RB,RB,OFF,3,Steve Chavez-Soto,SO,True,False
Utah,LDE,EDGE,DEF,1,Lance Holtzclaw,SR,True,True
Utah,LDE,EDGE,DEF,2,Paul Fitzgerald,SR,True,True
Utah,LDT,DT,DEF,1,Karson Kaufusi,SO,False,False
Utah,LDT,DT,DEF,2,Jireh Moe,SO,True,False
Utah,LDT,DT,DEF,3,Jamal Wallace,SR,True,True
Utah,RDT,DT,DEF,1,Pupu Sepulona,SO,False,False
Utah,RDT,DT,DEF,2,Lucas Samsula,JR,True,True
Utah,RDT,DT,DEF,3,Mike Tauteoli,SO,False,True
Utah,RDE,EDGE,DEF,1,Ethan Day,SR,True,True
Utah,RDE,EDGE,DEF,2,Kash Dillon,SO,False,True
Utah,RDE,EDGE,DEF,3,Alex Cloward,SO,False,True
Utah,ROVER,SAF,DEF,1,Cyrus Polu,SO,False,False
Utah,ROVER,SAF,DEF,2,Trey Reynolds,SR,False,False
Utah,ROVER,SAF,DEF,3,Brock Fonoimoana,SO,False,False
Utah,MAC,LB,DEF,1,Johnathan Hall,SR,False,False
Utah,MAC,LB,DEF,2,Elijah Elliss,SO,False,True
Utah,MAC,LB,DEF,3,Tayson Reid,SO,True,False
Utah,LCB,CB,DEF,1,Elijah Davis,SR,False,True
Utah,LCB,CB,DEF,2,JC Hart,JR,True,True
Utah,SS,SAF,DEF,1,Rabbit Evans,SR,True,True
Utah,SS,SAF,DEF,2,Nate Tilmon,SO,False,False
Utah,FS,SAF,DEF,1,Nate Ritchie,SR,False,False
Utah,FS,SAF,DEF,2,Jackson Bennee,SO,False,True
Utah,FS,SAF,DEF,3,Marcus Wimberly,FR,True,True
Utah,RCB,CB,DEF,1,Elijah Reed,SR,True,True
Utah,RCB,CB,DEF,2,James Chenault,JR,True,False
Utah,NB,CB,DEF,1,Rock Caldwell,SR,True,True
Utah State,WR-X,WR,OFF,1,Anthony Garcia,JR,True,True
Utah State,WR-X,WR,OFF,2,Eli Wood,GR,True,False
Utah State,WR-X,WR,OFF,3,Rex Haynes,SR,True,True
Utah State,WR-Z,WR,OFF,1,Demick Starling,GR,True,False
Utah State,WR-Z,WR,OFF,2,Ty Olsen,FR,False,True
Utah State,WR-SL,WR,OFF,1,Javon Robinson,SR,True,False
Utah State,WR-SL,WR,OFF,2,LJ Johnson Jr.,SO,True,True
Utah State,WR-SL,WR,OFF,3,Nikko Boncore,FR,False,True
Utah State,LT,OL,OFF,1,John Randle Jr.,SO,True,True
Utah State,LT,OL,OFF,2,Chewy Wade,SO,True,True
Utah State,LT,OL,OFF,3,Jared Smith,FR,False,True
Utah State,LG,OL,OFF,1,George Maile,SR,True,True
Utah State,LG,OL,OFF,2,Kadin Lynch,SR,True,True
Utah State,LG,OL,OFF,3,Kauasi Hansen,FR,False,True
Utah State,C,OL,OFF,1,Jimmy Liston,JR,True,True
Utah State,RG,OL,OFF,1,Tavo Motu'apuaka,SR,False,True
Utah State,RG,OL,OFF,2,K'leyone Iosua,JR,False,True
Utah State,RT,OL,OFF,1,Seth Wilfred,JR,True,True
Utah State,RT,OL,OFF,2,Jackson Nelson,SO,True,True
Utah State,TE,TE,OFF,1,Kache Kaio,JR,True,False
Utah State,TE,TE,OFF,2,Preston McDaniel,FR,False,False
Utah State,TE,TE,OFF,3,Jude Nelson,FR,False,False
Utah State,QB,QB,OFF,1,McCae Hillstead,JR,True,True
Utah State,QB,QB,OFF,2,Kaleb Maryland,FR,False,False
Utah State,QB,QB,OFF,3,Grady Brosterhous,GR,True,False
Utah State,RB,RB,OFF,1,Javen Jacobs,SR,True,True
Utah State,RB,RB,OFF,2,Sesi Vailahi,JR,True,True
Utah State,RB,RB,OFF,3,Noah White,SO,False,False
Utah State,FB,RB,OFF,1,Collin Remenowksy,SR,True,False
Utah State,FB,RB,OFF,2,Stockton Pyne,SO,False,True
Utah State,DE,EDGE,DEF,1,Carson Tujague,SO,True,True
Utah State,DE,EDGE,DEF,2,Kasen Long,SO,True,True
Utah State,NT,DT,DEF,1,Ta'avili Tuitama,SR,True,True
Utah State,NT,DT,DEF,2,Quincy Wright,SR,True,True
Utah State,DT,DT,DEF,1,Tyree Morris,SR,True,True
Utah State,DT,DT,DEF,2,Ronnie Mageo,SR,True,True
Utah State,LOLB,LB,DEF,1,Jeremiah Holmes,SR,True,False
Utah State,LOLB,LB,DEF,2,Adonis Jackson,SR,True,False
Utah State,LOLB,LB,DEF,3,Tevita Tuha,SR,True,False
Utah State,LILB,LB,DEF,1,Bronson Olevao Jr.,SR,False,True
Utah State,LILB,LB,DEF,2,Asher Cunningham,JR,True,True
Utah State,LILB,LB,DEF,3,Dakota Howell,SO,False,False
Utah State,RILB,LB,DEF,1,Harrison Taggart,SR,True,True
Utah State,RILB,LB,DEF,2,Mataira Brown,JR,True,False
Utah State,ROLB,LB,DEF,1,Chris Joe,SO,False,False
Utah State,ROLB,LB,DEF,2,James Jennette,GR,True,False
Utah State,ROLB,LB,DEF,3,Jordan Pendleton,SR,True,True
Utah State,LCB,CB,DEF,1,Antonio Bluiett,SR,True,True
Utah State,LCB,CB,DEF,2,Marcus McKenzie,JR,True,True
Utah State,LCB,CB,DEF,3,Markie Grant,SO,True,True
Utah State,SS,SAF,DEF,1,Brevin Hamblin,SR,True,False
Utah State,SS,SAF,DEF,2,Charger Doty,SO,False,False
Utah State,FS,SAF,DEF,1,Chapman Lewis,JR,True,True
Utah State,FS,SAF,DEF,2,David Kabongo,SO,True,True
Utah State,RCB,CB,DEF,1,D'Angelo Mayes,JR,True,False
Utah State,RCB,CB,DEF,2,Kye Stokes,SR,True,True
Utah State,RCB,CB,DEF,3,John Shepard,JR,True,True
Utah State,NB,CB,DEF,1,Bryson Taylor,GR,True,False
Utah State,NB,CB,DEF,2,Bobby Arnold,SR,True,True
Vanderbilt,WR-X,WR,OFF,1,Brycen Coleman,SO,False,True
Vanderbilt,WR-X,WR,OFF,2,Ja'Cory Thomas,SR,True,False
Vanderbilt,WR-X,WR,OFF,3,Cameran Dickson,FR,False,True
Vanderbilt,WR-Z,WR,OFF,1,Junior Sherrill,SR,False,False
Vanderbilt,WR-Z,WR,OFF,2,Joseph McVay,SO,False,True
Vanderbilt,WR-Z,WR,OFF,3,Kahden Smith,FR,False,False
Vanderbilt,WR-SL,WR,OFF,1,Cole Adams,JR,True,True
Vanderbilt,WR-SL,WR,OFF,2,Tristen Brown,JR,False,False
Vanderbilt,WR-SL,WR,OFF,3,Kayleb Barnett,SO,False,False
Vanderbilt,QT,OL,OFF,1,Beau Johnson,JR,True,True
Vanderbilt,QT,OL,OFF,2,Mitchell Smith,FR,False,False
Vanderbilt,QG,OL,OFF,1,Cade McConnell,SR,True,True
Vanderbilt,QG,OL,OFF,2,Gunner Givens,SR,True,True
Vanderbilt,QG,OL,OFF,3,Michael Smith,JR,True,False
Vanderbilt,C,OL,OFF,1,Lyndon Cooper,SR,True,True
Vanderbilt,C,OL,OFF,2,Keegan Wechsler,JR,False,True
Vanderbilt,SG,OL,OFF,1,Micah DeBose,FR,True,True
Vanderbilt,SG,OL,OFF,2,Kevo Wesley,GR,False,False
Vanderbilt,ST,OL,OFF,1,Orion Irving,SR,True,True
Vanderbilt,ST,OL,OFF,2,Clinton Azubuike,SO,True,True
Vanderbilt,TE,TE,OFF,1,Cole Spence,GR,False,False
Vanderbilt,TE,TE,OFF,2,Jayvontay Conner,JR,True,True
Vanderbilt,TE,TE,OFF,3,Maurice Veney,JR,True,True
Vanderbilt,QB,QB,OFF,1,Jared Curtis,FR,False,False
Vanderbilt,QB,QB,OFF,2,Blaze Berlowitz,JR,True,True
Vanderbilt,QB,QB,OFF,3,Whit Muschamp,SO,False,True
Vanderbilt,RB,RB,OFF,1,Sedrick Alexander,SR,False,False
Vanderbilt,RB,RB,OFF,2,Makhilyn Young,JR,True,True
Vanderbilt,RB,RB,OFF,3,Jamezell Lassiter,SO,False,True
Vanderbilt,LDE,EDGE,DEF,1,Brian Allen Jr.,GR,True,False
Vanderbilt,LDE,EDGE,DEF,2,Jake Stanish,FR,False,True
Vanderbilt,LDE,EDGE,DEF,3,CJ Jackson,SO,True,True
Vanderbilt,NT,DT,DEF,1,Yilanan Ouattara,GR,False,False
Vanderbilt,NT,DT,DEF,2,Talan Carter,JR,True,False
Vanderbilt,NT,DT,DEF,3,Mike Diatta,GR,True,False
Vanderbilt,DT,DT,DEF,1,Glenn Seabrooks III,JR,False,False
Vanderbilt,DT,DT,DEF,2,Jaylon Stone,JR,True,True
Vanderbilt,DT,DT,DEF,3,Bradley Mann,GR,False,False
Vanderbilt,RDE,EDGE,DEF,1,Miles Capers,GR,False,False
Vanderbilt,RDE,EDGE,DEF,2,Edwin Kolenge,GR,True,False
Vanderbilt,RDE,EDGE,DEF,3,Mason Carter,SO,False,True
Vanderbilt,WLB,LB,DEF,1,Bryan Longwell,SR,False,False
Vanderbilt,WLB,LB,DEF,2,Bryce Cowan,SR,False,True
Vanderbilt,WLB,LB,DEF,3,Jailen Ruth,JR,False,True
Vanderbilt,MLB,LB,DEF,1,Nick Rinaldi,GR,False,False
Vanderbilt,MLB,LB,DEF,2,Jamison Curtis,SO,False,True
Vanderbilt,MLB,LB,DEF,3,Austin Howard,SO,False,False
Vanderbilt,LCB,CB,DEF,1,Jordan Matthews,JR,True,True
Vanderbilt,LCB,CB,DEF,2,Cayden Daniels,FR,False,True
Vanderbilt,LCB,CB,DEF,3,Jaylin Davies,GR,True,False
Vanderbilt,SS,SAF,DEF,1,Ricardo Jones,JR,True,False
Vanderbilt,SS,SAF,DEF,2,Jalen Gilbert,JR,False,True
Vanderbilt,FS,SAF,DEF,1,Dontae Carter,JR,False,False
Vanderbilt,FS,SAF,DEF,2,Carson Lawrence,SO,False,False
Vanderbilt,RCB,CB,DEF,1,Martel Hight,SR,False,False
Vanderbilt,RCB,CB,DEF,2,Cobey Sellers,FR,True,True
Vanderbilt,NB,CB,DEF,1,CJ Heard,JR,True,False
Vanderbilt,NB,CB,DEF,2,Jaylin Lackey,JR,False,False
Virginia,WR-X,WR,OFF,1,Da'Shawn Martin,JR,True,False
Virginia,WR-X,WR,OFF,2,Dillon Newton-Short,SO,False,False
Virginia,WR-X,WR,OFF,3,TyLyric Coleman,JR,False,True
Virginia,WR-Z,WR,OFF,1,Rico Flores Jr.,GR,True,False
Virginia,WR-Z,WR,OFF,2,Isaiah Robinson,SO,False,False
Virginia,WR-Z,WR,OFF,3,Josiah Abdullah,FR,False,True
Virginia,WR-SL,WR,OFF,1,Kameron Courtney,JR,False,False
Virginia,WR-SL,WR,OFF,2,Jacquon Gibson,GR,True,False
Virginia,WR-SL,WR,OFF,3,Tyson Davis,GR,True,False
Virginia,LT,OL,OFF,1,McKale Boley,GR,False,False
Virginia,LT,OL,OFF,2,Ben York,SO,False,True
Virginia,LG,OL,OFF,1,Noah Josey,GR,False,False
Virginia,LG,OL,OFF,2,Cole Surber,JR,False,True
Virginia,LG,OL,OFF,3,Grayson Reid,FR,False,True
Virginia,C,OL,OFF,1,Drake Metcalf,GR,True,False
Virginia,C,OL,OFF,2,Ryan Brubaker,GR,True,False
Virginia,C,OL,OFF,3,Noah Hartsoe,GR,False,False
Virginia,RG,OL,OFF,1,Makilan Thomas,GR,True,False
Virginia,RG,OL,OFF,2,Grant Ellinger,SO,False,True
Virginia,RG,OL,OFF,3,Dane Steele,JR,False,True
Virginia,RT,OL,OFF,1,Monroe Mills,GR,True,False
Virginia,RT,OL,OFF,2,Jon Adair,FR,False,True
Virginia,RT,OL,OFF,3,Alex Payne,FR,True,True
Virginia,TE,TE,OFF,1,Dakota Twitty,GR,False,False
Virginia,TE,TE,OFF,2,John Rogers,SO,False,True
Virginia,TE,TE,OFF,3,Connor Cox,SR,True,False
Virginia,QB,QB,OFF,1,Beau Pribula,GR,True,False
Virginia,QB,QB,OFF,2,Eli Holstein,JR,True,True
Virginia,QB,QB,OFF,3,Cole Geer,FR,False,True
Virginia,RB,RB,OFF,1,Peyton Lewis,JR,True,False
Virginia,RB,RB,OFF,2,Jekail Middlebrook,JR,True,True
Virginia,RB,RB,OFF,3,Solomon Beebe,JR,True,False
Virginia,DE,EDGE,DEF,1,Fisher Camac,SR,True,True
Virginia,DE,EDGE,DEF,2,Ezekiel Larry,GR,True,False
Virginia,DE,EDGE,DEF,3,Justin Townsend,GR,True,False
Virginia,NT,DT,DEF,1,Anthony Britton,JR,False,True
Virginia,NT,DT,DEF,2,Kervins Choute,GR,True,False
Virginia,NT,DT,DEF,3,Sichan John,FR,False,True
Virginia,DT,DT,DEF,1,Jason Hammond,JR,False,True
Virginia,DT,DT,DEF,2,Darrion Henry-Young,GR,True,False
Virginia,DT,DT,DEF,3,Jonathan Allen,JR,True,True
Virginia,BAN,EDGE,DEF,1,Matthew Fobbs-White,SR,True,False
Virginia,BAN,EDGE,DEF,2,Nnanna Anyanwu,GR,True,False
Virginia,BAN,EDGE,DEF,3,Billy Koudelka,SO,False,True
Virginia,WLB,LB,DEF,1,Maddox Marcellus,SR,True,False
Virginia,WLB,LB,DEF,2,Caleb Hardy,SR,False,False
Virginia,WLB,LB,DEF,3,Dallas Brannon,FR,False,False
Virginia,MLB,LB,DEF,1,Kam Robinson,SR,False,False
Virginia,MLB,LB,DEF,2,Landon Danley,JR,False,True
Virginia,MLB,LB,DEF,3,Justin Rowe,FR,False,True
Virginia,LCB,CB,DEF,1,Donavon Platt,GR,True,False
Virginia,LCB,CB,DEF,2,Jam Jackson,GR,True,False
Virginia,LCB,CB,DEF,3,Patrick Campbell,GR,True,False
Virginia,SS,SAF,DEF,1,Ethan Minter,SO,False,True
Virginia,SS,SAF,DEF,2,Christian Ellis,GR,True,False
Virginia,FS,SAF,DEF,1,Brandyn Hillman,SR,True,False
Virginia,FS,SAF,DEF,2,Jalen McNair,GR,True,False
Virginia,FS,SAF,DEF,3,Montino Williams,SO,False,False
Virginia,RCB,CB,DEF,1,Jacobie Henderson,GR,True,False
Virginia,RCB,CB,DEF,2,Omillio Agard,SO,True,True
Virginia,RCB,CB,DEF,3,Josiah Persinger,SO,False,False
Virginia,SPUR,CB,DEF,1,Corey Costner,SO,False,False
Virginia,SPUR,CB,DEF,2,Jaylen Jones,JR,True,True
Virginia,SPUR,CB,DEF,3,Keke Adams,SO,False,True
Virginia Tech,WR-X,WR,OFF,1,Que'Sean Brown,JR,True,True
Virginia Tech,WR-X,WR,OFF,2,Marlion Jackson,SR,True,True
Virginia Tech,WR-X,WR,OFF,3,Keylen Adams,SO,False,True
Virginia Tech,WR-Z,WR,OFF,1,Ayden Greene,SR,False,False
Virginia Tech,WR-Z,WR,OFF,2,Chanz Wiggins,SO,False,True
Virginia Tech,WR-Z,WR,OFF,3,Shamarius Peterkin,SO,False,False
Virginia Tech,WR-SL,WR,OFF,1,Takye Heath,JR,False,True
Virginia Tech,WR-SL,WR,OFF,2,Tyseer Denmark,SO,True,True
Virginia Tech,LT,OL,OFF,1,Logan Howland,JR,True,True
Virginia Tech,LT,OL,OFF,2,Justin Terry,SO,True,True
Virginia Tech,LG,OL,OFF,1,Layth Ghannam,JR,False,True
Virginia Tech,LG,OL,OFF,2,Benjamin Eziuka,FR,False,False
Virginia Tech,LG,OL,OFF,3,Gavin Crawford,FR,False,True
Virginia Tech,C,OL,OFF,1,Kyle Altuner,SO,True,True
Virginia Tech,C,OL,OFF,2,Michael Troutman III,FR,True,True
Virginia Tech,C,OL,OFF,3,Tommy Ricard,SO,False,True
Virginia Tech,RG,OL,OFF,1,Montavious Cunningham,GR,True,False
Virginia Tech,RG,OL,OFF,2,Brody Meadows,SR,False,True
Virginia Tech,RG,OL,OFF,3,Lucas Austin,SO,True,True
Virginia Tech,RT,OL,OFF,1,Aidan Lynch,SO,False,True
Virginia Tech,RT,OL,OFF,2,Johnny Garrett,SR,False,True
Virginia Tech,TE,TE,OFF,1,Luke Reynolds,JR,True,False
Virginia Tech,TE,TE,OFF,2,Benji Gosnell,SR,False,True
Virginia Tech,TE,TE,OFF,3,Ja'Ricous Hairston,JR,False,True
Virginia Tech,QB,QB,OFF,1,Ethan Grunkemeyer,SO,True,True
Virginia Tech,QB,QB,OFF,2,Bryce Baker,FR,True,True
Virginia Tech,QB,QB,OFF,3,Kelden Ryan,FR,False,True
Virginia Tech,RB,RB,OFF,1,Marcellous Hawkins,SR,True,True
Virginia Tech,RB,RB,OFF,2,Jeffrey Overton Jr.,FR,False,True
Virginia Tech,RB,RB,OFF,3,Bill Davis,JR,True,True
Virginia Tech,LDE,EDGE,DEF,1,Javion Hilson,FR,True,True
Virginia Tech,LDE,EDGE,DEF,2,Mylachi Williams,SO,True,True
Virginia Tech,LDE,EDGE,DEF,3,Samuel Okunlola,SR,True,True
Virginia Tech,LDT,DT,DEF,1,Elhadj Fall,SR,True,True
Virginia Tech,LDT,DT,DEF,2,Randy Adirika,FR,True,True
Virginia Tech,LDT,DT,DEF,3,Emmett Laws,SO,False,True
Virginia Tech,RDT,DT,DEF,1,Kemari Copeland,SR,True,True
Virginia Tech,RDT,DT,DEF,2,Eric Mensah,SO,True,True
Virginia Tech,RDE,EDGE,DEF,1,Aycen Stevens,JR,False,True
Virginia Tech,RDE,EDGE,DEF,2,Jason Abbey,JR,False,True
Virginia Tech,RDE,EDGE,DEF,3,Cortez Harris,FR,True,True
Virginia Tech,WLB,LB,DEF,1,Kaleb Spencer,SR,True,False
Virginia Tech,WLB,LB,DEF,2,Antwone Santiago,SR,True,True
Virginia Tech,WLB,LB,DEF,3,Curtis Jones Jr.,JR,True,False
Virginia Tech,MLB,LB,DEF,1,Noah Chambers,SO,False,False
Virginia Tech,MLB,LB,DEF,2,Keon Wylie,SR,True,True
Virginia Tech,LCB,CB,DEF,1,Jaquez White,SR,True,False
Virginia Tech,LCB,CB,DEF,2,Thomas Williams,JR,False,True
Virginia Tech,LCB,CB,DEF,3,Jojo Crim,SO,False,False
Virginia Tech,SS,SAF,DEF,1,Quentin Reddish,SO,False,True
Virginia Tech,SS,SAF,DEF,2,Sheldon Robinson,SO,False,False
Virginia Tech,SS,SAF,DEF,3,Sherrod Covil Jr.,SR,True,True
Virginia Tech,FS,SAF,DEF,1,Tyson Flowers,SR,True,True
Virginia Tech,FS,SAF,DEF,2,Jordan Bass,SR,True,False
Virginia Tech,FS,SAF,DEF,3,Brennan Johnson,SO,False,False
Virginia Tech,RCB,CB,DEF,1,Joshua Clarke,SO,False,True
Virginia Tech,RCB,CB,DEF,2,Cam Chadwick Jr.,JR,True,True
Virginia Tech,NB,CB,DEF,1,Isaiah Brown-Murray,SR,True,True
Virginia Tech,NB,CB,DEF,2,Kenny Woseley Jr.,SO,True,True
Virginia Tech,NB,CB,DEF,3,Knahlij Harrell,SO,False,False
Wake Forest,WR-X,WR,OFF,1,Antonio Meeks,SR,True,True
Wake Forest,WR-X,WR,OFF,2,Wondame Davis Jr.,SO,True,True
Wake Forest,WR-X,WR,OFF,3,Jack Foley,FR,False,True
Wake Forest,WR-Z,WR,OFF,1,Carlos Hernandez,SR,True,False
Wake Forest,WR-Z,WR,OFF,2,Ny Carr,SO,True,True
Wake Forest,WR-Z,WR,OFF,3,Chase Tyler,SO,True,True
Wake Forest,WR-SL,WR,OFF,1,Kam Shanks,JR,True,True
Wake Forest,WR-SL,WR,OFF,2,Drayden Dickmann,JR,True,True
Wake Forest,LT,OL,OFF,1,Ethan Calloway,SO,True,True
Wake Forest,LT,OL,OFF,2,Tolu Olajide,SR,True,True
Wake Forest,LT,OL,OFF,3,Aidan Martin,FR,False,True
Wake Forest,LG,OL,OFF,1,Clinton Richard,SO,False,True
Wake Forest,LG,OL,OFF,2,Ja'Marion Kennedy,JR,True,True
Wake Forest,C,OL,OFF,1,John Ohnegian,SR,True,True
Wake Forest,C,OL,OFF,2,Devin McRae,JR,False,True
Wake Forest,C,OL,OFF,3,Will Way,JR,True,True
Wake Forest,RG,OL,OFF,1,Ryan Berger,JR,True,True
Wake Forest,RG,OL,OFF,2,Jack Hines,SO,False,True
Wake Forest,RT,OL,OFF,1,George Steih,JR,False,True
Wake Forest,RT,OL,OFF,2,Elliot Demaine,FR,False,True
Wake Forest,TE,TE,OFF,1,Kamrean Johnson,SR,True,False
Wake Forest,TE,TE,OFF,2,Landon Morris,SR,True,True
Wake Forest,TE,TE,OFF,3,Will Loerzel,SO,True,True
Wake Forest,QB,QB,OFF,1,Gio Lopez,JR,True,True
Wake Forest,QB,QB,OFF,2,Steele Pizzella,FR,False,True
Wake Forest,RB,RB,OFF,1,Ty Clark III,JR,False,False
Wake Forest,RB,RB,OFF,2,KD Daniels,SO,True,True
Wake Forest,RB,RB,OFF,3,Sawyer Seidl,JR,True,True
Wake Forest,DE,EDGE,DEF,1,Gabe Kirschke,SR,True,True
Wake Forest,DE,EDGE,DEF,2,Tyler Walton,JR,False,True
Wake Forest,DE,EDGE,DEF,3,D.J. Johnson,SO,True,True
Wake Forest,NT,DT,DEF,1,Zach Lohavichan,SR,False,True
Wake Forest,NT,DT,DEF,2,Sydir Mitchell,JR,True,True
Wake Forest,NT,DT,DEF,3,Brandon Smiley,SR,True,True
Wake Forest,DT,DT,DEF,1,Dallas Afalava,SR,True,False
Wake Forest,DT,DT,DEF,2,Matt Herron,SR,True,True
Wake Forest,DT,DT,DEF,3,Kadear Dembele,FR,False,True
Wake Forest,RUSH,EDGE,DEF,1,Langston Hardy,SR,True,True
Wake Forest,RUSH,EDGE,DEF,2,Camden Hardy,SO,False,True
Wake Forest,RUSH,EDGE,DEF,3,Kerrington Lee,JR,False,True
Wake Forest,WLB,LB,DEF,1,Frank Cusano,SO,True,True
Wake Forest,WLB,LB,DEF,2,Tylan McNichols,JR,True,False
Wake Forest,WLB,LB,DEF,3,Vincent Firenze,JR,True,True
Wake Forest,MLB,LB,DEF,1,Aiden Hall,SR,False,False
Wake Forest,MLB,LB,DEF,2,Buom Jock,JR,True,True
Wake Forest,MLB,LB,DEF,3,Whittman Whaley,SO,False,True
Wake Forest,LCB,CB,DEF,1,Deuce Blades II,SR,True,True
Wake Forest,LCB,CB,DEF,2,Travon West,JR,False,True
Wake Forest,LCB,CB,DEF,3,Devin Cook,SO,False,True
Wake Forest,SS,SAF,DEF,1,Rushaun Tongue,JR,False,True
Wake Forest,SS,SAF,DEF,2,Joshua Patterson,FR,True,True
Wake Forest,SS,SAF,DEF,3,Jerron Blackwell,FR,False,True
Wake Forest,FS,SAF,DEF,1,Braylon Johnson,JR,True,True
Wake Forest,FS,SAF,DEF,2,Myles Turpin,JR,False,False
Wake Forest,RCB,CB,DEF,1,Bernard Causey,SO,True,True
Wake Forest,RCB,CB,DEF,2,Ashaad Williams,SR,True,True
Wake Forest,RCB,CB,DEF,3,Sascha Garcia,JR,True,True
Wake Forest,NB,CB,DEF,1,Davaughn Patterson,JR,False,True
Wake Forest,NB,CB,DEF,2,Zamari Stevenson,SR,False,True
Wake Forest,NB,CB,DEF,3,Koredell Bartley,SO,False,False
Washington,WR-X,WR,OFF,1,Christian Moss,SR,True,True
Washington,WR-X,WR,OFF,2,Chris Lawson,SO,False,False
Washington,WR-X,WR,OFF,3,Trez Davis,FR,False,False
Washington,WR-Z,WR,OFF,1,Rashid Williams,JR,False,True
Washington,WR-Z,WR,OFF,2,Jordan Clay,FR,False,False
Washington,WR-Z,WR,OFF,3,Justice Williams,SO,False,True
Washington,WR-SL,WR,OFF,1,Dezmen Roebuck,SO,False,False
Washington,WR-SL,WR,OFF,2,Mason James,FR,False,False
Washington,WR-SL,WR,OFF,3,Jace Burton,SO,False,True
Washington,LT,OL,OFF,1,Kodi Greene,FR,False,False
Washington,LT,OL,OFF,2,Kolt Dieterich,JR,True,True
Washington,LT,OL,OFF,3,Elishah Jackett,JR,False,True
Washington,LG,OL,OFF,1,John Mills,SO,False,False
Washington,LG,OL,OFF,2,Jack Shaffer,FR,False,True
Washington,LG,OL,OFF,3,Aidan Anderson,JR,False,True
Washington,C,OL,OFF,1,Landen Hatchett,SR,False,False
Washington,C,OL,OFF,2,Jake Flores,FR,False,True
Washington,C,OL,OFF,3,Parker Cross,JR,False,True
Washington,RG,OL,OFF,1,Geirean Hatchett,SR,True,True
Washington,RG,OL,OFF,2,Champ Taulealea,FR,False,True
Washington,RG,OL,OFF,3,Lowen Colman-Brusa,FR,False,True
Washington,RT,OL,OFF,1,Drew Azzopardi,SR,True,True
Washington,RT,OL,OFF,2,Soane Faasolo,JR,False,True
Washington,RT,OL,OFF,3,Justin Hylkema,SO,False,True
Washington,TE,TE,OFF,1,Decker DeGraaf,JR,False,False
Washington,TE,TE,OFF,2,Kade Eldridge,JR,True,True
Washington,TE,TE,OFF,3,Baron Naone,FR,False,True
Washington,QB,QB,OFF,1,Demond Williams Jr.,JR,False,False
Washington,QB,QB,OFF,2,Elijah Brown,SO,True,True
Washington,QB,QB,OFF,3,Treston McMillan,FR,False,True
Washington,RB,RB,OFF,1,Jayden Limar,SR,True,False
Washington,RB,RB,OFF,2,Trey Cooley,SR,True,True
Washington,RB,RB,OFF,3,Quaid Carr,FR,False,True
Washington,LDE,EDGE,DEF,1,Jacob Lane,SR,False,False
Washington,LDE,EDGE,DEF,2,Logan George,JR,True,True
Washington,LDE,EDGE,DEF,3,Devin Hyde,SO,False,False
Washington,LDT,DT,DEF,1,Elinneus Davis,JR,False,True
Washington,LDT,DT,DEF,2,Darin Conley,JR,True,True
Washington,LDT,DT,DEF,3,Omar Khan,SO,False,True
Washington,RDT,DT,DEF,1,Derek Colman-Brusa,FR,False,False
Washington,RDT,DT,DEF,2,DeSean Watts,JR,True,True
Washington,RDT,DT,DEF,3,Kai McClendon,SO,True,True
Washington,RDE,EDGE,DEF,1,Isaiah Ward,SR,True,True
Washington,RDE,EDGE,DEF,2,Russell Davis II,SR,True,True
Washington,RDE,EDGE,DEF,3,Ramzak Fruean,FR,False,False
Washington,WLB,LB,DEF,1,Xe'ree Alexander,SR,True,False
Washington,WLB,LB,DEF,2,Zaydrius Rainey-Sale,SO,False,False
Washington,WLB,LB,DEF,3,Donovan Robinson Jr.,FR,False,True
Washington,MLB,LB,DEF,1,Jacob Manu,SR,True,True
Washington,MLB,LB,DEF,2,Taariq Al-Uqdah,SR,True,True
Washington,MLB,LB,DEF,3,Ezaya Tokio,FR,False,False
Washington,LCB,CB,DEF,1,Emmanuel Karnley,JR,True,True
Washington,LCB,CB,DEF,2,Elias Johnson,SO,False,True
Washington,LCB,CB,DEF,3,Elijah Durr,FR,False,False
Washington,SS,SAF,DEF,1,Alex McLaughlin,SR,True,False
Washington,SS,SAF,DEF,2,Paul Mencke Jr.,SO,False,True
Washington,SS,SAF,DEF,3,Gavin Day,FR,False,False
Washington,FS,SAF,DEF,1,Rylon Dillard-Allen,SO,False,False
Washington,FS,SAF,DEF,2,Rahim Wright II,SO,False,True
Washington,RCB,CB,DEF,1,Dylan Robinson,SO,False,False
Washington,RCB,CB,DEF,2,Jeron Jones,FR,False,False
Washington,RCB,CB,DEF,3,Kayden Greene,SO,False,True
Washington,NB,CB,DEF,1,Rahshawn Clark,SO,False,True
Washington,NB,CB,DEF,2,Ramonz Adams Jr.,FR,False,True
Washington,NB,CB,DEF,3,Ksani Jiles,FR,False,False
Washington State,WR-X,WR,OFF,1,Darrius Clemons,SR,True,True
Washington State,WR-X,WR,OFF,2,Branden Ganashamoorthy,JR,False,True
Washington State,WR-X,WR,OFF,3,Jordan Dees,SO,True,True
Washington State,WR-Z,WR,OFF,1,Tank Hawkins,JR,True,False
Washington State,WR-Z,WR,OFF,2,Ryan McKendry,SO,True,False
Washington State,WR-SL,WR,OFF,1,Tony Freeman,SR,True,False
Washington State,WR-SL,WR,OFF,2,Daniel Blood,SR,True,False
Washington State,LT,OL,OFF,1,Ashton Tripp,JR,False,True
Washington State,LT,OL,OFF,2,Maximus McCree,SR,True,True
Washington State,LT,OL,OFF,3,Chris Lino,SO,False,True
Washington State,LG,OL,OFF,1,Jonny Lester,SR,False,True
Washington State,LG,OL,OFF,2,Sone Falealo,SO,True,True
Washington State,C,OL,OFF,1,Kyle Martin,JR,False,True
Washington State,C,OL,OFF,2,Arion Williams,FR,False,True
Washington State,RG,OL,OFF,1,Noah Dunham,JR,False,True
Washington State,RG,OL,OFF,2,Nick Bakken,SO,True,True
Washington State,RT,OL,OFF,1,Jaylin Caldwell,SR,True,True
Washington State,RT,OL,OFF,2,Kalolo Ta'aga,SO,True,True
Washington State,RT,OL,OFF,3,Xavier Thorpe,SO,False,True
Washington State,TE,TE,OFF,1,Jack Pedersen,SR,True,True
Washington State,TE,TE,OFF,2,Trey Leckner,JR,False,True
Washington State,TE,TE,OFF,3,Beau Baker,SO,True,True
Washington State,QB,QB,OFF,1,Caden Pinnick,SO,True,True
Washington State,QB,QB,OFF,2,Julian Dugger,SO,True,True
Washington State,QB,QB,OFF,3,Owen Eshelman,FR,False,True
Washington State,RB,RB,OFF,1,Kirby Vorhees,JR,True,True
Washington State,RB,RB,OFF,2,Leo Pulalasi,JR,False,True
Washington State,RB,RB,OFF,3,Maxwell Woods,SO,True,True
Washington State,LDE,EDGE,DEF,1,Linus Zunk,SR,True,True
Washington State,LDE,EDGE,DEF,2,Eduwa Okundaye,SO,True,True
Washington State,LDE,EDGE,DEF,3,Malachi Wrice,SO,False,True
Washington State,NT,DT,DEF,1,Jirah Leaupepetele,JR,True,True
Washington State,NT,DT,DEF,2,Balaam Miller,JR,True,True
Washington State,NT,DT,DEF,3,Akio Martinson,JR,True,True
Washington State,DT,DT,DEF,1,Kaden Beatty,JR,True,True
Washington State,DT,DT,DEF,2,Paul Hutson III,SR,True,True
Washington State,DT,DT,DEF,3,Damarjhe Lewis,SR,True,True
Washington State,RDE,EDGE,DEF,1,Matyus McLain,JR,True,True
Washington State,RDE,EDGE,DEF,2,Michael Hughes,JR,False,True
Washington State,RDE,EDGE,DEF,3,Ben Beatty,SO,False,True
Washington State,WLB,LB,DEF,1,Keith Brown,GR,True,False
Washington State,WLB,LB,DEF,2,Carsten Reynolds,SO,True,True
Washington State,WLB,LB,DEF,3,Isaiah Hung,FR,False,True
Washington State,MLB,LB,DEF,1,Nylan Brown,JR,True,False
Washington State,MLB,LB,DEF,2,DJ Warner,JR,True,False
Washington State,MLB,LB,DEF,3,Gage Jones,SO,False,True
Washington State,LCB,CB,DEF,1,Khamari Terrell,SR,True,True
Washington State,LCB,CB,DEF,2,Elmo Wartson,JR,True,True
Washington State,LCB,CB,DEF,3,David Kuku,FR,False,True
Washington State,SS,SAF,DEF,1,Jeremiah Bernard,JR,True,False
Washington State,SS,SAF,DEF,2,Jshawn Frausto-Ramos,JR,True,True
Washington State,SS,SAF,DEF,3,Jack Bal,JR,True,True
Washington State,FS,SAF,DEF,1,Kyle Peterson,SO,False,False
Washington State,FS,SAF,DEF,2,Trey Ridley,SO,True,True
Washington State,FS,SAF,DEF,3,Kayo Patu,SO,False,True
Washington State,RCB,CB,DEF,1,Jalil Tucker,SR,True,True
Washington State,RCB,CB,DEF,2,Jamarey Smith,FR,False,True
Washington State,RCB,CB,DEF,3,Kai Rapolla,SR,True,True
Washington State,NB,CB,DEF,1,Jaylen Thomas,SO,True,True
Washington State,NB,CB,DEF,2,CJ Solis-Lumar,SO,True,False
Washington State,NB,CB,DEF,3,Ishmael Gibbs,FR,False,True
West Virginia,WR-X,WR,OFF,1,Prince Strachan,JR,True,True
West Virginia,WR-X,WR,OFF,2,Taron Francis,FR,True,True
West Virginia,WR-X,WR,OFF,3,Landon Drumm,FR,False,False
West Virginia,WR-Z,WR,OFF,1,Jaden Bray,SR,True,True
West Virginia,WR-Z,WR,OFF,2,John Neider,JR,True,True
West Virginia,WR-Z,WR,OFF,3,Keon Hutchins,JR,True,False
West Virginia,WR-Y,WR,OFF,1,DJ Epps,SR,True,True
West Virginia,WR-Y,WR,OFF,2,Armoni Weaver-Bomar,FR,False,True
West Virginia,WR-Y,WR,OFF,3,Kedrick Triplett,SO,True,True
West Virginia,LT,OL,OFF,1,Carsten Casady,JR,True,True
West Virginia,LT,OL,OFF,2,Deshawn Woods,SR,True,True
West Virginia,LT,OL,OFF,3,Jonas Muya,FR,False,False
West Virginia,LG,OL,OFF,1,Nick Krahe,JR,False,True
West Virginia,LG,OL,OFF,2,Josh Aisosa,SO,True,True
West Virginia,LG,OL,OFF,3,Camden Goforth,FR,False,False
West Virginia,C,OL,OFF,1,Cam Griffin,SR,True,False
West Virginia,C,OL,OFF,2,Wes King,SR,True,True
West Virginia,C,OL,OFF,3,Landen Livingston,SR,False,True
West Virginia,RG,OL,OFF,1,Amare Grayson,JR,True,False
West Virginia,RG,OL,OFF,2,Devin Vass,JR,True,True
West Virginia,RT,OL,OFF,1,Malik Agbo,SR,True,True
West Virginia,RT,OL,OFF,2,Kevin Brown,FR,False,False
West Virginia,RT,OL,OFF,3,Rhett Morris,FR,False,False
West Virginia,TE,TE,OFF,1,Ryan Ward,JR,True,False
West Virginia,TE,TE,OFF,2,Cam Ball,SR,True,True
West Virginia,TE,TE,OFF,3,Josh Sapp,SR,True,True
West Virginia,QB,QB,OFF,1,Michael Hawkins Jr.,SO,True,True
West Virginia,QB,QB,OFF,2,Scotty Fox Jr.,SO,False,False
West Virginia,QB,QB,OFF,3,Max Brown,SR,True,True
West Virginia,RB,RB,OFF,1,Cam Cook,SR,True,False
West Virginia,RB,RB,OFF,2,Amari Latimer,FR,False,False
West Virginia,RB,RB,OFF,3,Chris Talley,FR,False,False
West Virginia,FB,RB,OFF,1,Kayden Luke,JR,True,False
West Virginia,DE,EDGE,DEF,1,Zeke Durham-Campbell,SR,True,True
West Virginia,DE,EDGE,DEF,2,Darius Wiley,SO,True,True
West Virginia,DE,EDGE,DEF,3,Wilnerson Telemaque,FR,False,True
West Virginia,NT,DT,DEF,1,Nate Gabriel,JR,False,False
West Virginia,NT,DT,DEF,2,Jaylen Thomas,JR,True,False
West Virginia,NT,DT,DEF,3,Will LeBlanc,SO,True,True
West Virginia,DT,DT,DEF,1,KJ Henson,JR,True,True
West Virginia,DT,DT,DEF,2,Corey McIntyre Jr.,JR,False,True
West Virginia,DT,DT,DEF,3,Taylor Brown,FR,False,True
West Virginia,BAN,EDGE,DEF,1,Harper Holloman,JR,True,False
West Virginia,BAN,EDGE,DEF,2,Tobi Haastrup,FR,True,True
West Virginia,BAN,EDGE,DEF,3,Jeremiah Johnson,JR,True,True
West Virginia,WLB,LB,DEF,1,Malachi Hood,SR,True,True
West Virginia,WLB,LB,DEF,2,Ashton Woods,JR,True,False
West Virginia,WLB,LB,DEF,3,Cam Torbor,FR,False,True
West Virginia,MLB,LB,DEF,1,Ben Cutter,SR,False,False
West Virginia,MLB,LB,DEF,2,Tyler Stolsky,SR,True,True
West Virginia,MLB,LB,DEF,3,Isaiah Patterson,SO,True,True
West Virginia,LCB,CB,DEF,1,Nick Taylor,JR,True,False
West Virginia,LCB,CB,DEF,2,Keyshawn Robinson,JR,False,False
West Virginia,LCB,CB,DEF,3,Da'Mun Allen,JR,True,False
West Virginia,SS,SAF,DEF,1,Kamari Wilson,SR,True,True
West Virginia,SS,SAF,DEF,2,Jacob Bradford,FR,True,True
West Virginia,SS,SAF,DEF,3,Da'Mare Williams,SO,True,True
West Virginia,FS,SAF,DEF,1,Matt Sieg,FR,False,False
West Virginia,FS,SAF,DEF,2,Kameron Reddic,JR,True,False
West Virginia,RCB,CB,DEF,1,Chams Diagne,SR,True,True
West Virginia,RCB,CB,DEF,2,Jaire Rawlison,SO,True,True
West Virginia,RCB,CB,DEF,3,Rayshawn Reynolds Jr.,JR,True,True
West Virginia,NB,CB,DEF,1,Andrew Powdrell,SR,True,False
West Virginia,NB,CB,DEF,2,Geimere Latimer II,SR,True,False
West Virginia,NB,CB,DEF,3,Maliek Hawkins,FR,True,True
Western Kentucky,WR-X,WR,OFF,1,Cameron Flowers,SO,False,True
Western Kentucky,WR-X,WR,OFF,2,Quincy Burroughs,SR,True,True
Western Kentucky,WR-X,WR,OFF,3,Nigel Johnson,SR,True,False
Western Kentucky,WR-Z,WR,OFF,1,Qua'Vez Humphreys,SR,True,True
Western Kentucky,WR-Z,WR,OFF,2,Jyziah Rockwell,SR,True,True
Western Kentucky,WR-SL,WR,OFF,1,K.D. Hutchinson,SR,False,True
Western Kentucky,WR-SL,WR,OFF,2,Zion Taylor,JR,True,True
Western Kentucky,WR-SL,WR,OFF,3,Jeremiah Carroll,SR,True,False
Western Kentucky,LT,OL,OFF,1,Zach Clayton,JR,True,False
Western Kentucky,LT,OL,OFF,2,Alex Lopez,SO,True,True
Western Kentucky,LT,OL,OFF,3,Tai Ray,JR,True,True
Western Kentucky,LG,OL,OFF,1,Nonso Omezi,SR,True,True
Western Kentucky,LG,OL,OFF,2,Tyreek Major,SO,True,True
Western Kentucky,C,OL,OFF,1,Alec Johnson,SR,True,True
Western Kentucky,C,OL,OFF,2,Roq Montgomery,JR,True,True
Western Kentucky,RG,OL,OFF,1,Rhett Larson,SR,True,True
Western Kentucky,RG,OL,OFF,2,Isiah Stoudemire,FR,False,True
Western Kentucky,RT,OL,OFF,1,Karsten Upchurch,SR,True,True
Western Kentucky,RT,OL,OFF,2,Brody Riffe,JR,True,True
Western Kentucky,TE,TE,OFF,1,CC Ezirim,SR,True,False
Western Kentucky,TE,TE,OFF,2,Coleson Arends,JR,True,True
Western Kentucky,TE,TE,OFF,3,Griffin Reimer,SO,True,True
Western Kentucky,QB,QB,OFF,1,Rodney Tisdale Jr.,SO,False,True
Western Kentucky,QB,QB,OFF,2,Brock Glenn,JR,True,True
Western Kentucky,QB,QB,OFF,3,Caleb McMickle,JR,True,True
Western Kentucky,RB,RB,OFF,1,Ajay Allen,SR,True,True
Western Kentucky,RB,RB,OFF,2,Kalib Hicks,JR,True,True
Western Kentucky,RB,RB,OFF,3,Jaden McGill,SR,True,True
Western Kentucky,LDE,EDGE,DEF,1,Venson Sneed,SR,True,True
Western Kentucky,LDE,EDGE,DEF,2,Zeiqui Lawton,SR,True,True
Western Kentucky,LDE,EDGE,DEF,3,Darius Hampton,SR,True,True
Western Kentucky,NT,DT,DEF,1,Kiawan Murphy,SR,True,True
Western Kentucky,NT,DT,DEF,2,Sekou Peters,FR,False,True
Western Kentucky,NT,DT,DEF,3,Eric Etienne,SO,True,True
Western Kentucky,DT,DT,DEF,1,Jakeem Fletcher,SR,True,True
Western Kentucky,DT,DT,DEF,2,Javin Griffin,SR,True,True
Western Kentucky,RDE,EDGE,DEF,1,Elin Jones,SR,True,True
Western Kentucky,RDE,EDGE,DEF,2,Nathan Gonzales,SR,True,False
Western Kentucky,WLB,LB,DEF,1,Zach Smith,SO,True,True
Western Kentucky,WLB,LB,DEF,2,Geajorm Akpaloo,JR,True,False
Western Kentucky,WLB,LB,DEF,3,Zsacari Minnis,SO,False,True
Western Kentucky,MLB,LB,DEF,1,Jordan Donald,SO,False,False
Western Kentucky,MLB,LB,DEF,2,Garrison Madden,SR,True,True
Western Kentucky,MLB,LB,DEF,3,LaTrevion Thompson,SR,True,True
Western Kentucky,LCB,CB,DEF,1,Braxton Myers,JR,True,True
Western Kentucky,SS,SAF,DEF,1,Jaylen Lewis,SR,True,True
Western Kentucky,FS,SAF,DEF,1,Dave Herard,SR,True,True
Western Kentucky,FS,SAF,DEF,2,BJ Carey,SR,True,False
Western Kentucky,RCB,CB,DEF,1,Lataj Wright,SR,True,True
Western Kentucky,NB,CB,DEF,1,Christian White,SR,True,True
Western Kentucky,NB,CB,DEF,2,Canyon Moses,JR,True,True
Western Michigan,WR-X,WR,OFF,1,Aveion Chenault,SO,False,False
Western Michigan,WR-X,WR,OFF,2,Terence Marshall,SO,False,True
Western Michigan,WR-Z,WR,OFF,1,Baylin Brooks,JR,True,True
Western Michigan,WR-Z,WR,OFF,2,Kordell Gouldsby,JR,True,True
Western Michigan,WR-F,WR,OFF,1,Emazon Littlejohn,SO,True,True
Western Michigan,WR-F,WR,OFF,2,Keivin Boone-Nelson II,SR,True,False
Western Michigan,LT,OL,OFF,1,Brandon Smith,SR,True,True
Western Michigan,LT,OL,OFF,2,Spencer Beckeman,FR,False,True
Western Michigan,LG,OL,OFF,1,Hunter Whitenack,SR,True,True
Western Michigan,LG,OL,OFF,2,Jacob Krause,SO,False,True
Western Michigan,C,OL,OFF,1,Jeremy Schleicher,SO,False,True
Western Michigan,C,OL,OFF,2,Liam Vaughan,FR,False,True
Western Michigan,C,OL,OFF,3,Jake Chellman,SO,False,True
Western Michigan,RG,OL,OFF,1,Gavin Dabo,SO,False,True
Western Michigan,RG,OL,OFF,2,Ben Roebuck,SO,True,True
Western Michigan,RT,OL,OFF,1,Chad Schuster,SR,True,True
Western Michigan,RT,OL,OFF,2,Jacob Bailey,FR,True,True
Western Michigan,TE,TE,OFF,1,Adam Parks,JR,True,True
Western Michigan,TE,TE,OFF,2,Nate Levicki,SR,True,True
Western Michigan,TE,TE,OFF,3,Enese Tonga,SO,True,False
Western Michigan,QB,QB,OFF,1,Broc Lowry,JR,True,True
Western Michigan,QB,QB,OFF,2,Trey Petty,SO,True,True
Western Michigan,QB,QB,OFF,3,Mason Reynolds,SO,False,True
Western Michigan,RB,RB,OFF,1,Jalen Buckley,SR,False,True
Western Michigan,RB,RB,OFF,2,Ofa Mataele,SR,True,False
Western Michigan,RB,RB,OFF,3,AJ Green Jr.,GR,True,False
Western Michigan,LDE,EDGE,DEF,1,Scoop Gardner Jr.,JR,True,False
Western Michigan,LDE,EDGE,DEF,2,Austin Alexander,SO,True,False
Western Michigan,LDE,EDGE,DEF,3,Noah Bishop,SO,False,True
Western Michigan,LDT,DT,DEF,1,Zavian Tibbs,SR,True,False
Western Michigan,LDT,DT,DEF,2,August Johanningsmeier,SR,False,True
Western Michigan,LDT,DT,DEF,3,Jori Benson,GR,True,False
Western Michigan,RDT,DT,DEF,1,Ahmed Tounkara,SO,True,True
Western Michigan,RDT,DT,DEF,2,Dalton Gustwiller,JR,False,True
Western Michigan,RDE,EDGE,DEF,1,DeJuan Echoles Jr.,SR,True,True
Western Michigan,RDE,EDGE,DEF,2,KJ Burley,SO,True,True
Western Michigan,WLB,LB,DEF,1,Domanick Moon,SR,True,True
Western Michigan,WLB,LB,DEF,2,Gabe Welch,JR,True,True
Western Michigan,WLB,LB,DEF,3,Jermar McCarter,JR,True,True
Western Michigan,MLB,LB,DEF,1,Dillon Moore,SR,False,True
Western Michigan,MLB,LB,DEF,2,Brenden Anes,SO,True,False
Western Michigan,MLB,LB,DEF,3,Justyce Betts,SO,True,True
Western Michigan,LCB,CB,DEF,1,Jarvarius Sims,SR,True,True
Western Michigan,LCB,CB,DEF,2,Cam'ron Barber,SO,True,False
Western Michigan,LCB,CB,DEF,3,Jordon Thomas,SR,True,True
Western Michigan,SS,SAF,DEF,1,Joey Pope,JR,False,True
Western Michigan,SS,SAF,DEF,2,Tahj Owens,GR,True,False
Western Michigan,SS,SAF,DEF,3,Kouri Crump,GR,True,False
Western Michigan,FS,SAF,DEF,1,Micah Davis,JR,True,True
Western Michigan,FS,SAF,DEF,2,Daeh McCullough,JR,True,True
Western Michigan,RCB,CB,DEF,1,John Peters,SO,False,False
Western Michigan,RCB,CB,DEF,2,Willard Ferrell,SR,True,False
Western Michigan,NB,CB,DEF,1,Joshua Franklin,SR,False,False
Western Michigan,NB,CB,DEF,2,Amarian Louis,JR,True,True
Wisconsin,WR-X,WR,OFF,1,Eugene Hilton Jr.,SO,False,False
Wisconsin,WR-X,WR,OFF,2,Jaylon Domingeaux,SR,True,False
Wisconsin,WR-Z,WR,OFF,1,Chris Brooks Jr.,SR,False,True
Wisconsin,WR-Z,WR,OFF,2,Shamar Rigby,JR,True,False
Wisconsin,WR-SL,WR,OFF,1,Tyrell Henry,SR,True,True
Wisconsin,WR-SL,WR,OFF,2,Zion Kearney,JR,True,False
Wisconsin,LT,OL,OFF,1,PJ Wilkins,JR,True,True
Wisconsin,LT,OL,OFF,2,Lucas Simmons-Johansson,JR,True,True
Wisconsin,LG,OL,OFF,1,Colin Cubberly,SO,False,True
Wisconsin,LG,OL,OFF,2,Blake Cherry,SO,True,False
Wisconsin,C,OL,OFF,1,Austin Kawecki,GR,True,False
Wisconsin,C,OL,OFF,2,Ryan Cory,SO,False,True
Wisconsin,RG,OL,OFF,1,Emerson Mandell,SO,False,True
Wisconsin,RG,OL,OFF,2,Nolan Davenport,FR,False,True
Wisconsin,RT,OL,OFF,1,Kevin Heywood,SO,False,True
Wisconsin,RT,OL,OFF,2,Barrett Nelson,SR,False,True
Wisconsin,TE,TE,OFF,1,Jacob Harris,JR,True,True
Wisconsin,TE,TE,OFF,2,Grant Stec,SO,False,True
Wisconsin,TE,TE,OFF,3,Ryan Schwendeman,GR,True,False
Wisconsin,QB,QB,OFF,1,Colton Joseph,JR,True,True
Wisconsin,QB,QB,OFF,2,Deuce Adams,SO,True,True
Wisconsin,QB,QB,OFF,3,Ryan Hopkins,FR,False,False
Wisconsin,RB,RB,OFF,1,Abu Sama III,SR,True,False
Wisconsin,RB,RB,OFF,2,Darrion Dupree,JR,False,False
Wisconsin,RB,RB,OFF,3,Bryan Jackson II,JR,True,False
Wisconsin,LOLB,LB,DEF,1,Sebastian Cheeks,GR,True,False
Wisconsin,LOLB,LB,DEF,2,Justus Boone,SR,True,True
Wisconsin,LOLB,LB,DEF,3,Liam Danitz,SR,True,True
Wisconsin,NT,DT,DEF,1,Hammond Russell IV,SR,True,True
Wisconsin,NT,DT,DEF,2,Jacob Anderson,GR,True,False
Wisconsin,NT,DT,DEF,3,Dillan Johnson,JR,False,False
Wisconsin,DT,DT,DEF,1,Junior Poyser,JR,True,True
Wisconsin,DT,DT,DEF,2,Charles Perkins,SR,True,True
Wisconsin,DT,DT,DEF,3,DeNigel Cooper,SO,True,True
Wisconsin,ROLB,LB,DEF,1,Tyreese Fearbry,SR,True,True
Wisconsin,ROLB,LB,DEF,2,Nicolas Clayton,SO,False,False
Wisconsin,WLB,LB,DEF,1,Mason Posa,SO,False,False
Wisconsin,WLB,LB,DEF,2,Aaron Witt,GR,False,False
Wisconsin,MLB,LB,DEF,1,Cooper Catalano,SO,False,False
Wisconsin,MLB,LB,DEF,2,Taylor Schaefer,JR,True,False
Wisconsin,SLB,LB,DEF,1,Jon Jon Kamara,SO,True,True
Wisconsin,SLB,LB,DEF,2,Thomas Heiberger,SO,False,True
Wisconsin,LCB,CB,DEF,1,Javan Robinson,SR,True,True
Wisconsin,LCB,CB,DEF,2,Jai'mier Scott,FR,False,True
Wisconsin,LCB,CB,DEF,3,Jahmare Washington,FR,False,True
Wisconsin,SS,SAF,DEF,1,Matthew Jung,SR,True,True
Wisconsin,SS,SAF,DEF,2,Grant Dean,SO,False,False
Wisconsin,SS,SAF,DEF,3,Luke Emmerich,FR,False,True
Wisconsin,FS,SAF,DEF,1,Marvin Burks Jr.,SR,True,False
Wisconsin,FS,SAF,DEF,2,Carson Van Dinter,SO,True,True
Wisconsin,FS,SAF,DEF,3,Cairo Skanes,SO,False,False
Wisconsin,RCB,CB,DEF,1,Eric Fletcher Jr.,SO,True,True
Wisconsin,RCB,CB,DEF,2,Cai Bates,SO,True,True
Wisconsin,NB,CB,DEF,1,Bryce West,SO,True,True
Wisconsin,NB,CB,DEF,2,Raphael Dunn,SO,False,True
Wyoming,WR-X,WR,OFF,1,Eric Richardson,SR,True,True
Wyoming,WR-X,WR,OFF,2,Bricen Brantley,JR,False,True
Wyoming,WR-X,WR,OFF,3,Ke'Lyn Washom,FR,False,True
Wyoming,WR-Z,WR,OFF,1,Jackson Holman,JR,True,True
Wyoming,WR-Z,WR,OFF,2,Justin Popovich,JR,True,True
Wyoming,WR-SL,WR,OFF,1,Deion DeBlanc,SO,False,False
Wyoming,WR-SL,WR,OFF,2,Charlie Coenen,SR,False,True
Wyoming,WR-SL,WR,OFF,3,Jayden Williams,FR,False,False
Wyoming,LT,OL,OFF,1,Rex Johnsen,SR,False,True
Wyoming,LT,OL,OFF,2,Josiah Petaia,SO,True,True
Wyoming,LG,OL,OFF,1,Chandler Donaway,SR,True,True
Wyoming,LG,OL,OFF,2,Quinn Grovesteen-Matchey,JR,False,True
Wyoming,C,OL,OFF,1,Jason Maciejczak,JR,True,True
Wyoming,C,OL,OFF,2,Tariq Miller,FR,False,True
Wyoming,RG,OL,OFF,1,Giovanni Panozzo,SO,False,True
Wyoming,RG,OL,OFF,2,Caleb Hall,SO,False,True
Wyoming,RT,OL,OFF,1,Braylon Jenkins,SO,False,True
Wyoming,RT,OL,OFF,2,Jake Davies,JR,False,True
Wyoming,TE-Y,TE,OFF,1,Jake Wilson,SO,False,True
Wyoming,TE-Y,TE,OFF,2,Kyle Frendt,FR,False,True
Wyoming,TE-Y,TE,OFF,3,Landon Pace,FR,False,True
Wyoming,QB,QB,OFF,1,Tyler Hughes,SR,True,True
Wyoming,QB,QB,OFF,2,Mason Drube,FR,False,True
Wyoming,QB,QB,OFF,3,Landon Sims,JR,True,True
Wyoming,RB,RB,OFF,1,Samuel Harris,SO,False,False
Wyoming,RB,RB,OFF,2,Markell Holman,SR,True,False
Wyoming,RB,RB,OFF,3,Nico Hamilton,SO,False,True
Wyoming,LDE,EDGE,DEF,1,Jack Dunkley,SR,True,False
Wyoming,LDE,EDGE,DEF,2,Kevin Sjogren,SR,False,True
Wyoming,LDE,EDGE,DEF,3,Donnie Wingate,SR,True,True
Wyoming,LDT,DT,DEF,1,Dante Drake,JR,False,True
Wyoming,LDT,DT,DEF,2,Tegen Seeds,SO,False,True
Wyoming,LDT,DT,DEF,3,Ja'Quan Redfern,JR,True,True
Wyoming,RDT,DT,DEF,1,Jayden Williams,JR,False,True
Wyoming,RDT,DT,DEF,2,Caleb Robinson,GR,False,False
Wyoming,RDT,DT,DEF,3,Alex Haswell,SO,False,True
Wyoming,RDE,EDGE,DEF,1,Esaia Bogar,SR,True,False
Wyoming,RDE,EDGE,DEF,2,Thaddeus Gianaris,SR,True,True
Wyoming,WLB,LB,DEF,1,Gary Rutherford,SO,False,True
Wyoming,WLB,LB,DEF,2,Anthony Beavers,SR,True,True
Wyoming,WLB,LB,DEF,3,Parker Moore,FR,False,True
Wyoming,MLB,LB,DEF,1,Ethan Stuhlsatz,GR,True,False
Wyoming,MLB,LB,DEF,2,Dash Bauman,SO,False,True
Wyoming,MLB,LB,DEF,3,Steven Perez,FR,False,True
Wyoming,LCB,CB,DEF,1,Ian Bell,SR,False,False
Wyoming,LCB,CB,DEF,2,Junus McGraw,JR,True,False
Wyoming,LCB,CB,DEF,3,BJ Inmon,JR,True,True
Wyoming,SS,SAF,DEF,1,Brooklyn Cheek,SO,True,True
Wyoming,SS,SAF,DEF,2,Jaden DaCosta,JR,True,True
Wyoming,SS,SAF,DEF,3,Da'Marion Brownlee,SO,True,True
Wyoming,FS,SAF,DEF,1,Jones Thomas,JR,False,True
Wyoming,FS,SAF,DEF,2,Jett Vincent,JR,True,True
Wyoming,RCB,CB,DEF,1,Logan Mackey,JR,True,True
Wyoming,RCB,CB,DEF,2,Tyson Shamsid-Deen,SO,False,False
Wyoming,RCB,CB,DEF,3,Kendall Griffin,FR,False,False
Wyoming,NB,CB,DEF,1,Desman Hearns,SR,True,True
Wyoming,NB,CB,DEF,2,Travis Franklin Jr.,SR,True,False
Wyoming,NB,CB,DEF,3,Therman Williams,FR,False,False
