season,team,passing_yards,passing_yards_z,passing_touchdowns,passing_touchdowns_z,rushing_yards,rushing_yards_z,receiving_yards,receiving_yards_z,receptions,receptions_z,defensive_sacks,defensive_sacks_z,player_prod_off,player_prod_def,player_prod_war
2017,Air Force,1752.0,-0.011576298594071532,8.511618113111599,-0.7449196281866964,2016.0,1.0516926041421457,749.0222169575871,-1.68262352985301,55.01375550596333,-1.806756996877659,5.409877812500015,-1.5276393473079195,-0.8751494036832539,-1.5276393473079195,
2017,Akron,2770.0,0.7532942378401845,17.71956486294271,0.18222984580613075,1313.0,0.04380725024827189,1583.7415823817,-0.509950823835921,132.5016320145321,-0.3174163885503727,11.94434434323076,-0.36161143694646664,0.041635458881144755,-0.36161143694646664,
2017,Alabama,2769.0,0.7525428915372039,30.401271464429822,1.4591526956386187,2942.0,2.3792912353024973,2310.805944787459,0.5114805321716739,190.73745172584128,0.8018938192301729,20.56277344110418,1.1762843995890795,1.6176896522321575,1.1762843995890795,
2017,App State,2276.0,0.38212916416776554,12.167137432832472,-0.3768448655354041,2228.0,1.3556352713192457,1910.179945429816,-0.05134716085641979,118.2793974710018,-0.5907720720616177,6.914680099749519,-1.2591183504894612,0.19693847191872205,-1.2591183504894612,
2017,Arizona,1586.0,-0.13629978488885197,18.2915230243208,0.2398203948041824,2147.0,1.2395062333883726,1791.841223761034,-0.2175977532281742,142.0299564190566,-0.13427908882833223,12.910884971848498,-0.18913930870671075,0.27155742232038815,-0.18913930870671075,
2017,Arizona State,2717.0,0.7134728837822124,21.477863614270614,0.5606534841124096,1811.0,0.7577857797491954,1714.7439663790906,-0.32590942441438553,155.3424763090484,0.12159160171945965,13.884915131494433,-0.015330728260286487,0.5007282483034701,-0.015330728260286487,
2017,Arkansas,3441.0,1.2574476071401706,21.64731989407808,0.5777160611403616,999.0,-0.40637198321214973,1382.3497415907148,-0.7928803025238073,103.31897681272388,-0.8783159177310478,10.25991725544266,-0.6621851697971792,-0.06641451914561737,-0.6621851697971792,
2017,Arkansas State,2712.0,0.7097161522673093,20.006806092754772,0.4125324920669657,1609.0,0.4681800308351662,2084.5530759858266,0.19362452583961431,171.58511375310212,0.43378004488955274,20.517708730784836,1.1682429305942366,0.6076467523935135,1.1682429305942366,
2017,Army,703.0,-0.7997385704207263,12.051752459227586,-0.3884629950154001,2403.0,1.606531340922984,734.4909934793587,-1.703038018678599,57.46139900279664,-1.7597125427153497,9.38831119215108,-0.8177169170115305,-0.8341169954489561,-0.8177169170115305,
2017,Auburn,0.0,-1.3279350214160917,8.639454646975903,-0.7320477493249371,2122.0,1.2036639377306957,1778.7216895232398,-0.2360290013261514,133.1423766438956,-0.3051010814458717,14.911245715687713,0.16781048163020326,-0.38287607820890546,0.16781048163020326,
2017,BYU,0.0,-1.3279350214160917,5.724368548358013,-1.0255681851405494,9.0,-1.8257268912561542,775.5903793752988,-1.6452986992490748,56.838472959655796,-1.7716853711607348,2.342254263267603,-2.0750344039763093,-2.0812271970140186,-2.0750344039763093,
2017,Ball State,2733.0,0.7254944246299021,22.555714326029424,0.6691824262968661,2201.0,1.3169255920089546,1300.1030792627798,-0.9084262213895673,106.14257145544,-0.8240455679378452,14.657561054837153,0.12254230348724279,0.26826433544284034,0.12254230348724279,
2017,Baylor,1988.0,0.16574142890935126,28.822366688374107,1.3001725481229232,1754.0,0.6760653456496921,1862.5405225608504,-0.11827438603282087,129.1376668069463,-0.3820728253299203,23.11993835600623,1.6325918346566846,0.44977791856657817,1.6325918346566846,
2017,Boise State,4735.0,2.2296897231970734,21.265687554230134,0.5392894463084322,604.0,-0.9726802546034444,2298.145988755503,0.4936949319891406,137.88841107428968,-0.21388085288632783,14.512035247774431,0.09657428422890046,0.5688179310784436,0.09657428422890046,
2017,Boston College,100.0,-1.2528003911180312,8.356867506520418,-0.760501488877161,622.0,-0.9468738017299171,1684.0517188785818,-0.3690280609538417,113.30609240654485,-0.6863605114902865,24.134022325003997,1.8135477253542045,-1.1001929845653373,1.8135477253542045,
2017,Bowling Green,2088.0,0.24087605920741179,17.725125926714384,0.18278979011193827,1254.0,-0.04078056750384555,2460.7796898667393,0.7221742392528304,171.55275050536483,0.43315801340225063,8.935287238658299,-0.8985557385665319,0.42144416899887144,-0.8985557385665319,
2017,Buffalo,1765.0,-0.0018087966553236663,11.740350354265153,-0.41981811746128894,827.0,-0.6529669773369666,1269.736963414353,-0.9510866851552666,100.96935440161863,-0.923476376744374,16.105123688765058,0.38084930149822194,-0.8080164044424103,0.38084930149822194,
2017,California,600.0,-0.8771272396277286,14.63802828812746,-0.12805051224242342,1263.0,-0.027877341067081875,2846.788878575628,1.264467204554672,245.38337816426912,1.8522051839430305,11.362434726221858,-0.4654489654653012,0.570873975858939,-0.4654489654653012,
2017,Central Michigan,45.0,-1.2941244377819645,1.69315688088379,-1.431471463970982,1049.0,-0.33468739189679597,3321.1129036948882,1.9308310881611186,223.5060529749085,1.4317163245987803,9.886647899900789,-0.7287923648294847,0.08281497749302341,-0.7287923648294847,
2017,Charlotte,1356.0,-0.30910943457439116,15.828729262509702,-0.00815866098888629,1164.0,-0.16981283187148233,1572.7225551448835,-0.5254311313772565,132.00345822465184,-0.3269914406579233,11.242270110194514,-0.48689146508892095,-0.36700006764614385,-0.48689146508892095,
2017,Cincinnati,2234.0,0.3505726194425801,9.47800547709199,-0.6476139464173954,718.0,-0.8092393864044378,2563.0502790367987,0.8658511844822971,194.9499700149205,0.8828597049136355,17.02554250373778,0.545091328361888,0.1760144099282632,0.545091328361888,
2017,Clemson,73.0,-1.2730867412985074,7.875911644079568,-0.8089290033916187,482.0,-1.1475906574129076,1983.8509631964653,0.05215108698350519,153.64253513606315,0.0889182141552192,28.69875238667508,2.6280905239350725,-0.8462040789218284,2.6280905239350725,
2017,Coastal Carolina,116.0,-1.2407788502703414,8.435996512223017,-0.7525339779859749,0.0,-1.8386301176929178,422.787834244713,-2.1409406268540394,37.80789770342675,-2.1374588289712113,2.809052785048742,-1.9917376111390512,-2.222089163083534,-1.9917376111390512,
2017,Colorado,1078.0,-0.5179837068029993,14.831495075812573,-0.10857031374533459,312.0,-1.3913182678851104,2711.454567027629,1.0743400074225957,198.94485238614828,0.9596425619106577,7.347913470312825,-1.18181101416735,0.004413929625691639,-1.18181101416735,
2017,Colorado State,3033.0,0.9508983155240835,15.137459344713108,-0.07776272778954764,2127.0,1.2108323968622312,2760.132014883117,1.142725523397414,183.34625378558593,0.6598327416448295,14.891473793093615,0.1642823261981108,1.0648388728289688,0.1642823261981108,
2017,Delaware,0.0,-1.3279350214160917,0.8403975350339303,-1.5173359243580566,0.0,-1.8386301176929178,125.29911613744521,-2.558873784419102,9.437481256755527,-2.682746881670801,1.6960159974603874,-2.1903509108603885,-2.7194159235956694,-2.1903509108603885,
2017,Duke,2879.0,0.8351909848650704,19.426237717211617,0.354074979374293,1366.0,0.11979291704254688,1880.4299906709625,-0.09314199801492377,174.5357400559879,0.4904919819162494,17.40446637370363,0.6127075302667354,0.4675255937756365,0.6127075302667354,
2017,East Carolina,1350.0,-0.31361751239227476,32.68730048849777,1.6893332847298628,683.0,-0.8594186003251855,2589.1730402773105,0.9025502840616927,189.17026681099568,0.7717720474175284,9.19515897039367,-0.8521835227334024,0.6001906723547378,-0.8521835227334024,
2017,Eastern Michigan,2698.0,0.6991973040255809,13.935383331497876,-0.1987999333285934,1806.0,0.75061732061766,3397.1411293185697,2.037640908046513,237.93835467103304,1.7091095628209185,9.351328566717235,-0.8243161968841116,1.3692985149543644,-0.8243161968841116,
2017,Florida,1480.0,-0.21594249300479612,22.106032315028617,0.6239038803527247,1447.0,0.23592195497341997,2802.4777896885876,1.202215857977457,208.51394946528185,1.1435635248680522,12.450586917539876,-0.27127614051766247,0.8191142634637169,-0.27127614051766247,
2017,Florida Atlantic,2533.0,0.5752251640337811,11.457712409519731,-0.4482769725047261,2011.0,1.0445241450106104,2235.4509958747926,0.40561657895154274,172.74844532148546,0.4561396322703063,11.589299715517088,-0.4249665621722342,0.5570683576891183,-0.4249665621722342,
2017,Florida International,1891.0,0.09286083752023258,15.03091369895182,-0.08849082408589243,1367.0,0.12122660886885395,2111.4784780115347,0.2314512318703799,167.43384955168622,0.3539914814440136,13.603178110106814,-0.06560464561453565,0.19481209595494564,-0.06560464561453565,
2017,Florida State,3357.0,1.1943345176897997,19.708569276467458,0.3825029844190038,923.0,-0.5153325620114875,1916.3185953956736,-0.04272315192007929,152.5027111776392,0.06701045020407528,29.623032923861985,2.7930216469724853,0.2974877072686151,2.7930216469724853,
2017,Fresno State,3297.0,1.1492537395109634,24.653693780232132,0.8804282773273877,630.0,-0.9354042671194605,2395.620182243145,0.6306335618793301,169.54703334479186,0.3946075181421322,9.917267974883163,-0.7233284356963414,0.5807103558891754,-0.7233284356963414,
2017,Georgia,2430.0,0.4978364948267787,21.458818095590537,0.5587357881150389,481.0,-1.1490243492392147,2151.7986093618006,0.28809579948917124,164.20067218456467,0.2918488268282771,16.05413462222154,0.37175067432897824,0.1335642665921719,0.37175067432897824,
2017,Georgia Southern,0.0,-1.3279350214160917,7.489832359854267,-0.8478033816883417,860.0,-0.6056551470688332,1327.4257826615187,-0.870041358335597,89.5161904696847,-1.1436096789619452,9.00748983629275,-0.8856717114395382,-1.3137566931810423,-0.8856717114395382,
2017,Georgia State,2955.0,0.8922933038915964,16.19672044489798,0.02889442374920137,880.0,-0.5769813105426916,2170.8778797213586,0.3148997057217847,161.84987085292,0.24666570860279433,12.67565985843527,-0.2311135151959264,0.24816532658230395,-0.2311135151959264,
2017,Georgia Tech,120.0,-1.2377734650584191,9.183558782843821,-0.6772618261356533,307.0,-1.398486727016646,1216.8751816887093,-1.025350648816394,79.58006302780886,-1.3345850773788108,9.747787791396446,-0.7535709387789294,-1.5544262309194798,-0.7535709387789294,
2017,Hawai'i,2493.0,0.5451713119145568,13.361638933543706,-0.2565703387427317,1453.0,0.24452410593126242,2048.819982198501,0.14342415249059648,179.93344352439536,0.5942374880448021,13.028611265185866,-0.16813190998958555,0.34817289559579184,-0.16813190998958555,
2017,Houston,232.0,-1.1536226791245914,16.947899143543555,0.10453071425409975,1029.0,-0.3633612284229375,2535.8350960655484,0.8276173737171296,196.7020179596319,0.9165346005149686,17.078389682775047,0.5545215221583558,0.09087954984127047,0.5545215221583558,
2017,Idaho,3192.0,1.0703623776979998,10.546639041101365,-0.5400130801568968,1799.0,0.7405814778335105,1480.1725550028018,-0.6554519067468964,140.7553950851971,-0.15877654620943368,7.973302948212807,-1.0702148214791907,0.1251282906599245,-1.0702148214791907,
2017,Illinois,719.0,-0.7877170295730366,9.291157759339063,-0.6664276698171929,1433.0,0.21585026940512092,1888.9017262572784,-0.08124030565437981,154.21749985898916,0.09996921140528144,6.332102512023229,-1.3630750735127155,-0.33413920162953875,-1.3630750735127155,
2017,Indiana,3351.0,1.189826439871916,13.989818962740602,-0.19331880184028563,457.0,-1.1834329530705845,1557.7153719523658,-0.5465142820180976,116.12956634065344,-0.6320924817533183,13.073303292829198,-0.16015694350109033,-0.3741314341430967,-0.16015694350109033,
2017,Iowa,62.0,-1.2813515506312942,4.2078876762574335,-1.1782628608470553,2421.0,1.6323377937965113,1721.2515649461034,-0.31676709043082635,152.58716939359854,0.068633762861523,26.119295413440447,2.1678052335868636,-0.2946431441281665,2.1678052335868636,
2017,Iowa State,1788.0,0.01547216831323025,20.947785343290512,0.5072798272628798,1294.0,0.016567105548437457,2908.98508517314,1.351844827401177,233.97878337576537,1.6330053954682735,14.03153088106448,0.010831783291842081,0.9655595381528053,0.010831783291842081,
2017,Jacksonville State,0.0,-1.3279350214160917,0.23272600238487912,-1.5785224578125767,0.0,-1.8386301176929178,203.03567453575062,-2.4496639780225786,16.53388622075477,-2.5463518149554205,2.486812876072258,-2.0492389734816165,-2.6688885877908493,-2.0492389734816165,
2017,James Madison,0.0,-1.3279350214160917,0.7160730513363375,-1.5298541743866818,0.0,-1.8386301176929178,277.443123433431,-2.3451311397286716,24.829620398257877,-2.386905275146349,2.22597567948999,-2.095783469477581,-2.583228704874596,-2.095783469477581,
2017,Kansas,944.0,-0.6186641114024004,13.382942368247114,-0.254425292858331,673.0,-0.8737555185882563,2224.6741912647826,0.39047656286024623,156.73479993544615,0.14835248626245465,21.932997741666725,1.4207909358759452,-0.33097480338841934,1.4207909358759452,
2017,Kansas State,1765.0,-0.0018087966553236663,19.95823214208652,0.40764157403329543,2210.0,1.3298288184457183,2021.0106088073182,0.10435558106634513,144.78954036634835,-0.08123904411456033,25.283393686178286,2.0186446648207355,0.48187383904452613,2.0186446648207355,
2017,Kent State,1271.0,-0.3729738703277426,6.749086919118587,-0.922389145963452,1999.0,1.0273198430949255,1658.687367400736,-0.4046616929455725,135.72870493055183,-0.2553910633457281,13.68230915721395,-0.05148428719367319,-0.2542817312823995,-0.05148428719367319,
2017,Kentucky,2356.0,0.44223686840621396,12.864530498706845,-0.3066242580798354,1677.0,0.5656710750240472,2380.1931516250916,0.6089605799286966,185.67343700274415,0.7045619125100061,13.92507503516135,-0.008164486252185294,0.5520209568956576,-0.008164486252185294,
2017,LSU,2142.0,0.28144875956836446,13.658722894044505,-0.22665691230864918,1882.0,0.8595778994169977,1594.6164488414843,-0.49467304353368713,121.00535125249412,-0.5383784093865167,19.546260057829137,0.9948949976263609,-0.03251667071937997,0.9948949976263609,
2017,Liberty,0.0,-1.3279350214160917,2.3724741786830994,-1.3630709081857946,0.0,-1.8386301176929178,136.0596073333632,-2.54375668656385,13.855065240392953,-2.59783957082457,2.3831817666516,-2.0677311893951775,-2.649745156653072,-2.0677311893951775,
2017,Louisiana,7.0,-1.3226755972952273,8.94592220967641,-0.7011894866445137,636.0,-0.926802116161618,1551.6897662708384,-0.554979478361492,131.15627024181956,-0.3432746519494273,15.227656294079718,0.22427164243095044,-1.0545357956772485,0.22427164243095044,
2017,Louisiana Tech,412.0,-1.0183803445880824,9.51440741545806,-0.6439486300417291,1708.0,0.6101155216395666,2159.1273849525837,0.2983917809409362,167.64335633654397,0.35801826571618595,19.672620467950047,1.017443091533152,-0.10844307383766583,1.017443091533152,
2017,Louisville,3532.0,1.3258201207114055,23.640721281117955,0.7784319316447702,2478.0,1.7140582278960146,2008.4153388036657,0.08666085638400287,135.68876718819075,-0.2561586789287501,14.395893751163658,0.07584968093306467,0.9997095336717146,0.07584968093306467,
2017,Marshall,2609.0,0.6323274830603071,28.811045960691615,1.2990326624349189,1125.0,-0.22572681309745826,1489.524756310298,-0.6423132739695127,141.83626171638898,-0.13800196006056759,12.817911117945537,-0.2057298150739685,0.2535206551005825,-0.2057298150739685,
2017,Maryland,531.0,-0.9289701345333904,6.773378977518172,-0.9199431751320294,1988.0,1.0115492330055478,1988.6493881046229,0.05889225312239062,152.98951893085146,0.07636704362198103,20.35904842001656,1.139931154911801,-0.19236418704813713,1.139931154911801,
2017,Massachusetts,3027.0,0.9463902377062,32.61172811779433,1.6817238919249609,1312.0,0.042373558421964816,2080.108231468738,0.18738009440123338,157.23866119296892,0.1580368532318932,12.40093964677471,-0.2801353340131387,0.8263040788987587,-0.2801353340131387,
2017,Memphis,3691.0,1.4452841828853218,28.517822465835543,1.269507946838238,1578.0,0.4237355842196468,3135.804983550151,1.6704974369200016,252.54389170968227,1.9898324371364007,14.831538867792334,0.15358737575677658,1.8627657155802366,0.15358737575677658,
2017,Miami,32.0,-1.3038919397207123,6.00585828303198,-0.9972249435332785,1228.0,-0.07805655498782951,2032.5909962463684,0.12062452705872348,132.72248951964502,-0.3131714399746798,14.35908024601216,0.06928057934183172,-0.7046055073505609,0.06928057934183172,
2017,Miami (OH),2691.0,0.6939378799047167,13.442594418627415,-0.24841891938167032,1645.0,0.5197929365822209,2487.0306263271136,0.7590534084318381,195.20474260839475,0.8877565118264965,8.550179314329581,-0.9672754398852003,0.7156747884957076,-0.9672754398852003,
2017,Michigan,2711.0,0.7089648059643288,18.85622915810718,0.29668073610776,1310.0,0.039506174769350665,1358.1874552132192,-0.826825188581963,131.37698755742463,-0.3390323978588113,14.158479590228199,0.03348485487360147,-0.03307125537616924,0.03348485487360147,
2017,Michigan State,634.0,-0.851581465326388,17.99604010398697,0.21006817733328983,826.0,-0.6544006691632738,1249.3152928649222,-0.9797764899646028,91.04450337575085,-1.1142350390079998,16.21065603285674,0.39968077887714243,-0.9287791209332632,0.39968077887714243,
2017,Middle Tennessee,4043.0,1.7097580815344948,49.39750524456814,3.371886189392049,950.0,-0.4766228827011964,2760.132813489557,1.1427266453361327,238.79544777074977,1.7255831534784722,14.979590135057235,0.1800060449753565,2.047559451894696,0.1800060449753565,
2017,Minnesota,88.0,-1.2618165467537985,7.359658561986885,-0.8609105999965497,1811.0,0.7577857797491954,1739.458809226066,-0.2911882680106113,131.27112932741215,-0.341067025310059,16.561744976570655,0.4623300411335925,-0.5471962631906587,0.4623300411335925,
2017,Mississippi State,2430.0,0.4978364948267787,16.606536313675548,0.07015884213628686,2448.0,1.6710474731068024,2146.106170546423,0.280098659485029,165.04315195385593,0.3080415448202449,14.327209253690713,0.06359343312982599,0.7745977206735845,0.06359343312982599,
2017,Missouri,3374.0,1.20710740484047,16.917494304467503,0.10146924666288945,2147.0,1.2395062333883726,3261.2746737041107,1.846766117353948,226.38544865566368,1.4870591873537902,11.542564935353507,-0.43330604295449293,1.6115379350077275,-0.43330604295449293,
2017,Missouri State,0.0,-1.3279350214160917,0.23272600238487912,-1.5785224578125767,0.0,-1.8386301176929178,72.09824673687014,-2.6336141223897394,7.686058007973569,-2.7164097704259342,2.037203915439254,-2.1294684144591125,-2.7658804931043632,-2.1294684144591125,
2017,NC State,3216.0,1.0883946889695344,19.81749279406138,0.3934705089699582,710.0,-0.8207089210148945,2273.6440729752976,0.4592729105640388,148.14858937118686,-0.016677098250498155,31.102452148580355,3.0570132213472663,0.3024083860738428,3.0570132213472663,
2017,Navy,0.0,-1.3279350214160917,2.678775593148231,-1.3322293749949328,1047.0,-0.3375547755494101,939.4688908858184,-1.4150705944375241,66.09819838181518,-1.5937106257609501,13.174468406158308,-0.14210476661077123,-1.6456739762988413,-0.14210476661077123,
2017,Nebraska,0.0,-1.3279350214160917,8.92092830957959,-0.7037061260167192,616.0,-0.9554759526877595,1507.8777576026323,-0.6165296818060775,119.37388340240783,-0.5697357188108528,13.905557338531572,-0.011647276914477377,-1.143432369299508,-0.011647276914477377,
2017,Nevada,1301.0,-0.3504334812383244,14.01657972337104,-0.190624257028478,619.0,-0.9511748772088383,1428.517359521859,-0.728020772851616,95.91313285020156,-1.0206584963291363,10.155637616398366,-0.6807931110937226,-0.8879520519168151,-0.6807931110937226,
2017,New Mexico,687.0,-0.811760111268416,9.61713994192381,-0.6336044772721203,2539.0,1.8015134293007462,1403.5785275903147,-0.7630566049377809,108.69303269465335,-0.7750249254234627,9.74920094003516,-0.753318772707456,-0.32382847615434884,-0.753318772707456,
2017,New Mexico State,2781.0,0.7615590471729711,12.421278768655398,-0.35125533811634274,1804.0,0.7477499369650459,2156.776845686035,0.2950895774022622,156.94568059012335,0.1524056767313748,8.577337958059818,-0.9624291779221019,0.4398917622830844,-0.9624291779221019,
2017,North Carolina,194.0,-1.1821738386378542,7.0706607527557095,-0.8900098307038383,2.0,-1.8357627340403038,1845.787343467963,-0.1418104350033192,130.33570123628806,-0.3590462383825341,14.791608655702,0.14646212053586175,-1.207933408201326,0.14646212053586175,
2017,North Texas,1574.0,-0.14531594052461924,7.1026750032086445,-0.8867863112511158,594.0,-0.9870171728665152,1277.9661647574285,-0.939525722025532,98.16559852705679,-0.9773654193658914,15.40703327667245,0.2562801571575774,-1.078396692925334,0.2562801571575774,
2017,Northern Illinois,1048.0,-0.5405240958924176,7.3169477118761606,-0.8652111615972856,398.0,-1.268020770822702,1737.3403476768767,-0.2941644323843931,140.16591327289274,-0.17010656634281773,16.426454955722384,0.43818852329727354,-0.859763435970636,0.43818852329727354,
2017,Northwestern,3181.0,1.0620975683652132,30.944573803958242,1.5138578858399072,2186.0,1.2954202146143485,1736.3714343186853,-0.29552563028719864,154.54252773097335,0.10621634618811068,14.768630895655896,0.14236190678385272,1.0088205165605815,0.14236190678385272,
2017,Notre Dame,0.0,-1.3279350214160917,5.620979961633835,-1.0359783967113256,1155.0,-0.182716058308246,2869.2521637959107,1.2960252138167652,182.81427014742187,0.6496078539464833,11.336640179320021,-0.4700518142948453,-0.16466229668317167,-0.4700518142948453,
2017,Ohio,1252.0,-0.38724945008437406,7.510642081046843,-0.845708047887895,1770.0,0.6990044148706053,1577.0423158636852,-0.5193624264911662,139.20772491158203,-0.18852323874664598,14.514763376873946,0.09706109897623186,-0.3402416677720804,0.09706109897623186,
2017,Ohio State,2781.0,0.7615590471729711,27.480134998820272,1.1650230475060601,2483.0,1.7212266870275499,1731.2524162417426,-0.3027171883474201,134.5218606936381,-0.27858697748027794,31.069982456613698,3.051219241548624,0.8401675709769336,3.051219241548624,
2017,Oklahoma,4102.0,1.7540875134103504,36.27893698952508,2.050975677238484,746.0,-0.7690960152678398,2114.513698062581,0.23571532332201356,153.95969401002014,0.09501410439713696,15.051897858812744,0.19290883109219056,0.9224148212906728,0.19290883109219056,
2017,Oklahoma State,4149.0,1.789400789650439,22.37634904247512,0.6511221102657163,1425.0,0.20438073479466431,3113.284249513781,1.638858719504475,227.48164752858602,1.5081284638626813,18.736998625622064,0.8504881952814715,1.5868747807488628,0.8504881952814715,
2017,Old Dominion,140.0,-1.222746538998807,4.24553559852799,-1.1744720861740034,1986.0,1.0086818493529335,2382.8059220226432,0.6126311842769514,187.94133940959557,0.7481516881295961,21.575713568856283,1.357036180155926,-0.007604074520273659,1.357036180155926,
2017,Ole Miss,875.0,-0.6705070063080621,19.078352235705157,0.31904634053096226,545.0,-1.0572680723555619,1824.283358880878,-0.17202075099745462,159.0657875689323,0.19315477916921353,20.3652053256297,1.1410298098291716,-0.380176201572149,1.1410298098291716,
2017,Oregon,1936.0,0.1266714211543598,19.793797133600723,0.3910845895322276,2030.0,1.071764289710445,1520.955860516964,-0.5981566393568619,124.3580561654168,-0.47393839890304496,14.79559075118372,0.14717269644157252,0.1417652930965037,0.14717269644157252,
2017,Oregon State,800.0,-0.7268579790316075,11.113606122934293,-0.4829250836714382,1756.0,0.6789327293023062,1425.60797591458,-0.7321080803814419,125.17677398620326,-0.45820239280506314,14.097889534117222,0.022673001115760795,-0.4715673626066445,0.022673001115760795,
2017,Penn State,3651.0,1.4152303307660976,28.757721406600748,1.293663405463797,2369.0,1.5577858188285434,2826.548537827321,1.2360321446540725,212.48327338448902,1.2198551406258584,21.94369601524009,1.422699964795224,1.8418634114328196,1.422699964795224,
2017,Pittsburgh,523.0,-0.9349809049572352,13.3368616863364,-0.2590651633045337,1251.0,-0.045081642982766776,2222.691265343612,0.38769080850719,160.90073453701496,0.22842301927113856,9.977229485465083,-0.7126287413055075,-0.17069469207587995,-0.7126287413055075,
2017,Purdue,3515.0,1.3130472335607353,24.46706666064882,0.8616367659888106,1162.0,-0.17268021552409646,1510.0741461998634,-0.613444040012597,126.61866881854849,-0.43048873457219705,15.484677444119722,0.2701351927438064,0.2624943685579523,0.2701351927438064,
2017,Rice,318.0,-1.0890068970682591,7.835837752066832,-0.812964049304665,876.0,-0.58271607784792,1229.7753509469196,-1.0072275801316057,107.30432195435789,-0.8017163691941998,19.427218048264407,0.9736528189411994,-1.1763783061132351,0.9736528189411994,
2017,Rutgers,1109.0,-0.4946919714106006,13.954966622602168,-0.19682808894898451,1369.0,0.1240939925214681,1407.1681652604218,-0.7580136284661777,126.3946118222684,-0.4347951783434735,11.969294351266404,-0.35715928992015844,-0.48227296033527806,-0.35715928992015844,
2017,SMU,2937.0,0.8787690704379455,13.820976521930632,-0.21031957133186632,1799.0,0.7405814778335105,3003.095014348045,1.4840571012263322,223.30796071024216,1.4279089308843522,21.696241007590306,1.3785434228462539,1.18387611174421,1.3785434228462539,
2017,San Diego State,2028.0,0.19579528102857546,16.74926905419963,0.0845306221751847,1746.0,0.6645958110392355,1647.9764457747528,-0.419709151968758,116.73150249930409,-0.6205230852865071,12.31761295102162,-0.29500437534487767,-0.02611338335938219,-0.29500437534487767,
2017,San José State,392.0,-1.0334072706476944,7.970415100691025,-0.7994134368415163,611.0,-0.9626444118192949,2058.2339352284926,0.15664953844817409,128.92585451443497,-0.3861439221620181,13.040789682727139,-0.16595876017079356,-0.8287849510474244,-0.16595876017079356,
2017,South Alabama,3194.0,1.071865070303961,16.705727175129702,0.08014638414979831,1403.0,0.17283951461590866,1254.4429674250355,-0.9725727706655688,115.021833625927,-0.6533834422177244,16.98336588903401,0.5375652189728699,-0.082497466331322,0.5375652189728699,
2017,South Carolina,1420.0,-0.26102327118363244,11.06997703726518,-0.4873181025417579,1457.0,0.2502588732364907,2776.680403568378,1.1659738683425536,215.20686817651642,1.2722034628043162,13.991786846260435,0.0037397500502683893,0.5315513803235025,0.0037397500502683893,
2017,South Florida,2948.0,0.8870338797707321,36.110606758246114,2.034026482197772,2337.0,1.5119076803867169,2262.6047472807854,0.44376408631601133,155.20471293904097,0.11894374775136957,21.08997856756069,1.2703603106130175,1.3687260879204943,1.2703603106130175,
2017,Southern Miss,365.0,-1.0536936208281709,3.908496026080078,-1.2084086488844232,2234.0,1.364237422277088,3356.8549171213954,1.981043992449095,218.28115958110524,1.3312922807844985,12.72617261806306,-0.22209988152309543,0.6615221064732009,-0.22209988152309543,
2017,Stanford,2058.0,0.21833567011799362,14.764824695101353,-0.11528336390588663,1261.0,-0.030744724719696023,1377.8206354181584,-0.7992431106856999,111.30808463552694,-0.7247628299329838,11.925567958786132,-0.36496194585414093,-0.3977394580991868,-0.36496194585414093,
2017,Syracuse,3611.0,1.3851764786468734,25.017217994110553,0.9170315823679187,1539.0,0.3678216029936709,2158.0700855234522,0.2969064120445287,202.06572859015282,1.0196267539367776,12.211682401575585,-0.3139069095660128,1.0922471116057584,-0.3139069095660128,
2017,TCU,3218.0,1.0898973815754955,17.600101506013008,0.17020106332638593,2098.0,1.169255333899326,3290.064292905905,1.8872118073103756,252.22835143535866,1.9837676568728595,19.333255244862848,0.9568858417462344,1.7261789366608722,0.9568858417462344,
2017,Temple,29.0,-1.306145978629654,14.113055951191836,-0.18091005186341186,1370.0,0.12552768434777517,2953.360832835479,1.4141870111916377,196.8966377953053,0.9202752530855982,13.96465603459615,-0.001101545483581317,0.26656654044647693,-0.001101545483581317,
2017,Tennessee,148.0,-1.216735768574962,4.538388214582213,-1.1449847144168768,760.0,-0.7490243296995407,1915.5435219626863,-0.043812029808471535,164.17122660972504,0.2912828739035077,12.660213376305293,-0.2338698273134879,-0.7844859984166711,-0.2338698273134879,
2017,Texas,2946.0,0.885531187164771,38.11103785061666,2.2354501747364224,882.0,-0.5741139268900776,2661.8826955983313,1.004697942053968,201.48239890385656,1.0084149795407178,17.030461865318003,0.545969152569377,1.2493532864988017,0.545969152569377,
2017,Texas A&M,881.0,-0.6659989284901786,12.975698668672182,-0.2954307191608579,1859.0,0.8266029874119349,1868.99476182831,-0.10920701496109787,168.9244338081052,0.38264096525033026,14.934982329107829,0.17204610723409175,0.037975925292301156,0.17204610723409175,
2017,Texas State,272.0,-1.123568827005367,15.552868695974054,-0.03593510085194054,206.0,-1.5432896014736603,2225.958246288431,0.3922804940275691,198.93790306618328,0.9595089938624612,8.419070004969537,-0.9906709402375341,-0.3701510110240402,-0.9906709402375341,
2017,Texas Tech,464.0,-0.9793103368330909,21.78362627280358,0.5914407698914773,784.0,-0.7146157258681709,3263.0637500631,1.8492795381538851,250.75878320896632,1.9555221075702973,9.253787455838825,-0.8417216969592904,0.7403864825387269,-0.8417216969592904,
2017,Toledo,4195.0,1.8239627195875467,29.932654407243025,1.411967577188322,849.0,-0.621425757158211,2609.429676799883,0.9310082374166628,157.16748864058155,0.15666889507837373,16.176390138473458,0.39356627985315923,1.0143317465324493,0.39356627985315923,
2017,Troy,3358.0,1.1950858639927802,36.92810630809801,2.1163406286874284,1911.0,0.9011549623799029,2879.4097670016745,1.31029533205213,237.41651691244215,1.6990796820208947,17.158774176682265,0.5688655490219556,1.9786872626747067,0.5688655490219556,
2017,Tulane,1365.0,-0.3023473178475657,12.87695431688645,-0.30537330205205265,1540.0,0.369255294819978,1738.8976799039938,-0.2919765821049006,118.94788417587277,-0.5779235538088154,14.85167886354319,0.15718121116011338,-0.30367236765127975,0.15718121116011338,
2017,Tulsa,9.0,-1.3211729046892662,6.0416255482433865,-0.9936235324882454,1566.0,0.4065312823039619,1513.309968769804,-0.608898127977412,120.72989511059336,-0.5436727604054222,25.280496022926883,2.0181275979400533,-0.8386144831822865,2.0181275979400533,
2017,UAB,0.0,-1.3279350214160917,3.2024602907293866,-1.2794994879645405,0.0,-1.8386301176929178,479.95180687027533,-2.060632641629035,41.84373966785086,-2.059888716106607,3.1864451862966114,-1.9243946886611647,-2.347091767334374,-1.9243946886611647,
2017,UCF,1974.0,0.1552225806676228,7.305587861294978,-0.8663549865755495,1209.0,-0.10529669968766393,2225.1943349614116,0.3912072974538228,162.11142539836266,0.2516928666999357,13.519841632235034,-0.08047543249403458,-0.047543834915636664,-0.08047543249403458,
2017,UCLA,1916.0,0.1116444950947477,13.096747856408829,-0.28324225915055756,657.0,-0.8966945878091694,2913.2297164468478,1.3578079851377352,215.897233723806,1.2854724990780717,12.9150704324867,-0.18839244377153785,0.4315186569824997,-0.18839244377153785,
2017,UConn,2010.0,0.18227104757492457,11.624884888175723,-0.43144435174105555,1191.0,-0.1311031525611913,1232.7977835374115,-1.0029814534075114,107.90669039596493,-0.790138664117187,12.58073513244923,-0.2480521404628248,-0.5954718969289925,-0.2480521404628248,
2017,UL Monroe,2095.0,0.246135483328276,15.849386433413672,-0.006078687498797741,1565.0,0.40509759047765487,1558.0474348169485,-0.5460477766582033,158.93294461018692,0.19060149700554538,12.149582891540234,-0.32498811437140224,0.07937485402755708,-0.32498811437140224,
2017,UNLV,1323.0,-0.3339038625727511,17.231413058952988,0.13307777090886633,2133.0,1.2194345478200737,2162.981262888214,0.3038059807961642,160.5642478862207,0.22195564326642236,6.9081510723326724,-1.260283407829606,0.4231298567978769,-1.260283407829606,
2017,USC,3086.0,0.9907196695820557,33.02352437975411,1.7231877163845477,344.0,-1.345440129443284,2487.2318776034836,0.7593361404357016,173.88224736365723,0.4779316531553293,12.354821143692003,-0.28836484464352097,0.7139249281829552,-0.28836484464352097,
2017,UTEP,2066.0,0.22434644054183847,16.910647886111676,0.10077987982033501,437.0,-1.212106789596726,1553.4034910178914,-0.5525719168267551,113.85517081212735,-0.6758070571508945,9.444897085171666,-0.8076195769632754,-0.5795707581667346,-0.8076195769632754,
2017,UTSA,2170.0,0.3024864560518214,20.22745563763154,0.4347497262699115,1480.0,0.28323378524155346,2689.253394934288,1.0431502331896458,192.11967436023926,0.8284605596276902,19.50377410092648,0.9873136883773302,0.7923785455714054,0.9873136883773302,
2017,Utah,2867.0,0.8261748292293032,14.810623014649373,-0.1106719245663313,1175.0,-0.1540422217821045,2390.0479295181844,0.6228052677816242,184.3571929685141,0.6792633009209977,16.239640073928935,0.4048527696871502,0.5105737772707146,0.4048527696871502,
2017,Utah State,2390.0,0.46778264270755454,11.503908985157569,-0.4436254327025789,1543.0,0.3735563702988992,1607.0216337484014,-0.4772453638175881,105.83306530481639,-0.829994370504397,12.799912644521921,-0.2089415114316033,-0.24919394401184575,-0.2089415114316033,
2017,Vanderbilt,2409.0,0.482058222464186,9.393479044572803,-0.656124924985999,1949.0,0.9556352517795718,2902.105410175574,1.3421797741747976,219.50094593752016,1.3547369464012085,10.331501510417961,-0.6494114814094453,0.9530429221276958,-0.6494114814094453,
2017,Virginia,2558.0,0.5940088216082962,27.154195973792795,1.132204200501596,149.0,-1.6250100355731636,2000.3693858473457,0.07535733352757558,147.04872955491825,-0.03781673920652669,11.54357896131697,-0.43312509741446037,0.03801326654273136,-0.43312509741446037,
2017,Virginia Tech,0.0,-1.3279350214160917,3.1756232858186584,-1.2822017098238252,923.0,-0.5153325620114875,1938.3692475735434,-0.01174483869294352,168.5660627988149,0.3757529652039714,13.525062435282155,-0.07954381825455308,-0.7565911066279081,-0.07954381825455308,
2017,Wake Forest,1774.0,0.00495332007150178,16.318540771150385,0.041160529806843676,2058.0,1.1119076608470428,2546.4715334967123,0.8425601920839312,177.36836672419642,0.5449359299927882,14.815891403581734,0.1507951998522653,0.697426429869353,0.1507951998522653,
2017,Washington,3523.0,1.31905800398458,27.07580976912069,1.1243114823523115,349.0,-1.3382716703117485,2092.21932254159,0.20439461033259052,145.76639020664578,-0.06246369239573875,13.43690973313117,-0.09527402524213624,0.34166363126474764,-0.09527402524213624,
2017,Washington State,4713.0,2.2131601045315,61.873328613769175,4.628078627146353,1275.0,-0.01067303915139697,2427.357275230145,0.6752200711371714,207.8373326939656,1.1305587442597576,12.672968847087285,-0.23159370655111883,2.3662043584637993,-0.23159370655111883,
2017,West Virginia,15.0,-1.3166648268713825,19.652566224470085,0.376864029110937,1672.0,0.5585026158925119,1935.098723811329,-0.0163395014133664,153.19141641676444,0.08024757484877411,11.522523237829125,-0.43688233775599655,-0.08695922878219263,-0.43688233775599655,
2017,Western Kentucky,4480.0,2.038096415937019,26.208638029784204,1.0369958360056368,926.0,-0.5110314865325662,1640.658543116392,-0.42998985835729325,129.00664152859406,-0.3845911711223205,13.123189575251256,-0.15125510011804855,0.47932624415398223,-0.15125510011804855,
2017,Western Michigan,0.0,-1.3279350214160917,2.938342486987655,-1.3060935473639153,2325.0,1.494703378471032,1172.0341261010542,-1.0883465300368096,99.59784226683003,-0.9498372580743513,14.024129775571266,0.009511109977190972,-0.8705807864539953,0.009511109977190972,
2017,Wisconsin,1271.0,-0.3729738703277426,7.942914937654799,-0.8021824321872183,1003.0,-0.4006372159069214,2436.0904020675594,0.6874889843847004,160.66254664157353,0.22384497531023967,13.731354388828628,-0.042732523195203334,-0.18205006787769676,-0.042732523195203334,
2017,Wyoming,3202.0,1.077875840727806,28.91157292398781,1.309154736733825,863.0,-0.6013540715899119,1189.6648589520787,-1.0635776315807752,97.13253065680526,-0.9972212987582457,14.654574697549767,0.12200940980249798,-0.07537863725658535,0.12200940980249798,
2018,Air Force,1133.0,-0.3199096139978356,16.140464928235172,0.010673518884970907,2254.0,1.5116859568300642,1482.0655521324159,-0.8254784287897352,102.13018322452812,-1.174792711301412,7.451799063947062,-1.157367993790398,-0.21442976809616252,-1.157367993790398,
2018,Akron,1169.0,-0.2904981618978355,21.733162064677828,0.6730847424739664,856.0,-0.610435971447928,1538.6428786262638,-0.7371602258290703,138.729863835986,-0.4715315195841787,20.055863477564934,0.7969090883728832,-0.38609797841192667,0.7969090883728832,
2018,Alabama,2716.0,0.9733772936216115,26.00677280401682,1.179260501669333,2470.0,1.839567456478166,1965.3274748698102,-0.0710980573502442,151.13685811519395,-0.23313169104324022,21.333636289793663,0.995029475670488,0.9912141395187275,0.995029475670488,
2018,App State,52.0,-1.203070161778393,10.646373360602562,-0.6400586464795884,1597.0,0.5143797287337545,1802.4654890991285,-0.32532848507178086,142.76293652489858,-0.39403621202679673,9.383044149620405,-0.8579258545631412,-0.5504698534123788,-0.8579258545631412,
2018,Arizona,1606.0,0.066524187204943,17.85853029458575,0.21416492093397443,2520.0,1.9154659517670785,2340.5412485241186,0.5146172506864752,184.35583786727813,0.40516948803228936,17.282133506124318,0.36683853831768326,0.8374691116812721,0.36683853831768326,
2018,Arizona State,3267.0,1.4235359077077236,26.077437072059077,1.187630131405383,805.0,-0.6878524366426187,2975.263711945953,1.5054301932930572,233.95564365506016,1.3582274913947257,12.206787762392231,-0.42010062237988766,1.2865903314591953,-0.42010062237988766,
2018,Arkansas,1038.0,-0.3975231681506135,12.1655275611067,-0.46012671592337956,1218.0,-0.060930865556201905,2522.9501576155426,0.7993607699250809,190.0479722226133,0.5145435897531233,13.011669170741838,-0.29530268113028096,0.10625080117981033,-0.29530268113028096,
2018,Arkansas State,4028.0,2.0452613257105026,29.09305708642677,1.5448067306137157,1558.0,0.4551789024084028,2182.478182436338,0.2678780210969763,178.5819263509252,0.2942240418966467,12.952570251920811,-0.30446604771128444,1.23831340307243,-0.30446604771128444,
2018,Army,76.0,-1.1834625270450596,3.227157310696796,-1.518806746330245,1531.0,0.41419371495239005,753.3759298887832,-1.962975761040692,59.010140858994156,-2.0033423563873742,11.65778958299691,-0.5052235259872707,-1.680988238654409,-0.5052235259872707,
2018,Auburn,3201.0,1.3696149121910568,11.871476903130397,-0.49495471597330315,1177.0,-0.12316763169311012,2515.877442796333,0.788320137544656,185.098168984358,0.41943334655030473,23.3006208447728,1.3000130675197683,0.526584947326899,1.3000130675197683,
2018,BYU,0.0,-1.2455533703672819,3.9386901363202904,-1.434531249526785,23.0,-1.8749049029612097,987.8122854313954,-1.5970164817095551,65.22188103558439,-1.8839840525376117,2.3362908126512267,-1.9505344051206492,-2.1598264311520188,-1.9505344051206492,
2018,Ball State,1089.0,-0.3558569443422801,20.164599280386934,0.4873007516964522,1902.0,0.9773605499961205,2202.6586944954997,0.2993801557919585,206.83910660263228,0.8371844701404666,8.964020984301932,-0.9228959580158538,0.6034859728947429,-0.9228959580158538,
2018,Baylor,1579.0,0.04446559812994296,21.912580185638262,0.6943354152960309,1192.0,-0.10039808310643639,2775.4441901987516,1.1935084011049566,206.30053705696793,0.8268358809129434,23.17523771478373,1.2805722451479944,0.7145892991595747,1.2805722451479944,
2018,Boise State,2877.0,1.1049118432910563,14.87383927533229,-0.13934838076366401,1306.0,0.07265048615228402,1850.887187695067,-0.24974136087705134,164.87148133332514,0.030778466936287933,24.448876678511724,1.4780516736944367,0.22018943144539987,1.4780516736944367,
2018,Boston College,1366.0,-0.12955216012839074,12.77040705751463,-0.38848347160596386,1922.0,1.0077199481116854,1953.0800905009803,-0.09021644002145812,148.48294931895458,-0.28412642737894067,22.42140169852774,1.163688960365139,0.03100022627424388,1.163688960365139,
2018,Bowling Green,1542.0,0.014237161249387339,15.808353936294017,-0.02866242997333382,843.0,-0.6301695802230454,1335.1925878608135,-1.0547497123910266,129.22731117448336,-0.6541226350648972,11.486067596539547,-0.5318492501683209,-0.6325394406315473,-0.5318492501683209,
2018,Buffalo,2453.0,0.7585102963355,15.816516617191947,-0.027695624278433646,1551.0,0.44455311306795503,2383.900961296614,0.5823025258712928,188.09533134906832,0.47702368453036753,15.36003613273629,0.06881476414210774,0.6006168652248881,0.06881476414210774,
2018,California,3090.0,1.27892960154939,26.526917707742186,1.240867596370595,1259.0,0.0013059005807063082,2767.408898911779,1.1809651699077726,244.42353983158358,1.559367638436596,13.306038362497898,-0.24966034336800774,1.4141117966382502,-0.24966034336800774,
2018,Central Michigan,0.0,-1.2455533703672819,2.013860854854581,-1.6625122197866253,1190.0,-0.10343402291799288,1689.2237034976188,-0.502100906537644,139.45422189425472,-0.45761301257052583,11.642279096381747,-0.5076284477276313,-1.0673397913142466,-0.5076284477276313,
2018,Charlotte,1542.0,0.014237161249387339,16.704605757013915,0.07749158672433408,1845.0,0.8908362653667603,1123.609533688412,-1.385034585845898,108.97888757003435,-1.0431951700312878,14.103189089090383,-0.12606105468725934,-0.38855012255219207,-0.12606105468725934,
2018,Cincinnati,2562.0,0.8475616374160557,16.520971647154404,0.055741562999271924,1289.0,0.046844997754053784,2037.5750610341795,0.04168169690302052,183.8938549185838,0.3962925067684118,18.26306594333258,0.5189334275754272,0.37308451502129497,0.5189334275754272,
2018,Clemson,2785.0,1.0297492434799451,23.03847091957013,0.8276883647757346,2263.0,1.5253476859820685,2428.1049256779406,0.6513056926844248,187.17674135333215,0.4593730197073879,39.2215352358469,3.768572184683845,1.2077046213330145,3.768572184683845,
2018,Coastal Carolina,797.0,-0.5944165002645028,12.912373202889608,-0.37166869230148886,874.0,-0.5831125131439197,1780.5772801142098,-0.35949636473972,137.8752996935503,-0.4879519305595689,10.523259579454306,-0.6811339237915229,-0.6441445723939713,-0.6811339237915229,
2018,Colorado,3099.0,1.28628246457439,24.683798822423626,1.022564583305877,1019.0,-0.36300687680607346,2109.249887386098,0.15356736300298188,140.70319993291724,-0.4336139565890514,12.697834902097744,-0.34396310515556405,0.4477139682772834,-0.34396310515556405,
2018,Colorado State,82.0,-1.1785606183617263,18.85982267862316,0.33276017061388946,867.0,-0.5937383024843673,1723.7170745523204,-0.4482561469069833,159.38921533706554,-0.07456302384801691,14.131511327425557,-0.12166965366948973,-0.5274213227009543,-0.12166965366948973,
2018,Delaware,0.0,-1.2455533703672819,0.0,-1.9010382834115764,0.0,-1.9098182107941093,49.65794181290324,-3.061491932615439,1.6096729237607703,-3.1062897267155636,0.2043995295863619,-2.281087006205099,-3.0167167143535965,-2.281087006205099,
2018,Duke,2764.0,1.0125925630882784,14.578728275470583,-0.1743019700147543,1581.0,0.4900922102413025,2216.7966334899884,0.32144972752572576,192.68748805406094,0.5652617659275688,26.36824082095165,1.7756516567478122,0.5953490703271154,1.7756516567478122,
2018,East Carolina,20.0,-1.2292136747561708,11.436663266729006,-0.5464549896149811,710.0,-0.8320595776915525,2118.4433575575667,0.16791853183392458,197.9643263392936,0.6666559726248283,7.4132486288953965,-1.1633452904192136,-0.476569070115785,-1.1633452904192136,
2018,Eastern Michigan,52.0,-1.203070161778393,9.39696268094872,-0.7880415672213124,1472.0,0.3246334905114734,1639.3277970613954,-0.5799892951312603,141.01269155964306,-0.4276670891136679,11.47279011375662,-0.533907941671314,-0.7187249607822882,-0.533907941671314,
2018,Florida,1437.0,-0.07154624070894618,18.158338469175384,0.2496748537851251,1419.0,0.24418108550522616,2210.760906815088,0.3120278518995083,165.98020009998152,0.05208244741074948,10.106831389483903,-0.7457016728381417,0.21136545532827247,-0.7457016728381417,
2018,Florida Atlantic,121.0,-1.1466982119200595,10.242769750424486,-0.6878623366742356,2398.0,1.730273623262132,2370.8956628360643,0.5620010259563449,205.85608520420936,0.8182957588569584,24.147119807154997,1.4312638663074329,0.34295211932002606,1.4312638663074329,
2018,Florida International,1280.0,-0.19981285125616866,14.897483264708423,-0.1365479351913276,1027.0,-0.3508631175598475,1797.9464902068462,-0.3323827219203708,158.3402630118335,-0.09471859487959293,13.488050545012985,-0.22143911049494788,-0.2994962721079747,-0.22143911049494788,
2018,Florida State,2439.0,0.7470725094077222,31.742924057238866,1.8586627431351088,1932.0,1.022899647169468,2067.4057197610814,0.0882478804815134,162.96281877738022,-0.0058963969219410625,27.794683073300877,1.9968234400166738,0.997398754762253,1.9968234400166738,
2018,Fresno State,2728.0,0.9831811109882782,26.15333354532604,1.1966194749182404,1548.0,0.4399992033506203,2815.510141992481,1.256052057400126,239.11048125158115,1.4572774604292436,14.14072582167777,-0.12024093398432467,1.433380772791821,-0.12024093398432467,
2018,Georgia,2585.0,0.8663522873688335,13.651404525827584,-0.2841362136145915,1175.0,-0.12620357150466663,2603.698306278884,0.9254100519306984,188.06898915773095,0.4765175205266697,18.705280566983717,0.5874993977290828,0.4993570241294609,0.5874993977290828,
2018,Georgia Southern,357.0,-0.953889803708948,6.281482129322743,-1.1570458658490328,2064.0,1.2232716747321968,1189.466690522756,-1.282230404309671,105.26244897159498,-1.1146063679985228,15.00713201892568,0.014096508253469654,-0.8827725668631465,0.014096508253469654,
2018,Georgia State,102.0,-1.162220922750615,4.906088932402952,-1.3199504301872202,536.0,-1.096186341296968,2416.4790323909792,0.6331574685362136,192.9988374576778,0.5712443305010834,14.685844326781337,-0.035719579076299114,-0.6380461713370388,-0.035719579076299114,
2018,Georgia Tech,927.0,-0.48820847879228035,12.156945172548706,-0.4611432327071997,1519.0,0.3959780760830511,835.5127258366028,-1.8347587761704884,57.402065785977825,-2.034241445486699,9.831034683484381,-0.7884643217887971,-1.188597780369495,-0.7884643217887971,
2018,Hawai'i,22.0,-1.2275797051950597,7.077740728998032,-1.0627352639272445,161.0,-1.6654250559638113,1613.0812819442979,-0.6209605674195335,146.6131528223759,-0.320054481681168,12.21005971385567,-0.41959330191966837,-1.3160968295075162,-0.41959330191966837,
2018,Houston,2198.0,0.5501791772938329,11.692404243434122,-0.5161644716112055,1066.0,-0.2916622912344958,1316.003873381221,-1.0847036335991482,95.53647406213445,-1.3014905317717396,19.828830949317034,0.7617073905474511,-0.7105831705676794,0.7617073905474511,
2018,Idaho,396.0,-0.9220273972672813,4.3884770031968845,-1.3812575138723815,571.0,-1.043057394594729,905.5683512597055,-1.7254007112338803,80.79901673443024,-1.5846701013748279,10.565454726064353,-0.6745915097501094,-1.7890386732071564,-0.6745915097501094,
2018,Illinois,0.0,-1.2455533703672819,6.957009689168368,-1.0770349111042072,550.0,-1.0749347626160723,2206.0633026490286,0.3046948090733856,200.08038935791757,0.7073160269030174,9.31712890220917,-0.8681461020288492,-0.6411521520438603,-0.8681461020288492,
2018,Indiana,1242.0,-0.23085827291727984,15.226042467242827,-0.0976326680022529,866.0,-0.5952562723901456,1809.1321912881829,-0.31492164555674584,173.73815469615502,0.20115119072883064,10.49148797005834,-0.6860601544158994,-0.2788527694170362,-0.6860601544158994,
2018,Iowa,2431.0,0.7405366311632777,21.031944791886968,0.5900310422039421,462.0,-1.2085161143245582,1907.9435240386422,-0.16067541510579314,165.78558951005462,0.048343013811705,25.449428910992467,1.6331886385080876,0.0026122100257393874,1.6331886385080876,
2018,Iowa State,2320.0,0.6498513205216109,21.084820474958704,0.5962937532120929,1352.0,0.14247710181808348,2253.179155278188,0.37824348471855485,196.062902358314,0.6301201976540268,19.19040187345791,0.6627181065677414,0.6442359154572372,0.6627181065677414,
2018,James Madison,1091.0,-0.354222974781169,3.8597054034560534,-1.4438863732291793,269.0,-1.5014843061397602,499.4109369823058,-2.359419587188204,32.8089218112754,-2.5067975839768315,2.527645853048899,-1.9208645496094732,-2.1947182521355995,-1.9208645496094732,
2018,Kansas,2712.0,0.9701093544993893,22.22095335019372,0.7308598042038704,1040.0,-0.33112950878473024,2424.866752304362,0.646250847025349,199.10390734433173,0.6885529696005492,12.634036771465771,-0.35385509082680644,0.7269247976137467,-0.35385509082680644,
2018,Kansas State,1295.0,-0.1875580795478353,14.905306669976424,-0.13562131404060582,1969.0,1.0790645336832632,1881.7308077910832,-0.20159392676353236,145.84791113262398,-0.33475856580692304,17.760597376548876,0.44102500277303747,0.05900360892119786,0.44102500277303747,
2018,Kennesaw State,0.0,-1.2455533703672819,0.5980260049804049,-1.8302067815382101,0.0,-1.9098182107941093,70.32208697356765,-3.029234838132428,3.174673003927529,-3.0762183216369334,1.9640465925892174,-2.0082513704075726,-2.9809274104062404,-2.0082513704075726,
2018,Kent State,232.0,-1.0560129012783928,7.810323455598347,-0.9759665710285363,1326.0,0.103009884267849,1655.3176165214427,-0.5550289053798922,131.54632035378822,-0.6095629795762485,18.47917022202477,0.5524406856587225,-0.8314539699888374,0.5524406856587225,
2018,Kentucky,0.0,-1.2455533703672819,16.056615405568053,0.0007421988881564949,1732.0,0.7193056660138182,2002.59364747785,-0.012924905666911884,179.53637713776826,0.31256377018325293,14.313153648136879,-0.09350576836487656,-0.06070599111878431,-0.09350576836487656,
2018,LSU,243.0,-1.0470260686922814,7.505013920087478,-1.012128097043117,237.0,-1.5500593431246643,1983.9378275468946,-0.04204696910055434,167.58525682221838,0.08292353903767154,17.68301149573942,0.4289952079553,-0.9590589810561304,0.4289952079553,
2018,Liberty,0.0,-1.2455533703672819,3.4048878704931353,-1.4977559519261099,0.0,-1.9098182107941093,250.1014994192971,-2.748596009462121,21.019642275700978,-2.7333280519252345,2.1860139042537257,-1.97383504120295,-2.723989472272831,-1.97383504120295,
2018,Louisiana,1160.0,-0.29785102492283555,13.241119956433396,-0.3327312111625827,1451.0,0.29275612249013017,2207.9142394385244,0.3075841539960345,183.1659588131451,0.38230601633994343,10.662004840943633,-0.6596212850196688,0.09462396665549436,-0.6596212850196688,
2018,Louisiana Tech,2994.0,1.2004990626160565,12.36295738861538,-0.4367426973680365,744.0,-0.780448600895092,2601.398656373072,0.9218202579318235,202.28734240032819,0.7497225288380036,21.98729529573049,1.096380180723359,0.4447728200910898,1.096380180723359,
2018,Louisville,229.0,-1.0584638556200594,11.044457271796505,-0.592908721448461,441.0,-1.2403934823459015,3054.4415462123634,1.6290281868724654,223.98669663587015,1.1666746296277641,6.657420307653082,-1.2805374847607385,-0.0258188387036234,-1.2805374847607385,
2018,Marshall,0.0,-1.2455533703672819,9.293487573275653,-0.8002973842291894,1635.0,0.572062585153328,2374.8479498320435,0.5681706155552391,224.30312104916126,1.1727547102804319,15.571661365351128,0.10162754012727407,0.07179823357414791,0.10162754012727407,
2018,Maryland,1537.0,0.010152237346609553,22.970684018973046,0.8196595367036352,1722.0,0.7041259669560357,1772.7511760251343,-0.371713051037285,153.80373879200874,-0.18188770061461093,8.25255034390657,-1.033210434483813,0.2634843654606332,-1.033210434483813,
2018,Massachusetts,3559.0,1.6620954636299463,26.88113038729748,1.2828213172231069,1785.0,0.7997580710200654,2345.1441315198167,0.5218024320976624,211.5322511317834,0.9273630279675197,10.73989316517456,-0.6475445959440285,1.3959441842505234,-0.6475445959440285,
2018,Memphis,0.0,-1.2455533703672819,12.654338000707018,-0.4022309433651186,2059.0,1.2156818252033057,2277.587131056684,0.4163447647233394,168.33758606570657,0.09737951109808332,14.696442787175465,-0.034076273585724084,0.021937420566620635,-0.034076273585724084,
2018,Miami,3119.0,1.302622160185501,28.807139743246182,1.5109420580736188,1774.0,0.7830604020565046,2455.281458711792,0.693728739317989,182.4011103469729,0.3676094879873172,16.901018496195682,0.30774614517129073,1.2519168393848545,0.30774614517129073,
2018,Miami (OH),2088.0,0.4603108514327216,21.106325325246438,0.598840834494105,1601.0,0.5204516083568675,1565.689354727833,-0.6949402003570483,131.00866987473782,-0.6198939089807515,15.255441147551615,0.052597171487251855,0.07116179583812418,0.052597171487251855,
2018,Michigan,2932.0,1.149846006221612,20.23121599366003,0.4951909802345162,1882.0,0.9470011518805556,2482.7366623277317,0.7365867956374691,210.0496722035934,0.898875341560569,19.873817421678552,0.7686826033881995,1.1362217683099776,0.7686826033881995,
2018,Michigan State,2802.0,1.0436379847493895,17.962190323202186,0.22644264038093864,811.0,-0.6787446172079493,2399.438354293254,0.6065566699462362,202.24663719778718,0.7489403802298784,23.8525858411139,1.3855959800713966,0.523248718084873,1.3855959800713966,
2018,Middle Tennessee,1676.0,0.12371312184383201,16.675960496387116,0.07409877969779569,1443.0,0.28061236324390415,2498.522573200714,0.761228880493681,221.17154816882982,1.1125816803802253,23.1018029304816,1.2691860834079607,0.632208217361505,1.2691860834079607,
2018,Minnesota,0.0,-1.2455533703672819,10.855172148985089,-0.6153280634492432,1348.0,0.13640522219497048,1319.9518868289704,-1.0785407150842963,111.12088304540707,-1.0020368247808116,10.28497827027749,-0.7180797601781563,-1.0226811638662374,-0.7180797601781563,
2018,Mississippi State,1784.0,0.2119474781438322,17.661904805125264,0.19087616992802373,3025.0,2.682040754185094,2103.0514810933932,0.14389154162864914,188.9430790427661,0.4933131177545142,28.26861662250576,2.0703074720943513,1.0003774371022751,2.0703074720943513,
2018,Missouri,3958.0,1.9880723910716136,26.577254890598734,1.246829641887195,1447.0,0.28668424286701716,2389.064340938421,0.5903626524171749,174.55507447841063,0.21684826704229465,14.973596556931605,0.008896789919440278,1.1634472580277262,0.008896789919440278,
2018,Missouri State,0.0,-1.2455533703672819,0.3630514386389424,-1.8580376806920924,0.0,-1.9098182107941093,175.7224670889384,-2.8647029887143973,7.378310438725147,-2.995445620275778,1.7960624978249085,-2.034297529471243,-2.9224771961175424,-2.034297529471243,
2018,NC State,3513.0,1.6245141637243907,20.95680155600789,0.5811309137670287,786.0,-0.7166938648524055,2670.016680603496,1.0289342020910863,179.96317928850078,0.32076475402073673,18.552194159333833,0.5637631450217707,0.7629416686302948,0.5637631450217707,
2018,Navy,200.0,-1.0821564142561706,12.473965134939576,-0.4235946982405101,3299.0,3.0979645083683347,504.3033427821122,-2.351782455581425,43.33218662739728,-2.304593531053346,14.593484142645831,-0.050040149428620125,-0.8235524566171148,-0.050040149428620125,
2018,Nebraska,276.0,-1.0200655709339481,12.267405808121847,-0.4480600345680343,1043.0,-0.32657559906739553,2600.9048223443583,0.9210493743167848,196.703593287588,0.6424310446044945,10.548749301786334,-0.6771817081768228,-0.06214502018119314,-0.6771817081768228,
2018,Nevada,2802.0,1.0436379847493895,35.056636686684136,2.2511460805913805,1369.0,0.16828259021631373,2146.069176174769,0.2110429211748363,186.38018286031965,0.4440671846369835,13.85460095146034,-0.16460497864111984,1.106838977420003,-0.16460497864111984,
2018,New Mexico,882.0,-0.5249727939172805,13.941289924707185,-0.2498015559194386,1307.0,0.07416845605806227,1755.5322070218563,-0.3985921648704611,142.5679164385016,-0.39778351408181495,8.575726028360767,-0.9831016114156846,-0.4023425047513805,-0.9831016114156846,
2018,New Mexico State,381.0,-0.9342821689756147,7.099252447029764,-1.0601873692146828,514.0,-1.1295816792240894,2266.6284251582197,0.3992380318374712,179.30367421662987,0.30809239417936973,16.759246926417266,0.28576427324266696,-0.6495400572779109,0.28576427324266696,
2018,North Carolina,930.0,-0.4857575244506137,21.753216215430356,0.6754599997449994,1099.0,-0.24156928434381356,2042.7692607649628,0.04978993415052348,170.61989985195575,0.14123406628476948,21.611871568499247,1.0381702285879477,0.037401163752614625,1.0381702285879477,
2018,North Texas,4070.0,2.079574686493836,30.780471706660197,1.7446677915689597,1276.0,0.027111388978936543,3046.813044600903,1.6171199615221572,267.2712527801059,1.9983853994593754,15.086155297117042,0.026349173461998603,2.0068616068187373,0.026349173461998603,
2018,Northern Illinois,1671.0,0.11962819794105423,16.487072755595424,0.0517265044884909,1335.0,0.11667161341985324,2223.144162517749,0.33135833211547133,155.8499131250702,-0.14257055423821535,19.540581418443544,0.7170139144079807,0.12815293138229122,0.7170139144079807,
2018,Northwestern,2844.0,1.077951345532723,16.25265753603511,0.023961855585010357,890.0,-0.5588249946514676,1826.946420718456,-0.28711331971473575,154.41762317709976,-0.17009194018656631,19.832495078201763,0.7622755186425266,0.02308268883586801,0.7622755186425266,
2018,Notre Dame,2327.0,0.6555702139854998,29.42441366343881,1.584053324925529,1742.0,0.7344853650716007,2035.7953869095359,0.03890359425511242,162.15007335466285,-0.02151326310748936,14.653155289386623,-0.0407880581416272,0.8040227863516134,-0.0407880581416272,
2018,Ohio,2432.0,0.7413536159438333,23.526542958568896,0.8854966795593227,2279.0,1.5496352044745205,1801.4856148358765,-0.32685808605190547,135.59635947828818,-0.5317416627337842,15.38795210512587,0.07314317308044298,0.6229762448984679,0.07314317308044298,
2018,Ohio State,565.0,-0.7839569693533921,9.330670648563222,-0.7958933398482511,2370.0,1.6877704659003412,3137.8519504970573,1.7592332967842557,241.35192780335365,1.5003467535715593,34.89038709896036,3.0970218604704525,0.9050802579923493,3.0970218604704525,
2018,Oklahoma,377.0,-0.9375501080978369,10.016000219540583,-0.7147214135669736,2041.0,1.1883583668992972,3054.542612702832,1.6291859534438264,177.93951719030193,0.2818801792092617,24.638029153402453,1.5073800184713826,0.3889501143420954,1.5073800184713826,
2018,Oklahoma State,155.0,-1.1189207293811705,4.814787927684357,-1.330764319939351,2056.0,1.2111279154859709,2544.9054694744113,0.8336333983609104,219.1153973873394,1.0730728370028169,23.02208415816328,1.2568255809027877,0.17957788389219664,1.2568255809027877,
2018,Old Dominion,411.0,-0.9097726255589479,9.433273713097886,-0.7837408095280382,899.0,-0.5451632654994634,1956.0048112453276,-0.08565089943638617,148.6979137378401,-0.27999589588586227,23.00240894645142,1.2537749129536733,-0.6999618817052158,1.2537749129536733,
2018,Ole Miss,1677.0,0.12453010662438757,15.643964347804582,-0.04813309069390376,499.0,-1.152351227810763,2761.4156755581917,1.1716096427145906,206.62094056668158,0.8329924197216746,18.838589080325903,0.6081690614131572,0.24959191818444523,0.6081690614131572,
2018,Oregon,2314.0,0.6449494118382776,30.495214378769298,1.7108812926765615,1179.0,-0.12013169188155362,2478.061495389144,0.7292887777185406,162.66838567014375,-0.011553915632946042,16.93097424841348,0.31239082470616797,0.7937919907752615,0.31239082470616797,
2018,Oregon State,854.0,-0.5478483677728361,13.583028800579575,-0.2922347833601594,425.0,-1.2646810008383536,1644.3459845609134,-0.5721558160762664,152.73147642439477,-0.20249117304616196,8.676394597869228,-0.9674928147745006,-0.7738969616060408,-0.9674928147745006,
2018,Penn State,3727.0,1.7993489067632797,37.78454424681432,2.5742453903982554,1038.0,-0.3341654485962868,1868.9614448340512,-0.22152712720276085,163.8363240433933,0.010887966878089385,25.23702909040673,1.6002557616197544,1.0290606520444174,1.6002557616197544,
2018,Pittsburgh,501.0,-0.8362439953089478,12.069147566300773,-0.4715421723179134,1200.0,-0.08825432386021038,2056.598178210633,0.07137711780484064,170.03315341716058,0.12995976033247347,12.716356536985021,-0.34109130083938705,-0.32109950649142943,-0.34109130083938705,
2018,Purdue,3207.0,1.37451682087439,27.332595263832683,1.3362937999943374,1510.0,0.3823163469310468,2228.716035087699,0.34005612331557866,212.2839478453018,0.941806845993445,11.784023574816782,-0.4856507763481128,1.1758624432144729,-0.4856507763481128,
2018,Rice,605.0,-0.7512775781311698,9.509613020308588,-0.7746990157988782,1216.0,-0.06396680536775841,1361.8995661276383,-1.0130596490174597,97.84319351220168,-1.2571670228692124,16.60317636910872,0.2615653241307437,-1.0374947317309657,0.2615653241307437,
2018,Rutgers,522.0,-0.819087314917281,4.963929284171231,-1.313099693011058,442.0,-1.2388755124401232,1359.9847102853705,-1.0160487727070744,121.2662583740437,-0.8070939011039863,9.561782172982456,-0.830212284455532,-1.3960422533500678,-0.830212284455532,
2018,SMU,3567.0,1.6686313418743908,23.261968494125302,0.8541599040381722,1836.0,0.877174536214756,1888.9079267782126,-0.1903903176384694,139.62798306898284,-0.4542741995324898,17.86569900755715,0.45732115154196423,0.7405400523834264,0.45732115154196423,
2018,Sam Houston,0.0,-1.2455533703672819,0.0,-1.9010382834115764,0.0,-1.9098182107941093,18.057917926565118,-3.1108201263656143,0.40150760367041166,-3.1295045681732834,0.0,-2.3127794272501707,-3.036214046197546,-2.3127794272501707,
2018,San Diego State,1913.0,0.3173385148354991,16.75455195682988,0.08340732335847567,1105.0,-0.23246146490914407,1304.2761180059583,-1.103010866260948,104.89999468114893,-1.1215709106388845,12.991615987892379,-0.298411954010923,-0.5526693601010181,-0.298411954010923,
2018,San José State,2455.0,0.7601442658966111,13.526355675947922,-0.2989472716133215,1154.0,-0.15808093952600985,2554.572596509555,0.8487239538969549,205.03607071083698,0.8025392178106977,13.480263342249847,-0.22264652672155152,0.525276895543524,-0.22264652672155152,
2018,South Alabama,1497.0,-0.022527153875612736,7.231852174792014,-1.0444819688020244,548.0,-1.0779707024276288,2683.578128896098,1.0501038616874414,190.96599013117427,0.532183261947154,12.092923618296366,-0.43775541054855704,-0.15123445407682562,-0.43775541054855704,
2018,South Carolina,2795.0,1.0379190912855005,16.955323603940077,0.10718715430223338,1293.0,0.05291687737716678,2680.1207957942006,1.0447069038331462,216.61944491632033,1.0251132242435477,15.104724598626841,0.029228368551891423,0.8782955399780931,0.029228368551891423,
2018,South Florida,104.0,-1.160586953189504,5.657065390006201,-1.2310031437471907,246.0,-1.53639761397266,2243.3971233452826,0.3629735606136755,167.88995069726042,0.08877821793352836,23.828560214247876,1.3818707744212138,-0.934305069354871,1.3818707744212138,
2018,Southern Miss,1885.0,0.29446294097994347,17.87404338451939,0.21600232507617753,761.0,-0.7546431124968618,1342.94450686999,-1.042648830309553,113.33705858234472,-0.9594531130346102,12.558521628779893,-0.36556381492280954,-0.6037307696084158,-0.36556381492280954,
2018,Stanford,1565.0,0.03302781120216516,20.39028872784581,0.5140319011570952,2685.0,2.1659309862204896,2206.174896483208,0.304869009013662,172.96327738188444,0.18626195851793587,10.277883531980319,-0.7191798088611135,0.861169142062057,-0.7191798088611135,
2018,Syracuse,3010.0,1.2135708191049455,22.23954408196947,0.7330617309455753,1930.0,1.0198637073579115,1889.464713875058,-0.18952116317549902,145.03560724049834,-0.35036694800231266,11.446128068439515,-0.538041927536264,0.6521974734955653,-0.538041927536264,
2018,TCU,0.0,-1.2455533703672819,6.857018122726264,-1.0888781299053643,1343.0,0.12881537266607923,2311.1923678339786,0.46880313110728344,156.89124868007536,-0.1225613390987479,27.606099638980396,1.9675833257429025,-0.49974250924824853,1.9675833257429025,
2018,Temple,1615.0,0.07387705022994302,21.812430192986767,0.6824734321497554,1129.0,-0.19603018717046608,1900.4103908828629,-0.17243476861738358,174.3763714024825,0.2134144955983601,16.54371399119097,0.25234560272960277,0.16161091187897578,0.25234560272960277,
2018,Tennessee,1959.0,0.3549198147410547,24.356328598759696,0.9837782971448203,871.0,-0.5876664228612544,2206.8623084320056,0.3059420711707804,160.3325245739976,-0.05643737993419988,10.447357607314778,-0.6929026263128311,0.26891333912333154,-0.6929026263128311,
2018,Texas,3316.0,1.4635681619549459,22.53943102661844,0.7685809934940286,1408.0,0.22748341654166543,2750.3704818345946,1.1543679008106746,212.8588450715903,0.9528534699453494,17.065622342945552,0.3332681922493453,1.227429574037029,0.3332681922493453,
2018,Texas A&M,3158.0,1.3344845666271679,34.26507023460402,2.157391226845106,1406.0,0.22444747673010892,2131.05856654045,0.1876110952049182,176.95981593992775,0.26305526441890387,16.84736534928043,0.2994271528239389,1.1199583718848136,0.2994271528239389,
2018,Texas State,281.0,-1.0159806470311703,5.393652911102208,-1.262202291171503,1120.0,-0.20969191632247033,1736.6930148389538,-0.4280004756185039,155.78925402248063,-0.14373611612462928,12.482865082267692,-0.37729446387162546,-0.8223292492584571,-0.37729446387162546,
2018,Texas Tech,375.0,-0.939184077658948,6.78960051493624,-1.0968632181334814,761.0,-0.7546431124968618,1592.4497716580606,-0.6531667182888765,143.89297181844694,-0.3723226354614711,11.227437902507878,-0.5719501309022295,-1.0256714925618728,-0.5719501309022295,
2018,Toledo,16.0,-1.232481613878393,6.266452644269357,-1.1588259907764589,1425.0,0.25328890493989564,2768.3529018510303,1.1824387751194527,237.84462200909567,1.4329540328871488,10.4504155273598,-0.692428491710931,0.12830344603583155,-0.692428491710931,
2018,Troy,143.0,-1.1287245467478373,14.02656111060479,-0.23970185103478509,767.0,-0.7455352930621922,2536.028538238522,0.8197763523825289,187.03764057794297,0.45670020465997024,14.570168240282005,-0.05365531134340311,-0.22509018986209858,-0.05365531134340311,
2018,Tulane,1793.0,0.2193003411688322,19.91833149860241,0.45813225952128017,1325.0,0.10149191436207075,2152.9526106456383,0.22178808359835206,159.4895652071669,-0.07263480567624263,10.30614013411078,-0.714798584824865,0.24943870427757486,-0.714798584824865,
2018,Tulsa,2063.0,0.4398862319188327,15.417033430168672,-0.07501128258487241,1574.0,0.4794664209008548,1871.674783139464,-0.21729155832722483,164.07277102993748,0.015431284927781935,9.195594327609546,-0.8869902007287805,0.17267911540459568,-0.8869902007287805,
2018,UAB,2339.0,0.6653740313521664,20.994396340515483,0.585583721884237,2185.0,1.406946033331365,2238.429118819016,0.3552184180636289,194.65023830573796,0.6029759223895124,9.362888681831976,-0.861050986860676,0.9718957162566715,-0.861050986860676,
2018,UCF,4034.0,2.050163234393836,47.18010592981082,3.687076169341225,1972.0,1.083618443400598,2493.991966698509,0.7541565239615963,209.67224458694864,0.8916230871410185,11.14500278094688,-0.5847318069985483,2.275571178578382,-0.5847318069985483,
2018,UCLA,1252.0,-0.22268842511172426,21.7340688344171,0.6731921422558341,1087.0,-0.25978492321315255,1962.6443813288233,-0.07528641361591355,175.9683716568347,0.2440047077910689,13.055735753577014,-0.2884700983936369,0.09660561022493588,-0.2884700983936369,
2018,UConn,937.0,-0.4800386309867248,8.030584024793786,-0.9498784297275461,919.0,-0.5148038673838984,2578.0502834507174,0.8853730366446527,215.53840753703,1.0043411403633242,6.0089377482541,-1.3810855748392665,-0.014784119200271305,-1.3810855748392665,
2018,UL Monroe,2857.0,1.088572147679945,24.99512999071125,1.0594393246150355,1664.0,0.6160837124208972,2411.2239586998166,0.6249542059645928,164.54621139386353,0.024528419902163024,19.92012024748108,0.7758619185944524,0.917464497554246,0.7758619185944524,
2018,UNLV,1467.0,-0.04703669729227945,22.179063776369354,0.7258983118906518,2679.0,2.15682316678582,1965.2043339973477,-0.07129028242061898,168.99276459377938,0.10996873659793047,7.765774518551374,-1.1086856786927337,0.7725402401923642,-1.1086856786927337,
2018,USC,43.0,-1.210423024803393,11.185315391276621,-0.5762251791430362,704.0,-0.841167397126222,2616.111566515107,0.9447873697519195,201.637141358099,0.7372289455013574,12.447620283772874,-0.3827592171213364,-0.2542016953184174,-0.3827592171213364,
2018,UTEP,642.0,-0.7210491412506141,13.535093370743244,-0.2979123600206659,893.0,-0.5542710849341329,1822.041631469936,-0.29476978210302457,154.47415838764766,-0.16900561869742584,10.17783592805748,-0.7346923239558877,-0.5474849594810725,-0.7346923239558877,
2018,UTSA,119.0,-1.1483321814811707,14.389638516145736,-0.1966981727389004,984.0,-0.4161358235083122,1224.250190879395,-1.2279327477296267,119.99587835438187,-0.8315041951730949,15.051291594863157,0.02094350969527602,-1.0268603550084943,0.02094350969527602,
2018,Utah,2405.0,0.7192950268688333,17.439679178636386,0.16455528296346308,2141.0,1.3401553574771221,1953.5954642549355,-0.0894119325160114,163.08325685716943,-0.0035821847182919667,21.192988017588803,0.9732217725363429,0.5727502197286247,0.9732217725363429,
2018,Utah State,1631.0,0.08694880671883194,12.375411843664656,-0.4352675645998829,882.0,-0.5709687538976936,2282.393521401321,0.4238476246899017,189.3744335467375,0.501601574851611,15.219293316458446,0.04699240182271693,0.0016560717467252715,0.04699240182271693,
2018,Vanderbilt,2834.0,1.0697814977271674,17.872662940968155,0.21583882233688023,368.0,-1.3512052854677137,1804.9799004306212,-0.32140344470555715,142.79189176979992,-0.39347983831818556,12.01461614825725,-0.4498970887435913,-0.2097658085251845,-0.4498970887435913,
2018,Virginia,26.0,-1.2243117660728375,11.84770725625102,-0.49777004469386765,364.0,-1.3572771650908266,2301.60882667942,0.45384305460274543,183.07768394444122,0.38060981876864725,13.769006113426938,-0.177876573011855,-0.6033615648041629,-0.177876573011855,
2018,Virginia Tech,2996.0,1.2021330321771675,25.29014345338254,1.0943813613489644,1376.0,0.17890837955676145,2549.2872876783167,0.8404734937392477,207.09495526657287,0.8421005905354022,10.98117605702306,-0.6101333601407473,1.117541391832681,-0.6101333601407473,
2018,Wake Forest,8.0,-1.2390174921228374,8.662972576182828,-0.8749769530536746,1362.0,0.15765680087586598,2122.112141218868,0.17364556773500806,177.18958470326896,0.2674702607146953,13.208701920224588,-0.2647524892149074,-0.40724491987649847,-0.2647524892149074,
2018,Washington,2743.0,0.9954358826966117,20.959240951594957,0.581419841090684,662.0,-0.9049221331689085,2136.186149988263,0.19561534326161853,174.15318376712884,0.20912595537633874,17.525728001553272,0.4046081913546506,0.28937702349671796,0.4046081913546506,
2018,Washington State,2135.0,0.4987091361188328,17.218920890960757,0.13840819080219524,432.0,-1.2540552114979058,3401.2108975184688,2.1703412507289013,315.78568286174084,2.9305879581891343,17.08228640248977,0.3358519770186365,1.2051586563137675,0.3358519770186365,
2018,West Virginia,3477.0,1.5951027116243905,30.523998834662606,1.7142905862934796,1047.0,-0.3205037194442825,2936.1412548900867,1.4443593488982513,212.95345323083515,0.9546713614051965,13.020548163449941,-0.2939259814092455,1.4481068998281998,-0.2939259814092455,
2018,Western Kentucky,88.0,-1.1736587096783928,6.632409142657003,-1.1154813064563103,699.0,-0.8487572466551132,2249.577209727808,0.3726207842856121,196.84296297755108,0.6451090268331703,11.949171964850017,-0.4600442971040519,-0.5698356603291332,-0.4600442971040519,
2018,Western Michigan,1424.0,-0.08216704285616842,17.67219524783224,0.19209499236351416,1172.0,-0.13075748122200137,1783.1763205285006,-0.35543921688496466,144.19386869467158,-0.36654091572451014,13.13323038975466,-0.2764544511783683,-0.19964434188223676,-0.2764544511783683,
2018,Wisconsin,2680.0,0.9439658415216114,24.517582291950163,1.0028775355996467,2442.0,1.797064299116375,2218.1551230107825,0.32357035359013475,175.87583324710397,0.24222658647362544,15.268702834347698,0.054653413801311355,1.1583157612942474,0.054653413801311355,
2018,Wyoming,471.0,-0.8607535387256144,13.605199843580579,-0.2896087967629519,1091.0,-0.25371304359003954,1923.0515961593485,-0.1370914484783493,160.38815284259007,-0.055368485293319857,26.460699173239774,1.7899874482037836,-0.4290994815149039,1.7899874482037836,
2019,Air Force,1465.0,-0.15593396310677635,9.948750652246815,-0.809272675231282,1703.0,0.588876414796844,766.3118579769277,-1.743795484091439,72.59586944570889,-1.6062808160998827,9.125394106978739,-0.9380294046364582,-0.9800230704926498,-0.9380294046364582,-1.0118125229586843
2019,Akron,2365.0,0.5523570186080501,16.793365161350984,-0.03154659762099525,703.0,-0.9918126550403406,2037.5853606256496,0.021209564301717564,150.56715530101243,-0.18951537496231144,12.406046977678127,-0.39941612920985464,-0.16813426795517236,-0.39941612920985464,-0.7552442178478865
2019,Alabama,4069.0,1.8933879439881212,36.08771111181054,2.160792499949424,1349.0,0.029312484074480668,3818.6639918928836,2.4940155885144977,258.24162966258484,1.7669673544776692,24.221995324749656,1.5405107366676063,2.1945482363964217,1.5405107366676063,3.1151325807268453
2019,App State,2230.0,0.44611337135082607,14.965336069589974,-0.2392582070040721,2369.0,1.6416153353084089,2520.185802651271,0.6912402184113687,181.51608490345697,0.3728374632647435,13.706972414083749,-0.18583190131230276,0.7659830975089104,-0.18583190131230276,-0.422021271958715
2019,Arizona,3047.0,1.089084184751952,21.283639883111086,0.47866529847659367,2302.0,1.5357091676293175,1159.0802867404216,-1.1984854007988668,109.21066066013076,-0.9409772975286035,16.102439875312992,0.20745279728961746,0.2535252842985661,0.20745279728961746,0.34824960264326804
2019,Arizona State,0.0,-1.308874283342577,13.73398752095993,-0.37917140089152473,1880.0,0.8686583801580257,2315.898435003607,0.4076126320030743,208.21781489160165,0.8580172041246531,9.885852533062739,-0.8131783399727519,0.11735916992964758,-0.8131783399727519,0.07693472290033565
2019,Arkansas,2743.0,0.8498392309282772,28.96867992045967,1.351885556034588,1261.0,-0.10978815407119157,1797.732596831455,-0.31179614854116405,160.72502515720183,-0.004943339116588417,12.088463623012048,-0.4515565468704403,0.4668664424887648,-0.4515565468704403,0.8662603352731361
2019,Arkansas State,165.0,-1.179020936694859,8.63893048758319,-0.9581022839234488,946.0,-0.6077052110699047,2682.289860163608,0.916301528411274,202.13065813278916,0.7474114441186327,12.206198156389073,-0.43222704595939043,-0.28432702795403353,-0.43222704595939043,-0.369810634178024
2019,Army,1026.0,-0.5014225641876751,12.85515774441642,-0.4790293014481135,1693.0,0.5730695240984721,1162.188845340359,-1.1941695540430868,76.02759524976861,-1.5439251621008645,9.165892995599778,-0.9313803503442054,-0.8272420264940046,-0.9313803503442054,-0.8614607530557685
2019,Auburn,22.0,-1.2915605037895481,12.120550868431264,-0.5624997326149167,1491.0,0.2537703319913609,2216.023283266749,0.2689484132827876,158.71667009826234,-0.04143585055624341,28.717556287144998,2.2785860254193624,-0.3610323932545163,2.2785860254193624,1.6078159939728187
2019,BYU,0.0,-1.308874283342577,4.973395731111511,-1.3746022876421404,457.0,-1.380662166220288,464.2441839758344,-2.163178857108715,35.284876034199165,-2.2842345712558014,2.452008052059993,-2.03365715401786,-2.2384883224186094,-2.03365715401786,-1.772562947872672
2019,Ball State,1051.0,-0.4817478146955965,12.210672012569924,-0.552259628683938,910.0,-0.6646100175840434,2691.1134328565313,0.9285519610014489,218.4634952956554,1.0441847882317252,15.611015524395421,0.12677139340317767,0.07209176585010492,0.12677139340317767,-0.7220610269210074
2019,Baylor,3013.0,1.062326525442725,27.698599879161918,1.2075714580739574,1615.0,0.44977577665117174,2779.110843373938,1.0507254142238631,221.59639336474348,1.1011106381289244,12.756374355212143,-0.34189984092148634,1.2811785225245653,-0.34189984092148634,0.9026284536675256
2019,Boise State,81.0,-1.2451280949882428,7.412548480036043,-1.0974511496795576,733.0,-0.944391982945225,2089.226751381224,0.09290720859283606,179.02047109718822,0.3274912905504857,16.942975344252954,0.34545080557675295,-0.7538918229274255,0.34545080557675295,-0.16962582591807238
2019,Boston College,2115.0,0.35560952368726495,30.995771029093266,1.5822157835118735,1630.0,0.47348611269872953,1767.1593632592626,-0.3542432785161005,138.9898397802103,-0.3998792332864769,15.564403707794266,0.11911872663146278,0.4358309679189682,0.11911872663146278,0.31298658789330647
2019,Bowling Green,298.0,-1.0743512693970012,8.027034148224708,-1.0276296092798114,1087.0,-0.3848280522228617,1652.2612039193577,-0.5137650736793635,136.30252824679405,-0.44870862051987453,8.051374952529203,-1.1143604574630415,-0.9071411097306814,-1.1143604574630415,-1.0054135760127652
2019,Buffalo,20.0,-1.2931344837489143,7.302083398157599,-1.1100028536108673,1860.0,0.837044598761282,879.3366245992248,-1.5868746615727811,93.84561420048698,-1.220165547237529,22.42213089751384,1.245011361181823,-1.150108328626296,1.245011361181823,-0.694221470167629
2019,California,1506.0,-0.1236673739397676,23.556749532336077,0.7369496253906052,611.0,-1.1372360494653615,1417.171309532909,-0.8401581350888648,123.16308086249039,-0.6874569592900331,16.702820752559692,0.30602254042992233,-0.5395505918223635,0.30602254042992233,0.40707258089853027
2019,Central Michigan,812.0,-0.669838419839867,13.754400452443878,-0.3768519614089327,1079.0,-0.39747356478155915,1371.1990065918528,-0.9039849564677137,102.00313821587064,-1.0719404925463314,9.201997896955298,-0.9254526951046843,-0.8994634613653174,-0.9254526951046843,-0.8476620778921156
2019,Charlotte,1812.0,0.11715155984327338,10.090525582090178,-0.7931633589295545,1766.0,0.6884598261965866,1708.6219476660963,-0.4355151950836684,133.76841277954117,-0.494754381834094,20.319048797650744,0.8997301068268521,-0.24138168706984242,0.8997301068268521,-0.8388045431049095
2019,Cincinnati,2515.0,0.6704055155605211,22.906780802493515,0.6630962870970573,2570.0,1.959333838345683,2460.678636667682,0.608621924112171,197.34172859581983,0.6603949252348467,19.394830693597093,0.7479931935194776,1.1997404620925651,0.7479931935194776,0.9652591843695002
2019,Clemson,3716.0,1.6155804811599725,39.34741502263903,2.5311795733729867,2589.0,1.9893669306725894,3309.5722282044276,1.7872050311219647,242.7355667358985,1.4852167864108294,27.025800268909006,2.0008357463992903,2.4743931795460186,2.0008357463992903,3.5479636467812905
2019,Coastal Carolina,1134.0,-0.41642764638189583,20.811378442714183,0.42500412630131235,1358.0,0.04353868570301533,1795.8380669841288,-0.31442646745986685,147.9727546054986,-0.23665653988664562,14.37389602210529,-0.07633726011326869,-0.1312256172828185,-0.07633726011326869,-0.7477481221625017
2019,Colorado,2917.0,0.9867754873931436,18.418694440657973,0.15313304555528942,583.0,-1.1814953434208026,2819.9355179257814,1.1074053942068338,212.90633654181164,0.9432092767085246,16.383321708944877,0.25356760747617874,0.5283625498069611,0.25356760747617874,0.7080467000970789
2019,Colorado State,1387.0,-0.2173191815220613,16.772506329612284,-0.033916702960031374,531.0,-1.2636911750523363,1945.1590155854974,-0.10711291332446272,159.35837748699205,-0.029775803633815334,10.716322656866451,-0.676832846817758,-0.4344178658063058,-0.676832846817758,-0.5477110227784077
2019,Delaware,0.0,-1.308874283342577,1.3609182764069037,-1.7850736030925585,0.0,-2.1030370711358812,205.12515247252207,-2.522933384977975,16.923397350459993,-2.6178690388927923,1.9249817406295648,-2.12018364097746,-2.7187774782856517,-2.12018364097746,-2.1891799631542717
2019,Duke,489.0,-0.9240361832775215,10.078020841045943,-0.7945842224699233,1441.0,0.17473587849950165,1800.0942312453535,-0.3085173130629566,151.9287517923216,-0.16477469212631338,21.72129157534711,1.129948482621462,-0.5305056027716221,1.129948482621462,0.6495496935507271
2019,East Carolina,3373.0,1.3456429181286556,28.435138913820683,1.2912614326766323,1175.0,-0.24572741407718945,2030.4520059325268,0.011305789056572929,188.09579890861895,0.4923931601193734,12.68992979749001,-0.35280862105748445,0.7613353874115432,-0.35280862105748445,0.20571003660477938
2019,Eastern Michigan,1025.0,-0.5022095541673581,18.24831983816439,0.133774063227578,1362.0,0.049861441982364064,2445.3568754334397,0.5873495654321799,200.25307657735297,0.7132951328191649,6.099604475287454,-1.4347995685366894,0.2582788235883913,-1.4347995685366894,-0.6048500822206265
2019,Florida,2619.0,0.7522524734475677,26.548166161383495,1.076852291685793,2032.0,1.1089231187732778,2590.741858273752,0.7891985209394422,218.0451791417577,1.0365838379099404,15.659709559521833,0.13476591607499672,1.2528541670418094,0.13476591607499672,0.8909265984230088
2019,Florida Atlantic,2557.0,0.703459094707213,16.06244658072225,-0.11459794258845118,425.0,-1.4312442164550778,2212.1550516944917,0.2635778551462713,180.15923716835755,0.3481830669842711,17.014521782743238,0.35719720579011793,-0.06065227142789237,0.35719720579011793,-0.03463497497054317
2019,Florida International,2678.0,0.798684882248873,17.636355396224186,0.06423899964816601,1404.0,0.11625038291552582,2418.6811453191776,0.5503136339641299,203.91542147972282,0.7798412162175193,10.271236703859785,-0.7499064734536005,0.6073400193030428,-0.7499064734536005,-0.27761787387564707
2019,Florida State,2042.0,0.2981592551703957,25.639947577385982,0.973655058882451,813.0,-0.8179368573582503,2665.5370434858564,0.8930423273428734,210.02836310257604,0.8909154961905584,18.549123004869983,0.6091460169873066,0.5885375598766165,0.6091460169873066,0.6643311622926539
2019,Fresno State,218.0,-1.1373104677716526,4.998832760267616,-1.371711980103955,1277.0,-0.08449712895379662,1827.1624112347888,-0.27093651378363015,145.73500498330793,-0.2773172304968,16.486156612584548,0.2704509067646324,-0.8262679654880688,0.2704509067646324,-0.11160989457463864
2019,Georgia,2749.0,0.854561170806376,24.501744605989714,0.8443256231208086,1661.0,0.5224874738636822,2076.923975784108,0.07582633575712007,146.89759980703454,-0.2561924773234593,18.12694488256713,0.5398333678808145,0.5367731722301425,0.5398333678808145,2.1965129221309834
2019,Georgia Southern,0.0,-1.308874283342577,2.2406809161793024,-1.6851097050310722,1788.0,0.7232349857330047,1242.0106659785422,-1.0833468899155108,86.94024326779682,-1.3456385439741332,18.105110464829174,0.5362486218810446,-1.236002605634941,0.5362486218810446,-0.8066268598346442
2019,Georgia State,2112.0,0.3532485537482155,20.37940630385151,0.37592086576885575,1696.0,0.5778115913079837,1933.977976510752,-0.12263639459901898,159.52506159240326,-0.02674709534020359,13.847161693192184,-0.16281580976702703,0.3044413618288953,-0.16281580976702703,-0.2067817731767596
2019,Georgia Tech,0.0,-1.308874283342577,4.505542809398495,-1.4277625375318013,1287.0,-0.06869023825542478,1167.9403977182822,-1.1861842393472475,98.54923240151798,-1.1346991650632874,9.550801143326074,-0.8681866366670097,-1.3481633006154903,-0.8681866366670097,-0.8624970667815975
2019,Hawai'i,4259.0,2.042916040127918,35.27567952765522,2.0685246099169374,1587.0,0.4055164826957306,2403.4071573226893,0.5291076024793789,199.95018794651537,0.7077915408240227,9.53922251037084,-0.8700876014038402,1.5132304698666763,-0.8700876014038402,-0.7560307474735605
2019,Houston,3757.0,1.6478470703269814,39.67277228143047,2.5681486129537157,2340.0,1.5957753522831306,3090.851634657731,1.4835387067683627,215.38340252235568,0.9882184289644591,9.86311516774447,-0.8169113307192046,2.1785193486659913,-0.8169113307192046,0.3375400338751392
2019,Idaho,0.0,-1.308874283342577,4.308931887162643,-1.4501026475792615,0.0,-2.1030370711358812,271.43301386500235,-2.4308731714503278,24.44874279467425,-2.4811308891876513,3.3655505255482083,-1.883672951702084,-2.5705094524306333,-1.883672951702084,-2.1569587968157395
2019,Illinois,19.0,-1.2939214737285976,13.21093164740434,-0.43860414065653636,1551.0,0.34861167618159195,1986.8559220780028,-0.049221947841179774,166.23135487142227,0.09510859104002847,10.198640778039733,-0.7618251771170664,-0.35189333469178763,-0.7618251771170664,-0.7213339010821752
2019,Indiana,3095.0,1.1268597037767425,26.24665787168843,1.0425931147519236,1894.0,0.8907880271357462,1665.0049474571645,-0.4960719717364752,152.66740946717118,-0.15135302471274806,9.289034954359183,-0.9111630654427062,0.6345564237346533,-0.9111630654427062,-0.2943626370353777
2019,Iowa,2902.0,0.9749706376978965,23.929006852664415,0.7792477307427159,1591.0,0.41183923897507935,1833.0243180046452,-0.2627979857481996,143.7259024187897,-0.3138233243733663,17.222757478205235,0.3913850685156286,0.4180124284632292,0.3913850685156286,0.0338114158969406
2019,Iowa State,2245.0,0.4579182210460732,14.097704074721655,-0.337843748568259,638.0,-1.0945574445797575,1973.4668780434413,-0.06781096921614131,164.68425589132528,0.06699726332525655,24.426969800446365,1.574163176619389,-0.2564973088471375,1.574163176619389,0.4260993151003846
2019,James Madison,0.0,-1.308874283342577,6.992573783110588,-1.1451711890332643,0.0,-2.1030370711358812,284.6061995845064,-2.412583842482248,25.877568307209486,-2.4551686316030805,1.3981204489306631,-2.2066830352144793,-2.4786763585794604,-2.2066830352144793,-2.098927172793028
2019,Kansas,404.0,-0.9909303315505884,14.054322303469853,-0.342773045134278,1774.0,0.7011053387552841,1768.628867083715,-0.35220305533565377,161.0257740869402,0.0005213737637809893,13.643238079004954,-0.19629572065769063,-0.2588597961027764,-0.19629572065769063,-0.5935316899131958
2019,Kansas State,1391.0,-0.21417122160332874,10.352644625306475,-0.7633798239946918,1175.0,-0.24572741407718945,1398.516748657177,-0.8660576713040252,115.05895096185013,-0.8347118243056497,22.24324289387697,1.215641763918447,-0.7690074706437823,1.215641763918447,-0.047882987493578034
2019,Kennesaw State,0.0,-1.308874283342577,2.505053408963401,-1.655070119665447,0.0,-2.1030370711358812,51.6634303458373,-2.735995887833862,3.080292712279304,-2.8694030752279334,1.7823089100158611,-2.143607478743889,-2.806773490472434,-2.143607478743889,-2.2931741038689437
2019,Kent State,2512.0,0.6680445456214718,15.385450020541722,-0.19152234477421706,1656.0,0.5145840285144964,2133.5535756850827,0.15444948766381394,209.45532178878744,0.8805031357835955,12.191431334489035,-0.4346514433658509,0.53284160095877,-0.4346514433658509,-0.5696928016967977
2019,Kentucky,3557.0,1.4904490743903536,17.800134322809292,0.08284854179240705,1454.0,0.19528483640738503,1640.2954718738388,-0.5303780034887694,145.07802030863056,-0.2892548710298451,18.664652918728994,0.6281135663641748,0.24956817602198814,0.6281135663641748,0.9712822478597316
2019,LSU,2955.0,1.016681106621103,14.316701496234318,-0.31295995045029873,1368.0,0.05934557640138717,2851.000178593789,1.1505348095461891,215.73991376160362,0.9946963624447526,28.34812103008503,2.217932630590449,0.7648652996352138,2.217932630590449,2.449130456738353
2019,Liberty,0.0,-1.308874283342577,6.663312493065106,-1.1825838280175878,0.0,-2.1030370711358812,316.6960885310631,-2.3680310252678245,35.51032373504473,-2.2801381079509038,2.7420982179137328,-1.986030531952777,-2.430766531920601,-1.986030531952777,-1.7792492781753353
2019,Louisiana,589.0,-0.8453371853092074,10.898262826613516,-0.7013834174752481,2233.0,1.4266416218105518,2007.6498490655085,-0.02035216802401349,145.6590691803199,-0.278697010504765,13.818437736060037,-0.16753167128725577,-0.11022824890138952,-0.16753167128725577,-0.03947869658650054
2019,Louisiana Tech,3210.0,1.2173635514403038,14.53167712014102,-0.2885331330538773,1356.0,0.04037730756334096,2110.7187436949425,0.1227461652411931,167.65298533688878,0.12094011211150338,9.934446141493662,-0.8052003052237728,0.3189840125408496,-0.8052003052237728,-0.23225038809217247
2019,Louisville,2420.0,0.5956414674906227,20.253020559317534,0.36156016083338816,1166.0,-0.2599536157057241,2362.9130079721513,0.47288651560454675,156.34046457659394,-0.0846123331191646,9.529295811893931,-0.8717173537097219,0.2854859736741316,-0.8717173537097219,-0.4398475727251121
2019,Marshall,2956.0,1.017468096600786,14.124267794199756,-0.3348254197304604,1531.0,0.31699789478484824,1958.4884635670135,-0.08860663365242374,148.29849740595827,-0.230737679663575,11.207054715336108,-0.5962651025952999,0.17891392785412383,-0.5962651025952999,-0.1496641852598678
2019,Maryland,1136.0,-0.4148536664225296,17.250117126805634,0.02035229515979437,1918.0,0.9287245648118386,2012.4752259955394,-0.013652732675003684,160.27822060779891,-0.0130619335144264,10.553339877435157,-0.7035911452807425,0.1334717675370646,-0.7035911452807425,-0.6142901690176918
2019,Massachusetts,412.0,-0.9846344117131233,19.780791472545786,0.30790266487069046,295.0,-1.6367337955339119,1919.233450552677,-0.14310733393500327,149.05264748962935,-0.21703450978179323,8.95164695898294,-0.9665549829790696,-0.7031430690998041,-0.9665549829790696,-1.0791105871754731
2019,Memphis,3314.0,1.2992105093273503,15.401803513562193,-0.18966416299274186,1428.0,0.15418692059161826,2973.8949687745685,1.3211589314510017,222.5385483590828,1.1182299227672745,18.397198084642692,0.5842031833113067,0.9738994091117508,0.5842031833113067,0.8687515807853395
2019,Miami,1360.0,-0.2385679109735061,20.03573233626778,0.3368705720773501,1210.0,-0.190403296632888,2685.217148029567,0.9203657033120745,201.5367210565773,0.7366194004251527,15.174775855222329,0.05515013801743299,0.41155544134339256,0.05515013801743299,0.3575681947296516
2019,Miami (OH),0.0,-1.308874283342577,3.675982911637562,-1.5220220994940195,423.0,-1.4344055945947523,1721.7651298382038,-0.41726752230720626,127.0997005896232,-0.6159272067263486,10.928749523765683,-0.6419568830755732,-1.393473572513966,-0.6419568830755732,-1.1804568080944686
2019,Michigan,2727.0,0.8372473912533469,36.881003171826016,2.2509310930600486,1000.0,-0.5223480012986967,2425.626711468944,0.5599566881871154,187.1078796091197,0.4744423221049689,12.899590590907168,-0.3183867876231893,0.9468392511761167,-0.3183867876231893,0.6912098527240829
2019,Michigan State,2780.0,0.8789578601765533,17.53692718518485,0.052941371056727554,1444.0,0.1794779457090132,2749.0566342046227,1.0089988850397151,224.58411479305454,1.1553985778614122,24.584472316498502,1.6000217326453692,0.8615095267613713,1.6000217326453692,1.0824710464518243
2019,Middle Tennessee,114.0,-1.219157425658699,10.478676908480805,-0.7490592814549967,1233.0,-0.15404744802663273,2489.9224762951617,0.6492233560379994,198.508444213126,0.6815945546638443,22.544735968858937,1.2651405006134562,-0.20814572260558645,1.2651405006134562,-0.20260315790578717
2019,Minnesota,2666.0,0.7892410024926754,16.67932931666808,-0.04450403299945857,1800.0,0.7422032545710509,2683.7910897020774,0.918385798797367,193.1531453503907,0.5842869077210096,10.768529848741437,-0.6682615386895022,0.7862506747866638,-0.6682615386895022,-0.03756227112947505
2019,Mississippi State,135.0,-1.2026306360853531,14.322113043546405,-0.3123450580470473,1353.0,0.03563524035382941,2342.620359578497,0.44471269873080344,181.81840196948474,0.3783306697280702,21.55427757541123,1.1025283436756477,-0.1726022860399413,1.1025283436756477,0.8515685878506095
2019,Missouri,595.0,-0.8406152454311085,12.60205487599075,-0.5077883646255623,1863.0,0.8417866659707935,3010.192727533265,1.371553852230027,231.69989313384798,1.2846947505414432,13.33245081812591,-0.24732036457475287,0.5653405244855327,-0.24732036457475287,1.1175946575696896
2019,Missouri State,0.0,-1.308874283342577,0.7394201614573153,-1.855691939675139,0.0,-2.1030370711358812,99.96103449740369,-2.668940675108041,4.288650494004203,-2.8474467931569354,1.617631919092674,-2.1706439306223304,-2.836126351712126,-2.1706439306223304,-2.3955472269840197
2019,NC State,87.0,-1.240406155110144,4.945568903633795,-1.3777641383727837,549.0,-1.2352387717952669,2091.8893133504143,0.09660384453112103,180.80817271694656,0.3599744520907413,23.64694426003228,1.4460996088487246,-0.8933465789739006,1.4460996088487246,0.5720913238945875
2019,Navy,222.0,-1.1341625078529198,13.12368547327587,-0.4485175732831928,1955.0,0.9872100603958145,1175.0957653631717,-1.1762499018580872,87.63235679776925,-1.3330625998960994,9.875488382401263,-0.8148799126032028,-0.8165396023027558,-0.8148799126032028,-0.03772256322313428
2019,Nebraska,2934.0,1.000154317047757,24.717594604486884,0.8688517921928725,1407.0,0.12099245012503737,2630.559202682273,0.844479948380684,212.0247172713853,0.9271899472735977,14.569251396398581,-0.04426407158422208,0.9892967517058247,-0.04426407158422208,0.5821067756110512
2019,Nevada,200.0,-1.151476287405949,6.5195681116046185,-1.1989169252026932,1501.0,0.2695772226897327,2557.3651515321303,0.7428591173610937,197.70461290469277,0.6669886596115806,17.436249449582753,0.4264358997108272,-0.176460706599421,0.4264358997108272,-0.6972047028452021
2019,New Mexico,1854.0,0.1502051389899653,21.46301525620857,0.4990470022458024,907.0,-0.6693520847935549,1714.6600187302047,-0.42713208484932197,121.69522479065104,-0.714128415741389,10.968757422296656,-0.6353884388908311,-0.3054309885876559,-0.6353884388908311,-0.7169664346513404
2019,New Mexico State,0.0,-1.308874283342577,2.841195760577758,-1.6168756132703825,66.0,-1.998711592526627,1831.549671121185,-0.26484534942602483,107.02017969262053,-0.9807791002075699,6.64071502309723,-1.3459607501640602,-1.6226964311084462,-1.3459607501640602,-1.4097360405355956
2019,North Carolina,0.0,-1.308874283342577,4.774925635766095,-1.3971536480687383,1202.0,-0.20304880919158547,2373.709165316619,0.4878756364951579,177.91829077872686,0.3074642899954878,13.396561075912738,-0.23679482673336405,-0.5559003907884762,-0.23679482673336405,-0.19835976280946316
2019,North Texas,3908.0,1.7666825572591356,22.28052677282305,0.5919375550113559,1560.0,0.3628378778101266,2905.6733762970634,1.2264417404757022,237.72402484972412,1.3941553235497253,16.816518006875224,0.3246892061722339,1.404929162592233,0.3246892061722339,0.6783808225402225
2019,Northern Illinois,2228.0,0.4445393913914598,19.611115490174456,0.2886230639437424,2405.0,1.6985201418225475,1511.2174783193384,-0.709586733778104,143.81551270583958,-0.31219507422371134,21.790743566139902,1.1413510191653025,0.37079564231081286,1.1413510191653025,0.5056405727521075
2019,Northwestern,169.0,-1.1758729767761265,18.4985579304834,0.16220761339305187,1167.0,-0.2583729266358869,1649.101272381125,-0.5181522453666024,127.7320277594396,-0.6044376016510813,15.557472474318118,0.117980765831441,-0.6297731620532093,0.117980765831441,-0.06228516148054458
2019,Notre Dame,2623.0,0.7554004333663003,15.985137319316376,-0.12338228370162323,1254.0,-0.12085297756005187,2387.582935505867,0.5071376398117141,201.77056568498904,0.740868438830704,14.447811899201069,-0.06420184858461761,0.4626517261870421,-0.06420184858461761,0.48745732597590563
2019,Ohio,2431.0,0.6042983572671373,20.160358331582835,0.35103132377136187,1118.0,-0.33582669105790897,1422.1077481245825,-0.833304504444292,110.86573854226882,-0.9109039555273458,17.995592755018613,0.5182681482609535,-0.29579094526607225,0.5182681482609535,0.043102525314331126
2019,Ohio State,507.0,-0.9098703636432249,30.63549644775157,1.5412792287012453,1505.0,0.27589997896908147,2979.7282481416896,1.3292577139004156,246.4167092272666,1.5521044285532435,32.44016555673584,2.889759121401417,0.9963982591835416,2.889759121401417,1.8224041286701969
2019,Oklahoma,802.0,-0.6777083196366985,26.083442395699812,1.0240475952377008,2175.0,1.334961655759995,3249.431042624959,1.7037064795176504,258.3418316245401,1.7687880590521174,28.157923856572534,2.1867063086844047,1.3554179955850634,2.1867063086844047,2.7200297773554936
2019,Oklahoma State,0.0,-1.308874283342577,16.871761247173144,-0.022638765011084305,934.0,-0.626673479907951,2737.7732983233427,0.9933333773801272,211.69988035490422,0.921287547278167,16.436470325900288,0.2622934775365016,-0.011457498353782352,0.2622934775365016,0.49284655495372387
2019,Old Dominion,21.0,-1.2923474937692312,8.974735683814757,-0.9199460871414462,798.0,-0.8416471934058081,1586.7944306855975,-0.6046575409720806,128.47742704283755,-0.5908934368603825,15.207960302184686,0.06059831689403728,-1.1175914190926095,0.06059831689403728,-0.8744573523692896
2019,Ole Miss,239.0,-1.1207836781983065,9.504511690656031,-0.8597497656006688,1462.0,0.20793034896608253,1668.9263283444106,-0.49062762239053087,144.64231518674134,-0.2971717849610174,17.369764440304177,0.4155204782914717,-0.6733708482708641,0.4155204782914717,0.42308616743189253
2019,Oregon,3147.0,1.1677831827202658,31.391242073399972,1.6271515711574738,2067.0,1.164247236217579,2346.806115801142,0.4505241003284288,180.8238051320434,0.36025849852178016,21.059303154892913,1.0212640940292288,1.2544727240111317,1.0212640940292288,1.6228404212020606
2019,Oregon State,1660.0,-0.0024709170685639674,18.621540236263666,0.17618159924174112,1940.0,0.9634997243482567,2768.877708822159,1.0365179804126925,230.97405307486366,1.2715059836757716,9.49044845865331,-0.8780952610943958,0.9060764425320833,-0.8780952610943958,0.5793816474734657
2019,Penn State,195.0,-1.1554112373043648,7.613156373099642,-1.0746568798777312,368.0,-1.5213434934357974,2349.5801810312973,0.4543755446679788,168.52681612931565,0.1368179221864804,27.225643302448766,2.033645712923756,-0.8311188457171985,2.033645712923756,0.514436161511216
2019,Pittsburgh,1973.0,0.24385694657225898,12.802054250858784,-0.4850632383041701,1000.0,-0.5223480012986967,1894.0508204115065,-0.17807028190676258,149.63039314764308,-0.2065366698005451,12.20523022734557,-0.4323859592772723,-0.30195967652011285,-0.4323859592772723,-0.14394540619488735
2019,Purdue,287.0,-1.083008159173516,21.52544988680701,0.5061411987557424,310.0,-1.6130234594863542,2524.719866316682,0.6975352015464004,206.11159626298945,0.8197464775133777,21.51402348851812,1.0959194806092596,-0.17689215581938658,1.0959194806092596,0.5992919440033344
2019,Rice,785.0,-0.6910871492913119,10.402495498316405,-0.7577154693579344,771.0,-0.884325798291412,1523.275615116084,-0.6928455114713945,126.8725609581993,-0.6200544129995823,17.270248039003352,0.39918200635436646,-0.9588840797418914,0.39918200635436646,-0.7633625888424159
2019,Rutgers,1476.0,-0.1472770733302618,14.242826286932686,-0.3213540940045303,661.0,-1.0582015959735023,1608.3154512032672,-0.5747782822750984,155.6861366358692,-0.09650169987027726,8.935874182118063,-0.9691445367491863,-0.5780907660956941,-0.9691445367491863,-0.9784332444737689
2019,SMU,898.0,-0.602157281587117,14.022089987323696,-0.34643547386204665,834.0,-0.7847423868916694,2982.234555234426,1.3327374093886692,217.90906018153643,1.0341105089580112,21.801125255359768,1.1430554712532128,0.16661014625846413,1.1430554712532128,-0.01469771818290219
2019,Sam Houston,0.0,-1.308874283342577,2.047987596189137,-1.7070046736576208,0.0,-2.1030370711358812,341.46516877866696,-2.333642239856983,33.44882576382331,-2.3175962446298572,6.099790133467791,-1.434769087420716,-2.569493361410715,-1.434769087420716,-2.159775988216029
2019,San Diego State,1645.0,-0.014275766763811074,12.674391278142066,-0.49956906955222347,1896.0,0.8939494052754207,1684.6766002843262,-0.4687603299238856,140.13720357190542,-0.3790312332739744,8.965508133976082,-0.9642792734911816,-0.12299893777127927,-0.9642792734911816,-0.8244467406995555
2019,San José State,1971.0,0.24228296661289273,15.756993132661568,-0.1493053920345504,722.0,-0.961779562713434,1945.3298426800693,-0.10687574116308789,162.09499716365156,0.019949529748826772,12.373631124661248,-0.4047381213429163,-0.2513509137324589,-0.4047381213429163,-0.6680880391826874
2019,South Alabama,120.0,-1.2144354857806003,7.676443254015027,-1.0674658455845591,1176.0,-0.24414672500735227,1421.8880177839674,-0.8336095726767871,117.82579302894344,-0.7844373395547124,10.953141297602192,-0.6379522737135511,-1.0898726828860463,-0.6379522737135511,-1.3164933610294005
2019,South Carolina,3170.0,1.185883952252978,30.930726304535625,1.574825012500275,1302.0,-0.044979902207867004,2701.028745389129,0.9423181384919483,194.07269351279643,0.6009954183434413,16.079488431183385,0.20368465936535643,1.120103241184695,0.20368465936535643,0.9549444235977264
2019,South Florida,2714.0,0.8270165215174661,14.450872645180095,-0.2977146212561902,2356.0,1.6210663774005254,2309.7861917449854,0.39912654290737853,171.76966066769313,0.19574153775286948,18.613118589331265,0.6196527279128616,0.7219810688867124,0.6196527279128616,0.16567600625787662
2019,Southern Miss,2794.0,0.8899757198921173,17.850430399902642,0.08856348318245405,1229.0,-0.16037020430598148,2563.2307536035555,0.751002775862872,217.5095621992892,1.0268514913742506,10.963272230849443,-0.6362889904115703,0.682738900336866,-0.6362889904115703,-0.4066868965566112
2019,Stanford,3546.0,1.4817921846138389,32.77941203217481,1.7848837525182164,696.0,-1.0028774785292007,2056.661836430251,0.04769487688828428,161.85540571054253,0.015596069535451111,21.327185838490415,1.0652447208523768,0.6120108714657143,1.0652447208523768,1.6080440559317875
2019,Syracuse,515.0,-0.9035744438057598,27.072326608048392,1.1364105396603017,1269.0,-0.09714264151249409,2403.8469947741232,0.5297182620429078,190.22666634556322,0.5311117641694654,11.610746892778609,-0.5299874516135764,0.31467866102674885,-0.5299874516135764,0.11944973504518021
2019,TCU,1612.0,-0.04024643609335471,8.696721812621323,-0.9515356875896414,1888.0,0.8813038927167232,2661.456193551711,0.887376575071238,197.77633905609122,0.6682919487828751,11.934375099328728,-0.47685459811748665,0.3800765749152521,-0.47685459811748665,0.2105230829473661
2019,Temple,2712.0,0.8254425415580998,19.008947029852948,0.22020107844206852,609.0,-1.140397427605036,2165.508773977419,0.1988153036671092,156.27932470712986,-0.08572326585782851,19.861759303374974,0.8246529188287389,0.004822847039868497,0.8246529188287389,-0.1813591409236893
2019,Tennessee,2987.0,1.0418647859709633,20.565135226851865,0.39702449791522687,1270.0,-0.09556195244265692,2277.2921411432885,0.3540125975327259,165.77311742445448,0.0867822569084629,12.07426255937472,-0.4538880588290988,0.46921367585881274,-0.4538880588290988,0.3098247761096914
2019,Texas,3286.0,1.2771747898962225,38.248406788221665,2.4063036782764944,1527.0,0.3106751385054995,2795.355911916967,1.0732796701964757,207.41904526136122,0.8435032815294173,11.897156919785596,-0.4829650299062873,1.5545416632783449,-0.4829650299062873,0.693608121580983
2019,Texas A&M,3113.0,1.1410255234110391,26.260621639039343,1.044179761596102,1065.0,-0.4196032117592797,2474.357999331245,0.6276140167733371,221.04648274480238,1.0911185704914492,10.525542466440157,-0.708154887674251,0.9163595895595483,-0.708154887674251,0.7653188271361993
2019,Texas State,1251.0,-0.3243498187589684,9.943528299614448,-0.8098660702023598,1289.0,-0.0655288601157504,1505.3907396646227,-0.7176764352623348,129.25495498307396,-0.5767654831763803,18.39808372649938,0.5843485868270354,-0.6559564719289609,0.5843485868270354,-0.2656533839591306
2019,Texas Tech,3867.0,1.7344159680921267,26.121482624449037,1.0283699537660271,1368.0,0.05934557640138717,2538.983905458784,0.7173390447350086,187.9065818684909,0.48895502054802836,13.201618512528608,-0.26880024051004325,1.0594523074416573,-0.26880024051004325,0.1543495810764279
2019,Toledo,2890.0,0.9655267579416988,21.97065637764939,0.556728225591064,2114.0,1.2385396224999268,1376.3877376229916,-0.896781049168747,124.60159545065326,-0.6613186478241491,13.730999049540898,-0.18188723988937774,0.31630171053974243,-0.18188723988937774,-0.2626852018059724
2019,Troy,1058.0,-0.4762388848378145,10.269823459842426,-0.7727904606454179,1922.0,0.9350473210911874,1510.3065934049039,-0.7108513841221349,119.43354313317374,-0.7552239597742904,22.048969778606676,1.1837462592530124,-0.46814465266010896,1.1837462592530124,-0.27686004930374436
2019,Tulane,1302.0,-0.28421332979512826,18.613420974398878,0.1752590401005662,2414.0,1.7127463434510821,1975.3086612277718,-0.06525388247468399,149.36552923369828,-0.2113493394361055,23.82130837874872,1.474726480633155,0.34904288241911696,1.474726480633155,0.09101235939330614
2019,Tulsa,1373.0,-0.22833704123762527,21.04948219734292,0.45205890037301166,2100.0,1.2164099755222062,1774.1892531803023,-0.3444831512307984,150.16295617786216,-0.1968598139148784,15.777704582294621,0.1541381837925927,0.2363762037270702,0.1541381837925927,-0.2621268918736075
2019,UAB,1323.0,-0.2676865402217823,11.150918997516769,-0.6726751107445688,1957.0,0.9903714385354888,886.4497000452751,-1.5769990415384434,76.23409775054168,-1.5401729396846957,9.886730061676216,-0.8130342684786274,-0.8066456763587166,-0.8130342684786274,-0.5897326378845333
2019,UCF,3393.0,1.3613827177223183,32.838330568098904,1.7915784293012311,2680.0,2.1332096360277735,1900.3381994908361,-0.16934103851967316,127.19679994220886,-0.6141628776455703,14.230376712264356,-0.0999000717264071,1.184174990084345,-0.0999000717264071,0.7281656292092273
2019,UCLA,1308.0,-0.27949138991702943,21.18549294572093,0.4675132558678569,1687.0,0.563585389679449,2239.035959880548,0.30089865083258893,198.67223047904088,0.6845706082037561,11.23599682008219,-0.5915134258866013,0.4568409401234833,-0.5915134258866013,0.2094109509346765
2019,UConn,11.0,-1.3002173935660626,7.344677266039927,-1.1051630833426789,1804.0,0.7485260108503996,1480.2148574092314,-0.7526300146344644,141.18647592427507,-0.3599655889041075,8.563045142894993,-1.0303551182720287,-0.7283491330043779,-1.0303551182720287,-1.4250799076444771
2019,UL Monroe,2956.0,1.017468096600786,18.154969719021356,0.1231670638254936,1199.0,-0.207790876401097,1780.3943191303676,-0.33586818937982055,155.16549660744556,-0.10596191065751935,23.17690663833903,1.368929450050436,0.12913385192477922,1.368929450050436,0.19727525071585977
2019,UNLV,2005.0,0.26904062592211947,26.600224885216,1.0827675155508913,1209.0,-0.19198398570272518,1957.4393272732016,-0.09006322883133086,147.99040117398337,-0.23633589558650828,9.209389178325196,-0.9242392042462652,0.21918589747243633,-0.9242392042462652,-0.42423027941575564
2019,USC,2713.0,0.8262295315377829,24.822379870499283,0.8807581214417698,979.0,-0.5555424717652776,3178.742267438504,1.6055639123919534,241.06079936920216,1.4547856796123138,12.222300078917534,-0.42958345348693505,1.1076773346242654,-0.42958345348693505,0.38077143887366466
2019,UTEP,1607.0,-0.04418138599177041,13.504630668902152,-0.40523229952747797,1568.0,0.37548339036882405,1307.3588634033708,-0.9926190503767315,94.7021647510167,-1.204601725180908,9.956196402940487,-0.8016293758932456,-0.5972994174662791,-0.8016293758932456,-0.9972704965751431
2019,UTSA,1234.0,-0.3377286484135818,14.896966222847016,-0.24702679830508548,820.0,-0.80687203386939,1529.6441885482068,-0.6840035398300922,138.622874032566,-0.4065471288282857,13.461646535026114,-0.22610918162022334,-0.6527983020214502,-0.22610918162022334,-0.5566443404389969
2019,Utah,2939.0,1.0040892669461727,17.355852143476298,0.03236654076441595,2117.0,1.2432816897094383,2949.4601775477518,1.287234264743242,252.7020679862733,1.666311587986748,22.57069644104259,1.269402656807835,1.3763228421022908,1.269402656807835,1.580225543714501
2019,Utah State,3789.0,1.673030749676842,35.868326336957146,2.135864688425897,1144.0,-0.29472877524214214,1598.39594376352,-0.5885502838721182,122.947924350651,-0.6913664281036609,22.80042785079658,1.3071196576466315,0.5875946392775667,1.3071196576466315,0.4034229314036683
2019,Vanderbilt,1953.0,0.2281171469785962,19.10021478837137,0.23057146756338462,2171.0,1.3286388994806464,2798.670146420025,1.0778810723473644,198.97575267539912,0.6900857123052397,12.073749057590785,-0.4539723648769141,0.9350215584108388,-0.4539723648769141,0.4969837214282703
2019,Virginia,2746.0,0.8522002008673266,20.42188443722209,0.3807474855889443,1353.0,0.03563524035382941,1707.9456930979495,-0.4364540903916341,131.34004756079247,-0.5388786242733972,17.69264453517064,0.468530507794838,0.07712308667846764,0.468530507794838,0.5525471510386389
2019,Virginia Tech,2756.0,0.860070100664158,18.279489771590004,0.13731577767040473,1449.0,0.18738139105819912,2439.0424985482123,0.5785828389514794,202.62302152284568,0.7563578585308295,10.163107534346675,-0.7676589783530897,0.6626684240473755,-0.7676589783530897,-0.07265064534646618
2019,Wake Forest,3072.0,1.1087589342440303,19.88759007079586,0.3200377609817755,2114.0,1.2385396224999268,2123.4198571735674,0.14038008065221982,159.12946961592354,-0.03393513943771739,14.507456638273219,-0.054409453735245146,0.7294882104110144,-0.054409453735245146,0.6797900030714168
2019,Washington,0.0,-1.308874283342577,17.79247415016583,0.08197814711701769,879.0,-0.713611378748996,3211.213683209141,1.6506464321205851,241.5411708289935,1.463514196471766,13.694077741999605,-0.187948931623197,0.30866388859497595,-0.187948931623197,0.7969382383237823
2019,Washington State,80.0,-1.245915084967926,3.1280449791766025,-1.5842820877548522,372.0,-1.5150207371564486,3463.1318755439142,2.0004034909490307,299.90434864616446,2.523993480086279,21.316089542503853,1.0634229455649624,0.04712304268571487,1.0634229455649624,-0.004709623900500099
2019,West Virginia,3016.0,1.0646874953817744,22.985343524128,0.672023053865574,1556.0,0.35651512153077786,1746.8315360443637,-0.38246593680513613,165.02393675935352,0.0731693830942072,14.784135594747847,-0.008984666395082434,0.46916289989162774,-0.008984666395082434,0.23215751130873347
2019,Western Kentucky,2659.0,0.7837320726348933,25.012646261115087,0.9023773278233521,1412.0,0.12889589547422328,2457.8689122391165,0.6047209714134173,202.98836766762628,0.7629963253240868,22.91951882846139,1.3266718577976104,0.8370373838521734,1.3266718577976104,-0.37077045469543496
2019,Western Michigan,3086.0,1.1197767939595944,21.17636034633407,0.4664755552508125,1520.0,0.2996103150166392,1914.920828076429,-0.14909487353724632,144.67429442294775,-0.29659071109267954,23.54270676086038,1.4289860332697006,0.3787581292086668,1.4289860332697006,0.6430906226608258
2019,Wisconsin,518.0,-0.9012134738667104,7.866200136259579,-1.0459045325944243,2862.0,2.4208950467381407,2495.2080468614863,0.656561712979888,188.15816131715005,0.49352630681900495,15.086047700558087,0.04058286623043728,0.42706699124369046,0.04058286623043728,0.48215376056631687
2019,Wyoming,1570.0,-0.0733000152400466,12.369955919510444,-0.5341608375823328,1244.0,-0.13665986825842372,1449.5182156941469,-0.7952484814576585,128.74579685866973,-0.5860170637655345,16.17098951302357,0.21870718669069134,-0.5589641284225203,0.21870718669069134,-0.24683932702680783
2022,Air Force,1416.3643400761089,-1.005104223130868,12.968879706007856,-0.6733470957813912,3173.0,3.282391215632131,954.5614269901182,-1.5556890580833236,80.9741450470702,-1.598675557856713,16.466533018538733,0.5462742772692253,-0.4035822373977595,0.5462742772692253,1.0841104274827142
2022,Akron,1419.6818912846768,-1.0019062553734308,10.519372237424973,-0.9848473965381656,1336.0,0.25476348846397456,1423.5449249326869,-0.8668387834347884,132.08376870592275,-0.6194048862311209,9.610893559947582,-0.839962773189705,-0.8377201387052253,-0.839962773189705,-1.1506343363299287
2022,Alabama,4404.635677771689,1.8754527864319916,39.90818271451519,2.7524848712396026,1332.0,0.24817094033731552,2726.738762208917,1.0473126454880723,181.87615966867253,0.334627341934003,22.19869230379622,1.7053392526594362,1.6289970216177088,1.7053392526594362,3.4901708136311576
2022,App State,3650.5917234315402,1.1485888732412932,19.247507055226283,0.12509680884272406,2264.0,1.7842346538488678,1500.3086325948009,-0.7540870526424128,123.31333602725084,-0.7874481408052029,12.423150324058167,-0.27131348155747365,0.3947215888487272,-0.27131348155747365,0.09773102940999996
2022,Arizona,3553.909480873599,1.055391609663716,20.82843396398466,0.32614098358762317,1295.0,0.18718987016571956,2465.628825831423,0.6637902994435548,167.6474070626767,0.062001579438205626,12.033283031970983,-0.35014616934943216,0.5972719736253815,-0.35014616934943216,-0.12681811164471138
2022,Arizona State,2985.569738861058,0.5075380707244249,14.724336075322306,-0.45010826347719657,2071.0,1.46614420673757,1510.1358864892138,-0.7396526288857027,136.8815147439083,-0.5274791069245196,16.45228084449847,0.5433924320637512,0.0667530303832683,0.5433924320637512,-0.14686938310348577
2022,Arkansas,3062.5867487901696,0.5817789487224575,15.324157871246388,-0.37382979842768366,1810.0,1.0359804414730687,2171.373321175076,0.23158322587144758,187.67976513675308,0.4458255902817544,9.879366802715518,-0.7856764358713991,0.5001326693611058,-0.7856764358713991,0.19006702507874598
2022,Arkansas State,3711.9327432212494,1.2077188131165795,22.88103751625335,0.5871675908002255,592.0,-0.9714504630946037,2313.7929226347796,0.4407713572475877,200.3103055073468,0.6878292848161619,11.442601470347263,-0.4695842860548884,0.5081235366265583,-0.4695842860548884,-0.1451802207426685
2022,Army,917.8095854910957,-1.4856882232699646,7.393102021764385,-1.3824106311539035,1645.0,0.7640378312483841,1538.663100390657,-0.6977514122817592,98.51537950879398,-1.2625819765943718,8.447288149929891,-1.0752483276917881,-1.0579793847119463,-1.0752483276917881,-0.5694303415607994
2022,Auburn,2305.6222721958807,-0.1479002144572982,15.808291962538034,-0.31226317045116136,1732.0,0.9074257530032178,2247.4950776935575,0.3433920488140968,182.68205736057513,0.3500685038427403,20.73872652082877,1.4101284742957108,0.2969350932687633,1.4101284742957108,0.9645366867246429
2022,BYU,636.1015520373788,-1.7572418938416088,6.693674652521224,-1.4713557920367197,0.0,-1.947147585840139,600.7260861039425,-2.0754079241395624,56.023439449490986,-2.076736096732189,3.9341786584386083,-1.9878166778320607,-2.4280897900000418,-1.9878166778320607,-1.939701255353097
2022,Ball State,1472.2820000985328,-0.9512021542310074,15.524501004892498,-0.3483524536203122,1155.0,-0.04354931426734624,1753.6904267377188,-0.3819159224171403,158.19432507335853,-0.11912137326442104,14.588451679585983,0.1665189019235625,-0.48003790802019397,0.1665189019235625,-0.8435715849115821
2022,Baylor,1548.5784230457245,-0.877655889153691,12.399765415672501,-0.7457205320244751,326.0,-1.4098549135174288,1252.69072021802,-1.117792103453242,115.95075399126755,-0.9285166938315577,15.718262640132131,0.394971086870511,-1.3222261913158069,0.394971086870511,0.013956025941895024
2022,Boise State,3532.632917560845,1.03488197494051,23.483626312275774,0.6637979312262712,1295.0,0.18718987016571956,1791.379192301411,-0.3265580758753993,146.89524859313948,-0.33561395179305437,21.653287817154066,1.5950563371945001,0.3185337986308944,1.5950563371945001,0.7033552222302193
2022,Boston College,2023.3698587006056,-0.4199786425115699,20.465486173651705,0.27998544117846674,787.0,-0.6500637419199764,2036.3552834455527,0.03326662671495027,158.12330728203415,-0.12048208843367754,19.229689158790542,1.1049952311577929,-0.22835778842839702,1.1049952311577929,0.49700965328995717
2022,Bowling Green,2206.916025072647,-0.24304852594153473,13.511300180207254,-0.6043682732969283,1072.0,-0.18034468789552097,2576.6982528849894,0.8269308058079686,211.72040943585634,0.9064491715907339,15.498212310226622,0.3504760514878576,0.183675534529339,0.3504760514878576,-0.1130554408275035
2022,Buffalo,1824.87686304701,-0.6113168194590551,11.089062977448453,-0.9124006540269746,811.0,-0.6105084531600222,2081.8000485848806,0.10001660637286518,170.30426817691895,0.11290757289897485,22.406634964772266,1.7473860701382613,-0.500123126462743,1.7473860701382613,-0.47583618003226763
2022,California,2252.5171426064862,-0.19909113254857153,22.581106004394695,0.5490257368362298,663.0,-0.8544327338464061,1375.058153130588,-0.9380569099130613,129.84622210600594,-0.6622767292389997,8.125573819102657,-1.1403002207719357,-0.5478967821084927,-1.1403002207719357,-0.8047329815131272
2022,Central Michigan,2290.299812392667,-0.16267036549181887,20.232308693297707,0.25033260027408744,1860.0,1.1183872930563066,1818.2974870452244,-0.28702006481809583,164.9819431774584,0.010930755154814675,11.502847311756595,-0.45740234183186895,0.24207265331197136,-0.45740234183186895,-0.3021001171875814
2022,Charlotte,3804.7978131150953,1.2972364966856187,22.149264793774037,0.49410911840871885,1644.0,0.7623896942167193,2710.3405857484327,1.02322674820577,226.49699499002554,1.1895715235875077,13.079455502699728,-0.1386060134159147,1.240749236932459,-0.1386060134159147,-0.3834876564418067
2022,Cincinnati,2478.1352955408024,0.01839445643437133,10.075783560902453,-1.0412579231119037,910.0,-0.4473428870252114,2885.6674957194073,1.2807496474476847,220.53248448301667,1.0752903023227374,16.39842503212662,0.5325025766471472,0.23058630337299826,0.5325025766471472,1.571308127668655
2022,Clemson,3116.8725280566723,0.634107959148363,22.526173927535716,0.5420401045480108,1722.0,0.8909443826865703,2118.0112681192763,0.1532042102673662,179.0884621237158,0.2812144961388462,31.50005637660751,3.5861113637687194,0.6511541356396129,3.5861113637687194,2.6547280407288936
2022,Coastal Carolina,3325.445445440092,0.8351627200045507,26.473577407455508,1.0440256616341974,1677.0,0.8167782162616563,1554.027053168482,-0.6751845988712201,120.5672584194599,-0.8400635402310925,14.067463500546733,0.06117305913273471,0.30734610421991165,0.06117305913273471,-0.14101718942191085
2022,Colorado,1878.1097151212466,-0.5600027827291395,14.098580954670155,-0.5296846316995012,910.0,-0.4473428870252114,1834.8999782690723,-0.26263406682547985,176.7101664324881,0.23564587222530667,12.21780582788402,-0.3128349399748512,-0.40712075610252757,-0.3128349399748512,-0.5716046696282825
2022,Colorado State,790.5960276753422,-1.6083162795160837,7.110772403227694,-1.418314077954825,1086.0,-0.15727076945221438,2371.364585472771,0.5253335133402948,194.6674906712587,0.5797118173255212,14.491504897490316,0.14691588428012883,-0.5411351245114444,0.14691588428012883,-0.3564530423909726
2022,Delaware,698.3225908858777,-1.6972636558093355,3.316195999927044,-1.9008648380700992,0.0,-1.947147585840139,559.1899800552494,-2.1364168043773413,53.27994814645713,-2.1293019420386154,2.297079034559014,-2.318844610036162,-2.553844242770585,-2.318844610036162,-2.3873920870063476
2022,Duke,1533.8538736694545,-0.8918496818603391,11.542003673188722,-0.8548008447764635,742.0,-0.7242299083448903,2189.4190396284002,0.25808905852299396,169.97690953154122,0.10663531539496236,14.292143436780728,0.10660421898056018,-0.5482415011162185,0.10660421898056018,-0.5442524495398411
2022,East Carolina,3610.3228980477584,1.1097715658024154,24.95329638069937,0.8506937354640238,2209.0,1.6935871171073063,2602.621793623596,0.8650077066712023,204.80325956845846,0.7739151885272852,12.025257995351362,-0.3517688630690483,1.3777842890798555,-0.3517688630690483,0.17335702691867091
2022,Eastern Michigan,1984.7069414508305,-0.45724792789710406,16.516590212979597,-0.22218991251343867,685.0,-0.8181737191497814,2520.329811803699,0.7441359605933687,217.71386818386583,1.021285046976933,9.728626734591668,-0.8161566658607584,0.0697119536887217,-0.8161566658607584,-0.6213509760466271
2022,Florida,1726.968852679184,-0.7056956671894231,22.830204027566772,0.5807031700064624,1570.0,0.6404275538735273,2568.598253661951,0.815033400645695,195.5903935697792,0.5973948225323663,18.330452315389895,0.9231660324391248,0.501831121654013,0.9231660324391248,1.200936508706713
2022,Florida Atlantic,2894.753227439835,0.4199951039066309,21.428704671103432,0.40247653602060074,1359.0,0.2926706401922639,2095.2676160194023,0.11979797942078,167.11786519342704,0.05185545068923809,15.656588740480206,0.3825003836983004,0.3349584700052243,0.3825003836983004,-0.22313255948367774
2022,Florida International,2488.7142183847977,0.028592054613456003,17.51800322574335,-0.09484167673193124,813.0,-0.6072121790966927,2482.1366129350185,0.6880371945476207,158.72722414904558,-0.10891091976470463,10.592016536996798,-0.6415758787129516,-0.024555944156239587,-0.6415758787129516,-0.6590594229691455
2022,Florida State,2212.8074366039873,-0.2373694744548952,14.881583894785397,-0.43011128707098134,1413.0,0.38167003990216075,2503.497733842017,0.7194127420202707,206.23711562177618,0.8013881589744793,15.48324034811082,0.34744866232476757,0.3214732670190645,0.34744866232476757,0.8328467957693124
2022,Fresno State,3650.9460126817075,1.1489303918879128,28.733022835715147,1.3313560492625223,999.0,-0.30065869120704813,2961.9403510538887,1.3927804066873617,264.71370066588565,1.9218112928395539,16.25522316096366,0.5035465994986729,1.4301690051012645,0.5035465994986729,0.6407895811702577
2022,Georgia,2619.3865434553113,0.15455420443215825,28.61361417806106,1.316171024007739,906.0,-0.4539354351518704,3436.4463987501604,2.0897422885273813,229.9836279238213,1.2563761120458439,23.915630491313834,2.0525108539755053,1.1356838088373538,2.0525108539755053,3.401867015981906
2022,Georgia Southern,2209.1445895273773,-0.24090029164956875,10.71075418015996,-0.9605096333404671,1287.0,0.17400477391240152,2299.9541585078905,0.42044476470984504,179.2741477269826,0.2847722696539869,8.853492333114673,-0.993112256770423,-0.08386695554733505,-0.993112256770423,-0.6925961203127339
2022,Georgia State,1348.5008434144347,-1.0705215326423196,14.418230642901797,-0.48903524593601516,2019.0,1.3804410810910028,1755.9373824650283,-0.37861555880803555,140.4797365280657,-0.4585364536436176,22.605113665121056,1.787519237848188,-0.26453886543976785,1.787519237848188,0.6119649040513679
2022,Georgia Tech,3154.8256544496044,0.6706930385843867,22.855455764921288,0.5839143967046662,2053.0,1.4364777401676043,1783.862942542635,-0.33759806072214515,148.95790672990637,-0.2960930069234899,16.37877607802767,0.5285294814546047,0.535548554499943,0.5285294814546047,0.4368026762130279
2022,Hawai'i,1218.865094155908,-1.1954844707483852,9.55720254177904,-1.107205116780659,681.0,-0.8247662672764404,1692.6732969638986,-0.471538834070438,143.80889345070023,-0.39474913724042554,7.507021370954961,-1.2653739394897259,-1.0395887326591595,-1.2653739394897259,-0.9609539085449743
2022,Houston,3426.247980251833,0.9323317570229837,15.407090834764361,-0.363283334124211,1648.0,0.7689822423433783,1678.4617915096765,-0.49241291488193145,156.44593530769617,-0.15262087291857135,13.467465299182818,-0.06014891848338419,0.18039007430701673,-0.06014891848338419,0.4923290044116949
2022,Idaho,560.1672726099504,-1.8304390691153445,2.287047665046318,-2.031740134410447,0.0,-1.947147585840139,346.14539906096894,-2.449340006950801,28.6584334464096,-2.601055117090193,3.4406399172107434,-2.087612137184809,-2.8268324240435923,-2.087612137184809,-2.417536405141082
2022,Illinois,2569.05573747331,0.10603760751555921,10.117443332888865,-1.0359601105231822,1817.0,1.047517400694722,1923.8115924455699,-0.1320393015221916,142.84359471351013,-0.4132444552454477,12.734424972378491,-0.20837253301773206,-0.11132925353811314,-0.20837253301773206,-0.0998167507618898
2022,Indiana,3117.54462454458,0.6347558294488017,20.744281849149957,0.31543948158506163,490.0,-1.1395604403244088,1305.148074642564,-1.0407419233057356,125.11392292226202,-0.7529485336516207,8.666680702813382,-1.0308862973897504,-0.5161979169066674,-1.0308862973897504,-0.2656014441407775
2022,Iowa,2581.784497078276,0.11830755008757533,17.661334035257767,-0.07661450623169884,334.0,-1.3966698172641108,1930.918562712276,-0.1216004727753024,154.87743346375115,-0.1826736838024563,18.150737343388496,0.8868269638204659,-0.4319101691469929,0.8868269638204659,0.6110788975866561
2022,Iowa State,1652.5920116227844,-0.777391543046323,14.059082244772833,-0.5347076251666892,277.0,-1.4906136280690019,2143.621991169145,0.19082163963160806,184.1770779110428,0.3787133983605061,14.294377908881403,0.10705603795862652,-0.5813057964213015,0.10705603795862652,-0.2834039502369486
2022,Jacksonville State,432.13464929182425,-1.9538566670755606,3.1086917474733253,-1.9272528519368368,33.0,-1.892759063795202,561.4008221234021,-2.1331694850739273,46.72574167069255,-2.2548818567007944,3.536575322789655,-2.068213623819635,-2.645191558531534,-2.068213623819635,-2.295354940095327
2022,James Madison,2508.5691912045622,0.04773134106619079,12.860544713760246,-0.6871238991185684,565.0,-1.0159501629495522,522.4621650400998,-2.190363191769259,41.04442611372617,-2.363737005749104,3.781572985695027,-2.0186741403554525,-1.6163447570099214,-2.0186741403554525,-1.7351682323243962
2022,Kansas,2688.297096152429,0.22098082811272654,30.93855881027833,1.6118308501022938,1996.0,1.3425339293627134,2129.5690159738424,0.17018041053638144,173.10860642868764,0.16663925798445473,15.270795008124587,0.30449138557982314,0.9142317602827761,0.30449138557982314,-0.07036682717057847
2022,Kansas State,3549.2976514479024,1.0509460168517382,20.96582144449991,0.3436123495865495,2260.0,1.777642105722209,2053.1604857512943,0.057950369905530416,182.15430889975684,0.33995673716011904,17.757551252978757,0.8073232020571419,0.9293143915426597,0.8073232020571419,0.3088911724052657
2022,Kennesaw State,608.2225049692269,-1.7841160211804026,2.061925736876953,-2.0603685624643004,0.0,-1.947147585840139,259.0769540795116,-2.5772274965998347,18.923932205013635,-2.787570119279039,1.9343666051085662,-2.39218647863984,-2.904066762050071,-2.39218647863984,-2.4991281928555584
2022,Kent State,925.0539619465044,-1.4787049754251982,15.204224711461332,-0.3890815238553137,1405.0,0.3684849436488427,2212.0173659631605,0.29128183261971313,144.75508580114285,-0.3766199014493406,13.030781884102941,-0.14844800902935362,-0.41248852471270486,-0.14844800902935362,-0.3904659281245498
2022,Kentucky,2861.1356635868588,0.3875893086297555,20.91730152065117,0.33744214146698726,2228.0,1.7249017207089368,1520.9279301893441,-0.7238011068183653,142.44757087917478,-0.420832351584069,13.440645289365534,-0.06557202912491598,0.33977514153110394,-0.06557202912491598,0.03511084051591895
2022,LSU,4086.8932737101068,1.5691636293165725,28.279313150776396,1.2736584487745162,1172.0,-0.015530984729045395,3352.841649310788,1.9669423289000467,244.37362146886537,1.5320912833725349,28.231367093689446,2.9251696357522614,1.6467695900056036,2.9251696357522614,1.981616965754278
2022,Liberty,2286.930410504885,-0.165918314934512,17.801900729500485,-0.05873884424879247,697.0,-0.7983960747698043,431.88430936073263,-2.3234053585737042,51.48832056527944,-2.1636298869366977,4.615508466088109,-1.8500491320545167,-1.4342997820107122,-1.8500491320545167,-1.5178292197412355
2022,Louisiana,898.1928352565926,-1.5045978740369588,8.416693870937966,-1.2522419450162705,844.0,-0.5561199311150853,2372.6233219338324,0.5271823650818083,180.53409038264792,0.3089130244139646,12.402262956962925,-0.27553698869037513,-0.6447384694135844,-0.27553698869037513,-0.2596699189428242
2022,Louisiana Tech,640.7887415035098,-1.7527236573945049,3.842893092428036,-1.8338855351587695,335.0,-1.395021680232446,2319.552684680202,0.4492313855520067,191.46036417114124,0.5182626283680465,12.14976957852713,-0.32659213508443263,-1.0448971269863834,-0.32659213508443263,-1.156762904628074
2022,Louisville,3599.598127668152,1.0994333772640374,25.55909124308476,0.9277317866846352,2379.0,1.9737704124903148,1941.5476734398558,-0.10598826919866484,159.34884415322418,-0.09700055542606136,15.839057900599887,0.4193963599018105,0.988621910250318,0.4193963599018105,0.8573141280521832
2022,Marshall,1863.942762879135,-0.573659077279897,9.279290526737498,-1.142546783372696,1464.0,0.46572502851706327,2738.3791223670964,1.0644101879968109,224.61654313671582,1.153541687765556,14.925004913235737,0.23457127905847763,0.2518368828644936,0.23457127905847763,0.37417380668842737
2022,Maryland,3399.527862306528,0.9065747843971145,21.042413107347354,0.3533523999103166,828.0,-0.5824901236217214,3024.723220505183,1.4849968643121525,248.32599282503782,1.607819513701665,13.146821059894833,-0.12498443487860705,0.9814132214766881,-0.12498443487860705,0.5106388132306795
2022,Massachusetts,1091.9658416236493,-1.3178095510645433,9.915131278626708,-1.0616878401005252,1734.0,0.9107220270665474,1731.5160345885472,-0.41448601537165125,138.01603056218036,-0.5057415556025836,12.402563710143754,-0.2754761752236188,-0.6218677616101421,-0.2754761752236188,-1.093916206279954
2022,Memphis,3064.202709283551,0.583336660790859,22.552727073159673,0.5454168294422959,1831.0,1.0705913191380287,1886.728647037215,-0.18650730997320542,152.99475050084715,-0.21874626813309292,10.566431972870188,-0.6467491774148991,0.46700968078848343,-0.6467491774148991,-0.40842094079943203
2022,Miami,3528.7580579003734,1.0311467873036837,28.16743744142424,1.2594313775948822,1297.0,0.19048614422904908,2574.8628745760707,0.8242349735287325,214.27300921376545,0.9553574968718852,14.808817537904103,0.21107773838249405,1.1090673249397274,0.21107773838249405,0.9802638714232174
2022,Miami (OH),3101.7899043785574,0.6195689991782498,19.557320089965476,0.16449528169386415,909.0,-0.44899102405687613,2197.1498210846353,0.2694441508721654,168.65439369401858,0.08129564588201807,7.292181294572804,-1.308815441278616,0.17852009398776394,-1.308815441278616,-0.7433057172687286
2022,Michigan,3543.254100026466,1.0451203094636343,31.58652309975885,1.6942315260102563,1403.0,0.36518866958551316,2551.716091015047,0.7902366169059714,197.8903072454685,0.6414616312591618,17.468019403079836,0.7487787322024978,1.1808025005674654,0.7487787322024978,1.5888356777341186
2022,Michigan State,2662.100051575817,0.19572807431052894,17.07630098835084,-0.1510123075862666,1224.0,0.0701721409175219,2306.1844445554716,0.42959590600552605,183.15166840686513,0.3590663459668145,16.1206591533612,0.47633723206862116,0.23519800123000273,0.47633723206862116,0.9728285097526314
2022,Middle Tennessee,3016.2977641976913,0.5371584829195647,25.079644116116924,0.8667611931416584,957.0,-0.3698804465369679,1924.3059493589856,-0.13131318237924788,170.2720298628531,0.11228988031571342,17.18139682890125,0.6908225292510197,0.26421302106496475,0.6908225292510197,-0.10856029002682098
2022,Minnesota,2972.7521665989752,0.4951825168095676,15.477857769263164,-0.3542840060295859,1032.0,-0.2462701691621112,2223.699807675811,0.3084411851718369,162.43081689332703,-0.03794933768911494,8.631439891187881,-1.0380121270163791,0.04298149696057256,-1.0380121270163791,-0.35398702834225115
2022,Mississippi State,4215.554232244013,1.6931869137107274,32.65808242525998,1.83050016631999,967.0,-0.3533990762203203,3021.495153233485,1.4802554287681553,288.8502692022518,2.3842728018326933,20.972694275991053,1.4574376673735672,1.831192988843599,1.4574376673735672,1.508942073010393
2022,Missouri,1766.5377613430583,-0.6675530474832848,18.501889634511855,0.030277726320634652,706.0,-0.7835628414848216,2169.1068809575218,0.22825424313924944,188.72930833996708,0.46593504920424106,14.176282512425557,0.08317668796588745,-0.18914983310337113,0.08317668796588745,-0.08204803962139698
2022,Missouri State,973.6315045815674,-1.4318784442532744,6.918684297225758,-1.4427416429077167,51.0,-1.8630925972252366,463.30286852838134,-2.2772572889579448,42.58599451003487,-2.334200245140448,3.986675668315212,-1.9772015775822858,-2.4336293067401247,-1.9772015775822858,-2.0600013565333426
2022,NC State,3683.3686702305617,1.1801843520932236,29.951314758128756,1.4862844604263141,244.0,-1.5450021501139388,2370.5545975797418,0.5241437904928535,199.016959038056,0.6630485062668832,19.988958609180706,1.2585224768319303,0.6009538783650029,1.2585224768319303,1.352713169285485
2022,Navy,735.2234850788178,-1.6616928801285096,11.062696244739623,-0.9157536730620729,926.0,-0.42097269451857533,774.0474056664699,-1.820830867362792,65.36600471826551,-1.897730666629122,12.72287243854333,-0.21070850043925565,-1.7484590504982271,-0.21070850043925565,-0.6615044345502521
2022,Nebraska,3030.3760986210605,0.5507293539427693,21.203521859854472,0.37384036555409966,1232.0,0.08335723717083995,1890.171683983396,-0.1814501236193005,157.3811369261067,-0.13470222176435578,16.72915105596998,0.5993766692203937,0.18007191315771173,0.5993766692203937,0.20391363110287708
2022,Nevada,1705.8835636533472,-0.7260209222410179,14.189419718917584,-0.5181327982201698,990.0,-0.31549192449203095,1123.2290959177801,-1.3079473559235255,103.89226513358604,-1.1595597662922599,8.014155498871343,-1.1628294398969283,-1.0482852240217988,-1.1628294398969283,-0.5474494236969122
2022,New Mexico,909.8465675231097,-1.4933642086919063,7.992912837240918,-1.306133562471929,324.0,-1.4131511875807583,1450.2307466435977,-0.8276422323931697,142.41765702973203,-0.4214055069575118,15.104266338673892,0.2708186387922285,-1.4217031927315635,0.2708186387922285,-1.0145040967955696
2022,New Mexico State,658.4660500613272,-1.7356835397739632,3.9839794145028558,-1.815943792860511,49.0,-1.8663888712885661,496.9974762349644,-2.2277661237577213,50.17124717937495,-2.1888652779817166,4.085724260815498,-1.9571735656733982,-2.5600011632349102,-1.9571735656733982,-2.1307407328148447
2022,North Carolina,1496.0824594343349,-0.9282595990802326,13.81449505342755,-0.5658114224167496,430.0,-1.238448662224294,2873.0515125894917,1.262219094705149,203.40701442260374,0.7471628506337094,16.323061479035392,0.5172637721300322,-0.1882358703297281,0.5172637721300322,0.7019299061662332
2022,North Texas,2225.0574172559395,-0.2255610529140314,27.135435406041466,1.128193180313811,1470.0,0.4756138507070518,2315.1028141756556,0.4426953463679953,167.55070905329057,0.06014882612449555,10.679367349653127,-0.6239132035353419,0.48965587449328946,-0.6239132035353419,-0.12823887467368691
2022,Northern Illinois,2445.7929193463633,-0.012782116214032966,10.982170179422475,-0.9259940556233733,1781.0,0.9881844675547908,2250.7918191236677,0.34823435403280767,152.56791375951872,-0.22692454596869524,12.442306746586388,-0.26743997817047915,0.044438658281386365,-0.26743997817047915,-0.08786711844722858
2022,Northwestern,2292.0930065631674,-0.16094180825801496,17.655803147470582,-0.07731786118417697,1377.0,0.32233710676222954,1887.6134310810526,-0.1852077253731589,172.2676220743615,0.15052582856488733,8.556250793716742,-1.0532156559263546,0.012857872110834938,-1.0532156559263546,-0.5277484791320376
2022,Notre Dame,1574.9257795810108,-0.8522582414923854,13.99850214983904,-0.5424115076956403,923.0,-0.4259171056135696,2659.020285411405,0.9478466908321179,216.30124495120566,0.9942189016451932,15.176334268053647,0.2853910553347702,0.03162143904160677,0.2853910553347702,0.9526664561886945
2022,Ohio,2421.1742813708443,-0.036513358183832986,20.252086069353094,0.2528476604110533,913.0,-0.44239847593021714,1469.1874592675065,-0.7997983172987158,132.84227542785428,-0.6048717448412262,14.535563387529887,0.15582468289024135,-0.4244871507425713,0.15582468289024135,-0.6002545327652062
2022,Ohio State,4521.8816046532065,1.9884725019648168,33.59692856904261,1.949891864407696,1737.0,0.9156664381615416,2949.443406636638,1.3744246998621616,230.61553927949768,1.2684836607496166,18.998111250395613,1.058169274421905,1.951485579658639,1.058169274421905,2.1308811707036943
2022,Oklahoma,2783.8848001232755,0.31312300651128394,31.131585192614317,1.636377734291399,621.0,-0.9236544891763259,2420.3078460869665,0.5972221377038156,200.4973534808544,0.6914131616192003,10.88269714627751,-0.5827991252286449,0.6024695241042152,-0.5827991252286449,0.5638522993473946
2022,Oklahoma State,2928.518948764371,0.4525437162154932,19.722196757891275,0.18546240765914004,1008.0,-0.2858254579220653,2231.320523074194,0.31963461077897304,162.03052554049123,-0.045619000540751735,19.093914756903157,1.0775411172801541,0.1630015898626399,1.0775411172801541,0.29788931126643625
2022,Old Dominion,3150.164483142746,0.6661998824538267,21.417975511681025,0.40111212442773436,1525.0,0.5662613874486134,2734.458239800849,1.0586511345450942,193.81344193272582,0.5633480716762377,17.6903950714005,0.7937439600865817,0.847439580815173,0.7937439600865817,0.12405308063817873
2022,Ole Miss,2349.060102215086,-0.1060281313691164,24.188014286894347,0.7533739250770188,1364.0,0.30091132535058773,2223.7335225519955,0.3084907061076937,186.31391215572066,0.41965557238052176,17.771724186041673,0.8101890244277843,0.436375030387419,0.8101890244277843,0.7580629168231438
2022,Oregon,3235.121627822086,0.7480946874976143,20.75171788742101,0.31638511175258743,1342.0,0.2646523106539631,1913.3404122541542,-0.14741953426469695,154.1730969929547,-0.19616891228253866,16.57056065654422,0.5673090716083913,0.2565412636808535,0.5673090716083913,0.21355767254445834
2022,Oregon State,2596.072962652014,0.13208097793702503,23.411230485008446,0.6545914592083046,1233.0,0.0850053742025047,2004.6440692802137,-0.013311299124792881,167.26085172319983,0.05459510136596085,8.627048081370278,-1.038900168099126,0.23764784326700117,-1.038900168099126,-0.2926821854485308
2022,Penn State,4230.858972993269,1.7079399843869696,26.895334258309276,1.0976598667028534,907.0,-0.4522872981202057,3244.7341981500394,1.8081524189131621,237.84894129332156,1.4070770985627379,16.997797858238965,0.6536981009470721,1.4495155037029703,0.6536981009470721,1.983792539390487
2022,Pittsburgh,3385.055756008421,0.8926243352815072,25.942394212114433,0.9764758675519547,1158.0,-0.038604903172351976,2552.7037793905665,0.7916873489929821,210.29657229892715,0.8791681655971668,15.01450869223307,0.2526692924314983,0.9114167092490273,0.2526692924314983,0.5254834490514568
2022,Purdue,3928.844707432325,1.4168120340314179,23.748291387431827,0.6974550037473118,748.0,-0.7143410861549019,2173.451273812241,0.23463535510647926,195.77939106483655,0.6010160525605062,14.96854857390559,0.24337597716107676,0.581930422905132,0.24337597716107676,0.3528165588582578
2022,Rice,1420.2042321285187,-1.0014027426702403,15.314856737887345,-0.3750126100238439,1093.0,-0.1457338102305611,1815.068739865742,-0.29176249902124896,178.17972731265715,0.26380295433813045,16.778323369423532,0.6093195028798672,-0.40349997821290823,0.6093195028798672,-0.5394655348282563
2022,Rutgers,2550.947287997825,0.08858188975294513,21.588482104729536,0.42279519977934843,841.0,-0.5610643422100795,1933.7958396808044,-0.11737428349848189,173.596951942214,0.17599605626980985,8.561882316715007,-1.0520769400008954,0.002325694091900459,-1.0520769400008954,-0.22019146369830728
2022,SMU,3845.309700569107,1.3362881048525888,32.60801145065486,1.8241327133325111,1289.0,0.177301047975731,2444.456270911173,0.6326917206325546,221.7715311705723,1.0990306861298464,22.758827955577033,1.8186008671990508,1.3195981956858147,1.8186008671990508,0.8782449370628045
2022,Sam Houston,1440.355146292662,-0.9819781822856453,10.256545770448493,-1.018270655932177,395.0,-1.2961334583325606,524.6636525394841,-2.1871296126023183,49.78714516125715,-2.196224749923158,2.1654188630573543,-2.3454668104753438,-1.9990685552629563,-2.3454668104753438,-1.7127865387172034
2022,San Diego State,2142.173907182129,-0.30545696896039776,18.67400556524356,0.05216545880384126,1234.0,0.08665351123416946,1507.9909805737561,-0.7428031001398944,136.96024155609234,-0.5259706853646778,12.005190947102799,-0.35582649853012055,-0.37364387471680877,-0.35582649853012055,0.003148746905108069
2022,San José State,2856.094534433301,0.38272989049853884,25.181077008820985,0.8796602665224079,1295.0,0.18718987016571956,2213.8679557378086,0.2940000077370053,190.19244423116987,0.49396902723588126,13.383898804055457,-0.07704638988955248,0.5824436656607364,-0.07704638988955248,-0.028599273558503002
2022,South Alabama,2585.4243053665846,0.12181615894316772,19.701021143688138,0.1827695356113553,996.0,-0.3056031023020424,1840.0323770436537,-0.25509551947576237,159.44636695211005,-0.09513199897960357,8.980879675766232,-0.9673540389980742,-0.09143056830445294,-0.9673540389980742,-0.5313622888378753
2022,South Carolina,2297.875875696378,-0.1553673866829312,18.86581913108125,0.07655811088350048,1077.0,-0.1721040027371972,2537.8285184456017,0.7698383337667312,215.09534974163984,0.9711137068258401,16.200146785081216,0.49240994137736976,0.387863512458957,0.49240994137736976,0.5688551912228555
2022,South Florida,2679.82138098196,0.21281062601716313,15.846427837179888,-0.3074134867604915,1540.0,0.5909834429235847,2228.306655151307,0.31520779457852444,195.37906700319155,0.593345763001505,11.471572689783269,-0.46372619243404617,0.36571041243856484,-0.46372619243404617,-0.051328452215288985
2022,Southern Miss,1233.2091613954874,-1.1816574454339857,7.3782040603552606,-1.3843051832298316,1618.0,0.7195381313934357,1729.8063373806149,-0.4169972452900102,136.79231678717466,-0.5291881577205345,12.540236403211061,-0.24763821946192816,-0.7269283943701534,-0.24763821946192816,-0.602207978255305
2022,Stanford,2916.9201845061298,0.4413630375184545,21.44511043834519,0.40456283357041367,360.0,-1.353818254440827,2179.2728335347547,0.24318615280262196,178.26891198420577,0.2655117505873277,10.302428070827261,-0.700131796598441,0.00020968033802015666,-0.700131796598441,-0.5433603883790113
2022,Syracuse,2191.9976580054335,-0.25742915004504463,23.60940807321844,0.6797934147534247,2519.0,2.2045095969233808,2270.511184734805,0.3771984657269683,167.99339786192328,0.06863083275879404,14.171995423823136,0.08230982192149111,0.7998378772257563,0.08230982192149111,0.4629163725445785
2022,TCU,4027.9889049449403,1.5123825096772752,29.66529399523072,1.44991161616756,1731.0,0.905777615971553,2854.3437480616108,1.2347408384559941,195.60272290350616,0.5976310550470115,9.614249303742865,-0.8392842286995863,1.4838500495910416,-0.8392842286995863,0.20777423261357209
2022,Temple,1070.611309880072,-1.3383943437920105,10.927880604683647,-0.9328979818518106,717.0,-0.7654333341365093,1921.9131082390988,-0.13482782472776422,186.51227456123453,0.4234562359770575,13.80817268633732,0.00874344470044128,-0.7153415592513459,0.00874344470044128,-0.41880708100788855
2022,Tennessee,3639.7765870535654,1.1381635760100925,21.277798530819002,0.3832860217284197,1863.0,1.123331704151301,2518.4232555035614,0.7413355809707501,194.12529714056683,0.5693232801980384,12.49829743601789,-0.2561184422817413,1.0296181240602775,-0.2561184422817413,0.5497317906964434
2022,Texas,1626.0014659839762,-0.8030236138900092,16.683473108933946,-0.20096765744882544,1791.0,1.0046658378714384,2987.072067423369,1.4296942635702867,218.7897636290716,1.0418994201575713,16.81705854081176,0.6171519056861365,0.6435420820621447,0.6171519056861365,0.8815182977401456
2022,Texas A&M,3350.0253837459995,0.858856657261368,23.06525892409925,0.6105947591946266,1273.0,0.15093085546909493,2275.377140626844,0.3843456576161575,176.30097665204306,0.2278057137104759,21.18355512341534,1.5000745535395124,0.5811381305004564,1.5000745535395124,1.07944576579843
2022,Texas State,2757.709260541657,0.28789098254151063,21.820925075001224,0.45235463410526944,1308.0,0.2086156515773614,2268.5299836104223,0.37428844662256044,195.64682446669667,0.59847604987017,12.585149191625877,-0.238556678386716,0.5002074695736888,-0.238556678386716,-0.7342643270714354
2022,Texas Tech,3592.2502504412887,1.092350359405435,27.303166549834224,1.1495233058218377,1595.0,0.6816309796651463,1973.7588012117826,-0.0586760624584011,162.8777736921483,-0.02938555550416191,12.513240955165907,-0.2530968043977267,0.738078041865719,-0.2530968043977267,0.8343259887355158
2022,Toledo,2335.2070347166955,-0.11938185537103665,13.552331637478755,-0.5991503625763067,1163.0,-0.030364218014028197,1731.430896369504,-0.4146110677153443,138.80651473167964,-0.4905957198840128,17.634714930233443,0.7824852182687297,-0.4305701989757097,0.7824852182687297,-0.15583214968756498
2022,Troy,4066.7473168039887,1.5497438475021736,26.846066010295868,1.0913944952880787,1126.0,-0.09134528818562417,2478.080774345663,0.6820799155847906,189.9477167856198,0.4892800001444536,19.05199935063344,1.0690656585710028,0.968632157917371,1.0690656585710028,0.3738734167714291
2022,Tulane,2108.6477066301914,-0.33777469419025175,17.985432515228727,-0.03539937409569675,1370.0,0.3108001475405762,2351.595436093918,0.4962962784718338,187.59877917293153,0.44427388292203807,18.73837480387333,1.0056495513970123,0.22859826683716153,1.0056495513970123,0.5057416041281618
2022,Tulsa,2706.3372969888615,0.238370757306165,18.053228417175273,-0.02677786788790242,884.0,-0.49019444984849503,1384.4052206988636,-0.9243277913197381,117.18300514198465,-0.9049065138774124,17.61908967346662,0.7793257303779302,-0.5486787614848022,0.7793257303779302,-0.257293538869371
2022,UAB,2112.6582831659903,-0.33390868168768806,11.019423676244926,-0.9212565826361411,2025.0,1.3903299032809913,1664.2914177410264,-0.5132265808322893,122.04374290278261,-0.8117738004889421,11.44522655044038,-0.46905348461652807,-0.309719372431475,-0.46905348461652807,-0.2052438055300683
2022,UCF,2280.822387185683,-0.17180617028578296,17.264556135758774,-0.12707217440083568,1544.0,0.5975759910502437,2281.1189108114504,0.39277925919486245,220.75015989260882,1.079461006962836,15.470389735475505,0.34485021830451706,0.460982772118961,0.34485021830451706,0.7048234717995289
2022,UCLA,4324.122017016374,1.7978412968297328,21.507297856837337,0.41247111709763157,2061.0,1.4496628364209225,1916.083649186445,-0.14339022508319157,158.7580370879576,-0.10832053765615027,9.891749550024892,-0.7831725960457481,0.8871859371826868,-0.7831725960457481,-0.3346513468331718
2022,UConn,892.8244598875734,-1.5097727425651686,8.107088957033724,-1.2916139514436449,250.0,-1.5351133279239502,1838.493782546283,-0.25735543106483993,166.59094069471035,0.041759471286249704,11.863905138851157,-0.38439504028110555,-1.1849302054939301,-0.38439504028110555,-1.093211737160905
2022,UL Monroe,1777.1216833828144,-0.6573506303079433,15.614518845098289,-0.336905015856915,1585.0,0.6651496093484988,2229.5006327595634,0.31696152750725165,173.85862383112658,0.18100974230497563,12.996666857192102,-0.15534620059366439,0.04395634802923216,-0.15534620059366439,-0.7968400857352288
2022,UNLV,2204.8344561013782,-0.24505506330493898,19.689746270233865,0.1813357263590682,271.0,-1.5005024502589903,1647.604011118008,-0.5377373038872948,134.9998315286163,-0.563532535889779,9.789608425213457,-0.8038259300555648,-0.6938389598970298,-0.8038259300555648,-1.0303294777735437
2022,USC,2696.2627919614547,0.2286593948510568,22.816521373597176,0.578963166809352,2047.0,1.426588917977616,3696.0705033327567,2.4710822216629444,297.1670924895861,2.543624809210829,10.855766815412885,-0.5882445432164415,1.8869247341837245,-0.5882445432164415,0.9066239973142555
2022,UTEP,2915.9364608119986,0.4404147728321601,12.573739133552085,-0.7235965474527454,1389.0,0.3421147511422066,1312.497032551165,-1.0299476593371126,98.79008778547313,-1.2573185107469158,20.015334253347568,1.2638557350049524,-0.580044735340617,1.2638557350049524,-0.35556020047724024
2022,UTSA,2856.6112515074524,0.3832279821447465,17.317326736744576,-0.12036141385447038,1394.0,0.3503554363005304,2992.0169002320104,1.4369573111045113,252.25327191491772,1.6830669711605248,12.054689835350676,-0.3458176301728814,0.9717801003353369,-0.3458176301728814,0.4041861881096145
2022,Utah,2608.8209478713597,0.14436945312271793,16.8870367873576,-0.17508076064797232,1801.0,1.021147208188086,2289.7159554794384,0.4054067324571189,186.02653622559325,0.4141493917444968,16.71349717350248,0.5962113931012148,0.47114872590157925,0.5962113931012148,1.0168713409292671
2022,Utah State,3990.9700774955572,1.4766980517266293,33.378638527794166,1.9221322374732095,1421.0,0.3948551361554788,1263.2949070792138,-1.1022165084401907,111.59671779705492,-1.0119409032651605,11.75761442127298,-0.40588743814081096,0.4371883814275115,-0.40588743814081096,-0.14393131913596063
2022,Vanderbilt,2599.638787772151,0.13551827039943104,33.95814931214922,1.9958277807339238,1405.0,0.3684849436488427,1753.033486663633,-0.3828808462416391,146.68668302144613,-0.33961011010627945,13.259866498432306,-0.10212620608280248,0.4626492730899673,-0.10212620608280248,0.021756385503778338
2022,Virginia,4256.000759700075,1.7321755178265374,20.767700550693416,0.3184176037862326,1080.0,-0.16715959164220293,3332.259206156933,1.9367105154531543,238.31595944645943,1.4160252603323746,15.064841532421717,0.2628467891253908,1.3629974403874516,0.2628467891253908,0.9640809296426117
2022,Virginia Tech,3412.309515547321,0.9188957140168997,15.122507946493727,-0.3994733259586999,772.0,-0.6747857973949477,1387.002708366418,-0.9205125609309492,110.47670427873996,-1.0334005876023207,14.146295972330607,0.07711329254584397,-0.5490537798855517,0.07711329254584397,-0.1093758903029245
2022,Wake Forest,3832.5463539288494,1.3239848219591328,38.18803885964107,2.5337366800172267,1359.0,0.2926706401922639,2838.4288088633225,1.2113647275995347,203.59198413489221,0.7507069075336814,11.880639079310189,-0.38101137222145953,1.5911006685297386,-0.38101137222145953,0.5672613450569609
2022,Washington,3766.445877604542,1.2602669834852478,23.9578936062738,0.7241098129471117,1156.0,-0.041901177235681486,2559.673043130279,0.8019239122457619,203.80716504555232,0.7548298170723947,13.578448182333553,-0.03770774643523818,0.9108644825734235,-0.03770774643523818,-0.11681510944129143
2022,Washington State,789.9797256381743,-1.6089103665157403,7.844227849412848,-1.325041616038002,62.0,-1.8449630898769243,1718.0004230536624,-0.43433795634333217,140.04648739456198,-0.46683759420335463,18.05710333158198,0.8678938012565213,-1.4785520727483372,0.8678938012565213,-1.0542643289686846
2022,West Virginia,2997.888750293443,0.5194130347830125,26.122751597392273,0.9994116538185119,668.0,-0.8461920486880823,1939.3307998513374,-0.10924444769324163,169.19732004168839,0.09169822393022779,13.79424838180655,0.005927895989191975,0.1705218178228275,0.005927895989191975,-0.027257671443839178
2022,Western Kentucky,648.2209662117868,-1.7455593324183856,4.140515137709128,-1.7960373726991783,492.0,-1.1362641662610793,2609.998756338203,0.8758431045355661,256.57312033636447,1.7658361359899786,15.603404078530856,0.3717462375160749,-0.5300268553130691,0.3717462375160749,-0.18424361375202533
2022,Western Michigan,651.9445288552045,-1.741969988191929,4.964519077434421,-1.6912499906065277,1845.0,1.0936652375813352,1228.8306546495603,-1.1528381398107481,108.29379964546948,-1.075225479536291,13.498033730691146,-0.05396786234891106,-1.1889707476173184,-0.05396786234891106,-0.5926088353140696
2022,Wisconsin,2247.845763405785,-0.20359412862230925,15.760999857149102,-0.31827723868366037,2015.0,1.3738485329643437,1200.6655294860761,-1.1942075148303193,94.71561114378925,-1.3353863029117965,17.091129571724547,0.6725701376109022,-0.43669084577304856,0.6725701376109022,0.07541928611838575
2022,Wyoming,1141.8902795786519,-1.2696846743554997,10.519650973170979,-0.9848119501189053,1046.0,-0.2231962507188046,1317.7686404862643,-1.0222046394017346,109.15842586433776,-1.0586590672357852,12.160300382959669,-0.32446276533509005,-1.1866119275529161,-0.32446276533509005,-0.12437612827639885
2023,Air Force,1341.2889424010486,-1.139886076432922,12.853923828053935,-0.6226696197738749,1195.0,-0.0049128746027103706,199.0,-1.6733166116930998,62.77920332253761,-1.8829334671727265,13.681263760393911,-0.05383638994675303,-1.3135087203301545,-0.05383638994675303,-0.03864828662047223
2023,Akron,3173.6592460472593,0.8302891747091204,20.04726358989786,0.3534953440343563,976.0,-0.37619996957782653,1840.0,0.2393065310050192,189.3877874535105,0.4155882830882156,7.658248351851838,-1.1948124068914825,0.3608341318075831,-1.1948124068914825,-0.8296557396515782
2023,Alabama,2069.828242328626,-0.35655636663273726,21.23863938557342,0.5151698024877857,1214.0,0.02729924779239103,2389.0,0.879178624448814,233.10221541842157,1.2092040095986796,18.405834175469025,0.8411673861223108,0.561131594093635,0.8411673861223108,1.6723281320282823
2023,App State,1089.4728986822256,-1.410640157192745,4.179569283489293,-1.799814210520155,1157.0,-0.06933711939291318,2340.0,0.8220680004438122,199.42510256368118,0.5978112125468047,14.816143140368837,0.1611506334701322,-0.45889182953881025,0.1611506334701322,-0.16063490189423896
2023,Arizona,3422.7897123689354,1.0981557069683174,19.374367283411974,0.26218062508396023,1482.0,0.4816597110496108,2939.0,1.5202162408314863,250.6541858366156,1.5278521174111908,9.055490940117917,-0.9301243436990173,1.2065142162487978,-0.9301243436990173,0.22332391223431958
2023,Arizona State,2361.5002253781486,-0.042948947154146086,26.169939367759774,1.1843669248275934,584.0,-1.0407869158346554,2696.0,1.236994166684233,230.76962001210973,1.1668567918901223,8.923658973450902,-0.9550980656689784,0.6179250238784448,-0.9550980656689784,-0.28717557520620124
2023,Arkansas,3179.648551079771,0.8367289104563733,27.86179798393854,1.4139589028947381,2436.0,2.099047330256281,1365.0,-0.31431686496183425,137.97706801305102,-0.5177501444880467,11.897997909020365,-0.39165116049641857,0.8679060772163787,-0.39165116049641857,1.0710852504479103
2023,Arkansas State,1540.1909597941135,-0.9260254657854673,11.2957758500401,-0.8341165296826392,461.0,-1.2493180239713644,1051.0,-0.6802910677693963,137.41175752960748,-0.5280131013859877,17.563883766369788,0.6816716586372692,-1.0406391484180784,0.6816716586372692,-0.9432112091161127
2023,Army,755.3665890762754,-1.7698732123924523,10.120057384361886,-0.9936662258592655,1203.0,0.00865012430049022,719.0,-1.0672446834767548,88.88988434500183,-1.408905827923757,10.358220124438661,-0.6833405227949741,-1.2906422895606753,-0.6833405227949741,-0.8080032388609715
2023,Auburn,3434.971388540708,1.111253516326664,20.555331377244247,0.4224421739724964,2915.0,2.9111318895854166,2557.0,1.0749864781802485,162.91010941991746,-0.0651020213990581,12.124131272569084,-0.3488133580106058,1.3458284140329784,-0.3488133580106058,1.036162991302906
2023,BYU,2893.466197175122,0.5290239722926431,21.038284482999348,0.4879808412131569,1438.0,0.40706321708200754,614.0,-1.1896245920589015,97.30645046352947,-1.2561068655253418,6.5692482341235285,-1.4011082458521122,-0.25207264111976463,-1.4011082458521122,-1.1376469249141228
2023,Ball State,2608.1345770994662,0.2222337481099552,18.997589579925098,0.21105038440786364,1528.0,0.5596469547430142,1044.0,-0.6884497283415394,138.70320923952767,-0.5045673779775932,18.469597194211193,0.8532463980819401,-0.04936675811469666,0.8532463980819401,0.16033625560899242
2023,Baylor,1910.7999812930666,-0.5275444815901543,13.482329493582533,-0.5373924586697306,1905.0,1.198803278056342,2396.0,0.8873372850209571,177.74035157147264,0.20413433710664602,13.730476678072389,-0.04451369110135685,0.30232478491514003,-0.04451369110135685,0.7307830806346
2023,Boise State,2381.049530243162,-0.021929420399407585,17.826232173794562,0.05209250144686032,2172.0,1.6514683664506618,2090.0,0.5306872657244157,200.04959196947397,0.6091485360930294,17.490999095123833,0.6678646772079015,0.6961340521494188,0.6678646772079015,-0.2435315469219003
2023,Boston College,2637.5658001814254,0.25387837103990196,19.98854939459549,0.3455275929993803,1167.0,-0.05238337076391243,1961.0,0.3803348066092071,192.65283147989717,0.47486368500287457,22.38354557558663,1.5946891691523177,0.34596674693596025,1.5946891691523177,0.44404247573829275
2023,Bowling Green,2808.3960878912167,0.4375560939988353,16.704799058907145,-0.10009045560100935,923.0,-0.4660548373115304,1538.0,-0.11268139653601184,181.22718696255393,0.26743626122965114,14.327536672181791,0.06859097288303899,0.006455793860797857,0.06859097288303899,0.18671045570325293
2023,Buffalo,2615.48101513868,0.23013268119138877,18.807697796971,0.18528131029598652,1503.0,0.5172625831705123,756.0,-1.0241203347382841,127.92001152608412,-0.70033146973992,20.79829696220458,1.2943859944005822,-0.1953528609130804,1.2943859944005822,-0.4544984701335778
2023,California,2616.975670880238,0.23173974377319054,20.605089663498042,0.4291945723449103,1067.0,-0.2219208570539198,2710.0,1.2533114878285192,247.6240692706468,1.4728417175989599,8.722856162927688,-0.9931373492174066,0.7809342094668446,-0.9931373492174066,-0.47117244941571557
2023,Central Michigan,2103.0513591417625,-0.3208346774191575,11.942295075268946,-0.7463812861112907,1401.0,0.3443343471547048,709.0,-1.0788999128655308,113.2675998043429,-0.9663393969856806,13.140071919285878,-0.15635761384976415,-0.6829720379286438,-0.15635761384976415,-0.4960744546273277
2023,Charlotte,1310.360018913725,-1.1731410355849754,8.082307047861839,-1.2701970932084086,737.0,-0.7813945618109441,835.0,-0.932044022566955,145.235302004273,-0.3859801795064567,7.395872691680189,-1.2445158055016405,-1.1208238424162444,-1.2445158055016405,-1.0821457119224622
2023,Cincinnati,2568.090129100179,0.1791777237698704,16.16616887522948,-0.17318472490616837,1067.0,-0.2219208570539198,1875.0,0.2800998338657347,161.93115293448284,-0.08287453492786254,20.236490928489555,1.1879597000672513,-0.0046144389452183335,1.1879597000672513,1.0056808694823987
2023,Clemson,2899.0499497217124,0.5350276556386911,25.4104488118164,1.0813010200321955,1621.0,0.717316816992721,1603.0,-0.03692240550896873,206.43854809355815,0.7251371534009916,21.676009374577227,1.4606563331534264,0.7455765487965565,1.4606563331534264,2.0980650748342633
2023,Coastal Carolina,2560.735103941595,0.17126955776754263,22.431080224682894,0.6769887915931152,1737.0,0.9139803010891296,2357.0,0.8418818904047313,198.34148093325504,0.5781385505098363,10.04590213999952,-0.7425047961256039,0.785151384194938,-0.7425047961256039,-0.18725859152709054
2023,Colorado,996.9127083833664,-1.5101614143343471,7.649134351335876,-1.328980359900456,627.0,-0.9678857967299522,1538.0,-0.11268139653601184,178.81048648109936,0.22356215380939043,9.974415421675184,-0.7560469549290617,-0.9119417067053713,-0.7560469549290617,-1.0484357994218736
2023,Colorado State,1506.57371929598,-0.9621709190867561,8.87764758339772,-1.1622662028583068,1228.0,0.05103449587299206,2150.0,0.6006186420570709,200.32214842713427,0.6140966756714501,9.466266948812441,-0.8523085749410587,-0.21186192242049925,-0.8523085749410587,-0.9132493480581738
2023,Delaware,479.857002019054,-2.0661027293150886,4.916917059312855,-1.6997531695112449,3.0,-2.0257997111795985,74.0,-1.819006979052798,33.22940987551969,-2.4193966416082517,2.7422390944510413,-2.126081593720659,-2.47469318569502,-2.126081593720659,-2.12289918515737
2023,Duke,2500.2048497070045,0.10618707493041023,18.844580306714285,0.19028641432008486,1765.0,0.9614507972503317,2713.0,1.2568080566451518,239.66033396008262,1.3282636943132953,20.44761399992618,1.227954012682036,0.9481734741381996,1.227954012682036,1.1418292483512165
2023,East Carolina,1006.2880536119353,-1.5000809883945228,5.073171513754079,-1.6785488153566466,827.0,-0.6288108241499375,921.0,-0.8318090498234825,144.10334579898372,-0.4065303339533994,9.349714499240989,-0.874387806132894,-1.2449335666171644,-0.874387806132894,-1.1193341180270313
2023,Eastern Michigan,1519.9116321298802,-0.9478299173171085,16.7660922417813,-0.09177272564205292,1759.0,0.9512785480729312,1067.0,-0.6616427007473549,123.04926300817222,-0.7887577125994903,8.417496215627521,-1.0509835197436965,-0.37964591909325096,-1.0509835197436965,-0.5528022957776898
2023,Florida,1929.5455222951796,-0.5073891664346201,15.090673857280944,-0.31913369854432555,1734.0,0.9088941765004294,1335.0,-0.3492825531281618,176.86318074832934,0.18820969637609747,19.368744488472096,1.0235772753693295,-0.019417849207739334,1.0235772753693295,0.6068899074946104
2023,Florida Atlantic,3987.9612493984287,1.7058314440667097,23.07049075481466,0.7637593568200632,1923.0,1.2293200255885433,1928.0,0.34187254962624675,179.8771906996059,0.2429276878619317,15.506583353351857,0.29194487368253197,1.05691006759607,0.29194487368253197,0.3954382634106177
2023,Florida International,1725.679821085243,-0.7265867589088567,14.926254116343848,-0.34144611472026826,1046.0,-0.25752372917482136,1486.0,-0.17328858935764632,181.50470341691084,0.2724744473113689,11.707419151841275,-0.4277536401567037,-0.3025796015378823,-0.4277536401567037,-0.546813702539459
2023,Florida State,2851.8971842001997,0.4843287267876128,22.35682141469367,0.6669115741995922,1956.0,1.2852673960642458,2814.0,1.374525873471788,220.4502673283148,0.9795135974683332,19.107496221399494,0.9740874456113872,1.1819605607245227,0.9740874456113872,2.015253275957203
2023,Fresno State,3129.919900093094,0.7832603745105146,20.48213935373647,0.4125097237693929,609.0,-0.9984025442621536,1309.0,-0.37958614953897907,163.76821864705892,-0.04952343534802172,10.04095737585765,-0.7434415125230617,-0.057177172282073745,-0.7434415125230617,-0.5936615424092986
2023,Georgia,2792.4596036796665,0.4204210931088219,31.18625711852897,1.8651012982551287,1213.0,0.025603872929490956,3383.0,2.037708425693135,240.8258735021582,1.3494235390950562,19.36268325148749,1.0224290588094571,1.4059179996388884,1.0224290588094571,1.719846640156727
2023,Georgia Southern,2726.7105740634133,0.3497273525047623,16.352721877847486,-0.14786873663395012,1045.0,-0.2592191040377214,2429.0,0.9257995420039175,222.1691006777091,1.0107182418119565,7.675236255245977,-1.191594286226641,0.46364010894104524,-1.191594286226641,-0.6432271888446192
2023,Georgia State,406.0528097492291,-2.145457427844744,4.515071299097883,-1.7542852457044855,639.0,-0.9475412983751513,1112.0,-0.6091941684978636,144.39887947391642,-0.40116505335706437,16.283527648314866,0.43912610217442527,-1.445242681275225,0.43912610217442527,-0.7005050154855318
2023,Georgia Tech,2750.4200727850653,0.3752199439888259,15.63665855576922,-0.24504139217688164,991.0,-0.3507693466343254,930.0,-0.8213193433735843,142.26276345428047,-0.43994527640367,16.22231040376791,0.4275293515248325,-0.3656147398893404,0.4275293515248325,0.07245317925440882
2023,Hawai'i,2942.745126505297,0.5820089648871497,16.448636417898904,-0.1348527500939268,1031.0,-0.2829543521183225,1177.0,-0.5334351774708205,146.4229282113687,-0.3644193612813233,8.499533598976592,-1.0354426850379708,-0.18101241841166452,-1.0354426850379708,-1.1069417995763038
2023,Houston,2697.574826601377,0.3184004266868728,17.156618268957278,-0.038776782477164956,1280.0,0.1391939887437959,2207.0,0.6670534495730933,210.5585496873937,0.7999339244062216,12.24265418083434,-0.32636085098274636,0.4652802832846146,-0.32636085098274636,0.48330764578415397
2023,Idaho,364.91981879305825,-2.1896838599289348,3.4590148396989084,-1.897596329234397,0.0,-2.0308858357682986,0.0,-1.9052556765297393,16.226207601484212,-2.7280821112327076,2.0993479546433247,-2.2478683271543067,-2.652693529455734,-2.2478683271543067,-2.333527876865131
2023,Illinois,2009.4347518346258,-0.42149180029731537,15.829706850712883,-0.2188439667686571,373.0,-1.398511011906571,1615.0,-0.022936130242437697,186.78705894950318,0.3683732299066672,12.669566728568897,-0.2454882406276271,-0.4178110315800798,-0.2454882406276271,0.7978170999884523
2023,Indiana,1011.8194679869206,-1.4941335793562285,8.319193925807372,-1.2380505968253332,926.0,-0.4609687127228302,905.0,-0.8504574168455239,122.28051874613523,-0.8027139180085362,8.250763217865117,-1.0825687538459368,-1.1957223039655196,-1.0825687538459368,-0.9735261839355749
2023,Iowa,2786.431415293525,0.41393954975267544,19.609078188979375,0.2940318333160412,1182.0,-0.02695274782041133,967.0,-0.7781949946351135,134.708291447688,-0.5770933089646183,18.236123587920748,0.809018089286782,-0.16636098703069732,0.809018089286782,0.03853188493946493
2023,Iowa State,3233.099341137957,0.8941995120684365,17.994876775985382,0.07497824818543174,813.0,-0.6525460722305385,1511.0,-0.14415051588570665,161.6028122756703,-0.08883541152209835,10.638567211128853,-0.6302326888219475,0.02063772397022541,-0.6302326888219475,0.29785751841053587
2023,Jacksonville State,1741.6956321714733,-0.7093664652999346,10.423745572504329,-0.9524545246186912,605.0,-1.0051840437137538,62.0,-1.832993254319329,40.236508335692506,-2.2921859289423074,4.960377920077791,-1.7058862213653554,-1.6758198143178011,-1.7058862213653554,-1.7224857355378775
2023,James Madison,1414.533082519778,-1.0611335492467127,9.78999020512742,-1.0384576616511296,753.0,-0.754268564004543,1260.0,-0.4366967735439808,119.2042790559577,-0.8585616623413731,13.897063089326585,-0.012956225762589375,-1.0237022859731153,-0.012956225762589375,-0.07455997953439089
2023,Kansas,4303.250820763752,2.0448326324242556,34.57480485876496,2.324940773620327,2011.0,1.3785130135237498,2539.0,1.0540070652804518,227.25905107966554,1.103123996026407,18.179784146831118,0.7983453702696314,1.950485268340254,0.7983453702696314,2.1640592759290915
2023,Kansas State,3162.2326518969694,0.8180032339497944,27.589155002590246,1.3769601603312138,1038.0,-0.2710867280780219,1023.0,-0.7129257100579687,137.297804672208,-0.5300818641245879,17.648663731583728,0.6977320371130282,0.1679892474833639,0.6977320371130282,1.1518062864367284
2023,Kennesaw State,259.51675612325994,-2.3030138484434755,2.8008571823662067,-1.9869109545713208,0.0,-2.0308858357682986,0.0,-1.9052556765297393,8.150505966485257,-2.8746928326468333,2.1617491423074413,-2.2360472950426096,-2.7388644860146725,-2.2360472950426096,-2.2896393952396097
2023,Kent State,1872.861904044064,-0.568335723798766,9.921066683876894,-1.0206700594564864,404.0,-1.3459543911566687,320.0,-1.5322883360889117,75.36329593172616,-1.6544749406987556,9.538756851561045,-0.838576376881344,-1.5103985889807765,-0.838576376881344,-1.182892686630734
2023,Kentucky,2575.436744360096,0.18707684740003863,14.557237232977652,-0.39152318107914286,1456.0,0.4375799646142089,2282.0,0.7544676699889122,204.4623951776309,0.6892609883662292,16.118097991246785,0.40778776773510483,0.41372833252746155,0.40778776773510483,0.26987995660887687
2023,LSU,3083.0545755527146,0.7328705038809463,26.426553598941123,1.2191905019124059,2217.0,1.727760235281165,1825.0,0.2218236869218554,225.2874512435416,1.0673304901022447,19.585975672686846,1.0647286845073527,1.2259837478783266,1.0647286845073527,2.1656893640433292
2023,Liberty,832.0679111201896,-1.6874035030110608,5.820767242683656,-1.5770970861411397,334.0,-1.4646306315596738,378.0,-1.4646880056340117,82.41143353867562,-1.5265191808298455,3.7545851314547094,-1.9343067980872175,-1.9048211389502279,-1.9343067980872175,-1.946161341603608
2023,Louisiana,3267.649548776186,0.9313480970870902,25.24194726040506,1.0584346858562994,861.0,-0.571168078811335,937.0,-0.8131606828014412,145.73116561377003,-0.3769779992876748,11.323544176788161,-0.5004733843930679,0.056371357520564484,-0.5004733843930679,-0.23904728366107406
2023,Louisiana Tech,1644.3472566157998,-0.81403600719167,14.82894266806083,-0.35465166729199465,1465.0,0.4528383383803095,1693.0,0.06797465899001402,185.88803873323803,0.35205192329706103,8.069604635378933,-1.1168867131835956,-0.0729876600134496,-1.1168867131835956,-0.9338600385793798
2023,Louisville,3169.652251806575,0.8259808311015232,18.00276353166269,0.07604851246116373,1343.0,0.24600260510650054,2220.0,0.6822052477785019,167.23565650810218,0.013426335364535262,12.01899988404133,-0.3687290289498076,0.45488281514233175,-0.3687290289498076,0.4207898555798618
2023,Marshall,2526.1938738192484,0.13413062542639276,16.0815516837268,-0.18466761608265778,1302.0,0.1764922357275975,1259.0,-0.43786229648285835,167.41889498778102,0.016752947330994448,14.3619770849233,0.07511522731147832,-0.0728226856193189,0.07511522731147832,0.10821801903413729
2023,Maryland,2551.17360979119,0.16098898341988913,15.726938707020562,-0.23279001472265204,1747.0,0.9309340497181303,2687.0,1.2265044602343347,235.35308231874401,1.2500674831367895,11.268475734881068,-0.5109053303943011,0.823010726914039,-0.5109053303943011,0.00421588606708862
2023,Massachusetts,1728.9878972849058,-0.7230298960605019,11.67042488242044,-0.7832751581858762,736.0,-0.7830899366738442,926.0,-0.8259814351290946,131.0084152310691,-0.6442628932036639,14.476130411522918,0.09673997821613368,-0.9276070649293383,0.09673997821613368,-1.0473672664904874
2023,Memphis,2985.294219000264,0.6277579976155929,14.99192446136431,-0.332534386358679,1859.0,1.1208160343629385,1787.0,0.17753381524450712,146.3810239191231,-0.36518011481013785,10.75373448986638,-0.608415858868309,0.3030786332287033,-0.608415858868309,0.11435870805184387
2023,Miami,2914.4115760617724,0.5515445659882279,19.767375775472004,0.3155134486582168,1140.0,-0.09815849206221443,1891.0,0.2987482008877761,209.32929365344927,0.7776173354477831,26.621569127773757,2.3975234480476617,0.4552779562006895,2.3975234480476617,1.4049358820003917
2023,Miami (OH),2455.504627013863,0.058125134450736526,19.77681572613148,0.3167944877025199,1305.0,0.18157836031629773,869.0,-0.892416242645117,131.96902318455795,-0.6268234889979928,10.211381175327993,-0.7111571076655738,-0.23753503259277065,-0.7111571076655738,-0.5264648383022223
2023,Michigan,2397.022668622252,-0.004755008734402628,26.31282799535976,1.2037574828448327,2512.0,2.2278958198366867,1415.0,-0.2560407180179549,171.20910509767594,0.08556250266604364,23.19674986033683,1.7487393454910272,0.8034489520880039,1.7487393454910272,1.6310475710983494
2023,Michigan State,1673.7095007974467,-0.7824655507781615,9.366912229315258,-1.0958710343848088,800.0,-0.6745859454482395,1136.0,-0.5812216179648014,147.53958706054763,-0.34414692343616143,19.89176736560744,1.1226566432020124,-0.8581906662579054,1.1226566432020124,0.010251751104560735
2023,Middle Tennessee,1105.1024165956492,-1.3938352082590966,8.576727329148824,-1.2031022844036527,1177.0,-0.0354296221349117,1285.0,-0.40755870007204115,161.56287652688275,-0.08956042703215386,13.548688057213583,-0.0789510023954952,-0.7721308617881256,-0.0789510023954952,-0.5587061037473153
2023,Minnesota,1814.9526547152345,-0.6306000868551006,10.87645031526811,-0.8910206811653489,1474.0,0.4680967121464102,3317.0,1.960783911727214,218.09739432281867,0.9367982490908479,9.910496323352177,-0.7681555339819811,0.45498016725342727,-0.7681555339819811,0.414164970291348
2023,Mississippi State,4331.899324440231,2.0756356708785115,31.057059348213198,1.847568644305794,1177.0,-0.0354296221349117,2229.0,0.6926949542284002,253.58978677817063,1.5811466286843807,13.385203439637342,-0.1099208763110301,1.5202412528502234,-0.1099208763110301,1.3382292855107962
2023,Missouri,2879.25766056673,0.5137468707564001,15.693205290011285,-0.23736777427304306,1855.0,1.1140345349113383,1356.0,-0.3248065714117325,175.2805784347798,0.15947826505431725,16.377571510680646,0.4569413963787247,0.3022624528971124,0.4569413963787247,0.884252458675357
2023,Missouri State,485.2528768846468,-2.060301053148816,3.1320562389144846,-1.9419659185028597,146.0,-1.7833611057848877,25.0,-1.8761176030577997,21.587928415797776,-2.630742487737845,2.537187845220433,-2.1649256845534457,-2.539441667093436,-2.1649256845534457,-2.368457061022398
2023,NC State,2012.68052519799,-0.41800192582238455,14.322487132588561,-0.4233797082052235,1483.0,0.48335508591251086,1876.0,0.2812653568046123,182.74861139098482,0.29505703563550933,19.992117223772258,1.1416665200998002,0.05385962594966211,1.1416665200998002,0.6390707572895322
2023,Navy,735.4247508593105,-1.7913147932995224,6.358408205526647,-1.5041370580580344,1977.0,1.3208702681851472,408.0,-1.4297223174676843,56.33018700486426,-2.0000124502109204,16.12544897850052,0.4091803094419517,-1.333394403684078,0.4091803094419517,-0.2964890238448195
2023,Nebraska,2035.018465236352,-0.3939840422442117,12.881090364391582,-0.6189830121842403,1540.0,0.5799914530978151,936.0,-0.8143262057403187,128.6984882202961,-0.6861985764136157,10.101230965550494,-0.7320235240853816,-0.47704805260953514,-0.7320235240853816,-0.38520698522091035
2023,Nevada,2707.810060366381,0.3294054098026425,16.10258460416366,-0.18181336469223477,339.0,-1.4561537572451735,1388.0,-0.28750983736764973,184.8916084136233,0.3339621801886104,10.751381613058097,-0.608861578466713,-0.31139730922955033,-0.608861578466713,-1.192932985838333
2023,New Mexico,2889.9964829334685,0.5252933152776075,14.751499083362667,-0.36516107134587505,1113.0,-0.1439336133605164,785.0,-0.9903201695108342,134.34272783278007,-0.5837299515409279,8.6550095686897,-1.00598993743213,-0.38436507493691774,-1.00598993743213,-1.1197257943426127
2023,New Mexico State,234.2350411727515,-2.3301968959982213,3.1269788942364585,-1.9426549344742945,0.0,-2.0308858357682986,0.0,-1.9052556765297393,55.11155667621208,-2.0221361342814816,4.5969925411209696,-1.7747244982374488,-2.5243027799288944,-1.7747244982374488,-1.9032566172856933
2023,North Carolina,3329.243399940368,0.9975741655541046,34.14185318323094,2.2661875003605023,1742.0,0.9224571754036299,3387.0,2.042370517448645,219.10765003966233,0.9551389860513724,18.135079214506725,0.7898766461901728,1.77242458633255,0.7898766461901728,1.7299671051050385
2023,North Texas,2171.477876340382,-0.24726208653056683,13.542839891557767,-0.5291809557510398,2039.0,1.4259835096849518,2124.0,0.5703150456462537,166.5442637635453,0.0008744118733710932,12.836666193164882,-0.21383358451004061,0.30118785515686136,-0.21383358451004061,-0.2370147559174946
2023,Northern Illinois,2807.861261725855,0.43698104578256486,24.370348259900673,0.9401552169376013,1240.0,0.07137899422779295,712.0,-1.075403344048898,107.97209634686055,-1.0624768742282487,16.573723982652055,0.4940997383391972,-0.17008541355790247,0.4940997383391972,-0.10279805354395732
2023,Northwestern,3174.5231365466348,0.8312180348189898,19.720731647752515,0.3091836540489476,676.0,-0.8848124284478487,1002.0,-0.737401691774398,140.69271440235988,-0.46844880892151936,10.91645776711052,-0.5775902102287759,-0.23445574566006952,-0.5775902102287759,-0.33630678259398405
2023,Notre Dame,3275.345745691293,0.9396230929544034,20.031801524753256,0.35139707997871633,1581.0,0.6495018224767181,931.0,-0.8201538204347066,146.70134480113649,-0.359364833647141,14.944682753837663,0.18550066518137043,0.18776058443577964,0.18550066518137043,0.5597347441828271
2023,Ohio,3379.8618498410424,1.051999418488534,26.80588648058804,1.2706674904801216,1616.0,0.7088399426782207,2910.0,1.4864160756040363,226.0189433305941,1.0806103990734615,17.105876029844172,0.5949084997368734,1.381313106325504,0.5949084997368734,0.19619724223833981
2023,Ohio State,2176.472576894776,-0.24189175532646948,14.343913786781858,-0.42047202556995067,1625.0,0.7240983164443213,3415.0,2.075005159737217,282.05068457241146,2.0978413935854965,28.223029162140598,2.7008976497335158,1.0447883431097398,2.7008976497335158,2.133273307238099
2023,Oklahoma,3475.798428239197,1.1551509878319033,28.77568470972457,1.5379769851955052,1228.0,0.05103449587299206,1262.0,-0.4343657276662256,175.5909442472749,0.16511281641948697,12.155314776540113,-0.3429060793898697,0.6106286789225387,-0.3429060793898697,0.8739503391589716
2023,Oklahoma State,3119.5159483357515,0.7720739848241046,14.123552196682805,-0.45037597432610194,694.0,-0.8542956809156473,1943.0,0.35935539370941055,184.3708873171933,0.32450872350414195,17.936252634749234,0.7522117319160522,0.0373216185967866,0.7522117319160522,0.4113475402620517
2023,Old Dominion,640.6539890300919,-1.8932128698598452,6.792604459742545,-1.4452148904953996,204.0,-1.6850293637366833,1207.0,-0.49846948930449286,129.9707206789415,-0.6631017698451185,15.880361864489036,0.36275198406315456,-1.5260176676265051,0.36275198406315456,-1.1129038437959689
2023,Ole Miss,3294.745939264714,0.9604822943776428,26.02654371238387,1.1649075611141246,2758.0,2.644958036110105,3446.0,2.1111363708424227,246.31950135166528,1.4491578753298628,24.260461409087196,1.9502446188047944,2.055399958933502,1.9502446188047944,2.046699282969195
2023,Oregon,3924.3682430698527,1.6374558722922883,28.156648763768015,1.4539713324963237,2192.0,1.685375863708663,3270.0,1.9060043335999675,265.60197651965353,1.7992225164969935,13.795454943694642,-0.03220446761962564,2.0927515139918684,-0.03220446761962564,0.9431185835786727
2023,Oregon State,2939.959818243571,0.579014185178521,23.457810624217274,0.8163202115572643,2307.0,1.8803439729421716,1116.0,-0.6045320767423532,117.93904247812175,-0.8815314618485947,10.075630636156998,-0.7368731483819488,0.4415475049208919,-0.7368731483819488,0.03666835777067843
2023,Penn State,3357.257663504752,1.0276952653360059,30.995617053203567,1.8392306792339208,1854.0,1.1123391600484382,2238.0,0.7031846606782984,191.94231752991885,0.4619646246500666,25.021236747962448,2.0943628647432977,1.2692693973598794,2.0943628647432977,1.1482996773363876
2023,Pittsburgh,3258.8525819130573,0.9218895469433968,22.93884287429681,0.7458942131210542,765.0,-0.7339240656497421,1227.0,-0.47515903052694114,135.35936191242183,-0.5652734182801514,17.900670596688286,0.7454712125403292,-0.02629444782032882,0.7454712125403292,0.38580039589875365
2023,Purdue,2491.514304958404,0.09684295046574025,15.435969026221365,-0.2722757636696519,1318.0,0.2036182335339987,1915.0,0.3267207514208382,193.52429606179436,0.49068473149685177,12.937561273648639,-0.19472042287070498,0.20863067685132888,-0.19472042287070498,-0.22523628817687685
2023,Rice,2020.8197211850654,-0.40925061476586855,18.088185482577707,0.08764061270724058,901.0,-0.5033530842953321,1428.0,-0.24088891981254631,166.46478342729327,-0.0005685177893156457,10.397857162525993,-0.6758318403871174,-0.26311545555482146,-0.6758318403871174,-0.5286673856837348
2023,Rutgers,825.6770123809829,-1.6942750346569757,9.528943340161078,-1.0738827648617142,800.0,-0.6745859454482395,1089.0,-0.636001196092048,139.23097751854115,-0.4949859828712758,11.35170239521162,-0.49513920380048754,-1.1284659931066148,-0.49513920380048754,-0.5942001104784546
2023,SMU,2979.462092058808,0.6214872606697306,21.676014188606366,0.574523311832358,1129.0,-0.11680761555411524,2069.0,0.5062112840079864,202.05146492474495,0.6454916368435246,18.734047349187996,0.9033427807141217,0.5504262185050156,0.9033427807141217,0.6514497752867208
2023,Sam Houston,1877.4206242337286,-0.5634341612288604,11.458082274762452,-0.8120908989658266,0.0,-2.0308858357682986,0.0,-1.9052556765297393,31.715227449626234,-2.4468859407238517,5.12687364300219,-1.6743459356620853,-1.9142496164538867,-1.6743459356620853,-1.9001565593548542
2023,San Diego State,2040.4744747242432,-0.38811770898086995,12.834897366951083,-0.6252515866110848,898.0,-0.5084392088840323,931.0,-0.8201538204347066,116.5969150229064,-0.905897180560397,9.042749616501995,-0.9325380092276295,-0.8013368217915927,-0.9325380092276295,-1.033021924933395
2023,San José State,3199.9364288851584,0.8585425551497144,20.343781262503605,0.3937339776497231,1217.0,0.03238537238109125,1291.0,-0.4005655624387756,170.760185789584,0.07741257506955453,8.99448199093024,-0.9416816357065085,0.23723085897812873,-0.9416816357065085,-0.6167358320979309
2023,South Alabama,2791.5560274729214,0.41944956269463235,22.483412666261497,0.6840905131342756,1517.0,0.5409978312511133,2596.0,1.1204418727964742,188.29960240118163,0.3958327741844962,13.04683742870951,-0.1740195838903563,0.779859929927239,-0.1740195838903563,0.1314157909046039
2023,South Carolina,2952.908451048717,0.5929366307879373,14.887036096115134,-0.3467681568543354,544.0,-1.1086019103506584,2520.0,1.0318621294417778,215.5168667829824,0.8899499353041208,15.621675892850208,0.3137475453327891,0.2613780250250815,0.3137475453327891,0.5446022102111056
2023,South Florida,2933.1352131994454,0.5716763299808023,18.855307803375926,0.191742178504339,1005.0,-0.3270340985537244,947.0,-0.8015054534126652,126.34849200811546,-0.7288616979057597,13.377823289483441,-0.11131894252137217,-0.2699158173563803,-0.11131894252137217,-0.33598930683701145
2023,Southern Miss,1688.9818242827362,-0.7660446593795841,9.665329734309214,-1.0553745859190553,1287.0,0.1510616127840964,1328.0,-0.3574412137003049,131.07576043245976,-0.643040271441999,17.977442028205086,0.7600144863335447,-0.6589699235618152,0.7600144863335447,-0.36543294048827024
2023,Stanford,1662.952583040529,-0.7940314515685629,7.785906448952552,-1.3104198394551192,867.0,-0.5609958296339346,749.0,-1.0322789953104272,137.71236215123196,-0.5225557600392268,9.756975502827894,-0.7972379059233611,-1.0412603315776119,-0.7972379059233611,-1.2137648329169846
2023,Syracuse,2398.8406991177794,-0.0028002517286911744,16.414416864234237,-0.13949648033197137,864.0,-0.5660819542226347,1817.0,0.2124995034108347,168.2032867219631,0.030993225540545802,12.165205378466275,-0.3410324432084158,-0.11470023100333146,-0.3410324432084158,0.4203336175618134
2023,TCU,2569.4521826620376,0.18064221171369016,29.938447815784784,1.6957685872779655,361.0,-1.4188555102613718,1973.0,0.39432108187573817,173.47736509180345,0.12674173997870058,16.67680078591756,0.5136261968407768,0.24145217031791197,0.5136261968407768,0.9111097647403739
2023,Temple,3124.857484973645,0.7778172362106313,19.225580578951657,0.2419896744569568,1060.0,-0.23378848109422032,1894.0,0.30224476970440883,206.16942947295627,0.7202514262040604,14.17002723530909,0.038753013368716074,0.44621060723407807,0.038753013368716074,0.14862467712454072
2023,Tennessee,3213.172951708474,0.8727745417878849,32.4870362799134,2.041622230817035,1574.0,0.6376341984364176,2191.0,0.6484050825510519,199.07589756165763,0.5914715532104304,12.48182157114788,-0.2810539344512042,1.1822962186282624,-0.2810539344512042,0.8570889442193795
2023,Texas,2887.309351026219,0.5224040953586409,24.985859165885785,1.023682507619963,293.0,-1.534141000938577,2257.0,0.7253295965169726,253.19905435416987,1.5740530577289638,21.139763529997158,1.3590720591061793,0.5702686448996043,1.3590720591061793,1.6326844805177554
2023,Texas A&M,2873.3725106819597,0.5074191232322433,21.044767214664592,0.48886057381732895,579.0,-1.0492637901491557,1755.0,0.14023708120042436,182.59763015167644,0.2923160393214469,17.010551917952537,0.5768506801685123,0.09365018332004002,0.5768506801685123,0.6884221544138606
2023,Texas State,589.0343775353948,-1.9487145775867432,4.968183419370362,-1.6927961194945655,1300.0,0.17310148600179737,1859.0,0.2614514668436933,200.35498274306568,0.6146927678704215,17.224736083801314,0.6174248742999402,-0.6395835084316565,0.6174248742999402,-0.7223419586566205
2023,Texas Tech,3489.134312498563,1.169489808466365,24.118675156773257,0.9060021706837561,1106.0,-0.15580123740081694,2692.0,1.2323320749287225,247.74584260719755,1.4750524576098756,17.103411043387943,0.594441542533898,1.1416275206000697,0.594441542533898,1.6971916147690704
2023,Toledo,2658.824952561734,0.27673633582823987,21.1200872166273,0.49908179920417434,1820.0,1.0546964147098357,1703.0,0.07962988837878988,156.86350958190647,-0.17487531472026946,18.97064293508014,0.9481625048733973,0.42813891486274874,0.9481625048733973,0.5316232514464816
2023,Troy,2332.9270247981067,-0.07367101927935835,14.107428496040319,-0.4525640249639455,1443.0,0.41554009139650794,1788.0,0.1786993381833847,185.41039705969942,0.34338055410835083,18.28331810705269,0.8179584307616545,0.10150004929474905,0.8179584307616545,0.15524106535421536
2023,Tulane,2754.475800131423,0.3795806857162344,24.49569311505178,0.9571650148955894,1127.0,-0.12019836527991538,1149.0,-0.5660698197593929,160.754190086334,-0.1042417646799987,15.367210060656298,0.26554255298736645,0.1347714763621415,0.26554255298736645,0.5366129585861511
2023,Tulsa,2228.159882347067,-0.18631726266104756,18.42200327501815,0.13294102170566624,704.0,-0.8373419322866466,151.0,-1.7292617127592238,63.70382554160538,-1.866147367747562,9.557239639832646,-0.8350750711874791,-1.1068517433146459,-0.8350750711874791,-0.6183048989594155
2023,UAB,1639.6019681437333,-0.8191381690683341,8.23517939780816,-1.2494517041550244,1080.0,-0.19988098383621886,1481.0,-0.17911620405203424,163.55473482389715,-0.05339913788615744,14.06233735811186,0.018352672540183166,-0.6170625079913412,0.018352672540183166,-0.6650068204785347
2023,UCF,3142.7804027675393,0.7970880620887402,23.085132234369176,0.7657462641305236,1956.0,1.2852673960642458,2715.0,1.259139102522907,232.73376660577722,1.2025149875585566,21.499501917691113,1.4272194644990077,1.3100637019558592,1.4272194644990077,1.3328057563061888
2023,UCLA,2518.682071384426,0.12605389158110694,14.536020320648426,-0.394402400904938,2423.0,2.0770074570385804,2523.0,1.0353586982584106,172.62642935650342,0.11129338543713109,12.180202237032855,-0.3381914981346722,0.7291570172067702,-0.3381914981346722,0.10357569772041933
2023,UConn,2089.7185802283525,-0.335170159167513,17.10271480218229,-0.04609169841824862,1475.0,0.4697920870093103,969.0,-0.7758639487573583,133.2866327861614,-0.6029028808620925,12.763143420301919,-0.2277614453647453,-0.31833707548572304,-0.2277614453647453,-0.6256065674198265
2023,UL Monroe,1385.073567850846,-1.0928085914561896,8.80721132387406,-1.1718246848715457,387.0,-1.3747757638259699,1524.0,-0.12899871768029803,164.81617683010717,-0.03049822711562764,8.772142090322857,-0.9838008197024706,-0.937295238028791,-0.9838008197024706,-1.1098122625905447
2023,UNLV,3022.5706617331125,0.6678378465286275,18.52905742716087,0.14746869814133773,992.0,-0.34907397177142535,1242.0,-0.45767618644377733,161.52170840279803,-0.09030781575998516,9.412122766105531,-0.8625654329657024,-0.02017034001194116,-0.8625654329657024,-0.8296627734781156
2023,USC,4304.466881864858,2.0461401484217085,31.250217143304056,1.8737809293217615,1782.0,0.990272169919633,3416.0,2.076170682676095,248.7980645943006,1.4941550732821056,19.206936587582316,0.9929250319755014,2.0923787294547394,0.9929250319755014,0.821189877505657
2023,UTEP,2662.5709660879115,0.2807640714475263,18.359576145906964,0.1244694107089613,1003.0,-0.3304248482795245,1604.0,-0.035756882570091145,158.7473123104158,-0.14067572569240094,17.39498351339613,0.6496758683516375,-0.025073446839295462,0.6496758683516375,-0.5411221514115331
2023,UTSA,3944.595584834021,1.6592044282805927,24.873332559778788,1.0084121973031122,1397.0,0.3375528477031045,2384.0,0.873351009754426,217.4819384684696,0.9256249255973683,14.14458283806407,0.03393292823643995,1.1853156230120674,0.03393292823643995,0.8761031756359225
2023,Utah,2203.114635014566,-0.21324605885199063,18.368151725084655,0.12563315108753054,1441.0,0.41214934167070777,2409.0,0.9024890832263657,206.09988574384843,0.7189888911631246,21.88768745999892,1.500755785403938,0.48013560884560685,1.500755785403938,0.6234620094300258
2023,Utah State,2268.494092815164,-0.14294968402234584,14.636896267576807,-0.38071313161658976,825.0,-0.6322015738757376,902.0,-0.8539539856621566,159.8376897181763,-0.12088041556447127,7.748349551573369,-1.1777439949736888,-0.5257023569805462,-1.1777439949736888,-1.141309419352275
2023,Vanderbilt,3329.342409427669,0.9976806211330455,22.348574139788386,0.6657923860233106,318.0,-1.4917566293660751,1740.0,0.12275423711726058,185.88190561043965,0.35194057921841204,13.895639306891788,-0.013225941428457755,0.15948753047932934,-0.013225941428457755,-0.46237179686273955
2023,Virginia,534.4759696213293,-2.0073760963857064,5.957725648723219,-1.5585112828979781,609.0,-0.9984025442621536,1278.0,-0.41571736064418424,139.73549854027084,-0.485826631237504,24.355638845398925,1.9682746527362955,-1.348572489312185,1.9682746527362955,-0.49651250331945945
2023,Virginia Tech,1753.310037057096,-0.6968785893412032,15.273432553166453,-0.2943326128648989,730.0,-0.7932621858512446,2527.0,1.040020790013921,193.71589240359103,0.49416307668104953,11.304757326400077,-0.5040322904015652,-0.06175335147299547,-0.5040322904015652,-0.018119953120030736
2023,Wake Forest,2397.8410439325075,-0.003875086821673957,22.852007874633674,0.7341103565106548,740.0,-0.776308437222244,2502.0,1.0108827165419811,225.94143165002535,1.0792032094669317,15.764098020948218,0.3407274252466933,0.504314513857263,0.3407274252466933,0.3532502978420044
2023,Washington,4508.923579137183,2.2659731833135197,32.06820161026061,1.9847846916934218,993.0,-0.34737859690852524,4135.0,2.9141816757290795,292.47512610755774,2.2870924287133403,21.899950637362842,1.5030788728135986,2.2463699531304395,1.5030788728135986,1.1447107442221693
2023,Washington State,2614.553445515512,0.22913535291574477,19.936889292183253,0.3385171105710283,1501.0,0.5138718334447122,1889.0,0.2964171550100209,198.54021864308262,0.5817465440102075,20.128395172740824,1.1674824712247183,0.48350926132542343,1.1674824712247183,-0.2746364123659937
2023,West Virginia,3225.6505677081286,0.886190547377397,26.89510294169412,1.282774520929131,1319.0,0.20531360839689877,1444.0,-0.22224055279050492,153.7707617188038,-0.23102275748813675,12.228377824518015,-0.32906530698383546,0.47396765338849456,-0.32906530698383546,0.5710611814120875
2023,Western Kentucky,3504.270612597686,1.1857644467257882,27.846417507332337,1.4118717107299403,1230.0,0.05442524559879221,2474.0,0.9782480742534088,234.3033533162851,1.2310101264765527,10.336220912596476,-0.6875079657452315,1.1994220792025254,-0.6875079657452315,0.01791134935023413
2023,Western Michigan,2695.46343785347,0.31613024917505195,16.220853535106006,-0.16576379793808788,964.0,-0.3965444679326274,965.0,-0.7805260405128687,118.96706362989976,-0.8628682014282296,7.759168485645362,-1.1756944992530662,-0.46620976853551327,-1.1756944992530662,-0.9820124313589007
2023,Wisconsin,3243.2120867014864,0.9050727951546753,21.20772311085957,0.5109743404094871,1881.0,1.1581142813467402,2319.0,0.797592018727383,177.3922618720161,0.19781492558542557,21.340761204989654,1.3971482570024758,0.8807112995289299,1.3971482570024758,0.813397004497729
2023,Wyoming,1670.4064068123507,-0.7860170567203189,12.325227854743549,-0.6944157770163901,1803.0,1.0258750420405345,959.0,-0.7875191781461343,134.0988902766213,-0.5881567124134895,21.103572661111244,1.352216205247221,-0.45156929959692166,1.352216205247221,-0.27675430429726305
2024,Air Force,152.0,-1.21988525833183,2.7002396787568372,-1.9475062981262732,1001.056618427583,-0.6825011435796425,1324.260486627866,-1.2946456390826044,94.45731725837784,-1.6221308440171474,10.008238530214017,-0.7770968878708284,-1.6551400373496794,-0.7770968878708284,-1.003321864552306
2024,Akron,834.0,-0.686850795314591,14.148295043231924,-0.3289580886472446,812.1800410002411,-1.1250654321598998,1361.0010931121792,-1.2364993968599236,119.69248592686473,-1.1108655036483661,11.281127186002402,-0.5247943512313412,-1.097831772707244,-0.5247943512313412,-1.0429747937620035
2024,Alabama,2710.0,0.779384765712301,27.75032514848179,1.5941232357538682,1676.98696064905,0.9012983677712513,2277.8432688957737,0.21450896512354253,148.73103126163258,-0.5225436279584992,19.322823679527936,1.069171008562601,0.7256779517431843,1.069171008562601,1.603095475883826
2024,App State,5185.0,2.713784026661959,21.45895364244787,0.7046369638882112,1461.4152904161033,0.39618373590853384,2612.376517806582,0.7439463692397033,206.2517415191938,0.6428278381260755,19.916562327395372,1.1868574741278637,1.2722670917995664,1.1868574741278637,0.5250917474668004
2024,Arizona,2517.0,0.6285407021311762,15.846430630320036,-0.08887239492644843,1768.5714718095414,1.115893711348491,2551.1794203842273,0.6470949127575001,199.47002041155724,0.5054299472725939,11.942174104251794,-0.39376654015485957,0.6868633437381221,-0.39376654015485957,0.4004445104471083
2024,Arizona State,1768.0,0.04314068336297674,12.348118374190417,-0.5834705478955275,1556.8338138112715,0.6197627074197372,2110.7063337654217,-0.05000448863763239,173.5845145678763,-0.019011245478948145,10.42931868957369,-0.6936335057031214,0.002548044441513673,-0.6936335057031214,-0.4907267455435589
2024,Arkansas,1544.0,-0.1319322194462044,14.095139489279946,-0.3364733236748299,1371.5208111111178,0.185548373796427,2981.5226824484494,1.328162699854824,229.4233286597174,1.1122849494264142,10.545567788695044,-0.6705914725629903,0.5277506984499741,-0.6705914725629903,0.14621019946121133
2024,Arkansas State,3308.0,1.246766890176097,17.619947517912486,0.16187085285703207,1830.654571955094,1.261363114823588,2256.5631627505904,0.1808307457133517,172.64072034081622,-0.03813254730478228,15.842271494604601,0.37928180170313053,0.6879914910930761,0.37928180170313053,0.11134313492636179
2024,Army,913.0,-0.6251063340559959,11.685064706290401,-0.6772143578965094,1897.9175052094213,1.4189695931333404,1369.1599630454825,-1.2235870453012263,100.81801320624974,-1.4932629366339054,9.283231625486675,-0.920802372488064,-0.6360140857249434,-0.920802372488064,-0.7806214904722778
2024,Auburn,1738.0,0.019693419593889983,20.647809431751167,0.5899558265199848,2085.999417091201,1.859671868982208,2310.207654920594,0.26572933433522183,198.16631332180543,0.47901679910863837,18.759786240629218,0.9575699086461578,0.7861669075014815,0.9575699086461578,1.2687523014712554
2024,BYU,1721.0,0.006406636791407485,23.995451600324717,1.063251951094558,1273.8772094197302,-0.04324426796767217,2198.7931795523677,0.08940309228911512,181.97994601951498,0.15108046958158702,16.334957587782064,0.4769383803130496,0.30988560998488207,0.4769383803130496,-0.46029434436340344
2024,Ball State,1057.0,-0.5125594679643795,7.833411171358998,-1.221768584271238,929.7634271860991,-0.849551081121745,1652.2275806433174,-0.7755999314992721,146.94559985973828,-0.558716526399813,7.530241969573717,-1.2682669640517974,-0.9583980274100788,-1.2682669640517974,-1.1295196394057105
2024,Baylor,3235.0,1.1897118816713192,21.280318006663713,0.679381112196158,1689.5203754200636,0.93066591491324,2861.9691724799213,1.1389554979494947,215.35919728228333,0.8273451889621052,16.415574239741318,0.4929176143899725,1.1657871611165902,0.4929176143899725,0.6597882923082641
2024,Boise State,1197.0,-0.40313890370864125,14.436986573211678,-0.2881423217711977,1616.7365359508672,0.7601231796859678,2120.125492285809,-0.03509758520657183,154.27164008414385,-0.4102907124854619,21.201414577881515,1.441531345664433,-0.09210394540555487,1.441531345664433,-0.047058725931998814
2024,Boston College,2357.0,0.5034886286960468,17.81908821594221,0.19002574990885907,2034.9635391305599,1.7400876551566018,2388.4439250294613,0.38954724448027,200.24438154838387,0.5211185291635649,19.11613386662391,1.028202488766242,0.8180142096276815,1.028202488766242,0.19141219304537113
2024,Bowling Green,2202.0,0.38234443255576517,18.9989772697912,0.35684074640313523,1324.2320830332328,0.07474425724203189,1739.430543523413,-0.6375911970945642,140.94346457852342,-0.6803199829807032,12.21049832604739,-0.3405813055367425,-0.12327488455597142,-0.3405813055367425,-0.014562278813882456
2024,Buffalo,353.0,-1.0627885910789487,6.099142885414459,-1.466962788841763,635.3421208611855,-1.5394214597115945,1046.4230936692968,-1.734355319879101,97.48531634639417,-1.560783483723722,14.79949064938749,0.17258952645114287,-1.801324509644082,0.17258952645114287,-1.2722868970799563
2024,California,4839.0,2.4433589178584914,23.5796024674587,1.00445839638287,2003.4626163627327,1.666276578821697,2725.9407430769816,0.9236748381538756,219.95106521693322,0.9203765831001192,10.398529771927254,-0.6997362563146967,1.7019754599682206,-0.6997362563146967,0.6462005876924346
2024,Central Michigan,286.0,-1.115154146829909,14.878039945381438,-0.2257853429584223,1324.4028569594827,0.07514440448214126,2219.4560601662242,0.1221044811925512,160.06234885343275,-0.292970763932707,9.59485632600015,-0.8590344385359986,-0.3514100787271713,-0.8590344385359986,-0.7565950557052005
2024,Charlotte,1455.0,-0.20149243529449512,3.7330341855912863,-1.8014878131891747,992.5599172471593,-0.7024101051057998,2287.306938316863,0.22948631218255172,185.93000590803075,0.23110881176980572,8.493515729973524,-1.07733399271771,-0.5490811446025521,-1.07733399271771,-0.799832438847805
2024,Cincinnati,1825.0,0.08769048452424158,12.007705223569957,-0.6315988175341959,1442.4816043326084,0.3518194561980586,2313.2240972284085,0.2705032017768442,184.9231157792073,0.21070918491612278,15.164104451066232,0.24486056652914243,0.07072015551399273,0.24486056652914243,-0.2572960995028191
2024,Clemson,2609.0,0.7004456443563756,19.39450474558833,0.4127611859336575,1202.5742559354621,-0.2103170798126214,2432.208151385995,0.4588091742609262,219.20245332167025,0.9052096816831418,23.36046440427371,1.8694821687412597,0.5544901182476673,1.8694821687412597,1.8054297724752901
2024,Coastal Carolina,1664.0,-0.03814316436985736,11.56435503827541,-0.6942805242288932,1017.551916237183,-0.6438503492913279,1879.5646374694995,-0.4158128501931863,144.83840457912854,-0.6014083715195083,10.042315752080325,-0.7703423540163562,-0.585453452231332,-0.7703423540163562,-0.7331916087023699
2024,Colorado,3483.0,1.3835425954957699,23.953293909047492,1.0572916151632465,1155.5082403434944,-0.3205993498033479,3565.9042786035834,2.2530138956297523,271.2000970743751,1.9586836402225793,22.479479983046634,1.6948599791218604,1.5488025999112847,1.6948599791218604,0.4286177943047199
2024,Colorado State,3470.0,1.3733821145291656,16.181417892671256,-0.041511247865669086,802.6846912289857,-1.1473143672770818,2293.343944941155,0.23904057061935435,194.86081154024936,0.4120472251922453,7.74173985215587,-1.2263454243894714,0.20440016979281117,-1.2263454243894714,-0.854780466486529
2024,Delaware,0.0,-1.338684728095203,4.683666743614757,-1.667085543487022,282.4205167187121,-2.3663662338565046,426.11804518942364,-2.7160595172842843,36.86389779887788,-2.7889754009047003,1.833984980990915,-2.3973367228514824,-2.6605766336598844,-2.3973367228514824,-2.044701049283512
2024,Duke,1288.0,-0.3320155369424114,18.31172600517662,0.25967583337730354,1215.045048662129,-0.1810962648958948,2202.121294634333,0.09467021780005448,181.0824051399607,0.13289626208495753,19.09465631561664,1.02394536810192,-0.00632772566960779,1.02394536810192,0.5232700710472441
2024,East Carolina,1138.0,-0.4492518557878452,12.818558380607106,-0.5169588298952934,874.4415185578663,-0.9791780654119188,1819.083715450652,-0.5115308765970366,152.3310393171,-0.4496073473261708,11.155562530676308,-0.5496828447433011,-0.7109419768854437,-0.5496828447433011,-0.6857299313915627
2024,Eastern Michigan,2129.0,0.32528942405098743,11.805732492771536,-0.6601541128563864,811.6356357823071,-1.1263410498741557,1487.629634561592,-1.0360951426033693,141.61319080190196,-0.6667513078492736,7.555348733295353,-1.2632904877944506,-0.773933129692087,-1.2632904877944506,-1.2370728619419764
2024,Florida,3026.0,1.0263626107466814,28.373797411844233,1.6822709502256692,1512.0023230951513,0.5147162423417438,2945.7590891329596,1.271562693522218,259.2947949590179,1.7174818310267375,20.22532146013568,1.2480574165161782,1.5195633629428533,1.2480574165161782,1.7892058396843473
2024,Florida Atlantic,2196.0,0.37765497980194784,16.069601363535615,-0.05732008502278656,1076.5932472687625,-0.5055082370997084,2144.550992249937,0.003558582266620394,176.95470950700692,0.049269013920129306,14.640484158870583,0.14107244071302655,-0.03237201897572275,0.14107244071302655,-0.5427623653281428
2024,Florida International,2536.0,0.6433906358515978,13.29234863802651,-0.44997344692846786,1075.4037058325982,-0.5082954993775591,1841.323265785058,-0.4763342262309085,175.68765233145658,0.023598394213377883,7.034982582830446,-1.3664336018025682,-0.18775986619935311,-1.3664336018025682,-1.1876187440375052
2024,Florida State,2656.0,0.7371796909279448,26.374066566887887,1.3995451356224407,1238.4921348061332,-0.12615645637149964,2070.2822736773273,-0.11398022051647623,156.19202696465587,-0.3713836116452444,16.015226852886904,0.41356372842278466,0.3730679050056842,0.41356372842278466,1.002622822831987
2024,Fresno State,2599.0,0.6926298897666799,17.47570246048867,0.14147720764948002,1129.6469565456946,-0.38119596173712916,2147.1171611782834,0.007619840214435244,194.10457766295434,0.39672590217067727,8.63895839305928,-1.0485054281254593,0.20968664830153022,-1.0485054281254593,-0.616413581136192
2024,Georgia,3988.0,1.7782382022753969,25.296236056517166,1.2471593733998114,1786.2028060517841,1.1572063981936378,2758.146556648961,0.9746442481916321,230.60002674791775,1.136124891076034,19.844121820875436,1.1724988548823265,1.539370926465547,1.1724988548823265,2.1008772439491272
2024,Georgia Southern,122.0,-1.2433325221009168,17.91195522835758,0.2031554677411993,1376.4900750646323,0.19719205559281405,2208.3748929710996,0.10456725757288007,184.36722207494242,0.19944676033503544,11.503046299059312,-0.4808071926543292,-0.1318333178770405,-0.4808071926543292,-0.2922311992602864
2024,Georgia State,1175.0,-0.42033356380597153,13.391730013233879,-0.435922715884958,935.7189625207532,-0.8355964272710859,1363.2227978336894,-1.2329832932011733,120.68754656157465,-1.0907055427312893,14.20025170026481,0.05381283201733861,-0.9822090306776129,0.05381283201733861,-0.6232761449117987
2024,Georgia Tech,2768.0,0.8247161423325354,25.913077534430123,1.33436961459995,1788.1351649317369,1.1617341858348396,2666.033193786294,0.8288642401439931,199.78145240517233,0.5117395696218268,16.060214840397357,0.4224809132178386,1.1401930366415576,0.4224809132178386,0.8152946196217657
2024,Hawai'i,3539.0,1.4273108211980652,19.758737648690204,0.46425713824869247,928.9928359385767,-0.8513566843992456,3066.797311722454,1.463119624186833,262.1702002797557,1.7757376366176483,9.550830378736501,-0.8677609348576231,1.0466682299027341,-0.8677609348576231,-0.31847620536871474
2024,Houston,2871.0,0.9052184146064,23.344094010001122,0.9711617551630878,1335.7407572828197,0.10171069374329511,2259.5821115475196,0.18560857996274177,183.66931002245377,0.1853070393864424,12.813392664824281,-0.22108006691129245,0.5745714135792993,-0.22108006691129245,0.09554159888927535
2024,Idaho,0.0,-1.338684728095203,1.281329041489389,-2.1481146283835297,198.1834666210481,-2.563745446548525,359.4439554982228,-2.8215789449730067,27.146169385842718,-2.9858568955350946,2.4600447504999576,-2.273243804577157,-2.9004844176721862,-2.273243804577157,-2.2377998991487074
2024,Illinois,1877.0,0.12833240839065863,11.82172920209762,-0.6578924671521182,1152.5328927369776,-0.32757100618707097,1883.7795477046918,-0.40914226919483,152.33657606980364,-0.44949517253579174,12.445342800347897,-0.29403217784019137,-0.4196802109530041,-0.29403217784019137,-0.2536913092485374
2024,Indiana,3121.0,1.1006122793487896,18.700588118744015,0.3146539111040963,1398.4323805264223,0.24860595211073166,3296.4178490860327,1.8265205764967878,263.116785442983,1.7949154829012668,11.87574177263704,-0.4069342635885301,1.2927963489923802,-0.4069342635885301,0.24909559204813103
2024,Iowa,1219.0,-0.38594424361131097,16.62839625180444,0.021683417063701627,1342.5991073554794,0.11778076903841014,1371.0575277926673,-1.2205839304922714,121.52610504250737,-1.0737163205546774,16.99779923078041,0.6083219284013046,-0.6214796528372714,0.6083219284013046,0.6700256979007801
2024,Iowa State,2697.0,0.7692242847456967,14.077751385164257,-0.3389316874655936,1551.2134894059654,0.6065934997503458,2432.0189640354292,0.45850976348456485,192.67358010862412,0.36773384504227924,18.822185376838053,0.9699382020377357,0.45572503797408315,0.9699382020377357,0.6603080951198165
2024,Jacksonville State,659.0,-0.8236265006342638,18.656270119872687,0.30838814670681075,1261.4860387989909,-0.07227851713259925,1809.310293204042,-0.5269984431854804,158.76345648310206,-0.31928636572413943,15.383510785291342,0.28834966074648416,-0.3507105936331121,0.28834966074648416,-0.5680609390484748
2024,James Madison,240.0,-1.151106617942509,11.903980205412203,-0.6462636612192098,1244.0531437283619,-0.11312623319096078,1656.9077915063783,-0.7681929586553983,141.46192898582044,-0.6698158771770901,8.565435707992938,-1.0630785487660035,-0.8190507200901807,-1.0630785487660035,-0.5294879388834512
2024,Kansas,986.0,-0.5680513255512182,18.375087232242976,0.268633966208918,1771.905011319824,1.1237046615569146,2429.090047327817,0.4538744153880769,191.84920854590504,0.3510320502914385,16.501310642220076,0.5099116473946401,0.39850386665302434,0.5099116473946401,0.9239984077725663
2024,Kansas State,2394.0,0.5324069206779205,16.389583062432855,-0.01208045354587033,1888.631527162624,1.3972112453062593,2214.805154032938,0.11474388645940545,182.47649401747023,0.1611405482170451,16.926809009102058,0.5942507738469781,0.5365151917794542,0.5942507738469781,0.7914369526997586
2024,Kennesaw State,0.0,-1.338684728095203,1.7235404727007961,-2.0855939209436074,222.9446817296125,-2.505726449708538,1174.5051227347692,-1.5316507540305988,96.40523323494693,-1.5826660027928428,3.7594526609052488,-2.0156848182244858,-2.2122581743963736,-2.0156848182244858,-1.844328254260852
2024,Kent State,1044.0,-0.5227199489309837,15.17789060350461,-0.183391876962233,871.2629425505237,-0.9866259144175955,1432.5742663380818,-1.1232266051106612,122.59893930249544,-1.0519806634525695,7.435420136725864,-1.28706184359411,-0.9461066402371225,-1.28706184359411,-1.4559995383754216
2024,Kentucky,1802.0,0.06971424896794173,15.384147842810235,-0.15423082954048917,1010.6577393218271,-0.6600043718993702,2417.939394486904,0.43622722272930614,195.4747671628408,0.42448598613254873,18.833779231275663,0.9722362497662121,0.02842084493508713,0.9722362497662121,0.7225555923389614
2024,LSU,1652.0,-0.047522069877492065,24.206786965813034,1.093130953817777,1094.1047003675076,-0.4644764485729709,2386.143386651118,0.3859063774780652,187.64926199570226,0.2659409961863951,26.7892990549956,2.5491203100354687,0.30158918545298463,2.5491203100354687,2.1984672353139816
2024,Liberty,2500.0,0.6152539193286937,20.0076428666168,0.4994478393746867,1930.4446790555537,1.4951853195554143,1820.7730483717237,-0.5088573126408913,138.23792576623077,-0.7351342875696445,12.783927344101814,-0.2269204639698789,0.3341006086401157,-0.2269204639698789,-0.3082220613298123
2024,Louisiana,1422.0,-0.22728442544049055,24.693690732385562,1.1619703500719278,941.4523134007222,-0.822162382732924,2165.4592979877843,0.03664838470136838,173.14360313964627,-0.02794412539696584,15.78657419687936,0.368241896966656,0.0296525486883309,0.368241896966656,-0.10737570184351138
2024,Louisiana Tech,1041.0,-0.5250646753078924,6.45214365686673,-1.4170548570237733,1100.6076064610702,-0.44923922832998514,1788.8512572077298,-0.5593772244990668,156.66287084422726,-0.36184429928668516,8.06652722360209,-1.1619684835535906,-0.8102633817812692,-1.1619684835535906,-1.1964972609976923
2024,Louisville,797.0,-0.7157690872964647,33.089377314363205,2.34896875739751,1235.8250396633596,-0.13240583403661293,3125.0661773040492,1.5553368164532382,249.4325780336394,1.5176729944232004,13.04828027768378,-0.1745223886099331,1.1187609936500105,-0.1745223886099331,1.0620471100306617
2024,Marshall,711.0,-0.7829845767678467,6.464453154108742,-1.415314516495506,1226.7103641679014,-0.15376279598092343,2379.6994918188675,0.3757081715792734,198.01785334446862,0.47600899512518285,10.810268673777532,-0.6181244288405644,-0.36698714727923676,-0.6181244288405644,-0.500784793582849
2024,Maryland,741.0,-0.75953731299876,14.209785866154222,-0.3202643971711253,1396.5461185059849,0.24418617587102295,2269.124933411201,0.20071119488039182,195.71940951638385,0.42944244819531263,10.539942910435627,-0.6717063941601665,-0.050256365888328394,-0.6717063941601665,-0.09255142274039918
2024,Massachusetts,1688.0,-0.01938535335458795,10.877640394863034,-0.791369568711261,886.7693463417443,-0.9502922373901215,1858.9187742069603,-0.44848730717779023,149.80722213103292,-0.5007399658402096,10.33377781023072,-0.7125709093019214,-0.6629382350435643,-0.7125709093019214,-0.9931659773496746
2024,Memphis,3514.0,1.4077714347238262,25.154204551058978,1.2270786844504613,1653.2046212884916,0.8455730139807388,2720.900446032003,0.9156979874457438,219.60917063357599,0.9134497876890522,12.487846649058014,-0.28560738059045737,1.298731052695386,-0.28560738059045737,0.47589119042326344
2024,Miami,4193.0,1.9384611713641564,18.617711034865813,0.30293658869018103,1896.5931974123444,1.4158665543867806,3021.1087315863224,1.3908121828673723,234.93235563414711,1.2238980156271515,11.345057157571448,-0.5121226270229341,1.5341367885201072,-0.5121226270229341,1.6440138375634799
2024,Miami (OH),1610.0,-0.08034823915421352,22.91121451449714,0.9099604148426759,1142.3841473350242,-0.3513509388286685,1617.521514783566,-0.8305262788076385,139.47557132352927,-0.7100595482080524,12.28577546136427,-0.32566043079641444,-0.25984659723129055,-0.32566043079641444,-0.24257617548791302
2024,Michigan,180.0,-1.1980011454806825,10.410781472252816,-0.8573749861566476,1192.2112515599388,-0.2345990512538493,1900.6733973289702,-0.3824058060189638,146.26891066747146,-0.5724262715080439,21.37466732206478,1.475872218008932,-0.7936859723517447,1.475872218008932,1.2441291464051523
2024,Michigan State,309.0,-1.0971779112736093,11.748440788582593,-0.6682541248043341,1174.4676412562953,-0.27617481664433613,1842.1318380868172,-0.4750545674170914,139.8386106165423,-0.7027043602896401,13.890505266264281,-0.007582805894891354,-0.7874629383892671,-0.007582805894891354,-0.5266834368556061
2024,Middle Tennessee,3095.0,1.080291317415581,20.71846941584212,0.5999458717364957,1117.1279104199857,-0.4105298411296606,1748.8384735260702,-0.6227020640863192,133.84798731549523,-0.8240745837768219,10.338367684561089,-0.7116611384974267,-0.04331148451622253,-0.7116611384974267,-0.7427589861038829
2024,Minnesota,0.0,-1.338684728095203,4.2830766629724835,-1.7237217438822967,1382.6311135994738,0.21158136943646194,1873.159445113522,-0.4259498049648107,149.82320294906793,-0.5004161939455423,9.430526055845775,-0.8916067643384636,-0.9239080634106563,-0.8916067643384636,-0.62365499044623
2024,Mississippi State,2274.0,0.4386178656015734,13.979074070817601,-0.3528828770228693,1351.5558720638348,0.13876772388017153,2372.777230558476,0.36475289570087255,178.26040004084513,0.07572234672597304,9.703449344934091,-0.8375099367551232,0.16265486124680567,-0.8375099367551232,-0.010858160272730262
2024,Missouri,3460.0,1.36556635993947,23.50450080502209,0.993840378091058,1770.2124591075672,1.1197387745427316,3450.548416159709,2.070449954494715,257.79020630915426,1.6869988159023663,17.57245393884486,0.7222257171397507,1.7700846025764145,0.7222257171397507,1.5554768440495543
2024,Missouri State,0.0,-1.338684728095203,4.512619413915733,-1.691268545787974,282.8149554198581,-2.3654420087062036,586.5683744422004,-2.4621283876110662,51.2541820851036,-2.4974277718695004,2.9781243822430383,-2.1705539073299605,-2.5328406417875136,-2.1705539073299605,-1.992407440066296
2024,NC State,1919.0,0.1611585776673801,19.771779016565553,0.4661009520626355,1345.5254737547118,0.12463765558962724,2276.6067570276973,0.21255204264804975,188.34209729250148,0.27997786189912177,21.010212940474176,1.4036327769969195,0.30438921192333085,1.4036327769969195,1.0194617604591498
2024,Navy,247.0,-1.145635589729722,5.771502500193311,-1.513285220204063,1546.3730389134366,0.5952516459439465,1537.1095807930317,-0.9577874276785516,116.23297587734315,-1.1809552900973317,17.508774511432165,0.7096036539334274,-1.0279178678156342,0.7096036539334274,-0.052458223071867115
2024,Nebraska,0.0,-1.338684728095203,6.144139735975662,-1.460601047079574,923.7741800009996,-0.8635847265621094,1971.8757646832078,-0.26971985727787623,154.39625207267335,-0.4077660695331395,15.53936887220668,0.3192426933033355,-1.0616593639836762,0.3192426933033355,-0.32358496523715025
2024,Nevada,1924.0,0.16506645496222788,13.538313471842395,-0.4151984629951367,1271.0980058146822,-0.049756331469886506,1212.0679082119914,-1.4722033188378867,114.04852891171709,-1.225212256875328,11.373213460615025,-0.5065416937276455,-0.7331461875721142,-0.5065416937276455,-1.0511664321173289
2024,New Mexico,519.0,-0.933047064890002,22.60679991649478,0.866921690199105,1202.747801829369,-0.20991043746384996,1598.902315147166,-0.8599933071353502,134.0450197281297,-0.8200827006698532,8.965196936274248,-0.9838408467982522,-0.47846863842802323,-0.9838408467982522,-0.9562439332253857
2024,New Mexico State,183.0,-1.1956564191037737,7.482813246132128,-1.2713367970424585,848.7207433256108,-1.0394454460868718,1119.7186294169323,-1.6183566910256877,109.04212599123836,-1.326642143347939,11.137254368381265,-0.5533117527135631,-1.5780337726133244,-0.5533117527135631,-1.252895261511318
2024,North Carolina,1595.0,-0.0920718710387569,22.63283365801794,0.8706023909283406,1696.5497662944156,0.9471367627750237,2909.555739247533,1.2142667217584078,236.72598715295842,1.2602370487046832,16.982638547534425,0.6053168903543747,1.027369756906817,0.6053168903543747,1.1461470442198605
2024,North Texas,1532.0,-0.1413111249538391,13.039070246401533,-0.4857824358102344,1190.9236244273793,-0.23761614206330678,2020.4126856347332,-0.1929045884935821,156.2510170568534,-0.370188470453126,10.372808793157702,-0.7048344777175649,-0.3492432469345267,-0.7048344777175649,-0.7781131740765851
2024,Northern Illinois,147.0,-1.2237931356266778,6.152016782108392,-1.459487375062082,1323.9215706187317,0.07401668314210477,1812.9049933878637,-0.5213094160406603,173.75256122130617,-0.015606614798950364,18.02338416334505,0.8116057575474056,-0.769561523902334,0.8116057575474056,-0.5562397328313561
2024,Northwestern,538.0,-0.9181971311695803,18.301057221922683,0.25816746016602743,1470.746743944938,0.4180486391626029,1932.1777001486987,-0.3325466175596022,170.5698126786051,-0.08008920409205655,11.346505996970146,-0.5118354488366784,-0.16012051631540072,-0.5118354488366784,-0.13087868651097861
2024,Notre Dame,1374.0,-0.26480004747102937,19.139977886565084,0.3767756863164235,1438.3802625158905,0.34220943759192174,2823.913736483626,1.0787283865577686,208.25351125052669,0.6833837581785485,16.72018207808243,0.5532947180307722,0.5421104780137112,0.5532947180307722,1.7916000362790245
2024,Ohio,65.0,-1.2878823232621817,5.019698721624516,-1.6195766925058206,914.1379211436824,-0.8861638314138178,791.9643978564683,-2.137065519252576,70.6547261145103,-2.104372117007936,9.319954695854562,-0.913523398192178,-1.9653909403186258,-0.913523398192178,-1.397508944288929
2024,Ohio State,2827.0,0.8708290944117394,20.547851418878192,0.5758235693280181,2196.2799940250443,2.1180747145850294,2484.769743109755,0.5419939481781533,194.13892033438358,0.39742168581405635,22.83968604674941,1.7662573501109564,1.1017218711108916,1.7662573501109564,2.572257851888066
2024,Oklahoma,713.0,-0.7814214258499076,26.72249523882712,1.4488066551682328,1351.5816411379376,0.1388281044318683,3284.0384548019692,1.8069287589551108,244.48502516923133,1.4174354120062091,13.1014107428368,-0.16399126236414208,0.9858868552808095,-0.16399126236414208,1.261110095815434
2024,Oklahoma State,2980.0,0.9904101396340819,22.33363520968908,0.8283011356143308,1645.7171770042155,0.8280288827915251,2737.373463911376,0.9417684359061286,263.06424825121314,1.793851077682301,17.64955843956373,0.7375087986797015,1.3165353214146283,0.7375087986797015,1.232352861214754
2024,Old Dominion,2159.0,0.34873668782007416,21.460510644011777,0.7048570957807627,1010.1550339011341,-0.661182281145211,1632.959986129296,-0.8060931194149102,127.12504863895013,-0.9602815406589678,15.175914930187213,0.24720155199366112,-0.33607397827049185,0.24720155199366112,-0.3618944424363153
2024,Ole Miss,3040.0,1.0373046671722554,31.133759639920626,2.0724797481622104,1901.6846301258815,1.4277964947076636,3408.5339515336696,2.0039572242224204,264.74169386280977,1.8278361804897985,34.36492563577316,4.050704752847457,2.0471647336382692,4.050704752847457,2.6661030098127987
2024,Oregon,5264.0,2.7755284879205537,31.312003592794213,2.0976802229668006,2237.9938744306583,2.2158161818282833,3019.7253257547213,1.3886227837726435,264.1753006537948,1.8163610355999915,13.883538404133356,-0.008963725569253048,2.5179339351571044,-0.008963725569253048,1.9521733387253604
2024,Oregon State,6.0,-1.3339952753413855,16.276686273846764,-0.028042019873456787,666.8465199845181,-1.4656022377885918,1199.0915843755417,-1.4927398461615795,98.3667685543506,-1.5429252332384606,7.162176301395284,-1.341222207473155,-1.4341753605082128,-1.341222207473155,-1.064121968928216
2024,Penn State,2434.0,0.5636699390367028,33.18054365968643,2.3618580316270483,2062.6602315906734,1.804984886785821,2109.2894622751473,-0.052246850992404094,176.69724391622756,0.044052752652676795,24.17954976537075,2.031835186335762,1.1550880700371515,2.031835186335762,2.0412558288647293
2024,Pittsburgh,595.0,-0.8736473300083155,16.56105355389277,0.012162376183286739,994.3038352911835,-0.6983238607497851,1582.1971309124401,-0.8864311855982875,124.66091686256044,-1.010204930826066,10.213668804281129,-0.7363780245091502,-0.8454529455123249,-0.7363780245091502,-0.14251193929488212
2024,Purdue,2488.0,0.605875013821059,23.09182087160203,0.9354948909266896,1096.4546369317256,-0.45897021790150516,1845.264625441941,-0.4700965705353319,155.1956505810911,-0.3915702296770393,16.536860442746033,0.5169580648553812,0.0539916801515765,0.5169580648553812,-0.13473009097688882
2024,Rice,3687.0,1.54298398912556,20.632897533551017,0.5878475535108689,1138.2074140878417,-0.3611376101211421,2323.435378968985,0.2866637314552288,193.7311903221169,0.3891610624657999,12.643751792184293,-0.25470502090092145,0.5981784902829193,-0.25470502090092145,-0.09016874254290799
2024,Rutgers,1859.0,0.11426405012920658,12.13414549519914,-0.613722447379094,1447.8240524742316,0.3643375608422617,1785.833688304505,-0.5641528749077082,142.38924587617504,-0.6510284067303831,10.2746446486536,-0.7242918454557431,-0.3302864433900502,-0.7242918454557431,0.15029808154904162
2024,SMU,3416.0,1.3311770397448095,25.41417677427976,1.2638340601899962,1391.5295997823505,0.23243176952633557,3326.9723769064176,1.8748766366070717,229.4894227616975,1.1136240180884527,24.3914537554241,2.0738372216051975,1.4225907490475123,2.0738372216051975,1.417643985704011
2024,Sam Houston,1978.0,0.20727152974658405,12.46320308976217,-0.567199648218969,1262.1544628884608,-0.07071230582331209,2061.6001773702155,-0.12772063808659737,208.64315106648496,0.691277873559513,10.99450024988168,-0.5816074139635815,0.03251170256179949,-0.5816074139635815,-0.8160909056508158
2024,San Diego State,0.0,-1.338684728095203,10.335662762031177,-0.8679954146972799,1355.7928400645565,0.14869553364100868,2176.150865177589,0.05356902143130021,188.70115750787033,0.28725243357466956,12.726479617164532,-0.23830732578574726,-0.4200213443521808,-0.23830732578574726,-1.1408798155593811
2024,San José State,14.0,-1.3277426716696292,9.79030269161689,-0.9450994762507832,600.580130629398,-1.6208736740947307,1685.7194929266846,-0.7225951220941548,139.92126496508726,-0.7010297804920194,5.209537243283869,-1.7282598209066051,-1.3006315644112616,-1.7282598209066051,-1.3510703241882027
2024,South Alabama,282.0,-1.1182804486657874,13.524147956454364,-0.4172012109586723,894.6940547719423,-0.9317235350322776,2077.457721081888,-0.10262424839827441,172.49307485298738,-0.041123849704238456,8.363991298470847,-1.1030073636573483,-0.6386440970492473,-1.1030073636573483,-0.42472812544894656
2024,South Carolina,231.0,-1.158140797073235,14.347870603792213,-0.3007417098897646,2044.8018399251832,1.7631401725799758,2725.712263108327,0.9233132422829397,216.0448218038979,0.8412359641343826,19.046895944162706,1.0144786619498347,0.5060340605952959,1.0144786619498347,0.9509938216324769
2024,South Florida,3143.0,1.1178069394461199,19.087189869251205,0.36931241432959677,1676.0018055005485,0.8989900112064706,3265.645536531767,1.777819846956672,283.2452357421263,2.2027185425312483,12.517111062236918,-0.2798068059331788,1.5572940418582575,-0.2798068059331788,0.3347496986653721
2024,Southern Miss,753.0,-0.7501584074911253,9.971318880070587,-0.9195070574180076,980.2378687594701,-0.7312823914267622,1316.8646326383673,-1.3063504300119695,117.95494896343943,-1.1460680592040307,15.871069217591094,0.38498987249619865,-1.1871425567052452,0.38498987249619865,-0.7822362002713803
2024,Stanford,2761.0,0.8192451141197484,12.782055889883097,-0.5221196226344871,1038.0616659933307,-0.5957931315387436,2635.9560399515044,0.7812636793586616,210.87936897259044,0.7365837212803372,12.046496725502033,-0.37308848489007024,0.2982136675899737,-0.37308848489007024,-0.4790898738014934
2024,Syracuse,3455.0,1.361658482644622,16.00239175587134,-0.0668223093466106,1503.3666750324192,0.49448170879942194,2065.162020395033,-0.12208361118099577,177.66682916307684,0.06369658138071628,10.699305888411205,-0.6401186481253356,0.4233889492721501,-0.6401186481253356,-0.09811510141555653
2024,TCU,3387.0,1.3085113514346922,26.80294336509262,1.4601805668569399,966.1099990756052,-0.7643859698638477,3010.950125270652,1.374735018117029,244.99425981462778,1.4277525225326513,19.834873239241514,1.1706656697125595,1.175750748221883,1.1706656697125595,0.9393644559883548
2024,Temple,90.0,-1.2683429367879426,7.880874850284611,-1.2150580775437174,890.0188868880088,-0.9426781085253422,1817.1703574633455,-0.5145589860278412,154.02684421681502,-0.41525028474253334,11.149383213030658,-0.5509076631982451,-1.0654585119198305,-0.5509076631982451,-1.2485468055249993
2024,Tennessee,199.0,-1.1831512117602607,28.417995896076132,1.6885198174120752,1298.7232645779889,0.014973520997561307,2812.823377606806,1.0611766160429468,225.42696611790433,1.031318513972047,11.69272740815809,-0.44321001181640907,0.6391049181717066,-0.44321001181640907,0.4543189491755528
2024,Texas,2720.0,0.7872005203019966,22.85053343568943,0.9013812065556295,1528.6682863060764,0.5537669295810612,2465.714329920199,0.5118365616514431,205.19918602476213,0.6215030294756123,15.534678927567812,0.31831308730543134,0.8256997085183654,0.31831308730543134,1.6207968757937785
2024,Texas A&M,1683.0,-0.023293230649435743,33.59647596613488,2.4206633455806896,1215.6181734231736,-0.17975335326760117,2917.884277078964,1.2274475923113721,242.07635518926463,1.3686356796437473,19.575938899126463,1.11934162771013,1.1774401020355059,1.11934162771013,1.7383206947847056
2024,Texas State,3487.0,1.386668897331648,13.811578704065525,-0.3765636959324166,1832.8261255285254,1.2664513691504604,2785.403991595587,1.0177822790091735,220.73634860064615,0.9362864500692792,15.882535818154958,0.3872626969068324,1.0348189230070037,0.3872626969068324,0.024561611804458868
2024,Texas Tech,2411.0,0.5456937034804029,17.519022050313232,0.14760181504467906,1682.674819990606,0.9146258192600877,2546.01738728467,0.6389254007191912,232.75856942662244,1.1798570361560323,12.170319050925336,-0.3485453430725717,0.8381782026098561,-0.3485453430725717,0.42773383210761445
2024,Toledo,248.0,-1.1448540142707524,10.01780676745613,-0.9129345099857316,761.6431827908291,-1.2434803727797,2345.964041876119,0.3223179357730222,177.5776529464076,0.06188986832216095,19.0609568333164,1.017265706979069,-0.7135186419861305,1.017265706979069,-0.3733653347379403
2024,Troy,94.0,-1.2652166349520644,4.834588487212259,-1.6457479354746425,836.7936781782946,-1.0673922310915023,1652.2409673740572,-0.7755787454557457,135.6355756169312,-0.7878579864804383,13.555959290753622,-0.07389402475919357,-1.3555331445496994,-0.07389402475919357,-0.7748583328214653
2024,Tulane,485.0,-0.959620630494967,6.299808473448103,-1.438592299891843,1381.0366952597699,0.2078454238373745,1949.2868320405473,-0.3054694453951205,162.92968827279293,-0.23487837376680817,15.97801711587064,0.40618829067793577,-0.6679381160604629,0.40618829067793577,-0.07821115014676679
2024,Tulsa,2964.0,0.9779049322905689,18.993556664989068,0.35607437081204485,1497.267751075251,0.4801910753128662,1547.3483682380793,-0.9415833670542266,130.68055480210202,-0.8882468698165579,9.511271508260181,-0.8756020003918167,-0.0038304308969610897,-0.8756020003918167,-0.5695943762248122
2024,UAB,3249.0,1.200653938096893,19.05285965813384,0.364458742682666,1345.2848341854676,0.12407380335756428,2113.4139220568895,-0.045719418256385425,187.17215151963018,0.2562747223783219,16.52495593508165,0.5145984417512631,0.46468042241661844,0.5145984417512631,0.11664805705505782
2024,UCF,2135.0,0.32997887680480475,23.540167222012833,0.9988829651087656,2433.0711537624506,2.6729095838879346,2774.5169810496072,1.0005523306533213,224.3614130396769,1.0097303738499144,16.529038818460183,0.5154077205742952,1.4705597729793265,0.5154077205742952,1.4276467936688706
2024,UCLA,1000.0,-0.5571092691256443,18.315617986528203,0.26022608922839574,1069.5927793193746,-0.5219113144952715,2455.327384579077,0.49539802408901884,184.81286309490642,0.20847546193585764,11.875665704019017,-0.40694934134509475,-0.02810989527253503,-0.40694934134509475,-0.2618859377280253
2024,UConn,173.0,-1.2034721736934693,9.695433821159575,-0.9585122206449509,1456.6110507024403,0.38492672903130887,2013.5684215264448,-0.2037364248936277,166.8800353958356,-0.15484421219770533,11.128353445196119,-0.555076027607391,-0.522381154439443,-0.555076027607391,-0.7098851828118972
2024,UL Monroe,121.0,-1.2441140975598863,20.156847336774327,0.5205426559466895,811.8362786253954,-1.1258709155763005,622.9478073442756,-2.404553744188917,53.18656240445391,-2.4582776835672053,8.155043301348218,-1.144423483959817,-1.6418348204167585,-1.144423483959817,-0.8309096958083063
2024,UNLV,0.0,-1.338684728095203,10.204498383090954,-0.8865396882810634,716.1241079312575,-1.350137943858397,2637.309806545407,0.7834061709453379,193.25379739926174,0.37948906627668844,12.13737962209899,-0.3550743520401278,-0.5900940057832992,-0.3550743520401278,-0.6108108129978664
2024,USC,2923.0,0.945860338472817,14.809343431415174,-0.23549778897109463,1256.7268664864841,-0.08342992477352626,2594.7414015319723,0.7160367661969119,198.42010529196227,0.48415863270244885,19.887274141813144,1.1810521874813367,0.44691895871099063,1.1810521874813367,0.8532247578707524
2024,UTEP,1437.0,-0.21556079355594718,8.393650640075352,-1.142560844607069,401.90231379503933,-2.0864036400737103,870.2711925935356,-2.0131359957590726,68.44812742856779,-2.14907787836211,9.924189976102413,-0.7937563681064385,-1.8606227353507534,-0.7937563681064385,-1.5191786488874708
2024,UTSA,491.0,-0.9549311777411497,14.257073275920481,-0.313578811718282,1327.4184436799299,0.08221034674859379,2388.0466641343196,0.38891853334986526,205.14925460331585,0.6204914172483992,13.586587534688979,-0.06782312169743486,-0.043267552127356564,-0.06782312169743486,-0.021548934388166744
2024,Utah,61.0,-1.29100862509806,18.774917089484912,0.32516268474948073,1302.9779785551652,0.024942912068012583,2401.712771357005,0.4105467223442592,186.5664701180219,0.244003597425034,21.399019613474312,1.4806991483674272,-0.07004241227598687,1.4806991483674272,-0.17901487494223076
2024,Utah State,1647.0,-0.051429947172339854,26.48885950855987,1.4157747837407206,1388.4898574575445,0.22530922729389516,1985.242201416414,-0.24856593135466148,169.48014142825855,-0.10216597916803276,10.714285520715297,-0.637149496651589,0.3030426940719783,-0.637149496651589,-0.32921067235270074
2024,Vanderbilt,2718.0,0.7856373693840575,15.58934257865628,-0.1252200009128825,1337.1474363522339,0.1050067399237989,2183.42386335033,0.06507937887784594,172.05361823200255,-0.05002725518001388,17.103871795145444,0.629346844394902,0.1909059575656182,0.629346844394902,-0.07302410777312668
2024,Virginia,2939.0,0.9583655458163299,18.131324301569908,0.23417029160068945,1362.900524776967,0.16534983493684177,2324.0489790997076,0.28763482434788706,186.77093576568137,0.248146078116074,20.8459407006217,1.371071953529953,0.4631944137571297,1.371071953529953,0.5729428531997349
2024,Virginia Tech,2128.0,0.32450784859201787,15.32191243716416,-0.16302979156221706,1862.866489929628,1.336840152561045,2605.1513801240426,0.7325117565323567,189.17819446146473,0.29691721781494657,13.716242485389353,-0.04212388021168912,0.6182917259883017,-0.04212388021168912,-0.09627115663307655
2024,Wake Forest,2720.0,0.7872005203019966,21.488425330263333,0.708803728113694,1187.4046810377577,-0.24586151954205318,1828.6621632287997,-0.4963718795656929,137.2608863508699,-0.7549291379948763,16.28761555849311,0.46755459483821843,-0.00028331959619486944,0.46755459483821843,0.1668561198082807
2024,Washington,1624.0,-0.0694061827286397,19.84442628812544,0.4763719638251807,1249.0101935580515,-0.10151117079828592,1615.9913599367621,-0.8329479251241864,145.96558087505267,-0.5785717429967544,17.329651481076198,0.6740992170576261,-0.2705455980732577,0.6740992170576261,0.1907774871753149
2024,Washington State,235.0,-1.1550144952373567,17.52524091542509,0.1484810502222992,831.5282904242808,-1.079729772448904,2746.0058543996856,0.9554301882919618,215.0795608625201,0.82167974597625,15.930137430950788,0.3966979350966803,-0.07561947582283514,0.3966979350966803,-0.7170590676942233
2024,West Virginia,2410.0,0.5449121280214334,19.02239368322853,0.36015140422533787,2567.230763288638,2.987264349073166,2591.564949812528,0.7110096654285478,190.03215005553923,0.31421838600604884,12.762504965047574,-0.2311666488593889,1.2028434507322197,-0.2311666488593889,1.024247248916796
2024,Western Kentucky,86.0,-1.2714692386238209,6.05807832474675,-1.472768575853242,889.5604186170749,-0.9437523639302534,2612.9716803287797,0.7448882824928867,210.32330955987055,0.7253179394405463,12.134170723858965,-0.355710396019383,-0.5424741362706448,-0.355710396019383,-0.8619830048046656
2024,Western Michigan,1508.0,-0.1600689359691085,17.095200237961976,0.08768106748715389,1419.256426108274,0.2973996090258685,2316.607533933145,0.27585788012878487,196.32619543289678,0.44173595065659693,10.962912128109473,-0.5878685768819271,0.23056309955625684,-0.5878685768819271,-0.6821291943770056
2024,Wisconsin,3474.0,1.3765084163650438,22.248802153602117,0.8163072740664324,1160.6227108036492,-0.30861542881381254,2103.9535765490955,-0.06069150483969496,188.18560291314313,0.27680728066863597,13.450471385930147,-0.09480305388025455,0.5137412618498429,-0.09480305388025455,0.4721410293282734
2024,Wyoming,0.0,-1.338684728095203,6.495000798211594,-1.4109956314890706,1145.5083059294002,-0.3440305974471979,1410.748219018591,-1.1577688393207757,120.12604027251456,-1.102081678463404,21.763281956539995,1.552900524929144,-1.30949122818971,1.552900524929144,-0.13590909676791396
2025,Air Force,921.4491301383258,-1.5532759900379143,5.801955573260688,-1.5830570718207433,1374.0,0.42258065346456275,1544.9778190358397,-0.4779050560431411,119.66999002546329,-0.6279718518203677,12.271964898874888,0.015829127396669182,-1.0045551440617588,0.015829127396669182,-0.2273139310972013
2025,Akron,3151.4726670562645,1.1245710080133793,18.79253173361984,0.7169904481628855,406.0,-1.2272355246988984,1659.2711137042554,-0.27778392886108544,149.8131029892933,0.07735702616781291,7.313512102512937,-0.907870316459738,0.10885464637039836,-0.907870316459738,-0.8993112303197052
2025,Alabama,3021.9405258645493,0.96902679527346,12.99728751324677,-0.30908698922154076,1194.0,0.11579665339284476,2255.2958538536154,0.7658218502279248,170.2440804375114,0.5554283659476602,14.981091358380692,0.5205064343619042,0.551503451671937,0.5205064343619042,1.4691111891201423
2025,App State,2576.628009772024,0.4342885897471037,17.715094645221363,0.5262247367334408,659.0,-0.7960335690425393,1206.8423349845214,-1.0699612602580637,98.06650581184343,-1.1334790732978597,7.3764116452924,-0.8961528967180717,-0.5362426994055054,-0.8961528967180717,-0.9595860789824852
2025,Arizona,2901.8722702592054,0.8248469637554499,22.989301533775976,1.4600498669011257,1701.0,0.9799049202615171,2494.5282159319477,1.1847042535783257,204.38198280103126,1.3542326699299418,8.481938923507254,-0.6902066118599419,1.5263720789266177,-0.6902066118599419,0.1328469979471367
2025,Arizona State,2990.689741632093,0.9315003668038797,21.562998679597936,1.2075156989010611,1781.0,1.1162533647378363,2339.5824021121994,0.9134028530569017,185.16355486283234,0.9045341855493759,11.132310287830068,-0.19647466446010964,1.3342435177358751,-0.19647466446010964,0.6514411518816763
2025,Arkansas,2406.392463838685,0.22986709459586674,14.521316840996766,-0.03924985248465994,1816.0,1.1759058091962258,1973.8769748995192,0.27307322984742083,168.437761332916,0.5131616953200556,11.254029186135137,-0.17379991423284144,0.5661711962423334,-0.17379991423284144,0.42956773749870814
2025,Arkansas State,1639.1181634841687,-0.6914878363596698,12.810691702680916,-0.3421247256570477,1905.0,1.327593453676131,1945.0726026248306,0.22263839494213933,165.75354154197697,0.45035273011170107,13.119044316611916,0.17362971947651884,0.2543117756004679,0.17362971947651884,-0.3493992861643932
2025,Army,1073.4165801766046,-1.3707911089819302,8.882115987022646,-1.0376990189236444,1024.0,-0.17394379111933336,1169.5741124285742,-1.135215820708047,78.6474500832357,-1.5878721150876787,10.438464956726406,-0.32572961006190154,-1.3953420161760817,-0.32572961006190154,-0.41983515777519653
2025,Auburn,3348.3503019727054,1.3609847385935827,19.807659120569227,0.8967239103279577,2610.0,2.529164120623693,2543.240787000967,1.2699972242512767,214.24618859711413,1.5850485519771693,23.952473216598165,2.1917657512074866,2.0098098401808824,2.1917657512074866,1.6432617559742309
2025,BYU,1507.248633039072,-0.8498388225223016,10.157066663629394,-0.8119625230491052,811.0,-0.5369715245375329,2001.5616722944937,0.3215475770473136,150.71382342447993,0.0984332877567715,16.638969217868127,0.829348913998693,-0.4678188670139558,0.829348913998693,0.15303454644314896
2025,Ball State,1584.6951275091214,-0.7568398656535116,10.905764560608137,-0.6794017559279564,607.0,-0.8846600579521468,1342.3790992830975,-0.8326440132163161,117.68494248867688,-0.674420649380023,8.648821480243107,-0.6591184214148613,-1.0067477657883226,-0.6591184214148613,-1.1685767781625191
2025,Baylor,2146.275345241643,-0.08248559300828806,20.296548152050903,0.983284197610515,1970.0,1.4383765648131401,2887.901249205111,1.8734782980228089,235.27164479999578,2.07703030086167,13.1090060325582,0.17175970925790934,1.6541747014754657,0.17175970925790934,1.648762407960644
2025,Boise State,2370.0617991618983,0.1862406665643486,17.763814493347574,0.5348508334110168,626.0,-0.8522773023890209,2058.267656412785,0.4208365641453134,163.71022125164944,0.40254038871628606,16.151234293640226,0.7384898301753664,0.18204493768463206,0.7384898301753664,0.13043607175867625
2025,Boston College,2958.110541429154,0.8923787557454927,15.500334738968467,0.13409024116882598,846.0,-0.47731908007914337,1999.6269574493422,0.3181600002282985,166.93287901716383,0.4779484458939793,9.531797988872734,-0.4946306379357339,0.3538003551415487,-0.4946306379357339,0.4258739646548812
2025,Bowling Green,1987.21277558734,-0.2734904042130115,12.726127607408998,-0.3570972284320485,112.0,-1.7283160581493713,1116.2724150936206,-1.228544093222492,92.91473092131844,-1.254027193445301,7.59171498071353,-0.8560445041697261,-1.273298582340224,-0.8560445041697261,-0.5921666916005195
2025,Buffalo,1342.6513963143097,-1.0474897481533894,11.801008984716876,-0.5208941815115227,1158.0,0.05443985337850115,1692.1043392067277,-0.22029479867510332,149.40929511328758,0.06790818933242482,16.69514347486452,0.8398134948019399,-0.4382417568196732,0.8398134948019399,-0.25797488031156846
2025,California,1914.6946045171085,-0.3605713535795723,13.85672479794441,-0.15691925078955868,947.0,-0.3051791689277905,1824.2997516734922,0.011171929341587715,148.0779446970288,0.03675547141521134,10.42233648394944,-0.3287341483616848,-0.20375574989573234,-0.3287341483616848,-0.26936085262311193
2025,Central Michigan,1725.4703977445056,-0.5877947284346056,12.724554201150678,-0.3573758080052485,371.0,-1.286887969157288,886.7035258225422,-1.630506299493167,63.229851203768774,-1.948633716982446,9.289433217570515,-0.5397802468271408,-1.5283340044713838,-0.5397802468271408,-1.027123237968244
2025,Charlotte,1776.7137591160722,-0.5262609019313399,15.928847818571981,0.20996065937476951,195.0,-1.58685454700519,1580.391291502404,-0.41589805862478774,143.5174430346447,-0.06995724682501842,6.821441701464515,-0.9995370468801859,-0.6283050478078085,-0.9995370468801859,-1.0179252224820912
2025,Cincinnati,2963.959958427472,0.899402826787785,16.651756350522586,0.33795528837065736,1912.0,1.3395239425678087,1730.3839258005178,-0.15326939670872414,135.51880650512598,-0.25712004369906394,12.78029955268771,0.1105256902770003,0.5697833802970811,0.1105256902770003,0.5882918596418021
2025,Clemson,4456.671660839755,2.6918742895712113,30.067365634418156,2.7132570826553737,1201.0,0.12772714228452267,3087.581064518004,2.2231064177812954,230.9335871292829,1.9755226246902184,35.55914765729544,4.353948021806205,2.5593624604175047,4.353948021806205,2.9239011407135234
2025,Coastal Carolina,2718.0105630819457,0.6040629619409755,19.98217792446325,0.9276233513636709,834.0,-0.49777134675059126,2008.5832319756473,0.33384193291521597,151.16123859092392,0.10890250630501849,12.616051954584483,0.07992836057487708,0.38835857599688095,0.07992836057487708,-0.7745329959843149
2025,Colorado,2439.9142968032156,0.2701206337568518,14.958079270928135,0.03808115511538282,1090.0,-0.06145632442637009,2125.825629448829,0.5391267731495358,175.4885045586852,0.6781444167258367,22.15806042297472,1.8574884740828734,0.3850335567461382,1.8574884740828734,0.896322928316665
2025,Colorado State,2426.964458501536,0.25457026621708573,17.506405369603232,0.48927524004388134,1236.0,0.18737958674291227,1442.7110339387805,-0.6569684417499156,136.0776042105329,-0.24404454751358431,5.844650878863537,-1.1815012959424258,0.007945725020003224,-1.1815012959424258,-0.6589897063333816
2025,Delaware,369.9674405800961,-2.2155037927564396,3.332866504776721,-2.020221837915939,354.0,-1.315862013608506,649.9715851095117,-2.0450106057425437,62.32982459475319,-1.9696937434985595,5.512483705856128,-1.243379999960626,-2.515916345805223,-1.243379999960626,-1.7495185392585497
2025,Duke,2156.995719344128,-0.06961240080512364,14.469043005308471,-0.048505200719466075,767.0,-0.6119631689995085,1745.4909551998965,-0.12681783836886668,151.15607526433655,0.1087816878828163,21.93886471537125,1.8166549799417993,-0.1967533074902457,1.8166549799417993,0.5012742245886632
2025,East Carolina,3069.2467150679427,1.0258328041116596,15.946583631072826,0.2131008751014549,797.0,-0.5608325023208889,1812.3867209335738,-0.009687117085794485,135.3808138490562,-0.26034898045131943,6.933995446964236,-0.9785696531402822,0.10732032892128467,-0.9785696531402822,-0.6018784982109828
2025,Eastern Michigan,1495.2031627341269,-0.8643032108851229,11.024363601629954,-0.6584031930615096,245.0,-1.5016367692074908,1758.5753729457138,-0.10390775921321305,138.7435319371919,-0.1816636044935888,6.1248061005115675,-1.129311785815472,-0.8705011400598938,-1.129311785815472,-0.9780029199926248
2025,Florida,3361.7828503309493,1.3771147518879785,24.28042849401723,1.6886504559919175,1249.0,0.20953620897031414,1922.8166785851963,0.18366952438668566,157.20283184859812,0.2502717868703547,24.984931027289527,2.384100083045946,0.9755236842575626,2.384100083045946,1.2646419648157956
2025,Florida Atlantic,3020.9289783416402,0.9678121132520533,18.434128297715695,0.6535332986316404,823.0,-0.5165192578660851,1305.8738662641194,-0.8965626219238164,104.24820953080525,-0.9888313007409039,8.052340560993773,-0.770235561379533,-0.20528781783765687,-0.770235561379533,-0.7809758555098797
2025,Florida International,2372.6616594629522,0.18936261930936402,15.864484349943991,0.19856478019528442,917.0,-0.35630983560641016,1422.7905336269407,-0.6918481167824835,129.87802574582946,-0.38911057728151205,5.270708823502316,-1.288419719716055,-0.2759746935905282,-1.288419719716055,-1.2171499989574621
2025,Florida State,2033.9903193258829,-0.2173192010832037,13.841534526425683,-0.1596087655503545,714.0,-0.7022940134650699,1976.2772101759967,0.2772759067448221,164.08054643945763,0.41120575282519345,11.54157651546284,-0.12023334435901464,-0.10276395076052598,-0.12023334435901464,0.19143903048943203
2025,Fresno State,2884.5694172739613,0.8040694283809595,20.223223713792528,0.9703017332233692,932.0,-0.33074450226710034,1103.9703951123959,-1.2500842379212798,115.87972796554307,-0.716661473533049,5.439669904898999,-1.2569443254087818,-0.1375793018773404,-1.2569443254087818,-0.7826177089855324
2025,Georgia,1711.8367082752186,-0.6041662751081227,8.676829435824384,-1.074046045963937,1232.0,0.18056216451909632,3011.0770674993637,2.089152224215347,232.37964248393558,2.0093593621907497,14.993090703996097,0.522741766496098,0.6840215403181237,0.522741766496098,1.1617924944400158
2025,Georgia Southern,1709.9498515646692,-0.6064320420358928,9.949660027463166,-0.848684921906054,592.0,-0.9102253912914565,2165.824172362987,0.6091619708997074,178.7124375899707,0.7535823142778985,6.500976276917845,-1.059235857494286,-0.2636813589250968,-1.059235857494286,-0.6083165656375061
2025,Georgia State,2574.3493299464717,0.4315523155197882,13.697579506745452,-0.18509673328307708,1008.0,-0.20121348001459718,1688.8219739764522,-0.2260420354803035,142.42271716687904,-0.0955731070363485,11.702825529642938,-0.09019461436851571,-0.07268557661503236,-0.09019461436851571,-0.4408847140173094
2025,Georgia Tech,2743.9424875399195,0.6352024207466219,21.853126711079817,1.2588843411421904,1919.0,1.3514544314594867,2564.561125718458,1.3073279375571252,189.67424972097,1.0100814575598993,8.815977960554944,-0.6279792023394425,1.463045276676095,-0.6279792023394425,1.2802869689477847
2025,Hawai'i,2079.8503462215194,-0.16224976646963038,18.94114511944935,0.7433032032935312,580.0,-0.9306776579629044,2069.235864591887,0.44004127943799365,163.15571740056114,0.3895653658778174,8.133035948985718,-0.7552029921344198,0.12623445191756588,-0.7552029921344198,-0.5497765435001446
2025,Houston,1779.526169695846,-0.5228837155009475,9.292508675858276,-0.9650369079807756,1400.0,0.4668938979193665,3020.028676633763,2.1048259880635793,238.48721558390628,2.152272527363912,8.695061945311348,-0.6505043852182207,0.8510806400049433,-0.6505043852182207,0.2338431786101948
2025,Idaho,947.679757152927,-1.521777844549669,5.212661408506965,-1.6873945981514578,86.0,-1.7726293026041748,264.8741357131539,-2.7192945685219505,21.235126549457878,-2.931282458583557,2.9762399254457828,-1.715851366667632,-2.796295112716114,-1.715851366667632,-1.8437026146127553
2025,Illinois,2192.0661535912704,-0.027499277102913087,18.672549251819134,0.6957469400766697,1475.0,0.5947205646159156,1829.711289742339,0.02064722796928132,156.96424748797125,0.24468907085862732,9.62364564234385,-0.47752053728235394,0.4019411431290078,-0.47752053728235394,0.7123172462301831
2025,Indiana,3668.06045863944,1.744897674534953,26.90859766730112,2.153981162997442,2068.0,1.605403409296631,2776.9718808571115,1.6792472165249912,217.09000612630413,1.6515919985506398,16.774948584341015,0.8546802159885214,2.3236199060443594,0.8546802159885214,1.8733009763806725
2025,Iowa,1395.1237610788203,-0.9844801152328793,10.088399457999316,-0.8241204007339777,678.0,-0.7636508134794135,1497.4952682529279,-0.561044330413726,112.71998261267244,-0.7905974219250705,14.719054956991439,0.47169224006101756,-1.031976313323933,0.47169224006101756,0.43582274401525656
2025,Iowa State,2368.7673809757985,0.1846863090445795,17.258962452248262,0.44546421416063225,1633.0,0.8640087424566458,1820.3013827159439,0.004171010302586266,137.2115357584982,-0.21751130035356253,8.135638581625493,-0.7547181533307336,0.33685292054006466,-0.7547181533307336,0.16253212951210613
2025,Jacksonville State,1185.6853484865032,-1.2359770232933625,11.067313421948299,-0.6507987091273482,815.0,-0.5301541023137171,1314.4219558925017,-0.8815953980228167,106.58066958750922,-0.9342532803247198,10.129175631359761,-0.3833464493391669,-1.1132125860727902,-0.3833464493391669,-0.9877881938343498
2025,James Madison,2252.519422252835,0.04509394952800189,21.956242477453166,1.2771415115548441,2266.0,1.942865809375521,960.8489073953347,-1.5006819088433168,83.89185866906098,-1.4651564278263678,8.037974990049442,-0.7729116925109405,0.07870557446107943,-0.7729116925109405,-0.3964599477146133
2025,Kansas,3344.3374074577277,1.35616599235502,17.803733403963818,0.5419186793810451,1108.0,-0.03077792441919829,1367.9968792197888,-0.7877887221714144,118.4034816334511,-0.6576073093184865,18.62498341608452,1.199319202256631,0.11096170461222152,1.199319202256631,0.6820974227839661
2025,Kansas State,2712.8571548757473,0.597874669097316,18.105433133081846,0.5953361494895045,1180.0,0.09193567560948891,2372.992451905137,0.9719019701150692,186.41947848816943,0.9339219665181436,21.5949072935664,1.7525798959832444,0.8392190695560623,1.7525798959832444,1.5106576341894593
2025,Kennesaw State,2884.898269574259,0.804464319345371,20.428507267317627,1.0066482295103958,698.0,-0.7295637023603337,1344.557429245879,-0.8288298800356168,110.97430234772376,-0.8314451838692274,8.613117545654264,-0.6657696301442048,-0.1522038791113989,-0.6657696301442048,-0.8228597307497033
2025,Kent State,1391.917999928682,-0.9883296431550067,7.205527725862883,-1.3345474900393062,291.0,-1.423236413633607,954.4379916057844,-1.5119070616206176,82.14859294181935,-1.505947691187455,5.890539875015909,-1.172952734129722,-1.778910618564263,-1.172952734129722,-1.5090999865829922
2025,Kentucky,874.4115066989441,-1.6097595009234995,6.468678318504938,-1.4650104218657414,1533.0,0.693573186861247,1961.2648615389812,0.250990129091763,146.96311482465455,0.0106691908119776,8.59108553501368,-0.6698739257403388,-0.5574342529093037,-0.6698739257403388,-0.6378182283060828
2025,LSU,4146.169597787709,2.3190185758679296,24.775229208675643,1.7762574368207606,1211.0,0.14477069784406257,3051.7646161088974,2.160393832164765,225.61964371769471,1.8511798685626197,22.782965840864016,1.9739007524029797,2.170160255000341,1.9739007524029797,2.0018193238110396
2025,Liberty,2188.642174632299,-0.03161084436885534,14.88709400905065,0.025512853792850513,761.0,-0.6221893023352324,2070.9061321513836,0.44296582394142936,160.51534024871484,0.32778228938495224,9.140735983856327,-0.5674807327903343,0.03746692103502551,-0.5674807327903343,-0.7575413050498893
2025,Louisiana,1333.0165934932843,-1.0590593694528836,9.732707629850065,-0.8870974463333554,1396.0,0.4600764756955505,1156.1254708185763,-1.1587636353534148,102.75858564763264,-1.0236875129510787,13.277542252846112,0.2031559571084135,-0.9648167067244754,0.2031559571084135,-0.9482632494655315
2025,Louisiana Tech,1905.9711909160437,-0.37104656450790907,12.6691399003793,-0.3671871915410895,949.0,-0.3017704578158825,1419.7478417376967,-0.6971756990550022,106.32026810438234,-0.9403465025523223,6.095238094032685,-1.1348199457722483,-0.7041842836883404,-1.1348199457722483,-1.2947212764602942
2025,Louisville,1955.8737920302922,-0.3111227438053571,16.497862886261,0.3107076685232276,1698.0,0.9747918535936552,2653.577302625082,1.463190253991982,212.1637298754498,1.5363203972119102,12.775884819046823,0.10970327909828469,1.0451247303634548,0.10970327909828469,1.4499163809933502
2025,Marshall,1191.6360157714282,-1.2288313693298345,8.929785950975573,-1.0292588095738686,124.0,-1.7078637914779233,1618.6463573067465,-0.34891559118083965,141.04317781153168,-0.12785341421017196,5.9865818078423505,-1.1550612902495323,-1.1684275748848025,-1.1550612902495323,-0.9526091422413315
2025,Maryland,807.5467447742867,-1.6900517485303672,6.642324499193153,-1.4342654832027961,443.0,-1.1641743691286008,1879.1582783736367,0.10722612246490149,156.52518220851528,0.23441523413533155,8.403588466607737,-0.7048023489650889,-1.0380140027826028,-0.7048023489650889,-0.5196077343821954
2025,Massachusetts,1580.3705509327197,-0.7620328845662023,18.333803729555797,0.6357703240459757,227.0,-1.5323151692146624,1155.0887100994353,-1.1605789450295818,90.57101357031608,-1.3088686270917704,7.637840639113048,-0.8474518550590185,-1.0856626935358644,-0.8474518550590185,-1.1427600245646852
2025,Memphis,1638.6357174245284,-0.6920671651026816,15.643990655201309,0.15952525111631302,1258.0,0.22487540897390004,1708.1656129663538,-0.19217241215994596,127.4935458507586,-0.444905827460013,9.095425634329917,-0.5759214997749857,-0.2484660459082653,-0.5759214997749857,-0.4899797477032656
2025,Miami,2752.3023600149772,0.6452410858283208,22.39154883806826,1.3542147146835162,1216.0,0.1532924756238325,1862.53371348334,0.07811744487878969,152.69162499067335,0.14471253440393736,14.226771037447428,0.3799857337419722,0.6247724998979629,0.3799857337419722,1.3939684421285992
2025,Miami (OH),1649.4769417372283,-0.6790488540847237,15.65310149095161,0.16113837088204003,396.0,-1.2442790802584385,1043.1779154847538,-1.3565284486912215,87.02654614173596,-1.3918068172337754,9.124001087265363,-0.5705982404704336,-1.1862593316300039,-0.5705982404704336,-0.7773561989994685
2025,Michigan,3066.460974126672,1.0224876429985892,20.136740481042857,0.9549894374059564,677.0,-0.7653551690353675,2027.3150536315563,0.3666402985133832,157.6581815246688,0.2609266676884242,21.53769840574541,1.7419225760420998,0.4838346269809863,1.7419225760420998,1.6325346033156938
2025,Michigan State,2226.689181120975,0.014076593644175753,12.134488300175818,-0.46184997415544415,484.0,-1.0942957913344873,2624.4614250360123,1.4122099908109822,188.27357869706566,0.9773066833384552,16.819337674022783,0.8629493634698537,0.222877058812489,0.8629493634698537,0.6807290020932503
2025,Middle Tennessee,3430.938288044534,1.4601576786618322,19.542735772637016,0.8498178853853046,871.0,-0.43471019118029364,1416.837818106779,-0.7022709866730134,119.23554921637758,-0.6381374790000288,11.857800328936523,-0.061324694295005436,0.1406663351261857,-0.061324694295005436,-0.9125288962451444
2025,Minnesota,1668.9023211606625,-0.6557225559027128,7.620827794748344,-1.261016502522073,1753.0,1.0685314091711244,2484.964154629146,1.1679581204485763,201.942003747951,1.2971387762140256,9.903618237905638,-0.42536504817389614,0.4252387539150553,-0.42536504817389614,0.8310037533262861
2025,Mississippi State,2582.013422086221,0.4407554767373513,22.59431274036278,1.3901150939167206,2013.0,1.5116638537191616,2459.667043027203,1.1236643016124124,189.12934727063404,0.9973311011395236,9.868404391251238,-0.4319249594822341,1.4368978081755022,-0.4319249594822341,0.3149260775059796
2025,Missouri,2046.2931250006188,-0.20254580040007342,15.916332229430814,0.20774471072015047,1806.0,1.158862253636686,2036.8758315861196,0.3833806826851353,179.7827358273948,0.7786265841189367,23.54523255347866,2.115901769137273,0.6117515114921879,2.115901769137273,0.9966788035900515
2025,Missouri State,560.8550535521757,-1.9862829738278047,2.6859344652508876,-2.134764442858275,177.0,-1.6175329470123618,734.3729807576019,-1.8972285115975052,61.62007362159314,-1.9863014461651916,3.262367763970616,-1.6625492306644136,-2.5305964584081755,-1.6625492306644136,-1.7905455903156706
2025,NC State,2041.7654783246962,-0.20798266905129537,14.50935996112128,-0.041366878824744394,808.0,-0.542084591205395,2169.64444335699,0.61585105042689,164.84823330005045,0.4291691168837741,17.810853851650528,1.0476567670618275,0.06669263638636365,1.0476567670618275,1.1982171307400522
2025,Navy,1859.5576138300528,-0.426780710812176,12.526330067973001,-0.3924723980477655,2692.0,2.66892127621192,1693.249074369347,-0.2182904318245988,109.73755256681169,-0.8603843095782931,15.796465251564781,0.6724006728674671,0.20276978417209318,0.6724006728674671,0.8302478334404131
2025,Nebraska,2285.068547901292,0.08417944659292473,16.199258361358673,0.25783822004924256,779.0,-0.5915109023280606,1962.3459033942488,0.2528829725453949,184.68201743305556,0.8932665286401071,8.752284262668065,-0.6398445635179204,0.23581886863444806,-0.6398445635179204,0.5114700776200773
2025,Nevada,2999.1424071150122,0.9416504591747658,17.511703482036435,0.49021329777220335,636.0,-0.835233746829481,1497.7141995928566,-0.5606609939577324,139.60257274510994,-0.16156261857611104,10.573620858615925,-0.30055170950774923,-0.033030875229592055,-0.30055170950774923,-0.5712040518523042
2025,New Mexico,795.4739887640972,-1.704548901993049,2.795001737791737,-2.115453528036463,496.0,-1.0738435246630396,1081.6388946707475,-1.2891854385036463,82.80565135346825,-1.490572959559135,6.624333389913801,-1.0362559277965184,-2.0181431463113197,-1.0362559277965184,-1.5592162559699394
2025,New Mexico State,1507.2426763192657,-0.8498459754442271,14.431659257840474,-0.05512418317182587,628.0,-0.8488685912771129,1696.1565955568972,-0.2131995258441009,135.54187392222326,-0.25658028141774836,9.493537883247404,-0.5017580302372064,-0.5848073923073346,-0.5017580302372064,-1.1512337248099271
2025,North Carolina,2847.5093916976734,0.7595671724207711,18.115446257414593,0.5971090240336762,978.0,-0.25234414669321686,1552.0612724841264,-0.46550232767202093,108.92421020087258,-0.8794159822219401,9.394367458954891,-0.520232274024141,-0.06327372244689704,-0.520232274024141,-0.0861741700013029
2025,North Texas,1321.091803076755,-1.0733788435259812,5.666729113491225,-1.6069996036676388,710.0,-0.7091114356888859,1757.3397557302826,-0.10607125542386142,152.71599319357563,0.14528273421151125,8.86572647620904,-0.6187116589888056,-0.8811167593011345,-0.6187116589888056,-0.8283250721138545
2025,Northern Illinois,1090.8132378775013,-1.3499009314437789,3.2390722103124148,-2.0368285943606264,896.0,-0.3921013022814439,629.5888630496884,-2.0806996050445967,56.111230065717564,-2.1152047365765227,15.614474007183627,0.6384979176884832,-2.097339970442063,0.6384979176884832,-0.9786150394011883
2025,Northwestern,2263.93687334782,0.05880420264145526,17.703977523033217,0.5242563937590755,802.0,-0.5523107245411188,911.8852635114791,-1.5864144938860834,83.77993453264965,-1.4677753784851644,10.451037399732645,-0.32338751685466166,-0.7951588894631406,-0.32338751685466166,-0.1787254002396953
2025,Notre Dame,1144.7528783250625,-1.285129371028727,4.10198729328582,-1.884045094071708,1758.0,1.0770531869508946,2088.5692345061298,0.47389292218475815,171.54359530376064,0.585836153081006,19.186442297745547,1.30391216260891,-0.2715171584011909,1.30391216260891,1.9308289067729476
2025,Ohio,2176.9511403949955,-0.04564962038094461,13.429307370742162,-0.2325956781703698,1243.0,0.19931007563459022,1625.9103641648699,-0.33619672394962363,127.65137062592784,-0.4412128322566829,7.018199342888363,-0.9628834915431149,-0.2252170254576752,-0.9628834915431149,-0.7079770281996342
2025,Ohio State,1997.031889332617,-0.26169945948484297,10.840276834140923,-0.6909966906707213,933.0,-0.32904014671114634,3051.1657625273588,2.1593452732435945,218.60122809991512,1.6869535917715242,22.24388145288497,1.873475888071657,0.6744750096917447,1.873475888071657,2.484981915492508
2025,Oklahoma,3042.985195272564,0.9942975620910696,17.612630168896214,0.5080828805333102,2167.0,1.774134609336076,2221.2841600411666,0.706269288348727,176.92379816202046,0.7117293363736127,12.551711859643696,0.06794258348770213,1.2346480436485199,0.06794258348770213,0.6128161146893574
2025,Oklahoma State,507.9779060097087,-2.0497786762129953,4.961348400451785,-1.7318908432588005,1096.0,-0.05123019109064616,1960.1370617658388,0.24901541515520428,143.81078048182928,-0.06309334485368331,14.447440799325282,0.421093826264715,-0.9591480862315287,0.421093826264715,-0.6157084548112252
2025,Old Dominion,1562.434339494391,-0.7835709666363689,12.045287282758167,-0.4776434675585737,1315.0,0.3220236756632774,596.8451469440471,-2.138032009313812,61.63839254196884,-1.9858727955619826,20.61272061104409,1.5696104638501645,-1.3315843690509086,1.5696104638501645,-0.8105487581684432
2025,Ole Miss,1886.2590619004918,-0.39471719606655614,11.434147209689728,-0.5858489229650116,1282.0,0.26577994231679575,3277.854355570883,2.556264242906657,238.02569168056178,2.14147317371715,20.051536640455573,1.4650687160868157,1.0475084950175153,1.4650687160868157,1.2204154976049415
2025,Oregon,2041.4322750211713,-0.20838278476815372,9.903438545255867,-0.856868670202398,1765.0,1.0889836758425724,2001.451308107319,0.3213543355662449,158.38304897619224,0.2778880859363229,13.7063314647313,0.28303417170805134,0.16384112954462984,0.28303417170805134,1.223935385975463
2025,Oregon State,3143.55898919474,1.1150681403735532,18.618014697560746,0.6860913201313299,1482.0,0.6066510535075935,2096.135965390866,0.48714184215097195,189.8395297815404,1.0139489015035892,7.281156026304829,-0.9138978598944025,1.028033492492463,-0.9138978598944025,-0.26168497028737825
2025,Penn State,2629.178282137562,0.49739177532841866,20.137086509427593,0.9550507034897955,2012.0,1.5099594981632076,2685.644205355272,1.5193375961280233,228.2249157956239,1.9121415095777567,22.997412675224325,2.013849589221739,1.6815783942159424,2.013849589221739,2.7355315537099307
2025,Pittsburgh,2239.429894307755,0.029375840488630803,19.91329504914777,0.915427288265086,1296.0,0.28964092010015163,2350.5865989979343,0.9326705825496547,192.192928818632,1.0690168801918585,14.782382594720742,0.48348940868470924,0.8510963467048255,0.48348940868470924,0.9875073981731811
2025,Purdue,1764.8661041305245,-0.5404877505774508,11.602423865326209,-0.5560546859973784,1222.0,0.16351860895955644,1723.9487375449282,-0.16453704920814224,134.7403323175219,-0.2753358240646953,10.274801967135312,-0.3562180343090959,-0.36106918471707433,-0.3562180343090959,-0.4615805675826137
2025,Rice,1030.800757075039,-1.421964853147758,5.8293367348548,-1.578209098024863,360.0,-1.3056358802727819,1481.442145469753,-0.5891524450278081,131.6140440848567,-0.3484888980043165,12.0974406095093,-0.01668262488716966,-1.3790175469484833,-0.01668262488716966,-0.9890996977722992
2025,Rutgers,1622.6907939122484,-0.7112140776148824,15.321906814930301,0.10249867054764539,1592.0,0.7941301646625323,2888.5946430743065,1.8746923916674718,226.77986603034245,1.8783283022024575,9.092925606919914,-0.5763872244724033,1.0358009285050114,-0.5763872244724033,0.4743536349557199
2025,SMU,4761.500984930705,3.05791808997124,25.007778556198236,1.8174314804844531,741.0,-0.6562764134543122,2175.279733550266,0.625718126432951,189.60949982886123,1.008566352971805,19.73021599608851,1.405210588422637,1.5394217702376656,1.405210588422637,1.808280964910974
2025,Sam Houston,2055.9761394753646,-0.1909182857958456,13.92212732193348,-0.14533940157850023,1600.0,0.8077650091101642,1276.19797914242,-0.9485234302822709,106.72213273266702,-0.9309431364264914,5.3699967360834755,-1.2699235892900134,-0.37029056619364703,-1.2699235892900134,-1.2285318359296074
2025,San Diego State,1894.122453263577,-0.38527471323732,12.893162135775814,-0.32752291640930065,770.0,-0.6068501023316465,1336.1135451048833,-0.8436146459922996,115.2014101662469,-0.7325336607511069,18.173852493022412,1.1152789986179805,-0.7615887736723334,1.1152789986179805,-0.8208500738837291
2025,San José State,2776.9826189428763,0.67487752516947,16.098566405884434,0.2400101976727182,1058.0,-0.11599570221689773,1088.5242902379835,-1.277129498336665,83.02903780038845,-1.485345864661768,5.645973216827618,-1.2185125277653683,-0.5164186322948127,-1.2185125277653683,-0.8142008777604622
2025,South Alabama,1657.652248989069,-0.6692318177978578,6.565291376275351,-1.4479045890543403,1051.0,-0.12792619110857564,1233.2094376750408,-1.0237939472388693,103.70453820091846,-1.0015528497582045,7.145298778703442,-0.9392064126238623,-1.1231094354353972,-0.9392064126238623,-0.9708112240704597
2025,South Carolina,2116.1452218034883,-0.11866631454062185,16.665308398923575,0.3403547474039302,2342.0,2.072396831628024,2088.8037923336437,0.4743036197411428,171.33772491208498,0.5810189222745588,10.490007262997315,-0.3161279053381122,0.8808877938144756,-0.3161279053381122,0.43121971061779496
2025,South Florida,2033.7755571629793,-0.2175770908335608,8.011520117080039,-1.1918424415748936,1011.0,-0.1961004133467352,1819.6567441786892,0.003042284500476353,142.39658228892054,-0.09618464587007627,14.754739127518324,0.4783397669860182,-0.4467449109218586,0.4783397669860182,-0.2068159626319552
2025,Southern Miss,3134.971389230989,1.1047560165763406,20.961387212595877,1.1009973316176855,1017.0,-0.18587428001101128,2313.0275086888923,0.8669067290324002,189.80060078590233,1.013037988790375,7.704593446637362,-0.835016618964545,1.0256461349513613,-0.835016618964545,-0.36744128745134774
2025,Stanford,1267.3283822224173,-1.137938796708688,8.661874709903858,-1.076693856179661,592.0,-0.9102253912914565,1214.047394214303,-1.0573456070068337,120.82603907679345,-0.6009210697311911,14.223590049752637,0.3793931544263543,-1.2579525773968896,0.3793931544263543,-0.3511508407507621
2025,Syracuse,1363.237247131919,-1.0227699378457122,11.256079001037401,-0.6173768041492583,259.0,-1.4777757914241347,1994.0951003826692,0.3084740298062862,154.42790746867715,0.18534039435823169,8.672444530047153,-0.6547177345751682,-0.6901353721697349,-0.6547177345751682,-0.28350255224685467
2025,TCU,4253.879402207858,2.4483581867071145,22.628843707745848,1.3962289771588217,579.0,-0.9323820135188584,1941.690102464886,0.21671582751011784,148.01483739108625,0.03527880225543551,19.893722032204778,1.4356697741465736,0.8321784400444314,1.4356697741465736,1.1097675518312091
2025,Temple,2815.1883559788084,0.7207555692960386,16.842940798300894,0.3718054663414996,1789.0,1.129888209185468,1400.9908467894497,-0.7300181416714422,128.5096513268242,-0.4211296323400533,11.368208077540238,-0.1525297755782161,0.2817502208300812,-0.1525297755782161,-0.6546816764336042
2025,Tennessee,2641.5773665381544,0.5122807890051981,14.494501235341637,-0.04399769172770647,1160.0,0.05784856449040913,1591.507101192282,-0.39643490139291965,121.7534151173779,-0.5792210846313297,10.087781146017935,-0.39105773845681685,-0.1182240303766026,-0.39105773845681685,0.42164700447589815
2025,Texas,3648.4101600236654,1.7213012898834306,17.353493625447904,0.46220143872981306,1635.0,0.8674174535685538,2019.9339769719631,0.353716448647822,166.51202705980907,0.468100788844213,14.72306080488851,0.4724384807991391,1.018522472841822,0.4724384807991391,1.4966319043556586
2025,Texas A&M,3633.479976368373,1.7033728927971221,17.441972096288573,0.47786700158991335,2304.0,2.0076313205017726,1976.6679424552503,0.2779600569775851,145.96085012929888,-0.012783139206844816,23.328866072740663,2.075595325547956,1.1714060693056172,2.075595325547956,1.4262721427696015
2025,Texas State,1499.86668836054,-0.858703176673697,12.423373574743149,-0.41070136834102666,1020.0,-0.18076121334314932,1903.979089006554,0.15068596510783488,171.73938218077808,0.5904174363232917,15.333383329689573,0.5861341435158258,-0.18648203245261707,0.5861341435158258,-0.3093856913365173
2025,Texas Tech,3363.345161184632,1.3789907990956864,26.88228278842236,2.149321979974563,819.0,-0.5233366800899011,2981.2171410217993,2.0368691733014703,205.44309237067012,1.3790619310309427,12.972404869577712,0.14631257414193255,1.688686211820882,0.14631257414193255,1.245565939162166
2025,Toledo,2460.0535612373983,0.2943041761792661,20.806569413055712,1.0735860535122321,1271.0,0.2470320312013019,1840.2273977770046,0.039060341350701126,154.02387656459575,0.17588633881359586,17.827449898326538,1.050748408691671,0.4812520026154755,1.050748408691671,0.0878183767754303
2025,Troy,2246.433994954794,0.037786473641697835,14.959243815549609,0.038287343658174766,429.0,-1.1880353469119567,1664.5885545546064,-0.26847338916771696,146.0075659985368,-0.011690018809049178,12.773817003885847,0.10931807028565017,-0.3661261738879216,0.10931807028565017,-0.6910796673090001
2025,Tulane,3479.1200493967,1.5180150881742183,21.756567950103396,1.2417881218540716,1580.0,0.7736778979910844,1724.1751712728678,-0.16414057649293382,140.43272951838,-0.14213749993798405,16.394070087071672,0.783727184760174,0.8487481736814816,0.783727184760174,0.13084488338265385
2025,Tulsa,2086.1286714574176,-0.15471065573496276,8.683855600034304,-1.072802027887561,480.0,-1.1011132135583033,1570.0234270084213,-0.4340516059087826,124.86929091105239,-0.5063116548673868,7.138690694091963,-0.9404374184095898,-0.8597378443323128,-0.9404374184095898,-1.1605793246414597
2025,UAB,1659.7013714121258,-0.6667711996750526,11.424539323186984,-0.5875500480921906,1064.0,-0.1057695688811738,1574.2820052704087,-0.4265950750208212,128.08850342379105,-0.43098421432267375,10.610372685869606,-0.29370529112098154,-0.5832429611229625,-0.29370529112098154,-1.2316920226448866
2025,UCF,2017.50998756949,-0.23710904015447176,11.80762811747325,-0.5197222304223018,2105.0,1.6684645648669285,1165.4702387952484,-1.142401472497126,95.22957300168461,-1.199861422006111,19.789899582019288,1.4163289145206617,-0.37625282590226744,1.4163289145206617,0.06434745579711246
2025,UCLA,1962.5837774480196,-0.3030652888007956,18.304069607446984,0.6305057466345473,1313.0,0.31861496455136945,2055.2122339751772,0.4154866913990131,171.07337259225213,0.574833253084883,7.924320631210245,-0.794084117128686,0.4303635657542839,-0.794084117128686,-0.3497414860066807
2025,UConn,2980.29702007127,0.919020624876269,15.037324863847564,0.052111990023241635,1683.0,0.9492265202543453,2412.398779172243,1.040900231593811,167.50888852259718,0.49142668679979873,8.000386600606905,-0.7799139522579736,0.9080497736151223,-0.7799139522579736,-0.044678193950737424
2025,UL Monroe,1971.9195235015695,-0.29185477952580413,8.5213294820874,-1.1015781029362606,625.0,-0.8539816579449749,1475.9400865248695,-0.5987862406154376,101.19987549025123,-1.0601602982182752,7.997700792688906,-0.7804142856042912,-1.0273654304650566,-0.7804142856042912,-1.1747535480097995
2025,UNLV,1785.7487117529433,-0.5154115900762645,15.456804611268913,0.1263830108640261,1856.0,1.2440800314343854,1511.538928241269,-0.536454672072159,117.43080351219879,-0.6803673331000305,9.696899192291465,-0.46387429194615465,-0.09514495775524676,-0.46387429194615465,-0.09491347547158092
2025,USC,3026.415270397577,0.9744001382074883,22.572323350345794,1.3862217606765168,1270.0,0.2453276756453479,2440.714188542171,1.0904789199689329,184.50872011305313,0.8892114861359589,14.359578239510984,0.40472610008694165,1.2060144715495011,0.40472610008694165,1.0424379411075342
2025,UTEP,3171.6354532273435,1.1487827957038341,19.906269070122278,0.914183302976554,900.0,-0.385283880057628,1378.1445158977797,-0.7700207814000412,102.58533990686652,-1.0277413485352611,8.77876417567254,-0.6349116778134227,-0.03158078510238302,-0.6349116778134227,-0.6948959659909746
2025,UTSA,2684.6897369005965,0.5640507948561226,19.022284811757565,0.7576693981229211,1337.0,0.3595194978942652,2496.889524431891,1.188838771880595,204.6626563339804,1.3608002446961431,8.783602742766362,-0.6340103116177207,1.112712940855351,-0.6340103116177207,0.04418797979470002
2025,Utah,2537.569139558026,0.38738609001188296,16.976493414620126,0.39545163570000186,2666.0,2.6246080317571163,1996.6890685769326,0.313015922140534,152.25968674443757,0.1346054655373862,15.032570694483784,0.5300964085093666,1.0138752247181784,0.5300964085093666,0.18781798127712698
2025,Utah State,2381.125743231792,0.1995264229358351,21.524637599653637,1.200723674767519,974.0,-0.2591615689170328,1257.6817659219903,-0.9809442776431414,132.30483518500316,-0.3323248438080832,7.1492260449704865,-0.9384748106875875,-0.04528316382245128,-0.9384748106875875,-0.6154098413949161
2025,Vanderbilt,2433.162258318232,0.26201268077410916,17.685754085407424,0.521029841526182,1559.0,0.7378864313160507,2152.1074512677646,0.5851447641617133,164.53763240031273,0.42190126155718577,15.921840004219431,0.6957564642921035,0.6648525443926526,0.6957564642921035,0.563608785700846
2025,Virginia,3425.513459788141,1.4536434603942514,24.47259391010258,1.7226743193862504,1168.0,0.07148340893804105,1970.063850638659,0.26639666384779315,164.3361085703906,0.41718573741681503,15.284857520653429,0.5770943755357301,1.033946302534665,0.5770943755357301,0.4139555827909884
2025,Virginia Tech,2809.399139180122,0.7138037875911438,17.360464529764066,0.46343567276119946,2354.0,2.092849098299472,1643.2615544546534,-0.30581576617939166,134.97024805049404,-0.26995594819840196,12.071398050245715,-0.021534036909488553,0.7086001340830572,-0.021534036909488553,0.4966012492648914
2025,Wake Forest,1553.0128609072958,-0.7948844248730144,9.550781113249318,-0.919308460545618,1740.0,1.0463747869437228,1494.000959813728,-0.5671626678507837,124.03474527339608,-0.5258394700251767,9.53187342139719,-0.49461658577395073,-0.4630923264374208,-0.49461658577395073,-0.3424825296555811
2025,Washington,2588.745741981363,0.4488397513302749,19.94366466440512,0.920804382967681,1505.0,0.6458512312945353,1999.699075711927,0.3182862752476752,157.93690867053047,0.2674486982859726,16.19431331289686,0.7465149274715286,0.6841185627454865,0.7465149274715286,1.1201764421923177
2025,Washington State,1070.574240675834,-1.3742042345268295,6.7527198674304705,-1.4147194222892898,309.0,-1.3925580136264355,1397.8773384037675,-0.7354697196440712,116.07062679643167,-0.7121945673325687,11.291901770710115,-0.16674471238943983,-1.4804545310539072,-0.16674471238943983,-1.1693379451998223
2025,West Virginia,1587.315883852622,-0.7536928206152489,12.581733334398768,-0.3826629681988854,1213.0,0.14817940895597054,2011.1166047931968,0.3382777261548038,173.54685330329448,0.6327110634072062,9.869362100686132,-0.4317465498636052,-0.004520303101805624,-0.4317465498636052,-0.15425277894407782
2025,Western Kentucky,1193.6359077605903,-1.226429867878865,8.240344498040734,-1.1513279221691672,305.0,-1.3993754358502513,1747.762368304183,-0.12284072184558638,132.39582647737328,-0.33019570783493,6.4447025609968485,-1.0697189662854185,-1.1125264615806116,-1.0697189662854185,-1.1411708576379003
2025,Western Michigan,1571.7938781095054,-0.7723318868828571,7.345320797248683,-1.3097964164007898,800.0,-0.5557194356530268,1427.2185302280398,-0.6840949439166467,111.61284877281477,-0.8165036204649022,11.93363125853385,-0.04719831448000392,-1.0884033968235765,-0.04719831448000392,-0.4596489162601762
2025,Wisconsin,3022.4796576235117,0.9696741930871562,9.209033041803723,-0.9798166931662947,1129.0,0.005013542255835476,2546.0860719111374,1.2749791580123897,196.03808768095502,1.1589910507197323,11.308057495739957,-0.16373509732642844,0.6387805649948309,-0.16373509732642844,0.4248342836286162
2025,Wyoming,1359.5706310304108,-1.0271728675717366,8.829304694012754,-1.0470495267082947,734.0,-0.6682069023459901,1741.8115820127155,-0.13326021376523867,130.33614993272204,-0.37839077474791427,10.297565629958653,-0.3519774408107607,-0.8558168395328264,-0.3519774408107607,-0.48379475476374495
