season,team,war,var,players,sd,lo68,hi68,lo95,hi95
2014,Air Force,4.355581890601616,0.08970872358089522,67,0.2995141458777786,4.056067744723838,4.655096036479395,3.7685341646811703,4.942629616522062
2014,Akron,2.7956836040609643,0.10596482487618505,61,0.32552238767277597,2.4701612163881883,3.1212059917337402,2.1576597242223237,3.433707483899605
2014,Alabama,8.576906611056703,0.10536701799222084,63,0.3246028619593808,8.252303749097322,8.901509473016084,7.940685001616317,9.21312822049709
2014,App State,2.8296393813181133,0.07980714876521011,66,0.28250159073040654,2.5471377905877066,3.11214097204852,2.275936263486517,3.38334249914971
2014,Arizona,5.996849427830591,0.15893046150546164,59,0.39866083517880413,5.598188592651787,6.3955102630093945,5.215474190880134,6.778224664781047
2014,Arizona State,5.300643527311308,0.1207026467357072,53,0.34742286444001813,4.95322066287129,5.6480663917513265,4.619694713008873,5.9815923416137435
2014,Arkansas,5.891838222658819,0.08511716552697512,64,0.29174846276711575,5.600089759891704,6.183586685425935,5.320011235635272,6.463665209682366
2014,Arkansas State,3.9638893363634473,0.10261639627718828,66,0.32033794073944516,3.643551395624002,4.284227277102892,3.336026972514135,4.59175170021276
2014,Army,2.9877620980733743,0.05661744831309339,59,0.23794421260684906,2.749817885466525,3.2257063106802235,2.52139144136395,3.4541327547827985
2014,Auburn,6.888493548607766,0.09147227469815038,58,0.3024438372626402,6.586049711345126,7.190937385870406,6.295703627572991,7.48128346964254
2014,BYU,-0.17425585570954608,0.0006978086259085181,18,0.02641606757086524,-0.2006719232804113,-0.14783978813868084,-0.22603134814844195,-0.1224803632706502
2014,Ball State,3.388215021001081,0.10045018560369179,50,0.31693877264180187,3.071276248359279,3.705153793642883,2.7670150266231497,4.0094150153790125
2014,Baylor,6.373624459034178,0.12935711566904531,62,0.35966250245062426,6.013961956583554,6.7332869614848025,5.668685954230955,7.078562963837402
2014,Boise State,6.5008339542492735,0.11867391929832392,59,0.34449081163120143,6.156343142618072,6.845324765880475,5.8256319634521185,7.176035945046428
2014,Boston College,4.787145385534823,0.08177613922372627,54,0.28596527625522344,4.5011801092796,5.0731106617900465,4.226653444074586,5.347637326995061
2014,Bowling Green,5.310843756482256,0.13230000875034448,60,0.36373068161806815,4.947113074864188,5.674574438100324,4.597931620510842,6.02375589245367
2014,Buffalo,3.639912659779494,0.08666775200360076,51,0.29439387222495095,3.345518787554543,3.934306532004445,3.06290067021859,4.216924649340398
2014,California,4.917800710802716,0.1252462106672533,67,0.3539014137683732,4.563899297034343,5.271702124571089,4.224153939816705,5.611447481788727
2014,Central Michigan,4.07011638252916,0.10020666151243424,48,0.31655435791098224,3.753562024618178,4.386670740440143,3.449669841023635,4.690562924034685
2014,Cincinnati,4.114101438021801,0.10345921224845414,65,0.32165076130557213,3.7924506767162285,4.435752199327373,3.4836659458628794,4.744536930180722
2014,Clemson,6.561820349410459,0.09555046556663879,69,0.30911238339257585,6.252707966017883,6.870932732803035,5.95596007796101,7.167680620859907
2014,Colorado,4.391147102453396,0.11909191043696701,50,0.345096958023346,4.04605014443005,4.736244060476742,3.714757064727638,5.067537140179154
2014,Colorado State,4.601682373129988,0.10423136756796016,56,0.32284883082947685,4.278833542300511,4.924531203959464,3.968898664704213,5.234466081555762
2014,Duke,3.6707260003144975,0.09934061636706545,56,0.315183464615556,3.3555425356989415,3.9859094649300535,3.0529664096680076,4.288485590960987
2014,East Carolina,5.193822211701577,0.11725331789292605,57,0.3424227181320276,4.8513994935695495,5.536244929833605,4.522673684162803,5.864970739240351
2014,Eastern Michigan,2.2246934204368682,0.09159602098864775,52,0.3026483454252604,1.9220450750116078,2.5273417658621287,1.6315026634033578,2.8178841774703787
2014,Florida,5.308642205376261,0.0897437983715813,59,0.2995726929671349,5.009069512409126,5.6082148983433955,4.721479727160676,5.895804683591845
2014,Florida Atlantic,2.429927742479568,0.08745858414742136,60,0.29573397530115025,2.134193767178418,2.7256617177807185,1.8502891508893138,3.009566334069823
2014,Florida International,1.570723341104945,0.08384066447972874,56,0.28955252456113856,1.2811708165438065,1.8602758656660836,1.0032003929651134,2.1382462892447767
2014,Florida State,6.627986270587649,0.10926957375777646,60,0.33055948595945095,6.297426784628199,6.9585457565471,5.9800896781071256,7.275882863068173
2014,Fresno State,4.956745244322994,0.11751020689787338,54,0.34279761798745534,4.613947626335539,5.299542862310449,4.284861913067581,5.628628575578406
2014,Georgia,6.101957816456285,0.08688157370544979,67,0.2947568043412226,5.807201012115063,6.396714620797508,5.524234479947489,6.679681152965082
2014,Georgia Southern,3.515636069572711,0.07951455903387045,72,0.2819832602015064,3.2336528093712045,3.7976193297742173,2.9629488795777585,4.068323259567664
2014,Georgia State,2.326084544042124,0.09086646162667483,66,0.3014406436210533,2.024643900421071,2.6275251876631773,1.7352608825448597,2.9169082055393885
2014,Georgia Tech,4.5670876852143785,0.08827211094630584,54,0.2971062283869287,4.26998145682745,4.864193913601307,3.9847594775759982,5.149415892852758
2014,Hawai'i,2.8852800644659844,0.10685154334191184,58,0.32688154328733804,2.5583985211786464,3.2121616077533224,2.244592239622802,3.525967889309167
2014,Houston,4.616554065583173,0.10879373470246327,52,0.32983895267609503,4.286715112907078,4.946393018259268,3.970069718338027,5.26303841282832
2014,Idaho,2.121731076369991,0.089844446972096,50,0.2997406328346159,1.8219904435353749,2.4214717092046065,1.5342394360141438,2.709222716725838
2014,Illinois,3.976577759953089,0.100048674678208,53,0.31630471807769167,3.6602730418753975,4.292882478030781,3.3566205125208137,4.596535007385365
2014,Indiana,3.6039455183845246,0.0808487317292534,59,0.28433911396298156,3.319606404421543,3.888284632347506,3.0466408550170807,4.161250181751969
2014,Iowa,4.42437274284168,0.09169615858705109,57,0.3028137357965307,4.121559007045149,4.7271864786382105,3.8308578206804795,5.017887665002879
2014,Iowa State,3.1467089253766636,0.12921460701675372,51,0.3594643334417946,2.787244591934869,3.506173258818458,2.442158831830746,3.851259018922581
2014,Kansas,2.916180834509125,0.1084079944978044,50,0.3292536932181694,2.5869271412909556,3.2454345277272947,2.270843595801513,3.561518073216737
2014,Kansas State,5.65734987847289,0.1165579973791765,54,0.34140591292357036,5.3159439655493195,5.99875579139646,4.988194289142692,6.326505467803088
2014,Kent State,1.9918390513033446,0.0838744548517962,52,0.2896108679794255,1.702228183323919,2.28144991928277,1.4242017500636708,2.5594763525430184
2014,Kentucky,4.677323843803871,0.0914935984512735,54,0.3024790876263572,4.374844756177513,4.979802931430228,4.08446483205621,5.270182855551531
2014,LSU,5.4311463072623445,0.0804699588154539,60,0.2836722736106825,5.147474033651662,5.714818580873027,4.875148650985407,5.987143963539282
2014,Louisiana,4.100099999183781,0.09783172682268795,59,0.3127806369049848,3.7873193622787964,4.412880636088766,3.487049950850011,4.713150047517551
2014,Louisiana Tech,4.432667434984355,0.11210478076486702,63,0.33482052022668357,4.097846914757671,4.767487955211038,3.776419215340055,5.0889156546286545
2014,Louisville,6.14768770067654,0.09767140758607845,58,0.31252425119673266,5.835163449479808,6.460211951873273,5.535140168330944,6.7602352330221365
2014,Marshall,5.332008266227416,0.11897193483948874,64,0.34492308539656885,4.987085180830848,5.676931351623985,4.655959018850141,6.008057513604691
2014,Maryland,4.375385488766159,0.09946951231334676,54,0.3153878759771002,4.059997612789059,4.690773364743259,3.7572252518510423,4.993545725681275
2014,Massachusetts,3.6842648252181567,0.1016391982455974,53,0.3188090309975509,3.3654557942206056,4.003073856215708,3.059399124462957,4.309130525973356
2014,Memphis,5.130316905138031,0.10829439563050937,66,0.32908113836941394,4.801235766768617,5.459398043507445,4.48531787393398,5.775315936342082
2014,Miami,4.9252898523598985,0.09186953072250839,57,0.3030998692221895,4.622189983137709,5.228389721582088,4.331214108684407,5.51936559603539
2014,Miami (OH),2.3629175842431698,0.10257968284980103,51,0.32028063139971646,2.0426369528434534,2.683198215642886,1.7351675466997256,2.990667621786614
2014,Michigan,3.564243266083065,0.07545206757486429,57,0.27468539745473236,3.2895578686283327,3.8389286635377977,3.02585988707179,4.1026266450943405
2014,Michigan State,6.374336188191804,0.09189751428674017,62,0.303146027991033,6.0711901602007705,6.677482216182837,5.780169973329379,6.968502403054229
2014,Middle Tennessee,2.645378615266644,0.09064427532238492,65,0.3010718773356039,2.34430673793104,2.946450492602248,2.0552777356888603,3.2354794948444274
2014,Minnesota,3.7667065347137356,0.08429551738495204,62,0.2903369032433735,3.4763696314703623,4.057043437957109,3.1976462043567233,4.335766865070748
2014,Mississippi State,5.933952460532332,0.10277019716128111,63,0.3205779112186008,5.613374549313731,6.254530371750933,5.305619754543875,6.562285166520789
2014,Missouri,6.166257382096635,0.10794383030162281,47,0.3285480639139772,5.837709318182658,6.494805446010612,5.52230317682524,6.8102115873680305
2014,NC State,5.024332727651862,0.09443416493609326,60,0.30730142358292656,4.717031304068935,5.3316341512347885,4.422021937429325,5.626643517874398
2014,Navy,-0.12265850985825723,0.0004650533669228027,10,0.021565096033238588,-0.14422360589149583,-0.10109341382501864,-0.16492609808340486,-0.0803909216331096
2014,Nebraska,4.918302630977892,0.09227759701603898,61,0.303772278221761,4.614530352756131,5.222074909199653,4.32290896566324,5.513696296292544
2014,Nevada,3.989037607074127,0.11405219811767377,49,0.3377161502174182,3.651321456856709,4.326753757291545,3.3271139526479874,4.6509612615002665
2014,New Mexico,2.0343299838585915,0.06959998942774906,61,0.2638180991284507,1.7705118847301409,2.2981480829870424,1.5172465095668282,2.551413458150355
2014,New Mexico State,1.9480786130206023,0.09950228900953302,53,0.31543983421491495,1.6326387788056873,2.2635184472355174,1.329816537959369,2.5663406880818354
2014,North Carolina,4.300384057584681,0.10539420086339286,63,0.324644730225816,3.9757393273588653,4.625028787810497,3.664080386342082,4.93668772882728
2014,North Texas,1.373644921740402,0.0806087325126914,58,0.2839167703970503,1.0897281513433517,1.6575616921374525,0.8171680517621834,1.9301217917186206
2014,Northern Illinois,4.821700149711284,0.10505958520494785,61,0.32412896384764484,4.497571185863639,5.145829113558929,4.1864073805699,5.456992918852668
2014,Northwestern,3.4161764144650655,0.09647593303464222,55,0.31060575177327643,3.105570662691789,3.726782166238342,2.807389140989444,4.024963687940687
2014,Notre Dame,5.149466631382552,0.09570375366743009,50,0.30936023284745257,4.8401063985351,5.458826864230004,4.543120575001545,5.755812687763559
2014,Ohio,3.3215804379559972,0.09226086883033402,62,0.30374474288509756,3.0178356950708998,3.6253251808410947,2.726240741901206,3.9169201340107884
2014,Ohio State,8.2192409690695,0.10354800126806264,59,0.3217887525505866,7.8974522165189125,8.541029721620086,7.58853501407035,8.849946924068648
2014,Oklahoma,5.477133660028772,0.11761395182196278,55,0.3429489055558609,5.134184754472911,5.8200825655846335,4.804953805139285,6.149313514918259
2014,Oklahoma State,4.364243626807341,0.11172796608221093,56,0.33425733512102757,4.029986291686313,4.698500961928369,3.7090992499701274,5.019388003644555
2014,Old Dominion,2.540250317982162,0.09416903534017555,54,0.30686973676166823,2.2333805812204934,2.8471200547438302,1.9387856339292922,3.1417150020350313
2014,Ole Miss,6.024283263115155,0.09166621018519946,69,0.3027642815544784,5.721518981560677,6.327047544669633,5.430865271268377,6.617701254961933
2014,Oregon,8.215676912453745,0.1383584492075606,66,0.371965655951676,7.843711256502068,8.587642568405421,7.48662422678846,8.94472959811903
2014,Oregon State,3.9356470094931697,0.11933693220009159,52,0.3454517798479139,3.5901952296452557,4.281098789341083,3.2585615209912584,4.612732497995081
2014,Penn State,4.348715396883155,0.09677598404134834,56,0.3110883862206179,4.037627010662537,4.659803783103773,3.7389821598907442,4.958448633875566
2014,Pittsburgh,5.155809504637043,0.08838083459724444,50,0.2972891430867337,4.858520361550309,5.453098647723777,4.573122784187045,5.738496225087041
2014,Purdue,3.277993844258067,0.09564341763646017,47,0.30926270004069384,2.968731144217373,3.5872565442987607,2.671838952178307,3.884148736337827
2014,Rice,2.908046134195264,0.08939543628116066,56,0.298990695977585,2.6090554382176787,3.207036830172849,2.3220243700791974,3.4940678983113305
2014,Rutgers,3.6011845790878336,0.08730713911617219,52,0.2954778149306174,3.3057067641572164,3.896662394018451,3.0220480618238232,4.180321096351844
2014,SMU,1.4173150088695032,0.09022243720429789,68,0.3003704998902154,1.1169445089792878,1.7176855087597187,0.828588829084681,2.0060411886543257
2014,San Diego State,3.8516418317855226,0.09321473057565158,51,0.30531087529868894,3.5463309564868335,4.156952707084211,3.253232516200092,4.450051147370953
2014,San José State,3.1325915748319244,0.08092725101364359,55,0.2844771537639597,2.8481144210679648,3.417068728595884,2.575016353454563,3.6901667962092857
2014,South Alabama,3.199946933078791,0.10329219266067038,58,0.32139102766049704,2.8785559054182936,3.521337960739288,2.570020518864217,3.829873347293365
2014,South Carolina,5.2961929371418925,0.10063518060655689,62,0.3172304849893164,4.978962452152576,5.613423422131209,4.6744211865628325,5.917964687720953
2014,South Florida,2.639949962027896,0.08929169117087486,56,0.2988171534080245,2.3411328086198715,2.9387671154359207,2.054268341348168,3.2256315827076243
2014,Southern Miss,2.112833464251099,0.09423657523227918,58,0.3069797635549926,1.8058537006961064,2.4198132278060918,1.5111531276833134,2.7145138008188847
2014,Stanford,6.624097753478441,0.11007386388348847,63,0.33177381434267605,6.292323939135765,6.955871567821117,5.973821077366797,7.274374429590086
2014,Syracuse,3.4272249148451817,0.08382742114644746,61,0.2895296550380418,3.1376952598071397,3.7167545698832236,2.85974679097062,3.9947030387197433
2014,TCU,5.909898102091199,0.1256722576324671,62,0.35450283162827784,5.555395270462921,6.264400933719476,5.215072552099774,6.604723652082623
2014,Temple,2.819352643393553,0.08593406638546815,64,0.2931451285378424,2.5262075148557104,3.1124977719313955,2.244788191459382,3.393917095327724
2014,Tennessee,5.066715177223111,0.0935063299124211,68,0.30578804736683396,4.760927129856277,5.372503224589945,4.467370604384117,5.6660597500621055
2014,Texas,5.092806764568742,0.11901554799955412,55,0.3449863011766614,4.747820463392081,5.437793065745403,4.416633614262485,5.768979914874999
2014,Texas A&M,6.115729067006433,0.11167062367572919,69,0.3341715482738307,5.781557518732603,6.449900615280264,5.460752832389725,6.770705301623141
2014,Texas State,3.607096267672352,0.10002376662412509,59,0.3162653421165922,3.2908309255557597,3.9233616097889445,2.9872161971238316,4.226976338220873
2014,Texas Tech,3.531640068038331,0.1239858329183078,60,0.35211622075432397,3.179523847284007,3.8837562887926547,2.841492275359856,4.221787860716805
2014,Toledo,5.206349816119136,0.10145199792940252,54,0.31851530250429494,4.887834513614841,5.524865118623431,4.582059823210718,5.830639809027554
2014,Troy,2.4689988266820997,0.08290038886254662,74,0.2879242762646919,2.181074550417408,2.7569231029467915,1.9046672452033035,3.0333304081608956
2014,Tulane,2.769066063187579,0.09752082155522822,49,0.3122832393120518,2.4567828238755274,3.081349302499631,2.1569909141359576,3.381141212239201
2014,Tulsa,2.116787653685881,0.09382135244954369,57,0.30630271374825213,1.8104849399376288,2.423090367434133,1.5164343347393068,2.717140972632455
2014,UAB,2.876221957935726,0.09370739682758039,56,0.30611663925304744,2.5701053186826783,3.1823385971887737,2.276233344999753,3.476210570871699
2014,UCF,4.254722491077289,0.10411890360039036,53,0.322674609475847,3.9320478816014424,4.577397100553136,3.622280256504629,4.887164725649949
2014,UCLA,6.980000657419906,0.11770309339410837,52,0.3430788442823433,6.636921813137563,7.3230795017022485,6.307566122626513,7.652435192213298
2014,UConn,2.318040458110409,0.09069857642153628,57,0.3011620434608855,2.0168784146495238,2.6192025015712943,1.7277628529270737,2.9083180632937444
2014,UL Monroe,3.9347952335987024,0.10448437516926685,48,0.32324042935447733,3.611554804244225,4.25803566295318,3.301243992063927,4.568346475133478
2014,UNLV,2.430973981877098,0.10090994363792456,52,0.3176632550955879,2.1133107267815103,2.748637236972686,1.8083540018897457,3.0535939618644505
2014,USC,6.680543107596978,0.1327401161486754,55,0.36433517006827026,6.3162079375287075,7.044878277665248,5.966446174263168,7.3946400409307875
2014,UTEP,2.497838854941787,0.07790811939505607,53,0.27912025973593546,2.2187185952058517,2.776959114677722,1.9507631458593533,3.0449145640242206
2014,UTSA,2.3535515999836334,0.08120359669151438,64,0.28496244786201985,2.0685891521216133,2.6385140478456535,1.7950252021740745,2.912077997793192
2014,Utah,5.656378922783452,0.1116602646179322,61,0.33415604830368134,5.32222287447977,5.990534971087133,5.001433068108236,6.311324777458667
2014,Utah State,4.508514017513644,0.10956340637114982,57,0.33100363498177754,4.1775103825318665,4.839517652495421,3.8597468929493597,5.157281142077927
2014,Vanderbilt,3.19787245798075,0.0789296374232664,63,0.2809441891608837,2.9169282688198663,3.4788166471416337,2.647221847225418,3.748523068736082
2014,Virginia,3.93859329426206,0.09052416830902614,53,0.3008723455371499,3.63772094872491,4.23946563979921,3.348883497009246,4.528303091514874
2014,Virginia Tech,4.502324925718285,0.09947557541102169,54,0.3153974879592761,4.186927437759008,4.817722413677561,3.884145849318104,5.120504002118466
2014,Wake Forest,3.2429825486046115,0.08870472460890673,45,0.297833383973165,2.9451491646314465,3.5408159325777766,2.659229116017208,3.826735981192015
2014,Washington,5.19269176412175,0.11112134046557559,60,0.33334867701188736,4.859343087109862,5.526040441133637,4.539328357178451,5.846055171065049
2014,Washington State,5.1356260460311285,0.12827610443107484,55,0.3581565362115772,4.777469509819551,5.493782582242706,4.433639235056437,5.83761285700582
2014,West Virginia,5.703138218736181,0.1284328402849013,56,0.35837527856271184,5.344762940173469,6.061513497298893,5.000722672753266,6.405553764719096
2014,Western Kentucky,4.607251550416938,0.10909926075466435,60,0.3303017722548039,4.276949778162134,4.937553322671741,3.959860076797522,5.254643024036353
2014,Western Michigan,3.664655985116129,0.09618269612797473,52,0.3101333521696348,3.354522632946494,3.9747893372857637,3.0567946148636445,4.272517355368613
2014,Wisconsin,5.466835194826016,0.08472545495127641,59,0.2910763730557264,5.17575882177029,5.7579115678817425,4.896325503636793,6.03734488601524
2014,Wyoming,3.2725260012396062,0.08673469160368204,58,0.2945075408265161,2.9780184604130904,3.567033542066122,2.6952912212196347,3.8497607812595778
2015,Air Force,3.8209298925550597,0.08752071283286966,71,0.29583899816094167,3.525090894394118,4.116768890716001,3.241085456159614,4.400774328950505
2015,Akron,4.574305936852738,0.09777689940097156,54,0.3126929794558419,4.261612957396896,4.88699891630858,3.961427697119288,5.187184176586189
2015,Alabama,9.60226729326165,0.11165767838451794,59,0.33415217848237644,9.268115114779274,9.936419471744028,8.947329023436193,10.257205563087108
2015,App State,4.578729193557188,0.08753293525912072,65,0.29585965466606073,4.282869538891127,4.874588848223249,3.998844270411709,5.158614116702667
2015,Arizona,4.787270273987368,0.13247282227488624,66,0.3639681610730343,4.4233021129143335,5.151238435060403,4.073892678284221,5.500647869690516
2015,Arizona State,5.383341096806299,0.13080970132234437,46,0.3616762382606084,5.02166485854569,5.745017335066907,4.674455669815506,6.092226523797091
2015,Arkansas,6.945756283774585,0.09660890222060856,58,0.3108197262411261,6.634936557533459,7.256576010015712,6.336549620341978,7.554962947207192
2015,Arkansas State,4.721118474864579,0.1038527742232186,65,0.32226196521342476,4.3988565096511545,5.043380440078004,4.089485023046267,5.352751926682892
2015,Army,1.7582511359230706,0.05700169263869186,47,0.2387502725416075,1.519500863381463,1.997001408464678,1.29030060174152,2.226201670104621
2015,Auburn,6.180749300048092,0.09909302528640337,56,0.31479044662505784,5.865958853423034,6.49553974667315,5.563760024662979,6.797738575433205
2015,BYU,0.012682075881876587,0.0003924176823791754,19,0.019809535137886893,-0.007127459256010306,0.03249161101976348,-0.02614461298838172,0.051508764752134895
2015,Ball State,3.45640652187935,0.10005746302061236,49,0.31631860998147476,3.140087911897875,3.772725131860825,2.8364220463156595,4.07639099744304
2015,Baylor,6.875680995123341,0.12309566312972636,61,0.35084991539079263,6.524831079732548,7.226530910514134,6.188015160957388,7.563346829289294
2015,Boise State,5.925665444234106,0.10946439648935438,66,0.33085404106547406,5.594811403168632,6.25651948529958,5.277191523745777,6.574139364722435
2015,Boston College,4.250131530845562,0.07528909481983495,64,0.2743885836178957,3.975742947227666,4.524520114463457,3.712329906954486,4.7879331547366375
2015,Bowling Green,6.369635112376584,0.12484593916678478,54,0.35333544850012544,6.016299663876459,6.72297056087671,5.677097633316338,7.0621725914368305
2015,Buffalo,3.611546108994668,0.100328047656013,55,0.31674603021350245,3.2948000787811655,3.9282921392081707,2.9907238897762034,4.232368328213133
2015,California,5.718014617351594,0.12090139297944896,69,0.3477087761035792,5.3703058412480145,6.0657233934551735,5.036505416188579,6.399523818514609
2015,Central Michigan,4.30182335242939,0.10120660693650244,51,0.31812985860573106,3.983693493823659,4.619953211035122,3.6782888295621574,4.925357875296623
2015,Charlotte,2.081071852054899,0.09409656130920831,62,0.30675162804654893,1.7743202240083502,2.387823480101448,1.4798386610836634,2.682305043026135
2015,Cincinnati,3.9001383105879524,0.10571262948071228,66,0.3251347866358078,3.5750035239521445,4.22527309722376,3.2628741287817693,4.537402492394135
2015,Clemson,8.59857787818427,0.11690168238444167,68,0.34190888023630167,8.256668997947969,8.940486758420572,7.92843647292112,9.268719283447423
2015,Colorado,4.4564227596977535,0.11234204152103826,65,0.33517464331455366,4.1212481163831995,4.791597403012307,3.799480458801228,5.113365060594279
2015,Colorado State,4.130935418795118,0.10424633238252486,60,0.32287200619212075,3.808063412602997,4.453807424987239,3.498106286658561,4.763764550931675
2015,Duke,3.7598152610334363,0.11253208728234151,58,0.3354580261110792,3.424357234922357,4.095273287144516,3.1023175298557213,4.417312992211151
2015,East Carolina,3.606317325302523,0.09593016438590898,61,0.3097259504560588,3.2965913748464644,3.9160432757585815,2.999254462408648,4.213380188196398
2015,Eastern Michigan,2.3214536605526814,0.09817354970164596,52,0.3133265863306942,2.008127074221987,2.6347802468833756,1.707333551344521,2.935573769760842
2015,Florida,5.647496535834176,0.10312567835975975,57,0.32113187066960475,5.326364665164571,5.968628406503782,5.018078069321751,6.276915002346602
2015,Florida Atlantic,2.814139790834288,0.09477545557081749,56,0.30785622548653696,2.5062835653477507,3.121996016320825,2.2107415888806754,3.4175379927879
2015,Florida International,2.0517595717726387,0.09002474309914962,61,0.300041235664616,1.7517183361080226,2.3518008074372547,1.4636787498699912,2.639840393675286
2015,Florida State,6.398742641777847,0.10467548250311157,66,0.32353590604925375,6.075206735728593,6.722278547827101,5.7646122659213095,7.032873017634385
2015,Fresno State,2.673611099803066,0.09279245566163274,58,0.3046185412308856,2.3689925585721805,2.9782296410339515,2.0765587589905303,3.2706634406156017
2015,Georgia,5.156174590956511,0.0798234150423674,63,0.2825303789725406,4.8736442119839705,5.438704969929052,4.602415048170331,5.709934133742691
2015,Georgia Southern,4.249056376175839,0.07283842868525425,63,0.26988595496108025,3.979170421214759,4.51894233113692,3.720079904452122,4.778032847899556
2015,Georgia State,3.8482406370844884,0.10712455216694791,67,0.32729887284704773,3.5209417642374405,4.175539509931536,3.2067348463042746,4.489746427864702
2015,Georgia Tech,2.4150156216474588,0.07113000225412244,65,0.26670208520767597,2.1483135364397827,2.6817177068551348,1.892279534640414,2.9377517086545035
2015,Hawai'i,2.6473364440188556,0.10913286182416479,55,0.3303526325370585,2.316983811481797,2.9776890765559143,1.9998452842462209,3.2948276037914903
2015,Houston,4.636848716587402,0.1072255857321585,53,0.32745318097730935,4.3093955356100935,4.964301897564711,3.995040481871876,5.278656951302929
2015,Idaho,3.09537012875109,0.09782743745138245,51,0.31277377999343625,2.7825963487576537,3.4081439087445267,2.482333519963955,3.7084067375382253
2015,Illinois,4.376635682753994,0.09208152144152142,62,0.30344937212247025,4.073186310631524,4.680085054876464,3.7818749133939527,4.9713964521140355
2015,Indiana,5.066592249742232,0.10920561541555726,66,0.33046272923819603,4.736129520504036,5.397054978980428,4.418885300435368,5.714299199049097
2015,Iowa,5.840973727557919,0.10484956658646902,57,0.323804827923348,5.517168899634571,6.164778555481266,5.206316264828157,6.475631190287681
2015,Iowa State,3.4328779595975005,0.12587389237922353,52,0.3547871085302051,3.0780908510672953,3.7876650681277058,2.7374952268782984,4.128260692316703
2015,Kansas,1.9303535090098891,0.11712113017754036,64,0.34222964538090556,1.5881238636289836,2.272583154390795,1.2595834040633143,2.6011236139564637
2015,Kansas State,4.311588146490583,0.11538776631689143,53,0.3396877482584431,3.9719003982321395,4.651275894749026,3.6458001599040344,4.977376133077131
2015,Kent State,2.9383254808811676,0.09365268701844086,60,0.306027265155314,2.6322982157258537,3.2443527460364816,2.3385120411767524,3.538138920585583
2015,Kentucky,4.006452655016872,0.08900664535530277,55,0.2983398152364226,3.7081128397804495,4.304792470253295,3.421706617153484,4.59119869288026
2015,LSU,5.373612625242664,0.0872011442730516,53,0.2952983986970664,5.078314226545598,5.668911023939731,4.794827763796414,5.952397486688914
2015,Louisiana,3.51449749523424,0.09187969677265123,56,0.3031166388911226,3.2113808563431174,3.817614134125362,2.9203888830076394,4.10860610746084
2015,Louisiana Tech,4.146528688314255,0.10461264764147822,63,0.3234387849987664,3.823089903315489,4.469967473313022,3.5125886697166733,4.7804687069118375
2015,Louisville,5.35084634725423,0.09926460006661735,58,0.31506285097836806,5.035783496275862,5.6659091982325975,4.733323159336628,5.968369535171831
2015,Marshall,3.8938663266143703,0.1102310967168753,57,0.33201068765459235,3.561855638959778,4.225877014268963,3.2431253788113694,4.544607274417372
2015,Maryland,3.650873333901355,0.09101029268826438,55,0.30167912206227393,3.3491942118390807,3.952552455963629,3.059582254659298,4.242164413143412
2015,Massachusetts,3.13184312120141,0.1021129511759471,60,0.3195511714513766,2.8122919497500334,3.451394292652787,2.505522825156712,3.7581634172461085
2015,Memphis,3.999698464314008,0.10660551579674295,59,0.3265050011818241,3.673193463132184,4.326203465495833,3.359748661997633,4.639648266630383
2015,Miami,3.8904323768548856,0.10104777152036445,61,0.3178801213041867,3.5725522555506988,4.2083124981590725,3.2673873390986796,4.513477414611091
2015,Miami (OH),2.3807787289534215,0.08557426995690844,64,0.29253080172335433,2.088247927230067,2.673309530676776,1.807418357575647,2.954139100331196
2015,Michigan,6.3178221796035885,0.10024024651283664,58,0.316607401228772,6.001214778374816,6.634429580832361,5.697271673195195,6.938372686011982
2015,Michigan State,6.155744275931876,0.10215954800152217,59,0.3196240729380723,5.836120202993803,6.4753683488699485,5.529281092973254,6.782207458890498
2015,Middle Tennessee,3.6907230811507317,0.10890167228747309,67,0.33000253375917143,3.3607205473915602,4.020725614909903,3.0439181149827554,4.337528047318708
2015,Minnesota,4.471776031572781,0.09457547747727454,57,0.30753126260150293,4.164244768971278,4.779307294174284,3.8690147568738356,5.0745373062717265
2015,Mississippi State,5.535824352150632,0.10169759737265309,59,0.3189006073569837,5.2169237447936485,5.854724959507616,4.910779161730944,6.16086954257032
2015,Missouri,3.5527445886173052,0.08626666973011467,55,0.2937118821738655,3.2590327064434397,3.846456470791171,2.977069299556529,4.128419877678081
2015,NC State,5.501836590692541,0.09590863457999206,58,0.30969119228675535,5.192145398405786,5.811527782979296,4.894841853810501,6.108831327574581
2015,Navy,2.713810697574713,0.07271283210607427,63,0.26965317002786054,2.4441575275468526,2.9834638676025738,2.1852904843201064,3.24233091082932
2015,Nebraska,5.324503237875289,0.10441111353090089,54,0.3231270857277379,5.001376152147551,5.647630323603027,4.691174149848923,5.957832325901656
2015,Nevada,4.172670716501092,0.1036583348210216,49,0.3219601447710906,3.850710571730002,4.494630861272183,3.5416288327497547,4.80371260025243
2015,New Mexico,2.64945180015162,0.08348777011836174,59,0.2889425031357653,2.360509297015855,2.938394303287385,2.0831244940055202,3.21577910629772
2015,New Mexico State,2.1121553213356443,0.10204861761602664,54,0.31945049321612673,1.7927048281195175,2.431605814551771,1.486032354632036,2.7382782880392527
2015,North Carolina,5.932971012470174,0.11218586970678404,62,0.33494159148541713,5.598029420984758,6.267912603955591,5.276485493158757,6.589456531781592
2015,North Texas,1.2313607462382805,0.09158299243443334,58,0.30262682041490196,0.9287339258233785,1.5339875666531824,0.6382121782250727,1.8245093142514883
2015,Northern Illinois,5.408320901827573,0.11935251705489557,61,0.3454743363187714,5.062846565508802,5.753795238146345,4.731191202642782,6.085450601012365
2015,Northwestern,4.978881305496046,0.092974894443904,64,0.3049178486804339,4.673963456815612,5.28379915417648,4.381242322082395,5.5765202889096965
2015,Notre Dame,4.524692066396598,0.0881800577107912,56,0.2969512716099919,4.227740794786606,4.821643338006591,3.942667574041014,5.106716558752183
2015,Ohio,4.071168276926726,0.09345664913141614,56,0.3057068025599302,3.765461474366796,4.376875079486656,3.471982943909263,4.67035360994419
2015,Ohio State,6.50779164809802,0.0911196494261699,55,0.3018603144273356,6.2059313336706845,6.809651962525355,5.916145431820442,7.099437864375598
2015,Oklahoma,6.608540343866956,0.11857772331174218,62,0.34435116278552363,6.2641891810814325,6.952891506652479,5.933612064807329,7.283468622926582
2015,Oklahoma State,5.687898558965161,0.13006182667582517,66,0.3606408555278023,5.3272577034373585,6.048539414492963,4.981042482130668,6.394754635799654
2015,Old Dominion,2.4264870088434347,0.09890788417657473,53,0.31449623873199933,2.1119907701114355,2.740983247575434,1.8100743809287159,3.0428996367581536
2015,Ole Miss,7.70484291152542,0.10978865038594479,72,0.3313437043101088,7.373499207215311,8.036186615835529,7.055409251077607,8.354276571973234
2015,Oregon,5.832230254740857,0.10964821615262779,61,0.3311317202453244,5.501098534495532,6.163361974986182,5.183212083060021,6.4812484264216925
2015,Oregon State,3.3750006485289488,0.09844106523080548,61,0.3137531915866442,3.0612474569423047,3.688753840115593,2.7600443930191263,3.9899569040387712
2015,Penn State,4.218951393297841,0.08947783289716575,61,0.2991284555122861,3.919822937785555,4.518079848810127,3.6326596204937602,4.8052431661019215
2015,Pittsburgh,4.081629160980261,0.09303021381707266,52,0.30500854712134323,3.7766206138589173,4.3866377081016035,3.483812408622428,4.6794459133380935
2015,Purdue,3.662749355360458,0.10160545962648235,53,0.3187561130809609,3.343993242279497,3.9815054684414193,3.0379873737217746,4.287511336999142
2015,Rice,1.0789811610805065,0.08096773678562963,59,0.2845483030798631,0.7944328580006433,1.3635294641603695,0.5212664870439747,1.6366958351170382
2015,Rutgers,2.7317945154013517,0.08402794954307237,51,0.28987574845625214,2.4419187669450997,3.0216702638576036,2.1636380484270976,3.2999509823756057
2015,SMU,1.3236642882034404,0.08439243443981702,58,0.2905037597688144,1.033160528434626,1.6141680479722549,0.7542769190565642,1.8930516573503167
2015,San Diego State,5.4006962019167135,0.09622407141980832,56,0.31020005064443223,5.090496151272282,5.710896252561145,4.792704102653627,6.0086883011798005
2015,San José State,4.339960310207924,0.09831275246939886,52,0.31354864450256975,4.026411665705354,4.653508954710493,3.7254049669828873,4.954515653432961
2015,South Alabama,3.2835377980340423,0.0902298793784679,59,0.3003828879587982,2.9831549100752444,3.5839206859928403,2.6947873376347977,3.872288258433287
2015,South Carolina,3.213702496185646,0.0835843634695846,60,0.2891096045958774,2.9245928915897688,3.502812100781523,2.6470476711777264,3.7803573211935655
2015,South Florida,4.27913209910197,0.09487552646216386,56,0.308018711220867,3.971113387881103,4.587150810322837,3.6754154251090707,4.882848773094869
2015,Southern Miss,4.606692764510285,0.11516809596343783,61,0.33936425263047054,4.267328511879814,4.946057017140756,3.941538829354563,5.271846699666007
2015,Stanford,7.636968014641077,0.11200832065588816,57,0.33467644174021,7.3022915729008675,7.971644456381287,6.981002188830265,8.292933840451889
2015,Syracuse,2.9216823649349197,0.08853366904942726,59,0.2975460788675046,2.624136286067415,3.2192284438024243,2.3384920503546107,3.5048726795152287
2015,TCU,5.633498721690215,0.12817394579627747,61,0.3580138905074459,5.2754848311827685,5.991512612197661,4.93179149629562,6.335205947084809
2015,Temple,3.6148715545674563,0.10544004337926177,63,0.3247153266774788,3.2901562278899776,3.939586881244935,2.978429514279598,4.251313594855315
2015,Tennessee,5.506821105904716,0.09413971562895986,63,0.30682196079967916,5.1999991451050365,5.813643066704395,4.905450062737344,6.108192149072087
2015,Texas,4.1964490514912915,0.11222271427283971,57,0.33499658844955377,3.8614524630417377,4.531445639940845,3.539855738130166,4.853042364852417
2015,Texas A&M,5.943778514889142,0.09355694677827897,65,0.3058708007938629,5.637907714095279,6.249649315683005,5.34427174533317,6.543285284445114
2015,Texas State,2.347919458180567,0.09378983361343399,68,0.30625125895812083,2.041668199222446,2.6541707171386877,1.74766699062265,2.9481719257384835
2015,Texas Tech,5.3730889235054775,0.15633664978333006,52,0.3953942965993946,4.977694626906083,5.768483220104872,4.598116102170664,6.148061744840291
2015,Toledo,5.969060703026213,0.10209210688330964,54,0.31951855483415925,5.649542148192054,6.2885792578603725,5.342804335551261,6.5953170705011654
2015,Troy,3.3840949190256437,0.09377022670365275,62,0.30621924613526946,3.0778756728903742,3.6903141651609133,2.7839051966005157,3.9842846414507718
2015,Tulane,1.3512390191255623,0.08917020002244458,57,0.29861379744151906,1.0526252216840433,1.6498528165670814,0.765955976140185,1.9365220621109396
2015,Tulsa,3.35326458300448,0.1160212779192951,54,0.34061896294730143,3.0126456200571785,3.6938835459517816,2.685651415627769,4.0208777503811906
2015,UCF,0.9323540749527119,0.08689529862363794,63,0.29478008518832804,0.637573989764384,1.22713416014104,0.354585107983589,1.510123041921835
2015,UCLA,6.01000762004482,0.12599052167590793,61,0.3549514356583277,5.655056184386492,6.364959055703148,5.3143028061544975,6.705712433935142
2015,UConn,2.9652952839113205,0.096347439900194,50,0.31039884004324825,2.654896443868072,3.275694123954569,2.356913557426554,3.573677010396087
2015,UL Monroe,3.005417441316213,0.11662818029500162,61,0.34150868260558415,2.6639087587106287,3.346926123921797,2.336060423409268,3.674774459223158
2015,UNLV,2.6042760341940783,0.09730395156068,55,0.3119358132063069,2.2923402209877715,2.916211847400385,1.9928818403097166,3.21567022807844
2015,USC,6.090699918680741,0.12296331647712605,66,0.3506612560251361,5.740038662655605,6.441361174705877,5.403403856871474,6.777995980490008
2015,UTEP,2.1701807273634914,0.08423281698625514,56,0.29022890446379584,1.8799518228996956,2.4604096318272872,1.6013320746144517,2.739029380112531
2015,UTSA,2.2488100124343693,0.09452701346743123,56,0.30745245724734616,1.941357555187023,2.5562624696817156,1.6462031962295707,2.851416828639168
2015,Utah,5.862719833579567,0.11652874502660511,53,0.34136306921898435,5.521356764360583,6.204082902798552,5.193648217910358,6.531791449248777
2015,Utah State,4.144688936396841,0.1029407860084095,57,0.32084386546793986,3.8238450709289014,4.465532801864781,3.515834960079679,4.773542912714003
2015,Vanderbilt,3.4304140278029536,0.08808727531259973,58,0.2967950055385025,3.133619022264451,3.727209033341456,2.8486958169474885,4.012132238658419
2015,Virginia,2.6615495558719715,0.09131026195136133,48,0.30217587916867444,2.359373676703297,2.963725435040646,2.0692848327013698,3.2538142790425733
2015,Virginia Tech,4.329958117934367,0.1047328658063822,54,0.3236245754054877,4.006333542528879,4.653582693339854,3.6956539501396106,4.964262285729123
2015,Wake Forest,3.3450605123732378,0.09500402127092332,53,0.3082272234422575,3.03683328893098,3.6532877358154954,2.7409351544264133,3.949185870320062
2015,Washington,5.1903295496475526,0.10939693609785485,61,0.3307520764830583,4.859577473164494,5.521081626130611,4.542055479740759,5.8386036195543465
2015,Washington State,5.150143576261958,0.1371669962954619,48,0.3703606300559792,4.779782946205978,5.520504206317938,4.424236741352239,5.876050411171677
2015,West Virginia,5.875659736556625,0.1293289590152534,59,0.35962335716031213,5.516036379396313,6.235283093716937,5.170797956522414,6.580521516590837
2015,Western Kentucky,5.738327665824681,0.11952885954683244,59,0.34572946005053207,5.392598205774148,6.084057125875213,5.060697924125638,6.415957407523724
2015,Western Michigan,4.593419510964255,0.09700364112557311,55,0.31145407546791404,4.281965435496341,4.904873586432169,3.982969523047143,5.2038694988813665
2015,Wisconsin,5.137945655520852,0.08144499714612514,54,0.2853856989166156,4.852559956604236,5.423331354437468,4.578589685644285,5.697301625397419
2015,Wyoming,2.5107039918124374,0.07935313992457295,55,0.28169689370771017,2.229007098104727,2.7924008855201476,1.9585780801453256,3.062829903479549
2016,Air Force,2.6575045297076736,0.08049631752406555,48,0.28371872959687655,2.373785800110797,2.94122325930455,2.1014158196977957,3.2135932397175515
2016,Akron,2.4915041826203366,0.10306739994581594,61,0.3210411187773553,2.1704630638429814,2.8125453013976918,1.8622635898167201,3.120744775423953
2016,Alabama,10.423623642872734,0.11162844966319624,64,0.33410843997599976,10.089515202896735,10.757732082848733,9.768771100519775,11.078476185225693
2016,App State,3.362526043990055,0.09500300662844288,56,0.30822557750524676,3.054300466484808,3.670751621495302,2.758403912079771,3.966648175900339
2016,Arizona,3.575138745423943,0.11712446915221597,65,0.342234523612414,3.2329042218115287,3.917373269036357,2.9043590791436116,4.245918411704275
2016,Arizona State,4.403772874221205,0.11787835727227915,59,0.34333417725632726,4.060438696964877,4.747107051477532,3.7308378867988035,5.076707861643606
2016,Arkansas,5.788039323801292,0.09826845748046056,61,0.31347800158936284,5.474561322211929,6.101517325390655,5.173622440686141,6.402456206916443
2016,Arkansas State,3.76232177381057,0.10991321309048287,64,0.33153161702993406,3.4307901567806356,4.093853390840504,3.112519804431899,4.412123743189241
2016,Army,2.1307178158033295,0.06070688352150936,73,0.24638766917504082,1.8843301466282887,2.37710548497837,1.6477979842202495,2.6136376473864096
2016,Auburn,6.391352365562983,0.09710907017802858,70,0.3116232824710448,6.079729083091938,6.702975648034028,5.7805707319197355,7.00213399920623
2016,BYU,-0.03381753016991643,0.000720536192370641,18,0.02684280522543501,-0.060660335395351435,-0.006974724944481418,-0.08642942841176904,0.018794368071936192
2016,Ball State,2.6692264912464725,0.11012057978832271,54,0.3318442101172216,2.337382281129251,3.001070701363694,2.0188118394167183,3.3196411430762267
2016,Baylor,5.547570901727312,0.13278617711537416,65,0.3643983769384465,5.183172524788866,5.911969278665758,4.833350082927956,6.261791720526667
2016,Boise State,4.609760917743501,0.11068085321753125,62,0.33268732049408084,4.27707359724942,4.942448238237582,3.957693769575103,5.261828065911899
2016,Boston College,3.8706935028664735,0.08753149359793866,59,0.29585721826235484,3.574836284604119,4.166550721128829,3.290813355072258,4.450573650660689
2016,Bowling Green,2.5072863430138206,0.10491903273110997,54,0.3239120756179213,2.1833742673958993,2.831198418631742,1.8724186748026947,3.1421540112249464
2016,Buffalo,2.222401620532299,0.09197225318523947,51,0.30326927504321877,1.9191323454890803,2.5256708955755176,1.6279938414475903,2.8168093996170076
2016,California,4.605468251456425,0.12972722491248598,63,0.360176657922867,4.245291593533557,4.965644909379292,3.8995220019276053,5.311414500985244
2016,Central Michigan,3.951730598361314,0.1042794884418016,56,0.32292334762572,3.6288072507355937,4.274653945987033,3.3188008370149027,4.584660359707725
2016,Charlotte,1.7750129803549182,0.1023184627715736,62,0.3198725727091549,1.4551404076457632,2.0948855530640733,1.1480627378449744,2.401963222864862
2016,Cincinnati,3.7820713609247587,0.10372084832563466,55,0.32205721281417476,3.460014148110584,4.104128573738933,3.150839223808976,4.413303498040541
2016,Clemson,9.69931357044956,0.1259403945491588,76,0.35488081738685007,9.34443275306271,10.054194387836409,9.003747168371333,10.394879972527786
2016,Colorado,7.240144904126164,0.1341402467772779,64,0.36625161675722046,6.873893287368944,7.606396520883385,6.522291735282012,7.957998072970316
2016,Colorado State,3.371926824517952,0.0956114975203339,61,0.3092110889349441,3.0627157355830077,3.681137913452896,2.7658730902054613,3.9779805588304424
2016,Duke,3.1893916200548533,0.09282394736075716,59,0.30467022723061926,2.884721392824234,3.4940618472854728,2.5922379746828397,3.786545265426867
2016,East Carolina,3.9855170446896975,0.10575013492668957,57,0.325192458286919,3.6603245864027785,4.310709502976616,3.348139826447336,4.622894262932059
2016,Eastern Michigan,3.622649240871845,0.1182278883565368,63,0.3438428250764247,3.2788064157954206,3.9664920659482696,2.9487173037220527,4.296581178021637
2016,Florida,5.317374608140667,0.09624668308491881,63,0.31023649541103127,5.007138112729636,5.627611103551698,4.7093110771350455,5.925438139146288
2016,Florida Atlantic,1.5783886228560509,0.09072775062595047,65,0.3012104756245215,1.2771781472315293,1.8795990984805724,0.9880160906319887,2.168761155080113
2016,Florida International,1.4648587407926978,0.09081635501989559,55,0.30135752026437895,1.1635012205283188,1.7662162610570769,0.8741980010745151,2.0555194805108807
2016,Florida State,5.751401689724111,0.09842237942770829,65,0.3137234123040681,5.437678277420043,6.065125102028179,5.1365038016081375,6.366299577840085
2016,Fresno State,1.2837414272413743,0.09572361087657662,54,0.309392325174004,0.9743491020673702,1.5931337524153784,0.6773324699003265,1.8901503845824221
2016,Georgia,5.504635549495868,0.09612659418254102,57,0.31004289087566744,5.1945926586202,5.8146784403715355,4.89695148337956,6.112319615612176
2016,Georgia Southern,2.2758019643026994,0.08344903827335767,61,0.288875471913691,1.9869264923890084,2.5646774362163907,1.709606039351865,2.841997889253534
2016,Georgia State,3.1882389332988286,0.10692566261052709,60,0.3269948969181738,2.8612440363806546,3.5152338302170025,2.547328935339208,3.829148931258449
2016,Georgia Tech,3.8319399601921096,0.08428141389534413,55,0.2903126140823787,3.5416273461097307,4.122252574274488,3.2629272365906474,4.400952683793571
2016,Hawai'i,1.9683881815084823,0.10888714283318526,57,0.3299805188691982,1.638407662639284,2.2983687003776803,1.3216263645248538,2.615149998492111
2016,Houston,4.65837615223429,0.11068430372581453,62,0.3326925062663939,4.325683645967896,4.991068658500684,4.006298839952158,5.310453464516422
2016,Idaho,3.179297088226454,0.11393311801283162,60,0.3375398021164787,2.8417572861099756,3.516836890342933,2.517719076078156,3.8408751003747525
2016,Illinois,3.731021766378303,0.0902482984814204,59,0.3004135457688624,3.430608220609441,4.031435312147166,3.142211216671333,4.319832316085273
2016,Indiana,5.0005776815518015,0.11721806448680618,60,0.34237123782059464,4.658206443731207,5.342948919372396,4.329530055423436,5.671625307680167
2016,Iowa,5.409812954200829,0.09606321671575489,60,0.3099406664440065,5.099872287756822,5.719753620644836,4.802329247970576,6.017296660431082
2016,Iowa State,3.637411978862098,0.11911799802674061,60,0.34513475343225086,3.2922772254298476,3.982546732294349,2.9609478621348866,4.313876095589309
2016,Kansas,3.659611972246817,0.11748614261282025,64,0.34276251634742716,3.3168494558993897,4.002374488594244,2.98779744020586,4.331426504287774
2016,Kansas State,5.676268420450032,0.11636064562543363,55,0.3411167624515594,5.335151657998473,6.017385182901592,5.007679566044976,6.344857274855089
2016,Kent State,3.4320588103734924,0.088314233125328,59,0.29717710733723757,3.134881703036255,3.7292359177107297,2.849591679992507,4.014525940754478
2016,Kentucky,3.8577670394426735,0.09116332063596029,63,0.30193264254790386,3.5558343968947694,4.159699681990578,3.2659790600487817,4.449555018836565
2016,LSU,6.3901115607157495,0.08244494861011883,61,0.28713228416553727,6.102979276550212,6.6772438448812865,5.827332283751296,6.9528908376802026
2016,Louisiana,2.637769078901549,0.1010905013983549,68,0.31794732488001043,2.3198217540215387,2.955716403781559,2.0145923221367283,3.2609458356663694
2016,Louisiana Tech,4.416361071445005,0.11742758865260765,65,0.3426770909363619,4.073683980508643,4.7590381623813665,3.7447139732097354,5.088008169680274
2016,Louisville,5.952461529735505,0.1046837224961044,61,0.3235486400776619,5.628912889657843,6.2760101698131665,5.318306195183288,6.586616864287722
2016,Marshall,1.6316442318868305,0.0977348623425953,65,0.3126257544454636,1.319018477441367,1.944269986332294,1.018897753173722,2.244390710599939
2016,Maryland,4.079120241319459,0.10242812011279326,69,0.320043934660217,3.7590763066592423,4.399164175979676,3.4518341293854338,4.7064063532534846
2016,Massachusetts,2.576211971736699,0.09123558090352925,62,0.3020522817386574,2.2741596899980414,2.8782642534753564,1.9841894995289304,3.1682344439444674
2016,Memphis,4.473303989114993,0.11877979566638029,65,0.3446444481873751,4.128659540927618,4.817948437302368,3.797800870667738,5.148807107562249
2016,Miami,5.773538638551811,0.10958157733510886,62,0.33103108212841414,5.442507556423397,6.1045697206802245,5.124717717580119,6.422359559523502
2016,Miami (OH),3.1531395954855124,0.09497585946885431,60,0.3081815365476237,2.8449580589378884,3.4613211320331363,2.54910378385217,3.757175407118855
2016,Michigan,7.228693372150612,0.09000424007273627,68,0.30000706670466326,6.928686305445949,7.528700438855275,6.6406795214094725,7.816707222891752
2016,Michigan State,4.187373220013871,0.08480167204581623,69,0.29120726647152234,3.896165953542349,4.478580486485393,3.6166069777296874,4.758139462298055
2016,Middle Tennessee,4.1161462063038785,0.11872515017925934,59,0.34456516100624474,3.771581045297634,4.4607113673101235,3.440798490731639,4.7914939218761186
2016,Minnesota,5.1820227419368186,0.1123167146553096,59,0.3351368595891977,4.846885882347621,5.517159601526016,4.525154497141991,5.838890986731646
2016,Mississippi State,5.063043748532646,0.10415782933485937,55,0.3227349211579983,4.740308827374648,5.3857786696906444,4.430483303062969,5.695604194002323
2016,Missouri,4.846445250031851,0.10173349537803647,65,0.31895688639381414,4.527488363638037,5.165402136425666,4.221289752699976,5.471600747363727
2016,NC State,5.584197143330584,0.10628485559126076,57,0.3260135819122583,5.258183561418326,5.910210725242843,4.945210522782558,6.223183763878611
2016,Navy,4.149062125682199,0.08625450006326146,74,0.2936911644283182,3.8553709612538807,4.442753290110517,3.573427443402695,4.724696807961703
2016,Nebraska,4.673905346102745,0.10424595127100428,57,0.3228714160017952,4.35103393010095,4.99677676210454,4.0410773707392265,5.306733321466264
2016,Nevada,1.7184597116385327,0.09248113755411747,52,0.3041071152638778,1.414352596374655,2.0225668269024104,1.1224097657213323,2.314509657555733
2016,New Mexico,1.7325248672434101,0.07730767151874764,56,0.2780425714144286,1.4544822958289816,2.010567438657839,1.1875614272711301,2.27748830721569
2016,New Mexico State,1.811034350028607,0.09719028638243633,63,0.3117535667517476,1.4992807832768595,2.1227879167803545,1.1999973591951818,2.4220713408620322
2016,North Carolina,5.449103190414091,0.10290424973155896,60,0.3207869226317665,5.128316267782324,5.769890113045857,4.820360822055829,6.077845558772353
2016,North Texas,1.4527555713236555,0.11075742285810485,57,0.33280237808360813,1.1199531932400473,1.7855579494072638,0.8004629102797836,2.1050482323675275
2016,Northern Illinois,3.8211277598448707,0.09956353586046739,62,0.31553690094894987,3.505590858895921,4.13666466079382,3.202675433984929,4.439580085704812
2016,Northwestern,6.123688593049397,0.1241130945551711,54,0.35229688411220883,5.771391708937188,6.475985477161606,5.433186700189467,6.814190485909326
2016,Notre Dame,3.730535768921827,0.08286798306553698,59,0.2878679959035686,3.4426677730182584,4.018403764825395,3.1663144969508323,4.294757040892821
2016,Ohio,4.92038726391649,0.11970623028468574,62,0.34598588162623883,4.574401382290252,5.266373145542729,4.242254935929062,5.598519591903918
2016,Ohio State,7.032895226611615,0.09938621173597961,63,0.31525578779140534,6.71763943882021,7.34815101440302,6.41499388254046,7.650796570682769
2016,Oklahoma,6.992490961016872,0.12482732585835356,64,0.353309108088588,6.639181852928284,7.345800069105461,6.30000510916324,7.684976812870505
2016,Oklahoma State,5.792353515520596,0.128058473148627,62,0.3578525857788749,5.434500929741722,6.150206101299471,5.090962447394001,6.493744583647191
2016,Old Dominion,3.103088537724241,0.09606890576680714,64,0.30994984395351316,2.793138693770728,3.4130383816777545,2.4955868435753557,3.7105902318731268
2016,Ole Miss,5.603001818457949,0.0932367908386466,74,0.30534700070353826,5.297654817754411,5.908348819161487,5.0045216970790145,6.201481939836884
2016,Oregon,5.256927736293829,0.12279336330517981,64,0.35041883982625677,4.906508896467572,5.607346576120086,4.570106810234366,5.943748662353292
2016,Oregon State,4.029451731852971,0.11608285969316597,55,0.34070934782181417,3.6887423840311566,4.370161079674785,3.361661410122215,4.697242053583727
2016,Penn State,6.178107886914242,0.12033555032419976,62,0.3468941485874326,5.8312137383268094,6.525002035501675,5.498195355682874,6.85802041814561
2016,Pittsburgh,5.218013567522776,0.10493710177299427,54,0.3239399663101086,4.894073601212668,5.541953533832885,4.583091233554963,5.852935901490589
2016,Purdue,3.338040860282886,0.10556909553616352,64,0.3249139817492678,3.0131268785336185,3.662954842032154,2.7012094560543214,3.974872264511451
2016,Rice,1.3530152814158067,0.0867295879844285,65,0.29449887603253855,1.0585164053832683,1.6475141574483452,0.7757974843920312,1.9302330784395823
2016,Rutgers,2.942030356392986,0.09197489571224506,55,0.3032736317457307,2.6387567246472554,3.245303988138717,2.347614038171354,3.536446674614618
2016,SMU,3.047867667395454,0.10649304246323579,62,0.3263327174269166,2.7215349499685377,3.3742003848223705,2.4082555412386975,3.687479793552211
2016,San Diego State,4.841935563515931,0.10559756860727743,57,0.32495779511696193,4.516977768398969,5.166893358632893,4.205018285086686,5.4788528419451765
2016,San José State,1.9430951095230655,0.08593050176188886,56,0.2931390485109223,1.6499560610121433,2.2362341580339877,1.368542574441658,2.517647644604473
2016,South Alabama,2.934057536905659,0.10160567586762828,61,0.3187564522760728,2.6153010846295865,3.252813989181732,2.3092948904445567,3.5588201833667616
2016,South Carolina,5.114103099481364,0.10395121926954619,55,0.3224146697492938,4.79168842973207,5.436517769230657,4.482170346772747,5.74603585218998
2016,South Florida,5.495904452679224,0.11271840818780861,64,0.33573562245881594,5.1601688302204085,5.83164007513804,4.837862632659945,6.153946272698503
2016,Southern Miss,3.324846641970416,0.09542642438195055,58,0.3089116773156213,3.015934964654795,3.633758319286037,2.719379754431798,3.930313529509034
2016,Stanford,6.657330929624857,0.10774427860750437,60,0.32824423621368337,6.329086693411174,6.98557516583854,6.013972226646038,7.300689632603676
2016,Syracuse,3.5924851702085316,0.10245565092258185,59,0.32008694275552985,3.2723982274530017,3.9125721129640616,2.9651147624076932,4.21985557800937
2016,TCU,4.840310003686221,0.13232479917337991,63,0.3637647580145442,4.4765452456716766,5.204074761700765,4.127331077977714,5.553288929394728
2016,Temple,4.107452612177376,0.09970423081580505,74,0.3157597675699123,3.7916928446074634,4.423212379747288,3.488563467740348,4.726341756614404
2016,Tennessee,5.005619320919569,0.10023055469207891,69,0.3165920951193806,4.689027225800189,5.32221141603895,4.385098814485583,5.626139827353556
2016,Texas,5.162549833716827,0.1195036791005965,58,0.3456930417300824,4.816856791986745,5.50824287544691,4.484991471925866,5.8401081955077885
2016,Texas A&M,5.670275440002342,0.11111671265372168,62,0.33334173554135355,5.336933704460988,6.003617175543696,5.01692563834129,6.323625241663395
2016,Texas State,1.7785525979943753,0.09843340712704424,65,0.3137409873240094,1.464811610670366,2.0922935853183846,1.1636202628393169,2.3934849331494337
2016,Texas Tech,4.375322693621792,0.13947550466495273,63,0.3734641946223931,4.001858498999399,4.748786888244185,3.6433328721619014,5.1073125150816825
2016,Toledo,5.505880049877582,0.1058962728471446,64,0.32541707522369595,5.180462974653887,5.831297125101278,4.868062582439139,6.143697517316026
2016,Troy,4.64003769995231,0.11754636032574144,66,0.3428503468362566,4.297187353116053,4.982888046788567,3.968051020153247,5.312024379751373
2016,Tulane,2.395536395917699,0.08381772220433202,58,0.28951290507390515,2.1060234908437936,2.6850493009916043,1.828091101972845,2.962981689862553
2016,Tulsa,4.886344259850827,0.11604170909367165,60,0.34064895287329394,4.545695306977533,5.226993212724121,4.218672312219171,5.5540162074824835
2016,UCF,4.271895503509911,0.10905791560399243,66,0.3302391793897151,3.9416563241201956,4.602134682899626,3.6246267119060693,4.919164295113752
2016,UCLA,5.144017496637862,0.13183481464833882,58,0.36309064246870754,4.780926854169155,5.5071081391065695,4.432359837399195,5.855675155876529
2016,UConn,2.939876504155867,0.098516377564503,50,0.3138731870748169,2.62600331708105,3.2537496912306842,2.3246850574892264,3.555067950822508
2016,UL Monroe,1.5596788304291533,0.09181284877558031,59,0.30300635104825824,1.256672479380895,1.8626851814774117,0.9657863823745672,2.1535712784837395
2016,UNLV,2.1001709332196605,0.0922355493005343,55,0.30370306106546624,1.7964678721541942,2.4038739942851266,1.5049129335313467,2.6954289329079746
2016,USC,6.428440692180851,0.11462157540147752,63,0.3385580827590408,6.08988260942181,6.766998774939891,5.764866849973131,7.0920145343885705
2016,UTEP,2.0654544309691714,0.08648319113738204,64,0.2940802460849454,1.771374184884226,2.359534677054117,1.4890571486426785,2.6418517132956643
2016,UTSA,2.250109676678633,0.09744189498261195,58,0.31215684356203366,1.9379528331165992,2.5622665202406667,1.6382822632970468,2.861937090060219
2016,Utah,5.702826660375061,0.12516647072992976,61,0.35378873742663114,5.34903792294843,6.056615397801693,5.009400735018864,6.396252585731259
2016,Utah State,2.2491093290764184,0.09765447630301256,60,0.31249716207193395,1.9366121670044845,2.5616064911483525,1.636614891415428,2.861603766737409
2016,Vanderbilt,4.182993367256956,0.10400086775463539,53,0.3224916553255842,3.860501711931372,4.5054850225825405,3.550909722818811,4.815077011695101
2016,Virginia,3.3617112171914463,0.09525074151240755,58,0.3086271885502111,3.0530840286412353,3.6703384057416573,2.7568019276330324,3.96662050674986
2016,Virginia Tech,6.564684961744227,0.11526236630738064,62,0.3395031167859592,6.225181844958268,6.904188078530186,5.899258852843747,7.230111070644707
2016,Wake Forest,4.223393248837392,0.09928350174489349,54,0.3150928462293194,3.9083004026080728,4.538486095066712,3.6058112702279264,4.840975227446858
2016,Washington,7.797505517039707,0.12476260692098322,66,0.35321750653242434,7.444288010507282,8.150723023572132,7.105199204236156,8.489811829843259
2016,Washington State,5.826387905392069,0.14459313228547324,52,0.38025403651437184,5.4461338688776975,6.206641941906441,5.0810899938239,6.571685816960239
2016,West Virginia,5.483043365028589,0.1399694049418281,51,0.3741248520772552,5.108918512951334,5.857168217105844,4.749758654957169,6.216328075100009
2016,Western Kentucky,6.346530140677249,0.11898424296800689,64,0.3449409267802342,6.001589213897015,6.691471067457483,5.67044592418799,7.022614357166508
2016,Western Michigan,5.179131651970724,0.10839009576930801,52,0.32922651134030506,4.849905140630418,5.508358163311029,4.533847689743726,5.824415614197721
2016,Wisconsin,6.988496174680091,0.10257044669888804,56,0.32026621223427243,6.668229962445819,7.308762386914363,6.360774398700917,7.616217950659266
2016,Wyoming,3.698143455034753,0.11395876708411695,47,0.3375777941217653,3.3605656609129877,4.035721249156518,3.0364909785560927,4.359795931513413
2017,Air Force,2.797272675598134,0.06643710261524326,73,0.25775395751616165,2.5395187180819723,3.0550266331142955,2.292074918866457,3.3024704323298106
2017,Akron,2.753114489161838,0.13110099129852254,62,0.3620787087064393,2.391035780455399,3.1151931978682774,2.0434402200972173,3.462788758226459
2017,Alabama,8.772253563231173,0.10656089179701914,69,0.3264366581697269,8.445816905061445,9.0986902214009,8.132437713218508,9.412069413243838
2017,App State,3.1182690032203935,0.09799989544667244,62,0.3130493498582491,2.8052196533621445,3.4313183530786424,2.504692277498225,3.7318457289425617
2017,Arizona,5.458716750126228,0.11884247318381093,68,0.34473536688859024,5.113981383237637,5.803452117014818,4.783035431024591,6.134398069227864
2017,Arizona State,7.053352877833587,0.12640277001338254,52,0.35553167230695853,6.697821205526629,7.408884550140546,6.356510800111948,7.7501949555552265
2017,Arkansas,4.476831476380543,0.09437751447892409,62,0.3072092356667099,4.169622240713833,4.784040712047252,3.8747013744737915,5.078961578287294
2017,Arkansas State,3.438508426289796,0.11540200728559494,63,0.33970870946385073,3.0987997168259453,3.7782171357536467,2.7726793557406486,4.1043374968389434
2017,Army,3.1099319542720787,0.05725351391537552,68,0.23927706516792518,2.8706548891041535,3.349209019440004,2.6409489065429455,3.578915002001212
2017,Auburn,7.600243997282266,0.1157372617222971,65,0.34020179558946645,7.2600422016928,7.940445792871733,6.9334484779269125,8.26703951663762
2017,BYU,-0.323040991138095,0.0006842479223133658,17,0.02615813300511651,-0.34919912414321147,-0.2968828581329785,-0.37431093182812336,-0.2717710504480666
2017,Ball State,0.9144848860824697,0.0925581352558899,61,0.3042336852748063,0.6102512008076634,1.2187185713572761,0.31818686294384935,1.51078290922109
2017,Baylor,3.8996978221439513,0.11714099296944726,67,0.3422586638340179,3.5574391583099336,4.241956485977969,3.228870841029276,4.5705248032586265
2017,Boise State,5.796889381989337,0.12783875499127992,58,0.3575454586360732,5.439343923353264,6.15443484062541,5.096100283062634,6.497678480916041
2017,Boston College,6.075053840501642,0.10323567518687923,53,0.32130308928934875,5.753750751212293,6.396356929790991,5.445299785494519,6.7048078955087655
2017,Bowling Green,1.5382178870349756,0.10833904933623717,58,0.32914897741940075,1.209068909615575,1.8673668644543764,0.8930858912929502,2.183349882777001
2017,Buffalo,2.9724957835409085,0.10459241545679569,58,0.3234075068034069,2.6490882767375017,3.2959032903443153,2.338617070206231,3.6063744968755858
2017,California,5.328117058572089,0.12690313580074514,59,0.3562346639516502,4.971882394620439,5.684351722523739,4.629897117226855,6.026336999917324
2017,Central Michigan,4.608466492570154,0.12026488339318965,58,0.346792277009148,4.261674215561007,4.955258769579302,3.928753629632224,5.288179355508085
2017,Charlotte,0.8556813415222703,0.09173675728706375,58,0.302880764141706,0.5528005773805642,1.1585621056639763,0.26203504380452647,1.449327639240014
2017,Cincinnati,2.385414406314796,0.10430463743063387,56,0.322962284842416,2.06245212147238,2.708376691157212,1.7524083280236606,3.0184204846059313
2017,Clemson,7.984397717651639,0.11271386995979601,72,0.3357288637573422,7.648668853894296,8.320126581408982,7.3263691446872485,8.64242629061603
2017,Coastal Carolina,1.041436179301365,0.09529831744477037,55,0.3087042556311305,0.7327319236702343,1.3501404349324955,0.4363758382643491,1.6464965203383808
2017,Colorado,4.644003694449524,0.12208692066957276,54,0.34940938835350827,4.294594306096016,4.993413082803032,3.9591612932766482,5.3288460956224
2017,Colorado State,5.298696630928971,0.11814570075957084,57,0.3437232909762893,4.954973339952682,5.64241992190526,4.624998980615444,5.972394281242498
2017,Duke,4.965769711554708,0.10173732894166904,63,0.3189628958698316,4.646806815684877,5.28473260742454,4.3406024356498385,5.590936987459578
2017,East Carolina,2.0406990420688333,0.11109294122703255,65,0.33330607739288604,1.7073929646759474,2.3740051194617195,1.3874191303787766,2.69397895375889
2017,Eastern Michigan,1.8582954088440051,0.10097257278678683,58,0.31776181769807843,1.5405335911459268,2.1760572265420834,1.2354822461557715,2.4811085715322387
2017,Florida,2.993490063358015,0.07263441344394919,56,0.2695077242751109,2.723982339082904,3.2629977876331258,2.4652549237787973,3.5217252029372323
2017,Florida Atlantic,4.88042278205222,0.11500114464722483,71,0.3391181868423232,4.541304595209897,5.219540968894543,4.215751135841266,5.545094428263173
2017,Florida International,2.0967152870835544,0.10703118494448827,58,0.32715620878181156,1.7695590783017427,2.4238714958653658,1.4554891178712037,2.7379414562959052
2017,Florida State,5.958563600224305,0.10314575115283627,70,0.32116312234258193,5.637400477881723,6.2797267225668865,5.329083880432844,6.588043320015766
2017,Fresno State,5.7477577225562175,0.1238025692272202,58,0.3518558926992984,5.3959018298569195,6.099613615255516,5.058120172865593,6.437395272246842
2017,Georgia,7.596585111470101,0.10864875711976826,71,0.3296191091544425,7.266966002315659,7.926204220624543,6.950531657527393,8.242638565412808
2017,Georgia Southern,1.0371100004256408,0.08216777415627656,56,0.28664921795859927,0.7504607824670415,1.3237592183842402,0.47527753322678623,1.5989424676244954
2017,Georgia State,2.141420297855886,0.11046633884733856,49,0.33236476775876617,1.8090555300971196,2.473785065614652,1.4899853530487042,2.7928552426630677
2017,Georgia Tech,3.6026636834922288,0.06909272239615882,50,0.26285494554251554,3.3398087379497134,3.865518629034744,3.087467990228898,4.117859376755559
2017,Hawai'i,2.0834938574478143,0.0998883017749935,57,0.31605110627079525,1.7674427511770192,2.3995449637186095,1.4640336891570556,2.702954025738573
2017,Houston,3.9309172955786362,0.10781730080401834,58,0.32835544887213053,3.6025618467065055,4.259272744450767,3.2873406157892604,4.5744939753680125
2017,Idaho,2.474129721959013,0.10199303848883816,49,0.31936348959898053,2.1547662323600325,2.7934932115579936,1.848177282345011,3.100082161573015
2017,Illinois,1.5520267453396397,0.08464656339835332,66,0.29094082456464115,1.2610859207749985,1.842967569904281,0.9817827291929431,2.1222707614863365
2017,Indiana,4.351533725730553,0.10973891056155796,65,0.3312686380591407,4.0202650876714126,4.682802363789693,3.702247195134637,5.0008202563264685
2017,Iowa,5.671095732124681,0.10691894879375097,57,0.3269846308219256,5.344111101302755,5.998080362946607,5.030205855713707,6.311985608535656
2017,Iowa State,6.289595229128553,0.12801313926534347,54,0.35778923861030737,5.931805990518246,6.64738446773886,5.588328321452351,6.990862136804755
2017,Kansas,3.738697334109874,0.11829437971444434,60,0.3439395000787847,3.3947578340310893,4.0826368341886585,3.0645759139554563,4.4128187542642925
2017,Kansas State,5.781655002135367,0.11441248351100285,59,0.3382491441393501,5.443405857996017,6.119904146274718,5.118686679622241,6.444623324648493
2017,Kent State,1.2609239597644333,0.0794652424218279,63,0.2818958006459619,0.9790281591184713,1.5428197604103953,0.7084081904983479,1.8134397290305186
2017,Kentucky,3.2668381556510906,0.10191539856577328,54,0.31924191229500753,2.947596243356083,3.586080067946098,2.6411240075528757,3.8925523037493055
2017,LSU,6.066575056957246,0.09067285045619772,58,0.30111932926366203,5.765455727693585,6.367694386220908,5.476381171600469,6.656768942314024
2017,Louisiana,2.2242046249565344,0.10126356028235613,71,0.31821935874857793,1.9059852662079564,2.5424239837051124,1.6004946818093218,2.847914568103747
2017,Louisiana Tech,2.7335150102741808,0.10493896624353692,63,0.3239428440999074,2.4095721661742733,3.0574578543740882,2.0985870358383623,3.3684429847099993
2017,Louisville,5.363078361729213,0.10739403969756761,64,0.3277102984307445,5.035368063298468,5.690788660159957,4.720766176804953,6.005390546653472
2017,Marshall,3.2813836554007545,0.11360588785925253,55,0.33705472531808917,2.944328930082665,3.618438380718844,2.6207563937772997,3.9420109170242092
2017,Maryland,3.6216011846892107,0.10419263509482977,60,0.32278883979287415,3.2988123448963367,3.9443900244820846,2.9889350586951773,4.254267310683244
2017,Massachusetts,2.9649719621175588,0.09571901206388368,54,0.30938489307638095,2.655587069041178,3.2743568551939397,2.358577571687852,3.5713663525472654
2017,Memphis,4.804945370478931,0.12443694970469658,62,0.35275621852023614,4.452189151958695,5.157701588999167,4.113543182179268,5.496347558778594
2017,Miami,6.171512109249336,0.115730414334711,58,0.34019173172596506,5.831320377523371,6.511703840975301,5.504736315066444,6.838287903432227
2017,Miami (OH),2.632923513837904,0.10006138507920082,59,0.31632480945888647,2.3165987043790177,2.9492483232967905,2.0129268872984865,3.252920140377322
2017,Michigan,6.110864153896548,0.09381424146551115,62,0.3062911057564538,5.804573048140094,6.417155259653002,5.5105335866138985,6.711194721179198
2017,Michigan State,5.82263811762928,0.10959302788817579,61,0.33104837696049166,5.491589740668789,6.153686494589771,5.1737832987867165,6.471492936471844
2017,Middle Tennessee,3.0704632515278263,0.11375296305537944,63,0.33727283177774553,2.733190419750081,3.4077360833055717,2.409408501243445,3.7315180018122076
2017,Minnesota,3.149339577324415,0.07922678711735437,53,0.28147253350434454,2.86786704382007,3.4308121108287595,2.5976534116559,3.70102574299293
2017,Mississippi State,5.339041829053412,0.08733148395820359,65,0.29551900777818607,5.043522821275226,5.634560836831597,4.759824573808167,5.918259084298656
2017,Missouri,5.939160431912616,0.11075563295632977,64,0.33279968893664813,5.606360742975968,6.271960120849264,5.2868730415967855,6.591447822228447
2017,NC State,6.819991153049652,0.11840401660034568,56,0.34409884713603106,6.475892305913621,7.164090000185683,6.145557412663031,7.494424893436273
2017,Navy,2.8448590464232493,0.06949605080604773,59,0.26362103634962014,2.581238010073629,3.1084800827728696,2.3281618151779937,3.361556277668505
2017,Nebraska,3.957835294523603,0.10442232394857197,54,0.32314443202470927,3.6346908624988936,4.2809797265483125,3.324472207755173,4.591198381292033
2017,Nevada,3.625297798718824,0.10751764088919667,66,0.32789882721534197,3.2973989715034824,3.953196625934166,2.982616097376754,4.267979500060894
2017,New Mexico,1.5669642579677647,0.08278260587207613,62,0.28771966542465627,1.2792445925431084,1.854683923392421,1.0030337137354386,2.130894802200091
2017,New Mexico State,3.5987207192102204,0.13667083816433107,49,0.36969019213975784,3.2290305270704627,3.968410911349978,2.874127942616295,4.323313495804146
2017,North Carolina,4.206645325768668,0.10216923153970668,62,0.31963922090335956,3.8870061048653084,4.526284546672027,3.5801524527980835,4.8331381987392525
2017,North Texas,3.8072568163277842,0.1375521268156353,56,0.3708802054783125,3.4363766108494715,4.178137021806097,3.0803316135902916,4.534182019065277
2017,Northern Illinois,4.021622543359586,0.11265198893874745,68,0.33563669188386935,3.6859858514757162,4.357259235243455,3.3637746272672016,4.679470459451969
2017,Northwestern,5.531480255383626,0.12080479689194691,64,0.3475698446239934,5.183910410759633,5.879050100007619,4.850243359920599,6.212717150846654
2017,Notre Dame,6.918334089158858,0.09873806314332954,63,0.31422613376886643,6.604107955389991,7.232560222927725,6.3024508669718795,7.534217311345836
2017,Ohio,3.496097620105294,0.10281558216330894,65,0.3206486896329204,3.1754489304723736,3.8167463097382144,2.86762618842477,4.124569051785818
2017,Ohio State,8.565691444629707,0.11455150040753857,69,0.3384545765793965,8.22723686805031,8.904146021209103,7.90232047453409,9.229062414725323
2017,Oklahoma,9.372465293221895,0.13850672407970033,57,0.3721649151649042,9.000300378056991,9.744630208386798,8.643022059498684,10.101908526945106
2017,Oklahoma State,6.8452155776871155,0.12971828843152333,70,0.36016425201777497,6.485051325669341,7.20537982970489,6.139293643732277,7.551137511641954
2017,Old Dominion,2.20565613601809,0.0939017877683211,65,0.30643398598771826,1.8992221500303716,2.5120901220058083,1.6050455234821621,2.806266748554018
2017,Ole Miss,5.349630801405812,0.10259521845924685,66,0.32030488360193143,5.029325917803881,5.669935685007744,4.721833229546027,5.977428373265598
2017,Oregon,6.857094156055954,0.10950559478090971,62,0.33091629573188097,6.526177860324073,7.188010451787835,6.208498216421467,7.505690095690441
2017,Oregon State,4.163485239691171,0.1062557442009641,57,0.32596893134310223,3.8375163083480683,4.489454171034273,3.52458613425869,4.8023843451236505
2017,Penn State,7.5636456315660245,0.11278938903481099,64,0.3358413152588749,7.227804316307149,7.8994869468249,6.90539665365863,8.22189460947342
2017,Pittsburgh,3.987553133861895,0.09824884381214245,57,0.31344671606533453,3.6741064177965606,4.30099984992723,3.3731975703738395,4.601908697349951
2017,Purdue,5.288381988686932,0.11833431311832843,57,0.34399754812836736,4.944384440558564,5.632379536815299,4.614146794355332,5.962617183018532
2017,Rice,1.2849657840845325,0.07371322601684392,58,0.2715017974468013,1.0134639866377313,1.5564675815313338,0.752822261088802,1.817109307080263
2017,Rutgers,3.255853526894765,0.09164718047848883,63,0.302732853318712,2.953120673576053,3.5585863802134767,2.6624971343900894,3.8492099193994402
2017,SMU,3.689488884181817,0.11502031017589286,62,0.339146443554835,3.350342440626982,4.028635327736652,3.0247618548143405,4.354215913549293
2017,San Diego State,3.461216290581803,0.08886377532053545,60,0.29810027729026933,3.1631160132915337,3.759316567872072,2.876939747092875,4.045492834070731
2017,San José State,2.7069617212677746,0.11996225678875806,66,0.34635567959650676,2.360606041671268,3.053317400864281,2.0281045892586214,3.3858188532769278
2017,South Alabama,1.7066664693234728,0.1071649830714234,64,0.32736063152343686,1.379305837800036,2.0340271008469095,1.0650396315375366,2.348293307109409
2017,South Carolina,5.5136085101336665,0.11083715276725958,53,0.3329221422003343,5.180686367933332,5.846530652334001,4.8610811114210115,6.1661359088463215
2017,South Florida,4.525166574360626,0.11071746604777459,61,0.3327423418318964,4.1924242325287295,4.857908916192523,3.8729915843701095,5.177341564351143
2017,Southern Miss,3.286749956677917,0.10378832855731615,62,0.32216196013389936,2.9645879965440174,3.6089119168118162,2.655312514815474,3.9181873985403595
2017,Stanford,7.57672827461144,0.1307994106868095,61,0.36166201167223727,7.215066262939203,7.938390286283678,6.867870731733856,8.285585817489025
2017,Syracuse,5.0334475342313345,0.10909483817561667,59,0.330295077431706,4.703152456799629,5.3637426116630404,4.3860691824651905,5.6808258859974785
2017,TCU,7.462065693228402,0.1354746228793084,62,0.3680687746594492,7.093996918568952,7.830134467887851,6.740650894895881,8.183480491560923
2017,Temple,2.7922242835653273,0.1116032358457674,57,0.3340707048601649,2.4581535787051623,3.1262949884254922,2.137445702039404,3.4470028650912505
2017,Tennessee,2.70790113534432,0.08690844429328641,65,0.2948023817632524,2.4130987535810675,3.002703517107572,2.130088467088345,3.2857138036002946
2017,Texas,5.900932725131159,0.1357067173049889,58,0.36838392650194296,5.5325487986292154,6.269316651633102,5.1789002291873505,6.622965221074967
2017,Texas A&M,5.791733213920934,0.10954813549264598,66,0.3309805666389584,5.460752647281976,6.122713780559892,5.143011303308576,6.440455124533292
2017,Texas State,1.2756928265267662,0.09462969792835213,63,0.30761940434301627,0.9680734221837499,1.5833122308697825,0.6727587940144543,1.8786268590390782
2017,Texas Tech,6.5889721936934595,0.14982325928254345,59,0.3870700960840858,6.2019020976093735,6.976042289777546,5.830314805368651,7.347629582018268
2017,Toledo,3.906492761446219,0.11843357965152743,70,0.3441418016625232,3.562350959783696,4.2506345631087425,3.2319748301876734,4.581010692704765
2017,Troy,4.310290758042045,0.11217792899236617,69,0.33492973739631743,3.9753610206457277,4.6452204954383625,3.6538284727452632,4.966753043338827
2017,Tulane,2.0700189325109424,0.09191420147170042,59,0.30317355008592095,1.7668453824250214,2.3731924825968633,1.4757987743425374,2.6642390906793474
2017,Tulsa,2.128296605589967,0.0884542019870814,49,0.29741251148376624,1.8308840941062006,2.4257091170737333,1.5453680830817849,2.7112251280981488
2017,UAB,2.578556743078332,0.1013458990492707,57,0.3183487066869767,2.2602080363913553,2.896905449765309,1.9545932779718578,3.202520208184806
2017,UCF,4.763170560062712,0.11980214760124083,62,0.3461244683654145,4.417046091697298,5.109295028428127,4.0847666020665,5.441574518058925
2017,UCLA,6.668289899432521,0.1296055500263359,64,0.3600077082873864,6.3082821911451346,7.0282976077199075,5.962674791189244,7.373905007675798
2017,UConn,2.4889056718341713,0.12222880171653451,55,0.34961235921593864,2.1392933126182325,2.83851803105011,1.8036654477709315,3.174145895897411
2017,UL Monroe,1.8413926964079208,0.10070715896297015,66,0.3173439127554996,1.5240487836524212,2.1587366091634204,1.2193986274071416,2.4633867654087
2017,UNLV,2.3134096779479045,0.1003129988498342,53,0.31672227400332015,1.9966874039445843,2.6301319519512245,1.692634020901397,2.934185334994412
2017,USC,7.170218858991571,0.14286289078857367,60,0.37797207673130256,6.792246782260269,7.548190935722874,6.429393588598218,7.9110441293849245
2017,UTEP,1.1006522478141596,0.08663883058734265,71,0.29434474785078574,0.8063074999633739,1.3949969956649453,0.5237365420266196,1.6775679536016996
2017,UTSA,1.6767850197203662,0.07333818552524353,57,0.270810238959393,1.4059747807609733,1.9475952586797591,1.145996951359956,2.2075730880807765
2017,Utah,5.995989864143803,0.11861659161754155,57,0.3444075951798124,5.651582268963991,6.340397459323616,5.320950977591371,6.671028750696236
2017,Utah State,3.693436358700925,0.1204769005764009,69,0.34709782565784086,3.346338533043084,4.040534184358766,3.013124620411557,4.373748096990293
2017,Vanderbilt,3.70481966873838,0.09824601562823489,60,0.3134422046059447,3.391377464132435,4.018261873344325,3.0904729477107282,4.319166389766031
2017,Virginia,4.4307000146253825,0.10979473211952329,58,0.33135288156212445,4.099347133063258,4.762052896187507,3.7812483667636188,5.080151662487147
2017,Virginia Tech,5.397235427905605,0.1021725363416659,61,0.3196443904429826,5.077591037462623,5.716879818348588,4.7707324226373595,6.023738433173851
2017,Wake Forest,7.024185067047513,0.12673671555207108,57,0.35600100498744536,6.668184062060068,7.380186072034959,6.32642309727212,7.721947036822907
2017,Washington,7.607035297641095,0.10836215428770675,70,0.32918407356326757,7.2778512240778275,7.936219371204362,6.96183451345709,8.2522360818251
2017,Washington State,6.760865749431617,0.1430811766670987,57,0.378260725779321,6.382605023652296,7.139126475210938,6.019474726904148,7.502256771959086
2017,West Virginia,6.8550370086487975,0.14197634059809602,59,0.3767974795537996,6.4782395290949975,7.2318344882025976,6.11651394872335,7.593560068574245
2017,Western Kentucky,2.9446980989627356,0.11517486844029037,59,0.33937423066622247,2.605323868296513,3.284072329628958,2.2795246068569397,3.6098715910685315
2017,Western Michigan,2.842161099099922,0.09258972009852061,63,0.30428558969908615,2.537875509400836,3.146446688799008,2.245761343289713,3.438560854910131
2017,Wisconsin,6.931481641459354,0.10198853703246932,61,0.31935644197740765,6.612125199481946,7.250838083436761,6.305543015183635,7.557420267735073
2017,Wyoming,3.937714991944946,0.10221190897289065,53,0.3197059726887983,3.6180090192561476,4.257420964633744,3.3110912854749013,4.564338698414991
2018,Air Force,2.652777539760435,0.06641861801002312,65,0.25771809794817113,2.395059441812264,2.910495637708606,2.1476500677820196,3.1579050117388503
2018,Akron,2.7118020814776105,0.09372588545819646,66,0.30614683643342855,2.4056552450441817,3.0179489179110393,2.1117542820680906,3.3118498808871304
2018,Alabama,10.274443114460427,0.11228003313178368,62,0.33508212893525624,9.93936098552517,10.609525243395684,9.617682141747325,10.931204087173528
2018,App State,4.0214444873246205,0.09359743859497878,74,0.30593698467981734,3.7155075026448032,4.327381472004438,3.4218079973521784,4.621080977297062
2018,Arizona,4.042289125205717,0.11664291339523998,63,0.34153025253297836,3.700758872672739,4.383819377738695,3.3728898302410797,4.711688420170355
2018,Arizona State,4.63333088761156,0.11438321798161656,58,0.3382058810571108,4.295125006554449,4.971536768668671,3.970447360739623,5.296214414483497
2018,Arkansas,4.111674083547886,0.07930331176038147,68,0.2816084369481523,3.8300656465997336,4.393282520496038,3.559721547129507,4.663626619966264
2018,Arkansas State,4.928400963932551,0.10590559371772058,62,0.3254313963306561,4.602969567601894,5.253832360263207,4.290555427124465,5.566246500740636
2018,Army,4.0638375958061514,0.06124761730752369,60,0.24748255960273988,3.8163550362034115,4.311320155408891,3.5787717789847813,4.548903412627522
2018,Auburn,6.722408537269229,0.09650175642153579,81,0.3106473183878074,6.411761218881422,7.033055855657036,6.113539793229126,7.331277281309331
2018,BYU,0.10393037305943356,0.0005699924096664263,21,0.023874513810053313,0.08005585924938025,0.12780488686948688,0.05713632599172907,0.15072442012713805
2018,Ball State,2.844380372613673,0.108826831271419,69,0.32988911966207524,2.514491252951598,3.174269492275748,2.1977976980760054,3.4909630471513404
2018,Baylor,4.818898482178868,0.11577386437853202,65,0.3402555868439665,4.478642895334902,5.159154069022835,4.151997531964694,5.485799432393042
2018,Boise State,3.9760437000112363,0.10596728697741321,62,0.32552616942023754,3.650517530590999,4.301569869431474,3.338012407947571,4.614074992074902
2018,Boston College,5.149300729153692,0.09624088198625023,66,0.31022714579199906,4.839073583361693,5.4595278749456915,4.541255523401374,5.75734593490601
2018,Bowling Green,0.9773860867706826,0.08620913253389276,56,0.293613917473087,0.6837721692975955,1.2710000042437697,0.4019028085234321,1.552869365017933
2018,Buffalo,4.432318933208134,0.10719126327637606,75,0.327400768594663,4.104918164613471,4.759719701802798,3.7906134267625946,5.074024439653674
2018,California,5.4828346948011175,0.11153429809476034,68,0.33396751053771734,5.1488671842634,5.816802205338835,4.828258374147191,6.137411015455044
2018,Central Michigan,2.194560664686238,0.08664707642089789,68,0.2943587546190836,1.9002019100671546,2.4889194193053217,1.6176175056328344,2.771503823739642
2018,Charlotte,2.800656574093438,0.07798272247574566,61,0.2792538674320298,2.521402706661408,3.079910441525468,2.25331899392666,3.3479941542602165
2018,Cincinnati,4.824668972358331,0.09347491678596767,68,0.305736678836491,4.518932293521839,5.130405651194822,4.225425081838808,5.423912862877853
2018,Clemson,8.57869086938017,0.11481069673844778,77,0.3388372717669173,8.239853597613251,8.917528141147088,7.9145698167170115,9.242811922043327
2018,Coastal Carolina,2.2476026222528787,0.0742885043449783,61,0.27255917585907524,1.9750434463938034,2.5201617981119537,1.7133866375690912,2.781818606936666
2018,Colorado,4.77504320652737,0.11999622634735214,63,0.3464047146725231,4.428638491854846,5.121447921199893,4.096089965769225,5.4539964472855145
2018,Colorado State,1.8532799052004318,0.0974455081879553,62,0.31216263099217256,1.5411172742082593,2.1654425361926046,1.2414411484557735,2.46511866194509
2018,Duke,5.096922746023358,0.09802173362531677,74,0.31308422768532557,4.783838518338032,5.4100069737086836,4.48327765976012,5.710567832286596
2018,East Carolina,3.4363676668665692,0.10995259693640203,65,0.3315910085276771,3.104776658338892,3.7679586753942464,2.786449290152322,4.086286043580817
2018,Eastern Michigan,3.1516450932682716,0.09940137504641257,65,0.31527983609233967,2.836365257175932,3.4669249293606113,2.533696614527286,3.7695935720092573
2018,Florida,6.205960360671258,0.08711695052882462,77,0.29515580720837026,5.910804553462888,6.501116167879629,5.627454978542852,6.784465742799664
2018,Florida Atlantic,3.7073459031918374,0.08983212428325502,68,0.29972007654352256,3.407625826648315,4.00706597973536,3.1198945531665334,4.2947972532171415
2018,Florida International,3.3433247274032167,0.09425325985332689,62,0.30700693779347543,3.0363177896097415,3.650331665196692,2.741591129328005,3.9450583254784286
2018,Florida State,3.998119049193648,0.10809627613938212,55,0.3287799813543734,3.6693390678392745,4.326899030548021,3.353710285739076,4.64252781264822
2018,Fresno State,5.4083222848799055,0.11503683302037519,65,0.33917080213422734,5.069151482745678,5.747493087014133,4.74354751269682,6.073097057062991
2018,Georgia,7.337283369306059,0.09189964823662444,80,0.3031495476437734,7.0341338216622855,7.640432916949832,6.743110255924263,7.931456482687855
2018,Georgia Southern,3.5211018120906528,0.08021733600389166,62,0.283226651295198,3.237875160795455,3.8043284633858505,2.9659775755520648,4.076226048629241
2018,Georgia State,2.1046793306961984,0.07983291784307446,63,0.2825471957798811,1.8221321349163173,2.3872265264760797,1.5508868269676315,2.6584718344247653
2018,Georgia Tech,3.491952477851937,0.06969269262289855,67,0.263993735953902,3.227958741898035,3.755946213805839,2.974524755382289,4.009380200321585
2018,Hawai'i,3.015096762025716,0.113312959525975,62,0.33661990363906735,2.6784768583866487,3.3517166656647834,2.355321750893144,3.674871773158288
2018,Houston,4.587040846036512,0.12136546784327401,70,0.3483754696348094,4.238665376401703,4.935416315671321,3.9042249255522856,5.269856766520738
2018,Illinois,2.962892684415341,0.08937890078745121,66,0.2989630425110288,2.6639296419043124,3.2618557269263695,2.3769251210937243,3.5488602477369575
2018,Indiana,3.586247805567661,0.10107300407316881,64,0.3179198076137579,3.2683279979539033,3.904167613181419,2.963124982644696,4.2093706284906265
2018,Iowa,5.9835597392009845,0.09949083030494273,57,0.31542167063304755,5.668138068567937,6.298981409834032,5.365333264760212,6.601786213641757
2018,Iowa State,5.888098304092738,0.11537764206259593,54,0.3396728456362032,5.548425458456535,6.227771149728941,5.222339526645779,6.553857081539697
2018,Kansas,3.2722596837755917,0.10434056761487721,62,0.32301790602825287,2.9492417777473388,3.5952775898038447,2.639144587960216,3.9053747795909675
2018,Kansas State,3.8609379444872682,0.10115750922947572,56,0.3180526831037206,3.5428852613835478,4.178990627590989,3.2375546856039756,4.484321203370561
2018,Kent State,3.0175761730183472,0.10396995548434522,57,0.3224437245231255,2.695132448495222,3.3400198975414725,2.385586472953021,3.6495658730836733
2018,Kentucky,5.428747232414339,0.08725644325177892,60,0.2953920162289071,5.133355216185432,5.724139248643246,4.849778880605681,6.007715584222996
2018,LSU,6.342811438332935,0.10268546963705265,60,0.3204457358696674,6.022365702463267,6.663257174202602,5.714737796028387,6.9708850806374825
2018,Liberty,-0.4789989322414735,0.0006794566904740153,20,0.02606639005451302,-0.5050653222959866,-0.4529325421869605,-0.530089056748319,-0.42790880773462797
2018,Louisiana,4.52272211074066,0.1110789491592447,67,0.33328508691395825,4.189437023826702,4.856007197654618,3.869483340389302,5.175960881092018
2018,Louisiana Tech,3.509182858488741,0.10051232168420278,65,0.3170367828568205,3.1921460756319204,3.8262196413455616,2.887790764089373,4.130574952888109
2018,Louisville,2.051488783527879,0.08363704566889942,64,0.2892007013630835,1.7622880821647955,2.3406894848909623,1.4846554088562354,2.618322158199523
2018,Marshall,4.129957870122102,0.10634377984144051,54,0.32610394024212663,3.803853929879975,4.456061810364228,3.4907941472475335,4.76912159299667
2018,Maryland,2.6683991965148355,0.08006124795735083,68,0.2829509638742212,2.385448232640614,2.951350160389057,2.113815307321362,3.222983085708309
2018,Massachusetts,2.5649361472912346,0.0786163774850478,61,0.2803861221334747,2.2845500251577597,2.8453222694247096,2.015379347909624,3.1144929466728453
2018,Memphis,5.68546557087506,0.12026513683602831,67,0.34679264241910945,5.33867292845595,6.03225821329417,5.0057519917336055,6.365179150016514
2018,Miami,4.741144473874681,0.08627338039727629,65,0.29372330584629525,4.447421168028386,5.034867779720976,4.165446794415942,5.31684215333342
2018,Miami (OH),3.2632701910436706,0.09319126263177464,61,0.3052724400134651,2.9579977510302053,3.5685426310571358,2.664936208617279,3.861604173470062
2018,Michigan,5.999868280383739,0.08781234687105419,65,0.29633148140394094,5.703536798979798,6.29619976178768,5.419058576832015,6.5806779839354625
2018,Michigan State,4.844217356318922,0.11202985082037473,62,0.33470860583554574,4.509508750483377,5.178925962154468,4.188188488881253,5.500246223756592
2018,Middle Tennessee,3.9424234432877827,0.11539194355116467,70,0.3396938968412071,3.6027295464465756,4.282117340128989,3.276623405479017,4.608223481096549
2018,Minnesota,4.176593553139878,0.09305279106496427,56,0.30504555572072223,3.8715479974191562,4.481639108860601,3.578704263927263,4.774482842352494
2018,Mississippi State,6.496196973651017,0.08393493287509106,71,0.28971526172276646,6.206481711928251,6.785912235373783,5.928355060674395,7.064038886627639
2018,Missouri,5.991894557307545,0.10471230041450919,69,0.3235928003131547,5.66830175699439,6.3154873576207,5.357652668693762,6.626136445921328
2018,NC State,5.356232514808213,0.10967420355722243,61,0.33117095820319514,5.025061556605018,5.6874034730114085,4.707137436729951,6.005327592886475
2018,Navy,2.4543850379640113,0.06814804164420601,70,0.2610517987760399,2.1933332391879716,2.715436836740051,1.9427235123629731,2.9660465635650493
2018,Nebraska,4.436645730765754,0.10151571361109628,70,0.3186153066177083,4.118030424148046,4.7552610373834625,3.812159729795046,5.061131731736462
2018,Nevada,3.612141510095702,0.11048395865983063,64,0.33239127344115194,3.27975023665455,3.9445327835368538,2.960654614151044,4.263628406040359
2018,New Mexico,1.4327196332308718,0.08978282949011984,68,0.2996378305390023,1.1330818026918696,1.732357463769874,0.8454294853744273,2.0200097810873165
2018,New Mexico State,-0.8111246326102232,0.0005518572044397417,14,0.023491641161054323,-0.8346162737712775,-0.7876329914491689,-0.8571682492858896,-0.7650810159345567
2018,North Carolina,4.347257145078116,0.08601607380480586,68,0.2932849703015923,4.053972174776524,4.6405421153797075,3.7724186032869946,4.922095686869237
2018,North Texas,5.111714932276476,0.11819231691983659,62,0.3437910948815233,4.767923837394952,5.455506027157999,4.43788438630869,5.785545478244261
2018,Northern Illinois,4.438279137206744,0.11639667183093014,53,0.34116956463162146,4.097109572575123,4.779448701838366,3.7695867905287663,5.106971483884722
2018,Northwestern,5.275755415039525,0.12363621673340484,61,0.351619420301844,4.92413599473768,5.627374835341369,4.5865813512479106,5.964929478831139
2018,Notre Dame,6.04698198512053,0.09672773675064071,59,0.31101083060022316,5.735971154520307,6.357992815720753,5.4374007571440925,6.656563213096967
2018,Ohio,3.911872961175865,0.09290299507151538,67,0.3047999262984087,3.6070730348774562,4.216672887474274,3.314465105630984,4.509280816720746
2018,Ohio State,7.254662853436877,0.12599688463627445,66,0.3549603986873387,6.899702454749539,7.609623252124216,6.558940472009693,7.950385234864061
2018,Oklahoma,7.917772960439046,0.13309036338532132,65,0.3648155196607202,7.552957440778326,8.282588480099767,7.202734541904034,8.632811378974058
2018,Oklahoma State,5.5457648126864125,0.13131033247471102,60,0.36236767581382173,5.183397136872591,5.908132488500234,4.835524168091322,6.256005457281503
2018,Old Dominion,2.9506309894545826,0.10015391514288645,76,0.31647103365535123,2.6341599557992312,3.267102023109934,2.330347763490094,3.570914215419071
2018,Ole Miss,6.047219055493174,0.09427347462121174,70,0.3070398583591579,5.740179197134016,6.354258913852331,5.445420933109224,6.649017177877123
2018,Oregon,5.965305080074408,0.12062553893218277,64,0.34731187559912596,5.617993204475282,6.312616955673534,5.2845738039001215,6.646036356248695
2018,Oregon State,3.5962016055856405,0.11586410647173559,67,0.3403881702875933,3.2558134352980472,3.9365897758732338,2.929040791821958,4.263362419349323
2018,Penn State,5.381537816988726,0.10235768669650404,70,0.3199338786319824,5.061603938356744,5.701471695620708,4.7544674148700405,6.008608219107412
2018,Pittsburgh,5.0265929879106155,0.09720549955832661,59,0.31177796515842265,4.714815022752193,5.338370953069038,4.415508176200107,5.637677799621124
2018,Purdue,5.377024996365341,0.117164848377942,53,0.34229351203016106,5.03473148433518,5.719318508395502,4.706129712786225,6.0479202799444565
2018,Rice,1.689716670839659,0.09131305794337112,60,0.30218050556475534,1.3875361652749036,1.9918971764044142,1.0974428799327385,2.281990461746579
2018,Rutgers,2.8865433906484177,0.09570399900789499,56,0.3093606293759679,2.5771827612724496,3.195904020024386,2.2801965570715206,3.492890224225315
2018,SMU,3.640298782477013,0.10148983041843154,69,0.31857468577781184,3.321724096699201,3.958873468254825,3.0158923983525017,4.264705166601524
2018,San Diego State,3.006583732790781,0.09952991166390858,53,0.31548361552370446,2.6911001172670765,3.3220673483144854,2.3882358463643203,3.6249316192172416
2018,San José State,2.7831600593142087,0.1069025154845831,67,0.3269595012911891,2.4562005580230197,3.1101195606053977,2.1423194367834784,3.424000681844939
2018,South Alabama,2.402326320115307,0.08464612149527925,68,0.29094006512558435,2.1113862549897227,2.6932663852408916,1.8320837924691618,2.9725688477614525
2018,South Carolina,5.2626652310740925,0.10133741356323767,69,0.31833537906308446,4.944329852011008,5.581000610137177,4.638727888110447,5.886602574037738
2018,South Florida,3.828882045088477,0.10372669328949856,59,0.3220662871048421,3.506815757983635,4.15094833219332,3.1976321223629864,4.460131967813967
2018,Southern Miss,3.024602870216044,0.08358145017962307,64,0.2891045661687533,2.7354983040472907,3.313707436384797,2.4579579205252875,3.5912478199068003
2018,Stanford,6.1575476658552,0.12145561576752775,67,0.34850482890130485,5.809042836953895,6.5060524947565055,5.474478201208643,6.840617130501758
2018,Syracuse,5.111936840717267,0.11328106282633682,58,0.3365725223875782,4.775364318329689,5.448509363104845,4.452254696837614,5.771618984596921
2018,TCU,4.9933150881473605,0.11617193715640688,66,0.3408400462921088,4.652475041855252,5.334155134439469,4.325268597414827,5.661361578879894
2018,Temple,3.966465496002939,0.10613079625610998,64,0.3257772187494239,3.640688277253515,4.292242714752363,3.3279421472540682,4.60498884475181
2018,Tennessee,4.295518587695272,0.07733733826152923,64,0.2780959155786529,4.01742267211662,4.573614503273925,3.750450593161113,4.840586582229432
2018,Texas,6.294055683355714,0.14178736326846042,52,0.3765466282792351,5.917509055076479,6.6706023116349495,5.556024291928414,7.032087074783015
2018,Texas A&M,6.226431331543298,0.10048286361589824,53,0.3169903210129581,5.90944101053034,6.5434216525562565,5.6051303023579,6.847732360728696
2018,Texas State,3.645280442359065,0.09536749396436736,65,0.30881627865831063,3.3364641637007546,3.9540967210173754,3.040000536188776,4.250560348529354
2018,Texas Tech,5.42562635088634,0.13084062276773237,62,0.3617189831453865,5.063907367740954,5.787345334031726,4.716657143921382,6.134595557851298
2018,Toledo,3.9446789853747153,0.1018699910414387,73,0.3191707866353666,3.6255081987393485,4.263849772010082,3.319104243569397,4.570253727180034
2018,Troy,4.2217923959323205,0.09858360988454366,69,0.3139802698969215,3.907812126035399,4.535772665829242,3.6063910669343544,4.8371937249302865
2018,Tulane,3.740389996817832,0.09957302080707071,56,0.31555193044421503,3.4248380663736167,4.0559419272620465,3.1219082131471705,4.358871780488493
2018,Tulsa,2.3106214796002833,0.08669432524954712,59,0.29443900089754943,2.016182478702734,2.6050604804978326,1.7335210378410864,2.8877219213594802
2018,UAB,4.214979657462421,0.09866039833123605,68,0.3141025283744721,3.9008771290879487,4.529082185836893,3.5993387018484557,4.830620613076387
2018,UCF,5.728824907723282,0.1118002108707514,61,0.3343653852759753,5.394459522447306,6.063190292999257,5.07346875258237,6.384181062864194
2018,UCLA,4.546906145409265,0.11348575369099169,60,0.33687646651404973,4.210029678895215,4.883782611923315,3.8866282710417277,5.207184019776802
2018,UConn,1.7452891277011358,0.08673825707227423,63,0.2945135940364625,1.4507755336646733,2.0398027217375985,1.1680424833896694,2.322535772012602
2018,UL Monroe,3.3042539882489765,0.0916308303553598,68,0.3027058479041325,3.001548140344844,3.6069598361531092,2.7109505263568767,3.8975574501410764
2018,UNLV,1.400922664697623,0.08719599170983847,62,0.2952896742350441,1.1056329904625788,1.696212338932667,0.8221549031969365,1.9796904261983093
2018,USC,4.094041588276245,0.10727825309235899,56,0.3275335907847606,3.766507997491485,4.421575179061006,3.4520757503381145,4.736007426214376
2018,UTEP,1.0584877150311498,0.08634913822010741,61,0.2938522387529273,0.7646354762782225,1.3523399537840772,0.4825373270754123,1.6344381029868873
2018,UTSA,1.5118002197334115,0.08022057128698956,61,0.28323236271123675,1.2285678570221747,1.7950325824446483,0.9566647888193874,2.0669356506474355
2018,Utah,6.9092208571984015,0.13129904315656674,59,0.3623520983195305,6.546868758878871,7.271572955517932,6.199010744492122,7.619430969904681
2018,Utah State,4.832141826317319,0.1143607060483614,80,0.33817259801521676,4.4939692283021015,5.170314424332536,4.169323534207494,5.4949601184271435
2018,Vanderbilt,4.754293617189115,0.09961461631836047,67,0.3156178327001826,4.438675784488932,5.069911449889297,4.135682665096756,5.372904569281473
2018,Virginia,4.15291635239007,0.08887058198533734,50,0.29811169380844044,3.85480465858163,4.451028046198511,3.568617432525527,4.7372152722546135
2018,Virginia Tech,3.4064658444013936,0.09992700148552962,61,0.31611232415951396,3.0903535202418797,3.7225781685609074,2.7868856890487463,4.026045999754041
2018,Wake Forest,5.228323855099593,0.11903655724406,62,0.34501674922249786,4.883307105877096,5.573340604322091,4.552091026623498,5.904556683575689
2018,Washington,8.184560889458636,0.12955072750186775,63,0.35993155946911315,7.824629329989523,8.544492448927748,7.479095032899174,8.890026746018098
2018,Washington State,6.378988322464204,0.13755367925098172,56,0.37088229837912423,6.00810602408508,6.749870620843328,5.652059017641121,7.105917627287288
2018,West Virginia,5.518407274647139,0.11677671228657677,61,0.34172607785560755,5.176681196791531,5.860133352502746,4.848624162050148,6.18819038724413
2018,Western Kentucky,2.870121834157316,0.10056749210756295,56,0.31712378041951217,2.5529980537378036,3.187245614576828,2.248559224535072,3.4916844437795596
2018,Western Michigan,3.4554505777490823,0.09211115048741254,63,0.30349818860647676,3.1519523891426053,3.758948766355559,2.860594128080388,4.050307027417777
2018,Wisconsin,5.075083775789289,0.08660098072181553,63,0.2942804457007219,4.780803330088567,5.369364221490011,4.4982941022158744,5.651873449362704
2018,Wyoming,2.8810314633611305,0.09036876419205243,57,0.3006139787036731,2.5804174846574575,3.1816454420648035,2.291828065101931,3.47023486162033
2019,Air Force,5.325997780772432,0.07786141679031353,74,0.2790365868310346,5.046961193941397,5.605034367603467,4.779086070583604,5.872909490961259
2019,Akron,0.04112996556618813,0.09351229595221074,65,0.30579780239925,-0.26466783683306183,0.3469277679654381,-0.5582337271363419,0.6404936582687181
2019,Alabama,8.600083889366834,0.104543962683053,65,0.3233325883406326,8.276751301026202,8.923416477707466,7.9663520162191945,9.233815762514475
2019,App State,5.242164215944197,0.1252329310583741,66,0.35388265153631665,4.88828156440788,5.5960468674805135,4.548554218933016,5.935774212955377
2019,Arizona,4.284077454260909,0.1194096639407438,65,0.34555703428051326,3.9385204199803954,4.629634488541422,3.6067856670711027,4.961369241450715
2019,Arizona State,4.230968464509918,0.12482925350490384,57,0.3533118360668148,3.8776566284431038,4.584280300576733,3.5384772658189614,4.923459663200875
2019,Arkansas,3.806315753994356,0.09279024902142945,65,0.3046149192364508,3.501700834757905,4.110930673230807,3.2092705122909124,4.403360995697799
2019,Arkansas State,3.1788481145603145,0.12457162263400724,56,0.3529470535845387,2.8259010609757755,3.5317951681448534,2.4870718895346187,3.8706243395860103
2019,Army,3.8760635066317652,0.0677738833034,73,0.2603341762108848,3.6157293304208804,4.13639768284265,3.365808521258431,4.386318492005099
2019,Auburn,6.334417016994249,0.1038751626920113,72,0.3222966997845484,6.012120317209701,6.656713716778797,5.702715485416534,6.966118548571964
2019,BYU,-0.33752375143533947,0.0005187446769234323,18,0.022775967090848902,-0.36029971852618836,-0.3147477843444906,-0.3821646469334033,-0.29288285593727564
2019,Ball State,3.330969016123109,0.10507888891875906,58,0.3241587403090638,3.006810275814045,3.655127756432173,2.6956178851173442,3.966320147128874
2019,Baylor,6.865480355778706,0.15131584146413177,73,0.38899336943466245,6.476486986344043,7.254473725213368,6.103053351686768,7.627907359870644
2019,Boise State,5.6943851979449995,0.1254238525104776,59,0.354152301292082,5.340232896652918,6.0485374992370815,5.000246687412519,6.38852370847748
2019,Boston College,5.181486648760157,0.10398250788199853,69,0.3224631884138072,4.85902346034635,5.503949837173964,4.549458799469095,5.8135144980512194
2019,Bowling Green,1.7154496483123096,0.08645118351690968,58,0.29402582117376985,1.4214238271385398,2.0094754694860795,1.1391590388117208,2.2917402578128985
2019,Buffalo,3.792328088934136,0.08933000942056045,66,0.2988812630804421,3.493446825853694,4.0912093520145785,3.2065208132964695,4.378135364571802
2019,California,4.846064434696079,0.11775515494797632,60,0.34315470993121505,4.502909724764864,5.189219144627295,4.173481203230898,5.518647666161261
2019,Central Michigan,4.09322564489836,0.11979085820704109,62,0.3461081596943954,3.7471174852039644,4.4393338045927555,3.414853651897345,4.771597637899375
2019,Charlotte,3.260304601848189,0.08996272044243941,62,0.2999378609686337,2.9603667408795555,3.5602424628168228,2.6724263943496673,3.848182809346711
2019,Cincinnati,5.0470217720745065,0.12119955497527983,64,0.34813726455994315,4.698884507514563,5.39515903663445,4.364672733537018,5.729370810611995
2019,Clemson,7.9060719544289695,0.11673034480804155,81,0.3416582280701601,7.56441372635881,8.24773018249913,7.236421827411456,8.575722081446484
2019,Coastal Carolina,2.017093077601258,0.09146722074363994,64,0.3024354819521677,1.7146575956490901,2.3195285595534254,1.4243195329750091,2.6098666222275066
2019,Colorado,3.543965942949375,0.11367305746375565,55,0.33715435258017307,3.206811590369202,3.881120295529548,2.883143411892236,4.204788474006515
2019,Colorado State,3.177580902554185,0.09885287370075564,60,0.31440876848579724,2.863172134068388,3.491989671039982,2.5613397163220224,3.7938220887863476
2019,Duke,3.3750373468810637,0.09844003417119801,62,0.31375154847617565,3.0612857984048882,3.688788895357239,2.7600843118677596,3.989990381894368
2019,East Carolina,2.778383728754113,0.10284217984793971,56,0.3206901617573257,2.457693566996787,3.0990738905114386,2.1498310117097548,3.406936445798471
2019,Eastern Michigan,2.99934606663024,0.10833601502953806,61,0.3291443680659568,2.6702016985642834,3.3284904346961968,2.3542231052209646,3.6444690280395156
2019,Florida,5.950637134027377,0.09900831712599324,63,0.31465587095427483,5.635981263073102,6.265293004981652,5.333911626956999,6.5673626410977555
2019,Florida Atlantic,5.532963516435942,0.12337715250007864,73,0.3512508398567591,5.181712676579183,5.8842143562927,4.844511870316694,6.221415162555189
2019,Florida International,2.8001374103701315,0.10596738477662603,60,0.32552631963733136,2.4746110907328003,3.125663730007463,2.162105823880962,3.438168996859301
2019,Florida State,4.319580702083487,0.11430317024913905,67,0.33808751862371234,3.9814931834597744,4.657668220707199,3.6569291655810106,4.982232238585963
2019,Fresno State,2.8610052572730753,0.1024048670069378,58,0.32000760460798083,2.5409976526650944,3.1810128618810563,2.233790352241433,3.4882201623047178
2019,Georgia,7.572259976818084,0.10795141755499522,74,0.3285596103525131,7.243700366465571,7.900819587170597,6.928283140527158,8.21623681310901
2019,Georgia Southern,3.141025393128655,0.0855326453025239,63,0.2924596473062975,2.8485657458223574,3.4334850404349524,2.567804484408312,3.714246301848998
2019,Georgia State,3.3975507690039195,0.11059623495047292,65,0.33256012230944487,3.0649906466944747,3.7301108913133643,2.7457329292774073,4.049368608730432
2019,Georgia Tech,2.2367327037385865,0.08725750458158885,65,0.2953938127002474,1.9413388910383391,2.532126516438834,1.6577608308461016,2.815704576631071
2019,Hawai'i,4.555595669333539,0.15355694363952807,71,0.3918634247279632,4.163732244605576,4.947459094061502,3.787543356866731,5.323647981800347
2019,Houston,3.5137836394842976,0.08879309398253495,68,0.29798170075112823,3.2158019387331693,3.811765340235426,2.929739506012086,4.097827772956509
2019,Illinois,3.227280408524018,0.10349170872092787,67,0.3217012724888229,2.905579136035195,3.548981681012841,2.596745914445925,3.857814902602111
2019,Indiana,5.623522718933805,0.11199396141647164,66,0.33465498863228027,5.288867730301525,5.958177707566086,4.967598941214536,6.279446496653074
2019,Iowa,5.899638176615475,0.10358913517842312,60,0.3218526606669939,5.577785515948481,6.221490837282468,5.268806961708167,6.530469391522782
2019,Iowa State,6.4321887704741565,0.1350837600677204,60,0.3675374267577663,6.06465134371639,6.799726197231923,5.711815414028934,7.152562126919379
2019,Kansas,3.4428658369509,0.12233411347595503,62,0.34976293896860344,3.0931028979822965,3.7926287759195034,2.757330476572437,4.128401197329363
2019,Kansas State,5.069328530789475,0.10464677918127539,72,0.323491544219127,4.745836986570348,5.392820075008602,4.435285104119986,5.703371957458964
2019,Kent State,2.7926672270272324,0.10954000330023059,59,0.3309682814111204,2.461698945616112,3.123635508438353,2.1439693954614363,3.4413650585930284
2019,Kentucky,4.446689693367908,0.08044005961828676,71,0.2836195684685504,4.163070124899358,4.730309261836458,3.890795339169549,5.002584047566267
2019,LSU,10.283846181702645,0.13009094801762347,68,0.36068122770338834,9.923164953999256,10.644527409406033,9.576910975404003,10.990781388001286
2019,Liberty,-1.08340873329615,0.0005669248664221025,20,0.023810184090470667,-1.1072189173866207,-1.0595985492056792,-1.1300766941134726,-1.0367407724788273
2019,Louisiana,4.343650627943291,0.11884046404391173,77,0.34473245284410303,3.9989181750991882,4.6883830807873945,3.6679750203688495,5.019326235517733
2019,Louisiana Tech,3.905559821779403,0.11153022169204328,62,0.33396140748901404,3.571598414290389,4.2395212292684175,3.2509954631009355,4.560124180457871
2019,Louisville,3.6249380586764803,0.09630564016053274,60,0.3103315004322519,3.3146065582442286,3.935269559108732,3.0166883178292667,4.233187799523694
2019,Marshall,3.574201748432018,0.10395344178915442,65,0.3224181164096621,3.251783632022356,3.8966198648416803,2.9422622402690806,4.206141256594956
2019,Maryland,3.526065398517245,0.10006187016898122,79,0.3163255762169433,3.2097398223003015,3.8423909747341884,2.906067269132036,4.146063527902454
2019,Massachusetts,-0.2472152337570333,0.08141897332473055,68,0.2853401011507681,-0.5325553349078014,0.038124867393734774,-0.8064818320125386,0.3120513644984721
2019,Memphis,6.506113078943274,0.11941500070296247,66,0.3455647561644018,6.160548322778872,6.851677835107676,5.828806156861047,7.183420001025501
2019,Miami,3.870428849995942,0.10833857296145845,58,0.32914825377245804,3.541280596223484,4.1995771037684,3.225298272601924,4.5155594273899595
2019,Miami (OH),3.7435069957919134,0.10894080483500683,80,0.33006181971716575,3.4134451760747475,4.073568815509079,3.0965858291462687,4.3904281624375585
2019,Michigan,6.152473184677997,0.10559710677457597,59,0.32495708451205674,5.827516100165941,6.477430269190053,5.5155572990343655,6.789389070321628
2019,Michigan State,5.290005205656892,0.10827462380847816,64,0.32905109604509475,4.960954109611798,5.6190563017019866,4.645065057408506,5.934945353905278
2019,Middle Tennessee,2.306599703781002,0.09746689816106915,67,0.31219689005669027,1.994402813724312,2.6187965938376925,1.6946937992698894,2.918505608292115
2019,Minnesota,5.255295456279995,0.09603396836437599,51,0.30989347906075076,4.945401977219245,5.565188935340746,4.647904237320924,5.8626866752390665
2019,Mississippi State,4.88989115862318,0.09003373110961864,64,0.30005621324948206,4.589834945373698,5.189947371872662,4.301780980654195,5.478001336592165
2019,Missouri,4.5681418137884,0.09369571821426352,66,0.30609756322823534,4.262044250560165,4.874239377016635,3.9681905898610585,5.1680930377157415
2019,NC State,3.4148791972375268,0.10615430727745295,66,0.3258133012592533,3.0890658959782735,3.74069249849678,2.77628512676939,4.053473267705663
2019,Navy,5.3077246878906195,0.07432965135600508,70,0.27263464812089655,5.035090039769723,5.580359336011516,4.773360777573663,5.842088598207576
2019,Nebraska,3.6130732741893286,0.09486341074112192,67,0.30799904340942674,3.3050742307799017,3.9210723175987554,3.0093951491068522,4.216751399271805
2019,Nevada,2.686061198572742,0.10756391386734387,67,0.32796937946604693,2.358091819106695,3.014030578038789,2.04324121481929,3.3288811823261937
2019,New Mexico,2.2373897373188374,0.09152359436387346,69,0.30252866701169573,1.9348610703071416,2.539918404330533,1.6444335499759137,2.830345924661761
2019,New Mexico State,-0.4857859335931521,0.00046668009566447853,15,0.02160277981335917,-0.5073887134065113,-0.4641831537797929,-0.5281273820273361,-0.4434444851589681
2019,North Carolina,5.166741491584155,0.11362770596815962,62,0.337087089589856,4.829654401994299,5.503828581174011,4.506050795988037,5.827432187180272
2019,North Texas,2.931907659231668,0.10099332661857613,62,0.3177944722907812,2.614113186940887,3.2497021315224495,2.309030493541737,3.554784824921599
2019,Northern Illinois,1.926238567301246,0.09060556521029868,63,0.3010075833102859,1.6252309839909602,2.227246150611532,1.3362637040130858,2.5162134305894064
2019,Northwestern,3.5204728011434185,0.09047678622843948,66,0.30079359406150835,3.21967920708191,3.821266395204927,2.930917356782862,4.110028245503975
2019,Notre Dame,6.849939171462354,0.0944737523770651,72,0.3073658282520441,6.54257334321031,7.157304999714397,6.247502148088347,7.4523761948363605
2019,Ohio,2.5900632357618396,0.10008282418778638,70,0.3163586954515181,2.2737045403103213,2.906421931213358,1.970000192676864,3.2101262788468152
2019,Ohio State,8.721421406753441,0.10988550017065994,78,0.3314898191055948,8.389931587647846,9.052911225859036,8.071701361306475,9.371141452200407
2019,Oklahoma,7.61490440283081,0.13303799047888976,67,0.3647437326108425,7.250160670219968,7.979648135441652,6.900006686913558,8.329802118748061
2019,Oklahoma State,6.057255993544368,0.1294879768432566,63,0.35984437864618174,5.697411614898186,6.41710037219055,5.351961011397852,6.762550975690885
2019,Old Dominion,2.163382555533754,0.0883708265430965,61,0.2972723104210961,1.8661102451126579,2.46065486595485,1.5807288271084057,2.7460362839591026
2019,Ole Miss,4.877212477844397,0.09643966038069489,63,0.31054735609999146,4.566665121744405,5.187759833944389,4.268539659888414,5.48588529580038
2019,Oregon,7.262241865160861,0.1365451412685002,67,0.36952015001688365,6.892721715143977,7.6317620151777446,6.537982371127769,7.986501359193952
2019,Oregon State,5.209300385199717,0.12480077500761971,59,0.3532715315555723,4.856028853644145,5.56257191675529,4.516888183350796,5.901712587048639
2019,Penn State,6.929813761217635,0.10837814906575227,70,0.3292083672474809,6.600605393970154,7.259022128465116,6.2845653614125725,7.575062161022697
2019,Pittsburgh,5.255795283710254,0.12225783006204727,54,0.34965387179616253,4.906141411914092,5.605449155506417,4.570473694989776,5.941116872430733
2019,Purdue,4.280549706789666,0.11241854240530748,57,0.33528874482348414,3.9452609619661816,4.61583845161315,3.623383766935637,4.937715646643695
2019,Rice,2.1468966742163498,0.08527642207872982,62,0.29202126990808364,1.8548754043082663,2.4389179441244333,1.5745349851965058,2.719258363236194
2019,Rutgers,2.3258108834418265,0.08917187395694473,67,0.29861660027022063,2.027194283171606,2.624427483712047,1.740522346912194,2.911099419971459
2019,SMU,5.933699758051664,0.12467349750503882,71,0.3530913444210136,5.58060841363065,6.2867911024726775,5.241640722986477,6.625758793116851
2019,San Diego State,4.480844156234303,0.10907641864168811,53,0.3302671928025672,4.150576963431736,4.81111134903687,3.833520458341271,5.128167854127335
2019,San José State,3.012000129856893,0.1193811804968213,52,0.3455158180124628,2.66648431184443,3.3575159478693557,2.3347891265524656,3.68921113316132
2019,South Alabama,2.3235474409932677,0.09680483248994887,66,0.3111347497306414,2.012412691262626,2.6346821907239093,1.7137233315212104,2.933371550465325
2019,South Carolina,5.538856727954027,0.10479037642808235,65,0.3237134171270668,5.21514331082696,5.862570145081094,4.904378430384976,6.173335025523078
2019,South Florida,3.1249586179878985,0.09242210150006278,71,0.30401003519631187,2.8209485827915866,3.4289686531842105,2.529098949003127,3.72081828697267
2019,Southern Miss,3.569000417452555,0.10316926097293494,61,0.32119972131515767,3.2478006961373973,3.890200138767713,2.939448963674846,4.198551871230264
2019,Stanford,4.972388180761348,0.11521053751856987,66,0.3394267778454874,4.632961402915861,5.311814958606835,4.307111696184192,5.637664665338503
2019,Syracuse,3.1409546811109794,0.10818521239767875,59,0.32891520548262704,2.812039475628352,3.4698698865936066,2.4962808783650305,3.7856284838569283
2019,TCU,4.830501670359456,0.11315250233009058,60,0.33638148333416124,4.4941201870252945,5.166883153693617,4.1711939630245,5.489809377694412
2019,Temple,4.97301950230586,0.11772040699479766,69,0.3431040760393232,4.629915426266536,5.3161235783451835,4.300535513268787,5.645503491342933
2019,Tennessee,5.620700334010178,0.09436808577972958,66,0.3071938895546745,5.313506444455504,5.927894223564852,5.018600310483016,6.22280035753734
2019,Texas,6.01726107489087,0.14023317428792406,61,0.3744772012925808,5.642783873598289,6.3917382761834505,5.283285760357412,6.751236389424328
2019,Texas A&M,6.050373873741974,0.10188813100072137,72,0.3191992026943698,5.731174671047604,6.369573076436344,5.42474343646101,6.676004311022939
2019,Texas State,2.765755640619272,0.10704655871020592,57,0.3271797040010366,2.438575936618235,3.0929353446203085,2.1244834207772403,3.4070278604613033
2019,Texas Tech,4.942116948768279,0.13992328935174142,56,0.3740632157159287,4.56805373305235,5.316180164484207,4.208953045965059,5.6752808515714985
2019,Toledo,2.4658525302336884,0.09678102517021103,65,0.31109648852118377,2.1547560417125045,2.7769490187548724,1.8561034127321683,3.0756016477352084
2019,Troy,2.6964926740292583,0.1100185989057488,65,0.3316905167558289,2.3648021572734295,3.028183190785087,2.0463792611878335,3.346606086870683
2019,Tulane,4.643812531555382,0.1026680949343359,70,0.32041862451227127,4.323393907043111,4.964231156067654,4.015792027511331,5.271833035599434
2019,Tulsa,3.613560915820844,0.10711713371956406,55,0.3272875398171523,3.2862733760036917,3.9408484556379966,2.9720773377792256,4.255044493862463
2019,UAB,4.199477679692078,0.10525649760086965,64,0.32443257789696406,3.8750451017951137,4.5239102575890415,3.5635898270140283,4.835365532370127
2019,UCF,6.435751873019363,0.11404690156712904,73,0.3377083084070172,6.098043564612346,6.773460181426381,5.7738435885416095,7.097660157497117
2019,UCLA,4.486161125102062,0.11781202376760533,58,0.3432375617085131,4.142923563393549,4.829398686810575,3.8134155041533764,5.158906746050748
2019,UConn,2.066641105267128,0.09500592244928814,55,0.3082303074801181,1.75841079778701,2.3748714127472463,1.4625097026060967,2.6707725079281595
2019,UL Monroe,3.4355021504380754,0.10314841097271486,63,0.32116726323321754,3.114334887204858,3.756669413671293,2.806014314500969,4.064989986375181
2019,UNLV,1.450273066311047,0.09801477852864592,63,0.3130731200991965,1.1371999462118505,1.7633461864102435,0.8366497509166219,2.0638963817054723
2019,USC,5.453624707000044,0.12750235277636826,61,0.3570747159578346,5.09654999104221,5.810699422957878,4.753758263722688,6.1534911502774
2019,UTEP,1.1188812776483381,0.08620625128803616,57,0.29360901091083047,0.8252722667375076,1.4124902885591686,0.5434076162631104,1.6943549390335657
2019,UTSA,2.5131452093762974,0.0884859072773654,64,0.2974658085853993,2.215679400790898,2.8106110179616968,1.9301122245489148,3.09617819420368
2019,Utah,5.668028472762582,0.1138836702922169,63,0.3374665469231238,5.330561925839458,6.005495019685705,5.006594040793259,6.329462904731904
2019,Utah State,4.2572251369376675,0.11771788591463431,62,0.3431004020904585,3.914124734847209,4.600325539028126,3.584748348840369,4.929701925034966
2019,Vanderbilt,2.5959597160694057,0.08670937017070424,63,0.29446454824087775,2.301495167828528,2.8904242643102833,2.018809201517285,3.173110230621526
2019,Virginia,4.586002568512123,0.12132866356539102,56,0.3483226429122732,4.23767992559985,4.9343252114243965,3.9032901884040676,5.268714948620179
2019,Virginia Tech,4.721199512122591,0.10513125437141449,58,0.3242395015592864,4.396960010563305,5.045439013681877,4.085690089066389,5.356708935178792
2019,Wake Forest,5.450410726765133,0.11653043596623144,66,0.34136554595657637,5.109045180808557,5.79177627272171,4.7813342566902435,6.119487196840023
2019,Washington,6.7760209918028185,0.1325436239700955,60,0.36406541166402434,6.411955580138794,7.140086403466843,6.062452784941331,7.489589198664306
2019,Washington State,5.69714065971896,0.1391215454152774,57,0.3729900071252277,5.324150652593733,6.070130666844188,4.966080245753514,6.428201073684407
2019,West Virginia,4.371998609293088,0.12405066840691423,67,0.3522082741886031,4.019790335104484,4.724206883481691,3.6816703918834257,5.0623268267027495
2019,Western Kentucky,4.981107291941589,0.10394480914884784,59,0.3224047287941786,4.65870256314741,5.303512020735767,4.349194023504999,5.613020560378179
2019,Western Michigan,3.4317705248826265,0.11077452236631315,60,0.3328280672754525,3.098942457607174,3.764598592158079,2.7794275130227395,4.084113536742513
2019,Wisconsin,6.872436632535134,0.10266756297414477,64,0.320417794409338,6.552018838125796,7.192854426944472,6.244417755492831,7.500455509577437
2019,Wyoming,3.9146793006117235,0.09886439118437935,58,0.31442708405030784,3.6002522165614157,4.229106384662032,3.29840221587312,4.5309563853503265
2021,Air Force,4.890860109191472,0.07863411558788101,75,0.28041775191289336,4.610442357278578,5.1712778611043655,4.3412413154422005,5.440478902940743
2021,Akron,0.8719964862265082,0.10075593359010276,64,0.3174207516689839,0.5545757345575242,1.1894172378954921,0.24985181295529968,1.4941411594977168
2021,Alabama,8.835451425878858,0.13540702445676156,64,0.36797693468037035,8.467474491198487,9.20342836055923,8.114216633905333,9.556686217852384
2021,App State,4.221891103421599,0.1332420236546185,64,0.3650233193299005,3.856867784091698,4.586914422751499,3.5064453975349936,4.937336809308204
2021,Arizona,3.1918151108558237,0.13096069353875672,58,0.36188491753423035,2.8299301933215935,3.553700028390054,2.4825206724887323,3.901109549222915
2021,Arizona State,5.108183010653006,0.13491513541920105,64,0.367307957195595,4.740875053457411,5.475490967848601,4.38825941454964,5.828106606756372
2021,Arkansas,5.914291424083995,0.104082773475364,68,0.3226186192323128,5.591672804851682,6.236910043316308,5.281958930388662,6.546623917779328
2021,Arkansas State,2.112260970899572,0.127490312532108,69,0.357057856001108,1.755203114898464,2.46931882690068,1.4124275731374003,2.8120943686617434
2021,Army,4.359921790874088,0.06783631319103685,79,0.2604540519766142,4.099467738897474,4.620375842850702,3.849431848999924,4.870411732748252
2021,Auburn,6.393140113127414,0.11652865488551951,65,0.3413629371878551,6.051777175939558,6.734503050315269,5.724068756239218,7.06221147001561
2021,BYU,0.02141047975699909,0.0008165624173920155,15,0.028575556291908222,-0.00716507653490913,0.04998603604890731,-0.03459761057514102,0.0774185700891392
2021,Ball State,2.4220685331030882,0.12393737179277606,60,0.35204739992332856,2.0700211331797598,2.7741159330264167,1.7320556292533642,3.1120814369528125
2021,Baylor,6.433407060803207,0.1435006579086444,62,0.37881480687618907,6.054592253927018,6.812221867679396,5.690930039325877,7.175884082280537
2021,Boise State,4.528007473764544,0.11427018810636247,57,0.3380387375824884,4.189968736182055,4.866046211347032,3.8654515481028664,5.190563399426221
2021,Boston College,4.513267046175814,0.09880983088337979,60,0.3143403106242974,4.198926735551517,4.827607356800112,3.897160037352191,5.129374054999437
2021,Bowling Green,1.99384682537202,0.11648105177823066,59,0.34129320499862087,1.6525536203733993,2.335140030370641,1.324912143574723,2.662781507169317
2021,Buffalo,2.755774464365918,0.11127762620639631,63,0.33358301246675665,2.4221914518991614,3.0893574768326744,2.101951759931075,3.4095971688007607
2021,California,4.8086240773264555,0.1367357644401145,63,0.3697779934502789,4.438846083876177,5.178402070776734,4.083859210163909,5.533388944489002
2021,Central Michigan,4.450889651969536,0.11942398682347441,56,0.345577757998796,4.1053118939707405,4.796467409968332,3.773557246291896,5.128222057647176
2021,Charlotte,0.960854695461149,0.1081096648326879,59,0.3288003418986785,0.6320543535624705,1.2896550373598274,0.31640602533973916,1.6053033655825588
2021,Cincinnati,7.389605790411526,0.13424378881283747,64,0.3663929431810027,7.023212847230523,7.755998733592529,6.671475621776761,8.107735959046291
2021,Clemson,6.2162767446183675,0.11380369405788852,84,0.33734803105678346,5.878928713561584,6.553624775675151,5.555074603747072,6.877478885489663
2021,Coastal Carolina,3.8775695093159523,0.10303161825970036,69,0.3209853863647072,3.556584122951245,4.19855489568066,3.2484381520411265,4.506700866590778
2021,Colorado,3.4191065867826795,0.11647405295588747,67,0.3412829514580057,3.0778236353246737,3.7603895382406853,2.7501920019249884,4.088021171640371
2021,Colorado State,4.242688550428267,0.11808977039539742,54,0.3436419217665351,3.899046628661732,4.586330472194802,3.569150383765858,4.916226717090676
2021,Duke,2.7981248436220976,0.11896350413393172,71,0.34491086404161253,2.453213979580485,3.14303570766371,2.122099550100537,3.474150137143658
2021,East Carolina,3.4929083232452776,0.11939601614043652,55,0.3455372861797067,3.1473710370655708,3.8384456094249844,2.8156552423330523,4.170161404157502
2021,Eastern Michigan,2.3461046333732973,0.11418475339063174,72,0.3379123457209454,2.008192287652352,2.6840169790942427,1.6837964357602444,3.0084128309863503
2021,Florida,5.210604112383464,0.11123202781823971,64,0.33351465907548905,4.877089453307975,5.544118771458954,4.556915380595505,5.864292844171423
2021,Florida Atlantic,2.09988117738511,0.111006566788749,70,0.3331764799453122,1.7667046974397977,2.4330576573304223,1.4468552766922982,2.752907078077922
2021,Florida International,0.7040981437415406,0.10363370911509144,74,0.3219218990921423,0.38217624464939826,1.0260200428336828,0.07313122152094165,1.3350650659621395
2021,Florida State,5.540763248721715,0.11316276850514503,69,0.3363967427088809,5.204366506012835,5.877159991430596,4.8814256330123085,6.200100864431122
2021,Fresno State,4.542383872244677,0.1343171075175514,70,0.3664929842678457,4.1758908879768315,4.908876856512523,3.8240576230796997,5.260710121409655
2021,Georgia,8.725530026648078,0.1094525168567195,80,0.33083608759734706,8.39469393905073,9.056366114245426,8.077091294957278,9.37396875833888
2021,Georgia Southern,1.466443014234511,0.10159289612974227,69,0.31873640540381054,1.1477066088307004,1.7851794196383217,0.8417196596430424,2.09116636882598
2021,Georgia State,3.4502025912588614,0.1176267831927479,66,0.34296761245451135,3.10723497880435,3.7931702037133728,2.7779860708480193,4.1224191116697035
2021,Georgia Tech,3.49198199112087,0.10888090849443051,65,0.32997107220850513,3.162010918912365,3.821953063329375,2.8452386895921995,4.13872529264954
2021,Hawai'i,4.719079698385391,0.16701704489225735,55,0.4086771891019333,4.310402509283458,5.127756887487324,3.9180724077456017,5.52008698902518
2021,Houston,6.052417817291766,0.12412072428448517,65,0.35230771249645554,5.700110104795311,6.404725529788221,5.361894700798713,6.742940933784819
2021,Illinois,3.8287944925341315,0.10927512049895548,60,0.33056787578189667,3.498226616752235,4.159362368316028,3.180881456001614,4.476707529066649
2021,Indiana,3.9430755424159165,0.10867267160332304,64,0.3296553830947146,3.613420159321202,4.272730925510631,3.296950991550276,4.589200093281557
2021,Iowa,5.435368154274341,0.12587760124516878,57,0.35479233538109134,5.08057581889325,5.790160489655433,4.739975176927402,6.130761131621281
2021,Iowa State,6.598860275854355,0.12693049385474653,65,0.3562730608041345,6.24258721505022,6.9551333366584895,5.900565076678251,7.297155475030459
2021,Kansas,2.8913583458791265,0.11962530522143001,60,0.3458689133493064,2.5454894325298203,3.237227259228433,2.213455275714486,3.569261416043767
2021,Kansas State,5.196002215519543,0.11733672708315936,65,0.34254448920273023,4.853457726316813,5.538546704722273,4.5246150166821915,5.867389414356894
2021,Kent State,3.787794672562911,0.14185345321223755,62,0.3766343760362795,3.4111602965266314,4.164429048599191,3.0495912955318034,4.525998049594019
2021,Kentucky,5.429294183122966,0.1019195879872429,63,0.31924847374301246,5.110045709379953,5.748542656865979,4.803567174586662,6.055021191659271
2021,LSU,5.521485383150513,0.11390909997388622,69,0.33750422215712533,5.183981160993388,5.858989605307639,4.859977107722548,6.182993658578479
2021,Liberty,-1.140361500317928,0.00039797689433870306,15,0.019949358243780753,-1.1603108585617088,-1.120412142074147,-1.1794622424757382,-1.1012607581601177
2021,Louisiana,4.151331634161841,0.13134977245011295,71,0.36242209155915556,3.7889095426026858,4.5137537257209965,3.440984334705896,4.861678933617786
2021,Louisiana Tech,2.544875631299663,0.1140155325383658,58,0.33766186124341285,2.20721377005625,2.882537492543076,1.8830583832625738,3.206692879336752
2021,Louisville,5.277329646265214,0.11481130284696117,68,0.33883816616042706,4.938491480104787,5.6161678124256404,4.6132068405907765,5.941452451939651
2021,Marshall,4.311945057398149,0.13289962527679922,67,0.3645540087240836,3.9473910486740653,4.676499066122233,3.597419200298945,5.026470914497353
2021,Maryland,5.15018117157532,0.12327809691141704,70,0.3511098074839509,4.799071364091369,5.501290979059271,4.462005948906777,5.838356394243863
2021,Massachusetts,0.5894586054352325,0.08730156335276272,65,0.2954683796157598,0.29399022581947276,0.8849269850509923,0.010340581388343373,1.1685766294821218
2021,Memphis,4.528571879717689,0.1324946860759586,56,0.36399819515480925,4.16457368456288,4.8925700748724985,3.8151354172142633,5.242008342221116
2021,Miami,5.268325290409732,0.12237588806645032,74,0.3498226523060654,4.918502638103666,5.618147942715797,4.582672891889843,5.95397768892962
2021,Miami (OH),3.0821690304476395,0.11013028295858639,70,0.33185882986382387,2.7503102005838156,3.4140278603114633,2.4317257239145444,3.7326123369807345
2021,Michigan,7.436092196702088,0.11936359900145366,71,0.3454903746871303,7.090601822014958,7.781582571389218,6.7589310623153125,8.113253331088863
2021,Michigan State,6.04304216433309,0.1313160060467649,65,0.3623755042035332,5.680666660129557,6.405417668536623,5.332786176094165,6.7532981525720155
2021,Middle Tennessee,2.8667814189550995,0.1222080700747171,76,0.3495827084893031,2.5171987104657965,3.2163641274444026,2.1815993103160656,3.5519635275941335
2021,Minnesota,5.053252326317495,0.09751609222376864,59,0.31227566703758497,4.7409766592799105,5.36552799335508,4.441192018923829,5.665312633711162
2021,Mississippi State,6.312277803191575,0.11894520423169591,59,0.3448843345698611,5.967393468621714,6.6571621377614365,5.636304507434648,6.988251098948503
2021,Missouri,4.486731631580078,0.10483589404779278,67,0.323783714920613,4.162947916659465,4.810515346500691,3.8521155503356765,5.1213477128244795
2021,NC State,5.926881312188036,0.12361649304253271,54,0.3515913722526944,5.575289939935342,6.278472684440731,5.237762222572755,6.616000401803317
2021,Navy,3.587246967105224,0.07470936391163169,61,0.2733301372180384,3.3139168298871855,3.860577104323262,3.051519898157869,4.122974036052579
2021,Nebraska,5.081288949732549,0.11209845042670234,69,0.33481106676258826,4.746477882969961,5.416100016495138,4.4250592588778765,5.737518640587222
2021,Nevada,4.863148152316634,0.1441671820880702,62,0.37969353706386705,4.483454615252767,5.2428416893805005,4.118948819671455,5.607347484961813
2021,New Mexico,1.9334984920716358,0.10694084639925254,67,0.3270181132586581,1.6064803788129778,2.260516605330294,1.2925429900846659,2.5744539940586058
2021,New Mexico State,-0.4427555655549762,0.00026397398879338336,16,0.01624727635000351,-0.4590028419049797,-0.4265082892049727,-0.47460022720098305,-0.41091090390896934
2021,North Carolina,4.938158690321286,0.12080783246070032,65,0.3475742114436862,4.5905844788776,5.285732901764972,4.256913235891661,5.619404144750911
2021,North Texas,2.8080452885085814,0.11502534426106681,66,0.3391538651719405,2.468891423336641,3.1471991536805217,2.143303712771578,3.4727868642455846
2021,Northern Illinois,2.7822680898452163,0.122136768028341,60,0.3494807119546671,2.4327873778905493,3.1317488017998834,2.097285894414069,3.467250285276364
2021,Northwestern,3.223526877550837,0.11626646745867984,61,0.34097869062256636,2.8825481869282705,3.5645055681734035,2.555208643930607,3.891845111171067
2021,Notre Dame,6.7201073068045565,0.10823874925843283,61,0.3289965794023288,6.391110727402228,7.049103886206885,6.075274011175992,7.364940602433121
2021,Ohio,2.7115948031154824,0.11040772615864192,63,0.3322765808158046,2.379318222299678,3.043871383931287,2.0603327047165054,3.3628569015144594
2021,Ohio State,7.657154398369591,0.12395242811679184,73,0.35206878321826807,7.305085615151323,8.00922318158786,6.967099583261786,8.347209213477397
2021,Oklahoma,6.128148851429165,0.13343239726986042,70,0.36528399536505896,5.762864856064106,6.4934328467942235,5.412192220513649,6.8441054823446805
2021,Oklahoma State,6.353691537687069,0.1402728944424552,76,0.37453023168024124,5.979161306006827,6.72822176936731,5.619612283593796,7.087770791780342
2021,Old Dominion,2.579886657509091,0.12414093945246936,65,0.3523364009756434,2.2275502565334473,2.9322230584847344,1.8893073115968297,3.270466003421352
2021,Ole Miss,6.423985034652079,0.12556756585065942,66,0.35435514085541275,6.069629893796666,6.778340175507491,5.729448958575469,7.118521110728688
2021,Oregon,5.829660393951741,0.1522421759578187,70,0.3901822342929246,5.439478159658816,6.219842628244666,5.064903214737609,6.594417573165873
2021,Oregon State,4.558253518443056,0.13997746625165025,56,0.3741356254777808,4.184117892965276,4.932389143920837,3.8249476925066057,5.291559344379507
2021,Penn State,6.144207755679636,0.13094582010559652,64,0.36186436700177665,5.78234338867786,6.506072122681412,5.434953596356154,6.853461915003118
2021,Pittsburgh,6.206011985899584,0.14571474450686453,68,0.38172600711356375,5.824285978786021,6.587737993013148,5.457829011956999,6.9541949598421695
2021,Purdue,5.343312497294043,0.12736862607884125,63,0.3568874137299342,4.986425083564109,5.700199911023978,4.643813166383373,6.042811828204714
2021,Rice,2.3931374148181686,0.10399159207581701,62,0.3224772737354014,2.070660141082767,2.71561468855357,1.7610819582967818,3.0251928713395553
2021,Rutgers,3.8437303601907855,0.11273971223419457,68,0.3357673483741303,3.5079630118166554,4.179497708564916,3.1856263573774903,4.501834363004081
2021,SMU,5.1367402563766795,0.1335084422160639,62,0.36538807070847823,4.771352185668201,5.502128327085158,4.420579637788062,5.852900874965297
2021,San Diego State,4.726457948445882,0.13706735944065562,57,0.37022609232826315,4.356231856117619,5.096684040774145,4.000814807482486,5.452101089409277
2021,San José State,3.848287922854284,0.13146708341087934,68,0.362583898444042,3.485704024410242,4.210871821298326,3.1376234819039617,4.5589523638046066
2021,South Alabama,2.756668205811293,0.11686847255986985,59,0.34186031147220036,2.4148078943390923,3.0985285172834933,2.08662199532578,3.4267144162968055
2021,South Carolina,4.348250533660111,0.09944913697099463,65,0.3153555722846746,4.032894961375437,4.663606105944785,3.730153611982149,4.966347455338073
2021,South Florida,2.9755482934034743,0.10885934846502983,59,0.32993840101605304,2.645609892387421,3.3054866944195274,2.3288690274120105,3.622227559394938
2021,Southern Miss,1.6313105271796893,0.08946219436863528,62,0.2991023142147772,1.332208212964912,1.9304128413944666,1.045069991318726,2.2175510630406525
2021,Stanford,3.263366192097915,0.11693926060020811,66,0.34196382937411396,2.921402362723801,3.605330021472029,2.593117086524652,3.933615297671178
2021,Syracuse,4.2778960731866515,0.10640625717623943,55,0.32619971976726075,3.9516963534193907,4.604095792953912,3.6385446224428204,4.917247523930483
2021,TCU,3.467270238679928,0.11128442549138529,70,0.3335932036049075,3.1336770350750203,3.8008634422848355,2.813427559614309,4.121112917745546
2021,Temple,3.1421565357598595,0.1132647449226184,74,0.33654828022531685,2.8056082555345427,3.4787048159851763,2.4825219065182385,3.8017911650014806
2021,Tennessee,5.806214665638993,0.1129822449704809,72,0.3361283162283132,5.470086349410679,6.142342981867306,5.1474031658314985,6.465026165446487
2021,Texas,4.88448097345216,0.12076831565789331,64,0.34751736022520274,4.536963613226957,5.231998333677362,4.203346947410762,5.565614999493557
2021,Texas A&M,5.758018538756701,0.10373990096540983,68,0.32208679104460314,5.4359317477120985,6.080105329801304,5.1267284283092796,6.389308649204123
2021,Texas State,2.218278237033245,0.12684311464126094,57,0.35615041013771265,1.8621278268955321,2.5744286471709574,1.520223433163328,2.9163330409031616
2021,Texas Tech,5.4571569272369675,0.13709044682073218,65,0.3702572711247305,5.086899656112237,5.827414198361698,4.731452675832496,6.182861178641439
2021,Toledo,3.619798172750016,0.1172134971186837,74,0.3423645675572805,3.2774336051927353,3.9621627403072965,2.948763620337746,4.290832725162286
2021,Troy,3.262167301188431,0.11997663071704412,66,0.3463764292168913,2.9157908719715397,3.608543730405322,2.5832694999233237,3.941065102453538
2021,Tulane,4.514678690010762,0.11625276416821012,67,0.34095859597348493,4.173720094037277,4.855637285984248,3.846399841902732,5.182957538118793
2021,Tulsa,4.627376781788128,0.12923780972006846,62,0.3594966059924189,4.267880175795709,4.986873387780547,3.922763434042987,5.33199012953327
2021,UAB,3.444634612838581,0.09712768170060442,65,0.3116531432548121,3.1329814695837688,3.756287756093393,2.8337944520591494,4.055474773618013
2021,UCF,4.897538158972933,0.11982120302636881,67,0.3461519941100568,4.551386164862876,5.243690153082991,4.219080250517222,5.575996067428645
2021,UCLA,5.402415096339897,0.13366528499660627,63,0.3656026326445233,5.036812463695374,5.768017728984421,4.685833936356632,6.118996256323163
2021,UConn,2.393982975808528,0.10324699386657811,61,0.3213207025178709,2.072662273290657,2.715303678326399,1.7641943988735012,3.023771552743555
2021,UL Monroe,1.504239936369625,0.12084027754693828,66,0.3476208819201434,1.1566190544494817,1.8518608182897685,0.822903007806144,2.185576864933106
2021,UNLV,2.2927171786451166,0.10579009472076535,57,0.3252538927065522,1.9674632859385643,2.617971071351669,1.6552195489402743,2.930214808349959
2021,USC,4.5171493502735975,0.14303206562411383,59,0.37819580328728375,4.138953546986314,4.895345153560881,3.7758855758305216,5.258413124716673
2021,UTEP,3.178145135976675,0.11827400941565779,58,0.3439098856032751,2.8342352503734,3.52205502157995,2.5040817601942558,3.8522085117590943
2021,UTSA,3.8696421910602536,0.12350657814664269,69,0.35143502692054285,3.518207164139711,4.221077217980796,3.1808295382959897,4.558454843824517
2021,Utah,6.626914274721357,0.15448923173536755,63,0.3930511820811223,6.2338630926402345,7.019965456802479,5.856533957842357,7.397294591600357
2021,Utah State,4.020111739738886,0.14924200584607455,58,0.3863185289965711,3.633793210742315,4.406430268735457,3.262927422905607,4.777296056572165
2021,Vanderbilt,2.716427769364123,0.11063835725523652,59,0.3326234466408472,2.3838043227232757,3.0490512160049703,2.0644858139480626,3.3683697247801834
2021,Virginia,4.761688414194285,0.13387572598988898,61,0.36589031961762664,4.395798094576658,5.127578733811911,4.044543387743737,5.4788334406448325
2021,Virginia Tech,4.014551434441226,0.10764161382584575,58,0.32808781419895156,3.6864636202422747,4.342639248640178,3.371499318611281,4.657603550271171
2021,Wake Forest,5.917651095468843,0.14004134769978657,71,0.3742209877863434,5.543430107682499,6.291872083255186,5.184177959407609,6.651124231530076
2021,Washington,4.3813135493448625,0.12858986887753657,63,0.35859429565671647,4.022719253688146,4.739907845001579,3.6784687298576983,5.084158368832027
2021,Washington State,4.100764269585274,0.13920291890239062,61,0.3730990738428476,3.7276651957424263,4.473863343428121,3.3694900848532927,4.832038454317255
2021,West Virginia,5.326745725384804,0.13022085982254714,59,0.3608612750386873,4.965884450346116,5.687607000423491,4.619457626308977,6.03403382446063
2021,Western Kentucky,5.340786540947463,0.15215722814865607,65,0.3900733625212776,4.950713178426185,5.730859903468741,4.5762427504057595,6.105330331489167
2021,Western Michigan,3.791094542715818,0.10991772831697014,50,0.3315384266068869,3.459556116108931,4.122632969322705,3.1412792265663194,4.440909858865316
2021,Wisconsin,6.088411961120835,0.0961439002644305,67,0.31007079879348604,5.778341162327349,6.398482759914321,5.480673195485602,6.696150726756068
2021,Wyoming,3.7780508843234473,0.1147971641182541,53,0.3388173019759382,3.439233582347509,4.116868186299385,3.1139689724506083,4.442132796196286
2022,Air Force,3.3143175395735085,0.07318572094941315,80,0.2705285954375492,3.0437889441359594,3.5848461350110576,2.784081492515912,3.844553586631105
2022,Akron,2.3721966064403213,0.11521219119620761,66,0.3394292138225695,2.032767392617752,2.7116258202628907,1.706915347348085,3.0374778655325576
2022,Alabama,7.482080679154528,0.11280970856301283,69,0.3358715655768032,7.146209113577725,7.817952244731331,6.823772410623993,8.140388947685063
2022,App State,4.873920113962097,0.10433268015005143,71,0.32300569677646773,4.550914417185629,5.1969258107385645,4.24082894828022,5.507011279643973
2022,Arizona,3.944832403725474,0.1333954336338304,50,0.3652333961097074,3.5795990076157667,4.310065799835181,3.2289749473504474,4.660689860100501
2022,Arizona State,4.3935754017905655,0.12296921510954165,56,0.35066966665159627,4.0429057351389694,4.7442450684421615,3.7062628551534367,5.080887948427694
2022,Arkansas,6.172368306943538,0.11611742080312948,57,0.3407600633923076,5.83160824355123,6.513128370335846,5.504478582694615,6.840258031192461
2022,Arkansas State,3.161345113999963,0.10694571107213649,70,0.3270255510998131,2.83431956290015,3.4883706650997763,2.5203750338443296,3.8023151941555966
2022,Army,3.59095783310752,0.07259161782168509,76,0.26942831666639105,3.321529516441129,3.8603861497739107,3.0628783324413935,4.119037333773647
2022,Auburn,4.515282325172068,0.09874170702233516,65,0.31423193189479515,4.2010503932772725,4.829514257066863,3.8993877386582696,5.131176911685866
2022,BYU,-0.07341596735222984,0.000767954992483197,22,0.027712000874768987,-0.10112796822699882,-0.045703966477460854,-0.12773148906677706,-0.01910044563768263
2022,Ball State,3.499358449162189,0.12873615359874538,54,0.3587982073516329,3.1405602418105563,3.858156656513822,2.7961139627529885,4.20260293557139
2022,Baylor,5.609177354505876,0.12316682650372127,65,0.35095131642967414,5.258226038076202,5.96012867093555,4.921312774303715,6.297041934708037
2022,Boise State,3.0138987097880463,0.1103387783908027,66,0.332172814045344,2.6817258957427024,3.3460715238333902,2.362839994259172,3.6649574253169206
2022,Boston College,4.194193115741999,0.10748569120576479,57,0.32785010478229953,3.8663430109597,4.522043220524299,3.551606910368692,4.836779321115307
2022,Bowling Green,3.6775766631726405,0.11746774839084716,64,0.3427356829844934,3.3348409801881473,4.020312346157134,3.0058147245230336,4.3493386018222475
2022,Buffalo,2.3116934715197304,0.11522772377784801,63,0.33945209349457256,1.9722413780251578,2.651145565014303,1.6463673682703681,2.9770195747690926
2022,California,3.7384622393461426,0.13642122478903176,60,0.3693524398038163,3.3691097995423265,4.107814679149959,3.0145314573306625,4.462393021361622
2022,Central Michigan,3.5649683468854345,0.10855620013147407,63,0.32947867932762215,3.2354896675578124,3.8944470262130566,2.919190135403295,4.210746558367574
2022,Charlotte,1.4775342196030299,0.10203917223248726,73,0.31943570907537444,1.1580985105276556,1.7969699286784042,0.851440229815296,2.103628209390764
2022,Cincinnati,5.813849627681979,0.12198374502798005,61,0.3492617142315774,5.464587913450401,6.163111341913556,5.129296667788087,6.49840258757587
2022,Clemson,6.497621368601669,0.11516986350493984,66,0.33936685681565876,6.15825451178601,6.836988225417327,5.832462329242977,7.16278040796036
2022,Coastal Carolina,2.697503775085806,0.10645517435761748,67,0.3262746915677302,2.3712290835180756,3.0237784666535363,2.058005379613055,3.337002170558557
2022,Colorado,1.6542381243860893,0.10883037931419046,72,0.3298944972475147,1.3243436271385747,1.984132621633604,1.0076449097809606,2.300831338991218
2022,Colorado State,1.033714904094106,0.09837967551336267,62,0.3136553451056791,0.7200595589884269,1.3473702491997852,0.418950427686975,1.6484793805012372
2022,Duke,5.9218038798782136,0.11576168789020816,59,0.34023769322373465,5.581566186654479,6.262041573101948,5.254938001159694,6.588669758596733
2022,East Carolina,3.963900653464645,0.11284425210628252,58,0.33592298537951004,3.6279776680851348,4.299823638844154,3.305491602120805,4.622309704808485
2022,Eastern Michigan,3.139473436850899,0.11212088650239463,67,0.3348445706628594,2.8046288661880396,3.4743180075137587,2.4831780783516946,3.795768795350104
2022,Florida,5.847821631041414,0.10174873651920892,71,0.31898077766412336,5.528840853377291,6.1668024087055375,5.222619306819732,6.473023955263097
2022,Florida Atlantic,2.4156112400532446,0.11001566878119833,70,0.3316860997708501,2.0839251402823944,2.7472973398240947,1.7655064845023785,3.0657159956041107
2022,Florida International,1.7641251460261647,0.11643930177267578,66,0.34123203509148403,1.4228931109346807,2.1053571811176486,1.095310357246856,2.432939934805473
2022,Florida State,6.597427092577265,0.10344822519557244,72,0.3216336816870591,6.275793410890206,6.919060774264324,5.9670250764706285,7.227829108683901
2022,Fresno State,2.950029822369911,0.12581929270319486,69,0.3547101530872705,2.595319669282641,3.3047399754571813,2.254797922318861,3.6452617224209614
2022,Georgia,8.37993034387261,0.10799252491073075,77,0.32862216132015615,8.051308182552454,8.708552505192767,7.735830907685104,9.024029780060117
2022,Georgia Southern,3.263330506654594,0.13113942429915168,69,0.3621317775329192,2.901198729121675,3.6254622841875133,2.5535522226900724,3.973108790619116
2022,Georgia State,2.7854928623368123,0.1104543622618652,59,0.33234675003957115,2.453146112297241,3.1178396123763834,2.1340932322592527,3.436892492414372
2022,Georgia Tech,4.689901370305078,0.10500639939489671,62,0.3240469092506465,4.365854461054432,5.013948279555724,4.054769428173811,5.325033312436345
2022,Hawai'i,1.4456155641649575,0.11704177573520676,64,0.3421136883189662,1.1035018758459914,1.7877292524839237,0.7750727350597837,2.1161583932701316
2022,Houston,5.7446627966482735,0.12484895459702794,62,0.35333971556708416,5.39132308108119,6.098002512215357,5.052116954136789,6.437208639159758
2022,Illinois,6.642494427921491,0.11325380192262155,61,0.33653202213551914,6.305962405785972,6.9790264500570105,5.982891664535874,7.302097191307109
2022,Indiana,4.079122464356285,0.11762524089080643,65,0.3429653639812721,3.7361571003750127,4.422087828337557,3.406910350952992,4.751334577759578
2022,Iowa,5.657175219044903,0.10857041433270394,57,0.32950024936667943,5.327674969678223,5.986675468411582,5.011354730286211,6.3029957078035945
2022,Iowa State,5.3215363546500685,0.12087272618199518,62,0.347667551235365,4.973868803414703,5.669203905885434,4.640107954228753,6.002964755071384
2022,James Madison,3.9696458518257645,0.08856058463355958,63,0.29759130470085915,3.6720545471249055,4.267237156526623,3.3863668946120806,4.552924809039449
2022,Kansas,5.829802762811451,0.13090482369679324,62,0.36180771646938825,5.467995046342063,6.19161047928084,5.120659638531451,6.538945887091452
2022,Kansas State,7.72677984195668,0.1419314761510878,60,0.37673794094979046,7.35004190100689,8.10351778290647,6.988373477695091,8.46518620621827
2022,Kent State,4.294456228632771,0.10997619842920953,63,0.3316265948762396,3.962829633756531,4.626082823509011,3.644468102675341,4.944444354590201
2022,Kentucky,4.796852769456691,0.0933133866824962,61,0.30547239921553665,4.491380370241154,5.102325168672228,4.198126866994238,5.395578671919143
2022,LSU,7.171706614690087,0.11454584738111503,66,0.33844622524282203,6.833260389447265,7.510152839932909,6.5083520132141555,7.835061216166018
2022,Liberty,-0.7664058908587261,0.0006837935533651113,21,0.02614944652120024,-0.7925553373799263,-0.7402564443375259,-0.8176588060402786,-0.7151529756771736
2022,Louisiana,3.6351282562121146,0.11221949166066414,73,0.3349917784971209,3.3001364777149935,3.9701200347092356,2.9785443703577577,4.291712142066472
2022,Louisiana Tech,2.3304794377266047,0.11058138471482018,64,0.3325377944156426,1.9979416433109622,2.663017232142247,1.6787053606719453,2.982253514781264
2022,Louisville,5.199902336409895,0.10342810456367367,67,0.32160240136490537,4.87829993504499,5.5215047377748006,4.569561629734681,5.83024304308511
2022,Marshall,4.286934670123782,0.10829698874853005,69,0.32908507828300276,3.957849591840779,4.616019748406784,3.6419279166890965,4.9319414235584675
2022,Maryland,5.198534300443397,0.11685903131676277,66,0.34184650256622895,4.856687797877168,5.540380803009626,4.528515155413588,5.868553445473205
2022,Massachusetts,1.3843862080189173,0.07995592810476998,68,0.2827647929017507,1.1016214151171666,1.667151000920668,0.830167213931486,1.9386052021063487
2022,Memphis,4.888613336997375,0.11809924129809707,63,0.34365570168134424,4.544957635316031,5.232269038678719,4.21504816170194,5.56217851229281
2022,Miami,4.766344293692939,0.09788642335791493,73,0.31286806062286854,4.453476233070071,5.079212354315808,4.1531228948721175,5.379565692513761
2022,Miami (OH),2.2640987745625565,0.10288454801519933,58,0.32075621274606564,1.9433425618164908,2.584854987308622,1.6354165975802677,2.8927809515448453
2022,Michigan,7.117005727631713,0.10840607050498187,77,0.32925077145692744,6.787754956174785,7.446256499088641,6.471674215576135,7.762337239687291
2022,Michigan State,4.989428279867674,0.11279426189904303,61,0.33584856989280604,4.653579709974868,5.32527684976048,4.331165082877774,5.647691476857574
2022,Middle Tennessee,2.326276667838059,0.1279855974640569,74,0.3577507476778447,1.9685259201602143,2.684027415515904,1.6250852023894835,3.027468133286635
2022,Minnesota,5.897129318064568,0.09452388943003937,65,0.3074473766842699,5.589681941380298,6.204576694748838,5.294532459763399,6.499726176365737
2022,Mississippi State,6.333403132675605,0.11460751984928745,66,0.3385373241598147,5.99486580851579,6.67194045683542,5.669869977322368,6.996936288028842
2022,Missouri,4.853326446145722,0.10241904648548633,64,0.3200297587498487,4.5332966873958735,5.173356204895571,4.226068118996019,5.480584773295425
2022,NC State,4.984752577778125,0.10586595450102577,73,0.32537048806095764,4.659382089717168,5.310123065839083,4.347026421178648,5.622478734377602
2022,Navy,4.344342540233573,0.09056359289172347,58,0.3009378555312101,4.043404684702363,4.645280395764782,3.754504343392401,4.934180737074745
2022,Nebraska,3.742509867535477,0.11056285196590161,62,0.33250992762006615,3.409999939915411,4.075019795155543,3.0907904094001473,4.394229325670807
2022,Nevada,0.8578652245650575,0.10673170779207158,68,0.3266981906776828,0.5311670338873747,1.1845634152427404,0.21753677083679923,1.4981936782933158
2022,New Mexico,-0.3599142899729489,0.07882762390497729,70,0.28076257568446916,-0.640676865657418,-0.07915171428847972,-0.9102089383145084,0.1903803583686106
2022,New Mexico State,-1.4074997145416985,0.0005428265069112229,18,0.023298637447525184,-1.4307983519892238,-1.3842010770941733,-1.453165043938848,-1.3618343851445491
2022,North Carolina,5.990915148143765,0.12947611207481954,59,0.3598278922968862,5.631087255846879,6.350743040440651,5.285652479241868,6.696177817045662
2022,North Texas,3.2260003408962223,0.12844671804393587,66,0.35839464008817973,2.8676057008080424,3.5843949809844022,2.52354684632339,3.9284538354690546
2022,Northern Illinois,2.525550268502716,0.09829921459413714,61,0.31352705560148575,2.2120232129012303,2.8390773241042018,1.911037239523804,3.1400632974816283
2022,Northwestern,4.405220479017716,0.10461567948761527,66,0.3234434718580903,4.0817770071596255,4.728663950875807,3.771271274175859,5.039169683859573
2022,Notre Dame,6.084698649552731,0.09530227469951306,57,0.3087106650239234,5.775987984528808,6.393409314576655,5.4796257461058415,6.689771552999621
2022,Ohio,4.1562132556112985,0.12774497820317718,66,0.35741429490603366,3.798798960705265,4.513627550517332,3.4556812375954724,4.856745273627125
2022,Ohio State,7.211646045825702,0.10334517494952737,64,0.3214734436147524,6.89017260221095,7.5331194894404545,6.581558096340788,7.841733995310617
2022,Oklahoma,6.859759664443017,0.13769716377540778,71,0.37107568469977625,6.488683979743241,7.230835349142794,6.132451322431456,7.587068006454579
2022,Oklahoma State,6.321495245974499,0.13864647681264586,76,0.37235262428596616,5.949142621688533,6.693847870260465,5.591684102374005,7.051306389574993
2022,Old Dominion,2.6177336947231398,0.11850025845752782,62,0.3442386649659329,2.273495029757207,2.9619723596890726,1.9430259113899113,3.292441478056368
2022,Ole Miss,5.659247809928507,0.11082463162719781,64,0.3329033367618862,5.326344473166621,5.992151146690393,5.0067572698752105,6.311738349981804
2022,Oregon,6.360667302648322,0.12349832817618189,69,0.3514232891772853,6.0092440134710365,6.712090591825607,5.671877655860842,7.049456949435801
2022,Oregon State,4.849412014603873,0.12068432723227179,64,0.3473964985895393,4.502015516014334,5.196808513193412,4.168514877368375,5.53030915183937
2022,Penn State,6.061460311361065,0.11470375413742954,75,0.33867942679978297,5.722780884561282,6.400139738160848,5.397648634833491,6.72527198788864
2022,Pittsburgh,5.730821349566223,0.10836495031125512,64,0.3291883204356666,5.401633029130556,6.0600096700018895,5.085612241512316,6.376030457620129
2022,Purdue,5.139525616790722,0.12725075770731076,65,0.3567222416773459,4.782803375113376,5.4962478584680685,4.440350023103124,5.8387012104783205
2022,Rice,1.6489570617658917,0.09842808130174732,62,0.3137324995943954,1.3352245621714962,1.9626895613602873,1.0340413625608766,2.263872760970907
2022,Rutgers,4.049085718798782,0.10258681082556587,67,0.3202917589098506,3.7287939598889315,4.369377477708633,3.421313871335475,4.67685756626209
2022,SMU,5.177263809116631,0.12062087451480036,71,0.34730516050701055,4.829958648609621,5.524568969623642,4.496545694522891,5.857981923710372
2022,San Diego State,1.3515702035790431,0.09803935901477634,61,0.3131123744197542,1.038457829159289,1.6646825779987973,0.7378699497163249,1.9652704574417612
2022,San José State,1.5422683283323457,0.10351113787455322,60,0.3217314685798597,1.2205368597524862,1.8639997969122053,0.9116746499158208,2.1728620067488706
2022,South Alabama,4.154888760406272,0.11121513048114508,66,0.33348932588786867,3.821399434518403,4.488378086294141,3.5012496816660494,4.808527839146494
2022,South Carolina,4.283584297278608,0.10514567658984612,68,0.32426174086661247,3.959322556411996,4.607846038145221,3.648031285180048,4.919137309377168
2022,South Florida,3.140475156948989,0.09643402238475766,69,0.3105382784533296,2.8299368784956593,3.4510134354023183,2.5318201311804627,3.749130182717515
2022,Southern Miss,3.2608208980421662,0.10301981190917604,70,0.3209669950464939,2.9398539029956723,3.58178789308866,2.6317255877510384,3.889916208333294
2022,Stanford,3.636514947771826,0.12293641840619778,64,0.3506229005729628,3.285892047198863,3.987137848344789,2.9492940626488187,4.323735832894833
2022,Syracuse,4.9540324028421265,0.1034402559685365,60,0.3216212927785356,4.632411110063591,5.275653695620662,4.3236546689961965,5.5844101366880565
2022,TCU,7.135892218954563,0.14589436583232723,71,0.3819612098529473,6.753931009101616,7.51785342880751,6.387248247642787,7.884536190266339
2022,Temple,3.8840303238669054,0.10880387088713747,62,0.3298543176724196,3.554176006194486,4.213884641539325,3.237515861228963,4.530544786504848
2022,Tennessee,6.585505696479224,0.11630542191668129,82,0.3410358073819834,6.244469889097241,6.926541503861207,5.917075514010537,7.253935878947911
2022,Texas,7.4230093982936785,0.12987814416218993,68,0.3603861042856535,7.062623294008025,7.7833955025793315,6.716652633893798,8.12936616269356
2022,Texas A&M,5.057190913960968,0.09554121293275863,67,0.30909741657406103,4.748093497386907,5.366288330535029,4.451359977475808,5.663021850446127
2022,Texas State,4.2590312143617215,0.11355176661320981,57,0.3369744302068182,3.922056784154903,4.59600564456854,3.5985613311563576,4.919501097567085
2022,Texas Tech,6.094991904192416,0.1425710527532101,61,0.3775858217057549,5.7174060824866615,6.472577725898171,5.354923693649137,6.835060114735696
2022,Toledo,4.566331818615225,0.12098286888296941,65,0.34782591749748815,4.218505901117737,4.914157736112713,3.8845930203201484,5.248070616910302
2022,Troy,4.425483348061349,0.11689292257006355,60,0.3418960698371123,4.083587278224237,4.767379417898462,3.755367051180609,5.095599644942089
2022,Tulane,6.210227023352251,0.1195592604136531,70,0.3457734235213185,5.864453599830933,6.55600044687357,5.532511113250467,6.887942933454036
2022,Tulsa,4.041669212385832,0.11209647979656312,60,0.33480812385090525,3.706861088534927,4.3764773362367375,3.385445289638058,4.697893135133606
2022,UAB,3.431916326140291,0.1032402928181969,68,0.3213102749962984,3.110606051143993,3.753226601136589,2.802148187147546,4.061684465133036
2022,UCF,6.10017122745498,0.12359417313924626,63,0.35155962956409864,5.748611597890881,6.451730857019078,5.411114353509347,6.789228101400613
2022,UCLA,5.747840545345836,0.12937291108426802,66,0.3596844604431334,5.388156084902703,6.107525005788969,5.042859002877295,6.452822087814377
2022,UConn,2.5801558754294747,0.0939957706646851,62,0.30658729697214315,2.2735685784573314,2.886743172401618,1.9792447733640741,3.181066977494875
2022,UL Monroe,2.420083450213203,0.09800909019458337,69,0.3130640352940327,2.1070194149191703,2.733147485507236,1.8064779410368992,3.033688959389507
2022,UNLV,1.8432875943794058,0.10578657085836143,53,0.325248475566545,1.5180391188128608,2.168536069945951,1.2058005822689775,2.480774606489834
2022,USC,5.539518465196665,0.14040181025720158,59,0.3747022955056475,5.164816169691018,5.914220760702313,4.805101966005596,6.273934964387735
2022,UTEP,1.319265221688166,0.10215288723864048,55,0.31961365308547207,0.9996515686026939,1.638878874773638,0.6928224616406408,1.945707981735691
2022,UTSA,4.791659169551759,0.1291330679096236,78,0.35935089802256454,4.432308271529195,5.151010067574324,4.087331409427533,5.495986929675986
2022,Utah,5.340051438861323,0.12363507571663025,67,0.351617797781384,4.988433641079939,5.691669236642707,4.6508805552098105,6.029222322512836
2022,Utah State,1.8667355666548686,0.11309984386426208,58,0.33630320228071287,1.5304323643741558,2.2030387689355813,1.2075812901846714,2.525889843125066
2022,Vanderbilt,2.952240796111277,0.09755576354813932,68,0.3123391802962595,2.6399016158150177,3.2645799764075365,2.3400560027306083,3.564425589491946
2022,Virginia,3.1864849002502247,0.08860071033570781,54,0.2976587145300937,2.888826185720131,3.484143614780318,2.6030738197712413,3.769895980729208
2022,Virginia Tech,3.29099729283534,0.09084629085182865,65,0.3014071844728135,2.9895901083625263,3.5924044773081536,2.7002392112686255,3.8817553744020543
2022,Wake Forest,5.923444587995297,0.1212887692793331,64,0.3482653719210871,5.5751792160742095,6.271709959916384,5.240844459029966,6.606044716960628
2022,Washington,5.760605694547127,0.13536656536798014,71,0.36792195553945967,5.392683739007667,6.128527650086587,5.039478661689786,6.481732727404468
2022,Washington State,4.183628351552033,0.1374507950490121,61,0.37074357047562145,3.812884781076412,4.554371922027655,3.456970953419815,4.910285749684252
2022,West Virginia,4.985066850752155,0.11952485016979579,66,0.34572366157061885,4.6393431891815355,5.330790512322774,4.307448474073742,5.6626852274305675
2022,Western Kentucky,4.786014603669033,0.1329956427724349,69,0.36468567667572976,4.421328926993303,5.150700280344762,4.0712306773846025,5.500798529953463
2022,Western Michigan,2.423310211069629,0.10389942734356114,58,0.3223343409312156,2.100975870138414,2.7456445520008446,1.7915349028444467,3.0550855192948116
2022,Wisconsin,5.846434666944291,0.10223191293289927,70,0.3197372560914653,5.526697410852826,6.166171923035757,5.219749645005019,6.473119688883563
2022,Wyoming,1.7173286483082921,0.10763419013989385,58,0.3280765004383792,1.389252147869913,2.0454051487466716,1.0742987074490689,2.3603585891675154
2023,Air Force,3.793290519783168,0.0863762630434608,71,0.2938983889773144,3.4993921308058535,4.087188908760482,3.2172496773876316,4.369331362178704
2023,Akron,1.8999124067375233,0.10831571604906412,64,0.3291135306380826,1.5707988760994407,2.2290259373756056,1.2548498866868814,2.544974926788165
2023,Alabama,8.301044434229054,0.10829053822733727,67,0.3290752774477859,7.971969156781268,8.630119711676839,7.656056890431393,8.946031978026713
2023,App State,3.9129952209244943,0.12090747980323141,61,0.3477175287546364,3.565277692169858,4.260712749679131,3.231468864565407,4.594521577283581
2023,Arizona,5.7076099757370855,0.1412352655478386,56,0.3758128065245231,5.331797169212562,6.083422782261609,4.9710168749490204,6.444203076525151
2023,Arizona State,3.1562162421593527,0.12627264398810084,66,0.3553486231689956,2.800867618990357,3.5115648653283484,2.4597329407481214,3.852699543570584
2023,Arkansas,4.359958374148698,0.10142166459832624,60,0.318467682188203,4.041490691960495,4.6784260563369005,3.7357617170598196,4.9841550312375755
2023,Arkansas State,3.1942551353120483,0.11723609644333219,69,0.34239757073222965,2.8518575645798188,3.536652706044278,2.523155896676878,3.8653543739472185
2023,Army,2.997635326169808,0.07953708902943735,80,0.2820232065441377,2.7156121196256704,3.2796585327139454,2.444869841343298,3.550400810996318
2023,Auburn,4.883523136918628,0.09697521670712929,71,0.31140844032737663,4.572114696591251,5.194931577246004,4.27316259387697,5.493883679960286
2023,BYU,3.14315155063532,0.1243217903353085,68,0.3525929527589973,2.7905585978763225,3.4957445033943175,2.452069363227685,3.834233738042955
2023,Ball State,2.8879536719160215,0.09941465274529594,57,0.3153008923953371,2.572652779520684,3.203254564311359,2.2699639228211606,3.5059434210108824
2023,Baylor,3.889555792286352,0.11278201701574314,65,0.3358303396296159,3.553725452656736,4.225386131915968,3.231328326612305,4.5477832579604
2023,Boise State,3.6731850365442864,0.12275127359914548,61,0.3503587783960115,3.322826258148275,4.023543814940298,2.986481830888104,4.359888242200469
2023,Boston College,4.715535593141479,0.10414360594303682,62,0.32271288468704934,4.39282270845443,5.038248477828528,4.0830183391548625,5.348052847128096
2023,Bowling Green,3.034564808526004,0.10503965405143367,68,0.32409821667425703,2.710466591851747,3.358663025200261,2.39933230384446,3.669797313207548
2023,Buffalo,2.1333991282278917,0.11021485641809939,57,0.3319862292597381,1.8014128989681537,2.4653853574876297,1.482706118878805,2.7840921375769785
2023,California,4.4117556293690425,0.14173388341722176,69,0.3764756079976786,4.0352800213713635,4.7882312373667215,3.6738634376935924,5.149647821044493
2023,Central Michigan,2.7017614012449074,0.10501078000966836,60,0.3240536684095219,2.3777077328353853,3.0258150696544295,2.0666162111622444,3.3369065913275704
2023,Charlotte,3.2705087066102316,0.10256141498160029,74,0.32025211159584926,2.950256595014382,3.590760818206081,2.6428145678823673,3.898202845338096
2023,Cincinnati,3.4283879979819623,0.10824046950970469,59,0.3289991937827579,3.0993888041992044,3.75738719176472,2.783549578167757,4.0732264177961675
2023,Clemson,6.932636516043951,0.11911612306799058,69,0.34513203715098745,6.5875044788929635,7.277768553194939,6.256177723228015,7.609095308859887
2023,Coastal Carolina,3.3995714393199195,0.10879028670263102,73,0.32983372584172016,3.069737713478199,3.72940516516164,2.753097336670148,4.046045541969691
2023,Colorado,3.3332207538307648,0.13628248112827734,61,0.3691645718758469,2.964056181954918,3.7023853257066115,2.6096581929541047,4.056783314707425
2023,Colorado State,3.1121516571511307,0.13715946994521133,58,0.37035046907653746,2.7418011880745934,3.482502126227668,2.3862647377611172,3.838038576541144
2023,Duke,5.558865881915398,0.12100471215058521,65,0.3478573157928193,5.21100856612258,5.906723197708217,4.877065542961472,6.240666220869325
2023,East Carolina,2.8479448226723822,0.10332618657966598,61,0.3214439089167284,2.5265009137556538,3.1693887315891107,2.2179147611955945,3.47797488414917
2023,Eastern Michigan,1.9193857119946278,0.12059727999804652,65,0.3472711908552832,1.5721145211393446,2.266656902849911,1.2387341779182728,2.6000372460709826
2023,Florida,5.741736621985112,0.10273132847604806,65,0.3205172826479846,5.421219339337127,6.0622539046330965,5.113522747995062,6.369950495975162
2023,Florida Atlantic,3.7913924844779103,0.11443949983800034,63,0.3382890773258876,3.453103407152023,4.129681561803798,3.1283458929191705,4.45443907603665
2023,Florida International,1.1599769716132282,0.12129197911733627,57,0.3482699802126739,0.8117069914005544,1.508246951825902,0.4773678103963873,1.842586132830069
2023,Florida State,7.705446371389501,0.12290997663486625,74,0.35058519169363994,7.3548611796958605,8.05603156308314,7.018299395669967,8.392593347109035
2023,Fresno State,2.668826108716583,0.1260394275437437,62,0.35502031990259897,2.3138057888139842,3.0238464286191817,1.972986281707489,3.364665935725677
2023,Georgia,8.37450977652829,0.10981185037431393,79,0.3313787114078301,8.04313106512046,8.70588848793612,7.7250075021689435,9.024012050887638
2023,Georgia Southern,3.7106730839518005,0.12147461481769195,70,0.3485320857793324,3.362140998172468,4.059205169731133,3.027550195824309,4.3937959720792925
2023,Georgia State,3.0060096175630346,0.11948423041291643,59,0.3456649105896004,2.6603447069734343,3.351674528152635,2.3285063928074177,3.6835128423186516
2023,Georgia Tech,5.6030269753349184,0.12116653138978169,57,0.3480898323562205,5.254937142978698,5.951116807691139,4.9207709039167264,6.2852830467531104
2023,Hawai'i,2.3438388359079037,0.1274324190111217,67,0.35697677657114013,1.9868620593367634,2.700815612479044,1.6441643538284691,3.043513317987338
2023,Houston,3.678216879568482,0.12140400068457834,63,0.34843076885455787,3.329786110713924,4.02664764842304,2.9952925726135486,4.361141186523415
2023,Illinois,4.967858262883594,0.12433532873691902,61,0.3526121505803778,4.615246112303216,5.320470413463972,4.2767384477460535,5.658978078021134
2023,Indiana,4.200326686742381,0.11530467084015178,60,0.3395654146702102,3.8607612720721707,4.539892101412591,3.534778473988769,4.865874899495993
2023,Iowa,5.047870827367829,0.12527341551726512,57,0.35393984731485817,4.693930980052971,5.401810674682687,4.354148726630707,5.741592928104951
2023,Iowa State,4.472687870807221,0.12094023582760756,65,0.34776462705054917,4.124923243756672,4.82045249785777,3.791069201788144,5.154306539826297
2023,Jacksonville State,3.309241983573616,0.12816004851752372,73,0.3579944811271868,2.9512475024464293,3.6672364647008027,2.6075728005643297,4.010911166582902
2023,James Madison,5.165756955330059,0.12039787342627767,57,0.3469839671026281,4.818772988227431,5.512740922432687,4.485668379808907,5.84584553085121
2023,Kansas,5.066797407919355,0.1173929172901166,59,0.3426264982311155,4.72417090968824,5.4094239061504705,4.395249471386369,5.738345344452342
2023,Kansas State,6.775305384628409,0.12877046747149637,68,0.35884602195300475,6.416459362675404,7.134151406581413,6.071967181600519,7.478643587656298
2023,Kent State,0.7692600601516919,0.10028537349054,58,0.3166786596702405,0.4525814004814514,1.0859387198219324,0.14856988719802056,1.3899502331053633
2023,Kentucky,5.693195072411612,0.11523499949751519,59,0.3394628101832588,5.353732262228354,6.0326578825948705,5.027847964452425,6.358542180370799
2023,LSU,7.712112193813674,0.11589177047222111,70,0.34042880382279805,7.371683389990876,8.052540997636472,7.04487173832099,8.379352649306359
2023,Liberty,3.4093965364294463,0.13299404601627102,69,0.36468348744667756,3.0447130489827687,3.774080023876124,2.6946169010339585,4.124176171824934
2023,Louisiana,3.7996194301583484,0.11133289000558909,77,0.3336658358381767,3.4659535943201716,4.133285265996525,3.145634391915522,4.453604468401175
2023,Louisiana Tech,2.2705293262997355,0.12272540581700717,59,0.35032186031848933,1.920207465981246,2.620851186618225,1.5838984800754963,2.9571601725239747
2023,Louisville,6.472573888192223,0.11686832279916351,63,0.34186009243426396,6.130713795757958,6.814433980626487,5.8025281070210655,7.14261966936338
2023,Marshall,4.289874975839614,0.11943687406263749,63,0.34559640342838854,3.9442785724112253,4.635471379268003,3.612506025119972,4.967243926559255
2023,Maryland,5.491342764169416,0.12123299783863718,72,0.34818529239276774,5.143157471776648,5.839528056562184,4.808899591079592,6.1737859372592405
2023,Massachusetts,1.9374396524277644,0.09098473791558113,65,0.3016367648606203,1.6358028875671442,2.2390764172883846,1.3462315933009488,2.52864771155458
2023,Memphis,4.429722360308911,0.12206215219870363,63,0.3493739432165822,4.0803484170923285,4.779096303525493,3.7449494316044096,5.114495289013412
2023,Miami,6.834777480249248,0.11642037888585959,67,0.34120430666370494,6.493573173585544,7.175981786912953,6.166017039188387,7.50353792131011
2023,Miami (OH),2.96854529573032,0.1155119759583287,64,0.3398705282285134,2.6286747675018067,3.3084158239588333,2.3023990604024336,3.6346915310582064
2023,Michigan,8.150697566868388,0.10920263063339555,78,0.3304582131425932,7.820239353725794,8.481155780010981,7.5029994691089055,8.79839566462787
2023,Michigan State,3.6940732282286683,0.10664953292259283,79,0.32657240073618105,3.367500827492487,4.020645628964849,3.0539913227857536,4.334155133671583
2023,Middle Tennessee,2.4447656859692777,0.13677316800682982,68,0.3698285656987976,2.07493712027048,2.8145942516680753,1.7199016971996346,3.1696296747389208
2023,Minnesota,4.193503569937914,0.1070986766951179,49,0.32725934164683196,3.8662442282910825,4.520762911584747,3.552075260310124,4.834931879565705
2023,Mississippi State,4.968572970705288,0.10106883219338696,59,0.3179132463320567,4.650659724373231,5.286486217037345,4.345463007894456,5.591682933516119
2023,Missouri,7.089621174139855,0.11641336692046059,49,0.34119403119113995,6.748427142948715,7.430815205330995,6.4208808730052205,7.758361475274489
2023,NC State,5.85916417181753,0.11436574673131747,60,0.33818005075893737,5.520984121058593,6.197344222576467,5.196331272330013,6.521997071305047
2023,Navy,3.693276363846977,0.09237190816998207,60,0.3039274718908807,3.389348891956096,3.997203835737858,3.0975785189408507,4.288974208753103
2023,Nebraska,3.747345643691904,0.10255052776895349,69,0.32023511326672705,3.427110530425177,4.067580756958631,3.119684821689119,4.375006465694689
2023,Nevada,0.35942012364421233,0.10403386680229576,64,0.32254281390583756,0.036877309738374775,0.6819629375500499,-0.27276379161122927,0.9916040388996539
2023,New Mexico,0.7061934780201813,0.09185491600536656,70,0.3030757595146246,0.40311771850555667,1.0092692375348058,0.11216498937151709,1.3002219666688455
2023,New Mexico State,2.3289110398676023,0.1457596935476772,69,0.381784878626272,1.9471261612413304,2.710695918493874,1.5806126777601093,3.0772094019750953
2023,North Carolina,6.360767535337126,0.13252741336377027,64,0.3640431476676498,5.996724387669476,6.724810683004776,5.647242965908532,7.0742921047657195
2023,North Texas,2.900263883207826,0.11701810657336499,64,0.34207909403143155,2.5581847891763942,3.2423429772392574,2.22978885890622,3.5707389075094316
2023,Northern Illinois,2.7088751417562835,0.10949647149956196,65,0.3309025105670278,2.3779726311892557,3.0397776523233113,2.0603062210449092,3.357444062467658
2023,Northwestern,4.187769102151227,0.11800636009741981,64,0.3435205381013191,3.8442485640499084,4.531289640252546,3.5144688474726418,4.8610693568298124
2023,Notre Dame,7.17253973627665,0.103779326292263,70,0.32214798818596246,6.850391748090687,7.494687724462612,6.541129679432164,7.803949793121136
2023,Ohio,3.370071641384863,0.1066464171148277,57,0.32656763023120905,3.0435040111536535,3.696639271616072,2.729999086131693,4.0101441966380325
2023,Ohio State,7.063137851767665,0.11484233905225052,62,0.33888396104308405,6.72425389072458,7.402021812810749,6.39892528812322,7.7273504154121095
2023,Oklahoma,5.667426570896981,0.13178779938032517,73,0.36302589353973796,5.304400677357243,6.030452464436719,4.955895819559094,6.378957322234868
2023,Oklahoma State,5.3119137154259,0.14222512542454066,58,0.37712746575201955,4.934786249673881,5.68904118117792,4.572743882551942,6.051083548299859
2023,Old Dominion,2.890392996872329,0.12434590752518436,58,0.3526271508621881,2.537765846010141,3.243020147734517,2.1992437811824406,3.5815422125622174
2023,Ole Miss,7.0273805211313265,0.11587540689007848,66,0.3404047691940853,6.686975751937241,7.367785290325412,6.360187173510919,7.694573868751734
2023,Oregon,7.222463225249712,0.1508979481722088,72,0.38845585099494745,6.834007374254764,7.6109190762446595,6.461089757299614,7.983836693199809
2023,Oregon State,5.0294775983193425,0.13022243686448606,69,0.36086346014037785,4.668614138178965,5.39034105845972,4.322185216444202,5.736769980194483
2023,Penn State,6.702835653280577,0.11137784112137994,69,0.33373318852247813,6.3691024647580985,7.036568841803055,6.0487186037765195,7.356952702784634
2023,Pittsburgh,3.7524108515603904,0.10878195801268903,60,0.329821100011338,3.4225897515490527,4.082231951571728,3.105961495538168,4.398860207582613
2023,Purdue,4.012684540486196,0.11907930236653787,55,0.34507869010783304,3.6676058503783633,4.3577632305940295,3.3363303078748436,4.689038773097549
2023,Rice,3.350240877530601,0.11492716399144466,62,0.33900909131090373,3.0112317862196973,3.6892499688415046,2.6857830585612295,4.0146986964999725
2023,Rutgers,4.827357553025643,0.1084585070632825,66,0.3293303919520373,4.498027161073606,5.156687944977681,4.1818699847996506,5.472845121251636
2023,SMU,5.728903584821346,0.12479220097280155,82,0.3532593961564243,5.375644188664921,6.08216298097777,5.036515168354754,6.421292001287938
2023,Sam Houston,1.4978163905771233,0.1173072666347068,66,0.34250148413504256,1.1553149064420807,1.840317874712166,0.82651348167244,2.1691192994818067
2023,San Diego State,1.1266944808398023,0.10901902448246725,60,0.33018029087525386,0.7965141899645485,1.456874771715056,0.4795411107243047,1.7738478509553
2023,San José State,3.1160757856219203,0.11315423408273499,62,0.3363840574146388,2.7796917282072817,3.452459843036559,2.4567630330892283,3.7753885381546124
2023,South Alabama,4.948839248812929,0.10701370384988454,68,0.3271294909510369,4.621709757861892,5.275968739763965,4.307665446548897,5.590013051076961
2023,South Carolina,5.493348213984206,0.11741406417126578,67,0.3426573568030691,5.150690857181137,5.836005570787274,4.82173979465019,6.164956633318221
2023,South Florida,3.714576235112394,0.12689830499128954,61,0.35622788351179013,3.358348351600604,4.070804118624184,3.0163695834292854,4.412782886795503
2023,Southern Miss,2.7650360174699857,0.09961604755440222,69,0.31562010004814683,2.449415917421839,3.0806561175181324,2.146420621375618,3.3836514135643534
2023,Stanford,3.211200387942852,0.14116378030873356,66,0.3757176869788453,2.8354827009640067,3.586918074921697,2.474793721464315,3.947607054421389
2023,Syracuse,3.4458412037517743,0.09958187701080784,69,0.31556596301060075,3.1302752407411734,3.761407166762375,2.827331916250997,4.064350491252552
2023,TCU,4.879414732744584,0.13924808434055988,67,0.3731595963399037,4.50625513640468,5.252574329084488,4.148021923918373,5.610807541570795
2023,Temple,2.776653393797102,0.11633603444828174,68,0.34108068612614484,2.435572707670957,3.117734079923247,2.108135248989858,3.445171538604346
2023,Tennessee,6.9540095078855515,0.10840856855755848,72,0.32925456497603567,6.624754942909516,7.283264072861587,6.308670560532522,7.599348455238581
2023,Texas,6.582892945705046,0.1327163802349368,64,0.3643025943291329,6.218590351375913,6.947195540034179,5.868859860819946,7.296926030590146
2023,Texas A&M,6.146003507059687,0.10536712372387416,67,0.3246030248224347,5.8214004822372525,6.4706065318821215,5.509781578407715,6.782225435711659
2023,Texas State,3.846136857948391,0.12095357842976129,68,0.347783809901728,3.498353048046663,4.193920667850119,3.164480590541004,4.527793125355778
2023,Texas Tech,5.297008669767471,0.1323169906607083,67,0.36375402494090464,4.933254644826566,5.660762694708375,4.584050780883298,6.0099665586516435
2023,Toledo,4.095892104379529,0.12616128563625906,72,0.3551918997334526,3.7407002046460764,4.451084004112982,3.399715980901962,4.792068227857096
2023,Troy,4.689744756038589,0.1258628983450174,61,0.35477161434508453,4.334973141693505,5.044516370383674,3.9943923919222235,5.3850971201549545
2023,Tulane,4.808258473722415,0.11646764660938516,64,0.34127356564695305,4.466984908075462,5.149532039369369,4.139362285054387,5.4771546623904435
2023,Tulsa,2.952867392510863,0.10576164406236195,67,0.32521015368890616,2.6276572388219566,3.278077546199769,2.315455491280607,3.5902792937411188
2023,UAB,3.8751970431861706,0.1165793409315456,70,0.3414371698153931,3.5337598733707773,4.216634213001564,3.205980190348,4.544413896024341
2023,UCF,4.659199301325941,0.1142152105356357,59,0.33795740935158636,4.3212418919743545,4.997156710677528,3.996802778996832,5.32159582365505
2023,UCLA,4.511161460253963,0.13684072363618682,74,0.3699198881328048,4.141241572121158,4.881081348386768,3.786118479513666,5.2362044409942605
2023,UConn,3.6319722454435333,0.10311992269986081,66,0.3211229090237269,3.3108493364198064,3.95309515446726,3.0025713437570287,4.261373147130038
2023,UL Monroe,2.6413240105797886,0.11016075477135939,65,0.3319047374946001,2.3094192730851884,2.973228748074389,1.9907907250903725,3.291857296069205
2023,UNLV,2.926104919838604,0.1261301700702362,61,0.3551480959687609,2.5709568238698433,3.2812530158073647,2.2300146517398325,3.6221951879373755
2023,USC,5.178137714738606,0.13365909431083794,70,0.3655941661334846,4.812543548605121,5.54373188087209,4.461573149116976,5.894702280360235
2023,UTEP,1.541704680921068,0.11190728147646288,68,0.33452545714259607,1.2071792237784718,1.8762301380636641,0.8860347849215796,2.197374576920556
2023,UTSA,4.486411715456485,0.1209368765678896,71,0.34775979722775546,4.138651918228729,4.83417151268424,3.8048025128900838,5.1680209180228855
2023,Utah,3.826997857595789,0.11992088681235143,64,0.34629595263639945,3.4807019049593895,4.173293810232188,3.1482577904284463,4.505737924763132
2023,Utah State,2.9368067827737265,0.12821048306442448,60,0.35806491459569795,2.5787418681780285,3.2948716973694245,2.2349995501661586,3.6386140153812945
2023,Vanderbilt,3.777403512099918,0.10907433117983305,60,0.3302640325252404,3.4471394795746777,4.1076675446251585,3.130086008350447,4.424721015849389
2023,Virginia,4.792209281291712,0.11544755923107429,57,0.3397757484445797,4.452433532847133,5.131985029736292,4.126248814340336,5.458169748243089
2023,Virginia Tech,4.394061950161964,0.10406779572250346,68,0.32259540561282557,4.071466544549138,4.71665735577479,3.761774955160826,5.026348945163102
2023,Wake Forest,4.434060018789594,0.10960108624872655,59,0.33106054770800847,4.102999471081586,4.765120566497603,3.785181345281898,5.082938692297291
2023,Washington,6.51202085412492,0.160698208124864,68,0.40087181009003864,6.111149044034881,6.912892664214959,5.726312106348444,7.297729601901396
2023,Washington State,3.6268203010573905,0.13858006708420081,67,0.3722634377483247,3.254556863309066,3.999083738805715,2.897183963070674,4.356456639044107
2023,West Virginia,5.291575443375959,0.11532137767653114,72,0.33959001410013684,4.9519854292758225,5.631165457476095,4.6259790157396905,5.9571718710122274
2023,Western Kentucky,2.582831713501235,0.13525436023221482,64,0.36776943895899616,2.215062274542239,2.9506011524602314,1.8620036131416025,3.3036598138608677
2023,Western Michigan,2.5977087134721253,0.11403982895860393,52,0.3376978367692099,2.2600108767029154,2.935406550241335,1.935820953404474,3.2595964735397764
2023,Wisconsin,5.07688343175108,0.13084929074910084,54,0.36173096459814,4.71515246715294,5.4386143963492195,4.3678907411387256,5.785876122363434
2023,Wyoming,3.6341272627673007,0.11663995655223627,57,0.3415259236898954,3.292601339077405,3.9756531864571962,2.9647364523351056,4.303518073199496
2024,Air Force,2.737457265226788,0.08512141416115064,79,0.2917557440071243,2.445701521219664,3.0292130092339122,2.1656160069728245,3.3092985234807517
2024,Akron,2.423773488871792,0.10866063134245843,63,0.32963712069859247,2.0941363681731997,2.7534106095703845,1.7776847323025509,3.0698622454410334
2024,Alabama,6.988795667168535,0.108018224013937,75,0.3286612602877574,6.660134406880778,7.317456927456292,6.344619597004531,7.632971737332539
2024,App State,2.1490749524193293,0.09723847559220056,56,0.31183084451702425,1.837244107902305,2.4609057969363537,1.5378864971659618,2.7602634076726966
2024,Arizona,3.707500623853668,0.12977035955261804,61,0.3602365327845276,3.3472640910691402,4.067737156638195,3.001437019595994,4.413564228111342
2024,Arizona State,4.9461025383938,0.13084230387587745,66,0.36172130691442195,4.584381231479378,5.3078238453082225,4.2371287768415336,5.655076299946067
2024,Arkansas,5.536868579468654,0.12053870349358586,64,0.34718684233937475,5.189681737129279,5.8840554218080285,4.856382368483479,6.217354790453828
2024,Arkansas State,2.261787142950347,0.11749772531812502,62,0.3427794120394704,1.9190077309108768,2.6045665549898174,1.589939495352985,2.933634790547709
2024,Army,4.511074244332854,0.09021613994140058,75,0.30036001721500916,4.210714227117845,4.811434261547864,3.922368610591436,5.099779878074272
2024,Auburn,5.7318936400230385,0.10119303680386481,70,0.31810852991371485,5.413785110109323,6.050002169936754,5.108400921392158,6.355386358653919
2024,BYU,5.1154823242235,0.12775751145616923,67,0.35743182770448584,4.758050496519014,5.472914151927985,4.4149159419227075,5.816048706524292
2024,Ball State,2.213639587449183,0.11028888170016403,63,0.33209769902871056,1.8815418884204727,2.5457372864778938,1.5627280973529105,2.864551077545456
2024,Baylor,5.399282340843109,0.13252423892599613,67,0.3640387876669135,5.035243553176195,5.7633211285100225,4.6857663170159585,6.112798364670259
2024,Boise State,4.761978990138816,0.13396191562815968,67,0.3660080813700152,4.395970908768801,5.127987071508832,4.044603150653586,5.479354829624047
2024,Boston College,5.490026055770998,0.1041354600899434,69,0.32270026354179415,5.167325792229204,5.812726319312792,4.857533539229081,6.122518572312915
2024,Bowling Green,4.351564644322954,0.1095160834203927,64,0.330932143226361,4.020632501096593,4.682496787549315,3.7029376435992862,5.0001916450466215
2024,Buffalo,2.9677098619865094,0.12446197531068137,63,0.3527916882675687,2.614918173718941,3.320501550254078,2.2762381529820748,3.659181570990944
2024,California,5.224109768662282,0.11678371947747829,64,0.34173633034472395,4.882373438317558,5.565846099007006,4.554306561186623,5.8939129761379405
2024,Central Michigan,2.492246896741275,0.10140699581307021,64,0.31844465109822495,2.17380224564305,2.8106915478395003,1.8680953805887544,3.116398412893796
2024,Charlotte,2.5188989560043944,0.10296975486036476,76,0.3208890070731074,2.198009948931287,2.8397879630775016,1.889956502141104,3.147841409867685
2024,Cincinnati,4.217315430154189,0.11520057531190177,64,0.33941210248295767,3.8779033276712314,4.556727532637146,3.552067709287592,4.882563151020786
2024,Clemson,6.579218489008756,0.12706422142452137,78,0.3564606870673418,6.222757801941414,6.935679176076098,5.880555542356766,7.277881435660746
2024,Coastal Carolina,2.3756802769586556,0.11305804414218333,67,0.33624105064995163,2.039439226308704,2.711921327608607,1.7166478176847504,3.034712736232561
2024,Colorado,5.893729258743369,0.14699866406214243,65,0.3834040480513246,5.510325210692045,6.277133306794694,5.142257324562773,6.645201192923966
2024,Colorado State,2.8016277506843057,0.11787036743392566,59,0.3433225414008315,2.4583052092834743,3.144950292085137,2.128715569538676,3.4745399318299355
2024,Duke,5.9721555083738265,0.12493810192776013,66,0.35346584266058884,5.618689665713237,6.325621351034416,5.279362456759072,6.664948559988581
2024,East Carolina,3.776297841509536,0.12644867559766607,67,0.3555962255109945,3.4207016159985413,4.13189406702053,3.0793292395079868,4.473266443511085
2024,Eastern Michigan,2.8110985200119973,0.11551298758416048,69,0.339872016477027,2.4712265035349703,3.1509705364890244,2.1449493677170244,3.4772476723069703
2024,Florida,5.785133502553249,0.10034463293411192,76,0.3167722098513566,5.468361292701892,6.101905712404606,5.16425997124459,6.406007033861908
2024,Florida Atlantic,2.6514209923365284,0.10584013338475246,65,0.32533080608013815,2.32609018625639,2.9767517984166667,2.0137726124194577,3.289069372253599
2024,Florida International,2.49132586712633,0.11229898622898254,68,0.3351104090131826,2.1562154581131474,2.8264362761395128,1.834509465460492,3.148142268792168
2024,Florida State,4.448860890714314,0.09354397945944641,79,0.30584960267988975,4.143011288034424,4.754710493394203,3.84939566946173,5.048326111966897
2024,Fresno State,3.338778926844964,0.13026428038781385,69,0.3609214324306799,2.977857494414284,3.699700359275644,2.6313729192808313,4.046184934409096
2024,Georgia,6.549470538343644,0.1261348718141839,72,0.3551547153202163,6.194315823023428,6.90462525366386,5.85336729631602,7.245573780371267
2024,Georgia Southern,2.759169675974046,0.12414596152038805,63,0.35234352771178873,2.4068261482622573,3.111513203685835,2.0685763616589403,3.449762990289152
2024,Georgia State,2.7680314923855898,0.11269387544197101,62,0.33569908466060944,2.43233240772498,3.1037305770461994,2.1100612864507955,3.426001698320384
2024,Georgia Tech,5.77942473377454,0.10905199102388212,64,0.3302302091327838,5.449194524641756,6.109654942907325,5.132173523874284,6.426675943674796
2024,Hawai'i,2.8688759915206217,0.11946477279750445,67,0.3456367642446394,2.5232392272759823,3.214512755765261,2.1914279336011284,3.546324049440115
2024,Houston,3.2755581806868825,0.10404192332869289,59,0.3225553027446501,2.9530028779422324,3.5981134834315327,2.6433497873073684,3.9077665740663967
2024,Illinois,5.5148456458250745,0.1152663774548158,64,0.33950902411396344,5.175336621711111,5.854354669939038,4.849407958561706,6.180283333088443
2024,Indiana,7.644779404198524,0.11437150253986972,67,0.33818856062834196,7.3065908435701825,7.982967964826866,6.981929825366974,8.307628983030074
2024,Iowa,5.808218252823064,0.09933675417429945,65,0.3151773376597681,5.493040915163296,6.123395590482832,5.190470671009918,6.42596583463621
2024,Iowa State,4.578730271643016,0.1290966403853348,68,0.3593002092753841,4.219430062367632,4.9380304809184,3.874501861463263,5.282958681822769
2024,Jacksonville State,2.2485314841101434,0.12605500552035986,68,0.35504225878106377,1.8934892253290796,2.603573742891207,1.5526486568992584,2.9444143113210286
2024,James Madison,4.069207946341787,0.11855534803265351,72,0.3443186722102847,3.724889274131502,4.413526618552072,3.3943433488096284,4.744072543873945
2024,Kansas,5.201923336947675,0.11360143775852381,59,0.33704812380211197,4.864875213145563,5.538971460749787,4.5413090142955355,5.862537659599814
2024,Kansas State,5.411347598235595,0.12903963993160592,65,0.3592208790307238,5.052126719204872,5.770568477266319,4.707274675335377,6.115420521135814
2024,Kennesaw State,0.7145164513809737,0.10766430234472724,57,0.3281223892768173,0.38639406210415644,1.042638840657791,0.0713965683984118,1.3576363343635358
2024,Kent State,1.2084606281782477,0.1021929678363296,64,0.31967634857200433,0.8887842796062434,1.5281369767502522,0.5818949849771192,1.8350262713793764
2024,Kentucky,3.400004509292935,0.08358194796633281,74,0.2891054270786573,3.110899082214278,3.689109936371592,2.833357872218767,3.966651146367103
2024,LSU,6.210166360140902,0.10907881268916492,65,0.33027081719274703,5.879895542948155,6.540437177333649,5.562835558443118,6.857497161838686
2024,Liberty,1.9553738121352922,0.10314893289844713,69,0.3211680757772278,1.6342057363580644,2.27654188791252,1.3258843836119256,2.5848632406586587
2024,Louisiana,2.9875439228274585,0.11144774286264296,70,0.3338378990807409,2.6537060237467176,3.3213818219081994,2.3332216406292066,3.6418662050257105
2024,Louisiana Tech,1.4602905544400673,0.11633330187930709,59,0.34107668035107164,1.1192138740889956,1.801367234791139,0.7917802609519669,2.1288008479281677
2024,Louisville,6.585239825021047,0.11414850550589135,69,0.3378587064231013,6.2473811185979455,6.923098531444148,5.923036760431768,7.247442889610325
2024,Marshall,3.1486097859044975,0.11353291783946533,65,0.3369464613843946,2.811663324520103,3.485556247288892,2.488194721591084,3.809024850217911
2024,Maryland,5.899308092398857,0.11488292490609525,69,0.3389438373921191,5.560364255006738,6.238251929790976,5.234978171110304,6.56363801368741
2024,Massachusetts,2.309979148670945,0.09746580413953038,66,0.312195137917826,1.997784010753119,2.622174286588771,1.698076678352006,2.921881618989884
2024,Memphis,4.175455681701101,0.1254911334968275,58,0.3542472773315661,3.821208404369535,4.529702959032667,3.4811310181312316,4.8697803452709705
2024,Miami,7.376442533192706,0.11247414623653094,72,0.33537165389539253,7.041070879297314,7.711814187088098,6.719114091557737,8.033770974827675
2024,Miami (OH),3.4164468289022953,0.12805857124858522,65,0.35785272284640396,3.0585941060558914,3.7742995517486992,2.7150554921233434,4.117838165681247
2024,Michigan,6.859245193661191,0.1015829105515346,67,0.3187207406987104,6.54052445296248,7.177965934359901,6.234552541891718,7.483937845430663
2024,Michigan State,4.361877299026459,0.10161771584547923,71,0.3187753375740966,4.043101961452363,4.680652636600556,3.73707763738123,4.986676960671689
2024,Middle Tennessee,1.394568252480877,0.10555955053428953,71,0.3248992929113413,1.0696689595695357,1.7194675453922181,0.7577656383746479,2.031370866587106
2024,Minnesota,6.328702146132946,0.10961122871083107,64,0.3310758654913267,5.997626280641619,6.659778011624272,5.679793449769945,6.977610842495946
2024,Mississippi State,3.50584733058319,0.10482197544261641,65,0.3237622205301545,3.1820851100530354,3.8296095511133443,2.871273378344087,4.140421282822293
2024,Missouri,5.625812755648594,0.1003808373243286,70,0.31682935047802724,5.308983405170567,5.9426421061266215,5.004827228711661,6.2467982825855275
2024,NC State,4.746140749125092,0.10710950027554587,59,0.32727587793105967,4.418864871194033,5.073416627056152,4.104680028380216,5.387601469869969
2024,Navy,4.950145151131663,0.1081195436480976,69,0.3288153640694084,4.621329787062255,5.278960515201071,4.305667037555622,5.594623264707703
2024,Nebraska,5.513044053794995,0.10724331147317588,75,0.3274802459281718,5.185563807866823,5.840524299723167,4.8711827717757785,6.154905335814211
2024,Nevada,3.7326451564163197,0.12080266750017213,62,0.34756678135312663,3.385078375063193,4.080211937769446,3.0514142649641913,4.413876047868448
2024,New Mexico,2.787309295768299,0.1233025441953033,52,0.35114462005746766,2.436164675710831,3.1384539158257665,2.099065840455662,3.4755527510809356
2024,New Mexico State,0.6221542984970118,0.11414576818538393,69,0.3378546554146974,0.28429964308231437,0.9600089539117092,-0.04004082611579507,1.2843494231098185
2024,North Carolina,5.128367024289365,0.11114675987142708,68,0.3333868021854301,4.794980222103935,5.461753826474795,4.474928892005922,5.781805156572808
2024,North Texas,2.758223311815693,0.13637063203037314,69,0.3692839449940562,2.3889393668216368,3.127507256809749,2.034426779627343,3.482019844004043
2024,Northern Illinois,4.083944032437747,0.10822888198010884,67,0.3289815830409186,3.754962449396829,4.412925615478666,3.439140129677547,4.728747935197948
2024,Northwestern,4.684791992331242,0.11000812087758269,59,0.3316747214931863,4.353117270838055,5.016466713824428,4.034709538204597,5.334874446457887
2024,Notre Dame,8.178363698412708,0.11829378798737622,76,0.34393863985800754,7.8344250585547,8.522302338270716,7.504243964291013,8.852483432534402
2024,Ohio,3.715776114785419,0.11504340053659189,64,0.3391804837200865,3.3765956310653324,4.054956598505505,3.050982366694049,4.380569862876788
2024,Ohio State,9.386383693665088,0.12658936853668729,66,0.35579399733088146,9.030589696334207,9.74217769099597,8.689027458896561,10.083739928433616
2024,Oklahoma,5.011466073284164,0.09930829746469129,75,0.31513219046091007,4.696333882823254,5.326598263745074,4.393806979980781,5.6291251665875475
2024,Oklahoma State,4.225337220031342,0.132156896239753,65,0.36353389971191546,3.8618033203194266,4.588871119743257,3.512810776595988,4.937863663466697
2024,Old Dominion,2.4928352584292295,0.11012829381844823,64,0.33185583288296777,2.1609794255462615,2.8246910913121974,1.8423978259786127,3.1432726908798463
2024,Ole Miss,7.8932894298992275,0.12169905605518454,65,0.3488539179301052,7.544435511969122,8.242143347829332,7.209535750756221,8.577043109042233
2024,Oregon,8.010037335272223,0.12430459956826799,67,0.35256857427778215,7.6574687609944405,8.362605909550005,7.31900292968777,8.701071740856676
2024,Oregon State,2.8129694610934144,0.10460090817340593,63,0.32342063659173936,2.489548824501675,3.1363900976851538,2.1790650133736054,3.4468739088132234
2024,Penn State,8.696989560590712,0.12762959138637753,71,0.3572528395777667,8.339736721012946,9.054242400168478,7.996773995018289,9.397205126163135
2024,Pittsburgh,5.231677554658684,0.12553214493911435,70,0.3543051579346741,4.8773723967240095,5.585982712593358,4.537239445106723,5.926115664210645
2024,Purdue,3.888231540469014,0.10638498430131088,64,0.3261671110049431,3.562064429464071,4.2143986514739575,3.248944002899326,4.5275190780387025
2024,Rice,2.805319207916497,0.11271774381784017,61,0.33573463303305506,2.4695845748834415,3.141053840949552,2.147279327171709,3.4633590886612846
2024,Rutgers,4.875639185250767,0.12287669868196666,64,0.35053772790095883,4.525101457349808,5.226176913151726,4.188585238564888,5.562693131936647
2024,SMU,6.890396825852666,0.12515240038639464,74,0.3537688516339372,6.536627974218729,7.2441656774866034,6.197009876650149,7.583783775055183
2024,Sam Houston,1.8263010480742412,0.1179498308439464,62,0.34343824895306346,1.4828627991211778,2.169739297027305,1.1531620801262368,2.4994400160222456
2024,San Diego State,2.011403282207234,0.1233315900414915,62,0.35118597643056804,1.660217305776666,2.362589258637802,1.3230787684033207,2.6997277960111474
2024,San José State,4.104430847438627,0.14242968428632885,61,0.37739857483346284,3.7270322726051637,4.48182942227209,3.3647296407650393,4.8441320541122135
2024,South Alabama,3.8111846814679575,0.11653535579039104,67,0.34137275197413025,3.469811929493827,4.152557433442087,3.1420940875986623,4.480275275337252
2024,South Carolina,5.251531048755119,0.10627176174360244,73,0.32599349954194246,4.9255375492131765,5.5775245482970615,4.612583789652912,5.890478307857326
2024,South Florida,3.6045878366132436,0.12352941832703657,74,0.3514675210130184,3.253120315600225,3.956055357626262,2.9157114954277272,4.29346417779876
2024,Southern Miss,0.6079429922288453,0.09571455572492797,71,0.30937769105888674,0.29856530116995855,0.9173206832877321,0.0015627177534273118,1.2143232667042634
2024,Stanford,3.789069245595477,0.104343914558291,55,0.3230230867264614,3.4660461588690152,4.1120923323219385,3.1559439956116124,4.422194495579341
2024,Syracuse,5.529864669621623,0.11451492631565736,65,0.3384005412461058,5.191464128375517,5.868265210867729,4.866599608779255,6.1931297304639905
2024,TCU,4.9878120468716975,0.13407529439711255,64,0.36616293422069984,4.6216491126509975,5.353974981092398,4.270132695799126,5.705491397944269
2024,Temple,2.2177424810652155,0.10948908520915678,72,0.3308913495532284,1.8868511315119871,2.548633830618444,1.569195435940888,2.866289526189543
2024,Tennessee,5.385733707520083,0.10620682945342472,89,0.3258938929366807,5.059839814583402,5.711627600456763,4.746981677364189,6.024485737675977
2024,Texas,7.925185583928981,0.12809018002028824,72,0.35789688461942254,7.567288699309558,8.283082468548404,7.223707690074913,8.62666347778305
2024,Texas A&M,5.795564544529089,0.1103418113481565,72,0.33217737934446484,5.463387165184624,6.127741923873554,5.1444968810139375,6.446632208044241
2024,Texas State,4.6694555695244535,0.11859846477621812,70,0.3443812782022538,4.3250742913222,5.013836847726707,3.9944682642480362,5.344442874800871
2024,Texas Tech,5.474569288706531,0.14619979925229415,70,0.38236082337537425,5.092208465331157,5.856930112081906,4.7251420748907975,6.223996502522265
2024,Toledo,4.096007605856628,0.13151440255184332,60,0.36264914525177544,3.733358460604853,4.458656751108403,3.3852152811631484,4.806799930550108
2024,Troy,2.4830860557257437,0.09886176688216664,65,0.3144229108735027,2.168663144852241,2.7975089665992465,1.8668171504136784,3.0993549610378093
2024,Tulane,5.2046771640208656,0.11154152562114598,70,0.3339783310652743,4.870698832955592,5.5386554950861395,4.550079635132928,5.859274692908803
2024,Tulsa,1.2242744599990352,0.1192255537373824,70,0.3452905352560108,0.8789839247430244,1.569564995255046,0.547505010897254,1.9010439091008164
2024,UAB,2.3587510873356328,0.11655566001804714,75,0.34140248976544846,2.017348597570184,2.7001535771010814,1.6896022073953538,3.0278999672759115
2024,UCF,4.649651414994075,0.11025662572304788,63,0.33204913148967563,4.3176022835043995,4.981700546483751,3.998835117274311,5.300467712713839
2024,UCLA,4.438871079084683,0.11055292659902625,56,0.33249500236699236,4.10637607671769,4.771366081451675,3.7871808744453777,5.0905612837239875
2024,UConn,4.678307430134333,0.11161881620787195,61,0.334094023005309,4.344213407129024,5.012401453139642,4.023483145043928,5.333131715224738
2024,UL Monroe,0.9610398927047267,0.09905125956938267,58,0.3147241007126443,0.6463157919920823,1.275763993417371,0.34418065530794384,1.5778991301015095
2024,UNLV,5.7538451078880195,0.13551693977487597,77,0.36812625520991565,5.385718852678104,6.121971363097935,5.032317647676585,6.475372568099454
2024,USC,6.089610772461936,0.11962616923105084,65,0.3458701623890833,5.7437406100728525,6.435480934851019,5.411705254179332,6.767516290744539
2024,UTEP,1.3424216940977136,0.11679111746241483,63,0.3417471542857597,1.0006745398119539,1.6841688483834734,0.6725972716976246,2.0122461164978027
2024,UTSA,4.070718956329308,0.1244993716452538,74,0.3528446848760143,3.7178742714532933,4.423563641205321,3.37914337397232,4.762294538686295
2024,Utah,3.8087709762290034,0.12360019384102272,65,0.35156819230559344,3.45720278392341,4.1603391685345965,3.11969731931004,4.497844633147967
2024,Utah State,2.928259212576498,0.12401244397817175,64,0.3521540060515736,2.5761052065249244,3.2804132186280714,2.238037360715414,3.618481064437582
2024,Vanderbilt,4.690182187501571,0.09920945548710618,60,0.31497532520358823,4.375206862297983,5.005157512705159,4.0728305501025375,5.307533824900604
2024,Virginia,4.084321180930882,0.10627893559002488,62,0.32600450240759693,3.758316678523285,4.4103256833384785,3.445352356211992,4.723290005649772
2024,Virginia Tech,4.618436212497409,0.10455670039940958,68,0.3233522852855838,4.2950839272118255,4.9417884977829925,3.984665733337665,5.252206691657153
2024,Wake Forest,5.246987549667638,0.11865081368751662,54,0.3444572741103265,4.902530275557312,5.591444823777965,4.571851292411399,5.922123806923878
2024,Washington,6.0062217645000855,0.11293454822926843,65,0.3360573585405748,5.670164405959511,6.34227912304066,5.347549341760559,6.664894187239612
2024,Washington State,3.6090508833667267,0.1338213892092987,64,0.3658160592556028,3.243234824111124,3.9748669426223295,2.892051407225745,4.326050359507708
2024,West Virginia,4.769378007146194,0.11445563990042537,55,0.3383129319142639,4.43106507523193,5.107690939060459,4.106284660594238,5.432471353698151
2024,Western Kentucky,2.867716319928228,0.12154955175255804,64,0.3486395728435859,2.5190767470846422,3.216355892771814,2.1843827571547996,3.5510498827016566
2024,Western Michigan,2.9603267857282054,0.10827175902860751,60,0.3290467429235663,2.6312800428046392,3.2893735286517716,2.3153951695980153,3.6052584018583955
2024,Wisconsin,4.365590328729067,0.1062569109731502,62,0.32597072103664493,4.039619607692423,4.691561049765712,3.726687715497243,5.0044929419608915
2024,Wyoming,2.430536249163765,0.1110689151597118,59,0.33327003339591127,2.097266215767854,2.7638062825596763,1.7773269837077792,3.083745514619751
2025,Air Force,3.0030967425040744,0.09370280774947636,70,0.30610914352478324,2.696987598979291,3.309205886028858,2.4031228211954994,3.6030706638126495
2025,Akron,1.0313445014321931,0.11484745330740459,67,0.3388915066911601,0.6924529947410331,1.3702360081233533,0.3671171483175194,1.6955718545468668
2025,Alabama,7.943131488911069,0.1328979330450908,77,0.36455168775509844,7.57857980115597,8.307683176666167,7.228610180911076,8.657652796911062
2025,App State,2.598738938391588,0.14049577606281302,68,0.3748276618164847,2.2239112765751035,2.9735666002080725,1.864076721231278,3.333401155551898
2025,Arizona,5.133395702515052,0.13365933796303464,67,0.36559449936101973,4.767801203154032,5.4989902018760715,4.416830483767453,5.84996092126265
2025,Arizona State,4.831817861234343,0.128471596839497,62,0.35842934706786633,4.473388514166477,5.1902472083022095,4.129296340981325,5.534339381487362
2025,Arkansas,5.143055332475816,0.1132849505397075,70,0.3365782977847911,4.806477034691025,5.479633630260607,4.483361868817625,5.802748796134007
2025,Arkansas State,2.8442924104141776,0.1359657587677816,62,0.36873535058057777,2.4755570598335996,3.2130277609947555,2.121571123276245,3.56701369755211
2025,Army,4.356410355556483,0.10350577789803769,59,0.32172313858042245,4.034687216976061,4.6781334941369055,3.725833003938855,4.986987707174111
2025,Auburn,5.489808255406161,0.10760004657759949,62,0.3280244603342859,5.161783795071875,5.8178327157404475,4.846880313150961,6.1327361976613615
2025,BYU,5.610726941298234,0.13347346904935375,75,0.36534021000890904,5.245386731289325,5.976067151307142,4.894660129680772,6.3267937529156955
2025,Ball State,0.7808410146586683,0.10631947899708162,61,0.32606667875924034,0.45477433589942795,1.1069076934179085,0.14175032429055723,1.4199317050267792
2025,Baylor,4.8469988861445445,0.14087018062082124,60,0.3753267651271639,4.471672121017381,5.222325651271708,4.111358426495303,5.582639345793786
2025,Boise State,2.9613692877932762,0.12926502055998948,64,0.35953444975410837,2.601834838039168,3.3209037375473844,2.256681766275224,3.6660568093113284
2025,Boston College,4.092623453402284,0.11316990727000885,76,0.3364073531747023,3.756216100227582,4.429030806576987,3.433265041179868,4.751981865624701
2025,Bowling Green,2.5553499347830306,0.09579047902756951,65,0.30950036999585234,2.245849564787178,2.864850304778883,1.9487292095911601,3.161970659974901
2025,Buffalo,3.0432461084721365,0.12444819779490295,57,0.3527721613093966,2.69047394716274,3.396018269781533,2.3518126723057193,3.7346795446385537
2025,California,4.088295794746067,0.12285509587987692,63,0.35050691274192713,3.7377888820041396,4.438802707487994,3.4013022457718893,4.775289343720244
2025,Central Michigan,2.848869224680955,0.10590794985478966,75,0.32543501633166283,2.523434208349292,3.1743042410126177,2.211016592670896,3.486721856691014
2025,Charlotte,1.3427698802142027,0.11820686148434427,73,0.34381224743214756,0.9989576327820552,1.6865821276463504,0.6688978752471936,2.016641885181212
2025,Cincinnati,4.808843024564098,0.13583011357575558,70,0.36855137169159413,4.440291652872504,5.177394396255692,4.086482336048573,5.5312037130796226
2025,Clemson,5.906825735632206,0.11791727013114518,74,0.34339084165298467,5.563434893979221,6.250216577285191,5.233779685992356,6.579871785272056
2025,Coastal Carolina,1.7982262914543545,0.12365502214439159,72,0.35164616042890556,1.446580131025449,2.14987245188326,1.1089998170136997,2.4874527658950094
2025,Colorado,3.4974559406902883,0.11718937385609345,63,0.3423293353717929,3.1551266053184954,3.839785276062081,2.8264904433615743,4.168421438019003
2025,Colorado State,1.4790060613710119,0.1107732921856636,67,0.3328262191980428,1.1461798421729692,1.8118322805690545,0.826666671742848,2.131345450999176
2025,Delaware,3.063472377945637,0.14266536508105726,63,0.3777106896568553,2.685761688288782,3.441183067602492,2.3231594262182007,3.8037853296730733
2025,Duke,5.240975730932625,0.13794543792469846,64,0.37141006707505714,4.869565663857568,5.612385798007683,4.513011999465514,5.968939462399737
2025,East Carolina,4.531713153278946,0.12440621390577675,75,0.3527126506177185,4.179000502661228,4.884425803896664,3.8403963580682174,5.223029948489674
2025,Eastern Michigan,2.3916109083732313,0.11398438960685794,64,0.33761574253410925,2.053995165839122,2.7292266509073406,1.7298840530063773,3.0533377637400854
2025,Florida,5.198728386197152,0.10381703395403862,67,0.3222065082428327,4.876521877954319,5.520934894439984,4.5672036300412,5.830253142353103
2025,Florida Atlantic,4.59989023776759,0.1334646430171918,65,0.36532813061300357,4.234562107154586,4.965218368380594,3.883847101766103,5.315933373769077
2025,Florida International,2.6307479045805553,0.12383207055933979,67,0.3518978126663191,2.278850091914236,2.9826457172468746,1.9410281917545698,3.320467617406541
2025,Florida State,5.610335786552312,0.1054631542245026,81,0.3247509110449155,5.285584875507396,5.935086697597228,4.973824000904278,6.2468475722003465
2025,Fresno State,3.0189755848696898,0.10940123410519656,68,0.3307585737440476,2.688217011125642,3.3497341586137375,2.3706887803313563,3.667262389408023
2025,Georgia,6.340523543099486,0.11821050532668931,81,0.3438175465660374,5.996705996533449,6.684341089665524,5.666641151830053,7.01440593436892
2025,Georgia Southern,2.2473501931368802,0.12443823162812653,68,0.35275803552594875,1.8945921576109315,2.6001082286628288,1.5559444435060206,2.93875594276774
2025,Georgia State,2.9164566067702613,0.11992943715881316,75,0.3463082978486267,2.5701483089216346,3.262764904618888,2.237692342986953,3.5952208705535695
2025,Georgia Tech,4.9581558042507154,0.11398538784268401,64,0.33761722089177265,4.620538583358943,5.295773025142488,4.296426051302841,5.6198855571985895
2025,Hawai'i,2.403739187122571,0.12781302000960393,73,0.35750946841951464,2.0462297187030565,2.7612486555420857,1.7030206290203225,3.1044577452248197
2025,Houston,4.833498598991103,0.1301468323395311,59,0.360758689901617,4.472739909089485,5.19425728889272,4.126411566783933,5.540585631198272
2025,Illinois,5.805591883217743,0.1148163895813751,64,0.33884567221874784,5.466746210998995,6.144437555436491,5.141454365668998,6.4697294007664885
2025,Indiana,9.617633792598777,0.12637800833728688,57,0.35549684715519897,9.262136945443578,9.973130639753977,8.920859972174588,10.314407613022967
2025,Iowa,5.252133182212938,0.09795962235562684,68,0.31298501937892625,4.9391481628340115,5.565118201591864,4.638682544230242,5.865583820195633
2025,Iowa State,4.084306547955264,0.11922200227506224,68,0.34528539250171336,3.7390211554535506,4.4295919404569775,3.407547178651906,4.761065917258622
2025,Jacksonville State,3.411862522306814,0.1323810102999681,70,0.3638420128297007,3.048020509477113,3.775704535136515,2.6987321771606005,4.124992867453027
2025,James Madison,5.835120775828185,0.12286886600484674,66,0.35052655534901594,5.484594220479169,6.185647331177201,5.148088727344113,6.522152824312256
2025,Kansas,4.916632860622345,0.11900146496265804,65,0.3449658895639655,4.571666971058379,5.261598750186311,4.240499717076973,5.592766004167717
2025,Kansas State,4.623398516830722,0.1343586588709048,62,0.36654966767261543,4.256848849158107,4.989948184503337,3.904961168192396,5.341835865469048
2025,Kennesaw State,3.355405441591174,0.13694109988448924,60,0.37005553621651066,2.9853499053746635,3.7254609778076846,2.6300965906068132,4.080714292575535
2025,Kent State,2.0430413410225845,0.11202266061610018,64,0.334697864672155,1.7083434763504295,2.3777392056947395,1.3870335262651607,2.699049155780008
2025,Kentucky,4.739554858841259,0.10190864805475099,65,0.31923133939942516,4.420323519441833,5.058786198240684,4.113861433618386,5.365248284064132
2025,LSU,5.1488758663121175,0.11660155920166987,65,0.34146970466158466,4.807406161650533,5.490345570973702,4.479595245175411,5.818156487448824
2025,Liberty,2.283407382263881,0.11002129976077904,68,0.33169458807882146,1.9517127941850596,2.6151019703427023,1.6332859896293908,2.933528774898371
2025,Louisiana,2.1231411041023414,0.10802168398029964,64,0.3286665239727034,1.794474580129638,2.451807628075045,1.4789547171158426,2.76732749108884
2025,Louisiana Tech,3.118935448453539,0.12681427770648754,62,0.35610992362820715,2.762825524825332,3.4750453720817465,2.420959998142253,3.8169108987648253
2025,Louisville,5.904626016753225,0.11171942326349688,65,0.33424455607159387,5.570381460681631,6.238870572824819,5.249506686852901,6.559745346653549
2025,Marshall,3.287994386252399,0.1271202685416973,66,0.35653929452684074,2.931455091725558,3.6445336807792397,2.589177368979791,3.9868114035250066
2025,Maryland,5.181266203211754,0.1305314430715977,63,0.36129135482543406,4.81997484838632,5.542557558037188,4.473135147753903,5.889397258669605
2025,Massachusetts,0.39477738830215847,0.10638075632074902,72,0.3261606296301701,0.06861675867198835,0.7209380179323286,-0.24449744577297494,1.0340522223772919
2025,Memphis,4.67575140037887,0.12918477050089686,63,0.3594228296879552,4.3163285706909145,5.035174230066825,3.9712826541904773,5.380220146567262
2025,Miami,9.331895731554386,0.13277113654157738,67,0.3643777388117685,8.967517992742618,9.696273470366155,8.61771536348332,10.046076099625452
2025,Miami (OH),2.6200260875184416,0.13177067059650063,65,0.3630023010898149,2.2570237864286264,2.9830283886082567,1.9085415773824044,3.3315105976544785
2025,Michigan,6.005298443393975,0.11017846036985127,74,0.3319314091342536,5.673367034259721,6.337229852528228,5.354712881490838,6.6558840052971115
2025,Michigan State,4.956576479409294,0.10785547639641682,65,0.3284135752316229,4.628162904177671,5.284990054640916,4.312885871955313,5.6002670868632745
2025,Middle Tennessee,2.5999940465102043,0.12165150722847483,62,0.348785761218079,2.251208285292125,2.9487798077282834,1.9163739545227694,3.283614138497639
2025,Minnesota,4.166179973080057,0.11471780162175269,62,0.33870016477963616,3.8274798083004207,4.504880137859693,3.5023276501119702,4.830032296048143
2025,Mississippi State,4.748527729043788,0.11603374563869844,74,0.34063726401951155,4.407890465024277,5.089164993063299,4.0808786915655455,5.416176766522031
2025,Missouri,6.792253009892771,0.10937999192835632,72,0.3307264608832446,6.461526549009526,7.1229794707760155,6.1440291465616115,7.44047687322393
2025,Missouri State,1.9243714672306658,0.12293296345011344,60,0.35061797365524977,1.573753493575416,2.2749894408859155,1.2371602388663763,2.6115826955949553
2025,NC State,6.019840995681374,0.12888092241751886,64,0.3589998919463888,5.6608411037349855,6.378840887627763,5.316201207466452,6.723480783896296
2025,Navy,4.9254860052556415,0.10391190081709954,61,0.32235368900805145,4.60313231624759,5.247839694263693,4.293672774799861,5.557299235711422
2025,Nebraska,4.680790895744015,0.10748707840551022,76,0.3278522203760564,4.352938675367959,5.008643116120071,4.038200543806944,5.323381247681086
2025,Nevada,2.7737708869038866,0.1043644891289007,64,0.3230549320609433,2.450715954842943,3.09682581896483,2.1405832200644377,3.4069585537433356
2025,New Mexico,3.4382002065317483,0.11634207799950304,57,0.34108954542686154,3.0971106611048866,3.77928975195861,2.7696646974950996,4.106735715568397
2025,New Mexico State,2.2930813509716654,0.1288227026975484,62,0.35891879680165595,1.9341625541700096,2.6520001477733213,1.5896005092404197,2.9965621927029114
2025,North Carolina,4.584798942486727,0.10839319354583424,73,0.3292312159346896,4.255567726552037,4.914030158421417,3.939505759254735,5.230092125718719
2025,North Texas,4.9259585258925815,0.13438750822434578,75,0.366589018144769,4.559369507747813,5.29254754403735,4.207444050328834,5.644473001456329
2025,Northern Illinois,1.5726576487765842,0.09926656749000372,66,0.3150659732341843,1.2575916755424,1.8877236220107685,0.9551283412375831,2.1901869563155856
2025,Northwestern,3.9541047105082026,0.10599413285147434,64,0.3255674013955856,3.628537309112617,4.279672111903788,3.315992603772855,4.592216817243551
2025,Notre Dame,6.87020076289255,0.10824346335304792,78,0.32900374367634166,6.541197019216208,7.199204506568892,6.2253534252869205,7.515048100498179
2025,Ohio,2.9846764385301174,0.11245790543874504,59,0.33534743988697013,2.6493289986431474,3.3200238784170875,2.327395456351656,3.6419574207085788
2025,Ohio State,8.574403188090873,0.11200884528329749,68,0.3346772255222896,8.239725962568583,8.909080413613163,7.918435826067185,9.23037055011456
2025,Oklahoma,6.6457647690129695,0.12211203099970837,66,0.34944531904106024,6.296319449971909,6.99521008805403,5.960851943692491,7.330677594333448
2025,Oklahoma State,2.6852060418033115,0.11740233430996537,74,0.3426402403541729,2.3425658014491386,3.0278462821574843,2.0136311707091323,3.3567809128974906
2025,Old Dominion,3.5315091504122424,0.12017289970839384,68,0.34665963091827384,3.1848495194939686,3.8781687813305163,2.8520562738124258,4.210962027012059
2025,Ole Miss,7.496129390689919,0.14534859358645114,60,0.3812461063230038,7.114883284366916,7.877375497012923,6.748887022296832,8.243371759083006
2025,Oregon,9.367639751787536,0.12439876437475349,71,0.352702090119627,9.01493766166791,9.720341841907162,8.676343655153067,10.058935848422005
2025,Oregon State,3.382757742562477,0.10108620853397103,73,0.3179405739033177,3.064817168659159,3.700698316465795,2.7595942177119746,4.00592126741298
2025,Penn State,6.257126496041563,0.1056499363498868,66,0.32503836135122083,5.932088134690342,6.582164857392784,5.62005130779317,6.894201684289956
2025,Pittsburgh,4.878553255856284,0.12479098079037822,67,0.3532576691175695,4.525295586738714,5.231810924973853,4.186168224385848,5.57093828732672
2025,Purdue,3.486583810558803,0.11112359802872679,61,0.33335206318354593,3.153231747375257,3.819935873742349,2.8332137667190533,4.139953854398553
2025,Rice,2.470949598131465,0.10323322876889564,72,0.3212992822414884,2.1496503158899767,2.792248880372953,1.8412030049381476,3.100696191324782
2025,Rutgers,4.061896314974919,0.111650667469433,60,0.33414168771560515,3.727754627259314,4.396038002690524,3.406978607052333,4.7168140228975055
2025,SMU,6.486563960397262,0.13312078702500357,69,0.36485721457167813,6.121706745825583,6.85142117496894,5.771443819836772,7.201684100957751
2025,Sam Houston,0.77757364159004,0.11677283474951425,64,0.3417204043505659,0.43585323723947417,1.119294045940606,0.10780164906293088,1.4473456341171493
2025,San Diego State,3.540368795933573,0.11191173814416269,63,0.33453211825497814,3.2058366776785947,3.874900914188551,2.8846858441538155,4.19605174771333
2025,San José State,2.723910364444339,0.12312066627956443,59,0.3508855458401848,2.3730248186041543,3.074795910284524,2.036174694597577,3.4116460342911012
2025,South Alabama,2.138922969462606,0.1100547429581407,61,0.3317449968848674,1.8071779725777388,2.4706679663474738,1.488702775568266,2.7891431633569463
2025,South Carolina,4.950977683942087,0.10576336079099727,76,0.32521279309245704,4.62576489084963,5.276190477034544,4.313560609480871,5.588394758403303
2025,South Florida,5.536671417951193,0.12560159616821748,81,0.35440315485082446,5.182268263100369,5.891074572802017,4.842041234443577,6.231301601458809
2025,Southern Miss,3.628509935161449,0.13583316074013116,68,0.3685555056434935,3.2599544295179554,3.9970654408049424,2.906141144100202,4.350878726222696
2025,Stanford,3.086522892701235,0.11574670135289215,69,0.34021566888209626,2.746307223819139,3.4267385615833312,2.4197001816923267,3.7533456037101436
2025,Syracuse,3.3701522320437522,0.10838338572912408,75,0.32921632056920275,3.0409359114745493,3.699368552612955,2.724888243728115,4.0154162203593895
2025,TCU,5.191056289312784,0.13675868526924737,66,0.3698089848411574,4.821247304471627,5.560865274153941,4.4662306790241155,5.915881899601453
2025,Temple,2.560476918849717,0.10568637280821273,71,0.32509440599341716,2.2353825128563,2.8855713248431343,1.9232918831026196,3.197661954596815
2025,Tennessee,6.071281249076481,0.12169302566280031,76,0.3488452746746046,5.7224359744018765,6.420126523751086,5.387544510714256,6.755017987438706
2025,Texas,6.525830836967134,0.11922481148118466,72,0.3452894604258645,6.180541376541269,6.871120297392999,5.849063494532439,7.202598179401829
2025,Texas A&M,7.566530688712402,0.11186373185511951,77,0.33446035916849626,7.232070329543905,7.900991047880899,6.910988384742149,8.222072992682655
2025,Texas State,4.350799729624516,0.11835733385475385,65,0.3440310071123733,4.006768722512143,4.694830736736889,3.676498955684264,5.025100503564767
2025,Texas Tech,8.252707020207046,0.14388479221276865,77,0.3793214892578176,7.873385530949228,8.632028509464863,7.5092369012617235,8.996177139152369
2025,Toledo,4.435070200377939,0.11351039460507814,72,0.33691303715510645,4.098157163222832,4.771983237533045,3.77472064755393,5.095419753201948
2025,Troy,3.0611110988499224,0.12994908633892502,60,0.3604845160876192,2.700626582762303,3.4215956149375417,2.3545614473181886,3.767660750381656
2025,Tulane,4.021098208123429,0.1384680973573583,62,0.37211301691469795,3.648985191208731,4.393211225038127,3.291756694970621,4.750439721276237
2025,Tulsa,3.8865568138457154,0.11826919184600984,63,0.34390288141568376,3.5426539324300315,4.230459695261399,3.212507166270975,4.560606461420456
2025,UAB,2.520694454810847,0.11121510886906356,62,0.3334892934849087,2.1872051613259385,2.8541837482957555,1.867055439580426,3.174333470041268
2025,UCF,4.014663184427379,0.11766939254810047,68,0.3430297254584513,3.6716334589689277,4.35769290988583,3.3423249225288143,4.687001446325944
2025,UCLA,4.2021166374329715,0.11304248273533757,56,0.3362179095993216,3.86589872783365,4.538334547032293,3.543129534618301,4.861103740247642
2025,UConn,4.3675128998230655,0.12473439012298396,66,0.3531775617490216,4.014335338074044,4.720690461572087,3.675284878794983,5.059740920851148
2025,UL Monroe,2.2575599102249893,0.1020045014671943,70,0.3193814356959313,1.938178474529058,2.5769413459209205,1.631572296260964,2.8835475241890145
2025,UNLV,2.7412873878931467,0.13167760379877552,66,0.36287408807846216,2.3784132998146847,3.1041614759716087,2.030054175259361,3.4525206005269324
2025,USC,5.270724711892269,0.11072123815650634,76,0.3327480099963129,4.937976701895956,5.603472721888582,4.618538612299496,5.922910811485043
2025,UTEP,2.273074934180365,0.12074977540207214,67,0.34749068390688137,1.9255842502734835,2.6205656180872463,1.5919931937228773,2.9541566746378525
2025,UTSA,3.3156785063154444,0.1151184825358918,81,0.339291147152253,2.9763873591631915,3.654969653467697,2.6506678578970284,3.9806891547338603
2025,Utah,6.248967917761085,0.12626938867497597,63,0.3553440426895827,5.893623875071502,6.604311960450668,5.552493594089503,6.9454422414326675
2025,Utah State,3.6742765745798573,0.14451317805007846,52,0.38014888931848595,3.2941276852613712,4.054425463898343,2.929184751515625,4.41936839764409
2025,Vanderbilt,6.458736182554158,0.11373252174223535,69,0.3372425265921179,6.121493655962039,6.795978709146276,5.797740830433606,7.119731534674709
2025,Virginia,5.63195156127182,0.12424750027604638,79,0.3524875888255449,5.279463972446275,5.984439150097365,4.941075887173752,6.322827235369888
2025,Virginia Tech,3.791845575044513,0.09769921405429159,73,0.3125687349276821,3.479276840116831,4.104414309972195,3.179210854586256,4.40448029550277
2025,Wake Forest,4.925304216730317,0.1179490090884563,69,0.34343705258526824,4.581867164145049,5.268741269315585,4.2521675936631915,5.598440839797442
2025,Washington,5.9841738994757705,0.11934314221161915,63,0.3454607679775218,5.638713131498249,6.329634667453292,5.307070794239828,6.661277004711713
2025,Washington State,3.34003050399161,0.09681059954594509,72,0.31114401737128916,3.028886486620321,3.6511745213628988,2.730188229943883,3.9498727780393366
2025,West Virginia,3.416761471197444,0.11933435213984267,75,0.3454480455001051,3.0713134256973387,3.762209516697549,2.7396833020172378,4.09383964037765
2025,Western Kentucky,3.9784841907045387,0.13895621122655233,67,0.37276830770138214,3.605715883003157,4.351252498405921,3.24785830760983,4.7091100737992475
2025,Western Michigan,3.221811987575499,0.11259869294603808,62,0.3355572871299893,2.8862547004455097,3.557369274705488,2.56411970480072,3.879504270350278
2025,Wisconsin,4.377314797822494,0.09006675365871776,63,0.30011123547564456,4.07720356234685,4.677426033298139,3.789096776290231,4.965532819354758
2025,Wyoming,2.3032040437252888,0.11615060618401796,64,0.34080875309184466,1.962395290633444,2.644012796817133,1.6352188876652733,2.971189199785304
