team,roster_position,broad_group,group_source,bio_group,unit,depth,player,class,is_transfer,redshirt,projected_slot
Wyoming,RCB,CB,label,CB,DEF,1,Logan Mackey,JR,True,True,2.0
Wyoming,LCB,CB,label,CB,DEF,1,Ian Bell,SR,False,False,1.0
Air Force,LG,IOL,label,,OFF,1,TJ Tarascio,SR,False,False,2.0
Air Force,C,IOL,label,,OFF,1,Rudy Varela,SR,False,False,3.0
Air Force,WR-Z,WR,label,WR,OFF,1,Matt Long,JR,False,False,2.0
Air Force,WR-X,WR,label,WR,OFF,1,Jonah Dawson,JR,False,False,1.0
Air Force,WR-SL,WR,label,WR,OFF,1,Astin Hange,JR,False,False,10.0
James Madison,WR-SL,WR,label,WR,OFF,1,Braeden Wisloski,SR,True,False,3.0
James Madison,WR-Z,WR,label,WR,OFF,1,Corey Scott,JR,True,True,2.0
James Madison,WR-X,WR,label,WR,OFF,1,Jeremiah Harrison,SO,True,False,1.0
Jacksonville State,NB,CB,default,,DEF,1,Rob Billings IV,JR,True,True,3.0
Jacksonville State,FS,SAF,label,SAF,DEF,1,Caleb Nix,SR,True,True,2.0
Jacksonville State,SS,SAF,label,SAF,DEF,1,Marc Woods,SO,False,True,1.0
James Madison,RT,OT,label,,OFF,1,Daniel Michel,JR,True,True,5.0
James Madison,RG,IOL,label,,OFF,1,DJ Fox,SR,True,True,4.0
James Madison,C,IOL,label,,OFF,1,Zach Greenberg,GR,True,False,3.0
Wyoming,LT,OT,label,,OFF,1,Rex Johnsen,SR,False,True,1.0
Wyoming,WR-SL,WR,label,WR,OFF,1,Deion DeBlanc,SO,False,False,3.0
Wyoming,LDE,EDGE,label,EDGE,DEF,1,Jack Dunkley,SR,True,False,1.0
Wyoming,RB,RB,label,RB,OFF,1,Samuel Harris,SO,False,False,1.0
Wyoming,QB,QB,label,QB,OFF,1,Tyler Hughes,SR,True,True,1.0
Wyoming,TE-Y,TE,label,TE,OFF,1,Jake Wilson,SO,False,True,1.0
Wyoming,MLB,LB,label,LB,DEF,1,Ethan Stuhlsatz,GR,True,False,2.0
Wyoming,WLB,LB,label,LB,DEF,1,Gary Rutherford,SO,False,True,1.0
Wyoming,RDT,DT,label,WR,DEF,1,Jayden Williams,JR,False,True,2.0
Wyoming,LDT,DT,label,LB,DEF,1,Dante Drake,JR,False,True,1.0
Wyoming,RDE,EDGE,label,EDGE,DEF,1,Esaia Bogar,SR,True,False,2.0
Air Force,QB,QB,label,QB,OFF,1,Liam Szarka,JR,False,False,1.0
Air Force,TE,TE,label,TE,OFF,1,Simon Kibbee,SR,False,False,1.0
Air Force,RT,OT,label,,OFF,1,Luke Vonderhaar,SR,False,False,5.0
Air Force,RG,IOL,label,,OFF,1,Jon Ashford,JR,False,False,4.0
Wyoming,SS,SAF,label,SAF,DEF,1,Brooklyn Cheek,SO,True,True,1.0
Wisconsin,LG,IOL,label,,OFF,1,Colin Cubberly,SO,False,True,2.0
Wisconsin,LT,OT,label,,OFF,1,PJ Wilkins,JR,True,True,1.0
Wisconsin,WR-SL,WR,label,WR,OFF,1,Tyrell Henry,SR,True,True,3.0
Wisconsin,DT,DT,label,DT,DEF,1,Junior Poyser,JR,True,True,2.0
Wisconsin,NT,DT,label,DT,DEF,1,Hammond Russell IV,SR,True,True,1.0
Wisconsin,RB,RB,label,RB,OFF,1,Abu Sama III,SR,True,False,1.0
Wisconsin,QB,QB,label,QB,OFF,1,Colton Joseph,JR,True,True,1.0
Wisconsin,TE,TE,label,TE,OFF,1,Jacob Harris,JR,True,True,1.0
Air Force,WLB,LB,label,LB,DEF,1,Blake Fletcher,SR,False,False,1.0
Air Force,MLB,LB,label,LB,DEF,1,Dallas Daley,SR,False,False,2.0
Air Force,NT,DT,label,,DEF,1,Bennett Williams,JR,False,False,1.0
Air Force,DT,DT,label,DT,DEF,1,Chaz Barnett,JR,False,False,2.0
Wisconsin,SS,SAF,label,SAF,DEF,1,Matthew Jung,SR,True,True,1.0
Wisconsin,RCB,CB,label,CB,DEF,1,Eric Fletcher Jr.,SO,True,True,2.0
Wisconsin,LCB,CB,label,CB,DEF,1,Javan Robinson,SR,True,True,1.0
Wisconsin,SLB,LB,label,LB,DEF,1,Jon Jon Kamara,SO,True,True,3.0
Western Michigan,LDT,DT,label,DT,DEF,1,Zavian Tibbs,SR,True,False,1.0
Western Michigan,RDE,EDGE,label,EDGE,DEF,1,DeJuan Echoles Jr.,SR,True,True,2.0
Wisconsin,WR-Z,WR,label,WR,OFF,1,Chris Brooks Jr.,SR,False,True,2.0
Wisconsin,WR-X,WR,label,WR,OFF,1,Eugene Hilton Jr.,SO,False,False,1.0
Western Michigan,NB,CB,bio,,DEF,1,Joshua Franklin,SR,False,False,3.0
Western Michigan,FS,SAF,label,SAF,DEF,1,Micah Davis,JR,True,True,2.0
Western Michigan,SS,SAF,label,SAF,DEF,1,Joey Pope,JR,False,True,1.0
Western Michigan,RCB,CB,label,CB,DEF,1,John Peters,SO,False,False,2.0
Western Michigan,LCB,CB,label,CB,DEF,1,Jarvarius Sims,SR,True,True,1.0
Air Force,SS,SAF,label,,DEF,1,Kyle Chen,JR,False,False,1.0
Air Force,FS,SAF,label,SAF,DEF,1,Max Mustell,SO,False,False,2.0
Air Force,RCB,CB,label,CB,DEF,1,Mikhail Seiken,JR,False,False,2.0
Air Force,LCB,CB,label,CB,DEF,1,Korey Johnson,JR,False,False,1.0
Wisconsin,RT,OT,label,,OFF,1,Kevin Heywood,SO,False,True,5.0
Wisconsin,RG,IOL,label,,OFF,1,Emerson Mandell,SO,False,True,4.0
Wisconsin,C,IOL,label,,OFF,1,Austin Kawecki,GR,True,False,3.0
Western Michigan,LT,OT,label,,OFF,1,Brandon Smith,SR,True,True,1.0
Western Michigan,WR-F,WR,label,WR,OFF,1,Emazon Littlejohn,SO,True,True,3.0
Western Michigan,WR-Z,WR,label,WR,OFF,1,Baylin Brooks,JR,True,True,2.0
Western Michigan,WR-X,WR,label,WR,OFF,1,Aveion Chenault,SO,False,False,1.0
Western Kentucky,NB,SAF,bio,SAF,DEF,1,Christian White,SR,True,True,3.0
Western Michigan,LDE,EDGE,label,EDGE,DEF,1,Scoop Gardner Jr.,JR,True,False,1.0
Western Michigan,RB,RB,label,RB,OFF,1,Jalen Buckley,SR,False,True,1.0
Western Michigan,QB,QB,label,QB,OFF,1,Broc Lowry,JR,True,True,1.0
Western Michigan,TE,TE,label,TE,OFF,1,Adam Parks,JR,True,True,1.0
Akron,WR-SL,WR,label,WR,OFF,1,Kyan Mason,SO,False,True,3.0
Akron,WR-Z,WR,label,WR,OFF,1,Marcel Williams,SO,True,True,2.0
Akron,WR-X,WR,label,WR,OFF,1,Cameron Monteiro,SO,True,True,1.0
Air Force,SPUR,CB,default,,DEF,1,Alexander Perez,SO,False,False,1.0
Western Michigan,MLB,LB,label,LB,DEF,1,Dillon Moore,SR,False,True,2.0
Western Michigan,WLB,LB,label,LB,DEF,1,Domanick Moon,SR,True,True,1.0
Western Michigan,RDT,DT,label,DT,DEF,1,Ahmed Tounkara,SO,True,True,2.0
Western Kentucky,RCB,CB,label,CB,DEF,1,Lataj Wright,SR,True,True,2.0
Western Kentucky,LCB,CB,label,CB,DEF,1,Braxton Myers,JR,True,True,1.0
Western Kentucky,MLB,LB,label,LB,DEF,1,Jordan Donald,SO,False,False,2.0
Western Kentucky,WLB,LB,label,LB,DEF,1,Zach Smith,SO,True,True,1.0
Western Kentucky,DT,DT,label,DT,DEF,1,Jakeem Fletcher,SR,True,True,2.0
Western Kentucky,NT,DT,label,DT,DEF,1,Kiawan Murphy,SR,True,True,1.0
Akron,TE,TE,label,TE,OFF,1,Conner Cravaack,JR,False,True,1.0
Akron,RT,OT,label,,OFF,1,Allen Jones Jr.,SR,True,True,5.0
Akron,RG,IOL,label,,OFF,1,Carlos Slayden,SR,True,True,4.0
Akron,C,IOL,label,,OFF,1,Colin Lyons,GR,False,False,3.0
Akron,LG,IOL,label,,OFF,1,Amarie Archer,SR,True,True,2.0
Akron,LT,OT,label,,OFF,1,Ian Falkner,SR,True,True,1.0
Western Michigan,RT,OT,label,,OFF,1,Chad Schuster,SR,True,True,5.0
Western Michigan,RG,IOL,label,,OFF,1,Gavin Dabo,SO,False,True,4.0
Western Michigan,C,IOL,label,,OFF,1,Jeremy Schleicher,SO,False,True,3.0
Western Michigan,LG,IOL,label,,OFF,1,Hunter Whitenack,SR,True,True,2.0
Western Kentucky,RG,IOL,label,,OFF,1,Rhett Larson,SR,True,True,4.0
Western Kentucky,C,IOL,label,,OFF,1,Alec Johnson,SR,True,True,3.0
Western Kentucky,LG,IOL,label,,OFF,1,Nonso Omezi,SR,True,True,2.0
Western Kentucky,LT,OT,label,,OFF,1,Zach Clayton,JR,True,False,1.0
Western Kentucky,RDE,EDGE,label,EDGE,DEF,1,Elin Jones,SR,True,True,2.0
Western Kentucky,LDE,EDGE,label,,DEF,1,Venson Sneed,SR,True,True,1.0
Western Kentucky,RB,RB,label,RB,OFF,1,Ajay Allen,SR,True,True,1.0
Western Kentucky,QB,QB,label,QB,OFF,1,Rodney Tisdale Jr.,SO,False,True,1.0
Akron,DT,DT,label,DT,DEF,1,Vaughn Highland,SR,True,True,2.0
Akron,NT,DT,label,DT,DEF,1,Ronald Hull,JR,False,False,1.0
Akron,RDE,EDGE,label,EDGE,DEF,1,Kurtis Waye,SR,True,False,2.0
Akron,LDE,EDGE,label,,DEF,1,Cyrus Durham,SR,True,True,1.0
Akron,RB,RB,label,RB,OFF,1,Jordan Gant,SR,True,True,1.0
Akron,QB,QB,label,QB,OFF,1,Reese Poffenbarger,GR,True,False,1.0
Western Kentucky,FS,SAF,label,SAF,DEF,1,Dave Herard,SR,True,True,2.0
Western Kentucky,SS,SAF,label,SAF,DEF,1,Jaylen Lewis,SR,True,True,1.0
West Virginia,RCB,CB,label,CB,DEF,1,Chams Diagne,SR,True,True,2.0
West Virginia,LCB,CB,label,CB,DEF,1,Nick Taylor,JR,True,False,1.0
Western Kentucky,WR-SL,WR,label,WR,OFF,1,K.D. Hutchinson,SR,False,True,3.0
Western Kentucky,WR-Z,WR,label,WR,OFF,1,Qua'Vez Humphreys,SR,True,True,2.0
Western Kentucky,WR-X,WR,label,,OFF,1,Cameron Flowers,SO,False,True,1.0
West Virginia,BANDIT,EDGE,bio,,DEF,1,Harper Holloman,JR,True,False,1.0
West Virginia,NB,CB,default,,DEF,1,Andrew Powdrell,SR,True,False,3.0
Akron,NB,SAF,bio,,DEF,1,Alex Branch,SR,True,True,3.0
Akron,FS,SAF,label,SAF,DEF,1,Mehki Flowers,SR,True,True,2.0
Akron,SS,SAF,label,SAF,DEF,1,Daymon David,GR,True,False,1.0
Akron,RCB,CB,label,CB,DEF,1,Terence Thomas,SR,False,True,2.0
Akron,LCB,CB,label,CB,DEF,1,Catrell White,JR,False,True,1.0
Akron,MLB,LB,label,LB,DEF,1,Jeremiah Jones,JR,True,False,2.0
Akron,WLB,LB,label,LB,DEF,1,Dwight Nunoo,SR,True,True,1.0
Western Kentucky,TE,TE,label,TE,OFF,1,CC Ezirim,SR,True,False,1.0
Western Kentucky,RT,OT,label,,OFF,1,Karsten Upchurch,SR,True,True,5.0
West Virginia,RT,OT,label,OT,OFF,1,Malik Agbo,SR,True,True,5.0
West Virginia,MLB,LB,label,LB,DEF,1,Ben Cutter,SR,False,False,2.0
West Virginia,WLB,LB,label,LB,DEF,1,Malachi Hood,SR,True,True,1.0
West Virginia,DT,DT,label,DT,DEF,1,KJ Henson,JR,True,True,2.0
West Virginia,NT,DT,label,DT,DEF,1,Nate Gabriel,JR,False,False,1.0
West Virginia,DE,EDGE,label,EDGE,DEF,1,Zeke Durham-Campbell,SR,True,True,1.0
West Virginia,FB,RB,label,RB,OFF,1,Kayden Luke,JR,True,False,1.0
West Virginia,RB,RB,label,RB,OFF,1,Cam Cook,SR,True,False,1.0
Alabama,C,IOL,label,,OFF,1,Racin Delgatty,JR,True,True,3.0
Alabama,LG,IOL,label,,OFF,1,William Sanders,SO,False,True,2.0
Alabama,LT,OT,label,,OFF,1,Jackson Lloyd,FR,False,True,1.0
Alabama,WR-H,WR,label,WR,OFF,1,Lotzeir Brooks,SO,False,False,3.0
Alabama,WR-Z,WR,label,WR,OFF,1,Ryan Coleman-Williams,JR,False,False,2.0
Alabama,WR-X,WR,label,WR,OFF,1,Derek Meadows,SO,False,False,1.0
West Virginia,FS,SAF,label,SAF,DEF,1,Matt Sieg,FR,False,False,2.0
West Virginia,SS,SAF,label,SAF,DEF,1,Kamari Wilson,SR,True,True,1.0
Washington State,FS,SAF,label,SAF,DEF,1,Kyle Peterson,SO,False,False,2.0
Washington State,SS,SAF,label,SAF,DEF,1,Jeremiah Bernard,JR,True,False,1.0
Washington State,RCB,CB,label,CB,DEF,1,Jalil Tucker,SR,True,True,2.0
Washington State,LCB,CB,label,CB,DEF,1,Khamari Terrell,SR,True,True,1.0
West Virginia,RG,IOL,label,,OFF,1,Amare Grayson,JR,True,False,4.0
West Virginia,C,IOL,label,,OFF,1,Cam Griffin,SR,True,False,3.0
West Virginia,LG,IOL,label,,OFF,1,Nick Krahe,JR,False,True,2.0
West Virginia,LT,OT,label,,OFF,1,Carsten Casady,JR,True,True,1.0
West Virginia,WR-Y,WR,label,WR,OFF,1,DJ Epps,SR,True,True,3.0
West Virginia,WR-Z,WR,label,WR,OFF,1,Jaden Bray,SR,True,True,2.0
West Virginia,WR-X,WR,label,WR,OFF,1,Prince Strachan,JR,True,True,1.0
Alabama,TE,TE,label,TE,OFF,1,Kaleb Edwards,SO,False,False,1.0
Alabama,RT,OT,label,OT,OFF,1,Jayvin James,JR,True,True,5.0
Alabama,RG,IOL,label,,OFF,1,Michael Carroll,SO,False,False,4.0
West Virginia,QB,QB,label,QB,OFF,1,Michael Hawkins Jr.,SO,True,True,1.0
West Virginia,TE,TE,label,TE,OFF,1,Ryan Ward,JR,True,False,1.0
Washington State,WR-SL,WR,label,,OFF,1,Tony Freeman,SR,True,False,3.0
Washington State,WR-Z,WR,label,WR,OFF,1,Tank Hawkins,JR,True,False,2.0
Washington State,WR-X,WR,label,WR,OFF,1,Darrius Clemons,SR,True,True,1.0
Washington State,RB,RB,label,RB,OFF,1,Kirby Vorhees,JR,True,True,1.0
Washington State,QB,QB,label,QB,OFF,1,Caden Pinnick,SO,True,True,1.0
Washington State,TE,TE,label,TE,OFF,1,Jack Pedersen,SR,True,True,1.0
Washington State,MLB,LB,label,LB,DEF,1,Nylan Brown,JR,True,False,2.0
Washington State,WLB,LB,label,LB,DEF,1,Keith Brown,GR,True,False,1.0
Washington State,DT,DT,label,DT,DEF,1,Kaden Beatty,JR,True,True,2.0
Washington State,NT,DT,label,DT,DEF,1,Jirah Leaupepetele,JR,True,True,1.0
Washington State,RDE,EDGE,label,EDGE,DEF,1,Matyus McLain,JR,True,True,2.0
Washington State,LDE,EDGE,label,EDGE,DEF,1,Linus Zunk,SR,True,True,1.0
Alabama,DE,EDGE,label,EDGE,DEF,1,Jah-Marien Latham,GR,False,False,1.0
Alabama,RB,RB,label,RB,OFF,1,Daniel Hill,SO,False,True,1.0
Alabama,QB,QB,label,QB,OFF,1,Austin Mack,JR,True,True,1.0
Washington State,NB,CB,bio,CB,DEF,1,Jaylen Thomas,SO,True,True,3.0
Washington,RDT,DT,label,DT,DEF,1,Derek Colman-Brusa,FR,False,False,2.0
Washington,LDT,DT,label,,DEF,1,Elinneus Davis,JR,False,True,1.0
Washington,RDE,EDGE,label,EDGE,DEF,1,Isaiah Ward,SR,True,True,2.0
Washington,NB,CB,bio,,DEF,1,Rahshawn Clark,SO,False,True,3.0
Washington,FS,SAF,label,SAF,DEF,1,Rylon Dillard-Allen,SO,False,False,2.0
Washington,SS,SAF,label,SAF,DEF,1,Alex McLaughlin,SR,True,False,1.0
Washington,RCB,CB,label,CB,DEF,1,Dylan Robinson,SO,False,False,2.0
Washington,LCB,CB,label,CB,DEF,1,Emmanuel Karnley,JR,True,True,1.0
Alabama,MLB,LB,label,LB,DEF,1,Caleb Woodson,SR,True,False,1.0
Alabama,DT,DT,label,DT,DEF,1,London Simmons,SO,False,False,2.0
Alabama,NT,DT,label,DT,DEF,1,Kedrick Bingley-Jones,SR,True,True,1.0
Washington State,RT,OT,label,,OFF,1,Jaylin Caldwell,SR,True,True,5.0
Washington State,RG,IOL,label,,OFF,1,Noah Dunham,JR,False,True,4.0
Washington State,C,IOL,label,,OFF,1,Kyle Martin,JR,False,True,3.0
Washington State,LG,IOL,label,,OFF,1,Jonny Lester,SR,False,True,2.0
Washington State,LT,OT,label,,OFF,1,Ashton Tripp,JR,False,True,1.0
Washington,WR-X,WR,label,WR,OFF,1,Christian Moss,SR,True,True,1.0
Washington,TE,TE,label,TE,OFF,1,Decker DeGraaf,JR,False,False,1.0
Washington,RT,OT,label,,OFF,1,Drew Azzopardi,SR,True,True,5.0
Washington,RG,IOL,label,,OFF,1,Geirean Hatchett,SR,True,True,4.0
Washington,C,IOL,label,,OFF,1,Landen Hatchett,SR,False,False,3.0
Washington,LG,IOL,label,,OFF,1,John Mills,SO,False,False,2.0
Washington,LDE,EDGE,label,EDGE,DEF,1,Jacob Lane,SR,False,False,1.0
Washington,RB,RB,label,RB,OFF,1,Jayden Limar,SR,True,False,1.0
Washington,QB,QB,label,QB,OFF,1,Demond Williams Jr.,JR,False,False,1.0
Alabama,WOLF,EDGE,default,,DEF,1,Yhonzae Pierre,JR,False,True,1.0
Alabama,FS,SAF,label,SAF,DEF,1,Keon Sabb,SR,True,True,2.0
Alabama,SS,SAF,label,SAF,DEF,1,Bray Hubbard,SR,False,False,1.0
Alabama,RCB,CB,label,CB,DEF,1,Dijon Lee Jr.,SO,False,False,2.0
Alabama,LCB,CB,label,CB,DEF,1,Zabien Brown,JR,False,False,1.0
Washington,MLB,LB,label,LB,DEF,1,Jacob Manu,SR,True,True,2.0
Washington,WLB,LB,label,LB,DEF,1,Xe'ree Alexander,SR,True,False,1.0
Wake Forest,DE,EDGE,label,EDGE,DEF,1,Gabe Kirschke,SR,True,True,1.0
Wake Forest,RB,RB,label,RB,OFF,1,Ty Clark III,JR,False,False,1.0
Wake Forest,NB,CB,default,,DEF,1,Davaughn Patterson,JR,False,True,3.0
Wake Forest,FS,SAF,label,SAF,DEF,1,Braylon Johnson,JR,True,True,2.0
Wake Forest,SS,SAF,label,SAF,DEF,1,Rushaun Tongue,JR,False,True,1.0
Wake Forest,RCB,CB,label,CB,DEF,1,Bernard Causey,SO,True,True,2.0
Wake Forest,LCB,CB,label,CB,DEF,1,Deuce Blades II,SR,True,True,1.0
Wake Forest,MLB,LB,label,LB,DEF,1,Aiden Hall,SR,False,False,2.0
App State,WR-SL,WR,label,WR,OFF,1,Chris Lofton,JR,True,True,3.0
App State,WR-Z,WR,label,WR,OFF,1,Alex Sanchez,SO,False,False,2.0
App State,WR-X,WR,label,WR,OFF,1,Sam Mbake,SR,True,True,1.0
Alabama,HUSKY,SAF,bio,,DEF,1,Red Morgan,JR,False,False,1.0
Alabama,STING,LB,bio,LB,DEF,1,QB Reese,SO,False,True,1.0
Washington,LT,OT,label,OT,OFF,1,Kodi Greene,FR,False,False,1.0
Washington,WR-SL,WR,label,WR,OFF,1,Dezmen Roebuck,SO,False,False,3.0
Washington,WR-Z,WR,label,WR,OFF,1,Rashid Williams,JR,False,True,2.0
Wake Forest,TE,TE,label,TE,OFF,1,Kamrean Johnson,SR,True,False,1.0
Wake Forest,RT,OT,label,,OFF,1,George Steih,JR,False,True,5.0
Wake Forest,RG,IOL,label,,OFF,1,Ryan Berger,JR,True,True,4.0
Wake Forest,C,IOL,label,,OFF,1,John Ohnegian,SR,True,True,3.0
Wake Forest,LG,IOL,label,,OFF,1,Clinton Richard,SO,False,True,2.0
App State,QB,QB,label,QB,OFF,1,Malachi Singleton,JR,True,True,1.0
App State,TE,TE,label,TE,OFF,1,Darrin Fugitt,SR,True,True,1.0
App State,RT,OT,label,,OFF,1,Tyriq Poindexter,SR,True,True,5.0
App State,RG,IOL,label,,OFF,1,Trent Ramsey,SR,True,True,4.0
App State,C,IOL,label,,OFF,1,Jayden Thomas,SO,True,True,3.0
App State,LG,IOL,label,,OFF,1,Cayden Sweatt,JR,False,True,2.0
App State,LT,OT,label,,OFF,1,Devon Manuel,SR,True,True,1.0
Wake Forest,WLB,LB,label,LB,DEF,1,Frank Cusano,SO,True,True,1.0
Wake Forest,DT,DT,label,DT,DEF,1,Dallas Afalava,SR,True,False,2.0
Wake Forest,NT,DT,label,DT,DEF,1,Zach Lohavichan,SR,False,True,1.0
Wake Forest,RUSH,EDGE,bio,EDGE,DEF,1,Langston Hardy,SR,True,True,2.0
Virginia Tech,FS,SAF,label,SAF,DEF,1,Tyson Flowers,SR,True,True,2.0
Virginia Tech,SS,SAF,label,SAF,DEF,1,Quentin Reddish,SO,False,True,1.0
Virginia Tech,RCB,CB,label,CB,DEF,1,Joshua Clarke,SO,False,True,2.0
Virginia Tech,LCB,CB,label,CB,DEF,1,Jaquez White,SR,True,False,1.0
Virginia Tech,MLB,LB,label,LB,DEF,1,Noah Chambers,SO,False,False,2.0
Virginia Tech,WLB,LB,label,LB,DEF,1,Kaleb Spencer,SR,True,False,1.0
Wake Forest,LT,OT,label,,OFF,1,Ethan Calloway,SO,True,True,1.0
Wake Forest,WR-SL,WR,label,WR,OFF,1,Kam Shanks,JR,True,True,3.0
Wake Forest,WR-Z,WR,label,WR,OFF,1,Carlos Hernandez,SR,True,False,2.0
Wake Forest,WR-X,WR,label,WR,OFF,1,Antonio Meeks,SR,True,True,1.0
App State,DT,DT,label,,DEF,1,Nick Campbell,SR,True,True,2.0
App State,NT,DT,label,,DEF,1,Jehchys Brown,JR,True,True,1.0
App State,RDE,EDGE,label,,DEF,1,Caleb Sandstrom,JR,True,True,2.0
App State,LDE,EDGE,label,EDGE,DEF,1,Aiden Benton,JR,True,True,1.0
App State,RB,RB,label,RB,OFF,1,Ja'Quez Cross,SR,True,True,1.0
Wake Forest,QB,QB,label,QB,OFF,1,Gio Lopez,JR,True,True,1.0
Virginia Tech,WR-Z,WR,label,WR,OFF,1,Ayden Greene,SR,False,False,2.0
Virginia Tech,WR-X,WR,label,WR,OFF,1,Que'Sean Brown,JR,True,True,1.0
Virginia,SPUR,CB,default,,DEF,1,Corey Costner,SO,False,False,1.0
Virginia Tech,QB,QB,label,QB,OFF,1,Ethan Grunkemeyer,SO,True,True,1.0
Virginia Tech,TE,TE,label,TE,OFF,1,Luke Reynolds,JR,True,False,1.0
Virginia Tech,RT,OT,label,,OFF,1,Aidan Lynch,SO,False,True,5.0
Virginia Tech,RDT,DT,label,DT,DEF,1,Kemari Copeland,SR,True,True,2.0
Virginia Tech,LDT,DT,label,,DEF,1,Elhadj Fall,SR,True,True,1.0
Virginia Tech,RDE,EDGE,label,EDGE,DEF,1,Aycen Stevens,JR,False,True,2.0
Virginia Tech,LDE,EDGE,label,EDGE,DEF,1,Javion Hilson,FR,True,True,1.0
Virginia Tech,RB,RB,label,RB,OFF,1,Marcellous Hawkins,SR,True,True,1.0
App State,RCB,CB,label,CB,DEF,1,Ja'Cari Henderson,SR,True,True,2.0
App State,LCB,CB,label,,DEF,1,Juan Berchal,SO,False,False,1.0
App State,MLB,LB,label,LB,DEF,1,Colton Phares,JR,False,True,2.0
App State,WLB,LB,label,LB,DEF,1,Kevin Henderson,JR,True,False,1.0
Virginia Tech,NB,CB,bio,,DEF,1,Isaiah Brown-Murray,SR,True,True,3.0
Virginia,NT,DT,label,DT,DEF,1,Anthony Britton,JR,False,True,1.0
Virginia,BANDIT,EDGE,bio,EDGE,DEF,1,Matthew Fobbs-White,SR,True,False,1.0
Virginia,FS,SAF,label,SAF,DEF,1,Brandyn Hillman,SR,True,False,2.0
Virginia,SS,SAF,label,SAF,DEF,1,Ethan Minter,SO,False,True,1.0
Virginia,RCB,CB,label,CB,DEF,1,Jacobie Henderson,GR,True,False,2.0
Arizona,WR-SL,WR,label,WR,OFF,1,Giovanni Richardson,SO,False,False,3.0
Arizona,WR-Z,WR,label,WR,OFF,1,Chris Hunter,SR,False,True,2.0
Arizona,WR-X,WR,label,WR,OFF,1,Tre Spivey,JR,True,True,1.0
App State,NB,CB,default,,DEF,1,Ja'Den McBurrows,SR,True,True,3.0
App State,FS,SAF,label,,DEF,1,Kaleb Purdy,SR,True,True,2.0
App State,SS,SAF,label,SAF,DEF,1,Eric Adams,JR,True,True,1.0
Virginia Tech,RG,IOL,label,,OFF,1,Montavious Cunningham,GR,True,False,4.0
Virginia Tech,C,IOL,label,,OFF,1,Kyle Altuner,SO,True,True,3.0
Virginia Tech,LG,IOL,label,,OFF,1,Layth Ghannam,JR,False,True,2.0
Virginia Tech,LT,OT,label,,OFF,1,Logan Howland,JR,True,True,1.0
Virginia Tech,WR-SL,WR,label,WR,OFF,1,Takye Heath,JR,False,True,3.0
Virginia,C,IOL,label,,OFF,1,Drake Metcalf,GR,True,False,3.0
Virginia,LG,IOL,label,,OFF,1,Noah Josey,GR,False,False,2.0
Virginia,LT,OT,label,,OFF,1,McKale Boley,GR,False,False,1.0
Virginia,DE,EDGE,label,EDGE,DEF,1,Fisher Camac,SR,True,True,1.0
Virginia,RB,RB,label,RB,OFF,1,Peyton Lewis,JR,True,False,1.0
Virginia,QB,QB,label,QB,OFF,1,Beau Pribula,GR,True,False,1.0
Virginia,TE,TE,label,TE,OFF,1,Dakota Twitty,GR,False,False,1.0
Arizona,RT,OT,label,,OFF,1,Tristan Bounds,SR,True,True,5.0
Arizona,RG,IOL,label,,OFF,1,Alexander Doost,JR,True,True,4.0
Arizona,C,IOL,label,,OFF,1,Zach Henning,JR,True,True,3.0
Arizona,LG,IOL,label,,OFF,1,Rhino Tapa'atoutai,JR,False,True,2.0
Arizona,LT,OT,label,,OFF,1,Matthew Lado,SO,False,True,1.0
Virginia,LCB,CB,label,CB,DEF,1,Donavon Platt,GR,True,False,1.0
Virginia,MLB,LB,label,LB,DEF,1,Kam Robinson,SR,False,False,2.0
Virginia,WLB,LB,label,LB,DEF,1,Maddox Marcellus,SR,True,False,1.0
Virginia,DT,DT,label,DT,DEF,1,Jason Hammond,JR,False,True,2.0
Vanderbilt,LCB,CB,label,CB,DEF,1,Jordan Matthews,JR,True,True,1.0
Vanderbilt,MLB,LB,label,LB,DEF,1,Nick Rinaldi,GR,False,False,2.0
Vanderbilt,WLB,LB,label,LB,DEF,1,Bryan Longwell,SR,False,False,1.0
Vanderbilt,DT,DT,label,DT,DEF,1,Glenn Seabrooks III,JR,False,False,2.0
Vanderbilt,NT,DT,label,DT,DEF,1,Yilanan Ouattara,GR,False,False,1.0
Virginia,WR-SL,WR,label,WR,OFF,1,Kameron Courtney,JR,False,False,3.0
Virginia,WR-Z,WR,label,WR,OFF,1,Rico Flores Jr.,GR,True,False,2.0
Virginia,WR-X,WR,label,,OFF,1,Da'Shawn Martin,JR,True,False,1.0
Vanderbilt,NB,CB,bio,,DEF,1,CJ Heard,JR,True,False,3.0
Vanderbilt,FS,SAF,label,SAF,DEF,1,Dontae Carter,JR,False,False,2.0
Vanderbilt,SS,SAF,label,SAF,DEF,1,Ricardo Jones,JR,True,False,1.0
Arizona,RB,RB,label,RB,OFF,1,Kedrick Reescano,SR,True,False,1.0
Arizona,QB,QB,label,QB,OFF,1,Noah Fifita,SR,False,True,1.0
Arizona,TE,TE,label,TE,OFF,1,Cole Rusk,SR,True,True,1.0
Virginia,RT,OT,label,,OFF,1,Monroe Mills,GR,True,False,5.0
Virginia,RG,IOL,label,,OFF,1,Makilan Thomas,GR,True,False,4.0
Vanderbilt,ST,OT,label,,OFF,1,Orion Irving,SR,True,True,5.0
Vanderbilt,SG,IOL,label,,OFF,1,Micah DeBose,FR,True,True,4.0
Vanderbilt,C,IOL,label,,OFF,1,Lyndon Cooper,SR,True,True,3.0
Vanderbilt,QG,IOL,label,QB,OFF,1,Cade McConnell,SR,True,True,2.0
Vanderbilt,QT,OT,label,OT,OFF,1,Beau Johnson,JR,True,True,1.0
Vanderbilt,RDE,EDGE,label,EDGE,DEF,1,Miles Capers,GR,False,False,2.0
Vanderbilt,LDE,EDGE,label,EDGE,DEF,1,Brian Allen Jr.,GR,True,False,1.0
Vanderbilt,RB,RB,label,RB,OFF,1,Sedrick Alexander,SR,False,False,1.0
Vanderbilt,QB,QB,label,QB,OFF,1,Jared Curtis,FR,False,False,1.0
Arizona,SLB,LB,label,LB,DEF,1,Everett Roussaw Jr.,SR,True,False,3.0
Arizona,MLB,LB,label,LB,DEF,1,Taye Brown,SR,False,False,2.0
Arizona,WLB,LB,label,LB,DEF,1,Chase Kennedy,SR,True,True,1.0
Arizona,DT,DT,label,,DEF,1,Mays Pese,SO,False,False,2.0
Arizona,NT,DT,label,,DEF,1,Leroy Palu,SR,True,False,1.0
Arizona,DE,EDGE,label,EDGE,DEF,1,Tre Smith,SR,True,True,1.0
Vanderbilt,RCB,CB,label,CB,DEF,1,Martel Hight,SR,False,False,2.0
UTSA,DE,EDGE,label,EDGE,DEF,1,Jeremiah Bailey,SR,True,True,1.0
UTSA,RB,RB,label,RB,OFF,1,Will Henderson III,SO,False,True,1.0
UTSA,FS,SAF,label,SAF,DEF,1,Nate Robinson Jr.,JR,True,False,2.0
UTSA,SS,SAF,label,SAF,DEF,1,Xavier Walton,SR,True,True,1.0
UTSA,RCB,CB,label,CB,DEF,1,Asaad Chapman,SO,True,True,2.0
UTSA,LCB,CB,label,CB,DEF,1,Ahamad Chapman,SO,True,True,1.0
UTSA,MLB,LB,label,LB,DEF,1,Brandon Tucker,SR,True,True,2.0
UTSA,WLB,LB,label,LB,DEF,1,Elijah Baldwin,SO,True,True,1.0
Vanderbilt,WR-SL,WR,label,WR,OFF,1,Cole Adams,JR,True,True,3.0
Vanderbilt,WR-Z,WR,label,WR,OFF,1,Junior Sherrill,SR,False,False,2.0
Vanderbilt,WR-X,WR,label,,OFF,1,Brycen Coleman,SO,False,True,1.0
UTSA,MONEY,SAF,bio,,DEF,1,Archie Chambers,JR,True,False,1.0
Arizona,SS,SAF,label,SAF,DEF,1,Malcolm Hartzog,SR,True,True,1.0
Arizona,RCB,CB,label,CB,DEF,1,Jay'Vion Cole,SR,True,True,2.0
Arizona,LCB,CB,label,CB,DEF,1,Tyrese Boss,SO,True,True,1.0
Vanderbilt,TE,TE,label,TE,OFF,1,Cole Spence,GR,False,False,1.0
UTSA,WR-X,WR,label,WR,OFF,1,AJ Wilson,SR,True,True,1.0
UTEP,SPUR,CB,default,,DEF,1,LaTristan Thompson,SO,True,True,1.0
UTEP,BANDIT,EDGE,default,,DEF,1,Sterling Miles,SR,True,True,1.0
UTSA,QB,QB,label,QB,OFF,1,Owen McCown,SR,True,True,1.0
UTSA,TE-Y,TE,label,TE,OFF,1,Brandon Young Jr.,JR,True,False,1.0
UTSA,RT,OT,label,,OFF,1,Deandre Marshall,SR,False,True,5.0
UTSA,RG,IOL,label,,OFF,1,Darrell Jones,SR,True,True,4.0
UTSA,C,IOL,label,,OFF,1,Ben Rios,SR,False,True,3.0
Arizona State,WR-F,WR,label,WR,OFF,1,Raiden Vines-Bright,SO,True,False,3.0
Arizona State,WR-Z,WR,label,WR,OFF,1,Omarion Miller,SR,True,False,2.0
Arizona State,WR-X,WR,label,WR,OFF,1,Reed Harris,JR,True,True,1.0
Arizona,NB,SAF,bio,SAF,DEF,1,Gavin Hunter,JR,False,True,3.0
Arizona,FS,SAF,label,SAF,DEF,1,Daylen Austin,JR,True,True,2.0
UTSA,DT,DT,label,DT,DEF,1,Tai Leonard,SR,False,True,2.0
UTSA,NT,DT,label,DT,DEF,1,Jameian Buxton,SR,False,False,1.0
UTSA,JACK,EDGE,default,LB,DEF,1,Owen Pewee,SR,False,True,2.0
UTEP,RB,RB,label,RB,OFF,1,Tavorus Jones,SR,True,True,1.0
UTEP,FS,SAF,label,SAF,DEF,1,Xavier Smith,SR,True,True,2.0
UTEP,SS,SAF,label,SAF,DEF,1,Kode Lowe,SR,True,True,1.0
UTEP,RCB,CB,label,CB,DEF,1,TJ Tillman,SO,False,False,2.0
UTEP,LCB,CB,label,CB,DEF,1,Justin Content,JR,False,False,1.0
UTEP,MLB,LB,label,LB,DEF,1,Isaiah Bogerty,SR,True,True,2.0
UTEP,WLB,LB,label,LB,DEF,1,Jayden Wilson,SR,True,False,1.0
Arizona State,RT,OT,label,,OFF,1,Luke Baklenko,SR,True,False,5.0
Arizona State,RG,IOL,label,,OFF,1,Wade Helton,SO,True,True,4.0
Arizona State,C,IOL,label,,OFF,1,Tana Alo-Tupuola,JR,True,False,3.0
Arizona State,LG,IOL,label,,OFF,1,Maki Stewart,SO,False,False,2.0
Arizona State,LT,OT,label,,OFF,1,Jalen Klemm,SR,True,True,1.0
UTSA,LG,IOL,label,,OFF,1,Devron Williams Jr.,SO,True,True,2.0
UTSA,LT,OT,label,,OFF,1,Jonah Miller,SR,True,True,1.0
UTSA,WR-F,WR,label,,OFF,1,David Amador II,JR,False,True,3.0
UTSA,WR-Z,WR,label,WR,OFF,1,TJ West,JR,True,True,2.0
UTEP,WR-Z,WR,label,WR,OFF,1,Jaylan Brown,SO,True,True,2.0
UTEP,WR-X,WR,label,WR,OFF,1,Carver Cheeks,SR,True,False,1.0
Utah State,ROLB,LB,bio,LB,DEF,1,Chris Joe,SO,False,False,1.0
UTEP,QB,QB,label,QB,OFF,1,EJ Colson,SO,True,True,1.0
UTEP,TE,TE,label,TE,OFF,1,Judah Ezinwa,SR,True,True,1.0
UTEP,RT,OT,label,,OFF,1,Tyler Roberts,FR,False,True,5.0
UTEP,RG,IOL,label,,OFF,1,Omoruyi Aliu-Otokiti,JR,True,False,4.0
UTEP,C,IOL,label,,OFF,1,Brian Williams Jr.,SO,True,True,3.0
UTEP,LG,IOL,label,,OFF,1,Jackson Bradley,SR,True,True,2.0
UTEP,LT,OT,label,,OFF,1,Jaymon Lamb,JR,True,True,1.0
Arizona State,RB,RB,label,RB,OFF,1,Kyson Brown,SR,False,False,1.0
Arizona State,QB,QB,label,QB,OFF,1,Cutter Boley,SO,True,True,1.0
Arizona State,TE,TE,label,TE,OFF,1,Khamari Anderson,SR,True,False,1.0
UTEP,DT,DT,label,,DEF,1,Preston Hickey,SR,True,True,2.0
UTEP,NT,DT,label,DT,DEF,1,Ashton Coker,JR,False,False,1.0
UTEP,DE,EDGE,label,EDGE,DEF,1,Shakaun Bowser,SR,True,True,1.0
Utah State,DT,DT,label,EDGE,DEF,1,Tyree Morris,SR,True,True,2.0
Utah State,NT,DT,label,DT,DEF,1,Ta'avili Tuitama,SR,True,True,1.0
Utah State,DE,EDGE,label,EDGE,DEF,1,Carson Tujague,SO,True,True,1.0
Utah State,FB,RB,label,TE,OFF,1,Collin Remenowksy,SR,True,False,1.0
Utah State,RB,RB,label,RB,OFF,1,Javen Jacobs,SR,True,True,1.0
Utah State,LOLB,EDGE,bio,LB,DEF,1,Jeremiah Holmes,SR,True,False,1.0
Utah State,NB,CB,default,,DEF,1,Bryson Taylor,GR,True,False,3.0
Utah State,FS,SAF,label,SAF,DEF,1,Chapman Lewis,JR,True,True,2.0
Utah State,SS,SAF,label,SAF,DEF,1,Brevin Hamblin,SR,True,False,1.0
Utah State,RCB,CB,label,CB,DEF,1,D'Angelo Mayes,JR,True,False,2.0
Utah State,LCB,CB,label,,DEF,1,Antonio Bluiett,SR,True,True,1.0
Arizona State,RDT,DT,label,DT,DEF,1,Zac Swanson,SR,True,True,2.0
Arizona State,LDT,DT,label,,DEF,1,C.J. Fite,SR,False,False,1.0
Arizona State,RDE,EDGE,label,EDGE,DEF,1,Jalen Thompson,SR,True,False,2.0
Arizona State,LDE,EDGE,label,EDGE,DEF,1,Emar'rion Winston,SR,True,True,1.0
UTEP,WR-SL,WR,label,WR,OFF,1,Jaden Smith,SR,True,True,3.0
Utah State,WR-X,WR,label,WR,OFF,1,Anthony Garcia,JR,True,True,1.0
Utah,MAC,LB,label,LB,DEF,1,Johnathan Hall,SR,False,False,1.0
Utah State,QB,QB,label,QB,OFF,1,McCae Hillstead,JR,True,True,1.0
Utah State,TE,TE,label,TE,OFF,1,Kache Kaio,JR,True,False,1.0
Utah State,RT,OT,label,,OFF,1,Seth Wilfred,JR,True,True,5.0
Utah State,RG,IOL,label,,OFF,1,Tavo Motu'apuaka,SR,False,True,4.0
Utah State,C,IOL,label,,OFF,1,Jimmy Liston,JR,True,True,3.0
Utah State,LG,IOL,label,,OFF,1,George Maile,SR,True,True,2.0
Utah State,LT,OT,label,,OFF,1,John Randle Jr.,SO,True,True,1.0
Arizona State,SS,SAF,label,SAF,DEF,1,Lyrik Rawls,SR,True,True,1.0
Arizona State,RCB,CB,label,CB,DEF,1,Ashton Stamps,JR,True,True,2.0
Arizona State,LCB,CB,label,CB,DEF,1,Rodney Bimage Jr.,SO,False,True,1.0
Arizona State,MLB,LB,label,LB,DEF,1,Owen Long,JR,True,False,2.0
Arizona State,WLB,LB,label,LB,DEF,1,Martell Hughes,JR,False,False,1.0
Utah State,RILB,LB,label,LB,DEF,1,Harrison Taggart,SR,True,True,2.0
Utah State,LILB,LB,label,LB,DEF,1,Bronson Olevao Jr.,SR,False,True,1.0
Utah,QB,QB,label,QB,OFF,1,Devon Dampier,SR,True,False,1.0
Utah,NB,CB,default,,DEF,1,Rock Caldwell,SR,True,True,4.0
Utah,FS,SAF,label,SAF,DEF,1,Nate Ritchie,SR,False,False,3.0
Utah,SS,SAF,label,SAF,DEF,1,Rabbit Evans,SR,True,True,2.0
Utah,ROVER,SAF,default,,DEF,1,Cyrus Polu,SO,False,False,1.0
Utah,RCB,CB,label,CB,DEF,1,Elijah Reed,SR,True,True,2.0
Utah,LCB,CB,label,CB,DEF,1,Elijah Davis,SR,False,True,1.0
Utah,RDT,DT,label,DT,DEF,1,Pupu Sepulona,SO,False,False,2.0
Utah,LDT,DT,label,LB,DEF,1,Karson Kaufusi,SO,False,False,1.0
Arkansas,WR-SL,WR,label,WR,OFF,1,Ismael Cisse,JR,True,True,3.0
Arkansas,WR-Z,WR,label,WR,OFF,1,CJ Brown,JR,False,False,2.0
Arkansas,WR-X,WR,label,WR,OFF,1,Chris Marshall,SR,True,True,1.0
Arizona State,NB,CB,default,,DEF,1,Adrian Wilson,JR,True,True,3.0
Arizona State,FS,SAF,label,SAF,DEF,1,Jessiah McGrew,SO,True,False,2.0
Utah State,WR-SL,WR,label,TE,OFF,1,Javon Robinson,SR,True,False,3.0
Utah State,WR-Z,WR,label,WR,OFF,1,Demick Starling,GR,True,False,2.0
USC,FS,SAF,label,SAF,DEF,1,Christian Pierce,SR,False,False,2.0
USC,SS,SAF,label,SAF,DEF,1,Kennedy Urlacher,JR,True,False,1.0
Utah,TE,TE,label,TE,OFF,1,Hunter Andrews,SO,False,True,1.0
Utah,RT,OT,label,,OFF,1,Cedric Jefferson,JR,True,True,5.0
Utah,RG,IOL,label,,OFF,1,Keith Olson,SR,False,True,4.0
Utah,C,IOL,label,,OFF,1,Alex Harrison,GR,False,False,3.0
Utah,LG,IOL,label,,OFF,1,Solatoa Moea'i,SR,False,False,2.0
Utah,LT,OT,label,,OFF,1,Zereoue Williams,GR,False,False,1.0
Arkansas,RT,OT,label,,OFF,1,Bryant Williams,SR,True,True,5.0
Arkansas,RG,IOL,label,,OFF,1,Kobe Branham,SO,False,True,4.0
Arkansas,C,IOL,label,,OFF,1,Caden Kitler,SR,True,True,3.0
Arkansas,LG,IOL,label,,OFF,1,Malachi Breland,JR,True,True,2.0
Arkansas,LT,OT,label,,OFF,1,Kavion Broussard,SO,True,True,1.0
Utah,RDE,EDGE,label,EDGE,DEF,1,Ethan Day,SR,True,True,2.0
Utah,LDE,EDGE,label,EDGE,DEF,1,Lance Holtzclaw,SR,True,True,1.0
Utah,RB,RB,label,RB,OFF,1,Wayshawn Parker,JR,True,False,1.0
USC,RB,RB,label,RB,OFF,1,Waymond Jordan,SR,True,False,1.0
USC,QB,QB,label,QB,OFF,1,Jayden Maiava,SR,True,True,1.0
USC,TE,TE,label,TE,OFF,1,Mark Bowman,FR,False,False,1.0
USC,RCB,CB,label,CB,DEF,1,Jontez Williams,SR,True,True,2.0
USC,LCB,CB,label,CB,DEF,1,Marcelles Williams,SO,False,True,1.0
USC,MLB,LB,label,LB,DEF,1,Desman Stephens II,JR,False,False,2.0
USC,WLB,LB,label,LB,DEF,1,Deven Bryant,JR,True,True,1.0
USC,DT,DT,label,DT,DEF,1,Jide Abasiri,JR,False,False,2.0
USC,NT,DT,label,DT,DEF,1,Alex VanSumeren,SR,True,True,1.0
Arkansas,RB,RB,label,RB,OFF,1,Braylen Russell,JR,False,False,1.0
Arkansas,QB,QB,label,QB,OFF,1,KJ Jackson,SO,False,True,1.0
Arkansas,TE,TE,label,TE,OFF,1,Jaden Platt,JR,True,True,1.0
Utah,WR-SL,WR,label,WR,OFF,1,Kyri Shoels,SR,True,True,3.0
Utah,WR-Z,WR,label,WR,OFF,1,Braden Pegan,SR,True,True,2.0
Utah,WR-X,WR,label,WR,OFF,1,Larry Simmons,SR,True,True,1.0
USC,NB,CB,bio,CB,DEF,1,Alex Graham,FR,False,True,3.0
USC,WR-X,WR,label,WR,OFF,1,Terrell Anderson,JR,True,False,1.0
UNLV,NB,CB,default,,DEF,1,Mumu Bin-Wahad,SR,True,True,3.0
UNLV,FS,SAF,label,SAF,DEF,1,Tre Fulton,SO,False,True,2.0
UNLV,SS,SAF,label,SAF,DEF,1,Jake Pope,SR,True,True,1.0
UNLV,RCB,CB,label,,DEF,1,Avery Helm,SR,True,True,2.0
USC,RT,OT,label,,OFF,1,Justin Tauanuu,SO,False,True,5.0
USC,RG,IOL,label,,OFF,1,Alani Noa,SR,False,False,4.0
USC,C,IOL,label,IOL,OFF,1,Kilian O'Connor,SR,False,True,3.0
USC,LG,IOL,label,,OFF,1,Tobias Raymond,JR,False,True,2.0
USC,LT,OT,label,,OFF,1,Elijah Paige,JR,False,True,1.0
Arkansas,DT,DT,label,DT,DEF,1,Hunter Osborne,JR,True,True,2.0
Arkansas,NT,DT,label,DT,DEF,1,David Oke,SR,True,True,1.0
Arkansas,JACK,EDGE,default,LB,DEF,1,Charlie Collins,JR,False,False,2.0
Arkansas,DE,EDGE,label,EDGE,DEF,1,Quincy Rhodes Jr.,SR,False,False,1.0
USC,RDE,EDGE,label,EDGE,DEF,1,Kameryn Crawford,JR,False,False,2.0
USC,LDE,EDGE,label,EDGE,DEF,1,Braylan Shelby,SR,False,False,1.0
UNLV,RT,OT,label,,OFF,1,Jackson Brown,SR,True,True,5.0
UNLV,RDE,EDGE,label,EDGE,DEF,1,Elias Rudolph,SO,True,True,2.0
UNLV,LDE,EDGE,label,EDGE,DEF,1,Landen Thomas,JR,True,True,1.0
UNLV,RB,RB,label,RB,OFF,1,Jai'Den Thomas,SR,False,False,1.0
UNLV,QB,QB,label,QB,OFF,1,Jackson Arnold,SR,True,False,1.0
UNLV,LCB,CB,label,CB,DEF,1,Quandarius Keyes,SR,True,False,1.0
UNLV,MLB,LB,label,LB,DEF,1,Cam Santee,SR,True,False,2.0
UNLV,WLB,LB,label,LB,DEF,1,Blesyng Alualu-Tuiolemotu,JR,False,True,1.0
UNLV,RDT,DT,label,DT,DEF,1,Lucas Conti,JR,False,True,2.0
UNLV,LDT,DT,label,,DEF,1,Herb Gray,SO,True,True,1.0
Arkansas,RCB,CB,label,CB,DEF,1,La'khi Roland,JR,True,False,2.0
Arkansas,LCB,CB,label,CB,DEF,1,Joker Johnson,JR,True,True,1.0
Arkansas,MLB,LB,label,LB,DEF,1,Bradley Shaw,JR,False,False,2.0
Arkansas,WLB,LB,label,LB,DEF,1,Ja'Quavion Smith,JR,True,False,1.0
USC,WR-SL,WR,label,WR,OFF,1,Zacharyus Williams,SO,True,True,3.0
USC,WR-Z,WR,label,WR,OFF,1,Tanook Hines,SO,False,False,2.0
UL Monroe,DT,DT,label,DT,DEF,1,Colton Vatne,JR,False,False,1.0
UL Monroe,DE,EDGE,label,EDGE,DEF,1,Le'Kell Mc'Gowan,JR,False,False,1.0
UL Monroe,RB,RB,label,RB,OFF,1,Derrick Jameson,GR,False,False,1.0
UL Monroe,QB,QB,label,QB,OFF,1,Landon Graves,SR,False,False,1.0
UL Monroe,TE,TE,label,TE,OFF,1,Bryce Anderson,SR,False,False,1.0
UNLV,RG,IOL,label,,OFF,1,BJ Tolo,JR,True,True,4.0
UNLV,C,IOL,label,,OFF,1,Austin Boyd,SR,False,False,3.0
UNLV,LG,IOL,label,,OFF,1,Griffin Scroggs,SR,True,True,2.0
UNLV,LT,OT,label,,OFF,1,Will Thomas,SR,True,True,1.0
UNLV,WR-SL,WR,label,WR,OFF,1,DeAngelo Irvin Jr.,SR,False,False,3.0
UNLV,WR-Z,WR,label,WR,OFF,1,Taeshaun Lyons,JR,True,True,2.0
UNLV,WR-X,WR,label,WR,OFF,1,Amorion Walker,SR,True,True,1.0
Arkansas,NB,LB,bio,LB,DEF,1,Khmori House,JR,True,False,3.0
Arkansas,FS,SAF,label,SAF,DEF,1,Christian Harrison,SR,True,True,2.0
Arkansas,SS,SAF,label,SAF,DEF,1,Miguel Mitchell,SR,True,True,1.0
UNLV,TE,TE,label,TE,OFF,1,Keyan Burnett,SR,True,True,1.0
Arkansas State,RT,OT,label,,OFF,1,Aleric Watson,SR,False,True,5.0
Arkansas State,RG,IOL,label,,OFF,1,Wil Saxton,SR,True,True,4.0
Arkansas State,C,IOL,label,,OFF,1,Mason Myers,JR,False,True,3.0
Arkansas State,LG,IOL,label,,OFF,1,Tristian Smith,SR,True,True,2.0
Arkansas State,LT,OT,label,,OFF,1,Sterling Wiggins,JR,True,True,1.0
Arkansas State,WR-SL,WR,label,WR,OFF,1,Chauncy Cobb,JR,False,True,3.0
Arkansas State,WR-Z,WR,label,WR,OFF,1,Hunter Summers,JR,True,True,2.0
Arkansas State,WR-X,WR,label,WR,OFF,1,Jaylen Bonelli,SR,True,False,1.0
UL Monroe,BANDIT,EDGE,default,LB,DEF,1,Jaeden Calender,JR,False,False,1.0
UL Monroe,BAN,EDGE,default,LB,DEF,1,Jaeden Calender,JR,False,False,1.0
UL Monroe,FS,SAF,label,,DEF,1,Korian Wilson,GR,False,False,2.0
UL Monroe,SS,SAF,label,SAF,DEF,1,Carl Fauntroy,GR,False,False,1.0
UL Monroe,LCB,CB,label,,DEF,1,Korian Wilson,GR,False,False,2.0
UL Monroe,RCB,CB,label,,DEF,1,Jay Harper,JR,False,False,1.0
UL Monroe,WLB,LB,label,LB,DEF,1,Noah Flemmings,SR,False,False,2.0
UL Monroe,MLB,LB,label,LB,DEF,1,Jabari Tiller,GR,False,False,1.0
UConn,RDE,EDGE,label,LB,DEF,1,Joshua Mickens,JR,True,True,2.0
UConn,NB,CB,bio,CB,DEF,1,Tracy Revels,JR,True,True,3.0
UConn,FS,SAF,label,SAF,DEF,1,Braedyn Moore,JR,True,True,2.0
UConn,SS,SAF,label,CB,DEF,1,Jayden Davis,SR,True,True,1.0
UConn,RCB,CB,label,CB,DEF,1,Zion Paret,SO,True,False,2.0
UConn,LCB,CB,label,CB,DEF,1,Moussa Kane,JR,True,True,1.0
UL Monroe,RG,IOL,label,,OFF,1,Reese Steele,GR,False,False,5.0
UL Monroe,RT,OT,label,,OFF,1,AJ Vinson,SR,False,False,4.0
UL Monroe,C,IOL,label,,OFF,1,Drew Hutchinson,GR,False,False,3.0
UL Monroe,LG,IOL,label,TE,OFF,1,Nate Green,JR,False,False,2.0
UL Monroe,LT,OT,label,,OFF,1,David Applewhite,JR,False,False,1.0
UL Monroe,WR-Z,WR,label,WR,OFF,1,Parker Fulghum,JR,False,False,3.0
UL Monroe,WR-SL,WR,label,WR,OFF,1,JP Coulter,SR,False,False,2.0
UL Monroe,WR-X,WR,label,WR,OFF,1,Nic Trujillo,SR,False,False,1.0
Arkansas State,QB,QB,label,QB,OFF,1,Trey Owens,SO,True,True,1.0
Arkansas State,TE,TE,label,TE,OFF,1,Joshua Burrell,SR,True,True,1.0
UConn,RT,OT,label,,OFF,1,Christian Richter,SR,True,True,5.0
UConn,RG,IOL,label,,OFF,1,Ty Chan,SR,True,True,4.0
UConn,C,IOL,label,,OFF,1,Terrence Moore,SR,True,True,3.0
UConn,LG,IOL,label,,OFF,1,Tamarus Walker,JR,True,True,2.0
UConn,LDE,EDGE,label,EDGE,DEF,1,Avery Dunn,SR,True,True,1.0
UConn,RB,RB,label,RB,OFF,1,Kenji Christian,SR,True,True,1.0
UConn,QB,QB,label,QB,OFF,1,Jake Merklinger,SO,True,True,1.0
Arkansas State,DT,DT,label,DT,DEF,1,Shakai Woods,JR,True,True,2.0
Arkansas State,NT,DT,label,DT,DEF,1,Elias Sherman,JR,True,True,1.0
Arkansas State,JACK,EDGE,bio,EDGE,DEF,1,Tony Carter,SO,False,False,2.0
Arkansas State,DE,EDGE,label,EDGE,DEF,1,Donquarius Parker,SR,True,True,1.0
Arkansas State,RB,RB,label,RB,OFF,1,Kenyon Clay,SR,True,True,1.0
UConn,MLB,LB,label,LB,DEF,1,John Lista,SR,True,True,2.0
UConn,WLB,LB,label,LB,DEF,1,K'Von Sherman,SR,True,False,1.0
UConn,RDT,DT,label,DT,DEF,1,Melvin Hills III,SO,True,True,2.0
UConn,LDT,DT,label,EDGE,DEF,1,Esean Carter,SR,True,True,1.0
UCLA,LDT,DT,label,,DEF,1,Maxwell Roy,FR,True,True,1.0
UCLA,NB,CB,default,,DEF,1,DJ Barksdale,SR,True,False,3.0
UCLA,FS,SAF,label,SAF,DEF,1,Tao Johnson,SR,True,True,2.0
UCLA,SS,SAF,label,SAF,DEF,1,Cole Martin,JR,True,True,1.0
UCLA,RCB,CB,label,CB,DEF,1,Rodrick Pleasant,JR,True,True,2.0
UCLA,LCB,CB,label,CB,DEF,1,Scooter Jackson,SR,True,False,1.0
UConn,LT,OT,label,,OFF,1,Hannes Hammer,JR,True,True,1.0
UConn,WR-SL,WR,label,WR,OFF,1,Ky Wilson,SR,True,False,3.0
UConn,WR-Z,WR,label,WR,OFF,1,Ryder Treadway,SO,True,False,2.0
UConn,WR-X,WR,label,WR,OFF,1,Shamar Porter,JR,True,True,1.0
Arkansas State,SS,SAF,label,SAF,DEF,1,AG McGhee,SR,True,False,1.0
Arkansas State,RCB,CB,label,CB,DEF,1,Dontrae Henderson,SO,True,True,2.0
Arkansas State,LCB,CB,label,CB,DEF,1,Noah Flores,JR,True,True,1.0
Arkansas State,MLB,LB,label,LB,DEF,1,Nigel Nelson,SO,False,False,2.0
Arkansas State,WLB,LB,label,LB,DEF,1,Robert Stevens III,JR,True,True,1.0
UConn,TE,TE,label,TE,OFF,1,Matt Ragan,SR,True,True,1.0
UCLA,LDE,EDGE,label,EDGE,DEF,1,Sahir West,SO,True,True,1.0
UCLA,RB,RB,label,RB,OFF,1,Wayne Knight,SR,True,True,1.0
UCLA,QB,QB,label,QB,OFF,1,Nico Iamaleava,JR,True,True,1.0
UCLA,TE,TE,label,TE,OFF,1,Joshua Phifer,JR,True,True,1.0
Army,RG,IOL,label,,OFF,1,Paolo Gennarelli,SR,False,False,4.0
Army,C,IOL,label,,OFF,1,Brady Small,SR,False,False,3.0
Army,LG,IOL,label,,OFF,1,Kyle Kloska,SR,True,False,2.0
Army,LT,OT,label,,OFF,1,Henry Appleton,SR,False,False,1.0
Army,WR-Z,WR,label,WR,OFF,1,Kurt Thompson,SR,False,False,3.0
Army,WR-X,WR,label,WR,OFF,1,Kavon Pointer,SR,False,False,2.0
Army,WR,WR,label,WR,OFF,1,Brady Anderson,JR,False,False,1.0
Arkansas State,NB,SAF,bio,SAF,DEF,1,Joe Drew,SO,False,False,3.0
Arkansas State,FS,SAF,label,SAF,DEF,1,Brandon Barnes,JR,False,False,2.0
UCLA,MLB,LB,label,LB,DEF,1,Sammy Omosigho,SR,True,False,2.0
UCLA,WLB,LB,label,LB,DEF,1,Jalen Woods,SR,False,True,1.0
UCLA,RDT,DT,label,DT,DEF,1,Tyson Ford,JR,True,True,2.0
UCF,SS,SAF,label,SAF,DEF,1,Demari Henderson,SR,False,True,1.0
UCF,NB,CB,default,,DEF,1,Braeden Marshall,SR,False,False,3.0
UCF,FS,SAF,label,SAF,DEF,1,Ty Bartrum,SR,True,True,5.0
UCF,RCB,CB,label,CB,DEF,1,Jayden Bellamy,SR,True,True,2.0
UCLA,RT,OT,label,,OFF,1,Hall Schmidt,SR,True,True,5.0
UCLA,RG,IOL,label,,OFF,1,Carter Sweazie,SR,True,True,4.0
UCLA,C,IOL,label,,OFF,1,Riley Robell,JR,True,True,3.0
UCLA,LG,IOL,label,,OFF,1,Eugene Brooks,SO,True,True,2.0
UCLA,LT,OT,label,,OFF,1,Jordan Davis,SR,True,True,1.0
Army,SB,RB,label,RB,OFF,1,Samari Howard,SR,False,False,3.0
Army,RB-B,RB,label,RB,OFF,1,Godspower Nwawuihe,SO,False,False,2.0
Army,RB-A,RB,label,RB,OFF,1,Jake Rendina,SR,False,False,1.0
Army,QB,QB,label,QB,OFF,1,Cale Hellums,SR,False,False,1.0
Army,TE,TE,label,TE,OFF,1,Parker Poloskey,SR,False,False,1.0
Army,RT,OT,label,,OFF,1,Teddy Williams,SR,False,False,5.0
UCLA,RDE,EDGE,label,EDGE,DEF,1,Aiden Gobaira,SR,True,True,2.0
Auburn,WR-Z,WR,label,WR,OFF,1,Keshaun Singleton,JR,True,True,2.0
Auburn,WR-X,WR,label,WR,OFF,1,Jeremiah Koger,SO,True,False,1.0
Army,NB,CB,default,,DEF,1,Cole Searight,JR,False,False,3.0
Army,FS,SAF,label,SAF,DEF,1,Caleb Williams,JR,False,False,2.0
Army,SS,SAF,label,SAF,DEF,1,Stephen Nnadozie,SR,False,False,1.0
Army,RCB,CB,label,CB,DEF,1,Jaxon Hammond,SR,False,False,2.0
Army,LCB,CB,label,CB,DEF,1,Jaydan Mayes,SR,False,False,1.0
Army,MLB,LB,label,LB,DEF,1,Bryson Banks,SO,False,False,2.0
Army,WLB,LB,label,LB,DEF,1,Baylor Newsom,SR,False,False,1.0
Army,NT,DT,label,DT,DEF,1,Kody Harris-Miller,SR,False,False,1.0
Army,OLB,LB,default,,DEF,1,Noah Nixon,SR,False,False,3.0
Army,RDE,EDGE,label,EDGE,DEF,1,Jack Bousum,JR,False,False,2.0
Army,LDE,EDGE,label,EDGE,DEF,1,Javon Smith,JR,False,False,1.0
UCLA,WR-SL,WR,label,WR,OFF,1,Mikey Matthews,SR,True,False,3.0
UCLA,WR-Z,WR,label,,OFF,1,Landon Ellis,SR,True,False,2.0
UCLA,WR-X,WR,label,WR,OFF,1,Leland Smith,SR,True,False,1.0
UCF,WR-X,WR,label,WR,OFF,1,Jonathan Bibbs,SO,True,True,4.0
UCF,RDE,EDGE,label,EDGE,DEF,1,Ken Talley,SR,True,True,4.0
UCF,LDE,EDGE,label,EDGE,DEF,1,Bruno Dall,JR,True,True,3.0
UCF,RB,RB,label,RB,OFF,1,Landen Chambers,JR,True,True,1.0
UCF,QB,QB,label,QB,OFF,1,Alonza Barnett III,SR,True,True,1.0
UCF,LCB,CB,label,CB,DEF,1,Antione Jackson,SR,True,False,1.0
UCF,WLB,LB,label,LB,DEF,1,Lewis Carter,SR,True,False,1.0
UCF,MLB,LB,label,LB,DEF,1,Tackett Curtis,SR,True,False,4.0
UCF,RDT,DT,label,DT,DEF,1,RJ Jackson Jr.,SR,True,False,2.0
UCF,LDT,DT,label,LB,DEF,1,Horace Lockett,SR,True,True,1.0
Auburn,RT,OT,label,,OFF,1,Jo Simmons,SR,True,True,5.0
Auburn,RG,IOL,label,,OFF,1,Cole Skinner,SR,True,False,4.0
Auburn,C,IOL,label,,OFF,1,Cole Best,SR,True,True,3.0
Auburn,LG,IOL,label,,OFF,1,Deryc Plazz,SO,True,True,2.0
Auburn,LT,OT,label,,OFF,1,Stanton Ramil,JR,True,True,1.0
Auburn,WR-H,WR,label,WR,OFF,1,Chas Nimrod,SR,True,True,3.0
UAB,MLB,LB,label,LB,DEF,1,Muaaz Byard,SR,True,True,2.0
UAB,WLB,LB,label,LB,DEF,1,Ike Esonwune,JR,True,True,1.0
UAB,DT,DT,label,DT,DEF,1,Chris Spencer,SR,True,True,2.0
UAB,NT,DT,label,DT,DEF,1,Cam Cunningham,SR,True,True,1.0
UCF,WR-SL,WR,label,WR,OFF,1,Duane Thomas Jr.,SR,True,False,3.0
UAB,NB,SAF,bio,SAF,DEF,1,Anta'Veon McKenzie,JR,True,True,3.0
UAB,FS,SAF,label,SAF,DEF,1,Jotavian Pierce,FR,True,True,2.0
UAB,SS,SAF,label,SAF,DEF,1,Jeremiah Jordan,SR,True,True,1.0
Auburn,TE,TE,label,TE,OFF,1,Jonathan Echols,SO,True,True,1.0
UCF,TE,TE,label,TE,OFF,1,Dylan Wade,SR,True,False,1.0
UCF,RT,OT,label,,OFF,1,Preston Cushman,SR,True,True,5.0
UCF,RG,IOL,label,,OFF,1,Brady Wayburn,SR,True,True,4.0
UCF,LT,OT,label,,OFF,1,Henry Tabansi,JR,True,True,1.0
UCF,LG,IOL,label,,OFF,1,Tyler Gibson,SR,True,True,7.0
UCF,C,IOL,label,,OFF,1,Cooper Terpstra,JR,True,True,8.0
UCF,WR-Z,WR,label,WR,OFF,1,Waden Charles,SO,False,False,2.0
Tulsa,RCB,CB,label,CB,DEF,1,Elijah Green,JR,False,False,2.0
UAB,RT,OT,label,,OFF,1,Kyrik Mason,GR,True,False,5.0
UAB,RG,IOL,label,,OFF,1,Barry Walker,SO,False,True,4.0
UAB,C,IOL,label,,OFF,1,Adam Lepkowski,GR,False,False,3.0
UAB,LG,IOL,label,,OFF,1,Calib Perez,SR,True,True,2.0
UAB,LT,OT,label,,OFF,1,Payton Kirkland,JR,True,True,1.0
UAB,RDE,EDGE,label,EDGE,DEF,1,Blanche Gold,SR,True,True,2.0
UAB,LDE,EDGE,label,EDGE,DEF,1,Noah Nelson,SR,True,True,1.0
UAB,RB,RB,label,RB,OFF,1,Rod Robinson II,JR,True,True,1.0
UAB,QB,QB,label,QB,OFF,1,Ryder Burton,JR,True,True,1.0
UAB,TE,TE,label,TE,OFF,1,Antonio Ferguson,JR,True,True,1.0
Auburn,DE,EDGE,label,EDGE,DEF,1,Da'Shawn Womack,SR,True,False,1.0
Auburn,RB,RB,label,RB,OFF,1,Jeremiah Cobb,SR,False,False,1.0
Auburn,QB,QB,label,QB,OFF,1,Byrum Brown,SR,True,True,1.0
UAB,RCB,CB,label,CB,DEF,1,Darrell Sweeting,JR,True,True,2.0
UAB,LCB,CB,label,CB,DEF,1,Delvon Gulley,JR,True,False,1.0
Tulsa,MLB,LB,label,LB,DEF,1,Devin Hightower,GR,True,False,2.0
Tulsa,WLB,LB,label,LB,DEF,1,William Alexander,SR,False,True,1.0
Tulsa,DT,DT,label,DT,DEF,1,Jaylen George,SR,True,True,2.0
Tulsa,NT,DT,label,DT,DEF,1,Tai Newhouse,SR,False,True,1.0
Tulsa,RDE,EDGE,label,EDGE,DEF,1,Thomas Davis,SR,True,True,2.0
Tulsa,LDE,EDGE,label,EDGE,DEF,1,Kyran Duhon,JR,True,False,1.0
Auburn,MLB,LB,label,LB,DEF,1,Elijah Melendez,SO,False,False,2.0
Auburn,WLB,LB,label,LB,DEF,1,Xavier Atkins,SO,True,True,1.0
Auburn,DT,DT,label,DT,DEF,1,Cody Sigler,SR,True,True,2.0
Auburn,NT,DT,label,DT,DEF,1,Dallas Walker IV,SR,True,True,1.0
UAB,WR-SL,WR,label,WR,OFF,1,Ty Mims,SR,True,True,3.0
UAB,WR-Z,WR,label,WR,OFF,1,CJ Smith,SR,True,True,2.0
UAB,WR-X,WR,label,WR,OFF,1,Kaleb Brown,SR,True,True,1.0
Tulsa,FS,SAF,label,SAF,DEF,1,Rylan Leathers,SO,True,True,3.0
Tulsa,SS,SAF,label,SAF,DEF,1,Zach Williams,JR,False,False,2.0
Tulsa,STAR,SAF,bio,,DEF,1,Devin Robinson,JR,False,True,1.0
Tulsa,RG,IOL,label,,OFF,1,Hunter Erb,SR,True,True,4.0
Tulsa,C,IOL,label,,OFF,1,Malachi Preciado,SR,True,True,3.0
Tulsa,LG,IOL,label,,OFF,1,Ian Mayes,SO,False,False,2.0
Tulsa,LT,OT,label,,OFF,1,Cam East,SR,True,True,1.0
Tulsa,WR-SL,WR,label,WR,OFF,1,Grayson Tempest,SR,False,False,3.0
Tulsa,WR-Z,WR,label,WR,OFF,1,David Wells Jr.,JR,True,True,2.0
Tulsa,WR-X,WR,label,WR,OFF,1,Jimmy Calloway,GR,True,False,1.0
Tulsa,RB,RB,label,RB,OFF,1,Damari Alston,SR,True,True,1.0
Tulsa,QB,QB,label,QB,OFF,1,Baylor Hayes,SO,True,True,1.0
Tulsa,TE,TE,label,TE,OFF,1,Jewlyen Roberts,SO,False,True,1.0
Auburn,NB,CB,default,,DEF,1,Sylvester Smith-Reed,JR,False,True,3.0
Auburn,FS,SAF,label,SAF,DEF,1,Eric Winters,SO,False,False,2.0
Auburn,SS,SAF,label,SAF,DEF,1,Kaleb Harris,JR,False,False,1.0
Auburn,RCB,CB,label,CB,DEF,1,Andre Jordan Jr.,SR,True,False,2.0
Auburn,LCB,CB,label,CB,DEF,1,Rayshawn Pleasant,SR,True,True,1.0
Tulsa,LCB,CB,label,CB,DEF,1,Caldra Williford,SR,True,True,1.0
Tulane,LCB,CB,label,CB,DEF,1,Marquez Stevenson,JR,True,True,1.0
Tulane,MLB,LB,label,LB,DEF,1,Dickson Agu,JR,False,True,2.0
Tulane,WLB,LB,label,LB,DEF,1,Chris Rodgers,SR,True,False,1.0
Tulane,DT,DT,label,DT,DEF,1,Ed Smith,SR,True,True,2.0
Tulane,NT,DT,label,DT,DEF,1,Derrick Shepard Jr.,SR,True,True,1.0
Tulane,DE,EDGE,label,EDGE,DEF,1,Gerrod Henderson,SR,False,True,1.0
Tulane,SPEAR,SAF,bio,,DEF,1,Kajuan Banks,SR,True,True,1.0
Tulane,BANDIT,EDGE,default,,DEF,1,Jah'rie Garner,JR,False,True,1.0
Tulane,FS,SAF,label,SAF,DEF,1,Kevin Adams III,JR,False,True,2.0
Tulane,SS,SAF,label,SAF,DEF,1,Jack Tchienchou,JR,True,True,1.0
Tulane,RCB,CB,label,CB,DEF,1,E'zaiah Shine,SO,False,True,2.0
Ball State,WR-SL,WR,label,WR,OFF,1,Jabari Smith Jr.,JR,True,True,3.0
Ball State,WR-Z,WR,label,WR,OFF,1,Donovan Hamilton,SO,True,True,2.0
Ball State,WR-X,WR,label,WR,OFF,1,Elisha Durham,SO,False,False,1.0
Auburn,BUCK,EDGE,default,,DEF,1,Jared Smith,SO,False,False,1.0
Tulsa,RT,OT,label,,OFF,1,Brody Duffel,JR,False,False,5.0
Tulane,RT,OT,label,,OFF,1,Ryan Mickow,JR,True,True,5.0
Tulane,RG,IOL,label,,OFF,1,Reese Baker,SO,False,True,4.0
Tulane,C,IOL,label,,OFF,1,John Bock II,SR,True,True,3.0
Tulane,LG,IOL,label,,OFF,1,Elijah Baker,SO,False,True,2.0
Tulane,LT,OT,label,,OFF,1,Dominic Steward,SO,False,True,1.0
Tulane,WR-H,WR,label,WR,OFF,1,Zycarl Lewis Jr.,SO,False,True,3.0
Tulane,WR-Z,WR,label,WR,OFF,1,Anthony Brown-Stephens,SR,True,True,2.0
Tulane,WR-X,WR,label,WR,OFF,1,Destyn Hill,JR,True,True,1.0
Tulane,RB,RB,label,RB,OFF,1,Jaylin Lucas,SR,True,True,1.0
Tulane,QB,QB,label,QB,OFF,1,Kadin Semonza,JR,True,True,1.0
Tulane,TE,TE,label,TE,OFF,1,Gabe Lovorn,SO,False,False,1.0
Ball State,RT,OT,label,,OFF,1,Tristan Cook,JR,False,True,5.0
Ball State,RG,IOL,label,,OFF,1,Cole Mosier,SR,False,True,4.0
Ball State,C,IOL,label,,OFF,1,Maxwell Wentz,SR,True,True,3.0
Ball State,LG,IOL,label,,OFF,1,Zach Bandy,SO,False,True,2.0
Ball State,LT,OT,label,,OFF,1,Chris Hood,SR,False,True,1.0
Troy,LG,IOL,label,,OFF,1,Patrick Screws Jr.,JR,True,True,7.0
Troy,C,IOL,label,,OFF,1,Tyler Cappi,SR,False,True,3.0
Troy,WLB,LB,label,LB,DEF,1,Luke Hodge,SR,False,True,1.0
Troy,MLB,LB,label,LB,DEF,1,TJ Thompson,SR,True,True,4.0
Troy,NT,DT,label,DT,DEF,1,RaKeem Davis,JR,True,False,3.0
Troy,DT,DT,label,DT,DEF,1,Kam Curry,SR,True,False,2.0
Troy,DE,EDGE,label,EDGE,DEF,1,Kavion Henderson,SO,True,True,1.0
Troy,SPEAR,SAF,bio,SAF,DEF,1,Jordan Perry,SR,True,True,2.0
Troy,BANDIT,EDGE,default,LB,DEF,1,Donnie Smith,SR,True,False,1.0
Troy,SS,SAF,label,SAF,DEF,1,Justin Powe,SR,False,True,1.0
Troy,FS,SAF,label,SAF,DEF,1,Joe Lott,SO,False,True,4.0
Troy,RCB,CB,label,CB,DEF,1,Marlin Odom,SO,False,True,4.0
Troy,LCB,CB,label,CB,DEF,1,Jabari Strait,SR,True,False,3.0
Ball State,RB,RB,label,RB,OFF,1,TJ Horton,JR,False,True,1.0
Ball State,QB,QB,label,QB,OFF,1,Tyler Mizzell,JR,True,True,1.0
Ball State,TE,TE,label,TE,OFF,1,Tate Hoover,JR,True,True,1.0
Troy,WR-Z,WR,label,WR,OFF,1,Ky McNulty,SO,False,True,7.0
Troy,WR-X,WR,label,,OFF,1,Mojo Dortch,SR,True,True,3.0
Troy,WR-H,WR,label,WR,OFF,1,Jywon Boyd,SO,False,True,6.0
Toledo,NB,SAF,bio,SAF,DEF,1,Donovan Watkins,JR,True,False,3.0
Toledo,FS,SAF,label,SAF,DEF,1,Nicholas Thompson,JR,False,True,2.0
Toledo,SS,SAF,label,SAF,DEF,1,Kaleb Hutchinson,SR,True,True,1.0
Ball State,DT,DT,label,DT,DEF,1,Ameir Glenn,SO,True,True,2.0
Ball State,NT,DT,label,DT,DEF,1,Kendrick Gilbert,JR,True,True,1.0
Ball State,RUSH,EDGE,bio,EDGE,DEF,1,Jared Badie,SR,True,True,2.0
Ball State,DE,EDGE,label,EDGE,DEF,1,Austin Stief,SR,True,False,1.0
Troy,RB,RB,label,RB,OFF,1,Jordan Lovett,JR,False,True,1.0
Troy,QB,QB,label,QB,OFF,1,Goose Crowder,SR,True,True,1.0
Troy,TE,TE,label,TE,OFF,1,Jackson Worley,JR,False,True,1.0
Troy,RT,OT,label,,OFF,1,Caleb Ash,SO,False,True,9.0
Troy,RG,IOL,label,,OFF,1,Elijah Prather,JR,False,True,2.0
Troy,LT,OT,label,,OFF,1,Tra'jon Townsend,JR,True,False,6.0
Toledo,TE,TE,label,TE,OFF,1,Jacob Newell,SR,True,True,1.0
Toledo,RDT,DT,label,LB,DEF,1,Nathaniel Chandler,JR,True,True,2.0
Toledo,LDT,DT,label,DT,DEF,1,Caden Camese,SR,True,True,1.0
Toledo,RDE,EDGE,label,EDGE,DEF,1,Ezra Odinjor,JR,True,True,2.0
Toledo,LDE,EDGE,label,EDGE,DEF,1,Andrew Zock,JR,True,False,1.0
Toledo,RCB,CB,label,CB,DEF,1,KJ Thomas,SO,True,False,2.0
Toledo,LCB,CB,label,CB,DEF,1,Cam Jones,JR,True,False,1.0
Toledo,MLB,LB,label,LB,DEF,1,Langston Long,SR,True,True,2.0
Toledo,WLB,LB,label,LB,DEF,1,Isaac Prince,SR,True,True,1.0
Ball State,NB,CB,bio,,DEF,1,Chris Jackson,SR,True,True,3.0
Ball State,FS,SAF,label,SAF,DEF,1,Sterling Smith,JR,True,True,2.0
Ball State,SS,SAF,label,SAF,DEF,1,Derek Fields,JR,False,True,1.0
Ball State,RCB,CB,label,CB,DEF,1,Dianté Griffin,SR,True,True,2.0
Ball State,LCB,CB,label,CB,DEF,1,Willizhuan Yates,JR,False,False,1.0
Ball State,MLB,LB,label,LB,DEF,1,Gavin Forsha,SR,True,True,2.0
Ball State,WLB,LB,label,LB,DEF,1,Cincear Lewis,SR,True,True,1.0
Texas Tech,RCB,CB,label,CB,DEF,1,Amier Boyd,SR,True,True,2.0
Texas Tech,LCB,CB,label,CB,DEF,1,Brice Pollock,SR,True,False,1.0
Toledo,RT,OT,label,,OFF,1,Ibrahim Traore,SR,True,True,5.0
Toledo,RG,IOL,label,,OFF,1,Ahmad Carwise,SO,True,True,4.0
Toledo,C,IOL,label,,OFF,1,Luke Rector,JR,True,True,3.0
Toledo,LG,IOL,label,,OFF,1,Nick Thomas,SR,True,True,2.0
Toledo,LT,OT,label,,OFF,1,Stephen Gales,SR,False,True,1.0
Toledo,WR-SL,WR,label,WR,OFF,1,Rico Bond,SO,True,True,3.0
Toledo,WR-Z,WR,label,WR,OFF,1,Anthony Simpson,SR,True,True,2.0
Baylor,LG,IOL,label,,OFF,1,Nate Kibble,SO,True,True,2.0
Baylor,LT,OT,label,,OFF,1,Logan Moore,JR,True,True,1.0
Baylor,WR-SL,WR,label,WR,OFF,1,Gavin Freeman,SR,True,True,3.0
Baylor,WR-Z,WR,label,WR,OFF,1,Dre'lon Miller,JR,True,False,2.0
Baylor,WR-X,WR,label,WR,OFF,1,Louis Brown IV,SR,True,True,1.0
Toledo,RB,RB,label,RB,OFF,1,CJ Miller,SR,True,True,1.0
Toledo,QB,QB,label,QB,OFF,1,John Alan Richter,SR,False,True,1.0
Texas Tech,MLB,LB,label,LB,DEF,1,Ben Roberts,SR,False,True,2.0
Texas Tech,WLB,LB,label,LB,DEF,1,Austin Romaine,SR,True,False,1.0
Texas Tech,DT,DT,label,DT,DEF,1,Mateen Ibirogba,SR,True,True,2.0
Texas Tech,NT,DT,label,DT,DEF,1,Bryce Butler,SR,True,True,1.0
Texas Tech,RDE,EDGE,label,EDGE,DEF,1,Adam Trick,SR,True,True,2.0
Texas Tech,LDE,EDGE,label,EDGE,DEF,1,Trey White,SR,True,True,1.0
Baylor,RB,RB,label,RB,OFF,1,Dawson Pendergrass,JR,False,True,1.0
Baylor,QB,QB,label,QB,OFF,1,DJ Lagway,JR,True,False,1.0
Baylor,TE,TE,label,TE,OFF,1,Tony Livingston,SR,True,False,1.0
Baylor,RT,OT,label,,OFF,1,Kaden Sieracki,SR,False,True,5.0
Baylor,RG,IOL,label,,OFF,1,Koltin Sieracki,SO,False,True,4.0
Baylor,C,IOL,label,,OFF,1,Yakiri Walker,SR,True,True,3.0
Toledo,WR-X,WR,label,WR,OFF,1,Adjatay Dabbs,JR,True,True,1.0
Texas Tech,FS,SAF,label,SAF,DEF,1,Brenden Jordan,SR,False,False,3.0
Texas Tech,SS,SAF,label,SAF,DEF,1,Malik Esquerra,SO,False,True,2.0
Texas Tech,STAR,LB,bio,LB,DEF,1,John Curry,JR,False,True,1.0
Texas State,FS,SAF,label,SAF,DEF,1,Ryan Nolan,SR,True,False,2.0
Texas State,SS,SAF,label,SAF,DEF,1,Will Mitchell II,SO,False,True,1.0
Texas Tech,RT,OT,label,,OFF,1,Jacob Ponton,SO,False,True,5.0
Texas Tech,RG,IOL,label,,OFF,1,Jordan Church,JR,True,True,4.0
Texas Tech,C,IOL,label,,OFF,1,Sheridan Wilson,SR,False,True,3.0
Texas Tech,LG,IOL,label,,OFF,1,Hunter Zambrano,SR,True,True,2.0
Texas Tech,LT,OT,label,,OFF,1,Howard Sampson,SR,True,True,1.0
Texas Tech,RB,RB,label,RB,OFF,1,Cameron Dickey,JR,False,False,1.0
Texas Tech,QB,QB,label,QB,OFF,1,Will Hammond,SO,False,True,1.0
Texas Tech,TE,TE,label,TE,OFF,1,Terrance Carter Jr.,SR,True,True,1.0
Baylor,MLB,LB,label,LB,DEF,1,Travion Barnes,SR,True,True,2.0
Baylor,WLB,LB,label,LB,DEF,1,Kyland Reed,JR,False,False,1.0
Baylor,DT,DT,label,DT,DEF,1,Kamren Washington,SR,True,True,2.0
Baylor,NT,DT,label,DT,DEF,1,Hosea Wheeler,SR,True,True,1.0
Baylor,JACK,EDGE,default,LB,DEF,1,Garrick Ponder,SR,True,True,2.0
Baylor,DE,EDGE,label,EDGE,DEF,1,Jordan Mack,SR,True,True,1.0
Texas State,TE,TE,label,TE,OFF,1,Blake Smith,SR,True,True,1.0
Texas State,RCB,CB,label,CB,DEF,1,Dexter Ricks Jr.,SR,True,True,2.0
Texas State,LCB,CB,label,CB,DEF,1,Craig Royal Jr.,SR,True,False,1.0
Texas State,MLB,LB,label,LB,DEF,1,Terrence Cooks II,SR,True,True,2.0
Texas State,WLB,LB,label,LB,DEF,1,Ayden Jones,JR,True,True,1.0
Texas State,RDT,DT,label,DT,DEF,1,Bryce Carter,SR,True,True,2.0
Texas State,LDT,DT,label,LB,DEF,1,Kaleb James,JR,True,True,1.0
Baylor,NB,SAF,bio,SAF,DEF,1,Bo Onu,SO,False,False,3.0
Baylor,FS,SAF,label,SAF,DEF,1,Jacob Redding,JR,False,True,2.0
Baylor,SS,SAF,label,SAF,DEF,1,Devin Turner,SR,True,True,1.0
Baylor,RCB,CB,label,CB,DEF,1,Devon Jordan,JR,True,False,2.0
Baylor,LCB,CB,label,CB,DEF,1,LeVar Thornton Jr.,JR,False,True,1.0
Texas Tech,WR-SL,WR,label,WR,OFF,1,Coy Eakin,SR,False,True,3.0
Texas Tech,WR-Z,WR,label,WR,OFF,1,Kenny Johnson,SR,True,False,2.0
Texas Tech,WR-X,WR,label,WR,OFF,1,Micah Hudson,JR,False,False,1.0
Texas State,NB,CB,default,,DEF,1,Michael Patterson,JR,True,True,3.0
Texas State,C,IOL,label,,OFF,1,Ameer Ross,FR,False,True,3.0
Texas State,LG,IOL,label,,OFF,1,Jaylen Early,SR,True,True,2.0
Texas State,LT,OT,label,,OFF,1,William Boone,JR,True,True,1.0
Texas State,WR-SL,WR,label,WR,OFF,1,Kylen Evans,SO,False,True,3.0
Boise State,RT,OT,label,,OFF,1,Daylon Metoyer,SR,True,True,5.0
Boise State,RG,IOL,label,,OFF,1,Roger Carreon,SR,False,True,4.0
Boise State,C,IOL,label,,OFF,1,Stewart Taufa,FR,False,True,3.0
Boise State,LG,IOL,label,,OFF,1,Jason Steele,JR,False,True,2.0
Boise State,LT,OT,label,,OFF,1,Tyler Ethridge,SR,True,False,1.0
Boise State,WR-F,WR,label,WR,OFF,1,Ben Ford,SR,False,True,3.0
Boise State,WR-Z,WR,label,WR,OFF,1,Cameron Bates,JR,False,False,2.0
Boise State,WR-X,WR,label,WR,OFF,1,Rasean Jones,FR,False,False,1.0
Texas State,RDE,EDGE,label,EDGE,DEF,1,DonTerry Russell,SR,True,True,2.0
Texas State,LDE,EDGE,label,EDGE,DEF,1,Phillip Bradford,SR,True,True,1.0
Texas State,RB,RB,label,RB,OFF,1,Greg Burrell,JR,True,False,1.0
Texas State,QB,QB,label,QB,OFF,1,Brad Jackson,SO,False,True,1.0
Texas A&M,DT,DT,label,DT,DEF,1,DJ Hicks,SR,False,False,2.0
Texas A&M,NT,DT,label,DT,DEF,1,CJ Mims,SR,True,True,1.0
Texas A&M,JACK,EDGE,default,LB,DEF,1,Marco Jones,SO,False,False,2.0
Texas A&M,DE,EDGE,label,EDGE,DEF,1,Anto Saka,SR,True,True,1.0
Texas State,WR-Z,WR,label,WR,OFF,1,Chris Dawn Jr.,SR,False,False,2.0
Texas State,WR-X,WR,label,WR,OFF,1,Beau Sparks,SR,True,False,1.0
Texas A&M,NB,CB,default,,DEF,1,Jordan Shaw,JR,True,True,3.0
Texas A&M,FS,SAF,label,SAF,DEF,1,Marcus Ratcliffe,SR,True,False,2.0
Texas A&M,SS,SAF,label,SAF,DEF,1,Dalton Brooks,SR,False,False,1.0
Texas A&M,RCB,CB,label,CB,DEF,1,Julio Humphrey,SR,True,True,2.0
Texas A&M,LCB,CB,label,CB,DEF,1,Dezz Ricks,JR,True,True,1.0
Boise State,RB,RB,label,RB,OFF,1,Dylan Riley,JR,False,False,1.0
Boise State,QB,QB,label,QB,OFF,1,Maddux Madsen,SR,False,True,1.0
Boise State,TE,TE,label,TE,OFF,1,Matt Wagner,JR,False,True,1.0
Texas State,RT,OT,label,,OFF,1,Sully Burns,SR,True,True,5.0
Texas State,RG,IOL,label,,OFF,1,Justin DeLeon,JR,False,True,4.0
Texas A&M,RG,IOL,label,,OFF,1,Trovon Baugh,SR,True,False,4.0
Texas A&M,C,IOL,label,,OFF,1,Mark Nabou Jr.,SR,False,True,3.0
Texas A&M,LG,IOL,label,,OFF,1,Coen Echols,SO,True,True,2.0
Texas A&M,LT,OT,label,,OFF,1,Tyree Adams,JR,True,True,1.0
Texas A&M,WR-SL,WR,label,WR,OFF,1,Mario Craver,JR,True,False,3.0
Texas A&M,WR-Z,WR,label,WR,OFF,1,Ashton Bethel-Roman,SO,False,True,2.0
Texas A&M,RB,RB,label,RB,OFF,1,Rueben Owens II,JR,False,True,1.0
Texas A&M,QB,QB,label,QB,OFF,1,Marcel Reed,JR,False,True,1.0
Texas A&M,TE,TE,label,TE,OFF,1,Micah Riley,SR,True,True,1.0
Boise State,MLB,LB,label,LB,DEF,1,Jake Ripp,SR,False,True,2.0
Boise State,WLB,LB,label,LB,DEF,1,Boen Phelps,JR,False,True,1.0
Boise State,DT,DT,label,DT,DEF,1,Michael Madrie,JR,False,True,2.0
Boise State,NT,DT,label,,DEF,1,David Latu,SR,True,True,1.0
Boise State,DE,EDGE,label,EDGE,DEF,1,Max Stege,SR,False,False,1.0
Texas A&M,MLB,LB,label,LB,DEF,1,Ray Coney,SR,True,False,2.0
Texas A&M,WLB,LB,label,LB,DEF,1,Daymion Sanford,SR,False,False,1.0
Texas,RCB,CB,label,CB,DEF,1,Kade Phillips,SO,False,False,2.0
Texas,LCB,CB,label,CB,DEF,1,Bo Mascoe,JR,True,True,1.0
Texas,WLB,LB,label,LB,DEF,1,Rasheem Biles,SR,True,False,1.0
Texas,SLB,LB,label,LB,DEF,1,Brad Spence,SR,True,False,3.0
Texas,MLB,LB,label,LB,DEF,1,Ty'Anthony Smith,JR,False,False,2.0
Texas A&M,WR-X,WR,label,WR,OFF,1,Isaiah Horton,SR,True,True,1.0
Texas,SS,SAF,label,SAF,DEF,1,Jelani McDonald,SR,False,False,1.0
Texas,NB,CB,default,,DEF,1,Graceson Littleton,SO,False,False,3.0
Texas,FS,SAF,label,SAF,DEF,1,Xavier Filsaime,SO,False,True,2.0
Boise State,STUD,EDGE,bio,EDGE,DEF,1,Jayden Virgin-Morgan,SR,False,True,1.0
Boise State,NB,CB,bio,,DEF,1,Roman Tillmon,JR,True,True,3.0
Boise State,FS,SAF,label,SAF,DEF,1,Travis Anderson,SO,False,True,2.0
Boise State,SS,SAF,label,SAF,DEF,1,Derek Ganter Jr.,JR,True,True,1.0
Boise State,RCB,CB,label,CB,DEF,1,JeRico Washington Jr.,JR,True,True,2.0
Boise State,LCB,CB,label,CB,DEF,1,Jaden Mickey,SR,True,True,1.0
Texas A&M,RT,OT,label,,OFF,1,Wilkin Formby,JR,True,True,5.0
Texas,C,IOL,label,,OFF,1,Connor Robertson,SR,False,True,3.0
Texas,WR-Z,WR,label,WR,OFF,1,Ryan Wingo,JR,False,False,2.0
Texas,RB,RB,label,RB,OFF,1,Hollywood Smothers,JR,True,True,1.0
Texas,QB,QB,label,QB,OFF,1,Arch Manning,JR,False,True,1.0
Texas,TE-Y,TE,label,TE,OFF,1,Spencer Shannon,JR,False,True,1.0
Texas,TE-H,TE,label,TE,OFF,1,Emaree Winston,SO,False,False,2.0
Texas,RT,OT,label,,OFF,1,Melvin Siani,JR,True,True,5.0
Texas,NT,DT,label,DT,DEF,1,Ian Geffrard,JR,True,True,1.0
Texas,DT,DT,label,DT,DEF,1,Hero Kanu,SR,True,True,2.0
Texas,JACK,EDGE,bio,,DEF,1,Colin Simmons,JR,False,False,2.0
Texas,DE,EDGE,label,EDGE,DEF,1,Lance Jackson,SO,False,False,1.0
Boston College,LG,IOL,label,,OFF,1,Robert Smith IV,SO,False,False,2.0
Boston College,LT,OT,label,,OFF,1,Pape Abdoulaye Sy,SO,False,True,1.0
Boston College,WR-SL,WR,label,WR,OFF,1,Javarius Green,SO,True,True,3.0
Boston College,WR-Z,WR,label,WR,OFF,1,Jaedn Skeete,JR,False,True,2.0
Boston College,WR-X,WR,label,WR,OFF,1,Dawson Pough,SO,False,False,1.0
Tennessee,WLB,LB,label,LB,DEF,1,Arion Carter,SR,False,False,1.0
Tennessee,DT,DT,label,DT,DEF,1,Daevin Hobbs,SR,False,False,2.0
Tennessee,NT,DT,label,DT,DEF,1,Xavier Gilliam,SO,True,True,1.0
Tennessee,NB,SAF,bio,SAF,DEF,1,Qua Moss,SR,True,False,3.0
Tennessee,FS,SAF,label,SAF,DEF,1,TJ Metcalf,SR,True,False,2.0
Tennessee,SS,SAF,label,SAF,DEF,1,Edrees Farooq,JR,False,False,1.0
Tennessee,RCB,CB,label,CB,DEF,1,Ty Redmond,SO,False,False,2.0
Tennessee,LCB,CB,label,CB,DEF,1,Kayin Lee,SR,True,False,1.0
Texas,WR-X,WR,label,WR,OFF,1,Cam Coleman,JR,True,False,1.0
Texas,WR-H,WR,label,WR,OFF,1,Emmett Mosley V,JR,True,False,3.0
Boston College,RT,OT,label,,OFF,1,Veguer Jean-Jumeau,SO,True,True,5.0
Boston College,RG,IOL,label,,OFF,1,Kristian Phillips,SR,True,True,4.0
Boston College,C,IOL,label,,OFF,1,Michael Crounse,JR,False,True,3.0
Texas,RG,IOL,label,,OFF,1,Brandon Baker,JR,False,False,4.0
Texas,LT,OT,label,,OFF,1,Trevor Goosby,JR,False,True,1.0
Texas,LG,IOL,label,,OFF,1,Laurence Seymore,SR,True,True,2.0
Tennessee,C,IOL,label,,OFF,1,Sam Pendleton,JR,True,True,3.0
Tennessee,LG,IOL,label,,OFF,1,Wendell Moe Jr.,SR,True,True,2.0
Tennessee,LT,OT,label,,OFF,1,David Sanders Jr.,SO,False,False,1.0
Tennessee,WR-SL,WR,label,WR,OFF,1,Braylon Staley,SO,False,True,3.0
Tennessee,WR-Z,WR,label,WR,OFF,1,Radarious Jackson,SO,False,False,2.0
Tennessee,WR-X,WR,label,WR,OFF,1,Mike Matthews,JR,False,False,1.0
Tennessee,QB,QB,label,QB,OFF,1,George MacIntyre,FR,False,True,1.0
Tennessee,TE,TE,label,TE,OFF,1,Ethan Davis,JR,False,True,1.0
Tennessee,LEO,EDGE,bio,EDGE,DEF,1,Jordan Norman,JR,True,True,2.0
Tennessee,DE,EDGE,label,EDGE,DEF,1,Tyree Weathersby,JR,False,True,1.0
Tennessee,RB,RB,label,RB,OFF,1,DeSean Bishop,JR,False,True,1.0
Boston College,DE,EDGE,label,EDGE,DEF,1,Onye Nwosisi,SR,True,True,1.0
Boston College,RB,RB,label,RB,OFF,1,Evan Dickens,JR,True,True,1.0
Boston College,QB,QB,label,QB,OFF,1,Mason McKenzie,JR,True,True,1.0
Boston College,TE,TE,label,TE,OFF,1,Kaelan Chudzinski,SO,False,False,1.0
Tennessee,MLB,LB,label,LB,DEF,1,Amare Campbell,SR,True,False,2.0
Temple,DE,EDGE,label,EDGE,DEF,1,Quante Gillians,FR,True,True,1.0
Temple,RB,RB,label,RB,OFF,1,Hunter Smith,GR,True,False,1.0
Temple,MLB,LB,label,LB,DEF,1,Eric Stuart,GR,True,False,2.0
Temple,WLB,LB,label,LB,DEF,1,Curly Ordonez,SR,True,False,1.0
Temple,DT,DT,label,DT,DEF,1,Russell Sykes IV,SO,False,True,2.0
Temple,NT,DT,label,DT,DEF,1,Joseph Auzenne,SR,True,True,1.0
Temple,NB,SAF,bio,SAF,DEF,1,Zyil Powell,JR,False,True,3.0
Temple,FS,SAF,label,SAF,DEF,1,Avery Powell,SR,True,True,2.0
Temple,SS,SAF,label,SAF,DEF,1,Pooh Lawton,SR,True,True,1.0
Temple,RCB,CB,label,CB,DEF,1,Adrian Laing,SO,False,True,2.0
Temple,LCB,CB,label,CB,DEF,1,Denzel Chavis,SO,False,True,1.0
Boston College,DT,DT,label,DT,DEF,1,KJ Sampson,JR,True,True,2.0
Boston College,NT,DT,label,DT,DEF,1,Chris Marable Jr.,JR,True,True,1.0
Boston College,JACK,EDGE,bio,EDGE,DEF,1,Kris Jones,SO,True,True,2.0
Tennessee,RT,OT,label,,OFF,1,Ory Williams,SO,True,True,5.0
Tennessee,RG,IOL,label,,OFF,1,Jesse Perry,SO,False,True,4.0
Temple,WR-Z,WR,label,WR,OFF,1,Jayce Freeman,SR,True,True,2.0
Temple,WR-X,WR,label,WR,OFF,1,Colin Chase,SR,True,True,1.0
TCU,NB,SAF,bio,SAF,DEF,1,Julius Simms,SO,False,False,3.0
TCU,FS,SAF,label,SAF,DEF,1,Jacob Fields,SR,True,False,2.0
TCU,SS,SAF,label,SAF,DEF,1,Jamel Johnson,SR,False,False,1.0
Temple,QB,QB,label,QB,OFF,1,Jaxon Smolik,JR,True,True,1.0
Temple,TE,TE,label,TE,OFF,1,Ryder Kusch,SO,False,False,1.0
Temple,RT,OT,label,,OFF,1,Luke Watson,JR,False,True,5.0
Temple,RG,IOL,label,,OFF,1,Jackson Pruitt,SR,False,True,4.0
Temple,C,IOL,label,,OFF,1,Grayson Mains,SR,True,True,3.0
Temple,LG,IOL,label,,OFF,1,Eric King,JR,False,True,2.0
Boston College,RCB,CB,label,CB,DEF,1,Syair Torrence,SO,False,True,2.0
Boston College,LCB,CB,label,CB,DEF,1,Max Tucker,SR,False,False,1.0
Boston College,MLB,LB,label,LB,DEF,1,Bodie Kahoun,SO,True,True,2.0
Boston College,WLB,LB,label,LB,DEF,1,Anthony Palano,SO,True,True,1.0
Temple,RUSH,EDGE,default,,DEF,1,Jaylon Joseph,SR,True,False,2.0
TCU,C,IOL,label,,OFF,1,Cooper Powers,JR,False,True,3.0
TCU,LG,IOL,label,,OFF,1,Cade Bennett,GR,True,False,2.0
TCU,NT,DT,label,DT,DEF,1,Markis Deal,JR,False,True,1.0
TCU,RDE,EDGE,label,EDGE,DEF,1,Zach Chapman,JR,False,True,2.0
TCU,LDE,EDGE,label,EDGE,DEF,1,Paul Oyewale,SR,False,True,1.0
TCU,RB,RB,label,RB,OFF,1,Jeremy Payne,JR,False,False,1.0
TCU,RCB,CB,label,CB,DEF,1,Vernon Glover Jr.,JR,False,True,2.0
TCU,LCB,CB,label,CB,DEF,1,Gil Jackson Jr.,SO,False,False,1.0
TCU,MLB,LB,label,LB,DEF,1,Michael Short,JR,True,True,2.0
TCU,WLB,LB,label,LB,DEF,1,Max Carroll,JR,False,True,1.0
TCU,DT,DT,label,DT,DEF,1,Ansel Din-Mbuh,SR,True,False,2.0
Boston College,NB,SAF,bio,,DEF,1,TJ Green,SO,False,False,3.0
Boston College,FS,SAF,label,SAF,DEF,1,Carter Davis,JR,False,True,2.0
Boston College,SS,SAF,label,SAF,DEF,1,KP Price,SR,False,False,1.0
Temple,LT,OT,label,,OFF,1,Giakoby Hills,SO,False,True,1.0
Temple,WR-SL,WR,label,WR,OFF,1,JoJo Bermudez,SR,True,True,3.0
Syracuse,WLB,LB,label,LB,DEF,1,Chris D'Appolonia,JR,True,True,1.0
Syracuse,DT,DT,label,DT,DEF,1,Dillan Fontus,SR,True,False,2.0
TCU,LT,OT,label,,OFF,1,Ben Taylor-Whitfield,SR,False,False,1.0
TCU,WR-SL,WR,label,WR,OFF,1,Ed Small,SO,False,False,3.0
TCU,WR-Z,WR,label,WR,OFF,1,Jeremy Scott,SO,True,True,2.0
TCU,WR-X,WR,label,WR,OFF,1,Jordan Dwyer,SR,True,True,1.0
Bowling Green,LT,OT,label,,OFF,1,Alex Harris,SO,False,True,1.0
Bowling Green,LG,IOL,label,,OFF,1,Alexis Sanchez,SR,True,False,2.0
Bowling Green,C,IOL,label,,OFF,1,Brody Bolyn,JR,False,True,3.0
Bowling Green,WR-Z,WR,label,WR,OFF,1,Trey Johnson,SR,False,True,4.0
Bowling Green,WR-X,WR,label,WR,OFF,1,Winn Sharp,SO,False,True,2.0
Bowling Green,WR-SL,WR,label,,OFF,1,Brennan Ridley,JR,True,False,1.0
TCU,QB,QB,label,QB,OFF,1,Jaden Craig,GR,True,False,1.0
TCU,TE,TE,label,TE,OFF,1,Ka'Morreun Pimpton,JR,True,True,1.0
TCU,RT,OT,label,OT,OFF,1,Witten Van Hoy,SO,False,False,5.0
TCU,RG,IOL,label,,OFF,1,Noah McKinney,SR,True,True,4.0
Syracuse,NT,DT,label,DT,DEF,1,Rashard Perry,SR,False,False,1.0
Syracuse,JACK,EDGE,default,,DEF,1,Keyshawn Johnson,SR,True,False,2.0
Syracuse,DE,EDGE,label,EDGE,DEF,1,Tunmise Adeleye,SR,True,True,1.0
Syracuse,RB,RB,label,RB,OFF,1,Ahmad Miller,JR,True,True,1.0
Syracuse,QB,QB,label,QB,OFF,1,Steve Angeli,SR,True,True,1.0
Bowling Green,RB,RB,label,RB,OFF,1,Austyn Dendy,SO,True,True,1.0
Bowling Green,QB,QB,label,QB,OFF,1,Hunter Najm,SO,True,True,3.0
Bowling Green,TE,TE,label,TE,OFF,1,Eli Jacon-Duffy,SO,False,True,3.0
Bowling Green,RT,OT,label,,OFF,1,James Thomas Jr.,JR,False,True,4.0
Bowling Green,RG,IOL,label,,OFF,1,Caden Campbell,SO,False,True,8.0
Syracuse,NB,CB,bio,,DEF,1,Davien Kerr,JR,False,False,3.0
Syracuse,FS,SAF,label,SAF,DEF,1,Braheem Long Jr.,JR,False,False,2.0
Syracuse,SS,SAF,label,SAF,DEF,1,Cornell Perry,SR,False,True,1.0
Syracuse,RCB,CB,label,CB,DEF,1,Chris Peal,JR,True,True,2.0
Syracuse,LCB,CB,label,CB,DEF,1,Demetres Samuel Jr.,SO,False,False,1.0
Syracuse,MLB,LB,label,LB,DEF,1,Antoine Deslauriers,SO,False,False,2.0
Stanford,LILB,LB,label,LB,DEF,1,Matt Rose,SR,False,True,1.0
Stanford,NT,DT,label,DT,DEF,1,Braden Marceau-Olayinka,JR,False,True,1.0
Syracuse,WR-SL,WR,label,WR,OFF,1,Darien Williams,SO,False,False,3.0
Syracuse,WR-Z,WR,label,WR,OFF,1,Zamondre Merriweather,SR,True,True,2.0
Syracuse,WR-X,WR,label,WR,OFF,1,Calvin Russell III,FR,False,False,1.0
Stanford,ROLB,EDGE,bio,EDGE,DEF,1,Ernest Cooper,SR,False,True,1.0
Stanford,LOLB,LB,default,,DEF,1,Tevarua Tafiti,SR,False,True,1.0
Syracuse,TE,TE,label,TE,OFF,1,David Clement,SR,False,False,1.0
Syracuse,RT,OT,label,,OFF,1,Kam Pringle,SO,True,True,5.0
Syracuse,RG,IOL,label,,OFF,1,Byron Washington,SO,False,False,4.0
Syracuse,C,IOL,label,,OFF,1,Kahlil Stewart,FR,False,True,3.0
Syracuse,LG,IOL,label,,OFF,1,Joe Cruz,SR,False,True,2.0
Syracuse,LT,OT,label,,OFF,1,Trevion Mack,JR,False,True,1.0
Bowling Green,NT,DT,label,DT,DEF,1,Dayln White,JR,False,True,1.0
Bowling Green,DE,EDGE,label,EDGE,DEF,1,Eriq George,SR,True,False,1.0
Bowling Green,FB,RB,label,RB,OFF,1,Leo Kemp,SR,True,False,1.0
Stanford,QB,QB,label,QB,OFF,1,Davis Warren,GR,True,False,1.0
Stanford,TE,TE,label,TE,OFF,1,Benji Blackburn,JR,False,False,1.0
Bowling Green,BUCK,EDGE,bio,EDGE,DEF,1,Myles Bradley,SR,False,True,1.0
Bowling Green,SS,SAF,label,SAF,DEF,1,Preston EstoEsta,SO,False,False,2.0
Bowling Green,NB,CB,default,,DEF,1,Armahn Hale,SR,True,True,3.0
Bowling Green,FS,SAF,label,SAF,DEF,1,Jahai Johnson,FR,False,True,4.0
Bowling Green,RCB,CB,label,CB,DEF,1,Josira Andrews,SO,False,True,3.0
Bowling Green,LCB,CB,label,,DEF,1,JoJo Johnson,GR,True,False,1.0
Bowling Green,WLB,LB,label,LB,DEF,1,Dorian Pringle,SO,False,True,1.0
Bowling Green,MLB,LB,label,LB,DEF,1,Andrew Hines III,SO,True,True,2.0
Stanford,NB,CB,default,,DEF,1,Jay Green,SR,True,True,3.0
Stanford,FS,SAF,label,SAF,DEF,1,Darrius Davis,JR,False,False,2.0
Stanford,SS,SAF,label,SAF,DEF,1,Scotty Edwards,SR,False,True,1.0
Stanford,RCB,CB,label,CB,DEF,1,Brandon Nicholson,JR,False,False,2.0
Stanford,LCB,CB,label,CB,DEF,1,Aaron Morris,JR,False,True,1.0
Stanford,RILB,LB,label,LB,DEF,1,Jahsiah Galvan,SR,True,True,2.0
Southern Miss,DT,DT,label,DT,DEF,1,Nasim Cairo,SR,False,False,1.0
Stanford,RT,OT,label,,OFF,1,Kahlil House,JR,False,False,5.0
Stanford,RG,IOL,label,,OFF,1,Simione Pale,JR,False,True,4.0
Stanford,C,IOL,label,,OFF,1,Fisher Anderson,SR,False,True,3.0
Stanford,LG,IOL,label,,OFF,1,Nick Fattig,JR,True,True,2.0
Stanford,LT,OT,label,,OFF,1,Niki Prongos,SR,True,True,1.0
Stanford,WR-SL,WR,label,WR,OFF,1,Nico Brown,SR,True,True,3.0
Buffalo,C,IOL,label,,OFF,1,Nino Francavilla,SO,True,True,3.0
Buffalo,LG,IOL,label,,OFF,1,Alex Heininger,SR,True,True,2.0
Buffalo,LT,OT,label,,OFF,1,Nathan Natoli,SR,True,True,1.0
Buffalo,WR-SL,WR,label,WR,OFF,1,Patrick Clacks III,SO,False,True,3.0
Buffalo,WR-Z,WR,label,WR,OFF,1,Jasaiah Gathings,GR,True,False,2.0
Buffalo,WR-X,WR,label,WR,OFF,1,Chance Morrow,SR,True,True,1.0
Stanford,RDE,EDGE,label,EDGE,DEF,1,Zach Rowell,SR,False,True,2.0
Stanford,LDE,EDGE,label,,DEF,1,Omar Staples,JR,False,True,1.0
Stanford,RB,RB,label,RB,OFF,1,Micah Ford,JR,False,False,1.0
Southern Miss,RG,IOL,label,,OFF,1,Larry Edwards,JR,False,False,5.0
Southern Miss,LT,OT,label,,OFF,1,Liam Cassidy,JR,False,False,4.0
Southern Miss,LG,IOL,label,,OFF,1,Luke Rogers,JR,False,True,1.0
Buffalo,QB,QB,label,QB,OFF,1,Jason Wright,FR,False,True,1.0
Buffalo,TE,TE,label,TE,OFF,1,Trevor Wilson,GR,True,False,1.0
Buffalo,RT,OT,label,,OFF,1,Tyrone Davis,SO,False,True,5.0
Buffalo,RG,IOL,label,,OFF,1,Joe Crocker,JR,True,True,4.0
Stanford,WR-Z,WR,label,WR,OFF,1,JonAnthony Hall,FR,False,True,2.0
Stanford,WR-X,WR,label,WR,OFF,1,Carter Shaw,JR,True,True,1.0
Southern Miss,SS,SAF,label,SAF,DEF,1,Jordan Pride,SO,False,True,2.0
Southern Miss,NB,CB,default,,DEF,1,MaLik Caswell,SO,False,True,1.0
Southern Miss,FS,SAF,label,SAF,DEF,1,Kolby Peavy,JR,False,True,3.0
Southern Miss,RCB,CB,label,CB,DEF,1,Jonah Martinez,JR,False,True,1.0
Southern Miss,LCB,CB,label,CB,DEF,1,Champ Lewis,JR,False,True,2.0
Southern Miss,WLB,LB,label,LB,DEF,1,Mathis Haygood,JR,False,True,2.0
Southern Miss,MLB,LB,label,LB,DEF,1,Caleb Triplett,FR,False,False,1.0
South Florida,NT,DT,label,DT,DEF,1,Terry Simmons Jr.,JR,True,True,1.0
Southern Miss,C,IOL,label,,OFF,1,Broderick Roman,GR,False,False,3.0
Southern Miss,WR-Z,WR,label,WR,OFF,1,Cace Reed,SO,False,True,3.0
Southern Miss,WR-X,WR,label,,OFF,1,Davis Dalton,SR,False,True,1.0
South Florida,NB,SAF,bio,SAF,DEF,1,Ayden Jackson,SR,True,False,3.0
South Florida,FS,SAF,label,SAF,DEF,1,Tavin Ward,SR,False,True,2.0
South Florida,SS,SAF,label,SAF,DEF,1,A'Mon Lane-Ganus,SO,True,True,1.0
Buffalo,RDT,DT,label,DT,DEF,1,Stantavious Smith,JR,True,True,2.0
Buffalo,LDT,DT,label,DT,DEF,1,Cornell Evans,GR,False,False,1.0
Buffalo,RDE,EDGE,label,EDGE,DEF,1,Caleb Oliver,JR,True,False,2.0
Buffalo,LDE,EDGE,label,EDGE,DEF,1,Will Clark,SO,False,True,1.0
Buffalo,RB,RB,label,RB,OFF,1,Terrance Shelton Jr.,JR,False,False,1.0
Southern Miss,RDE,EDGE,label,EDGE,DEF,1,Will Smith,SO,False,True,1.0
Southern Miss,RB,RB,label,RB,OFF,1,Robert Briggs,SR,False,True,1.0
Southern Miss,QB,QB,label,QB,OFF,1,Landry Lyddy,SR,False,True,1.0
Southern Miss,TE,TE,label,TE,OFF,1,Broderick Peters,FR,False,False,1.0
South Florida,RG,IOL,label,,OFF,1,Caleb Cook,GR,True,False,4.0
South Florida,JACK,EDGE,bio,EDGE,DEF,1,Shamar Meikle,JR,True,False,2.0
South Florida,DE,EDGE,label,EDGE,DEF,1,C.J. Hicks,GR,True,False,1.0
South Florida,RB,RB,label,RB,OFF,1,D.J. Crowther,SR,True,True,1.0
Buffalo,NB,SAF,bio,,DEF,1,SaVeon Brown,SR,True,True,3.0
Buffalo,FS,SAF,label,SAF,DEF,1,John Keough,JR,False,False,2.0
Buffalo,SS,SAF,label,SAF,DEF,1,Miles Greer,SR,True,False,1.0
Buffalo,RCB,CB,label,CB,DEF,1,Keontez Bradley,JR,True,True,2.0
Buffalo,LCB,CB,label,CB,DEF,1,Kobi Blackwell,SO,False,True,1.0
Buffalo,MLB,LB,label,LB,DEF,1,Joey Cheshire,GR,True,False,2.0
Buffalo,WLB,LB,label,LB,DEF,1,Zach Bergmann,GR,True,False,1.0
South Florida,RCB,CB,label,SAF,DEF,1,Amarion Fortenberry,JR,True,False,2.0
South Florida,LCB,CB,label,CB,DEF,1,Za'Quan Bryan,JR,True,True,1.0
South Florida,MLB,LB,label,LB,DEF,1,Grayson Howard,JR,True,True,2.0
South Florida,WLB,LB,label,LB,DEF,1,Zavier Hamilton,SO,False,True,1.0
South Florida,DT,DT,label,DT,DEF,1,Asani Redwood,SR,True,True,2.0
South Carolina,LCB,CB,label,CB,DEF,1,Vicari Swain,JR,False,True,1.0
South Florida,C,IOL,label,,OFF,1,Cash Hudson,SR,True,True,3.0
South Florida,LG,IOL,label,,OFF,1,Thomas Shrader,GR,True,False,2.0
South Florida,LT,OT,label,,OFF,1,Michael Wooten,SR,True,True,1.0
South Florida,WR-SL,WR,label,WR,OFF,1,Mudia Reuben,SR,True,True,3.0
South Florida,WR-Z,WR,label,WR,OFF,1,Arhmad Branch,JR,True,True,2.0
South Florida,WR-X,WR,label,WR,OFF,1,Jaron Glover,SR,True,True,1.0
BYU,C,IOL,label,,OFF,1,Bruce Mitchell,SR,False,True,3.0
BYU,LG,IOL,label,,OFF,1,Sonny Makasini,SR,False,True,2.0
BYU,LT,OT,label,,OFF,1,Paki Finau,SO,True,True,1.0
BYU,WR-SL,WR,label,WR,OFF,1,Tiger Bachmeier,SR,True,False,3.0
BYU,WR-Z,WR,label,WR,OFF,1,Jojo Phillips,JR,False,True,2.0
BYU,WR-X,WR,label,WR,OFF,1,Kyler Kasper,JR,True,True,1.0
South Florida,QB,QB,label,QB,OFF,1,Michael Van Buren Jr.,JR,True,False,1.0
South Florida,TE,TE,label,TE,OFF,1,Wyatt Sullivan,SR,True,True,1.0
South Florida,RT,OT,label,,OFF,1,Ethan Green,SR,True,True,5.0
South Carolina,RB,RB,label,RB,OFF,1,Matt Fuller,SO,False,True,1.0
South Carolina,QB,QB,label,QB,OFF,1,LaNorris Sellers,JR,False,True,1.0
South Carolina,TE,TE,label,TE,OFF,1,Brady Hunt,GR,True,False,1.0
South Carolina,MLB,LB,label,LB,DEF,1,Fred Johnson,JR,False,False,2.0
South Carolina,WLB,LB,label,LB,DEF,1,Justin Okoronkwo,JR,True,False,1.0
South Carolina,RDT,DT,label,DT,DEF,1,Troy Pikes,JR,True,True,2.0
South Carolina,LDT,DT,label,,DEF,1,Gabriel Brownlow-Dindy,SR,True,True,1.0
South Carolina,RDE,EDGE,label,EDGE,DEF,1,Anthony Addison,FR,False,True,2.0
South Carolina,LDE,EDGE,label,EDGE,DEF,1,Dylan Stewart,JR,False,False,1.0
BYU,TE,TE,label,TE,OFF,1,Walker Lyons,JR,True,False,1.0
BYU,RT,OT,label,,OFF,1,Andrew Gentry,SR,True,True,5.0
BYU,RG,IOL,label,,OFF,1,Kyle Sfarcioc,SR,True,True,4.0
South Carolina,NB,CB,default,,DEF,1,Quay'sheed Scott,JR,True,False,3.0
South Carolina,FS,SAF,label,SAF,DEF,1,Peyton Williams,SR,False,True,2.0
South Carolina,SS,SAF,label,SAF,DEF,1,David Bucey,JR,False,False,1.0
South Carolina,RCB,CB,label,CB,DEF,1,Judge Collier,SR,False,False,2.0
South Carolina,WR-SL,WR,label,WR,OFF,1,Mazeo Bennett Jr.,JR,False,False,3.0
South Carolina,WR-Z,WR,label,WR,OFF,1,Nyck Harbor,SR,False,False,2.0
South Carolina,WR-X,WR,label,WR,OFF,1,Nitro Tuggle,JR,True,False,1.0
South Alabama,BCB,CB,label,CB,DEF,1,Damyrion Darby,JR,False,False,1.0
South Alabama,FCB,CB,label,,DEF,1,Jaylen Moson,JR,True,True,1.0
South Carolina,RT,OT,label,,OFF,1,Dayne Arnett,SR,True,True,5.0
South Carolina,RG,IOL,label,,OFF,1,Emmanuel Kojo Poku,SR,True,True,4.0
South Carolina,C,IOL,label,,OFF,1,Carter Miller,SR,True,True,3.0
South Carolina,LG,IOL,label,,OFF,1,Hank Purvis,JR,True,False,2.0
South Carolina,LT,OT,label,,OFF,1,Jacarrius Peak,SR,True,True,1.0
BYU,DT,DT,label,DT,DEF,1,Keanu Tanuvasa,SR,True,True,2.0
BYU,NT,DT,label,DT,DEF,1,Justin Kirkland,SR,True,True,1.0
BYU,RDE,EDGE,label,EDGE,DEF,1,Nusi Taumoepeau,SO,False,False,2.0
BYU,LDE,EDGE,label,EDGE,DEF,1,Bodie Schoonover,SR,False,True,1.0
BYU,RB,RB,label,RB,OFF,1,LJ Martin,SR,False,False,1.0
BYU,QB,QB,label,QB,OFF,1,Bear Bachmeier,SO,False,False,1.0
South Alabama,RB,RB,label,RB,OFF,1,PJ Martin,JR,False,True,2.0
South Alabama,SS,SAF,label,SAF,DEF,1,DJ Moore,SR,True,True,1.0
South Alabama,NB,CB,bio,CB,DEF,1,Dallas Young,JR,True,True,6.0
South Alabama,FS,SAF,label,SAF,DEF,1,Cole Blaylock,JR,False,True,2.0
South Alabama,WLB,LB,label,LB,DEF,1,Parker Shattuck,JR,False,False,1.0
South Alabama,MLB,LB,label,LB,DEF,1,Seidrion Langston,SR,True,False,2.0
South Alabama,NT,DT,label,DT,DEF,1,Stephen Johnson,JR,True,True,1.0
South Alabama,DT,DT,label,EDGE,DEF,1,Andrew Hines,SO,True,False,2.0
BYU,NB,CB,default,,DEF,1,Jonathan Kabeya,JR,False,False,4.0
BYU,FS,SAF,label,SAF,DEF,1,Raider Damuni,SR,False,False,3.0
BYU,SS,SAF,label,SAF,DEF,1,Faletau Satuala,SO,False,True,2.0
BYU,ROVER,SAF,default,,DEF,1,Cade Uluave,SR,True,False,1.0
BYU,RCB,CB,label,CB,DEF,1,Therrian Alexander III,JR,False,False,2.0
BYU,LCB,CB,label,CB,DEF,1,Evan Johnson,SR,False,True,1.0
BYU,MLB,LB,label,LB,DEF,1,Siale Esera,JR,False,True,2.0
BYU,SLB,LB,label,LB,DEF,1,Isaiah Glasker,SR,False,True,1.0
South Alabama,WR-SL,WR,label,WR,OFF,1,Anthony Eager,JR,False,True,3.0
SMU,NB,SAF,bio,SAF,DEF,1,Jarvis Lee,SR,True,False,3.0
SMU,FS,SAF,label,SAF,DEF,1,Jimmy Wyrick,GR,True,False,2.0
SMU,SS,SAF,label,SAF,DEF,1,Tyren Polley Jr.,SO,False,False,1.0
South Alabama,QB,QB,label,QB,OFF,1,Bishop Davenport,SR,True,True,1.0
South Alabama,TE,TE,label,TE,OFF,1,Rod Gibbs,SR,True,False,1.0
South Alabama,RT,OT,label,,OFF,1,Ethan Hubbard,JR,True,True,5.0
South Alabama,RG,IOL,label,,OFF,1,Kenton Jerido,SR,False,True,3.0
South Alabama,LT,OT,label,,OFF,1,Jamal Siler,SO,True,True,2.0
South Alabama,LG,IOL,label,,OFF,1,Devin White,FR,False,True,6.0
South Alabama,WR-Z,WR,label,WR,OFF,1,Brendan Jenkins,SR,True,False,2.0
California,LT,OT,label,,OFF,1,Jacob Arop,SO,True,True,1.0
California,WR-SL,WR,label,WR,OFF,1,Cooper Perry,SO,True,False,3.0
California,WR-Z,WR,label,WR,OFF,1,Chase Hendricks,SR,True,False,2.0
California,WR-X,WR,label,WR,OFF,1,Ian Strong,SR,True,False,1.0
South Alabama,DE,EDGE,label,EDGE,DEF,1,Emmanuel Waller,SR,True,False,1.0
SMU,RB,RB,label,RB,OFF,1,Kendrick Raphael,SR,True,False,1.0
SMU,QB,QB,label,QB,OFF,1,Kevin Jennings,SR,False,True,1.0
SMU,TE,TE,label,TE,OFF,1,Theo Melin Ohrstrom,SR,True,True,1.0
SMU,RCB,CB,label,CB,DEF,1,Marcellus Barnes Jr.,SO,True,True,2.0
SMU,LCB,CB,label,CB,DEF,1,Jayvon Thomas,SR,True,False,1.0
SMU,MLB,LB,label,LB,DEF,1,Brandon Booker,JR,False,False,2.0
SMU,WLB,LB,label,LB,DEF,1,Alexander Kilgore,SR,False,False,1.0
SMU,RDT,DT,label,DT,DEF,1,David Chukwuemeka,JR,True,False,2.0
SMU,LDT,DT,label,,DEF,1,Malcolm Alcorn-Crowder,SR,True,True,1.0
California,QB,QB,label,QB,OFF,1,Jaron-Keawe Sagapolutele,SO,False,False,1.0
California,TE,TE,label,TE,OFF,1,Dorian Thomas,JR,True,True,1.0
California,RT,OT,label,,OFF,1,Jimothy Lewis Jr.,SO,True,True,5.0
California,RG,IOL,label,,OFF,1,Sioape Vatikani,SR,False,True,4.0
California,C,IOL,label,,OFF,1,Bastian Swinney,SR,False,True,3.0
California,LG,IOL,label,,OFF,1,Tyson Ruffins,JR,True,True,2.0
South Alabama,WR-X,WR,label,WR,OFF,1,Noah Toster,JR,True,True,7.0
San José State,NB,CB,default,,DEF,1,Kejuan Bullard Jr.,SR,False,True,3.0
San José State,FS,SAF,label,SAF,DEF,1,Pierce Walker,SO,True,True,2.0
SMU,RT,OT,label,,OFF,1,PJ Williams,SR,True,True,5.0
SMU,RG,IOL,label,,OFF,1,Addison Nichols,SR,True,True,4.0
SMU,C,IOL,label,,OFF,1,Joshua Bates,JR,True,True,3.0
SMU,LG,IOL,label,,OFF,1,Andrew Chamblee,SR,True,True,2.0
SMU,LT,OT,label,,OFF,1,Dramodd Odoms,FR,False,True,1.0
SMU,WR-SL,WR,label,WR,OFF,1,Yamir Knight,SR,True,False,3.0
California,MLB,LB,label,LB,DEF,1,Aaron Hampton,JR,False,False,2.0
California,WLB,LB,label,LB,DEF,1,Tristan Jernigan,SO,True,True,1.0
California,NT,DT,label,,DEF,1,Jericho Johnson,SO,True,True,1.0
California,RDE,EDGE,label,EDGE,DEF,1,Derek Wilkins,SR,False,True,2.0
California,LDE,EDGE,label,,DEF,1,Nate Burrell,SR,False,True,1.0
California,RB,RB,label,RB,OFF,1,Adam Mohammed,JR,True,False,1.0
SMU,RDE,EDGE,label,EDGE,DEF,1,Marques White,GR,True,False,2.0
SMU,LDE,EDGE,label,EDGE,DEF,1,Ira Singleton,JR,True,False,1.0
San José State,RG,IOL,label,,OFF,1,Daniel Moleni,SR,True,True,9.0
San José State,LT,OT,label,,OFF,1,Ikinasio Tupou,SO,True,True,6.0
San José State,LG,IOL,label,,OFF,1,Lavaka Taukeiaho,SR,True,True,2.0
San José State,RCB,CB,label,SAF,DEF,1,Maliki Crawford,JR,True,True,2.0
San José State,LCB,CB,label,CB,DEF,1,Runye Norton,SR,True,False,1.0
San José State,WLB,LB,label,LB,DEF,1,Brady Van Bennekum,JR,False,True,1.0
San José State,NT,DT,label,DT,DEF,1,Solomone Langi,SR,True,False,1.0
California,NB,CB,default,,DEF,1,Jasiah Wagoner,JR,True,True,3.0
California,FS,SAF,label,SAF,DEF,1,Isaiah Crosby,SR,True,True,2.0
California,SS,SAF,label,SAF,DEF,1,Aiden Manutai,SO,False,False,1.0
California,RCB,CB,label,CB,DEF,1,Ricky Fletcher,SR,True,True,2.0
California,LCB,CB,label,CB,DEF,1,Daniel Harris,SR,True,False,1.0
SMU,WR-Z,WR,label,WR,OFF,1,Yannick Smith,JR,True,False,2.0
SMU,WR-X,WR,label,WR,OFF,1,Jalen Cooper,SO,False,False,1.0
San José State,ROLB,LB,default,,DEF,1,Ethan Powell,SR,False,True,1.0
San José State,LOLB,LB,default,LB,DEF,1,Aizik Mahuka,JR,True,False,1.0
San Diego State,FS,SAF,label,SAF,DEF,1,Solomon Davis,JR,True,True,5.0
San Diego State,RCB,CB,label,CB,DEF,1,Caleb Ricks,SO,True,False,1.0
San Diego State,LCB,CB,label,CB,DEF,1,Jason Oliver,SR,True,True,3.0
San José State,C,IOL,label,,OFF,1,Joseph Harbert,SR,False,True,8.0
San José State,WR-Z,WR,label,WR,OFF,1,Malachi Riley,JR,True,True,5.0
San José State,WR-SL,WR,label,WR,OFF,1,Jerry McClure,JR,True,True,3.0
San Diego State,SS,SAF,label,SAF,DEF,1,Dalesean Staley,SR,False,False,10.0
Central Michigan,LG,IOL,label,,OFF,1,Dasan Smith,FR,False,True,2.0
Central Michigan,C,IOL,label,,OFF,1,Matthew Nehf,JR,False,True,5.0
Central Michigan,WR-Z,WR,label,WR,OFF,1,Langston Lewis,JR,False,True,2.0
Central Michigan,WR-X,WR,label,WR,OFF,1,Tommy McIntosh,JR,True,True,1.0
Central Michigan,WR-SL,WR,label,WR,OFF,1,Camden Kruisenga,FR,False,True,3.0
California,ROLB,LB,default,,DEF,1,Solomon Williams,SO,True,True,1.0
California,LOLB,LB,default,,DEF,1,Jayden Wayne,SR,True,False,1.0
San José State,QB,QB,label,QB,OFF,1,Luke Weaver,SR,True,True,1.0
San José State,RT,OT,label,,OFF,1,Tyler Chen,JR,True,True,1.0
San Diego State,TE,TE,label,TE,OFF,1,Jackson Ford,SO,True,True,1.0
San Diego State,RT,OT,label,,OFF,1,Dennis Jones,SR,True,True,5.0
San Diego State,WLB,LB,label,LB,DEF,1,Sione Hala,SR,True,True,1.0
San Diego State,MLB,LB,label,LB,DEF,1,Tano Letuli,SR,True,False,2.0
San Diego State,NT,DT,label,LB,DEF,1,Gavriel Lightfoot,SR,True,True,1.0
San Diego State,DT,DT,label,,DEF,1,Malachi Finau,SR,True,True,2.0
San Diego State,RDE,EDGE,label,EDGE,DEF,1,Kai Wallin,SR,True,True,2.0
Central Michigan,LDE,EDGE,label,,DEF,1,D.J. Bennett,SR,True,True,1.0
Central Michigan,FB,RB,label,RB,OFF,1,Rusty VanWetzinga IV,SO,True,True,1.0
Central Michigan,RB,RB,label,RB,OFF,1,Brock Townsend,FR,False,True,2.0
Central Michigan,QB,QB,label,QB,OFF,1,Angel Flores,JR,True,True,2.0
Central Michigan,TE,TE,label,,OFF,1,Henry Dryden,SR,True,True,1.0
Central Michigan,RT,OT,label,,OFF,1,Martin Koivisto,JR,False,True,4.0
Central Michigan,RG,IOL,label,,OFF,1,Brady Ploucha,JR,False,True,3.0
Central Michigan,LT,OT,label,,OFF,1,Jacob Russell,SO,True,True,1.0
San Diego State,NB,CB,bio,SAF,DEF,1,Jalen Thomeson,SR,True,False,6.0
San Diego State,RG,IOL,label,,OFF,1,Kalan Ellis,SR,True,True,2.0
San Diego State,LT,OT,label,,OFF,1,Joseph Borjon,SR,True,True,1.0
San Diego State,LG,IOL,label,,OFF,1,Evan Lawrence,SO,True,True,7.0
San Diego State,C,IOL,label,,OFF,1,Michael Levelle Watkins,SO,True,True,4.0
San Diego State,WR-Z,WR,label,WR,OFF,1,Donovan Brown,SR,True,False,8.0
Central Michigan,NB,CB,bio,CB,DEF,1,Jaion Jackson,SO,False,False,3.0
Central Michigan,FS,SAF,label,,DEF,1,Elijah Rikard,SR,False,True,2.0
Central Michigan,RCB,CB,label,,DEF,1,Kyle Krebs,JR,False,True,2.0
Central Michigan,LCB,CB,label,,DEF,1,Aakeem Snell,SR,True,True,1.0
Central Michigan,WLB,LB,label,,DEF,1,Lawai'a Brown,SR,False,True,1.0
Central Michigan,MLB,LB,label,LB,DEF,1,Victor Earl,FR,False,True,4.0
Central Michigan,NT,DT,label,DT,DEF,1,Quavion Bird,FR,False,True,2.0
Central Michigan,RDE,EDGE,label,EDGE,DEF,1,JJ Douglas,FR,False,False,5.0
San Diego State,LDE,EDGE,label,EDGE,DEF,1,Brady Nassar,SR,False,False,1.0
San Diego State,RB,RB,label,RB,OFF,1,Lucky Sutton,SR,False,True,1.0
San Diego State,QB,QB,label,QB,OFF,1,Jayden Denegal,SR,True,True,1.0
Sam Houston,NT,DT,label,DT,DEF,1,Darien Jackson,JR,True,True,1.0
San Diego State,WR-X,WR,label,WR,OFF,1,Jacob Bostick,SR,True,True,1.0
San Diego State,WR-SL,WR,label,WR,OFF,1,Jordan Napier,JR,False,True,3.0
Sam Houston,NB,CB,default,,DEF,1,Jace Arnold,JR,True,True,3.0
Sam Houston,FS,SAF,label,SAF,DEF,1,Jaylon Jones,JR,True,False,2.0
Sam Houston,SS,SAF,label,SAF,DEF,1,Tyler Bailey,SR,False,True,1.0
Sam Houston,RCB,CB,label,CB,DEF,1,Caesar Magee,GR,True,False,2.0
Sam Houston,LCB,CB,label,CB,DEF,1,Ishmel Atkins,SR,True,True,1.0
Charlotte,LG,IOL,label,,OFF,1,Luke Sandy,SR,True,True,2.0
Charlotte,LT,OT,label,,OFF,1,J'Ven Williams,JR,True,True,1.0
Charlotte,WR-SL,WR,label,WR,OFF,1,Derrick Eley,SO,False,True,3.0
Charlotte,WR-Z,WR,label,WR,OFF,1,Jaylen Hampton,SO,True,True,2.0
Charlotte,WR-X,WR,label,WR,OFF,1,Jaden Barnes,SR,True,False,1.0
Central Michigan,ROLB,LB,default,LB,DEF,1,Xavier White,SO,False,False,2.0
Central Michigan,LOLB,LB,default,,DEF,1,Korver Demma,SO,True,True,1.0
Central Michigan,SS,SAF,label,,DEF,1,Caleb Spann,SR,False,True,1.0
Sam Houston,RG,IOL,label,,OFF,1,Elijah Collins,JR,True,False,4.0
Sam Houston,C,IOL,label,,OFF,1,Josiah Chenault,JR,True,True,3.0
Sam Houston,LG,IOL,label,,OFF,1,Brock Stukes,JR,True,True,2.0
Sam Houston,LT,OT,label,,OFF,1,Denell Nix Jr.,SO,True,False,1.0
Sam Houston,RDE,EDGE,label,EDGE,DEF,1,Chauncey Chidi,SR,True,True,2.0
Sam Houston,LDE,EDGE,label,EDGE,DEF,1,Josh Alexander-Felton,SO,True,True,1.0
Sam Houston,RB,RB,label,RB,OFF,1,Landan Brown,JR,False,True,1.0
Sam Houston,QB,QB,label,QB,OFF,1,Landyn Locke,SO,False,False,1.0
Charlotte,QB,QB,label,QB,OFF,1,Cole Gonzales,SR,True,True,1.0
Charlotte,TE,TE,label,TE,OFF,1,Gus McGee,GR,True,False,1.0
Charlotte,RT,OT,label,,OFF,1,Kristos Fernandez,GR,True,False,5.0
Charlotte,RG,IOL,label,,OFF,1,Rod Green,SR,True,True,4.0
Charlotte,C,IOL,label,,OFF,1,Nic Cruji,SR,True,True,3.0
Sam Houston,MLB,LB,label,LB,DEF,1,Dean Ford,SO,False,True,2.0
Sam Houston,WLB,LB,label,LB,DEF,1,Brian Bates Jr.,JR,True,True,1.0
Sam Houston,DT,DT,label,DT,DEF,1,Dylan Frazier,SR,True,True,2.0
Sacramento State,NT,DT,label,DT,DEF,1,Jamel Howard,JR,True,True,1.0
Sam Houston,WR-SL,WR,label,WR,OFF,1,Grady O'Neill,SR,True,True,3.0
Sam Houston,WR-Z,WR,label,WR,OFF,1,Chris Reed,SR,True,True,2.0
Sam Houston,WR-X,WR,label,WR,OFF,1,Tim Burns Jr.,SR,True,False,1.0
Sacramento State,NB,CB,bio,CB,DEF,1,Donovan Turner,SR,True,True,3.0
Sacramento State,FS,SAF,label,SAF,DEF,1,Noah King,FR,True,True,2.0
Sacramento State,SS,SAF,label,SAF,DEF,1,Boogsie Silvera,SR,True,True,1.0
Charlotte,MLB,LB,label,LB,DEF,1,Gavin Willis,SR,True,False,2.0
Charlotte,WLB,LB,label,LB,DEF,1,Kadin Schmitz,SR,True,False,1.0
Charlotte,DT,DT,label,DT,DEF,1,Jamarrion Solomon,SR,True,True,2.0
Charlotte,NT,DT,label,DT,DEF,1,Macyo Williams,GR,True,False,1.0
Charlotte,RDE,EDGE,label,EDGE,DEF,1,Jaylon Johnson,SR,True,False,2.0
Charlotte,LDE,EDGE,label,EDGE,DEF,1,DJ Burgess,SR,True,True,1.0
Charlotte,RB,RB,label,RB,OFF,1,Jariel Cobb,SO,False,False,1.0
Sam Houston,TE,TE,label,TE,OFF,1,Max Whisner,SR,True,True,1.0
Sam Houston,RT,OT,label,,OFF,1,Carter Kadow,SO,True,True,5.0
Sacramento State,RUSH,EDGE,default,,DEF,1,Fata Puloka,JR,False,True,2.0
Sacramento State,DE,EDGE,label,EDGE,DEF,1,Xavier Williams,SR,False,True,1.0
Sacramento State,RB,RB,label,RB,OFF,1,Davion Godley,JR,True,False,1.0
Sacramento State,QB,QB,label,QB,OFF,1,Carson Conklin,JR,True,False,1.0
Sacramento State,TE,TE,label,TE,OFF,1,Jordan Williams,SR,True,True,1.0
Cincinnati,WR-SL,WR,label,WR,OFF,1,Isaiah Johnson,JR,True,False,3.0
Charlotte,NB,CB,default,,DEF,1,Collin Gill,JR,True,True,3.0
Charlotte,FS,SAF,label,SAF,DEF,1,Dy'Lon Womack,SO,False,False,2.0
Charlotte,SS,SAF,label,SAF,DEF,1,Shamar McIntosh,SO,True,True,1.0
Charlotte,RCB,CB,label,CB,DEF,1,CJ Clinkscales Jr.,SR,True,True,2.0
Charlotte,LCB,CB,label,CB,DEF,1,Jameel Croft Jr.,JR,True,True,1.0
Sacramento State,RCB,CB,label,CB,DEF,1,Amari Wallace,FR,True,True,2.0
Sacramento State,LCB,CB,label,CB,DEF,1,Dionte Thornton,SR,True,True,1.0
Sacramento State,MLB,LB,label,LB,DEF,1,Derek Houston,JR,False,True,2.0
Sacramento State,WLB,LB,label,LB,DEF,1,Alex Rocha,SR,False,True,1.0
Sacramento State,DT,DT,label,DT,DEF,1,Nick Dimitris,SR,True,True,2.0
Rutgers,SS,SAF,label,SAF,DEF,1,Kaj Sanders,JR,False,False,1.0
Rutgers,RCB,CB,label,CB,DEF,1,Kevin Levy,SO,False,True,2.0
Rutgers,LCB,CB,label,CB,DEF,1,Mikey Munn,JR,True,False,1.0
Sacramento State,RT,OT,label,,OFF,1,Garrison Blank,FR,True,True,5.0
Sacramento State,RG,IOL,label,,OFF,1,Vae Soifua,SR,True,True,4.0
Sacramento State,C,IOL,label,,OFF,1,Bryson Summers,SR,True,True,3.0
Sacramento State,LG,IOL,label,,OFF,1,Jamin Guilbert,JR,True,False,2.0
Sacramento State,LT,OT,label,,OFF,1,Shontrail Key,SR,True,True,1.0
Cincinnati,TE,TE,label,TE,OFF,1,Gavin Grover,JR,False,False,1.0
Cincinnati,RT,OT,label,,OFF,1,Judea Milon,SR,True,True,6.0
Cincinnati,RG,IOL,label,,OFF,1,Xavier Lozowicki,JR,True,True,3.0
Cincinnati,LT,OT,label,,OFF,1,Joe Cotton,SR,True,True,1.0
Cincinnati,LG,IOL,label,,OFF,1,Evan Tengesdahl,JR,False,True,2.0
Cincinnati,C,IOL,label,,OFF,1,Taran Tyo,SR,True,True,4.0
Cincinnati,WR-Z,WR,label,WR,OFF,1,Malachi Henry,JR,True,True,2.0
Cincinnati,WR-X,WR,label,,OFF,1,JV Gibson,SR,True,True,1.0
Rutgers,QB,QB,label,QB,OFF,1,AJ Surace,SO,False,True,1.0
Rutgers,TE,TE,label,TE,OFF,1,Logan Blake,JR,False,True,1.0
Rutgers,MLB,LB,label,LB,DEF,1,Ty Morris,SR,True,False,2.0
Rutgers,WLB,LB,label,LB,DEF,1,Sean Allison,SR,True,True,1.0
Rutgers,DT,DT,label,DT,DEF,1,Zaire Angoy,SR,False,True,2.0
Rutgers,NT,DT,label,DT,DEF,1,Doug Blue-Eli,SR,True,True,1.0
Cincinnati,NT,DT,label,DT,DEF,1,Elijah Gunn,JR,True,True,1.0
Cincinnati,DT,DT,label,DT,DEF,1,Cam Roetherford,SR,True,True,2.0
Cincinnati,DE,EDGE,label,EDGE,DEF,1,Marquaze Parker,JR,False,False,1.0
Cincinnati,RB,RB,label,RB,OFF,1,Zion Johnson,FR,False,True,1.0
Cincinnati,QB,QB,label,QB,OFF,1,JC French IV,SR,True,True,1.0
Sacramento State,WR-SL,WR,label,WR,OFF,1,Raiden Brown,JR,True,True,3.0
Sacramento State,WR-Z,WR,label,WR,OFF,1,Matt Coleman,SR,True,True,2.0
Sacramento State,WR-X,WR,label,WR,OFF,1,Jace Wilson,SR,True,True,1.0
Rutgers,STUD,SAF,bio,,DEF,1,DK Gilley,SO,False,True,1.0
Rutgers,FS,SAF,label,SAF,DEF,1,Chris Joines,SR,True,False,2.0
Rice,LCB,CB,label,CB,DEF,1,Jerrick Harper,SR,True,False,1.0
Rutgers,RT,OT,label,,OFF,1,Tyler Needham,SR,False,True,5.0
Rutgers,RG,IOL,label,,OFF,1,Kwabena Asamoah,SR,False,True,4.0
Rutgers,C,IOL,label,,OFF,1,Terrence Salami,SR,False,True,3.0
Rutgers,LG,IOL,label,,OFF,1,Dantae Chin,SR,False,True,2.0
Rutgers,LT,OT,label,,OFF,1,Moshood Giwa,JR,True,True,1.0
Rutgers,WR-SL,WR,label,WR,OFF,1,Jourdin Houston,FR,False,True,3.0
Rutgers,WR-Z,WR,label,WR,OFF,1,Ben Black,JR,False,False,2.0
Cincinnati,FS,SAF,label,SAF,DEF,1,Jasper Beeler,SR,True,False,2.0
Cincinnati,RCB,CB,label,CB,DEF,1,Jacob Finley,SR,True,True,2.0
Cincinnati,LCB,CB,label,CB,DEF,1,Daniel James,SO,False,True,1.0
Cincinnati,WLB,LB,label,LB,DEF,1,Jonathan Thompson,SR,False,True,1.0
Cincinnati,MLB,LB,label,LB,DEF,1,Filip Maciorowski,JR,True,True,2.0
Rutgers,RDE,EDGE,label,EDGE,DEF,1,J'Dan Burnett,SR,True,True,2.0
Rutgers,LDE,EDGE,label,EDGE,DEF,1,Malachi Davis,SR,True,True,1.0
Rutgers,RB,RB,label,RB,OFF,1,Antwan Raymond,JR,False,False,1.0
Rice,LT,OT,label,,OFF,1,Luke Needham,JR,False,True,1.0
Rice,LG,IOL,label,,OFF,1,Patrick Valent,SR,False,True,2.0
Rice,WLB,LB,label,LB,DEF,1,Cooper King,JR,False,True,1.0
Rice,MLB,LB,label,LB,DEF,1,Jesus Machado Jr.,GR,True,False,2.0
Rice,NT,DT,label,DT,DEF,1,Aquantis Clemmons,JR,False,True,1.0
Rice,DT,DT,label,DT,DEF,1,Dillan Botts,SR,True,False,2.0
Rice,RUSH,EDGE,default,,DEF,1,Chibby Nwajuaku,SR,False,True,2.0
Rice,DE,EDGE,label,EDGE,DEF,1,Joseph Mutombo,JR,False,True,1.0
Clemson,WR-SL,WR,label,WR,OFF,1,Naeem Burroughs,FR,False,False,3.0
Cincinnati,CAT,SAF,bio,SAF,DEF,1,Antwan Peek Jr.,SR,False,True,1.0
Cincinnati,DOG,EDGE,bio,EDGE,DEF,1,Thomas Johnson,SR,True,True,1.0
Rutgers,WR-X,WR,label,WR,OFF,1,KJ Duff,JR,False,False,1.0
Rice,VIPER,EDGE,default,,DEF,1,Jo Chavez,JR,True,False,1.0
Rice,SS,SAF,label,SAF,DEF,1,Daveon Hook,GR,False,False,1.0
Rice,FS,SAF,label,SAF,DEF,1,Koa Akui,SR,True,True,2.0
Rice,RCB,CB,label,CB,DEF,1,Tariq Watson,SR,True,True,2.0
Purdue,MLB,LB,label,LB,DEF,1,Jojo Hayden,JR,True,True,2.0
Purdue,WLB,LB,label,LB,DEF,1,Charles Correa,JR,True,False,1.0
Rice,C,IOL,label,,OFF,1,Scott Becker,SR,True,True,3.0
Rice,WR-Z,WR,label,WR,OFF,1,Braylen Walker,SR,False,True,2.0
Rice,WR-X,WR,label,,OFF,1,Payton Matthews,SO,False,False,1.0
Rice,WR-SL,WR,label,WR,OFF,1,Davis Lane,SR,True,True,3.0
Clemson,LT,OT,label,,OFF,1,Brayden Jacobs,SO,False,False,1.0
Clemson,LG,IOL,label,,OFF,1,Elyjah Thurmon,SO,False,True,2.0
Clemson,C,IOL,label,,OFF,1,Harris Sewell,SR,False,False,3.0
Clemson,WR-Z,WR,label,WR,OFF,1,T.J. Moore,JR,False,False,2.0
Clemson,WR-X,WR,label,WR,OFF,1,Bryant Wesco Jr.,JR,False,False,1.0
Rice,RB,RB,label,RB,OFF,1,Quinton Jackson,SR,False,True,1.0
Rice,QB,QB,label,QB,OFF,1,Jacurri Brown,SR,True,True,1.0
Rice,TE,TE,label,TE,OFF,1,James Falk,JR,False,True,1.0
Rice,RT,OT,label,,OFF,1,Luke Miller,SO,False,True,5.0
Rice,RG,IOL,label,,OFF,1,Cole Principe,SO,False,False,4.0
Purdue,DT,DT,label,DT,DEF,1,Rodney Lora,JR,True,True,2.0
Purdue,NT,DT,label,DT,DEF,1,Ian Jeffries,JR,True,True,1.0
Purdue,RUSH,EDGE,default,,DEF,1,Elo Modozie,SR,True,False,2.0
Purdue,DE,EDGE,label,EDGE,DEF,1,CJ Madden,SR,True,True,1.0
Purdue,RB,RB,label,RB,OFF,1,Fame Ijeboi,SO,True,True,1.0
Purdue,QB,QB,label,QB,OFF,1,Ryan Browne,JR,False,True,1.0
Clemson,RB,RB,label,RB,OFF,1,Gideon Davidson,SO,False,False,1.0
Clemson,QB,QB,label,QB,OFF,1,Christopher Vizzina,JR,False,True,1.0
Clemson,TE,TE,label,TE,OFF,1,Christian Bentancur,SO,False,True,1.0
Clemson,RT,OT,label,,OFF,1,Easton Ware,FR,False,True,5.0
Clemson,RG,IOL,label,,OFF,1,Ronan O'Connell,SO,False,True,4.0
Purdue,NB,SAF,bio,,DEF,1,Mister Clark,JR,True,True,3.0
Purdue,FS,SAF,label,SAF,DEF,1,Jaden Mangham,SR,True,True,2.0
Purdue,SS,SAF,label,SAF,DEF,1,John Slaughter,SR,True,False,1.0
Purdue,RCB,CB,label,CB,DEF,1,Hudauri Hines,JR,False,False,2.0
Purdue,LCB,CB,label,CB,DEF,1,Ryan Turner,SR,True,True,1.0
Purdue,WR-SL,WR,label,WR,OFF,1,Asaad Waseem,JR,True,True,3.0
Purdue,WR-Z,WR,label,WR,OFF,1,Bisi Owens,SR,True,True,2.0
Purdue,WR-X,WR,label,,OFF,1,Xavier Townsend,SR,True,True,1.0
Pittsburgh,MONEY,SAF,bio,SAF,DEF,1,Alex Sanford Jr.,SR,True,False,1.0
Pittsburgh,FS,SAF,label,SAF,DEF,1,Cruce Brookins,JR,False,True,3.0
Pittsburgh,SS,SAF,label,SAF,DEF,1,Josh Guerrier,SO,False,False,2.0
Purdue,TE,TE,label,TE,OFF,1,George Burhenn,JR,False,True,1.0
Purdue,RT,OT,label,,OFF,1,Nuku Mafi,SO,True,True,5.0
Purdue,RG,IOL,label,,OFF,1,Marques Easley,SO,True,True,4.0
Purdue,C,IOL,label,,OFF,1,Boaz Stanley,SR,True,True,3.0
Purdue,LG,IOL,label,,OFF,1,Micah Banuelos,JR,True,True,2.0
Purdue,LT,OT,label,,OFF,1,Joey Tanona,SR,True,True,1.0
Clemson,RDT,DT,label,DT,DEF,1,Amare Adams,SO,False,False,2.0
Clemson,LDT,DT,label,DT,DEF,1,Vic Burley,JR,False,True,1.0
Clemson,RDE,EDGE,label,EDGE,DEF,1,Will Heldt,SR,True,False,2.0
Clemson,LDE,EDGE,label,EDGE,DEF,1,Jahiem Lawson,SR,False,True,1.0
Pittsburgh,LDE,EDGE,label,EDGE,DEF,1,Isaiah Neal,JR,False,True,1.0
Pittsburgh,RB,RB,label,RB,OFF,1,Ja'Kyrian Turner,SO,False,False,1.0
Pittsburgh,QB,QB,label,QB,OFF,1,Mason Heintschel,SO,False,False,1.0
Pittsburgh,TE,TE,label,TE,OFF,1,Carson Kent,SR,True,True,1.0
Pittsburgh,STAR,CB,default,,DEF,1,Cameron Lindsey,SO,False,True,1.0
Pittsburgh,RCB,CB,label,CB,DEF,1,Raion Strader,SR,True,False,2.0
Pittsburgh,LCB,CB,label,CB,DEF,1,Shadarian Harrison,JR,False,True,1.0
Pittsburgh,MLB,LB,label,LB,DEF,1,Braylan Lovelace,SR,False,False,1.0
Pittsburgh,DT,DT,label,DT,DEF,1,Sean FitzSimmons,SR,False,True,2.0
Pittsburgh,NT,DT,label,DT,DEF,1,Nick James,SR,True,True,1.0
Clemson,NB,SAF,bio,,DEF,1,Corian Gipson,SO,False,True,3.0
Clemson,FS,SAF,label,SAF,DEF,1,Corey Myrick,JR,True,False,2.0
Clemson,RCB,CB,label,CB,DEF,1,Ashton Hampton,JR,False,False,2.0
Clemson,LCB,CB,label,CB,DEF,1,Elliot Washington II,SR,True,False,1.0
Clemson,WLB,LB,label,LB,DEF,1,Jeremiah Alexander,SR,True,True,1.0
Clemson,MLB,LB,label,LB,DEF,1,Sammy Brown,JR,False,False,2.0
Pittsburgh,RG,IOL,label,,OFF,1,BJ Williams,SR,False,False,4.0
Pittsburgh,C,IOL,label,,OFF,1,Ryan Carretta,JR,False,True,3.0
Pittsburgh,LG,IOL,label,,OFF,1,Keylen Davis,SR,True,True,2.0
Pittsburgh,LT,OT,label,,OFF,1,Kendall Stanley,SR,True,True,1.0
Pittsburgh,WR-SL,WR,label,WR,OFF,1,Bryce Yates,SO,False,False,3.0
Pittsburgh,WR-Z,WR,label,,OFF,1,Cataurus Hicks,JR,True,True,2.0
Pittsburgh,WR-X,WR,label,WR,OFF,1,Malik Knight,SR,True,True,1.0
Coastal Carolina,RG,IOL,label,,OFF,1,Daughtry Richardson,SR,False,True,5.0
Coastal Carolina,LT,OT,label,,OFF,1,Daniel Jones,JR,False,False,1.0
Coastal Carolina,LG,IOL,label,,OFF,1,Apisa Poumele,SR,False,True,4.0
Coastal Carolina,C,IOL,label,,OFF,1,Kain McDonald,SO,False,False,2.0
Coastal Carolina,WR-Z,WR,label,WR,OFF,1,Tristian Gardner,SO,False,False,4.0
Coastal Carolina,WR-X,WR,label,WR,OFF,1,Karmello English,SR,False,False,1.0
Coastal Carolina,WR-SL,WR,label,WR,OFF,1,Robby Washington,JR,False,True,2.0
Clemson,SS,SAF,label,SAF,DEF,1,Jerome Carter III,JR,True,False,1.0
Pittsburgh,RDE,EDGE,label,EDGE,DEF,1,Jimmy Scott,SR,False,True,2.0
Penn State,LDT,DT,label,DT,DEF,1,Armstrong Nnodim,SO,True,True,1.0
Penn State,SS,SAF,label,SAF,DEF,1,Marcus Neal Jr.,JR,True,False,1.0
Penn State,NB,CB,bio,SAF,DEF,1,Zion Tracy,SR,False,False,3.0
Penn State,FS,SAF,label,SAF,DEF,1,Jeremiah Cooper,SR,True,True,2.0
Penn State,RCB,CB,label,CB,DEF,1,Audavion Collins,SR,True,True,2.0
Penn State,LCB,CB,label,CB,DEF,1,Daryus Dixson,SO,False,False,1.0
Coastal Carolina,WLB,LB,label,LB,DEF,1,Se'Von McDowell,JR,False,False,3.0
Coastal Carolina,SLB,LB,label,LB,DEF,1,Donovan Grayson,JR,False,True,1.0
Coastal Carolina,MLB,LB,label,LB,DEF,1,Tray Brown,SR,False,True,2.0
Coastal Carolina,NT,DT,label,DT,DEF,1,Ahmad Poole,SR,False,True,1.0
Coastal Carolina,LDE,EDGE,label,EDGE,DEF,1,Ibrahim Diawara,SR,False,True,1.0
Coastal Carolina,RB,RB,label,RB,OFF,1,Dominic Knicely,SO,False,False,1.0
Coastal Carolina,QB,QB,label,QB,OFF,1,Trever Jackson,SO,False,True,1.0
Coastal Carolina,TE,TE,label,TE,OFF,1,Zach Courtney,SR,False,True,1.0
Coastal Carolina,RT,OT,label,,OFF,1,Tray Franklin,SR,False,True,3.0
Pittsburgh,RT,OT,label,,OFF,1,Ryan Baer,SR,False,True,5.0
Penn State,RT,OT,label,,OFF,1,Anthony Donkoh,JR,False,True,5.0
Penn State,RG,IOL,label,,OFF,1,Cooper Cousins,JR,False,False,4.0
Penn State,RDE,EDGE,label,EDGE,DEF,1,Max Granville,SO,False,True,2.0
Penn State,LDE,EDGE,label,EDGE,DEF,1,Yvan Kemajou,SO,False,False,1.0
Penn State,RB,RB,label,RB,OFF,1,Carson Hansen,SR,True,False,1.0
Colorado,LT,OT,label,,OFF,1,Bo Hughley,JR,True,True,1.0
Colorado,WR-SL,WR,label,WR,OFF,1,Danny Scudero,SR,True,False,3.0
Colorado,WR-Z,WR,label,WR,OFF,1,Joseph Williams,JR,True,False,2.0
Colorado,WR-X,WR,label,WR,OFF,1,DeAndre Moore Jr.,SR,True,False,1.0
Coastal Carolina,SS,SAF,label,SAF,DEF,1,Jesse Powell II,SR,False,True,2.0
Coastal Carolina,ROVER,SAF,default,,DEF,1,Chris Henry,SO,False,True,1.0
Coastal Carolina,FS,SAF,label,SAF,DEF,1,Myles Woods,JR,False,False,3.0
Coastal Carolina,LCB,CB,label,CB,DEF,1,Chase Jackson,SO,False,True,1.0
Penn State,WLB,LB,label,LB,DEF,1,Tony Rojas,JR,False,True,1.0
Penn State,MLB,LB,label,LB,DEF,1,Kooper Ebel,SR,True,False,2.0
Penn State,RDT,DT,label,DT,DEF,1,Keanu Williams,SR,True,True,2.0
Oregon State,FS,SAF,label,SAF,DEF,1,Harlem Howard,JR,True,True,2.0
Oregon State,SS,SAF,label,SAF,DEF,1,RJ Whitten,SO,True,False,1.0
Oregon State,RCB,CB,label,CB,DEF,1,Trey Glasper,SO,False,False,2.0
Oregon State,LCB,CB,label,CB,DEF,1,Exodus Ayers,SO,False,True,1.0
Penn State,LT,OT,label,,OFF,1,Malachi Goodman,FR,False,True,1.0
Penn State,LG,IOL,label,,OFF,1,Trevor Buhr,JR,True,True,2.0
Penn State,C,IOL,label,,OFF,1,Brock Riker,SO,True,True,3.0
Penn State,WR-Z,WR,label,WR,OFF,1,Brett Eskildsen,JR,True,False,2.0
Penn State,WR-X,WR,label,WR,OFF,1,Chase Sowell,SR,True,True,1.0
Colorado,TE,TE,label,TE,OFF,1,Zach Atkins,SR,True,True,1.0
Colorado,RT,OT,label,,OFF,1,Larry Johnson III,SR,True,True,5.0
Colorado,RG,IOL,label,,OFF,1,Jayvon McFadden,FR,True,True,4.0
Colorado,C,IOL,label,,OFF,1,Demetrius Hunter,GR,True,False,3.0
Colorado,LG,IOL,label,,OFF,1,Yahya Attia,SO,False,True,2.0
Penn State,QB,QB,label,QB,OFF,1,Rocco Becht,SR,True,True,1.0
Penn State,TE,TE,label,TE,OFF,1,Andrew Rappleyea,JR,False,True,1.0
Oregon State,QB,QB,label,QB,OFF,1,Maalik Murphy,SR,True,True,1.0
Oregon State,TE,TE,label,TE,OFF,1,Eric Olsen,SR,True,True,1.0
Oregon State,MLB,LB,label,LB,DEF,1,Aiden Sullivan,SR,True,True,2.0
Oregon State,WLB,LB,label,LB,DEF,1,Raesjon Davis,SR,True,True,1.0
Oregon State,DT,DT,label,DT,DEF,1,Jacob Schuster,SR,True,True,2.0
Oregon State,NT,DT,label,DT,DEF,1,Tygee Hill,SR,True,True,1.0
Oregon State,RDE,EDGE,label,EDGE,DEF,1,Ish Findlayter,JR,True,True,2.0
Oregon State,LDE,EDGE,label,EDGE,DEF,1,Takari Hickle,SR,False,True,1.0
Colorado,DT,DT,label,DT,DEF,1,Santana Hopper,SR,True,True,2.0
Colorado,NT,DT,label,DT,DEF,1,Dylan Manuel,JR,True,False,1.0
Colorado,RDE,EDGE,label,EDGE,DEF,1,Vili Taufatofua,SR,True,True,2.0
Colorado,LDE,EDGE,label,EDGE,DEF,1,Immanuel Ezeogu,SO,True,True,1.0
Colorado,RB,RB,label,RB,OFF,1,Richard Young,JR,True,True,1.0
Colorado,QB,QB,label,QB,OFF,1,Julian Lewis,FR,False,True,1.0
Penn State,WR-F,WR,label,WR,OFF,1,Koby Howard,SO,False,False,3.0
Oregon State,NB,CB,default,,DEF,1,Sailasa Vadrawale III,JR,True,True,3.0
Oregon,RCB,CB,label,CB,DEF,1,Brandon Finney Jr.,SO,False,False,2.0
Oregon,LCB,CB,label,CB,DEF,1,Ify Obidegwu,SO,False,True,1.0
Oregon State,RT,OT,label,,OFF,1,Teko Shoats,JR,True,False,5.0
Oregon State,RG,IOL,label,,OFF,1,Tyler Voltin,SR,False,True,4.0
Oregon State,C,IOL,label,,OFF,1,Nathan Elu,SR,False,True,3.0
Oregon State,LG,IOL,label,,OFF,1,Carter Guillaume,SO,True,True,2.0
Oregon State,LT,OT,label,,OFF,1,Kwan Johnson,SO,True,True,1.0
Oregon State,WR-SL,WR,label,WR,OFF,1,Aeryn Hampton,SO,True,True,3.0
Oregon State,WR-Z,WR,label,WR,OFF,1,Xayvion Noland,JR,True,True,2.0
Oregon State,WR-X,WR,label,WR,OFF,1,Eddie Freauff,SO,False,True,1.0
Oregon,MONEY,LB,bio,LB,DEF,1,Jerry Mixon,SR,False,False,1.0
Colorado,RCB,CB,label,CB,DEF,1,Justin Eaglin,SR,True,True,2.0
Colorado,LCB,CB,label,CB,DEF,1,Cree Thomas,FR,True,True,1.0
Colorado,MLB,LB,label,LB,DEF,1,Gideon Lampron,SR,True,True,2.0
Colorado,WLB,LB,label,LB,DEF,1,Liona Lefau,SR,True,False,1.0
Oregon State,RB,RB,label,RB,OFF,1,Cornell Hatcher Jr.,SO,False,True,1.0
Oregon,QB,QB,label,QB,OFF,1,Dante Moore,JR,True,True,1.0
Oregon,TE,TE,label,TE,OFF,1,Jamari Johnson,JR,True,True,1.0
Oregon,DT,DT,label,DT,DEF,1,A'Mauri Washington,SR,False,False,2.0
Oregon,NT,DT,label,DT,DEF,1,Bear Alexander,SR,True,True,1.0
Oregon,JACK,EDGE,default,LB,DEF,1,Teitum Tuioti,SR,False,False,2.0
Oregon,DE,EDGE,label,EDGE,DEF,1,Matayo Uiagalelei,SR,False,False,1.0
Colorado State,WR-SL,WR,label,WR,OFF,1,Tommy Maher,JR,False,False,3.0
Colorado State,WR-Z,WR,label,WR,OFF,1,Lavon Brown,JR,False,True,2.0
Colorado State,WR-X,WR,label,WR,OFF,1,Jordan Mosley,GR,True,False,1.0
Colorado,NB,CB,bio,SAF,DEF,1,Boo Carter,JR,True,False,3.0
Colorado,FS,SAF,label,SAF,DEF,1,Naeten Mitchell,JR,True,True,2.0
Colorado,SS,SAF,label,SAF,DEF,1,Randon Fontenette,SR,True,False,1.0
Oregon,MAC,LB,label,LB,DEF,1,Devon Jackson,SR,False,True,1.0
Oregon,NB,CB,bio,,DEF,1,Carl Williams IV,JR,True,True,3.0
Oregon,FS,SAF,label,SAF,DEF,1,Aaron Flowers,SO,False,True,2.0
Oregon,SS,SAF,label,SAF,DEF,1,Koi Perich,JR,True,False,1.0
Oregon,WR-X,WR,label,WR,OFF,1,Dakorien Moore,SO,False,False,1.0
Ole Miss,BUCK,EDGE,default,,DEF,1,Suntarine Perkins,SR,False,False,1.0
Ole Miss,SS,SAF,label,SAF,DEF,1,Edwin Joseph,JR,True,True,1.0
Ole Miss,NB,SAF,bio,,DEF,1,Sharif Denson,SR,True,False,3.0
Ole Miss,FS,SAF,label,SAF,DEF,1,Joenel Aguero,SR,True,False,2.0
Oregon,RT,OT,label,,OFF,1,Michael Bennett III,SR,True,True,5.0
Oregon,RG,IOL,label,,OFF,1,Dave Iuli,SR,False,True,4.0
Oregon,C,IOL,label,,OFF,1,Iapani Laloulu,SR,False,False,3.0
Oregon,LG,IOL,label,,OFF,1,Kawika Rogers,SR,False,True,2.0
Oregon,LT,OT,label,,OFF,1,Fox Crader,SO,False,True,1.0
Colorado State,RT,OT,label,,OFF,1,Quinton Harris,SR,True,True,5.0
Colorado State,RG,IOL,label,,OFF,1,Diego Rodriguez,SO,True,True,4.0
Colorado State,C,IOL,label,,OFF,1,Phillip Ocon,SO,False,True,3.0
Colorado State,LG,IOL,label,,OFF,1,Jayden Tuia,SO,True,True,2.0
Colorado State,LT,OT,label,,OFF,1,Toriyan Johnson,JR,True,True,1.0
Oregon,RB,RB,label,RB,OFF,1,Jordon Davison,SO,False,False,1.0
Ole Miss,NT,DT,label,DT,DEF,1,Michai Boireau,JR,True,False,1.0
Ole Miss,DT,DT,label,DT,DEF,1,Will Echoles,JR,False,False,2.0
Ole Miss,DE,EDGE,label,EDGE,DEF,1,Kam Franklin,JR,False,False,1.0
Ole Miss,RB,RB,label,RB,OFF,1,Kewan Lacy,JR,True,False,1.0
Ole Miss,QB,QB,label,QB,OFF,1,Trinidad Chambliss,SR,True,True,1.0
Ole Miss,RCB,CB,label,CB,DEF,1,Antonio Kite,SR,True,True,2.0
Ole Miss,LCB,CB,label,CB,DEF,1,Jalyn Crawford,JR,True,False,1.0
Ole Miss,WLB,LB,label,LB,DEF,1,Keaton Thomas,SR,True,True,1.0
Ole Miss,MLB,LB,label,LB,DEF,1,Luke Ferrelli,SO,True,True,2.0
Colorado State,JACK,EDGE,default,,DEF,1,Kenyon Agurs,JR,False,True,2.0
Colorado State,DE,EDGE,label,EDGE,DEF,1,Stephon Wright,GR,True,False,1.0
Colorado State,RB,RB,label,RB,OFF,1,Mel Brown,SR,True,True,1.0
Colorado State,QB,QB,label,QB,OFF,1,Hauss Hejny,SO,True,True,1.0
Colorado State,TE,TE,label,TE,OFF,1,Juice Vereen,JR,True,True,1.0
Oregon,WR-SL,WR,label,WR,OFF,1,Iverson Hooks,SR,True,True,3.0
Oregon,WR-Z,WR,label,WR,OFF,1,Jeremiah McClellan,SO,False,True,2.0
Ole Miss,WR-SL,WR,label,WR,OFF,1,Johntay Cook II,SR,True,False,3.0
Old Dominion,SS,SAF,label,SAF,DEF,1,Mario Easterly,SR,False,True,1.0
Old Dominion,NB,CB,default,,DEF,1,Daevon Iles,JR,False,False,3.0
Old Dominion,FS,SAF,label,SAF,DEF,1,Ryan Ramey,JR,False,True,5.0
Old Dominion,RCB,CB,label,CB,DEF,1,Zion Frink,JR,False,True,2.0
Ole Miss,TE,TE,label,TE,OFF,1,Luke Hasz,SR,True,False,1.0
Ole Miss,RT,OT,label,,OFF,1,Tommy Kinsler IV,JR,True,True,5.0
Ole Miss,RG,IOL,label,,OFF,1,Patrick Kutas,SR,True,True,4.0
Ole Miss,LT,OT,label,,OFF,1,Terez Davis,SO,True,True,1.0
Ole Miss,LG,IOL,label,,OFF,1,Delano Townsend,JR,True,True,2.0
Ole Miss,C,IOL,label,,OFF,1,Brycen Sanders,JR,False,True,3.0
Colorado State,LCB,CB,label,CB,DEF,1,Jordan Lessard,SR,True,False,1.0
Colorado State,MLB,LB,label,LB,DEF,1,Oumar Diomande,JR,True,True,2.0
Colorado State,WLB,LB,label,LB,DEF,1,Jaseim Mitchell,GR,False,False,1.0
Colorado State,DT,DT,label,DT,DEF,1,Jack Moran,SO,False,True,2.0
Colorado State,NT,DT,label,DT,DEF,1,Robby Harrison,SR,True,True,1.0
Old Dominion,LCB,CB,label,CB,DEF,1,Brandon Crutchfield,JR,False,False,1.0
Old Dominion,WLB,LB,label,LB,DEF,1,Mario Thompson,SR,False,False,1.0
Old Dominion,SLB,LB,label,,DEF,1,Jackson Forrest,SO,False,False,3.0
Old Dominion,MLB,LB,label,LB,DEF,1,Koa Naotala,SR,False,True,2.0
Old Dominion,NT,DT,label,DT,DEF,1,DeAndre Lynch,JR,False,True,1.0
Old Dominion,LDE,EDGE,label,EDGE,DEF,1,Chris Forbes,SO,False,True,2.0
Old Dominion,RB,RB,label,RB,OFF,1,Devin Roche,JR,False,True,1.0
Delaware,WR-SL,WR,label,WR,OFF,1,Bryson Graves,SR,True,False,3.0
Delaware,WR-Z,WR,label,WR,OFF,1,Sean Wilson,SO,False,True,2.0
Delaware,WR-X,WR,label,WR,OFF,1,Da'Wain Lofton,GR,True,False,1.0
Colorado State,NB,CB,default,,DEF,1,Dylan Phelps,JR,False,True,3.0
Colorado State,FS,SAF,label,SAF,DEF,1,Elijah Mc-Cantos,SR,True,True,2.0
Colorado State,SS,SAF,label,SAF,DEF,1,Jace Bellah,SR,False,True,1.0
Colorado State,RCB,CB,label,CB,DEF,1,Richard Mosley III,JR,True,True,2.0
Ole Miss,WR-Z,WR,label,WR,OFF,1,Darrell Gill Jr.,SR,True,False,2.0
Ole Miss,WR-X,WR,label,,OFF,1,Deuce Alexander,JR,True,True,1.0
Old Dominion,WR-Z,WR,label,WR,OFF,1,TJ Johnson,SR,True,False,5.0
Old Dominion,WR-X,WR,label,WR,OFF,1,Sidney Mbanasor,SR,True,True,1.0
Old Dominion,WR-SL,WR,label,WR,OFF,1,JJ Harrell,SO,True,True,4.0
Oklahoma State,NB,CB,default,,DEF,1,Quinton Hammonds,JR,True,False,3.0
Old Dominion,QB,QB,label,QB,OFF,1,Quinn Henicle,JR,False,False,1.0
Old Dominion,TE,TE,label,TE,OFF,1,Karl Peterson,JR,True,True,3.0
Old Dominion,RT,OT,label,,OFF,1,Kendrick Hall,JR,True,False,5.0
Old Dominion,RG,IOL,label,,OFF,1,Connor Drake,JR,False,True,9.0
Old Dominion,LT,OT,label,,OFF,1,Logan Cox,JR,True,True,4.0
Old Dominion,LG,IOL,label,,OFF,1,Omar Bender,JR,True,False,7.0
Delaware,TE,TE,label,TE,OFF,1,Elijah Sessoms,GR,False,False,1.0
Delaware,RT,OT,label,,OFF,1,Jack Small,SO,True,True,5.0
Delaware,RG,IOL,label,,OFF,1,Anthony Caccese,JR,False,True,4.0
Delaware,C,IOL,label,,OFF,1,Steven Demboski,GR,False,False,3.0
Delaware,LG,IOL,label,,OFF,1,Mustafa Feika,SR,True,True,2.0
Delaware,LT,OT,label,,OFF,1,Noah Rosahac,SO,True,True,1.0
Oklahoma State,LDE,EDGE,label,EDGE,DEF,1,Jaleel Johnson,SR,False,True,1.0
Oklahoma State,RB,RB,label,RB,OFF,1,Caleb Hawkins,SO,True,False,1.0
Oklahoma State,QB,QB,label,QB,OFF,1,Drew Mestemaker,SO,True,True,1.0
Oklahoma State,TE,TE,label,TE,OFF,1,Donovan Green,SR,True,True,1.0
Oklahoma State,MLB,LB,label,LB,DEF,1,Isaiah Chisom,JR,True,True,2.0
Oklahoma State,WLB,LB,label,LB,DEF,1,Ethan Wesloski,SR,True,True,1.0
Oklahoma State,DT,DT,label,DT,DEF,1,Jerry Lawson,SR,True,False,2.0
Oklahoma State,NT,DT,label,DT,DEF,1,Saadiq Clements,JR,True,True,1.0
Oklahoma State,FS,SAF,label,SAF,DEF,1,Mose Phillips III,SR,True,False,2.0
Oklahoma State,SS,SAF,label,SAF,DEF,1,Evan Jackson,SR,True,False,1.0
Oklahoma State,RCB,CB,label,CB,DEF,1,Mo Horn,SR,True,True,2.0
Oklahoma State,LCB,CB,label,CB,DEF,1,LaDainian Fields,SO,False,True,1.0
Delaware,RDE,EDGE,label,EDGE,DEF,1,Brandon Gorham,SO,False,False,2.0
Delaware,LDE,EDGE,label,EDGE,DEF,1,Noah Matthews,GR,True,False,1.0
Delaware,RB,RB,label,RB,OFF,1,Jo Silver,GR,False,False,1.0
Delaware,QB,QB,label,QB,OFF,1,Nick Minicucci,SR,False,False,1.0
Oklahoma State,RT,OT,label,,OFF,1,Joseph Hanson,SR,True,False,5.0
Oklahoma State,RG,IOL,label,,OFF,1,Johnny Dickson III,SR,True,True,4.0
Oklahoma State,C,IOL,label,,OFF,1,Tyler Mercer,SO,True,True,3.0
Oklahoma State,LG,IOL,label,,OFF,1,Jacob Sexton,SR,True,True,2.0
Oklahoma State,LT,OT,label,,OFF,1,Braydon Nelson,JR,True,False,1.0
Oklahoma State,WR-SL,WR,label,WR,OFF,1,Chris Barnes,SO,True,True,3.0
Delaware,NB,CB,bio,,DEF,1,Noah Jefferson,SO,False,False,3.0
Delaware,FS,SAF,label,SAF,DEF,1,KT Seay,SR,False,False,2.0
Delaware,SS,SAF,label,SAF,DEF,1,Kahlil Ali,JR,True,True,1.0
Delaware,RCB,CB,label,CB,DEF,1,Kshawn Cox Jr.,JR,False,True,2.0
Delaware,LCB,CB,label,CB,DEF,1,Jamarion Kolagbodi,SO,False,False,1.0
Delaware,SLB,LB,label,LB,DEF,1,Blake Matthews,GR,True,False,3.0
Delaware,MLB,LB,label,LB,DEF,1,Gavin Moul,SR,False,False,2.0
Delaware,WLB,LB,label,LB,DEF,1,Colin Gallagher,SO,False,True,1.0
Delaware,NT,DT,label,DT,DEF,1,Dominick Brogna,GR,False,False,1.0
Oklahoma State,RDE,EDGE,label,EDGE,DEF,1,James Williams,SR,True,True,2.0
Oklahoma,WLB,LB,label,LB,DEF,1,Owen Heinecke,SR,True,True,1.0
Oklahoma,MLB,LB,label,LB,DEF,1,Kip Lewis,SR,False,True,2.0
Oklahoma,NT,DT,label,DT,DEF,1,Jayden Jackson,JR,False,False,1.0
Oklahoma,DT,DT,label,DT,DEF,1,David Stone,JR,False,False,2.0
Oklahoma State,WR-Z,WR,label,WR,OFF,1,Wyatt Young,JR,True,False,2.0
Oklahoma State,WR-X,WR,label,WR,OFF,1,Justin Bowick,SR,True,True,1.0
Oklahoma,CHEETAH,CB,default,,DEF,1,Reggie Powers III,JR,False,False,1.0
Oklahoma,SS,SAF,label,SAF,DEF,1,Peyton Bowen,SR,False,False,1.0
Oklahoma,FS,SAF,label,SAF,DEF,1,Michael Boganowski,JR,False,False,2.0
Oklahoma,RCB,CB,label,CB,DEF,1,Eli Bowen,JR,False,False,2.0
Duke,C,IOL,label,,OFF,1,Matt Craycraft,SR,False,True,3.0
Duke,LG,IOL,label,,OFF,1,Jordan Larsen,SR,True,True,2.0
Duke,LT,OT,label,,OFF,1,Nick Del Grande,GR,True,False,1.0
Duke,WR-SL,WR,label,WR,OFF,1,Javen Nicholas,GR,True,False,3.0
Duke,WR-Z,WR,label,WR,OFF,1,Jaivon Solomon,FR,False,True,2.0
Duke,WR-X,WR,label,WR,OFF,1,Jared Richardson,GR,True,False,1.0
Oklahoma,WR-Z,WR,label,WR,OFF,1,Parker Livingstone,SO,True,True,2.0
Oklahoma,WR-X,WR,label,WR,OFF,1,Trell Harris,SR,True,True,1.0
Oklahoma,WR-H,WR,label,WR,OFF,1,Isaiah Sategna III,SR,True,True,3.0
Oklahoma,QB,QB,label,QB,OFF,1,John Mateer,SR,True,True,1.0
Oklahoma,TE,TE,label,TE,OFF,1,Hayden Hansen,SR,True,True,1.0
Oklahoma,RT,OT,label,,OFF,1,E'Marion Harris,SR,True,True,5.0
Oklahoma,RG,IOL,label,,OFF,1,Ryan Fodje,SO,False,False,4.0
Oklahoma,LT,OT,label,,OFF,1,Michael Fasusi,SO,False,False,1.0
Oklahoma,LG,IOL,label,,OFF,1,Eddy Pierre-Louis,SO,False,True,2.0
Oklahoma,RDE,EDGE,label,EDGE,DEF,1,Adepoju Adebawore,SR,False,False,2.0
Oklahoma,LDE,EDGE,label,EDGE,DEF,1,Taylor Wein,JR,False,True,1.0
Oklahoma,RB,RB,label,RB,OFF,1,Xavier Robinson,JR,False,False,1.0
Duke,TE,TE,label,TE,OFF,1,Jeremiah Hasley,SR,False,True,1.0
Duke,RT,OT,label,,OFF,1,Braden Miller,GR,True,False,5.0
Duke,RG,IOL,label,,OFF,1,Bradley Smith,SO,False,True,4.0
Oklahoma,LCB,CB,label,CB,DEF,1,Courtland Guillory,SO,False,False,1.0
Ohio State,WLB,LB,label,LB,DEF,1,Christian Alliegro,SR,True,False,1.0
Ohio State,DT,DT,label,DT,DEF,1,James Smith,SR,True,False,2.0
Ohio State,NT,DT,label,DT,DEF,1,John Walker,JR,True,True,1.0
Ohio State,RDE,EDGE,label,EDGE,DEF,1,Beau Atkinson,SR,True,True,2.0
Ohio State,NB,CB,default,,DEF,1,Earl Little Jr.,SR,True,True,3.0
Ohio State,FS,SAF,label,SAF,DEF,1,Terry Moore,SR,True,True,2.0
Ohio State,SS,SAF,label,SAF,DEF,1,Jaylen McClain,JR,False,False,1.0
Ohio State,RCB,CB,label,CB,DEF,1,Devin Sanchez,SO,False,False,2.0
Ohio State,LCB,CB,label,CB,DEF,1,Jermaine Mathews Jr.,SR,False,False,1.0
Duke,RDT,DT,label,DT,DEF,1,Preston Watson,JR,False,False,2.0
Duke,LDT,DT,label,DT,DEF,1,Owen Wafle,SO,True,True,1.0
Duke,RDE,EDGE,label,EDGE,DEF,1,Tyshon Reed,JR,False,False,2.0
Duke,LDE,EDGE,label,EDGE,DEF,1,Bryce Davis,SO,False,False,1.0
Duke,RB,RB,label,RB,OFF,1,Nate Sheppard,SO,False,False,1.0
Duke,QB,QB,label,QB,OFF,1,Walker Eget,GR,True,False,1.0
Oklahoma,C,IOL,label,,OFF,1,Jake Maikkula,SR,True,True,3.0
Ohio,NT,DT,label,DT,DEF,1,Austin Mitchell,JR,False,True,1.0
Ohio,JACK,EDGE,bio,EDGE,DEF,1,Joseph Marsh,JR,False,True,2.0
Ohio State,RT,OT,label,,OFF,1,Phillip Daniels,JR,True,True,5.0
Ohio State,RG,IOL,label,,OFF,1,Austin Siereveld,JR,False,True,4.0
Ohio State,C,IOL,label,,OFF,1,Carson Hinzman,SR,False,True,3.0
Ohio State,LG,IOL,label,OT,OFF,1,Luke Montgomery,SR,False,False,2.0
Ohio State,LT,OT,label,,OFF,1,Ian Moore,SO,False,True,1.0
Ohio State,LDE,EDGE,label,EDGE,DEF,1,Kenyatta Jackson Jr.,SR,False,True,1.0
Ohio State,RB,RB,label,RB,OFF,1,Bo Jackson,SO,False,False,1.0
Ohio State,QB,QB,label,QB,OFF,1,Julian Sayin,SO,False,True,1.0
Ohio State,TE,TE,label,TE,OFF,1,Nate Roberts,SO,False,False,1.0
Duke,RCB,CB,label,CB,DEF,1,Landan Callahan,SO,False,True,2.0
Duke,LCB,CB,label,CB,DEF,1,Kimari Robinson,JR,False,True,1.0
Duke,MLB,LB,label,LB,DEF,1,Luke Mergott,JR,False,True,2.0
Duke,WLB,LB,label,LB,DEF,1,Nick Morris Jr.,GR,False,False,1.0
Ohio State,MLB,LB,label,LB,DEF,1,Payton Pierce,JR,False,False,2.0
Ohio,WR-X,WR,label,WR,OFF,1,Delaney Crawford,SR,False,True,1.0
East Carolina,WR-SL,WR,label,WR,OFF,1,Ray Ray Joseph,JR,True,True,3.0
East Carolina,WR-Z,WR,label,WR,OFF,1,Brock Spalding,SR,False,True,2.0
East Carolina,WR-X,WR,label,WR,OFF,1,Landon Sides,SR,True,False,1.0
Duke,NB,CB,bio,CB,DEF,1,Ché Ojarikre,JR,True,True,3.0
Duke,FS,SAF,label,SAF,DEF,1,DaShawn Stone,JR,False,True,2.0
Duke,SS,SAF,label,SAF,DEF,1,Andrew Pellicciotta,SO,False,False,1.0
Ohio State,WR-SL,WR,label,WR,OFF,1,Brandon Inniss,SR,False,False,3.0
Ohio State,WR-Z,WR,label,WR,OFF,1,Jeremiah Smith,JR,False,False,2.0
Ohio State,WR-X,WR,label,WR,OFF,1,Chris Henry Jr.,FR,False,False,1.0
Ohio,BCB,CB,label,CB,DEF,1,Ronald Jackson Jr.,GR,False,False,1.0
Ohio,FCB,CB,label,CB,DEF,1,Kendall Bannister,JR,False,True,1.0
Ohio,SS,SAF,label,SAF,DEF,1,DJ Walker,JR,False,True,1.0
Ohio,WLB,LB,label,LB,DEF,1,Jack Fries,SR,False,True,2.0
Ohio,MLB,LB,label,LB,DEF,1,Charlie Christopher,SO,False,False,1.0
Ohio,DT,DT,label,DT,DEF,1,Nehemiah Dukes,SR,False,False,2.0
East Carolina,RT,OT,label,,OFF,1,Hayes Creel,SR,True,True,5.0
East Carolina,RG,IOL,label,,OFF,1,Ethan Kramer,SR,True,True,4.0
East Carolina,C,IOL,label,,OFF,1,Brandon Best,SR,True,True,3.0
East Carolina,LG,IOL,label,,OFF,1,Bryce Weaver,JR,False,True,2.0
East Carolina,LT,OT,label,,OFF,1,Marleo Neolien,JR,False,True,1.0
Ohio,DE,EDGE,label,EDGE,DEF,1,Joseph Marsh,JR,False,True,1.0
Ohio,RB,RB,label,RB,OFF,1,Duncan Brune,JR,False,False,1.0
Ohio,QB,QB,label,QB,OFF,1,Nick Poulos,GR,False,False,1.0
Ohio,TE,TE,label,TE,OFF,1,Jake Furtney,SO,False,True,1.0
Ohio,RT,OT,label,,OFF,1,Tigana Cisse,GR,False,False,5.0
Ohio,LG,IOL,label,,OFF,1,Josh Waite,GR,False,False,4.0
Ohio,RG,IOL,label,,OFF,1,Seth Anstead,SO,False,True,3.0
Ohio,C,IOL,label,,OFF,1,Bryce Parson,SO,False,True,2.0
Ohio,LT,OT,label,,OFF,1,Jarian Shelby,SR,False,True,1.0
Ohio,WR-Z,WR,label,WR,OFF,1,Dom Dorwart,SO,False,True,3.0
Ohio,WR-SL,WR,label,WR,OFF,1,Preston Bowman,FR,False,True,2.0
Notre Dame,WLB,LB,label,LB,DEF,1,Jaiden Ausberry,JR,False,True,1.0
Notre Dame,RDT,DT,label,DT,DEF,1,Francis Brewu,JR,True,False,2.0
Notre Dame,LDT,DT,label,,DEF,1,Jason Onye,SR,False,True,1.0
Notre Dame,RDE,EDGE,label,EDGE,DEF,1,Boubacar Traore,JR,False,True,2.0
Notre Dame,LDE,EDGE,label,EDGE,DEF,1,Bryce Young,JR,False,False,1.0
Notre Dame,BCB,CB,label,CB,DEF,1,Leonard Moore,JR,False,False,1.0
Notre Dame,BS,SAF,label,SAF,DEF,1,Adon Shuler,JR,False,True,1.0
Notre Dame,FCB,CB,label,SAF,DEF,1,DJ McKinney,SR,True,True,1.0
Notre Dame,NB,CB,bio,CB,DEF,1,Christian Gray,SR,False,False,2.0
Notre Dame,FS,SAF,label,SAF,DEF,1,Brauntae Johnson,SO,False,True,1.0
East Carolina,NT,DT,label,DT,DEF,1,Preston Carr,SR,False,True,1.0
East Carolina,RUSH,EDGE,default,,DEF,1,Julien Davis,JR,False,True,2.0
East Carolina,DE,EDGE,label,EDGE,DEF,1,Jasiyah Robinson,SR,True,True,1.0
East Carolina,RB,RB,label,RB,OFF,1,Ashton Gray,SO,True,True,1.0
East Carolina,QB,QB,label,QB,OFF,1,Mitch Griffis,SR,True,True,1.0
East Carolina,TE,TE,label,TE,OFF,1,Kanen Hamlett,SR,True,True,1.0
Northwestern,FS,SAF,label,SAF,DEF,1,Robert Fitzgerald,SR,False,True,2.0
Northwestern,SS,SAF,label,SAF,DEF,1,Damon Walters,JR,False,True,1.0
Notre Dame,RT,OT,label,,OFF,1,Guerby Lambert,SO,False,True,5.0
Notre Dame,RG,IOL,label,,OFF,1,Charles Jagusah,JR,False,True,4.0
Notre Dame,C,IOL,label,,OFF,1,Ashton Craig,SR,False,True,3.0
Notre Dame,LG,IOL,label,,OFF,1,Anthonie Knapp,JR,False,False,2.0
Notre Dame,LT,OT,label,,OFF,1,Will Black,FR,False,True,1.0
Notre Dame,RB,RB,label,RB,OFF,1,Aneyas Williams,JR,False,False,1.0
Notre Dame,QB,QB,label,QB,OFF,1,CJ Carr,SO,False,True,1.0
Notre Dame,TE,TE,label,TE,OFF,1,Cooper Flanagan,SR,False,False,1.0
East Carolina,RCB,CB,label,CB,DEF,1,Ashton Levells-Mitchell,SR,True,True,2.0
East Carolina,LCB,CB,label,CB,DEF,1,Jaylen Bowden,SR,True,False,1.0
East Carolina,MLB,LB,label,LB,DEF,1,DJ Johnson Jr.,JR,False,True,2.0
East Carolina,WLB,LB,label,LB,DEF,1,Crews Law,SO,True,True,1.0
East Carolina,DT,DT,label,DT,DEF,1,Rion Roseborough,JR,True,True,2.0
Notre Dame,MLB,LB,label,LB,DEF,1,Drayk Bowen,SR,False,False,2.0
Northwestern,LCB,CB,label,CB,DEF,1,Ore Adeyi,GR,False,False,1.0
Northwestern,MLB,LB,label,LB,DEF,1,Kobie McKinzie,GR,True,False,2.0
Northwestern,WLB,LB,label,LB,DEF,1,Braydon Brus,SR,False,True,1.0
Northwestern,RDT,DT,label,DT,DEF,1,Migo Jackson,GR,True,False,2.0
Northwestern,LDT,DT,label,LB,DEF,1,Brendan Flakes,SR,False,True,1.0
Northwestern,RDE,EDGE,label,EDGE,DEF,1,Jamaal Johnson,GR,True,False,2.0
Eastern Michigan,LT,OT,label,,OFF,1,Dennis Strey Jr.,GR,False,False,4.0
Eastern Michigan,WR-X,WR,label,WR,OFF,1,Nick Devereaux,GR,False,False,3.0
Eastern Michigan,WR-H,WR,label,WR,OFF,1,Benson Prosper,SR,False,False,2.0
East Carolina,NB,CB,default,,DEF,1,Christian Peterson,JR,True,False,3.0
East Carolina,FS,SAF,label,SAF,DEF,1,Zyeir Gamble,JR,True,True,2.0
East Carolina,SS,SAF,label,SAF,DEF,1,Ayden Duncanson,JR,True,True,1.0
Notre Dame,WR-SL,WR,label,WR,OFF,1,Mylan Graham,SO,True,True,3.0
Notre Dame,WR-Z,WR,label,WR,OFF,1,Quincy Porter,FR,True,True,2.0
Notre Dame,WR-X,WR,label,WR,OFF,1,Jordan Faison,SR,False,False,1.0
Northwestern,NB,CB,bio,CB,DEF,1,Braden Turner,SR,False,True,3.0
Northwestern,RB,RB,label,RB,OFF,1,Caleb Komolafe,JR,False,True,1.0
Northwestern,QB,QB,label,QB,OFF,1,Aidan Chiles,SR,True,False,1.0
Northwestern,TE,TE,label,TE,OFF,1,Luke Dehnicke,SO,True,True,1.0
Eastern Michigan,LCB,CB,label,CB,DEF,1,Caleb Coley,GR,False,False,1.0
Eastern Michigan,MLB,LB,label,LB,DEF,1,Bryce Eliuk,SR,False,False,1.0
Eastern Michigan,NT,DT,label,DT,DEF,1,Warren-Stevens Tayou,GR,False,False,1.0
Eastern Michigan,DT,DT,label,DT,DEF,1,Javon Thomas,JR,False,False,2.0
Eastern Michigan,EDGE,EDGE,label,EDGE,DEF,1,Ronn Hardin,SR,False,False,2.0
Eastern Michigan,DE,EDGE,label,EDGE,DEF,1,Hector Gonzalez,SO,False,False,1.0
Eastern Michigan,RB,RB,label,RB,OFF,1,Joey Mattord,SR,False,False,1.0
Eastern Michigan,QB,QB,label,QB,OFF,1,Noah Kim,GR,False,False,1.0
Eastern Michigan,TE-Y,TE,label,TE,OFF,1,Joshua Long,JR,False,False,1.0
Eastern Michigan,RT,OT,label,,OFF,1,Joshua Anderson,SR,False,False,5.0
Eastern Michigan,RG,IOL,label,,OFF,1,Samuel Adjin,FR,False,False,2.0
Eastern Michigan,OC,IOL,label,,OFF,1,Nicholas Gallegos,GR,False,False,3.0
Northwestern,RCB,CB,label,CB,DEF,1,Josh Fussell,JR,False,True,2.0
Northwestern,WR-Z,WR,label,WR,OFF,1,Griffin Wilde,SR,True,False,2.0
Northwestern,WR-X,WR,label,WR,OFF,1,Hayden Eligon II,JR,False,False,1.0
Northern Illinois,NB,CB,default,,DEF,1,Aaron Warren,SR,True,True,3.0
Northern Illinois,FS,SAF,label,SAF,DEF,1,Malik Armstrong,SR,False,True,2.0
Northern Illinois,SS,SAF,label,SAF,DEF,1,Justin Harris,JR,True,True,1.0
Northwestern,RT,OT,label,,OFF,1,Deuce McGuire,SR,False,True,5.0
Northwestern,RG,IOL,label,,OFF,1,Anthony Birsa,JR,False,True,4.0
Northwestern,C,IOL,label,,OFF,1,Jackson Carsello,GR,False,False,3.0
Northwestern,LG,IOL,label,,OFF,1,Ezomo Oratokhai,SO,False,True,2.0
Northwestern,LT,OT,label,,OFF,1,Grant Seagren,JR,True,True,1.0
Florida,C,IOL,label,,OFF,1,Harrison Moore,JR,True,False,3.0
Florida,WR-Z,WR,label,WR,OFF,1,Eric Singleton Jr.,SR,True,False,2.0
Florida,WR-Y,WR,label,WR,OFF,1,Vernell Brown III,SO,False,False,3.0
Florida,WR-X,WR,label,WR,OFF,1,Dallas Wilson,FR,False,True,1.0
Eastern Michigan,NB,CB,bio,,DEF,1,Jaivian Norman,SR,False,False,1.0
Northwestern,LDE,EDGE,label,EDGE,DEF,1,Michael Kilbane,JR,False,True,1.0
Northern Illinois,RB,RB,label,RB,OFF,1,Telly Johnson Jr.,JR,False,False,1.0
Northern Illinois,QB,QB,label,QB,OFF,1,Jalen Macon,SR,True,True,1.0
Northern Illinois,TE,TE,label,TE,OFF,1,Jason Fowler,SO,False,True,1.0
Northern Illinois,RCB,CB,label,CB,DEF,1,Liam Lindo,SR,True,True,2.0
Northern Illinois,LCB,CB,label,CB,DEF,1,Dev'ion Reynolds,SO,False,True,1.0
Northern Illinois,MLB,LB,label,LB,DEF,1,Jack Murray,FR,False,False,2.0
Northern Illinois,WLB,LB,label,SAF,DEF,1,Broderick Windham,SR,True,False,1.0
Northern Illinois,RDT,DT,label,DT,DEF,1,Amari Washington,FR,False,True,2.0
Northern Illinois,LDT,DT,label,DT,DEF,1,Montrel Canion,FR,False,True,1.0
Florida,QB,QB,label,QB,OFF,1,Aaron Philo,SO,True,True,1.0
Florida,TE,TE,label,TE,OFF,1,Luke Harpring,SO,True,True,1.0
Florida,RT,OT,label,,OFF,1,Caden Jones,JR,False,True,5.0
Florida,RG,IOL,label,,OFF,1,TJ Shanahan Jr.,JR,True,True,4.0
Florida,LT,OT,label,,OFF,1,Emeka Ugorji,SO,True,False,1.0
Florida,LG,IOL,label,,OFF,1,Knijeah Harris,SR,False,False,2.0
Northwestern,WR-SL,WR,label,WR,OFF,1,Drew Wagner,JR,False,False,3.0
Northern Illinois,WR-Z,WR,label,WR,OFF,1,George Dimopoulos,JR,False,False,2.0
Northern Illinois,WR-X,WR,label,WR,OFF,1,Cam Thompson,SR,True,True,1.0
North Texas,NB,CB,bio,CB,DEF,1,Keshawn Davila,SR,True,False,3.0
North Texas,FS,SAF,label,SAF,DEF,1,Taye Seymore,JR,True,True,2.0
North Texas,SS,SAF,label,SAF,DEF,1,Brandon Jones,SO,True,False,1.0
Northern Illinois,RT,OT,label,,OFF,1,Lane Mahnesmith,SO,False,True,5.0
Northern Illinois,RG,IOL,label,,OFF,1,Jacob Welch,JR,False,True,4.0
Northern Illinois,C,IOL,label,,OFF,1,Landon Hron,JR,False,True,3.0
Northern Illinois,LG,IOL,label,,OFF,1,Tyler Chambers,FR,False,True,2.0
Northern Illinois,LT,OT,label,,OFF,1,Ross Liegel,SO,False,True,1.0
Florida,DT,DT,label,DT,DEF,1,Brendan Bett,JR,True,True,2.0
Florida,JACK,EDGE,bio,,DEF,1,Jayden Woods,SO,False,False,2.0
Florida,DE,EDGE,label,EDGE,DEF,1,Kamran James,SR,False,False,1.0
Florida,RB,RB,label,RB,OFF,1,Jadan Baugh,JR,False,False,1.0
Northern Illinois,RDE,EDGE,label,EDGE,DEF,1,Jay'shon Thomas,JR,False,True,2.0
Northern Illinois,LDE,EDGE,label,EDGE,DEF,1,Kole Sneed,JR,True,True,1.0
North Texas,TE,TE,label,TE,OFF,1,Max Reese,SR,True,True,1.0
North Texas,RDT,DT,label,DT,DEF,1,Terrell Washington,JR,True,False,2.0
North Texas,LDT,DT,label,LB,DEF,1,Justin Benton,JR,True,True,1.0
North Texas,RDE,EDGE,label,EDGE,DEF,1,Curlee Thomas IV,SR,True,True,2.0
North Texas,LDE,EDGE,label,EDGE,DEF,1,David Onuoha,SR,True,True,1.0
North Texas,RCB,CB,label,CB,DEF,1,Peyton Taylor,JR,True,True,2.0
North Texas,LCB,CB,label,CB,DEF,1,Caden Jenkins,SR,True,False,1.0
North Texas,MLB,LB,label,LB,DEF,1,Aaron Alexander,SR,True,True,2.0
North Texas,WLB,LB,label,LB,DEF,1,Zakye Barker,SR,True,True,1.0
Florida,RCB,CB,label,CB,DEF,1,Dijon Johnson,JR,False,True,2.0
Florida,LCB,CB,label,CB,DEF,1,Cormani McClain,JR,True,True,1.0
Florida,WLB,LB,label,LB,DEF,1,Myles Graham,JR,False,False,1.0
Florida,SLB,LB,label,LB,DEF,1,Aaron Chiles,JR,False,False,3.0
Florida,MLB,LB,label,LB,DEF,1,Jaden Robinson,SR,False,False,2.0
Florida,NT,DT,label,DT,DEF,1,Joseph Mbatchou,SO,False,False,1.0
Northern Illinois,WR-SL,WR,label,WR,OFF,1,DeAree Rogers,SR,True,True,3.0
North Dakota State,FS,SAF,label,SAF,DEF,1,Taylen Eady,SO,False,True,2.0
North Dakota State,SS,SAF,label,SAF,DEF,1,Darius Givance,SR,False,True,1.0
North Texas,RT,OT,label,,OFF,1,Neto Umeozulu,SR,True,True,5.0
North Texas,RG,IOL,label,,OFF,1,Henry Fenuku,FR,True,True,4.0
North Texas,C,IOL,label,,OFF,1,Chandler Strong,SR,True,True,3.0
North Texas,LG,IOL,label,,OFF,1,Dylan Shaw,JR,True,True,2.0
North Texas,LT,OT,label,,OFF,1,Johnny Williams IV,JR,True,True,1.0
Florida Atlantic,WR-H,WR,label,WR,OFF,1,Kelby Valsin,JR,True,True,4.0
Florida Atlantic,WR-Y,WR,label,WR,OFF,1,Easton Messer,SR,True,True,3.0
Florida Atlantic,WR-Z,WR,label,WR,OFF,1,Branden Hoch,SO,False,False,2.0
Florida Atlantic,WR-X,WR,label,WR,OFF,1,Dominique Henry,SR,True,True,1.0
Florida,SS,SAF,label,SAF,DEF,1,Bryce Thornton,SR,False,False,1.0
Florida,NB,SAF,bio,,DEF,1,Kanye Clark,JR,True,True,3.0
Florida,FS,SAF,label,SAF,DEF,1,DJ Coleman,SR,True,False,2.0
North Texas,RB,RB,label,RB,OFF,1,Jahiem White,JR,True,True,1.0
North Texas,QB,QB,label,QB,OFF,1,Tayven Jackson,SR,True,True,1.0
North Dakota State,RDE,EDGE,label,EDGE,DEF,1,Matthew Stenbroten,SO,False,True,2.0
North Dakota State,LDE,EDGE,label,EDGE,DEF,1,Kelton McCaslin,SR,False,True,1.0
North Dakota State,RB,RB,label,RB,OFF,1,DJ Scott,JR,True,True,1.0
North Dakota State,RCB,CB,label,CB,DEF,1,DJ Voltz,SR,True,True,2.0
North Dakota State,LCB,CB,label,CB,DEF,1,EJ Davis,SO,True,True,1.0
North Dakota State,SLB,LB,label,LB,DEF,1,Donovan Woolen,JR,False,False,3.0
North Dakota State,MLB,LB,label,LB,DEF,1,Keith Williams,JR,True,False,2.0
North Dakota State,WLB,LB,label,LB,DEF,1,Alex Elliott,JR,True,True,1.0
Florida Atlantic,RT,OT,label,,OFF,1,Ben Galloway,JR,True,True,5.0
Florida Atlantic,RG,IOL,label,,OFF,1,Vincent Fiacable,SR,True,True,4.0
Florida Atlantic,C,IOL,label,,OFF,1,Braden Cunningham,SO,False,True,3.0
Florida Atlantic,LG,IOL,label,,OFF,1,Carson Osmus,SO,True,True,2.0
Florida Atlantic,LT,OT,label,,OFF,1,Ja'Kavion Nonar,SR,True,True,1.0
North Texas,WR-SL,WR,label,WR,OFF,1,James Tyre,JR,True,True,3.0
North Texas,WR-Z,WR,label,WR,OFF,1,Corri Milliner,JR,True,True,2.0
North Texas,WR-X,WR,label,WR,OFF,1,Baron Tipton,SO,False,True,1.0
North Carolina,NB,CB,default,,DEF,1,Kaleb Cost,SR,False,False,3.0
North Carolina,FS,SAF,label,SAF,DEF,1,Coleman Bryson,SR,True,True,2.0
North Dakota State,QB,QB,label,QB,OFF,1,Nathan Hayes,SR,False,True,1.0
North Dakota State,TE,TE,label,TE,OFF,1,Reis Kessel,SO,False,True,1.0
North Dakota State,RT,OT,label,,OFF,1,Kene Anene,SO,True,True,5.0
North Dakota State,RG,IOL,label,EDGE,OFF,1,Josh Magin,SR,False,True,4.0
North Dakota State,C,IOL,label,,OFF,1,Griffin Empey,JR,False,True,3.0
North Dakota State,LG,IOL,label,,OFF,1,Nate Tastad,SO,False,True,2.0
North Dakota State,LT,OT,label,,OFF,1,Ryan Babatz,SO,False,False,1.0
Florida Atlantic,RUSH,EDGE,default,,DEF,1,Josh Roberts,SO,False,False,2.0
Florida Atlantic,DE,EDGE,label,EDGE,DEF,1,Deshaun Batiste,SR,True,True,1.0
Florida Atlantic,RB,RB,label,RB,OFF,1,Kaden Shields-Dutton,JR,False,False,1.0
Florida Atlantic,QB,QB,label,QB,OFF,1,Caden Veltkamp,SR,True,True,1.0
Florida Atlantic,TE,TE,label,TE,OFF,1,Brooks Johnson,SR,True,True,1.0
North Dakota State,RDT,DT,label,DT,DEF,1,Logan Larson,SR,False,True,2.0
North Dakota State,LDT,DT,label,DT,DEF,1,Keenan Wilson,JR,False,True,1.0
North Carolina,RB,RB,label,,OFF,1,Demon June,SO,False,False,1.0
North Carolina,QB,QB,label,QB,OFF,1,Billy Edwards Jr.,GR,True,False,1.0
North Carolina,MLB,LB,label,LB,DEF,1,Derek McDonald,GR,True,False,2.0
North Carolina,WLB,LB,label,LB,DEF,1,Peyton Seelmann,JR,True,False,1.0
North Carolina,DT,DT,label,DT,DEF,1,Leroy Jackson,SO,False,True,2.0
North Carolina,NT,DT,label,DT,DEF,1,Isaiah Johnson,SR,True,True,1.0
North Carolina,SS,SAF,label,SAF,DEF,1,Greg Smith,SO,True,True,1.0
North Carolina,RCB,CB,label,CB,DEF,1,Ade Willie,SR,True,True,2.0
North Carolina,LCB,CB,label,CB,DEF,1,Jaiden Patterson,JR,False,False,1.0
Florida Atlantic,MLB,LB,label,LB,DEF,1,Joseph Sipp Jr.,SR,True,True,2.0
Florida Atlantic,WLB,LB,label,LB,DEF,1,Leon Hart Jr.,SR,True,True,1.0
Florida Atlantic,DT,DT,label,DT,DEF,1,Blake Burris,GR,True,False,2.0
Florida Atlantic,NT,DT,label,DT,DEF,1,CJ Doggette Jr.,SR,True,True,1.0
North Dakota State,WR-F,WR,label,WR,OFF,1,Jackson Williams,JR,False,False,3.0
North Dakota State,WR-Z,WR,label,,OFF,1,Isiah St. Romain,SO,False,True,2.0
North Dakota State,WR-X,WR,label,WR,OFF,1,Mekhi Collins,SR,False,True,1.0
North Carolina,LT,OT,label,,OFF,1,Jordan Hall,JR,True,True,1.0
North Carolina,WR-SL,WR,label,WR,OFF,1,Trech Kekahuna,JR,True,True,3.0
North Carolina,WR-Z,WR,label,WR,OFF,1,Mason Humphrey,SR,True,False,2.0
North Carolina,WR-X,WR,label,WR,OFF,1,Jordan Shipp,JR,False,False,1.0
North Carolina,TE,TE,label,TE,OFF,1,Jaxxon Warren,SO,True,True,1.0
North Carolina,RT,OT,label,,OFF,1,Jacqawn McRoy,SO,True,True,5.0
Florida International,WR-SL,WR,label,WR,OFF,1,Kyle McNeal,JR,False,True,3.0
Florida International,WR-Z,WR,label,WR,OFF,1,Greg Gaines III,SR,True,True,2.0
Florida International,WR-X,WR,label,WR,OFF,1,Maguire Anderson,JR,True,True,1.0
Florida Atlantic,NB,SAF,bio,SAF,DEF,1,Damon Allen,SO,False,False,3.0
Florida Atlantic,FS,SAF,label,SAF,DEF,1,Tyson Rooks,SR,True,True,2.0
Florida Atlantic,SS,SAF,label,SAF,DEF,1,Jayden Sweeney,SR,True,True,1.0
Florida Atlantic,RCB,CB,label,CB,DEF,1,JK Johnson,SR,True,True,2.0
Florida Atlantic,LCB,CB,label,CB,DEF,1,Damarius McGhee,GR,True,False,1.0
North Carolina,RDE,EDGE,label,EDGE,DEF,1,Melkart Abou Jaoude,SR,True,True,2.0
North Carolina,LDE,EDGE,label,EDGE,DEF,1,Donovan Hoilette Jr.,GR,True,False,1.0
New Mexico State,LDT,DT,label,EDGE,DEF,1,Kaian Roberts-Day,SR,True,True,1.0
New Mexico State,RDE,EDGE,label,EDGE,DEF,1,Gabe Peterson,SR,True,True,2.0
New Mexico State,LDE,EDGE,label,EDGE,DEF,1,Brad Vislisel,JR,True,True,1.0
New Mexico State,NB,SAF,bio,SAF,DEF,1,Tayden Barnes,JR,True,True,3.0
New Mexico State,FS,SAF,label,SAF,DEF,1,Nick Session,GR,True,False,2.0
New Mexico State,SS,SAF,label,SAF,DEF,1,Bernock Iya,SR,True,True,1.0
New Mexico State,RCB,CB,label,CB,DEF,1,Javon Gillespie,JR,True,True,2.0
New Mexico State,LCB,CB,label,CB,DEF,1,Josiah Charles,SR,False,False,1.0
Florida International,RT,OT,label,,OFF,1,Manasseh Ripert,SR,True,True,5.0
Florida International,RG,IOL,label,,OFF,1,Antonio Tripp Jr.,JR,True,True,4.0
Florida International,C,IOL,label,,OFF,1,Daveion Harley,JR,True,True,3.0
Florida International,LG,IOL,label,,OFF,1,Zaire Flournoy,SR,True,True,2.0
Florida International,LT,OT,label,,OFF,1,Jeremy Smith,FR,False,True,1.0
North Carolina,RG,IOL,label,,OFF,1,Andrew Threatt,SR,True,False,4.0
North Carolina,C,IOL,label,,OFF,1,Christo Kelly,GR,True,False,3.0
North Carolina,LG,IOL,label,,OFF,1,Aidan Banfield,JR,False,False,2.0
New Mexico State,LG,IOL,label,,OFF,1,James Williams,JR,True,False,2.0
New Mexico State,LT,OT,label,,OFF,1,Ma'Kyi Lee,GR,True,False,1.0
New Mexico State,WR-SL,WR,label,WR,OFF,1,TJ Pride,JR,False,False,3.0
New Mexico State,WR-Z,WR,label,WR,OFF,1,TK King,SR,True,True,2.0
New Mexico State,WR-X,WR,label,WR,OFF,1,Brodie Malone-Bradford,SO,False,False,1.0
New Mexico State,RB,RB,label,RB,OFF,1,James Jones,SR,True,True,1.0
New Mexico State,QB,QB,label,QB,OFF,1,Trey Hedden,JR,True,False,1.0
New Mexico State,TE,TE,label,TE,OFF,1,Josiah Thomas,SO,True,False,1.0
Florida International,RDE,EDGE,label,EDGE,DEF,1,Dante Anderson,SR,True,True,2.0
Florida International,LDE,EDGE,label,EDGE,DEF,1,Kenton Simmons,SR,True,False,1.0
Florida International,RB,RB,label,RB,OFF,1,Anthony Carrie,JR,True,False,1.0
Florida International,QB,QB,label,QB,OFF,1,JJ Kohl,JR,True,True,1.0
Florida International,TE,TE,label,TE,OFF,1,Jackson Verdugo,SO,False,False,1.0
New Mexico State,MLB,LB,label,LB,DEF,1,Sone Aupiu,SR,False,True,2.0
New Mexico State,WLB,LB,label,LB,DEF,1,Tory Gethers,SR,True,False,1.0
New Mexico State,RDT,DT,label,,DEF,1,Henry Davis III,SR,True,False,2.0
New Mexico,DT,DT,label,DT,DEF,1,Xavier Slayton,SR,True,True,2.0
New Mexico,NT,DT,label,DT,DEF,1,Brian Booker,SR,True,True,1.0
New Mexico,RDE,EDGE,label,EDGE,DEF,1,Albert Tuakalau,JR,True,False,2.0
New Mexico,LDE,EDGE,label,EDGE,DEF,1,Darren Agu,SR,True,True,1.0
New Mexico,NB,CB,default,,DEF,1,Drew Speech,SR,True,True,3.0
New Mexico,FS,SAF,label,SAF,DEF,1,Austin Brawley,SR,True,False,2.0
New Mexico,SS,SAF,label,SAF,DEF,1,Tavian Combs,SR,False,True,1.0
New Mexico,RCB,CB,label,CB,DEF,1,Frankie Edwards III,JR,True,False,2.0
New Mexico,LCB,CB,label,CB,DEF,1,Ormanie Arnold,SR,True,True,1.0
Florida International,MLB,LB,label,LB,DEF,1,Percy Courtney Jr.,SR,False,True,2.0
Florida International,WLB,LB,label,LB,DEF,1,Josiah Taylor,SO,False,True,1.0
Florida International,DT,DT,label,DT,DEF,1,RJ Moss Jr.,JR,True,True,2.0
Florida International,NT,DT,label,DT,DEF,1,Germaine Carter,JR,False,False,1.0
New Mexico State,RT,OT,label,,OFF,1,Armond Owens,JR,True,False,5.0
New Mexico State,RG,IOL,label,,OFF,1,Mateo Rodriguez,SO,False,True,4.0
New Mexico State,C,IOL,label,,OFF,1,Mark Chapman,GR,True,False,3.0
New Mexico,LG,IOL,label,,OFF,1,Malik Aliane,SR,True,True,2.0
New Mexico,LT,OT,label,,OFF,1,Cole Millward,JR,True,True,1.0
New Mexico,WR-SL,WR,label,WR,OFF,1,Zhaiel Smith,SO,False,False,3.0
New Mexico,WR-Z,WR,label,,OFF,1,Miles Williams,SR,True,True,2.0
New Mexico,WR-X,WR,label,WR,OFF,1,Troy Omeire,SR,True,True,1.0
New Mexico,RB,RB,label,RB,OFF,1,Scottre Humphrey,SR,True,False,1.0
New Mexico,QB,QB,label,QB,OFF,1,Jack Layne,SR,True,True,1.0
New Mexico,TE,TE,label,TE,OFF,1,Cade Keith,SO,True,True,1.0
Florida State,WR-X,WR,label,WR,OFF,1,Duce Robinson,SR,True,False,1.0
Florida International,NB,CB,default,,DEF,1,Da'Vontae Floyd,SO,True,True,3.0
Florida International,FS,SAF,label,SAF,DEF,1,Demetrius Hill,SR,True,True,2.0
Florida International,SS,SAF,label,SAF,DEF,1,Shamir Sterlin,SO,False,True,1.0
Florida International,RCB,CB,label,CB,DEF,1,Ryan Gadson,JR,True,False,2.0
Florida International,LCB,CB,label,CB,DEF,1,Lawrence Johnson,JR,True,False,1.0
New Mexico,MLB,LB,label,LB,DEF,1,Jaxton Eck,SR,True,False,2.0
New Mexico,WLB,LB,label,LB,DEF,1,Mercury Swaim,SR,True,True,1.0
Nevada,LDE,EDGE,label,EDGE,DEF,1,Myles Williams,SR,True,True,1.0
Nevada,NB,CB,default,,DEF,1,Joshua Scott,GR,True,False,3.0
Nevada,FS,SAF,label,,DEF,1,Bishop Turner,JR,False,True,2.0
Nevada,SS,SAF,label,SAF,DEF,1,Jaylen Webb,JR,True,True,1.0
Nevada,RCB,CB,label,,DEF,1,Aiden Walker,SO,False,False,2.0
Nevada,LCB,CB,label,,DEF,1,Bryson Snelling,JR,True,False,1.0
Florida State,RT,OT,label,,OFF,1,Nate Pabst,SR,True,True,5.0
Florida State,RG,IOL,label,,OFF,1,André Otto,JR,False,True,4.0
Florida State,C,IOL,label,,OFF,1,Bradyn Joiner,JR,True,True,3.0
Florida State,LG,IOL,label,,OFF,1,Paul Bowling,SO,True,False,2.0
Florida State,LT,OT,label,,OFF,1,Xavier Chaplin,SR,True,True,1.0
Florida State,WR-SL,WR,label,WR,OFF,1,Jayvan Boggs,SO,False,False,3.0
Florida State,WR-Z,WR,label,WR,OFF,1,Micahi Danzy,SO,False,True,2.0
New Mexico,RT,OT,label,,OFF,1,Tyler Lawrence,JR,True,False,5.0
New Mexico,RG,IOL,label,,OFF,1,Jaymar Tasi,SO,False,False,4.0
New Mexico,C,IOL,label,,OFF,1,Kaden Robnett,JR,True,True,3.0
Nevada,WR-SL,WR,label,WR,OFF,1,Damien Morgan,SR,True,True,3.0
Nevada,WR-Z,WR,label,WR,OFF,1,Gary Givens III,JR,True,False,2.0
Nevada,WR-X,WR,label,WR,OFF,1,Marshaun Brown,JR,False,True,1.0
Nevada,RB,RB,label,RB,OFF,1,Herschel Turner,JR,True,False,1.0
Nevada,QB,QB,label,QB,OFF,1,Carter Jones,SO,False,False,1.0
Nevada,TE,TE,label,TE,OFF,1,DJ Asiasi,FR,False,True,1.0
Florida State,JACK,EDGE,default,LB,DEF,1,Rylan Kennedy,SR,True,False,2.0
Florida State,DE,EDGE,label,EDGE,DEF,1,Mandrell Desir,SO,False,False,1.0
Florida State,RB,RB,label,RB,OFF,1,Quintrevion Wisner,SR,True,False,1.0
Florida State,QB,QB,label,QB,OFF,1,Ashton Daniels,SR,True,True,1.0
Florida State,TE,TE,label,TE,OFF,1,Desirrio Riles,SR,True,False,1.0
Nevada,MLB,LB,label,LB,DEF,1,EJ Smith,SR,True,False,2.0
Nevada,WLB,LB,label,LB,DEF,1,Jeremy Naborne-Owens,SR,True,False,1.0
Nevada,DT,DT,label,,DEF,1,David Paine Jr.,SO,False,True,2.0
Nevada,NT,DT,label,DT,DEF,1,Logologo Va'a,SR,True,True,1.0
Nevada,RDE,EDGE,label,EDGE,DEF,1,Dylan LaBarbera,SR,True,False,2.0
Nebraska,DT,DT,label,DT,DEF,1,Owen Stoudmire,SR,True,True,2.0
Nebraska,NT,DT,label,DT,DEF,1,Riley Van Poppel,JR,False,True,1.0
Nebraska,NB,CB,default,,DEF,1,Donovan Jones,SO,False,True,3.0
Nebraska,FS,SAF,label,SAF,DEF,1,Dwayne McDougle III,SR,True,True,2.0
Nebraska,SS,SAF,label,SAF,DEF,1,Jamir Conn,SR,True,False,1.0
Nebraska,RCB,CB,label,CB,DEF,1,Andrew Marshall,SR,True,False,2.0
Nebraska,LCB,CB,label,CB,DEF,1,Jeremiah Charles,JR,False,True,1.0
Florida State,MLB,LB,label,LB,DEF,1,Chris Jones,JR,True,False,2.0
Florida State,WLB,LB,label,LB,DEF,1,Mikai Gbayor,SR,True,True,1.0
Florida State,DT,DT,label,DT,DEF,1,Daniel Lyons,SR,False,True,2.0
Florida State,NT,DT,label,DT,DEF,1,Kevin Wynn,FR,False,True,1.0
Nevada,RT,OT,label,,OFF,1,Zach Cochnauer,SR,True,True,5.0
Nevada,RG,IOL,label,,OFF,1,Snoop Leota-Amaama,SR,True,True,4.0
Nevada,C,IOL,label,,OFF,1,Jacob Norcross,JR,True,False,3.0
Nevada,LG,IOL,label,,OFF,1,Ethan Newman,JR,True,True,2.0
Nevada,LT,OT,label,,OFF,1,Jack Foster,SR,True,True,1.0
Nebraska,WR-X,WR,label,WR,OFF,1,Nyziah Hunter,JR,True,True,1.0
Nebraska,QB,QB,label,QB,OFF,1,Anthony Colandrea,SR,True,False,1.0
Nebraska,TE,TE,label,TE,OFF,1,Luke Lindenmeyer,SR,False,True,1.0
Nebraska,RT,OT,label,,OFF,1,Tree Babalade,JR,True,True,5.0
Nebraska,RG,IOL,label,,OFF,1,Brendan Black,SR,True,False,4.0
Nebraska,C,IOL,label,,OFF,1,Justin Evans,SR,False,True,3.0
Nebraska,RDE,EDGE,label,EDGE,DEF,1,Williams Nwaneri,SO,True,True,2.0
Nebraska,LDE,EDGE,label,EDGE,DEF,1,Cameron Lenhardt,SR,False,False,1.0
Nebraska,RB,RB,label,RB,OFF,1,Isaiah Mozee,SO,False,False,1.0
Florida State,NB,SAF,bio,,DEF,1,Ma'Khi Jones,SO,True,False,3.0
Florida State,FS,SAF,label,SAF,DEF,1,CJ Richard Jr.,SO,True,True,2.0
Florida State,SS,SAF,label,SAF,DEF,1,Ashlynd Barker,SR,True,True,1.0
Florida State,RCB,CB,label,CB,DEF,1,Ja'Bril Rawls,JR,False,True,2.0
Florida State,LCB,CB,label,CB,DEF,1,Nehemiah Chandler,SO,True,True,1.0
Nebraska,MLB,LB,label,LB,DEF,1,Vincent Shavers Jr.,JR,False,False,2.0
Nebraska,WLB,LB,label,LB,DEF,1,Owen Chambliss,JR,True,True,1.0
NC State,NB,CB,default,,DEF,1,Jackson Vick,SR,False,True,3.0
NC State,FS,SAF,label,SAF,DEF,1,King Mack,SR,True,False,2.0
NC State,SS,SAF,label,SAF,DEF,1,Tristan Teasdell,SO,False,False,1.0
NC State,RCB,CB,label,CB,DEF,1,Brian Nelson II,JR,True,True,2.0
NC State,LCB,CB,label,CB,DEF,1,Ondre Evans,SO,True,True,1.0
NC State,MLB,LB,label,LB,DEF,1,Popo Aguirre,SR,True,False,2.0
NC State,WLB,LB,label,LB,DEF,1,Da'Kaari Nelson,JR,True,True,1.0
Fresno State,LG,IOL,label,,OFF,1,Edward Fonua,SR,True,True,2.0
Fresno State,C,IOL,label,,OFF,1,Braylan Henderson,SR,True,False,3.0
Fresno State,WR-Z,WR,label,WR,OFF,1,Ezekiel Avit,JR,True,True,2.0
Fresno State,WR-X,WR,label,WR,OFF,1,Josiah Freeman,SR,True,True,1.0
Fresno State,WR-SL,WR,label,WR,OFF,1,Jahlil McClain,JR,True,True,3.0
Nebraska,LG,IOL,label,,OFF,1,Paul Mubenga,JR,True,True,2.0
Nebraska,LT,OT,label,,OFF,1,Elijah Pritchett,SR,True,True,1.0
Nebraska,WR-SL,WR,label,WR,OFF,1,Jacory Barney Jr.,JR,False,False,3.0
Nebraska,WR-Z,WR,label,WR,OFF,1,Kwazi Gilmer,JR,True,False,2.0
NC State,RB,RB,label,RB,OFF,1,Duke Scott,SO,False,True,1.0
NC State,QB,QB,label,QB,OFF,1,CJ Bailey,JR,False,False,1.0
NC State,TE,TE,label,TE,OFF,1,Preston Douglas,SO,False,False,1.0
NC State,RT,OT,label,,OFF,1,Teague Andersen,SR,True,True,5.0
NC State,RG,IOL,label,,OFF,1,Daniel Cruz,SO,True,True,4.0
NC State,C,IOL,label,,OFF,1,Spike Sowells Jr.,SO,False,False,3.0
NC State,DT,DT,label,DT,DEF,1,Isaiah Shirley,JR,False,True,2.0
NC State,NT,DT,label,DT,DEF,1,Josiah Victor,SO,False,False,1.0
NC State,JACK,EDGE,default,LB,DEF,1,Harvey Dyson,SR,True,True,2.0
NC State,DE,EDGE,label,EDGE,DEF,1,Joseph Adedire,SR,True,True,1.0
Fresno State,RB,RB,label,RB,OFF,1,Bryson Donelson,JR,False,False,1.0
Fresno State,QB,QB,label,QB,OFF,1,Khristian Martin,SO,True,True,1.0
Fresno State,TE,TE,label,TE,OFF,1,Brock Lium,JR,False,True,1.0
Fresno State,RT,OT,label,,OFF,1,Rolan Fullwood,SR,False,True,5.0
Fresno State,RG,IOL,label,,OFF,1,Marquise Thorpe-Taylor,SO,True,True,4.0
Fresno State,LT,OT,label,,OFF,1,Brayden Walton,SO,False,False,1.0
Navy,DE,EDGE,label,EDGE,DEF,1,Aiden Lyczek,JR,False,False,1.0
Navy,FCB,CB,label,CB,DEF,1,Nick Bell,JR,False,False,1.0
Navy,ROLB,LB,default,,DEF,1,Will Miller,SO,False,False,1.0
Navy,LOLB,LB,default,,DEF,1,Christian Johnson,SO,False,False,1.0
Navy,FS,SAF,label,SAF,DEF,1,Phillip Hamilton,JR,False,False,2.0
Navy,SS,SAF,label,SAF,DEF,1,Giuseppe Sessi,SR,False,False,1.0
NC State,LG,IOL,label,,OFF,1,Kamen Smith,JR,False,True,2.0
NC State,LT,OT,label,,OFF,1,Jimarion McCrimon,JR,True,True,1.0
NC State,WR-SL,WR,label,WR,OFF,1,Davion Dozier,JR,True,True,3.0
NC State,WR-Z,WR,label,WR,OFF,1,JoJo Trader,JR,True,False,2.0
NC State,WR-X,WR,label,WR,OFF,1,Keenan Jackson,JR,False,False,1.0
Navy,BCB,CB,label,CB,DEF,1,Irabonoise Oniha,SR,False,False,1.0
Fresno State,RDT,DT,label,,DEF,1,Martin Owusu,JR,True,True,2.0
Fresno State,LDT,DT,label,LB,DEF,1,Deijon Laffitte,JR,True,True,1.0
Fresno State,RDE,EDGE,label,EDGE,DEF,1,Sione Noa,SR,False,True,2.0
Fresno State,LDE,EDGE,label,EDGE,DEF,1,Jahzon Jacks,SR,False,True,1.0
Navy,LT,OT,label,,OFF,1,Sean Crowley,JR,False,False,1.0
Navy,RB,RB,label,RB,OFF,1,Vic Listorti,SR,False,False,3.0
Navy,SB-Z,RB,label,,OFF,1,Charles Robinson,JR,False,False,2.0
Navy,SB-A,RB,label,,OFF,1,Isaiah Bryant,SR,False,False,1.0
Navy,QB,QB,label,QB,OFF,1,Braxton Woodson,SR,False,False,1.0
Navy,TE,TE,label,TE,OFF,1,Jake Norris,SR,False,False,1.0
Fresno State,NB,CB,bio,,DEF,1,Simeon Harris,SR,True,True,3.0
Fresno State,FS,SAF,label,SAF,DEF,1,Ethan Tierney,JR,True,True,2.0
Fresno State,RCB,CB,label,CB,DEF,1,Kiontre Harris,SO,False,True,2.0
Fresno State,LCB,CB,label,CB,DEF,1,Jomarion Briggs,SR,False,True,1.0
Fresno State,WLB,LB,label,LB,DEF,1,K'vion Thunderbird,JR,True,True,1.0
Fresno State,MLB,LB,label,LB,DEF,1,Tytus Khajavi,SO,False,True,2.0
Navy,RILB,LB,label,LB,DEF,1,Coleman Cauley,SR,False,False,2.0
Navy,LILB,LB,label,LB,DEF,1,MarcAnthony Parker,JR,False,False,1.0
Navy,DT,DT,label,DT,DEF,1,Griffen Willis,SR,False,False,2.0
Navy,NT,DT,label,DT,DEF,1,Xavyer Arrington,JR,False,False,1.0
Navy,WR-SL,WR,label,WR,OFF,1,Landon Dolhancyk,SO,False,False,3.0
Navy,WR-Z,WR,label,WR,OFF,1,Noah Bull,SR,False,False,2.0
Navy,WR-X,WR,label,WR,OFF,1,Luke Hutchison,SR,False,False,1.0
Missouri State,SS,SAF,label,SAF,DEF,1,Khalil Anderson,SR,True,True,1.0
Missouri State,NB,CB,bio,,DEF,1,Dylan Dixson,SR,True,True,3.0
Missouri State,FS,SAF,label,SAF,DEF,1,Christian Ford,JR,True,True,2.0
Missouri State,RCB,CB,label,CB,DEF,1,Joel Boamah,JR,True,True,2.0
Missouri State,LCB,CB,label,CB,DEF,1,Joel Kpassou,SR,True,False,1.0
Georgia,WR-Z,WR,label,WR,OFF,1,London Humphreys,SR,True,False,2.0
Georgia,WR-X,WR,label,WR,OFF,1,Isiah Canion,JR,True,False,1.0
Georgia,WR-SL,WR,label,WR,OFF,1,Sacovie White-Helton,SO,False,True,3.0
Fresno State,SS,SAF,label,SAF,DEF,1,Ryan Wilson,SR,True,True,1.0
Navy,RT,OT,label,,OFF,1,Malcolm Johnson,SO,False,False,5.0
Navy,RG,IOL,label,,OFF,1,Hoke Smith II,SR,False,False,4.0
Navy,C,IOL,label,,OFF,1,Cam Nichols,SR,False,False,3.0
Navy,LG,IOL,label,,OFF,1,Jake Polito,JR,False,False,2.0
Missouri State,RT,OT,label,,OFF,1,Sebastian Espinoza,JR,True,True,5.0
Missouri State,RG,IOL,label,,OFF,1,William Dixon III,SR,True,True,4.0
Missouri State,LT,OT,label,OT,OFF,1,King Large,SO,True,True,1.0
Missouri State,LG,IOL,label,,OFF,1,Matthew Greene,JR,True,True,2.0
Missouri State,C,IOL,label,,OFF,1,Isaiah Villanueva,SR,True,True,3.0
Missouri State,WLB,LB,label,LB,DEF,1,Cooper Roy,JR,False,True,1.0
Missouri State,MLB,LB,label,LB,DEF,1,Jared Lloyd,SR,False,True,2.0
Missouri State,RDT,DT,label,DT,DEF,1,Gilles Tchio,SR,False,True,2.0
Missouri State,LDT,DT,label,LB,DEF,1,Tim Brantley Jr.,SR,False,False,1.0
Missouri State,RDE,EDGE,label,EDGE,DEF,1,Dylan Brooks,SR,True,True,2.0
Missouri State,LDE,EDGE,label,EDGE,DEF,1,Caden Wiest,JR,False,True,1.0
Missouri State,FB,RB,label,TE,OFF,1,Connor Lair,SR,False,True,1.0
Georgia,RG,IOL,label,,OFF,1,Zykie Helton,FR,False,False,4.0
Georgia,LT,OT,label,,OFF,1,Earnest Greene III,SR,False,True,1.0
Georgia,LG,IOL,label,,OFF,1,Dontrell Glover,SO,False,False,2.0
Georgia,C,IOL,label,,OFF,1,Drew Bobo,SR,False,True,3.0
Missouri,FS,SAF,label,SAF,DEF,1,Trajen Greco,JR,False,False,2.0
Missouri,SS,SAF,label,SAF,DEF,1,Santana Banner,JR,True,True,1.0
Missouri,RCB,CB,label,CB,DEF,1,Chris Graves Jr.,SR,True,True,2.0
Missouri,LCB,CB,label,CB,DEF,1,Jahlil Florence,SR,True,True,1.0
Missouri,MLB,LB,label,LB,DEF,1,Nicholas Rodriguez,JR,False,False,2.0
Missouri,WLB,LB,label,LB,DEF,1,Robert Woodyard Jr.,SR,True,True,1.0
Missouri State,WR-Z,WR,label,WR,OFF,1,Makai Cope,SR,True,True,2.0
Missouri State,WR-X,WR,label,WR,OFF,1,Isaiah Myers,SR,True,True,1.0
Missouri State,WR-SL,WR,label,WR,OFF,1,Jmariyae Robinson,SR,False,True,3.0
Missouri,NB,SAF,bio,,DEF,1,Elijah Dotson,SO,True,False,3.0
Georgia,QB,QB,label,QB,OFF,1,Gunner Stockton,SR,False,True,1.0
Georgia,TE,TE,label,TE,OFF,1,Lawson Luckie,SR,False,False,1.0
Georgia,RT,OT,label,,OFF,1,Juan Gaston,SO,False,False,5.0
Missouri State,RB,RB,label,RB,OFF,1,Ramone Green Jr.,JR,False,True,1.0
Missouri State,QB,QB,label,QB,OFF,1,Skyler Locklear,SR,True,True,1.0
Missouri State,TE,TE,label,TE,OFF,1,Jeron Askren,SO,False,True,1.0
Mississippi State,NB,CB,bio,SAF,DEF,1,Isaac Smith,SR,False,False,3.0
Missouri,TE,TE,label,TE,OFF,1,Brett Norfleet,SR,False,False,1.0
Missouri,RT,OT,label,,OFF,1,Logan Reichert,JR,False,True,5.0
Missouri,RG,IOL,label,,OFF,1,Curtis Peagler,SR,False,True,4.0
Missouri,C,IOL,label,,OFF,1,Dominick Giudice,SR,True,True,3.0
Missouri,LG,IOL,label,,OFF,1,Zach Owens,JR,True,True,2.0
Missouri,LT,OT,label,,OFF,1,Cayden Green,SR,True,False,1.0
Missouri,DE,EDGE,label,EDGE,DEF,1,Langden Kitchen,SR,True,False,1.0
Missouri,RB,RB,label,RB,OFF,1,Ahmad Hardy,JR,True,False,1.0
Missouri,QB,QB,label,QB,OFF,1,Austin Simmons,JR,True,True,1.0
Missouri,DT,DT,label,DT,DEF,1,Marquis Gracial,SR,False,True,2.0
Missouri,NT,DT,label,DT,DEF,1,Jalen Marshall,SR,False,True,1.0
Missouri,JACK,EDGE,default,LB,DEF,1,Darris Smith,SR,True,True,2.0
Georgia,JACK,EDGE,default,,DEF,1,Quintavius Johnson,JR,False,False,2.0
Georgia,DE,EDGE,label,EDGE,DEF,1,Gabe Harris Jr.,SR,False,False,1.0
Georgia,RB,RB,label,RB,OFF,1,Nate Frazier,JR,False,False,1.0
Mississippi State,JACK,EDGE,default,,DEF,1,Amaree Williams,JR,True,False,2.0
Mississippi State,DE,EDGE,label,EDGE,DEF,1,Will Whitson,GR,True,False,1.0
Mississippi State,FS,SAF,label,SAF,DEF,1,Marcus Williams,SR,True,True,2.0
Mississippi State,RCB,CB,label,CB,DEF,1,Quentin Taylor,SO,True,True,2.0
Mississippi State,LCB,CB,label,CB,DEF,1,Kelley Jones,JR,False,True,1.0
Mississippi State,WLB,LB,label,LB,DEF,1,Tyler Lockhart,SO,False,False,1.0
Mississippi State,MLB,LB,label,LB,DEF,1,Zakari Tillman,SR,False,False,2.0
Georgia,FS,SAF,label,SAF,DEF,1,KJ Bolden,JR,False,False,2.0
Georgia,RCB,CB,label,CB,DEF,1,Demello Jones,SO,False,True,2.0
Georgia,LCB,CB,label,CB,DEF,1,Ellis Robinson IV,SO,False,True,1.0
Georgia,NT,DT,label,DT,DEF,1,Jordan Hall,JR,False,True,1.0
Georgia,DT,DT,label,DT,DEF,1,Elijah Griffin,SO,False,False,2.0
Missouri,WR-H,WR,label,WR,OFF,1,Cayden Lee,SR,True,False,3.0
Missouri,WR-Z,WR,label,WR,OFF,1,Caleb Goodie,SR,True,False,2.0
Missouri,WR-X,WR,label,WR,OFF,1,Donovan Olugbode,SO,False,False,1.0
Mississippi State,SS,SAF,label,SAF,DEF,1,Jardin Gilbert,GR,True,False,1.0
Mississippi State,LG,IOL,label,,OFF,1,DJ Chester,JR,True,True,2.0
Mississippi State,C,IOL,label,,OFF,1,Canon Boone,GR,False,False,3.0
Mississippi State,WR-Z,WR,label,WR,OFF,1,Ayden Williams,SR,True,False,2.0
Mississippi State,WR-X,WR,label,WR,OFF,1,Marquis Johnson,SR,True,False,1.0
Mississippi State,WR-SL,WR,label,,OFF,1,Anthony Evans III,SR,True,False,3.0
Mississippi State,RB,RB,label,RB,OFF,1,Fluff Bothwell,JR,True,False,1.0
Mississippi State,QB,QB,label,QB,OFF,1,Kamario Taylor,SO,False,False,1.0
Mississippi State,TE,TE,label,TE,OFF,1,Sam West,JR,True,True,1.0
Mississippi State,RT,OT,label,,OFF,1,Blake Steen,JR,True,True,5.0
Mississippi State,RG,IOL,label,,OFF,1,LJ Prudhomme,FR,True,True,4.0
Georgia,MONEY,LB,bio,LB,DEF,1,Chris Cole,JR,False,False,1.0
Georgia,MAC,LB,label,LB,DEF,1,Raylen Wilson,SR,False,False,1.0
Georgia,SS,SAF,label,SAF,DEF,1,Ja'Marley Riddle,JR,True,False,1.0
Georgia,NB,CB,bio,SAF,DEF,1,Khalil Barnes,SR,True,False,3.0
Mississippi State,NT,DT,label,DT,DEF,1,Jaray Bledsoe,SR,True,True,1.0
Mississippi State,DT,DT,label,DT,DEF,1,Dealyn Evans,SO,True,True,2.0
Minnesota,SS,SAF,label,SAF,DEF,1,Kerry Brown,JR,False,True,1.0
Minnesota,RCB,CB,label,CB,DEF,1,Aydan West,SO,True,False,2.0
Minnesota,LCB,CB,label,CB,DEF,1,John Nestor,SR,True,False,1.0
Minnesota,MLB,LB,label,LB,DEF,1,Maverick Baranowski,SR,False,True,2.0
Georgia Southern,RB,RB,label,RB,OFF,1,David Mbadinga,SR,False,False,1.0
Georgia Southern,QB,QB,label,QB,OFF,1,Turner Helton,SR,False,True,2.0
Georgia Southern,TE,TE,label,TE,OFF,1,JP Mikhael,JR,False,True,1.0
Georgia Southern,RT,OT,label,,OFF,1,Colin Alexander,SO,False,True,3.0
Georgia Southern,RG,IOL,label,,OFF,1,Ethan Williams,JR,False,True,2.0
Georgia Southern,LT,OT,label,,OFF,1,Matthew Williams,JR,False,True,1.0
Georgia Southern,LG,IOL,label,,OFF,1,Ty Furnish,GR,False,False,5.0
Georgia Southern,C,IOL,label,,OFF,1,Mo Clipper Jr.,SR,False,True,4.0
Georgia Southern,WR-Z,WR,label,WR,OFF,1,Alex Taylor,SO,False,True,3.0
Georgia Southern,WR-Y,WR,label,WR,OFF,1,Taylor Bradshaw,JR,False,True,2.0
Georgia Southern,WR-X,WR,label,WR,OFF,1,Noble Johnson,JR,False,True,1.0
Mississippi State,LT,OT,label,,OFF,1,Jakheem Shumpert-Perkins,JR,True,True,1.0
Minnesota,RG,IOL,label,,OFF,1,Tony Nelson,SR,False,True,4.0
Minnesota,WLB,LB,label,LB,DEF,1,Matt Kingsbury,JR,False,True,1.0
Minnesota,DT,DT,label,DT,DEF,1,Xion Chapman,JR,True,True,2.0
Minnesota,NT,DT,label,DT,DEF,1,Naquan Crowder,JR,True,True,1.0
Minnesota,RUSH,EDGE,default,,DEF,1,Jaxon Howard,JR,True,True,2.0
Minnesota,DE,EDGE,label,EDGE,DEF,1,Anthony Smith,SR,False,True,1.0
Georgia Southern,RCB,CB,label,,DEF,1,Jaquari Brown,SO,False,True,1.0
Georgia Southern,LCB,CB,label,CB,DEF,1,Tracy Hill Jr.,SR,False,True,2.0
Georgia Southern,WLB,LB,label,LB,DEF,1,Rashon Myles Jr.,SR,False,True,2.0
Georgia Southern,MLB,LB,label,LB,DEF,1,Brandon Tyson,SR,False,True,1.0
Georgia Southern,RDT,DT,label,DT,DEF,1,Caleb Moore,JR,False,False,2.0
Georgia Southern,LDT,DT,label,LB,DEF,1,Elijah Fears,SO,False,False,1.0
Georgia Southern,RDE,EDGE,label,EDGE,DEF,1,Kebba Secka,JR,False,True,2.0
Georgia Southern,LDE,EDGE,label,EDGE,DEF,1,MJ Stroud,SR,False,True,1.0
Minnesota,NB,SAF,bio,,DEF,1,Parker Knutson,JR,True,True,3.0
Minnesota,FS,SAF,label,SAF,DEF,1,Aidan Gousby,SR,False,True,2.0
Middle Tennessee,WLB,LB,label,LB,DEF,1,Ashton Taylor,SR,True,True,1.0
Minnesota,C,IOL,label,,OFF,1,Ashton Beers,SR,False,True,3.0
Minnesota,LG,IOL,label,,OFF,1,Greg Johnson,SR,False,False,2.0
Minnesota,LT,OT,label,,OFF,1,Nathan Roy,SO,False,True,1.0
Minnesota,WR-SL,WR,label,WR,OFF,1,Javon Tracy,SR,True,True,3.0
Minnesota,WR-Z,WR,label,WR,OFF,1,Perry Thompson,JR,True,False,2.0
Minnesota,WR-X,WR,label,WR,OFF,1,Jalen Smith,SO,False,True,1.0
Georgia State,WR-Z,WR,label,WR,OFF,1,Derrick Avery Jr.,SO,False,False,2.0
Georgia State,WR-X,WR,label,WR,OFF,1,Kyle Washington,SO,False,False,1.0
Georgia State,WR-SL,WR,label,WR,OFF,1,DJ Riles,SR,True,True,3.0
Georgia Southern,SS,SAF,label,SAF,DEF,1,Devin Collier,SO,False,True,2.0
Georgia Southern,NB,CB,default,,DEF,1,Phillip Gladney,SO,False,True,1.0
Minnesota,RB,RB,label,RB,OFF,1,Darius Taylor,SR,False,False,1.0
Minnesota,QB,QB,label,QB,OFF,1,Drake Lindsey,SO,False,True,1.0
Minnesota,TE,TE,label,TE,OFF,1,Kaden Helms,SR,True,True,1.0
Minnesota,RT,OT,label,,OFF,1,Bennett Warren,SO,True,True,5.0
Middle Tennessee,EDGE,EDGE,label,EDGE,DEF,1,Reggie Johnson,SR,True,True,2.0
Middle Tennessee,DE,EDGE,label,EDGE,DEF,1,Aidan Butts,JR,False,False,1.0
Middle Tennessee,RB,RB,label,RB,OFF,1,Antonio Martin,SR,True,True,1.0
Georgia State,QB,QB,label,QB,OFF,1,Cameran Brown,SR,True,True,1.0
Georgia State,TE,TE,label,TE,OFF,1,Grant Hollier,SO,False,False,1.0
Georgia State,RT,OT,label,,OFF,1,Kelton Smith,JR,True,True,5.0
Georgia State,RG,IOL,label,,OFF,1,Deandre Duffus,JR,True,True,4.0
Georgia State,LT,OT,label,,OFF,1,Jordan Brown,SR,True,True,1.0
Georgia State,LG,IOL,label,,OFF,1,Donovan Funsch,JR,False,False,2.0
Georgia State,C,IOL,label,,OFF,1,Tyhler Williams,SR,True,True,3.0
Middle Tennessee,NB,CB,default,,DEF,1,Dyson McCutcheon,GR,True,False,3.0
Middle Tennessee,FS,SAF,label,SAF,DEF,1,Kalen Woods,SR,True,True,2.0
Middle Tennessee,SS,SAF,label,SAF,DEF,1,Christofer Noble,SO,False,False,1.0
Middle Tennessee,RCB,CB,label,CB,DEF,1,Jackson Lowe,SO,False,True,2.0
Middle Tennessee,LCB,CB,label,CB,DEF,1,Jason Hardy,SR,True,True,1.0
Middle Tennessee,MLB,LB,label,LB,DEF,1,Korey Smith,JR,False,False,2.0
Middle Tennessee,LG,IOL,label,,OFF,1,Adrian Crespin,JR,True,True,2.0
Middle Tennessee,LT,OT,label,,OFF,1,Reese Tripp,JR,True,True,1.0
Middle Tennessee,WR-SL,WR,label,WR,OFF,1,Cam'ron Lacy,JR,False,True,3.0
Middle Tennessee,WR-Z,WR,label,WR,OFF,1,AJ Jones,SR,True,True,2.0
Middle Tennessee,WR-X,WR,label,WR,OFF,1,Markus Allen,GR,True,False,1.0
Michigan State,NB,SAF,bio,SAF,DEF,1,Michael Richard,SR,True,False,3.0
Michigan State,FS,SAF,label,SAF,DEF,1,Nikai Martinez,SR,True,True,2.0
Middle Tennessee,QB,QB,label,QB,OFF,1,Roman Gagliano,SO,False,True,1.0
Middle Tennessee,TE,TE,label,TE,OFF,1,Tayvion Galloway,SO,True,True,1.0
Middle Tennessee,RT,OT,label,,OFF,1,Brennan Smith,GR,True,False,5.0
Middle Tennessee,RG,IOL,label,,OFF,1,Alex Gale,SO,False,True,4.0
Georgia State,JACK,EDGE,bio,,DEF,1,Kelan Butler,SO,False,False,2.0
Georgia State,DE,EDGE,label,EDGE,DEF,1,Jabriel Rhodes-Nelson,SR,True,False,1.0
Georgia State,RB,RB,label,RB,OFF,1,Savion Hart,SO,True,True,1.0
Middle Tennessee,DT,DT,label,DT,DEF,1,Zeion Simpson-Smith,SO,False,True,2.0
Middle Tennessee,NT,DT,label,DT,DEF,1,Felix Hixon,SR,True,True,1.0
Michigan State,LDE,EDGE,label,EDGE,DEF,1,Isaac Smith,SR,True,True,1.0
Michigan State,FB,RB,label,RB,OFF,1,Jay Coyne,SR,False,True,1.0
Michigan State,RB,RB,label,RB,OFF,1,Cam Edwards,SR,True,True,1.0
Michigan State,QB,QB,label,QB,OFF,1,Alessio Milivojevic,SO,False,True,1.0
Michigan State,SS,SAF,label,SAF,DEF,1,Aveon Grose,SR,True,True,1.0
Michigan State,RCB,CB,label,CB,DEF,1,Charles Brantley,SR,True,True,2.0
Michigan State,LCB,CB,label,CB,DEF,1,Tre Bell,SR,True,True,1.0
Michigan State,MLB,LB,label,LB,DEF,1,Jordan Hall,SR,False,False,2.0
Michigan State,WLB,LB,label,LB,DEF,1,Dion Crawford,SR,True,False,1.0
Michigan State,RDT,DT,label,,DEF,1,Ben Roberts,SR,True,True,2.0
Michigan State,LDT,DT,label,,DEF,1,Eli Coenen,JR,True,True,1.0
Georgia State,WLB,LB,label,LB,DEF,1,Coby Owens,JR,True,False,1.0
Georgia State,MLB,LB,label,LB,DEF,1,Jaydon Hood,SR,True,True,2.0
Georgia State,NT,DT,label,DT,DEF,1,AJ Vaughns,SR,True,True,1.0
Georgia State,DT,DT,label,DT,DEF,1,Mandjou Berte,SR,True,False,2.0
Middle Tennessee,C,IOL,label,,OFF,1,Otto Janse Van Rensburg,SO,False,False,3.0
Michigan State,TE,TE,label,TE,OFF,1,Brennan Parachek,JR,False,True,1.0
Michigan State,RT,OT,label,,OFF,1,Conner Moore,SR,True,True,5.0
Michigan State,RG,IOL,label,,OFF,1,Luka Vincic,SR,True,True,4.0
Michigan State,C,IOL,label,,OFF,1,Trent Fraley,SR,True,True,3.0
Michigan State,LG,IOL,label,,OFF,1,Nick Sharpe,SR,True,True,2.0
Michigan State,LT,OT,label,,OFF,1,Ben Murawski,SR,True,True,1.0
Michigan State,WR-F,WR,label,WR,OFF,1,Chrishon McCray,SR,True,True,3.0
Georgia Tech,WR-SL,WR,label,,OFF,1,Jordan Allen,SO,False,False,3.0
Georgia Tech,WR-Z,WR,label,WR,OFF,1,Dalen Penson,SO,False,False,2.0
Georgia Tech,WR-X,WR,label,WR,OFF,1,Isaiah Fuhrmann,JR,True,False,1.0
Georgia State,SS,SAF,label,SAF,DEF,1,Eric Lee,SR,True,False,1.0
Georgia State,NB,SAF,bio,SAF,DEF,1,Derrick Maxey III,JR,True,True,3.0
Georgia State,FS,SAF,label,SAF,DEF,1,Tre Mittman,JR,True,False,2.0
Georgia State,RCB,CB,label,CB,DEF,1,Darius Johnson Jr.,SR,True,True,2.0
Georgia State,LCB,CB,label,CB,DEF,1,Deuce Walker,JR,False,False,1.0
Michigan State,RDE,EDGE,label,,DEF,1,Kenny Soares Jr.,SR,True,True,2.0
Michigan,RDE,EDGE,label,EDGE,DEF,1,John Henry Daley,JR,True,True,2.0
Michigan,LDE,EDGE,label,EDGE,DEF,1,Cameron Brandt,SR,False,False,1.0
Michigan,RCB,CB,label,CB,DEF,1,Jyaire Hill,JR,False,True,2.0
Michigan,LCB,CB,label,CB,DEF,1,Zeke Berry,SR,False,True,1.0
Michigan,MLB,LB,label,LB,DEF,1,Troy Bowles,JR,True,True,2.0
Michigan,WLB,LB,label,LB,DEF,1,Nathaniel Owusu-Boateng,SO,False,False,1.0
Michigan State,WR-Z,WR,label,WR,OFF,1,KK Smith,JR,True,True,2.0
Michigan State,WR-X,WR,label,WR,OFF,1,Fredrick Moore,JR,True,True,1.0
Michigan,NB,CB,bio,,DEF,1,Smith Snowden,SR,True,False,3.0
Michigan,FS,SAF,label,SAF,DEF,1,Rod Moore,SR,False,True,2.0
Michigan,SS,SAF,label,SAF,DEF,1,Chris Bracy,JR,True,True,1.0
Georgia Tech,RT,OT,label,,OFF,1,Jameson Riggs,SO,False,True,5.0
Georgia Tech,RG,IOL,label,,OFF,1,Malachi Carney,SR,True,True,4.0
Georgia Tech,C,IOL,label,,OFF,1,Joseph Ionata,SO,True,True,3.0
Georgia Tech,LG,IOL,label,,OFF,1,Kevin Peay Jr.,FR,False,True,2.0
Georgia Tech,LT,OT,label,,OFF,1,Ethan Mackenny,JR,False,True,1.0
Miami (OH),SS,SAF,label,SAF,DEF,1,Leo Colombi,SO,False,True,6.0
Miami (OH),NB,SAF,bio,SAF,DEF,1,Eli Coppess,SR,False,True,1.0
Miami (OH),FS,SAF,label,SAF,DEF,1,Eli Coppess,SR,False,True,2.0
Michigan,RT,OT,label,,OFF,1,Andrew Sprague,SO,False,True,5.0
Michigan,RG,IOL,label,,OFF,1,Nathan Efobi,JR,False,True,4.0
Michigan,C,IOL,label,,OFF,1,Jake Guarnera,SO,False,True,3.0
Michigan,LG,IOL,label,,OFF,1,Evan Link,JR,False,True,2.0
Michigan,LT,OT,label,,OFF,1,Blake Frazier,SO,False,True,1.0
Michigan,RB,RB,label,RB,OFF,1,Jordan Marshall,SO,False,True,1.0
Michigan,QB,QB,label,QB,OFF,1,Bryce Underwood,SO,False,False,1.0
Michigan,TE,TE,label,TE,OFF,1,Zack Marshall,JR,False,True,1.0
Georgia Tech,RB,RB,label,RB,OFF,1,Justice Haynes,SR,True,False,1.0
Georgia Tech,QB,QB,label,QB,OFF,1,Alberto Mendoza,SO,True,True,1.0
Georgia Tech,TE,TE,label,TE,OFF,1,Gavin Harris,SR,True,False,1.0
Michigan,RDT,DT,label,DT,DEF,1,Enow Etta,JR,False,True,2.0
Michigan,LDT,DT,label,,DEF,1,Trey Pierce,SR,False,False,1.0
Miami (OH),C,IOL,label,,OFF,1,Kris Manu,SO,False,True,3.0
Miami (OH),WR-Z,WR,label,WR,OFF,1,Braylon Isom,SO,False,True,3.0
Miami (OH),RCB,CB,label,CB,DEF,1,Kaleb Martin,JR,False,False,1.0
Miami (OH),LCB,CB,label,CB,DEF,1,Mychal Yharbrough,SR,False,False,2.0
Miami (OH),WLB,LB,label,LB,DEF,1,Blayne Myrick,SR,False,True,2.0
Miami (OH),MLB,LB,label,LB,DEF,1,Malcolm McCain,JR,False,True,1.0
Miami (OH),NT,DT,label,DT,DEF,1,Roosevelt Andrews III,JR,False,True,1.0
Miami (OH),RDE,EDGE,label,EDGE,DEF,1,Bai Jobe,JR,False,True,2.0
Miami (OH),LDE,EDGE,label,EDGE,DEF,1,Grant Lyons,SR,False,True,1.0
Georgia Tech,DT,DT,label,DT,DEF,1,Christian Garrett,FR,False,True,2.0
Georgia Tech,NT,DT,label,DT,DEF,1,Tawfiq Thomas,SR,True,True,1.0
Georgia Tech,RDE,EDGE,label,EDGE,DEF,1,Noah Carter,SO,True,True,2.0
Georgia Tech,LDE,EDGE,label,EDGE,DEF,1,Jordan Walker,SR,True,True,1.0
Michigan,WR-SL,WR,label,,OFF,1,JJ Buchanan,SO,True,False,3.0
Michigan,WR-Z,WR,label,WR,OFF,1,Jaime Ffrench,FR,True,True,2.0
Michigan,WR-X,WR,label,WR,OFF,1,Andrew Marsh,SO,False,False,1.0
Miami,DT,DT,label,DT,DEF,1,Ahmad Moten Sr.,SR,False,True,2.0
Miami,NT,DT,label,DT,DEF,1,Justin Scott,JR,False,False,1.0
Miami (OH),WR-X,WR,label,WR,OFF,1,Lynel Billups-Williams,JR,False,True,1.0
Miami (OH),WR-SL,WR,label,WR,OFF,1,Keith Reynolds,JR,False,True,2.0
Miami,NB,CB,default,,DEF,1,Omar Thornton,JR,True,False,3.0
Miami,FS,SAF,label,SAF,DEF,1,Zechariah Poyser,JR,True,True,2.0
Miami,SS,SAF,label,SAF,DEF,1,Bryce Fitzgerald,SO,False,False,1.0
Georgia Tech,RCB,CB,label,CB,DEF,1,Daiquan White,SR,True,False,2.0
Georgia Tech,LCB,CB,label,CB,DEF,1,Jaylen Mbakwe,JR,True,False,1.0
Georgia Tech,MLB,LB,label,LB,DEF,1,Kyle Efford,SR,False,True,2.0
Georgia Tech,WLB,LB,label,LB,DEF,1,E.J. Lightsey,SR,True,True,1.0
Miami (OH),QB,QB,label,QB,OFF,1,Thomas Gotkowski,SO,False,True,1.0
Miami (OH),TE,TE,label,TE,OFF,1,Christian Ross,JR,False,True,1.0
Miami (OH),RT,OT,label,,OFF,1,Jacob Schorsch,SO,False,True,5.0
Miami (OH),RG,IOL,label,,OFF,1,Evan Malcore,SR,False,True,1.0
Miami (OH),LT,OT,label,,OFF,1,Eric Smith,SR,False,True,6.0
Miami,WR-Z,WR,label,WR,OFF,1,Cooper Barkate,GR,True,False,2.0
Miami,WR-X,WR,label,WR,OFF,1,Vandrevius Jacobs,JR,True,True,1.0
Miami,RDE,EDGE,label,EDGE,DEF,1,Damon Wilson II,SR,True,False,2.0
Miami,LDE,EDGE,label,EDGE,DEF,1,Marquise Lightfoot,JR,False,False,1.0
Miami,RB,RB,label,,OFF,1,Mark Fletcher Jr.,SR,False,False,1.0
Miami,QB,QB,label,QB,OFF,1,Darian Mensah,JR,True,True,1.0
Miami,TE,TE,label,TE,OFF,1,Elija Lofton,JR,False,False,1.0
Hawai'i,WR-X,WR,label,WR,OFF,1,Nick Delgadillo,JR,False,True,5.0
Hawai'i,WR-H,WR,label,WR,OFF,1,Audric Harris,JR,True,False,3.0
Georgia Tech,NB,CB,default,,DEF,1,Kelvin Hill,JR,True,False,3.0
Georgia Tech,FS,SAF,label,SAF,DEF,1,Tae Harris,SO,False,False,2.0
Georgia Tech,SS,SAF,label,SAF,DEF,1,Fenix Felton,FR,False,True,1.0
Miami,RCB,CB,label,CB,DEF,1,Ethan O'Connor,JR,True,True,2.0
Miami,LCB,CB,label,CB,DEF,1,Romanas Frederique Jr.,JR,False,False,1.0
Miami,MLB,LB,label,LB,DEF,1,Chase Smith,SR,False,True,2.0
Miami,WLB,LB,label,LB,DEF,1,Mohamed Toure,SR,True,True,1.0
Memphis,LCB,CB,label,CB,DEF,1,Ellis Ellis Jr.,SR,True,True,1.0
Memphis,MLB,LB,label,LB,DEF,1,Mike Montgomery,SR,True,False,2.0
Memphis,WLB,LB,label,LB,DEF,1,Jayden Parrish,SO,True,True,1.0
Hawai'i,TE,TE,label,TE,OFF,1,Devon Tauaefa,SR,False,True,1.0
Hawai'i,RT,OT,label,,OFF,1,Dean Briski,SR,False,True,5.0
Hawai'i,RG,IOL,label,,OFF,1,Lipe Moala,JR,True,True,4.0
Hawai'i,LT,OT,label,,OFF,1,Boogie Henderson,SO,False,True,1.0
Hawai'i,LG,IOL,label,,OFF,1,Denaris DeRosa Jr.,SR,True,True,2.0
Hawai'i,C,IOL,label,,OFF,1,Ethan Spencer,SR,False,True,3.0
Hawai'i,WR-Z,WR,label,WR,OFF,1,Tre' Griffiths,SO,True,True,2.0
Miami,RT,OT,label,,OFF,1,Matthew McCoy,SR,False,True,5.0
Miami,RG,IOL,label,,OFF,1,Max Buchanan,SO,False,False,4.0
Miami,C,IOL,label,,OFF,1,Ryan Rodriguez,SR,False,True,3.0
Miami,LG,IOL,label,,OFF,1,Samson Okunlola,JR,False,True,2.0
Miami,LT,OT,label,,OFF,1,Jackson Cantwell,FR,False,False,1.0
Miami,WR-SL,WR,label,WR,OFF,1,Malachi Toney,SO,False,False,3.0
Memphis,TE,TE,label,TE,OFF,1,Hunter Tipton,SR,True,True,1.0
Memphis,RT,OT,label,,OFF,1,Aaron Karas,SR,True,True,5.0
Memphis,RG,IOL,label,,OFF,1,Parker Mitchell,SR,True,True,4.0
Memphis,DT,DT,label,DT,DEF,1,Jaden McKinney,SR,True,False,2.0
Memphis,NT,DT,label,DT,DEF,1,J'Mari Monette,SR,True,True,1.0
Memphis,RDE,EDGE,label,EDGE,DEF,1,Joseph Head Jr.,JR,True,True,2.0
Memphis,LDE,EDGE,label,EDGE,DEF,1,J'Mond Tapp,SR,True,True,1.0
Hawai'i,DT,DT,label,,DEF,1,Luther McCoy,GR,True,False,2.0
Hawai'i,RDE,EDGE,label,EDGE,DEF,1,Ka'eo Akana,SR,True,True,2.0
Hawai'i,LDE,EDGE,label,EDGE,DEF,1,Lesterlaisene Lagafuaina,JR,False,True,1.0
Hawai'i,RB,RB,label,RB,OFF,1,Cam Barfield,SR,True,True,1.0
Hawai'i,QB,QB,label,QB,OFF,1,Micah Alejado,SO,False,True,1.0
Memphis,NB,SAF,bio,,DEF,1,Ian Foster,JR,True,True,3.0
Memphis,FS,SAF,label,SAF,DEF,1,Ahmere Foster,SR,True,False,2.0
Memphis,SS,SAF,label,SAF,DEF,1,Dylan King,SR,True,True,1.0
Memphis,RCB,CB,label,CB,DEF,1,Anthony Richard Jr.,SR,True,True,2.0
Memphis,C,IOL,label,,OFF,1,Koby Keenum,JR,True,True,3.0
Memphis,LG,IOL,label,,OFF,1,Skyler Grant,SR,True,True,2.0
Memphis,LT,OT,label,,OFF,1,Carde Smith,FR,True,True,1.0
Memphis,WR-SL,WR,label,WR,OFF,1,Tychaun Chapman,SR,True,True,3.0
Memphis,WR-Z,WR,label,WR,OFF,1,Brady Kluse,JR,False,False,2.0
Memphis,WR-X,WR,label,WR,OFF,1,Terrell Timmons Jr.,SR,True,True,1.0
Massachusetts,FS,SAF,label,SAF,DEF,1,Kendall Bournes,SR,True,False,3.0
Massachusetts,SS,SAF,label,SAF,DEF,1,Zeraun Daniel,SR,True,False,2.0
Hawai'i,FS,SAF,label,SAF,DEF,1,Matagi Thompson,SR,False,True,2.0
Hawai'i,RCB,CB,label,,DEF,1,Caleb Brown,SR,True,True,2.0
Hawai'i,LCB,CB,label,CB,DEF,1,Elijah Gipson,SR,True,False,1.0
Hawai'i,WLB,LB,label,LB,DEF,1,Jamih Otis,SR,False,False,1.0
Hawai'i,MLB,LB,label,LB,DEF,1,Wynden Ho'ohuli,SR,True,True,2.0
Hawai'i,NT,DT,label,,DEF,1,Geoffrey Speight Jr.,SR,True,False,3.0
Memphis,RB,RB,label,RB,OFF,1,Dallan Hayden,SR,True,True,1.0
Memphis,QB,QB,label,QB,OFF,1,Marcus Stokes,JR,True,True,1.0
Massachusetts,STAR,CB,bio,,DEF,1,Michael Robinson,GR,True,False,1.0
Massachusetts,RCB,CB,label,CB,DEF,1,TJ Magee,SR,True,True,2.0
Massachusetts,LCB,CB,label,,DEF,1,Isaiah Reed,GR,True,False,1.0
Massachusetts,MLB,LB,label,LB,DEF,1,Timmy Hinspeter,SR,True,True,2.0
Massachusetts,WLB,LB,label,LB,DEF,1,Tyler Martin,SR,True,True,1.0
Massachusetts,DT,DT,label,EDGE,DEF,1,Justin Krueger,SO,True,True,2.0
Houston,RT,OT,label,,OFF,1,Drew Terrill,SR,True,True,5.0
Houston,RG,IOL,label,,OFF,1,McKenzie Agnello,SR,True,True,4.0
Houston,C,IOL,label,,OFF,1,Anthony Boswell,SO,True,True,3.0
Houston,LG,IOL,label,,OFF,1,Shadre Hurst,SR,True,True,2.0
Houston,LT,OT,label,,OFF,1,Alvin Ebosele,SR,True,True,1.0
Houston,WR-SL,WR,label,WR,OFF,1,Amare Thomas,SR,True,False,3.0
Houston,WR-Z,WR,label,WR,OFF,1,Trent Walker,SR,True,True,2.0
Houston,WR-X,WR,label,WR,OFF,1,Koby Young,SO,False,True,1.0
Hawai'i,SS,SAF,label,,DEF,1,Kona Moore,SR,False,True,4.0
Hawai'i,NB,CB,default,,DEF,1,Elijah Palmer,SR,False,False,3.0
Massachusetts,TE,TE,label,TE,OFF,1,Reece Adkins,GR,True,False,1.0
Massachusetts,RT,OT,label,,OFF,1,Jaxon King,SR,True,True,5.0
Massachusetts,RG,IOL,label,,OFF,1,Brock Taylor,SO,False,True,4.0
Massachusetts,C,IOL,label,,OFF,1,Aitor Urionabarrenechea,JR,True,True,3.0
Massachusetts,LG,IOL,label,,OFF,1,Nick Dalessandro,GR,True,False,2.0
Massachusetts,LT,OT,label,,OFF,1,Greg Knox,SR,True,True,1.0
Massachusetts,NT,DT,label,,DEF,1,Zakar Morris,SO,True,True,1.0
Massachusetts,RDE,EDGE,label,EDGE,DEF,1,William DePaepe,SO,True,True,2.0
Massachusetts,LDE,EDGE,label,EDGE,DEF,1,Andrew DePaepe,JR,True,True,1.0
Massachusetts,RB,RB,label,RB,OFF,1,Jordan Washington,SO,True,True,1.0
Massachusetts,QB,QB,label,,OFF,1,William Watson III,JR,True,True,1.0
Houston,JACK,EDGE,bio,,DEF,1,Brandon Mack II,SR,True,True,2.0
Houston,DE,EDGE,label,EDGE,DEF,1,Ashton Porter,JR,True,True,1.0
Houston,RB,RB,label,RB,OFF,1,Makhi Hughes,SR,True,True,1.0
Houston,QB,QB,label,QB,OFF,1,Conner Weigman,SR,True,True,1.0
Houston,TE,TE,label,TE,OFF,1,Patrick Overmyer,JR,True,True,1.0
Maryland,LCB,CB,label,CB,DEF,1,Jamare Glasker,SR,True,True,1.0
Maryland,MLB,LB,label,LB,DEF,1,Daniel Wingate,SR,False,False,2.0
Maryland,WLB,LB,label,LB,DEF,1,Trey Reddick,JR,False,False,1.0
Maryland,RDT,DT,label,DT,DEF,1,Lavon Johnson,SR,True,False,2.0
Massachusetts,WR-SL,WR,label,,OFF,1,Devin Matthews,JR,True,True,3.0
Massachusetts,WR-Z,WR,label,WR,OFF,1,Joseph Griffin Jr.,SR,True,True,2.0
Massachusetts,WR-X,WR,label,WR,OFF,1,T.Y. Harding,SR,False,True,1.0
Maryland,NB,CB,default,,DEF,1,Dontay Joyner,SR,True,False,3.0
Maryland,FS,SAF,label,SAF,DEF,1,Messiah Delhomme,SO,False,False,2.0
Maryland,SS,SAF,label,SAF,DEF,1,Lavain Scruggs,SR,False,True,1.0
Houston,RCB,CB,label,CB,DEF,1,Jalen Mayo,SR,True,True,2.0
Houston,LCB,CB,label,CB,DEF,1,Will James,JR,True,True,1.0
Houston,MLB,LB,label,LB,DEF,1,Sione Fotu,SR,True,False,2.0
Houston,WLB,LB,label,LB,DEF,1,Jaden Yates,SR,True,False,1.0
Houston,DT,DT,label,DT,DEF,1,Khalil Laufau,SR,True,False,2.0
Houston,NT,DT,label,DT,DEF,1,Ejiro Egodogbare,SR,True,True,1.0
Maryland,RT,OT,label,,OFF,1,Carlos Moore,SR,True,True,5.0
Maryland,RG,IOL,label,,OFF,1,Tellek Lockette,SR,True,True,4.0
Maryland,C,IOL,label,,OFF,1,Michael Hershey,JR,False,False,3.0
Maryland,LG,IOL,label,,OFF,1,Isaiah Wright,GR,True,False,2.0
Maryland,LT,OT,label,,OFF,1,Rahtrel Perry,SR,True,True,1.0
Maryland,LDT,DT,label,LB,DEF,1,Eyan Thomas,JR,True,True,1.0
Maryland,RDE,EDGE,label,EDGE,DEF,1,Zahir Mathis,SO,False,False,2.0
Maryland,LDE,EDGE,label,EDGE,DEF,1,Sidney Stewart,SO,False,False,1.0
Maryland,RB,RB,label,RB,OFF,1,DeJuan Williams,SO,False,True,1.0
Maryland,QB,QB,label,QB,OFF,1,Malik Washington,SO,False,False,1.0
Illinois,WR-X,WR,label,WR,OFF,1,Collin Dixon,JR,False,True,1.0
Illinois,WR-SL,WR,label,WR,OFF,1,Hudson Clement,SR,True,True,3.0
Houston,NB,SAF,bio,SAF,DEF,1,Javion White,JR,True,False,3.0
Houston,FS,SAF,label,SAF,DEF,1,Jordan Allen,SR,True,True,2.0
Houston,SS,SAF,label,SAF,DEF,1,Kentrell Webb,SR,True,True,1.0
Maryland,RCB,CB,label,CB,DEF,1,Amari Jackson,SR,True,True,2.0
Marshall,MLB,LB,label,LB,DEF,1,Jalen Marshall,GR,True,False,2.0
Marshall,WLB,LB,label,LB,DEF,1,Javae Gilmore,SR,True,True,1.0
Marshall,DT,DT,label,,DEF,1,Cam Chmura,SO,False,True,2.0
Marshall,NT,DT,label,,DEF,1,Mikailin Warren,JR,False,True,1.0
Maryland,WR-SL,WR,label,WR,OFF,1,Chris Durr Jr.,JR,True,False,3.0
Maryland,WR-Z,WR,label,WR,OFF,1,Na'eem Abdul-Rahim Gladding,JR,True,False,2.0
Maryland,WR-X,WR,label,WR,OFF,1,Kaleb Webb,SR,True,True,1.0
Marshall,NB,SAF,bio,,DEF,1,Josh Pierre-Louis,GR,True,False,3.0
Marshall,FS,SAF,label,SAF,DEF,1,Daytione Smith,SR,False,True,2.0
Marshall,SS,SAF,label,SAF,DEF,1,Terrente Hinton,SR,True,True,1.0
Illinois,RG,IOL,label,,OFF,1,Brandon Henderson,SR,False,False,4.0
Illinois,LT,OT,label,,OFF,1,Christian Martin,JR,True,True,1.0
Illinois,LG,IOL,label,,OFF,1,Maika Matelau,SO,True,False,2.0
Illinois,C,IOL,label,,OFF,1,Jake Renfro,SR,True,True,3.0
Illinois,WR-Z,WR,label,WR,OFF,1,Jayshon Platt,SR,True,True,2.0
Maryland,TE,TE,label,TE,OFF,1,Dorian Fleming,JR,True,True,1.0
Marshall,RT,OT,label,,OFF,1,J.T. Fagan,JR,True,False,5.0
Marshall,RG,IOL,label,,OFF,1,Jalen Slappy,SR,False,True,4.0
Marshall,C,IOL,label,,OFF,1,Logan Greer,JR,True,True,3.0
Marshall,LG,IOL,label,,OFF,1,Robby Martin,SO,True,True,2.0
Marshall,LT,OT,label,,OFF,1,Tariq Montgomery,SR,False,True,1.0
Marshall,EDGE,EDGE,label,EDGE,DEF,1,Kelvon McBride,JR,True,True,2.0
Marshall,DE,EDGE,label,,DEF,1,Braydin Ward,JR,False,True,1.0
Marshall,RB,RB,label,RB,OFF,1,Jo'Shon Barbie,SR,True,True,1.0
Marshall,QB,QB,label,QB,OFF,1,Carlos Del Rio-Wilson,SR,True,True,1.0
Marshall,TE,TE,label,TE,OFF,1,Toby Payne,SR,False,True,1.0
Illinois,RB,RB,label,RB,OFF,1,Ca'Lil Valentine,JR,False,False,1.0
Illinois,QB,QB,label,QB,OFF,1,Katin Houser,SR,True,True,1.0
Illinois,TE,TE,label,TE,OFF,1,Christian Abney,SR,True,False,1.0
Illinois,RT,OT,label,,OFF,1,Nathan Knapik,SO,True,True,5.0
Marshall,RCB,CB,label,,DEF,1,Charles McCartherens,JR,True,True,2.0
Marshall,LCB,CB,label,CB,DEF,1,Caleb Clark-Glover,JR,False,True,1.0
LSU,LDE,EDGE,label,EDGE,DEF,1,Jordan Ross,JR,True,False,1.0
LSU,RCB,CB,label,CB,DEF,1,PJ Woodland,JR,False,False,2.0
LSU,LCB,CB,label,CB,DEF,1,DJ Pickett,SO,False,False,1.0
LSU,WLB,LB,label,LB,DEF,1,Whit Weeks,SR,False,False,1.0
LSU,MLB,LB,label,LB,DEF,1,TJ Dottery,SR,True,True,2.0
LSU,RDT,DT,label,DT,DEF,1,Deuce Geralds,FR,False,False,2.0
Marshall,WR-SL,WR,label,WR,OFF,1,Chris Culliver,JR,True,True,3.0
Marshall,WR-Z,WR,label,WR,OFF,1,De'Andre Tamarez,SR,True,True,2.0
Marshall,WR-X,WR,label,WR,OFF,1,Adrian Norton,SR,True,False,1.0
LSU,STAR,SAF,bio,SAF,DEF,1,Dashawn Spears,JR,False,False,1.0
LSU,SS,SAF,label,SAF,DEF,1,Tamarcus Cooley,JR,True,True,2.0
LSU,FS,SAF,label,SAF,DEF,1,Ty Benefield,SR,True,False,3.0
Illinois,NT,DT,label,DT,DEF,1,Darrell Prater,SR,True,True,1.0
Illinois,DT,DT,label,DT,DEF,1,Carter Janki,SR,True,True,2.0
Illinois,JACK,EDGE,default,,DEF,1,Daniel Brown,SR,True,True,2.0
Illinois,DE,EDGE,label,EDGE,DEF,1,Joe Barna,JR,False,False,1.0
Louisville,STAR,SAF,bio,,DEF,1,Antonio Watts,SR,False,True,1.0
LSU,RG,IOL,label,,OFF,1,Aliou Bah,SR,True,True,4.0
LSU,LT,OT,label,OT,OFF,1,Jordan Seaton,JR,True,False,1.0
LSU,LG,IOL,label,,OFF,1,Bo Bordelon,SR,False,True,2.0
LSU,C,IOL,label,,OFF,1,Braelin Moore,SR,True,True,3.0
LSU,WR-Z,WR,label,WR,OFF,1,Jackson Harris,JR,True,True,2.0
LSU,RB,RB,label,RB,OFF,1,Dilin Jones,SO,True,True,1.0
LSU,QB,QB,label,QB,OFF,1,Sam Leavitt,JR,True,True,1.0
LSU,TE,TE,label,TE,OFF,1,Trey'Dez Green,JR,False,False,1.0
LSU,RT,OT,label,,OFF,1,Weston Davis,SO,False,True,5.0
Illinois,RCB,CB,label,CB,DEF,1,Juice Clarke,SR,False,False,2.0
Illinois,LCB,CB,label,CB,DEF,1,Jakwon Morris,JR,True,False,1.0
Illinois,WLB,LB,label,LB,DEF,1,Grant Beerman,SO,False,False,1.0
Illinois,MLB,LB,label,LB,DEF,1,James Kreutz,SR,False,True,2.0
LSU,LDT,DT,label,DT,DEF,1,Malik Blocton,JR,True,False,1.0
LSU,RDE,EDGE,label,EDGE,DEF,1,Princewill Umanmielen,SR,True,False,2.0
Louisville,DE,EDGE,label,EDGE,DEF,1,AJ Green,JR,False,True,1.0
Louisville,RB,RB,label,RB,OFF,1,Isaac Brown,JR,False,False,1.0
Louisville,RCB,CB,label,CB,DEF,1,Tayon Holloway,SR,True,True,2.0
Louisville,LCB,CB,label,CB,DEF,1,DJ Waller Jr.,JR,True,True,1.0
Louisville,MLB,LB,label,LB,DEF,1,Stanquan Clark,JR,False,True,2.0
Louisville,WLB,LB,label,LB,DEF,1,T.J. Capers,JR,False,True,1.0
Indiana,WR-Z,WR,label,WR,OFF,1,Charlie Becker,JR,False,False,2.0
Indiana,WR-X,WR,label,WR,OFF,1,Nick Marsh,JR,True,False,1.0
Indiana,WR-SL,WR,label,WR,OFF,1,Tyler Morris,SR,True,True,3.0
Illinois,SS,SAF,label,SAF,DEF,1,Matthew Bailey,SR,False,True,1.0
Illinois,NB,CB,default,,DEF,1,Xavier Scott,SR,False,True,3.0
Illinois,FS,SAF,label,SAF,DEF,1,Mac Resetich,SR,False,False,2.0
LSU,WR-X,WR,label,WR,OFF,1,Jayce Brown,SR,True,False,1.0
LSU,WR-SL,WR,label,WR,OFF,1,Winston Watkins Jr.,SO,True,False,3.0
Louisville,FS,SAF,label,SAF,DEF,1,Kaleb Beasley,JR,True,False,3.0
Louisville,SS,SAF,label,SAF,DEF,1,Koen Entringer,SR,True,True,2.0
Louisville,WR-X,WR,label,WR,OFF,1,TreyShun Hurry,SR,True,True,1.0
Louisiana Tech,FS,SAF,label,SAF,DEF,1,MJ Moultrie II,JR,True,True,2.0
Louisiana Tech,SS,SAF,label,SAF,DEF,1,Sam Fongang,SR,True,False,1.0
Louisville,QB,QB,label,QB,OFF,1,Lincoln Kienholz,JR,True,True,1.0
Louisville,TE,TE,label,TE,OFF,1,Brody Foley,SR,True,True,1.0
Louisville,RT,OT,label,,OFF,1,Cason Henry,SR,True,True,5.0
Louisville,RG,IOL,label,,OFF,1,Johnnie Brown III,SR,True,True,4.0
Indiana,TE,TE,label,TE,OFF,1,Brock Schott,FR,True,True,1.0
Indiana,RT,OT,label,,OFF,1,Joe Brunner,SR,True,True,5.0
Indiana,RG,IOL,label,,OFF,1,Adedamola Ajani,SO,False,True,4.0
Indiana,LT,OT,label,,OFF,1,Carter Smith,SR,False,True,1.0
Indiana,LG,IOL,label,,OFF,1,Drew Evans,SR,True,True,2.0
Indiana,C,IOL,label,,OFF,1,Bray Lynch,SR,False,True,3.0
Louisville,DT,DT,label,DT,DEF,1,Daylen Russell,SO,True,True,2.0
Louisville,NT,DT,label,DT,DEF,1,Demeco Kennedy,JR,True,False,1.0
Louisville,LEO,EDGE,bio,EDGE,DEF,1,Clev Lubin,SR,True,True,2.0
Louisiana Tech,QB,QB,label,QB,OFF,1,Blake Baker,JR,False,True,1.0
Louisiana Tech,RCB,CB,label,CB,DEF,1,Kameron Carter,SR,True,False,2.0
Louisiana Tech,LCB,CB,label,CB,DEF,1,Amari Butler,SR,True,False,1.0
Louisiana Tech,SLB,LB,label,LB,DEF,1,Kolbe Fields,GR,True,False,3.0
Louisiana Tech,MLB,LB,label,LB,DEF,1,Zheric Hill,SO,False,False,2.0
Louisiana Tech,WLB,LB,label,LB,DEF,1,Jadon Mayfield,SO,False,True,1.0
Louisiana Tech,NT,DT,label,,DEF,1,Jacob Bradford,SO,False,True,1.0
Louisiana Tech,RDE,EDGE,label,EDGE,DEF,1,Emmanuel Oguns,SR,True,True,2.0
Indiana,DE,EDGE,label,EDGE,DEF,1,Chiddi Obiazor,JR,True,True,1.0
Indiana,RB,RB,label,RB,OFF,1,Turbo Richard,JR,True,False,1.0
Indiana,QB,QB,label,QB,OFF,1,Josh Hoover,SR,True,True,1.0
Louisville,C,IOL,label,,OFF,1,Lance Robinson,GR,True,False,3.0
Louisville,LG,IOL,label,,OFF,1,Eryx Daugherty,JR,True,True,2.0
Louisville,LT,OT,label,,OFF,1,Anwar O'neal,JR,True,True,1.0
Louisville,WR-SL,WR,label,WR,OFF,1,Tre Richardson,SR,True,False,3.0
Louisville,WR-Z,WR,label,WR,OFF,1,Lawayne McCoy,JR,True,False,2.0
Louisiana,LCB,CB,label,CB,DEF,1,Avery Demery,SO,False,True,1.0
Louisiana,WLB,LB,label,LB,DEF,1,Kailep Edwards,SR,False,True,1.0
Louisiana Tech,TE,TE,label,TE,OFF,1,Eli Finley,SR,False,False,1.0
Louisiana Tech,RT,OT,label,,OFF,1,Troy Smith III,JR,False,True,5.0
Louisiana Tech,RG,IOL,label,,OFF,1,Austin Ellis,SO,False,True,4.0
Louisiana Tech,C,IOL,label,,OFF,1,Roy Brackins III,JR,False,True,3.0
Louisiana Tech,LG,IOL,label,,OFF,1,Ashanti Cole,SR,True,True,2.0
Louisiana Tech,LT,OT,label,,OFF,1,Hayden Christman,JR,False,True,1.0
Louisiana Tech,WR-H,WR,label,WR,OFF,1,Marcus Calwise Jr.,JR,True,False,3.0
Louisiana Tech,WR-Z,WR,label,,OFF,1,Talyn Shettron,SR,True,True,2.0
Indiana,WLB,LB,label,LB,DEF,1,Rolijah Hardy,JR,False,False,1.0
Indiana,MLB,LB,label,LB,DEF,1,Isaiah Jones,SR,False,True,2.0
Indiana,NT,DT,label,DT,DEF,1,Tyrique Tucker,SR,True,True,1.0
Indiana,DT,DT,label,DT,DEF,1,Mario Landino,JR,False,False,2.0
Louisiana Tech,LDE,EDGE,label,EDGE,DEF,1,Donovan Rieman,SR,True,True,1.0
Louisiana Tech,RB,RB,label,RB,OFF,1,Jaden Miller,JR,True,True,1.0
Louisiana,RB,RB,label,RB,OFF,1,Darrell Smith,FR,False,True,2.0
Louisiana,QB,QB,label,QB,OFF,1,Lunch Winfield,JR,False,True,1.0
Louisiana,TE,TE,label,TE,OFF,1,Caden Jensen,JR,False,True,1.0
Louisiana,MLB,LB,label,,DEF,1,Jake St. Andre,SR,False,True,2.0
Louisiana,NT,DT,label,DT,DEF,1,Fitzgerald West Jr.,SR,True,True,1.0
Louisiana,JACK,EDGE,default,,DEF,1,Ashley Williams,JR,True,True,2.0
Indiana,SS,SAF,label,SAF,DEF,1,Preston Zachman,GR,True,False,1.0
Indiana,NB,CB,bio,CB,DEF,1,Byron Baldwin Jr.,SO,False,False,3.0
Indiana,FS,SAF,label,SAF,DEF,1,Amare Ferrell,SR,False,False,2.0
Indiana,RCB,CB,label,CB,DEF,1,A.J. Harris,SR,True,False,2.0
Indiana,LCB,CB,label,CB,DEF,1,Jamari Sharpe,SR,False,True,1.0
Louisiana Tech,WR-X,WR,label,WR,OFF,1,Jalen Mickens,SO,False,False,1.0
Louisiana,SS,SAF,label,SAF,DEF,1,Steven Ranel II,FR,False,True,5.0
Louisiana,NB,CB,default,,DEF,1,Maurion Eleam,SR,False,True,3.0
Louisiana,FS,SAF,label,SAF,DEF,1,Lake Bates,SO,False,True,4.0
Louisiana,RCB,CB,label,CB,DEF,1,Brent Gordon Jr.,SO,False,False,2.0
Liberty,WLB,LB,label,LB,DEF,1,Derrell Farrar,SR,True,True,1.0
Louisiana,WR-Z,WR,label,WR,OFF,1,Landon Strother,SO,False,True,2.0
Louisiana,WR-X,WR,label,WR,OFF,1,Shelton Sampson Jr.,JR,True,True,1.0
Louisiana,WR-H,WR,label,WR,OFF,1,Jaydon Johnson,SR,False,True,3.0
Liberty,JOKER,EDGE,default,,DEF,1,Brenton Williams,JR,True,True,1.0
Louisiana,RT,OT,label,,OFF,1,Cooper Fordham,JR,False,True,3.0
Louisiana,RG,IOL,label,,OFF,1,Matthew Broussard,JR,False,True,4.0
Louisiana,LT,OT,label,,OFF,1,Ryder Bentley,SO,False,True,1.0
Louisiana,LG,IOL,label,,OFF,1,Kaden Moreau,SR,False,True,2.0
Louisiana,C,IOL,label,,OFF,1,Andrew Martinez,JR,False,True,8.0
Iowa,LT,OT,label,,OFF,1,Trevor Lauck,JR,False,True,1.0
Iowa,WR-SL,WR,label,WR,OFF,1,Evan James,SO,True,False,3.0
Iowa,WR-Z,WR,label,WR,OFF,1,Tony Diaz,SO,True,True,2.0
Iowa,WR-X,WR,label,WR,OFF,1,Reece Vander Zee,JR,False,False,1.0
Indiana,STUD,EDGE,default,,DEF,1,Tobi Osunsanmi,SR,True,True,1.0
Louisiana,DE,EDGE,label,EDGE,DEF,1,Priest Ashe,SO,False,True,5.0
Liberty,DE,EDGE,label,EDGE,DEF,1,Aaron Hester,SR,True,True,1.0
Liberty,RB-B,RB,label,RB,OFF,1,Kanye Udoh,JR,True,True,2.0
Liberty,RB-A,RB,label,RB,OFF,1,Jaylon Coleman,SO,False,False,1.0
Iowa,RB,RB,label,RB,OFF,1,Kamari Moulton,JR,False,True,1.0
Iowa,QB,QB,label,QB,OFF,1,Jeremy Hecklinski,SO,True,True,1.0
Iowa,TE,TE,label,TE,OFF,1,DJ Vonnahme,SO,False,True,1.0
Iowa,RT,OT,label,,OFF,1,Jack Dotzler,SR,False,True,5.0
Iowa,RG,IOL,label,,OFF,1,Trent Wilson,SO,True,False,4.0
Iowa,C,IOL,label,,OFF,1,Kade Pieper,JR,False,True,3.0
Iowa,LG,IOL,label,,OFF,1,Leighton Jones,JR,False,True,2.0
Liberty,NB,CB,bio,CB,DEF,1,Elijah McKenzie,JR,True,True,3.0
Liberty,FS,SAF,label,SAF,DEF,1,D-Icey Hopkins,SR,True,True,2.0
Liberty,SS,SAF,label,SAF,DEF,1,Jayden Davis,JR,True,True,1.0
Liberty,RCB,CB,label,CB,DEF,1,Jiquavious Marshall,SO,True,True,2.0
Liberty,LCB,CB,label,CB,DEF,1,Elijah Hopkins,SR,True,True,1.0
Liberty,MLB,LB,label,LB,DEF,1,Aidan Vaughan,SR,True,True,2.0
Liberty,WR-SL,WR,label,WR,OFF,1,Makai Jackson,SR,True,True,3.0
Liberty,WR-Z,WR,label,WR,OFF,1,Jamari Person,JR,True,True,2.0
Liberty,WR-X,WR,label,WR,OFF,1,Rashawn Cunningham,SO,True,True,1.0
Liberty,QB,QB,label,QB,OFF,1,Jaylen Henderson,SR,True,True,1.0
Liberty,TE,TE,label,TE,OFF,1,Caleb Ryan,SR,False,True,1.0
Liberty,RT,OT,label,,OFF,1,Christian Williams,SR,True,True,5.0
Liberty,RG,IOL,label,,OFF,1,Alex Birchmeier,JR,True,True,4.0
Liberty,C,IOL,label,,OFF,1,Aaron Fenimore,JR,False,True,3.0
Iowa,MLB,LB,label,LB,DEF,1,Jayden Montgomery,SR,False,True,2.0
Iowa,WLB,LB,label,LB,DEF,1,Landyn Van Kekerix,SR,True,True,1.0
Iowa,RDT,DT,label,DT,DEF,1,Bryce Hawthorne,JR,True,True,2.0
Iowa,LDT,DT,label,DT,DEF,1,Brice Stevenson,JR,True,True,1.0
Iowa,RDE,EDGE,label,EDGE,DEF,1,Iose Epenesa,FR,False,True,2.0
Iowa,LDE,EDGE,label,EDGE,DEF,1,Kenneth Merrieweather,JR,False,True,1.0
Liberty,DT,DT,label,DT,DEF,1,Markus Clark,SR,True,True,2.0
Liberty,NT,DT,label,DT,DEF,1,Mike Jarvis,SR,True,True,1.0
Kentucky,FS,SAF,label,SAF,DEF,1,Jordan Castell,SR,True,False,2.0
Kentucky,SS,SAF,label,SAF,DEF,1,Ty Bryant,SR,False,False,1.0
Kentucky,RCB,CB,label,CB,DEF,1,Terhyon Nichols,JR,False,False,2.0
Kentucky,LCB,CB,label,CB,DEF,1,Hasaan Sykes,JR,True,False,1.0
Kentucky,MLB,LB,label,LB,DEF,1,Grant Godfrey,JR,False,True,2.0
Kentucky,WLB,LB,label,LB,DEF,1,Elijah Barnes,FR,True,True,1.0
Iowa State,WR-H,WR,label,WR,OFF,1,Dominic Overby,SO,False,True,3.0
Iowa State,WR-Z,WR,label,WR,OFF,1,Cody Jackson,SR,True,True,2.0
Iowa State,WR-X,WR,label,WR,OFF,1,Evan Boyd,JR,True,True,1.0
Iowa,CASH,CB,default,,DEF,1,Zach Lutmer,JR,False,True,1.0
Iowa,FS,SAF,label,SAF,DEF,1,Tyler Brown,JR,True,False,2.0
Iowa,SS,SAF,label,SAF,DEF,1,Anthony Hawkins,SO,True,True,1.0
Iowa,RCB,CB,label,CB,DEF,1,Deshaun Lee,SR,False,True,2.0
Iowa,LCB,CB,label,CB,DEF,1,Jaylen Watson,JR,False,False,1.0
Liberty,LG,IOL,label,,OFF,1,Joep Engbers,JR,True,True,2.0
Liberty,LT,OT,label,,OFF,1,D.J. Geth,JR,True,True,1.0
Kentucky,LG,IOL,label,,OFF,1,Olaus Alinen,JR,True,True,2.0
Kentucky,LT,OT,label,,OFF,1,Lance Heard,SR,True,False,1.0
Kentucky,WR-F,WR,label,WR,OFF,1,Shane Carr,JR,True,False,3.0
Kentucky,QB,QB,label,QB,OFF,1,Kenny Minchey,JR,True,True,1.0
Kentucky,TE,TE,label,TE,OFF,1,Willie Rodriguez,JR,False,False,1.0
Kentucky,DT,DT,label,DT,DEF,1,Tavion Gadson,JR,False,True,2.0
Kentucky,NT,DT,label,DT,DEF,1,Jamarrion Harkless,JR,True,True,1.0
Kentucky,JACK,EDGE,default,LB,DEF,1,Sam Greene,JR,True,True,2.0
Kentucky,DE,EDGE,label,EDGE,DEF,1,Mi'Quise Humphrey-Grace,SR,True,True,1.0
Kentucky,RB,RB,label,RB,OFF,1,CJ Baxter,JR,True,True,1.0
Iowa State,RT,OT,label,,OFF,1,Garret Rutledge,SO,False,True,5.0
Iowa State,RG,IOL,label,TE,OFF,1,Colin Amick,SO,True,True,4.0
Iowa State,C,IOL,label,,OFF,1,Braden Smith,SO,True,True,3.0
Iowa State,LG,IOL,label,,OFF,1,Caden Maas,SR,True,True,2.0
Iowa State,LT,OT,label,,OFF,1,Jake Taylor,SR,True,True,1.0
Kentucky,NB,CB,bio,CB,DEF,1,Aaron Gates,JR,True,True,3.0
Kent State,LDT,DT,label,LB,DEF,1,Thomas Aden,SR,True,True,1.0
Kent State,RDE,EDGE,label,EDGE,DEF,1,Jaihien Roy,SO,False,True,2.0
Kent State,LDE,EDGE,label,EDGE,DEF,1,Antonio Bottiggi,SO,False,True,1.0
Kentucky,WR-Z,WR,label,WR,OFF,1,Nic Anderson,SR,True,True,2.0
Kentucky,WR-X,WR,label,WR,OFF,1,DJ Miller,SO,False,False,1.0
Kent State,SS,SAF,label,SAF,DEF,1,Derrick Jackson III,SO,False,False,1.0
Kent State,NB,CB,default,,DEF,1,DJ Barnes,SR,True,False,3.0
Kent State,FS,SAF,label,SAF,DEF,1,Joel Cordoba,SO,False,False,2.0
Kent State,RCB,CB,label,CB,DEF,1,Davion Pritchard,SO,True,True,2.0
Kent State,LCB,CB,label,CB,DEF,1,A'tiq Muhammad,SR,True,True,1.0
Kent State,WLB,LB,label,LB,DEF,1,Hayden Dawahare,JR,True,True,1.0
Iowa State,QB,QB,label,QB,OFF,1,Jaylen Raynor,SR,True,False,1.0
Iowa State,TE,TE,label,TE,OFF,1,Tyler Fortenberry,SR,True,True,1.0
Kentucky,RT,OT,label,,OFF,1,Malachi Wood,JR,False,True,5.0
Kentucky,RG,IOL,label,,OFF,1,Tegra Tshabola,SR,True,True,4.0
Kentucky,C,IOL,label,,OFF,1,Coleton Price,SR,True,True,3.0
Kent State,LT,OT,label,,OFF,1,Tyler Meadows,SO,False,False,1.0
Kent State,LG,IOL,label,,OFF,1,Dustyn Morell,SR,False,True,2.0
Kent State,C,IOL,label,,OFF,1,Ben Midea,JR,True,False,3.0
Kent State,WR-Z,WR,label,WR,OFF,1,Da'Realyst Clark,SR,True,True,2.0
Kent State,WR-X,WR,label,WR,OFF,1,Ardell Banks,JR,True,True,1.0
Kent State,WR-SL,WR,label,WR,OFF,1,Wayne Harris,SO,False,True,3.0
Kent State,RB,RB,label,RB,OFF,1,Mason King,GR,True,False,1.0
Kent State,QB,QB,label,QB,OFF,1,Dru DeShields,JR,False,True,1.0
Kent State,TE,TE,label,TE,OFF,1,Hunter Hopperton,SR,True,True,1.0
Kent State,RT,OT,label,,OFF,1,Mofe Adewole,SR,True,True,5.0
Iowa State,RDE,EDGE,label,EDGE,DEF,1,Caden Crawford,SR,True,True,2.0
Iowa State,LDE,EDGE,label,EDGE,DEF,1,Isaac Terrell,SR,True,False,1.0
Iowa State,RB,RB,label,RB,OFF,1,Cameron Pettaway,SO,True,True,1.0
Kent State,SLB,LB,label,LB,DEF,1,Semaj Bridgeman,JR,True,True,3.0
Kent State,MLB,LB,label,LB,DEF,1,Rocco Nicholl,SR,True,True,2.0
Kent State,RDT,DT,label,DT,DEF,1,Darian Blachewicz,SO,False,False,2.0
Kennesaw State,TE,TE,label,TE,OFF,1,Gerard Bullock Jr.,GR,True,False,1.0
Kennesaw State,MLB,LB,label,LB,DEF,1,Baron Hopson,GR,True,False,2.0
Kennesaw State,WLB,LB,label,LB,DEF,1,Tywon Christopher,SO,False,True,1.0
Kennesaw State,DT,DT,label,DT,DEF,1,Jaiden Grimes,JR,False,False,2.0
Kennesaw State,NT,DT,label,DT,DEF,1,Jackson Cooper,SO,False,False,1.0
Kennesaw State,NB,CB,default,,DEF,1,Kody Jones,GR,True,False,3.0
Kennesaw State,FS,SAF,label,SAF,DEF,1,Isaac Paul,JR,False,True,2.0
Kennesaw State,SS,SAF,label,SAF,DEF,1,Alexander Ford,SR,True,True,1.0
Kennesaw State,RCB,CB,label,CB,DEF,1,Tyler Hallum,SR,True,True,2.0
Kennesaw State,LCB,CB,label,CB,DEF,1,Tay'vion Lawson,SO,False,False,1.0
Iowa State,SLB,LB,label,LB,DEF,1,Carson Willich,SR,False,True,3.0
Iowa State,MLB,LB,label,LB,DEF,1,Sullivan Schlimgen,SO,True,False,2.0
Iowa State,WLB,LB,label,LB,DEF,1,Montreze Smith Jr.,SO,True,True,1.0
Iowa State,DT,DT,label,DT,DEF,1,Bryson Lamb,SR,True,True,2.0
Iowa State,NT,DT,label,DT,DEF,1,Zaimir Hawk,JR,False,True,1.0
Kent State,RG,IOL,label,,OFF,1,Jaxon Dunn,SO,False,True,4.0
Kansas State,FS,SAF,label,SAF,DEF,1,Koy Beasley,SO,True,True,2.0
Kansas State,SS,SAF,label,SAF,DEF,1,Logan Bartley,SO,False,False,1.0
Kennesaw State,RT,OT,label,,OFF,1,Nikola Milovac,JR,True,True,5.0
Kennesaw State,RG,IOL,label,,OFF,1,Precious Ekeh,JR,True,True,4.0
Kennesaw State,C,IOL,label,,OFF,1,Mateo Guevara,SR,True,True,3.0
Kennesaw State,LG,IOL,label,,OFF,1,Mike Wallace Jr.,SO,True,False,2.0
Kennesaw State,LT,OT,label,,OFF,1,JaDarious Lee,SR,True,True,1.0
Iowa State,NB,SAF,bio,,DEF,1,David Coffey,SO,False,True,3.0
Iowa State,FS,SAF,label,SAF,DEF,1,Micah Harper,SR,True,True,2.0
Iowa State,SS,SAF,label,SAF,DEF,1,Drew Surges,JR,False,True,1.0
Iowa State,RCB,CB,label,CB,DEF,1,Keyon Washington,JR,True,True,2.0
Iowa State,LCB,CB,label,CB,DEF,1,Jaheim Singletary,SR,True,True,1.0
Kennesaw State,RUSH,EDGE,default,,DEF,1,Donovan Westmoreland,SR,True,True,2.0
Kennesaw State,DE,EDGE,label,EDGE,DEF,1,Marcus Patterson,SR,True,True,1.0
Kennesaw State,RB,RB,label,RB,OFF,1,Latrelle Murrell,JR,True,True,1.0
Kennesaw State,QB,QB,label,QB,OFF,1,Rickie Collins,JR,True,True,1.0
Kansas State,LCB,CB,label,CB,DEF,1,Zashon Rich,JR,False,False,1.0
Kansas State,MLB,LB,label,LB,DEF,1,Mekhi Mason,SR,True,True,2.0
Kansas State,WLB,LB,label,LB,DEF,1,Rex Van Wyhe,SR,True,True,1.0
Kansas State,DT,DT,label,DT,DEF,1,Travis Bates,SR,True,False,2.0
Kansas State,NT,DT,label,DT,DEF,1,Kamari Burns,JR,True,True,1.0
Jacksonville State,RG,IOL,label,,OFF,1,Ryan Walker,JR,True,True,4.0
Jacksonville State,C,IOL,label,,OFF,1,Lucas Mrachkovskiy,SO,False,True,3.0
Jacksonville State,LG,IOL,label,,OFF,1,Britin Witt,JR,True,False,2.0
Jacksonville State,LT,OT,label,,OFF,1,Lance Johnson,SO,False,False,1.0
Jacksonville State,WR-SL,WR,label,WR,OFF,1,Dylan Gentry,SO,True,True,3.0
Jacksonville State,WR-Z,WR,label,WR,OFF,1,Ronnel Johnson,SR,True,False,2.0
Jacksonville State,WR-X,WR,label,WR,OFF,1,Deondre Johnson,JR,True,True,1.0
Kennesaw State,WR-SL,WR,label,WR,OFF,1,Davis Bryson,SR,False,True,3.0
Kennesaw State,WR-Z,WR,label,WR,OFF,1,Brayden Munroe,SR,True,False,2.0
Kennesaw State,WR-X,WR,label,WR,OFF,1,Javon Rogers,SO,False,True,1.0
Kansas State,NB,SAF,bio,SAF,DEF,1,Ja'Son Prevard,SR,True,False,3.0
Kansas State,WR-X,WR,label,WR,OFF,1,Jaron Tibbs,SR,True,False,1.0
Kansas,NB,SAF,bio,,DEF,1,Syeed Gibbs,SR,True,True,3.0
Kansas,FS,SAF,label,SAF,DEF,1,Taylor Davis,JR,False,True,2.0
Kansas,SS,SAF,label,SAF,DEF,1,Corey Gordon,SR,True,True,1.0
Kansas State,RT,OT,label,,OFF,1,Gus Hawkins,SO,False,True,5.0
Kansas State,RG,IOL,label,,OFF,1,Dylan Villarouel,FR,False,True,4.0
Kansas State,C,IOL,label,,OFF,1,Delvin Morris,JR,True,True,3.0
Kansas State,LG,IOL,label,,OFF,1,Tanner Morley,JR,True,True,2.0
Kansas State,LT,OT,label,,OFF,1,John Pastore,SR,False,True,1.0
Kansas State,RDE,EDGE,label,EDGE,DEF,1,Jordan Allen,JR,False,True,2.0
Kansas State,LDE,EDGE,label,EDGE,DEF,1,Wendell Gregory,SO,True,True,1.0
Kansas State,RB,RB,label,RB,OFF,1,Joe Jackson,JR,False,True,1.0
Kansas State,QB,QB,label,QB,OFF,1,Avery Johnson,SR,False,False,1.0
Kansas State,TE,TE,label,TE,OFF,1,Garrett Oakley,SR,False,True,1.0
Jacksonville State,RT,OT,label,,OFF,1,Jeremiah Orr,SR,True,True,5.0
Kansas State,RCB,CB,label,CB,DEF,1,Donovan McIntosh,JR,False,True,2.0
Kansas,LDE,EDGE,label,,DEF,1,Alex Bray,SR,True,False,1.0
Kansas,RB,RB,label,RB,OFF,1,Dylan Edwards,JR,True,True,1.0
Kansas,QB,QB,label,QB,OFF,1,Isaiah Marshall,SO,False,True,1.0
Kansas,TE,TE,label,TE,OFF,1,Carson Bruhn,SO,False,True,1.0
Kansas,RCB,CB,label,CB,DEF,1,Austin Alexander,SO,False,True,2.0
Kansas,LCB,CB,label,CB,DEF,1,Jalen Todd,JR,False,False,1.0
Kansas,MLB,LB,label,LB,DEF,1,Trey Lathan,SR,True,True,2.0
Kansas,WLB,LB,label,LB,DEF,1,Daveon Crouch,SR,True,True,1.0
Kansas,DT,DT,label,DT,DEF,1,Blake Herold,JR,False,True,2.0
Kansas,NT,DT,label,DT,DEF,1,Eamon Smalls,JR,True,True,1.0
Jacksonville State,DE,EDGE,label,EDGE,DEF,1,Jawaun Campbell,JR,False,False,1.0
Jacksonville State,RB,RB,label,RB,OFF,1,Khristian Lando,SO,False,True,1.0
Jacksonville State,QB,QB,label,QB,OFF,1,Caden Creel,JR,False,True,1.0
Jacksonville State,TE,TE,label,TE,OFF,1,David Alpers III,SR,True,True,1.0
Kansas State,WR-SL,WR,label,WR,OFF,1,Izaiah Williams,SO,True,True,3.0
Kansas State,WR-Z,WR,label,WR,OFF,1,Josh Manning,SR,True,False,2.0
Kansas,WR-Z,WR,label,WR,OFF,1,Nahzae Cox,SR,True,False,2.0
Kansas,WR-X,WR,label,WR,OFF,1,Nik McMillan,SR,True,True,1.0
James Madison,NB,CB,default,,DEF,1,KJ Flowe,JR,False,False,3.0
James Madison,FS,SAF,label,SAF,DEF,1,Javis Mynatt,SR,True,True,2.0
James Madison,SS,SAF,label,SAF,DEF,1,Jayon Harvey,JR,True,False,1.0
James Madison,RCB,CB,label,CB,DEF,1,Damier Minkah,JR,True,True,2.0
Kansas,RT,OT,label,,OFF,1,Nick Morrow,JR,True,True,5.0
Kansas,RG,IOL,label,,OFF,1,Connor Stroh,JR,True,True,4.0
Kansas,C,IOL,label,,OFF,1,Kasen Carpenter,JR,True,True,3.0
Kansas,LG,IOL,label,,OFF,1,Amir Herring,JR,True,True,2.0
Kansas,LT,OT,label,,OFF,1,Calvin Clements,JR,False,True,1.0
Jacksonville State,WLB,LB,label,LB,DEF,1,Walker O'Steen,SR,False,True,1.0
Jacksonville State,DT,DT,label,DT,DEF,1,Khurtiss Perry,SR,True,True,2.0
Jacksonville State,NT,DT,label,DT,DEF,1,Quay Hood,SO,False,False,1.0
Jacksonville State,EDGE,EDGE,label,EDGE,DEF,1,Jacob Cruz,SR,True,False,2.0
Kansas,RDE,EDGE,label,EDGE,DEF,1,Leroy Harris III,JR,True,False,2.0
James Madison,LG,IOL,label,,OFF,1,Tyler Brown,SR,True,True,2.0
James Madison,LT,OT,label,,OFF,1,Frankie Tinilau,JR,True,True,1.0
James Madison,RDE,EDGE,label,EDGE,DEF,1,Amar Thomas,SR,False,True,2.0
James Madison,LDE,EDGE,label,EDGE,DEF,1,Kei'Trone Simpson,SR,True,False,1.0
James Madison,RB,RB,label,RB,OFF,1,George Pettaway,SR,True,True,1.0
James Madison,QB,QB,label,QB,OFF,1,Camden Coleman,JR,True,True,1.0
James Madison,TE,TE,label,TE,OFF,1,Cole Keller,SR,True,True,1.0
James Madison,LCB,CB,label,CB,DEF,1,DJ Kelly,SO,True,False,1.0
James Madison,MLB,LB,label,LB,DEF,1,Nakian Jackson,SR,True,True,2.0
James Madison,WLB,LB,label,LB,DEF,1,Gannon Weathersby,SR,False,False,1.0
James Madison,RDT,DT,label,DT,DEF,1,Mychal McMullin,JR,False,True,2.0
James Madison,LDT,DT,label,,DEF,1,Kells Bush,SR,True,True,1.0
Jacksonville State,RCB,CB,label,CB,DEF,1,Tre'Quon Fegans,SR,True,True,2.0
Jacksonville State,LCB,CB,label,CB,DEF,1,Jaheim Jenkins,SR,True,True,1.0
Jacksonville State,MLB,LB,label,LB,DEF,1,Mac Sanders,SO,False,False,2.0
Kansas,WR-SL,WR,label,WR,OFF,1,Cam Pickett,SR,True,True,3.0
Wisconsin,MLB,LB,label,LB,DEF,1,Cooper Catalano,SO,False,False,2.0
Wisconsin,WLB,LB,label,LB,DEF,1,Mason Posa,SO,False,False,1.0
Wyoming,WR-Z,WR,label,WR,OFF,1,Jackson Holman,JR,True,True,2.0
Wyoming,WR-X,WR,label,WR,OFF,1,Eric Richardson,SR,True,True,1.0
Wisconsin,ROLB,EDGE,bio,EDGE,DEF,1,Tyreese Fearbry,SR,True,True,1.0
Wisconsin,LOLB,LB,default,,DEF,1,Sebastian Cheeks,GR,True,False,1.0
Wisconsin,NB,CB,bio,CB,DEF,1,Bryce West,SO,True,True,3.0
Wisconsin,FS,SAF,label,SAF,DEF,1,Marvin Burks Jr.,SR,True,False,2.0
Air Force,OLB,EDGE,bio,,DEF,1,Isaac Hubert,SR,False,False,2.0
Air Force,DE,EDGE,label,,DEF,1,Jaylin Reese,JR,False,False,1.0
Air Force,FB,RB,label,RB,OFF,1,Owen Allen,SR,False,False,1.0
Air Force,RB,RB,label,RB,OFF,1,Rocco Conti,SR,False,False,1.0
Wyoming,RT,OT,label,,OFF,1,Braylon Jenkins,SO,False,True,5.0
Wyoming,RG,IOL,label,,OFF,1,Giovanni Panozzo,SO,False,True,4.0
Wyoming,C,IOL,label,,OFF,1,Jason Maciejczak,JR,True,True,3.0
Wyoming,LG,IOL,label,,OFF,1,Chandler Donaway,SR,True,True,2.0
Wyoming,FS,SAF,label,SAF,DEF,1,Jones Thomas,JR,False,True,2.0
Wyoming,NB,CB,bio,CB,DEF,1,Desman Hearns,SR,True,True,3.0
Air Force,LT,OT,label,,OFF,1,Nathan Elwood,SR,False,False,1.0
James Madison,RG,IOL,label,,OFF,2,JaKobe Campbell,SO,False,True,9.0
James Madison,RT,OT,label,,OFF,2,Deacon Rawls,SO,False,True,10.0
Jacksonville State,SS,SAF,label,SAF,DEF,2,Vernon Woodward III,SO,True,True,4.0
Jacksonville State,FS,SAF,label,SAF,DEF,2,Kaden Cook,FR,True,True,5.0
Air Force,LG,IOL,label,,OFF,2,Alec Falk,SR,False,False,7.0
Wyoming,LCB,CB,label,CB,DEF,2,Junus McGraw,JR,True,False,3.0
Wyoming,RCB,CB,label,CB,DEF,2,Tyson Shamsid-Deen,SO,False,False,4.0
Wyoming,SS,SAF,label,SAF,DEF,2,Jaden DaCosta,JR,True,True,4.0
Wyoming,FS,SAF,label,SAF,DEF,2,Jett Vincent,JR,True,True,5.0
Oregon State,SS,SAF,label,SAF,DEF,2,Sean Craig,FR,False,True,4.0
Oregon State,FS,SAF,label,SAF,DEF,2,Kahanu Kalahiki,SO,True,False,5.0
Oregon State,NB,CB,default,,DEF,2,Noble Thomas Jr.,SR,False,True,6.0
Colorado,QB,QB,label,QB,OFF,2,Isaac Wilson,SO,True,True,2.0
Colorado,RB,RB,label,RB,OFF,2,Micah Welch,JR,False,False,2.0
Colorado,LDE,EDGE,label,EDGE,DEF,2,Toby Anene,SR,True,True,3.0
Colorado,RDE,EDGE,label,EDGE,DEF,2,Balansama Kamara,SR,True,True,4.0
Air Force,WR-Z,WR,label,WR,OFF,2,Mason Hayes,JR,False,False,5.0
Air Force,C,IOL,label,,OFF,2,Johnique Thomas,JR,False,False,8.0
UCLA,LCB,CB,label,CB,DEF,2,Dante Lovett,JR,True,True,3.0
UCLA,RCB,CB,label,CB,DEF,2,Robert Stafford III,JR,True,True,4.0
UCLA,SS,SAF,label,SAF,DEF,2,Ta'Shawn James,JR,True,True,4.0
UCLA,FS,SAF,label,SAF,DEF,2,Malik Hartford,JR,True,True,5.0
UCLA,LDE,EDGE,label,,DEF,2,Amier Washington,JR,True,True,3.0
Wyoming,WLB,LB,label,LB,DEF,2,Anthony Beavers,SR,True,True,3.0
Wyoming,MLB,LB,label,LB,DEF,2,Dash Bauman,SO,False,True,4.0
Wyoming,RT,OT,label,,OFF,2,Jake Davies,JR,False,True,10.0
Wyoming,TE-Y,TE,label,TE,OFF,2,Kyle Frendt,FR,False,True,2.0
Wyoming,QB,QB,label,QB,OFF,2,Mason Drube,FR,False,True,2.0
Wyoming,RB,RB,label,RB,OFF,2,Markell Holman,SR,True,False,2.0
Wyoming,NB,CB,bio,,DEF,2,Travis Franklin Jr.,SR,True,False,6.0
Air Force,RG,IOL,label,,OFF,2,Brody Smith,JR,False,False,9.0
James Madison,C,IOL,label,,OFF,2,Evan Bushong,SO,False,True,8.0
UConn,WR-Z,WR,label,WR,OFF,2,Cam Abshire,SR,True,True,5.0
UConn,WR-SL,WR,label,WR,OFF,2,Jediyah Willoughby,JR,True,True,6.0
Army,WR,WR,label,WR,OFF,2,Tobi Olawole,SR,False,False,4.0
UCLA,TE,TE,label,TE,OFF,2,Brayden Loftin,SR,True,True,2.0
Wyoming,WR-SL,WR,label,WR,OFF,2,Charlie Coenen,SR,False,True,6.0
Wyoming,LT,OT,label,,OFF,2,Josiah Petaia,SO,True,True,6.0
Wyoming,LG,IOL,label,,OFF,2,Quinn Grovesteen-Matchey,JR,False,True,7.0
Wyoming,C,IOL,label,,OFF,2,Tariq Miller,FR,False,True,8.0
Wyoming,RG,IOL,label,,OFF,2,Caleb Hall,SO,False,True,9.0
Air Force,RB,RB,label,RB,OFF,2,Jalen Rashad Turner,SR,False,False,2.0
Jacksonville State,LCB,CB,label,CB,DEF,2,Jonavan Carr,JR,True,True,3.0
Jacksonville State,RCB,CB,label,CB,DEF,2,RJ Rainer,SO,False,False,4.0
James Madison,LDE,EDGE,label,EDGE,DEF,2,Danny Royster,SR,True,True,3.0
James Madison,RDE,EDGE,label,EDGE,DEF,2,Mason Purham,JR,True,True,4.0
James Madison,LDT,DT,label,,DEF,2,Rasheed Lovelace,SR,True,True,3.0
James Madison,RDT,DT,label,DT,DEF,2,Kevin Roberts,JR,True,False,4.0
Army,SB,RB,label,SAF,OFF,2,David Clerk,SR,False,False,6.0
UCLA,LT,OT,label,,OFF,2,Mack Indestad,SR,True,True,6.0
Kansas,RG,IOL,label,,OFF,2,James Livingston,SR,False,True,9.0
Kansas,RT,OT,label,,OFF,2,Brandon Solis,JR,True,True,10.0
James Madison,LCB,CB,label,CB,DEF,2,Ken Willis,SR,True,True,3.0
James Madison,RCB,CB,label,CB,DEF,2,Jamal Olford,FR,False,True,4.0
James Madison,SS,SAF,label,SAF,DEF,2,Seth Gathers,FR,False,True,4.0
James Madison,FS,SAF,label,SAF,DEF,2,TJ McGill,JR,True,True,5.0
Kansas,WR-X,WR,label,,OFF,2,Jaden Nickens,FR,False,True,4.0
Jacksonville State,WLB,LB,label,LB,DEF,2,Morven Joseph,SR,True,True,3.0
Jacksonville State,MLB,LB,label,LB,DEF,2,Myles Butler,SR,True,False,4.0
Wyoming,WR-X,WR,label,WR,OFF,2,Bricen Brantley,JR,False,True,4.0
Wyoming,WR-Z,WR,label,WR,OFF,2,Justin Popovich,JR,True,True,5.0
Arkansas State,LCB,CB,label,CB,DEF,2,Braden Jackson,JR,False,False,3.0
Arkansas State,RCB,CB,label,CB,DEF,2,Kyle Williams,SO,False,True,4.0
UConn,WR-X,WR,label,WR,OFF,2,Javon Brown,SO,True,True,4.0
Jacksonville State,EDGE,EDGE,label,EDGE,DEF,2,Ian Mitchell,SO,False,False,4.0
Jacksonville State,NT,DT,label,DT,DEF,2,Nii Addy,SO,True,True,3.0
Jacksonville State,DT,DT,label,DT,DEF,2,Andrew Rumph,JR,True,True,4.0
Kansas,WR-Z,WR,label,WR,OFF,2,Keaton Kubecka,JR,False,True,5.0
Kansas,WR-SL,WR,label,WR,OFF,2,Tate Nagy,SO,False,False,6.0
Kansas,LT,OT,label,,OFF,2,Jack Tanner,SO,True,True,6.0
Kansas,LG,IOL,label,,OFF,2,Tavake Tuikolovatu,JR,True,True,7.0
Kansas,C,IOL,label,,OFF,2,Anderson Kopp,FR,False,True,8.0
UCLA,QB,QB,label,QB,OFF,2,Madden Iamaleava,FR,False,True,2.0
UCLA,RB,RB,label,RB,OFF,2,Anthony Woods,SR,True,True,2.0
Army,LT,OT,label,,OFF,2,Xavier Archawski,JR,False,False,6.0
Army,RT,OT,label,,OFF,2,Tyler Lee,SR,False,False,7.0
Army,TE,TE,label,TE,OFF,2,Tex Brannan,JR,False,False,2.0
Army,QB,QB,label,QB,OFF,2,Ethan Washington,SO,False,False,2.0
Army,RB-A,RB,label,RB,OFF,2,Carson Smith,SR,False,False,4.0
Army,RB-B,RB,label,RB,OFF,2,Aden Self,JR,False,False,5.0
Kansas,TE,TE,label,TE,OFF,2,Leyton Cure,SR,True,True,2.0
Kansas,QB,QB,label,QB,OFF,2,Cole Ballard,JR,False,True,2.0
Kansas,RB,RB,label,RB,OFF,2,Yasin Willis,JR,True,False,2.0
Kansas,LDE,EDGE,label,EDGE,DEF,2,David Santiago,JR,True,True,3.0
UCLA,LG,IOL,label,,OFF,2,Sean Na'a,JR,True,True,7.0
UCLA,C,IOL,label,,OFF,2,Sam Yoon,SR,False,True,8.0
UCLA,RG,IOL,label,,OFF,2,Derek Osman,SR,True,True,9.0
UCLA,RT,OT,label,,OFF,2,Michael McDonald,SO,True,False,10.0
UCF,RCB,CB,label,CB,DEF,2,DJ Bell,SR,True,True,4.0
UCF,FS,SAF,label,SAF,DEF,2,Caleb Flagg,SR,True,True,4.0
UCF,SS,SAF,label,SAF,DEF,2,Jayden Williams,SR,True,True,2.0
UCLA,WR-X,WR,label,WR,OFF,2,Aidan Mizell,JR,True,True,4.0
UCLA,WR-Z,WR,label,WR,OFF,2,Brian Rowe Jr.,SO,True,False,5.0
UCLA,WR-SL,WR,label,WR,OFF,2,Semaj Morgan,SR,True,False,6.0
Kansas,RDE,EDGE,label,EDGE,DEF,2,Dakyus Brinkley,SO,False,True,4.0
Jacksonville State,DE,EDGE,label,EDGE,DEF,2,Angel Toombs,JR,True,True,3.0
Auburn,WR-H,WR,label,WR,OFF,2,Bryce Cain,SO,False,True,6.0
Auburn,LT,OT,label,,OFF,2,Tai Buster,FR,False,True,6.0
UCF,LDT,DT,label,LB,DEF,2,Brad Gurley Jr.,SR,True,True,3.0
UCF,RDT,DT,label,DT,DEF,2,Thomas Collins,JR,True,True,4.0
UCF,MLB,LB,label,LB,DEF,2,Jahleel Culbreath,SR,True,True,3.0
Air Force,DE,EDGE,label,EDGE,DEF,2,Antonio Menard,JR,False,False,3.0
Wisconsin,SS,SAF,label,SAF,DEF,2,Grant Dean,SO,False,False,4.0
Wisconsin,FS,SAF,label,SAF,DEF,2,Carson Van Dinter,SO,True,True,5.0
Wisconsin,NB,CB,bio,,DEF,2,Raphael Dunn,SO,False,True,6.0
Wisconsin,LOLB,LB,default,LB,DEF,2,Justus Boone,SR,True,True,2.0
Jacksonville State,RB,RB,label,RB,OFF,2,Andrew Paul,SR,True,True,2.0
Kansas,NT,DT,label,DT,DEF,2,Jibriel Conde,JR,True,True,3.0
Kansas,DT,DT,label,DT,DEF,2,Marcus Calvin,JR,False,True,4.0
Kansas,WLB,LB,label,LB,DEF,2,Jibreel Al-Amin,SR,True,True,3.0
Kansas,MLB,LB,label,LB,DEF,2,Quincy Davis,JR,True,True,4.0
Kansas,LCB,CB,label,CB,DEF,2,Roman Pearson,SR,True,True,3.0
UCF,WR-X,WR,label,WR,OFF,2,Ric'Darious Farmer,SO,True,True,6.0
Kansas,RCB,CB,label,CB,DEF,2,Jahlil Hurley,JR,True,True,4.0
Kansas,SS,SAF,label,SAF,DEF,2,Khijohnn Cummings-Coleman,SO,True,True,4.0
Kansas,FS,SAF,label,SAF,DEF,2,Jaden Harris,SR,True,True,5.0
Kansas,NB,SAF,bio,SAF,DEF,2,Mason Ellis,SR,False,True,6.0
Kansas State,WR-X,WR,label,WR,OFF,2,Adonis Moise,SO,False,False,4.0
Kansas State,WR-Z,WR,label,WR,OFF,2,Derrick Salley Jr.,JR,True,False,5.0
Kansas State,WR-SL,WR,label,WR,OFF,2,Brandon White,SR,True,True,6.0
Jacksonville State,TE,TE,label,TE,OFF,2,Kam Bell,JR,True,True,2.0
Jacksonville State,QB,QB,label,QB,OFF,2,Jack Moran,FR,False,True,2.0
Air Force,FB,RB,label,RB,OFF,2,Gage LaDue,JR,False,False,2.0
Army,NT,DT,label,DT,DEF,2,Sean Donovan,JR,False,False,2.0
Army,WLB,LB,label,LB,DEF,2,Elijah Walton,JR,False,False,3.0
Army,FS,SAF,label,SAF,DEF,2,Christopher Williams,SR,False,False,4.0
Auburn,WR-X,WR,label,WR,OFF,2,Brian Williams Jr.,FR,False,False,4.0
Auburn,WR-Z,WR,label,WR,OFF,2,DeShawn Spencer,FR,False,False,5.0
Kansas State,QB,QB,label,QB,OFF,2,Jacob Knuth,SR,True,True,2.0
Kansas State,RB,RB,label,RB,OFF,2,Rodney Fields Jr.,SO,True,True,2.0
Kansas State,LDE,EDGE,label,EDGE,DEF,2,Jayden Bryant,SO,True,True,3.0
Kansas State,RDE,EDGE,label,EDGE,DEF,2,Elijah Hill,SO,True,False,4.0
Kansas State,LT,OT,label,,OFF,2,Tyler Johnson,JR,True,True,6.0
Kansas State,LG,IOL,label,,OFF,2,Charlie Adams,JR,True,False,7.0
Kansas State,C,IOL,label,,OFF,2,Kyle Rakers,SO,False,True,8.0
Kansas State,RG,IOL,label,,OFF,2,Chase Duarte,SO,True,False,9.0
Kansas State,RT,OT,label,,OFF,2,George Fitzpatrick,SR,True,True,10.0
UCF,WLB,LB,label,LB,DEF,2,Jayden Jennings,SR,True,True,6.0
UCF,LCB,CB,label,CB,DEF,2,Jailen Duffie,JR,True,True,3.0
UCF,TE,TE,label,TE,OFF,2,Grayson Brousseau,SO,True,True,2.0
UCF,QB,QB,label,QB,OFF,2,Keyone Jenkins,SR,True,False,3.0
UCF,RB,RB,label,RB,OFF,2,Duke Watson,JR,True,False,2.0
UCF,LDE,EDGE,label,EDGE,DEF,2,Sincere Edwards,JR,True,False,1.0
UCF,RDE,EDGE,label,EDGE,DEF,2,Isaiah Nixon,JR,False,True,2.0
Kansas State,LCB,CB,label,CB,DEF,2,Josiah Vilmael,FR,False,False,3.0
Jacksonville State,LT,OT,label,,OFF,2,Cam Stancil,JR,True,True,6.0
Jacksonville State,LG,IOL,label,,OFF,2,Hadine Diaby,JR,True,True,7.0
Jacksonville State,C,IOL,label,,OFF,2,Bo Burkes,SR,True,True,8.0
Jacksonville State,RG,IOL,label,,OFF,2,Caleb Holmes,FR,True,True,9.0
Jacksonville State,RT,OT,label,,OFF,2,Amarii Atchison,JR,True,True,10.0
Kansas State,TE,TE,label,TE,OFF,2,Linkon Cure,SO,False,False,2.0
UCF,WR-Z,WR,label,WR,OFF,2,Caleb Rollerson,SO,False,True,5.0
UCF,LT,OT,label,,OFF,2,Justin Royes,JR,True,True,6.0
UCF,RG,IOL,label,,OFF,2,Connor Meadows,SR,True,True,3.0
UCF,RT,OT,label,,OFF,2,Owen Spell,SR,True,False,2.0
Auburn,LG,IOL,label,,OFF,2,Jack Leyrer,SR,True,True,7.0
Auburn,C,IOL,label,,OFF,2,Kail Ellis,SO,False,False,8.0
Auburn,RG,IOL,label,,OFF,2,Jacobe' Ward,FR,False,True,9.0
Auburn,RT,OT,label,,OFF,2,Wilson Zierer,FR,False,False,10.0
UConn,LT,OT,label,,OFF,2,Dominic Rivera,JR,True,True,6.0
Wisconsin,SLB,LB,label,LB,DEF,2,Thomas Heiberger,SO,False,True,6.0
Wisconsin,LCB,CB,label,CB,DEF,2,Jai'mier Scott,FR,False,True,3.0
Wisconsin,RCB,CB,label,CB,DEF,2,Cai Bates,SO,True,True,4.0
Air Force,OLB,EDGE,bio,LB,DEF,2,Jake Kepler,JR,False,False,4.0
Air Force,DT,DT,label,DT,DEF,2,Andrew Tillett,SR,False,False,4.0
Kansas State,NT,DT,label,DT,DEF,2,Austin Ramsey,JR,True,True,3.0
Kansas State,DT,DT,label,DT,DEF,2,De'Arieun Hicks,SO,True,True,4.0
UConn,LG,IOL,label,,OFF,2,Fred Johnson,SO,True,True,7.0
UConn,C,IOL,label,,OFF,2,Deron McLaughlin,SO,False,True,8.0
UConn,RG,IOL,label,,OFF,2,Raphael Greene-Nyarko,FR,True,True,9.0
UConn,RT,OT,label,,OFF,2,Joe McGann,FR,False,True,10.0
Auburn,TE,TE,label,,OFF,2,Jake Johnson,SR,True,True,2.0
UAB,LCB,CB,label,CB,DEF,2,Que Billingsley,JR,True,True,3.0
UAB,RCB,CB,label,CB,DEF,2,Courage Ugochukwu,SR,True,True,4.0
Kansas State,WLB,LB,label,LB,DEF,2,Jacobi Oliphant Jr.,SO,True,True,3.0
Kansas State,MLB,LB,label,LB,DEF,2,Gabe Powers,SR,True,True,4.0
Jacksonville State,WR-X,WR,label,WR,OFF,2,Franklin Baret Jr.,SO,True,True,4.0
Jacksonville State,WR-Z,WR,label,WR,OFF,2,Gabe Glover,SO,False,False,5.0
Jacksonville State,WR-SL,WR,label,WR,OFF,2,Darius Cannon,JR,True,True,6.0
Wisconsin,ROLB,EDGE,bio,,DEF,2,Nicolas Clayton,SO,False,False,2.0
Wisconsin,NT,DT,label,DT,DEF,2,Jacob Anderson,GR,True,False,3.0
Wisconsin,DT,DT,label,DT,DEF,2,Charles Perkins,SR,True,True,4.0
UAB,SS,SAF,label,SAF,DEF,2,Diezel Wilkinson,JR,True,False,4.0
UAB,FS,SAF,label,SAF,DEF,2,Jaylen Thompson,SO,True,True,5.0
UCF,WR-SL,WR,label,WR,OFF,2,Josh Derry,SR,True,False,1.0
UAB,NT,DT,label,DT,DEF,2,Raymond Macias,SO,True,True,3.0
UAB,DT,DT,label,DT,DEF,2,Kyle Mosley,SO,False,True,4.0
UAB,WLB,LB,label,LB,DEF,2,Colby Archie,JR,True,False,3.0
UAB,MLB,LB,label,LB,DEF,2,Braden Sullivan,SR,True,False,4.0
Arkansas State,DE,EDGE,label,EDGE,DEF,2,Sultan Badmus,JR,True,False,3.0
Wisconsin,WLB,LB,label,LB,DEF,2,Aaron Witt,GR,False,False,4.0
Wisconsin,MLB,LB,label,LB,DEF,2,Taylor Schaefer,JR,True,False,5.0
UAB,RT,OT,label,,OFF,2,Ryan Gunter,SR,False,True,10.0
UAB,TE,TE,label,TE,OFF,2,Sean Persson,SO,True,True,2.0
Iowa State,FS,SAF,label,SAF,DEF,2,Duhron Goodman,SR,True,True,5.0
Iowa State,NB,SAF,bio,SAF,DEF,2,Malcolm Jones,SR,True,True,6.0
Kennesaw State,WR-Z,WR,label,WR,OFF,2,Navelle Dean,JR,False,True,5.0
Kennesaw State,WR-SL,WR,label,WR,OFF,2,Zion Booker,SR,True,False,6.0
Kennesaw State,LT,OT,label,,OFF,2,ZaMario Woodgett,FR,False,True,6.0
Kennesaw State,LG,IOL,label,,OFF,2,Darius Neals,SO,True,True,7.0
Kennesaw State,C,IOL,label,,OFF,2,Chase Stevens,SO,True,True,8.0
Kennesaw State,RG,IOL,label,,OFF,2,Luke Duska,SR,True,True,9.0
Kennesaw State,RT,OT,label,,OFF,2,Jamiel Williams,FR,False,True,10.0
Kansas State,RCB,CB,label,CB,DEF,2,Kaleb Patterson,SR,True,True,4.0
Kansas State,SS,SAF,label,SAF,DEF,2,Adrian Maddox,SR,True,True,4.0
Kansas State,FS,SAF,label,SAF,DEF,2,Micheal Graham Jr.,JR,True,False,5.0
Kansas State,NB,SAF,bio,SAF,DEF,2,Jack Fabris,JR,False,True,6.0
Kennesaw State,WR-X,WR,label,WR,OFF,2,Dylan Gary,SR,True,True,4.0
Kennesaw State,MLB,LB,label,LB,DEF,2,Alfred Thomas,JR,True,False,4.0
Kennesaw State,TE,TE,label,TE,OFF,2,Reed Jesiolowski,JR,True,False,2.0
Kennesaw State,QB,QB,label,QB,OFF,2,Landon Varnes,SO,True,False,2.0
Kennesaw State,RB,RB,label,RB,OFF,2,Triston Morgan,SR,True,False,2.0
Iowa State,LCB,CB,label,CB,DEF,2,Beni Ngoyi,JR,False,True,3.0
Iowa State,RCB,CB,label,CB,DEF,2,Seth Johnson,SO,True,True,4.0
Iowa State,SS,SAF,label,SAF,DEF,2,Damarius Russell,FR,True,True,4.0
Arkansas State,JACK,EDGE,bio,EDGE,DEF,2,TJ Grant,JR,True,False,4.0
Arkansas State,NT,DT,label,DT,DEF,2,Tyeland Coleman,JR,True,True,3.0
Arkansas State,DT,DT,label,DT,DEF,2,Ryan Reese,SO,False,False,4.0
UConn,TE,TE,label,TE,OFF,2,Alex Godavitarne,SR,True,True,2.0
UConn,QB,QB,label,QB,OFF,2,Kalieb Osborne,SO,True,True,2.0
UConn,RB,RB,label,RB,OFF,2,Dashun Reeder,SO,True,True,2.0
Auburn,QB,QB,label,QB,OFF,2,Tristan Ti'a,FR,True,True,2.0
Auburn,RB,RB,label,RB,OFF,2,Omar Mabson II,SO,False,False,2.0
Auburn,DE,EDGE,label,EDGE,DEF,2,Nate Johnson,SR,True,False,2.0
Kennesaw State,DE,EDGE,label,EDGE,DEF,2,Ugonna Nwoha,SR,False,True,3.0
Kennesaw State,RUSH,EDGE,default,,DEF,2,Corey Kelly,JR,True,True,4.0
Kennesaw State,NT,DT,label,DT,DEF,2,Jaiden Crawford,SR,True,False,3.0
UAB,QB,QB,label,QB,OFF,2,Adrian Posse,SO,False,True,2.0
UAB,RB,RB,label,RB,OFF,2,Bam McReynolds,SR,True,True,2.0
UAB,LDE,EDGE,label,EDGE,DEF,2,Chris Burge,SO,False,True,3.0
UAB,RDE,EDGE,label,EDGE,DEF,2,Marlin Dean,GR,True,False,4.0
UAB,WR-X,WR,label,WR,OFF,2,EJ Reid,SO,True,True,4.0
UAB,WR-Z,WR,label,WR,OFF,2,Jaylen Elder,SO,False,False,5.0
UAB,WR-SL,WR,label,WR,OFF,2,KJ Daniels,SO,True,True,6.0
UAB,LT,OT,label,,OFF,2,Keyon Cox,JR,True,True,6.0
UAB,LG,IOL,label,,OFF,2,Nelson Ramirez,JR,True,True,7.0
UAB,C,IOL,label,,OFF,2,Jaden Ligon,SO,False,True,8.0
UAB,RG,IOL,label,,OFF,2,Cooper Young,JR,True,True,9.0
Kennesaw State,DT,DT,label,DT,DEF,2,Devin Morgan,SR,True,True,4.0
Kennesaw State,WLB,LB,label,LB,DEF,2,Josh Anglin,JR,True,False,3.0
Tulsa,FS,SAF,label,SAF,DEF,2,Tyson Williams,SR,True,False,6.0
Air Force,NT,DT,label,DT,DEF,2,Lukia Rawls Jr.,SR,False,False,3.0
Air Force,MLB,LB,label,LB,DEF,2,Vinnie Canosa,JR,False,False,4.0
Wisconsin,RT,OT,label,,OFF,2,Barrett Nelson,SR,False,True,10.0
Wisconsin,TE,TE,label,TE,OFF,2,Grant Stec,SO,False,True,2.0
Wisconsin,QB,QB,label,QB,OFF,2,Deuce Adams,SO,True,True,2.0
Wisconsin,RB,RB,label,RB,OFF,2,Darrion Dupree,JR,False,False,2.0
Iowa State,DT,DT,label,DT,DEF,2,Max Baloun,SR,True,True,4.0
Iowa State,WLB,LB,label,LB,DEF,2,Willie Breland III,JR,True,False,4.0
Iowa State,MLB,LB,label,LB,DEF,2,Tristan Exline,SR,True,False,5.0
Iowa State,SLB,LB,label,SAF,DEF,2,Beau Goodwin,JR,False,False,6.0
Kennesaw State,LCB,CB,label,CB,DEF,2,Ethan Tookes,JR,True,True,3.0
Kennesaw State,RCB,CB,label,CB,DEF,2,Kaleb Gray,JR,True,True,4.0
Kennesaw State,SS,SAF,label,SAF,DEF,2,Perry Fisher,SR,True,True,4.0
Kennesaw State,FS,SAF,label,SAF,DEF,2,Cam Miller,SR,True,True,5.0
Kennesaw State,NB,CB,default,,DEF,2,Tony Williams Jr.,FR,True,True,6.0
Kent State,WR-SL,WR,label,WR,OFF,2,Jared Kelley,JR,False,True,6.0
Kent State,WR-X,WR,label,WR,OFF,2,Maurice Stephens,FR,False,True,4.0
Kent State,WR-Z,WR,label,WR,OFF,2,Jay Jay Etheridge,JR,False,False,5.0
Kent State,C,IOL,label,,OFF,2,Max Gembus,FR,False,True,8.0
Kent State,LG,IOL,label,,OFF,2,Boston Crowell,FR,False,True,7.0
Kent State,LT,OT,label,,OFF,2,Cecil Wilson,JR,False,True,6.0
Iowa State,NT,DT,label,,DEF,2,Jareb Ramos,SR,True,True,3.0
UConn,LDE,EDGE,label,SAF,DEF,2,Anas Luqman,SR,True,True,3.0
UConn,RDE,EDGE,label,EDGE,DEF,2,Matt Hoffman,SR,False,True,4.0
UConn,LDT,DT,label,EDGE,DEF,2,Tahjae Mullix,SR,True,True,3.0
UConn,RDT,DT,label,DT,DEF,2,Andrew Laurich,JR,True,True,4.0
Arkansas State,RB,RB,label,RB,OFF,2,Devin Spencer,JR,False,False,2.0
Tulsa,LCB,CB,label,CB,DEF,2,NuNu Campbell,SR,False,True,3.0
Tulsa,RCB,CB,label,CB,DEF,2,JD Drew,SR,True,True,4.0
Tulsa,STAR,SAF,bio,,DEF,2,Zane Woodham,SR,True,True,4.0
Tulsa,SS,SAF,label,SAF,DEF,2,Ashton Williams,JR,False,False,5.0
Tulsa,DT,DT,label,DT,DEF,2,Arias Nash,SR,True,True,4.0
Wisconsin,WR-X,WR,label,WR,OFF,2,Jaylon Domingeaux,SR,True,False,4.0
Wisconsin,WR-Z,WR,label,WR,OFF,2,Shamar Rigby,JR,True,False,5.0
Wisconsin,WR-SL,WR,label,WR,OFF,2,Zion Kearney,JR,True,False,6.0
Wisconsin,LT,OT,label,,OFF,2,Lucas Simmons-Johansson,JR,True,True,6.0
Wisconsin,LG,IOL,label,,OFF,2,Blake Cherry,SO,True,False,7.0
Wisconsin,C,IOL,label,,OFF,2,Ryan Cory,SO,False,True,8.0
Wisconsin,RG,IOL,label,,OFF,2,Nolan Davenport,FR,False,True,9.0
Air Force,WLB,LB,label,LB,DEF,2,Luke Fisher,SR,False,False,3.0
Iowa State,LDE,EDGE,label,EDGE,DEF,2,Malaki Ta'ase,JR,True,False,3.0
Iowa State,RDE,EDGE,label,EDGE,DEF,2,Jack Janikowski,JR,True,True,4.0
Kent State,RG,IOL,label,,OFF,2,Mason Imbt,SR,True,True,9.0
Kent State,RT,OT,label,,OFF,2,Hudson Chasko,SR,True,True,10.0
Kent State,TE,TE,label,TE,OFF,2,Terik Mulder,SR,True,True,2.0
Kent State,QB,QB,label,QB,OFF,2,Nolan Good,FR,False,True,2.0
Kent State,RB,RB,label,RB,OFF,2,Jakorion Caffey,SO,True,True,2.0
Kent State,FS,SAF,label,SAF,DEF,2,Norey Johnson,SR,True,True,5.0
Kent State,SS,SAF,label,SAF,DEF,2,Clinton Robinson,SO,False,True,4.0
Kent State,LDE,EDGE,label,EDGE,DEF,2,Mohammed Hazime,SR,False,True,3.0
Kent State,RDE,EDGE,label,EDGE,DEF,2,Garrett Dial,SO,False,True,4.0
Kent State,LDT,DT,label,LB,DEF,2,Camdon Wilborn,SO,True,True,3.0
Kent State,RDT,DT,label,DT,DEF,2,Josue Cordoba,SO,False,True,4.0
Kent State,MLB,LB,label,LB,DEF,2,Nate Gregory,FR,True,True,5.0
Kent State,SLB,LB,label,SAF,DEF,2,Trey Rubinstein,SO,False,False,6.0
Iowa State,RB,RB,label,RB,OFF,2,Aiden Flora,SO,False,True,2.0
Auburn,NT,DT,label,DT,DEF,2,Jourdin Crawford,SO,False,False,3.0
Auburn,DT,DT,label,DT,DEF,2,Malik Autry,SO,False,False,4.0
Auburn,WLB,LB,label,LB,DEF,2,De'marcus Riddick,JR,False,False,3.0
Auburn,MLB,LB,label,LB,DEF,2,Bryce Deas,SO,False,False,4.0
Tulsa,LDE,EDGE,label,EDGE,DEF,2,Jayden Madkins,SR,True,True,3.0
Tulsa,RDE,EDGE,label,EDGE,DEF,2,Hudson Ball,SO,False,False,4.0
Tulsa,NT,DT,label,DT,DEF,2,Tyler Rich,JR,False,True,3.0
Western Michigan,FS,SAF,label,SAF,DEF,2,Daeh McCullough,JR,True,True,5.0
Western Michigan,NB,CB,bio,CB,DEF,2,Amarian Louis,JR,True,True,6.0
Iowa State,TE,TE,label,TE,OFF,2,Christian Greenlaw,JR,True,True,2.0
Iowa State,QB,QB,label,QB,OFF,2,Zane Flores,SO,True,True,2.0
Kent State,WLB,LB,label,LB,DEF,2,Sayed Abuhamdeh,JR,False,True,4.0
Kent State,LCB,CB,label,CB,DEF,2,Lennox Lemon,FR,False,False,3.0
Tulsa,WLB,LB,label,LB,DEF,2,C.J. Turner,JR,False,True,3.0
Tulsa,MLB,LB,label,LB,DEF,2,Chris Thompson Jr.,GR,True,False,4.0
Auburn,LCB,CB,label,CB,DEF,2,Gavin Jenkins,FR,True,True,3.0
Auburn,RCB,CB,label,CB,DEF,2,Blake Woodby,SO,False,False,4.0
Tulsa,C,IOL,label,,OFF,2,Will Morris,JR,False,True,8.0
Tulsa,RG,IOL,label,,OFF,2,Alan Pond,JR,True,False,9.0
Tulsa,RT,OT,label,,OFF,2,Davis Dotson,SR,True,True,10.0
Tulsa,TE,TE,label,TE,OFF,2,Grant McAtee,JR,True,False,2.0
Tulsa,QB,QB,label,QB,OFF,2,Dexter Williams II,GR,True,False,2.0
Kent State,RCB,CB,label,CB,DEF,2,Angelo Stockstill,JR,True,True,4.0
Auburn,SS,SAF,label,SAF,DEF,2,Jacoby Mathews,SR,True,True,4.0
Auburn,FS,SAF,label,SAF,DEF,2,Champ Anthony,SR,True,True,5.0
UL Monroe,WR-X,WR,label,WR,OFF,2,Brandon Buckhaulter,GR,False,False,4.0
UL Monroe,WR-SL,WR,label,WR,OFF,2,Jaiden Tucker,FR,False,False,5.0
Kentucky,WR-X,WR,label,WR,OFF,2,Hardley Gilmore IV,JR,True,False,4.0
Kentucky,WR-Z,WR,label,WR,OFF,2,Ja'Kayden Ferguson,SO,True,False,5.0
Kentucky,WR-F,WR,label,WR,OFF,2,Denairius Gray,FR,False,False,6.0
Kentucky,LT,OT,label,,OFF,2,Mark Robinson,JR,True,False,6.0
Kentucky,LG,IOL,label,,OFF,2,Aba Selm,SO,False,True,7.0
Kentucky,C,IOL,label,,OFF,2,Hayes Johnson,SO,False,True,8.0
Air Force,LCB,CB,label,,DEF,2,Ehimen Oyamendan,SO,False,False,3.0
Air Force,RCB,CB,label,,DEF,2,Jaris McIntosh,SR,False,False,4.0
Air Force,FS,SAF,label,,DEF,2,Cade Paterson,SO,False,False,4.0
Western Michigan,LCB,CB,label,CB,DEF,2,Cam'ron Barber,SO,True,False,3.0
Western Michigan,RCB,CB,label,CB,DEF,2,Willard Ferrell,SR,True,False,4.0
Western Michigan,SS,SAF,label,SAF,DEF,2,Tahj Owens,GR,True,False,4.0
Ball State,WR-X,WR,label,WR,OFF,2,Corey Thompson Jr.,JR,True,True,4.0
Kentucky,DE,EDGE,label,EDGE,DEF,2,Brian Robinson,SO,False,True,3.0
Kentucky,JACK,EDGE,default,,DEF,2,Lorenzo Cowan,SO,True,True,4.0
Kentucky,NT,DT,label,DT,DEF,2,Kalen Edwards,SO,False,False,3.0
Kentucky,DT,DT,label,DT,DEF,2,Ahmad Breaux,JR,True,False,4.0
Kentucky,RG,IOL,label,,OFF,2,Jay Clark,FR,False,True,9.0
Kentucky,RT,OT,label,,OFF,2,Max Anderson,SO,True,True,10.0
Kentucky,TE,TE,label,TE,OFF,2,Henry Boyer,SR,True,True,2.0
Kentucky,QB,QB,label,QB,OFF,2,JacQai Long,SO,True,True,2.0
Tulsa,RB,RB,label,RB,OFF,2,Seth Davis,JR,True,True,2.0
Tulane,SPEAR,SAF,bio,SAF,DEF,2,Michael Igbinoghene,FR,False,True,2.0
Tulsa,WR-X,WR,label,WR,OFF,2,Donnell Gee Jr.,SO,False,False,4.0
Tulsa,WR-Z,WR,label,,OFF,2,Josh Smith,SO,False,True,5.0
Tulsa,WR-SL,WR,label,WR,OFF,2,Oran Singleton Jr.,SR,True,True,6.0
Tulsa,LT,OT,label,,OFF,2,Colten Christian,SO,False,True,6.0
Tulsa,LG,IOL,label,,OFF,2,Ross Johnston,JR,True,False,7.0
Iowa State,WR-Z,WR,label,WR,OFF,2,Jordyn Bailey,JR,True,True,5.0
Iowa State,WR-H,WR,label,WR,OFF,2,Omari Hayes,SR,True,True,6.0
Iowa State,LT,OT,label,,OFF,2,Austin Barrett,JR,True,True,6.0
Iowa State,LG,IOL,label,,OFF,2,DeAndre Carter,SO,True,True,7.0
Iowa State,C,IOL,label,IOL,OFF,2,Gavin Broscious,JR,True,True,8.0
Iowa State,RG,IOL,label,,OFF,2,Cade Myer,SR,True,True,9.0
Iowa State,RT,OT,label,,OFF,2,Maasai King,JR,True,True,10.0
Kentucky,RB,RB,label,RB,OFF,2,Jovantae Barnes,SR,True,True,2.0
UL Monroe,LG,IOL,label,,OFF,2,Kaliem Croswell,SR,False,False,6.0
UConn,WLB,LB,label,LB,DEF,2,Zakaih Saez,JR,True,True,3.0
UConn,MLB,LB,label,LB,DEF,2,Luke Murphy,SR,True,True,4.0
UConn,LCB,CB,label,CB,DEF,2,Kylish Hicks,SR,False,True,3.0
UConn,RCB,CB,label,CB,DEF,2,Renick Dorilas,FR,True,True,4.0
UConn,SS,SAF,label,,DEF,2,Jayden Price,FR,True,True,4.0
Auburn,NB,CB,default,,DEF,2,AnQuon Fegans,SO,False,False,6.0
Auburn,BUCK,EDGE,default,,DEF,2,Chris Murray,SR,True,True,2.0
Tulane,DE,EDGE,label,EDGE,DEF,2,Reshad Sterling,FR,True,True,2.0
Tulane,NT,DT,label,DT,DEF,2,Armondous Cooley,SR,True,True,3.0
Tulane,DT,DT,label,DT,DEF,2,Geordan Guidry,SO,False,True,4.0
Tulane,WLB,LB,label,LB,DEF,2,Dalton Hughes,SR,True,True,3.0
Liberty,WR-SL,WR,label,WR,OFF,2,Darius Copeland,JR,False,True,6.0
Iowa,MLB,LB,label,LB,DEF,2,Cam Buffington,SO,False,True,4.0
Iowa,LCB,CB,label,CB,DEF,2,Rashad Godfrey Jr.,SO,False,True,3.0
Iowa,RCB,CB,label,CB,DEF,2,Jacob Wallace,FR,False,True,4.0
Iowa,SS,SAF,label,SAF,DEF,2,Ty Hudkins,SO,True,True,3.0
Iowa,FS,SAF,label,SAF,DEF,2,Xavier Styles,SO,True,True,4.0
Iowa,CASH,CB,default,,DEF,2,Preston Ries,SO,False,True,2.0
Kentucky,WLB,LB,label,LB,DEF,2,Antwan Smith,JR,False,False,3.0
Kentucky,MLB,LB,label,LB,DEF,2,Tavion Wallace,SO,True,False,4.0
Kentucky,LCB,CB,label,CB,DEF,2,Grant Grayton,SO,False,False,3.0
Kentucky,RCB,CB,label,CB,DEF,2,Nasir Addison,SR,False,False,4.0
Iowa State,WR-X,WR,label,WR,OFF,2,Carter Pabst,SO,True,False,4.0
Tulane,QB,QB,label,QB,OFF,2,Zeon Chriss-Gremillion,SR,True,True,2.0
Liberty,C,IOL,label,,OFF,2,Gabe Smith,FR,False,True,7.0
Liberty,RG,IOL,label,,OFF,2,Val Erickson,SR,True,True,8.0
Liberty,RT,OT,label,,OFF,2,Austin Anderson,SR,False,True,9.0
Liberty,TE,TE,label,TE,OFF,2,LaKelsey Johnson Jr.,SR,True,True,2.0
Liberty,QB,QB,label,QB,OFF,2,Deshawn Purdie,SO,True,True,2.0
Kentucky,SS,SAF,label,SAF,DEF,2,Cyrus Reyes,JR,True,False,4.0
Kentucky,FS,SAF,label,SAF,DEF,2,Jesse Anderson III,JR,True,True,5.0
Kentucky,NB,CB,bio,,DEF,2,Jaden Smith,SO,False,True,6.0
Liberty,WR-X,WR,label,WR,OFF,2,Jon Monteiro,SO,False,True,4.0
Liberty,WR-Z,WR,label,WR,OFF,2,Refeno Vangates,SR,True,True,5.0
Tulane,LCB,CB,label,CB,DEF,2,Justin Agu,GR,True,False,3.0
Tulane,RCB,CB,label,CB,DEF,2,TJ Smith,SR,True,True,4.0
Tulane,SS,SAF,label,SAF,DEF,2,Dorion Jackson,JR,True,True,3.0
Tulane,FS,SAF,label,SAF,DEF,2,Joshua Moore,JR,False,True,4.0
Tulane,BANDIT,EDGE,default,LB,DEF,2,Jordan McAllister,JR,True,True,2.0
Western Michigan,MLB,LB,label,LB,DEF,2,Brenden Anes,SO,True,False,4.0
Air Force,SS,SAF,label,SAF,DEF,2,Roger Jones Jr.,JR,False,False,3.0
Air Force,SPUR,CB,default,,DEF,2,Jayden Malbranche,SO,False,False,2.0
Iowa,RDE,EDGE,label,EDGE,DEF,2,Kahmari Brown,JR,True,False,4.0
Iowa,LDT,DT,label,LB,DEF,2,Will Hubert,SR,False,True,3.0
Iowa,RDT,DT,label,DT,DEF,2,Emmanuel Olagbaju,JR,True,True,4.0
Iowa,WLB,LB,label,LB,DEF,2,Derek Weisskopf,SO,False,True,3.0
Liberty,LT,OT,label,,OFF,2,Jude Foster,SO,True,True,6.0
Tulane,MLB,LB,label,LB,DEF,2,Makai Williams,SR,False,False,4.0
Ball State,WR-Z,WR,label,WR,OFF,2,Isaiah Thacker,JR,False,True,5.0
Ball State,WR-SL,WR,label,WR,OFF,2,CJ Nelson,SR,True,True,6.0
Ball State,LT,OT,label,,OFF,2,Brady Barrowman,FR,False,True,6.0
Ball State,C,IOL,label,,OFF,2,Jackson Ruess,JR,False,True,7.0
Tulane,RG,IOL,label,,OFF,2,Robbie Pizzolato,SR,True,True,9.0
Tulane,RT,OT,label,,OFF,2,Darion Reed,JR,False,True,10.0
Tulane,TE,TE,label,TE,OFF,2,Ty Thompson,SR,True,True,2.0
Iowa,LDE,EDGE,label,EDGE,DEF,2,Joseph Anderson,SO,False,True,3.0
Western Michigan,LDE,EDGE,label,EDGE,DEF,2,Austin Alexander,SO,True,False,3.0
Western Michigan,RDE,EDGE,label,EDGE,DEF,2,KJ Burley,SO,True,True,4.0
Western Michigan,LDT,DT,label,EDGE,DEF,2,August Johanningsmeier,SR,False,True,3.0
Western Michigan,RDT,DT,label,,DEF,2,Dalton Gustwiller,JR,False,True,4.0
Tulane,RB,RB,label,RB,OFF,2,Jamauri McClure,SO,False,True,2.0
Tulane,WR-X,WR,label,WR,OFF,2,Bredell Richardson,SO,True,True,4.0
Tulane,WR-Z,WR,label,WR,OFF,2,Gabe Daniels,SO,True,False,5.0
Tulane,WR-H,WR,label,WR,OFF,2,Garrett Mmahat,SR,False,True,6.0
Tulane,LT,OT,label,,OFF,2,Tristen Fortenberry,SO,False,True,6.0
Tulane,LG,IOL,label,,OFF,2,Mitch Hodnett,SO,True,True,7.0
Tulane,C,IOL,label,,OFF,2,Gavin Marks,SO,True,False,8.0
Ball State,RG,IOL,label,,OFF,2,Grant Haworth,SO,False,True,8.0
Arkansas State,RG,IOL,label,,OFF,2,Landry Cannon,JR,True,True,9.0
Arkansas State,RT,OT,label,,OFF,2,Tanner Welch,JR,True,True,10.0
Western Michigan,WLB,LB,label,LB,DEF,2,Gabe Welch,JR,True,True,3.0
Ball State,RB,RB,label,RB,OFF,2,Jalen Bonds,FR,False,True,2.0
Liberty,LCB,CB,label,CB,DEF,2,Ashton McShane,SO,True,True,3.0
Liberty,RCB,CB,label,CB,DEF,2,Prince Cottonham,JR,True,False,4.0
Iowa,LT,OT,label,,OFF,2,Will Nolan,SO,False,True,6.0
Iowa,LG,IOL,label,,OFF,2,Cael Winter,JR,False,True,7.0
Iowa,C,IOL,label,,OFF,2,Michael Myslinski,GR,False,False,8.0
Iowa,RG,IOL,label,,OFF,2,Lucas Allgeyer,FR,False,True,9.0
Iowa,RT,OT,label,,OFF,2,Cannon Leonard,JR,False,True,10.0
Iowa,TE,TE,label,TE,OFF,2,Addison Ostrenga,SR,False,True,2.0
Iowa,QB,QB,label,QB,OFF,2,Hank Brown,JR,True,True,2.0
Liberty,RB-A,RB,label,RB,OFF,2,Peyton Jones,JR,True,True,3.0
Liberty,RB-B,RB,label,RB,OFF,2,Kam Davis,SO,True,True,4.0
Liberty,DE,EDGE,label,EDGE,DEF,2,Samuel Cohen,SO,False,False,2.0
Liberty,NT,DT,label,DT,DEF,2,Joe Strickland,SR,True,True,3.0
Liberty,DT,DT,label,DT,DEF,2,Nathan Pirolli,JR,False,True,4.0
Iowa,RB,RB,label,RB,OFF,2,Lendon Phillips Jr.,JR,True,True,2.0
Troy,WLB,LB,label,LB,DEF,2,Keyshawn Campbell,JR,False,True,5.0
Liberty,SS,SAF,label,SAF,DEF,2,Ashton Whitner,SR,True,True,4.0
Liberty,FS,SAF,label,SAF,DEF,2,Jeremiah Vessel,JR,True,True,5.0
Liberty,NB,CB,bio,CB,DEF,2,Izaiah Guy,SR,True,True,6.0
Liberty,JOKER,EDGE,default,,DEF,2,Ethan Crisp,JR,True,True,2.0
Louisiana,WR-H,WR,label,WR,OFF,2,Trenton Chaney,FR,False,True,6.0
Louisiana,WR-X,WR,label,WR,OFF,2,KeDarius Wade,JR,False,True,4.0
Liberty,WLB,LB,label,LB,DEF,2,Micah Pollard,SR,True,True,3.0
Liberty,MLB,LB,label,LB,DEF,2,Deuce Spurlock,SR,True,True,4.0
Arkansas State,TE,TE,label,TE,OFF,2,Tyler Little,JR,False,True,2.0
Arkansas State,QB,QB,label,QB,OFF,2,Ethan Crawford,SR,True,False,2.0
UConn,FS,SAF,label,SAF,DEF,2,Steve Miller,FR,True,True,5.0
UConn,NB,CB,bio,CB,DEF,2,Tyler McKinstry,JR,True,False,6.0
Ball State,RT,OT,label,,OFF,2,Luke Dalton,SR,True,True,9.0
Ball State,TE,TE,label,TE,OFF,2,Sean Ward,SR,True,True,2.0
Ball State,QB,QB,label,QB,OFF,2,Keldric Luster,JR,True,True,2.0
Louisiana,WR-Z,WR,label,WR,OFF,2,Rahji Dennis,SO,False,True,5.0
Louisiana,C,IOL,label,,OFF,2,Jackson Hammond,SO,False,True,12.0
Louisiana,LG,IOL,label,,OFF,2,Jakoby Isom,SO,False,False,7.0
Louisiana,LT,OT,label,,OFF,2,Baylynn Williams,FR,False,True,11.0
Louisiana,RG,IOL,label,,OFF,2,Jayden McAllister,FR,False,True,9.0
Louisiana,RT,OT,label,,OFF,2,George Jackson,SR,False,True,5.0
Troy,LCB,CB,label,CB,DEF,2,Shemar Welch,SO,False,True,2.0
Troy,RCB,CB,label,CB,DEF,2,Jonathan Pennix,JR,True,True,5.0
Troy,FS,SAF,label,SAF,DEF,2,Knai Cook,JR,True,False,3.0
Troy,SS,SAF,label,SAF,DEF,2,Jon Bocchino,FR,False,True,5.0
Troy,BANDIT,EDGE,default,LB,DEF,2,Lonnie Smith,JR,True,False,2.0
Troy,SPEAR,SAF,bio,SAF,DEF,2,Doug Nelson,JR,True,False,1.0
Troy,DE,EDGE,label,EDGE,DEF,2,Makel Green,FR,False,True,2.0
Troy,DT,DT,label,DT,DEF,2,Ty Clemons,SR,True,True,1.0
Troy,NT,DT,label,DT,DEF,2,Miquon Merriweather,SR,True,False,5.0
Troy,MLB,LB,label,LB,DEF,2,Bryce Steele,SR,True,True,2.0
Ball State,RUSH,EDGE,bio,,DEF,2,Layton Starks,SO,False,True,4.0
Ball State,NT,DT,label,DT,DEF,2,Khristian Zachary,SR,True,True,3.0
Ball State,DT,DT,label,DT,DEF,2,Ka'Shawn Thomas,JR,True,True,4.0
Western Michigan,C,IOL,label,,OFF,2,Liam Vaughan,FR,False,True,8.0
Western Michigan,RG,IOL,label,,OFF,2,Ben Roebuck,SO,True,True,9.0
Western Michigan,RT,OT,label,,OFF,2,Jacob Bailey,FR,True,True,10.0
Western Michigan,TE,TE,label,TE,OFF,2,Nate Levicki,SR,True,True,2.0
Western Michigan,QB,QB,label,QB,OFF,2,Trey Petty,SO,True,True,2.0
Louisiana,TE,TE,label,TE,OFF,2,Brock Chappell,SR,True,False,2.0
Louisiana,QB,QB,label,QB,OFF,2,Daniel Beale,SO,False,True,2.0
Louisiana,RB,RB,label,RB,OFF,2,Steven Blanco,SO,False,True,1.0
Indiana,SS,SAF,label,SAF,DEF,2,Seaonta Stewart Jr.,FR,False,True,4.0
Indiana,STUD,EDGE,default,,DEF,2,Kellan Wyatt,SR,False,False,
Iowa,WR-X,WR,label,WR,OFF,2,Dayton Howard,JR,False,True,4.0
Iowa,WR-Z,WR,label,WR,OFF,2,Jarriett Buie,JR,False,True,5.0
Iowa,WR-SL,WR,label,WR,OFF,2,KJ Parker,SO,False,True,6.0
Louisiana,DE,EDGE,label,EDGE,DEF,2,Lance Williams,JR,False,True,3.0
Louisiana,JACK,EDGE,default,LB,DEF,2,Princeton Malbrue,SR,True,True,4.0
Louisiana,DT,DT,label,DT,DEF,2,Ashton Wright,SO,False,True,5.0
Louisiana,NT,DT,label,DT,DEF,2,Chase Edwards,JR,False,True,4.0
Louisiana,MLB,LB,label,LB,DEF,2,Micah Johnson,JR,False,True,4.0
Akron,WR-X,WR,label,WR,OFF,2,Miles Burris,JR,True,False,4.0
Akron,WR-Z,WR,label,WR,OFF,2,Titus Myers,JR,True,False,5.0
Akron,WR-SL,WR,label,WR,OFF,2,Jean Louis III,JR,False,True,6.0
Troy,C,IOL,label,,OFF,2,Tyler Bell,JR,False,True,8.0
Troy,LT,OT,label,,OFF,2,Darion Rivers,JR,True,True,1.0
Troy,RG,IOL,label,,OFF,2,Luke Petit,SR,True,True,4.0
Troy,RT,OT,label,,OFF,2,Jordon Jones,SR,True,True,5.0
Troy,TE,TE,label,TE,OFF,2,Fabian Rogosch,SR,False,True,2.0
Troy,QB,QB,label,QB,OFF,2,Tucker Kilcrease,SR,False,True,2.0
Troy,RB,RB,label,RB,OFF,2,Dennis Palmer,SO,True,True,5.0
Ball State,DE,EDGE,label,EDGE,DEF,2,Maverick Gracio,JR,True,True,3.0
Louisiana,LCB,CB,label,CB,DEF,2,Curley Reed III,JR,True,True,3.0
Louisiana,RCB,CB,label,CB,DEF,2,Jeremiah Moses,JR,False,True,4.0
Louisiana,FS,SAF,label,SAF,DEF,2,Kody Jackson,JR,False,True,2.0
Louisiana,SS,SAF,label,SAF,DEF,2,Collin Jacob,SR,False,True,1.0
Indiana,LCB,CB,label,CB,DEF,2,Ryland Gandy,SR,True,True,3.0
Indiana,RCB,CB,label,CB,DEF,2,Jaylen Bell,SO,False,False,4.0
Indiana,FS,SAF,label,SAF,DEF,2,Garrett Reese,FR,False,True,5.0
Indiana,NB,CB,bio,,DEF,2,Quan Sanks,JR,True,False,6.0
Toledo,SS,SAF,label,SAF,DEF,2,Armorion Smith,SR,True,True,4.0
Toledo,FS,SAF,label,SAF,DEF,2,Dylan Hohler,JR,False,True,5.0
Toledo,NB,SAF,bio,SAF,DEF,2,Mo Conteh,SR,True,True,6.0
Troy,WR-X,WR,label,WR,OFF,2,Noreel White,SO,True,True,1.0
Troy,WR-Z,WR,label,WR,OFF,2,Howard Kinchen,SR,True,False,2.0
UL Monroe,QB,QB,label,QB,OFF,2,Bryson Kimbrough,SO,False,False,2.0
UL Monroe,WLB,LB,label,LB,DEF,2,Marcus Ross,GR,False,False,3.0
Arkansas State,WR-X,WR,label,WR,OFF,2,Romel Stevens,FR,False,True,4.0
Ball State,LCB,CB,label,CB,DEF,2,Jordan Suggs,SO,False,True,3.0
Ball State,RCB,CB,label,CB,DEF,2,Cedric Franklin II,SO,True,True,4.0
Toledo,WLB,LB,label,LB,DEF,2,Kari Jackson,SO,True,True,3.0
Toledo,MLB,LB,label,LB,DEF,2,Julian Fox,JR,True,True,4.0
Louisiana Tech,RB,RB,label,RB,OFF,2,Dylone Brooks,FR,False,True,2.0
Indiana,DT,DT,label,DT,DEF,2,Joe Hjelle,SR,True,True,4.0
Indiana,NT,DT,label,DT,DEF,2,Jhrevious Hall,FR,False,True,3.0
Indiana,MLB,LB,label,LB,DEF,2,Kaiden Turner,SR,False,True,4.0
Indiana,WLB,LB,label,LB,DEF,2,Jeff Utzinger,SR,False,True,3.0
Louisiana Tech,WR-X,WR,label,WR,OFF,2,Luke Watkins,SO,False,False,4.0
Louisiana Tech,WR-Z,WR,label,,OFF,2,Jay Wilkerson,SR,True,True,5.0
Louisiana Tech,WR-H,WR,label,WR,OFF,2,Dedrick Latulas,JR,False,True,6.0
Louisiana Tech,RT,OT,label,,OFF,2,Tye Hylton,SO,False,True,6.0
Louisiana Tech,LG,IOL,label,,OFF,2,Will Hutchens,JR,True,True,7.0
Louisiana Tech,C,IOL,label,,OFF,2,Andrew Richard,SO,False,True,8.0
Louisiana,WLB,LB,label,LB,DEF,2,Conor McPherson,SO,False,True,3.0
Western Michigan,LT,OT,label,,OFF,2,Spencer Beckeman,FR,False,True,6.0
Western Michigan,LG,IOL,label,,OFF,2,Jacob Krause,SO,False,True,7.0
Akron,LT,OT,label,,OFF,2,Dayne Shor,SR,True,True,6.0
Akron,LG,IOL,label,,OFF,2,Nate Hampton,SO,True,False,7.0
Akron,C,IOL,label,,OFF,2,Brandon Smith,JR,True,True,8.0
Akron,RG,IOL,label,,OFF,2,Melvin Puckett,SO,True,True,9.0
Akron,RT,OT,label,,OFF,2,Jonas Mann,JR,False,True,10.0
Louisiana Tech,TE,TE,label,TE,OFF,2,Brayden Bockler,JR,True,False,2.0
Louisiana Tech,QB,QB,label,QB,OFF,2,Trey Kukuk,SR,True,False,2.0
Arkansas State,WR-Z,WR,label,WR,OFF,2,Boski Barrett,SO,True,True,5.0
Arkansas State,WR-SL,WR,label,WR,OFF,2,Nana Burris,SR,True,True,6.0
Arkansas State,LT,OT,label,,OFF,2,Manasse Itete,SO,True,True,6.0
Arkansas State,LG,IOL,label,,OFF,2,Baker North,SO,False,True,7.0
Arkansas State,C,IOL,label,,OFF,2,Talan Chandler,SO,True,True,8.0
Ball State,WLB,LB,label,LB,DEF,2,Kaleb Stewart,SO,True,True,3.0
Ball State,MLB,LB,label,LB,DEF,2,Mikeah Webster,FR,False,True,4.0
Indiana,RB,RB,label,RB,OFF,2,Khobie Martin,SO,False,True,2.0
Indiana,DE,EDGE,label,EDGE,DEF,2,Josh Burnham,SR,True,True,2.0
Louisiana Tech,LDE,EDGE,label,EDGE,DEF,2,Judd Rouyea,JR,False,True,3.0
Louisiana Tech,RDE,EDGE,label,EDGE,DEF,2,Jojo Odom,SO,False,False,4.0
Louisiana Tech,NT,DT,label,DT,DEF,2,Justice Williams,SR,True,True,2.0
Louisiana Tech,WLB,LB,label,LB,DEF,2,Cole Watson,SO,False,True,4.0
Louisiana Tech,MLB,LB,label,LB,DEF,2,Colton Deckard,JR,False,True,5.0
Louisiana Tech,SLB,LB,label,SAF,DEF,2,Alonzo Jackson Jr.,SO,False,True,6.0
Louisiana Tech,LCB,CB,label,CB,DEF,2,Demario Bookhart,SO,True,True,3.0
Louisiana Tech,RCB,CB,label,CB,DEF,2,Jaitlin Hampton,JR,True,True,4.0
Western Michigan,RB,RB,label,RB,OFF,2,Ofa Mataele,SR,True,False,2.0
Western Kentucky,FS,SAF,label,SAF,DEF,2,BJ Carey,SR,True,False,4.0
Western Kentucky,NB,SAF,bio,,DEF,2,Canyon Moses,JR,True,True,5.0
Western Michigan,WR-X,WR,label,WR,OFF,2,Terence Marshall,SO,False,True,4.0
Western Michigan,WR-Z,WR,label,WR,OFF,2,Kordell Gouldsby,JR,True,True,5.0
Western Michigan,WR-F,WR,label,WR,OFF,2,Keivin Boone-Nelson II,SR,True,False,6.0
Louisiana Tech,SS,SAF,label,SAF,DEF,2,Kam Franklin,JR,True,True,4.0
Louisiana Tech,FS,SAF,label,SAF,DEF,2,Janard Lockhardt,JR,True,True,5.0
Louisville,WR-X,WR,label,WR,OFF,2,Terrence McWilliams Jr.,JR,True,True,4.0
Louisville,WR-Z,WR,label,WR,OFF,2,Jakob Dixon,JR,True,True,5.0
Louisville,WR-SL,WR,label,WR,OFF,2,Jackson Voth,SO,True,True,6.0
Toledo,LCB,CB,label,CB,DEF,2,LaDavion Osborn,SR,True,False,3.0
Toledo,RCB,CB,label,CB,DEF,2,Israel Petite,SO,True,True,4.0
Toledo,RB,RB,label,RB,OFF,2,Corey Smith,SO,True,True,2.0
Toledo,LDE,EDGE,label,EDGE,DEF,2,Zach Johnson,SO,True,False,3.0
Toledo,RDE,EDGE,label,EDGE,DEF,2,Ben Sahakian,SR,True,True,4.0
Toledo,LDT,DT,label,DT,DEF,2,Lucas Lambert-Pipkin,JR,True,False,3.0
Toledo,RDT,DT,label,,DEF,2,Leonard Sharp,SR,True,True,4.0
Arkansas,SS,SAF,label,SAF,DEF,2,Kyeaure Magloire,SR,True,True,4.0
Arkansas,FS,SAF,label,SAF,DEF,2,Ian Williams,SO,True,False,5.0
Arkansas,NB,LB,bio,,DEF,2,Carter Stoutmire,SR,True,False,6.0
Indiana,QB,QB,label,QB,OFF,2,Grant Wilson,SR,True,True,2.0
Western Kentucky,WLB,LB,label,LB,DEF,2,Geajorm Akpaloo,JR,True,False,3.0
Western Kentucky,MLB,LB,label,LB,DEF,2,Garrison Madden,SR,True,True,4.0
Western Kentucky,RCB,CB,label,CB,DEF,2,PJ Souffrant,FR,False,False,3.0
Akron,QB,QB,label,QB,OFF,2,Brayden Roggow,SO,False,True,2.0
Indiana,LT,OT,label,,OFF,2,Baylor Wilkin,FR,False,True,6.0
Indiana,RG,IOL,label,,OFF,2,Sam Simpson,FR,False,False,9.0
Indiana,RT,OT,label,,OFF,2,Austin Leibfried,SO,False,True,10.0
Indiana,TE,TE,label,TE,OFF,2,Andrew Barker,FR,False,True,2.0
Louisville,LT,OT,label,OT,OFF,2,Jarvis Strickland,FR,False,False,6.0
Louisville,LG,IOL,label,,OFF,2,Jimmy Williams III,SO,False,True,7.0
Louisville,C,IOL,label,,OFF,2,Evan Wibberley,SR,True,True,8.0
Louisville,RG,IOL,label,,OFF,2,Naeer Jackson,SR,True,True,9.0
Louisville,RT,OT,label,,OFF,2,Cameron Gorin,FR,False,True,10.0
Louisville,TE,TE,label,TE,OFF,2,Justyn Reid,SR,True,False,2.0
Louisville,QB,QB,label,QB,OFF,2,Davin Wydner,SR,True,True,2.0
Louisiana Tech,NB,CB,default,,DEF,2,Ahkhari Johnson,JR,True,False,3.0
Louisville,LEO,EDGE,bio,LB,DEF,2,Tyler Thompson,JR,True,True,4.0
Indiana,WR-Z,WR,label,WR,OFF,2,Davion Chandler,SO,False,False,5.0
Indiana,C,IOL,label,,OFF,2,Matt Marek,FR,False,True,8.0
Indiana,LG,IOL,label,,OFF,2,Evan Parker,FR,False,True,7.0
Akron,TE,TE,label,TE,OFF,2,Elijah Alexander,SO,True,False,2.0
Western Kentucky,NT,DT,label,DT,DEF,2,Sekou Peters,FR,False,True,3.0
Western Kentucky,DT,DT,label,DT,DEF,2,Javin Griffin,SR,True,True,4.0
UNLV,WR-X,WR,label,WR,OFF,2,Taz Reddicks,JR,True,True,4.0
UNLV,WR-Z,WR,label,WR,OFF,2,Kayden McGee,SO,False,True,5.0
UNLV,WR-SL,WR,label,WR,OFF,2,Troy Stellato,SR,True,True,6.0
Toledo,LT,OT,label,,OFF,2,Dylan Senda,JR,True,True,6.0
Toledo,LG,IOL,label,,OFF,2,Jonathan Harder,SR,True,True,7.0
Toledo,C,IOL,label,,OFF,2,Dominic Johnson,SO,True,True,8.0
Toledo,RG,IOL,label,,OFF,2,Grant Zimmerly,JR,False,True,9.0
Toledo,RT,OT,label,,OFF,2,Matt Hofer,SO,False,True,10.0
Toledo,TE,TE,label,TE,OFF,2,Peyton Strickland,SR,True,False,2.0
Louisville,WLB,LB,label,LB,DEF,2,Trent Carter,SO,False,True,3.0
Louisville,MLB,LB,label,LB,DEF,2,Cameron White,FR,False,True,4.0
Louisville,LCB,CB,label,CB,DEF,2,Brycen Scott,JR,True,False,3.0
Louisville,RCB,CB,label,CB,DEF,2,Myles Norwood,SR,True,True,4.0
Toledo,QB,QB,label,QB,OFF,2,Khamoni Robinson,JR,True,True,2.0
Ball State,SS,SAF,label,SAF,DEF,2,Deondre Shepherd,SO,True,True,4.0
Ball State,FS,SAF,label,SAF,DEF,2,Tobi Adewoyin,SO,False,False,5.0
Ball State,NB,CB,bio,CB,DEF,2,Avery Stuart,JR,True,True,6.0
Baylor,WR-X,WR,label,WR,OFF,2,Ashton Jones,FR,False,True,4.0
Baylor,WR-Z,WR,label,WR,OFF,2,Taz Williams Jr.,FR,False,True,5.0
Baylor,WR-SL,WR,label,WR,OFF,2,Jadon Porter,JR,False,False,6.0
Toledo,WR-X,WR,label,,OFF,2,Terrell Crosby Jr.,SR,True,True,4.0
Toledo,WR-Z,WR,label,WR,OFF,2,Kalvin Gilbert Jr.,JR,True,False,5.0
Toledo,WR-SL,WR,label,WR,OFF,2,Trenton Jones,FR,True,True,6.0
Louisville,RB,RB,label,RB,OFF,2,Keyjuan Brown,JR,False,True,2.0
Louisville,DE,EDGE,label,EDGE,DEF,2,Jerod Smith II,JR,True,False,3.0
Baylor,C,IOL,label,,OFF,2,Harrison Cluff,FR,False,True,8.0
Baylor,RG,IOL,label,,OFF,2,Lawson Petty,JR,True,True,9.0
Baylor,RT,OT,label,,OFF,2,Matthew Parker,FR,False,True,10.0
LSU,LT,OT,label,,OFF,2,Sean Thompkins Jr.,JR,True,True,6.0
Louisville,STAR,SAF,bio,SAF,DEF,2,Blake Ruffin,GR,True,False,4.0
Louisville,SS,SAF,label,SAF,DEF,2,Micah Rice,FR,False,True,5.0
Louisville,FS,SAF,label,SAF,DEF,2,T.J. Banks,JR,True,False,6.0
LSU,WR-SL,WR,label,WR,OFF,2,Eugene Wilson III,JR,True,True,6.0
LSU,WR-X,WR,label,WR,OFF,2,Malik Elzy,JR,True,True,4.0
Illinois,FS,SAF,label,SAF,DEF,2,Lavon Williams,SR,True,True,5.0
Illinois,NB,CB,default,,DEF,2,Deuce Fillmore,SR,True,True,6.0
Illinois,SS,SAF,label,SAF,DEF,2,Xanai Scott,FR,False,True,4.0
Indiana,WR-SL,WR,label,WR,OFF,2,Lebron Bond,SO,False,False,6.0
Indiana,WR-X,WR,label,WR,OFF,2,Shazz Preston,SR,True,True,4.0
Louisville,NT,DT,label,DT,DEF,2,Joshua Donald,SR,True,True,3.0
Louisville,DT,DT,label,DT,DEF,2,Bailey Abercrombie,FR,False,True,4.0
LSU,RG,IOL,label,,OFF,2,Ja'Quan Sprinkle,JR,True,True,9.0
LSU,RT,OT,label,,OFF,2,Darrin Strey,FR,True,True,10.0
LSU,TE,TE,label,TE,OFF,2,Zach Grace,JR,True,True,2.0
LSU,QB,QB,label,QB,OFF,2,Husan Longstreet,FR,True,True,2.0
LSU,RB,RB,label,RB,OFF,2,Harlem Berry,SO,False,False,2.0
LSU,WR-Z,WR,label,WR,OFF,2,Tre' Brown,JR,True,True,5.0
LSU,C,IOL,label,,OFF,2,William Satterwhite II,SO,True,True,8.0
LSU,LG,IOL,label,,OFF,2,Devin Harper,SO,True,False,7.0
Texas Tech,MLB,LB,label,LB,DEF,2,Brock Golwas,SO,False,False,4.0
Texas Tech,LCB,CB,label,CB,DEF,2,Ashton Hampton,SO,False,True,3.0
Texas Tech,RCB,CB,label,CB,DEF,2,Davin Martin,JR,True,True,4.0
Texas Tech,STAR,LB,bio,,DEF,2,Marcus Ramon-Edwards,JR,False,True,4.0
Texas Tech,SS,SAF,label,SAF,DEF,2,Oliver Miles III,SO,False,True,5.0
Texas Tech,FS,SAF,label,SAF,DEF,2,Peyton Morgan,SO,False,True,6.0
Baylor,LT,OT,label,,OFF,2,Cole Rhett,JR,True,True,6.0
Baylor,LG,IOL,label,,OFF,2,Asher Hale,JR,True,False,7.0
Western Kentucky,RB,RB,label,RB,OFF,2,Kalib Hicks,JR,True,True,2.0
Western Kentucky,LDE,EDGE,label,,DEF,2,Zeiqui Lawton,SR,True,True,3.0
Western Kentucky,RDE,EDGE,label,EDGE,DEF,2,Nathan Gonzales,SR,True,False,4.0
Illinois,WLB,LB,label,LB,DEF,2,Ismael Kante,SR,True,True,3.0
Illinois,LCB,CB,label,CB,DEF,2,Nick Hankins Jr.,FR,False,False,6.0
Illinois,RCB,CB,label,CB,DEF,2,Tanner Heckel,JR,False,False,4.0
Baylor,TE,TE,label,TE,OFF,2,Matthew Klopfenstein,SR,False,False,2.0
Baylor,QB,QB,label,QB,OFF,2,Nate Bennett,SO,False,True,2.0
Baylor,RB,RB,label,RB,OFF,2,Caden Knighten,SO,False,False,2.0
Texas Tech,RB,RB,label,RB,OFF,2,J'Koby Williams,JR,False,False,2.0
Texas Tech,LDE,EDGE,label,EDGE,DEF,2,Ansel Nedore,JR,False,True,3.0
Texas Tech,RDE,EDGE,label,EDGE,DEF,2,Jamond Mathis,JR,True,True,4.0
Texas Tech,NT,DT,label,DT,DEF,2,A.J. Holmes Jr.,SR,True,True,3.0
Texas Tech,DT,DT,label,DT,DEF,2,Julien Laventure,SR,True,True,4.0
Texas Tech,WLB,LB,label,LB,DEF,2,Corey Platt Jr.,SR,True,True,3.0
Baylor,DE,EDGE,label,EDGE,DEF,2,Zavion Hardy,JR,True,True,3.0
UNLV,LG,IOL,label,,OFF,2,Colton Thomasson,JR,True,True,7.0
UNLV,C,IOL,label,,OFF,2,Amare Taase,SO,False,True,8.0
UNLV,RG,IOL,label,,OFF,2,Joe Metzger,SR,True,True,9.0
LSU,MLB,LB,label,LB,DEF,2,Tylen Singleton,SO,False,True,4.0
LSU,WLB,LB,label,LB,DEF,2,Davhon Keys,JR,False,False,3.0
LSU,LCB,CB,label,CB,DEF,2,Ja'Keem Jackson,JR,True,True,3.0
LSU,LDE,EDGE,label,,DEF,2,Lamar Brown,FR,False,False,3.0
LSU,RDE,EDGE,label,EDGE,DEF,2,Dylan Carpenter,JR,False,True,4.0
LSU,LDT,DT,label,DT,DEF,2,Dominick McKinley,JR,False,False,3.0
Illinois,MLB,LB,label,LB,DEF,2,Robert Edmonson,JR,True,True,4.0
Akron,RB,RB,label,RB,OFF,2,Sean Patrick,SO,False,True,2.0
Akron,LDE,EDGE,label,EDGE,DEF,2,Jahvon Frazier,SO,False,True,3.0
Akron,RDE,EDGE,label,EDGE,DEF,2,Dahvon Frazier,SO,False,True,4.0
Akron,NT,DT,label,DT,DEF,2,Elijah Davis,SO,False,True,3.0
Akron,DT,DT,label,DT,DEF,2,Jon'Trell Mixon,JR,False,True,4.0
Western Kentucky,QB,QB,label,QB,OFF,2,Brock Glenn,JR,True,True,2.0
Western Kentucky,LG,IOL,label,,OFF,2,Tyreek Major,SO,True,True,7.0
Western Kentucky,C,IOL,label,,OFF,2,Roq Montgomery,JR,True,True,8.0
Western Kentucky,RG,IOL,label,,OFF,2,Isiah Stoudemire,FR,False,True,9.0
Western Kentucky,RT,OT,label,,OFF,2,Brody Riffe,JR,True,True,10.0
Western Kentucky,TE,TE,label,TE,OFF,2,Coleson Arends,JR,True,True,2.0
Akron,WLB,LB,label,LB,DEF,2,Jason Hocker,SO,False,True,3.0
Akron,MLB,LB,label,LB,DEF,2,Jude Buchanan,SR,True,True,4.0
LSU,STAR,SAF,bio,SAF,DEF,2,CJ Jimcoily,SO,False,False,4.0
Marshall,WR-X,WR,label,WR,OFF,2,Owen Sweeney,SO,True,True,4.0
LSU,RDT,DT,label,DT,DEF,2,Stephiylan Green,JR,True,True,4.0
Baylor,JACK,EDGE,default,,DEF,2,Ryan Davis,JR,True,True,4.0
Baylor,NT,DT,label,DT,DEF,2,Devonte Tezino,SR,False,True,3.0
Baylor,DT,DT,label,DT,DEF,2,Jamaal Whyce Jr.,SR,True,True,4.0
Baylor,WLB,LB,label,LB,DEF,2,Kaleb Burns,SO,False,False,3.0
Texas Tech,RT,OT,label,,OFF,2,Ellis Davis,SO,False,True,10.0
UNLV,LT,OT,label,,OFF,2,Jesus Garcia II,FR,False,False,6.0
Texas State,NB,CB,default,,DEF,2,Malik Willis,JR,True,True,6.0
Illinois,DE,EDGE,label,EDGE,DEF,2,Isaiah Thomison,JR,True,True,3.0
Illinois,JACK,EDGE,default,,DEF,2,Mason Muragin,JR,False,True,4.0
Illinois,DT,DT,label,DT,DEF,2,Pat Farrell,JR,False,True,4.0
Illinois,NT,DT,label,DT,DEF,2,Demetrius John,SO,False,True,3.0
LSU,RCB,CB,label,CB,DEF,2,Michael Turner Jr.,SO,False,True,4.0
LSU,FS,SAF,label,SAF,DEF,2,Faheem Delane,SO,True,False,6.0
LSU,SS,SAF,label,SAF,DEF,2,Jhase Thomas,FR,False,True,5.0
UNLV,RT,OT,label,,OFF,2,Mateo Bilaver,FR,False,False,10.0
UNLV,TE,TE,label,TE,OFF,2,Matt Byrnes,SR,True,True,2.0
Texas Tech,TE,TE,label,TE,OFF,2,Jett Carpenter,SR,True,True,2.0
Texas Tech,QB,QB,label,QB,OFF,2,Lloyd Jones III,FR,False,True,2.0
Texas Tech,WR-X,WR,label,WR,OFF,2,Donte Lee Jr.,SR,True,True,4.0
Texas Tech,WR-Z,WR,label,WR,OFF,2,Malcolm Simmons,JR,True,False,5.0
Texas Tech,WR-SL,WR,label,WR,OFF,2,Jalen Jones,JR,True,True,6.0
Western Kentucky,LT,OT,label,,OFF,2,Alex Lopez,SO,True,True,6.0
Marshall,EDGE,EDGE,label,EDGE,DEF,2,Keydel Painter,JR,True,True,4.0
Marshall,WR-Z,WR,label,WR,OFF,2,Christian Hamilton,JR,True,True,5.0
Marshall,WR-SL,WR,label,WR,OFF,2,Xayvion Turner-Bradshaw,JR,True,True,6.0
Marshall,LT,OT,label,,OFF,2,Jack Laird,FR,False,True,6.0
Marshall,LG,IOL,label,,OFF,2,Jaquez Joiner,FR,True,True,7.0
Marshall,C,IOL,label,,OFF,2,Evan Ferguson,SR,True,True,8.0
Marshall,RG,IOL,label,,OFF,2,Eli Kaufman,FR,False,True,9.0
Marshall,RT,OT,label,,OFF,2,Xavier Bausley,SR,True,True,10.0
Texas Tech,LT,OT,label,,OFF,2,Felix Ojo,FR,False,False,6.0
Texas Tech,LG,IOL,label,,OFF,2,D'Anthis Upshaw Jr.,SO,False,True,7.0
Texas Tech,C,IOL,label,,OFF,2,Cash Cleveland,JR,True,False,8.0
Texas Tech,RG,IOL,label,,OFF,2,Holton Hendrix,SO,False,True,9.0
Texas State,LCB,CB,label,CB,DEF,2,Jayden Lawton,SR,True,True,3.0
Texas State,RCB,CB,label,CB,DEF,2,Christopher Jones,SO,False,True,4.0
Texas State,SS,SAF,label,SAF,DEF,2,Amarion Atwood,JR,False,True,4.0
Texas State,FS,SAF,label,SAF,DEF,2,Chase Davis,JR,True,True,5.0
Illinois,QB,QB,label,QB,OFF,2,Carson Boyd,FR,False,True,2.0
Illinois,RB,RB,label,RB,OFF,2,Aidan Laughery,SR,False,True,2.0
Marshall,TE,TE,label,TE,OFF,2,Tracy Stephens,JR,False,True,2.0
Marshall,QB,QB,label,QB,OFF,2,Zion Turner,SR,True,True,2.0
Baylor,MLB,LB,label,LB,DEF,2,Kedrick Walker,SR,True,True,4.0
Baylor,LCB,CB,label,CB,DEF,2,Calvin Simpson-Hunt,JR,True,True,3.0
Baylor,RCB,CB,label,CB,DEF,2,Jayden Rowe,SR,True,True,4.0
Baylor,SS,SAF,label,SAF,DEF,2,Colby McCalister,SR,True,True,4.0
Baylor,FS,SAF,label,SAF,DEF,2,Tyler Turner,JR,True,True,5.0
Baylor,NB,SAF,bio,,DEF,2,Daniel Cobbs,SR,True,True,6.0
Texas State,LDT,DT,label,LB,DEF,2,Chancellor Owens,JR,True,True,3.0
Texas State,RDT,DT,label,DT,DEF,2,Tae Woody,SR,True,True,4.0
Texas State,WLB,LB,label,LB,DEF,2,Javante Mackey,SR,True,True,3.0
Texas State,MLB,LB,label,LB,DEF,2,Cole Nilles,JR,True,False,4.0
Marshall,RB,RB,label,RB,OFF,2,TJ Lester,SO,True,False,2.0
Marshall,DE,EDGE,label,,DEF,2,Cole Funderburk,FR,True,True,3.0
Boise State,WR-X,WR,label,WR,OFF,2,Darren Morris,SR,True,True,4.0
Boise State,WR-Z,WR,label,WR,OFF,2,Akeem Wright,SR,True,False,5.0
Boise State,WR-F,WR,label,WR,OFF,2,Quinton Brown,SO,False,False,6.0
West Virginia,NB,CB,default,,DEF,2,Geimere Latimer II,SR,True,False,6.0
West Virginia,BANDIT,EDGE,bio,EDGE,DEF,2,Tobi Haastrup,FR,True,True,2.0
Western Kentucky,WR-X,WR,label,WR,OFF,2,Quincy Burroughs,SR,True,True,4.0
Western Kentucky,WR-Z,WR,label,WR,OFF,2,Jyziah Rockwell,SR,True,True,5.0
Western Kentucky,WR-SL,WR,label,WR,OFF,2,Zion Taylor,JR,True,True,6.0
Maryland,WR-Z,WR,label,WR,OFF,2,Zymear Smith,FR,False,True,5.0
Maryland,WR-SL,WR,label,WR,OFF,2,Ryan Manning,JR,False,True,6.0
Marshall,NT,DT,label,,DEF,2,B.J. Carter,FR,True,True,3.0
Marshall,DT,DT,label,,DEF,2,Kenyatta Hardge,SO,True,True,4.0
Marshall,WLB,LB,label,LB,DEF,2,Chason Clark,JR,False,False,3.0
Marshall,MLB,LB,label,LB,DEF,2,Cannon Lewis,SO,True,True,4.0
Illinois,RT,OT,label,,OFF,2,TJ Taylor,JR,True,False,10.0
Illinois,TE,TE,label,TE,OFF,2,Kaden Feagin,SR,False,False,2.0
Marshall,LCB,CB,label,CB,DEF,2,Eddie Pleasant III,JR,True,True,3.0
Marshall,RCB,CB,label,CB,DEF,2,Brayden Hall,SR,True,True,4.0
Marshall,SS,SAF,label,SAF,DEF,2,Camron Nti,FR,False,True,4.0
Marshall,FS,SAF,label,SAF,DEF,2,Kendell Anderson,JR,True,True,5.0
Marshall,NB,SAF,bio,SAF,DEF,2,Aumad Edwards,FR,True,True,6.0
Maryland,WR-X,WR,label,WR,OFF,2,Jordan Scott,SR,True,False,4.0
Akron,LCB,CB,label,CB,DEF,2,Zach Hobson,SR,True,True,3.0
Akron,RCB,CB,label,CB,DEF,2,Dawayne Galloway Jr.,FR,True,True,4.0
Akron,SS,SAF,label,SAF,DEF,2,Jamari Somerville,JR,True,True,4.0
West Virginia,SS,SAF,label,SAF,DEF,2,Jacob Bradford,FR,True,True,4.0
West Virginia,FS,SAF,label,SAF,DEF,2,Kameron Reddic,JR,True,False,5.0
Texas State,TE,TE,label,TE,OFF,2,Ty Stamey,JR,True,True,2.0
Texas State,QB,QB,label,QB,OFF,2,Shaker Reisig,FR,True,True,2.0
Texas State,RB,RB,label,RB,OFF,2,Torrance Burgess Jr.,SR,True,True,2.0
Texas State,LDE,EDGE,label,EDGE,DEF,2,Ta'Derius Collins,JR,True,True,3.0
Texas State,RDE,EDGE,label,EDGE,DEF,2,Jo'Laison Landry,JR,False,True,4.0
Illinois,C,IOL,label,,OFF,2,TJ McMillen,JR,False,True,8.0
Illinois,LG,IOL,label,,OFF,2,Brandon Hansen,JR,False,False,7.0
Boise State,LT,OT,label,,OFF,2,Kyle Cox,JR,False,True,6.0
Texas State,WR-X,WR,label,WR,OFF,2,Jordan Martin,SO,False,True,4.0
Texas State,WR-Z,WR,label,WR,OFF,2,Tucker Cusano,FR,False,True,5.0
Texas State,WR-SL,WR,label,WR,OFF,2,Zechariah Sample,SO,True,True,6.0
Texas State,LT,OT,label,,OFF,2,Bamidele Badusi,JR,False,True,6.0
Texas State,LG,IOL,label,,OFF,2,Tyler Norris,SO,False,True,7.0
Texas State,C,IOL,label,,OFF,2,Etueni Ropati,JR,True,True,8.0
Texas State,RG,IOL,label,,OFF,2,Rasheed Jackson,JR,True,True,9.0
Texas State,RT,OT,label,,OFF,2,Cameron Schultz,JR,True,True,10.0
Boise State,LG,IOL,label,,OFF,2,Carson Rasmussen,JR,False,True,7.0
Boise State,C,IOL,label,,OFF,2,Zander Esty,JR,True,True,8.0
Boise State,RG,IOL,label,,OFF,2,Jake Steele,SR,True,True,9.0
Illinois,LT,OT,label,,OFF,2,Champ Smith,FR,False,False,6.0
Illinois,RG,IOL,label,,OFF,2,Eddie Tuerk,SO,False,True,9.0
Houston,SS,SAF,label,SAF,DEF,2,C.J. Douglas,SR,True,False,4.0
Houston,FS,SAF,label,SAF,DEF,2,Johnsley Barbas,JR,False,True,5.0
Houston,NB,SAF,bio,,DEF,2,Paris Melvin Jr.,FR,False,False,6.0
Illinois,WR-SL,WR,label,WR,OFF,2,Brayden Trimble,FR,False,True,6.0
Illinois,WR-X,WR,label,WR,OFF,2,Alex Perry,SR,True,True,5.0
Maryland,QB,QB,label,QB,OFF,2,Devin Kargman,SR,True,True,2.0
Maryland,RB,RB,label,RB,OFF,2,Harry Dalton III,FR,True,True,2.0
Maryland,LDE,EDGE,label,EDGE,DEF,2,DD Holmes,SO,True,True,3.0
Maryland,RDE,EDGE,label,EDGE,DEF,2,Nahsir Taylor,SO,False,False,4.0
Maryland,LT,OT,label,,OFF,2,Davon Watkins,SO,False,True,6.0
Maryland,LG,IOL,label,,OFF,2,Amory Hills,SO,False,False,7.0
Maryland,C,IOL,label,,OFF,2,Trevor Szymanski,SO,False,True,8.0
Maryland,RG,IOL,label,,OFF,2,Ryan Howerton,SO,False,True,9.0
Maryland,RT,OT,label,,OFF,2,Jaylen Gilchrist,FR,False,True,10.0
Maryland,TE,TE,label,TE,OFF,2,Preston Howard,SR,True,True,2.0
Illinois,WR-Z,WR,label,WR,OFF,2,Ty Robinson,SR,True,True,4.0
Maryland,LDT,DT,label,LB,DEF,2,EJ Moore Jr.,JR,True,False,3.0
Maryland,RDT,DT,label,DT,DEF,2,Derrick LeBlanc,JR,True,True,4.0
Maryland,WLB,LB,label,LB,DEF,2,Carlton Smith,SO,False,False,3.0
Maryland,MLB,LB,label,LB,DEF,2,Keyshawn Flowers,JR,False,False,4.0
Boise State,RT,OT,label,,OFF,2,Jacob Tracy,FR,False,True,10.0
Boise State,TE,TE,label,TE,OFF,2,Austin Terry,SR,False,True,2.0
Boise State,QB,QB,label,QB,OFF,2,Cash Herrera,FR,False,False,2.0
Boise State,RB,RB,label,RB,OFF,2,Sire Gaines,SO,False,True,2.0
Texas A&M,MLB,LB,label,LB,DEF,2,Jordan Lockhart,JR,False,False,4.0
Texas A&M,LCB,CB,label,CB,DEF,2,Adonyss Currie,FR,False,True,3.0
Texas A&M,RCB,CB,label,CB,DEF,2,Rickey Gibson III,JR,True,True,4.0
Texas A&M,SS,SAF,label,SAF,DEF,2,Tawfiq Byard,JR,True,True,4.0
Texas A&M,FS,SAF,label,SAF,DEF,2,Myles Davis,JR,False,False,5.0
Texas A&M,NB,CB,default,,DEF,2,Bryce Anderson,JR,False,True,6.0
Maryland,LCB,CB,label,CB,DEF,2,Lloyd Irvin III,SO,False,True,3.0
Houston,RCB,CB,label,CB,DEF,2,Keany Parks,SR,True,False,4.0
Boise State,DE,EDGE,label,EDGE,DEF,2,Roman Caywood,SO,False,True,2.0
UNLV,WLB,LB,label,LB,DEF,2,Dee Crayton,JR,True,True,3.0
UNLV,MLB,LB,label,LB,DEF,2,Kamuela Ka'aihue,SR,True,False,4.0
Massachusetts,TE,TE,label,TE,OFF,2,Max Dowling,SR,True,True,2.0
Houston,NT,DT,label,DT,DEF,2,De'Marion Thomas,JR,True,True,3.0
Houston,DT,DT,label,DT,DEF,2,Quindario Lee,SR,True,True,4.0
Houston,WLB,LB,label,LB,DEF,2,Miller Malone,JR,True,False,3.0
Houston,MLB,LB,label,LB,DEF,2,Carmycah Glass,SR,True,True,4.0
Houston,LCB,CB,label,CB,DEF,2,JD Rhym,SR,True,True,3.0
Maryland,RCB,CB,label,,DEF,2,Ricardo Cooper Jr.,JR,False,True,4.0
Maryland,SS,SAF,label,SAF,DEF,2,Alex Moore,JR,False,True,4.0
Maryland,FS,SAF,label,SAF,DEF,2,Gavin Edwards,JR,True,True,5.0
Maryland,NB,CB,default,,DEF,2,Jayden Shipps,SO,False,False,6.0
Massachusetts,WR-X,WR,label,WR,OFF,2,Dallas Elliott,SR,False,True,4.0
Massachusetts,WR-Z,WR,label,WR,OFF,2,Kezion Dia-Johnson,SO,False,True,5.0
Massachusetts,WR-SL,WR,label,WR,OFF,2,Elijah Pedro,FR,False,True,6.0
Boise State,MLB,LB,label,LB,DEF,2,Logan Brantley,JR,True,True,4.0
West Virginia,LCB,CB,label,CB,DEF,2,Keyshawn Robinson,JR,False,False,3.0
West Virginia,RCB,CB,label,CB,DEF,2,Jaire Rawlison,SO,True,True,4.0
Akron,FS,SAF,label,SAF,DEF,2,Rodrick Hunter,SO,False,True,5.0
Akron,NB,SAF,bio,,DEF,2,Aamii Branch,JR,True,False,6.0
Massachusetts,LDE,EDGE,label,,DEF,2,Zachary Betts,JR,True,False,3.0
Massachusetts,RDE,EDGE,label,,DEF,2,Colin Reynolds,GR,True,False,4.0
Massachusetts,LT,OT,label,,OFF,2,Zachary Franks,GR,True,False,6.0
Massachusetts,LG,IOL,label,,OFF,2,Riley Bloch,SO,False,True,7.0
Massachusetts,C,IOL,label,,OFF,2,Peyton Miller,JR,False,True,8.0
Massachusetts,RT,OT,label,,OFF,2,Greg Klingensmith,SR,True,True,9.0
Texas A&M,DE,EDGE,label,EDGE,DEF,2,T.J. Searcy,SR,True,False,3.0
Texas A&M,JACK,EDGE,default,,DEF,2,Sam M'Pemba,JR,True,True,4.0
Texas A&M,NT,DT,label,DT,DEF,2,Angelo McCullom,JR,True,False,3.0
Texas A&M,DT,DT,label,DT,DEF,2,Landon Rink,SO,False,False,4.0
Texas A&M,WLB,LB,label,LB,DEF,2,Noah Mikhail,SO,False,False,3.0
Houston,TE,TE,label,TE,OFF,2,Traville Frederick Jr.,JR,False,False,2.0
Houston,QB,QB,label,QB,OFF,2,Keisean Henderson,FR,False,False,2.0
Houston,RB,RB,label,RB,OFF,2,Re'Shaun Sanford II,JR,False,True,2.0
Houston,DE,EDGE,label,EDGE,DEF,2,Travis Buhake,FR,False,True,3.0
Houston,JACK,EDGE,bio,,DEF,2,Latreveon McCutchin,SR,False,False,4.0
Massachusetts,QB,QB,label,QB,OFF,2,Logan Inagawa,SO,True,False,2.0
Massachusetts,RB,RB,label,RB,OFF,2,Justin Williams-Thomas,SR,True,True,2.0
West Virginia,WLB,LB,label,LB,DEF,2,Ashton Woods,JR,True,False,3.0
West Virginia,MLB,LB,label,LB,DEF,2,Tyler Stolsky,SR,True,True,4.0
UNLV,QB,QB,label,QB,OFF,2,Alex Orji,SR,True,True,2.0
UNLV,RB,RB,label,RB,OFF,2,Jaylon Glover,SR,True,True,2.0
UNLV,LDE,EDGE,label,EDGE,DEF,2,Andre Porter,SO,False,True,3.0
UNLV,RDE,EDGE,label,EDGE,DEF,2,Kenji Scanlan,FR,False,True,4.0
Boise State,NT,DT,label,DT,DEF,2,Lopez Sanusi,SO,False,True,3.0
Boise State,DT,DT,label,DT,DEF,2,Mikaio Edward,JR,True,True,4.0
Boise State,WLB,LB,label,LB,DEF,2,Syncere Brackett-Lambey,SO,False,False,3.0
Massachusetts,WLB,LB,label,LB,DEF,2,Khari Bendolph,SO,True,False,3.0
Massachusetts,MLB,LB,label,LB,DEF,2,Kendric Council,JR,True,False,4.0
Massachusetts,LCB,CB,label,CB,DEF,2,Raheim Sexil,SO,True,True,3.0
Massachusetts,RCB,CB,label,CB,DEF,2,Chris Stanley,JR,True,False,4.0
Houston,LG,IOL,label,,OFF,2,Larry Crawford,JR,True,True,7.0
Houston,RG,IOL,label,,OFF,2,Hingano Hautau,GR,True,False,8.0
Houston,RT,OT,label,,OFF,2,Hayden Wright,FR,True,True,9.0
Texas A&M,RG,IOL,label,,OFF,2,Tyler Thomas,FR,False,True,9.0
Texas A&M,RT,OT,label,,OFF,2,Robert Bourdon,SO,False,True,10.0
Texas A&M,TE,TE,label,TE,OFF,2,Houston Thomas,SR,True,True,2.0
Texas A&M,QB,QB,label,QB,OFF,2,Brady Hart,FR,False,True,2.0
Texas A&M,RB,RB,label,RB,OFF,2,Jamarion Morrow,SO,False,False,2.0
Texas A&M,WR-X,WR,label,WR,OFF,2,TK Norman,FR,False,True,4.0
Texas A&M,WR-Z,WR,label,WR,OFF,2,Jerome Myles,FR,False,True,5.0
Texas A&M,WR-SL,WR,label,WR,OFF,2,Terry Bussey,JR,False,False,6.0
Texas A&M,LT,OT,label,,OFF,2,Lamont Rogers,FR,False,True,6.0
Hawai'i,LCB,CB,label,,DEF,2,Jeremiah Hughes,JR,True,False,3.0
Hawai'i,RCB,CB,label,,DEF,2,Zion Allen,SR,True,True,4.0
Hawai'i,FS,SAF,label,,DEF,2,Kodi DeCambra,JR,True,True,5.0
Massachusetts,STAR,CB,bio,CB,DEF,2,Jahmad Harmon,SR,True,True,4.0
Massachusetts,SS,SAF,label,SAF,DEF,2,Keith Sarkodieh,SO,False,True,5.0
Massachusetts,FS,SAF,label,SAF,DEF,2,DD Snyder,GR,True,False,6.0
Memphis,WR-X,WR,label,WR,OFF,2,Jemyri Davis,JR,True,True,4.0
Memphis,WR-Z,WR,label,WR,OFF,2,Alante Brown,SR,True,True,5.0
Memphis,WR-SL,WR,label,WR,OFF,2,Jermane Hayes,SO,True,False,6.0
Hawai'i,SS,SAF,label,,DEF,2,Joenel Figueroa,SR,True,False,1.0
Houston,WR-X,WR,label,WR,OFF,2,Harvey Broussard III,SR,True,False,4.0
Houston,WR-Z,WR,label,WR,OFF,2,Muizz Tounkara,SO,True,False,5.0
Houston,WR-SL,WR,label,WR,OFF,2,Jaquise Martin,SO,False,False,6.0
Houston,LT,OT,label,,OFF,2,Ronnell McLain,SO,False,True,6.0
Massachusetts,NT,DT,label,DT,DEF,2,Tim Passmore Jr.,SR,True,True,3.0
Massachusetts,DT,DT,label,DT,DEF,2,Kamarion Thomas,FR,True,True,4.0
Memphis,RT,OT,label,,OFF,2,Riley McGehee,JR,True,False,10.0
Memphis,TE,TE,label,TE,OFF,2,TJ Johnson,JR,True,True,2.0
Memphis,QB,QB,label,QB,OFF,2,Air Noland,SO,True,True,2.0
Memphis,RB,RB,label,RB,OFF,2,Jaylin Carter,SO,True,False,2.0
Hawai'i,NT,DT,label,,DEF,2,Elijah Williams,JR,True,True,1.0
Hawai'i,WLB,LB,label,LB,DEF,2,Matteus Ioane,SO,False,False,4.0
Texas A&M,LG,IOL,label,,OFF,2,Blake Ivy,SO,False,True,7.0
Texas A&M,C,IOL,label,,OFF,2,Ashton Funk,SO,False,True,8.0
Boise State,LCB,CB,label,CB,DEF,2,Sherrod Smith,JR,True,False,3.0
Boise State,RCB,CB,label,CB,DEF,2,Demetrius Freeney Jr.,SR,True,True,4.0
Boise State,SS,SAF,label,SAF,DEF,2,Kyle Hall,JR,True,False,4.0
Boise State,FS,SAF,label,SAF,DEF,2,Josiah Alanis,FR,False,True,5.0
Boise State,NB,CB,bio,CB,DEF,2,Arthur de Boachie,SO,False,False,6.0
Texas,RCB,CB,label,CB,DEF,2,Kobe Black,JR,False,False,4.0
Texas,FS,SAF,label,SAF,DEF,2,Jordon Johnson-Rubell,JR,False,False,5.0
Texas,NB,CB,default,,DEF,2,Wardell Mack,SO,False,True,6.0
Texas,SS,SAF,label,SAF,DEF,2,Derek Williams Jr.,JR,False,True,4.0
Texas,NT,DT,label,DT,DEF,2,Maraad Watson,JR,True,False,3.0
Texas,MLB,LB,label,LB,DEF,2,Justin Cryer,SR,True,False,5.0
Hawai'i,QB,QB,label,QB,OFF,2,Bjorn Jurgensen,FR,True,True,2.0
Hawai'i,RB,RB,label,RB,OFF,2,DeVon Rice,SO,True,True,2.0
Hawai'i,LDE,EDGE,label,,DEF,2,Josh Sagapolutele,JR,False,True,3.0
Hawai'i,RDE,EDGE,label,,DEF,2,Spencer Elliott,SR,True,False,4.0
Hawai'i,DT,DT,label,,DEF,2,Jordan Lynch,SO,True,True,4.0
Memphis,LDE,EDGE,label,EDGE,DEF,2,Jabari Ishmael,SR,True,True,3.0
Memphis,RDE,EDGE,label,EDGE,DEF,2,DeAngelo Thompson,FR,True,True,4.0
Memphis,NT,DT,label,DT,DEF,2,Devan Lowe,SR,True,False,3.0
Memphis,DT,DT,label,DT,DEF,2,Taylor Burton,SR,True,False,4.0
Memphis,LT,OT,label,,OFF,2,Xavier Allen,SR,True,False,6.0
Memphis,LG,IOL,label,,OFF,2,Brian Grant,SR,True,True,7.0
Memphis,C,IOL,label,,OFF,2,Phillip Gray,SR,True,True,8.0
Memphis,RG,IOL,label,,OFF,2,Maarten Woudsma,SR,True,True,9.0
Hawai'i,C,IOL,label,,OFF,2,Tu'i Muti,SO,False,True,12.0
Hawai'i,LG,IOL,label,,OFF,2,Lautaimi Manuma,SO,False,True,9.0
Hawai'i,LT,OT,label,,OFF,2,Khalil Walker,SR,True,True,7.0
Hawai'i,RG,IOL,label,,OFF,2,Judah Kaio,SR,True,True,8.0
Hawai'i,RT,OT,label,,OFF,2,Jay Tauala-Harris,SO,False,True,10.0
Memphis,WLB,LB,label,LB,DEF,2,Trey McDonald,SR,True,True,3.0
Memphis,MLB,LB,label,LB,DEF,2,Donovan Mathena,SR,False,True,4.0
Memphis,LCB,CB,label,CB,DEF,2,Chauncey Logan Jr.,GR,True,False,3.0
Memphis,RCB,CB,label,CB,DEF,2,Dilan Williamson,SR,True,True,4.0
Hawai'i,TE,TE,label,TE,OFF,2,Oakie Salave'a,SR,True,True,2.0
Arkansas,WLB,LB,label,LB,DEF,2,Phoenix Jackson,SR,True,True,3.0
Arkansas,MLB,LB,label,LB,DEF,2,Wyatt Simmons,SO,False,True,4.0
Arkansas,LCB,CB,label,CB,DEF,2,Shelton Lewis,JR,True,True,3.0
Arkansas,RCB,CB,label,CB,DEF,2,DJ Hairston Jr.,SO,True,False,4.0
UNLV,LDT,DT,label,DT,DEF,2,Eliah Logo,FR,False,True,3.0
UNLV,RDT,DT,label,,DEF,2,Mo Abbasher,SO,True,True,4.0
Memphis,FS,SAF,label,SAF,DEF,2,Khalil Foster,FR,True,True,5.0
Memphis,NB,SAF,bio,,DEF,2,Darius Malcolm Jr.,SO,True,True,6.0
Miami,WR-X,WR,label,WR,OFF,2,Joshua Moore,SO,False,False,4.0
Miami,WR-Z,WR,label,WR,OFF,2,Cam Vaughn,JR,True,True,5.0
Miami,WR-SL,WR,label,WR,OFF,2,Daylyn Upshaw,FR,False,True,6.0
Texas,SLB,LB,label,LB,DEF,2,Markus Boswell,SO,True,False,6.0
Texas,WLB,LB,label,LB,DEF,2,Tyler Atkinson,FR,False,False,4.0
Texas,LCB,CB,label,CB,DEF,2,Warren Roberson,JR,False,True,3.0
Boise State,STUD,EDGE,bio,EDGE,DEF,2,Sterling Lane II,SR,True,True,2.0
Boston College,WR-X,WR,label,WR,OFF,2,Reed Swanson,JR,True,True,4.0
Boston College,WR-Z,WR,label,WR,OFF,2,Johnathan Montague Jr.,SO,False,True,5.0
Boston College,WR-SL,WR,label,WR,OFF,2,VJ Wilkins,SR,True,True,6.0
Texas,DE,EDGE,label,EDGE,DEF,2,Zina Umeozulu,SO,False,True,3.0
Texas,JACK,EDGE,bio,EDGE,DEF,2,Colton Vasek,JR,False,True,4.0
Miami,LT,OT,label,,OFF,2,Juan Minaya,SO,False,True,6.0
Hawai'i,WR-Z,WR,label,WR,OFF,2,Devin Alves,SR,True,True,6.0
Miami,LG,IOL,label,,OFF,2,Johnathan Cline,JR,True,True,7.0
Miami,C,IOL,label,,OFF,2,Seuseu Alofaituli,SO,False,False,8.0
Miami,RG,IOL,label,,OFF,2,Jamal Meriweather,JR,True,True,9.0
Miami,TE,TE,label,TE,OFF,2,Luka Gilbert,SO,False,False,2.0
Miami,QB,QB,label,,OFF,2,Luke Nickel,FR,False,True,2.0
Miami,RB,RB,label,RB,OFF,2,CharMar Brown,JR,True,True,2.0
Miami,LDE,EDGE,label,EDGE,DEF,2,Armondo Blount,JR,False,False,3.0
Alabama,WR-X,WR,label,WR,OFF,2,Cederian Morgan,FR,False,False,4.0
Alabama,WR-Z,WR,label,WR,OFF,2,Tyler Henderson,JR,True,False,5.0
Alabama,WR-H,WR,label,WR,OFF,2,Rico Scott,SO,False,True,6.0
West Virginia,RB,RB,label,RB,OFF,2,Amari Latimer,FR,False,False,2.0
West Virginia,DE,EDGE,label,EDGE,DEF,2,Darius Wiley,SO,True,True,2.0
West Virginia,NT,DT,label,DT,DEF,2,Jaylen Thomas,JR,True,False,3.0
West Virginia,DT,DT,label,DT,DEF,2,Corey McIntyre Jr.,JR,False,True,4.0
Miami,RDE,EDGE,label,EDGE,DEF,2,Herbert Scroggins III,SO,False,False,4.0
Memphis,SS,SAF,label,SAF,DEF,2,Dylan Smith,JR,True,True,4.0
Miami,WLB,LB,label,LB,DEF,2,Cam Pruitt,JR,False,False,3.0
Miami,MLB,LB,label,LB,DEF,2,Kamal Bonner,JR,True,True,4.0
Georgia Tech,SS,SAF,label,SAF,DEF,2,Savion Riley,SR,True,True,4.0
Georgia Tech,FS,SAF,label,SAF,DEF,2,Kealan Jones,FR,False,False,5.0
Georgia Tech,NB,CB,default,,DEF,2,Will Kiker,JR,False,True,6.0
Hawai'i,WR-H,WR,label,WR,OFF,2,Tama Uiliata,SO,False,True,4.0
Hawai'i,WR-X,WR,label,WR,OFF,2,Carson Brown,SR,True,True,1.0
Hawai'i,WR-Y,WR,label,WR,OFF,2,Blaze Kamoku,SR,True,False,7.0
Texas,DT,DT,label,DT,DEF,2,Alex January,JR,False,False,4.0
Texas,RT,OT,label,,OFF,2,Andre Cojoe,JR,False,True,10.0
Texas,TE-H,TE,label,TE,OFF,2,Nick Townsend,SO,False,False,4.0
Texas,TE-Y,TE,label,TE,OFF,2,Michael Masunas,SR,True,True,3.0
Texas,QB,QB,label,QB,OFF,2,Karle Lacey Jr.,FR,False,True,2.0
Texas,RB,RB,label,RB,OFF,2,Raleek Brown,SR,True,True,2.0
Texas,WR-Z,WR,label,WR,OFF,2,Kaliq Lockett,FR,False,True,5.0
Texas,C,IOL,label,,OFF,2,Jackson Christian,FR,False,True,8.0
Miami,FS,SAF,label,SAF,DEF,2,JJ Dunnigan,FR,False,False,5.0
Miami,NB,CB,default,,DEF,2,Isaiah Taylor,GR,True,False,6.0
Miami (OH),WR-X,WR,label,WR,OFF,2,Damarion Witten,JR,False,False,4.0
Texas,LG,IOL,label,,OFF,2,Jaydon Chatman,JR,False,True,7.0
Texas,LT,OT,label,,OFF,2,Jordan Coleman,FR,False,True,6.0
Texas,RG,IOL,label,,OFF,2,Paris Patterson Jr.,JR,True,True,9.0
Boston College,LT,OT,label,,OFF,2,Reggie Jackson,JR,True,True,6.0
Boston College,LG,IOL,label,,OFF,2,Judah Pruitt,SO,False,True,7.0
Boston College,C,IOL,label,,OFF,2,Owen Snively,SR,True,True,8.0
Boston College,RG,IOL,label,,OFF,2,Jani Norwood,SO,True,True,9.0
USC,C,IOL,label,,OFF,2,Willi Wascher,FR,False,True,8.0
USC,RG,IOL,label,,OFF,2,Kaylon Miller,SO,False,True,9.0
USC,RT,OT,label,OT,OFF,2,Keenyi Pepe,FR,False,False,10.0
UNLV,LCB,CB,label,CB,DEF,2,Tony-Louis Nkuba,SO,True,True,3.0
Miami,NT,DT,label,DT,DEF,2,Keona Davis,JR,True,False,3.0
Miami,DT,DT,label,DT,DEF,2,Jarquez Carter,SO,True,False,4.0
Boston College,RT,OT,label,,OFF,2,Trevon Humphrey,SR,True,True,10.0
Miami (OH),WR-Z,WR,label,WR,OFF,2,Brady Simmons,SR,False,True,5.0
Miami (OH),C,IOL,label,,OFF,2,Mitchell Butler,JR,False,True,8.0
Miami (OH),LG,IOL,label,,OFF,2,Brandon Lawhorn Moore,SR,False,True,2.0
Miami (OH),RG,IOL,label,,OFF,2,Max Hauck,FR,False,False,4.0
Miami (OH),RT,OT,label,,OFF,2,Andrew Lowry,JR,False,True,9.0
Miami (OH),QB,QB,label,QB,OFF,2,David McComb,FR,False,True,2.0
Miami (OH),RB,RB,label,RB,OFF,2,D'Shawntae Jones,SO,False,True,3.0
Georgia Tech,DT,DT,label,DT,DEF,2,Landen Marshall,FR,False,True,4.0
Georgia Tech,WLB,LB,label,LB,DEF,2,Cayman Spaulding,SR,True,False,3.0
Georgia Tech,MLB,LB,label,LB,DEF,2,Melvin Jordan IV,SR,True,True,4.0
Georgia Tech,LCB,CB,label,CB,DEF,2,Zachary Tobe,SR,True,False,3.0
Georgia Tech,RCB,CB,label,CB,DEF,2,Jonas Duclona,JR,True,True,4.0
Miami,LCB,CB,label,CB,DEF,2,Damari Brown,JR,False,True,3.0
Miami,RCB,CB,label,CB,DEF,2,Xavier Lucas,JR,True,False,4.0
Miami,SS,SAF,label,SAF,DEF,2,Conrad Hussey,SR,True,False,4.0
Tennessee,RCB,CB,label,CB,DEF,2,Jadais Richard,SR,True,True,4.0
Arkansas,JACK,EDGE,default,LB,DEF,2,Steven Soles Jr.,JR,True,False,4.0
Georgia Tech,RB,RB,label,RB,OFF,2,Malachi Hosley,SR,True,False,2.0
Georgia Tech,LDE,EDGE,label,EDGE,DEF,2,Jordan Boyd,JR,False,False,3.0
Georgia Tech,RDE,EDGE,label,EDGE,DEF,2,A.J. Hoffler,SR,True,False,4.0
Georgia Tech,NT,DT,label,DT,DEF,2,Christian Speakman,FR,False,False,3.0
Miami (OH),LDE,EDGE,label,EDGE,DEF,2,Devin Bell,SO,False,True,3.0
Miami (OH),RDE,EDGE,label,EDGE,DEF,2,James Schott,JR,False,True,6.0
Miami (OH),NT,DT,label,DT,DEF,2,Brach Rice,SO,False,True,2.0
Miami (OH),LCB,CB,label,CB,DEF,2,Jerome Smith,FR,False,True,4.0
Miami (OH),RCB,CB,label,CB,DEF,2,Adrian Walker Jr.,SO,False,False,3.0
UNLV,RCB,CB,label,,DEF,2,Denver Harris,SR,True,True,4.0
UNLV,SS,SAF,label,,DEF,2,Landyn Cleveland,JR,True,False,4.0
UNLV,FS,SAF,label,SAF,DEF,2,Logan Christensen,SO,False,False,5.0
UNLV,NB,CB,default,,DEF,2,Kyron Chambers,SR,True,True,6.0
Arkansas,DT,DT,label,DT,DEF,2,Xadavien Sims,SO,True,True,4.0
Michigan,LT,OT,label,OT,OFF,2,Andrew Babalola,FR,False,True,6.0
Michigan,LG,IOL,label,,OFF,2,Luke Hamilton,SO,False,True,7.0
Michigan,C,IOL,label,,OFF,2,Houston Ka'aha'aina-Torres,FR,True,True,8.0
Michigan,RG,IOL,label,,OFF,2,Brady Norton,JR,True,True,9.0
Michigan,RT,OT,label,,OFF,2,Malakai Lee,FR,False,False,10.0
Miami (OH),NB,SAF,bio,SAF,DEF,2,Ben Minich,SR,False,False,4.0
Miami (OH),SS,SAF,label,SAF,DEF,2,CJ Young,JR,False,True,3.0
Michigan,WR-X,WR,label,WR,OFF,2,Jamar Browder,SO,False,False,4.0
Michigan,WR-Z,WR,label,WR,OFF,2,Salesi Moa,FR,False,False,5.0
Michigan,WR-SL,WR,label,WR,OFF,2,Channing Goodwin,SO,False,True,6.0
Tennessee,SS,SAF,label,SAF,DEF,2,Dejuan Lane,JR,True,False,4.0
Tennessee,FS,SAF,label,SAF,DEF,2,Dylan Lewis,SO,False,False,5.0
Tennessee,NB,SAF,bio,,DEF,2,Isaiah Hardge,JR,True,True,6.0
Texas,WR-H,WR,label,WR,OFF,2,Daylan McCutcheon,SO,False,False,6.0
Texas,WR-X,WR,label,WR,OFF,2,Sterling Berkhalter,SR,True,True,4.0
Tennessee,LCB,CB,label,CB,DEF,2,Tre Poteat III,SO,False,False,3.0
West Virginia,QB,QB,label,QB,OFF,2,Scotty Fox Jr.,SO,False,False,2.0
Alabama,LT,OT,label,,OFF,2,Tyrell Miller,JR,True,False,6.0
Alabama,LG,IOL,label,,OFF,2,Mal Waldrep Jr.,FR,False,True,7.0
Alabama,C,IOL,label,,OFF,2,Kaden Strayhorn,FR,True,True,8.0
Michigan,RB,RB,label,RB,OFF,2,Savion Hiter,FR,False,False,2.0
Arkansas,NT,DT,label,DT,DEF,2,Carlon Jones,SO,True,True,3.0
USC,WR-X,WR,label,WR,OFF,2,Corey Simms,SO,False,False,4.0
USC,WR-Z,WR,label,WR,OFF,2,Kayden Dixon-Wyatt,FR,False,False,5.0
USC,WR-SL,WR,label,WR,OFF,2,Trent Mosley,FR,False,False,6.0
USC,LT,OT,label,,OFF,2,Elijah Vaikona,FR,False,True,6.0
USC,LG,IOL,label,,OFF,2,Hayden Treter,SO,False,True,7.0
Tennessee,NT,DT,label,DT,DEF,2,Nathan Robinson,JR,False,True,3.0
Tennessee,DT,DT,label,DT,DEF,2,Isaiah Campbell,SO,False,False,4.0
Tennessee,WLB,LB,label,LB,DEF,2,Jadon Perlotte,SO,False,False,3.0
Tennessee,MLB,LB,label,LB,DEF,2,Edwin Spillman,SO,False,True,4.0
Boston College,TE,TE,label,TE,OFF,2,Zeke Moore,SR,True,False,2.0
USC,LDE,EDGE,label,EDGE,DEF,2,Jadyn Ramos,FR,False,True,3.0
USC,RDE,EDGE,label,EDGE,DEF,2,Zuriah Fisher,SR,True,True,4.0
Arkansas,DE,EDGE,label,EDGE,DEF,2,Trajen Odom,FR,True,True,3.0
Boston College,QB,QB,label,QB,OFF,2,Grayson Wilson,FR,True,True,2.0
Boston College,RB,RB,label,RB,OFF,2,Nolan Ray,JR,True,True,2.0
Georgia Tech,RT,OT,label,,OFF,2,Markell Samuel,SR,True,True,10.0
Georgia Tech,TE,TE,label,TE,OFF,2,Chris Corbo,SR,True,True,2.0
Georgia Tech,QB,QB,label,QB,OFF,2,Grady Adamson,FR,False,True,2.0
Michigan,TE,TE,label,TE,OFF,2,Hogan Hansen,SO,False,True,2.0
Michigan,QB,QB,label,QB,OFF,2,Brayden Fowler-Nicolosi,SR,True,True,2.0
West Virginia,LT,OT,label,,OFF,2,Deshawn Woods,SR,True,True,6.0
West Virginia,LG,IOL,label,,OFF,2,Josh Aisosa,SO,True,True,7.0
West Virginia,C,IOL,label,,OFF,2,Wes King,SR,True,True,8.0
West Virginia,RG,IOL,label,,OFF,2,Devin Vass,JR,True,True,9.0
West Virginia,RT,OT,label,,OFF,2,Kevin Brown,FR,False,False,10.0
West Virginia,TE,TE,label,TE,OFF,2,Cam Ball,SR,True,True,2.0
Tennessee,C,IOL,label,,OFF,2,Nic Moore,FR,False,True,8.0
Tennessee,RG,IOL,label,,OFF,2,Donovan Haslam,SR,True,True,9.0
Tennessee,RT,OT,label,,OFF,2,Jeremias Heard,SO,False,True,10.0
Tennessee,TE,TE,label,TE,OFF,2,DaSaahn Brame,SO,False,False,2.0
Alabama,TE,TE,label,TE,OFF,2,Josh Ford,JR,True,False,2.0
West Virginia,WR-X,WR,label,WR,OFF,2,Taron Francis,FR,True,True,4.0
West Virginia,WR-Z,WR,label,WR,OFF,2,John Neider,JR,True,True,5.0
West Virginia,WR-Y,WR,label,WR,OFF,2,Armoni Weaver-Bomar,FR,False,True,6.0
Michigan,RCB,CB,label,CB,DEF,2,Jo'Ziah Edmond,SO,False,True,4.0
Michigan,LDE,EDGE,label,EDGE,DEF,2,Dominic Nichols,SO,False,True,3.0
Michigan,RDE,EDGE,label,EDGE,DEF,2,Nate Marshall,SO,False,False,4.0
Michigan,LDT,DT,label,DT,DEF,2,Deyvid Palepale,SO,False,True,3.0
Michigan,RDT,DT,label,DT,DEF,2,Jonah Lea'ea,JR,True,True,4.0
USC,TE,TE,label,TE,OFF,2,Tucker Ashcraft,JR,True,True,2.0
USC,QB,QB,label,QB,OFF,2,Sam Huard,SR,True,True,2.0
USC,RB,RB,label,RB,OFF,2,King Miller,SO,False,True,2.0
USC,WLB,LB,label,LB,DEF,2,Jadyn Walker,SO,False,True,3.0
USC,MLB,LB,label,LB,DEF,2,Elijah Newby,SO,False,True,4.0
Tennessee,QB,QB,label,QB,OFF,2,Faizon Brandon,FR,False,False,2.0
Tennessee,WR-X,WR,label,WR,OFF,2,Travis Smith Jr.,SO,False,False,4.0
Tennessee,WR-Z,WR,label,WR,OFF,2,TK Keys,FR,False,False,5.0
Michigan,FS,SAF,label,SAF,DEF,2,Jordan Young,SO,False,False,5.0
Michigan,NB,CB,bio,CB,DEF,2,Jamarion Vincent,FR,False,False,6.0
Michigan,WLB,LB,label,LB,DEF,2,Nathaniel Staehling,SR,True,True,3.0
Michigan,MLB,LB,label,LB,DEF,2,Chase Taylor,SO,False,False,4.0
Michigan,LCB,CB,label,CB,DEF,2,Shamari Earls,SO,False,False,3.0
Alabama,RG,IOL,label,,OFF,2,Ethan Fields,JR,True,True,9.0
Alabama,RT,OT,label,,OFF,2,Nick Brooks,SO,True,False,10.0
Tennessee,RB,RB,label,RB,OFF,2,Daune Morris,SO,False,False,2.0
Tennessee,DE,EDGE,label,EDGE,DEF,2,Mariyon Dye,SO,False,False,3.0
Tennessee,LEO,EDGE,bio,LB,DEF,2,Chaz Coleman,SO,True,False,4.0
Tennessee,LG,IOL,label,,OFF,2,Shamurad Umarov,JR,False,True,7.0
Temple,LCB,CB,label,CB,DEF,2,Earl Kulp,SO,True,True,3.0
Temple,RCB,CB,label,CB,DEF,2,Devontae Ward-Grant,FR,False,True,4.0
Michigan State,RT,OT,label,,OFF,2,Robert Wright Jr.,JR,True,True,8.0
Michigan State,TE,TE,label,TE,OFF,2,Kai Rios,SR,True,True,2.0
Georgia Tech,WR-X,WR,label,WR,OFF,2,Jaiven Plummer,SR,True,True,4.0
Georgia Tech,WR-Z,WR,label,WR,OFF,2,Debron Gatling,SO,True,True,5.0
Georgia Tech,WR-SL,WR,label,WR,OFF,2,Chris Elko,JR,False,True,6.0
Georgia Tech,LT,OT,label,,OFF,2,Josh Petty,SO,False,False,6.0
Georgia Tech,LG,IOL,label,,OFF,2,Courtlin Heard,FR,False,False,7.0
Georgia Tech,C,IOL,label,,OFF,2,Will Reed,SR,True,True,8.0
Georgia Tech,RG,IOL,label,,OFF,2,Courtney Heard,FR,False,False,9.0
Michigan,SS,SAF,label,SAF,DEF,2,Mason Curtis,JR,False,False,4.0
Arkansas,QB,QB,label,QB,OFF,2,AJ Hill,FR,True,True,2.0
Arkansas,RB,RB,label,RB,OFF,2,Sutton Smith,SR,True,True,2.0
USC,NT,DT,label,DT,DEF,2,Jamaal Jarrett,JR,True,True,3.0
USC,DT,DT,label,DT,DEF,2,Jahkeem Stewart,SO,False,False,4.0
Georgia State,LCB,CB,label,CB,DEF,2,Toby Bolton,SR,True,False,3.0
Georgia State,RCB,CB,label,CB,DEF,2,Tyson McCrary,SO,False,False,4.0
Georgia State,FS,SAF,label,SAF,DEF,2,Donovan Faria,SO,True,False,5.0
Georgia State,NB,SAF,bio,,DEF,2,Demonte Gaston,SR,True,True,6.0
Georgia State,SS,SAF,label,SAF,DEF,2,Keenan Nelson,SR,True,True,4.0
Michigan State,WR-X,WR,label,WR,OFF,2,Bryson Williams,FR,False,True,4.0
Michigan State,WR-Z,WR,label,WR,OFF,2,Charles Taplin,FR,False,True,5.0
Michigan State,WR-F,WR,label,WR,OFF,2,Rodney Bullard Jr.,SR,True,True,6.0
Michigan State,LT,OT,label,,OFF,2,Rustin Young,SO,False,True,6.0
Michigan State,RG,IOL,label,,OFF,2,Rakeem Johnson,SO,False,True,7.0
Tennessee,WR-SL,WR,label,WR,OFF,2,Joakim Dodson,FR,False,True,6.0
Tennessee,LT,OT,label,,OFF,2,Gabriel Osenda,FR,False,False,6.0
Boston College,DE,EDGE,label,EDGE,DEF,2,Demetrius Ballard,SO,True,True,3.0
Boston College,JACK,EDGE,bio,EDGE,DEF,2,E'Lla Boykin,JR,True,False,4.0
Boston College,NT,DT,label,DT,DEF,2,Christian Hudson,SO,True,False,3.0
Boston College,DT,DT,label,DT,DEF,2,Micah Amedee,SO,False,False,4.0
Michigan State,LCB,CB,label,CB,DEF,2,NiJhay Burt,SR,True,True,3.0
Michigan State,RCB,CB,label,CB,DEF,2,Tyran Chappell,SO,True,True,4.0
Michigan State,QB,QB,label,QB,OFF,2,Cam Fancher,SR,True,True,2.0
Michigan State,RB,RB,label,RB,OFF,2,Jaziun Patterson,SR,True,True,2.0
Michigan State,LDE,EDGE,label,EDGE,DEF,2,Kekai Burnett,SO,False,True,3.0
Michigan State,RDE,EDGE,label,EDGE,DEF,2,Anelu Lafaele,SO,True,True,4.0
Temple,SS,SAF,label,SAF,DEF,2,Jaeden Gould,SR,True,True,4.0
Temple,FS,SAF,label,SAF,DEF,2,Saboor Karriem,SR,True,False,5.0
Temple,NB,SAF,bio,,DEF,2,Kolin Dinkins,SR,True,True,6.0
Temple,NT,DT,label,DT,DEF,2,Kaleb Artis,SR,True,True,3.0
Temple,DT,DT,label,DT,DEF,2,Kevin Hornbeak,SR,True,True,4.0
Temple,WLB,LB,label,LB,DEF,2,Tyree Alualu,JR,False,False,3.0
Temple,MLB,LB,label,LB,DEF,2,Jayvant Brown,JR,True,True,4.0
Utah,TE,TE,label,TE,OFF,2,Noah Bennee,SR,True,True,2.0
USC,LCB,CB,label,CB,DEF,2,Chasen Johnson,SO,True,True,3.0
USC,RCB,CB,label,CB,DEF,2,Trestin Castro,FR,False,True,4.0
Temple,RB,RB,label,RB,OFF,2,Sam Brown V,SR,True,True,2.0
Temple,DE,EDGE,label,EDGE,DEF,2,Davier Bishop,JR,True,True,3.0
Temple,RUSH,EDGE,default,,DEF,2,JaMair Diaz,JR,True,True,4.0
Washington State,LCB,CB,label,CB,DEF,2,Elmo Wartson,JR,True,True,3.0
Washington State,RCB,CB,label,CB,DEF,2,Jamarey Smith,FR,False,True,4.0
Washington State,SS,SAF,label,SAF,DEF,2,Jshawn Frausto-Ramos,JR,True,True,4.0
Washington State,FS,SAF,label,SAF,DEF,2,Trey Ridley,SO,True,True,5.0
Washington State,NB,CB,bio,,DEF,2,CJ Solis-Lumar,SO,True,False,6.0
Georgia State,DT,DT,label,DT,DEF,2,Tyrese Cathey,SO,True,True,4.0
Georgia State,NT,DT,label,DT,DEF,2,Alex Mullings,SO,False,False,3.0
Georgia State,MLB,LB,label,LB,DEF,2,Ryan Green,SR,True,True,4.0
Georgia State,WLB,LB,label,LB,DEF,2,Eric Butler Jr.,JR,True,False,3.0
Michigan State,LDT,DT,label,,DEF,2,Carlos Hazelwood,SO,True,True,3.0
Michigan State,RDT,DT,label,DT,DEF,2,Derrick Simmons,FR,False,True,4.0
Michigan State,WLB,LB,label,LB,DEF,2,Cam Stodghill,SR,True,False,3.0
Michigan State,MLB,LB,label,LB,DEF,2,Caleb Wheatland,SR,True,True,4.0
Temple,RT,OT,label,,OFF,2,Zach Aamland,JR,True,True,10.0
Temple,TE,TE,label,TE,OFF,2,Peter Clarke,SR,False,False,2.0
Middle Tennessee,QB,QB,label,QB,OFF,2,Peter Costelli,GR,True,False,2.0
Michigan State,SS,SAF,label,SAF,DEF,2,Devin Vaught,JR,True,True,4.0
Michigan State,FS,SAF,label,SAF,DEF,2,Trevaughn Martinez,JR,True,True,5.0
Michigan State,NB,SAF,bio,SAF,DEF,2,Khalil Majeed,SR,False,True,6.0
Middle Tennessee,WR-X,WR,label,WR,OFF,2,Tyree Patterson,JR,True,True,4.0
Middle Tennessee,WR-Z,WR,label,WR,OFF,2,Landon Collins,SO,False,False,5.0
Middle Tennessee,WR-SL,WR,label,WR,OFF,2,Hogan Wasson,SR,True,True,6.0
Washington State,MLB,LB,label,LB,DEF,2,DJ Warner,JR,True,False,4.0
USC,SS,SAF,label,SAF,DEF,2,Kendarius Reddick,SO,False,False,4.0
USC,FS,SAF,label,SAF,DEF,2,Marquis Gallegos,SO,False,True,5.0
USC,NB,CB,bio,CB,DEF,2,Prophet Brown,SR,False,True,6.0
Utah,WR-X,WR,label,WR,OFF,2,Tobias Merriweather,SR,True,True,4.0
Arkansas,TE,TE,label,TE,OFF,2,Ty Lockwood,JR,True,True,2.0
Temple,QB,QB,label,QB,OFF,2,Ajani Sheppard,JR,True,True,2.0
Georgia State,DE,EDGE,label,EDGE,DEF,2,Kelze Howard,JR,True,True,3.0
Georgia State,JACK,EDGE,bio,LB,DEF,2,Xavier Esquillien,SR,True,False,4.0
Middle Tennessee,LT,OT,label,,OFF,2,Tim Jacobs,JR,True,False,6.0
Middle Tennessee,LG,IOL,label,,OFF,2,Chris Moreno,JR,True,True,7.0
Middle Tennessee,C,IOL,label,,OFF,2,Quentin Butler,JR,True,True,8.0
Middle Tennessee,RG,IOL,label,,OFF,2,Trevaris Edwards,JR,True,False,9.0
Middle Tennessee,RT,OT,label,,OFF,2,Diego Blattler,SR,True,True,10.0
Middle Tennessee,TE,TE,label,TE,OFF,2,Evan Poticher,JR,False,False,2.0
Boston College,WLB,LB,label,LB,DEF,2,Justin Medlock,SR,True,True,3.0
Boston College,MLB,LB,label,LB,DEF,2,Griffin Collins,SO,False,False,4.0
Boston College,LCB,CB,label,CB,DEF,2,Ashton Cunningham,SO,False,False,3.0
Boston College,RCB,CB,label,CB,DEF,2,Isaiah Farris,SR,False,True,4.0
Temple,LT,OT,label,,OFF,2,Kevin Terry,JR,False,True,6.0
Temple,LG,IOL,label,,OFF,2,Mausa Palu,SR,True,True,7.0
Temple,C,IOL,label,,OFF,2,John Stone,JR,True,True,8.0
Temple,RG,IOL,label,,OFF,2,C.J. Van Buren,GR,True,False,9.0
Middle Tennessee,DE,EDGE,label,EDGE,DEF,2,Tiyyan Robinson,SO,False,True,3.0
Middle Tennessee,EDGE,EDGE,label,EDGE,DEF,2,Mathias Malaki-Donaldson,SR,True,True,4.0
Middle Tennessee,NT,DT,label,DT,DEF,2,Emmanuel Gyamfi,JR,True,False,3.0
Middle Tennessee,DT,DT,label,DT,DEF,2,Justin Bodford,SO,True,True,4.0
TCU,SS,SAF,label,SAF,DEF,2,Kaden McFadden,JR,False,False,4.0
TCU,FS,SAF,label,SAF,DEF,2,Jordan Lester,JR,False,True,5.0
TCU,NB,SAF,bio,,DEF,2,Kylin Jackson,JR,True,True,6.0
Temple,WR-X,WR,label,WR,OFF,2,Rameir Hardy,SO,False,False,4.0
Temple,WR-Z,WR,label,WR,OFF,2,Demonte Greene,JR,True,True,5.0
Temple,WR-SL,WR,label,WR,OFF,2,Reis Stocksdale,SR,True,True,6.0
Arkansas,LG,IOL,label,,OFF,2,Alex Johnson,SO,False,True,7.0
Arkansas,C,IOL,label,,OFF,2,Kash Courtney,FR,False,True,8.0
Arkansas,RG,IOL,label,,OFF,2,Brooks Edmonson,SR,False,True,9.0
Arkansas,RT,OT,label,,OFF,2,Adam Hawkes,SO,True,True,10.0
Georgia State,QB,QB,label,QB,OFF,2,Ayden Pereira,SR,True,True,2.0
Georgia State,RB,RB,label,RB,OFF,2,Lanear McCrary Jr.,JR,True,True,2.0
Middle Tennessee,MLB,LB,label,LB,DEF,2,Jayson Lowe,JR,True,True,4.0
Middle Tennessee,LCB,CB,label,CB,DEF,2,Aidan Singleton,SR,True,False,3.0
Middle Tennessee,RCB,CB,label,CB,DEF,2,Ricky Lee,JR,True,True,4.0
Middle Tennessee,SS,SAF,label,SAF,DEF,2,James Johnson,SO,True,False,4.0
Georgia State,C,IOL,label,,OFF,2,Marcus Mascoll,SO,True,True,7.0
Georgia State,LG,IOL,label,,OFF,2,Gage Stanaland,JR,True,True,6.0
Georgia State,RG,IOL,label,,OFF,2,Pherleski Martin,FR,False,True,8.0
Georgia State,RT,OT,label,,OFF,2,Deylin Hasert,SR,True,True,9.0
Georgia State,TE,TE,label,TE,OFF,2,Wesley Campbell VI,SR,True,True,2.0
Alabama,QB,QB,label,QB,OFF,2,Keelon Russell,FR,False,True,2.0
Alabama,RB,RB,label,RB,OFF,2,Kevin Riley,SO,False,True,2.0
Alabama,DE,EDGE,label,EDGE,DEF,2,Desmond Umeozulu,SR,True,False,2.0
Washington State,LDE,EDGE,label,EDGE,DEF,2,Eduwa Okundaye,SO,True,True,3.0
Washington State,RDE,EDGE,label,EDGE,DEF,2,Michael Hughes,JR,False,True,4.0
Washington State,NT,DT,label,DT,DEF,2,Balaam Miller,JR,True,True,3.0
Middle Tennessee,RB,RB,label,RB,OFF,2,Terrence Brown,SR,True,True,2.0
Middle Tennessee,FS,SAF,label,SAF,DEF,2,Jordan Chestnut,SR,True,True,5.0
Middle Tennessee,NB,CB,default,,DEF,2,Gumbo Gaskins,SR,True,True,6.0
Minnesota,WR-X,WR,label,WR,OFF,2,Noah Jennings,SR,True,False,4.0
Minnesota,WR-Z,WR,label,WR,OFF,2,Donielle Hayes,JR,False,True,5.0
Minnesota,WR-SL,WR,label,,OFF,2,Zion Steptoe,SR,True,True,6.0
Middle Tennessee,WLB,LB,label,LB,DEF,2,Jaiyden Thompson,SR,True,False,3.0
Utah,WR-Z,WR,label,WR,OFF,2,Ricky Johnson,SO,True,True,5.0
Utah,WR-SL,WR,label,WR,OFF,2,Creed Whittemore,JR,True,True,6.0
Utah,LT,OT,label,,OFF,2,Kelvin Obot,FR,False,False,6.0
Utah,LG,IOL,label,,OFF,2,Reece Parmenter,SO,False,True,7.0
Utah,C,IOL,label,,OFF,2,Isaiah Kema,FR,True,True,8.0
Utah,RG,IOL,label,,OFF,2,Roger Alderman,JR,False,True,9.0
Utah,RT,OT,label,,OFF,2,Isaiah Garcia,SO,False,True,10.0
Boston College,SS,SAF,label,SAF,DEF,2,Kameron Howard,JR,True,True,4.0
Boston College,FS,SAF,label,SAF,DEF,2,Marcus Upton,SO,False,False,5.0
Boston College,NB,SAF,bio,,DEF,2,Cameron Martinez,SR,True,True,6.0
TCU,RB,RB,label,RB,OFF,2,Landon Walker,GR,True,False,2.0
TCU,LDE,EDGE,label,LB,DEF,2,Koron Hayward,JR,True,True,3.0
Minnesota,DT,DT,label,DT,DEF,2,Sid Kaba,JR,True,True,4.0
Minnesota,LT,OT,label,,OFF,2,Kaveon Lee,FR,False,True,6.0
Minnesota,LG,IOL,label,,OFF,2,Jaden Ball,SO,True,True,7.0
Minnesota,C,IOL,label,,OFF,2,Brett Carroll,SO,False,True,8.0
Minnesota,RG,IOL,label,,OFF,2,Jerome Williams,JR,False,True,9.0
Minnesota,RT,OT,label,,OFF,2,Daniel Shipp,FR,False,True,10.0
Minnesota,TE,TE,label,TE,OFF,2,Pierce Walsh,JR,False,True,2.0
Minnesota,QB,QB,label,QB,OFF,2,Max Shikenjanski,JR,False,True,2.0
Minnesota,RB,RB,label,RB,OFF,2,A.J. Turner,SR,True,True,2.0
Georgia Southern,RCB,CB,label,CB,DEF,2,Fabo Chaney,SO,False,False,3.0
Georgia Southern,NB,CB,default,,DEF,2,Max Haertel,FR,False,False,3.0
Georgia State,WR-SL,WR,label,WR,OFF,2,Chase Allen-Jackman,SR,True,False,6.0
Georgia State,WR-X,WR,label,WR,OFF,2,Jaylin Marshall,SR,True,True,4.0
Georgia State,WR-Z,WR,label,WR,OFF,2,Owen Dupree,JR,True,True,5.0
Georgia Southern,RB,RB,label,RB,OFF,2,Terrance Gibbs,SR,False,True,2.0
Georgia Southern,LDE,EDGE,label,EDGE,DEF,2,Eli Anders,SO,False,True,3.0
Georgia Southern,RDE,EDGE,label,EDGE,DEF,2,DA Logan,FR,False,False,4.0
Georgia Southern,RDT,DT,label,DT,DEF,2,Uche Iloh,SO,False,True,3.0
Georgia Southern,MLB,LB,label,LB,DEF,2,Holden Trice,JR,False,True,3.0
Georgia Southern,LCB,CB,label,CB,DEF,2,Noah Mangham,SR,False,True,4.0
Minnesota,DE,EDGE,label,EDGE,DEF,2,TJ Bush Jr.,SR,True,False,3.0
Minnesota,RUSH,EDGE,default,,DEF,2,Karter Menz,JR,False,True,4.0
Minnesota,NT,DT,label,DT,DEF,2,Riley Sunram,SO,False,True,3.0
TCU,NT,DT,label,DT,DEF,2,Connor Lingren,SR,False,True,3.0
TCU,DT,DT,label,DT,DEF,2,Tristan Johnson,SO,False,True,4.0
TCU,WLB,LB,label,LB,DEF,2,Michael Teason Jr.,JR,True,True,3.0
TCU,MLB,LB,label,LB,DEF,2,Hudson Hooper,JR,False,True,4.0
TCU,LCB,CB,label,CB,DEF,2,Kalen Carroll,SR,True,True,3.0
TCU,RCB,CB,label,CB,DEF,2,Devondre McGee,JR,False,False,4.0
TCU,QB,QB,label,QB,OFF,2,Adam Schobel,FR,False,True,2.0
Minnesota,WLB,LB,label,LB,DEF,2,Emmanuel Karmo,SO,False,False,3.0
Minnesota,MLB,LB,label,LB,DEF,2,Joey Gerlach,SR,False,True,4.0
Minnesota,LCB,CB,label,CB,DEF,2,Mike Gerald,SO,False,True,3.0
Minnesota,RCB,CB,label,CB,DEF,2,Naiim Parrish,SO,False,False,4.0
Minnesota,SS,SAF,label,SAF,DEF,2,Mekhai Smith,JR,True,False,4.0
TCU,RDE,EDGE,label,EDGE,DEF,2,John Schobel,FR,False,True,4.0
TCU,LT,OT,label,,OFF,2,Wesley Harvey,SO,False,True,6.0
TCU,LG,IOL,label,,OFF,2,Logan Schram,FR,False,True,7.0
TCU,C,IOL,label,,OFF,2,Jaheim Buchanon,JR,True,True,8.0
TCU,RG,IOL,label,,OFF,2,Kilian Registe,FR,False,True,9.0
TCU,RT,OT,label,OT,OFF,2,Ryan Hughes,SO,False,True,10.0
TCU,TE,TE,label,TE,OFF,2,Lafayette Kaiuway,JR,False,True,2.0
Bowling Green,WR-SL,WR,label,WR,OFF,2,Isaiah Dawson,SO,True,False,3.0
Bowling Green,WR-X,WR,label,WR,OFF,2,Austin Clay,SO,True,True,7.0
Minnesota,FS,SAF,label,SAF,DEF,2,Zack Harden,SO,False,False,5.0
Minnesota,NB,SAF,bio,SAF,DEF,2,Garrison Monroe,JR,False,True,6.0
TCU,WR-SL,WR,label,WR,OFF,2,Major Everhart,SR,False,True,6.0
Washington State,C,IOL,label,,OFF,2,Arion Williams,FR,False,True,8.0
Washington State,RG,IOL,label,,OFF,2,Nick Bakken,SO,True,True,9.0
Washington State,RT,OT,label,,OFF,2,Kalolo Ta'aga,SO,True,True,10.0
Washington State,TE,TE,label,TE,OFF,2,Trey Leckner,JR,False,True,2.0
Washington State,QB,QB,label,QB,OFF,2,Julian Dugger,SO,True,True,2.0
Mississippi State,QB,QB,label,QB,OFF,2,AJ Swann,SR,True,True,2.0
Mississippi State,WR-SL,WR,label,WR,OFF,2,Gracen Harris,FR,False,True,6.0
Mississippi State,WR-X,WR,label,WR,OFF,2,Sanfrisco Magee,SO,False,True,4.0
Mississippi State,WR-Z,WR,label,WR,OFF,2,Zion Ragins,SO,True,True,5.0
Mississippi State,C,IOL,label,,OFF,2,Mario Nash,FR,True,True,8.0
Mississippi State,LG,IOL,label,,OFF,2,TJ Lockhart,SO,False,True,7.0
Mississippi State,LT,OT,label,,OFF,2,Tyler Miller,FR,True,True,6.0
Georgia Southern,WR-Y,WR,label,WR,OFF,2,Antavious Murphy,SO,False,True,4.0
Georgia Southern,TE,TE,label,TE,OFF,2,Jack Berquist,FR,False,False,2.0
Georgia Southern,QB,QB,label,QB,OFF,2,Max Johnson,,False,False,1.0
Georgia,MAC,LB,label,LB,DEF,2,Justin Williams,JR,False,False,2.0
Georgia,MONEY,LB,bio,LB,DEF,2,Zayden Walker,SO,False,False,2.0
Mississippi State,RG,IOL,label,,OFF,2,Miles McVay,JR,True,True,9.0
Mississippi State,RT,OT,label,,OFF,2,Saquon Miles,JR,True,True,10.0
Mississippi State,TE,TE,label,TE,OFF,2,Riley Williams,JR,True,True,2.0
Washington State,DT,DT,label,DT,DEF,2,Paul Hutson III,SR,True,True,4.0
Washington State,WLB,LB,label,LB,DEF,2,Carsten Reynolds,SO,True,True,3.0
Washington State,LG,IOL,label,,OFF,2,Sone Falealo,SO,True,True,7.0
Bowling Green,WR-Z,WR,label,WR,OFF,2,Nick Sowell,SR,True,True,5.0
Bowling Green,LG,IOL,label,IOL,OFF,2,Masyn Zahursky,FR,False,True,7.0
Bowling Green,LT,OT,label,,OFF,2,Ethan Kraatz,FR,False,True,6.0
Syracuse,SS,SAF,label,SAF,DEF,2,Amare Snowden,JR,True,True,4.0
Syracuse,FS,SAF,label,SAF,DEF,2,Tedarius Hughes,FR,False,False,5.0
Syracuse,NB,CB,bio,,DEF,2,Jai Eugene Jr.,JR,True,True,6.0
TCU,WR-X,WR,label,WR,OFF,2,Terry Shelton,FR,False,True,4.0
TCU,WR-Z,WR,label,WR,OFF,2,Dozie Ezukanma,SO,False,True,5.0
Mississippi State,DT,DT,label,DT,DEF,2,DJ Reed,JR,True,True,4.0
Mississippi State,NT,DT,label,DT,DEF,2,Kalvin Dinkins,SR,False,True,3.0
Georgia,FS,SAF,label,SAF,DEF,2,Zion Branch,SR,True,True,5.0
Georgia,NB,CB,bio,CB,DEF,2,Kyron Jones,JR,False,True,6.0
Utah,QB,QB,label,QB,OFF,2,Byrd Ficklin,SO,False,False,2.0
Utah,RB,RB,label,RB,OFF,2,Daniel Bray,SO,False,False,2.0
Utah,LDE,EDGE,label,EDGE,DEF,2,Paul Fitzgerald,SR,True,True,3.0
Utah,RDE,EDGE,label,EDGE,DEF,2,Kash Dillon,SO,False,True,4.0
Arkansas,LT,OT,label,,OFF,2,Terence Roberson Jr.,SO,True,True,6.0
Syracuse,NT,DT,label,DT,DEF,2,Jartavius Flounoy,SO,True,False,3.0
Syracuse,DT,DT,label,DT,DEF,2,Isaiah Hastings,SR,True,True,4.0
Syracuse,WLB,LB,label,LB,DEF,2,Gary Bryant III,SR,True,True,3.0
Syracuse,MLB,LB,label,LB,DEF,2,Zyian Moultrie-Goddard,JR,False,True,4.0
Syracuse,LCB,CB,label,CB,DEF,2,Nazir Ward,JR,True,True,3.0
Syracuse,RCB,CB,label,CB,DEF,2,Javon Lawrence,FR,False,True,4.0
Georgia,SS,SAF,label,SAF,DEF,2,Rasean Dinkins,SO,False,False,4.0
Syracuse,TE,TE,label,TE,OFF,2,Noah Meyers,JR,True,True,2.0
Syracuse,QB,QB,label,QB,OFF,2,Amari Odom,JR,True,True,2.0
Syracuse,RB,RB,label,RB,OFF,2,Ju'Juan Johnson,JR,True,False,2.0
Syracuse,DE,EDGE,label,EDGE,DEF,2,Nathan Nyandoro,FR,False,True,3.0
Syracuse,JACK,EDGE,default,,DEF,2,David Omopariola,JR,False,True,4.0
Georgia,DT,DT,label,DT,DEF,2,Josh Horton,JR,True,True,4.0
Georgia,NT,DT,label,DT,DEF,2,Xzavier McLeod,JR,True,True,3.0
Georgia,LCB,CB,label,CB,DEF,2,Braylon Conley,SO,True,True,3.0
Georgia,RCB,CB,label,CB,DEF,2,Gentry Williams,SR,True,True,4.0
Mississippi State,MLB,LB,label,LB,DEF,2,Fatt Forrest,SO,False,True,4.0
Mississippi State,WLB,LB,label,LB,DEF,2,Jalen Smith,JR,True,True,3.0
Mississippi State,LCB,CB,label,CB,DEF,2,Kaylib Singleton,FR,True,True,3.0
Mississippi State,RCB,CB,label,CB,DEF,2,Jett Jefferson,JR,True,True,4.0
Mississippi State,RB,RB,label,RB,OFF,2,Xavier Gayten,JR,False,False,2.0
Mississippi State,DE,EDGE,label,EDGE,DEF,2,Trevion Williams,JR,False,True,3.0
Mississippi State,JACK,EDGE,default,LB,DEF,2,Derion Gullette,JR,True,True,4.0
Syracuse,RG,IOL,label,,OFF,2,Zach Rice,SR,True,True,9.0
Syracuse,RT,OT,label,,OFF,2,Kardiear Shepherd,FR,False,True,10.0
Washington State,WR-X,WR,label,WR,OFF,2,Branden Ganashamoorthy,JR,False,True,4.0
Washington State,WR-Z,WR,label,WR,OFF,2,Ryan McKendry,SO,True,False,5.0
Washington State,WR-SL,WR,label,WR,OFF,2,Daniel Blood,SR,True,False,6.0
Washington State,LT,OT,label,,OFF,2,Maximus McCree,SR,True,True,6.0
Alabama,NT,DT,label,DT,DEF,2,Terrance Green,JR,True,True,3.0
Mississippi State,FS,SAF,label,SAF,DEF,2,Bralan Womack,FR,False,False,5.0
Mississippi State,NB,CB,bio,CB,DEF,2,Kendel Dolby,GR,True,False,6.0
Mississippi State,SS,SAF,label,SAF,DEF,2,Tanner Johnson,SR,False,True,4.0
Missouri,WR-X,WR,label,WR,OFF,2,Kenric Lanier II,JR,True,True,4.0
Missouri,WR-Z,WR,label,WR,OFF,2,Naeshaun Montgomery,FR,True,True,5.0
Missouri,WR-H,WR,label,WR,OFF,2,Shaun Terry II,FR,False,True,6.0
Bowling Green,RT,OT,label,,OFF,2,Gabe Funk,SO,True,True,5.0
Bowling Green,TE,TE,label,TE,OFF,2,Jeremiah Scoby,SO,False,False,2.0
Bowling Green,QB,QB,label,QB,OFF,2,Austin Novosad,JR,True,True,1.0
Stanford,RILB,LB,label,LB,DEF,2,Zach Johnson,JR,True,True,4.0
Missouri,QB,QB,label,QB,OFF,2,Matt Zollers,SO,False,False,2.0
Missouri,RB,RB,label,RB,OFF,2,Jamal Roberts,JR,False,True,2.0
Missouri,LT,OT,label,,OFF,2,Jack Lange,FR,False,True,6.0
Missouri,LG,IOL,label,,OFF,2,Ryan Jostes,SO,False,True,7.0
Missouri,C,IOL,label,,OFF,2,Tristan Wilson,SR,False,True,8.0
Missouri,RG,IOL,label,,OFF,2,Khalief Canty Jr.,FR,False,False,9.0
Missouri,RT,OT,label,,OFF,2,Luke Work,JR,True,False,10.0
Washington State,RB,RB,label,RB,OFF,2,Leo Pulalasi,JR,False,True,2.0
Bowling Green,RB,RB,label,RB,OFF,2,Nakai Amachree,SO,False,True,3.0
Bowling Green,DE,EDGE,label,,DEF,2,Kade Kostus,SR,True,True,2.0
Bowling Green,DT,DT,label,DT,DEF,2,Jaimion Olverson,FR,False,True,4.0
Bowling Green,NT,DT,label,DT,DEF,2,Dior Garner,FR,False,True,3.0
Syracuse,LT,OT,label,,OFF,2,Naquil Betrand,JR,True,True,6.0
Syracuse,LG,IOL,label,,OFF,2,Oluwafunto Akinshilo,SR,True,True,7.0
Syracuse,C,IOL,label,,OFF,2,Matthew Hawn,FR,False,True,8.0
Washington,MLB,LB,label,LB,DEF,2,Taariq Al-Uqdah,SR,True,True,4.0
Washington,LCB,CB,label,CB,DEF,2,Elias Johnson,SO,False,True,3.0
Washington,RCB,CB,label,CB,DEF,2,Jeron Jones,FR,False,False,4.0
Washington,SS,SAF,label,SAF,DEF,2,Paul Mencke Jr.,SO,False,True,4.0
Missouri,NT,DT,label,DT,DEF,2,Donta Simpson,SO,True,False,3.0
Missouri,DT,DT,label,DT,DEF,2,Jason Dowell,FR,False,True,4.0
Missouri,TE,TE,label,TE,OFF,2,Jordon Harris,SR,False,False,2.0
Stanford,FS,SAF,label,SAF,DEF,2,Jaylen'Dai Sumlin,SO,False,True,5.0
Stanford,NB,CB,default,,DEF,2,Lonnie McAllister III,FR,False,True,6.0
Stanford,LOLB,LB,default,,DEF,2,Gabe Kaminski,FR,False,True,2.0
Stanford,ROLB,EDGE,bio,,DEF,2,Dylan Stephenson,SO,False,True,2.0
Syracuse,WR-X,WR,label,WR,OFF,2,Cole Weaver,JR,True,True,4.0
Syracuse,WR-Z,WR,label,WR,OFF,2,Matthew Outten,FR,True,True,5.0
Syracuse,WR-SL,WR,label,WR,OFF,2,Darius Johnson,FR,False,True,6.0
Stanford,NT,DT,label,DT,DEF,2,Jacobi Murray,SO,False,True,2.0
Stanford,LILB,LB,label,LB,DEF,2,Sam Mattingly,JR,False,False,3.0
Georgia,DE,EDGE,label,EDGE,DEF,2,Joseph Jonah-Ajonye,SO,False,True,3.0
Georgia,JACK,EDGE,default,,DEF,2,Amaris Williams,JR,True,False,4.0
Missouri,DE,EDGE,label,EDGE,DEF,2,Jaden Jones,SR,True,True,3.0
Missouri,JACK,EDGE,default,LB,DEF,2,Malik Bryant,JR,True,True,4.0
Alabama,DT,DT,label,EDGE,DEF,2,Devan Thompkins,SR,True,True,4.0
Alabama,MLB,LB,label,,DEF,2,Cayden Jones,JR,False,False,2.0
Stanford,LCB,CB,label,CB,DEF,2,Leroy Bryant,JR,True,True,3.0
Stanford,RCB,CB,label,CB,DEF,2,Cam Richardson,SO,False,True,4.0
Stanford,SS,SAF,label,SAF,DEF,2,Charlie Eckhardt,SO,False,True,4.0
Bowling Green,MLB,LB,label,LB,DEF,2,Sanders Ellis,JR,True,False,4.0
Bowling Green,WLB,LB,label,LB,DEF,2,AJ Odom,SR,True,True,3.0
Bowling Green,RCB,CB,label,,DEF,2,Drey Braxton,JR,True,False,2.0
Bowling Green,FS,SAF,label,,DEF,2,Mike Wright III,JR,True,False,5.0
Bowling Green,SS,SAF,label,SAF,DEF,2,Kal-El Pascal,JR,False,False,1.0
Stanford,TE,TE,label,TE,OFF,2,Chico Holt,JR,True,True,2.0
Washington,WLB,LB,label,LB,DEF,2,Zaydrius Rainey-Sale,SO,False,False,3.0
Missouri State,WR-Z,WR,label,WR,OFF,2,Mekhi Miller,SR,True,True,5.0
Missouri,WLB,LB,label,LB,DEF,2,Dante McClellan,SO,False,False,3.0
Missouri,MLB,LB,label,LB,DEF,2,Jeremiah Beasley,JR,True,False,4.0
Missouri,LCB,CB,label,CB,DEF,2,Sione Laulea,SR,True,True,3.0
Missouri,RCB,CB,label,CB,DEF,2,Nick DeLoach Jr.,JR,False,True,4.0
Stanford,QB,QB,label,QB,OFF,2,Dylan Rizk,JR,True,True,2.0
Stanford,RB,RB,label,RB,OFF,2,Sedrick Irvin,SR,False,False,2.0
Stanford,LDE,EDGE,label,EDGE,DEF,2,Joe Asiain,SO,False,True,3.0
Stanford,RDE,EDGE,label,EDGE,DEF,2,Connor Bachhuber,SO,False,True,4.0
Bowling Green,BUCK,EDGE,bio,,DEF,2,John Baker IV,FR,True,True,2.0
Buffalo,WR-X,WR,label,WR,OFF,2,Tyrell Simmons Jr.,SO,False,True,4.0
Buffalo,WR-Z,WR,label,WR,OFF,2,Dwayne Early Jr.,FR,False,True,5.0
Buffalo,WR-SL,WR,label,WR,OFF,2,Phillip Folmar,FR,False,True,6.0
Stanford,WR-X,WR,label,WR,OFF,2,Jordan Onovughe,JR,True,True,4.0
Stanford,WR-Z,WR,label,WR,OFF,2,Zion Robinson,FR,False,False,5.0
Georgia,RB,RB,label,RB,OFF,2,Chauncey Bowens,SO,False,True,2.0
Arkansas,WR-Z,WR,label,WR,OFF,2,Donovan Faupel,SR,True,False,5.0
Arkansas,WR-SL,WR,label,WR,OFF,2,Jamari Hawkins,SR,True,True,6.0
Washington,FS,SAF,label,SAF,DEF,2,Rahim Wright II,SO,False,True,5.0
Washington,NB,CB,bio,,DEF,2,Ramonz Adams Jr.,FR,False,True,6.0
Washington,LDE,EDGE,label,EDGE,DEF,2,Logan George,JR,True,True,3.0
Washington,RDE,EDGE,label,EDGE,DEF,2,Russell Davis II,SR,True,True,4.0
Washington,LDT,DT,label,LB,DEF,2,Darin Conley,JR,True,True,3.0
Washington,RDT,DT,label,DT,DEF,2,DeSean Watts,JR,True,True,4.0
Alabama,LCB,CB,label,CB,DEF,2,Chuck McDonald III,FR,False,True,3.0
Alabama,RCB,CB,label,CB,DEF,2,Carmelo O'Neal,JR,True,False,4.0
Georgia,QB,QB,label,QB,OFF,2,Ryan Puglisi,SO,False,True,2.0
Missouri,SS,SAF,label,SAF,DEF,2,Jackson Hancock,SO,False,True,4.0
Missouri,FS,SAF,label,SAF,DEF,2,Kensley Louidor-Faustin,JR,True,False,5.0
Missouri,NB,SAF,bio,SAF,DEF,2,JaDon Blair,FR,True,True,6.0
Missouri State,WR-SL,WR,label,TE,OFF,2,Witt Edwards,SO,True,True,6.0
Missouri State,WR-X,WR,label,WR,OFF,2,Antonio Robinson,SR,True,True,4.0
Missouri State,MLB,LB,label,LB,DEF,2,Stratton Shufelt,JR,True,False,4.0
Missouri State,C,IOL,label,,OFF,2,Logan Scrivner,SO,False,True,7.0
Missouri State,LT,OT,label,,OFF,2,Makhete Gueye,SR,True,True,6.0
Missouri State,RT,OT,label,,OFF,2,Brayden Thompson,FR,False,True,8.0
Missouri State,TE,TE,label,TE,OFF,2,Dillon Hipp,SO,True,True,2.0
Missouri State,QB,QB,label,QB,OFF,2,Henry Belin IV,SR,True,True,2.0
Missouri State,RB,RB,label,RB,OFF,2,Breezy Dubar,JR,True,True,2.0
Georgia,RT,OT,label,,OFF,2,Jahzare Jackson,JR,False,False,10.0
Georgia,TE,TE,label,TE,OFF,2,Jaden Reddell,SO,False,True,2.0
Stanford,WR-SL,WR,label,WR,OFF,2,Caden High,SR,True,False,6.0
Stanford,LT,OT,label,,OFF,2,Charlie Symonds,JR,False,True,6.0
Stanford,LG,IOL,label,,OFF,2,Josh Williams,SO,False,False,7.0
Stanford,C,IOL,label,,OFF,2,Nathan Mejia,SR,True,True,8.0
Stanford,RG,IOL,label,,OFF,2,Ziron Brown,SO,False,True,9.0
Stanford,RT,OT,label,,OFF,2,Dara Adeyemi,SO,True,True,10.0
Arkansas,WR-X,WR,label,WR,OFF,2,Courtney Crutchfield,SO,True,True,4.0
Southern Miss,FS,SAF,label,SAF,DEF,2,Landon Sylvie,JR,False,False,5.0
Southern Miss,NB,CB,default,,DEF,2,Kobi Albert,JR,False,True,4.0
Buffalo,LT,OT,label,,OFF,2,Gabriel Arena,JR,True,True,6.0
Buffalo,LG,IOL,label,,OFF,2,Jackson Bellamy,SO,False,True,7.0
Missouri State,RCB,CB,label,CB,DEF,2,Darryon Taylor,SR,True,False,4.0
Missouri State,FS,SAF,label,SAF,DEF,2,Antonio Smith,JR,True,True,5.0
Missouri State,NB,CB,bio,CB,DEF,2,Devin Rutherford,SO,False,True,6.0
Missouri State,SS,SAF,label,SAF,DEF,2,J.J. O'Neal,SR,False,True,4.0
Georgia,C,IOL,label,,OFF,2,Cortez Smith,FR,False,True,8.0
Georgia,LG,IOL,label,,OFF,2,Daniel Calhoun,SO,False,True,7.0
Georgia,LT,OT,label,OT,OFF,2,Ekene Ogboko,FR,False,False,6.0
Georgia,RG,IOL,label,,OFF,2,Michael Uini,SO,False,True,9.0
Missouri State,LDE,EDGE,label,EDGE,DEF,2,Kellen Lindstrom,SO,True,True,3.0
Missouri State,RDE,EDGE,label,EDGE,DEF,2,Josh Lukusa,SR,True,True,4.0
Missouri State,LDT,DT,label,DT,DEF,2,Malachi Madison,SR,True,True,3.0
Missouri State,RDT,DT,label,DT,DEF,2,Markell Chapman,JR,True,True,4.0
Alabama,SS,SAF,label,SAF,DEF,2,Ivan Taylor,SO,False,False,3.0
Alabama,FS,SAF,label,SAF,DEF,2,Dre Kirkpatrick Jr.,SO,False,True,4.0
Alabama,WOLF,EDGE,default,,DEF,2,Justin Hill,SO,False,False,2.0
Washington,TE,TE,label,TE,OFF,2,Kade Eldridge,JR,True,True,2.0
Washington,QB,QB,label,QB,OFF,2,Elijah Brown,SO,True,True,2.0
Georgia,WR-X,WR,label,WR,OFF,2,CJ Wiley,SO,False,False,4.0
Georgia,WR-Z,WR,label,WR,OFF,2,Talyn Taylor,FR,False,True,5.0
Missouri State,WLB,LB,label,LB,DEF,2,Martavis Blackmon,JR,True,True,3.0
Missouri State,LCB,CB,label,CB,DEF,2,Navonn Barrett,JR,True,True,3.0
Utah,LDT,DT,label,LB,DEF,2,Jireh Moe,SO,True,False,3.0
Utah,RDT,DT,label,DT,DEF,2,Lucas Samsula,JR,True,True,4.0
Utah,LCB,CB,label,CB,DEF,2,JC Hart,JR,True,True,3.0
Utah,RCB,CB,label,CB,DEF,2,James Chenault,JR,True,False,4.0
Utah,ROVER,SAF,default,,DEF,2,Trey Reynolds,SR,False,False,5.0
Southern Miss,DT,DT,label,DT,DEF,2,Xavier McIver,SR,False,True,2.0
Southern Miss,WLB,LB,label,LB,DEF,2,Melvin Spriggs,JR,False,True,3.0
Navy,C,IOL,label,,OFF,2,Toran Smith,JR,False,False,8.0
Navy,RG,IOL,label,,OFF,2,Matt Tomaszewski,SO,False,False,9.0
Navy,RT,OT,label,,OFF,2,Zarian Simms,SR,False,False,10.0
Fresno State,NB,CB,bio,CB,DEF,2,Tyger Canales,FR,False,True,6.0
Fresno State,SS,SAF,label,SAF,DEF,2,RJ Regan,SR,True,True,4.0
Georgia,WR-SL,WR,label,WR,OFF,2,Kaiden Prothro,FR,False,False,6.0
Buffalo,C,IOL,label,,OFF,2,Thomas Barr,FR,False,True,8.0
Buffalo,RG,IOL,label,,OFF,2,Ahmaan Thomas,SO,False,True,9.0
Buffalo,RT,OT,label,,OFF,2,Jacob Merritt,SR,True,True,10.0
Buffalo,TE,TE,label,TE,OFF,2,Clint Walker,SR,True,True,2.0
Southern Miss,C,IOL,label,,OFF,2,Toby Mealer,FR,False,True,2.0
Southern Miss,LG,IOL,label,,OFF,2,Ari Slocum,FR,False,False,6.0
Southern Miss,QB,QB,label,QB,OFF,2,John White,SO,False,True,3.0
Southern Miss,RB,RB,label,RB,OFF,2,Brandon Hood,SO,False,True,2.0
Southern Miss,RDE,EDGE,label,EDGE,DEF,2,KJ Washington,FR,False,False,2.0
Buffalo,QB,QB,label,QB,OFF,2,Elijah Holmes,JR,True,True,2.0
Navy,QB,QB,label,QB,OFF,2,Jackson Gutierrez,JR,False,False,2.0
Navy,SB-A,RB,label,SAF,OFF,2,Michael Barrow,JR,False,False,4.0
Navy,SB-Z,RB,label,,OFF,2,Robert Jones III,JR,False,False,5.0
Navy,RB,RB,label,RB,OFF,2,Quinton Ezzard,JR,False,False,6.0
Navy,WR-X,WR,label,WR,OFF,2,Joshua Guerin,SR,False,False,4.0
Buffalo,RB,RB,label,RB,OFF,2,Messiah Burch,JR,False,True,2.0
Buffalo,LDE,EDGE,label,EDGE,DEF,2,Logan Goodwin,JR,True,False,3.0
Buffalo,RDE,EDGE,label,EDGE,DEF,2,Jacari Bennett,SO,False,True,4.0
South Florida,SS,SAF,label,SAF,DEF,2,Israel Boyce,JR,True,False,4.0
South Florida,FS,SAF,label,SAF,DEF,2,Cedrick Hawkins Jr.,JR,True,True,5.0
South Florida,NB,SAF,bio,CB,DEF,2,Tayvion Beasley,SR,True,True,6.0
Southern Miss,WR-Z,WR,label,WR,OFF,2,Kaden Saunders,JR,False,True,2.0
South Florida,NT,DT,label,DT,DEF,2,Jahari Grant,JR,False,False,3.0
South Florida,DT,DT,label,DT,DEF,2,Major Dillard,SR,True,False,4.0
Navy,LT,OT,label,,OFF,2,Connor Heater,JR,False,False,6.0
Navy,LG,IOL,label,,OFF,2,Will Hampton,SO,False,False,7.0
Buffalo,RDT,DT,label,DT,DEF,2,Christopher Climes,FR,False,True,4.0
Buffalo,WLB,LB,label,LB,DEF,2,Jordan Owens,JR,True,True,3.0
Buffalo,MLB,LB,label,LB,DEF,2,Stevie Bracey,GR,True,False,4.0
Buffalo,LCB,CB,label,CB,DEF,2,Drayson Crane,SO,True,False,3.0
Buffalo,RCB,CB,label,CB,DEF,2,Oliver Bridges,SR,True,True,4.0
Navy,DE,EDGE,label,EDGE,DEF,2,Ikenna Ozurumba,SR,False,False,2.0
Navy,NT,DT,label,DT,DEF,2,Chris Herock,JR,False,False,3.0
Navy,DT,DT,label,DT,DEF,2,Matt Reyes,SR,False,False,4.0
Navy,LILB,LB,label,LB,DEF,2,Nolan McCamy,SR,False,False,3.0
Navy,RILB,LB,label,LB,DEF,2,Marcus Bleazard,SR,False,False,4.0
Fresno State,MLB,LB,label,LB,DEF,2,Justin Johnson,JR,False,True,4.0
Fresno State,WLB,LB,label,LB,DEF,2,Logan Studt,SO,False,True,3.0
Fresno State,LCB,CB,label,CB,DEF,2,Andre Cobb,SR,True,True,3.0
Fresno State,RCB,CB,label,CB,DEF,2,Loyall Mouzon,SO,False,True,4.0
Fresno State,FS,SAF,label,SAF,DEF,2,Croix Stewart,SR,True,True,5.0
Navy,TE,TE,label,TE,OFF,2,Jordan Collins,SO,False,False,2.0
Utah,SS,SAF,label,SAF,DEF,2,Nate Tilmon,SO,False,False,6.0
Utah,FS,SAF,label,SAF,DEF,2,Jackson Bennee,SO,False,True,7.0
Utah,MAC,LB,label,EDGE,DEF,2,Elijah Elliss,SO,False,True,2.0
NC State,WR-X,WR,label,WR,OFF,2,Chance Robinson,SO,True,True,4.0
NC State,WR-Z,WR,label,WR,OFF,2,Tyreek Copper,FR,False,False,5.0
NC State,WR-SL,WR,label,WR,OFF,2,Victor Snow,SR,True,True,6.0
Navy,SS,SAF,label,SAF,DEF,2,Matthew Seliga,SR,False,False,3.0
Navy,FS,SAF,label,SAF,DEF,2,Aaron Rose,JR,False,False,4.0
Navy,LOLB,LB,default,,DEF,2,Job Grant,SR,False,False,2.0
Navy,ROLB,LB,default,,DEF,2,Trent Gillis,SO,False,False,2.0
Navy,FCB,CB,label,,DEF,2,Bryce Allen,SR,False,False,2.0
South Florida,WLB,LB,label,LB,DEF,2,Sam Robinson,SO,True,True,3.0
South Florida,MLB,LB,label,LB,DEF,2,Michael Harris,SR,True,False,4.0
South Florida,LCB,CB,label,CB,DEF,2,Teddy Foster,SO,True,True,3.0
South Florida,RCB,CB,label,CB,DEF,2,Deylen Platt,SO,False,True,4.0
Buffalo,LDT,DT,label,,DEF,2,Mason Nickel,SO,True,True,3.0
South Florida,C,IOL,label,,OFF,2,Khalil Collins,FR,False,True,8.0
South Florida,RG,IOL,label,,OFF,2,Julius Tate,SO,True,True,9.0
South Florida,RT,OT,label,,OFF,2,Braden Carter,SO,False,True,10.0
South Florida,TE,TE,label,TE,OFF,2,Evan Dangler,SR,False,True,2.0
NC State,QB,QB,label,QB,OFF,2,Will Wilson,SO,False,False,2.0
NC State,RB,RB,label,RB,OFF,2,Davion Gause,JR,True,False,2.0
Fresno State,RB,RB,label,RB,OFF,2,Rayshon Luke,SR,True,True,2.0
Fresno State,LDE,EDGE,label,,DEF,2,Merhauti Xepera,SR,False,True,3.0
Fresno State,RDE,EDGE,label,EDGE,DEF,2,Dylan Hampsten,JR,True,True,4.0
Fresno State,LDT,DT,label,,DEF,2,Auckland Asiata,JR,False,True,3.0
Fresno State,RDT,DT,label,DT,DEF,2,Mordecai Hines,JR,False,True,4.0
Navy,BCB,CB,label,CB,DEF,2,Cam Robinson,SO,False,False,2.0
South Florida,QB,QB,label,QB,OFF,2,Luke Kromenhoek,SO,True,True,2.0
South Florida,RB,RB,label,RB,OFF,2,Jason Collins Jr.,JR,True,True,2.0
South Florida,DE,EDGE,label,EDGE,DEF,2,Michael Williams II,SR,False,True,3.0
South Florida,JACK,EDGE,bio,,DEF,2,Marshon Oxley,SR,True,True,4.0
NC State,NT,DT,label,DT,DEF,2,Katron Evans,GR,True,False,3.0
NC State,DT,DT,label,DT,DEF,2,AJ Prim,JR,True,True,4.0
NC State,LT,OT,label,,OFF,2,Jai'Lun Hampton,GR,True,False,6.0
NC State,LG,IOL,label,,OFF,2,Rico Jackson,JR,False,True,7.0
NC State,C,IOL,label,,OFF,2,Rylan Vann,SR,False,True,8.0
NC State,RG,IOL,label,,OFF,2,Yousef Mugharbil,SR,True,True,9.0
NC State,RT,OT,label,,OFF,2,TK Whitset,FR,False,True,10.0
NC State,TE,TE,label,TE,OFF,2,Vander Ploog,FR,True,True,2.0
Utah State,WR-X,WR,label,WR,OFF,2,Eli Wood,GR,True,False,4.0
Utah State,WR-Z,WR,label,WR,OFF,2,Ty Olsen,FR,False,True,5.0
Utah State,WR-SL,WR,label,WR,OFF,2,LJ Johnson Jr.,SO,True,True,6.0
Arizona State,SS,SAF,label,SAF,DEF,2,Antoine Belgrave-Shorter,SO,True,True,4.0
Arizona State,FS,SAF,label,SAF,DEF,2,Kyan McDonald,JR,False,False,5.0
Arizona State,NB,CB,default,,DEF,2,Montana Warren,JR,False,True,6.0
South Florida,LT,OT,label,,OFF,2,Kahari Finley,SR,True,False,6.0
South Florida,LG,IOL,label,,OFF,2,Devin Davis,GR,True,False,7.0
Washington,RT,OT,label,,OFF,2,Soane Faasolo,JR,False,True,10.0
Fresno State,RG,IOL,label,,OFF,2,Jonah Leaupepetele,FR,False,True,9.0
Fresno State,RT,OT,label,,OFF,2,Kyson Van Vugt,SR,True,True,10.0
Fresno State,TE,TE,label,TE,OFF,2,Jake Appleget,SR,True,True,2.0
Fresno State,QB,QB,label,QB,OFF,2,Jayden Mandal,JR,False,True,2.0
Buffalo,SS,SAF,label,SAF,DEF,2,Xavier Leonard,SO,False,True,4.0
Buffalo,FS,SAF,label,SAF,DEF,2,Zae Jennings,JR,True,False,5.0
Buffalo,NB,SAF,bio,SAF,DEF,2,Ronnell Davis,SO,False,True,6.0
BYU,WR-X,WR,label,,OFF,2,Tei Nacua,SO,False,True,4.0
BYU,WR-Z,WR,label,WR,OFF,2,Reggie Frischknecht,JR,True,False,5.0
BYU,WR-SL,WR,label,WR,OFF,2,Legend Glasker,FR,False,False,6.0
South Carolina,NB,CB,default,,DEF,2,Gerald Kilgore,SR,True,True,6.0
South Florida,WR-X,WR,label,WR,OFF,2,Bryson Rodgers,JR,True,True,4.0
South Florida,WR-Z,WR,label,WR,OFF,2,Cameron Seldon,SR,True,False,5.0
NC State,DE,EDGE,label,EDGE,DEF,2,Chase Bond,SO,False,True,3.0
NC State,JACK,EDGE,default,,DEF,2,Sterling Dixon,SO,True,True,4.0
BYU,LT,OT,label,,OFF,2,Siosiua Latu-Finau,FR,False,True,6.0
BYU,LG,IOL,label,,OFF,2,Zak Yamauchi,SO,True,False,7.0
BYU,C,IOL,label,,OFF,2,Trevor Pay,SO,False,True,8.0
Fresno State,C,IOL,label,,OFF,2,Ben Baker,SO,False,True,8.0
Fresno State,LG,IOL,label,IOL,OFF,2,Gino Quinones,SR,True,True,7.0
NC State,WLB,LB,label,LB,DEF,2,LaCorian Hodge,SO,False,False,3.0
NC State,MLB,LB,label,LB,DEF,2,AJ Richardson,JR,True,True,4.0
NC State,LCB,CB,label,CB,DEF,2,Ty White,SO,True,True,3.0
NC State,RCB,CB,label,CB,DEF,2,Caden Gordon,SO,False,False,4.0
NC State,SS,SAF,label,SAF,DEF,2,Brody Barnhardt,SO,False,True,4.0
Fresno State,LT,OT,label,,OFF,2,Marsel Akins,SO,False,True,6.0
Washington,RB,RB,label,RB,OFF,2,Trey Cooley,SR,True,True,2.0
Washington,LT,OT,label,,OFF,2,Kolt Dieterich,JR,True,True,6.0
Washington,LG,IOL,label,,OFF,2,Jack Shaffer,FR,False,True,7.0
Washington,C,IOL,label,,OFF,2,Jake Flores,FR,False,True,8.0
Washington,RG,IOL,label,,OFF,2,Champ Taulealea,FR,False,True,9.0
Nebraska,TE,TE,label,TE,OFF,2,Carter Nelson,JR,False,False,2.0
NC State,FS,SAF,label,SAF,DEF,2,Ronnie Royal III,SO,False,True,5.0
NC State,NB,CB,default,,DEF,2,Asaad Brown Jr.,SO,False,True,6.0
Nebraska,WR-X,WR,label,WR,OFF,2,Quinn Clark,SO,False,True,4.0
Nebraska,WR-Z,WR,label,WR,OFF,2,Cortez Mills Jr.,SO,False,False,5.0
Nebraska,WR-SL,WR,label,WR,OFF,2,Janiran Bonner,SR,False,True,6.0
Fresno State,WR-SL,WR,label,WR,OFF,2,Jordan Malau'ulu,SO,False,True,6.0
Fresno State,WR-X,WR,label,WR,OFF,2,Harold Duvall,SO,False,False,4.0
Fresno State,WR-Z,WR,label,WR,OFF,2,Jayon Farrar,SR,True,False,5.0
South Florida,WR-SL,WR,label,WR,OFF,2,Kenny Odom,SR,True,True,6.0
South Carolina,WLB,LB,label,LB,DEF,2,A.J. Holloway,FR,False,True,3.0
South Carolina,MLB,LB,label,LB,DEF,2,Shawn Murphy,SR,True,True,4.0
South Carolina,LCB,CB,label,CB,DEF,2,Damarcus Leach,SO,False,False,3.0
South Carolina,RCB,CB,label,CB,DEF,2,Kosci Barnes,FR,False,False,4.0
South Carolina,SS,SAF,label,SAF,DEF,2,J'Zavien Currence,FR,False,False,4.0
South Carolina,FS,SAF,label,SAF,DEF,2,Kendall Daniels Jr.,SO,False,False,5.0
Nebraska,QB,QB,label,QB,OFF,2,TJ Lateef,SO,False,False,2.0
Nebraska,RB,RB,label,RB,OFF,2,Mekhi Nelson,SO,False,True,2.0
Nebraska,LDE,EDGE,label,EDGE,DEF,2,Kade Pietrzak,SO,False,False,3.0
Nebraska,RDE,EDGE,label,EDGE,DEF,2,Anthony Jones Jr.,SR,True,True,4.0
Nebraska,LT,OT,label,,OFF,2,Gunnar Gottula,JR,False,True,6.0
Nebraska,LG,IOL,label,,OFF,2,Grant Brix,SO,False,True,7.0
Nebraska,C,IOL,label,,OFF,2,Jake Peters,SO,False,True,8.0
Nebraska,RG,IOL,label,,OFF,2,Sam Sledge,JR,False,True,9.0
Nebraska,RT,OT,label,,OFF,2,Tyler Knaak,SR,True,True,10.0
BYU,RG,IOL,label,,OFF,2,Joe Brown,SO,False,True,9.0
BYU,RT,OT,label,,OFF,2,Jr Sia,JR,True,True,10.0
BYU,TE,TE,label,TE,OFF,2,Roger Saleapaga II,JR,True,False,2.0
South Carolina,LDE,EDGE,label,EDGE,DEF,2,Drew Collins,SO,True,True,3.0
South Carolina,RDE,EDGE,label,EDGE,DEF,2,Caleb Herring,SR,True,False,4.0
South Carolina,LDT,DT,label,,DEF,2,Kelby Collins,SR,True,False,3.0
South Carolina,RDT,DT,label,DT,DEF,2,Tomiwa Durojaiye,SR,True,True,4.0
Washington,WR-SL,WR,label,WR,OFF,2,Mason James,FR,False,False,6.0
Alabama,STING,LB,bio,LB,DEF,2,Luke Metz,SO,False,False,2.0
Alabama,HUSKY,SAF,bio,SAF,DEF,2,Zavier Mincey,JR,False,False,2.0
Florida State,RCB,CB,label,CB,DEF,2,Quindarrius Jones,SR,False,False,4.0
Florida State,SS,SAF,label,SAF,DEF,2,Tre Bell III,FR,False,False,4.0
Florida State,FS,SAF,label,SAF,DEF,2,K.J. Kirkland,JR,False,True,5.0
Florida State,NB,SAF,bio,,DEF,2,Karson Hobbs,JR,True,False,6.0
Arizona State,LCB,CB,label,CB,DEF,2,Caleb Chester,FR,True,True,3.0
Arizona State,RCB,CB,label,CB,DEF,2,Joseph Smith,SO,False,False,4.0
Utah State,LT,OT,label,,OFF,2,Chewy Wade,SO,True,True,6.0
Utah State,LG,IOL,label,,OFF,2,Kadin Lynch,SR,True,True,7.0
Utah State,RG,IOL,label,,OFF,2,K'leyone Iosua,JR,False,True,8.0
Utah State,RT,OT,label,,OFF,2,Jackson Nelson,SO,True,True,9.0
Utah State,TE,TE,label,TE,OFF,2,Preston McDaniel,FR,False,False,2.0
South Carolina,TE,TE,label,TE,OFF,2,Mike Tyler,SO,False,False,2.0
South Carolina,QB,QB,label,QB,OFF,2,Cutter Woods,FR,False,True,2.0
Nebraska,WLB,LB,label,LB,DEF,2,Dawson Merritt,SO,False,False,3.0
Nebraska,MLB,LB,label,LB,DEF,2,Dexter Foster,JR,True,False,4.0
Florida State,LCB,CB,label,CB,DEF,2,Charles Lester III,SO,False,True,3.0
Wake Forest,NB,CB,default,,DEF,2,Zamari Stevenson,SR,False,True,6.0
Washington,WR-X,WR,label,WR,OFF,2,Chris Lawson,SO,False,False,4.0
South Carolina,RB,RB,label,RB,OFF,2,Christian Clark,SO,True,True,2.0
BYU,QB,QB,label,QB,OFF,2,Treyson Bourguet,SR,True,True,2.0
BYU,RB,RB,label,RB,OFF,2,Sione Moa,SO,False,True,2.0
BYU,LDE,EDGE,label,EDGE,DEF,2,Viliami Po'uha,JR,False,False,3.0
BYU,RDE,EDGE,label,EDGE,DEF,2,Tausili Akana,JR,True,True,4.0
BYU,NT,DT,label,DT,DEF,2,Anisi Purcell,SR,True,True,3.0
South Carolina,LT,OT,label,OT,OFF,2,Shed Sarratt Jr.,SO,False,False,6.0
South Carolina,LG,IOL,label,,OFF,2,Ebubedike Nnabugwu,JR,True,True,7.0
South Carolina,C,IOL,label,,OFF,2,Nolan Hay,SR,True,True,8.0
South Carolina,RG,IOL,label,,OFF,2,Adedamola Ajidahun,FR,False,True,9.0
Washington,WR-Z,WR,label,WR,OFF,2,Jordan Clay,FR,False,False,5.0
BYU,DT,DT,label,DT,DEF,2,Ulavai Fetuli,FR,False,True,4.0
BYU,SLB,LB,label,,DEF,2,Ace Kaufusi,JR,False,True,3.0
Nevada,LG,IOL,label,,OFF,2,Elias Justice,JR,True,False,7.0
Florida State,DE,EDGE,label,EDGE,DEF,2,Darryll Desir,SO,False,False,3.0
Florida State,JACK,EDGE,default,LB,DEF,2,Jalen Anderson,JR,True,False,4.0
Florida State,NT,DT,label,DT,DEF,2,Jordan Sanders,SR,True,True,3.0
Florida State,DT,DT,label,DT,DEF,2,Deante McCray,SR,True,True,4.0
Florida State,WLB,LB,label,LB,DEF,2,Blake Nichelson,SR,False,False,3.0
Florida State,MLB,LB,label,LB,DEF,2,Omar Graham Jr.,SR,False,True,4.0
Nebraska,LCB,CB,label,CB,DEF,2,Danny Odem III,FR,False,False,3.0
Nebraska,RCB,CB,label,CB,DEF,2,Victor Evans III,SR,True,False,4.0
Nebraska,SS,SAF,label,SAF,DEF,2,Rex Guthrie,SO,False,True,4.0
Nebraska,FS,SAF,label,SAF,DEF,2,Caleb Benning,SO,False,True,5.0
Nebraska,NB,CB,default,,DEF,2,Mario Buford,SO,False,True,6.0
Nebraska,NT,DT,label,DT,DEF,2,Sua Lefotu,JR,False,True,3.0
Nebraska,DT,DT,label,DT,DEF,2,Jahsear Whittington,SO,True,True,4.0
Utah State,FS,SAF,label,SAF,DEF,2,David Kabongo,SO,True,True,5.0
Wake Forest,WLB,LB,label,LB,DEF,2,Tylan McNichols,JR,True,False,3.0
Wake Forest,MLB,LB,label,LB,DEF,2,Buom Jock,JR,True,True,4.0
Wake Forest,LCB,CB,label,CB,DEF,2,Travon West,JR,False,True,3.0
Wake Forest,RCB,CB,label,CB,DEF,2,Ashaad Williams,SR,True,True,4.0
Wake Forest,SS,SAF,label,SAF,DEF,2,Joshua Patterson,FR,True,True,4.0
Nevada,WR-X,WR,label,WR,OFF,2,Donnie Cheers,JR,True,True,4.0
Nevada,WR-Z,WR,label,WR,OFF,2,Jaceon Doss,SR,True,True,5.0
Nevada,WR-SL,WR,label,WR,OFF,2,Daijon Calimon,SO,False,True,6.0
Nevada,LT,OT,label,,OFF,2,Max Zuro,FR,False,False,6.0
South Carolina,RT,OT,label,,OFF,2,Armando Nieves,SR,True,True,10.0
South Alabama,FCB,CB,label,CB,DEF,2,Cube Gurley,SO,False,True,2.0
South Alabama,BCB,CB,label,CB,DEF,2,Tre Webb III,JR,True,True,2.0
South Carolina,WR-X,WR,label,WR,OFF,2,Donovan Murph,SO,False,False,4.0
South Carolina,WR-Z,WR,label,,OFF,2,DJ Black,SR,True,True,5.0
South Carolina,WR-SL,WR,label,WR,OFF,2,Jayden Sellers,SO,False,False,6.0
Nevada,QB,QB,label,QB,OFF,2,Luke Duncan,JR,True,True,2.0
Nevada,RB,RB,label,RB,OFF,2,Dominic Kelley,SO,False,False,2.0
App State,WR-X,WR,label,WR,OFF,2,Nate Branch,SO,True,True,4.0
App State,WR-Z,WR,label,WR,OFF,2,Dazmin James,JR,True,True,5.0
App State,WR-SL,WR,label,WR,OFF,2,Doopah Coleman,SO,False,False,6.0
BYU,MLB,LB,label,LB,DEF,2,Miles Hall,JR,False,True,4.0
BYU,LCB,CB,label,CB,DEF,2,Jordyn Criss,FR,False,True,3.0
BYU,RCB,CB,label,CB,DEF,2,Jayven Williams,SR,True,True,4.0
South Alabama,DT,DT,label,,DEF,2,Tyler Carter,SO,False,True,4.0
South Alabama,NT,DT,label,,DEF,2,Rodney Hunter,JR,True,False,3.0
South Alabama,MLB,LB,label,LB,DEF,2,Terry Kirksey Jr.,SR,True,True,4.0
South Alabama,WLB,LB,label,EDGE,DEF,2,William Felton IV,SO,False,True,3.0
South Alabama,FS,SAF,label,SAF,DEF,2,Kohl Bradley,FR,False,True,5.0
South Alabama,NB,CB,bio,CB,DEF,2,Jayvon Henderson,SR,True,True,3.0
South Alabama,SS,SAF,label,SAF,DEF,2,Kam Robinson,SR,True,False,4.0
Utah State,SS,SAF,label,SAF,DEF,2,Charger Doty,SO,False,False,4.0
Arizona State,MLB,LB,label,LB,DEF,2,Prayer Young-Blackgoat,SO,False,True,4.0
South Alabama,QB,QB,label,QB,OFF,2,Jared Hollins,SO,False,True,2.0
South Alabama,RB,RB,label,RB,OFF,2,Keenan Phillips,JR,True,False,1.0
Nevada,NB,CB,default,,DEF,2,Zion Jones,JR,True,True,6.0
Nevada,LDE,EDGE,label,EDGE,DEF,2,Brandon Amaniampong,JR,True,True,3.0
Nevada,RDE,EDGE,label,EDGE,DEF,2,Kameron Brown,FR,False,True,4.0
Nevada,NT,DT,label,DT,DEF,2,James Gillespie,SR,True,True,3.0
Nevada,DT,DT,label,,DEF,2,Tanner Vaughan,SR,True,True,4.0
Nevada,WLB,LB,label,LB,DEF,2,Poasa Utu,JR,True,True,3.0
Florida State,TE,TE,label,TE,OFF,2,Landen Thomas,JR,False,False,2.0
Florida State,QB,QB,label,QB,OFF,2,Kevin Sperry,FR,False,True,2.0
Florida State,RB,RB,label,RB,OFF,2,Ousmane Kromah,SO,False,False,2.0
Nevada,C,IOL,label,,OFF,2,Ethan Lowell,SO,False,True,8.0
Nevada,RG,IOL,label,,OFF,2,Tyler Miller,SO,False,True,9.0
Nevada,RT,OT,label,,OFF,2,Henry Sellards,SO,False,True,10.0
Nevada,TE,TE,label,TE,OFF,2,Jayden O'Rourke,SR,False,False,2.0
Florida State,RT,OT,label,,OFF,2,Chimdia Nwaiwu,JR,True,True,9.0
Nevada,MLB,LB,label,LB,DEF,2,Jake Silverman,SO,False,False,4.0
Nevada,LCB,CB,label,,DEF,2,Selman Bridges,SO,True,True,3.0
Nevada,RCB,CB,label,,DEF,2,Cooper Wilson,JR,True,True,4.0
Nevada,SS,SAF,label,,DEF,2,Isaiah Jordan,FR,False,True,4.0
Nevada,FS,SAF,label,,DEF,2,Larry Turner-Gooden,SR,True,True,5.0
Utah State,NB,CB,default,,DEF,2,Bobby Arnold,SR,True,True,6.0
Utah State,LOLB,EDGE,bio,EDGE,DEF,2,Adonis Jackson,SR,True,False,2.0
Utah State,QB,QB,label,QB,OFF,2,Kaleb Maryland,FR,False,False,2.0
Utah State,RB,RB,label,RB,OFF,2,Sesi Vailahi,JR,True,True,2.0
Utah State,FB,RB,label,RB,OFF,2,Stockton Pyne,SO,False,True,2.0
Utah State,DE,EDGE,label,DT,DEF,2,Kasen Long,SO,True,True,2.0
Utah State,NT,DT,label,DT,DEF,2,Quincy Wright,SR,True,True,3.0
Utah State,DT,DT,label,LB,DEF,2,Ronnie Mageo,SR,True,True,4.0
Utah State,LILB,LB,label,LB,DEF,2,Asher Cunningham,JR,True,True,3.0
Arizona State,WLB,LB,label,LB,DEF,2,Zyrus Fiaseu,SR,True,True,3.0
California,WR-SL,WR,label,WR,OFF,2,QuaRon Adams,SR,True,True,6.0
New Mexico,TE,TE,label,TE,OFF,2,Simon Mapa,SR,True,False,2.0
New Mexico,QB,QB,label,QB,OFF,2,Luke Moga,SO,True,True,2.0
New Mexico,RB,RB,label,RB,OFF,2,Cameron Mathews,FR,True,True,2.0
New Mexico,WR-X,WR,label,WR,OFF,2,Shawn Miller,SR,True,True,4.0
New Mexico,WR-Z,WR,label,WR,OFF,2,Massiah Mingo,FR,False,False,5.0
New Mexico,WR-SL,WR,label,WR,OFF,2,Evan Wysong,JR,False,True,6.0
New Mexico,LT,OT,label,,OFF,2,Markus Fetcho,SO,True,False,6.0
New Mexico,C,IOL,label,,OFF,2,JoJo Matautia,FR,False,True,7.0
New Mexico,RT,OT,label,,OFF,2,Tevin Shaw,SR,True,True,8.0
Florida State,WR-X,WR,label,WR,OFF,2,Tae'Shaun Gelsey,FR,False,True,4.0
Florida State,WR-Z,WR,label,WR,OFF,2,Devin Carter,FR,False,False,5.0
Florida State,WR-SL,WR,label,WR,OFF,2,Jasen Lopez,FR,False,False,6.0
Florida State,LT,OT,label,,OFF,2,Jonathan Daniels,SO,False,True,6.0
Florida State,C,IOL,label,,OFF,2,Chavez Thompson,FR,False,True,7.0
Florida State,RG,IOL,label,,OFF,2,Jayden Todd,SO,False,True,8.0
App State,LG,IOL,label,,OFF,2,Danny Stevens,JR,False,True,7.0
App State,RG,IOL,label,,OFF,2,Lance Williams,JR,True,True,8.0
App State,RT,OT,label,,OFF,2,Mac Walters,SR,True,True,9.0
Florida International,LCB,CB,label,CB,DEF,2,Tyderick Brown,SO,True,True,3.0
Florida International,RCB,CB,label,CB,DEF,2,Jai-Ayviauynn Celestine,SR,True,True,4.0
Florida International,SS,SAF,label,SAF,DEF,2,Ormond Wallace,SR,True,False,4.0
Florida International,FS,SAF,label,SAF,DEF,2,Wesley Miller,SR,True,True,5.0
Florida International,NB,CB,default,,DEF,2,DeAndre Boykins,SR,True,True,6.0
South Alabama,DE,EDGE,label,EDGE,DEF,2,E'Mauri Smiley,SO,False,False,5.0
South Alabama,EDGE,EDGE,label,EDGE,DEF,2,Tre'Mon Henry,JR,True,True,4.0
BYU,ROVER,SAF,default,,DEF,2,Jake Clifton,JR,True,False,5.0
BYU,SS,SAF,label,SAF,DEF,2,Matthias Leach,SO,False,True,6.0
BYU,FS,SAF,label,SAF,DEF,2,Jarinn Kalama,SO,False,True,7.0
BYU,NB,CB,default,,DEF,2,Tommy Prassas,JR,False,False,8.0
California,WR-X,WR,label,WR,OFF,2,Jordan King,SR,False,True,4.0
California,WR-Z,WR,label,WR,OFF,2,Mark Hamper,JR,True,True,5.0
SMU,SS,SAF,label,SAF,DEF,2,Sael Reyes,SO,False,False,4.0
SMU,FS,SAF,label,SAF,DEF,2,Abdul Muhammad,JR,False,True,5.0
SMU,NB,SAF,bio,,DEF,2,La'Modrick Spencer,SR,True,False,6.0
New Mexico,LDE,EDGE,label,EDGE,DEF,2,Jalen Charles,SO,True,True,3.0
New Mexico,RDE,EDGE,label,EDGE,DEF,2,Elijah Brody,JR,False,False,4.0
New Mexico,NT,DT,label,DT,DEF,2,Jalen McIver,JR,True,False,3.0
New Mexico,DT,DT,label,DT,DEF,2,AJ Robinson,JR,True,True,4.0
Florida International,WLB,LB,label,LB,DEF,2,Pickle Stewart,SO,True,True,3.0
Florida International,MLB,LB,label,LB,DEF,2,Brayshawn Littlejohn,JR,True,True,4.0
Wake Forest,FS,SAF,label,SAF,DEF,2,Myles Turpin,JR,False,False,5.0
Wake Forest,RB,RB,label,RB,OFF,2,KD Daniels,SO,True,True,2.0
Wake Forest,DE,EDGE,label,EDGE,DEF,2,Tyler Walton,JR,False,True,3.0
Wake Forest,RUSH,EDGE,bio,,DEF,2,Camden Hardy,SO,False,True,4.0
Wake Forest,NT,DT,label,DT,DEF,2,Sydir Mitchell,JR,True,True,3.0
Wake Forest,DT,DT,label,DT,DEF,2,Matt Herron,SR,True,True,4.0
App State,LT,OT,label,,OFF,2,Kamron Burris,JR,True,True,6.0
Florida International,RDE,EDGE,label,EDGE,DEF,2,Robert Williams,SO,False,True,4.0
Florida International,NT,DT,label,DT,DEF,2,Elijah Simmons,SR,True,True,3.0
Florida International,DT,DT,label,DT,DEF,2,Jamorie Flagg,SO,True,True,4.0
New Mexico,WLB,LB,label,LB,DEF,2,C.J. Johnson,JR,True,True,3.0
New Mexico,MLB,LB,label,LB,DEF,2,Clay Martineau,SO,True,True,4.0
New Mexico,LCB,CB,label,CB,DEF,2,Jahmir Torres,SO,False,False,3.0
New Mexico,RCB,CB,label,CB,DEF,2,Eric McClain,JR,True,False,4.0
New Mexico,SS,SAF,label,SAF,DEF,2,Will Hicks,JR,True,True,4.0
New Mexico,FS,SAF,label,SAF,DEF,2,CJ McBean,SO,False,False,5.0
New Mexico,NB,CB,default,,DEF,2,Kevin Longstreet,JR,True,True,6.0
South Alabama,WR-X,WR,label,WR,OFF,2,Micah Woods,SR,True,True,1.0
South Alabama,WR-Z,WR,label,WR,OFF,2,Khatori Marion,FR,False,False,5.0
South Alabama,LT,OT,label,,OFF,2,Shalik Hubbard,SR,True,True,4.0
South Alabama,TE,TE,label,TE,OFF,2,Everett Hunter,SR,True,True,2.0
SMU,LCB,CB,label,CB,DEF,2,Jaelyn Davis-Robinson,SR,True,True,3.0
SMU,RCB,CB,label,CB,DEF,2,William Nettles,SO,False,True,4.0
New Mexico State,WR-Z,WR,label,WR,OFF,2,Lyndon Ravare,SR,True,False,5.0
New Mexico State,WR-SL,WR,label,WR,OFF,2,Terrione Graves,JR,True,True,6.0
New Mexico State,LT,OT,label,,OFF,2,Gavin Jones,FR,False,True,6.0
New Mexico State,LG,IOL,label,,OFF,2,Luke Moise,JR,True,False,7.0
New Mexico State,C,IOL,label,,OFF,2,Caleb Pyfrom,SO,True,True,8.0
New Mexico State,RG,IOL,label,,OFF,2,Tyler Keinath,GR,True,False,9.0
Florida International,LDE,EDGE,label,EDGE,DEF,2,DeeJay Holmes Jr.,JR,True,True,3.0
South Alabama,WR-SL,WR,label,WR,OFF,2,Jeremiah Jones-Thomas,SO,False,False,6.0
California,LT,OT,label,,OFF,2,Frederick Williams III,JR,False,True,6.0
California,LG,IOL,label,,OFF,2,Kahlee Tafai,JR,True,True,7.0
California,C,IOL,label,,OFF,2,Lamar Robinson,SR,True,True,8.0
California,RG,IOL,label,,OFF,2,Ashton Rivera,SR,True,True,9.0
California,RT,OT,label,,OFF,2,Mykeal Rabess,JR,True,True,10.0
California,TE,TE,label,TE,OFF,2,Mason Mini,JR,True,True,2.0
SMU,LDT,DT,label,,DEF,2,Christian Davis,JR,True,True,3.0
SMU,RDT,DT,label,,DEF,2,Woo Spencer,JR,True,True,4.0
California,QB,QB,label,QB,OFF,2,Jackson Brousseau,JR,True,True,2.0
California,RB,RB,label,RB,OFF,2,Ashten Emory,SO,True,True,2.0
Wake Forest,LT,OT,label,,OFF,2,Tolu Olajide,SR,True,True,6.0
Wake Forest,LG,IOL,label,,OFF,2,Ja'Marion Kennedy,JR,True,True,7.0
Wake Forest,C,IOL,label,,OFF,2,Devin McRae,JR,False,True,8.0
Wake Forest,RG,IOL,label,,OFF,2,Jack Hines,SO,False,True,9.0
Wake Forest,RT,OT,label,,OFF,2,Elliot Demaine,FR,False,True,10.0
Wake Forest,TE,TE,label,TE,OFF,2,Landon Morris,SR,True,True,2.0
Wake Forest,QB,QB,label,QB,OFF,2,Steele Pizzella,FR,False,True,2.0
Florida International,QB,QB,label,QB,OFF,2,Zach Marker,GR,True,False,2.0
Florida International,RB,RB,label,RB,OFF,2,Devonte Lyons,SO,False,True,2.0
New Mexico State,RT,OT,label,,OFF,2,Merrick Becerra,SO,True,True,10.0
New Mexico State,TE,TE,label,TE,OFF,2,Jerry Lydiatt,JR,False,True,2.0
New Mexico State,QB,QB,label,QB,OFF,2,Adam Damante,JR,True,True,2.0
New Mexico State,RB,RB,label,RB,OFF,2,Dijon Stanley,SR,True,False,2.0
New Mexico State,WR-X,WR,label,WR,OFF,2,Myles Libman,JR,True,True,4.0
SMU,C,IOL,label,,OFF,2,Graham Uter,SO,False,True,8.0
SMU,RG,IOL,label,,OFF,2,Abel Hoopii,SO,False,False,9.0
New Mexico State,LDE,EDGE,label,EDGE,DEF,2,Demanuel Brown,JR,True,True,3.0
New Mexico State,RDE,EDGE,label,EDGE,DEF,2,Obinna Okeke,JR,True,True,4.0
New Mexico State,LDT,DT,label,,DEF,2,Enzo-Pierre Tayou,SR,True,True,3.0
New Mexico State,RDT,DT,label,,DEF,2,Jeremiah Sandiford,SR,True,False,4.0
Florida International,TE,TE,label,TE,OFF,2,Kevin Schaeffer,GR,True,False,2.0
App State,TE,TE,label,TE,OFF,2,Dillon Galloway,SO,False,False,2.0
App State,QB,QB,label,QB,OFF,2,Henry Hasselbeck,SO,True,True,2.0
SMU,WLB,LB,label,LB,DEF,2,Jamal Anderson,JR,True,True,3.0
SMU,MLB,LB,label,LB,DEF,2,Brandon Miyazono,SR,False,False,4.0
SMU,TE,TE,label,TE,OFF,2,Randy Pittman Jr.,SR,True,False,2.0
SMU,QB,QB,label,QB,OFF,2,Ty Hawkins,FR,False,True,2.0
SMU,RB,RB,label,RB,OFF,2,Derrick McFall,SO,False,True,2.0
SMU,LDE,EDGE,label,EDGE,DEF,2,Jahkai Lang,JR,True,True,3.0
SMU,RDE,EDGE,label,EDGE,DEF,2,Trey Wilson,SR,True,False,4.0
Florida International,RG,IOL,label,,OFF,2,Spencer Webb,JR,True,True,9.0
Florida International,RT,OT,label,,OFF,2,Oscar Colon,SR,True,False,10.0
New Mexico State,WLB,LB,label,LB,DEF,2,Zaiden Davis,SO,False,False,3.0
New Mexico State,MLB,LB,label,LB,DEF,2,Fa'apaia Fualema,JR,True,False,4.0
New Mexico State,LCB,CB,label,CB,DEF,2,Lorenzo Smith,SR,True,False,3.0
New Mexico State,RCB,CB,label,CB,DEF,2,De'Marcus Peters,SR,True,True,4.0
New Mexico State,SS,SAF,label,SAF,DEF,2,DJ Cloyd,SR,True,False,4.0
New Mexico State,FS,SAF,label,SAF,DEF,2,RJ Chapman,SR,True,True,5.0
California,LDE,EDGE,label,,DEF,2,Jayden Williams,JR,True,False,3.0
California,RDE,EDGE,label,,DEF,2,Ashun Shepphard,SR,True,True,4.0
California,NT,DT,label,,DEF,2,Stanley Saole-McKenzie,SR,False,True,2.0
SMU,WR-X,WR,label,,OFF,2,Link Rhodes,SR,True,False,4.0
SMU,WR-Z,WR,label,WR,OFF,2,Carterrious Brown,FR,False,True,5.0
SMU,WR-SL,WR,label,,OFF,2,Jalen Hale,JR,True,True,6.0
SMU,LT,OT,label,,OFF,2,Sam Utu,FR,False,False,6.0
SMU,LG,IOL,label,,OFF,2,Drew Evers,FR,False,False,7.0
California,MLB,LB,label,LB,DEF,2,AJ Tuitele,FR,True,True,4.0
California,LCB,CB,label,CB,DEF,2,Marquis Groves-Killebrew,SR,True,True,3.0
California,RCB,CB,label,CB,DEF,2,Jae'on Young,FR,False,True,4.0
California,SS,SAF,label,SAF,DEF,2,Cam Sidney,SR,False,True,4.0
California,FS,SAF,label,SAF,DEF,2,Kingston Lopa,SO,True,True,5.0
North Carolina,RG,IOL,label,,OFF,2,Rowan Byrne,FR,True,True,8.0
North Carolina,RT,OT,label,,OFF,2,Brandon Homady,FR,True,True,9.0
North Carolina,TE,TE,label,TE,OFF,2,Shamar Easter,JR,True,True,2.0
North Carolina,WR-X,WR,label,WR,OFF,2,Madrid Tucker,FR,False,True,4.0
North Carolina,WR-Z,WR,label,WR,OFF,2,Nathan Leacock,JR,True,True,5.0
North Carolina,WR-SL,WR,label,WR,OFF,2,Dayton Sneed,JR,True,True,6.0
Florida International,WR-Z,WR,label,WR,OFF,2,Eric Nelson,SO,False,True,5.0
Florida International,WR-SL,WR,label,WR,OFF,2,Jojo Stone,SO,True,True,6.0
Florida International,LT,OT,label,,OFF,2,Nickolas Molina,SR,True,True,6.0
Florida International,LG,IOL,label,,OFF,2,Akeem Neal,SO,False,True,7.0
Florida International,C,IOL,label,,OFF,2,Jon Rodriguez,SO,False,True,8.0
Arizona State,LDT,DT,label,,DEF,2,Blazen Lono-Wong,SR,False,True,3.0
App State,RDE,EDGE,label,,DEF,2,Keaton Braddock,JR,True,False,4.0
App State,NT,DT,label,DT,DEF,2,Ki'Shawn Harvey,JR,True,True,3.0
Virginia Tech,SS,SAF,label,SAF,DEF,2,Sheldon Robinson,SO,False,False,4.0
Virginia Tech,FS,SAF,label,SAF,DEF,2,Jordan Bass,SR,True,False,5.0
Virginia Tech,NB,CB,bio,,DEF,2,Kenny Woseley Jr.,SO,True,True,6.0
Florida Atlantic,SS,SAF,label,SAF,DEF,2,Bo Simpson-Nealy,JR,True,True,4.0
Florida Atlantic,NB,SAF,bio,,DEF,2,Chris Tooley III,JR,False,True,5.0
Florida International,WR-X,WR,label,WR,OFF,2,Tyson Carter,SO,False,False,4.0
North Carolina,LT,OT,label,,OFF,2,Eidan Buchanan,SO,False,False,6.0
North Carolina,LG,IOL,label,,OFF,2,Jonah Rodriguez,JR,True,True,7.0
SMU,RT,OT,label,,OFF,2,Evan Goodwin,FR,False,False,10.0
San José State,SS,SAF,label,SAF,DEF,2,Charles Cox III,SR,True,False,7.0
San José State,LOLB,LB,default,,DEF,2,John Norwood,SR,False,True,2.0
San José State,ROLB,LB,default,LB,DEF,2,Malakai Hoeft,SR,True,True,2.0
California,WLB,LB,label,LB,DEF,2,Kamar Mothudi,SO,True,True,3.0
North Carolina,QB,QB,label,QB,OFF,2,Miles O'Neill,SO,True,True,2.0
North Carolina,RB,RB,label,RB,OFF,2,Benjamin Hall,JR,True,True,2.0
North Carolina,LDE,EDGE,label,EDGE,DEF,2,Jaylen Harvey,SO,True,True,3.0
North Carolina,RDE,EDGE,label,EDGE,DEF,2,Joseph Mupoyi,JR,True,True,4.0
Florida Atlantic,LCB,CB,label,CB,DEF,2,Derrick Rogers,JR,True,True,3.0
Florida Atlantic,RCB,CB,label,CB,DEF,2,Wallace Foster IV,SO,True,True,4.0
App State,RB,RB,label,RB,OFF,2,Jaquari Lewis,SO,False,False,2.0
App State,LDE,EDGE,label,,DEF,2,Caleb Pitts,SO,False,False,3.0
California,NB,CB,default,,DEF,2,Quimari Shemwell,JR,True,False,6.0
San José State,NT,DT,label,,DEF,2,Jayland McGlothen,JR,True,False,2.0
San José State,MLB,LB,label,LB,DEF,2,Naseri Danielson,JR,True,True,2.0
San José State,MLB,LB,label,LB,DEF,2,Viliami Lotoaniu,FR,False,False,7.0
San José State,WLB,LB,label,LB,DEF,2,Champ Kapanui,FR,False,True,3.0
San José State,LCB,CB,label,CB,DEF,2,Isaiah Buxton,SO,True,True,3.0
Arizona State,LDE,EDGE,label,EDGE,DEF,2,Roman Pitre,SR,True,True,3.0
Arizona State,RDE,EDGE,label,EDGE,DEF,2,Clayton Smith,GR,True,False,4.0
Virginia Tech,WLB,LB,label,LB,DEF,2,Antwone Santiago,SR,True,True,3.0
Virginia Tech,MLB,LB,label,LB,DEF,2,Keon Wylie,SR,True,True,4.0
Virginia Tech,LCB,CB,label,CB,DEF,2,Thomas Williams,JR,False,True,3.0
Virginia Tech,RCB,CB,label,CB,DEF,2,Cam Chadwick Jr.,JR,True,True,4.0
App State,DT,DT,label,,DEF,2,Aaron Clark,SO,True,True,4.0
North Carolina,NT,DT,label,DT,DEF,2,Xavier Lewis,SO,False,False,3.0
North Carolina,DT,DT,label,DT,DEF,2,Tarvorise Brown,JR,True,True,4.0
Arizona State,RDT,DT,label,DT,DEF,2,MyKeil Gardner,JR,True,True,4.0
Utah State,RILB,LB,label,SAF,DEF,2,Mataira Brown,JR,True,False,4.0
Utah State,LCB,CB,label,CB,DEF,2,Marcus McKenzie,JR,True,True,3.0
Utah State,RCB,CB,label,SAF,DEF,2,Kye Stokes,SR,True,True,4.0
San José State,RCB,CB,label,CB,DEF,2,Jonathan Watts,SO,True,True,4.0
San José State,QB,QB,label,QB,OFF,2,Robert McDaniel,FR,False,True,2.0
San José State,LDE,EDGE,label,EDGE,DEF,2,Etu Finau,SR,True,True,3.0
North Carolina,WLB,LB,label,LB,DEF,2,Jonathan Agumadu,SO,True,True,3.0
North Carolina,MLB,LB,label,LB,DEF,2,Timir Hickman-Collins,SO,True,True,4.0
Florida Atlantic,WLB,LB,label,LB,DEF,2,Khmari Johnson,SR,True,False,3.0
Florida Atlantic,MLB,LB,label,LB,DEF,2,Zyere Horton,SR,True,True,4.0
North Carolina,LCB,CB,label,CB,DEF,2,Jalon Thompson,JR,False,False,3.0
North Carolina,RCB,CB,label,CB,DEF,2,Reggie Love II,JR,False,True,4.0
Wake Forest,WR-X,WR,label,WR,OFF,2,Wondame Davis Jr.,SO,True,True,4.0
Wake Forest,WR-Z,WR,label,WR,OFF,2,Ny Carr,SO,True,True,5.0
Wake Forest,WR-SL,WR,label,WR,OFF,2,Drayden Dickmann,JR,True,True,6.0
Virginia Tech,LDT,DT,label,DT,DEF,2,Randy Adirika,FR,True,True,3.0
San José State,RDE,EDGE,label,EDGE,DEF,2,Noa Siaosi,JR,False,False,5.0
Utah State,ROLB,LB,bio,EDGE,DEF,2,James Jennette,GR,True,False,2.0
UTEP,WR-X,WR,label,WR,OFF,2,Jeremiah Nash,JR,True,False,4.0
UTEP,WR-Z,WR,label,WR,OFF,2,Rafeald Campbell,SO,False,True,5.0
UTEP,WR-SL,WR,label,WR,OFF,2,Royal Capell,SO,True,False,6.0
San José State,LG,IOL,label,,OFF,2,Mitchell Jones,SO,True,False,7.0
San José State,RG,IOL,label,,OFF,2,Simeon Afalava,SR,True,False,4.0
Virginia Tech,RDT,DT,label,DT,DEF,2,Eric Mensah,SO,True,True,4.0
North Carolina,FS,SAF,label,SAF,DEF,2,Peyton Waters,SO,True,True,5.0
North Carolina,NB,CB,default,,DEF,2,Tre Miller,JR,False,True,6.0
North Dakota State,WR-X,WR,label,WR,OFF,2,Logan Conklin,SO,False,True,4.0
North Dakota State,WR-Z,WR,label,WR,OFF,2,Chris Kiel,FR,False,True,5.0
North Dakota State,WR-F,WR,label,WR,OFF,2,Cade Osterman,JR,True,True,6.0
Florida Atlantic,RUSH,EDGE,default,,DEF,2,Jay Crable,JR,True,True,4.0
Florida Atlantic,NT,DT,label,DT,DEF,2,Enyce Sledge,SR,True,True,3.0
San José State,RT,OT,label,,OFF,2,Manuel Serna,SO,False,True,10.0
California,LOLB,LB,default,,DEF,2,Justin Beadles,SR,True,True,2.0
California,ROLB,LB,default,,DEF,2,Emmanuel Okoye,SO,True,True,2.0
Central Michigan,WR-X,WR,label,WR,OFF,2,Collin Payne,JR,True,True,4.0
Central Michigan,WR-Z,WR,label,,OFF,2,Justin Ruffin Jr.,FR,False,False,5.0
Central Michigan,LG,IOL,label,,OFF,2,Blake Schlegel,SR,True,False,7.0
San Diego State,SS,SAF,label,SAF,DEF,2,Josh Hunter,JR,False,True,7.0
San José State,WR-SL,WR,label,WR,OFF,2,Dominique McKenzie,SO,True,True,6.0
Florida Atlantic,DT,DT,label,DT,DEF,2,Wilky Denaud,JR,True,True,4.0
San Diego State,RCB,CB,label,CB,DEF,2,Jamison Starks,SO,True,False,4.0
San Diego State,FS,SAF,label,SAF,DEF,2,Isaiah Green,JR,True,True,2.0
San Diego State,NB,CB,bio,SAF,DEF,2,Josiah Cox,SR,True,False,3.0
Central Michigan,RG,IOL,label,,OFF,2,Blake Schlegel,SR,True,False,8.0
Arizona State,QB,QB,label,QB,OFF,2,Mikey Keene,SR,True,True,2.0
North Dakota State,LDT,DT,label,DT,DEF,2,Zach Vanderpool,SO,False,True,3.0
Florida Atlantic,TE,TE,label,TE,OFF,2,AJ Johnson,SR,True,True,2.0
Florida Atlantic,QB,QB,label,QB,OFF,2,Jordan Magwood,FR,False,True,2.0
Florida Atlantic,RB,RB,label,RB,OFF,2,Leonard Farrow,SR,True,True,2.0
Florida Atlantic,DE,EDGE,label,EDGE,DEF,2,Gavench Marcelin,JR,False,False,3.0
North Dakota State,LG,IOL,label,,OFF,2,Jack Liwienski,JR,False,True,6.0
North Dakota State,C,IOL,label,,OFF,2,Gage Schmidt,SO,False,True,7.0
North Dakota State,RG,IOL,label,,OFF,2,Nate Schneckloth,JR,False,True,8.0
North Dakota State,RT,OT,label,,OFF,2,Noah Stommes,SO,False,True,9.0
North Dakota State,TE,TE,label,TE,OFF,2,Kaden Zenzen,SR,False,True,2.0
North Carolina,SS,SAF,label,SAF,DEF,2,Javion Butts,FR,False,True,4.0
Central Michigan,RB,RB,label,,OFF,2,Nahree Biggins,SR,False,True,1.0
San Diego State,LDE,EDGE,label,,DEF,2,Djibril Rahman,JR,True,True,3.0
App State,LCB,CB,label,,DEF,2,Joe Reddish,JR,True,True,3.0
App State,RCB,CB,label,,DEF,2,Ahmad Robinson,SR,True,True,4.0
Virginia Tech,QB,QB,label,QB,OFF,2,Bryce Baker,FR,True,True,2.0
Virginia Tech,RB,RB,label,RB,OFF,2,Jeffrey Overton Jr.,FR,False,True,2.0
Virginia Tech,LDE,EDGE,label,EDGE,DEF,2,Mylachi Williams,SO,True,True,3.0
North Dakota State,LCB,CB,label,CB,DEF,2,Najee Nelson,JR,False,True,3.0
North Dakota State,QB,QB,label,QB,OFF,2,Trey Drake,JR,False,True,2.0
North Dakota State,RB,RB,label,RB,OFF,2,Myles Mitchell,FR,False,True,2.0
North Dakota State,LDE,EDGE,label,EDGE,DEF,2,Allante Burley,SR,False,True,3.0
North Dakota State,RDE,EDGE,label,EDGE,DEF,2,Victor Isele,JR,False,True,4.0
San José State,WR-Z,WR,label,WR,OFF,2,Cooper Hoch,JR,False,True,4.0
San José State,C,IOL,label,,OFF,2,Nathan Balestrieri,JR,False,True,3.0
San Diego State,WLB,LB,label,LB,DEF,2,Jeramiah Lewis,SO,True,False,4.0
San Diego State,LCB,CB,label,CB,DEF,2,Mike Lindsay,SO,True,False,2.0
Florida Atlantic,RT,OT,label,,OFF,2,Mauricio Hinds,SO,False,True,10.0
North Dakota State,RDT,DT,label,DT,DEF,2,Alijah Wayne,SO,False,False,4.0
North Dakota State,WLB,LB,label,LB,DEF,2,Gavin Sell,FR,False,True,4.0
North Dakota State,MLB,LB,label,LB,DEF,2,Peder Haugo,SO,False,True,5.0
North Dakota State,SLB,LB,label,LB,DEF,2,Ray James Jr.,SO,False,True,6.0
App State,WLB,LB,label,LB,DEF,2,Keshawn Thomas,SR,True,False,3.0
App State,MLB,LB,label,LB,DEF,2,Alex Mitchell,SR,True,True,4.0
Arizona State,RB,RB,label,RB,OFF,2,Demarius Robinson,SO,False,False,2.0
UTEP,LT,OT,label,,OFF,2,Isaiah Maumalanga,SR,True,True,6.0
UTEP,LG,IOL,label,,OFF,2,Rashad Smith,JR,True,False,7.0
UTEP,C,IOL,label,,OFF,2,Jayden Trapp,SO,True,True,8.0
UTEP,RG,IOL,label,,OFF,2,Diego De La Cruz,FR,False,True,9.0
UTEP,RT,OT,label,,OFF,2,Juan Camacho Jr.,SR,False,True,10.0
UTEP,TE,TE,label,TE,OFF,2,Cash Cheeks,JR,True,True,2.0
Central Michigan,TE,TE,label,TE,OFF,2,Zander Barth,FR,False,False,2.0
Central Michigan,QB,QB,label,QB,OFF,2,Marcus Beamon,JR,True,True,3.0
Florida Atlantic,WR-Z,WR,label,WR,OFF,2,Tucker Holloway,SR,True,True,6.0
Florida Atlantic,WR-Y,WR,label,WR,OFF,2,Antojuan Woody,JR,True,False,7.0
Florida Atlantic,WR-H,WR,label,WR,OFF,2,Jahmari Powell-Wonson,SO,True,True,8.0
Florida Atlantic,LT,OT,label,,OFF,2,Kortez Winslow,JR,True,True,6.0
Florida Atlantic,LG,IOL,label,,OFF,2,Alejandro Schmitt,FR,False,False,7.0
Florida Atlantic,C,IOL,label,,OFF,2,Aqil Meredith-Smith,SO,True,False,8.0
San Diego State,RDE,EDGE,label,EDGE,DEF,2,Nate Henrich,JR,True,False,4.0
San Diego State,DT,DT,label,LB,DEF,2,Krishna Clay,SR,True,False,4.0
San Diego State,NT,DT,label,DT,DEF,2,Tuaoa Tauili'ili,SR,True,True,3.0
San Diego State,MLB,LB,label,LB,DEF,2,Cameron Cooper,JR,True,False,3.0
San Diego State,RT,OT,label,,OFF,2,Ashdon Wnetrzak,FR,False,True,10.0
San Diego State,TE,TE,label,TE,OFF,2,Ryan Wolfer,SO,False,True,2.0
San Diego State,QB,QB,label,QB,OFF,2,Stone Saunders,FR,True,True,2.0
San Diego State,RB,RB,label,RB,OFF,2,Christian Washington,SR,True,True,2.0
Central Michigan,LDE,EDGE,label,,DEF,2,Joey VanWetzinga,FR,False,False,3.0
Florida Atlantic,RG,IOL,label,,OFF,2,Ovie Dubre,JR,False,True,9.0
San Diego State,RG,IOL,label,,OFF,2,Isaac Lucas,JR,True,True,3.0
Florida,RCB,CB,label,CB,DEF,2,Ben Hanks III,FR,False,True,4.0
Florida,FS,SAF,label,SAF,DEF,2,Cam Dooley,JR,True,False,5.0
Florida,NB,SAF,bio,SAF,DEF,2,Elijah Owens,SO,True,False,6.0
Florida,SS,SAF,label,SAF,DEF,2,Drake Stubbs,SO,False,False,4.0
Florida Atlantic,WR-X,WR,label,WR,OFF,2,RJ Garcia II,GR,True,False,5.0
North Texas,WR-SL,WR,label,WR,OFF,2,Dalton Carnes,SR,True,True,6.0
North Texas,LT,OT,label,,OFF,2,Caden Voltaire,FR,False,False,6.0
North Texas,LG,IOL,label,,OFF,2,Keon Johnson,JR,False,True,7.0
North Texas,C,IOL,label,,OFF,2,Drew Cunningham,SO,True,True,8.0
North Texas,RG,IOL,label,,OFF,2,Willie Goodacre,SO,True,True,9.0
North Dakota State,RCB,CB,label,CB,DEF,2,Kegan Huber,SR,False,True,4.0
North Dakota State,SS,SAF,label,SAF,DEF,2,Jaylen Archibald,FR,False,True,3.0
North Dakota State,FS,SAF,label,SAF,DEF,2,Jaylin Crumby,JR,False,True,4.0
North Texas,WR-X,WR,label,WR,OFF,2,TJ Chukwurah,SR,True,True,4.0
North Texas,WR-Z,WR,label,WR,OFF,2,Justin Stevenson,JR,True,True,5.0
North Texas,RDE,EDGE,label,EDGE,DEF,2,Davion Rhodes,SR,True,True,4.0
North Texas,LDT,DT,label,LB,DEF,2,Christian Lorenzo,SR,True,True,3.0
North Texas,RDT,DT,label,DT,DEF,2,Wesley Hudson,JR,True,True,4.0
North Texas,RT,OT,label,,OFF,2,Jahzari Priester,JR,True,True,10.0
North Texas,TE,TE,label,TE,OFF,2,Brec Long,SR,True,False,2.0
North Texas,QB,QB,label,QB,OFF,2,Chaston Ditta,FR,True,True,2.0
North Texas,RB,RB,label,RB,OFF,2,Brendon Haygood,FR,True,True,2.0
Central Michigan,RDE,EDGE,label,,DEF,2,Michael Heldman,SR,False,True,2.0
Central Michigan,NT,DT,label,,DEF,2,Jonathan Decker,SR,False,True,1.0
Central Michigan,MLB,LB,label,,DEF,2,Jordan Kwiatkowski,SR,False,False,2.0
Central Michigan,FS,SAF,label,,DEF,2,Elijah Gordon,SR,True,True,5.0
Central Michigan,NB,CB,bio,,DEF,2,Keyton Jones,FR,False,True,6.0
San Diego State,WR-X,WR,label,WR,OFF,2,Justius Lowe,SR,True,True,2.0
San Diego State,WR-Z,WR,label,QB,OFF,2,Bert Emanuel Jr.,SR,True,True,5.0
San Diego State,C,IOL,label,,OFF,2,Justice Turner,SO,True,True,8.0
San Diego State,LG,IOL,label,,OFF,2,Ikbahl Kassim,SO,False,False,9.0
Virginia Tech,RG,IOL,label,,OFF,2,Brody Meadows,SR,False,True,9.0
Virginia Tech,RT,OT,label,,OFF,2,Johnny Garrett,SR,False,True,10.0
Virginia Tech,TE,TE,label,TE,OFF,2,Benji Gosnell,SR,False,True,2.0
North Texas,RCB,CB,label,CB,DEF,2,Chase Canada,SR,True,False,4.0
Central Michigan,SS,SAF,label,,DEF,2,Maddix Blackwell,SR,True,True,4.0
Central Michigan,LOLB,LB,default,TE,DEF,2,Nathan VanTimmeren,SO,False,True,2.0
Central Michigan,ROLB,LB,default,,DEF,2,Dakota Cochran,SR,False,True,1.0
Charlotte,WR-X,WR,label,WR,OFF,2,Adam Hopkins IV,JR,True,True,4.0
Charlotte,WR-Z,WR,label,WR,OFF,2,Zyheem Collick,SO,True,True,5.0
Charlotte,WR-SL,WR,label,WR,OFF,2,Cam Pedro,SR,True,True,6.0
Sam Houston,LCB,CB,label,CB,DEF,2,Joey Hunter,GR,True,False,3.0
Sam Houston,RCB,CB,label,CB,DEF,2,Octavius Henderson,SR,True,True,4.0
Sam Houston,SS,SAF,label,SAF,DEF,2,Jalyn Stanford,JR,True,True,4.0
Sam Houston,FS,SAF,label,CB,DEF,2,Dravon Wilson,SO,False,True,5.0
San Diego State,WR-SL,WR,label,WR,OFF,2,Nathan Acevedo,SR,True,True,6.0
North Texas,LDE,EDGE,label,,DEF,2,Steven Curtis,JR,True,True,3.0
Charlotte,TE,TE,label,TE,OFF,2,Logan Mauldin,SR,True,True,2.0
UTEP,QB,QB,label,QB,OFF,2,Raymond Moore III,SO,True,True,2.0
UTEP,RB,RB,label,WR,OFF,2,Kam Thomas,SR,True,True,2.0
Northern Illinois,WR-Z,WR,label,WR,OFF,2,Kenji Lewis,SR,True,True,5.0
Florida,NT,DT,label,DT,DEF,2,DK Kalu,JR,True,True,3.0
Florida,MLB,LB,label,LB,DEF,2,Myles Johnson,SO,False,False,5.0
Florida,SLB,LB,label,LB,DEF,2,Malik Morris,FR,False,False,6.0
Florida,WLB,LB,label,LB,DEF,2,Ty Jackson,SO,False,False,4.0
Florida,LCB,CB,label,CB,DEF,2,J'Vari Flowers,SO,False,False,3.0
North Texas,WLB,LB,label,LB,DEF,2,Cedric Roberts,JR,True,False,3.0
North Texas,MLB,LB,label,LB,DEF,2,Chantz Johnson,JR,True,True,4.0
North Texas,LCB,CB,label,CB,DEF,2,Zach Johnson,SR,True,False,3.0
Virginia Tech,RDE,EDGE,label,EDGE,DEF,2,Jason Abbey,JR,False,True,4.0
Virginia Tech,LT,OT,label,,OFF,2,Justin Terry,SO,True,True,6.0
Virginia Tech,LG,IOL,label,,OFF,2,Benjamin Eziuka,FR,False,False,7.0
Virginia Tech,C,IOL,label,,OFF,2,Michael Troutman III,FR,True,True,8.0
Northern Illinois,LT,OT,label,,OFF,2,Ben Gustafson,SO,False,True,6.0
Northern Illinois,LG,IOL,label,,OFF,2,Luke Skartvedt,JR,False,True,7.0
Northern Illinois,C,IOL,label,,OFF,2,Ty Mead,SR,True,False,8.0
Northern Illinois,RG,IOL,label,,OFF,2,Samir Senenat,SO,False,True,9.0
Northern Illinois,RT,OT,label,,OFF,2,Erik Murray,FR,False,True,10.0
North Texas,SS,SAF,label,SAF,DEF,2,Bryce Garza,FR,False,True,4.0
North Texas,FS,SAF,label,SAF,DEF,2,Tyson Wilson,JR,True,False,5.0
North Texas,NB,CB,bio,CB,DEF,2,CJ Coombes,JR,True,True,6.0
Northern Illinois,WR-X,WR,label,WR,OFF,2,La'Don Bryant,SO,False,True,4.0
Sam Houston,NT,DT,label,DT,DEF,2,She'Fon Boyd,JR,True,False,3.0
Sam Houston,DT,DT,label,DT,DEF,2,Jarra Anderson,JR,True,True,4.0
Sam Houston,WLB,LB,label,LB,DEF,2,Stacy Bey,SO,True,True,3.0
Sam Houston,MLB,LB,label,LB,DEF,2,Mike King,SO,True,True,4.0
Charlotte,LG,IOL,label,,OFF,2,Dom Silvia,SO,False,True,6.0
Charlotte,C,IOL,label,,OFF,2,Isaiah Bullerdick,SR,False,True,7.0
Charlotte,RT,OT,label,,OFF,2,Mathias Nielsen,SR,True,False,8.0
App State,SS,SAF,label,SAF,DEF,2,Jakob Gude,SO,True,True,4.0
App State,FS,SAF,label,,DEF,2,Cary Grant,SR,True,True,5.0
App State,NB,CB,default,,DEF,2,Cam Fleming,JR,True,True,6.0
Arizona,WR-X,WR,label,WR,OFF,2,Jordan Ross,JR,True,False,4.0
Florida,DE,EDGE,label,EDGE,DEF,2,Emmanuel Oyebadejo,SO,True,True,3.0
Florida,JACK,EDGE,bio,EDGE,DEF,2,KJ Ford,FR,False,False,4.0
Florida,DT,DT,label,DT,DEF,2,Jeramiah McCloud,SO,False,False,4.0
Northern Illinois,WR-SL,WR,label,WR,OFF,2,Rickey Taylor Jr.,SO,False,True,6.0
UTEP,DE,EDGE,label,EDGE,DEF,2,Leander Parrish,FR,False,True,2.0
UTEP,NT,DT,label,,DEF,2,Jerrell Brasher,JR,True,False,3.0
UTEP,DT,DT,label,,DEF,2,Elijah Fields,SR,True,False,4.0
Arizona State,TE,TE,label,TE,OFF,2,AJ Ia,SO,False,False,2.0
Charlotte,QB,QB,label,QB,OFF,2,Conner Harrell,SR,True,True,2.0
Sam Houston,TE,TE,label,TE,OFF,2,Matt Smith,GR,True,False,2.0
Sam Houston,QB,QB,label,QB,OFF,2,DJ Bailey,SO,False,True,2.0
Sam Houston,RB,RB,label,RB,OFF,2,Alton McCaskill,GR,True,False,2.0
Florida,RB,RB,label,RB,OFF,2,Evan Pryor,SR,True,True,2.0
Virginia,SPUR,CB,default,,DEF,2,Jaylen Jones,JR,True,True,2.0
Virginia Tech,WR-X,WR,label,WR,OFF,2,Marlion Jackson,SR,True,True,4.0
Virginia Tech,WR-Z,WR,label,WR,OFF,2,Chanz Wiggins,SO,False,True,5.0
Sam Houston,LDE,EDGE,label,EDGE,DEF,2,Brody Henderson,SO,False,False,3.0
Sam Houston,RDE,EDGE,label,EDGE,DEF,2,Jayden Fry,FR,True,True,4.0
Sam Houston,LT,OT,label,,OFF,2,Joe Warren,JR,True,False,6.0
Sam Houston,LG,IOL,label,,OFF,2,Logan Cahill,FR,False,True,7.0
Sam Houston,C,IOL,label,,OFF,2,Cam Todd,SR,True,True,8.0
Sam Houston,RG,IOL,label,,OFF,2,Zo'Maryon Bryan,JR,True,True,9.0
Sam Houston,RT,OT,label,,OFF,2,Isaac Sohn,JR,True,True,10.0
Charlotte,RB,RB,label,RB,OFF,2,Henry Rutledge,GR,False,False,2.0
Charlotte,LDE,EDGE,label,EDGE,DEF,2,Curtis Simpson,SO,True,True,3.0
Charlotte,RDE,EDGE,label,EDGE,DEF,2,Shaku Sangarie,JR,True,True,4.0
Charlotte,NT,DT,label,DT,DEF,2,Devin Ancrum,FR,True,True,3.0
Virginia Tech,WR-SL,WR,label,WR,OFF,2,Tyseer Denmark,SO,True,True,6.0
Florida,LT,OT,label,,OFF,2,Fletcher Westphal,SO,False,True,6.0
Florida,RG,IOL,label,,OFF,2,Bryce Lovett,JR,False,True,9.0
Florida,RT,OT,label,,OFF,2,Eagan Boyer,SO,True,True,10.0
Florida,TE,TE,label,TE,OFF,2,Amir Jackson,SO,False,True,2.0
Northern Illinois,LDE,EDGE,label,EDGE,DEF,2,James Bradley,JR,True,True,3.0
Northern Illinois,RDE,EDGE,label,EDGE,DEF,2,Micah Cook,FR,False,True,4.0
Northern Illinois,LDT,DT,label,DT,DEF,2,Matthew Scarlett,JR,True,True,3.0
Northern Illinois,RDT,DT,label,DT,DEF,2,Jordan Bellamy,FR,False,True,4.0
Northern Illinois,WLB,LB,label,LB,DEF,2,Jashawn Nelson,FR,False,True,3.0
Northern Illinois,MLB,LB,label,LB,DEF,2,Cooper Mau,JR,True,False,4.0
Northern Illinois,LCB,CB,label,CB,DEF,2,Marshall Washington,JR,True,False,3.0
Northern Illinois,RCB,CB,label,CB,DEF,2,Yassine Falke,JR,True,False,4.0
Northern Illinois,TE,TE,label,TE,OFF,2,Liam Russo,FR,False,True,2.0
Northern Illinois,QB,QB,label,QB,OFF,2,Brady Davidson,SO,False,False,2.0
Northern Illinois,RB,RB,label,RB,OFF,2,Elijah Porter,SO,False,True,2.0
Florida,QB,QB,label,QB,OFF,2,Tramell Jones Jr.,FR,False,True,2.0
Northwestern,LG,IOL,label,,OFF,2,Dennis Rahouski,SO,False,True,7.0
Northwestern,RG,IOL,label,,OFF,2,Jace Borcherding,SO,False,True,8.0
Northwestern,RT,OT,label,,OFF,2,David Anchondo,JR,True,True,9.0
Northern Illinois,SS,SAF,label,SAF,DEF,2,Kyon Conyers,JR,True,False,4.0
Northern Illinois,FS,SAF,label,SAF,DEF,2,Tyrese Stanley,JR,True,True,5.0
Northern Illinois,NB,CB,default,,DEF,2,Avery Jones,SR,True,False,6.0
Florida,LG,IOL,label,,OFF,2,Roderick Kearney,JR,False,True,7.0
Charlotte,DT,DT,label,DT,DEF,2,Caleb Irving,SO,True,True,4.0
Sacramento State,SS,SAF,label,SAF,DEF,2,Warren Smith Jr.,JR,True,True,4.0
Sacramento State,FS,SAF,label,SAF,DEF,2,Diesel Gordon,JR,True,True,5.0
Sacramento State,NB,CB,bio,,DEF,2,Qualyn McQueen,SR,True,True,6.0
Sam Houston,WR-X,WR,label,WR,OFF,2,Alijah Cason,JR,True,False,4.0
Sam Houston,WR-Z,WR,label,,OFF,2,Kyan Berry-Johnson,SO,True,True,5.0
Sam Houston,WR-SL,WR,label,WR,OFF,2,Aviyon Smith-Mack,JR,True,True,6.0
Sacramento State,NT,DT,label,DT,DEF,2,Malachi Kindle,SO,False,False,3.0
Sacramento State,DT,DT,label,DT,DEF,2,Miles Bailey,SR,True,True,4.0
Northwestern,WR-X,WR,label,WR,OFF,2,Ricky Ahumaraeze,JR,False,True,4.0
Northwestern,WR-Z,WR,label,WR,OFF,2,Frank Covey IV,JR,False,True,5.0
Northwestern,WR-SL,WR,label,WR,OFF,2,Carson Grove,SO,False,True,6.0
Sacramento State,WLB,LB,label,LB,DEF,2,Tim Thomas,SR,True,True,3.0
Sacramento State,MLB,LB,label,LB,DEF,2,Diego Davis,SR,True,True,4.0
Sacramento State,LCB,CB,label,CB,DEF,2,Elias Mullican,SR,False,True,3.0
Sacramento State,RCB,CB,label,CB,DEF,2,Nikko Klemm,SO,True,True,4.0
Charlotte,WLB,LB,label,LB,DEF,2,Stellan Bowman,SO,True,True,3.0
Charlotte,MLB,LB,label,LB,DEF,2,Parker Startz,SO,True,True,4.0
Charlotte,LCB,CB,label,CB,DEF,2,Nireek Sharpe,JR,True,True,3.0
Charlotte,RCB,CB,label,CB,DEF,2,Tradarius Smith,JR,True,False,4.0
Charlotte,SS,SAF,label,SAF,DEF,2,Cornell Allen,SO,False,True,4.0
Charlotte,FS,SAF,label,SAF,DEF,2,Josh Hines,FR,False,False,5.0
Cincinnati,WR-SL,WR,label,WR,OFF,2,Cade Wolford,SO,True,True,6.0
Sacramento State,TE,TE,label,TE,OFF,2,Cedric Anton,JR,True,True,2.0
Northwestern,LT,OT,label,,OFF,2,Arkel Anugwom,JR,True,True,6.0
Northwestern,WLB,LB,label,LB,DEF,2,Jack Sadowsky V,SR,True,False,3.0
Northwestern,MLB,LB,label,LB,DEF,2,Nigel Glover,JR,True,True,4.0
Eastern Michigan,TE-Y,TE,label,TE,OFF,2,Tanner Lemaster,SR,False,False,2.0
Eastern Michigan,RB,RB,label,RB,OFF,2,Braydon Bennett,GR,False,False,2.0
Eastern Michigan,DE,EDGE,label,EDGE,DEF,2,Quincy Byas,SO,False,False,3.0
Eastern Michigan,LCB,CB,label,CB,DEF,2,Caleb Dobbs,JR,False,False,2.0
Northwestern,TE,TE,label,TE,OFF,2,Alex Honig,GR,True,False,2.0
Northwestern,QB,QB,label,QB,OFF,2,Nicco Marchiol,SR,True,True,2.0
Northwestern,RB,RB,label,RB,OFF,2,Gavin Sawchuk,GR,True,False,2.0
Eastern Michigan,FS,SAF,label,SAF,DEF,2,Juan Salas,SR,False,False,3.0
Eastern Michigan,NB,CB,bio,,DEF,2,Donmiel Rogers,SO,False,False,5.0
Eastern Michigan,SS,SAF,label,SAF,DEF,2,Ray Hester,JR,False,False,2.0
Florida,WR-X,WR,label,WR,OFF,2,Micah Mays Jr.,JR,True,True,4.0
Florida,WR-Y,WR,label,,OFF,2,Bailey Stockton,JR,True,True,6.0
Florida,WR-Z,WR,label,WR,OFF,2,TJ Abrams,SO,False,True,5.0
Florida,C,IOL,label,,OFF,2,Jason Zandamela,SO,False,True,8.0
Eastern Michigan,WR-X,WR,label,WR,OFF,2,Harold Mack,SO,False,False,1.0
Eastern Michigan,LT,OT,label,,OFF,2,Tyler Brumfield,SR,False,False,1.0
Northwestern,LDE,EDGE,label,EDGE,DEF,2,Dominic Kirks,SO,True,True,3.0
Northwestern,RDE,EDGE,label,EDGE,DEF,2,Callen Campbell,SO,False,True,4.0
Northwestern,LDT,DT,label,LB,DEF,2,Glory Stephen-Wangboje,JR,True,True,3.0
Northwestern,RDT,DT,label,DT,DEF,2,Tyler Gant,JR,False,True,4.0
Sacramento State,QB,QB,label,QB,OFF,2,Jackson Sharman,JR,True,True,2.0
Sacramento State,RB,RB,label,RB,OFF,2,Cincere Rhaney,SO,True,True,2.0
Sacramento State,DE,EDGE,label,EDGE,DEF,2,Austin Chambers,SO,True,True,3.0
Sacramento State,RUSH,EDGE,default,LB,DEF,2,Darson Jeanty,SR,True,False,4.0
Cincinnati,WR-X,WR,label,WR,OFF,2,Elijah Jones,SO,False,True,4.0
Cincinnati,WR-Z,WR,label,WR,OFF,2,Larenzo Fenner,JR,True,True,5.0
Cincinnati,C,IOL,label,,OFF,2,Grant Edgington,JR,False,True,8.0
Cincinnati,LG,IOL,label,,OFF,2,Jake Wheelock,SO,False,True,7.0
Cincinnati,RG,IOL,label,,OFF,2,Aiden Pastoriza,SO,False,True,9.0
Cincinnati,RT,OT,label,,OFF,2,Nolan Latulippe,JR,True,True,5.0
Rutgers,SS,SAF,label,SAF,DEF,2,Davoun Fuse,JR,False,True,3.0
Virginia,RCB,CB,label,CB,DEF,2,Omillio Agard,SO,True,True,4.0
Virginia,SS,SAF,label,SAF,DEF,2,Christian Ellis,GR,True,False,3.0
Virginia,FS,SAF,label,SAF,DEF,2,Jalen McNair,GR,True,False,4.0
Virginia,BANDIT,EDGE,bio,LB,DEF,2,Nnanna Anyanwu,GR,True,False,2.0
Northwestern,LCB,CB,label,CB,DEF,2,Brenden Deasfernandes,GR,True,False,3.0
Northwestern,RCB,CB,label,CB,DEF,2,Montae Pate,SR,True,True,4.0
Northwestern,SS,SAF,label,SAF,DEF,2,Alijah Jones,SO,False,False,4.0
Northwestern,FS,SAF,label,SAF,DEF,2,Jon Jon Stevens Jr.,SO,False,False,5.0
Notre Dame,WR-X,WR,label,WR,OFF,2,Cam Williams,SO,False,True,4.0
Notre Dame,WR-Z,WR,label,WR,OFF,2,Micah Gilbert,SO,False,True,5.0
Notre Dame,WR-SL,WR,label,WR,OFF,2,Jaden Greathouse,JR,False,True,6.0
East Carolina,SS,SAF,label,SAF,DEF,2,Myles Pollard,SR,True,True,4.0
East Carolina,FS,SAF,label,SAF,DEF,2,Kamaurri McKinley,JR,False,True,5.0
East Carolina,NB,CB,default,,DEF,2,Kevon Merrell,JR,False,False,6.0
Eastern Michigan,WR-H,WR,label,WR,OFF,2,Mekhi Fox,SR,False,False,4.0
Notre Dame,C,IOL,label,,OFF,2,Joe Otting,JR,False,True,8.0
Notre Dame,RG,IOL,label,,OFF,2,Sullivan Absher,JR,False,True,9.0
Notre Dame,RT,OT,label,,OFF,2,Matty Augustine,FR,False,True,10.0
Arizona,WR-Z,WR,label,WR,OFF,2,DJ Jordan,SO,True,True,5.0
Arizona,WR-SL,WR,label,WR,OFF,2,Rodney Gallagher III,SR,True,False,6.0
Virginia,LCB,CB,label,CB,DEF,2,Jam Jackson,GR,True,False,3.0
Sacramento State,WR-X,WR,label,WR,OFF,2,Onterrio Smith Jr.,JR,False,True,4.0
Sacramento State,WR-Z,WR,label,WR,OFF,2,Jaxon Fresques,SO,False,False,5.0
Sacramento State,WR-SL,WR,label,WR,OFF,2,Ajon Bryant,SO,False,True,6.0
Sacramento State,LT,OT,label,,OFF,2,Richard McKay,JR,False,True,6.0
Sacramento State,LG,IOL,label,,OFF,2,Brandon Sousa,SR,False,True,7.0
Sacramento State,C,IOL,label,,OFF,2,Elijah Ortiz,SR,True,True,8.0
Sacramento State,RG,IOL,label,,OFF,2,DeAnthony Sheffield,JR,True,True,9.0
Sacramento State,RT,OT,label,,OFF,2,Jeremiah Stallworth,SO,False,False,10.0
Rutgers,LCB,CB,label,CB,DEF,2,Kevyn Humes,JR,True,False,3.0
Rutgers,RCB,CB,label,CB,DEF,2,Bradlee Jones,SR,True,False,4.0
Cincinnati,QB,QB,label,QB,OFF,2,Liam O'Brien,SR,True,True,2.0
Cincinnati,RB,RB,label,RB,OFF,2,Zylan Perry,SR,True,True,2.0
Arizona State,RG,IOL,label,,OFF,2,Manamo'ui Muti,FR,False,True,9.0
Arizona State,RT,OT,label,,OFF,2,Jarmaine Mitchell,JR,True,False,10.0
UTEP,WLB,LB,label,LB,DEF,2,Vashon Brunswick II,SO,False,False,3.0
East Carolina,NT,DT,label,DT,DEF,2,Javon Williams,SO,False,True,3.0
East Carolina,DT,DT,label,DT,DEF,2,Torin Brazell,SO,False,True,4.0
East Carolina,WLB,LB,label,LB,DEF,2,Jordan Miles,SO,False,False,3.0
East Carolina,MLB,LB,label,LB,DEF,2,Jackson Barker,SR,False,True,4.0
East Carolina,LCB,CB,label,CB,DEF,2,Rae'mon Mosby,SO,True,True,3.0
East Carolina,RCB,CB,label,CB,DEF,2,Jonathan Akins,JR,True,True,4.0
Notre Dame,TE,TE,label,TE,OFF,2,James Flanigan,FR,False,True,2.0
Notre Dame,QB,QB,label,QB,OFF,2,Blake Hebert,FR,False,True,2.0
Notre Dame,RB,RB,label,RB,OFF,2,Nolan James Jr.,FR,False,True,2.0
Notre Dame,LT,OT,label,,OFF,2,Styles Prescod,SO,False,True,6.0
Notre Dame,LG,IOL,label,,OFF,2,Devan Houstan,JR,False,True,7.0
Cincinnati,DT,DT,label,DT,DEF,2,Josh Hough,SR,True,True,4.0
Rutgers,RDE,EDGE,label,EDGE,DEF,2,DJ Allen,SR,False,True,4.0
Rutgers,NT,DT,label,DT,DEF,2,Rondo Porter,SR,True,True,3.0
Notre Dame,FS,SAF,label,SAF,DEF,2,Ethan Long,FR,False,True,3.0
Notre Dame,NB,CB,bio,CB,DEF,2,Dallas Golden,SO,False,False,4.0
Notre Dame,FCB,CB,label,CB,DEF,2,Mark Zackery IV,SO,False,False,2.0
Notre Dame,BS,SAF,label,SAF,DEF,2,Luke Talich,SR,False,False,2.0
Notre Dame,BCB,CB,label,CB,DEF,2,Jayden Sanders,SO,True,False,2.0
Notre Dame,LDE,EDGE,label,,DEF,2,Keon Keeley,JR,True,True,3.0
Notre Dame,RDE,EDGE,label,EDGE,DEF,2,Rodney Dunham,FR,False,False,4.0
Notre Dame,LDT,DT,label,LB,DEF,2,Tionne Gray,SO,True,True,3.0
Notre Dame,RDT,DT,label,DT,DEF,2,Armel Mukam,JR,False,True,4.0
Notre Dame,WLB,LB,label,LB,DEF,2,Jaylen Sneed,SR,False,True,3.0
Rutgers,FS,SAF,label,SAF,DEF,2,Tariq Hayer,FR,False,True,4.0
Rutgers,STUD,SAF,bio,,DEF,2,Jesse Ofurie,JR,False,True,2.0
Cincinnati,TE,TE,label,TE,OFF,2,Devyn Zahursky,SO,False,True,2.0
Rutgers,TE,TE,label,TE,OFF,2,Kameron Anthony,SO,True,True,2.0
Rutgers,QB,QB,label,QB,OFF,2,Dylan Lonergan,JR,True,True,2.0
Rutgers,RB,RB,label,RB,OFF,2,Clay Thevenin,JR,True,True,2.0
Virginia,DT,DT,label,DT,DEF,2,Darrion Henry-Young,GR,True,False,4.0
Virginia,WLB,LB,label,LB,DEF,2,Caleb Hardy,SR,False,False,3.0
Virginia,MLB,LB,label,LB,DEF,2,Landon Danley,JR,False,True,4.0
Arizona,LT,OT,label,,OFF,2,Jaxon Griffin,FR,False,True,6.0
East Carolina,DE,EDGE,label,EDGE,DEF,2,Kieran Davis,JR,False,True,3.0
East Carolina,RUSH,EDGE,default,,DEF,2,Kendrick DuJour,SR,True,True,4.0
Notre Dame,MLB,LB,label,LB,DEF,2,Kyngstonn Viliamu-Asa,JR,False,False,4.0
UTEP,MLB,LB,label,LB,DEF,2,Shay Smith,SO,False,True,4.0
UTEP,LCB,CB,label,CB,DEF,2,Kaleb Miles,JR,True,False,3.0
UTEP,RCB,CB,label,CB,DEF,2,Darien Fantroy,FR,False,True,4.0
UTEP,SS,SAF,label,SAF,DEF,2,Esteban Guillory,SR,True,False,3.0
UTEP,FS,SAF,label,SAF,DEF,2,Donavan Howard,SR,True,True,4.0
Cincinnati,DE,EDGE,label,EDGE,DEF,2,Jaylon White-McClain,SR,True,True,2.0
Rutgers,WR-SL,WR,label,WR,OFF,2,Dyzier Carter,FR,False,False,6.0
Ohio,WR-X,WR,label,WR,OFF,2,Marcus Hughbanks,FR,False,False,4.0
Ohio,WR-Z,WR,label,WR,OFF,2,Eian Pugh,SR,False,True,5.0
Ohio,RB,RB,label,RB,OFF,2,Victor Rosa,GR,False,False,2.0
East Carolina,LT,OT,label,,OFF,2,Zach Caulder,SR,True,True,6.0
East Carolina,LG,IOL,label,,OFF,2,Kendall Walton,FR,False,True,7.0
East Carolina,C,IOL,label,,OFF,2,Jeremiah Williams,JR,True,True,8.0
East Carolina,TE,TE,label,TE,OFF,2,Ismael Smith Flores,JR,True,True,2.0
East Carolina,QB,QB,label,QB,OFF,2,Emory Williams,JR,True,True,2.0
East Carolina,RB,RB,label,RB,OFF,2,Michael Allen,SR,True,True,2.0
Virginia,NT,DT,label,DT,DEF,2,Kervins Choute,GR,True,False,3.0
Rutgers,DT,DT,label,DT,DEF,2,Jaedin Lee,JR,True,False,4.0
Rutgers,WLB,LB,label,LB,DEF,2,Abram Wright,JR,False,True,3.0
Rutgers,MLB,LB,label,LB,DEF,2,Moses Walker,SR,False,True,4.0
Rutgers,RG,IOL,label,,OFF,2,Isaiah Cook,SR,True,True,9.0
Rutgers,RT,OT,label,,OFF,2,Everett Small,SO,True,True,10.0
Ohio State,WR-Z,WR,label,WR,OFF,2,Devin McCuin,SR,True,False,5.0
Duke,SS,SAF,label,SAF,DEF,2,Patrick Smith-Young,GR,True,False,4.0
Duke,FS,SAF,label,SAF,DEF,2,Leon Griffin III,JR,False,True,5.0
Duke,NB,CB,bio,CB,DEF,2,Kaleb Lanier,FR,False,True,6.0
East Carolina,WR-X,WR,label,WR,OFF,2,Tyler Johnson,SR,True,True,4.0
East Carolina,WR-Z,WR,label,WR,OFF,2,Jeremiah Melvin,SO,True,True,5.0
East Carolina,WR-SL,WR,label,WR,OFF,2,Jaquaize Pettaway,SR,True,False,6.0
Rutgers,LDE,EDGE,label,EDGE,DEF,2,Farell Gnago,SO,False,True,3.0
Cincinnati,NT,DT,label,DT,DEF,2,Chidera Otutu,JR,True,False,3.0
Cincinnati,MLB,LB,label,LB,DEF,2,Brian Simms III,JR,False,True,6.0
Cincinnati,WLB,LB,label,LB,DEF,2,Simeon Coleman,JR,False,False,4.0
Cincinnati,LCB,CB,label,CB,DEF,2,Kenny Worthy,SO,True,True,3.0
Cincinnati,RCB,CB,label,CB,DEF,2,KK Meier,SR,True,True,4.0
Cincinnati,FS,SAF,label,SAF,DEF,2,Ty Goodwill,JR,True,False,4.0
Rutgers,WR-X,WR,label,WR,OFF,2,Michael Thomas III,FR,False,True,4.0
Rutgers,WR-Z,WR,label,WR,OFF,2,Vernon Allen III,FR,False,True,5.0
Cincinnati,DOG,EDGE,bio,EDGE,DEF,2,Patrick Bauer,JR,True,True,2.0
Cincinnati,CAT,SAF,bio,SAF,DEF,2,Marqavious Saboor,JR,False,False,2.0
Duke,RCB,CB,label,CB,DEF,2,Kyon Loud,SO,True,True,4.0
Ohio State,TE,TE,label,TE,OFF,2,Hunter Welcing,GR,True,False,2.0
Ohio State,QB,QB,label,,OFF,2,Tavien St. Clair,FR,False,True,2.0
Ohio State,RB,RB,label,RB,OFF,2,Isaiah West,SO,False,False,2.0
Ohio State,WR-SL,WR,label,WR,OFF,2,Kyle Parker,JR,True,True,6.0
Ohio State,LT,OT,label,,OFF,2,Sam Greer,FR,False,False,6.0
Ohio State,LG,IOL,label,,OFF,2,Jake Cook,FR,False,True,7.0
Ohio State,C,IOL,label,,OFF,2,Joshua Padilla,JR,False,True,8.0
Ohio State,RG,IOL,label,,OFF,2,Gabe VanSickle,SO,False,True,9.0
Ohio State,RT,OT,label,,OFF,2,Carter Lowe,FR,False,True,10.0
Ohio,MLB,LB,label,LB,DEF,2,Nolan Ogburn,FR,False,False,3.0
Ohio,WLB,LB,label,LB,DEF,2,James Kelly,FR,False,False,4.0
Ohio,SS,SAF,label,SAF,DEF,2,JT Haskins,JR,False,False,2.0
Ohio State,WR-X,WR,label,WR,OFF,2,Brock Boyd,FR,False,False,4.0
UTEP,SPUR,CB,default,,DEF,2,Dylan Brown-Turner,JR,True,True,2.0
Virginia,TE,TE,label,TE,OFF,2,John Rogers,SO,False,True,2.0
Virginia,QB,QB,label,QB,OFF,2,Eli Holstein,JR,True,True,2.0
Virginia,RB,RB,label,RB,OFF,2,Jekail Middlebrook,JR,True,True,2.0
Duke,WLB,LB,label,LB,DEF,2,Kendall Johnson,JR,False,True,3.0
Duke,MLB,LB,label,LB,DEF,2,Bradley Gompers,SO,False,False,4.0
Duke,LCB,CB,label,CB,DEF,2,Dylan Flowers,GR,True,False,3.0
Rutgers,LT,OT,label,,OFF,2,Ryder Langsdale,SR,True,True,6.0
Rutgers,LG,IOL,label,,OFF,2,Nick Oliveira,JR,False,True,7.0
Rutgers,C,IOL,label,,OFF,2,Hank Zilinskas,JR,True,True,8.0
Rice,LCB,CB,label,CB,DEF,2,Zach Cody,SO,True,True,3.0
Rice,RCB,CB,label,CB,DEF,2,Jamir Benjamin,SO,True,True,4.0
Rice,FS,SAF,label,SAF,DEF,2,Bailey Fletcher,SO,False,True,4.0
Rice,SS,SAF,label,SAF,DEF,2,Ahran Ogbor,SO,False,False,3.0
Rice,VIPER,EDGE,default,,DEF,2,AJ Brown,SR,True,True,2.0
Cincinnati,SS,SAF,label,SAF,DEF,2,CJ Jones,FR,False,True,3.0
Ohio State,MLB,LB,label,LB,DEF,2,Tarvos Alford,SO,False,False,4.0
Duke,LDT,DT,label,DT,DEF,2,Dakota Quiñonez,GR,True,False,3.0
Duke,RDT,DT,label,DT,DEF,2,David Anderson,JR,False,True,4.0
Arizona,LG,IOL,label,,OFF,2,Jake Griffin,JR,True,True,7.0
Arizona,C,IOL,label,,OFF,2,Grayson Stovall,SR,False,True,8.0
Arizona,RG,IOL,label,,OFF,2,Isaac Perez,SR,True,False,9.0
Arizona,RT,OT,label,,OFF,2,Louis Akpa,FR,False,True,10.0
Clemson,WR-SL,WR,label,WR,OFF,2,Tyler Brown,JR,False,True,6.0
Rice,DE,EDGE,label,EDGE,DEF,2,Braden Bays,FR,False,True,3.0
Rice,RUSH,EDGE,default,,DEF,2,Tariq May,SR,True,True,4.0
Rice,DT,DT,label,DT,DEF,2,Christopher Clark-Jolivet,JR,False,True,4.0
Rice,NT,DT,label,DT,DEF,2,Matthew Aribisala,SR,True,True,3.0
Rice,MLB,LB,label,LB,DEF,2,Ty Thames,SO,False,False,4.0
Rice,WLB,LB,label,LB,DEF,2,Beau Barton,JR,False,True,3.0
UTSA,QB,QB,label,QB,OFF,2,Brandon Tennison,JR,False,True,2.0
UTEP,BANDIT,EDGE,default,,DEF,2,Ekow Taylor,JR,False,False,2.0
Rice,RT,OT,label,,OFF,2,Peyton Farmer,JR,False,True,9.0
Rice,TE,TE,label,TE,OFF,2,Preston Zinter,JR,True,True,2.0
Rice,QB,QB,label,QB,OFF,2,Gael Ochoa,SO,True,True,2.0
Duke,RB,RB,label,RB,OFF,2,CJ Campbell Jr.,GR,True,False,2.0
Duke,LDE,EDGE,label,EDGE,DEF,2,Kevin O'Connor,JR,False,True,3.0
Duke,RDE,EDGE,label,EDGE,DEF,2,Semaj Turner,JR,False,True,4.0
Ohio State,LCB,CB,label,CB,DEF,2,Cam Calhoun,JR,True,True,3.0
Ohio State,RCB,CB,label,CB,DEF,2,Dominick Kelly,SO,True,False,4.0
Ohio State,SS,SAF,label,SAF,DEF,2,Blaine Bradford,FR,False,False,4.0
Ohio State,FS,SAF,label,SAF,DEF,2,Leroy Roker III,SO,False,True,5.0
Ohio State,NB,CB,default,,DEF,2,Miles Lockhart,SO,False,True,6.0
Ohio State,LDE,EDGE,label,EDGE,DEF,2,Zion Grady,SO,False,False,3.0
Ohio State,RDE,EDGE,label,EDGE,DEF,2,Qua Russaw,JR,True,True,4.0
Ohio State,NT,DT,label,DT,DEF,2,Will Smith Jr.,JR,False,True,3.0
Ohio State,DT,DT,label,DT,DEF,2,Eddrick Houston,JR,False,False,4.0
Ohio State,WLB,LB,label,LB,DEF,2,Riley Pettijohn,SO,False,False,3.0
Oklahoma,RG,IOL,label,,OFF,2,Heath Ozaeta,JR,False,True,9.0
Oklahoma,RT,OT,label,,OFF,2,Peyton Joseph,SO,True,False,10.0
Oklahoma,TE,TE,label,TE,OFF,2,Rocky Beers,SR,True,True,2.0
Oklahoma,WR-H,WR,label,WR,OFF,2,Mackenzie Alleyne,SO,True,True,6.0
Oklahoma,WR-X,WR,label,WR,OFF,2,Elijah Thomas,SO,False,False,4.0
Oklahoma,WR-Z,WR,label,WR,OFF,2,Jer'Michael Carter,JR,True,True,5.0
Oklahoma,C,IOL,label,,OFF,2,Caleb Nitta,JR,True,True,8.0
Duke,QB,QB,label,QB,OFF,2,Dan Mahan,FR,False,True,2.0
UTSA,WR-X,WR,label,WR,OFF,2,Jamel Hardy Jr.,JR,False,True,4.0
UTSA,WR-Z,WR,label,WR,OFF,2,James Madison II,SO,True,True,5.0
UTSA,WR-F,WR,label,WR,OFF,2,DJ Allen Jr.,SR,True,True,6.0
Arizona State,LT,OT,label,,OFF,2,Champ Westbrooks,SO,False,True,6.0
Arizona State,LG,IOL,label,,OFF,2,Terrell Kim,SO,False,True,7.0
Arizona State,C,IOL,label,,OFF,2,Makua Pule,JR,False,True,8.0
Rice,LG,IOL,label,,OFF,2,Leo Bluhm,SR,True,True,7.0
Rice,LT,OT,label,,OFF,2,Justin Michaelis,FR,False,True,6.0
Purdue,SS,SAF,label,SAF,DEF,2,Vi'Naz Cobb,SO,False,False,4.0
Purdue,FS,SAF,label,SAF,DEF,2,Justin Denson Jr.,SO,True,True,5.0
Purdue,NB,SAF,bio,SAF,DEF,2,Smiley Bradford,JR,False,False,6.0
Rice,WR-SL,WR,label,WR,OFF,2,Colin Leahey,FR,False,True,6.0
Rice,WR-X,WR,label,WR,OFF,2,Keenan Arcega-Whiteside,FR,False,True,4.0
Rice,WR-Z,WR,label,WR,OFF,2,Barry Jackson Jr.,JR,True,True,5.0
Virginia,LT,OT,label,,OFF,2,Ben York,SO,False,True,6.0
Virginia,LG,IOL,label,,OFF,2,Cole Surber,JR,False,True,7.0
Virginia,C,IOL,label,,OFF,2,Ryan Brubaker,GR,True,False,8.0
Virginia,RG,IOL,label,,OFF,2,Grant Ellinger,SO,False,True,9.0
Virginia,RT,OT,label,,OFF,2,Jon Adair,FR,False,True,10.0
Arizona,TE,TE,label,TE,OFF,2,Tyler Powell,SR,False,True,2.0
Oklahoma,LDE,EDGE,label,EDGE,DEF,2,Kenny Ozowalu,SO,True,True,3.0
Oklahoma,RDE,EDGE,label,EDGE,DEF,2,Danny Okoye,SO,False,True,4.0
Oklahoma,LG,IOL,label,,OFF,2,Daniel Akinkunmi,SO,False,True,7.0
Oklahoma,LT,OT,label,,OFF,2,Fred Hinton,JR,True,False,6.0
Clemson,RT,OT,label,,OFF,2,Mason Wade,SO,False,True,10.0
Clemson,TE,TE,label,TE,OFF,2,Olsen Patt-Henry,SR,False,False,2.0
Duke,LT,OT,label,,OFF,2,Caleb Dorris,JR,False,True,6.0
Duke,LG,IOL,label,,OFF,2,Micah Sahakian,GR,True,False,7.0
Duke,C,IOL,label,,OFF,2,Ryan Daly,SO,False,True,8.0
Duke,RG,IOL,label,,OFF,2,Gemyel Allen,SO,False,True,9.0
Duke,RT,OT,label,,OFF,2,Cole Allen,FR,False,True,10.0
Duke,TE,TE,label,TE,OFF,2,Nate Kurisky,GR,True,False,2.0
Oklahoma,QB,QB,label,QB,OFF,2,Whitt Newbauer,JR,True,False,2.0
Oklahoma,RB,RB,label,RB,OFF,2,Tory Blaylock,SO,False,False,2.0
Virginia,DE,EDGE,label,EDGE,DEF,2,Ezekiel Larry,GR,True,False,2.0
Rice,RB,RB,label,RB,OFF,2,D'Andre Hardeman Jr.,SO,False,False,2.0
Clemson,WR-X,WR,label,WR,OFF,2,Connor Salmin,FR,False,False,4.0
Clemson,WR-Z,WR,label,WR,OFF,2,Tristan Smith,SR,True,False,5.0
Clemson,C,IOL,label,,OFF,2,Chapman Pendergrass,SR,False,True,8.0
Clemson,LG,IOL,label,,OFF,2,Collin Sadler,SR,False,True,7.0
Clemson,RDE,EDGE,label,EDGE,DEF,2,Darien Mayo,SO,False,True,4.0
Oklahoma,LCB,CB,label,CB,DEF,2,Jacobe Johnson,SR,False,False,3.0
Oklahoma,RCB,CB,label,CB,DEF,2,Trystan Haynes,FR,False,True,4.0
Oklahoma,SS,SAF,label,SAF,DEF,2,Omarion Robinson,SO,False,False,3.0
Oklahoma,CHEETAH,CB,default,,DEF,2,Jeremiah Newcombe,SO,False,True,2.0
Oklahoma,DT,DT,label,DT,DEF,2,Bishop Thomas,SR,True,True,4.0
Oklahoma,NT,DT,label,DT,DEF,2,Trent Wilson,FR,False,True,3.0
Oklahoma,MLB,LB,label,LB,DEF,2,Cole Sullivan,SO,True,True,4.0
Oklahoma,WLB,LB,label,LB,DEF,2,Taylor Heim,JR,False,True,3.0
Rice,C,IOL,label,,OFF,2,Nate Bledsoe,JR,False,True,8.0
Purdue,WLB,LB,label,LB,DEF,2,Anthony Speca,JR,True,False,3.0
Purdue,MLB,LB,label,LB,DEF,2,Tre Moore,SR,True,True,4.0
Purdue,LCB,CB,label,CB,DEF,2,Dee Newsome,JR,True,True,3.0
Purdue,RCB,CB,label,CB,DEF,2,Don Saunders,SR,True,True,4.0
Clemson,LT,OT,label,,OFF,2,Ian Reed,JR,False,True,6.0
Clemson,RG,IOL,label,,OFF,2,Tucker Kattus,FR,False,True,9.0
Vanderbilt,RCB,CB,label,CB,DEF,2,Cobey Sellers,FR,True,True,4.0
Vanderbilt,SS,SAF,label,SAF,DEF,2,Jalen Gilbert,JR,False,True,4.0
Vanderbilt,FS,SAF,label,SAF,DEF,2,Carson Lawrence,SO,False,False,5.0
Vanderbilt,NB,CB,bio,CB,DEF,2,Jaylin Lackey,JR,False,False,6.0
Duke,WR-X,WR,label,WR,OFF,2,Kavon Simmons,FR,False,True,4.0
Duke,WR-Z,WR,label,WR,OFF,2,Jamien Little,FR,False,True,5.0
Duke,WR-SL,WR,label,WR,OFF,2,Jayden Moore,SO,False,True,6.0
Clemson,QB,QB,label,QB,OFF,2,Chris Denson,FR,False,True,2.0
Clemson,RB,RB,label,RB,OFF,2,Chris Johnson Jr.,JR,True,True,2.0
Purdue,QB,QB,label,QB,OFF,2,Evans Chuba,SO,True,True,2.0
Purdue,RB,RB,label,RB,OFF,2,Jerrick Gibson,SO,True,True,2.0
Purdue,DE,EDGE,label,EDGE,DEF,2,Breeon Ishmail,JR,True,True,3.0
Purdue,RUSH,EDGE,default,,DEF,2,Keyshawn Burgos,SR,True,True,4.0
Purdue,NT,DT,label,DT,DEF,2,Curt Neal,SR,True,True,3.0
Purdue,DT,DT,label,DT,DEF,2,TJ Lindsey,SO,True,True,4.0
Clemson,LDE,EDGE,label,EDGE,DEF,2,London Merritt,SO,True,False,3.0
Delaware,WLB,LB,label,LB,DEF,2,Julius Puryear,FR,False,True,4.0
Delaware,MLB,LB,label,LB,DEF,2,Jawarren Corbin,JR,True,True,5.0
Delaware,SLB,LB,label,SAF,DEF,2,Jalen Bell,JR,True,False,6.0
Delaware,LCB,CB,label,CB,DEF,2,Jaquise Alexander,SR,True,True,3.0
Delaware,SS,SAF,label,SAF,DEF,2,Nasir Eatmon,SO,False,False,4.0
Oklahoma State,WR-X,WR,label,WR,OFF,2,Rodney Harris II,SR,True,True,4.0
Oklahoma State,WR-Z,WR,label,WR,OFF,2,Israel Polk,JR,True,True,5.0
Oklahoma State,WR-SL,WR,label,,OFF,2,Miles Coleman,JR,True,False,6.0
Oklahoma State,LT,OT,label,,OFF,2,Shaun Torgeson,SO,True,True,6.0
Oklahoma State,LG,IOL,label,,OFF,2,Desmond Magiya,JR,True,True,7.0
Oklahoma State,C,IOL,label,,OFF,2,Jakobe Sanders,JR,False,True,8.0
Oklahoma State,RG,IOL,label,,OFF,2,Louie Canepa,SR,True,True,9.0
Delaware,FS,SAF,label,SAF,DEF,2,George Mullins,FR,True,True,5.0
Arizona,QB,QB,label,QB,OFF,2,Sawyer Anderson,FR,False,True,2.0
Arizona,RB,RB,label,RB,OFF,2,Quincy Craig,SR,True,True,2.0
Vanderbilt,LCB,CB,label,CB,DEF,2,Cayden Daniels,FR,False,True,3.0
Oklahoma State,TE,TE,label,TE,OFF,2,Oscar Hammond,SR,True,True,2.0
Oklahoma State,QB,QB,label,QB,OFF,2,Grant Jordan,SR,True,True,2.0
Oklahoma State,RB,RB,label,RB,OFF,2,Ayo Adeyi,SR,True,True,2.0
Oklahoma State,LDE,EDGE,label,EDGE,DEF,2,Malik Charles,SR,True,True,3.0
Oklahoma State,RDE,EDGE,label,EDGE,DEF,2,Keviyan Huddleston,JR,True,True,4.0
Clemson,LDT,DT,label,LB,DEF,2,Andy Burburija,JR,True,False,3.0
Clemson,RDT,DT,label,DT,DEF,2,Markus Strong,JR,True,True,4.0
Purdue,LT,OT,label,,OFF,2,Jude McCoskey,SR,True,False,6.0
Purdue,LG,IOL,label,,OFF,2,Mason Vicari,JR,True,False,7.0
Purdue,C,IOL,label,,OFF,2,Makai Saina,SO,True,True,8.0
Purdue,RG,IOL,label,,OFF,2,Ethan Trent,JR,False,True,9.0
Purdue,RT,OT,label,,OFF,2,Jatavius Shivers,JR,True,True,10.0
Purdue,TE,TE,label,TE,OFF,2,Kylan Fox,JR,True,False,2.0
Pittsburgh,STAR,CB,default,,DEF,2,Emmanuel Taylor,SO,False,False,4.0
Pittsburgh,SS,SAF,label,SAF,DEF,2,Allen Bryant,SO,False,True,5.0
Delaware,NT,DT,label,DT,DEF,2,Dylan Mann,JR,True,True,2.0
Arizona State,WR-X,WR,label,WR,OFF,2,Jalen Moss,SR,True,True,4.0
Arizona State,WR-Z,WR,label,WR,OFF,2,Jaren Hamilton,JR,True,True,5.0
Arizona State,WR-F,WR,label,,OFF,2,Derek Eusebio,JR,False,True,6.0
Virginia,WR-X,WR,label,WR,OFF,2,Dillon Newton-Short,SO,False,False,4.0
Virginia,WR-Z,WR,label,WR,OFF,2,Isaiah Robinson,SO,False,False,5.0
Virginia,WR-SL,WR,label,WR,OFF,2,Jacquon Gibson,GR,True,False,6.0
Vanderbilt,NT,DT,label,DT,DEF,2,Talan Carter,JR,True,False,3.0
Vanderbilt,DT,DT,label,DT,DEF,2,Jaylon Stone,JR,True,True,4.0
Vanderbilt,WLB,LB,label,LB,DEF,2,Bryce Cowan,SR,False,True,3.0
Vanderbilt,MLB,LB,label,LB,DEF,2,Jamison Curtis,SO,False,True,4.0
Arizona,DE,EDGE,label,,DEF,2,Dominic Lolesio,JR,False,True,2.0
Oklahoma State,LCB,CB,label,CB,DEF,2,Kollin Lewis,JR,True,True,3.0
Oklahoma State,RCB,CB,label,CB,DEF,2,Kale Smith,SR,False,True,4.0
Oklahoma State,NT,DT,label,DT,DEF,2,Fatafehi Vailea II,SR,True,True,3.0
Oklahoma State,DT,DT,label,DT,DEF,2,Enai White,SR,True,True,4.0
Oklahoma State,RT,OT,label,,OFF,2,Ashton Lepo,SR,True,True,10.0
Clemson,NB,SAF,bio,,DEF,2,Misun Kelley,JR,False,True,6.0
Old Dominion,WR-Z,WR,label,WR,OFF,2,Kendall Harris,JR,True,True,2.0
Old Dominion,C,IOL,label,,OFF,2,Bubba Craig,JR,True,False,2.0
Delaware,TE,TE,label,TE,OFF,2,Scott Moore,SO,False,False,2.0
Delaware,QB,QB,label,QB,OFF,2,Braden Streeter,SO,False,True,2.0
Delaware,RB,RB,label,RB,OFF,2,Viron Ellison Jr.,JR,True,False,2.0
Delaware,LDE,EDGE,label,EDGE,DEF,2,Kaeden Singleton,SO,False,True,3.0
Delaware,RDE,EDGE,label,EDGE,DEF,2,Trace Scott III,SO,False,True,4.0
Oklahoma State,WLB,LB,label,LB,DEF,2,Tate Romney,SR,True,True,3.0
Oklahoma State,MLB,LB,label,LB,DEF,2,Trip White,SR,True,True,4.0
Pittsburgh,FS,SAF,label,SAF,DEF,2,Cole Woodson,FR,False,True,6.0
Pittsburgh,MONEY,SAF,bio,LB,DEF,2,DeMarco Ward,JR,True,True,2.0
Purdue,WR-X,WR,label,WR,OFF,2,Jaylan Hornsby,SO,True,True,4.0
Purdue,WR-Z,WR,label,WR,OFF,2,Corey Smith,JR,True,False,5.0
Purdue,WR-SL,WR,label,WR,OFF,2,Jesse Watson,SO,False,True,6.0
Clemson,MLB,LB,label,LB,DEF,2,Drew Woodaz,SO,False,True,4.0
Old Dominion,QB,QB,label,QB,OFF,2,Ryan Huff,FR,False,True,3.0
Oklahoma State,SS,SAF,label,SAF,DEF,2,Cameron Epps,SR,False,True,4.0
Oklahoma State,FS,SAF,label,SAF,DEF,2,Vincent Holmes,JR,True,True,5.0
Oklahoma State,NB,CB,default,,DEF,2,Christian Bodnar,JR,True,True,6.0
Old Dominion,WR-SL,WR,label,WR,OFF,2,Zion Agnew,JR,True,True,3.0
Old Dominion,WR-X,WR,label,WR,OFF,2,Brayden Myovela,FR,False,False,8.0
UTSA,LT,OT,label,,OFF,2,A'marion Breland,FR,False,True,6.0
UTSA,LG,IOL,label,,OFF,2,MJ Senegal,JR,True,True,7.0
UTSA,C,IOL,label,,OFF,2,Luke Lapeze,SR,False,True,8.0
UTSA,RG,IOL,label,,OFF,2,Davion Hurth,SO,False,True,9.0
UTSA,RT,OT,label,,OFF,2,Jaylen Garth,SR,True,True,10.0
UTSA,TE-Y,TE,label,TE,OFF,2,Miles Campbell,SR,True,True,2.0
Clemson,WLB,LB,label,LB,DEF,2,Kobe McCloud,SR,False,True,3.0
Clemson,LCB,CB,label,CB,DEF,2,Branden Strozier,JR,False,True,3.0
Clemson,RCB,CB,label,CB,DEF,2,Donovan Starr,SO,True,False,4.0
Clemson,FS,SAF,label,SAF,DEF,2,Kylon Griffin,SR,False,True,5.0
Pittsburgh,QB,QB,label,QB,OFF,2,Holden Geriner,SR,True,True,2.0
Old Dominion,LCB,CB,label,CB,DEF,2,Jivan Baly,SO,True,True,3.0
Delaware,WR-Z,WR,label,WR,OFF,2,Brandon Rehmann,SO,True,True,5.0
Arizona,NT,DT,label,,DEF,2,Zac Siulepa,JR,True,True,3.0
Arizona,DT,DT,label,,DEF,2,Julian Savaiinaea,JR,False,True,4.0
Vanderbilt,QB,QB,label,QB,OFF,2,Blaze Berlowitz,JR,True,True,2.0
Vanderbilt,RB,RB,label,RB,OFF,2,Makhilyn Young,JR,True,True,2.0
Vanderbilt,LDE,EDGE,label,EDGE,DEF,2,Jake Stanish,FR,False,True,3.0
Delaware,WR-SL,WR,label,WR,OFF,2,Nick Tyree,SO,False,True,6.0
Delaware,LT,OT,label,,OFF,2,Dylan Stewart,FR,False,True,6.0
Delaware,LG,IOL,label,,OFF,2,Tyler Burnham,SO,False,True,7.0
Delaware,C,IOL,label,,OFF,2,Patrick Methlie,GR,True,False,8.0
Delaware,RG,IOL,label,,OFF,2,Wahkeem Roman,GR,True,False,9.0
Delaware,RT,OT,label,,OFF,2,Carter Sareyka,SO,False,True,10.0
Old Dominion,LT,OT,label,,OFF,2,Raykwon Goldthwaite,SR,True,True,1.0
Old Dominion,TE,TE,label,TE,OFF,2,Leon Haughton Jr.,SR,True,True,1.0
Colorado State,SS,SAF,label,SAF,DEF,2,AJ Noland,SO,False,True,4.0
Colorado State,FS,SAF,label,SAF,DEF,2,Tre'Shawn Moore,JR,True,False,5.0
Colorado State,NB,CB,default,,DEF,2,D'Angelo Hagans Jr.,SO,False,False,6.0
Delaware,WR-X,WR,label,WR,OFF,2,Donovan Lewis,JR,False,True,4.0
Old Dominion,RB,RB,label,RB,OFF,2,Maurki James,SO,False,True,2.0
Old Dominion,LDE,EDGE,label,,DEF,2,Javen Gibson,SR,True,False,1.0
Old Dominion,NT,DT,label,,DEF,2,Bucci Farmer,SO,True,True,2.0
Old Dominion,MLB,LB,label,LB,DEF,2,Landon Kehoe,FR,False,False,4.0
Pittsburgh,NT,DT,label,DT,DEF,2,Jeremiah Warren,JR,True,True,3.0
Pittsburgh,DT,DT,label,DT,DEF,2,Eliyt Nairne,JR,True,True,4.0
Pittsburgh,MLB,LB,label,LB,DEF,2,Jeremiah Marcelin,SO,False,True,2.0
Pittsburgh,LCB,CB,label,CB,DEF,2,Kanye Thompson,SR,True,True,3.0
Pittsburgh,RCB,CB,label,CB,DEF,2,Shawn Lee Jr.,SO,False,False,4.0
Pittsburgh,RG,IOL,label,,OFF,2,Torian Chester,FR,False,True,9.0
Pittsburgh,RT,OT,label,,OFF,2,Jiavani Cooley,SO,False,True,10.0
Pittsburgh,TE,TE,label,TE,OFF,2,Elijah Lagg,SR,True,False,2.0
Pittsburgh,WR-SL,WR,label,WR,OFF,2,Cam Sapp,FR,False,True,6.0
Pittsburgh,LT,OT,label,,OFF,2,Netinho Olivieri,SR,True,True,6.0
Ole Miss,C,IOL,label,,OFF,2,Joe Koury,SO,False,True,8.0
Ole Miss,LG,IOL,label,,OFF,2,Troy Everett,SR,True,True,7.0
Ole Miss,LT,OT,label,,OFF,2,Enoch Wangoy,SO,True,True,6.0
Ole Miss,RG,IOL,label,,OFF,2,Connor Howes,SO,False,False,9.0
Ole Miss,RT,OT,label,,OFF,2,Carius Curne,SO,True,False,10.0
Ole Miss,TE,TE,label,TE,OFF,2,Caleb Odom,JR,True,False,2.0
Old Dominion,RCB,CB,label,CB,DEF,2,Jorian Haynes,JR,True,False,4.0
Old Dominion,FS,SAF,label,SAF,DEF,2,Shaq Leaks,FR,False,False,4.0
Old Dominion,SS,SAF,label,SAF,DEF,2,Lucas Struck,JR,True,True,2.0
Ole Miss,WR-SL,WR,label,WR,OFF,2,Cameron Miller,SO,True,False,6.0
Ole Miss,WR-X,WR,label,WR,OFF,2,Horatio Fields,SR,True,True,4.0
Ole Miss,WR-Z,WR,label,WR,OFF,2,Caleb Cunningham,FR,False,True,5.0
Colorado State,LCB,CB,label,CB,DEF,2,Caleb Presley,JR,True,True,3.0
Colorado State,RCB,CB,label,CB,DEF,2,CJ Blocker,JR,True,True,4.0
Ole Miss,NT,DT,label,DT,DEF,2,Jehiem Oatis,SR,True,True,3.0
Colorado State,JACK,EDGE,default,LB,DEF,2,Khamani Potts,JR,True,True,4.0
Colorado State,NT,DT,label,DT,DEF,2,Alton Tarber IV,JR,True,True,3.0
Colorado State,DT,DT,label,DT,DEF,2,Gabe Jones,JR,True,True,4.0
Colorado State,WLB,LB,label,LB,DEF,2,Marc Pretto,SR,True,True,3.0
Colorado State,MLB,LB,label,LB,DEF,2,Antarron Turner,SR,True,True,4.0
Pittsburgh,RB,RB,label,RB,OFF,2,La'Vell Wright,GR,True,False,2.0
Pittsburgh,LDE,EDGE,label,EDGE,DEF,2,Jaeden Moore,JR,True,True,3.0
Pittsburgh,RDE,EDGE,label,EDGE,DEF,2,Zach Crothers,SO,False,True,4.0
Clemson,SS,SAF,label,SAF,DEF,2,Ronan Hanafin,SR,False,False,4.0
Coastal Carolina,WR-SL,WR,label,WR,OFF,2,Colton Hinton,SR,False,False,5.0
Coastal Carolina,WR-X,WR,label,WR,OFF,2,Trishstin Glass,SO,False,False,6.0
Coastal Carolina,WR-Z,WR,label,,OFF,2,KD Hainsworth,FR,False,False,3.0
Coastal Carolina,LT,OT,label,,OFF,2,Gavin McLaughlin,SO,False,True,6.0
Pittsburgh,WR-X,WR,label,WR,OFF,2,Tony Kinsler,SO,False,False,4.0
Pittsburgh,WR-Z,WR,label,WR,OFF,2,Censere Lee,SR,True,True,5.0
Ole Miss,QB,QB,label,QB,OFF,2,Deuce Knight,FR,True,True,2.0
Ole Miss,RB,RB,label,RB,OFF,2,Makhi Frazier,JR,True,False,2.0
Pittsburgh,LG,IOL,label,,OFF,2,Keith Gouveia,SR,True,True,7.0
Pittsburgh,C,IOL,label,,OFF,2,Isaiah Montgomery,SR,False,True,8.0
Coastal Carolina,RT,OT,label,,OFF,2,Mason Barton,JR,False,False,7.0
Coastal Carolina,TE,TE,label,TE,OFF,2,Brown Reaves,SO,False,False,2.0
Coastal Carolina,RB,RB,label,RB,OFF,2,Jevon Edwards,SO,False,False,4.0
Coastal Carolina,LDE,EDGE,label,EDGE,DEF,2,Chandavian Bradley,JR,False,True,2.0
Coastal Carolina,MLB,LB,label,LB,DEF,2,Aiden Parker,FR,False,False,4.0
Penn State,LCB,CB,label,CB,DEF,2,Joshua Johnson,FR,False,True,3.0
Penn State,RCB,CB,label,CB,DEF,2,Jahmir Joseph,FR,False,True,4.0
Penn State,FS,SAF,label,SAF,DEF,2,Jamison Patton,SR,True,False,5.0
Penn State,NB,CB,bio,CB,DEF,2,Ibn McDaniels,SO,True,True,6.0
Penn State,SS,SAF,label,SAF,DEF,2,Vaboue Toure,SO,False,True,4.0
Ole Miss,DE,EDGE,label,EDGE,DEF,2,Jonathan Maldonado,SR,True,True,2.0
Ole Miss,DT,DT,label,DT,DEF,2,Jamarious Brown,JR,False,True,4.0
Colorado State,QB,QB,label,QB,OFF,2,K'saan Farrar,FR,True,True,2.0
Colorado State,RB,RB,label,RB,OFF,2,Oliver Lundberg,SO,True,True,2.0
Colorado State,DE,EDGE,label,EDGE,DEF,2,Brandon Kelley,JR,True,True,3.0
Ole Miss,MLB,LB,label,LB,DEF,2,Tah'j Butler,JR,True,False,4.0
Ole Miss,WLB,LB,label,LB,DEF,2,Jarcoby Hopson,FR,False,True,3.0
Vanderbilt,RDE,EDGE,label,EDGE,DEF,2,Edwin Kolenge,GR,True,False,4.0
Vanderbilt,QT,OT,label,OT,OFF,2,Mitchell Smith,FR,False,False,6.0
Vanderbilt,QG,IOL,label,,OFF,2,Gunner Givens,SR,True,True,7.0
Vanderbilt,C,IOL,label,,OFF,2,Keegan Wechsler,JR,False,True,8.0
Vanderbilt,SG,IOL,label,,OFF,2,Kevo Wesley,GR,False,False,9.0
Vanderbilt,ST,OT,label,,OFF,2,Clinton Azubuike,SO,True,True,10.0
Vanderbilt,TE,TE,label,TE,OFF,2,Jayvontay Conner,JR,True,True,2.0
Arizona,WLB,LB,label,LB,DEF,2,Cooper Blomstrom,SR,True,False,4.0
Arizona,MLB,LB,label,LB,DEF,2,Myron Robinson,SO,False,False,5.0
Ole Miss,LCB,CB,label,CB,DEF,2,Jaylon Braxton,SR,True,False,3.0
Ole Miss,RCB,CB,label,CB,DEF,2,Dorian Barney,FR,False,False,4.0
Ole Miss,FS,SAF,label,SAF,DEF,2,Nick Cull,SR,False,True,5.0
Ole Miss,NB,SAF,bio,,DEF,2,Ladarian Clardy,SO,False,False,6.0
Ole Miss,SS,SAF,label,SAF,DEF,2,Andy Jaffe,SO,False,True,4.0
Ole Miss,BUCK,EDGE,default,,DEF,2,Blake Purchase,JR,True,True,2.0
Penn State,LDT,DT,label,LB,DEF,2,Alijah Carnell,SO,True,True,3.0
Penn State,RDT,DT,label,DT,DEF,2,Siale Taupaki,SR,True,True,4.0
Penn State,MLB,LB,label,LB,DEF,2,Caleb Bacon,SR,True,True,4.0
Penn State,WLB,LB,label,LB,DEF,2,Alex Tatsch,SO,False,False,3.0
Coastal Carolina,WLB,LB,label,LB,DEF,2,Wyatt Gedeon,SR,False,False,5.0
Coastal Carolina,ROVER,SAF,default,,DEF,2,Jax Pope,FR,False,False,4.0
Coastal Carolina,SS,SAF,label,,DEF,2,Mason Moore,SR,False,False,5.0
Colorado,WR-X,WR,label,WR,OFF,2,Hykeem Williams,SR,True,False,4.0
UTSA,SS,SAF,label,SAF,DEF,2,Marcellus Wilkerson,SR,True,True,3.0
UTSA,RB,RB,label,RB,OFF,2,Brandon High Jr.,JR,True,True,2.0
UTSA,DE,EDGE,label,EDGE,DEF,2,Drenon Fite III,SR,True,True,3.0
Colorado State,TE,TE,label,TE,OFF,2,Dominic Toy,SO,True,True,2.0
Penn State,RB,RB,label,RB,OFF,2,James Peoples,JR,True,False,2.0
Penn State,LDE,EDGE,label,EDGE,DEF,2,Ikenna Ezeogu,SR,True,True,3.0
Oregon,TE,TE,label,TE,OFF,2,Markus Dixon,JR,True,True,2.0
Oregon,QB,QB,label,QB,OFF,2,Dylan Raiola,JR,True,False,2.0
Colorado State,LT,OT,label,,OFF,2,Payton Stewart,SO,True,True,6.0
Colorado State,LG,IOL,label,,OFF,2,Zach Smith,SO,False,True,7.0
Colorado State,C,IOL,label,,OFF,2,Braden Hales,SO,False,True,8.0
Colorado State,RG,IOL,label,,OFF,2,Berlin Lillard,SO,False,True,9.0
Colorado State,RT,OT,label,,OFF,2,John Holthaus,SO,False,True,10.0
Oregon,WR-X,WR,label,WR,OFF,2,Evan Stewart,SR,True,True,4.0
Oregon,WR-Z,WR,label,WR,OFF,2,Dillon Gresham,SO,False,True,5.0
Oregon,WR-SL,WR,label,WR,OFF,2,Messiah Hampton,FR,False,False,6.0
Oregon,LT,OT,label,,OFF,2,Ziyare Addison,FR,False,True,6.0
Oregon,LG,IOL,label,,OFF,2,Trent Ferguson,SO,False,True,7.0
Oregon,C,IOL,label,,OFF,2,Devin Brooks,SO,False,True,8.0
Oregon,RG,IOL,label,,OFF,2,Douglas Utu,FR,False,True,9.0
Colorado,C,IOL,label,,OFF,2,Sean Kinney,JR,True,False,8.0
Colorado,RG,IOL,label,,OFF,2,Jose Soto,JR,True,True,9.0
Colorado,RT,OT,label,,OFF,2,Leon Bell,GR,True,False,10.0
Arizona,LCB,CB,label,CB,DEF,2,Zuri Watson,SO,True,True,3.0
Arizona,RCB,CB,label,CB,DEF,2,Dwight Bootle,JR,True,True,4.0
UTSA,FS,SAF,label,SAF,DEF,2,Elijah Newell,SO,False,True,4.0
UTSA,MONEY,SAF,bio,LB,DEF,2,Bryce Grays,SR,True,True,2.0
Oregon,RT,OT,label,,OFF,2,Zac Stascausky,FR,False,True,10.0
UTSA,JACK,EDGE,default,,DEF,2,James Walley Jr.,JR,False,True,4.0
UTSA,NT,DT,label,DT,DEF,2,Jusiah Sampleton,SR,True,False,3.0
UTSA,DT,DT,label,DT,DEF,2,Johnny Bowens III,JR,True,True,4.0
Arizona,SS,SAF,label,SAF,DEF,2,Lee Molette III,SR,True,True,4.0
Arizona,FS,SAF,label,SAF,DEF,2,Cam Chapa,JR,True,False,5.0
Arizona,NB,SAF,bio,SAF,DEF,2,Dajon Hinton,FR,False,True,6.0
Colorado,WR-Z,WR,label,WR,OFF,2,Kam Perry,SR,True,True,5.0
Colorado,WR-SL,WR,label,WR,OFF,2,Ernest Campbell,SO,True,True,6.0
Colorado State,WR-Z,WR,label,WR,OFF,2,Kojo Antwi,SR,True,True,5.0
Colorado State,WR-SL,WR,label,WR,OFF,2,Terrence Smith Jr.,SO,True,True,6.0
Oregon,RB,RB,label,RB,OFF,2,Dierre Hill Jr.,SO,False,False,2.0
Oregon,DE,EDGE,label,EDGE,DEF,2,Elijah Rushing,SO,False,True,3.0
Oregon,JACK,EDGE,default,LB,DEF,2,Nasir Wyatt,SO,False,False,4.0
Oregon,NT,DT,label,DT,DEF,2,D'Antre Robinson,JR,True,False,3.0
Oregon,DT,DT,label,DT,DEF,2,Matthew Johnson,FR,False,True,4.0
Arizona,SLB,LB,label,LB,DEF,2,Jabari Mann,SO,False,True,6.0
Penn State,RDE,EDGE,label,EDGE,DEF,2,Alexander McPherson,SO,True,False,4.0
Penn State,LT,OT,label,,OFF,2,Owen Aliciene,FR,False,True,6.0
Penn State,RG,IOL,label,,OFF,2,Will Tompkins,FR,True,True,9.0
Penn State,RT,OT,label,,OFF,2,Garrett Sexton,SO,False,True,10.0
Penn State,TE,TE,label,TE,OFF,2,Benjamin Brahmer,SR,True,False,2.0
Penn State,QB,QB,label,QB,OFF,2,Alex Manske,FR,True,True,2.0
Colorado,LT,OT,label,,OFF,2,Jayven Richardson,SR,True,True,6.0
Colorado,LG,IOL,label,,OFF,2,Taj White,SR,True,True,7.0
Oregon,SS,SAF,label,SAF,DEF,2,Jett Washington,FR,False,False,4.0
Oregon,FS,SAF,label,SAF,DEF,2,Peyton Woodyard,JR,False,False,5.0
Oregon,NB,CB,bio,CB,DEF,2,Davon Benjamin,FR,False,False,6.0
Oregon,MAC,LB,label,LB,DEF,2,Dylan Williams,SO,False,True,2.0
Colorado,SS,SAF,label,SAF,DEF,2,Ben Finneseth,SR,False,True,4.0
Colorado,FS,SAF,label,SAF,DEF,2,Jaydan Hardy,JR,True,False,5.0
Colorado,NB,CB,bio,CB,DEF,2,Paul Omodia,JR,True,True,6.0
Colorado,TE,TE,label,TE,OFF,2,Fisher Clements,GR,True,False,2.0
Penn State,WR-F,WR,label,,OFF,2,Zay Robinson,FR,True,True,6.0
Penn State,WR-X,WR,label,WR,OFF,2,Karon Brookins,FR,True,True,4.0
Penn State,WR-Z,WR,label,WR,OFF,2,Lyrick Samuel,FR,False,True,5.0
Penn State,C,IOL,label,,OFF,2,Vaea Ikakoula,FR,True,True,8.0
Vanderbilt,WR-X,WR,label,WR,OFF,2,Ja'Cory Thomas,SR,True,False,4.0
Vanderbilt,WR-Z,WR,label,WR,OFF,2,Joseph McVay,SO,False,True,5.0
Vanderbilt,WR-SL,WR,label,WR,OFF,2,Tristen Brown,JR,False,False,6.0
Colorado State,WR-X,WR,label,WR,OFF,2,RJ Vick,SR,True,True,4.0
Colorado,MLB,LB,label,LB,DEF,2,Tyler Martinez,SR,True,True,4.0
Colorado,LCB,CB,label,CB,DEF,2,RJ Johnson,JR,True,True,3.0
Colorado,RCB,CB,label,CB,DEF,2,Emory Floyd,SR,True,True,4.0
Oregon,MONEY,LB,bio,LB,DEF,2,Gavin Nix,SO,False,False,2.0
Oregon State,WR-X,WR,label,WR,OFF,2,Aaron Butler,SO,True,True,4.0
Oregon State,WR-Z,WR,label,WR,OFF,2,Malachi Durant,SO,False,True,5.0
Oregon State,WR-SL,WR,label,WR,OFF,2,Karson Boschma,SR,True,True,6.0
UTSA,WLB,LB,label,LB,DEF,2,Dylan Spencer,JR,True,True,3.0
UTSA,MLB,LB,label,LB,DEF,2,Darion White,SR,True,True,4.0
UTSA,LCB,CB,label,CB,DEF,2,Jakevian Rodgers,JR,False,True,3.0
UTSA,RCB,CB,label,CB,DEF,2,Lawrence Brown Jr.,JR,True,True,4.0
Penn State,LG,IOL,label,,OFF,2,Chimdy Onoh,JR,False,True,7.0
Oregon State,LCB,CB,label,CB,DEF,2,Isaiah Houi,JR,True,False,3.0
Oregon State,RCB,CB,label,CB,DEF,2,TJ Crandall,JR,True,True,4.0
Oregon,LCB,CB,label,CB,DEF,2,Aaron Scott Jr.,SO,True,True,3.0
Oregon,RCB,CB,label,CB,DEF,2,Na'eem Offord,SO,False,False,4.0
Oregon State,LDE,EDGE,label,EDGE,DEF,2,Niklas Fisher,FR,False,True,3.0
Oregon State,RDE,EDGE,label,EDGE,DEF,2,Will Haverland,SO,False,True,4.0
Oregon State,NT,DT,label,DT,DEF,2,Tevita Pome'e,JR,True,True,3.0
Oregon State,DT,DT,label,DT,DEF,2,Daniel Matagi,SR,True,False,4.0
Oregon State,WLB,LB,label,LB,DEF,2,Tyree Blake,SR,False,True,3.0
Oregon State,MLB,LB,label,LB,DEF,2,Kord Shaw,SR,False,True,4.0
Oregon State,LT,OT,label,,OFF,2,Jacob Anderson,JR,False,True,6.0
Oregon State,C,IOL,label,,OFF,2,Jake Normoyle,FR,False,True,7.0
Oregon State,RG,IOL,label,,OFF,2,Will Larkins,JR,True,True,8.0
Oregon State,RT,OT,label,,OFF,2,Josiah Timoteo,JR,True,True,9.0
Oregon State,TE,TE,label,TE,OFF,2,Gabe Milbourn,SR,False,True,2.0
Oregon State,QB,QB,label,QB,OFF,2,Braden Atkinson,SO,True,False,2.0
Oregon State,RB,RB,label,RB,OFF,2,AJ Newberry,JR,True,True,2.0
Colorado,NT,DT,label,DT,DEF,2,Tyler Moore,JR,True,False,3.0
Colorado,DT,DT,label,DT,DEF,2,Ezra Christensen,SR,True,True,4.0
Colorado,WLB,LB,label,LB,DEF,2,Carson Crawford,FR,False,False,3.0
James Madison,WLB,LB,label,LB,DEF,2,Jayden Studio,SO,True,True,3.0
James Madison,MLB,LB,label,LB,DEF,2,JT Hooten,SO,True,True,4.0
James Madison,TE,TE,label,TE,OFF,2,KD Mosley,JR,True,False,2.0
James Madison,QB,QB,label,QB,OFF,2,JC Evans,SO,False,True,2.0
James Madison,RB,RB,label,RB,OFF,2,Nick Herman,SO,True,False,2.0
UCLA,RDE,EDGE,label,EDGE,DEF,2,Ryan McCulloch,JR,True,True,4.0
UCLA,LDT,DT,label,DT,DEF,2,A.J. Fuimaono,JR,False,True,3.0
UCLA,RDT,DT,label,DT,DEF,2,Darold DeNgohe,JR,True,True,4.0
UCLA,WLB,LB,label,LB,DEF,2,Donavyn Pellot,JR,False,True,3.0
UCLA,MLB,LB,label,LB,DEF,2,Drew Spinogatti,SR,True,False,4.0
Arkansas State,SS,SAF,label,SAF,DEF,2,Malekhi Weedon,SO,False,False,4.0
Arkansas State,FS,SAF,label,SAF,DEF,2,Makai Shahid,JR,True,True,5.0
Arkansas State,NB,SAF,bio,SAF,DEF,2,Brandon Greil,SR,False,False,6.0
Arkansas State,WLB,LB,label,LB,DEF,2,Daniel Demery,JR,True,True,3.0
Arkansas State,MLB,LB,label,LB,DEF,2,Kam Moore,SR,True,True,4.0
Air Force,WR-X,WR,label,WR,OFF,2,Adam Hrynciw,SR,False,False,4.0
James Madison,LG,IOL,label,,OFF,2,Noel Portnjagin,SO,True,True,7.0
James Madison,LT,OT,label,,OFF,2,Griffin Hart,JR,False,True,6.0
Air Force,WR-SL,WR,label,WR,OFF,2,Noah McNair,SO,False,False,3.0
James Madison,WR-SL,WR,label,WR,OFF,2,Michael Scott,SO,False,False,6.0
James Madison,WR-Z,WR,label,WR,OFF,2,Za'Ron Collins,JR,True,True,5.0
James Madison,WR-X,WR,label,WR,OFF,2,Kylan Billiot,SO,True,True,4.0
Wyoming,RDT,DT,label,DT,DEF,2,Caleb Robinson,GR,False,False,4.0
Wyoming,LDT,DT,label,LB,DEF,2,Tegen Seeds,SO,False,True,3.0
Wyoming,RDE,EDGE,label,EDGE,DEF,2,Thaddeus Gianaris,SR,True,True,4.0
Wyoming,LDE,EDGE,label,EDGE,DEF,2,Kevin Sjogren,SR,False,True,3.0
Air Force,QB,QB,label,QB,OFF,2,Josh Johnson,SR,False,False,2.0
Air Force,TE,TE,label,,OFF,2,Griffin Stalfort,SR,False,False,2.0
Air Force,RT,OT,label,,OFF,2,Marcus Roser,JR,False,False,10.0
Air Force,LT,OT,label,,OFF,2,Brandon Nazworth,JR,False,False,6.0
Air Force,RG,IOL,label,,OFF,3,Cole Anderson,SO,False,False,14.0
Air Force,RT,OT,label,,OFF,3,Jake Sulzberger,SO,False,False,15.0
Air Force,TE,TE,label,EDGE,OFF,3,Samuel Rhoades V,JR,False,False,3.0
Wyoming,LDE,EDGE,label,EDGE,DEF,3,Donnie Wingate,SR,True,True,5.0
Jacksonville State,FS,SAF,label,SAF,DEF,3,Brennan Core,FR,False,False,6.0
Wyoming,MLB,LB,label,LB,DEF,3,Steven Perez,FR,False,True,6.0
Air Force,LG,IOL,label,,OFF,3,Henry Rickels,SR,False,False,12.0
Wyoming,LCB,CB,label,CB,DEF,3,BJ Inmon,JR,True,True,5.0
Wyoming,RCB,CB,label,CB,DEF,3,Kendall Griffin,FR,False,False,6.0
Oregon State,SS,SAF,label,SAF,DEF,3,Tyjai Hopper,SO,True,True,7.0
Colorado,QB,QB,label,QB,OFF,3,Kaneal Sweetwyne,FR,False,False,3.0
Colorado,RB,RB,label,RB,OFF,3,DeKalon Taylor,SR,True,True,3.0
Colorado,LDE,EDGE,label,EDGE,DEF,3,Lamont Lester Jr.,SO,True,True,5.0
Colorado,RDE,EDGE,label,EDGE,DEF,3,Yamil Talib,SO,True,True,6.0
Oregon State,NT,DT,label,DT,DEF,3,Tyler Bailey,JR,True,False,5.0
Oregon State,DT,DT,label,DT,DEF,3,Jaylen Hill,FR,False,True,6.0
Oregon State,WLB,LB,label,LB,DEF,3,Jabari Odoemenem,SR,True,False,5.0
Oregon State,MLB,LB,label,LB,DEF,3,Dylan Layne,SR,True,True,6.0
Oregon State,RT,OT,label,,OFF,3,Broderick Shull,FR,False,False,10.0
Oregon State,TE,TE,label,TE,OFF,3,DeCorion Temple,SR,True,True,3.0
Oregon State,QB,QB,label,QB,OFF,3,Brady Jones,SR,True,False,3.0
Oregon State,RB,RB,label,RB,OFF,3,Kourdey Glass,FR,False,True,3.0
Colorado,NT,DT,label,DT,DEF,3,Samu Taumanupepe,JR,True,True,5.0
Colorado,DT,DT,label,DT,DEF,3,Sedrick Smith,JR,True,True,6.0
Colorado,WLB,LB,label,LB,DEF,3,Colby Johnson,FR,False,False,5.0
Colorado,MLB,LB,label,LB,DEF,3,Rodney Colton Jr.,FR,False,False,6.0
Colorado,LCB,CB,label,CB,DEF,3,Jason Stokes Jr.,SO,True,False,5.0
Vanderbilt,WR-SL,WR,label,WR,OFF,3,Kayleb Barnett,SO,False,False,9.0
UTSA,NT,DT,label,DT,DEF,3,Donald Quaite Jr.,JR,False,True,5.0
UTSA,WLB,LB,label,LB,DEF,3,Camron Cooper,SR,False,True,5.0
UTSA,MLB,LB,label,LB,DEF,3,Eze Osondu,SO,True,True,6.0
UTSA,LCB,CB,label,CB,DEF,3,Zach Morris,SR,True,True,5.0
Penn State,C,IOL,label,,OFF,3,Dominic Rulli,SR,False,True,13.0
Penn State,LG,IOL,label,,OFF,3,Donnie Harbour,SO,False,True,12.0
Oregon State,LCB,CB,label,CB,DEF,3,Blake Thompson,FR,False,True,5.0
Oregon State,RCB,CB,label,CB,DEF,3,David Madison,FR,False,True,6.0
Oregon State,WR-X,WR,label,WR,OFF,3,Cynai Thomas,FR,False,False,7.0
Oregon State,WR-Z,WR,label,WR,OFF,3,Jesse Legree,FR,False,False,8.0
Oregon State,WR-SL,WR,label,WR,OFF,3,Jameson Powell,FR,False,False,9.0
Oregon,LCB,CB,label,CB,DEF,3,Tre Watson,JR,True,False,5.0
Oregon,NB,CB,bio,,DEF,3,Zach Grisham,SR,False,True,7.0
Oregon,MAC,LB,label,LB,DEF,3,Brayden Platt,SO,False,True,3.0
Colorado,RCB,CB,label,,DEF,3,Makari Vickers,JR,True,True,6.0
Colorado,LG,IOL,label,,OFF,3,Chauncey Gooden,FR,False,True,12.0
Colorado,RT,OT,label,,OFF,3,Phillip Houston,SR,True,True,13.0
Colorado,TE,TE,label,TE,OFF,3,Corbin Laisure,FR,False,True,3.0
Penn State,WR-F,WR,label,WR,OFF,3,Keith Jones Jr.,SO,True,True,9.0
Penn State,WR-X,WR,label,WR,OFF,3,Peter Gonzalez,SO,False,True,7.0
Penn State,WR-Z,WR,label,WR,OFF,3,Amarion Jackson,FR,False,False,8.0
Vanderbilt,WR-X,WR,label,WR,OFF,3,Cameran Dickson,FR,False,True,7.0
Vanderbilt,WR-Z,WR,label,WR,OFF,3,Kahden Smith,FR,False,False,8.0
Colorado,FS,SAF,label,SAF,DEF,3,Jah Jah Boyd,SO,True,True,7.0
Oregon,RB,RB,label,RB,OFF,3,Simeon Price,SR,True,True,3.0
Oregon,DE,EDGE,label,EDGE,DEF,3,Anthony Jones Jr.,FR,False,False,5.0
Oregon,JACK,EDGE,default,,DEF,3,Bleu Dantzler,FR,True,True,6.0
Oregon,NT,DT,label,DT,DEF,3,Jerome Simmons,SR,True,True,5.0
Arizona,WLB,LB,label,LB,DEF,3,Dash Fifita,FR,False,False,7.0
Arizona,MLB,LB,label,LB,DEF,3,Dominic Hanger,JR,False,True,8.0
Penn State,RDE,EDGE,label,EDGE,DEF,3,LaVar Arrington II,SO,False,False,6.0
Penn State,LT,OT,label,,OFF,3,Kuol Kuol II,FR,True,True,11.0
Penn State,TE,TE,label,TE,OFF,3,Gabe Burkle,SR,True,True,3.0
Penn State,QB,QB,label,QB,OFF,3,Connor Barry,SR,True,True,3.0
Colorado,LT,OT,label,,OFF,3,Andre Roye Jr.,SR,True,True,11.0
Arizona,SLB,LB,label,LB,DEF,3,Coleman Patmon,SO,False,False,9.0
Arizona,LCB,CB,label,CB,DEF,3,Johno Price,JR,True,True,5.0
Arizona,RCB,CB,label,CB,DEF,3,Xaier Hiler,FR,False,False,6.0
UTSA,FS,SAF,label,SAF,DEF,3,Joel Rogers,SO,True,True,5.0
UTSA,MONEY,SAF,bio,SAF,DEF,3,Chris Bryson II,JR,False,True,3.0
Oregon,DT,DT,label,DT,DEF,3,Aydin Breland,SO,False,True,6.0
Oregon,LT,OT,label,,OFF,3,Immanuel Iheanacho,FR,False,False,11.0
Oregon,LG,IOL,label,,OFF,3,Demetri Manning,FR,False,True,12.0
Oregon,C,IOL,label,,OFF,3,Koloi Keli,FR,False,False,13.0
Oregon,RG,IOL,label,,OFF,3,Tommy Tofi,FR,False,False,14.0
Oregon,RT,OT,label,,OFF,3,Gernorris Wilson,JR,False,True,15.0
UTSA,DE,EDGE,label,EDGE,DEF,3,Eddy Smith,SO,True,True,5.0
Arizona,SS,SAF,label,SAF,DEF,3,Matai Tagoa'i,SO,True,False,7.0
Colorado,WR-Z,WR,label,WR,OFF,3,Quanell Farrakhan Jr.,SO,False,False,7.0
Colorado,WR-SL,WR,label,,OFF,3,Quentin Gibson,SO,False,False,8.0
Penn State,RB,RB,label,RB,OFF,3,Quinton Martin Jr.,SO,False,True,3.0
Penn State,LDE,EDGE,label,EDGE,DEF,3,Dayshaun Burnett,FR,False,True,5.0
Oregon,TE,TE,label,TE,OFF,3,Andrew Olesh,FR,True,True,3.0
Oregon,QB,QB,label,QB,OFF,3,Brock Thomas,JR,False,True,3.0
Colorado State,WR-X,WR,label,WR,OFF,3,Troy Foster,FR,False,False,7.0
Colorado State,WR-Z,WR,label,WR,OFF,3,Makih Johnson,FR,True,True,8.0
Colorado State,WR-SL,WR,label,WR,OFF,3,Jackson Harper,JR,True,True,9.0
Colorado State,LT,OT,label,,OFF,3,Kentez Allen,FR,False,True,11.0
Oregon,WR-X,WR,label,WR,OFF,3,Gatlin Bair,FR,False,False,7.0
Oregon,WR-Z,WR,label,WR,OFF,3,Jalen Lott,FR,False,False,8.0
Oregon,WR-SL,WR,label,WR,OFF,3,Jack Ressler,SO,False,True,9.0
Ole Miss,RCB,CB,label,CB,DEF,3,Cedrick Beavers,SR,True,True,6.0
Ole Miss,FS,SAF,label,SAF,DEF,3,Keon Young,FR,False,True,8.0
Ole Miss,NB,SAF,bio,SAF,DEF,3,Anthony Robinson III,SO,False,True,9.0
Ole Miss,SS,SAF,label,SAF,DEF,3,Cortez Thomas,FR,False,True,7.0
Ole Miss,BUCK,EDGE,default,LB,DEF,3,Talib Graham,FR,False,True,3.0
Penn State,LDT,DT,label,,DEF,3,Dallas Vakalahi,JR,True,False,5.0
Penn State,RDT,DT,label,DT,DEF,3,Ty Blanding,JR,False,True,6.0
Penn State,MLB,LB,label,LB,DEF,3,Cael Brezina,JR,True,False,6.0
Penn State,WLB,LB,label,LB,DEF,3,Cam Smith,FR,False,True,5.0
UTSA,RB,RB,label,RB,OFF,3,A'Marion Peterson,JR,True,True,3.0
Colorado State,TE,TE,label,TE,OFF,3,Nader Chirchi,JR,True,True,3.0
Colorado State,QB,QB,label,QB,OFF,3,Darius Curry,SO,False,True,3.0
Colorado State,RB,RB,label,RB,OFF,3,Durell Robinson,JR,True,True,3.0
Ole Miss,NT,DT,label,DT,DEF,3,Andrew Maddox,SO,False,False,5.0
Ole Miss,MLB,LB,label,LB,DEF,3,Ant Davis Jr.,FR,False,False,6.0
Ole Miss,WLB,LB,label,LB,DEF,3,Tony Mitchell,SR,True,False,5.0
Vanderbilt,LDE,EDGE,label,EDGE,DEF,3,CJ Jackson,SO,True,True,5.0
Vanderbilt,RDE,EDGE,label,EDGE,DEF,3,Mason Carter,SO,False,True,6.0
Vanderbilt,QG,IOL,label,,OFF,3,Michael Smith,JR,True,False,11.0
Vanderbilt,TE,TE,label,TE,OFF,3,Maurice Veney,JR,True,True,3.0
Ole Miss,LCB,CB,label,CB,DEF,3,Tavoy Feagin,SO,True,True,5.0
Ole Miss,QB,QB,label,QB,OFF,3,AJ Maddox,SO,False,True,3.0
Ole Miss,RB,RB,label,RB,OFF,3,Joshua Dye,JR,True,True,3.0
Coastal Carolina,RB,RB,label,RB,OFF,3,Daelen Alexander,JR,False,True,2.0
Penn State,LCB,CB,label,CB,DEF,3,Hunter Sowell,FR,True,True,5.0
Penn State,NB,CB,bio,CB,DEF,3,Xxavier Thomas,FR,False,True,8.0
Penn State,SS,SAF,label,SAF,DEF,3,Omarion Davis,SO,True,False,7.0
Ole Miss,DE,EDGE,label,EDGE,DEF,3,Jordan Renaud,JR,True,True,3.0
Ole Miss,DT,DT,label,DT,DEF,3,Kamron Beavers,SO,False,True,6.0
Colorado State,DE,EDGE,label,EDGE,DEF,3,Mukendi Wa-Kalonji,GR,False,False,5.0
Colorado State,JACK,EDGE,default,LB,DEF,3,Nykobi Brown,FR,True,True,6.0
Colorado State,NT,DT,label,DT,DEF,3,Keegan Shank,SO,False,True,5.0
Colorado State,DT,DT,label,DT,DEF,3,Cleto Chol,JR,True,True,6.0
Colorado State,WLB,LB,label,LB,DEF,3,Caleb Otlewski,JR,True,True,5.0
Colorado State,MLB,LB,label,LB,DEF,3,Jaylen King,FR,False,False,6.0
Pittsburgh,RB,RB,label,RB,OFF,3,Damon Ferguson Jr.,FR,False,False,3.0
Clemson,NB,SAF,bio,SAF,DEF,3,Noah Dixon,SO,False,True,9.0
Clemson,SS,SAF,label,SAF,DEF,3,Joe Wilkinson,JR,False,False,7.0
Coastal Carolina,LT,OT,label,,OFF,3,Johnathan Ashley,JR,False,True,8.0
Ole Miss,WR-Z,WR,label,WR,OFF,3,Samari Reed,FR,False,True,8.0
Ole Miss,C,IOL,label,,OFF,3,John Wayne Oliver,SO,False,True,11.0
Ole Miss,TE,TE,label,TE,OFF,3,Brady Prieskorn,SO,True,True,3.0
Ole Miss,WR-SL,WR,label,WR,OFF,3,Dillon Alfred,FR,False,True,9.0
Ole Miss,WR-X,WR,label,WR,OFF,3,Isaiah Spencer,SR,True,False,7.0
Colorado State,LCB,CB,label,CB,DEF,3,Elijah Brown,JR,True,False,5.0
Colorado State,SS,SAF,label,SAF,DEF,3,Jermaine Santana-Diaz,FR,False,False,7.0
Colorado State,FS,SAF,label,SAF,DEF,3,Dagan Myers,SO,False,True,8.0
Old Dominion,RB,RB,label,RB,OFF,3,Trey Hall,JR,True,True,3.0
Old Dominion,LDE,EDGE,label,,DEF,3,LeDarrion Menter,FR,False,True,3.0
Pittsburgh,LDE,EDGE,label,EDGE,DEF,3,Reston Lehman,FR,False,False,5.0
Pittsburgh,MLB,LB,label,LB,DEF,3,Abe Ibrahim,SR,False,True,3.0
Pittsburgh,LCB,CB,label,CB,DEF,3,D'Angelo Stocker,SR,True,True,5.0
Pittsburgh,RCB,CB,label,CB,DEF,3,Rashan Murray,SR,True,True,6.0
Pittsburgh,RT,OT,label,,OFF,3,Akram Elnagmi,FR,False,True,11.0
Pittsburgh,TE,TE,label,TE,OFF,3,Max Hunt,FR,False,True,3.0
Pittsburgh,QB,QB,label,QB,OFF,3,Corey Dailey,FR,False,False,3.0
Arizona,NT,DT,label,,DEF,3,Keytrin Harris,FR,False,False,5.0
Arizona,DT,DT,label,,DEF,3,Ezra Funa,JR,True,True,6.0
Vanderbilt,QB,QB,label,QB,OFF,3,Whit Muschamp,SO,False,True,3.0
Vanderbilt,RB,RB,label,RB,OFF,3,Jamezell Lassiter,SO,False,True,3.0
Delaware,WR-X,WR,label,WR,OFF,3,Calvin Thomas,FR,False,True,7.0
Delaware,LG,IOL,label,,OFF,3,Brandon Truszkowski,FR,False,False,11.0
Old Dominion,C,IOL,label,,OFF,3,Dory Lewis-Wilson,FR,False,False,6.0
Old Dominion,TE,TE,label,TE,OFF,3,Lonnie Johnson,JR,True,True,2.0
Old Dominion,QB,QB,label,QB,OFF,3,Jaxon Potter,JR,True,True,2.0
Oklahoma State,SS,SAF,label,SAF,DEF,3,Harrison Dempsey,SR,True,True,7.0
Old Dominion,WR-SL,WR,label,WR,OFF,3,BJ Bedgood,FR,False,False,6.0
UTSA,LT,OT,label,,OFF,3,Ibrahim Kebe,FR,False,True,11.0
UTSA,TE-Y,TE,label,TE,OFF,3,Isaiah Butler-Tanner,FR,False,True,3.0
Clemson,MLB,LB,label,LB,DEF,3,C.J. Kubah-Taylor,SO,False,True,6.0
Clemson,WLB,LB,label,LB,DEF,3,Fletcher Cothran,SR,False,True,5.0
Clemson,FS,SAF,label,SAF,DEF,3,Polo Anderson,FR,False,False,8.0
Old Dominion,WR-X,WR,label,WR,OFF,3,Zialis Blackmon,FR,False,False,7.0
Delaware,TE,TE,label,TE,OFF,3,Josh Humes,SR,True,False,3.0
Delaware,QB,QB,label,QB,OFF,3,Riley Trujillo,SO,True,True,3.0
Delaware,RB,RB,label,RB,OFF,3,Kaderris Roberts,SR,True,True,3.0
Delaware,LDE,EDGE,label,EDGE,DEF,3,Q'yaeir Price,GR,True,False,5.0
Oklahoma State,WLB,LB,label,LB,DEF,3,Carl'veon Young,FR,False,True,5.0
Oklahoma State,MLB,LB,label,LB,DEF,3,Jack Puckett,SR,True,True,6.0
Pittsburgh,STAR,CB,default,,DEF,3,Jayden Bonsu,JR,True,True,7.0
Purdue,WR-X,WR,label,WR,OFF,3,Jalil Hall,FR,False,True,7.0
Purdue,WR-Z,WR,label,WR,OFF,3,Chauncey Magwood,SR,True,True,8.0
Arizona,FS,SAF,label,SAF,DEF,3,Hannibal Navies II,FR,False,False,8.0
Arizona,NB,SAF,bio,CB,DEF,3,Swayde Griffin,FR,False,True,9.0
Arizona State,WR-X,WR,label,WR,OFF,3,Uriah Neloms,FR,False,True,7.0
Arizona State,WR-Z,WR,label,WR,OFF,3,Harry Hassmann,FR,False,True,8.0
Virginia,WR-X,WR,label,WR,OFF,3,TyLyric Coleman,JR,False,True,7.0
Vanderbilt,NT,DT,label,DT,DEF,3,Mike Diatta,GR,True,False,5.0
Vanderbilt,DT,DT,label,DT,DEF,3,Bradley Mann,GR,False,False,6.0
Vanderbilt,WLB,LB,label,LB,DEF,3,Jailen Ruth,JR,False,True,5.0
Vanderbilt,MLB,LB,label,LB,DEF,3,Austin Howard,SO,False,False,6.0
Arizona,DE,EDGE,label,EDGE,DEF,3,Kevin Moorer Jr.,JR,True,False,3.0
Oklahoma State,LCB,CB,label,CB,DEF,3,Kobi Foreman,SO,False,False,5.0
Oklahoma State,LDE,EDGE,label,EDGE,DEF,3,DeSean Brown,SR,False,True,5.0
Oklahoma State,RDE,EDGE,label,EDGE,DEF,3,Billy Walton III,JR,True,True,6.0
Oklahoma State,NT,DT,label,DT,DEF,3,Dominic Macon,FR,True,True,5.0
Oklahoma State,DT,DT,label,DT,DEF,3,Braylon Rigsby,JR,True,True,6.0
Oklahoma State,RT,OT,label,,OFF,3,Kai Holec,SO,True,True,11.0
Oklahoma State,QB,QB,label,QB,OFF,3,Broderick Vehrs,FR,False,False,3.0
Oklahoma State,RB,RB,label,RB,OFF,3,Tre Page III,SO,True,True,3.0
Clemson,RDE,EDGE,label,EDGE,DEF,3,Ari Watford,FR,False,True,6.0
Clemson,LDT,DT,label,LB,DEF,3,Champ Thompson,SO,False,True,5.0
Purdue,WR-SL,WR,label,WR,OFF,3,De'Nylon Morrissette,SR,True,True,9.0
Purdue,LT,OT,label,,OFF,3,Marc Nave Jr.,SO,True,True,11.0
Purdue,LG,IOL,label,,OFF,3,Max Parrott,SO,False,True,12.0
Purdue,TE,TE,label,TE,OFF,3,Luca Puccinelli,SO,True,True,3.0
Delaware,RDE,EDGE,label,EDGE,DEF,3,James Steel,FR,True,True,6.0
Oklahoma State,WR-X,WR,label,WR,OFF,3,Terrence Lewis,SO,True,False,7.0
Oklahoma State,WR-SL,WR,label,WR,OFF,3,Janí Weir,JR,True,True,8.0
Arizona,QB,QB,label,QB,OFF,3,Luke Haugo,FR,False,True,3.0
Arizona,RB,RB,label,RB,OFF,3,Antwan Roberts,SR,True,True,3.0
Vanderbilt,LCB,CB,label,CB,DEF,3,Jaylin Davies,GR,True,False,5.0
Delaware,NB,CB,bio,CB,DEF,3,Dannell Jester Jr.,FR,False,False,6.0
Duke,WR-X,WR,label,WR,OFF,3,Jonah Burton,GR,False,False,7.0
Clemson,QB,QB,label,QB,OFF,3,Tait Reynolds,FR,False,False,3.0
Clemson,RB,RB,label,RB,OFF,3,David Eziomume,SO,False,True,3.0
Purdue,QB,QB,label,QB,OFF,3,Bennett Meredith,SR,True,True,3.0
Purdue,RB,RB,label,RB,OFF,3,Antonio Harris,JR,False,False,3.0
Purdue,RUSH,EDGE,default,,DEF,3,Trey Smith,JR,True,True,5.0
Clemson,LDE,EDGE,label,EDGE,DEF,3,C.J. Wesley,SR,True,True,5.0
Duke,WR-Z,WR,label,WR,OFF,3,Paxon Kettering,SO,False,True,8.0
Duke,WR-SL,WR,label,WR,OFF,3,Qeanu Johnson,FR,False,True,9.0
Oklahoma,LCB,CB,label,CB,DEF,3,Dakoda Fields,SO,True,True,5.0
Oklahoma,RCB,CB,label,CB,DEF,3,Prince Ijioma,JR,True,False,6.0
Oklahoma,FS,SAF,label,SAF,DEF,3,Reed DeQuasie,JR,False,True,4.0
Oklahoma,DT,DT,label,DT,DEF,3,Nigel Smith II,SO,False,True,6.0
Oklahoma,MLB,LB,label,LB,DEF,3,James Nesta,SO,False,True,6.0
Oklahoma,WLB,LB,label,LB,DEF,3,Jacob Curry,FR,False,False,7.0
Purdue,NT,DT,label,DT,DEF,3,Josiah Hope,FR,False,False,5.0
Purdue,DT,DT,label,DT,DEF,3,Wisdom Simms,SR,True,True,6.0
Purdue,WLB,LB,label,LB,DEF,3,Hudson Miller,SR,True,True,5.0
Purdue,MLB,LB,label,LB,DEF,3,Winston Berglund,JR,False,True,6.0
Purdue,LCB,CB,label,CB,DEF,3,Traveon Wright,JR,True,True,5.0
Clemson,RG,IOL,label,,OFF,3,Gavin Blanchard,FR,False,True,13.0
Clemson,TE,TE,label,TE,OFF,3,Logan Brooking,FR,False,True,3.0
Duke,LT,OT,label,,OFF,3,Roman Fina,FR,False,True,11.0
Duke,LG,IOL,label,,OFF,3,Reagan McCranie,JR,False,True,12.0
Duke,C,IOL,label,,OFF,3,Sean Stover,FR,False,False,13.0
Duke,RG,IOL,label,,OFF,3,Jamin Brown,FR,False,True,14.0
Duke,TE,TE,label,TE,OFF,3,Jake Taylor,SR,False,True,3.0
Oklahoma,QB,QB,label,QB,OFF,3,Bowe Bentley,FR,False,False,3.0
Oklahoma,RB,RB,label,RB,OFF,3,Lloyd Avant,JR,True,False,3.0
Clemson,WR-X,WR,label,WR,OFF,3,Cole Turner,SR,False,True,7.0
Clemson,WR-Z,WR,label,WR,OFF,3,Gordon Sellars III,FR,False,False,8.0
Clemson,LG,IOL,label,,OFF,3,Dietrick Pennington,SR,False,True,12.0
Rice,WR-SL,WR,label,WR,OFF,3,Owen Carter,SO,False,True,9.0
Rice,WR-Z,WR,label,WR,OFF,3,Jordan Clark,FR,False,True,8.0
Virginia,DE,EDGE,label,EDGE,DEF,3,Justin Townsend,GR,True,False,3.0
Virginia,WR-Z,WR,label,WR,OFF,3,Josiah Abdullah,FR,False,True,8.0
Virginia,WR-SL,WR,label,WR,OFF,3,Tyson Davis,GR,True,False,9.0
Virginia,LG,IOL,label,,OFF,3,Grayson Reid,FR,False,True,11.0
Virginia,C,IOL,label,,OFF,3,Noah Hartsoe,GR,False,False,12.0
Virginia,RG,IOL,label,,OFF,3,Dane Steele,JR,False,True,13.0
Arizona,RT,OT,label,,OFF,3,Nathan Hale,JR,True,True,13.0
Arizona,TE,TE,label,TE,OFF,3,Arthur Ban,SO,True,True,3.0
Oklahoma,LDE,EDGE,label,EDGE,DEF,3,Wyatt Gilmore,SO,False,True,5.0
Oklahoma,TE,TE,label,TE,OFF,3,Jack Van Dorselaer,SO,True,False,3.0
Oklahoma,WR-H,WR,label,WR,OFF,3,Jacob Jordan,JR,False,False,9.0
Oklahoma,WR-X,WR,label,WR,OFF,3,Ivan Carreon,JR,False,False,7.0
Oklahoma,WR-Z,WR,label,WR,OFF,3,Manny Choice,SO,False,False,8.0
Oklahoma,C,IOL,label,,OFF,3,Gunnar Allen,SR,False,True,11.0
UTSA,WR-F,WR,label,,OFF,3,Mekhi Anderson,SO,False,True,7.0
Arizona State,WR-F,WR,label,WR,OFF,3,Cory Butler Jr.,FR,False,True,9.0
Rice,WLB,LB,label,LB,DEF,3,Austin Harnetiaux,SR,False,True,5.0
Rice,LT,OT,label,,OFF,3,Cullen Witt,SO,False,True,10.0
Rice,QB,QB,label,QB,OFF,3,Lucas Scheerhorn,SO,True,True,3.0
Duke,QB,QB,label,QB,OFF,3,Terry Walker III,FR,False,False,3.0
Duke,RB,RB,label,RB,OFF,3,Wilhelm Daal II,GR,True,False,3.0
Duke,LDE,EDGE,label,EDGE,DEF,3,Sampson Onuoha,FR,False,True,5.0
Duke,RDE,EDGE,label,EDGE,DEF,3,Kobe Smith,SO,False,True,6.0
Ohio State,LCB,CB,label,CB,DEF,3,Jay Timmons,FR,False,False,5.0
Ohio State,RCB,CB,label,CB,DEF,3,Jordan Thomas,FR,False,False,6.0
Ohio State,FS,SAF,label,SAF,DEF,3,Khmari Bing,FR,False,False,7.0
Ohio State,LDE,EDGE,label,EDGE,DEF,3,Khary Wilder,FR,False,False,5.0
Ohio State,RDE,EDGE,label,EDGE,DEF,3,Epi Sitanilei,FR,False,True,6.0
Ohio State,NT,DT,label,DT,DEF,3,Jason Moore,JR,False,True,5.0
Ohio State,WLB,LB,label,LB,DEF,3,Cincere Johnson,FR,False,False,5.0
Ohio State,MLB,LB,label,LB,DEF,3,Garrett Stover,JR,False,False,6.0
Cincinnati,CAT,SAF,bio,SAF,DEF,3,Jaidon Windom,FR,False,False,3.0
Clemson,WR-SL,WR,label,WR,OFF,3,Juju Preston,FR,False,True,9.0
Rice,RB,RB,label,RB,OFF,3,Tyvonn Byars,SO,False,False,3.0
Rice,DT,DT,label,DT,DEF,3,Robert Rooks,FR,False,True,5.0
UTSA,QB,QB,label,QB,OFF,3,Max Gerlich,FR,False,True,3.0
UTEP,SPUR,CB,default,,DEF,3,Grant Stewart,FR,False,True,3.0
Arizona,LG,IOL,label,,OFF,3,Javian Goo,FR,False,True,11.0
Arizona,C,IOL,label,,OFF,3,Keona Peat,JR,True,True,12.0
Virginia,RT,OT,label,,OFF,3,Alex Payne,FR,True,True,14.0
Virginia,TE,TE,label,TE,OFF,3,Connor Cox,SR,True,False,3.0
Virginia,QB,QB,label,QB,OFF,3,Cole Geer,FR,False,True,3.0
Virginia,RB,RB,label,RB,OFF,3,Solomon Beebe,JR,True,False,3.0
Duke,LDT,DT,label,DT,DEF,3,Julius Columbus,FR,False,True,5.0
Duke,RDT,DT,label,DT,DEF,3,Bariate Kara,FR,False,True,6.0
Duke,WLB,LB,label,LB,DEF,3,Will Felder Jr.,FR,False,True,5.0
Duke,MLB,LB,label,LB,DEF,3,Elliott Schaper,SO,False,False,6.0
Rice,LCB,CB,label,CB,DEF,3,Kyren Condoll,SO,True,True,5.0
Rice,SS,SAF,label,SAF,DEF,3,Michael Amey III,FR,False,True,5.0
Rice,VIPER,EDGE,default,,DEF,3,Caden VerMaas,FR,True,True,3.0
Cincinnati,SS,SAF,label,CB,DEF,3,MJ Cannon,SR,True,True,1.0
Cincinnati,DOG,EDGE,bio,LB,DEF,3,Brian Simms III,JR,False,True,3.0
Ohio State,RT,OT,label,,OFF,3,Deontae Armstrong,SO,False,True,12.0
Ohio State,TE,TE,label,TE,OFF,3,Mason Williams,JR,True,True,3.0
Ohio State,QB,QB,label,QB,OFF,3,Justyn Martin,SR,True,True,3.0
Ohio State,RB,RB,label,RB,OFF,3,Ja'Kobi Jackson,SR,True,True,3.0
Ohio State,WR-X,WR,label,WR,OFF,3,Phillip Bell,FR,False,True,7.0
Ohio State,WR-Z,WR,label,WR,OFF,3,Jerquaden Guilford,FR,False,False,8.0
Ohio State,WR-SL,WR,label,WR,OFF,3,De'Zie Jones,FR,False,True,9.0
Ohio State,C,IOL,label,,OFF,3,Simon Lorentz,SO,False,True,11.0
Duke,LCB,CB,label,CB,DEF,3,Evan Smith,GR,True,False,5.0
East Carolina,WR-X,WR,label,WR,OFF,3,Dillon Lorick,SO,False,True,7.0
East Carolina,WR-Z,WR,label,WR,OFF,3,Ja'Keith Hamilton,JR,True,True,8.0
Cincinnati,WLB,LB,label,LB,DEF,3,Damaine Wilson,SO,True,True,5.0
Cincinnati,LCB,CB,label,CB,DEF,3,Zay Johnson,SO,False,True,5.0
Cincinnati,RCB,CB,label,CB,DEF,3,Patrick Williams,FR,False,True,6.0
Cincinnati,FS,SAF,label,SAF,DEF,3,CJ Crite,FR,False,True,5.0
Rutgers,WR-X,WR,label,WR,OFF,3,Sah'nye Degraffenreidt,FR,False,True,7.0
Rutgers,WR-Z,WR,label,WR,OFF,3,Famah Toure,JR,False,True,8.0
East Carolina,WR-SL,WR,label,WR,OFF,3,Kyler Pearson,SR,True,True,9.0
Notre Dame,BCB,CB,label,CB,DEF,3,Chaz Smith,FR,False,False,3.0
East Carolina,LG,IOL,label,,OFF,3,Tre Hardison,SR,False,True,9.0
East Carolina,TE,TE,label,TE,OFF,3,Mason Brown,JR,False,True,3.0
East Carolina,QB,QB,label,QB,OFF,3,Cole Hodge,FR,False,True,3.0
East Carolina,RB,RB,label,RB,OFF,3,TJ Engleman Jr.,SO,False,True,3.0
Rutgers,NT,DT,label,DT,DEF,3,Keshon Griffin,SR,False,True,5.0
Rutgers,DT,DT,label,DT,DEF,3,Henry Hughes Jr.,SR,False,True,6.0
Rutgers,WLB,LB,label,LB,DEF,3,DJ McClary,SO,False,False,5.0
Rutgers,MLB,LB,label,LB,DEF,3,Kamar Archie,SO,False,False,6.0
Rutgers,LT,OT,label,,OFF,3,Kenny Jones,SO,False,True,11.0
Rutgers,RT,OT,label,,OFF,3,Chris Vigna,FR,False,True,12.0
Rutgers,QB,QB,label,QB,OFF,3,Sean Ashenfelder,FR,False,True,3.0
Rutgers,RB,RB,label,RB,OFF,3,Ja'shon Benjamin,SR,False,False,3.0
Virginia,NT,DT,label,DT,DEF,3,Sichan John,FR,False,True,5.0
Virginia,DT,DT,label,DT,DEF,3,Jonathan Allen,JR,True,True,6.0
Virginia,WLB,LB,label,LB,DEF,3,Dallas Brannon,FR,False,False,5.0
Virginia,MLB,LB,label,LB,DEF,3,Justin Rowe,FR,False,True,6.0
Arizona,WR-SL,WR,label,WR,OFF,3,Isaiah Mizell,SO,False,False,9.0
East Carolina,DE,EDGE,label,EDGE,DEF,3,Evan Powell,FR,False,True,5.0
East Carolina,RUSH,EDGE,default,,DEF,3,Landon Lewis,FR,False,True,6.0
Notre Dame,WLB,LB,label,LB,DEF,3,Kahanu Kia,JR,False,True,5.0
Notre Dame,MLB,LB,label,LB,DEF,3,Madden Faraimo,SO,False,False,6.0
UTEP,MLB,LB,label,LB,DEF,3,Japrei Wafer,FR,False,False,5.0
UTEP,LCB,CB,label,CB,DEF,3,Decorian Thompson,FR,False,False,5.0
UTEP,SS,SAF,label,SAF,DEF,3,Darnell Williams,SO,False,False,5.0
UTEP,FS,SAF,label,SAF,DEF,3,Allen Gant,FR,False,True,6.0
Cincinnati,DE,EDGE,label,EDGE,DEF,3,Drew Logan,SR,False,True,3.0
Rutgers,LDE,EDGE,label,EDGE,DEF,3,RJ Johnson Jr.,FR,False,True,5.0
Rutgers,RDE,EDGE,label,EDGE,DEF,3,Wydeek Collier-Johnson,FR,False,True,6.0
Notre Dame,FS,SAF,label,SAF,DEF,3,Joey O'Brien,FR,False,False,5.0
Notre Dame,FCB,CB,label,CB,DEF,3,Khary Adams,FR,False,False,3.0
Notre Dame,LDE,EDGE,label,EDGE,DEF,3,Christopher Burgess Jr.,FR,False,True,5.0
Notre Dame,RDE,EDGE,label,EDGE,DEF,3,Loghan Thomas,SO,False,True,6.0
Notre Dame,LDT,DT,label,,DEF,3,Elijah Hughes,SR,True,False,5.0
Notre Dame,RDT,DT,label,DT,DEF,3,Cole Mullins,SO,False,True,6.0
Rutgers,STUD,SAF,bio,SAF,DEF,3,Sebastian Jusma,SR,False,True,3.0
Cincinnati,TE,TE,label,TE,OFF,3,Gavin Gregory,FR,False,False,3.0
Cincinnati,QB,QB,label,QB,OFF,3,Samaj Jones,SO,False,True,3.0
Cincinnati,RB,RB,label,RB,OFF,3,Gi'Bran Payne,SR,True,True,3.0
Arizona State,LT,OT,label,,OFF,3,Desean Bryant Jr.,FR,False,True,11.0
Arizona State,LG,IOL,label,,OFF,3,Brent Helton,SO,True,True,12.0
Arizona State,C,IOL,label,,OFF,3,Marques Uini,FR,False,False,13.0
Arizona State,RG,IOL,label,,OFF,3,Rob Lapuaho,FR,False,True,14.0
East Carolina,NT,DT,label,DT,DEF,3,Dominick Moody,FR,False,True,5.0
East Carolina,DT,DT,label,DT,DEF,3,Josiah Dwyer,FR,False,True,6.0
East Carolina,WLB,LB,label,LB,DEF,3,Cade Law,SR,True,True,5.0
East Carolina,MLB,LB,label,LB,DEF,3,Jayden Olden,SO,False,True,6.0
East Carolina,LCB,CB,label,CB,DEF,3,Derrion Horsley,FR,False,True,5.0
Notre Dame,RG,IOL,label,,OFF,3,Peter Jones,SO,False,True,13.0
Notre Dame,RT,OT,label,,OFF,3,Owen Strebig,FR,False,True,14.0
Notre Dame,TE,TE,label,TE,OFF,3,Ty Washington,SR,True,True,3.0
Notre Dame,QB,QB,label,QB,OFF,3,Noah Grubbs,FR,False,False,3.0
Notre Dame,RB,RB,label,RB,OFF,3,Kedren Young,SO,False,True,3.0
Notre Dame,WR-Z,WR,label,WR,OFF,3,Devin Fitzgerald,FR,False,False,8.0
Notre Dame,WR-SL,WR,label,WR,OFF,3,Logan Saldate,SO,False,True,9.0
Notre Dame,LG,IOL,label,,OFF,3,Chris Terek,JR,False,True,11.0
Arizona,WR-X,WR,label,WR,OFF,3,Brandon Phelps,SO,False,True,7.0
Arizona,WR-Z,WR,label,WR,OFF,3,R.J. Mosley,FR,False,False,8.0
Sacramento State,WR-X,WR,label,WR,OFF,3,Kenyon Shabazz,JR,True,False,7.0
Sacramento State,WR-Z,WR,label,WR,OFF,3,Khai Taylor,JR,True,True,8.0
Sacramento State,WR-SL,WR,label,WR,OFF,3,Ellijah Washington,FR,True,True,9.0
Rutgers,LCB,CB,label,CB,DEF,3,Zahmir Dawud,JR,True,True,5.0
Rutgers,RCB,CB,label,CB,DEF,3,Sage Clawges,JR,False,True,6.0
Virginia,LCB,CB,label,CB,DEF,3,Patrick Campbell,GR,True,False,5.0
Virginia,RCB,CB,label,CB,DEF,3,Josiah Persinger,SO,False,False,6.0
Virginia,FS,SAF,label,SAF,DEF,3,Montino Williams,SO,False,False,5.0
Virginia,BANDIT,EDGE,bio,EDGE,DEF,3,Billy Koudelka,SO,False,True,3.0
Notre Dame,C,IOL,label,,OFF,3,Cam Herron,FR,False,True,12.0
Northwestern,LCB,CB,label,CB,DEF,3,Marquet Dorsey Jr.,SO,False,False,5.0
Notre Dame,WR-X,WR,label,WR,OFF,3,Elijah Burress,FR,False,True,7.0
East Carolina,RCB,CB,label,CB,DEF,3,Angelo Ross,FR,False,True,6.0
East Carolina,SS,SAF,label,SAF,DEF,3,Josh Benton,SR,False,True,7.0
East Carolina,NB,CB,default,,DEF,3,Alex Moye,SO,False,True,8.0
Eastern Michigan,LT,OT,label,,OFF,3,Andrew Trahin,FR,False,False,6.0
Sacramento State,TE,TE,label,TE,OFF,3,Elijah Huddle,SO,False,False,3.0
Sacramento State,QB,QB,label,QB,OFF,3,Jaylen Patterson,FR,True,True,3.0
Sacramento State,RB,RB,label,RB,OFF,3,Jamar Curtis,SR,True,True,3.0
Sacramento State,DE,EDGE,label,EDGE,DEF,3,Collin Kallhoff,JR,True,False,5.0
Cincinnati,WR-X,WR,label,WR,OFF,3,Flynn Schiele,SR,True,True,7.0
Cincinnati,WR-Z,WR,label,WR,OFF,3,Giyahni Kontosis,FR,False,True,8.0
Northwestern,LDT,DT,label,,DEF,3,Mason Mayne,FR,False,True,5.0
Northwestern,RDT,DT,label,DT,DEF,3,Troy Regovich,SO,False,True,6.0
Northwestern,WLB,LB,label,LB,DEF,3,Payton Roth,JR,False,True,5.0
Northwestern,LG,IOL,label,,OFF,3,Idrys Cotton,SO,False,True,11.0
Northwestern,RG,IOL,label,,OFF,3,Owen Fors,FR,False,False,12.0
Northwestern,RT,OT,label,,OFF,3,Jack Fuchs,FR,False,False,13.0
Northwestern,TE,TE,label,TE,OFF,3,Blake Van Buren,GR,False,False,3.0
Northwestern,QB,QB,label,QB,OFF,3,Ryan Boe,SO,False,True,3.0
Northwestern,RB,RB,label,RB,OFF,3,Joseph Himon II,GR,False,False,3.0
Eastern Michigan,LCB,CB,label,CB,DEF,3,Jabari Monds,FR,False,False,3.0
Eastern Michigan,NB,CB,bio,CB,DEF,3,Jabari Monds,FR,False,False,4.0
Florida,WR-Y,WR,label,WR,OFF,3,Jaylen Lloyd,JR,True,True,8.0
Northwestern,WR-X,WR,label,WR,OFF,3,Carson Grove,SO,False,True,7.0
Sacramento State,WLB,LB,label,LB,DEF,3,Dante Antonini,SR,True,False,5.0
Charlotte,MLB,LB,label,LB,DEF,3,Jerry Wall III,JR,True,False,5.0
Charlotte,FS,SAF,label,SAF,DEF,3,Maddox West,FR,False,False,6.0
Cincinnati,WR-SL,WR,label,WR,OFF,3,Pierce Ayers,SO,True,False,9.0
Northwestern,WR-Z,WR,label,WR,OFF,3,Jaden McDuffie,FR,False,False,8.0
Northwestern,WR-SL,WR,label,WR,OFF,3,Chase Farrell,SO,True,True,9.0
Northwestern,LT,OT,label,,OFF,3,Leighton Burbach,FR,False,False,10.0
Northern Illinois,LCB,CB,label,CB,DEF,3,James Little IV,SO,False,False,5.0
Northern Illinois,RCB,CB,label,CB,DEF,3,Romelo Walker,SO,False,True,6.0
Northern Illinois,SS,SAF,label,SAF,DEF,3,Andruw Ellis,FR,False,True,7.0
Northern Illinois,FS,SAF,label,SAF,DEF,3,Keagan Ruane-Martino,FR,False,True,8.0
Northern Illinois,NB,CB,default,,DEF,3,Austin Tillman,FR,False,True,9.0
Charlotte,NT,DT,label,DT,DEF,3,D'Nas White,SO,True,True,5.0
Sacramento State,LCB,CB,label,CB,DEF,3,Malikai Nichols,SO,True,True,5.0
Sacramento State,RCB,CB,label,CB,DEF,3,Caleb Reese,FR,False,True,6.0
Sacramento State,FS,SAF,label,SAF,DEF,3,Miles Tucker,JR,True,True,7.0
Sam Houston,WR-X,WR,label,WR,OFF,3,Christian Zachary,SO,True,True,7.0
Sacramento State,RUSH,EDGE,default,,DEF,3,Ivan Moore Jr.,SO,True,True,6.0
Sacramento State,DT,DT,label,DT,DEF,3,Malik Tullis,SR,True,False,5.0
Florida,LG,IOL,label,,OFF,3,Daniel Pierre Louis,FR,False,True,12.0
Florida,LT,OT,label,,OFF,3,Mark Faircloth,SO,False,True,11.0
Florida,RG,IOL,label,,OFF,3,TJ Dice Jr.,FR,False,True,13.0
Florida,RT,OT,label,,OFF,3,Jahari Medlock,FR,False,True,14.0
Florida,TE,TE,label,TE,OFF,3,Lacota Dippre,JR,True,True,3.0
Northern Illinois,RDE,EDGE,label,EDGE,DEF,3,JT King,FR,False,False,5.0
Northern Illinois,RDT,DT,label,DT,DEF,3,Christopher Allen Jr.,SR,True,True,5.0
Northern Illinois,TE,TE,label,TE,OFF,3,Glen Weber,JR,True,False,3.0
Northern Illinois,QB,QB,label,QB,OFF,3,Ean Hamric,SR,True,True,3.0
Northern Illinois,RB,RB,label,RB,OFF,3,Romelo Ware,SO,False,True,3.0
Florida,QB,QB,label,QB,OFF,3,Aidan Warner,JR,False,True,3.0
Virginia,SPUR,CB,default,,DEF,3,Keke Adams,SO,False,True,3.0
Sam Houston,RB,RB,label,RB,OFF,3,Jerrian Parker Jr.,JR,True,False,3.0
Sam Houston,WR-Z,WR,label,WR,OFF,3,Kaleb Mitchell,FR,True,True,8.0
Sam Houston,WR-SL,WR,label,WR,OFF,3,Darrick Bledsoe III,JR,False,True,9.0
Sam Houston,LG,IOL,label,,OFF,3,Myles Joseph,FR,False,False,11.0
Charlotte,RB,RB,label,RB,OFF,3,Khamani Alexander,SO,True,True,3.0
Virginia Tech,WR-X,WR,label,WR,OFF,3,Keylen Adams,SO,False,True,7.0
Virginia Tech,WR-Z,WR,label,WR,OFF,3,Shamarius Peterkin,SO,False,False,8.0
App State,FS,SAF,label,SAF,DEF,3,Devin Henderson,SO,True,True,7.0
App State,NB,CB,default,,DEF,3,Josh Williams,JR,True,True,8.0
Florida,RB,RB,label,RB,OFF,3,Duke Clark,FR,False,True,3.0
Florida,DE,EDGE,label,EDGE,DEF,3,LJ McCray,SO,False,True,5.0
Florida,JACK,EDGE,bio,EDGE,DEF,3,Kofi Asare,SR,True,True,6.0
UTEP,RB,RB,label,RB,OFF,3,Elijah McCoy,SO,False,False,3.0
UTEP,DE,EDGE,label,EDGE,DEF,3,Jaxon Smith,SO,False,False,3.0
Arizona State,RT,OT,label,,OFF,3,Siosaia Lapuaho,JR,True,False,15.0
Arizona State,TE,TE,label,TE,OFF,3,Anthony Miller,JR,True,True,3.0
Charlotte,TE,TE,label,TE,OFF,3,Lane Wadle,JR,True,False,3.0
Charlotte,QB,QB,label,QB,OFF,3,Grayson Loftis,JR,True,True,3.0
Sam Houston,TE,TE,label,TE,OFF,3,Brock Kuhl,FR,True,True,3.0
Sam Houston,QB,QB,label,QB,OFF,3,Mason Holtzclaw,FR,False,False,3.0
Northern Illinois,WR-X,WR,label,WR,OFF,3,Kevin Holmes Jr.,JR,True,True,7.0
Northern Illinois,WR-Z,WR,label,WR,OFF,3,Tavaris Coles,JR,True,False,8.0
Northern Illinois,WR-SL,WR,label,WR,OFF,3,Afy Ibekwe,FR,False,True,9.0
Northern Illinois,C,IOL,label,,OFF,3,Logan Gross,SO,False,True,11.0
North Texas,SS,SAF,label,SAF,DEF,3,Cameren Jenkins,JR,True,True,7.0
North Texas,FS,SAF,label,SAF,DEF,3,Graham Gillespie,SR,True,True,8.0
North Texas,NB,CB,bio,,DEF,3,BJ Allen Jr.,SR,True,False,9.0
Sam Houston,RDE,EDGE,label,EDGE,DEF,3,Zion Taylor,SO,True,True,6.0
Sam Houston,NT,DT,label,DT,DEF,3,Justin Terrell,SO,True,True,5.0
Sam Houston,DT,DT,label,DT,DEF,3,Dimitry Nicolas,SO,True,True,6.0
Sam Houston,WLB,LB,label,LB,DEF,3,Tokyo Gordon,SR,True,False,5.0
Sam Houston,MLB,LB,label,LB,DEF,3,Ca'lub Holloway,SR,False,True,6.0
UTEP,QB,QB,label,QB,OFF,3,Chad Warner,FR,False,True,3.0
Florida,DT,DT,label,DT,DEF,3,Mason Clinton,JR,True,True,6.0
Florida,NT,DT,label,DT,DEF,3,Jamari Lyons,SR,False,True,5.0
Florida,MLB,LB,label,LB,DEF,3,TJ Bullard,SR,True,True,7.0
Florida,LCB,CB,label,CB,DEF,3,Jordy Lowery,SR,True,True,5.0
North Texas,RDT,DT,label,DT,DEF,3,AJ Brown,FR,False,True,6.0
North Texas,MLB,LB,label,LB,DEF,3,Brenden Reese,SO,False,False,5.0
Virginia Tech,LDE,EDGE,label,EDGE,DEF,3,Samuel Okunlola,SR,True,True,5.0
Virginia Tech,RDE,EDGE,label,EDGE,DEF,3,Cortez Harris,FR,True,True,6.0
Virginia Tech,LT,OT,label,,OFF,3,Justin Bell,FR,False,True,11.0
Virginia Tech,LG,IOL,label,,OFF,3,Gavin Crawford,FR,False,True,12.0
Virginia Tech,C,IOL,label,,OFF,3,Tommy Ricard,SO,False,True,13.0
Virginia Tech,RG,IOL,label,,OFF,3,Lucas Austin,SO,True,True,14.0
Virginia Tech,TE,TE,label,TE,OFF,3,Ja'Ricous Hairston,JR,False,True,3.0
North Texas,LCB,CB,label,CB,DEF,3,Taylor Starling,JR,False,True,5.0
North Texas,RCB,CB,label,CB,DEF,3,Jaden Allen,SO,True,True,6.0
Charlotte,WR-X,WR,label,WR,OFF,3,Tank Boston,SO,True,True,7.0
Charlotte,WR-Z,WR,label,WR,OFF,3,KD Hunter-Gibson,JR,True,True,8.0
Sam Houston,RCB,CB,label,CB,DEF,3,Jabaric Sullivan,FR,False,False,5.0
San Diego State,WR-SL,WR,label,WR,OFF,3,Jaylon Hawkins,FR,False,True,9.0
Sam Houston,LDE,EDGE,label,EDGE,DEF,3,Bryen Spaulding,SR,True,False,5.0
North Texas,LDE,EDGE,label,EDGE,DEF,3,Udoka Ezeani,SR,True,True,5.0
North Texas,RDE,EDGE,label,EDGE,DEF,3,Brayden Knox,SO,False,False,6.0
North Texas,LDT,DT,label,,DEF,3,Rudy Vargas Jr.,SR,True,False,5.0
North Texas,LT,OT,label,,OFF,3,KC Ekwu,FR,False,False,11.0
North Texas,C,IOL,label,,OFF,3,Amarion Berry,SO,False,True,12.0
North Texas,TE,TE,label,TE,OFF,3,Drew Clemens,FR,True,True,3.0
North Texas,QB,QB,label,QB,OFF,3,Chris Jimerson Jr.,FR,False,True,3.0
North Texas,RB,RB,label,RB,OFF,3,Nick Osho,SR,True,True,3.0
Central Michigan,RDE,EDGE,label,,DEF,3,Malik Denkins,JR,True,True,4.0
Central Michigan,MLB,LB,label,LB,DEF,3,Joshua Atiemo,FR,False,False,3.0
San Diego State,WR-X,WR,label,WR,OFF,3,Will Cianfrini,SO,False,True,7.0
San Diego State,WR-Z,WR,label,WR,OFF,3,Ayo Shotomide-King,SR,True,True,10.0
San Diego State,LG,IOL,label,,OFF,3,Harlem Nellum,FR,False,False,12.0
San Diego State,LT,OT,label,,OFF,3,Cam May,SR,True,True,15.0
Florida,FS,SAF,label,SAF,DEF,3,Alfonzo Allen Jr.,SR,True,True,8.0
Florida,NB,SAF,bio,SAF,DEF,3,Dylan Purter,FR,False,False,9.0
Florida,SS,SAF,label,SAF,DEF,3,Lagonza Hayward,SO,False,False,7.0
North Texas,WR-X,WR,label,WR,OFF,3,Andy Jean,JR,True,True,7.0
North Texas,WR-Z,WR,label,WR,OFF,3,Josiah Martin,SO,True,True,8.0
North Texas,WR-SL,WR,label,WR,OFF,3,Grayson O'Bara,SR,True,True,9.0
North Dakota State,LCB,CB,label,CB,DEF,3,Marion Moore,FR,False,True,5.0
North Dakota State,RCB,CB,label,CB,DEF,3,Kendrick Carter,FR,False,True,6.0
North Dakota State,SS,SAF,label,SAF,DEF,3,Will Steil,SO,False,True,5.0
North Dakota State,FS,SAF,label,SAF,DEF,3,Mikhale Ford,FR,False,True,6.0
Florida Atlantic,WR-Y,WR,label,WR,OFF,3,Dveyoun Bonwell-Witte,FR,False,False,9.0
San Diego State,RDE,EDGE,label,EDGE,DEF,3,Brian Townsend Jr.,FR,False,True,5.0
San Diego State,DT,DT,label,DT,DEF,3,Amari Comier,SR,True,False,5.0
San Diego State,MLB,LB,label,LB,DEF,3,Dean Harrington,SO,False,True,6.0
San Diego State,RT,OT,label,,OFF,3,Jarvis Williams,FR,False,False,14.0
San Diego State,TE,TE,label,,OFF,3,Kime Fangupo,SO,True,False,3.0
San Diego State,QB,QB,label,QB,OFF,3,Draiden Trudeau,FR,False,True,3.0
San Diego State,RB,RB,label,RB,OFF,3,Javion Kinnard,SO,True,False,3.0
Florida Atlantic,LT,OT,label,,OFF,3,Keon Rohé,SO,False,True,11.0
North Dakota State,LDT,DT,label,DT,DEF,3,Obald Niyonkuru,JR,True,True,5.0
North Dakota State,RDT,DT,label,DT,DEF,3,Chase Evink,FR,False,True,6.0
North Dakota State,WLB,LB,label,LB,DEF,3,Noah Taylor,JR,False,True,7.0
North Dakota State,MLB,LB,label,LB,DEF,3,Oliver Lucht,JR,False,True,8.0
North Dakota State,SLB,LB,label,LB,DEF,3,Chase Brixius,FR,False,True,9.0
App State,WLB,LB,label,LB,DEF,3,Carson Sloan,JR,True,False,5.0
App State,MLB,LB,label,LB,DEF,3,Brooks Yurachek,JR,True,True,6.0
Arizona State,RB,RB,label,RB,OFF,3,Jason Brown Jr.,SO,False,True,3.0
UTEP,RG,IOL,label,,OFF,3,Eddie Lartigue Jr.,FR,False,False,11.0
Central Michigan,TE,TE,label,TE,OFF,3,Jaden Allen,SR,False,True,3.0
Central Michigan,QB,QB,label,,OFF,3,Joe Labas,SR,True,True,1.0
San Diego State,LDE,EDGE,label,,DEF,3,Charlie Stewart,SR,False,True,7.0
App State,LCB,CB,label,,DEF,3,Dre Walker,JR,True,True,5.0
App State,RCB,CB,label,,DEF,3,Khalil Conley,SO,True,True,6.0
Virginia Tech,QB,QB,label,QB,OFF,3,Kelden Ryan,FR,False,True,3.0
Virginia Tech,RB,RB,label,RB,OFF,3,Bill Davis,JR,True,True,3.0
North Dakota State,QB,QB,label,QB,OFF,3,Zander Smith,FR,False,True,3.0
North Dakota State,RB,RB,label,RB,OFF,3,Barry Kpeenu,SO,True,True,3.0
San José State,WR-Z,WR,label,WR,OFF,3,Devin Olmande,FR,False,False,8.0
San Diego State,WLB,LB,label,LB,DEF,3,Alijah Lash,FR,False,False,5.0
San Diego State,LCB,CB,label,CB,DEF,3,Dareon Edmonds,FR,False,False,7.0
San Diego State,RCB,CB,label,CB,DEF,3,Jelani Whitmore,SR,False,True,5.0
San Diego State,FS,SAF,label,SAF,DEF,3,Kaimana Tufaga,FR,False,True,8.0
Central Michigan,RT,OT,label,,OFF,3,Luis Martinez,SR,True,False,9.0
Arizona State,QB,QB,label,QB,OFF,3,Jake Fette,FR,False,False,3.0
North Dakota State,LDE,EDGE,label,EDGE,DEF,3,Anthony Okes,JR,True,True,5.0
North Dakota State,RDE,EDGE,label,EDGE,DEF,3,Ethan Wood,FR,False,True,6.0
Florida Atlantic,RT,OT,label,,OFF,3,Vincent Forney,SO,True,True,12.0
Florida Atlantic,TE,TE,label,TE,OFF,3,Marcus Vinson,SR,True,True,3.0
Florida Atlantic,QB,QB,label,QB,OFF,3,Jeremiah Daoud,FR,False,False,3.0
Florida Atlantic,RB,RB,label,RB,OFF,3,Ethan Ervin,FR,False,True,3.0
North Dakota State,WR-Z,WR,label,WR,OFF,3,Dylan Vokal,FR,False,True,8.0
North Dakota State,WR-F,WR,label,,OFF,3,John Gores,SR,False,True,9.0
North Dakota State,TE,TE,label,TE,OFF,3,Luke Kokat,SR,False,True,3.0
North Carolina,SS,SAF,label,SAF,DEF,3,Julian Burns,FR,False,False,7.0
North Carolina,FS,SAF,label,SAF,DEF,3,Jakob Weatherspoon,FR,False,False,8.0
North Dakota State,WR-X,WR,label,WR,OFF,3,SJ Green,FR,False,True,7.0
Florida Atlantic,DE,EDGE,label,EDGE,DEF,3,Tyclean Luman,SO,True,True,5.0
Florida Atlantic,RUSH,EDGE,default,,DEF,3,Jonathan Bax,SR,True,False,6.0
San José State,RT,OT,label,,OFF,3,Brian Tapu,FR,True,True,5.0
San José State,TE,TE,label,TE,OFF,3,Ryan Boultwood,JR,True,True,1.0
California,LOLB,LB,default,,DEF,3,Odera Okaka,SR,True,False,3.0
California,ROLB,LB,default,,DEF,3,Joshua Pierce,JR,True,True,3.0
Central Michigan,WR-SL,WR,label,WR,OFF,3,Da'Shon Febres,FR,False,False,6.0
San Diego State,SS,SAF,label,SAF,DEF,3,Jelani McLaughlin,JR,False,True,1.0
San José State,WR-SL,WR,label,WR,OFF,3,Carson Clark,FR,False,False,9.0
San José State,WR-X,WR,label,WR,OFF,3,Anthony Ivey,SR,True,True,1.0
Florida Atlantic,NT,DT,label,DT,DEF,3,Corey Clark,SR,True,True,5.0
Florida Atlantic,DT,DT,label,DT,DEF,3,Tycoolhill Luman,SO,True,True,6.0
Florida Atlantic,WLB,LB,label,LB,DEF,3,Char'Quez Lee,SO,False,True,5.0
North Carolina,WLB,LB,label,LB,DEF,3,Jake Bauer,FR,False,True,5.0
North Carolina,MLB,LB,label,LB,DEF,3,Daniel Anderson,SO,False,True,6.0
Wake Forest,WR-X,WR,label,WR,OFF,3,Jack Foley,FR,False,True,7.0
Wake Forest,WR-Z,WR,label,WR,OFF,3,Chase Tyler,SO,True,True,8.0
San José State,RDE,EDGE,label,DT,DEF,3,Ian Shewell,SR,True,True,2.0
UTEP,TE,TE,label,TE,OFF,3,Chance Bell,JR,True,False,3.0
Utah State,LOLB,EDGE,bio,EDGE,DEF,3,Tevita Tuha,SR,True,False,3.0
Utah State,ROLB,LB,bio,LB,DEF,3,Jordan Pendleton,SR,True,True,3.0
UTEP,WR-X,WR,label,WR,OFF,3,Mason Ferguson,SO,True,True,7.0
UTEP,WR-Z,WR,label,WR,OFF,3,Carmelo Taylor,JR,True,True,8.0
UTEP,WR-SL,WR,label,WR,OFF,3,Marcus Torres,SO,False,True,9.0
San José State,C,IOL,label,,OFF,3,Daniel Tuliau,FR,False,True,11.0
San José State,RG,IOL,label,,OFF,3,Mitchell Brown,SO,False,True,12.0
Virginia Tech,LDT,DT,label,,DEF,3,Emmett Laws,SO,False,True,5.0
Virginia Tech,WLB,LB,label,EDGE,DEF,3,Curtis Jones Jr.,JR,True,False,5.0
Virginia Tech,LCB,CB,label,CB,DEF,3,Jojo Crim,SO,False,False,5.0
App State,DT,DT,label,,DEF,3,Kaden Ellis,FR,False,True,5.0
North Carolina,LCB,CB,label,CB,DEF,3,Kenton Dopson III,FR,False,False,5.0
North Carolina,RCB,CB,label,,DEF,3,Jaziel Hart,FR,False,False,6.0
North Carolina,LDE,EDGE,label,EDGE,DEF,3,Zavion Griffin-Haynes,FR,False,False,5.0
North Carolina,RDE,EDGE,label,EDGE,DEF,3,David Jackson,FR,False,False,6.0
Arizona State,LDT,DT,label,,DEF,3,Rashad McKenzie,SR,True,True,5.0
Arizona State,RDT,DT,label,DT,DEF,3,Jeffrey Manns,JR,True,False,6.0
Utah State,LILB,LB,label,LB,DEF,3,Dakota Howell,SO,False,False,5.0
Utah State,LCB,CB,label,RB,DEF,3,Markie Grant,SO,True,True,5.0
Utah State,RCB,CB,label,CB,DEF,3,John Shepard,JR,True,True,6.0
San José State,LCB,CB,label,CB,DEF,3,Greco Carrillo,SO,False,True,5.0
San José State,QB,QB,label,QB,OFF,3,Daniel Rolovich,FR,False,False,3.0
San José State,RB,RB,label,RB,OFF,3,Jabari Bates,SR,False,True,1.0
San José State,LDE,EDGE,label,,DEF,3,Dejon Roney,SR,False,True,1.0
North Carolina,NT,DT,label,DT,DEF,3,Vodney Cleveland,FR,False,False,5.0
North Carolina,DT,DT,label,DT,DEF,3,Nicco Maggio,FR,False,True,6.0
North Carolina,QB,QB,label,QB,OFF,3,Au'Tori Newkirk,FR,False,True,3.0
North Carolina,RB,RB,label,RB,OFF,3,Kaleb Jackson,JR,True,True,3.0
Florida Atlantic,MLB,LB,label,LB,DEF,3,Nate Fischer,JR,True,False,6.0
App State,RB,RB,label,RB,OFF,3,Kanye Roberts,SR,False,True,3.0
California,SS,SAF,label,SAF,DEF,3,Michael Hurst Jr.,SR,True,True,7.0
California,FS,SAF,label,SAF,DEF,3,Jordan Sanford,SR,True,False,8.0
San José State,NT,DT,label,EDGE,DEF,3,Auma Jennings,FR,False,False,3.0
San José State,MLB,LB,label,LB,DEF,3,Sirr Bible,FR,False,True,4.0
San José State,WLB,LB,label,LB,DEF,3,Lance Mitchell,FR,False,False,5.0
Arizona State,LDE,EDGE,label,EDGE,DEF,3,Albert Smith III,SO,False,True,5.0
Arizona State,RDE,EDGE,label,EDGE,DEF,3,Julian Hugo,FR,False,False,6.0
App State,RDE,EDGE,label,,DEF,3,Xavier Joseph,,False,False,5.0
Virginia Tech,SS,SAF,label,SAF,DEF,3,Sherrod Covil Jr.,SR,True,True,7.0
Virginia Tech,FS,SAF,label,SAF,DEF,3,Brennan Johnson,SO,False,False,8.0
Virginia Tech,NB,CB,bio,,DEF,3,Knahlij Harrell,SO,False,False,9.0
Florida Atlantic,LCB,CB,label,CB,DEF,3,Amar Reynolds,SO,True,True,5.0
Florida Atlantic,FS,SAF,label,SAF,DEF,3,Ja'Cari Jackson,FR,False,False,6.0
San José State,RCB,CB,label,,DEF,3,Francois Jones Jr.,JR,True,False,6.0
San José State,SS,SAF,label,SAF,DEF,3,Hunter Nowell,JR,False,True,5.0
San José State,LOLB,LB,default,LB,DEF,3,Dylan Lee,JR,False,True,3.0
San José State,ROLB,LB,default,LB,DEF,3,Cayden Woolwine,SO,True,True,3.0
California,WLB,LB,label,LB,DEF,3,JD McKinley,FR,False,False,5.0
California,LCB,CB,label,,DEF,3,Khamani Hudson,SO,False,True,5.0
North Carolina,RT,OT,label,,OFF,3,Nick Fiumara,FR,False,False,10.0
North Carolina,LG,IOL,label,,OFF,3,Trey Blue,FR,False,True,11.0
North Carolina,RG,IOL,label,,OFF,3,Byron Nelson,FR,False,True,12.0
North Carolina,TE,TE,label,TE,OFF,3,Jelani Thurman,JR,True,True,3.0
North Carolina,WR-X,WR,label,WR,OFF,3,Kymistrii Young,FR,False,False,7.0
North Carolina,WR-Z,WR,label,WR,OFF,3,Carnell Warren,FR,False,False,8.0
North Carolina,WR-SL,WR,label,WR,OFF,3,C.J. Sadler,FR,False,False,9.0
Florida International,WR-X,WR,label,WR,OFF,3,Amari Isaac,FR,False,True,7.0
Florida International,WR-Z,WR,label,WR,OFF,3,Kenny Williams,FR,False,True,8.0
Florida International,WR-SL,WR,label,WR,OFF,3,Malik Penson,FR,False,False,9.0
Florida International,RT,OT,label,,OFF,3,Noah Fernandez,JR,False,True,11.0
New Mexico State,MLB,LB,label,LB,DEF,3,Jaylyn Manning,FR,False,False,5.0
New Mexico State,LCB,CB,label,CB,DEF,3,Izzy Clark-White,JR,True,True,5.0
California,RB,RB,label,RB,OFF,3,Carter Vargas,SO,True,True,3.0
California,LDE,EDGE,label,,DEF,3,BJ Canady,SO,False,True,5.0
California,RDE,EDGE,label,,DEF,3,Legend Journey,SO,False,True,6.0
California,NT,DT,label,,DEF,3,Michael-Anthony Okwura,SO,False,True,3.0
SMU,WR-X,WR,label,WR,OFF,3,Daylon Singleton,SO,False,False,7.0
SMU,WR-Z,WR,label,WR,OFF,3,Isaiah Robertson,FR,False,True,8.0
New Mexico State,SS,SAF,label,SAF,DEF,3,Walter Owens,JR,True,True,6.0
New Mexico State,FS,SAF,label,SAF,DEF,3,Jakobe Campbell,SO,False,True,7.0
New Mexico State,LDE,EDGE,label,EDGE,DEF,3,Reeves Baller,JR,True,True,5.0
New Mexico State,RDE,EDGE,label,EDGE,DEF,3,Zhakius Thomas,JR,True,False,6.0
New Mexico State,LDT,DT,label,,DEF,3,Jason Gwan,JR,True,True,5.0
New Mexico State,RDT,DT,label,,DEF,3,Jordan-Lebron Downey,JR,True,False,6.0
Florida International,TE,TE,label,TE,OFF,3,James Resar,SO,True,True,3.0
App State,LT,OT,label,,OFF,3,Tre Glover,,False,False,10.0
App State,TE,TE,label,TE,OFF,3,Luke Douglas,SO,True,True,3.0
SMU,WLB,LB,label,LB,DEF,3,Kenneth Goodwin,FR,False,False,5.0
SMU,MLB,LB,label,LB,DEF,3,Caden Marshall,SO,True,True,6.0
SMU,RG,IOL,label,,OFF,3,Sione Ma'u,JR,True,True,11.0
SMU,TE,TE,label,TE,OFF,3,Trey Jackson,SO,True,True,3.0
SMU,QB,QB,label,QB,OFF,3,Charlie Fiser,SR,False,True,3.0
SMU,RB,RB,label,RB,OFF,3,Dramekco Green,FR,False,True,3.0
California,QB,QB,label,QB,OFF,3,EJ Caminong,SO,False,True,3.0
Wake Forest,LT,OT,label,,OFF,3,Aidan Martin,FR,False,True,11.0
Wake Forest,C,IOL,label,,OFF,3,Will Way,JR,True,True,12.0
Wake Forest,TE,TE,label,TE,OFF,3,Will Loerzel,SO,True,True,3.0
App State,QB,QB,label,QB,OFF,3,Tommy Ulatowski,SR,True,True,3.0
Florida International,QB,QB,label,QB,OFF,3,DJ Alexander,FR,False,False,3.0
Florida International,RB,RB,label,RB,OFF,3,Sterling Joseph,FR,False,True,3.0
New Mexico State,LG,IOL,label,,OFF,3,Hayden Harlan,SR,True,True,11.0
New Mexico State,C,IOL,label,,OFF,3,JR Hecklinski,FR,False,True,12.0
New Mexico State,RG,IOL,label,,OFF,3,Sam Garcia,FR,False,True,13.0
New Mexico State,TE,TE,label,TE,OFF,3,Carson Su'esu'e,FR,True,True,3.0
New Mexico State,RB,RB,label,RB,OFF,3,TJ Washington Jr.,JR,True,True,3.0
South Alabama,WR-SL,WR,label,WR,OFF,3,Trae Stevenson,FR,False,True,8.0
California,LG,IOL,label,,OFF,3,Kamo'i Huihui-White,FR,False,False,11.0
California,TE,TE,label,TE,OFF,3,Rico Walker,SR,True,False,3.0
SMU,LDE,EDGE,label,,DEF,3,Jalen Shivers,FR,False,True,5.0
SMU,RDE,EDGE,label,EDGE,DEF,3,Aakil Washington,GR,True,False,6.0
SMU,LDT,DT,label,,DEF,3,Kevin Allen,JR,False,True,5.0
SMU,RDT,DT,label,,DEF,3,Jonathan Jefferson,GR,True,False,6.0
Florida International,LDE,EDGE,label,EDGE,DEF,3,Lamont Green Jr.,JR,True,True,5.0
Florida International,RDE,EDGE,label,EDGE,DEF,3,Elisha Baldridge,JR,True,True,6.0
Florida International,NT,DT,label,DT,DEF,3,Nathan Jennings,SO,True,True,5.0
Florida International,DT,DT,label,DT,DEF,3,Anthony Cunningham,JR,True,True,6.0
New Mexico,WLB,LB,label,LB,DEF,3,Hayes Baum,,False,False,5.0
New Mexico,LCB,CB,label,CB,DEF,3,Jayden Sheridan,SR,True,True,5.0
South Alabama,WR-X,WR,label,,OFF,3,Dominic White,FR,False,False,4.0
South Alabama,LT,OT,label,,OFF,3,Reese Osei-Wusu,JR,True,True,1.0
South Alabama,TE,TE,label,TE,OFF,3,Jordan Morris,SR,True,False,3.0
SMU,LCB,CB,label,CB,DEF,3,Zadian Gentry,FR,False,True,5.0
SMU,RCB,CB,label,CB,DEF,3,Javion Holiday,SO,False,False,6.0
SMU,SS,SAF,label,SAF,DEF,3,Jaylen Moses,SO,False,True,7.0
SMU,FS,SAF,label,SAF,DEF,3,Jaden Milliner-Jones,JR,True,True,8.0
New Mexico,SS,SAF,label,SAF,DEF,3,Chris Gant Jr.,SO,True,True,7.0
New Mexico,LDE,EDGE,label,EDGE,DEF,3,Brayden Ellis,JR,True,False,5.0
New Mexico,RDE,EDGE,label,EDGE,DEF,3,Cody Thumlert,FR,False,True,6.0
New Mexico,DT,DT,label,DT,DEF,3,Deven Dyer,SR,True,True,5.0
Florida International,WLB,LB,label,LB,DEF,3,Kani Smith,FR,False,True,5.0
Wake Forest,RB,RB,label,RB,OFF,3,Sawyer Seidl,JR,True,True,3.0
Wake Forest,DE,EDGE,label,EDGE,DEF,3,D.J. Johnson,SO,True,True,5.0
Wake Forest,RUSH,EDGE,bio,,DEF,3,Kerrington Lee,JR,False,True,6.0
Wake Forest,NT,DT,label,DT,DEF,3,Brandon Smiley,SR,True,True,5.0
Wake Forest,DT,DT,label,DT,DEF,3,Kadear Dembele,FR,False,True,6.0
Florida International,MLB,LB,label,LB,DEF,3,Cam Davis,FR,False,True,6.0
South Alabama,RB,RB,label,RB,OFF,3,Trae'von Dunbar,SO,True,True,3.0
South Alabama,DE,EDGE,label,,DEF,3,Mase Lewis,SR,True,True,3.0
BYU,ROVER,SAF,default,,DEF,3,Maika Kaufusi,JR,False,True,9.0
BYU,NB,CB,default,,DEF,3,Cannon DeVries,SO,False,False,10.0
California,WR-X,WR,label,WR,OFF,3,Kyion Grayes,SR,True,True,7.0
California,WR-Z,WR,label,WR,OFF,3,Trevor Rogers,SO,False,True,8.0
California,WR-SL,WR,label,WR,OFF,3,Cole Boscia,SR,True,True,9.0
Florida International,FS,SAF,label,SAF,DEF,3,Eric Johnson,FR,False,False,7.0
New Mexico,RG,IOL,label,,OFF,3,Jerbralon Stewart,,False,False,9.0
New Mexico,TE,TE,label,TE,OFF,3,Tripp Walsh,JR,True,True,3.0
New Mexico,QB,QB,label,QB,OFF,3,Toa Fa'avae,FR,False,True,3.0
New Mexico,RB,RB,label,RB,OFF,3,Kiefer Sibley,JR,True,False,3.0
New Mexico,WR-X,WR,label,WR,OFF,3,Abraham Williams,SR,True,True,7.0
New Mexico,WR-Z,WR,label,,OFF,3,Kader Diop,SR,True,True,8.0
Florida State,WR-X,WR,label,WR,OFF,3,EJ White,FR,False,False,7.0
Florida State,WR-Z,WR,label,WR,OFF,3,Teriq Mallory,FR,False,True,8.0
Nevada,WLB,LB,label,LB,DEF,3,Jaxon Cannida,FR,False,False,5.0
Nevada,LCB,CB,label,,DEF,3,Zavien Abercrombie,SO,True,True,5.0
Utah State,QB,QB,label,QB,OFF,3,Grady Brosterhous,GR,True,False,3.0
Utah State,RB,RB,label,RB,OFF,3,Noah White,SO,False,False,3.0
South Alabama,QB,QB,label,QB,OFF,3,Taylor Jacobs Jr.,FR,False,False,3.0
Nevada,SS,SAF,label,,DEF,3,Tajean Stallworth,FR,False,True,7.0
Nevada,FS,SAF,label,,DEF,3,Justin Wyatt Jr.,FR,False,True,8.0
Nevada,NB,CB,default,,DEF,3,Mykel Ford,FR,False,True,9.0
Nevada,LDE,EDGE,label,EDGE,DEF,3,Keegan Perea,FR,False,True,5.0
Nevada,NT,DT,label,,DEF,3,Jakobus Seth,SR,True,True,5.0
Nevada,DT,DT,label,,DEF,3,Bryce Echols,JR,True,True,6.0
Florida State,TE,TE,label,TE,OFF,3,Chase Loftin,FR,False,True,3.0
Florida State,QB,QB,label,QB,OFF,3,Malachi Marshall,JR,True,False,3.0
Florida State,RB,RB,label,RB,OFF,3,Samuel Singleton Jr.,JR,False,True,3.0
Nevada,TE,TE,label,TE,OFF,3,Carter Eck,SO,False,True,3.0
Nevada,QB,QB,label,QB,OFF,3,AJ Bianco,SR,False,True,3.0
Alabama,HUSKY,SAF,bio,SAF,DEF,3,Rihyael Kelley,FR,False,False,3.0
App State,WR-X,WR,label,WR,OFF,3,Zach Taylor,SO,True,True,7.0
App State,WR-Z,WR,label,WR,OFF,3,Sam Pickett III,SO,True,False,8.0
BYU,SLB,LB,label,RB,DEF,3,Ephraim Asiata,JR,False,False,5.0
BYU,MLB,LB,label,LB,DEF,3,Pierson Watson,FR,False,True,6.0
BYU,LCB,CB,label,CB,DEF,3,Kevin Doe,JR,False,True,5.0
South Alabama,WLB,LB,label,LB,DEF,3,Kaydon Degraffenreid,JR,True,False,5.0
App State,WR-SL,WR,label,WR,OFF,3,Semaj Fleming,FR,True,True,9.0
Wake Forest,WLB,LB,label,LB,DEF,3,Vincent Firenze,JR,True,True,5.0
Wake Forest,MLB,LB,label,LB,DEF,3,Whittman Whaley,SO,False,True,6.0
Wake Forest,LCB,CB,label,CB,DEF,3,Devin Cook,SO,False,True,5.0
Wake Forest,RCB,CB,label,CB,DEF,3,Sascha Garcia,JR,True,True,6.0
Nevada,RB,RB,label,RB,OFF,3,Janerious Jackson,JR,True,False,3.0
Nevada,WR-X,WR,label,WR,OFF,3,Joe Stimpson,FR,False,False,7.0
South Carolina,LT,OT,label,,OFF,3,Seth Smith,SR,True,True,11.0
South Carolina,LG,IOL,label,,OFF,3,Darius Gray,FR,False,False,12.0
South Carolina,RG,IOL,label,,OFF,3,Markee Anderson,JR,False,True,13.0
South Alabama,SS,SAF,label,SAF,DEF,3,Kaleb Jackson,SO,False,True,7.0
South Alabama,FCB,CB,label,CB,DEF,3,Deuce Vance,FR,False,True,3.0
South Carolina,WR-X,WR,label,WR,OFF,3,Jayden Gibson,SR,True,True,7.0
South Carolina,WR-Z,WR,label,WR,OFF,3,Jordon Gidron,FR,False,True,8.0
South Carolina,WR-SL,WR,label,WR,OFF,3,Charly Mullaly,JR,True,True,9.0
Florida State,DE,EDGE,label,EDGE,DEF,3,Deamontae Diggs,SR,True,True,5.0
Florida State,DT,DT,label,DT,DEF,3,Tylon Lee,FR,False,True,5.0
Florida State,WLB,LB,label,LB,DEF,3,Caleb LaVallee,JR,True,True,5.0
Florida State,MLB,LB,label,LB,DEF,3,Noah LaVallee,FR,False,False,6.0
Nebraska,LCB,CB,label,CB,DEF,3,Amare Sanders,SO,False,True,5.0
Nebraska,SS,SAF,label,SAF,DEF,3,Jasin Shiggs,JR,True,False,7.0
Nebraska,FS,SAF,label,SAF,DEF,3,Justyn Rhett,JR,True,True,8.0
Nebraska,NT,DT,label,DT,DEF,3,Tyson Terry,FR,False,True,5.0
Nebraska,DT,DT,label,DT,DEF,3,Malcolm Simpson,FR,False,True,6.0
Nebraska,WLB,LB,label,LB,DEF,3,Will Hawthorne,FR,True,True,5.0
Nebraska,MLB,LB,label,LB,DEF,3,Pierce Mooberry,FR,False,True,6.0
Wake Forest,SS,SAF,label,SAF,DEF,3,Jerron Blackwell,FR,False,True,7.0
Wake Forest,NB,CB,default,,DEF,3,Koredell Bartley,SO,False,False,8.0
South Carolina,QB,QB,label,QB,OFF,3,Lucian Anderson III,JR,True,True,3.0
South Carolina,RB,RB,label,RB,OFF,3,Jawarn Howell,JR,True,True,3.0
BYU,QB,QB,label,QB,OFF,3,Enoch Watson,FR,False,False,3.0
BYU,RB,RB,label,RB,OFF,3,Preston Rex,SR,False,True,3.0
BYU,LDE,EDGE,label,EDGE,DEF,3,Kinilau Fonohema,SO,False,True,5.0
BYU,RDE,EDGE,label,EDGE,DEF,3,Hunter Clegg,SO,False,False,6.0
Washington,WR-X,WR,label,WR,OFF,3,Trez Davis,FR,False,False,7.0
Washington,WR-Z,WR,label,WR,OFF,3,Justice Williams,SO,False,True,8.0
Washington,WR-SL,WR,label,WR,OFF,3,Jace Burton,SO,False,True,9.0
Alabama,STING,LB,bio,LB,DEF,3,Abduall Sanders Jr.,FR,False,True,3.0
Florida State,LCB,CB,label,CB,DEF,3,Ricky Knight III,SO,False,True,5.0
Florida State,RCB,CB,label,CB,DEF,3,Jamari Howard,SO,False,True,6.0
Florida State,SS,SAF,label,SAF,DEF,3,Max Redmon,FR,False,True,7.0
Florida State,FS,SAF,label,SAF,DEF,3,Donny Hiebert,SR,False,False,8.0
Arizona State,LCB,CB,label,CB,DEF,3,Daquwan Dunn,FR,False,True,5.0
Arizona State,RCB,CB,label,CB,DEF,3,Nigel Pringle,FR,True,True,6.0
Utah State,LT,OT,label,,OFF,3,Jared Smith,FR,False,True,10.0
Utah State,LG,IOL,label,,OFF,3,Kauasi Hansen,FR,False,True,11.0
South Carolina,RDT,DT,label,DT,DEF,3,Jordan Thomas,SO,True,True,6.0
South Carolina,RT,OT,label,,OFF,3,Zyon Guiles,FR,False,False,14.0
South Carolina,TE,TE,label,TE,OFF,3,Max Drag,JR,True,True,3.0
Nebraska,QB,QB,label,QB,OFF,3,Daniel Kaelin,SO,True,True,3.0
Nebraska,RB,RB,label,RB,OFF,3,Jamal Rule,FR,False,False,3.0
Nebraska,LDE,EDGE,label,EDGE,DEF,3,Dylan Rogers,JR,False,True,5.0
Nebraska,RDE,EDGE,label,EDGE,DEF,3,Willis McGahee IV,JR,False,False,6.0
Nebraska,LT,OT,label,,OFF,3,Preston Taumua,SO,False,True,11.0
Nebraska,LG,IOL,label,,OFF,3,Brock Knutson,JR,False,True,12.0
Nebraska,RT,OT,label,,OFF,3,Shawn Hammerbeck,FR,False,True,13.0
BYU,LT,OT,label,,OFF,3,Bott Mulitalo,FR,False,False,11.0
BYU,RG,IOL,label,,OFF,3,Trevin Ostler,SR,False,True,12.0
BYU,RT,OT,label,,OFF,3,Ethan Thomason,FR,False,True,13.0
BYU,TE,TE,label,TE,OFF,3,Keayen Nead,SR,True,True,3.0
South Carolina,LDE,EDGE,label,EDGE,DEF,3,George Wilson Jr.,GR,True,False,5.0
South Carolina,RDE,EDGE,label,EDGE,DEF,3,Julian Walker,FR,False,False,6.0
South Carolina,LDT,DT,label,DT,DEF,3,Noah Clark,FR,False,False,5.0
Arizona State,WLB,LB,label,LB,DEF,3,Ramere Davis,SO,True,True,5.0
Arizona State,MLB,LB,label,LB,DEF,3,Isaiah Iosefa,SO,False,False,6.0
Nebraska,TE,TE,label,TE,OFF,3,Cayden Echternach,JR,False,True,3.0
NC State,NB,CB,default,,DEF,3,Isaiah Crowell,SR,False,True,7.0
Nebraska,WR-X,WR,label,WR,OFF,3,Jeremiah Jones,FR,False,True,7.0
Nebraska,WR-Z,WR,label,WR,OFF,3,Larry Miles,FR,False,False,8.0
Nebraska,WR-SL,WR,label,WR,OFF,3,Keelan Smith,SO,False,True,9.0
Florida State,NB,SAF,bio,SAF,DEF,3,Jarvis Boatwright Jr.,SO,True,True,9.0
Fresno State,WR-SL,WR,label,WR,OFF,3,Keynan Cotton,FR,False,True,9.0
South Florida,WR-X,WR,label,WR,OFF,3,JeyQuan Smith,JR,False,True,7.0
South Florida,WR-Z,WR,label,WR,OFF,3,Armani Winfield,SR,True,True,8.0
South Florida,WR-SL,WR,label,WR,OFF,3,Joshua Porter,JR,False,False,9.0
South Carolina,WLB,LB,label,LB,DEF,3,Jamian Risher Jr.,SR,False,True,5.0
South Carolina,MLB,LB,label,LB,DEF,3,Donovan Darden,SO,False,False,6.0
South Carolina,LCB,CB,label,CB,DEF,3,Jalewis Solomon,SO,False,True,5.0
Fresno State,WR-Z,WR,label,WR,OFF,3,Xavier Owens,FR,False,False,8.0
Fresno State,C,IOL,label,,OFF,3,Oscar Weigel,SO,True,True,12.0
NC State,WLB,LB,label,LB,DEF,3,Bailey Benson,FR,False,True,5.0
NC State,MLB,LB,label,LB,DEF,3,Zane Williams,SO,False,True,6.0
NC State,LCB,CB,label,CB,DEF,3,Michael Tate,JR,False,True,5.0
Washington,RB,RB,label,RB,OFF,3,Quaid Carr,FR,False,True,3.0
Washington,LT,OT,label,,OFF,3,Elishah Jackett,JR,False,True,11.0
Washington,LG,IOL,label,,OFF,3,Aidan Anderson,JR,False,True,12.0
Washington,C,IOL,label,,OFF,3,Parker Cross,JR,False,True,13.0
Washington,RG,IOL,label,,OFF,3,Lowen Colman-Brusa,FR,False,True,14.0
Washington,RT,OT,label,,OFF,3,Justin Hylkema,SO,False,True,15.0
Fresno State,LT,OT,label,,OFF,3,Bode Stoddard,SO,True,False,11.0
Fresno State,RG,IOL,label,,OFF,3,Pat Barnett,SR,True,True,13.0
Fresno State,TE,TE,label,TE,OFF,3,Dallas Gaius-Anyaegbu,FR,False,False,3.0
South Florida,TE,TE,label,TE,OFF,3,Luke Clyburn,GR,True,False,3.0
Buffalo,SS,SAF,label,SAF,DEF,3,Dylan Cleary,FR,False,False,7.0
Buffalo,NB,SAF,bio,,DEF,3,Davion Coffee,SO,False,True,8.0
BYU,WR-X,WR,label,,OFF,3,Terrance Saryon,FR,False,False,7.0
BYU,WR-SL,WR,label,WR,OFF,3,Jaron Pula,FR,False,False,8.0
South Carolina,SS,SAF,label,SAF,DEF,3,Kelvin Hunter,SO,False,True,7.0
South Carolina,NB,CB,default,,DEF,3,Jaquel Holman,SO,False,False,8.0
Fresno State,QB,QB,label,QB,OFF,3,Jonathan Craft,FR,False,True,3.0
NC State,RB,RB,label,RB,OFF,3,Jonathan Paylor,SO,False,True,3.0
NC State,DE,EDGE,label,EDGE,DEF,3,Adrian Farrow,SO,False,False,5.0
NC State,JACK,EDGE,default,LB,DEF,3,Ke'Von Carter,SO,False,False,6.0
NC State,NT,DT,label,DT,DEF,3,Omarian Abraham,FR,False,True,5.0
NC State,DT,DT,label,DT,DEF,3,Fabian Kimbrough,JR,True,True,6.0
Utah State,WR-X,WR,label,WR,OFF,3,Rex Haynes,SR,True,True,7.0
Utah State,WR-SL,WR,label,WR,OFF,3,Nikko Boncore,FR,False,True,8.0
South Florida,LT,OT,label,,OFF,3,TJ Lawrence,SO,False,True,11.0
South Florida,RT,OT,label,,OFF,3,Caleb Harris,FR,False,True,12.0
NC State,TE,TE,label,TE,OFF,3,Hunter Provience,JR,True,True,3.0
NC State,QB,QB,label,QB,OFF,3,Tad Hudson,JR,True,True,3.0
Fresno State,RB,RB,label,RB,OFF,3,Brandon Ramirez,JR,False,True,3.0
Fresno State,LDE,EDGE,label,EDGE,DEF,3,Noah Yeh,JR,True,True,5.0
Fresno State,RDE,EDGE,label,EDGE,DEF,3,Micah Mosley,SO,True,False,6.0
Fresno State,LDT,DT,label,,DEF,3,Jairus Satele,SR,True,True,5.0
Fresno State,RDT,DT,label,DT,DEF,3,Logan Goodspeed,SO,True,True,6.0
Navy,BCB,CB,label,CB,DEF,3,Collin Seals,SO,False,False,3.0
Buffalo,RCB,CB,label,CB,DEF,3,Sayre Smothers,SO,True,False,6.0
South Florida,QB,QB,label,QB,OFF,3,KJ Cooper,SR,True,True,3.0
South Florida,RB,RB,label,RB,OFF,3,Alvon Isaac,SO,False,True,3.0
South Florida,DE,EDGE,label,EDGE,DEF,3,Terrell Jones,SR,True,True,5.0
South Florida,JACK,EDGE,bio,LB,DEF,3,Ashton Mosley,SO,False,True,6.0
Utah State,TE,TE,label,TE,OFF,3,Jude Nelson,FR,False,False,3.0
Utah,ROVER,SAF,default,,DEF,3,Brock Fonoimoana,SO,False,False,8.0
Utah,FS,SAF,label,SAF,DEF,3,Marcus Wimberly,FR,True,True,9.0
Utah,MAC,LB,label,LB,DEF,3,Tayson Reid,SO,True,False,3.0
NC State,WR-X,WR,label,WR,OFF,3,Tyran Warren,SR,True,False,7.0
NC State,WR-Z,WR,label,WR,OFF,3,Ethan Dowdy,JR,True,True,8.0
NC State,WR-SL,WR,label,WR,OFF,3,Je'rel Bolder,FR,False,True,9.0
Navy,RILB,LB,label,LB,DEF,3,Noah Beck,JR,False,False,6.0
Navy,SS,SAF,label,SAF,DEF,3,Maxwell Williams,JR,False,False,5.0
Navy,FS,SAF,label,SAF,DEF,3,Kush'i Abraham,SR,False,False,6.0
Navy,LOLB,LB,default,,DEF,3,Daveon Jones,JR,False,False,3.0
Navy,ROLB,LB,default,,DEF,3,Seth English,SR,False,False,3.0
South Florida,NT,DT,label,DT,DEF,3,Iverson Garcia-Ponce,FR,False,False,5.0
South Florida,DT,DT,label,DT,DEF,3,Ryan Jenkins,JR,False,False,6.0
South Florida,WLB,LB,label,LB,DEF,3,Gavin Leach,SO,False,False,5.0
South Florida,MLB,LB,label,LB,DEF,3,Rodney Hill,JR,False,False,6.0
Buffalo,RDT,DT,label,,DEF,3,Rex Stinchcomb,FR,False,True,5.0
Buffalo,LCB,CB,label,CB,DEF,3,Mikey Crawford,SO,False,True,5.0
Navy,FCB,CB,label,CB,DEF,3,Xavier Le Jeune,JR,False,False,3.0
Navy,DE,EDGE,label,EDGE,DEF,3,Benjamin Franklin,JR,False,False,3.0
Navy,NT,DT,label,DT,DEF,3,Connor Young,SO,False,False,5.0
Navy,DT,DT,label,DT,DEF,3,Clinton Anyagafu,SO,False,False,6.0
Navy,LILB,LB,label,LB,DEF,3,Brady O'Connor,SO,False,False,5.0
Fresno State,MLB,LB,label,LB,DEF,3,Tommy Nix,SO,False,True,6.0
Fresno State,WLB,LB,label,LB,DEF,3,Lucas Blumling,FR,False,True,5.0
Fresno State,LCB,CB,label,CB,DEF,3,Cam Cole,SO,False,True,5.0
Fresno State,RCB,CB,label,CB,DEF,3,Preston Okafor,SO,True,True,6.0
Fresno State,FS,SAF,label,SAF,DEF,3,Jaden Carrillo,JR,False,True,8.0
Navy,RT,OT,label,,OFF,3,Logan Wegman,SO,False,False,15.0
Navy,TE,TE,label,TE,OFF,3,Theo Elwell,JR,False,False,3.0
Navy,QB,QB,label,QB,OFF,3,Ryan Brass,SO,False,False,3.0
Navy,SB-A,RB,label,,OFF,3,Andre Gilbert Jr.,JR,False,False,7.0
Navy,SB-Z,RB,label,,OFF,3,Braeden George,SO,False,False,8.0
Navy,RB,RB,label,RB,OFF,3,Christian Cromer,SO,False,False,9.0
Buffalo,QB,QB,label,QB,OFF,3,Mason Cumbie,JR,False,True,3.0
Buffalo,RB,RB,label,RB,OFF,3,James McNeil Jr.,SO,False,True,3.0
Buffalo,RDE,EDGE,label,EDGE,DEF,3,Sedrick Vessah,JR,True,False,5.0
South Florida,LCB,CB,label,CB,DEF,3,Herlin Perry Jr.,FR,False,True,5.0
South Florida,SS,SAF,label,SAF,DEF,3,Malcolm Ziglar,JR,True,False,7.0
South Florida,FS,SAF,label,SAF,DEF,3,Victor Zidor,SR,True,True,8.0
South Florida,NB,SAF,bio,,DEF,3,Jabari Smith,SO,False,False,9.0
Navy,WR-X,WR,label,WR,OFF,3,Casey Smith,SR,False,False,5.0
Navy,LT,OT,label,,OFF,3,Hansen Collie,JR,False,False,11.0
Navy,LG,IOL,label,,OFF,3,Isaac Bunker,SR,False,False,12.0
Navy,C,IOL,label,,OFF,3,Hunter Fay,SO,False,False,13.0
Navy,RG,IOL,label,,OFF,3,Jace Williams,SO,False,False,14.0
Fresno State,NB,CB,bio,,DEF,3,Isaiah Lucero,FR,False,False,9.0
Fresno State,SS,SAF,label,SAF,DEF,3,Taylor Powell,SO,True,True,7.0
Alabama,LCB,CB,label,CB,DEF,3,Zyan Gibson,FR,False,False,5.0
Buffalo,LT,OT,label,,OFF,3,Mike Whalen,FR,False,False,11.0
Buffalo,LG,IOL,label,,OFF,3,Paul Clark,SO,False,True,12.0
Buffalo,TE,TE,label,TE,OFF,3,Michael Gelatko,FR,False,True,3.0
Southern Miss,QB,QB,label,QB,OFF,3,Ethan Hampton,SR,False,True,2.0
Southern Miss,RB,RB,label,RB,OFF,3,Jaylen Foster,JR,False,True,3.0
Southern Miss,RDE,EDGE,label,EDGE,DEF,3,Talik Parkman,FR,False,False,3.0
Alabama,RCB,CB,label,CB,DEF,3,Jorden Edmonds,FR,False,False,6.0
Alabama,SS,SAF,label,SAF,DEF,3,Jireh Edwards,FR,False,False,5.0
Alabama,WOLF,EDGE,default,LB,DEF,3,Xavier Griffin,FR,False,False,3.0
Washington,TE,TE,label,TE,OFF,3,Baron Naone,FR,False,True,3.0
Washington,QB,QB,label,QB,OFF,3,Treston McMillan,FR,False,True,3.0
Georgia,WR-SL,WR,label,WR,OFF,3,Dallas Dickerson,FR,False,False,9.0
Georgia,WR-X,WR,label,WR,OFF,3,Thomas Blackshear,FR,False,True,7.0
Utah,LDT,DT,label,,DEF,3,Jamal Wallace,SR,True,True,5.0
Utah,RDT,DT,label,DT,DEF,3,Mike Tauteoli,SO,False,True,6.0
Utah,RCB,CB,label,CB,DEF,3,Nick Brown,SO,False,False,5.0
Southern Miss,DT,DT,label,DT,DEF,3,JR Stegall,JR,False,False,3.0
Southern Miss,NB,CB,default,,DEF,3,Jyaire Brown,SR,False,True,6.0
Missouri State,LCB,CB,label,CB,DEF,3,Floyd Williams,JR,False,True,5.0
Georgia,WR-Z,WR,label,WR,OFF,3,Landon Roldan,SO,False,False,8.0
Georgia,C,IOL,label,,OFF,3,Malachi Toliver,SO,False,True,13.0
Georgia,LG,IOL,label,,OFF,3,Graham Houston,FR,False,False,12.0
Georgia,LT,OT,label,,OFF,3,Dennis Uzochukwu,FR,False,True,11.0
Georgia,RG,IOL,label,,OFF,3,Marcus Harrison,SO,False,True,14.0
Missouri State,RB,RB,label,RB,OFF,3,King Davis,FR,False,True,3.0
Missouri State,RDT,DT,label,DT,DEF,3,Joshua Davis,JR,True,False,6.0
Missouri State,RG,IOL,label,,OFF,3,Julius Dumas,FR,False,False,9.0
Missouri State,TE,TE,label,TE,OFF,3,Michael Osei-Bonsu,SR,True,False,3.0
Georgia,RT,OT,label,,OFF,3,TyQuez Richardson,SO,True,True,15.0
Stanford,WR-Z,WR,label,WR,OFF,3,Liam Thorpe,SO,False,False,7.0
Stanford,WR-SL,WR,label,WR,OFF,3,Marcus Brown,SO,False,True,8.0
Arizona State,SS,SAF,label,SAF,DEF,3,Maurice Williams,JR,True,False,7.0
Arizona State,FS,SAF,label,SAF,DEF,3,Ben Alefaio-Lilii,SO,False,False,8.0
Arkansas,WR-X,WR,label,WR,OFF,3,Antonio Jordan,FR,False,True,7.0
Arkansas,WR-Z,WR,label,WR,OFF,3,Jelani Watkins,SO,True,True,8.0
Arkansas,WR-SL,WR,label,WR,OFF,3,Dequane Prevo,FR,False,False,9.0
Washington,LDE,EDGE,label,EDGE,DEF,3,Devin Hyde,SO,False,False,5.0
Washington,RDE,EDGE,label,EDGE,DEF,3,Ramzak Fruean,FR,False,False,6.0
Washington,LDT,DT,label,DT,DEF,3,Omar Khan,SO,False,True,5.0
Washington,RDT,DT,label,DT,DEF,3,Kai McClendon,SO,True,True,6.0
Georgia,TE,TE,label,TE,OFF,3,Ethan Barbour,FR,False,True,3.0
Georgia,QB,QB,label,QB,OFF,3,Ryan Montgomery,FR,False,True,3.0
Missouri,SS,SAF,label,SAF,DEF,3,Jayden McGregory,FR,False,False,7.0
Missouri,FS,SAF,label,SAF,DEF,3,Brody Jones,FR,False,False,8.0
Missouri,NB,SAF,bio,,DEF,3,CJ Bass III,FR,False,True,9.0
Missouri State,WR-SL,WR,label,WR,OFF,3,Isaiah McMorris,SO,True,True,8.0
Missouri State,WR-X,WR,label,WR,OFF,3,Brendon McQueen,SO,False,True,7.0
Missouri,WLB,LB,label,LB,DEF,3,Bobby Washington,JR,True,True,5.0
Missouri,MLB,LB,label,LB,DEF,3,JJ Bush,FR,False,False,6.0
Stanford,QB,QB,label,QB,OFF,3,Charlie Mirer,SR,False,True,3.0
Stanford,RB,RB,label,RB,OFF,3,Tuna Altahir,SR,True,True,3.0
Bowling Green,BUCK,EDGE,bio,EDGE,DEF,3,Quentin Lewis,FR,False,True,3.0
Buffalo,WR-X,WR,label,WR,OFF,3,Jaylen Andrews,JR,True,False,7.0
Buffalo,WR-Z,WR,label,WR,OFF,3,Jeremiah Watkins,SO,False,True,8.0
Buffalo,WR-SL,WR,label,WR,OFF,3,Mark-Anthony Scott Jr.,SR,False,True,9.0
Missouri,LCB,CB,label,CB,DEF,3,Cameron Keys,SO,False,True,5.0
Missouri,RCB,CB,label,CB,DEF,3,Jaxson Gates,FR,False,False,6.0
Georgia,RB,RB,label,RB,OFF,3,Dante Dowdell,SR,True,False,3.0
Georgia,DE,EDGE,label,EDGE,DEF,3,JJ Hanne,SO,False,False,5.0
Georgia,JACK,EDGE,default,,DEF,3,Chase Linton,FR,False,True,6.0
Missouri,DE,EDGE,label,EDGE,DEF,3,Demarcus Johnson,JR,True,False,5.0
Missouri,JACK,EDGE,default,,DEF,3,Daeden Hopkins,FR,False,True,6.0
Alabama,NT,DT,label,DT,DEF,3,Jeremiah Beaman,SO,False,True,5.0
Alabama,DT,DT,label,DT,DEF,3,Edric Hill,JR,False,True,6.0
Stanford,LCB,CB,label,CB,DEF,3,Sam Neely III,SO,True,True,5.0
Stanford,RCB,CB,label,CB,DEF,3,Chris Garland,FR,False,True,6.0
Bowling Green,WLB,LB,label,LB,DEF,3,Jabari Mitchell,JR,False,True,5.0
Bowling Green,RCB,CB,label,CB,DEF,3,Nick Sawyer,SR,True,True,4.0
Stanford,C,IOL,label,,OFF,3,Aidan Kilstrom,SR,False,True,11.0
Stanford,C,IOL,label,,OFF,3,Carson Caplan,SO,False,True,12.0
Stanford,TE,TE,label,TE,OFF,3,Reiman Zebert,FR,False,True,3.0
Alabama,MLB,LB,label,LB,DEF,3,Duke Johnson II,SO,False,False,3.0
Washington,WLB,LB,label,LB,DEF,3,Donovan Robinson Jr.,FR,False,True,5.0
Washington,MLB,LB,label,LB,DEF,3,Ezaya Tokio,FR,False,False,6.0
Washington,LCB,CB,label,CB,DEF,3,Elijah Durr,FR,False,False,5.0
Washington,RCB,CB,label,CB,DEF,3,Kayden Greene,SO,False,True,6.0
Missouri,NT,DT,label,DT,DEF,3,Sam Williams,JR,False,True,5.0
Missouri,DT,DT,label,DT,DEF,3,Tajh Overton,FR,False,False,6.0
Missouri,TE,TE,label,TE,OFF,3,Jude James,SO,False,True,3.0
Syracuse,LG,IOL,label,,OFF,3,Jayden Mann,FR,False,True,12.0
Syracuse,RG,IOL,label,,OFF,3,Travis Brown-Miller,SO,False,True,13.0
Stanford,NB,CB,default,,DEF,3,Breylan Thompson,JR,True,False,7.0
Stanford,LOLB,LB,default,,DEF,3,Tre Williams,JR,False,True,3.0
Syracuse,WR-X,WR,label,WR,OFF,3,Umari Hatcher,SR,False,True,7.0
Syracuse,WR-Z,WR,label,WR,OFF,3,Elijah Moore,SO,True,True,8.0
Missouri,QB,QB,label,QB,OFF,3,Nick Evers,SR,True,True,3.0
Missouri,RB,RB,label,RB,OFF,3,Xai'Shaun Edwards,SO,True,True,3.0
Missouri,WR-H,WR,label,WR,OFF,3,DaMarion Fowlkes,SO,False,False,9.0
Missouri,LT,OT,label,,OFF,3,DJ Jones,FR,False,False,11.0
Missouri,C,IOL,label,,OFF,3,Colin Sorensen,JR,True,False,12.0
Missouri,RT,OT,label,,OFF,3,Whit Hafer,SO,False,True,13.0
Washington State,RB,RB,label,RB,OFF,3,Maxwell Woods,SO,True,True,3.0
Washington,SS,SAF,label,SAF,DEF,3,Gavin Day,FR,False,False,7.0
Syracuse,JACK,EDGE,default,TE,DEF,3,Jamie Tremble,JR,False,False,5.0
Bowling Green,RB,RB,label,RB,OFF,3,Ke'Marion Baldwin,JR,True,True,2.0
Bowling Green,DE,EDGE,label,DT,DEF,3,Timothy Taylor Jr.,FR,True,True,3.0
Bowling Green,DT,DT,label,,DEF,3,Selah Brown,GR,True,False,2.0
Bowling Green,NT,DT,label,DT,DEF,3,Brendon Rice,FR,False,True,5.0
Syracuse,WR-SL,WR,label,WR,OFF,3,Tyshawn Russell,JR,True,True,9.0
Syracuse,LT,OT,label,,OFF,3,Vito Shevchenko,SO,False,True,11.0
Washington,NB,CB,bio,CB,DEF,3,Ksani Jiles,FR,False,False,8.0
Washington State,WR-X,WR,label,,OFF,3,Jordan Dees,SO,True,True,7.0
Alabama,DE,EDGE,label,EDGE,DEF,3,Fatutoa Henry,SR,True,True,3.0
Mississippi State,FS,SAF,label,SAF,DEF,3,Dre Riley,JR,True,False,8.0
Mississippi State,SS,SAF,label,SAF,DEF,3,Ja'Bryis Stewart,JR,True,True,7.0
Syracuse,LCB,CB,label,CB,DEF,3,Ziyyon Bredell,FR,False,True,5.0
Bowling Green,LT,OT,label,OT,OFF,3,Vincent Giordano,FR,False,True,10.0
Bowling Green,RT,OT,label,OT,OFF,3,Zane Panchula,FR,False,True,9.0
Bowling Green,TE,TE,label,TE,OFF,3,Blane Cleaver,GR,True,False,1.0
Bowling Green,QB,QB,label,QB,OFF,3,Jay Kastantin,JR,True,True,2.0
Syracuse,TE,TE,label,TE,OFF,3,Daunte Bacheyie,SO,False,False,3.0
Syracuse,QB,QB,label,QB,OFF,3,Danny Lauter,SR,True,True,3.0
Syracuse,RB,RB,label,RB,OFF,3,Tylik Hill,SO,False,False,3.0
Missouri,WR-X,WR,label,WR,OFF,3,Karsten Fiene,FR,False,False,7.0
Missouri,WR-Z,WR,label,WR,OFF,3,Jabari Brady,FR,False,False,8.0
Georgia,DT,DT,label,DT,DEF,3,London Seymour,FR,False,True,6.0
Georgia,NT,DT,label,DT,DEF,3,Nnamdi Ogboko,SO,False,True,5.0
Georgia,LCB,CB,label,CB,DEF,3,Jontae Gilbert,FR,False,True,5.0
Georgia,RCB,CB,label,CB,DEF,3,Caden Harris,FR,False,False,6.0
Mississippi State,NT,DT,label,DT,DEF,3,Diesel Moye,SR,True,True,5.0
Mississippi State,MLB,LB,label,LB,DEF,3,AJ Rice,FR,False,True,6.0
Mississippi State,WLB,LB,label,LB,DEF,3,LaKendrick James,JR,True,True,5.0
Mississippi State,LCB,CB,label,CB,DEF,3,Kyle Johnson,FR,False,True,5.0
Mississippi State,RCB,CB,label,CB,DEF,3,Jamroc Grimsley,SO,True,True,6.0
Mississippi State,RB,RB,label,RB,OFF,3,Kolin Wilson,FR,False,True,3.0
Mississippi State,DE,EDGE,label,EDGE,DEF,3,Jayson Jenkins,SR,True,True,5.0
Mississippi State,JACK,EDGE,default,,DEF,3,Tyshun Willis,FR,False,True,6.0
Mississippi State,DT,DT,label,DT,DEF,3,Colin Coates,JR,True,True,6.0
Georgia,FS,SAF,label,SAF,DEF,3,Todd Robinson,FR,False,True,8.0
Georgia,NB,CB,bio,,DEF,3,Tyriq Green,FR,False,False,9.0
Utah,TE,TE,label,TE,OFF,3,Will Monney,JR,True,True,3.0
Utah,RB,RB,label,RB,OFF,3,Steve Chavez-Soto,SO,True,False,3.0
Utah,RDE,EDGE,label,EDGE,DEF,3,PJ Takitaki,FR,False,False,5.0
Utah,RDE,EDGE,label,EDGE,DEF,3,Alex Cloward,SO,False,True,6.0
Syracuse,DT,DT,label,DT,DEF,3,Nissi Ogbebor,SO,False,False,5.0
Georgia,SS,SAF,label,SAF,DEF,3,Daniel Okonkwo,FR,False,True,7.0
Georgia,MAC,LB,label,LB,DEF,3,AJ Kruah,FR,False,True,3.0
Mississippi State,LT,OT,label,,OFF,3,Ja'Elyne Matthews,FR,True,True,11.0
Mississippi State,RT,OT,label,,OFF,3,Isaiah Dent,SO,True,True,14.0
Mississippi State,TE,TE,label,TE,OFF,3,Zayion Cotton,FR,False,False,3.0
Washington State,NT,DT,label,DT,DEF,3,Akio Martinson,JR,True,True,5.0
Washington State,DT,DT,label,DT,DEF,3,Damarjhe Lewis,SR,True,True,6.0
Bowling Green,WR-X,WR,label,WR,OFF,3,Joseph Saffold,FR,False,False,10.0
Bowling Green,WR-Z,WR,label,WR,OFF,3,Pauly Sadler,FR,False,False,8.0
Syracuse,NB,CB,bio,CB,DEF,3,Terrance Johnson,FR,False,False,7.0
Syracuse,FS,SAF,label,SAF,DEF,3,Rayshon Andrews,SO,False,False,8.0
TCU,WR-X,WR,label,WR,OFF,3,Braylon James,JR,True,True,7.0
TCU,WR-Z,WR,label,WR,OFF,3,James Scott,FR,False,False,8.0
TCU,WR-SL,WR,label,WR,OFF,3,Dane Jones,FR,False,True,9.0
Washington State,LT,OT,label,,OFF,3,Chris Lino,SO,False,True,11.0
Washington State,RT,OT,label,,OFF,3,Xavier Thorpe,SO,False,True,12.0
Washington State,TE,TE,label,TE,OFF,3,Beau Baker,SO,True,True,3.0
Washington State,QB,QB,label,QB,OFF,3,Owen Eshelman,FR,False,True,3.0
Mississippi State,QB,QB,label,QB,OFF,3,Jaden Rashada,JR,True,True,3.0
Minnesota,NB,SAF,bio,,DEF,3,Elisha West,SO,True,True,8.0
Mississippi State,WR-X,WR,label,WR,OFF,3,Matt Mayfield,JR,True,False,7.0
Mississippi State,C,IOL,label,,OFF,3,Wesley Davis,SR,False,True,13.0
Mississippi State,LG,IOL,label,,OFF,3,Jamari Freeman,SR,True,True,12.0
Georgia,MONEY,LB,bio,LB,DEF,3,Terrell Foster,SR,False,True,3.0
Minnesota,WLB,LB,label,LB,DEF,3,Mason Carrier,SO,False,True,5.0
Minnesota,MLB,LB,label,LB,DEF,3,Andrew Marshall,JR,True,True,6.0
TCU,LDE,EDGE,label,EDGE,DEF,3,Cheta Ofili,SO,True,True,5.0
TCU,RDE,EDGE,label,EDGE,DEF,3,Travis Jackson,SO,False,True,6.0
TCU,LG,IOL,label,,OFF,3,Dylan Kinney,SR,True,True,11.0
TCU,C,IOL,label,,OFF,3,Gannon Gaubert,SR,False,True,12.0
TCU,RT,OT,label,,OFF,3,Tobias Steppes,SO,False,True,13.0
TCU,TE,TE,label,TE,OFF,3,Kari Ashley,JR,True,True,3.0
Bowling Green,WR-SL,WR,label,WR,OFF,3,Reddik Pillarelli,SO,True,False,6.0
Minnesota,SS,SAF,label,SAF,DEF,3,Zahir Rainer,SO,False,True,7.0
Georgia Southern,RDE,EDGE,label,EDGE,DEF,3,Alec Upshaw,FR,False,False,5.0
Georgia Southern,MLB,LB,label,LB,DEF,3,Jacob Hammonds,SR,False,True,4.0
Minnesota,RB,RB,label,RB,OFF,3,TJ Thomas,JR,True,False,3.0
Minnesota,DE,EDGE,label,EDGE,DEF,3,Adam Kissayi,SO,True,True,5.0
TCU,NT,DT,label,DT,DEF,3,Floyd Guidry,FR,False,True,5.0
TCU,DT,DT,label,DT,DEF,3,Perry Cole Jr.,JR,True,False,6.0
TCU,WLB,LB,label,LB,DEF,3,Anthony Williams,FR,False,True,5.0
TCU,MLB,LB,label,LB,DEF,3,Sam Haley,FR,False,True,6.0
TCU,LCB,CB,label,CB,DEF,3,Teon Parks,SR,True,False,5.0
TCU,QB,QB,label,QB,OFF,3,Jack Daulton,FR,False,False,3.0
TCU,RB,RB,label,RB,OFF,3,Jon Denman,SO,False,False,3.0
Minnesota,NT,DT,label,DT,DEF,3,Mo Omonode,SR,True,True,5.0
Minnesota,DT,DT,label,DT,DEF,3,Jaylin Hicks,SO,False,True,6.0
Minnesota,TE,TE,label,TE,OFF,3,Julian Johnson,SO,False,True,3.0
Minnesota,QB,QB,label,QB,OFF,3,Michael Merdinger,SO,True,True,3.0
Georgia Southern,RCB,CB,label,CB,DEF,3,Chace Calicut,FR,False,False,5.0
Georgia State,WR-SL,WR,label,WR,OFF,3,Isaiah Stone,JR,True,True,9.0
Georgia State,WR-X,WR,label,WR,OFF,3,Rodshaun Dorsey,JR,True,True,7.0
Georgia State,WR-Z,WR,label,WR,OFF,3,Keron Milton,SO,False,True,8.0
Middle Tennessee,SS,SAF,label,SAF,DEF,3,Locke Kennedy,SO,False,False,7.0
Middle Tennessee,FS,SAF,label,SAF,DEF,3,Bryce Williams,FR,False,False,8.0
Middle Tennessee,NB,CB,default,,DEF,3,KJ Miniefield,JR,True,True,9.0
Minnesota,WR-X,WR,label,WR,OFF,3,Bradley Martino,FR,False,True,7.0
Arkansas,C,IOL,label,,OFF,3,Carey Clayton,FR,False,False,12.0
Arkansas,RG,IOL,label,,OFF,3,Payton Parks-Smith,SR,True,True,13.0
Utah,WR-X,WR,label,WR,OFF,3,Daidren Zipperer,JR,False,True,7.0
Boston College,SS,SAF,label,,DEF,3,Rae Sykes Jr.,SO,False,False,7.0
Boston College,FS,SAF,label,SAF,DEF,3,Charlie Comella,SO,False,True,8.0
Boston College,NB,SAF,bio,SAF,DEF,3,Chandler Jordan,SO,True,False,9.0
Middle Tennessee,WLB,LB,label,LB,DEF,3,Micah Smith,FR,False,True,5.0
Middle Tennessee,LCB,CB,label,CB,DEF,3,Devan Carlisle,JR,True,True,5.0
Middle Tennessee,RCB,CB,label,CB,DEF,3,Camari Hall,SO,False,False,6.0
Georgia State,LG,IOL,label,,OFF,3,Aidan Andrews,FR,False,True,10.0
Georgia State,TE,TE,label,TE,OFF,3,Avion McBride,SR,False,True,3.0
Alabama,QB,QB,label,QB,OFF,3,Jett Thomalla,FR,False,False,3.0
Alabama,RB,RB,label,RB,OFF,3,AK Dear,FR,False,True,3.0
Washington State,LDE,EDGE,label,LB,DEF,3,Malachi Wrice,SO,False,True,5.0
Washington State,RDE,EDGE,label,EDGE,DEF,3,Ben Beatty,SO,False,True,6.0
Middle Tennessee,RB,RB,label,RB,OFF,3,DJ Taylor,SO,False,False,3.0
Middle Tennessee,DE,EDGE,label,EDGE,DEF,3,Matthew Blomquist,SO,False,True,5.0
Middle Tennessee,EDGE,EDGE,label,EDGE,DEF,3,Kaven Call,JR,True,True,6.0
TCU,SS,SAF,label,SAF,DEF,3,Ryan Yaites,SR,True,False,7.0
Temple,WR-X,WR,label,WR,OFF,3,Kenedy Uzoma,SO,False,False,7.0
Temple,WR-SL,WR,label,WR,OFF,3,Hunter Watson,FR,False,False,8.0
Boston College,LCB,CB,label,,DEF,3,Marcelous Townsend,FR,False,True,5.0
Boston College,RCB,CB,label,CB,DEF,3,Michael Mankaka,SR,True,True,6.0
Arkansas,LT,OT,label,,OFF,3,Josiah Clemons,FR,True,True,11.0
Middle Tennessee,NT,DT,label,DT,DEF,3,Archie Roseman V,FR,False,True,5.0
Georgia State,QB,QB,label,QB,OFF,3,TJ Stanley,FR,False,True,3.0
Georgia State,RB,RB,label,RB,OFF,3,Jaylen Poe,JR,True,True,3.0
Georgia State,DE,EDGE,label,EDGE,DEF,3,Richard Kramer,JR,True,False,5.0
Georgia State,JACK,EDGE,bio,,DEF,3,Zion Lawson,FR,False,True,6.0
Middle Tennessee,LT,OT,label,,OFF,3,Kyle Larkin,FR,False,True,11.0
Temple,RUSH,EDGE,default,,DEF,3,Josh Nengite,FR,False,False,6.0
Boston College,WLB,LB,label,LB,DEF,3,Zacari Thomas,SO,False,False,5.0
Boston College,MLB,LB,label,LB,DEF,3,Kemori Dixon,SO,False,True,6.0
Temple,RG,IOL,label,,OFF,3,Davray Venu,SO,False,True,11.0
Temple,RT,OT,label,,OFF,3,Ransom McDermott,SO,True,True,12.0
Temple,TE,TE,label,TE,OFF,3,Daniel Evert,JR,False,False,3.0
Middle Tennessee,TE,TE,label,TE,OFF,3,Jadin Hambrick,JR,True,False,3.0
Middle Tennessee,QB,QB,label,QB,OFF,3,Stanley Anderson-Lofton,FR,False,True,3.0
Middle Tennessee,WR-X,WR,label,WR,OFF,3,Kason Stokes,SO,True,True,7.0
Middle Tennessee,WR-SL,WR,label,WR,OFF,3,Zaidyn Moore,SO,False,True,8.0
West Virginia,WR-Z,WR,label,WR,OFF,3,Keon Hutchins,JR,True,False,8.0
West Virginia,WR-Y,WR,label,WR,OFF,3,Kedrick Triplett,SO,True,True,9.0
Washington State,WLB,LB,label,LB,DEF,3,Isaiah Hung,FR,False,True,5.0
Washington State,MLB,LB,label,LB,DEF,3,Gage Jones,SO,False,True,6.0
USC,LCB,CB,label,CB,DEF,3,RJ Sermons,FR,False,True,5.0
USC,RCB,CB,label,CB,DEF,3,Elbert Hill IV,FR,False,False,6.0
USC,SS,SAF,label,SAF,DEF,3,Isaiah Rubin,SO,False,True,7.0
Arkansas,RT,OT,label,,OFF,3,Jonas Nantze,SO,False,True,14.0
Temple,QB,QB,label,QB,OFF,3,Camren Boykin,FR,False,True,3.0
Temple,RB,RB,label,RB,OFF,3,Keveun Mason,SO,False,False,3.0
Temple,DE,EDGE,label,EDGE,DEF,3,Cameron Jones,SO,False,True,5.0
Washington State,LCB,CB,label,CB,DEF,3,David Kuku,FR,False,True,5.0
Washington State,RCB,CB,label,CB,DEF,3,Kai Rapolla,SR,True,True,6.0
Washington State,SS,SAF,label,SAF,DEF,3,Jack Bal,JR,True,True,7.0
Georgia State,DT,DT,label,DT,DEF,3,Jalen Jordan,SR,True,True,6.0
Georgia State,NT,DT,label,DT,DEF,3,Samuel Chukwurah,JR,True,False,5.0
Georgia State,MLB,LB,label,LB,DEF,3,Jaden Kelly,SR,True,True,6.0
Georgia State,WLB,LB,label,LB,DEF,3,Chandler Covington,SO,False,False,5.0
Michigan State,LDT,DT,label,,DEF,3,Mikeshun Beeler,SO,False,True,5.0
Michigan State,WLB,LB,label,LB,DEF,3,Brady Pretzlaff,SO,False,True,5.0
Michigan State,LCB,CB,label,CB,DEF,3,Dorian Davis,SR,False,True,5.0
Michigan State,TE,TE,label,TE,OFF,3,Carson Gulker,SR,True,True,3.0
Michigan State,QB,QB,label,QB,OFF,3,Leo Hannan,FR,False,True,3.0
Michigan State,RB,RB,label,RB,OFF,3,Brandon Tullis,JR,False,False,3.0
Temple,SS,SAF,label,SAF,DEF,3,Jamarcus Pierre,FR,False,True,7.0
Temple,FS,SAF,label,SAF,DEF,3,Josiah Jackson,SO,True,True,8.0
Temple,NT,DT,label,DT,DEF,3,Troy Cunningham,FR,False,True,5.0
Temple,DT,DT,label,DT,DEF,3,Deshon Dodson,SO,True,False,6.0
Temple,WLB,LB,label,LB,DEF,3,Wesley Brown,SO,False,True,5.0
Temple,MLB,LB,label,LB,DEF,3,Jordan Montgomery,JR,False,True,6.0
Michigan State,LDE,EDGE,label,,DEF,3,Keahnist Thompson,SR,True,True,5.0
Michigan State,RDE,EDGE,label,EDGE,DEF,3,Trey Lisle,SO,True,True,6.0
Georgia State,LCB,CB,label,CB,DEF,3,Braylon Alexander,SR,True,True,5.0
Georgia State,FS,SAF,label,SAF,DEF,3,Ty Snead,FR,False,True,8.0
Georgia State,SS,SAF,label,SAF,DEF,3,Joseph Holt,FR,False,True,7.0
Michigan State,WR-Z,WR,label,WR,OFF,3,Samson Gash,FR,False,False,7.0
Tennessee,WR-X,WR,label,WR,OFF,3,Tyreek King,FR,False,False,7.0
Tennessee,WR-SL,WR,label,WR,OFF,3,Ian Duarte,JR,True,True,8.0
Boston College,DE,EDGE,label,EDGE,DEF,3,Favor Bate,JR,True,False,5.0
Boston College,JACK,EDGE,bio,EDGE,DEF,3,Israel Oladipupo,SO,False,False,6.0
Boston College,NT,DT,label,DT,DEF,3,Chuck Nnaeto,SR,True,True,5.0
Boston College,DT,DT,label,EDGE,DEF,3,Josiah Griffin,JR,False,True,6.0
Temple,LCB,CB,label,CB,DEF,3,Nakeel Lawrence,JR,True,True,5.0
Temple,RCB,CB,label,CB,DEF,3,Asa Locks,JR,True,True,6.0
Michigan State,LG,IOL,label,,OFF,3,Andrew Dennis,SO,False,True,9.0
Georgia Tech,WR-X,WR,label,WR,OFF,3,Cal Faulkner,FR,False,True,7.0
Georgia Tech,WR-Z,WR,label,WR,OFF,3,Evan Haynes,FR,False,True,8.0
Georgia Tech,WR-SL,WR,label,,OFF,3,Rahkeem Smith,SR,True,True,9.0
Michigan,LCB,CB,label,CB,DEF,3,Jamarion Vincent,FR,False,False,5.0
Michigan,RCB,CB,label,CB,DEF,3,Joshua Nichols,SR,False,True,6.0
Arkansas,QB,QB,label,QB,OFF,3,Braeden Fuller,SR,True,True,3.0
Arkansas,RB,RB,label,RB,OFF,3,Jasper Parker,SO,True,False,3.0
USC,LDE,EDGE,label,EDGE,DEF,3,Luke Wafle,FR,False,False,5.0
USC,NT,DT,label,DT,DEF,3,Jaimeon Winfield,FR,False,False,5.0
USC,DT,DT,label,DT,DEF,3,Floyd Boucard,SO,False,False,6.0
Tennessee,TE,TE,label,TE,OFF,3,Trent Thomas,JR,True,True,3.0
Temple,NB,SAF,bio,SAF,DEF,3,Orel Gray,JR,True,True,9.0
Michigan,SS,SAF,label,SAF,DEF,3,Kainoa Winston,FR,False,True,7.0
Michigan,FS,SAF,label,SAF,DEF,3,Jacob Oden,SO,False,True,8.0
Michigan,NB,CB,bio,,DEF,3,Jeremiah Lowe,SO,False,True,9.0
Michigan,WLB,LB,label,LB,DEF,3,Aisea Moa,SR,True,True,5.0
Michigan,MLB,LB,label,LB,DEF,3,Max Alford,SR,True,True,6.0
Alabama,LT,OT,label,,OFF,3,Jared Graham,FR,False,False,11.0
Alabama,LG,IOL,label,,OFF,3,Casey Poe,SO,False,True,12.0
Alabama,RG,IOL,label,,OFF,3,Chris Booker,FR,False,False,13.0
Alabama,RT,OT,label,,OFF,3,Ty Haywood,FR,True,True,14.0
Boston College,RB,RB,label,RB,OFF,3,Bo MacCormack III,SO,False,False,3.0
Tennessee,QB,QB,label,QB,OFF,3,Ryan Staub,JR,True,True,3.0
Tennessee,RB,RB,label,RB,OFF,3,Javin Gordon,SO,True,False,3.0
Tennessee,DE,EDGE,label,EDGE,DEF,3,Carson Gentle,SO,False,True,5.0
Tennessee,LEO,EDGE,bio,,DEF,3,Christian Gass,FR,False,True,6.0
Tennessee,LT,OT,label,,OFF,3,Charlie Powell III,FR,False,True,11.0
Tennessee,LG,IOL,label,,OFF,3,Antoni Ogumoro,SO,False,False,12.0
Arkansas,TE,TE,label,TE,OFF,3,Matt Adcock,SR,True,False,3.0
Alabama,TE,TE,label,TE,OFF,3,Marshall Pritchett,SO,False,False,3.0
Washington State,FS,SAF,label,SAF,DEF,3,Kayo Patu,SO,False,True,8.0
Washington State,NB,CB,bio,,DEF,3,Ishmael Gibbs,FR,False,True,9.0
West Virginia,WR-X,WR,label,WR,OFF,3,Landon Drumm,FR,False,False,7.0
Michigan,LDE,EDGE,label,EDGE,DEF,3,Lugard Edokpayi,SO,False,True,5.0
Michigan,RDE,EDGE,label,EDGE,DEF,3,Benny Patterson III,FR,False,True,6.0
Michigan,LDT,DT,label,,DEF,3,Chibi Anwunah,SR,False,True,5.0
USC,WLB,LB,label,LB,DEF,3,Ta'Mere Robinson,JR,True,True,5.0
USC,MLB,LB,label,LB,DEF,3,Talanoa Ili,FR,False,False,6.0
USC,C,IOL,label,,OFF,3,Kannon Smith,FR,False,False,12.0
USC,TE,TE,label,TE,OFF,3,Carson Tabaracci,SR,True,True,3.0
USC,QB,QB,label,QB,OFF,3,Jonas Williams,FR,False,False,3.0
USC,RB,RB,label,RB,OFF,3,Riley Wormley,FR,False,True,3.0
Boston College,TE,TE,label,TE,OFF,3,Cameron Kossmann,FR,True,True,3.0
Boston College,QB,QB,label,QB,OFF,3,Femi Babalola,FR,False,False,3.0
Michigan,RDT,DT,label,,DEF,3,Travis Moten,FR,False,True,6.0
Georgia Tech,LT,OT,label,,OFF,3,Jordan Floyd,SO,False,True,11.0
Georgia Tech,LG,IOL,label,,OFF,3,Xavier Canales,FR,False,True,12.0
Georgia Tech,RG,IOL,label,,OFF,3,Jimmy Bryson,FR,False,True,13.0
Georgia Tech,RT,OT,label,,OFF,3,Favour Edwin,SO,True,True,14.0
Georgia Tech,TE,TE,label,TE,OFF,3,Spencer Mermans,JR,True,True,3.0
Georgia Tech,QB,QB,label,QB,OFF,3,Graham Knowles,SO,False,True,3.0
Michigan,TE,TE,label,TE,OFF,3,Deakon Tonielli,JR,False,True,3.0
West Virginia,LT,OT,label,,OFF,3,Jonas Muya,FR,False,False,11.0
West Virginia,LG,IOL,label,,OFF,3,Camden Goforth,FR,False,False,12.0
West Virginia,C,IOL,label,IOL,OFF,3,Landen Livingston,SR,False,True,13.0
West Virginia,RT,OT,label,,OFF,3,Rhett Morris,FR,False,False,14.0
West Virginia,TE,TE,label,TE,OFF,3,Josh Sapp,SR,True,True,3.0
West Virginia,QB,QB,label,QB,OFF,3,Max Brown,SR,True,True,3.0
Michigan,QB,QB,label,QB,OFF,3,Tommy Carr,FR,False,False,3.0
Michigan,RB,RB,label,RB,OFF,3,Bryson Kuzdzal,JR,False,True,3.0
Arkansas,JACK,EDGE,default,,DEF,3,Jamonta Waller,SO,True,True,6.0
USC,WR-X,WR,label,WR,OFF,3,Ethan Feaster,FR,False,False,7.0
Tennessee,NT,DT,label,DT,DEF,3,Ethan Utley,SO,False,False,5.0
Tennessee,DT,DT,label,DT,DEF,3,Darryl Rivers,FR,False,False,6.0
Tennessee,WLB,LB,label,LB,DEF,3,Jaedon Harmon,SO,False,False,5.0
Michigan,LT,OT,label,,OFF,3,Marky Walbridge,FR,False,False,11.0
Michigan,RG,IOL,label,,OFF,3,Ace Hamilton,FR,False,False,12.0
Michigan,RT,OT,label,,OFF,3,Avery Gach,FR,False,True,13.0
Miami (OH),SS,SAF,label,SAF,DEF,3,Dillon Tatum,SR,False,True,5.0
Michigan,WR-X,WR,label,WR,OFF,3,Travis Johnson,FR,False,False,7.0
Michigan,WR-Z,WR,label,WR,OFF,3,Kendrick Bell,JR,False,True,8.0
Tennessee,SS,SAF,label,SAF,DEF,3,DJ Burks,SR,True,True,7.0
Tennessee,FS,SAF,label,SAF,DEF,3,Sidney Walton,SO,False,False,8.0
Tennessee,NB,SAF,bio,,DEF,3,Tevis Metcalf,SO,True,True,9.0
Texas,WR-H,WR,label,WR,OFF,3,Jermaine Bishop Jr.,FR,False,False,8.0
Tennessee,MLB,LB,label,LB,DEF,3,Jeremiah Telander,SR,False,False,6.0
Tennessee,LCB,CB,label,CB,DEF,3,Timothy Merritt,SO,False,False,5.0
Tennessee,RCB,CB,label,CB,DEF,3,Zay Anderson,FR,False,False,6.0
Arkansas,DE,EDGE,label,EDGE,DEF,3,Caleb Bell,FR,False,True,5.0
Michigan,WR-SL,WR,label,WR,OFF,3,I'Marion Stewart,SO,False,True,9.0
Georgia Tech,RB,RB,label,RB,OFF,3,J.P. Powell,SO,False,False,3.0
Georgia Tech,LDE,EDGE,label,EDGE,DEF,3,Brayden Manley,SR,True,False,5.0
Georgia Tech,RDE,EDGE,label,EDGE,DEF,3,Amontrae Bradford,JR,False,False,6.0
Miami (OH),LDE,EDGE,label,EDGE,DEF,3,James Schott,JR,False,True,5.0
Miami (OH),RDE,EDGE,label,EDGE,DEF,3,Mikah Coleman,SR,False,True,4.0
Miami (OH),NT,DT,label,DT,DEF,3,William Goodvine III,SO,False,True,3.0
UNLV,LCB,CB,label,CB,DEF,3,Jaylen Allen,SO,False,True,5.0
UNLV,FS,SAF,label,SAF,DEF,3,Cameron Parodi,FR,False,False,7.0
UNLV,NB,CB,default,,DEF,3,Joshua Tuchek,FR,False,True,8.0
Arkansas,NT,DT,label,DT,DEF,3,Danny Beale III,FR,False,False,5.0
Arkansas,DT,DT,label,DT,DEF,3,Reginald Vaughn,FR,False,True,6.0
Boston College,LT,OT,label,,OFF,3,Marc Antunes Jr.,FR,False,False,11.0
Boston College,LG,IOL,label,,OFF,3,Amir Johnson,JR,True,True,12.0
Boston College,C,IOL,label,,OFF,3,DJ Williams,FR,False,True,13.0
Boston College,RG,IOL,label,,OFF,3,Marek Jin,FR,False,False,14.0
Boston College,RT,OT,label,,OFF,3,Bruno Werner,FR,False,False,15.0
Miami (OH),LG,IOL,label,,OFF,3,Devontae Armstrong,SO,False,True,7.0
Miami (OH),RB,RB,label,RB,OFF,3,Cade Yacamelli,SR,False,True,1.0
Georgia Tech,NT,DT,label,DT,DEF,3,Vincent Carroll-Jackson,JR,True,True,5.0
Georgia Tech,DT,DT,label,DT,DEF,3,Tim Griffin,FR,True,True,6.0
Georgia Tech,WLB,LB,label,LB,DEF,3,Braylon Outlaw,FR,False,False,5.0
Georgia Tech,MLB,LB,label,LB,DEF,3,Myles Forristall,JR,False,True,6.0
Georgia Tech,LCB,CB,label,CB,DEF,3,Jon Mitchell,SO,True,True,5.0
Georgia Tech,RCB,CB,label,CB,DEF,3,Elgin Sessions,SO,False,False,6.0
Miami,LCB,CB,label,CB,DEF,3,Chris Ewald Jr.,FR,False,True,5.0
Miami,RCB,CB,label,CB,DEF,3,Ja'Boree Antoine,SO,False,False,6.0
Miami,SS,SAF,label,SAF,DEF,3,Dylan Day,JR,False,False,7.0
Miami,NB,CB,default,,DEF,3,Camdin Portis,FR,False,False,8.0
Miami (OH),WR-X,WR,label,WR,OFF,3,Devin Hyatt,JR,False,True,6.0
Miami,LDE,EDGE,label,EDGE,DEF,3,Hayden Lowe,FR,False,True,5.0
Texas,C,IOL,label,,OFF,3,Nicolas Robertson,FR,False,False,13.0
Texas,LG,IOL,label,,OFF,3,Dylan Sikorski,SO,True,True,12.0
Texas,LT,OT,label,,OFF,3,John Turntine III,FR,False,False,11.0
Texas,RG,IOL,label,,OFF,3,Devin Coleman,FR,False,True,14.0
USC,LT,OT,label,,OFF,3,Aaron Dunn,FR,False,True,11.0
Miami,RDE,EDGE,label,EDGE,DEF,3,Booker Pickett Jr.,SO,False,True,6.0
Miami,DT,DT,label,DT,DEF,3,Samuel Coufal,JR,False,True,5.0
Miami,MLB,LB,label,LB,DEF,3,Kellen Wiley Jr.,FR,False,True,5.0
Hawai'i,WR-H,WR,label,WR,OFF,3,Koa Eldredge,JR,True,True,8.0
Hawai'i,WR-X,WR,label,WR,OFF,3,Robert Haynes IV,FR,False,False,9.0
Hawai'i,WR-Y,WR,label,,OFF,3,Kainoa Carvalho,FR,False,True,10.0
Texas,JACK,EDGE,bio,EDGE,DEF,3,Richard Wesley,FR,False,False,6.0
Texas,DT,DT,label,DT,DEF,3,Justus Terry,SO,False,False,6.0
Texas,RT,OT,label,,OFF,3,Jonte Newman,FR,True,True,15.0
Texas,TE-H,TE,label,TE,OFF,3,Will Randle,JR,False,True,6.0
Texas,TE-Y,TE,label,TE,OFF,3,Charlie Jilek,FR,False,False,5.0
Texas,QB,QB,label,QB,OFF,3,Dia Bell,FR,False,False,3.0
Texas,RB,RB,label,RB,OFF,3,Derrek Cooper,FR,False,False,3.0
Texas,WR-Z,WR,label,WR,OFF,3,Chris Stewart,FR,False,False,7.0
Miami,TE,TE,label,TE,OFF,3,Owen Ruskavich,JR,False,True,3.0
Miami,QB,QB,label,QB,OFF,3,Judd Anderson,SO,False,True,3.0
Miami,RB,RB,label,RB,OFF,3,Girard Pringle Jr.,SO,False,False,3.0
Alabama,WR-X,WR,label,WR,OFF,3,MJ Chirgwin,SR,False,True,7.0
Alabama,WR-Z,WR,label,WR,OFF,3,Maurice Mathis Jr.,FR,False,False,8.0
Alabama,WR-H,WR,label,WR,OFF,3,Aubrey Walker,FR,False,False,9.0
West Virginia,RB,RB,label,RB,OFF,3,Chris Talley,FR,False,False,3.0
West Virginia,DE,EDGE,label,EDGE,DEF,3,Wilnerson Telemaque,FR,False,True,3.0
West Virginia,NT,DT,label,DT,DEF,3,Will LeBlanc,SO,True,True,5.0
West Virginia,DT,DT,label,DT,DEF,3,Taylor Brown,FR,False,True,6.0
Memphis,NB,SAF,bio,SAF,DEF,3,Charlie Harrell,JR,False,True,7.0
Texas,SLB,LB,label,LB,DEF,3,Kosi Okpala,FR,False,False,9.0
Texas,LCB,CB,label,CB,DEF,3,Samari Matthews,FR,False,False,5.0
Boise State,STUD,EDGE,bio,EDGE,DEF,3,Gustaf Henriks Ras,FR,False,False,3.0
Boston College,WR-X,WR,label,WR,OFF,3,Bryce Dopson,JR,True,True,7.0
Boston College,WR-Z,WR,label,WR,OFF,3,Nedrick Boldin Jr.,FR,False,True,8.0
Boston College,WR-SL,WR,label,WR,OFF,3,Jackson Wade,JR,True,True,9.0
Texas,DE,EDGE,label,EDGE,DEF,3,Jamarion Carlton,FR,False,False,5.0
Hawai'i,LT,OT,label,,OFF,3,Uluaki Taukiuvea,FR,False,True,6.0
Hawai'i,RT,OT,label,,OFF,3,Vake Hehea,JR,True,False,13.0
Memphis,WLB,LB,label,LB,DEF,3,Wolf Walker,FR,False,True,5.0
Memphis,MLB,LB,label,LB,DEF,3,Christian Thatcher,FR,True,True,6.0
Arkansas,WLB,LB,label,LB,DEF,3,Jeremy Evans,SR,True,True,5.0
Arkansas,MLB,LB,label,LB,DEF,3,Ben Bogle,SR,True,True,6.0
UNLV,LDT,DT,label,,DEF,3,Poe Purcell,FR,False,False,5.0
UNLV,RDT,DT,label,DT,DEF,3,Mohamed Altayeb,SR,True,True,6.0
Texas,SS,SAF,label,SAF,DEF,3,Jonah Williams,SO,False,False,7.0
Texas,NT,DT,label,DT,DEF,3,Josiah Sharma,FR,False,True,5.0
Texas,MLB,LB,label,LB,DEF,3,Rocky Cummings,FR,False,False,8.0
Hawai'i,QB,QB,label,,OFF,3,Isaac Jaramilla-Phe,SR,True,False,3.0
Hawai'i,RB,RB,label,RB,OFF,3,Sitani Mikaele,SO,False,True,3.0
Hawai'i,LDE,EDGE,label,,DEF,3,Ha'aheo Dela Cruz,SO,False,True,5.0
Memphis,RB,RB,label,RB,OFF,3,Manny Covey,JR,True,True,3.0
Memphis,LDE,EDGE,label,EDGE,DEF,3,Justin Wallace,SR,True,True,5.0
Memphis,RDE,EDGE,label,EDGE,DEF,3,Stone Chaney,SO,True,True,6.0
Memphis,NT,DT,label,DT,DEF,3,KJ Miles,SR,True,True,5.0
Memphis,DT,DT,label,DT,DEF,3,Xavier Miles,SO,True,True,6.0
Memphis,LT,OT,label,,OFF,3,Richard Thigpen,FR,False,False,11.0
Memphis,TE,TE,label,TE,OFF,3,Aidan O'Callaghan,SO,True,True,3.0
Memphis,QB,QB,label,QB,OFF,3,Denzel Gardner,FR,True,True,3.0
Hawai'i,DT,DT,label,,DEF,3,Ozzy Pollard,SO,True,False,6.0
Hawai'i,NT,DT,label,,DEF,3,Tonga Paea,JR,True,False,5.0
Boise State,LCB,CB,label,CB,DEF,3,Franklyn Johnson Jr.,JR,False,True,5.0
Boise State,RCB,CB,label,,DEF,3,Trey Tolmaire,SO,False,True,6.0
Boise State,SS,SAF,label,SAF,DEF,3,Cole Miller,JR,False,True,7.0
Boise State,FS,SAF,label,SAF,DEF,3,Taebron Bennie-Powell,SO,True,True,8.0
Texas,RCB,CB,label,CB,DEF,3,Hayward Howard Jr.,FR,False,False,6.0
Texas,FS,SAF,label,SAF,DEF,3,Jonathan Cunningham,FR,False,True,8.0
Hawai'i,WLB,LB,label,,DEF,3,Julian Smith,JR,True,True,3.0
Hawai'i,LCB,CB,label,,DEF,3,Jaylon Edmond,SO,True,True,5.0
Massachusetts,SS,SAF,label,SAF,DEF,3,Michael Pangaro,SO,False,True,7.0
Memphis,WR-SL,WR,label,WR,OFF,3,Bryce Dorsey,SO,False,True,7.0
Houston,WR-X,WR,label,WR,OFF,3,Tyson Turner,SO,True,True,7.0
Massachusetts,NT,DT,label,DT,DEF,3,Aubrey Melvin,FR,True,True,5.0
Massachusetts,DT,DT,label,,DEF,3,Hollis Dirstine,GR,True,False,6.0
Massachusetts,WLB,LB,label,LB,DEF,3,Joshua Iseah,SR,True,False,5.0
Massachusetts,LCB,CB,label,CB,DEF,3,JC Clark,FR,False,True,5.0
Texas A&M,LG,IOL,label,,OFF,3,Isendre Ahfua,SO,False,True,11.0
Texas A&M,TE,TE,label,TE,OFF,3,Richie Anderson,JR,True,True,3.0
Texas A&M,QB,QB,label,QB,OFF,3,Helaman Casuga,FR,False,False,3.0
Texas A&M,RB,RB,label,RB,OFF,3,Tiger Riden Jr.,FR,False,True,3.0
Texas A&M,WR-X,WR,label,WR,OFF,3,Aaron Gregory,FR,False,False,7.0
Texas A&M,WR-Z,WR,label,WR,OFF,3,Madden Williams,FR,False,False,8.0
Texas A&M,WR-SL,WR,label,WR,OFF,3,Kelshaun Johnson,FR,False,True,9.0
Houston,TE,TE,label,TE,OFF,3,Kaleb Thomas,SO,False,True,3.0
Houston,QB,QB,label,QB,OFF,3,Luke Carney,FR,True,True,3.0
Houston,RB,RB,label,RB,OFF,3,DJ Butler,JR,False,False,3.0
Massachusetts,QB,QB,label,QB,OFF,3,Will Perry,SO,False,True,3.0
Massachusetts,RB,RB,label,RB,OFF,3,Elijah Faulkner,SO,False,False,3.0
Western Kentucky,WR-X,WR,label,WR,OFF,3,Nigel Johnson,SR,True,False,7.0
West Virginia,WLB,LB,label,LB,DEF,3,Cam Torbor,FR,False,True,5.0
UNLV,QB,QB,label,QB,OFF,3,Derek Garcia,FR,False,False,3.0
UNLV,RB,RB,label,RB,OFF,3,Darrien Jones,JR,False,True,3.0
UNLV,LDE,EDGE,label,,DEF,3,Prin Fox,FR,False,False,5.0
UNLV,RDE,EDGE,label,,DEF,3,Cole Albrecht,FR,False,False,6.0
Boise State,NT,DT,label,DT,DEF,3,Bethel Imasuen,FR,False,True,5.0
Boise State,DT,DT,label,DT,DEF,3,Andrew Rheubottom,SR,True,False,6.0
Boise State,WLB,LB,label,LB,DEF,3,Mana Tuioti,SO,False,False,5.0
Boise State,MLB,LB,label,LB,DEF,3,Samuel Brooks,SR,True,False,6.0
West Virginia,MLB,LB,label,LB,DEF,3,Isaiah Patterson,SO,True,True,6.0
West Virginia,LCB,CB,label,CB,DEF,3,Da'Mun Allen,JR,True,False,5.0
West Virginia,RCB,CB,label,CB,DEF,3,Rayshawn Reynolds Jr.,JR,True,True,6.0
Akron,NB,SAF,bio,SAF,DEF,3,Tairan Davis Jr.,SO,False,False,7.0
Massachusetts,LDE,EDGE,label,EDGE,DEF,3,Joshua Nobles,GR,True,False,5.0
Massachusetts,RDE,EDGE,label,EDGE,DEF,3,Romando Johnson,FR,False,True,6.0
Texas A&M,NB,CB,default,,DEF,3,Bravion Rogers,SR,False,False,8.0
Texas A&M,DE,EDGE,label,EDGE,DEF,3,Ryan Henderson,SR,True,True,5.0
Texas A&M,JACK,EDGE,default,,DEF,3,Bryce Perry-Wright,FR,False,False,6.0
Texas A&M,NT,DT,label,DT,DEF,3,Brandon Davis-Swain,SO,True,True,5.0
Texas A&M,DT,DT,label,DT,DEF,3,DJ Sanders,FR,False,True,6.0
Boise State,DE,EDGE,label,EDGE,DEF,3,Bol Bol,SO,False,False,3.0
UNLV,WLB,LB,label,LB,DEF,3,Mark Iheanachor,FR,True,True,5.0
UNLV,MLB,LB,label,LB,DEF,3,Justin Flowe,SR,True,True,6.0
Massachusetts,LT,OT,label,,OFF,3,Tanner Burlingame,SO,False,True,10.0
Massachusetts,RT,OT,label,,OFF,3,Garrett Cooper,FR,False,True,11.0
Massachusetts,TE,TE,label,TE,OFF,3,Jax Markovich,SO,False,False,3.0
Houston,DE,EDGE,label,EDGE,DEF,3,Darius Washington,SO,False,True,5.0
Houston,JACK,EDGE,bio,EDGE,DEF,3,Chance Bryant,SO,False,False,6.0
Houston,NT,DT,label,DT,DEF,3,Myles Parker,JR,True,False,5.0
Houston,WLB,LB,label,LB,DEF,3,Christian Brathwaite,JR,True,True,5.0
Houston,MLB,LB,label,LB,DEF,3,Richmond Ugochukwu,FR,False,True,6.0
Maryland,NB,CB,default,,DEF,3,Judah Jenkins,SO,False,True,7.0
Massachusetts,WR-X,WR,label,WR,OFF,3,Jabari Lewis,SO,True,False,7.0
Massachusetts,WR-SL,WR,label,WR,OFF,3,David Moore Jr.,FR,False,False,8.0
Maryland,LDT,DT,label,,DEF,3,Armon Parker,SR,True,True,5.0
Maryland,RDT,DT,label,DT,DEF,3,Jayvon Parker,SR,True,True,6.0
Maryland,WLB,LB,label,LB,DEF,3,Darius Grimes,JR,False,True,5.0
Maryland,MLB,LB,label,LB,DEF,3,Keyari James,SO,False,True,6.0
Boise State,RT,OT,label,,OFF,3,Alma Taleni,SO,True,True,11.0
Boise State,TE,TE,label,TE,OFF,3,Troy Grizzle,SO,False,True,3.0
Boise State,QB,QB,label,QB,OFF,3,Max Cutforth,JR,False,True,3.0
Boise State,RB,RB,label,RB,OFF,3,Juelz Goff,SO,True,True,3.0
Texas A&M,WLB,LB,label,LB,DEF,3,TJ Smith,JR,True,False,5.0
Texas A&M,FS,SAF,label,SAF,DEF,3,Tom Tom Johnson Jr.,FR,False,True,7.0
Houston,NB,SAF,bio,,DEF,3,Alvin Williamson Jr.,SO,True,True,7.0
Illinois,WR-SL,WR,label,WR,OFF,3,Eddie Kasper,SR,True,True,9.0
Illinois,WR-X,WR,label,WR,OFF,3,Kenyon Alston,FR,False,False,10.0
Maryland,QB,QB,label,QB,OFF,3,Jackson Hamilton,FR,False,True,3.0
Maryland,RB,RB,label,RB,OFF,3,Iverson Howard,SO,False,False,3.0
Maryland,WR-Z,WR,label,WR,OFF,3,Ejani Shakir,JR,True,False,8.0
Maryland,LT,OT,label,,OFF,3,Anthony Robsock,SO,False,True,11.0
Maryland,RG,IOL,label,,OFF,3,Logan Bennett,SO,False,True,12.0
Maryland,TE,TE,label,TE,OFF,3,AJ Szymanski,SR,False,False,3.0
Illinois,WR-Z,WR,label,WR,OFF,3,Nas Rankin,FR,False,False,8.0
Illinois,C,IOL,label,,OFF,3,Michael McDonough,FR,False,True,13.0
Illinois,LG,IOL,label,,OFF,3,Dylan Frechette,FR,False,True,12.0
Boise State,WR-Z,WR,label,WR,OFF,3,AJ Jones,FR,False,True,8.0
Boise State,WR-F,WR,label,WR,OFF,3,Terrious Favors,FR,False,False,9.0
Texas State,WR-Z,WR,label,WR,OFF,3,Davian Jackson,,False,False,7.0
Texas State,LT,OT,label,,OFF,3,Alan Grimme,JR,True,True,11.0
Illinois,LT,OT,label,,OFF,3,Alfred Washington,JR,True,True,11.0
Marshall,SS,SAF,label,SAF,DEF,3,Dawson Hill,FR,False,False,7.0
Akron,LCB,CB,label,CB,DEF,3,Caiden Newsome,JR,True,False,5.0
Texas State,MLB,LB,label,LB,DEF,3,Jordan Sample,JR,True,True,6.0
Texas State,RG,IOL,label,,OFF,3,Aidin Rhodes,JR,False,True,12.0
Texas State,RT,OT,label,,OFF,3,Amari Smith,JR,True,True,13.0
Texas State,TE,TE,label,TE,OFF,3,Jake Simpson,JR,False,True,3.0
Texas State,RB,RB,label,RB,OFF,3,Jaylen Jenkins,SR,True,True,3.0
Texas State,LDE,EDGE,label,,DEF,3,Mekhi Buchanan,JR,True,True,5.0
Texas State,RDE,EDGE,label,EDGE,DEF,3,Jason Patterson,SR,True,False,6.0
Boise State,WR-X,WR,label,WR,OFF,3,Qumonte Williams Jr.,SO,False,False,7.0
West Virginia,SS,SAF,label,SAF,DEF,3,Da'Mare Williams,SO,True,True,7.0
West Virginia,NB,CB,default,,DEF,3,Maliek Hawkins,FR,True,True,8.0
West Virginia,BANDIT,EDGE,bio,LB,DEF,3,Jeremiah Johnson,JR,True,True,3.0
Maryland,WR-X,WR,label,WR,OFF,3,Sean Williams,JR,False,True,7.0
Marshall,NT,DT,label,DT,DEF,3,Terry Nwabuisi-Ezeala,FR,True,True,5.0
Marshall,DT,DT,label,,DEF,3,Simeon John,JR,True,True,6.0
Marshall,WLB,LB,label,LB,DEF,3,Ryan Ayers,SR,True,True,5.0
Marshall,MLB,LB,label,LB,DEF,3,EahJay McAdams,FR,False,True,6.0
Illinois,RG,IOL,label,,OFF,3,Griffin Rousseau,FR,False,True,14.0
Illinois,RT,OT,label,,OFF,3,Zafir Stewart,SO,False,True,15.0
Illinois,TE,TE,label,TE,OFF,3,Davin Stoffel,JR,True,True,3.0
Illinois,QB,QB,label,QB,OFF,3,Michael Clayton II,FR,False,False,3.0
Illinois,RB,RB,label,RB,OFF,3,Jordan Anderson,SR,False,True,3.0
Marshall,TE,TE,label,TE,OFF,3,Shawn Rouse,JR,False,True,3.0
Marshall,QB,QB,label,QB,OFF,3,Khalil Wilkins,SO,True,True,3.0
Baylor,WLB,LB,label,LB,DEF,3,Anthony Crenshaw Jr.,JR,True,True,5.0
Baylor,LCB,CB,label,CB,DEF,3,Reggie Bush II,SR,False,True,5.0
Baylor,SS,SAF,label,SAF,DEF,3,Austin Ausberry,SR,True,True,7.0
Baylor,FS,SAF,label,SAF,DEF,3,Micah Gifford,SR,False,False,8.0
Texas State,LDT,DT,label,,DEF,3,J.P. Deeter,SR,True,True,5.0
Texas State,WLB,LB,label,LB,DEF,3,Tice Williams,SO,False,True,5.0
Marshall,RB,RB,label,RB,OFF,3,Anthony Quinn Jr.,FR,False,True,3.0
Marshall,DE,EDGE,label,,DEF,3,Mickel Williams,SR,True,True,5.0
Marshall,EDGE,EDGE,label,LB,DEF,3,Jaasai Simmons,FR,False,True,6.0
Marshall,WR-X,WR,label,WR,OFF,3,Nico Wiedmann,SO,False,True,7.0
Marshall,WR-SL,WR,label,WR,OFF,3,Tony Martin,JR,True,True,8.0
Marshall,C,IOL,label,,OFF,3,Andrew Dudley,FR,False,True,11.0
Texas Tech,WR-X,WR,label,WR,OFF,3,Leyton Stone,SO,False,False,7.0
Texas Tech,WR-Z,WR,label,WR,OFF,3,Bryson Jones,SO,False,False,8.0
Texas Tech,WR-SL,WR,label,WR,OFF,3,Tristian Gentry,SO,False,False,9.0
Texas State,LCB,CB,label,CB,DEF,3,Trez Moore,SR,True,True,5.0
Texas State,RCB,CB,label,CB,DEF,3,Cordarian Powell,FR,False,True,6.0
Texas State,FS,SAF,label,WR,DEF,3,Davian Jackson,,False,False,7.0
Texas State,NB,CB,default,,DEF,3,Greg Gipson Jr.,FR,False,True,8.0
Marshall,RG,IOL,label,,OFF,3,Isaac Clary,JR,False,True,12.0
Illinois,DE,EDGE,label,EDGE,DEF,3,Parker Crim,FR,False,False,7.0
Illinois,JACK,EDGE,default,LB,DEF,3,Will Holmes,JR,True,False,5.0
Illinois,DT,DT,label,DT,DEF,3,Connor Sullivan,FR,True,True,6.0
Illinois,NT,DT,label,DT,DEF,3,Isaiah White,FR,False,True,5.0
LSU,RCB,CB,label,CB,DEF,3,Dez Ellis,FR,False,False,6.0
LSU,SS,SAF,label,SAF,DEF,3,Aiden Hall,FR,False,False,8.0
Western Kentucky,LDE,EDGE,label,EDGE,DEF,3,Darius Hampton,SR,True,True,5.0
Western Kentucky,WR-SL,WR,label,WR,OFF,3,Jeremiah Carroll,SR,True,False,8.0
UNLV,LT,OT,label,,OFF,3,Ed Haynes,JR,False,True,11.0
UNLV,LG,IOL,label,,OFF,3,Eli Sanchez,FR,False,False,12.0
UNLV,RG,IOL,label,,OFF,3,Chrysanthos Fetokakis,FR,False,True,13.0
UNLV,RT,OT,label,,OFF,3,Malik White,FR,False,False,14.0
UNLV,TE,TE,label,TE,OFF,3,Jae Beasley II,JR,False,False,3.0
Arkansas,LCB,CB,label,CB,DEF,3,Brandon Ford,FR,False,False,5.0
Arkansas,RCB,CB,label,CB,DEF,3,Braydon Lee,SO,True,True,6.0
Texas Tech,TE,TE,label,TE,OFF,3,Jason Llewellyn,SR,True,True,3.0
Texas Tech,QB,QB,label,QB,OFF,3,Kirk Francis,JR,True,True,3.0
Western Kentucky,LT,OT,label,,OFF,3,Tai Ray,JR,True,True,11.0
Western Kentucky,TE,TE,label,TE,OFF,3,Griffin Reimer,SO,True,True,3.0
Akron,MLB,LB,label,LB,DEF,3,Donelius Johnson,SR,False,True,5.0
LSU,STAR,SAF,bio,,DEF,3,Emari Peterson,FR,False,False,7.0
LSU,RDT,DT,label,,DEF,3,Richard Anderson,FR,False,False,6.0
Baylor,DE,EDGE,label,EDGE,DEF,3,Trent Thomas,JR,False,True,5.0
Baylor,JACK,EDGE,default,,DEF,3,Kyler Jordan,SR,False,True,6.0
Texas Tech,LT,OT,label,,OFF,3,Elias Gillen,FR,False,True,11.0
Texas Tech,LG,IOL,label,,OFF,3,Connor Carty,FR,False,True,12.0
Texas Tech,C,IOL,label,,OFF,3,Patrick McMath,FR,False,True,13.0
Texas Tech,RG,IOL,label,,OFF,3,Daniel Sill,JR,False,True,14.0
Texas Tech,RT,OT,label,OT,OFF,3,Bryce Gilmore,FR,False,False,15.0
LSU,MLB,LB,label,LB,DEF,3,Zach Weeks,FR,False,True,6.0
LSU,WLB,LB,label,LB,DEF,3,Charles Ross II,SO,False,False,5.0
LSU,LCB,CB,label,CB,DEF,3,Havon Finney Jr.,FR,False,False,5.0
LSU,RB,RB,label,RB,OFF,3,Caden Durham,JR,False,False,3.0
LSU,LDE,EDGE,label,EDGE,DEF,3,Jaylen Brown,SO,True,True,5.0
LSU,RDE,EDGE,label,EDGE,DEF,3,Damien Shanklin,FR,False,True,6.0
LSU,LDT,DT,label,DT,DEF,3,Shone Washington,SR,True,True,5.0
Illinois,MLB,LB,label,LB,DEF,3,Jack Paris,FR,False,True,6.0
Akron,RB,RB,label,RB,OFF,3,Marquese Williams,JR,True,True,3.0
Western Kentucky,QB,QB,label,QB,OFF,3,Caleb McMickle,JR,True,True,3.0
Western Kentucky,RB,RB,label,RB,OFF,3,Jaden McGill,SR,True,True,3.0
Illinois,WLB,LB,label,LB,DEF,3,Cameron Thomas,FR,False,False,5.0
Illinois,LCB,CB,label,CB,DEF,3,RJ Jones III,FR,False,True,5.0
Baylor,QB,QB,label,QB,OFF,3,Edward Griffin,FR,False,True,3.0
Baylor,RB,RB,label,RB,OFF,3,Michael Turner,SO,False,False,3.0
Texas Tech,RB,RB,label,RB,OFF,3,Quinten Joyner,JR,True,True,3.0
Texas Tech,LDE,EDGE,label,EDGE,DEF,3,Charles Anderson Jr.,SO,False,True,5.0
Texas Tech,NT,DT,label,DT,DEF,3,Keyshawn Williams,SO,False,True,5.0
Texas Tech,DT,DT,label,DT,DEF,3,Jojo Johnson,JR,True,True,6.0
Illinois,RCB,CB,label,CB,DEF,3,Almirian Thomas,FR,False,False,8.0
LSU,RG,IOL,label,,OFF,3,Solomon Thomas,FR,False,True,14.0
LSU,RT,OT,label,,OFF,3,Brysten Martinez,FR,False,False,15.0
LSU,TE,TE,label,TE,OFF,3,Malachi Thomas,JR,True,False,3.0
LSU,QB,QB,label,QB,OFF,3,Landen Clark,SO,True,True,3.0
LSU,WR-Z,WR,label,WR,OFF,3,Phillip Wright III,FR,False,True,8.0
LSU,C,IOL,label,,OFF,3,Braden Augustus,JR,False,True,13.0
LSU,LG,IOL,label,,OFF,3,Brett Bordelon,FR,False,True,12.0
Toledo,WR-SL,WR,label,WR,OFF,3,Cooper Rusk,SR,False,True,9.0
Texas Tech,WLB,LB,label,LB,DEF,3,Wesley Smith,SR,False,True,5.0
Texas Tech,MLB,LB,label,LB,DEF,3,Adam Hill,SO,False,True,6.0
Texas Tech,LCB,CB,label,CB,DEF,3,Tarrion Grant,SO,True,True,5.0
Texas Tech,STAR,LB,bio,LB,DEF,3,Miquel Dingle Jr.,JR,False,True,7.0
LSU,LT,OT,label,,OFF,3,JaKolby Jones,JR,True,False,11.0
Louisville,STAR,SAF,bio,,DEF,3,Benjamin Perry,SR,True,True,7.0
Louisville,SS,SAF,label,SAF,DEF,3,Jordan Vann,FR,False,False,8.0
LSU,WR-SL,WR,label,WR,OFF,3,Corey Barber Jr.,FR,False,False,9.0
LSU,WR-X,WR,label,WR,OFF,3,Roman Mothershed,JR,True,True,7.0
Illinois,NB,CB,default,,DEF,3,Andre Lovett Jr.,FR,False,True,8.0
Illinois,SS,SAF,label,SAF,DEF,3,Jacob Eberhart,FR,False,False,7.0
Indiana,WR-X,WR,label,WR,OFF,3,Myles Kendrick,FR,False,True,7.0
Louisville,NT,DT,label,DT,DEF,3,Keon Webb,SO,True,True,5.0
Louisville,DT,DT,label,DT,DEF,3,Dillon Smith,FR,False,True,6.0
Louisville,WLB,LB,label,LB,DEF,3,Jacob Smith,SO,True,True,5.0
Louisville,MLB,LB,label,LB,DEF,3,Caleb Matelau,FR,False,True,6.0
Louisville,LCB,CB,label,,DEF,3,Antonio Harris,FR,False,True,5.0
Louisville,RCB,CB,label,CB,DEF,3,Santana Wilson,SO,True,True,6.0
Louisville,QB,QB,label,QB,OFF,3,Briggs Cherry,FR,False,False,3.0
Toledo,TE,TE,label,TE,OFF,3,Ethan Malafa,SR,True,True,3.0
Toledo,QB,QB,label,QB,OFF,3,Walter Moses,FR,False,True,3.0
Ball State,SS,SAF,label,SAF,DEF,3,Cole Earlewine,JR,False,True,7.0
Baylor,WR-X,WR,label,WR,OFF,3,London Smith,FR,False,False,7.0
Toledo,WR-X,WR,label,WR,OFF,3,Tashi Braceful,SO,False,True,7.0
Toledo,WR-Z,WR,label,WR,OFF,3,Thomas Zsiros,SR,False,True,8.0
Louisville,RB,RB,label,RB,OFF,3,Marquise Davis,FR,True,True,3.0
Louisville,DE,EDGE,label,EDGE,DEF,3,Micah Carter,JR,False,True,5.0
Louisville,LEO,EDGE,bio,EDGE,DEF,3,Maurice Davis,SO,False,True,6.0
Akron,LG,IOL,label,,OFF,3,Nick Stopiak,SR,False,True,11.0
Akron,C,IOL,label,,OFF,3,Max Mobley,JR,False,True,12.0
Akron,RG,IOL,label,,OFF,3,Alex Fox,SR,True,True,13.0
Akron,TE,TE,label,TE,OFF,3,Wyatt Hook,SO,True,True,3.0
Arkansas,SS,SAF,label,SAF,DEF,3,Nsongbeh Ginyui,SO,True,False,7.0
Arkansas,FS,SAF,label,SAF,DEF,3,Tay Lockett,FR,False,False,8.0
Arkansas,NB,LB,bio,,DEF,3,Tyler Scott,JR,True,True,9.0
UNLV,WR-X,WR,label,WR,OFF,3,Tavian McNair,FR,False,True,7.0
UNLV,WR-Z,WR,label,WR,OFF,3,Cassidee Miles,FR,False,True,8.0
Toledo,LG,IOL,label,,OFF,3,Christian Medlock,JR,True,True,11.0
Toledo,RG,IOL,label,,OFF,3,Jacob Kropchak,SO,False,True,12.0
Western Kentucky,NT,DT,label,DT,DEF,3,Eric Etienne,SO,True,True,5.0
Western Kentucky,WLB,LB,label,LB,DEF,3,Zsacari Minnis,SO,False,True,5.0
Western Kentucky,MLB,LB,label,LB,DEF,3,LaTrevion Thompson,SR,True,True,6.0
Akron,QB,QB,label,QB,OFF,3,Cibastian Broughton,FR,False,True,3.0
Indiana,LT,OT,label,,OFF,3,Kenton Mondeau,FR,False,False,11.0
Louisville,LG,IOL,label,,OFF,3,Tyler Folmar,FR,False,True,11.0
Louisville,C,IOL,label,,OFF,3,Sam Secrest,SR,True,True,12.0
Louisville,TE,TE,label,TE,OFF,3,Jaleel Skinner,SR,True,True,3.0
Louisiana Tech,SS,SAF,label,SAF,DEF,3,Ty Jones,SR,True,False,6.0
Louisville,WR-Z,WR,label,WR,OFF,3,Rhys Dorsey,FR,False,False,7.0
Indiana,TE,TE,label,TE,OFF,3,Blake Thiry,FR,False,True,3.0
Toledo,WLB,LB,label,LB,DEF,3,Damon Ollison II,SR,False,True,5.0
Toledo,MLB,LB,label,LB,DEF,3,Isaac Zay,SO,False,True,6.0
Toledo,RB,RB,label,RB,OFF,3,Connor Walendzak,SR,False,False,3.0
Toledo,LDE,EDGE,label,EDGE,DEF,3,Brian Stovall Jr.,FR,False,False,5.0
Toledo,RDE,EDGE,label,EDGE,DEF,3,Tommy Huss,JR,False,True,6.0
Toledo,LDT,DT,label,DT,DEF,3,Jordin Farrow,FR,False,True,5.0
Indiana,QB,QB,label,QB,OFF,3,Tyler Cherry,FR,False,True,3.0
Indiana,RB,RB,label,RB,OFF,3,Lee Beebe Jr.,SR,True,True,3.0
Indiana,DE,EDGE,label,EDGE,DEF,3,Tyrone Burrus Jr.,FR,False,True,3.0
Louisiana Tech,RDE,EDGE,label,EDGE,DEF,3,Lane Condry,SO,True,True,5.0
Western Michigan,RB,RB,label,RB,OFF,3,AJ Green Jr.,GR,True,False,3.0
Louisiana Tech,TE,TE,label,TE,OFF,3,Luke Seib,SR,True,True,3.0
Arkansas State,WR-X,WR,label,WR,OFF,3,Dallas Boozer,FR,False,False,7.0
Arkansas State,WR-Z,WR,label,WR,OFF,3,Deshaun Fedd,FR,False,False,8.0
Arkansas State,WR-SL,WR,label,WR,OFF,3,Kena Rego,FR,False,False,9.0
Ball State,WLB,LB,label,LB,DEF,3,Lucas Szymborski,FR,False,True,5.0
Toledo,RDT,DT,label,DT,DEF,3,Cam Gwinn,FR,False,True,6.0
Louisiana Tech,QB,QB,label,QB,OFF,3,Mason Welch,JR,True,True,3.0
Louisiana Tech,RB,RB,label,RB,OFF,3,Kenny Thomas,FR,False,False,3.0
Indiana,DT,DT,label,DT,DEF,3,Kyler Garcia,FR,False,True,6.0
Indiana,NT,DT,label,,DEF,3,Cam McHaney,FR,False,False,5.0
Indiana,MLB,LB,label,LB,DEF,3,PJ Nelson,FR,False,True,6.0
Louisiana Tech,WR-X,WR,label,WR,OFF,3,Dane Benedix,SR,True,False,7.0
Louisiana Tech,WR-H,WR,label,WR,OFF,3,David Pierro,SR,True,False,8.0
Louisiana,LCB,CB,label,CB,DEF,3,Braylon Walker,FR,False,False,5.0
Louisiana,SS,SAF,label,SAF,DEF,3,Roderick Bingham,FR,False,False,6.0
Indiana,WLB,LB,label,LB,DEF,3,Jacob Savage,FR,False,False,5.0
Indiana,LCB,CB,label,CB,DEF,3,Carson Williams,SO,True,True,5.0
Indiana,FS,SAF,label,SAF,DEF,3,Jamar Owens,FR,False,False,8.0
Toledo,LCB,CB,label,CB,DEF,3,Tyrell Russell,FR,False,True,5.0
Toledo,RCB,CB,label,CB,DEF,3,Hyajah Miller,SO,False,True,6.0
Toledo,SS,SAF,label,SAF,DEF,3,Tyler Hackenbracht,FR,False,True,7.0
Troy,WR-X,WR,label,WR,OFF,3,Kristian Tate,JR,True,True,4.0
Troy,WR-Z,WR,label,WR,OFF,3,TK Keyes,SO,True,True,5.0
Ball State,DT,DT,label,DT,DEF,3,Spencer Vaka,JR,True,True,6.0
UNLV,WR-SL,WR,label,WR,OFF,3,Peyton Zachary,FR,False,False,9.0
UL Monroe,QB,QB,label,QB,OFF,3,Austin Carlisle,SO,False,False,3.0
Louisiana,DE,EDGE,label,EDGE,DEF,3,Tito Chikere,SR,True,True,1.0
Louisiana,JACK,EDGE,default,,DEF,3,Lester Jones,JR,False,True,6.0
Louisiana,DT,DT,label,,DEF,3,Maxie Baudoin IV,SR,True,True,2.0
Louisiana,NT,DT,label,,DEF,3,Brodrick Stewart,JR,True,True,3.0
Air Force,SPUR,CB,default,,DEF,3,Ethan Stannard,SO,False,False,3.0
Akron,WR-X,WR,label,WR,OFF,3,Brandon Hills,JR,True,True,7.0
Akron,WR-Z,WR,label,WR,OFF,3,Luke Sivon,FR,False,True,8.0
Akron,WR-SL,WR,label,WR,OFF,3,Gentz Hilburn,SO,True,False,9.0
Troy,WLB,LB,label,LB,DEF,3,Keno Jones,SR,True,False,3.0
Troy,QB,QB,label,QB,OFF,3,Rodge Waldrop,SO,True,True,3.0
Ball State,DE,EDGE,label,EDGE,DEF,3,Ben Marsh,JR,False,True,5.0
Ball State,RUSH,EDGE,bio,,DEF,3,Justin Thomas,SR,True,True,6.0
Ball State,NT,DT,label,DT,DEF,3,Keilan Smith,JR,True,True,5.0
Western Michigan,C,IOL,label,,OFF,3,Jake Chellman,SO,False,True,11.0
Western Michigan,TE,TE,label,TE,OFF,3,Enese Tonga,SO,True,False,3.0
Western Michigan,QB,QB,label,QB,OFF,3,Mason Reynolds,SO,False,True,3.0
Louisiana,MLB,LB,label,LB,DEF,3,Patrick Gosslee,FR,False,False,5.0
Louisiana,RT,OT,label,,OFF,3,J'Marion Gooch,JR,True,True,10.0
Louisiana,TE,TE,label,TE,OFF,3,Teddy Gawlik,SO,False,True,3.0
Louisiana,QB,QB,label,QB,OFF,3,Coleman Carter,FR,False,True,3.0
Louisiana,RB,RB,label,RB,OFF,3,JJ Garner,FR,False,True,3.0
Indiana,SS,SAF,label,SAF,DEF,3,Anthony Chung,JR,False,True,7.0
Indiana,STUD,EDGE,default,,DEF,3,Stephen Daley,SR,False,False,
Iowa,WR-Z,WR,label,WR,OFF,3,Lance Beeghley,,False,False,7.0
Louisiana,WR-Z,WR,label,WR,OFF,3,Landon Baptiste,JR,False,True,8.0
Louisiana,LT,OT,label,,OFF,3,Zay Alexander,JR,True,True,6.0
Troy,LCB,CB,label,CB,DEF,3,Jordan Turner,JR,True,False,1.0
Troy,FS,SAF,label,SAF,DEF,3,Marcus Goree Jr.,SO,True,True,2.0
Troy,SPEAR,SAF,bio,,DEF,3,DayDay Nelson,SR,True,True,3.0
Troy,RB,RB,label,RB,OFF,3,Gavin Griffin,JR,True,False,2.0
Troy,DT,DT,label,EDGE,DEF,3,Will Norman,SR,True,True,4.0
Liberty,SS,SAF,label,SAF,DEF,3,Ronald Moore Jr.,SO,False,True,7.0
Liberty,FS,SAF,label,SAF,DEF,3,Jayden Whaley,SO,True,True,8.0
Liberty,NB,CB,bio,,DEF,3,Tyrell Gainey,JR,True,True,9.0
Liberty,JOKER,EDGE,default,,DEF,3,Lorenzo Payne,JR,True,False,3.0
Louisiana,WR-H,WR,label,WR,OFF,3,Russell Babineaux,FR,False,True,9.0
Louisiana,WR-X,WR,label,WR,OFF,3,Kristion Brooks,FR,False,False,7.0
Liberty,DT,DT,label,DT,DEF,3,Henry Hicks,JR,True,False,6.0
Liberty,WLB,LB,label,LB,DEF,3,Kyle Ferm,SO,True,True,5.0
Arkansas State,C,IOL,label,,OFF,3,Gabe Fortson,JR,True,True,13.0
Arkansas State,TE,TE,label,TE,OFF,3,Jabari Bush,SO,False,True,3.0
Arkansas State,QB,QB,label,QB,OFF,3,Drew Dickey,SR,True,True,3.0
UConn,SS,SAF,label,SAF,DEF,3,Saxton Suchanic,FR,False,True,7.0
Ball State,LT,OT,label,,OFF,3,Ryan Eldridge,FR,False,True,10.0
Ball State,TE,TE,label,TE,OFF,3,Alex Scherle,SR,True,True,3.0
Ball State,QB,QB,label,QB,OFF,3,Khalel Wright,FR,False,True,3.0
Ball State,RB,RB,label,RB,OFF,3,Johnny Thompson Jr.,JR,True,True,3.0
Liberty,MLB,LB,label,LB,DEF,3,Dillano Glaud,SO,False,True,6.0
Liberty,LCB,CB,label,CB,DEF,3,Jamal Miles,JR,False,True,5.0
Liberty,RCB,CB,label,CB,DEF,3,Myke Gunn,FR,False,True,6.0
Iowa,TE,TE,label,TE,OFF,3,Zach Ortwerth,SR,False,False,3.0
Iowa,QB,QB,label,QB,OFF,3,Jimmy Sullivan,FR,False,True,3.0
Liberty,RB-A,RB,label,RB,OFF,3,Justin Marshall,JR,True,True,5.0
Liberty,RB-B,RB,label,RB,OFF,3,Terron Kellman,SR,True,True,6.0
Liberty,DE,EDGE,label,EDGE,DEF,3,Michael Floyde,SO,True,True,3.0
Liberty,NT,DT,label,DT,DEF,3,Kam Cullins,SO,False,False,5.0
Iowa,RB,RB,label,RB,OFF,3,Xavier Williams,SO,False,True,3.0
Western Michigan,SS,SAF,label,SAF,DEF,3,Kouri Crump,GR,True,False,7.0
Western Michigan,LDE,EDGE,label,EDGE,DEF,3,Noah Bishop,SO,False,True,5.0
Tulane,QB,QB,label,QB,OFF,3,Dagan Bruno,SO,False,True,3.0
Tulane,RB,RB,label,RB,OFF,3,Maurice Turner,SR,True,True,3.0
Tulane,WR-Z,WR,label,WR,OFF,3,Kellen Tasby,SO,False,True,7.0
Tulane,WR-H,WR,label,WR,OFF,3,Oliver Mitchell Jr.,SO,False,False,8.0
Arkansas State,LT,OT,label,,OFF,3,Cameron Ambrose,SR,False,True,11.0
Arkansas State,LG,IOL,label,,OFF,3,Cade Channell,FR,False,True,12.0
Western Michigan,LDT,DT,label,DT,DEF,3,Jori Benson,GR,True,False,5.0
Western Michigan,WLB,LB,label,LB,DEF,3,Jermar McCarter,JR,True,True,5.0
Western Michigan,MLB,LB,label,LB,DEF,3,Justyce Betts,SO,True,True,6.0
Air Force,SS,SAF,label,,DEF,3,Nick Beckwith,JR,False,False,5.0
Iowa,LDE,EDGE,label,EDGE,DEF,3,Lance Ingold,SO,True,True,5.0
Iowa,LDT,DT,label,LB,DEF,3,Luke Gaffney,SR,False,True,5.0
Iowa,RDT,DT,label,DT,DEF,3,Devan Kennedy,SO,False,True,6.0
Tulane,WLB,LB,label,LB,DEF,3,Jean Claude Joseph III,JR,False,True,5.0
Tulane,MLB,LB,label,LB,DEF,3,Chan Lumpkin,FR,False,False,6.0
Ball State,WR-X,WR,label,WR,OFF,3,DJ Young,JR,True,False,7.0
Ball State,WR-Z,WR,label,WR,OFF,3,Jamarion McDougle,JR,True,True,8.0
Ball State,WR-SL,WR,label,WR,OFF,3,Derion Talbert,FR,False,True,9.0
Tulane,LT,OT,label,,OFF,3,Juelz Baptiste,FR,False,True,11.0
Tulane,TE,TE,label,TE,OFF,3,Dawson Johnson,SO,True,True,3.0
Liberty,LT,OT,label,,OFF,3,Kevin Evehe,SO,True,False,10.0
Liberty,RT,OT,label,,OFF,3,Erwil Anthony Jr.,SR,True,True,11.0
Liberty,TE,TE,label,TE,OFF,3,Zeke Wimbush,JR,True,True,3.0
Liberty,QB,QB,label,QB,OFF,3,Ethan Vasko,SR,True,True,3.0
Kentucky,SS,SAF,label,SAF,DEF,3,Andrew Purcell,FR,False,True,7.0
Kentucky,FS,SAF,label,SAF,DEF,3,Dyllon Williams,FR,False,True,8.0
Tulane,LCB,CB,label,CB,DEF,3,LJ Green,JR,True,True,5.0
Tulane,RCB,CB,label,CB,DEF,3,Anthony Rogers,SO,True,True,6.0
Tulane,SS,SAF,label,SAF,DEF,3,Carson Klein,SO,False,True,5.0
Tulane,FS,SAF,label,SAF,DEF,3,Chase Green,SO,False,True,6.0
Tulane,BANDIT,EDGE,default,LB,DEF,3,Warren Roberts Jr.,FR,False,True,3.0
Tulane,DE,EDGE,label,EDGE,DEF,3,Josh Lewis,FR,False,True,3.0
Tulane,NT,DT,label,DT,DEF,3,PaLanding Drammeh,FR,False,True,5.0
Liberty,WR-X,WR,label,WR,OFF,3,Nasir Newkirk,FR,False,True,7.0
Liberty,WR-Z,WR,label,WR,OFF,3,Bryce Randolph,FR,False,True,8.0
Liberty,WR-SL,WR,label,WR,OFF,3,Eric Smith,SO,False,True,9.0
Iowa,RCB,CB,label,CB,DEF,3,Alex Mota,JR,False,True,5.0
Iowa,FS,SAF,label,SAF,DEF,3,Cody Haddad,FR,True,True,5.0
Kentucky,WLB,LB,label,LB,DEF,3,Quintavion Norman,SO,False,True,5.0
Kentucky,MLB,LB,label,LB,DEF,3,Devin Smith,SO,False,True,6.0
Kentucky,LCB,CB,label,CB,DEF,3,Demarcus Gardner,FR,False,True,5.0
Kentucky,RCB,CB,label,CB,DEF,3,Kevis Thomas,SR,True,False,6.0
Iowa State,WR-X,WR,label,WR,OFF,3,Trevor Fortenberry,JR,True,True,7.0
Iowa State,WR-Z,WR,label,WR,OFF,3,Malcolm Watkins,FR,False,False,8.0
Kentucky,RB,RB,label,RB,OFF,3,Jason Patterson,SO,False,True,3.0
UConn,WLB,LB,label,LB,DEF,3,Rickey Williams,SO,True,True,5.0
UConn,MLB,LB,label,LB,DEF,3,Ethan Hogg,SO,False,True,6.0
UConn,RCB,CB,label,CB,DEF,3,Martece Smith,FR,False,False,5.0
Auburn,SS,SAF,label,SAF,DEF,3,Shadrick Toodle Jr.,JR,True,False,7.0
Auburn,FS,SAF,label,SAF,DEF,3,Wayne Henry,FR,False,False,8.0
Auburn,NB,CB,default,,DEF,3,Fred Gaskin III,JR,True,False,9.0
Auburn,BUCK,EDGE,default,,DEF,3,J.J. Faulk,FR,False,True,3.0
Kentucky,DE,EDGE,label,EDGE,DEF,3,Tyler Thomas,JR,True,True,5.0
Kentucky,JACK,EDGE,default,,DEF,3,Cedric Works,SO,False,False,6.0
Kentucky,NT,DT,label,DT,DEF,3,Dominic Wiseman,SR,True,True,5.0
Kentucky,DT,DT,label,DT,DEF,3,Jaden Williams,SR,True,True,6.0
Kentucky,LT,OT,label,,OFF,3,Jermiel Atkins,FR,False,True,11.0
Kentucky,LG,IOL,label,,OFF,3,Jordan Knox,JR,True,True,12.0
Kentucky,RT,OT,label,,OFF,3,Cameron Jones,JR,True,True,13.0
Kentucky,TE,TE,label,TE,OFF,3,Mikkel Skinner,FR,False,True,3.0
Tulsa,QB,QB,label,QB,OFF,3,Andrew Alford,FR,False,True,3.0
Tulsa,RB,RB,label,RB,OFF,3,DJ McKinney,JR,True,True,3.0
Tulsa,WR-X,WR,label,WR,OFF,3,Micah Tease,JR,True,True,7.0
Tulsa,WR-SL,WR,label,WR,OFF,3,Javon Ross,JR,True,False,8.0
UConn,FS,SAF,label,,DEF,3,Axavier Bridges-Brooks,FR,False,True,8.0
Kentucky,QB,QB,label,QB,OFF,3,Matt Ponatoski,FR,False,False,3.0
Kentucky,WR-X,WR,label,WR,OFF,3,Xavier Daisy,JR,True,False,7.0
Kentucky,WR-Z,WR,label,WR,OFF,3,Kenny Darby,FR,False,False,8.0
Kentucky,WR-F,WR,label,WR,OFF,3,Prince Jean,FR,False,False,9.0
Iowa State,LT,OT,label,,OFF,3,Gabriel Greenlee,SR,False,True,11.0
Iowa State,RG,IOL,label,,OFF,3,Trevor Bindel,FR,True,True,12.0
Iowa State,RT,OT,label,,OFF,3,Gavin Proudfoot,SR,True,True,13.0
Air Force,LCB,CB,label,CB,DEF,3,RJ Reedus,SO,False,False,5.0
Air Force,RCB,CB,label,CB,DEF,3,Jordan Elie-Stuart,SO,False,False,6.0
Air Force,FS,SAF,label,,DEF,3,Joseph Kramlich,SO,False,False,6.0
Western Michigan,LCB,CB,label,CB,DEF,3,Jordon Thomas,SR,True,True,5.0
Iowa State,TE,TE,label,TE,OFF,3,Keaton Roskop,SO,False,True,3.0
Iowa State,QB,QB,label,QB,OFF,3,Connor Moberly,SO,False,True,3.0
Kent State,WLB,LB,label,LB,DEF,3,Quan Rhodes-McKee,SO,True,True,7.0
Tulsa,DT,DT,label,DT,DEF,3,Dailen Howard,SR,True,False,5.0
Tulsa,WLB,LB,label,LB,DEF,3,Dax Collins,JR,False,False,5.0
Auburn,LCB,CB,label,CB,DEF,3,Shamar Arnoux,SO,True,False,5.0
Auburn,RCB,CB,label,CB,DEF,3,Kamari Todd,SO,True,False,6.0
Tulsa,LT,OT,label,,OFF,3,Jack Hood,SO,True,True,11.0
Tulsa,LG,IOL,label,,OFF,3,Josh Love,SO,False,True,12.0
Tulsa,RG,IOL,label,,OFF,3,Evan McClure,SO,True,True,13.0
Kent State,LCB,CB,label,CB,DEF,3,Lionel Burns III,FR,True,True,5.0
Kent State,FS,SAF,label,SAF,DEF,3,Martell Buchanan,SO,False,True,6.0
Kent State,RDE,EDGE,label,EDGE,DEF,3,Bryce Griffin,FR,False,True,5.0
Kent State,LDT,DT,label,LB,DEF,3,Aiden Burgess,SO,False,True,5.0
Iowa State,RB,RB,label,RB,OFF,3,Arnold Barnes III,SR,True,False,3.0
Wisconsin,RB,RB,label,RB,OFF,3,Bryan Jackson II,JR,True,False,3.0
Tulsa,STAR,SAF,bio,SAF,DEF,3,Ty Williams,SR,True,True,7.0
Tulsa,FS,SAF,label,SAF,DEF,3,Dedaunte Scott,SO,False,True,8.0
Auburn,DE,EDGE,label,EDGE,DEF,3,Darrion Smith,SO,False,False,3.0
Auburn,NT,DT,label,DT,DEF,3,Saint Farrior,JR,True,True,5.0
Auburn,DT,DT,label,DT,DEF,3,Walter Mathis Jr.,SO,True,False,6.0
Auburn,WLB,LB,label,LB,DEF,3,Adam Balogoun-Ali,FR,False,False,5.0
Auburn,MLB,LB,label,LB,DEF,3,Michael Matthews-Canty,JR,True,False,6.0
Tulsa,LDE,EDGE,label,EDGE,DEF,3,Will Upshaw,SO,False,True,5.0
Wisconsin,WR-SL,WR,label,WR,OFF,3,Eli Adams,SO,False,True,7.0
Air Force,WLB,LB,label,LB,DEF,3,Jonah Bowman,JR,False,False,5.0
Iowa State,LDE,EDGE,label,EDGE,DEF,3,Jace Gilbert,SO,False,True,5.0
Iowa State,RDE,EDGE,label,EDGE,DEF,3,Blake Hawkins,SO,True,True,6.0
Kent State,RG,IOL,label,,OFF,3,Rico Steele,SO,True,True,13.0
Kent State,TE,TE,label,TE,OFF,3,Zy'aire Fletcher,FR,False,True,3.0
Kent State,QB,QB,label,QB,OFF,3,Deante Ruffin,FR,False,True,3.0
Kent State,RB,RB,label,RB,OFF,3,Brandon White,FR,False,False,3.0
Kent State,WR-X,WR,label,WR,OFF,3,Teaunn Hunter,FR,False,True,7.0
Kent State,LG,IOL,label,,OFF,3,Donovan Dark,FR,True,True,12.0
UConn,LDE,EDGE,label,EDGE,DEF,3,Shamar Riser-Pressley,SO,True,True,5.0
UConn,RDE,EDGE,label,LB,DEF,3,Chamberlain Campbell,JR,True,True,6.0
UConn,RDT,DT,label,EDGE,DEF,3,Desmond Aladuge,JR,True,True,5.0
Arkansas State,RB,RB,label,RB,OFF,3,Corey Reddick,SR,True,True,3.0
Tulsa,LCB,CB,label,CB,DEF,3,Willie Goodwyn,SO,True,True,5.0
Tulsa,RCB,CB,label,CB,DEF,3,Korbyn Green,SR,True,True,6.0
Air Force,NT,DT,label,DT,DEF,3,Jayden Oquendo,SR,False,False,5.0
Air Force,MLB,LB,label,LB,DEF,3,Brodie Mitchell,JR,False,False,6.0
Wisconsin,TE,TE,label,TE,OFF,3,Ryan Schwendeman,GR,True,False,3.0
Wisconsin,QB,QB,label,QB,OFF,3,Ryan Hopkins,FR,False,False,3.0
Iowa State,NT,DT,label,DT,DEF,3,Ka'Mori Moore,FR,False,True,5.0
Iowa State,DT,DT,label,DT,DEF,3,Donovan Fitzmaurice,SO,True,False,6.0
Iowa State,WLB,LB,label,LB,DEF,3,Bradley Esser,FR,False,False,7.0
Iowa State,MLB,LB,label,LB,DEF,3,Rylan Barnes,JR,False,True,8.0
Kennesaw State,LCB,CB,label,CB,DEF,3,Luke Evans,JR,True,True,5.0
Kennesaw State,RCB,CB,label,CB,DEF,3,Ja'Lyen Judson,FR,True,True,6.0
Kennesaw State,FS,SAF,label,SAF,DEF,3,Maliki Wright,FR,True,True,7.0
Kennesaw State,NB,CB,default,,DEF,3,Jecari Bryson,SR,True,True,8.0
Kennesaw State,DE,EDGE,label,EDGE,DEF,3,Nasir Smith,SO,True,True,5.0
Kennesaw State,RUSH,EDGE,default,,DEF,3,Kai Russell,SR,True,True,6.0
UAB,TE,TE,label,TE,OFF,3,Scott Isacks,SR,True,True,3.0
UAB,RB,RB,label,RB,OFF,3,Ja'Vin Simpkins,JR,True,True,3.0
UAB,WR-X,WR,label,WR,OFF,3,Jailen Holmes,SR,False,True,7.0
UAB,WR-Z,WR,label,WR,OFF,3,AJ Johnson,GR,True,False,8.0
UAB,WR-SL,WR,label,WR,OFF,3,Brogan McNab,FR,False,False,9.0
Kennesaw State,DT,DT,label,DT,DEF,3,AJ Miller,JR,False,True,5.0
Kennesaw State,WLB,LB,label,LB,DEF,3,Karson Moss,SO,False,False,5.0
Kennesaw State,MLB,LB,label,LB,DEF,3,Jeremy Greaves Jr.,SR,True,False,6.0
Kennesaw State,TE,TE,label,TE,OFF,3,Jamari Harrold,SO,False,False,3.0
Kennesaw State,QB,QB,label,QB,OFF,3,Skyler Williams,FR,False,True,3.0
Kennesaw State,RB,RB,label,RB,OFF,3,Boogie Woods III,SO,True,True,3.0
Iowa State,LCB,CB,label,CB,DEF,3,Trillion Sorrell,FR,True,True,5.0
Arkansas State,DE,EDGE,label,EDGE,DEF,3,AJ Thomas,JR,True,True,5.0
UConn,TE,TE,label,TE,OFF,3,Mike Burton,SR,True,True,3.0
UConn,QB,QB,label,QB,OFF,3,Tucker McDonald,JR,False,True,3.0
Auburn,QB,QB,label,QB,OFF,3,Locklan Hewlett,FR,True,True,3.0
Auburn,RB,RB,label,RB,OFF,3,Bryson Washington,JR,True,True,3.0
Iowa State,NB,SAF,bio,SAF,DEF,3,Braden Awls,SR,False,False,7.0
Kennesaw State,WR-X,WR,label,WR,OFF,3,Erik Ronning,SO,False,False,7.0
Kennesaw State,WR-Z,WR,label,WR,OFF,3,Keon Davis,JR,True,False,8.0
Kennesaw State,WR-SL,WR,label,WR,OFF,3,Devaughn Slaughter,SO,True,False,9.0
Kennesaw State,RG,IOL,label,,OFF,3,Havik Pettigrew,SR,False,True,11.0
Kansas State,LCB,CB,label,CB,DEF,3,JoJo Scott,FR,False,True,5.0
Kansas State,RCB,CB,label,CB,DEF,3,Garrick Dixon,FR,False,False,6.0
Kansas State,SS,SAF,label,SAF,DEF,3,Wesley Fair,JR,False,True,7.0
Kansas State,FS,SAF,label,SAF,DEF,3,Jet Dineen,SR,False,True,8.0
Jacksonville State,WR-X,WR,label,WR,OFF,3,Colton Pitchford,JR,False,True,7.0
Wisconsin,NT,DT,label,DT,DEF,3,Dillan Johnson,JR,False,False,5.0
Wisconsin,DT,DT,label,DT,DEF,3,DeNigel Cooper,SO,True,True,6.0
UAB,FS,SAF,label,SAF,DEF,3,Daimir Hicks,FR,False,False,6.0
UCF,WR-SL,WR,label,WR,OFF,3,Jordyn Bridgewater,SO,False,True,8.0
UAB,LDE,EDGE,label,EDGE,DEF,3,Tylin Jackson,JR,True,True,5.0
UAB,RDE,EDGE,label,EDGE,DEF,3,J'Quan Mason,SO,False,True,6.0
UAB,NT,DT,label,DT,DEF,3,Sterling Sanders,FR,True,True,5.0
UAB,DT,DT,label,DT,DEF,3,Elijah Hall,SR,True,True,6.0
UAB,WLB,LB,label,LB,DEF,3,Mantrez Walker,FR,True,True,5.0
Auburn,TE,TE,label,TE,OFF,3,Xavier Newsom,SO,True,False,3.0
Wisconsin,LCB,CB,label,CB,DEF,3,Jahmare Washington,FR,False,True,5.0
Air Force,OLB,EDGE,bio,EDGE,DEF,3,Jalen Davis,JR,False,False,6.0
Air Force,DT,DT,label,,DEF,3,Charlie Gleason,SR,False,False,6.0
Jacksonville State,WR-Z,WR,label,WR,OFF,3,Jamill Williams,SR,True,True,8.0
Jacksonville State,WR-SL,WR,label,WR,OFF,3,Camdon Pitchford,FR,True,True,9.0
Kansas State,NT,DT,label,DT,DEF,3,Holden Bass,SO,False,True,5.0
Kansas State,DT,DT,label,DT,DEF,3,Patrick Tackie,JR,True,True,6.0
UConn,LT,OT,label,,OFF,3,Isiah Switzer,FR,True,True,11.0
UConn,LG,IOL,label,,OFF,3,Hill Greenlee,FR,False,True,12.0
UConn,RG,IOL,label,,OFF,3,Ben Mulholland,SO,True,True,13.0
UConn,RT,OT,label,,OFF,3,Nathan Pahanich,FR,True,True,14.0
Arkansas State,NT,DT,label,DT,DEF,3,TJ Spann,JR,True,False,5.0
Arkansas State,DT,DT,label,DT,DEF,3,Sam Hultz,JR,True,True,6.0
Auburn,RT,OT,label,,OFF,3,TJ Hedrick,FR,True,True,15.0
UAB,LCB,CB,label,CB,DEF,3,Isaiah Crozier,JR,True,True,5.0
UAB,RCB,CB,label,CB,DEF,3,Guylijah Theodule,JR,True,False,6.0
Kansas State,WLB,LB,label,LB,DEF,3,Asa Newsom,JR,False,True,5.0
Kansas State,MLB,LB,label,LB,DEF,3,Darien Whitaker Jr.,FR,False,True,6.0
Jacksonville State,LT,OT,label,,OFF,3,Nate Smith,JR,False,True,11.0
Jacksonville State,C,IOL,label,,OFF,3,Ryland Bragg,SO,False,True,12.0
Jacksonville State,RG,IOL,label,,OFF,3,Markevian Blake,FR,False,True,13.0
Jacksonville State,RT,OT,label,,OFF,3,J.R. Jernigan,SO,False,False,14.0
Kansas State,TE,TE,label,TE,OFF,3,Will Anciaux,JR,False,True,3.0
UCF,WR-Z,WR,label,WR,OFF,3,Jordan Nunuha,FR,False,False,7.0
UCF,RT,OT,label,,OFF,3,LaParka Langston,JR,True,True,9.0
Auburn,LT,OT,label,,OFF,3,Jacob Strand,SR,True,True,11.0
Auburn,LG,IOL,label,,OFF,3,Kenneth McManus IV,SO,True,False,12.0
Auburn,C,IOL,label,,OFF,3,Bear McWhorter,FR,False,False,13.0
Auburn,RG,IOL,label,,OFF,3,Parker Pritchett,FR,False,False,14.0
UConn,RB,RB,label,RB,OFF,3,Cyncir Bowers,JR,True,False,3.0
Kansas State,QB,QB,label,QB,OFF,3,Blake Barnett,SO,False,True,3.0
Kansas State,RB,RB,label,RB,OFF,3,Jay Harris,SR,True,True,3.0
Kansas State,LDE,EDGE,label,EDGE,DEF,3,Brad Stanyer,FR,False,True,5.0
Kansas State,RDE,EDGE,label,EDGE,DEF,3,Dalton Knapp,FR,False,True,6.0
Kansas State,WR-Z,WR,label,,OFF,3,Isaac Koch,SR,False,True,8.0
Kansas State,WR-SL,WR,label,WR,OFF,3,Sterling Lockett,SR,False,True,9.0
Kansas State,LG,IOL,label,IOL,OFF,3,Navarro Schunke,SO,False,True,11.0
UCF,MLB,LB,label,,DEF,3,Cole Kozlowski,SR,True,False,2.0
UCF,WLB,LB,label,LB,DEF,3,Rashad Henry,JR,True,True,5.0
UCF,LCB,CB,label,CB,DEF,3,Rukeem Stroud,FR,False,True,5.0
UCF,TE,TE,label,TE,OFF,3,Caden Piening,FR,False,True,3.0
UCF,QB,QB,label,QB,OFF,3,Kaleb Annett,SO,True,True,2.0
UCF,RB,RB,label,RB,OFF,3,Taevion Swint,FR,False,True,3.0
UCF,LDE,EDGE,label,EDGE,DEF,3,L A Jessie Harrold,FR,True,True,5.0
UCF,RDE,EDGE,label,EDGE,DEF,3,Aymeric Koumba,JR,True,True,6.0
Kansas State,C,IOL,label,,OFF,3,Michael Capria,SR,False,True,12.0
Kansas State,RG,IOL,label,,OFF,3,Keiton Jones,FR,True,True,13.0
Kansas,LCB,CB,label,CB,DEF,3,Elijah Cannon,SO,True,True,5.0
Kansas,FS,SAF,label,SAF,DEF,3,Christian Pritchett,JR,True,True,7.0
Kansas State,WR-X,WR,label,WR,OFF,3,Larry Porter IV,FR,False,True,7.0
Jacksonville State,TE,TE,label,TE,OFF,3,Luke Gilbert,SO,False,False,3.0
UCLA,WR-X,WR,label,WR,OFF,3,Marcus Harris,FR,True,True,7.0
Auburn,WR-X,WR,label,WR,OFF,3,Sam Turner,FR,False,True,7.0
Auburn,WR-Z,WR,label,WR,OFF,3,Christian Neptune,SO,True,False,8.0
Auburn,WR-H,WR,label,,OFF,3,Will Upton,JR,False,True,9.0
UCF,LDT,DT,label,LB,DEF,3,Josh Schell,SR,True,True,5.0
UCF,RDT,DT,label,DT,DEF,3,Artavius Jones,SO,True,True,6.0
Air Force,FB,RB,label,RB,OFF,3,Travis Wood,JR,False,False,3.0
Air Force,DE,EDGE,label,EDGE,DEF,3,Grady Forsythe,JR,False,False,5.0
Wisconsin,SS,SAF,label,SAF,DEF,3,Luke Emmerich,FR,False,True,7.0
Wisconsin,FS,SAF,label,SAF,DEF,3,Cairo Skanes,SO,False,False,8.0
Wisconsin,LOLB,LB,default,,DEF,3,Liam Danitz,SR,True,True,3.0
Jacksonville State,QB,QB,label,QB,OFF,3,Kadyn Mitchell,FR,False,True,3.0
Jacksonville State,RB,RB,label,RB,OFF,3,Justus Savage,SO,False,True,3.0
Kansas,LDE,EDGE,label,EDGE,DEF,3,Adrian Holley,FR,False,True,5.0
Kansas,RDE,EDGE,label,EDGE,DEF,3,Garrett Martin,FR,False,True,6.0
Kansas,DT,DT,label,DT,DEF,3,Kevin Oatis,FR,True,True,5.0
Kansas,WLB,LB,label,LB,DEF,3,Landyn Watson,SR,True,True,5.0
Kansas,MLB,LB,label,LB,DEF,3,Jaron Willis,SR,True,True,6.0
Kansas,RG,IOL,label,,OFF,3,Trezelle Jenkins Jr.,SO,True,False,13.0
Kansas,RT,OT,label,,OFF,3,Antonio Wilson,JR,True,True,14.0
Kansas,TE,TE,label,TE,OFF,3,Jailen Butler,SR,True,True,3.0
Kansas,QB,QB,label,QB,OFF,3,Chase Jenkins,JR,True,True,3.0
Kansas,RB,RB,label,RB,OFF,3,Jalen Dupree,SO,True,True,3.0
UCLA,LT,OT,label,,OFF,3,Jensen Somerville,SO,False,True,11.0
UCLA,LG,IOL,label,,OFF,3,Nehemiah Johnson,FR,False,True,12.0
UCLA,RG,IOL,label,,OFF,3,Julian Armella,SR,True,True,13.0
UCLA,RT,OT,label,,OFF,3,JD Rayner,FR,True,True,14.0
UCF,FS,SAF,label,SAF,DEF,3,Matt Irwin,JR,True,False,7.0
UCF,SS,SAF,label,SAF,DEF,3,Kahmel Johnson,SO,True,True,6.0
Jacksonville State,DE,EDGE,label,EDGE,DEF,3,Tae Floyd,JR,False,True,5.0
Jacksonville State,EDGE,EDGE,label,EDGE,DEF,3,Tristan Lyles,FR,False,False,6.0
Jacksonville State,NT,DT,label,DT,DEF,3,Christopher Johnson,FR,False,True,5.0
Jacksonville State,DT,DT,label,DT,DEF,3,Marquis Hood,SR,True,False,6.0
Kansas,WR-X,WR,label,,OFF,3,Bryson Hayes,FR,False,True,7.0
Kansas,WR-Z,WR,label,WR,OFF,3,Jackson Cook,FR,False,True,8.0
UCLA,QB,QB,label,QB,OFF,3,Colton Gumino,FR,False,True,3.0
UCLA,RB,RB,label,RB,OFF,3,Jaivian Thomas,SR,True,False,3.0
Army,TE,TE,label,TE,OFF,3,Brian Dyer,SR,False,False,3.0
Army,QB,QB,label,QB,OFF,3,Zach Mundell,SR,False,False,3.0
Army,RB-B,RB,label,RB,OFF,3,Stroman Bridges,SO,False,False,7.0
UCLA,WR-SL,WR,label,,OFF,3,Jackson Meehan,SR,True,True,8.0
Kansas,LT,OT,label,,OFF,3,DeAndre Harper,SO,True,True,11.0
Kansas,LG,IOL,label,,OFF,3,Eli Richmond,SO,False,True,12.0
James Madison,RCB,CB,label,CB,DEF,3,Trey Gibson,FR,False,False,5.0
James Madison,SS,SAF,label,SAF,DEF,3,Terrence Jones,JR,True,False,6.0
James Madison,FS,SAF,label,SAF,DEF,3,Chase Regan,JR,False,False,7.0
Arkansas State,MLB,LB,label,LB,DEF,3,Joshua Ofor,SO,True,True,6.0
Arkansas State,LCB,CB,label,CB,DEF,3,Jaylen Heyward,SO,True,True,5.0
UCLA,FS,SAF,label,SAF,DEF,3,Aaron Williams,JR,True,True,7.0
UConn,WR-X,WR,label,WR,OFF,3,Zy'marion Lang,SO,True,True,7.0
UConn,WR-Z,WR,label,WR,OFF,3,Emanuel Ross,SO,True,True,8.0
UConn,WR-SL,WR,label,WR,OFF,3,Julian Allen,JR,True,True,9.0
Arkansas State,FS,SAF,label,SAF,DEF,3,Malik McConico,JR,True,True,8.0
Arkansas State,NB,SAF,bio,SAF,DEF,3,Five Hamilton,JR,True,True,9.0
UCLA,TE,TE,label,TE,OFF,3,Harry Lodge,SR,True,True,3.0
Wyoming,WR-X,WR,label,WR,OFF,3,Ke'Lyn Washom,FR,False,True,7.0
Wyoming,WR-SL,WR,label,WR,OFF,3,Jayden Williams,FR,False,False,8.0
Air Force,QB,QB,label,QB,OFF,3,Evan Medders,SO,False,False,3.0
Air Force,RB,RB,label,WR,OFF,3,Keegan Sack,SO,False,False,3.0
Jacksonville State,WLB,LB,label,LB,DEF,3,Mikey Rosa,JR,True,True,5.0
Jacksonville State,MLB,LB,label,LB,DEF,3,Aidan Thompson,JR,False,True,6.0
Jacksonville State,LCB,CB,label,CB,DEF,3,Keiyon Turner,SR,True,True,5.0
James Madison,LDE,EDGE,label,EDGE,DEF,3,Ernest Willor Jr.,SO,True,True,5.0
James Madison,RDE,EDGE,label,EDGE,DEF,3,Turner Schmidt,SO,True,True,6.0
James Madison,LDT,DT,label,DT,DEF,3,Jakolbi Wilson,SR,True,True,5.0
James Madison,RDT,DT,label,DT,DEF,3,Chukwunedu Okeke,SO,True,True,6.0
James Madison,LT,OT,label,,OFF,3,Kaedin Massey,SO,False,True,11.0
James Madison,TE,TE,label,TE,OFF,3,Thatcher Miller,SR,True,True,3.0
James Madison,QB,QB,label,QB,OFF,3,Arrington Maiden,SO,True,True,3.0
James Madison,RB,RB,label,RB,OFF,3,Seth Cromwell,SR,True,True,3.0
UCLA,LDE,EDGE,label,EDGE,DEF,3,Lucien Holland,FR,False,True,5.0
UCLA,RDE,EDGE,label,EDGE,DEF,3,Jewelous Walls,SO,False,False,6.0
UCLA,LDT,DT,label,LB,DEF,3,Gavin Blum,SO,True,False,5.0
UCLA,RDT,DT,label,DT,DEF,3,Ashton Sanders,JR,True,True,6.0
Arkansas State,SS,SAF,label,SAF,DEF,3,James Reed III,SR,False,True,7.0
Arkansas State,WLB,LB,label,LB,DEF,3,Keoni Denny,JR,True,True,5.0
Air Force,WR-X,WR,label,WR,OFF,3,Grant Wayne,SR,False,False,6.0
Air Force,WR-Z,WR,label,WR,OFF,3,Owen Chambers,SR,False,False,7.0
Air Force,C,IOL,label,,OFF,3,Gary Lassley,SO,False,False,13.0
UCLA,WLB,LB,label,LB,DEF,3,Scott Taylor,SO,False,False,5.0
UCLA,MLB,LB,label,LB,DEF,3,Anthony Sacca,FR,True,True,6.0
UCLA,LCB,CB,label,CB,DEF,3,Jhase McMillan,SO,True,True,5.0
UCLA,RCB,CB,label,CB,DEF,3,Jamier Johnson,SR,True,True,6.0
UCLA,SS,SAF,label,SAF,DEF,3,Mason Rivera,,False,False,6.0
Wyoming,LDT,DT,label,LB,DEF,3,Ja'Quan Redfern,JR,True,True,5.0
Wyoming,RDT,DT,label,DT,DEF,3,Alex Haswell,SO,False,True,6.0
Wyoming,WLB,LB,label,LB,DEF,3,Parker Moore,FR,False,True,5.0
Wyoming,RG,IOL,label,,OFF,3,Grant Lott,FR,False,False,11.0
Wyoming,TE-Y,TE,label,TE,OFF,3,Landon Pace,FR,False,True,3.0
Wyoming,QB,QB,label,QB,OFF,3,Landon Sims,JR,True,True,3.0
Wyoming,RB,RB,label,RB,OFF,3,Nico Hamilton,SO,False,True,3.0
James Madison,WR-X,WR,label,WR,OFF,3,Davi Belfort,SO,True,True,7.0
James Madison,WR-Z,WR,label,WR,OFF,3,Dylan Williams,SO,False,True,8.0
James Madison,WR-SL,WR,label,WR,OFF,3,Noah Grevious,SO,True,True,9.0
Air Force,LT,OT,label,,OFF,3,Alex Boyd,SO,False,False,11.0
Wyoming,SS,SAF,label,SAF,DEF,3,Da'Marion Brownlee,SO,True,True,7.0
Wyoming,NB,CB,bio,CB,DEF,3,Therman Williams,FR,False,False,8.0
James Madison,TE,TE,label,TE,OFF,4,Brian Hnat,FR,False,True,4.0
James Madison,WLB,LB,label,LB,DEF,4,Lathan Croley,JR,False,False,5.0
Jacksonville State,LCB,CB,label,CB,DEF,4,Tim Anthony,FR,False,False,6.0
UCLA,QB,QB,label,QB,OFF,4,Ty Dieffenbach,,False,False,4.0
UCLA,TE,TE,label,TE,OFF,4,Noah Fox-Flores,SO,False,False,4.0
Arkansas State,LCB,CB,label,SAF,DEF,4,Paul Risper,,False,False,6.0
Arkansas State,WLB,LB,label,LB,DEF,4,Noah Hamlin,FR,False,False,7.0
UCLA,LDE,EDGE,label,EDGE,DEF,4,Cole Cogshell,SO,False,False,7.0
UCLA,LCB,CB,label,CB,DEF,4,Osiris Gilbert,SO,False,False,7.0
UCLA,WLB,LB,label,LB,DEF,4,Wyatt Mosier,,False,False,7.0
UConn,WR-SL,WR,label,WR,OFF,4,Teddy Williams,JR,False,True,12.0
UConn,WR-Z,WR,label,WR,OFF,4,Drew Kron,JR,False,True,11.0
UConn,WR-X,WR,label,WR,OFF,4,Kamren Flowers,FR,True,True,10.0
Air Force,C,IOL,label,,OFF,4,Peyton Knoebel,JR,False,False,16.0
Nebraska,QB,QB,label,QB,OFF,4,Bode Soukup,SO,False,True,4.0
Alabama,WOLF,EDGE,default,,DEF,4,Jamarion Matthews,FR,False,False,4.0
UConn,LT,OT,label,,OFF,4,Owen Winder,FR,False,False,15.0
UConn,RB,RB,label,RB,OFF,4,Trey Cornist,JR,True,True,4.0
UCF,WR-Z,WR,label,WR,OFF,4,Tyren Hornes,FR,False,False,9.0
UCF,QB,QB,label,QB,OFF,4,Rocco Marriott,FR,False,False,4.0
UCF,TE,TE,label,TE,OFF,4,Dylan Burk,SO,False,False,4.0
UCF,DT,DT,label,DT,DEF,4,Jeffson Lafontant,JR,False,True,7.0
Auburn,WR-Z,WR,label,WR,OFF,4,Brady Marchese,FR,False,False,11.0
Auburn,WR-X,WR,label,WR,OFF,4,Kory Pettigrew,FR,True,True,10.0
UCLA,C,IOL,label,,OFF,4,Caleb Walker,,False,False,15.0
UCLA,RB,RB,label,RB,OFF,4,Dylan Lee,,False,False,4.0
Air Force,WR-Z,WR,label,WR,OFF,4,Sylas Maiava-Alaimalo,SO,False,False,9.0
Air Force,WR-X,WR,label,SAF,OFF,4,Jet Wiley,SR,False,False,8.0
Wyoming,MLB,LB,label,LB,DEF,4,Karson Butts,SO,True,False,7.0
Jacksonville State,FS,SAF,label,SAF,DEF,4,Ty Sims,FR,False,False,7.0
Wyoming,RDE,EDGE,label,EDGE,DEF,4,Xavier Jackson,FR,False,False,6.0
James Madison,QB,QB,label,QB,OFF,4,Tanner Vibabul,FR,False,False,4.0
UAB,WR-X,WR,label,WR,OFF,4,Jayden Skelton,FR,False,False,10.0
UAB,RB,RB,label,RB,OFF,4,Marquise Collins,JR,True,True,4.0
UAB,QB,QB,label,QB,OFF,4,Cam Jennings,SO,False,True,3.0
Auburn,RB,RB,label,RB,OFF,4,Nykahi Davenport,SO,True,True,4.0
Jacksonville State,RB,RB,label,RB,OFF,4,Jalen Likely,SO,False,True,4.0
Jacksonville State,QB,QB,label,QB,OFF,4,Donovan Moorhead,FR,False,False,4.0
Wisconsin,LOLB,LB,default,LB,DEF,4,Jayden Loftin,FR,False,True,4.0
Wisconsin,NB,CB,bio,CB,DEF,4,Kah'ni Watts,FR,False,False,9.0
Air Force,DE,EDGE,label,EDGE,DEF,4,DeSean Davis,JR,False,False,7.0
Air Force,FB,RB,label,RB,OFF,4,Luke Rauh,JR,False,False,4.0
Air Force,RB,RB,label,WR,OFF,4,Mason Lowe,JR,False,False,4.0
Kansas State,WR-X,WR,label,WR,OFF,4,Julius Wilson,FR,False,False,10.0
Kansas State,QB,QB,label,QB,OFF,4,Dillon Duff,FR,False,True,4.0
Jacksonville State,LG,IOL,label,,OFF,4,Max Shiver,FR,False,False,15.0
Auburn,QB,QB,label,QB,OFF,4,Rhys Brush,FR,False,False,4.0
UConn,QB,QB,label,QB,OFF,4,Tyler Smith,FR,False,True,4.0
Kansas State,LDE,EDGE,label,EDGE,DEF,4,Tucker Ashford,FR,False,False,7.0
Jacksonville State,WR-SL,WR,label,WR,OFF,4,Rollie Pinto,FR,False,False,10.0
Air Force,OLB,EDGE,bio,,DEF,4,Connor Vasek,SO,False,False,8.0
Iowa State,SS,SAF,label,SAF,DEF,4,Brody Miller,FR,False,True,8.0
Kansas State,SS,SAF,label,SAF,DEF,4,Mikey Bergeron,JR,False,False,9.0
Iowa State,RCB,CB,label,CB,DEF,4,Toe Sanders,FR,False,False,6.0
Iowa State,MLB,LB,label,LB,DEF,4,Landon Kalsbeck,FR,False,False,9.0
Kennesaw State,RB,RB,label,RB,OFF,4,Devin Ingram,SO,True,True,4.0
Kennesaw State,QB,QB,label,QB,OFF,4,Jamarcus Harrison,FR,False,False,4.0
Kennesaw State,TE,TE,label,TE,OFF,4,Chase Tatum,FR,False,False,4.0
Kennesaw State,RUSH,EDGE,default,LB,DEF,4,Byron Jackson,FR,False,True,7.0
Auburn,NT,DT,label,DT,DEF,4,Corey Wells,FR,False,False,7.0
Auburn,DE,EDGE,label,EDGE,DEF,4,Joe Phillips,SO,False,True,4.0
Arkansas State,RB,RB,label,RB,OFF,4,Ezell Jolly,JR,True,True,4.0
Arkansas State,QB,QB,label,QB,OFF,4,Jérémy St-Hilaire,SO,True,True,4.0
UConn,LDE,EDGE,label,EDGE,DEF,4,Odera Orizu,JR,True,True,7.0
Ball State,WR-X,WR,label,WR,OFF,4,Eli Hohlt,JR,False,True,10.0
Tulane,MLB,LB,label,LB,DEF,4,Dylan Brasher,FR,False,False,7.0
Tulane,LCB,CB,label,CB,DEF,4,Lawrence Moton,FR,False,False,7.0
Auburn,BUCK,EDGE,default,,DEF,4,Jaquez Wilkes,FR,False,False,4.0
Auburn,NB,CB,default,,DEF,4,Cade Carlson,SO,False,True,11.0
Auburn,SS,SAF,label,SAF,DEF,4,Damonte Tabb,FR,False,False,10.0
UConn,RCB,CB,label,CB,DEF,4,Shmar Akande,FR,False,False,6.0
UConn,MLB,LB,label,LB,DEF,4,Tyrique Harris,FR,False,False,7.0
UConn,FS,SAF,label,SAF,DEF,4,Grant Blascak,FR,False,False,9.0
Tulsa,RB,RB,label,RB,OFF,4,Trequan Jones,SR,True,False,4.0
Tulsa,QB,QB,label,QB,OFF,4,Kyden Barker,FR,False,False,4.0
Auburn,RCB,CB,label,CB,DEF,4,Devin Williams,FR,False,True,8.0
Auburn,LCB,CB,label,CB,DEF,4,Scrap Richardson,FR,True,True,7.0
Auburn,MLB,LB,label,LB,DEF,4,Shadarius Toodle,FR,False,False,8.0
Auburn,WLB,LB,label,LB,DEF,4,Coleman Granberry,JR,False,True,7.0
Auburn,DT,DT,label,DT,DEF,4,Tavian Branch,FR,False,False,8.0
UNLV,WR-SL,WR,label,WR,OFF,4,David Titone-Perez,SO,False,True,12.0
UNLV,WR-Z,WR,label,WR,OFF,4,Tatum Bell Jr.,FR,False,False,11.0
UNLV,WR-X,WR,label,WR,OFF,4,Vincent Carner,FR,False,False,10.0
Ball State,RUSH,EDGE,bio,LB,DEF,4,Sam Feeney,SO,False,True,8.0
Ball State,DE,EDGE,label,EDGE,DEF,4,Dominic Infelise,FR,False,False,7.0
Ball State,RB,RB,label,RB,OFF,4,Anthony McMullen,FR,False,False,4.0
Troy,DT,DT,label,EDGE,DEF,4,Jermaine Paramore,SO,False,True,6.0
Troy,RB,RB,label,RB,OFF,4,Jaheim Merriweather,JR,True,False,3.0
Troy,SPEAR,SAF,bio,,DEF,4,KD Reynolds,FR,False,False,4.0
Ball State,TE,TE,label,TE,OFF,4,AJ Seymour,FR,False,False,4.0
Ball State,C,IOL,label,,OFF,4,Zion Haney,FR,False,False,11.0
Arkansas State,TE,TE,label,TE,OFF,4,Ezra Burgess,JR,False,False,4.0
Arkansas State,LT,OT,label,,OFF,4,Josh Austin,,False,False,14.0
Tulane,RB,RB,label,RB,OFF,4,Johnnie Daniels,SR,False,True,4.0
Tulane,QB,QB,label,QB,OFF,4,Trace Johnson,FR,False,False,4.0
Tulane,TE,TE,label,TE,OFF,4,Vance Bolyard,JR,False,True,4.0
Toledo,RDT,DT,label,,DEF,4,Wayne Peart II,SO,False,True,8.0
Toledo,LDT,DT,label,DT,DEF,4,Laith Shamma,JR,False,True,7.0
Ball State,WLB,LB,label,LB,DEF,4,Cole Mynett,FR,False,False,6.0
Kennesaw State,RCB,CB,label,CB,DEF,4,Jaden Martin-Burgess,JR,False,True,7.0
Kennesaw State,WLB,LB,label,LB,DEF,4,Montra Sanford,JR,True,False,7.0
Iowa State,NT,DT,label,DT,DEF,4,Kaleb Bilal-Jones,FR,False,True,7.0
Wisconsin,QB,QB,label,QB,OFF,4,Carter Smith,FR,False,True,4.0
Wisconsin,TE,TE,label,TE,OFF,4,Jackson McGohan,JR,False,True,4.0
Air Force,MLB,LB,label,LB,DEF,4,Andrew Jurasek,SO,False,False,8.0
Air Force,NT,DT,label,,DEF,4,Christian Krietzer,SO,False,False,7.0
Air Force,DT,DT,label,,DEF,4,Noah Daniels,SO,False,False,8.0
Kent State,LG,IOL,label,,OFF,4,David Iannini,FR,False,False,11.0
Kent State,QB,QB,label,QB,OFF,4,Ethan Thanthanavong,SO,True,False,4.0
Kent State,TE,TE,label,TE,OFF,4,Garrett Long,FR,False,True,4.0
Iowa State,LDE,EDGE,label,EDGE,DEF,4,Jaden Weaver,FR,False,False,7.0
Ball State,NT,DT,label,DT,DEF,4,Reese Hill,SO,False,True,7.0
Baylor,DE,EDGE,label,EDGE,DEF,4,Daemian Wimberly,JR,False,True,7.0
Baylor,RB,RB,label,RB,OFF,4,Ryelan Morris,FR,False,False,4.0
Toledo,WR-SL,WR,label,WR,OFF,4,Bryson Hammer,JR,False,True,12.0
Toledo,WR-Z,WR,label,WR,OFF,4,Omar Mims Jr.,FR,False,True,11.0
Toledo,WR-X,WR,label,WR,OFF,4,Daryl Barnett Jr.,SO,False,True,10.0
Baylor,WR-SL,WR,label,WR,OFF,4,Jacorey Watson,FR,False,True,8.0
Ball State,SS,SAF,label,SAF,DEF,4,Gavin Yates-Lyons,FR,False,False,8.0
Toledo,QB,QB,label,QB,OFF,4,Jake DeHaan,JR,False,True,4.0
Toledo,TE,TE,label,TE,OFF,4,Sam Lee,SR,True,True,4.0
Arkansas,FS,SAF,label,SAF,DEF,4,LaMarcus Hicks II,FR,True,True,11.0
Arkansas,SS,SAF,label,SAF,DEF,4,John Howse IV,SR,True,True,10.0
Arkansas,RCB,CB,label,CB,DEF,4,Jalon Copeland,FR,False,False,7.0
Toledo,LDE,EDGE,label,EDGE,DEF,4,Josh Lee,SR,True,True,7.0
Toledo,RB,RB,label,RB,OFF,4,Autavius Ison,JR,True,True,4.0
Toledo,MLB,LB,label,LB,DEF,4,Sam Smith Jr.,JR,False,True,8.0
Toledo,WLB,LB,label,LB,DEF,4,Maddox Arnold,FR,False,True,7.0
Texas State,LDE,EDGE,label,EDGE,DEF,4,Blake Isbell,,False,False,7.0
Baylor,RCB,CB,label,CB,DEF,4,Stilton McKelvey,JR,False,True,6.0
Texas State,SS,SAF,label,SAF,DEF,4,John Smith,,False,False,9.0
Texas Tech,WR-Z,WR,label,WR,OFF,4,Michael Dever,FR,False,True,10.0
Air Force,WLB,LB,label,LB,DEF,4,Seth McFarland,SO,False,False,7.0
Wisconsin,WR-SL,WR,label,WR,OFF,4,Kash Brock,FR,False,False,8.0
Wisconsin,RB,RB,label,RB,OFF,4,Nate Palmer,SO,True,True,4.0
Iowa State,RB,RB,label,RB,OFF,4,Ryver Peppers,FR,False,True,4.0
Kent State,RB,RB,label,RB,OFF,4,Donovan Delaney Jr.,SR,True,True,4.0
Iowa State,QB,QB,label,QB,OFF,4,Wyatt Bohm,JR,False,True,4.0
Iowa State,TE,TE,label,TE,OFF,4,Luke Galer,FR,False,False,4.0
Texas Tech,QB,QB,label,QB,OFF,4,Holden Phillips,FR,False,True,4.0
Texas Tech,TE,TE,label,TE,OFF,4,Jack Esparza,SR,False,False,4.0
UNLV,TE,TE,label,TE,OFF,4,Velltray Jefferson,SR,True,True,4.0
UNLV,LT,OT,label,,OFF,4,Zach Scott,FR,False,False,15.0
Texas Tech,LG,IOL,label,,OFF,4,Danilo Guberinich,FR,False,True,16.0
UNLV,LDT,DT,label,,DEF,4,Bryce Waters,FR,False,False,7.0
Arkansas,DT,DT,label,DT,DEF,4,Keiundre Johnson,FR,False,True,8.0
Arkansas,NT,DT,label,DT,DEF,4,Antonio Sandel-Bascomb,JR,True,True,7.0
Texas,FS,SAF,label,SAF,DEF,4,Zelus Hicks,FR,False,True,10.0
Texas,RCB,CB,label,CB,DEF,4,Nick Hudson,SR,False,False,7.0
Boise State,LCB,CB,label,CB,DEF,4,Cam Jamerson,FR,True,True,7.0
Texas A&M,RB,RB,label,RB,OFF,4,KJ Edwards,FR,False,False,4.0
Texas A&M,TE,TE,label,TE,OFF,4,Kiotti Armstrong,FR,False,True,4.0
UNLV,LDE,EDGE,label,,DEF,4,Jordan Covington,FR,False,True,7.0
UNLV,RB,RB,label,RB,OFF,4,Kamran Williams,FR,False,True,4.0
UNLV,QB,QB,label,QB,OFF,4,Sebastian Circo,FR,False,True,4.0
Boise State,RB,RB,label,RB,OFF,4,Harry Stewart III,SO,True,True,4.0
Texas A&M,RDT,DT,label,DT,DEF,4,Chace Sims,FR,False,True,7.0
Boise State,QB,QB,label,QB,OFF,4,Jackson Taylor,FR,False,False,4.0
Boise State,TE,TE,label,TE,OFF,4,Kaden Anderson,SO,False,True,4.0
Baylor,NB,SAF,bio,,DEF,4,JJ Shelton,SO,False,False,9.0
Boston College,WR-X,WR,label,WR,OFF,4,DJ Biggins,FR,False,False,10.0
Texas,MLB,LB,label,LB,DEF,4,Darius Snow,SR,False,False,7.0
Western Michigan,LCB,CB,label,SAF,DEF,4,Trevon Collard,FR,False,False,6.0
Western Michigan,WLB,LB,label,LB,DEF,4,Teegan Haines,JR,True,False,7.0
Air Force,FS,SAF,label,SAF,DEF,4,JT Tomescko,JR,False,False,8.0
Air Force,LCB,CB,label,,DEF,4,Jerome Drain,SO,False,False,7.0
Iowa State,LT,OT,label,,OFF,4,Derek Worden,FR,False,False,14.0
Kentucky,WR-Z,WR,label,WR,OFF,4,Brock Coffman,FR,False,True,10.0
Kentucky,QB,QB,label,QB,OFF,4,Brennen Ward,FR,False,True,4.0
Kentucky,TE,TE,label,TE,OFF,4,Elijah Brown,SR,True,True,4.0
Kentucky,JACK,EDGE,default,LB,DEF,4,Antonio O'Berry,GR,True,False,7.0
Iowa State,WR-Z,WR,label,WR,OFF,4,Jamal Polite Jr.,FR,False,False,9.0
Kentucky,DT,DT,label,DT,DEF,4,Nic Smith,FR,False,True,7.0
Texas,NT,DT,label,DT,DEF,4,Zion Williams,FR,True,True,7.0
Texas,SS,SAF,label,SAF,DEF,4,Jordon Johnson-Rubell,JR,False,False,9.0
UNLV,RDT,DT,label,,DEF,4,Bryce Robinson,FR,False,False,8.0
Tennessee,MLB,LB,label,LB,DEF,4,TJ White,FR,False,False,8.0
Tennessee,WLB,LB,label,LB,DEF,4,Brayden Rouse,FR,False,False,7.0
Texas,WR-H,WR,label,WR,OFF,4,Kohen Brown,FR,False,False,9.0
Tennessee,FS,SAF,label,SAF,DEF,4,Joel Wyatt,FR,False,False,11.0
Tennessee,NB,SAF,bio,SAF,DEF,4,Jowell Combay,FR,False,False,10.0
Boston College,RT,OT,label,,OFF,4,Lawrence Iyalekhue,FR,False,False,18.0
Boston College,C,IOL,label,,OFF,4,Dean Ruksnaitis,FR,False,False,17.0
Boston College,RG,IOL,label,,OFF,4,Tanner Chlupsa,SO,False,True,16.0
UNLV,RCB,CB,label,CB,DEF,4,Vern Blair,FR,False,False,6.0
Texas,LT,OT,label,,OFF,4,Kaden Scherer,FR,False,False,16.0
Texas,QB,QB,label,QB,OFF,4,MJ Morris,SR,True,True,4.0
Texas,DT,DT,label,DT,DEF,4,Myron Charles,FR,False,True,8.0
Texas,JACK,EDGE,bio,,DEF,4,Smith Orogbo,FR,False,True,7.0
Texas,RB,RB,label,RB,OFF,4,James Simon,FR,False,True,4.0
Boston College,WR-SL,WR,label,WR,OFF,4,Landon Wright,SO,True,True,12.0
Boston College,WR-Z,WR,label,WR,OFF,4,Kelvin Brown Jr.,FR,False,False,11.0
Liberty,LG,IOL,label,,OFF,4,Carlton Hall,FR,False,False,12.0
Air Force,SS,SAF,label,SAF,DEF,4,Houston Hendrix,SR,False,False,7.0
Western Michigan,RDE,EDGE,label,EDGE,DEF,4,Chris Stewart,FR,False,False,6.0
Liberty,RB,RB,label,RB,OFF,4,Cam Wood,FR,False,False,7.0
Liberty,QB,QB,label,QB,OFF,4,Ethan Houck,FR,False,True,4.0
Louisiana,LT,OT,label,,OFF,4,Jayden Michael,FR,False,False,13.0
Louisiana,WR-Z,WR,label,WR,OFF,4,Jayden Lewis,FR,False,False,10.0
Indiana,STUD,EDGE,default,,DEF,4,Daniel Ndukwe,JR,False,False,4.0
Indiana,SS,SAF,label,SAF,DEF,4,D'Montae Tims,FR,False,False,9.0
Louisiana,RB,RB,label,RB,OFF,4,Anthony Reagan Jr.,JR,True,False,4.0
Louisiana,QB,QB,label,QB,OFF,4,Sam Altmann,SO,False,True,4.0
Louisiana,TE,TE,label,TE,OFF,4,Quandre Coates,FR,False,True,4.0
Tennessee,LCB,CB,label,CB,DEF,4,Javonte Smith,FR,False,False,7.0
USC,WR-X,WR,label,WR,OFF,4,Romero Ison,FR,False,True,8.0
Arkansas,JACK,EDGE,default,,DEF,4,Trent Sellers,FR,False,True,8.0
Arkansas,DE,EDGE,label,EDGE,DEF,4,Brian Alston,JR,True,True,7.0
Tennessee,TE,TE,label,TE,OFF,4,Cole Harrison,SO,False,True,4.0
USC,DT,DT,label,DT,DEF,4,Brendan Cho,SO,False,True,7.0
Arkansas,QB,QB,label,QB,OFF,4,Cade Trotter,FR,True,True,4.0
Arkansas,TE,TE,label,TE,OFF,4,Maddox Lassiter,JR,False,True,4.0
Tennessee,RT,OT,label,,OFF,4,Kamari Blair,FR,False,False,13.0
Tennessee,LEO,EDGE,bio,EDGE,DEF,4,Kedric Golston II,FR,False,False,8.0
Tennessee,DE,EDGE,label,EDGE,DEF,4,Carter Gooden,FR,False,False,7.0
Tennessee,RB,RB,label,RB,OFF,4,Justin Baker,SO,False,False,4.0
Tennessee,QB,QB,label,QB,OFF,4,Mason Phillips,FR,False,True,4.0
Boston College,RB,RB,label,RB,OFF,4,Mekhi Dodd,FR,False,True,4.0
Boston College,QB,QB,label,QB,OFF,4,Anthony Coellner,FR,False,False,4.0
Boston College,TE,TE,label,TE,OFF,4,Brady Clough,SO,False,True,4.0
Arkansas,RB,RB,label,RB,OFF,4,Cam Settles,SO,False,False,4.0
USC,TE,TE,label,TE,OFF,4,Taniela Tupou,FR,False,True,4.0
Tennessee,DT,DT,label,DT,DEF,4,Charles House III,FR,False,True,8.0
Tennessee,NT,DT,label,DT,DEF,4,JJ Finch,FR,False,False,7.0
USC,RCB,CB,label,CB,DEF,4,Shawn Sehra,JR,False,True,7.0
Temple,DT,DT,label,DT,DEF,4,Jude Okeleke,FR,False,False,8.0
Temple,NT,DT,label,DT,DEF,4,Semi Odedele,JR,False,True,7.0
Temple,LCB,CB,label,CB,DEF,4,Bryson Goodwin,SO,False,True,7.0
Boston College,NT,DT,label,,DEF,4,Cameron McGee,FR,False,False,7.0
Boston College,JACK,EDGE,bio,EDGE,DEF,4,Jayzen Flint,SO,False,True,8.0
Boston College,DE,EDGE,label,DT,DEF,4,Makai Byerson,SO,True,True,7.0
Louisiana,MLB,LB,label,LB,DEF,4,Harrison Kidder,FR,False,False,6.0
Air Force,SPUR,CB,default,,DEF,4,Jax Gates,SO,False,False,4.0
Louisiana,JACK,EDGE,default,,DEF,4,Devin Franklin,FR,False,False,7.0
Indiana,RCB,CB,label,CB,DEF,4,Kasmir Hicks,FR,False,False,6.0
Indiana,WLB,LB,label,LB,DEF,4,Ja'Dyn Williams,FR,False,False,7.0
Louisiana,LCB,CB,label,CB,DEF,4,Julius Harper,FR,False,False,6.0
Indiana,MLB,LB,label,LB,DEF,4,Henry Ohlinger,FR,False,False,8.0
Indiana,DT,DT,label,DT,DEF,4,Blake Smythe,FR,False,False,7.0
Tennessee,WR-Z,WR,label,WR,OFF,4,Nathan Roberts,JR,False,True,9.0
Boston College,DT,DT,label,EDGE,DEF,4,Alex DeGrieck,SR,True,True,8.0
Temple,DE,EDGE,label,EDGE,DEF,4,Lamar Fairfax,FR,True,True,7.0
Temple,RB,RB,label,RB,OFF,4,De'Carlos Young,FR,False,True,4.0
Louisiana Tech,RB,RB,label,RB,OFF,4,Harrison Williams,FR,True,True,4.0
Louisiana Tech,QB,QB,label,QB,OFF,4,Jackson Bradley,FR,False,True,4.0
Louisiana Tech,TE,TE,label,TE,OFF,4,Joshua Brantley,FR,True,True,4.0
Western Michigan,RB,RB,label,RB,OFF,4,Cole Cabana,JR,True,True,4.0
Western Michigan,QB,QB,label,QB,OFF,4,Jaxson Dosh,FR,False,False,4.0
Indiana,DE,EDGE,label,EDGE,DEF,4,Ronelle Johnson,FR,False,False,4.0
Indiana,RB,RB,label,RB,OFF,4,Sean Cuono,FR,False,True,4.0
Indiana,QB,QB,label,QB,OFF,4,Jacob Bell,FR,False,True,4.0
Indiana,TE,TE,label,TE,OFF,4,Parker Elmore,FR,False,False,4.0
Louisville,TE,TE,label,TE,OFF,4,Dylan Mesman,SO,False,True,4.0
Temple,QB,QB,label,QB,OFF,4,Brady Palmer,FR,False,False,4.0
Temple,WLB,LB,label,LB,DEF,4,Willy Love,JR,True,False,7.0
Arkansas,LG,IOL,label,,OFF,4,Tucker Young,FR,False,False,15.0
Arkansas,WR-X,WR,label,WR,OFF,4,Monte Harrison,SO,False,True,10.0
Utah,RDE,EDGE,label,EDGE,DEF,4,Fameitau Siale,FR,False,False,7.0
Utah,RB,RB,label,RB,OFF,4,LaMarcus Bell,FR,False,False,4.0
Utah,TE,TE,label,TE,OFF,4,Semi Taulanga,FR,False,True,4.0
Bowling Green,WR-SL,WR,label,WR,OFF,4,Cade Brooks,FR,False,False,9.0
Boston College,FS,SAF,label,,DEF,4,Da'Jon Green,FR,False,False,11.0
TCU,LDE,EDGE,label,EDGE,DEF,4,CJ Woodfork,FR,False,True,7.0
TCU,RB,RB,label,RB,OFF,4,G'Ivori Graham,FR,False,False,4.0
TCU,QB,QB,label,QB,OFF,4,Jayden Maples,FR,False,False,4.0
Boston College,SS,SAF,label,SAF,DEF,4,Jordan Rodriguez,FR,False,False,10.0
Boston College,RCB,CB,label,,DEF,4,Gerald Green Jr.,FR,False,False,8.0
Utah,WR-SL,WR,label,WR,OFF,4,Nate Johnson,GR,False,False,8.0
Boston College,LCB,CB,label,,DEF,4,Njita Sinkala,FR,False,True,7.0
Temple,TE,TE,label,TE,OFF,4,Joey Schlaffer,JR,True,True,4.0
Boston College,MLB,LB,label,LB,DEF,4,Palaie Faoa,JR,False,True,8.0
Boston College,WLB,LB,label,LB,DEF,4,Juan Zabal,SR,False,True,7.0
Bowling Green,RB,RB,label,RB,OFF,4,Tristin Blackmon,FR,False,False,4.0
Syracuse,QB,QB,label,QB,OFF,4,Joseph Filardi,SO,False,False,4.0
Bowling Green,QB,QB,label,QB,OFF,4,Jarin Mock,FR,False,False,4.0
Indiana,RG,IOL,label,,OFF,4,Ben Novak,FR,False,False,12.0
Akron,QB,QB,label,QB,OFF,4,Semaj Beals,FR,False,False,4.0
Louisville,DE,EDGE,label,EDGE,DEF,4,Eric Hazzard,FR,False,True,7.0
Louisville,RB,RB,label,RB,OFF,4,Braxton Jennings,FR,False,True,4.0
Louisville,QB,QB,label,QB,OFF,4,Ryan Zimmerman,SO,False,True,4.0
Indiana,WR-SL,WR,label,WR,OFF,4,Kortez Rupert,FR,False,False,9.0
LSU,WR-X,WR,label,WR,OFF,4,Tyree Holloway,JR,True,True,10.0
Louisville,LCB,CB,label,CB,DEF,4,Jaydin Broadnax,FR,False,False,7.0
LSU,LG,IOL,label,,OFF,4,Ryan Miret,FR,False,False,16.0
LSU,QB,QB,label,QB,OFF,4,Kaden Martin,SR,True,True,4.0
Bowling Green,TE,TE,label,TE,OFF,4,Carsen Melvin,FR,False,True,4.0
TCU,WR-Z,WR,label,WR,OFF,4,Jacobe Hayes,SO,False,False,10.0
Arkansas,WR-Z,WR,label,WR,OFF,4,Blair Irvin III,FR,False,False,11.0
South Florida,RB,RB,label,RB,OFF,4,Chase Garnett,FR,False,True,4.0
South Florida,QB,QB,label,QB,OFF,4,Jayden Bradford,SO,True,True,4.0
South Florida,NB,SAF,bio,SAF,DEF,4,George Brown IV,SO,False,True,10.0
South Florida,RCB,CB,label,CB,DEF,4,Keyshaun Birks,FR,False,False,6.0
Buffalo,RB,RB,label,RB,OFF,4,Nino Hill,FR,False,True,4.0
Buffalo,QB,QB,label,QB,OFF,4,Qur'an McNeill,FR,False,False,4.0
Southern Miss,RB,RB,label,RB,OFF,4,Jamarice Wilder,FR,False,True,4.0
Buffalo,TE,TE,label,TE,OFF,4,Nick Leonard,SO,False,True,4.0
Buffalo,LT,OT,label,,OFF,4,Jaden Maxey,FR,False,False,13.0
Buffalo,WR-SL,WR,label,WR,OFF,4,Terrell Richards,JR,False,True,11.0
Buffalo,WR-X,WR,label,WR,OFF,4,Shey Williams,SO,False,True,10.0
Stanford,RB,RB,label,RB,OFF,4,Champ Hampton,JR,False,True,4.0
Bowling Green,MLB,LB,label,LB,DEF,4,Darian Hawkins,FR,False,False,6.0
Syracuse,LT,OT,label,,OFF,4,David Ndukwe,SR,False,True,14.0
Bowling Green,DT,DT,label,DT,DEF,4,MJ Dillard,SO,False,True,6.0
Bowling Green,DE,EDGE,label,EDGE,DEF,4,Cameron Simmons,FR,False,False,4.0
BYU,LT,OT,label,,OFF,4,Andrew Williams,FR,False,True,14.0
South Carolina,RCB,CB,label,CB,DEF,4,Isaiah McClary,SO,False,True,6.0
South Carolina,MLB,LB,label,LB,DEF,4,Josh Smith,FR,False,True,7.0
South Carolina,FS,SAF,label,SAF,DEF,4,Tony Brown,FR,False,True,9.0
South Florida,TE,TE,label,TE,OFF,4,Kade Caton,SO,True,True,4.0
LSU,TE,TE,label,TE,OFF,4,JD LaFleur,FR,False,True,4.0
Illinois,LCB,CB,label,CB,DEF,4,Tywan Cox,FR,False,True,7.0
Western Kentucky,RB,RB,label,RB,OFF,4,Sincere Baines,SR,True,False,4.0
Western Kentucky,QB,QB,label,QB,OFF,4,Cam O'Hara,FR,False,False,4.0
Akron,RB,RB,label,RB,OFF,4,Taven Curry,SR,True,True,4.0
Illinois,MLB,LB,label,LB,DEF,4,Tony Williams,FR,False,False,8.0
LSU,RDE,EDGE,label,EDGE,DEF,4,Kolaj Cobbins,SO,False,True,8.0
LSU,RB,RB,label,RB,OFF,4,Rod Gainey Jr.,SO,True,True,4.0
South Florida,RT,OT,label,,OFF,4,James Jenkins,JR,False,True,13.0
Utah State,WR-SL,WR,label,WR,OFF,4,Kaina Watson,FR,False,False,9.0
South Florida,DE,EDGE,label,EDGE,DEF,4,Levi Smiley,SO,False,True,7.0
South Alabama,QB,QB,label,QB,OFF,4,Aaden Shamburger,FR,False,False,4.0
Arizona State,LDT,DT,label,,DEF,4,Ramar Williams,SO,False,True,7.0
South Alabama,SS,SAF,label,SAF,DEF,4,Teryn Green,FR,False,False,8.0
South Carolina,WR-X,WR,label,WR,OFF,4,Malik Clark,FR,False,True,10.0
BYU,RB,RB,label,RB,OFF,4,Devaughn Eka,FR,False,False,4.0
South Carolina,RB,RB,label,RB,OFF,4,Isaiah Augustave,JR,True,True,4.0
South Carolina,QB,QB,label,QB,OFF,4,Landon Duckworth,FR,False,False,4.0
South Carolina,TE,TE,label,TE,OFF,4,Maurice Brown II,SR,False,False,4.0
South Carolina,RT,OT,label,,OFF,4,Blake Franks,SO,False,True,15.0
South Carolina,LDT,DT,label,DT,DEF,4,Christian Ingram,FR,False,True,7.0
Utah State,LG,IOL,label,,OFF,4,Chantz Chargualaf,FR,False,False,12.0
Arizona State,MLB,LB,label,LB,DEF,4,Tristan Bacon,FR,False,True,8.0
Arizona State,WLB,LB,label,LB,DEF,4,Mason Marden,FR,False,False,7.0
South Carolina,LDE,EDGE,label,EDGE,DEF,4,Jaquavious Dodd,FR,False,True,7.0
BYU,TE,TE,label,TE,OFF,4,Noah Moeaki,SO,False,True,4.0
BYU,RT,OT,label,,OFF,4,Kaden Chidester,JR,False,True,15.0
California,TE,TE,label,TE,OFF,4,John Tofi Jr.,FR,False,True,4.0
South Alabama,TE,TE,label,TE,OFF,4,Nate Forystek,SR,True,True,4.0
LSU,WLB,LB,label,LB,DEF,4,Keylan Moses,FR,False,True,7.0
LSU,RDT,DT,label,DT,DEF,4,Brandon Brown,FR,False,True,7.0
LSU,SS,SAF,label,SAF,DEF,4,Isaiah Washington,FR,False,False,9.0
Western Kentucky,TE,TE,label,TE,OFF,4,Lofton Howard,JR,False,True,4.0
Western Kentucky,LDE,EDGE,label,,DEF,4,Elijah Peake,FR,False,False,6.0
Illinois,DT,DT,label,DT,DEF,4,Cameron Brooks,FR,False,True,7.0
Illinois,JACK,EDGE,default,LB,DEF,4,Erik Gayle,FR,False,True,6.0
Illinois,RB,RB,label,RB,OFF,4,Cedric Wyche II,FR,False,True,4.0
Marshall,QB,QB,label,QB,OFF,4,Dylan Barber,FR,False,False,4.0
Illinois,QB,QB,label,QB,OFF,4,Dane Eisenmenger,FR,False,False,4.0
Illinois,TE,TE,label,TE,OFF,4,Maurice Smith Jr.,SR,True,True,4.0
Marshall,DT,DT,label,,DEF,4,Mekhi Lockhart,FR,False,True,7.0
South Alabama,EDGE,EDGE,label,EDGE,DEF,4,Dylan Chiedo,SR,True,True,2.0
South Alabama,RB,RB,label,RB,OFF,4,Julyon Jordan,FR,False,True,4.0
San José State,RB,RB,label,RB,OFF,4,Tyler Jacklich,JR,True,True,5.0
Marshall,DE,EDGE,label,,DEF,4,Jacarius Clayton,SR,True,True,7.0
Akron,RCB,CB,label,CB,DEF,4,Henry Perrymond,FR,False,False,6.0
Illinois,WR-Z,WR,label,WR,OFF,4,Davon Grant,FR,False,False,11.0
Maryland,RB,RB,label,RB,OFF,4,Terrez Worthy,GR,False,False,4.0
Maryland,QB,QB,label,QB,OFF,4,Cardell Williams,SR,False,True,4.0
Maryland,TE,TE,label,TE,OFF,4,Damon Hall Jr.,FR,False,False,4.0
Illinois,WR-X,WR,label,WR,OFF,4,Jacob Harvey,FR,False,False,13.0
Illinois,WR-SL,WR,label,WR,OFF,4,Leslie Mosley Jr.,FR,False,False,12.0
Maryland,LDT,DT,label,LB,DEF,4,Bryce Jenkins,SO,False,False,7.0
Massachusetts,TE,TE,label,TE,OFF,4,Owen Anderson,SR,True,True,4.0
San José State,QB,QB,label,QB,OFF,4,Hudson Wyatt,JR,True,False,4.0
Arizona State,LDE,EDGE,label,,DEF,4,Kirt Vakalahi,JR,True,False,7.0
San José State,MLB,LB,label,LB,DEF,4,Skylar Tiatia,FR,False,False,6.0
San José State,SS,SAF,label,WR,DEF,4,Tuli Tagovailoa-Amosa,SO,False,False,1.0
SMU,TE,TE,label,TE,OFF,4,Tripp Riordan,JR,False,True,4.0
Central Michigan,RT,OT,label,,OFF,4,Nic DiSanto,SR,False,False,6.0
Arizona State,RB,RB,label,RB,OFF,4,Cardae Mack,FR,False,False,4.0
Arizona State,QB,QB,label,QB,OFF,4,Cameron Dyer,FR,False,True,4.0
Arizona State,TE,TE,label,TE,OFF,4,James Giggey,JR,False,False,4.0
San Diego State,NB,CB,bio,CB,DEF,4,Cammeron Purnell,FR,False,False,11.0
San Diego State,RCB,CB,label,CB,DEF,4,Braylon Cardwell,FR,False,True,6.0
San Diego State,WLB,LB,label,LB,DEF,4,Oberhiri Eyafe,SO,True,True,7.0
San José State,WR-X,WR,label,WR,OFF,4,Jordan Anderson,SO,True,True,2.0
San Diego State,SS,SAF,label,SAF,DEF,4,Max Garrison,SR,False,True,4.0
California,SS,SAF,label,SAF,DEF,4,Tristan Dunn,SR,False,True,9.0
San José State,TE,TE,label,TE,OFF,4,Shane Kiley,FR,False,False,4.0
San José State,RDE,EDGE,label,,DEF,4,Star Taimani,SO,True,False,4.0
UTEP,WR-SL,WR,label,WR,OFF,4,Nik Henry,SO,False,False,11.0
UTEP,WR-X,WR,label,WR,OFF,4,CJ Simon,FR,False,True,10.0
UTEP,TE,TE,label,TE,OFF,4,Benny Okwura,FR,False,False,4.0
San José State,LDE,EDGE,label,,DEF,4,Justin Stearns,SR,False,True,7.0
San Diego State,RG,IOL,label,,OFF,4,Charlton Luniewski,SO,True,True,13.0
San Diego State,DT,DT,label,DT,DEF,4,Kainoa Davis,SO,True,True,6.0
Massachusetts,LDE,EDGE,label,,DEF,4,Jerry Washington,FR,False,True,7.0
West Virginia,RCB,CB,label,CB,DEF,4,Vincent Smith,FR,False,False,8.0
West Virginia,LCB,CB,label,CB,DEF,4,ChaMarryus Bomar,FR,False,True,7.0
West Virginia,WLB,LB,label,LB,DEF,4,Antoine Sharp Jr.,FR,False,False,7.0
Massachusetts,RB,RB,label,RB,OFF,4,Da'Marion Alberic,SO,False,True,4.0
Massachusetts,QB,QB,label,QB,OFF,4,Aedan McCarthy,FR,False,False,4.0
Hawai'i,WLB,LB,label,,DEF,4,Aisiah Paogofie,FR,False,True,5.0
Memphis,NT,DT,label,DT,DEF,4,Amir Leonard-Jean Charles,FR,False,True,7.0
Memphis,LDE,EDGE,label,EDGE,DEF,4,Elijah Kinsler,SO,False,True,7.0
Memphis,RB,RB,label,RB,OFF,4,Jordan Thompson,FR,False,False,4.0
Hawai'i,RB,RB,label,RB,OFF,4,TJ Fo'ilefutu,FR,False,False,4.0
Hawai'i,QB,QB,label,,OFF,4,Hazyn Botelho,FR,False,False,4.0
Memphis,WLB,LB,label,LB,DEF,4,Tylon Nash,SR,False,True,7.0
San Diego State,RDE,EDGE,label,EDGE,DEF,4,Lucan Amituanai,FR,False,True,6.0
Sam Houston,RB,RB,label,RB,OFF,4,Kaden Winkfield,FR,False,False,4.0
Sam Houston,QB,QB,label,QB,OFF,4,Brett Holloway,FR,False,False,4.0
Sam Houston,TE,TE,label,TE,OFF,4,London Deyon,FR,False,True,4.0
Charlotte,QB,QB,label,QB,OFF,4,Jaylen White,FR,False,False,4.0
Charlotte,TE,TE,label,TE,OFF,4,Brady Rhoads,SO,False,True,4.0
Arizona State,LT,OT,label,,OFF,4,Xander Ruggeroli,JR,False,False,16.0
UTEP,LDE,EDGE,label,EDGE,DEF,4,Truth Holmes,FR,False,False,4.0
UTEP,RB,RB,label,RB,OFF,4,Lamar Sperling,JR,True,True,4.0
UTEP,QB,QB,label,QB,OFF,4,Bodey Weaver,FR,False,False,4.0
Sam Houston,DT,DT,label,DT,DEF,4,Uzziah Warmate,FR,False,False,7.0
Sam Houston,DE,EDGE,label,EDGE,DEF,4,Errol West Jr.,FR,False,False,7.0
San Diego State,WR-SL,WR,label,WR,OFF,4,Daishaun Davis,FR,False,False,11.0
Sam Houston,MLB,LB,label,LB,DEF,4,Elijah Groves,SO,True,True,7.0
San Diego State,LT,OT,label,,OFF,4,Delon Craft Jr.,FR,False,True,11.0
San Diego State,WR-X,WR,label,WR,OFF,4,Aldrich Doe,JR,True,False,4.0
San Diego State,QB,QB,label,QB,OFF,4,Brady Campbell,FR,False,False,4.0
Cincinnati,CAT,SAF,bio,CB,DEF,4,Jamari Johnson,FR,False,True,4.0
Cincinnati,DOG,EDGE,bio,LB,DEF,4,Myles Harrison,FR,False,True,4.0
Rice,FS,SAF,label,SAF,DEF,4,Seth Brown,FR,False,False,6.0
Rice,RCB,CB,label,CB,DEF,4,Jordan Mitchell,FR,False,False,6.0
Rutgers,WR-SL,WR,label,,OFF,4,Dylan Braithwaite,SR,False,False,9.0
Cincinnati,WLB,LB,label,LB,DEF,4,Montay Weedon,JR,False,False,3.0
Rutgers,RB,RB,label,RB,OFF,4,Michael Dukes III,FR,False,False,4.0
Rutgers,NT,DT,label,DT,DEF,4,Jyon Simon,SO,False,False,7.0
Cincinnati,DE,EDGE,label,EDGE,DEF,4,Kamron Neal,FR,False,True,4.0
Cincinnati,RB,RB,label,RB,OFF,4,Cole Tabb,JR,False,False,4.0
Sacramento State,RB,RB,label,RB,OFF,4,Elias Brown,JR,True,True,4.0
Sacramento State,TE,TE,label,TE,OFF,4,Kyle Koontz,SO,True,True,4.0
Sacramento State,RUSH,EDGE,default,,DEF,4,Dylan Gooden,JR,True,True,7.0
Charlotte,RB,RB,label,RB,OFF,4,Chance Williams,SR,True,True,4.0
Sam Houston,WR-SL,WR,label,WR,OFF,4,Ty Sexton,FR,False,False,11.0
Sam Houston,WR-X,WR,label,WR,OFF,4,Kamari Maxwell,SO,True,False,10.0
Clemson,RDT,DT,label,DT,DEF,4,Hevin Brown-Shuler,JR,False,False,6.0
Clemson,LDE,EDGE,label,EDGE,DEF,4,Caden Story,GR,False,False,7.0
Clemson,RB,RB,label,RB,OFF,4,Jay Haynes,SR,False,False,4.0
Purdue,QB,QB,label,QB,OFF,4,Garyt Odom,FR,False,True,4.0
Clemson,QB,QB,label,QB,OFF,4,Trent Pearman,GR,False,False,4.0
Rice,WR-Z,WR,label,WR,OFF,4,Fisher Leftwich,FR,False,False,11.0
Rice,WR-SL,WR,label,WR,OFF,4,Ben Grice,SO,False,True,7.0
Clemson,LG,IOL,label,,OFF,4,Chance Barclay,FR,False,False,11.0
Clemson,WR-Z,WR,label,WR,OFF,4,Chase Byrd,SO,False,True,11.0
Clemson,WR-X,WR,label,WR,OFF,4,Jaylen Brown-Wallace,JR,True,True,10.0
Rice,QB,QB,label,QB,OFF,4,Patrick Crayton Jr.,FR,False,True,4.0
Arizona State,WR-X,WR,label,WR,OFF,4,Michael Tollefson,FR,False,True,10.0
UTEP,FS,SAF,label,SAF,DEF,4,Chace Biddle,SR,True,True,8.0
UTEP,SS,SAF,label,SAF,DEF,4,Jaime Guerrero,SR,False,True,7.0
Rice,RB,RB,label,RB,OFF,4,Justin Powell,FR,False,False,4.0
Clemson,WR-SL,WR,label,WR,OFF,4,Clark Sanderson,SO,False,True,12.0
Pittsburgh,LCB,CB,label,CB,DEF,4,Zion Ferguson,SO,False,True,7.0
Hawai'i,LT,OT,label,,OFF,4,Eric McFall,SO,True,True,11.0
West Virginia,DT,DT,label,DT,DEF,4,Cam Mallory,FR,False,False,7.0
Alabama,WR-H,WR,label,WR,OFF,4,Amari Sabb,FR,False,False,10.0
Hawai'i,WR-Y,WR,label,RB,OFF,4,Titan Lacaden,FR,False,True,11.0
Hawai'i,WR-X,WR,label,WR,OFF,4,Dillon Booth,FR,False,False,12.0
Miami,DT,DT,label,DT,DEF,4,Mykah Newton,FR,False,True,6.0
Miami,RDE,EDGE,label,EDGE,DEF,4,Cole McConathy II,SO,False,True,7.0
Georgia Tech,DT,DT,label,DT,DEF,4,Shymeik Jones,JR,False,True,7.0
Miami (OH),RB,RB,label,RB,OFF,4,Rodney Nelson,JR,False,True,2.0
Georgia Tech,LDE,EDGE,label,EDGE,DEF,4,Andre Fuller Jr.,SO,False,False,7.0
Georgia Tech,RB,RB,label,RB,OFF,4,Shane Marshall,SO,False,False,4.0
Miami (OH),SS,SAF,label,SAF,DEF,4,Mason Ellens,FR,False,True,7.0
Michigan,WR-SL,WR,label,WR,OFF,4,C.J. Charleston,GR,True,False,12.0
Clemson,FS,SAF,label,SAF,DEF,4,Jakarrion Kenan,SO,False,False,10.0
UTSA,LG,IOL,label,,OFF,4,Jarrett Henry,JR,False,True,12.0
Vanderbilt,WR-X,WR,label,WR,OFF,4,Owen Cabell,FR,False,False,10.0
Penn State,WR-SL,WR,label,WR,OFF,4,Ben Whitver,FR,False,False,10.0
Colorado,TE,TE,label,TE,OFF,4,Brady Kopetz,SR,False,False,4.0
Penn State,TE,TE,label,TE,OFF,4,Cooper Alexander,SO,True,True,4.0
Penn State,RT,OT,label,,OFF,4,Pete Eglitis,FR,False,False,14.0
Penn State,RDE,EDGE,label,EDGE,DEF,4,Bobby Mears,JR,False,True,7.0
Penn State,RB,RB,label,RB,OFF,4,Cam Wallace,JR,False,True,4.0
Penn State,QB,QB,label,QB,OFF,4,Kase Evans,FR,False,False,4.0
UTSA,DE,EDGE,label,EDGE,DEF,4,Collins Acheampong,SO,True,True,6.0
UTSA,RB,RB,label,RB,OFF,4,Bryson Donnell,SR,True,True,4.0
UTSA,QB,QB,label,QB,OFF,4,Maguire Gasperson,FR,False,False,4.0
Penn State,MLB,LB,label,LB,DEF,4,John Klosterman,SR,True,True,8.0
Penn State,LDT,DT,label,DT,DEF,4,Liam Andrews,SO,False,True,7.0
Penn State,NB,CB,bio,,DEF,4,Chris Fileppo,SO,False,False,9.0
Penn State,RCB,CB,label,CB,DEF,4,Josiah Zayas,FR,False,False,6.0
Coastal Carolina,RB,RB,label,RB,OFF,4,Jaden Allen-Hendrix,SO,False,True,3.0
Oregon,DT,DT,label,DT,DEF,4,Derrick Brown Jr.,SR,True,True,7.0
Colorado,DT,DT,label,DT,DEF,4,Quency Wiggins,SR,False,False,7.0
Oregon State,RB,RB,label,RB,OFF,4,Jake Reichle,SR,False,False,4.0
Colorado,RB,RB,label,RB,OFF,4,Damian Henderson II,JR,True,True,4.0
Michigan,WR-Z,WR,label,WR,OFF,4,Jaylen Pile,FR,False,False,11.0
Michigan,WR-X,WR,label,WR,OFF,4,Jacob Washington,FR,False,True,10.0
Michigan,RB,RB,label,RB,OFF,4,Micah Ka'apana,SO,False,True,4.0
Michigan,QB,QB,label,QB,OFF,4,Chase Herbstreit,FR,False,True,4.0
Michigan,TE,TE,label,TE,OFF,4,Jalen Hoffman,JR,False,True,4.0
Michigan,LT,OT,label,,OFF,4,Brooks Bahr,SR,False,False,14.0
Georgia Tech,QB,QB,label,QB,OFF,4,Cole Bergeron,FR,False,False,4.0
Georgia Tech,TE,TE,label,TE,OFF,4,Kevin Roche Jr.,FR,False,True,4.0
Michigan,RDE,EDGE,label,EDGE,DEF,4,Carter Meadows,FR,False,False,8.0
Michigan,LDE,EDGE,label,EDGE,DEF,4,Julius Holly,FR,False,True,7.0
Oregon State,MLB,LB,label,LB,DEF,4,Gyriece Goodman,SR,False,False,7.0
UTSA,WLB,LB,label,LB,DEF,4,Caleb Barrow,FR,False,False,7.0
Ole Miss,NT,DT,label,DT,DEF,4,Jamarion Owens,FR,False,False,7.0
Colorado State,RB,RB,label,RB,OFF,4,Malichi Greaves,FR,False,True,4.0
Colorado State,TE,TE,label,TE,OFF,4,Pearce Spurlin III,SO,True,True,4.0
Oregon,WR-X,WR,label,WR,OFF,4,Brady Bidwell,SO,False,True,10.0
Colorado State,LT,OT,label,,OFF,4,Mason Turpin,FR,False,False,12.0
Colorado State,WR-X,WR,label,WR,OFF,4,Eli Rich,FR,False,False,10.0
Oregon,QB,QB,label,QB,OFF,4,Akili Smith Jr.,FR,False,True,4.0
Oregon,TE,TE,label,TE,OFF,4,Kendre Harrison,FR,False,False,4.0
Oregon,C,IOL,label,,OFF,4,Bryce Boulton,JR,False,True,16.0
UTSA,MONEY,SAF,bio,SAF,DEF,4,Nathaniel Ortega,SO,True,False,4.0
Arizona,LCB,CB,label,CB,DEF,4,Aiden Miller,SO,False,True,7.0
Arizona,MLB,LB,label,LB,DEF,4,Leviticus Su'a,JR,False,True,11.0
Arizona,WLB,LB,label,LB,DEF,4,Carter Jones,FR,False,True,10.0
Oregon,RB,RB,label,RB,OFF,4,Da'Jaun Riggs,SO,False,True,4.0
Colorado,RCB,CB,label,,DEF,4,Braylon Edwards,FR,False,False,8.0
Colorado,LCB,CB,label,,DEF,4,Mojo Williams Jr.,FR,False,False,7.0
Alabama,RT,OT,label,,OFF,4,Bryson Cooley,FR,False,False,15.0
Michigan,MLB,LB,label,LB,DEF,4,Markel Dabney,FR,False,False,8.0
Michigan,WLB,LB,label,LB,DEF,4,Zach Ludwig,JR,False,False,7.0
Michigan,RDT,DT,label,DT,DEF,4,Titan Davis,FR,False,False,8.0
Michigan,LDT,DT,label,LB,DEF,4,Alister Vallejo,FR,False,False,7.0
Michigan,FS,SAF,label,SAF,DEF,4,Jordan Deck,FR,False,False,11.0
Michigan,SS,SAF,label,RB,DEF,4,Taylor Tatum,SO,True,True,10.0
Michigan,LCB,CB,label,CB,DEF,4,Ernest Nunley,FR,False,False,7.0
Georgia Tech,WR-Z,WR,label,WR,OFF,4,J.J. Winston,FR,False,False,10.0
Michigan State,RB,RB,label,RB,OFF,4,Marvis Parrish,SO,False,False,4.0
Georgia State,WLB,LB,label,LB,DEF,4,Tyler Moore,FR,False,True,7.0
Ole Miss,QB,QB,label,QB,OFF,4,Walker Howard,SR,True,True,4.0
Ole Miss,LCB,CB,label,CB,DEF,4,Pat Broomfield,SO,False,False,7.0
Vanderbilt,TE,TE,label,TE,OFF,4,Walter Taylor,SR,True,True,4.0
Vanderbilt,LDE,EDGE,label,EDGE,DEF,4,Hayden Bray,GR,True,False,7.0
Ole Miss,MLB,LB,label,LB,DEF,4,Raymond Collins,SR,True,True,8.0
Delaware,RB,RB,label,RB,OFF,4,Greg Spiller,SO,False,True,4.0
Delaware,QB,QB,label,QB,OFF,4,EJ Archield Jr.,FR,False,True,4.0
Delaware,TE,TE,label,TE,OFF,4,Jackson Whitacre,SO,False,True,4.0
Oklahoma State,SS,SAF,label,SAF,DEF,4,Cooper Lai,JR,False,True,8.0
Old Dominion,TE,TE,label,TE,OFF,4,Chris Warren,FR,False,True,4.0
Old Dominion,C,IOL,label,,OFF,4,Brayden Walker,SO,True,True,3.0
Delaware,WR-X,WR,label,WR,OFF,4,NaKeem Powell,FR,False,False,8.0
Vanderbilt,RB,RB,label,RB,OFF,4,Evan Hampton,FR,False,False,4.0
Vanderbilt,QB,QB,label,QB,OFF,4,Drew Cowart,SO,False,False,4.0
Arizona,DT,DT,label,DT,DEF,4,Kaisi Lafitaga,FR,False,False,8.0
Arizona,NT,DT,label,,DEF,4,Manoah Faupusa,FR,False,False,7.0
Arizona,DE,EDGE,label,EDGE,DEF,4,Victory Johnson,JR,True,True,4.0
Old Dominion,RB,RB,label,RB,OFF,4,CJ Jackson III,FR,False,False,4.0
Ole Miss,WR-SL,WR,label,,OFF,4,Traylon Ray,JR,True,True,10.0
Ole Miss,TE,TE,label,TE,OFF,4,Michael Smith,SO,True,True,4.0
Ole Miss,RB,RB,label,RB,OFF,4,JT Lindsey,FR,False,False,4.0
Oklahoma State,QB,QB,label,QB,OFF,4,Luke Tepas,FR,False,False,4.0
Oklahoma State,NT,DT,label,DT,DEF,4,Luke Webb,SO,False,True,7.0
Georgia State,MLB,LB,label,LB,DEF,4,Zachary Davis,FR,False,True,8.0
Alabama,TE,TE,label,TE,OFF,4,Danny Lewis Jr.,SR,False,True,4.0
West Virginia,WR-X,WR,label,WR,OFF,4,Brad Mossor,FR,False,False,10.0
Georgia State,JACK,EDGE,bio,LB,DEF,4,Khalid Feliz,FR,False,False,8.0
Middle Tennessee,QB,QB,label,QB,OFF,4,Rocco Williams,FR,False,False,4.0
Middle Tennessee,LT,OT,label,,OFF,4,Ashley Walker,FR,False,False,12.0
Georgia State,RB,RB,label,RB,OFF,4,Dennis Murray Jr.,SO,False,True,4.0
Georgia State,QB,QB,label,QB,OFF,4,Gavin Nuckolls,FR,False,False,4.0
Middle Tennessee,RB,RB,label,RB,OFF,4,Austin Clemons,SO,False,True,4.0
Oklahoma State,RDE,EDGE,label,EDGE,DEF,4,Savion Barthelemy,FR,False,False,7.0
Oklahoma State,LCB,CB,label,CB,DEF,4,Trudell Berry,SR,False,True,6.0
Vanderbilt,DT,DT,label,DT,DEF,4,Aaron Bryant,SR,True,True,7.0
Vanderbilt,RDE,EDGE,label,EDGE,DEF,4,Jace McCallum,FR,False,False,8.0
Oklahoma State,MLB,LB,label,LB,DEF,4,Dallas Winner-Johnson,JR,False,True,7.0
Virginia,WR-X,WR,label,WR,OFF,4,Dylan Cope,FR,False,False,10.0
Oklahoma,RB,RB,label,RB,OFF,4,Jonathan Hatton Jr.,FR,False,False,4.0
Duke,TE,TE,label,TE,OFF,4,Tony Boggs,JR,False,True,4.0
Duke,LG,IOL,label,,OFF,4,Daniel Boyd,FR,False,True,15.0
Oklahoma,WLB,LB,label,LB,DEF,4,Kristan Moore,FR,False,False,8.0
Oklahoma,MLB,LB,label,LB,DEF,4,Beau Jandreau,FR,False,False,5.0
Oklahoma,DT,DT,label,DT,DEF,4,Brian Harris,FR,False,False,5.0
Oklahoma,SS,SAF,label,SAF,DEF,4,Niko Jandreau,FR,False,False,5.0
Oklahoma,RCB,CB,label,CB,DEF,4,Lebron Bauer,FR,False,False,7.0
Duke,WR-X,WR,label,WR,OFF,4,Brody Keefe,FR,False,False,10.0
Delaware,NB,CB,bio,CB,DEF,4,Kevin Moore,FR,False,False,7.0
Arizona,RB,RB,label,RB,OFF,4,Wesley Yarbrough,SO,False,False,4.0
Arizona,QB,QB,label,QB,OFF,4,Oscar Rios,FR,False,False,4.0
Arizona,TE,TE,label,TE,OFF,4,Shane King,FR,True,True,4.0
Oklahoma State,WR-X,WR,label,WR,OFF,4,Matrail Lopez,FR,False,True,9.0
Oklahoma State,RB,RB,label,RB,OFF,4,KD Jones,FR,False,False,4.0
Ohio State,WLB,LB,label,LB,DEF,4,Braxton Rembert,FR,False,False,7.0
Duke,QB,QB,label,QB,OFF,4,Ari Patu,,False,False,4.0
Oklahoma,WR-H,WR,label,WR,OFF,4,Jahsiear Rogers,FR,False,False,10.0
Oklahoma,TE,TE,label,TE,OFF,4,Ryder Mix,FR,False,False,4.0
Georgia State,TE,TE,label,TE,OFF,4,Matt Buron,SR,True,True,4.0
Alabama,RB,RB,label,RB,OFF,4,EJ Crowell,FR,False,False,4.0
Alabama,QB,QB,label,QB,OFF,4,John Gazzaniga,FR,False,True,4.0
Middle Tennessee,WLB,LB,label,LB,DEF,4,Shane Rochelle,FR,False,False,6.0
Middle Tennessee,SS,SAF,label,SAF,DEF,4,Justis Haggard,FR,False,False,10.0
Georgia State,WR-X,WR,label,WR,OFF,4,Ahmed Souare,FR,False,True,10.0
Georgia State,WR-SL,WR,label,WR,OFF,4,Austin McGee,SO,False,True,11.0
Minnesota,QB,QB,label,QB,OFF,4,Dylan Wittke,SR,False,False,4.0
Minnesota,RB,RB,label,RB,OFF,4,Grant Washington,SO,False,False,4.0
Georgia,MONEY,LB,bio,LB,DEF,4,Elijah Littlejohn,FR,False,False,4.0
Oklahoma,LG,IOL,label,,OFF,4,Noah Best,FR,False,False,12.0
Oklahoma,RDE,EDGE,label,EDGE,DEF,4,Daniel Norman,FR,False,False,6.0
Ohio State,RT,OT,label,,OFF,4,Vasean Washington,SR,False,True,13.0
Mississippi State,QB,QB,label,QB,OFF,4,Brodie McWhorter,FR,False,False,4.0
Washington State,TE,TE,label,TE,OFF,4,Hudson Cedarland,SR,False,True,4.0
Washington State,LDT,DT,label,DT,DEF,4,Ike Okafor,FR,False,True,7.0
Mississippi State,TE,TE,label,TE,OFF,4,Joeseph Skipworth,FR,False,True,4.0
Georgia,MAC,LB,label,LB,DEF,4,Nick Abrams II,FR,False,False,4.0
Georgia,SS,SAF,label,SAF,DEF,4,Jaylan Morgan,FR,False,True,10.0
Mississippi State,JACK,EDGE,default,LB,DEF,4,Gus Cordova,FR,False,True,7.0
Mississippi State,RB,RB,label,RB,OFF,4,J.J. Hill,FR,False,False,4.0
Mississippi State,MLB,LB,label,LB,DEF,4,Gav Holman,SO,True,True,8.0
Georgia,NT,DT,label,DT,DEF,4,Carter Luckie,FR,False,False,7.0
Duke,MLB,LB,label,LB,DEF,4,Asher Wasserman,FR,False,True,7.0
Virginia,RB,RB,label,RB,OFF,4,Xay Davis,FR,False,True,4.0
Virginia,TE,TE,label,TE,OFF,4,Lukas Ungar,GR,False,False,4.0
Ohio State,RCB,CB,label,CB,DEF,4,Amar’e Miller,FR,False,False,7.0
Ohio State,MLB,LB,label,LB,DEF,4,Eli Lee,FR,False,True,8.0
Notre Dame,NT,DT,label,DT,DEF,4,Sean Sevillano Jr.,SO,False,False,7.0
Notre Dame,WLB,LB,label,LB,DEF,4,Teddy Rezac,SO,False,False,7.0
East Carolina,RUSH,EDGE,default,,DEF,4,Dylon Worthen,FR,False,True,8.0
East Carolina,DE,EDGE,label,EDGE,DEF,4,Jacoby Martin,SO,False,True,7.0
East Carolina,RB,RB,label,RB,OFF,4,DeJuan Lacy,SO,True,True,4.0
Arizona,WR-SL,WR,label,WR,OFF,4,Caleb Smith,FR,False,False,11.0
Arizona,WR-X,WR,label,WR,OFF,4,Jordan McCord III,SO,False,True,10.0
Virginia,MLB,LB,label,LB,DEF,4,Isaiah Reese,FR,False,True,8.0
Virginia,WLB,LB,label,LB,DEF,4,Myles Brown,SO,False,True,7.0
Virginia,DE,EDGE,label,EDGE,DEF,4,Jewett Hayes,SO,False,True,4.0
East Carolina,QB,QB,label,QB,OFF,4,Trey Burke,FR,False,False,4.0
East Carolina,TE,TE,label,TE,OFF,4,Stephen Collier,,False,False,4.0
Ohio State,WR-X,WR,label,WR,OFF,4,David Adolph,SR,False,True,10.0
Ohio State,RB,RB,label,RB,OFF,4,Legend Bey,FR,False,False,4.0
Ohio State,QB,QB,label,QB,OFF,4,Luke Fahey,FR,False,False,4.0
Ohio State,TE,TE,label,TE,OFF,4,Bennett Christian,SR,False,True,4.0
Virginia Tech,TE,TE,label,TE,OFF,4,Matt Henderson,FR,False,True,4.0
Northern Illinois,RB,RB,label,RB,OFF,4,Triston White,FR,False,True,4.0
Northern Illinois,QB,QB,label,QB,OFF,4,Bryshawn Brown,FR,False,False,4.0
Northern Illinois,TE,TE,label,TE,OFF,4,Caleb Haack,FR,False,True,4.0
Northern Illinois,NB,CB,default,,DEF,4,Justus Donahoo,FR,False,False,11.0
Northern Illinois,FS,SAF,label,SAF,DEF,4,Deacon King,FR,False,False,10.0
Florida,WR-Y,WR,label,WR,OFF,4,Ace Ciongoli,FR,False,True,7.0
Northwestern,RB,RB,label,RB,OFF,4,Mar'Kel Porter,SO,False,True,4.0
Northwestern,QB,QB,label,QB,OFF,4,Marcus Romain,,False,False,4.0
Northwestern,RCB,CB,label,CB,DEF,4,Nate Dawson,,False,False,6.0
Virginia,BANDIT,EDGE,bio,EDGE,DEF,4,Devon Baxter,SO,True,True,4.0
Virginia,RCB,CB,label,CB,DEF,4,Kevon Gray,JR,False,False,7.0
Notre Dame,WR-X,WR,label,WR,OFF,4,Jerome Bettis Jr.,FR,False,True,10.0
Notre Dame,RB,RB,label,RB,OFF,4,Javian Osborne,FR,False,False,4.0
Notre Dame,QB,QB,label,QB,OFF,4,Teddy Jarrard,FR,False,False,4.0
Notre Dame,TE,TE,label,TE,OFF,4,Ian Premer,FR,False,False,4.0
North Texas,WLB,LB,label,LB,DEF,4,Jaden Manning,SO,False,False,6.0
North Texas,DT,DT,label,DT,DEF,4,Grady Holmes,FR,False,False,7.0
Florida,DT,DT,label,DT,DEF,4,Sebastian Scott,JR,False,True,7.0
North Texas,FS,SAF,label,SAF,DEF,4,Julian Knox Sr.,JR,False,False,10.0
Northern Illinois,WR-Z,WR,label,WR,OFF,4,Braylon Agee,FR,False,False,10.0
Florida,DE,EDGE,label,EDGE,DEF,4,Jalen Wiggins,FR,False,True,7.0
Mississippi State,SS,SAF,label,SAF,DEF,4,Terrance Love,JR,False,True,9.0
Alabama,DE,EDGE,label,EDGE,DEF,4,Nolan Wilson,FR,False,False,4.0
Washington,NB,CB,bio,CB,DEF,4,Rahsjon Duncan,FR,False,False,9.0
Missouri,LT,OT,label,,OFF,4,Will Kemna,FR,False,True,14.0
Missouri,RB,RB,label,RB,OFF,4,Malae Fonoti,SO,True,True,4.0
Missouri,QB,QB,label,QB,OFF,4,Brett Brown,SR,False,True,4.0
Missouri,TE,TE,label,TE,OFF,4,Gavin Hoffman,SO,True,True,4.0
Missouri,DT,DT,label,DT,DEF,4,Mark Hensley,JR,True,True,7.0
Florida,RB,RB,label,RB,OFF,4,London Montgomery,JR,True,True,4.0
Virginia Tech,WR-X,WR,label,WR,OFF,4,Jeff Exinor Jr.,FR,False,True,9.0
Florida,FS,SAF,label,SAF,DEF,4,Brayden Slade,JR,False,True,10.0
North Texas,RB,RB,label,RB,OFF,4,Colin Page,SR,True,True,4.0
North Texas,QB,QB,label,QB,OFF,4,Ziondre Williams,FR,False,False,4.0
North Texas,TE,TE,label,TE,OFF,4,Connor Vaughn,GR,False,False,4.0
Missouri,JACK,EDGE,default,,DEF,4,CJ May,FR,True,True,8.0
Missouri,DE,EDGE,label,EDGE,DEF,4,Kamauryn Morgan,SO,True,False,7.0
Alabama,DT,DT,label,,DEF,4,Steve Bolo Mboumoua,SO,True,True,8.0
Alabama,NT,DT,label,DT,DEF,4,Isaia Faga,SO,False,True,7.0
Georgia,DE,EDGE,label,EDGE,DEF,4,PJ Dean,FR,False,False,7.0
Georgia,RB,RB,label,RB,OFF,4,Dwight Phillips Jr.,JR,False,False,4.0
Missouri,RCB,CB,label,CB,DEF,4,Trashundon Neal,FR,False,False,7.0
Missouri,WLB,LB,label,LB,DEF,4,Brian Huff,SO,False,True,7.0
Missouri,FS,SAF,label,SAF,DEF,4,Carter Stewart,FR,False,False,10.0
North Texas,LDE,EDGE,label,EDGE,DEF,4,Demetrie Morgan,GR,False,False,7.0
North Texas,LCB,CB,label,CB,DEF,4,Ja'Bree Bickham,SO,False,False,7.0
Virginia Tech,LDE,EDGE,label,EDGE,DEF,4,Deric Dandy,SO,False,True,7.0
North Carolina,WLB,LB,label,LB,DEF,4,DQ Forkpa,FR,False,False,7.0
Florida Atlantic,NT,DT,label,DT,DEF,4,Earl Miller Jr.,GR,True,False,7.0
North Carolina,FS,SAF,label,SAF,DEF,4,Jamarrion Gordon,FR,False,False,9.0
North Dakota State,WR-X,WR,label,WR,OFF,4,Kelly Watson,JR,False,True,10.0
Florida Atlantic,RB,RB,label,RB,OFF,4,Joshua Harriott,JR,False,True,4.0
Florida Atlantic,QB,QB,label,QB,OFF,4,Drew Devillier,SO,True,True,4.0
Florida Atlantic,LG,IOL,label,,OFF,4,Owen Cheatham,FR,False,False,13.0
North Dakota State,RB,RB,label,RB,OFF,4,Cortez LeGrant,JR,True,True,4.0
North Dakota State,MLB,LB,label,LB,DEF,4,Ryland Satter,SO,False,True,10.0
Virginia Tech,RB,RB,label,RB,OFF,4,Tyler Mason,SO,False,True,4.0
App State,MLB,LB,label,LB,DEF,4,Michael McClenton,FR,False,False,8.0
App State,WLB,LB,label,LB,DEF,4,Bryant Junius,FR,False,False,7.0
Florida Atlantic,WR-Y,WR,label,WR,OFF,4,Justin Weatherall,FR,False,False,10.0
North Dakota State,FS,SAF,label,SAF,DEF,4,Walker Braaten,FR,False,True,7.0
North Dakota State,LCB,CB,label,CB,DEF,4,Will Rosenmeyer,SO,False,True,7.0
North Texas,WR-X,WR,label,WR,OFF,4,Kyle Koch,JR,False,False,10.0
North Carolina,RB,RB,label,RB,OFF,4,Jaylen McGill,SO,False,False,4.0
North Carolina,QB,QB,label,QB,OFF,4,Travis Burgess,FR,False,False,4.0
North Carolina,TE,TE,label,TE,OFF,4,Jordan Washington,SO,True,True,4.0
North Carolina,DT,DT,label,DT,DEF,4,Trashawn Ruffin,FR,False,False,7.0
North Carolina,LDE,EDGE,label,LB,DEF,4,Ashton Blatt,FR,False,False,7.0
Georgia,QB,QB,label,QB,OFF,4,Hezekiah Millender,FR,False,True,4.0
Georgia,TE,TE,label,TE,OFF,4,Elyiss Williams,SO,False,False,4.0
Alabama,MLB,LB,label,LB,DEF,4,Zay Hall,FR,False,False,4.0
Washington,LDT,DT,label,DT,DEF,4,Tufanua Ionatana Umu-Cais,FR,False,False,7.0
Washington,RDE,EDGE,label,EDGE,DEF,4,Hayden Moore,JR,True,True,8.0
Washington,LDE,EDGE,label,EDGE,DEF,4,Victor Sanchez Hernandez,FR,False,True,7.0
Missouri State,RDT,DT,label,DT,DEF,4,Chase Mideau,FR,False,False,5.0
Georgia,LG,IOL,label,,OFF,4,Tyreek Jemison,FR,False,False,16.0
Georgia,WR-Z,WR,label,WR,OFF,4,Craig Dandridge,FR,False,False,11.0
Missouri State,LCB,CB,label,CB,DEF,4,Rory Butler,FR,False,False,6.0
North Carolina,LCB,CB,label,CB,DEF,4,Julian Peterson,FR,False,False,7.0
New Mexico State,SS,SAF,label,SAF,DEF,4,Garrett Stennett,FR,False,False,8.0
North Carolina,WR-Z,WR,label,WR,OFF,4,Zamaurious Robertson,FR,False,False,10.0
Georgia,WR-X,WR,label,WR,OFF,4,Ryan Mosley,FR,False,False,13.0
Georgia,WR-SL,WR,label,WR,OFF,4,Tyler J. Williams,FR,False,True,12.0
Washington,QB,QB,label,QB,OFF,4,Derek Zammit,FR,False,False,4.0
Washington,TE,TE,label,TE,OFF,4,Austin Simmons,FR,False,True,4.0
Alabama,LCB,CB,label,CB,DEF,4,Nick Sherman,JR,True,False,7.0
Navy,DT,DT,label,DT,DEF,4,Gavin Woods,SR,False,False,7.0
Navy,DE,EDGE,label,EDGE,DEF,4,JaSean McLean,SR,False,False,4.0
NC State,WR-Y,WR,label,WR,OFF,4,Ashton Locklear,GR,False,False,10.0
Fresno State,RDE,EDGE,label,EDGE,DEF,4,Maverick Noonan,JR,False,False,7.0
Fresno State,RB,RB,label,RB,OFF,4,Tariq Thomas,JR,False,False,4.0
NC State,JACK,EDGE,default,,DEF,4,Damaad Lewis,FR,False,False,7.0
North Carolina,LT,OT,label,,OFF,4,J.B. Shabazz,FR,False,False,13.0
Virginia Tech,NB,CB,bio,CB,DEF,4,Amauri Polydor,FR,False,False,10.0
App State,RB,RB,label,RB,OFF,4,J'Marion Burnette,JR,True,False,4.0
New Mexico,RDE,EDGE,label,EDGE,DEF,4,Devin Palmer,,False,False,7.0
New Mexico,RB,RB,label,RB,OFF,4,Deshaun Buchanan,JR,True,True,4.0
New Mexico,NB,CB,default,,DEF,4,Brannon Hampton,,False,False,8.0
Florida International,DT,DT,label,DT,DEF,4,Kyrie Samuel,SR,True,True,8.0
Florida International,NT,DT,label,DT,DEF,4,Anthony Smith,FR,False,True,7.0
Florida International,RDE,EDGE,label,EDGE,DEF,4,Nick Watson,SR,True,True,8.0
Florida International,LDE,EDGE,label,EDGE,DEF,4,King Massey,FR,False,True,7.0
New Mexico State,RB,RB,label,RB,OFF,4,Isaiah Rudison,SR,False,True,4.0
New Mexico State,TE,TE,label,TE,OFF,4,Ray Lotten,JR,True,True,4.0
New Mexico State,LG,IOL,label,,OFF,4,Evan Blaettler,SO,True,True,14.0
Florida International,RB,RB,label,RB,OFF,4,Jayden Ford,FR,False,False,4.0
Florida International,QB,QB,label,QB,OFF,4,Zachary Waters,JR,False,True,4.0
App State,QB,QB,label,QB,OFF,4,Gregory Fee,FR,False,True,4.0
Florida International,TE,TE,label,TE,OFF,4,Sean Burke,FR,False,True,4.0
New Mexico State,LDT,DT,label,,DEF,4,Josiah Jackson,GR,True,False,7.0
New Mexico State,RDE,EDGE,label,EDGE,DEF,4,Jamaun Thompson,FR,False,False,7.0
New Mexico,QB,QB,label,QB,OFF,4,James Laubstein,SR,True,True,4.0
NC State,RB,RB,label,RB,OFF,4,"Jayden ""Duke"" Scott",JR,False,False,4.0
Fresno State,TE,TE,label,TE,OFF,4,Zane Gerbo,FR,False,False,4.0
Washington,RT,OT,label,,OFF,4,Dominic Harris,FR,False,False,16.0
Washington,RB,RB,label,RB,OFF,4,Brian Bonner Jr.,FR,False,False,4.0
NC State,MLB,LB,label,LB,DEF,4,Logan Foust,JR,False,False,7.0
Fresno State,WR-SL,WR,label,WR,OFF,4,Darrian Anderson,SR,False,False,7.0
Florida State,SS,SAF,label,SAF,DEF,4,Antonio Cromartie Jr.,FR,False,True,10.0
Nebraska,WR-X,WR,label,WR,OFF,4,Nalin Scott,FR,False,False,10.0
Nebraska,TE,TE,label,TE,OFF,4,Luke Sorensen,FR,False,False,4.0
Nebraska,RDE,EDGE,label,,DEF,4,Mac Markway,JR,True,True,8.0
Nebraska,LDE,EDGE,label,EDGE,DEF,4,Jordan Ochoa,SO,False,True,7.0
Nebraska,RB,RB,label,RB,OFF,4,Kwinten Ives,JR,False,True,4.0
New Mexico,TE,TE,label,TE,OFF,4,Max Leeper,FR,False,False,4.0
New Mexico,RG,IOL,label,,OFF,4,Sebastian Dawkins,,False,False,10.0
App State,WR-SL,WR,label,WR,OFF,4,Jackson Grier,JR,True,True,10.0
Washington,WR-SL,WR,label,WR,OFF,4,Asa Thompson,FR,False,False,12.0
Washington,WR-Z,WR,label,WR,OFF,4,Deji Ajose,FR,False,True,11.0
Washington,WR-X,WR,label,,OFF,4,Bodpegn Miller,FR,True,True,10.0
Nebraska,DT,DT,label,DT,DEF,4,David Hoffken,SO,False,True,8.0
Nebraska,NT,DT,label,DT,DEF,4,Gabe Moore,JR,True,True,7.0
Nebraska,MLB,LB,label,LB,DEF,4,Christian Jones,FR,False,True,8.0
Nebraska,WLB,LB,label,LB,DEF,4,Derek Wacker,SO,False,True,7.0
Florida State,WLB,LB,label,LB,DEF,4,AJ Cottrill,SR,False,True,7.0
Florida State,DE,EDGE,label,EDGE,DEF,4,Cam Brooks,FR,False,False,6.0
Nevada,WR-X,WR,label,WR,OFF,4,Perrion Williams,FR,False,False,8.0
Nevada,RB,RB,label,RB,OFF,4,Ky Woods,SR,True,True,4.0
Nevada,QB,QB,label,QB,OFF,4,Kaden Martirano,FR,False,True,4.0
Nevada,TE-Y,TE,label,TE,OFF,4,Darren Schmitt,FR,False,False,4.0
Florida State,RB,RB,label,RB,OFF,4,Gemari Sands,JR,False,True,4.0
Florida State,QB,QB,label,QB,OFF,4,Michael Grant,JR,False,True,4.0
Florida State,TE,TE,label,TE,OFF,4,Greyson Labiad,SR,False,True,4.0
UConn,TE,TE,label,TE,OFF,4,Xavier Watson,FR,False,True,4.0
Auburn,TE,TE,label,TE,OFF,4,Arlis Boardingham,SR,True,True,4.0
UAB,MLB,LB,label,LB,DEF,4,Malachi Character,FR,False,False,6.0
UAB,FS,SAF,label,SAF,DEF,4,Mykale Hrabowski,FR,False,False,7.0
UAB,LCB,CB,label,CB,DEF,4,Draden Fullbright,FR,False,True,7.0
Auburn,RT,OT,label,,OFF,4,John Henry Flatt,SO,False,True,19.0
Jacksonville State,MLB,LB,label,LB,DEF,4,Mario Alloway,FR,False,False,7.0
Air Force,QB,QB,label,QB,OFF,4,Kemper Hodges,SR,False,False,4.0
Wyoming,WR-Z,WR,label,WR,OFF,4,Jarell Gary,FR,False,False,9.0
Wyoming,RB,RB,label,RB,OFF,4,Diore Hubbard,SO,True,True,4.0
James Madison,FS,SAF,label,SAF,DEF,4,LaRon Dues,FR,False,False,8.0
Jacksonville State,DE,EDGE,label,EDGE,DEF,4,Jumarion Larry,SR,False,True,7.0
Kansas,TE,TE,label,TE,OFF,4,Carter Moses,SR,False,True,4.0
Auburn,C,IOL,label,,OFF,4,Harrison Clemmer,JR,False,True,18.0
Auburn,LG,IOL,label,,OFF,4,Mason Mathis,FR,False,False,17.0
Auburn,LT,OT,label,,OFF,4,Cade Barnett,JR,True,True,16.0
James Madison,RB,RB,label,RB,OFF,4,Jackson McCarter,FR,False,True,4.0
Wyoming,TE-Y,TE,label,TE,OFF,4,Gage Brook,JR,False,True,4.0
Wyoming,QB,QB,label,QB,OFF,4,Taylor Hasselbeck,FR,False,False,4.0
James Madison,WR-X,WR,label,WR,OFF,4,Micah Matthews,FR,True,True,10.0
Air Force,TE,TE,label,TE,OFF,4,Mitchell Blakeslee,SR,False,False,4.0
UCLA,LG,IOL,label,,OFF,5,Lucas Hickey,FR,False,False,16.0
UCLA,TE,TE,label,TE,OFF,5,Stevie Amar Jr.,,False,False,5.0
Wyoming,TE-Y,TE,label,TE,OFF,5,Isaac Schoenfeld,SR,False,True,5.0
James Madison,RB,RB,label,RB,OFF,5,Malachi Fannin-Render,FR,False,True,5.0
James Madison,WR-Z,WR,label,WR,OFF,5,Kaleb Smith,FR,False,False,11.0
Arkansas State,RB,RB,label,RB,OFF,5,Nasir Allen,FR,False,True,5.0
UConn,TE,TE,label,TE,OFF,5,Clemens Richter,SO,False,True,5.0
New Mexico,RB,RB,label,RB,OFF,5,Darrion Bowers,FR,False,True,5.0
New Mexico,TE,TE,label,TE,OFF,5,Joey Olsen,,False,False,5.0
Nebraska,RB,RB,label,RB,OFF,5,Conor Booth,FR,False,True,5.0
Nebraska,WR-Z,WR,label,WR,OFF,5,Maurice Purify II,FR,False,False,11.0
Washington,QB,QB,label,QB,OFF,5,Dash Beierly,FR,False,True,5.0
Washington,RB,RB,label,RB,OFF,5,Ansu Sanoe,FR,False,False,5.0
New Mexico,QB,QB,label,QB,OFF,5,Cade Mitchell,,False,False,5.0
Nevada,RB,RB,label,RB,OFF,5,Carter Jackson,FR,False,True,5.0
Florida State,QB,QB,label,QB,OFF,5,Dean DeNobile,SR,False,True,5.0
Auburn,RB,RB,label,RB,OFF,5,Tae Meadows,SR,True,True,5.0
UAB,RB,RB,label,RB,OFF,5,Jayson Moll,FR,False,False,5.0
UConn,LDE,EDGE,label,EDGE,DEF,5,Makijah Latiker,FR,False,False,8.0
New Mexico State,RB,RB,label,RB,OFF,5,Xavier Rucker,FR,False,False,5.0
New Mexico,NB,CB,default,,DEF,5,Xavier Rivera-Rogers,,False,False,9.0
Jacksonville State,FS,SAF,label,SAF,DEF,5,Shondell Harris,FR,False,False,8.0
UConn,LT,OT,label,,OFF,5,Mason Howard,SR,False,False,16.0
Jacksonville State,RB,RB,label,RB,OFF,5,Landon Watkins,FR,False,False,5.0
Jacksonville State,DE,EDGE,label,EDGE,DEF,5,Kyten Davis,FR,False,False,8.0
Air Force,QB,QB,label,QB,OFF,5,Maguire Martin,SR,False,False,5.0
Jacksonville State,MLB,LB,label,LB,DEF,5,Devin Pettway,FR,False,False,8.0
Auburn,LG,IOL,label,,OFF,5,Mykall Lundy-Foster,FR,False,False,20.0
UAB,FS,SAF,label,SAF,DEF,5,Elijah Pratt,FR,False,True,8.0
Auburn,TE,TE,label,TE,OFF,5,Ryan Ghea,SO,False,False,5.0
Nebraska,WLB,LB,label,LB,DEF,5,Jacob Bower,JR,False,False,9.0
UCLA,RDE,EDGE,label,EDGE,DEF,5,Dallin Havea,,False,False,8.0
Missouri State,RDT,DT,label,DT,DEF,5,Brandon Hightower,FR,False,False,7.0
Georgia,TE,TE,label,TE,OFF,5,Lincoln Keyes,FR,False,False,5.0
North Carolina,NT,DT,label,DT,DEF,5,Viliami Moala,FR,False,False,8.0
North Carolina,TE,TE,label,TE,OFF,5,Carson Sneed,FR,False,False,5.0
Arkansas State,QB,QB,label,QB,OFF,5,Mason Schubert,FR,True,True,5.0
Kennesaw State,TE,TE,label,TE,OFF,5,Darren Pinkard,FR,False,False,5.0
Kennesaw State,RB,RB,label,RB,OFF,5,Celley Davis,FR,False,False,5.0
Iowa State,RCB,CB,label,CB,DEF,5,Matthew McClain,FR,False,False,7.0
Jacksonville State,WR-SL,WR,label,WR,OFF,5,Cade Frier,FR,False,False,11.0
Auburn,MLB,LB,label,LB,DEF,5,Chris Wells,FR,False,False,9.0
Auburn,RCB,CB,label,CB,DEF,5,Grey Reebals,SO,False,False,9.0
UConn,WLB,LB,label,LB,DEF,5,Terris Dudley,SO,False,False,8.0
Ball State,WR-X,WR,label,WR,OFF,5,Char'rese Breveard,FR,False,False,11.0
Tulane,RB,RB,label,RB,OFF,5,DJ Dugar,FR,False,True,5.0
Arkansas State,LG,IOL,label,,OFF,5,JB Hoehn,,False,False,15.0
North Carolina,RB,RB,label,RB,OFF,5,Crew Davis,FR,False,False,5.0
Arkansas,SS,SAF,label,SAF,DEF,5,Kyndrick Williams,FR,False,False,12.0
Ball State,NB,CB,bio,LB,DEF,5,Jovan Clark,FR,False,True,9.0
North Texas,RB,RB,label,RB,OFF,5,Adarion Nettles,FR,False,False,5.0
North Texas,LDE,EDGE,label,LB,DEF,5,Cason Applewhite,FR,False,False,8.0
Georgia,QB,QB,label,QB,OFF,5,Bryson Beaver,FR,False,False,5.0
Georgia,RB,RB,label,RB,OFF,5,Jae Lamar,FR,False,False,5.0
Georgia,JACK,EDGE,default,LB,DEF,5,Darren Ikinnagbon,SO,False,False,8.0
Missouri,DE,EDGE,label,EDGE,DEF,5,Jocques Felix,FR,False,False,9.0
North Texas,TE,TE,label,TE,OFF,5,Victor Aderungboye,JR,False,False,5.0
North Texas,WR-Z,WR,label,WR,OFF,5,Shandon King,SR,False,False,11.0
North Dakota State,RB,RB,label,RB,OFF,5,Braylon Toliver,FR,False,False,5.0
North Carolina,FS,SAF,label,SAF,DEF,5,David Davis,FR,False,False,10.0
Florida Atlantic,DT,DT,label,DT,DEF,5,Lebron Edmond,JR,False,False,8.0
North Carolina,MLB,LB,label,LB,DEF,5,Jordan Avinger,FR,False,False,8.0
North Carolina,RCB,CB,label,CB,DEF,5,Xavier Jackson,FR,False,False,8.0
Georgia,RG,IOL,label,,OFF,5,Mason Short,FR,False,True,17.0
North Texas,NB,CB,bio,,DEF,5,Kamdon McFarland,SR,False,False,11.0
North Texas,DT,DT,label,DT,DEF,5,Avion Carter,SR,False,False,8.0
Virginia Tech,RDE,EDGE,label,EDGE,DEF,5,Daniel Jennings,FR,False,True,8.0
Arkansas State,TE,TE,label,TE,OFF,5,Jaden Hamm,JR,True,True,5.0
Ball State,RG,IOL,label,,OFF,5,Misael Sandoval,JR,False,True,12.0
Ball State,TE,TE,label,TE,OFF,5,Lucas Andresen,FR,False,False,5.0
Troy,RB,RB,label,RB,OFF,5,Bryce Burgess,JR,True,False,4.0
Ball State,RB,RB,label,RB,OFF,5,Elijah Jackson,JR,False,True,5.0
Ball State,DE,EDGE,label,EDGE,DEF,5,Mason Holbrook,FR,False,False,9.0
Iowa State,LDE,EDGE,label,,DEF,5,Tyler Burnstein,FR,False,False,8.0
Kent State,TE,TE,label,TE,OFF,5,Dakota Taylor,SO,False,True,5.0
Wisconsin,QB,QB,label,QB,OFF,5,Danny O'Neil,JR,False,False,5.0
Ball State,WLB,LB,label,LB,DEF,5,Gannon Knowles,FR,False,False,7.0
Toledo,WLB,LB,label,LB,DEF,5,Hayden Roy,FR,False,False,9.0
Toledo,RB,RB,label,RB,OFF,5,Noah Sanders,FR,False,True,5.0
Arkansas,LCB,CB,label,CB,DEF,5,Landon Phipps,SR,False,True,8.0
Arizona,WR-Z,WR,label,WR,OFF,5,Scotty Brennan,FR,False,True,12.0
East Carolina,RB,RB,label,RB,OFF,5,Meliq McGowan,,False,False,5.0
East Carolina,DE,EDGE,label,EDGE,DEF,5,Ethan Wilson,,False,False,9.0
Notre Dame,TE,TE,label,TE,OFF,5,Jack Larsen,SO,False,False,5.0
Notre Dame,RB,RB,label,RB,OFF,5,Jonaz Walton,FR,False,False,5.0
Notre Dame,WR-SL,WR,label,WR,OFF,5,Matt Jeffery,SO,False,False,11.0
Virginia,LCB,CB,label,CB,DEF,5,Justin Ross,JR,False,False,8.0
Northwestern,RB,RB,label,RB,OFF,5,Daniel Anderson,,False,False,5.0
Northern Illinois,TE,TE,label,TE,OFF,5,Devin Habermehl,SO,False,False,5.0
Northern Illinois,RB,RB,label,RB,OFF,5,Reginald Craig,FR,False,True,5.0
Virginia Tech,TE,TE,label,TE,OFF,5,Harrison Saint Germain,SR,False,True,5.0
Florida,RB,RB,label,RB,OFF,5,Anthony Rubio,JR,False,True,5.0
Missouri,TE,TE,label,TE,OFF,5,Isaac Jensen,FR,False,False,5.0
Missouri,QB,QB,label,QB,OFF,5,Gavin Sidwar,FR,False,False,5.0
Missouri,RB,RB,label,RB,OFF,5,Max Warner,FR,False,False,5.0
Alabama,RUSH,EDGE,bio,,DEF,5,Caleb Smith,SO,False,False,5.0
Oklahoma,LDE,EDGE,label,EDGE,DEF,5,Matthew Nelson,FR,False,False,7.0
Minnesota,RB,RB,label,RB,OFF,5,Jaron Thomas,SO,False,False,5.0
Alabama,QB,QB,label,QB,OFF,5,Tayden-Evan Kaawa,FR,False,False,5.0
Alabama,RB,RB,label,RB,OFF,5,Trae'shawn Brown,FR,False,False,5.0
Oklahoma,TE,TE,label,TE,OFF,5,Tyler Ruxer,FR,False,False,5.0
Oklahoma,WR-Z,WR,label,WR,OFF,5,Daniel Odom,FR,False,False,11.0
Oklahoma,C,IOL,label,,OFF,5,Owen Hollenbeck,FR,False,True,13.0
Duke,QB,QB,label,QB,OFF,5,Blaine Hipa,,False,False,5.0
Virginia,RB,RB,label,RB,OFF,5,Xavier Brown,GR,False,False,5.0
Duke,WLB,LB,label,LB,DEF,5,Jon Morris,SO,False,True,8.0
Georgia,NT,DT,label,DT,DEF,5,Nasir Johnson,SO,False,True,8.0
Mississippi State,MLB,LB,label,LB,DEF,5,James Heard Jr.,JR,False,True,7.0
Mississippi State,RB,RB,label,RB,OFF,5,Cooper Crosby,FR,False,False,5.0
Georgia,MAC,LB,label,LB,DEF,5,Terrence Penick Jr.,FR,False,False,5.0
Mississippi State,QB,QB,label,QB,OFF,5,Parker Puckett,FR,False,True,5.0
Ohio State,RB,RB,label,RB,OFF,5,Anthony “Turbo” Rogers,FR,False,True,5.0
Alabama,TE,TE,label,TE,OFF,5,Jay Lindsey,SO,False,True,5.0
Arizona,QB,QB,label,QB,OFF,5,Mason Bray,SO,False,True,5.0
Arizona,RB,RB,label,RB,OFF,5,Cornelius Warren III,FR,False,True,5.0
Oklahoma,RCB,CB,label,CB,DEF,5,Derrick Johnson II,FR,False,False,8.0
Baylor,RB,RB,label,RB,OFF,5,HD Davis,FR,False,False,5.0
UNLV,TE,TE,label,TE,OFF,5,Andreas Diaz-Nicolaidis,FR,False,False,5.0
Iowa State,TE,TE,label,TE,OFF,5,Drew Byrd,FR,False,False,5.0
Kent State,RB,RB,label,RB,OFF,5,Ayden Harris,SO,False,True,5.0
Iowa State,QB,QB,label,QB,OFF,5,Hudson Kurland,FR,False,False,5.0
Wisconsin,WR-Z,WR,label,WR,OFF,5,Malachi Coleman,JR,False,True,9.0
Air Force,WLB,LB,label,LB,DEF,5,Brody Bujnoch,SR,False,False,9.0
Iowa State,RB,RB,label,RB,OFF,5,Caleb Francois,FR,False,False,5.0
Texas State,RDE,EDGE,label,EDGE,DEF,5,D'Ante Keys,,False,False,8.0
UNLV,RB,RB,label,RB,OFF,5,Skylar Vann,FR,False,False,5.0
Texas A&M,RB,RB,label,RB,OFF,5,Carsyn Baker,FR,False,False,5.0
Oklahoma,RB,RB,label,RB,OFF,5,DeZephen Walker,FR,False,False,5.0
Michigan,NT,DT,label,DT,DEF,5,Manuel Beigel,JR,False,False,9.0
Alabama,LG,IOL,label,,OFF,5,Bear Fretwell,FR,False,False,16.0
Old Dominion,RB,RB,label,,OFF,5,Ja'Varien Salter,SR,True,False,5.0
Arizona,DE,EDGE,label,EDGE,DEF,5,Prince Williams,FR,False,False,5.0
Vanderbilt,RB,RB,label,RB,OFF,5,Gabe Fields,FR,False,True,5.0
Old Dominion,C,IOL,label,,OFF,5,Khi'Len Gates,JR,True,True,8.0
Old Dominion,TE,TE,label,TE,OFF,5,Nathan Hartman,JR,True,True,5.0
Oklahoma State,FS,SAF,label,SAF,DEF,5,Markeith Williams,SR,False,True,9.0
Oklahoma State,WLB,LB,label,LB,DEF,5,Gunnar Wilson,SO,False,True,8.0
Oklahoma State,RCB,CB,label,CB,DEF,5,Maliek Bracy,FR,False,False,7.0
Oklahoma State,RDE,EDGE,label,EDGE,DEF,5,Joey Quinn,FR,False,False,8.0
Georgia State,TE,TE,label,TE,OFF,5,Kyle Mullenix,FR,False,True,5.0
Middle Tennessee,RB,RB,label,RB,OFF,5,Robert Lathon Jr.,FR,False,False,5.0
Georgia State,QB,QB,label,QB,OFF,5,Jadon Olafsson,FR,False,True,5.0
Georgia State,RB,RB,label,RB,OFF,5,Ladainnian Martin,FR,False,True,5.0
Georgia State,JACK,EDGE,bio,EDGE,DEF,5,Eli Richards,FR,False,False,7.0
Penn State,RT,OT,label,,OFF,5,Mason Bandhauer,FR,False,False,15.0
Penn State,TE,TE,label,TE,OFF,5,Finn Furmanek,JR,False,True,5.0
Oregon State,WLB,LB,label,LB,DEF,5,Clive Pond,JR,False,False,8.0
Michigan,DE,EDGE,label,EDGE,DEF,5,Ted Hammond,JR,False,False,9.0
Georgia Tech,TE,TE,label,TE,OFF,5,Nate Agyemang,FR,False,False,5.0
Georgia Tech,QB,QB,label,QB,OFF,5,Ben Guthrie,JR,False,True,5.0
Michigan,TE,TE,label,TE,OFF,5,Eli Owens,FR,False,True,5.0
Michigan,QB,QB,label,QB,OFF,5,Brady Smigiel,FR,False,False,5.0
Michigan,RB,RB,label,RB,OFF,5,Jonathan Brown,FR,False,False,5.0
Colorado,RB,RB,label,RB,OFF,5,JaQuail Smith,SO,False,False,5.0
Oregon State,RB,RB,label,RB,OFF,5,Tre Garrison,FR,False,False,5.0
Oregon,RB,RB,label,RB,OFF,5,Brandon Smith,FR,False,False,5.0
Colorado State,TE,TE,label,TE,OFF,5,Ryan McConnell,SR,False,True,5.0
Ole Miss,MLB,LB,label,LB,DEF,5,Tre Ellis,FR,False,False,7.0
Vanderbilt,TE,TE,label,TE,OFF,5,Gabe Fisher,JR,False,True,5.0
Michigan State,RB,RB,label,RB,OFF,5,Jace Clarizio,FR,False,True,5.0
Tennessee,SS,SAF,label,SAF,DEF,5,Luke Thompson,FR,False,False,12.0
Tennessee,MLB,LB,label,LB,DEF,5,Jordan Burns,SO,False,True,9.0
Cincinnati,CAT,SAF,bio,SAF,DEF,5,Drew Robinson,SO,False,True,5.0
Clemson,WR-Z,WR,label,WR,OFF,5,Sam Earle,JR,False,False,13.0
Rice,WR-SL,WR,label,WR,OFF,5,Max Mosey,SR,False,True,10.0
Clemson,RDT,DT,label,DT,DEF,5,Kam Cody,FR,False,False,7.0
Georgia Tech,RB,RB,label,RB,OFF,5,Chad Alexander,JR,False,True,5.0
Georgia Tech,DE,EDGE,label,EDGE,DEF,5,Taje McCoy,SR,False,False,8.0
Penn State,SS,SAF,label,SAF,DEF,5,Christian Askew,FR,False,False,10.0
Penn State,LCB,CB,label,CB,DEF,5,Tyrell Chatman,FR,False,False,7.0
Penn State,LDT,DT,label,,DEF,5,De'Andre Cook,SO,False,True,8.0
Penn State,MLB,LB,label,LB,DEF,5,Keian Kaiser,FR,False,False,7.0
UTSA,RB,RB,label,RB,OFF,5,Mykha Green,FR,False,False,5.0
Penn State,QB,QB,label,QB,OFF,5,Peyton Falzone,FR,False,False,5.0
Penn State,RB,RB,label,RB,OFF,5,D'Antae Sheffey,FR,False,False,5.0
Penn State,RDE,EDGE,label,EDGE,DEF,5,Elijah Reeder,FR,False,False,8.0
West Virginia,MLB,LB,label,LB,DEF,5,Jason Hall Jr.,JR,False,True,8.0
San Diego State,RG,IOL,label,,OFF,5,Mercer Luniewski,SO,True,True,6.0
UTEP,LDE,EDGE,label,EDGE,DEF,5,Justin Roberts,FR,False,False,5.0
Charlotte,TE,TE,label,TE,OFF,5,Grant Laskey,SO,False,True,5.0
Charlotte,QB,QB,label,QB,OFF,5,Luke McNulty,FR,False,True,5.0
Sam Houston,TE,TE,label,TE,OFF,5,Jack Merryman,FR,False,False,5.0
Charlotte,RB,RB,label,RB,OFF,5,D'Mariun Perteet,JR,True,True,5.0
Cincinnati,DOG,EDGE,bio,LB,DEF,5,Terrell Holcomb,FR,False,True,5.0
Arkansas,DT,DT,label,DT,DEF,5,Anthony Kennedy Jr.,FR,False,False,9.0
UNLV,DT,DT,label,DT,DEF,5,Cohen Fuller,GR,False,False,9.0
Texas,NB,CB,default,,DEF,5,Yaheim Riley,FR,False,False,11.0
Kentucky,TE,TE,label,TE,OFF,5,Justin Kattus,SO,False,True,5.0
Kentucky,QB,QB,label,QB,OFF,5,Carson Cruver,JR,True,True,5.0
Iowa State,LG,IOL,label,,OFF,5,Kingston Fotualii,FR,False,False,15.0
Texas,RB,RB,label,RB,OFF,5,Michael Terry III,FR,False,True,5.0
Texas,LDT,DT,label,DT,DEF,5,James Johnson,FR,False,False,9.0
San José State,QB,QB,label,QB,OFF,5,CJ Lee,SO,False,True,5.0
Massachusetts,TE,TE,label,TE,OFF,5,Matt Ogunniyi,SO,True,True,5.0
Maryland,LDT,DT,label,DT,DEF,5,Joel Starlings,JR,False,True,8.0
Maryland,TE,TE,label,TE,OFF,5,Daniel Owens,SR,False,True,5.0
Illinois,WR-X,WR,label,QB,OFF,5,Jershaun Newton,FR,False,True,7.0
Akron,LCB,CB,label,CB,DEF,5,Khory Moss,FR,False,True,7.0
San José State,RB,RB,label,RB,OFF,5,Isaiah Carlson,JR,True,True,2.0
UTEP,WR-X,WR,label,WR,OFF,5,Jacaleb Johnson,FR,False,False,12.0
San José State,RDE,EDGE,label,,DEF,5,Colton Thomas,FR,False,True,6.0
San José State,TE,TE,label,TE,OFF,5,Kamaehu Kopa-Kaawalauole,JR,False,True,2.0
San Diego State,NB,CB,bio,CB,DEF,5,Prince Williams,SO,False,True,9.0
San José State,WR-X,WR,label,QB,OFF,5,Tama Amisone,SO,False,False,7.0
Arizona State,TE,TE,label,TE,OFF,5,Kristian Ingman,JR,False,False,5.0
Arizona State,RB,RB,label,RB,OFF,5,Grayson Rigdon,FR,False,False,5.0
Memphis,NT,DT,label,DT,DEF,5,Eric Thomas,FR,False,True,8.0
Memphis,MLB,LB,label,LB,DEF,5,Zach Ruffin,SO,False,False,8.0
SMU,TE,TE,label,TE,OFF,5,Zack Turner,FR,False,False,5.0
San José State,SS,SAF,label,,DEF,5,Brian Dukes Jr.,SR,True,True,4.0
Arkansas,LDE,EDGE,label,EDGE,DEF,5,Colton Yarbrough,FR,False,False,9.0
Arkansas,JACK,EDGE,default,LB,DEF,5,J'Lynn Allen,SO,True,True,10.0
Louisiana,TE,TE,label,TE,OFF,5,Khristian Mackintrush,FR,False,True,5.0
Louisiana,QB,QB,label,QB,OFF,5,Alex Munoz,FR,False,False,5.0
Indiana,STUD,EDGE,default,LB,DEF,5,Quentin Clark,SO,False,True,5.0
Louisiana,LT,OT,label,,OFF,5,David Baker,FR,False,False,14.0
Tennessee,LCB,CB,label,CB,DEF,5,Jamyan Theodore,FR,False,False,8.0
Tennessee,DT,DT,label,DT,DEF,5,Nuk Simmons,FR,False,False,9.0
Boston College,RT,OT,label,,OFF,5,Souleye Diawara,SO,False,True,19.0
USC,TE,TE,label,TE,OFF,5,Walter Matthews,SO,False,True,5.0
Arkansas,RB,RB,label,RB,OFF,5,TJ Hodges,FR,False,False,5.0
Boston College,TE,TE,label,TE,OFF,5,Danny Edgehille,SO,False,True,5.0
Boston College,RB,RB,label,RB,OFF,5,Sedric Addison,FR,False,False,5.0
Arizona State,LDE,EDGE,label,EDGE,DEF,5,Salesi Manu,JR,False,False,8.0
LSU,RDE,EDGE,label,EDGE,DEF,5,Achilles Woods,SO,False,True,7.0
Western Kentucky,RB,RB,label,RB,OFF,5,Le'Kamren Meadows,FR,False,False,5.0
Illinois,MLB,LB,label,LB,DEF,5,Caden Considine,FR,False,False,7.0
Illinois,LCB,CB,label,CB,DEF,5,James Finley IV,SO,True,False,3.0
South Florida,RG,IOL,label,,OFF,5,Jaylin Acevedo,SO,False,False,14.0
South Carolina,RT,OT,label,,OFF,5,Jake Recker,SO,False,True,16.0
South Carolina,WR-X,WR,label,WR,OFF,5,Stone Furrey,FR,False,False,11.0
South Alabama,QB,QB,label,QB,OFF,5,Jerry Horne,SO,True,False,5.0
South Alabama,RB,RB,label,RB,OFF,5,Lavonte Cole,FR,False,False,5.0
South Alabama,EDGE,EDGE,label,LB,DEF,5,Christian Ross,SR,True,True,6.0
Illinois,TE,TE,label,TE,OFF,5,Will Vala III,FR,False,False,5.0
Illinois,RB,RB,label,RB,OFF,5,John Forster,FR,False,True,5.0
Western Kentucky,LDE,EDGE,label,EDGE,DEF,5,Bryce Fulda,FR,False,False,7.0
LSU,STAR,SAF,bio,SAF,DEF,5,Jackson Williams,FR,False,False,10.0
South Alabama,TE,TE,label,TE,OFF,5,Julius Mathis,FR,False,False,5.0
California,TE,TE,label,TE,OFF,5,Taimane Purcell,FR,False,False,5.0
LSU,TE,TE,label,TE,OFF,5,JC Anderson,FR,False,False,5.0
Indiana,WR-SL,WR,label,,OFF,5,Lavar Keys,FR,False,False,8.0
Louisville,RB,RB,label,RB,OFF,5,Lekhy Thompkins,FR,False,False,5.0
Indiana,LG,IOL,label,,OFF,5,CJ Scifres,FR,False,False,13.0
Bowling Green,TE,TE,label,TE,OFF,5,Kentrell White,FR,False,False,5.0
Bowling Green,QB,QB,label,QB,OFF,5,Caleb Moyer,FR,False,False,5.0
Syracuse,QB,QB,label,QB,OFF,5,Malachi Nelson,JR,False,True,5.0
Bowling Green,RB,RB,label,WR,OFF,5,Marceles Carey,FR,False,False,5.0
Bowling Green,DE,EDGE,label,EDGE,DEF,5,Trent Merrell,FR,False,False,5.0
Buffalo,TE,TE,label,TE,OFF,5,Aiden Howard,FR,False,False,5.0
Buffalo,QB,QB,label,QB,OFF,5,Jake Forburger,FR,False,False,5.0
Buffalo,RB,RB,label,RB,OFF,5,Chase Enlow,FR,False,False,5.0
South Florida,RB,RB,label,RB,OFF,5,Tray Kinkle,FR,False,True,5.0
South Florida,EDGE,EDGE,label,EDGE,DEF,5,Harrysson Ngassa,SO,False,False,8.0
LSU,WLB,LB,label,LB,DEF,5,Jaiden Braker,FR,False,True,8.0
LSU,RB,RB,label,RB,OFF,5,Stacy Gage,SO,True,True,5.0
Arkansas,LT,OT,label,,OFF,5,Ben Mubenga,FR,False,False,16.0
Louisville,TE,TE,label,TE,OFF,5,Julius Miles,FR,False,False,5.0
Indiana,TE,TE,label,,OFF,5,PJ MacFarlane,FR,False,False,5.0
Indiana,RB,RB,label,RB,OFF,5,Jayreon Campbell,FR,False,False,5.0
Louisiana Tech,QB,QB,label,QB,OFF,5,Brady Vodicka,FR,False,False,5.0
Louisiana Tech,RB,RB,label,RB,OFF,5,Riley Small,SO,False,True,5.0
Temple,QB,QB,label,QB,OFF,5,Brody Norman,FR,False,False,5.0
Temple,RB,RB,label,RB,OFF,5,R.J. Blount,FR,False,False,5.0
Boston College,NT,DT,label,,DEF,5,Jackson Carlisle,FR,False,False,9.0
Boston College,DT,DT,label,,DEF,5,Mac Fitzgerald,FR,False,False,10.0
Boston College,MLB,LB,label,LB,DEF,5,Steve Klein,FR,False,False,9.0
Boston College,LCB,CB,label,,DEF,5,Xavier Myers,FR,False,False,9.0
Boston College,RCB,CB,label,,DEF,5,Charleston Coldon,FR,False,True,10.0
TCU,RB,RB,label,RB,OFF,5,Amante Martin,FR,False,False,5.0
Utah,TE,TE,label,TE,OFF,5,Sione Motuapuaka,FR,False,True,5.0
Arkansas,WR-X,WR,label,WR,OFF,5,Jude Hall,FR,False,False,12.0
Florida State,RB,RB,label,RB,OFF,5,Zay Parks,SO,False,True,5.0
Nevada,QB,QB,label,WR,OFF,5,Deven Vigue,FR,False,False,5.0
Nevada,WR-X,WR,label,WR,OFF,5,Isaiah Williams,FR,False,False,9.0
Tennessee,LEO,EDGE,bio,LB,DEF,5,Zach Groves,FR,False,False,9.0
Tennessee,RG,IOL,label,,OFF,5,Ed Baker,FR,False,False,14.0
Arkansas,QB,QB,label,QB,OFF,5,Hank Hendrix,FR,False,False,5.0
Tennessee,TE,TE,label,TE,OFF,5,Luca Wolf,FR,False,False,5.0
Indiana,DT,DT,label,DT,DEF,5,Gabe Hill,FR,False,False,8.0
Indiana,MLB,LB,label,LB,DEF,5,Kaden McConnell,SO,False,True,10.0
Louisiana,LCB,CB,label,CB,DEF,5,Luke Green,FR,False,False,7.0
Indiana,WLB,LB,label,LB,DEF,5,Amari Kamara,FR,False,True,9.0
Louisiana,JACK,EDGE,default,LB,DEF,5,Jordan Pinnock,FR,False,False,8.0
Boston College,DE,EDGE,label,,DEF,5,Mason Leak,FR,False,False,9.0
Boston College,JACK,EDGE,bio,,DEF,5,Demeterius Thompson,FR,False,False,10.0
Temple,SLB,LB,label,,DEF,5,David Kpeglo,SR,False,False,8.0
Temple,DE,EDGE,label,EDGE,DEF,5,Kechan Miller,FR,False,False,8.0
App State,QB,QB,label,QB,OFF,5,Bronzden Chaffin,FR,False,False,5.0
App State,RB,RB,label,RB,OFF,5,Treyaun Webb,JR,True,True,5.0
North Carolina,LG,IOL,label,,OFF,5,Zion Smith,FR,False,False,14.0
NC State,RB,RB,label,RB,OFF,5,Darius Johnson,SR,False,False,5.0
NC State,WR-X,WR,label,WR,OFF,5,Teddy Hoffmann,SO,False,False,11.0
Washington,TE,TE,label,TE,OFF,5,Charlie Crowell,SO,False,True,5.0
Georgia,WR-SL,WR,label,WR,OFF,5,Jeremy Bell,SO,False,True,10.0
North Carolina,WR-SL,WR,label,WR,OFF,5,Nyqir Helton,FR,False,False,11.0
Florida International,TE,TE,label,TE,OFF,5,Ayden Passley,FR,False,False,5.0
Florida International,RB,RB,label,RB,OFF,5,Justin Compere,FR,False,False,5.0
Jacksonville State,LCB,CB,label,CB,DEF,5,Javan Allison,FR,False,False,7.0
Auburn,WR-X,WR,label,WR,OFF,5,Erick Smith,SO,False,False,12.0
UConn,QB,QB,label,QB,OFF,5,Bo Polston,FR,False,False,5.0
Jacksonville State,LG,IOL,label,,OFF,5,JT Howell,FR,False,False,16.0
Jacksonville State,QB,QB,label,QB,OFF,5,Noah Lee,FR,False,False,5.0
Auburn,QB,QB,label,TE,OFF,5,Hunter Herring,SR,False,False,5.0
UConn,WR-SL,WR,label,WR,OFF,5,Daniel Rose,FR,False,True,14.0
UConn,WR-X,WR,label,WR,OFF,5,Logan Barnes,FR,False,False,13.0
Florida State,WLB,LB,label,LB,DEF,5,Ethan Pritchard,FR,False,True,8.0
Nebraska,DT,DT,label,DT,DEF,5,Dylan Parrott,SR,False,True,10.0
UConn,RB,RB,label,RB,OFF,5,Jaden Hart,JR,True,False,5.0
Nebraska,NT,DT,label,DT,DEF,5,Dylan Berymon,FR,False,False,9.0
Jacksonville State,LCB,CB,label,CB,DEF,6,Rodarion Jones,FR,False,False,8.0
Florida State,WLB,LB,label,LB,DEF,6,Brandon Torres,JR,False,True,9.0
New Mexico,TE,TE,label,TE,OFF,6,Bear Tenney,,False,False,6.0
James Madison,WR-Z,WR,label,WR,OFF,6,Xavier McDonald,FR,False,False,12.0
Nevada,RB,RB,label,RB,OFF,6,Mekai Smith,FR,False,False,6.0
Tennessee,LEO,EDGE,bio,EDGE,DEF,6,Hezekiah Harris,FR,False,False,10.0
Indiana,DT,DT,label,DT,DEF,6,Rodney White,FR,False,False,9.0
Tennessee,TE,TE,label,TE,OFF,6,Drake Martinez,SR,False,False,6.0
LSU,WR-X,WR,label,WR,OFF,6,Brayden Allen,FR,False,False,11.0
Louisiana Tech,RB,RB,label,RB,OFF,6,Rayshun Hurt,FR,False,False,6.0
Indiana,WLB,LB,label,LB,DEF,6,Kevontay Hugan,FR,False,False,11.0
Arkansas,RG,IOL,label,,OFF,6,Hugh Smith,FR,False,False,17.0
South Carolina,WR-X,WR,label,WR,OFF,6,Lex Cyrus,FR,False,True,12.0
South Carolina,LT,OT,label,,OFF,6,Vincent Chen,JR,False,False,17.0
LSU,RDE,EDGE,label,EDGE,DEF,6,Trenton Henderson,FR,False,False,9.0
LSU,RB,RB,label,RB,OFF,6,Raycine Guillory Jr.,FR,False,True,6.0
Arizona State,RB,RB,label,RB,OFF,6,David Avit,JR,False,False,6.0
Tennessee,NT,DT,label,DT,DEF,6,Dereon Albert,FR,False,False,10.0
Maryland,TE,TE,label,TE,OFF,6,JT Taggart,SO,False,False,6.0
San José State,RB,RB,label,,OFF,6,Viliami Teu,JR,False,True,3.0
South Alabama,EDGE,EDGE,label,LB,DEF,6,Jordan Williams,JR,False,True,7.0
San José State,SS,SAF,label,SAF,DEF,6,Nassir Pitters,JR,False,True,6.0
San José State,RDE,EDGE,label,,DEF,6,Jeremiah Tuiileila,FR,True,True,8.0
Arkansas,LDE,EDGE,label,LB,DEF,6,Donovan Whitten,JR,False,True,11.0
Clemson,RDT,DT,label,DT,DEF,6,Devarrick Woods,GR,False,False,8.0
Tennessee,MLB,LB,label,LB,DEF,6,Ryan Scott,SO,False,True,10.0
Texas,RB,RB,label,RB,OFF,6,Jett Walker,FR,False,False,6.0
Tennessee,SS,SAF,label,SAF,DEF,6,KJ McClain,FR,False,False,13.0
Iowa State,LT,OT,label,,OFF,6,Benji Makelela,FR,False,False,16.0
Kentucky,TE-Y,TE,label,TE,OFF,6,Lincoln Watkins,FR,False,False,6.0
Texas,FS,SAF,label,SAF,DEF,6,Toray Davis,FR,False,False,12.0
San José State,TE,TE,label,TE,OFF,6,Max Friedman,SO,True,True,3.0
Alabama,TE,TE,label,TE,OFF,6,Mack Sutter,FR,False,False,6.0
Georgia State,RB,RB,label,RB,OFF,6,Qwantavius Wiggins,FR,False,False,6.0
Iowa State,TE,TE,label,TE,OFF,6,Jordan Vyborny,FR,False,True,6.0
Arizona,RB,RB,label,RB,OFF,6,Anthony Wilhite,SR,False,True,6.0
Iowa State,RB,RB,label,RB,OFF,6,Salahadin Allah,JR,False,False,6.0
Oklahoma,RDE,EDGE,label,EDGE,DEF,6,Dane Bathurst,FR,False,False,8.0
Texas A&M,RB,RB,label,RB,OFF,6,DeDe Murray,FR,False,True,6.0
Texas State,RDE,EDGE,label,EDGE,DEF,6,Josiah Graham,,False,False,9.0
Colorado State,TE,TE,label,TE,OFF,6,Grant Houser,FR,False,True,6.0
Georgia Tech,RB,RB,label,RB,OFF,6,Trelain Maddox,JR,False,False,6.0
Penn State,SS,SAF,label,SAF,DEF,6,Bryson Williams,FR,False,False,11.0
Penn State,QB,QB,label,QB,OFF,6,Jack Lambert,JR,False,True,6.0
Michigan,RB,RB,label,RB,OFF,6,Donovan Johnson,SO,False,False,6.0
Michigan,DT,DT,label,DT,DEF,6,Bobby Kanka,SO,False,False,10.0
Oklahoma State,LCB,CB,label,CB,DEF,6,Jeremiah Piper,SR,False,True,8.0
Oklahoma State,RDE,EDGE,label,EDGE,DEF,6,DJ Jackson Jr.,SR,False,False,9.0
Oklahoma,RG,IOL,label,,OFF,6,Deacon Schmitt,FR,False,False,14.0
Minnesota,RB,RB,label,RB,OFF,6,Xavier Ford,SO,False,False,6.0
Georgia,TE,TE,label,TE,OFF,6,Brayden Fogle,FR,False,False,6.0
North Carolina,DT,DT,label,DT,DEF,6,Jimmy-Phrisco Alo-Suliafu,FR,False,False,9.0
North Texas,WR-X,WR,label,WR,OFF,6,Lathon Latiolais,FR,False,False,12.0
Georgia,DE,EDGE,label,EDGE,DEF,6,AJ Lonon Jr.,FR,False,False,9.0
North Texas,LDE,EDGE,label,,DEF,6,Jerious Singletary,FR,False,False,9.0
North Carolina,WLB,LB,label,LB,DEF,6,Calvin Thomas,FR,False,False,9.0
North Texas,RB,RB,label,RB,OFF,6,Keenan Jackson Jr.,SO,False,False,6.0
Iowa State,LDE,EDGE,label,EDGE,DEF,6,Jake Jones,FR,False,False,9.0
Alabama,DE,EDGE,label,EDGE,DEF,6,Malique Franklin,FR,False,False,6.0
Missouri,RB,RB,label,RB,OFF,6,Preston Hatfield,FR,False,False,6.0
Missouri,DE,EDGE,label,EDGE,DEF,6,Cavan Tuley,SR,False,False,10.0
Georgia,NT,DT,label,DT,DEF,6,Preston Carey,FR,False,False,9.0
Oklahoma,WR-X,WR,label,WR,OFF,6,Jayden Petit,FR,False,False,12.0
Alabama,RB,RB,label,RB,OFF,6,Khalifa Keith,SR,False,False,6.0
North Carolina,WR-X,WR,label,WR,OFF,6,Keeyun Chapman,FR,False,False,12.0
North Carolina,RG,IOL,label,,OFF,6,Anthony Hall,FR,False,False,15.0
Washington,TE,TE,label,TE,OFF,6,Kekua Aumua,,False,False,6.0
Auburn,WLB,LB,label,LB,DEF,6,William Grier McDuffie,SO,False,False,10.0
Iowa State,RCB,CB,label,CB,DEF,6,Tyrone Cotton III,FR,False,True,8.0
North Carolina,TE,TE,label,TE,OFF,6,Dream Rashad,FR,False,False,6.0
Ball State,WR-X,WR,label,WR,OFF,6,Ace Cooper,FR,False,False,12.0
UConn,TE,TE,label,TE,OFF,6,Jackson Mangham,FR,False,False,6.0
Jacksonville State,RB,RB,label,RB,OFF,6,Maurice Winston,FR,False,False,6.0
Jacksonville State,MLB,LB,label,LB,DEF,6,Jameson McCollough,FR,False,False,9.0
Jacksonville State,DE,EDGE,label,EDGE,DEF,6,Jermaine Waters Jr.,FR,False,False,9.0
UConn,LDE,EDGE,label,EDGE,DEF,6,Mateo Kipke,FR,False,False,9.0
Auburn,TE,TE,label,TE,OFF,6,DJ Broughton Jr.,FR,False,False,6.0
Jacksonville State,LG,IOL,label,,OFF,6,Kendarius Blair,FR,False,False,17.0
Georgia,RG,IOL,label,,OFF,6,Zach Lewis,FR,False,False,18.0
North Carolina,RCB,CB,label,,DEF,6,Jaden Jefferson,FR,False,False,9.0
Jacksonville State,RB,RB,label,RB,OFF,7,Cedric Kouemi,FR,False,False,7.0
Jacksonville State,DE,EDGE,label,EDGE,DEF,7,Austin Bouck,FR,False,False,10.0
Ball State,WR-X,WR,label,WR,OFF,7,Tayshon Bardo,FR,False,False,13.0
Oklahoma,RDE,EDGE,label,EDGE,DEF,7,James Carrington,FR,False,False,9.0
Oklahoma State,LDE,EDGE,label,EDGE,DEF,7,Rashod Bradley,JR,False,True,10.0
San José State,TE,TE,label,TE,OFF,7,Braiden Bachich-Dixon,FR,False,True,5.0
Arizona State,RB,RB,label,RB,OFF,7,Marquis Gillis,,False,False,7.0
Iowa State,RB,RB,label,RB,OFF,7,Gabriel Wilson,FR,False,False,7.0
South Alabama,EDGE,EDGE,label,LB,DEF,7,Xavious Anderson Jr.,FR,False,False,8.0
LSU,WR-Z,WR,label,WR,OFF,7,Jabari Mack,FR,False,False,12.0
Jacksonville State,MLB,LB,label,LB,DEF,7,Brayden Matthews,FR,False,False,10.0
Louisiana Tech,RB,RB,label,RB,OFF,7,Demarcus Belton,FR,False,False,7.0
San José State,RB,RB,label,RB,OFF,7,Sir Autry,FR,False,True,4.0
Tennessee,DE,EDGE,label,EDGE,DEF,7,CJ Edwards,FR,False,False,11.0
UConn,LDE,EDGE,label,EDGE,DEF,7,Rodarion Tellez,FR,False,False,10.0
Alabama,RUSH,EDGE,bio,EDGE,DEF,7,Corey Howard Jr.,FR,False,False,7.0
Georgia,TE,TE,label,TE,OFF,7,Colton Heinrich,SO,False,True,7.0
Georgia,JACK,EDGE,default,,DEF,7,Isaiah Gibson,FR,False,True,10.0
North Carolina,WLB,LB,label,LB,DEF,7,Jayden Griffin-Haynes,FR,False,False,10.0
North Carolina,LG,IOL,label,,OFF,7,Dujuan Davis,FR,False,False,16.0
Jacksonville State,LG,IOL,label,,OFF,7,William Hathcock,FR,False,False,18.0
Oklahoma State,RDE,EDGE,label,EDGE,DEF,8,Landon Dean,SR,False,True,11.0
Jacksonville State,MLB,LB,label,LB,DEF,8,Tre'Von Pringle,FR,False,False,11.0
Oklahoma,RDE,EDGE,label,EDGE,DEF,8,Jake Kreul,FR,False,False,10.0
North Carolina,LG,IOL,label,,OFF,8,Will Conroy,FR,False,False,17.0
Georgia,DE,EDGE,label,EDGE,DEF,8,Khamari Brooks,FR,False,False,11.0
Jacksonville State,LG,IOL,label,,OFF,8,Will Cooper,FR,False,False,19.0
Jacksonville State,LG,IOL,label,,OFF,9,Vern Faulk,FR,False,False,20.0
